Nome Attività,Categoria,Sito Web,Telefono,Indirizzo,Comune,Provincia,Email,Protocollo,Tecnologia,Cookie Banner,Hosting Provider,Mobile Performance,Desktop Performance,Punteggio SEO,Disponibilità Sito,Stato Manutenzione
Carabinieri Ex Comando Stazione Acquaviva Platani,Arma dei Carabinieri,,0934 953052,"Via Paolo Emiliani Giudici, 115",Acquaviva Platani,,,,,,,,,,,
Autonoleggio Abc,Agenzia di noleggio auto,,366 371 5342,"Via Termini, 24",Lentini,,,,,,,,,,,
SIXT Noleggio Auto Reggio Calabria Aeroporto,Agenzia di noleggio auto,,02 9475 7979,"Aeroporto dello Stretto Tito Minniti, Via Ravagnese, 11",Reggio di Calabria,,,,,,,,,,,
Aci Delegazione Di Giuliano Salvo,Ufficio patenti,,0935 699104,"Via Giacomo Ferreri Notaio, 9",Gagliano Castelferrato,,,,,,,,,,,
Carabinieri Comando Stazione Fiumedinisi,Arma dei Carabinieri,,0942 771000,Via Fiume,Fiumedinisi,,,,,,,,,,,
Gz RENT CAR,Agenzia di noleggio auto,,333 806 3096,"Via Pietro Nenni, 149",Casteldaccia,,,,,,,,,,,
DRIVALIA Mobility Store,Agenzia di noleggio auto,,0931 60382,"Via Necropoli del Fusco, 11",Siracusa,,,,,,,,,,,
AUTOFFICINA-CARROZZERIA-NOLEGGIO AUTO-SOCCORSO STRADALE-ATO LINE di MIRENDA ALESSANDRO e C. s.n.c.,Officina autoriparazioni,,0921 642271,"Via Claudio Domino, 26",Castellana Sicula,,,,,,,,,,,
Autonoleggio Gentile,Agenzia di noleggio auto,http://www.autonoleggiogentile.it/,338 489 9405,"Via Moncenisio, 12",Barrafranca,,,http,ASP.NET,No,Aruba S.p.A. Network,91,98,92.00,Sì,No
Sicily by Car Autonoleggio Città di Messina,Agenzia di noleggio auto,,090 240 1364,"Via Vittorio Emanuele II, 7",Messina,,,,,,,,,,,
Mega Service S.R.L.,Agenzia di noleggio auto,,0924 202554,Contrada Canalotto,Castelvetrano,,,,,,,,,,,
Semida Autonoleggio,Agenzia di noleggio auto,https://www.fmdsoccorsostradale.it/,0941 34670,Via Dante Alighieri,Falcone,,fmd.semidasoccorso@gmail.com,https,Shopify,No,Netsons s.r.l.,70,75,100.00,Sì,No
Europcar Lecce,Agenzia di noleggio auto,,0832 230054,S.p. 23 Lecce-cavallino,Lecce,,,,,,,,,,,
BRUCCOLA RENT CAR,Agenzia di noleggio auto,https://www.bruccolarent.com/,327 785 0597,"Via Frassinelli e Mulini.8 Contrada San Giovanni , 90045 CINISI, Via Frassinelli e Mulini, 8",Monreale,,bruccolarent@gmail.com,https,WordPress,Sì,Google LLC,69,93,100.00,Sì,No
NOLEGGIO AUTO E SCOOTER CARROZZI,Agenzia di noleggio auto,,0832 851276,Via Lecce,Vernole,,,,,,,,,,,
Iannello Lucio - Grupama,Agenzia di assicurazioni,,0921 561107,"Via Chiusa Alvani, 23",Bompietro,,,,,,,,,,,
Autonoleggio Liprino,Agenzia di noleggio auto,,329 614 0835,"Via Comunale Barranca, 4",Acquedolci,,,,,,,,,,,
Vip Car Autonoleggio Adriana Kolonyova,Agenzia di noleggio auto,,333 812 5077,"Contrada, Via Monaci, 5",Sant'Agata di Militello,,,,,,,,,,,
Sicily by Car Autonoleggio Città di Giardini Naxos,Agenzia di noleggio auto,,0942 54045,"Via Recanati, 21",Giardini-Naxos,,,,,,,,,,,
Noleggio Auto Car & Services srls,Agenzia di noleggio auto,https://www.car-servicessrls.it/,347 810 0505,"Via Sbarre Centrali, 337",Reggio di Calabria,,info@car-servicessrl.it,https,Angular,Sì,One.com A/S,60,92,100.00,Sì,No
Dal 1957 Fratelli Barba,Agenzia funebre,https://www.fratellibarba.net/necrologi,338 549 5745,"Via Vittorio Emanuele III, 49",Acquaviva Platani,,,https,React,No,Google LLC,59,95,83.00,Sì,No
Many Services SRL.S,Agenzia di noleggio auto,,391 469 9130,"Via Camillo Benso Conte di Cavour, 36",Carlentini,,,,,,,,,,,
Sicily by Car Autonoleggio Aeroporto di Palermo,Agenzia di noleggio auto,,091 591250,Località Cinisi,Punta Raisi,,,,,,,,,,,
NoleggioRentalCarsB&G di Budonaro Giovanni,Agenzia di noleggio auto,https://noleggiorentalcarsbg.com/,389 539 5981,"Via XXV Aprile, 113",Augusta,,noleggiorentalcarsbg@gmail.com,https,React,Sì,Netsons s.r.l.,80,98,100.00,Sì,No
A.L. Autonoleggio,Agenzia di noleggio auto,https://www.alautonoleggio.com/,371 593 1701,"Via Principe di Piemonte, 284",Fiumefreddo di Sicilia,,antoniolizzio06@icloud.com,https,Shopify,Sì,Aruba S.p.A. Network,70,98,100.00,Sì,No
Europcar Palermo Stazione Ferroviaria - Notarbartolo,Agenzia di noleggio auto,,091 301825,"P.zza M.boiardo, Via Umberto Giordano",Palermo,,,,,,,,,,,
Dream Rent Stazione Centrale - Noleggio Auto e Scooter - Rent Car and Scooter,Agenzia di noleggio auto,https://dreamrent.info/,388 482 8482,"Via Gorizia, 14",Palermo,,dreamrentoffice@gmail.com,https,WordPress,Sì,Server Plan S.r.l.,63,84,92.00,Sì,No
Risparmia RCA facile,Agenzia di assicurazioni,,0925 952656,"Via Colonnello Vita, 27",Caltabellotta,,,,,,,,,,,
Carabinieri Comando Stazione Baucina,Arma dei Carabinieri,,091 829 2016,Via Palermo,Baucina,,,,,,,,,,,
D'Angelo Noleggi,Agenzia di noleggio auto,,392 030 2749,"Via F. S. Cavallari, 6",Castelvetrano,,,,,,,,,,,
Autoservizi Di Midili Giuseppe Maria & C. Sas,Agenzia di noleggio auto,,090 993 1730,"Via Luigi Pirandello , località Cardà",Roccavaldina,,,,,,,,,,,
Cristina S.r.l.,Servizio di traino,http://www.cristinasrl.com/,0933 22066,"Via Fontanelle, 50",Caltagirone,,,https,WordPress,Sì,Aruba S.p.A,45,85,92.00,Sì,No
Locauto,Agenzia di noleggio auto,,091 685 0991,"Via Umberto Giordano, 8",Palermo,,,,,,,,,,,
Helios Noleggio & Pratiche Auto,Agenzia pratiche auto e barche,https://www.autonoleggiohelios.it/,327 551 5180,"Via Giuseppe Mazzini, 27",Gioiosa Marea,,,https,Joomla,No,One.com A/S,57,71,85.00,Sì,No
Auto Click - Noleggio Auto,Agenzia di noleggio auto,,328 949 3524,"Via IV Novembre, 6",Campobello di Licata,,,,,,,,,,,
Auto In Rent,Agenzia di noleggio auto,https://www.autoinrentpalermo.it/,335 194 7841,"Via F. Petrarca, 42",Palermo,,autoinrent.maurizio@gmail.com,https,Joomla,Sì,Aruba S.p.A. Network,54,82,100.00,Sì,No
Autonoleggio Sa.Da Tours,Agenzia di noleggio auto,,335 683 5923,"Via Papa Montini, 21",Piazza Armerina,,,,,,,,,,,
Farmer Soc. Coop. Noleggio Con Conducente Noleggio Auto Transfer Trapani Castelvetrano,Servizio taxi,,328 664 7200,"Via Vittorio Emanuele, 58",Castelvetrano,,,,,,,,,,,
M.A.L.G.O. Autonoleggio Senza Carta Di Credito Vendita Auto Nuovo Ed Usate,Agenzia di noleggio auto,,351 974 6721,"Via Principe di Piemonte, 127",Fiumefreddo di Sicilia,,,,,,,,,,,
Noleggio auto economica Palermo e provincia.,Agenzia di noleggio auto,https://autonoleggiodifalco.it/,348 268 0126,"Contrada Schettino, 9",Casteldaccia,,amministrazione@pec.s4u.it,https,Shopify,Sì,Aruba S.p.A. Network,61,94,100.00,Sì,No
AUTONOLEGGIO Catania rent car di Salvo Mirabella noleggio auto moto scooter furgoni auto 7posti,Agenzia di noleggio auto,,331 454 2523,"Via Carlo Forlanini, 118",Catania,,,,,,,,,,,
Europcar Catania,Agenzia di noleggio auto,,095 434513,"Corso delle Province, 79/81",Catania,,,,,,,,,,,
Autonoleggio Leone,Agenzia di noleggio auto,,324 849 5207,"Via Domenico fragalò, 12",Castelvetrano,,,,,,,,,,,
Autonoleggio di Andrea Nocera,Agenzia di noleggio auto,https://www.nocerarent.com/,328 679 1714,"Via Belgio, 3",San Giovanni Gemini,,info@nocerarent.com,https,React,Sì,Aruba S.p.A. Network,45,77,100.00,Sì,No
LG TRAVEL - Agenzia di Viaggi & T.O.,Agenzia viaggi,,379 123 5117,"Piazza Triona, 11",Bisacquino,,,,,,,,,,,
Carabinieri Comando Stazione Aliminusa,Arma dei Carabinieri,,091 899 7480,"Corso Generale Grisanti, 84",Aliminusa,,,,,,,,,,,
Viaggi Alessio,Agenzia di noleggio auto,https://www.viaggialessio.it/,328 161 2529,"VIA CASE SPARSE, 29",Cavallino,,,https,Shopify,No,Server Plan S.r.l.,86,100,100.00,Sì,No
Ibla Rent Car,Agenzia di noleggio auto,,347 327 2700,"Via Campo dei Fiori, 16",Paternò,,,,,,,,,,,
Noleggio auto per matrimoni Catania e provincia,Agenzia di noleggio auto,,392 408 6775,"Via Battiati, 9",Adrano,,,,,,,,,,,
SALICI RENT CAR senza carta di credito,Agenzia di noleggio auto,,342 999 9827,"Via Galermo, 241",Catania,,,,,,,,,,,
Etna Rent,Agenzia di noleggio auto,http://www.taorminarent.it/,0942 51972,"Via Dalmazia, 8",Giardini Naxos,,johndoe@domain.com,https,ASP.NET,No,VHosting,62,85,100.00,Sì,No
Europcar Augusta,Agenzia di noleggio auto,,0931 994847,"Via XIV Ottobre, 47",Augusta,,,,,,,,,,,
Autonoleggio Di Grigoli,Agenzia di noleggio auto,https://www.autonoleggiodigrigoli.it/,348 760 5012,"Via Campania, 35",Cammarata,,digrigoliauto@gmail.com,http,Joomla,No,Aruba S.p.A.,62,71,92.00,Sì,No
Felirent Palermo,Agenzia di noleggio auto,https://www.felirent.it/,091 870 1414,"Via Nazionale, 17",Cinisi,,reservations@felirent.it,https,React,No,Google LLC,56,87,100.00,Sì,No
Europcar Cefalù,Agenzia di noleggio auto,,0921 923801,"Via Maestro Pintorno, 11",Cefalù,,,,,,,,,,,
Carabinieri Comando Stazione Castiglione di Sicilia,Arma dei Carabinieri,,0942 984000,Via S. Francesco,Castiglione di Sicilia,,,,,,,,,,,
Brid Rent,Agenzia di noleggio auto,https://www.bridrent.it/,389 312 2934,"Aeroporto internazionale Falcone e Borsellino di Palermo, Via Nazionale, 3",Punta Raisi,,info@bridrent.it,https,Shopify,No,Aruba S.p.A.,56,76,100.00,Sì,No
Discovery Madonie s.a.s.,Agenzia viaggi,,320 146 4563,"Via Fonti di Camar, 73",Castelbuono,,,,,,,,,,,
Studio Castelbuono di Macaluso Salvatore,Agente immobiliare,,0921 679009,"Via Vittorio Emanuele, 54",Castelbuono,,,,,,,,,,,
AB EXCLUSIVE,Agenzia di noleggio auto,http://www.abexclusive.it/,392 404 0131,"Via di Benedetto, 15",Partinico,,abexclusive@virgilio.it,http,React,No,Aruba S.p.A. Network,50,42,82.00,Sì,No
Carabinieri Comando Stazione Castelbuono,Arma dei Carabinieri,,0921 671111,"Via Principe Umberto, 12",Castelbuono,,,,,,,,,,,
Glamping Sicily,Agenzia di affitto di case per vacanze,,0942 620673,"Via S. Antonio Vecchio, 20",Castiglione di Sicilia,,,,,,,,,,,
Agenzia D’ Alba,Ufficio patenti,,327 636 2835,"Via Sandro Pertini, 141",Ficarazzi,,,,,,,,,,,
Unipolsai Bonomo,Agenzia di assicurazioni,,0921 679622,"Via Geraci, 181",Castelbuono,,,,,,,,,,,
Grannies on the Road,Agenzia di noleggio auto,http://www.granniesontheroad.it/,327 205 9505,"Via IV Novembre, 69",Aci Catena,,info@granniesontheroad.it,https,WordPress,No,Aruba S.p.A.,46,82,100.00,Sì,No
OK Mobility - Aeroporto Catania,Agenzia di noleggio auto,https://okmobility.com/it/rent/stores/italia/catania/aeroporto-catania?utm_campaign=GMB_AeropuertoCatania&utm_medium=organic&utm_source=gmb,06 5326 2388,"Via Fontanarossa, 20",Catania,,,https,React,No,"Amazon.com, Inc.",27,43,85.00,Sì,No
Musumarra Rental Car,Agenzia di noleggio auto,http://musumarrarentalcar.it/,0931 511111,"Viale Italia, 262",Augusta,,,https,Shopify,Sì,Google LLC,53,77,100.00,Sì,No
LAGRUA ASSICURAZIONI E SERVIZI DI LA GRUA FABRIZIO,Agenzia di assicurazioni,,0921 677186,"Via Sant'Anna, 11/1°PIANO",Castelbuono,,,,,,,,,,,
Garibaldi Rental Car Autonoleggio,Agenzia di noleggio auto,http://www.garibaldirentalcar.com/,095 086 0885,"Via Giuseppe Garibaldi, 115",Catania,,,https,React,No,Aruba S.p.A. Network,60,92,91.00,Sì,No
FG Rental Car,Agenzia di noleggio auto,https://www.fgrentalcar.it/,366 155 6086,"Via Giovanni Cimabue, 41",Palermo,,info@fgrentalcar.it,https,WordPress,Sì,Sconosciuto,59,72,92.00,Sì,No
CarMotion Palermo DT,Agenzia di noleggio auto,http://www.carmotion.it/,091 609 0788,"Via Francesco Crispi, 250",Palermo,,info@carmotion.it,https,WordPress,Sì,Aruba S.p.A. Network,68,91,77.00,Sì,No
King Car Autonoleggio - Soccorso Stradale,Agenzia di noleggio auto,,348 602 1878,"Via XII Traversa, 92",Belpasso,,,,,,,,,,,
the king of car aci,Agenzia di noleggio auto,,095 836 3267,"Via Vittorio Emanuele, 153",Aci Catena,,,,,,,,,,,
La Paglia Salvatore,Negozio di elettronica,,091 829 3558,"Corso Umberto I, 243",Ciminna,,,,,,,,,,,
CASSATA MICHELE Groupama Assicurazioni,Agenzia di assicurazioni,,091 820 4566,"Corso Umberto I, 34",Ciminna,,,,,,,,,,,
Movee Rent - Noleggio a breve e medio termine a Palermo,Agenzia di noleggio auto,https://www.movee.it/,091 747 6624,"V.le Croce Rossa, 122",Palermo,,info@movee.it,https,Sanity.io,Sì,"Amazon.com, Inc.",86,95,100.00,Sì,No
Kappacar Autonoleggio auto e furgoni,Agenzia di noleggio auto,,348 422 5167,"Piazza Giacomo Matteotti, 75",Castelvetrano,,,,,,,,,,,
Bringo Car Rental,Agenzia di noleggio auto,http://www.bringocarrental.com/,338 434 6854,SS 113 Settentrionale Sicula,Cinisi,,,https,WordPress,Sì,Google LLC,61,81,85.00,Sì,No
L'Automax rent car,Agenzia di noleggio auto,https://lautomaxrentcar.com/,351 556 5742,"Via Impastato Peppino, snc",Cinisi,,info@lautomaxrentcar.it,https,React,No,Hetzner Online GmbH,28,61,82.00,Sì,No
Antony's Cars,Agenzia di noleggio auto,https://www.antonyscars.com/,393 759 0846,"Via Pasteria, 27",Calatabiano,,,https,WordPress,No,Google LLC,70,93,85.00,Sì,No
gl rent car catania,Agenzia di noleggio auto,https://glrentcarcatania.it/,351 735 4273,"Via Padova, 8",Catania,,info@glrentcarcatania.it,https,WordPress,Sì,Google LLC,68,99,100.00,Sì,No
"Easyrent - Noleggio Auto, NCC, Transfer",Agenzia di noleggio auto,https://www.easyrent.it/,091 848 8081,Lungomare Cristoforo Colombo,Termini Imerese,,,https,Joomla,Sì,Netsons Network,65,86,92.00,Sì,No
EffeviAuto Trasparenza senza sorprese,Rivenditore di auto,http://www.effeviauto.it/,338 175 1784,"Via Plutarco, 22",Castelvetrano,,info@effeviauto.it,https,Shopify,Sì,Hostinger,50,64,92.00,Sì,No
Concessionaria Auto BF Motors Caltagirone,Rivenditore di auto,http://concessionari.autoscout24.it/bf-motors,0933 27068,"Via Santa Maria di Gesù, 132",Caltagirone,,,,ASP.NET,Non trovato,Amazon Technologies Inc.,63,92,83.00,No - Pagina Non Trovata (404),No
Halter Hego Di Monastra Giuseppe,Bar caffè,,328 732 1587,Via Pietro Nenni,Assoro,,,,,,,,,,,
Agenzia Funebre Maria Ss. dei F.lli Grisafi,Servizio di ambulanza,,339 761 6792,"Via Roma, 188",Caltabellotta,,,,,,,,,,,
NANTISTA viaggi - NANTISTA rent a car,Servizio taxi,http://www.nantistaviaggi.it/,340 348 6355,"VIA AGRIGENTO, Via S. Giovanni Bosco, 4",Castellana Sicula,,,https,WordPress,No,Hostinger,61,89,92.00,Sì,No
Auto cerimonia,Agenzia di noleggio auto,,324 555 6812,"Via Scale Sant'Antonio, 49",Aci Catena,,,,,,,,,,,
Immobiliare Castelbuono Di A. Campo,Agente immobiliare,http://www.immobiliarecampo.it/,0921 671382,"Via Umberto I, 36",Castelbuono,,info@immobiliarecampo.it,http,WordPress,No,Aruba S.p.A.,57,51,92.00,Sì,No
Noleggio Facile Senza Carta di Credito,Agenzia di noleggio auto,,320 418 8812,"Fondo la Manna, 48",Palermo,,,,,,,,,,,
Autolavnoleggio La Madonnina,Agenzia di noleggio auto,,347 591 6852,"Via Nicolosi, 42",Belpasso,,,,,,,,,,,
Comando Stazione Carabinieri Caccamo,Arma dei Carabinieri,,091 812 1852,"Via De Gasperi, 2",Caccamo,,,,,,,,,,,
Sicilcar - noleggio auto a Messina,Agenzia di noleggio auto,http://www.sicilcar.net/,090 46942,"Via G. Garibaldi, 187",Messina,,info@sicilcar.net,https,WordPress,Sì,Keliweb S.R.L,56,72,100.00,Sì,No
Autonoleggio Con Conducente,Agenzia di noleggio auto,,329 621 2587,"Via Roma, 24",Lascari,,,,,,,,,,,
Autonoleggio con conducente Proietto,Agenzia di noleggio auto,,328 817 0963,"Via Taormina, 27",Leonforte,,,,,,,,,,,
i Pargoli di Cetty,Negozio di articoli per bambini,,0921 676666,"Via Fonti di Camar, 31",Castelbuono,,,,,,,,,,,
L'Automax Srl,Rivenditore di auto usate,,095 764 4719,"Circonvallazione Paolo Russo Basile, 15",Aci Catena,,,,,,,,,,,
Di Bella Viaggi Sas Di Orazio Di Bella & Co,Agenzia di noleggio auto,http://www.dibellaviaggi.it/,095 646393,"Via Stazione, 1",Calatabiano,,,https,Joomla,No,Netsons,47,72,83.00,Sì,No
PIANETA NOLEGGI S.R.L.,Agenzia di noleggio auto,,348 736 4229,"Viale della Regione Siciliana Nord Ovest, 7260",Palermo,,,,,,,,,,,
Centro Auto Augetto - Vendita e Noleggio Auto a Termini Imerese,Rivenditore di auto,,324 888 0011,Contrada Canne Masche,Agglomerato Industriale,,,,,,,,,,,
Egi Auto di Eugenio Franco,Concessionario auto,,0921 679090,"Contrada fiumara, SS286",Castelbuono,,,,,,,,,,,
GP AUTONOLEGGIO - CATANIA,Agenzia di noleggio auto,https://www.gpautonoleggio.com/,342 931 4866,"Via S. Giuseppe Al Duomo, 32",Catania,,gpautonoleggio@gmail.com,https,Shopify,Sì,Google LLC,48,65,91.00,Sì,No
CriRent,Agenzia di noleggio auto,https://www.crirent.com/,340 546 3947,"Presso AUTOSTAZIONE, Viale Sicilia",Caltagirone,,help@crirent.com,https,Joomla,No,Aruba S.p.A.,55,73,92.00,Sì,No
Sicily by Car Sede Amministrativa e Commerciale,Agenzia di noleggio auto,,091 639 0111,"Via Cinisi, 3",Carini,,,,,,,,,,,
S.F.C Rent Car senza carta di credito,Agenzia di noleggio auto,,375 616 1892,"Via Palermo, 26",Catania,,,,,,,,,,,
Multi Rental Car,Agenzia di noleggio auto,https://www.multirentalcar.it/,329 647 3387,"Via Roma, 6",Saponara,,multirentalcar@gmail.com,https,Shopify,No,Aruba S.p.A.,68,97,92.00,Sì,No
Gentile Pietro,Agenzia di assicurazioni,,0921 677245,"Via Vittorio Emanuele, 14",Castelbuono,,,,,,,,,,,
°Lux Car° - Auto per Cerimonie ed Eventi,Agenzia di noleggio auto,,333 959 2782,"Via Consolare, 23",Bagheria,,,,,,,,,,,
Sam Car S.r.l.,Rivenditore di auto usate,https://www.subito.it/utente/400833,091 829 1305,Contrada Passo Dei Greci,Cefalà Diana,,,https,React,No,"Akamai Technologies, Inc.",56,80,50.00,Sì,No
Mygolday,Agenzia turistica sportiva,https://www.mygolday.com/,327 604 0829,"Via Pozzo, 77",Aci Catena,,,https,React,No,Google LLC,85,96,92.00,Sì,No
Quad - il castello,Agenzia di noleggio moto,,388 040 0793,Via Dante Alighieri,Novara di Sicilia,,,,,,,,,,,
King Car S.r.l.,Rivenditore di auto,https://www.subito.it/utente/107765185,329 602 3897,"CONTRADA SAN LORENZO, SNC",Cefalà Diana,,,https,React,No,"Akamai Technologies, Inc.",66,72,50.00,Sì,No
Sprint Car Noleggio Auto e Furgoni Senza Carta di Credito,Agenzia di noleggio auto,https://www.sprintcarautonoleggiocatania.it/,345 243 5859,"Via S. Paolo, 3",Catania,,autonoleggiosprintcar@hotmail.com,https,WordPress,No,Aruba S.p.A.,56,48,100.00,Sì,No
Autonoleggio a Enna | Calcagno,Agenzia di noleggio auto,https://www.fratellicalcagnoauto.it/,339 616 5760,C.da Mandrascate km 10 snc,Enna,,fratellicalcagnoauto@gmail.com,https,React,No,Servereasy Srl,59,88,100.00,Sì,No
Durso autonoleggio senza carta di credito,Agenzia di noleggio auto,https://www.autonoleggiodurso.it/,095 810 1286,"Presenti anche in Aeroporto fontanarossa Catania...(Presso parcheggio Vip Car Park, Sede legale, Via Vittorio Emanuele II, 289",Catania,,info@autonoleggiodurso.it,https,Joomla,Sì,Google LLC,22,36,100.00,Sì,No
Dema Noleggio,Agenzia di noleggio auto,https://demaparkenolo.it/,351 138 0625,"Via Nicola Carnevale, 10",Acquaviva delle Fonti,,info@demaparkenolo.it,https,WordPress,No,IT.Gate S.p.A.,66,87,92.00,Sì,No
Dovo Adventures,Agenzia per escursioni,,348 998 3501,Piazza XI Febbraio,Castiglione di Sicilia,,,,,,,,,,,
Autoscuola Guercio,Autoscuola,,091 783 5119,"Via Dante, 43",Caccamo,,,,,,,,,,,
Ufficio Di Collocamento,Agenzia per il lavoro,,0921 384021,"Contrada Cuba, 1",Castel di Lucio,,,,,,,,,,,
Gio Digital Marketing di Giorgio Saso,Agenzia di marketing,https://www.giodigitalmarketing.it/,346 629 3461,"Corso Umberto I, 227",Caccamo,,,https,React,No,Google LLC,65,94,75.00,Sì,No
Dfviaggi Autonoleggio,Agenzia di noleggio auto,,0922 917797,"Via Roma, 24",Casteltermini,,,,,,,,,,,
Classic Car Gambino,Agenzia di noleggio auto,http://www.classiccargambino.it/,389 549 2382,"Via Messina Marine, 365",Palermo,,info@classiccargambino.it,https,React,Sì,Hetzner Online GmbH,48,72,92.00,Sì,No
Pro Service And More Noleggio,Agenzia di noleggio auto,,329 316 9969,"Via Alessandro Manzoni, 90",Agrigento,,,,,,,,,,,
Musica e Arte SRLS Barreca Giuseppe,Negozio di strumenti musicali,https://www.musicaearte.biz/,0921 673156,"Via S. Nicolò, 5",Castelbuono,,info@musicaearte.biz,https,Angular,No,Aruba S.p.A. Network,50,68,85.00,Sì,No
Si Viaggiare Noleggio Auto & Apartments,Agenzia di noleggio auto,https://www.siviaggiare.biz/,091 890 1963,"Via Grata 49, Via Cartari, 3",Partinico,,info@siviaggiare.biz,https,WordPress,Sì,Google LLC,60,67,92.00,Sì,No
Carabinieri Comando Stazione Campofelice di Fitalia,Arma dei Carabinieri,,091 820 0009,Via Trieste,Campofelice di Fitalia,,,,,,,,,,,
Impresa Di Consulenza Automobilistica Di Tantuccio Nivea Maria,Ufficio patenti,,095 784 2457,"Via Corsica, 23",Francofonte,,,,,,,,,,,
Autoscuola Virzi Antonello,Autoscuola,https://www.autoscuolavirzi.it/,0935 620600,"Via Pietro Nenni, 204",Assoro,,,https,React,No,Google LLC,60,91,100.00,Sì,No
Eurent car,Agenzia di noleggio auto,https://www.eurentcar.it/,091 785 1794,"Via Montecarlo, 7",Palermo,,booking@eurentcar.it,https,Angular,No,Server Plan S.r.l.,67,89,92.00,Sì,No
WTAgroConsultant,Agenzia di certificazione,,333 983 0293,"Via Francesco Giarrusso, 26",Francofonte,,,,,,,,,,,
Carige Assicurazioni,Agenzia di assicurazioni,https://www.hdiassicurazioni.it/,0921 672380,"Piazza Castello, 10",Castelbuono,,richiestadicontatto@hdia.it,https,ASP.NET,No,Fastweb Networks,39,56,92.00,Sì,No
Alessi & Messina S.R.L.,Rivenditore di auto,https://www.alessicaltagirone.it/,0933 22068,Via Fontanelle,Caltagirone,,,https,Shopify,No,Hetzner Online GmbH,60,67,85.00,Sì,No
Centro Miniauto S.R.L.,Rivenditore di auto,https://minicarfavara.it/,0922 31443,"Via Francia, 18",Favara,,centrominiautofavara@gmail.com,https,Shopify,Sì,"DigitalOcean, LLC",71,79,100.00,Sì,No
Gocar - Noleggio Auto a Lungo Termine Catania,Agenzia di noleggio auto,https://www.gocarcatania.it/,095 468 4624,"Via S. Giuseppe Alla Rena, 19/A",Catania,,commerciale@gocarsolution.it,https,Shopify,Sì,Sconosciuto,65,64,77.00,Sì,No
AGcars Favara,Rivenditore di auto,,327 791 2142,SP3,Favara,,,,,,,,,,,
Alcantara Travel,Agenzia viaggi,http://www.alcantaratravel.it/,366 540 3602,Via sottotenente mazza,Castiglione di Sicilia,,info@alcantaratravel.it,https,Shopify,Sì,Aruba S.p.A. Network,60,76,92.00,Sì,No
Noleggio Sabe srl (Furgoni-auto-scooter-veicoli 9 posti),Agenzia di noleggio auto,,346 541 3006,"Viale Leonardo Sciascia, 35/a",Agrigento,,,,,,,,,,,
Noleggio auto e scooter di Piero Longo Campofelice di Roccella,Agenzia di noleggio auto,http://www.noleggioautodipierolongo.it/,338 874 0767,"n°12, Via Madonnina di Gibilmanna, Via Madonnina Di Gibilmanna, 12",Campofelice di Roccella,,longopiero63@libero.it,https,Joomla,No,Serverplan,65,94,92.00,Sì,No
Low Cost Autonoleggio,Agenzia di noleggio auto,,0922 607500,"Via Dante Alighieri, 200",Agrigento,,,,,,,,,,,
I Viaggi Di Miriana,Agenzia viaggi,,095 948633,"Via Giuseppe Verdi, 12",Francofonte,,,,,,,,,,,
FA.ST. Agenzia di Noleggio Auto e Furgoni,Agenzia di noleggio auto,https://www.fastsrlfg.it/,324 552 1335,"Via di S. Giuliano, 41",Foggia,,info@fastsrlfg.it,https,Joomla,No,Aruba S.p.A.,97,100,100.00,Sì,No
ViMa autonoleggio Agrigento,Agenzia di noleggio auto,,0922 595024,"Piazza Giuseppe Sinatra, 1",Agrigento,,,,,,,,,,,
Carrozzeria Stefanio Di Maria,Carrozzeria,http://www.carrozzeriastefaniodimaria.it/,328 489 9184,"Via Rimini, 4",Carini,,,http,WordPress,No,Sconosciuto,66,78,77.00,Sì,No
CG Auto SRL,Agenzia di noleggio auto,http://www.cgautosrl.it/,347 810 7790,"Via Filocomo, 16",Catania,,cgautosrl@gmail.com,https,ASP.NET,No,Fasthosts Internet Ltd,59,85,85.00,Sì,No
Elisa Top Cars Alcamo,Agenzia di noleggio auto,http://www.elisatopcars.it/,331 133 3370,"SS 113, Contrada Triolo",Alcamo,,,http,React,No,Aruba S.p.A. Network,56,62,100.00,Sì,No
SRC Sicily Rent Car Palermo Porto,Agenzia di noleggio auto,https://www.sicilyrentcar.it/?utm_source=google&utm_medium=mybusiness&utm_campaign=palermo_porto,091 203374,"Via Francesco Crispi, 122",Palermo,,booking@srcrentcar.com,https,WordPress,Sì,Aruba S.p.A.,56,71,85.00,Sì,No
Agenzia Consulenza Automobilistica Rini Concetta,Agenzia pratiche auto e barche,,091 812 1554,"Via Pirandello, 21",Caccamo,,,,,,,,,,,
Pavia Car,Rivenditore di auto,https://www.paviacarcastelvetrano.it/auto,391 395 9588,"Via Redipuglia, 21",Castelvetrano,,info@paviacarcastelvetrano.it,https,ASP.NET,No,OVH SAS,37,85,75.00,Sì,No
EuropMoto Rent - Noleggio Auto Moto e Scooter - Via Mariano Stabile,Agenzia di noleggio moto,https://www.europmotorent.com/,334 945 8306,"Via Mariano Stabile, 52",Palermo,,europmotorent@libero.it,https,WordPress,Sì,Server Plan S.r.l.,60,76,85.00,Sì,No
Noleggio Auto e Furgoni Maggiore AmicoBlu - Lecce,Agenzia di noleggio auto,,0832 300184,"Via Taranto, 76",Lecce,,,,,,,,,,,
Russello e Piscopo Travel,Servizio di navetta con l'aeroporto,,389 995 3307,"Via Giosue' Fiorentino, 26",Favara,,,,,,,,,,,
Autonoleggio Ditta Marchese Paola Maria,Agenzia di noleggio auto,,0934 563035,"A, Via P. Leone, 2",Caltanissetta,,,,,,,,,,,
DP Transfer & Tour,Agenzia di noleggio auto,http://www.dptransfertour.it/,392 030 5561,"Via Piante del Principe, 17",Carini,,dptransfertour@gmail.com,https,WordPress,No,Sconosciuto,56,92,92.00,Sì,No
Creative Suite Di Scimeca Antonino,Agenzia di pubblicità,https://www.creativesuiteshop.com/,091 814 8205,Via Aldo Moro,Caccamo,,creativesuite@libero.it,https,ASP.NET,Sì,Hetzner Online GmbH,53,60,85.00,Sì,No
SICILIA RENT,Agenzia di noleggio auto,http://www.siciliarent.it/,095 817 5945,"Via Amedeo Modigliani, 20",Catania,,info@siciliarent.it,https,React,Sì,Aruba S.p.A.,48,72,92.00,Sì,No
Hertz Autonoleggio - Caltanissetta - Via Rochester 8,Agenzia di noleggio auto,,329 427 5983,"Via Rochester, 8",Caltanissetta,,,,,,,,,,,
Subagenzia Allianz Lloyd Adriatico,Agenzia di assicurazioni,,095 784 1071,"Via Enrico Gaudioso, 14",Francofonte,,,,,,,,,,,
Automania S.R.L Noleggio e Vendita,Agenzia di noleggio auto,https://www.automaniasrl.com/,091 688 1398,"Viale della Regione Siciliana Nord Ovest, 5620",Palermo,,automania2003@pec.it,https,WordPress,Sì,Sconosciuto,56,81,92.00,Sì,No
Spazio Enel Partner Santo Stefano Di Camastra,Azienda fornitrice di energia elettrica,,0921 337214,"Via Vittoria, 28",Santo Stefano di Camastra,,,,,,,,,,,
Messina Mariaalfina,Agenzia viaggi,,095 948828,"Via dei Mutilati, 29",Francofonte,,,,,,,,,,,
REplat E'CASA Ficarazzi,Agenzia immobiliare,http://www.ecasastudioimmobiliare.it/,091 779 4930,"Corso Umberto I, 843",Ficarazzi,,ecasastudioimmobiliare@gmail.com,http,React,Sì,Aruba S.p.A. Network,55,74,83.00,Sì,No
Travel Planet Di Brunetto Giuseppe,Agenzia viaggi,,095 772 2308,"Corso Umberto, 183",Bronte,,,,,,,,,,,
Isola Rental Car,Agenzia di noleggio auto,https://isolarentalcar.com/,091 555 6725,"via, Via Monsignor Salvatore Siino, 31",Capaci,,,https,Shopify,No,Google LLC,55,80,85.00,Sì,No
Sportello Telematico Di Currao Francesco & C. Sas,Ufficio patenti,,095 691522,"Via Giovanni da Verrazzano, 14",Bronte,,,,,,,,,,,
Lop.Car. Noleggi,Agenzia di noleggio auto,http://www.lopcarnoleggi.com/,338 654 4140,"Via Messina, 8",Capo d'Orlando,,,https,Shopify,No,Aruba S.p.A. Network,56,64,92.00,Sì,No
MG Auto,Rivenditore di auto usate,http://www.mgautomonteleone.it/,339 440 8652,"Via del Carmine, 51",Caccamo,,mgauto2010@libero.it,https,React,No,Serverplan S.r.l.,55,62,83.00,Sì,No
Autonoleggio Frank,Agenzia di noleggio auto,https://autonoleggiofranksrl.it/,393 334 0399,"Via Brucoli, 2",Catania,,info@autonoleggiofranksrl.it,https,React,No,Aruba S.p.A. Network,60,86,83.00,Sì,No
Galdieri Rent,Agenzia di noleggio auto,https://galdierirent.it/noleggio-breve-termine/,340 266 0589,"Via Fontanarossa, 20",Catania,,palermopuntaraisi@galdierirent.it,https,React,No,OVH SAS,56,60,42.00,Sì,No
BOOM ANIMAZIONE,Studio di animazione,,327 041 4749,"Piazza Avvocato Vincenzo Castiglione, 8",Bronte,,,,,,,,,,,
Ama Rent,Agenzia di noleggio auto,https://ama-rent.com/,389 314 4144,"Via Don L. Sturzo, 190",Carini,,info@ama-rent.com,https,WordPress,No,Netsons Network,61,73,100.00,Sì,No
Stipa Noleggio Auto - Autonoleggio - Assicurazione - Transfer Aeroporto,Agenzia di noleggio auto,https://www.raffaelestipaauto.it/,0941 182 0022,"Via Consolare Antica, 42b",Capo d'Orlando,,info@stipaserviziauto.it,https,WordPress,No,SEEWEB s.r.l.,59,77,85.00,Sì,No
NOLEGGIO AUTO MIRISCIOTTI,Agenzia di noleggio auto,https://officine.puntopro.it/mirisciotti-calogero,393 569 2188,"Via S. Josemarìa Escrivà, 771",Enna,,autofficinamirisciotti@gmail.com,https,React,No,Serverplan s.r.l.,54,51,92.00,Sì,No
Noleggio Auto Maggiore - Agrigento,Agenzia di noleggio auto,,0922 596154,"Via Empedocle, 95",Agrigento,,,,,,,,,,,
Agenzia Olimpia di Anzalone Francesca,Ufficio patenti,,091 829 3579,"Corso Umberto I, 330",Ciminna,,,,,,,,,,,
Noleggio Con Conducente (TAXI) Trasfers Alaimo Viaggi,Servizio taxi,,349 219 7196,"Via Irlanda, 2",Favara,,,,,,,,,,,
Sirent Point Carini - Noleggio a lungo termine,Agenzia di noleggio auto,https://sirent.it/carini/,091 277 0400,Via Padre Francesco Randazzo,Carini,,carini@sirent.it,https,WordPress,Sì,"Cloudflare, Inc.",57,74,92.00,Sì,No
Fly Rent Car,Agenzia di noleggio auto,https://www.flyrentcar.it/,095 352 1954,"Via Pasubio, 10",Catania,,info@flyrentcar.it,https,Shopify,No,Server Plan S.r.l.,50,87,77.00,Sì,No
La Delfa Rent Car,Agenzia di noleggio auto,,338 299 8626,"Via Prof. Salvatore di Stefano, 1",Paternò,,,,,,,,,,,
Luciano e Dami Rent Car - Autonoleggio Senza Carta,Agenzia di noleggio auto,http://www.lucianoedamirentcar.com/,345 939 2749,"Via Giuseppe Garibaldi, 35",Catania,,,http,Shopify,No,Aruba S.p.A.,69,92,100.00,Sì,No
Axa Assicurazioni E Investimenti,Agenzia di assicurazioni,,095 772 4165,Corso Umberto,Bronte,,,,,,,,,,,
UnipolSai Assicurazioni- Agenzia Generale di Bronte DE.GA. Srl,Agenzia di assicurazioni,,095 692829,"Via Bologna, 4",Bronte,,,,,,,,,,,
Instarent Car Rental Palermo,Agenzia di noleggio auto,https://instarentsrl.it/,331 313 6730,Via Liegi,Carini,,,https,React,Sì,Google LLC,56,70,85.00,Sì,No
GS Sciabica Multiservice SRL,Carrozzeria,https://www.sciabicamultiservice.com/,0922 619389,"Via Unità D'Italia, 64",Agrigento,,info@sciabicamultiservice.com,https,React,No,Aruba S.p.A. Network,50,69,92.00,Sì,No
Galdieri Rent Messina Sud,Agenzia di noleggio auto,https://galdierirent.it/point/noleggio-lungo-termine-messina-sud/,090 810032,"SS 114 Orientale Sicula, KM 14, 650",Briga Marina,,messinasud@galdierirent.it,https,WordPress,No,OVH SAS,50,69,77.00,Sì,No
C.A.R.S. noleggio auto/furgoni/scooter e pulmino 9 posti Agrigento,Agenzia di noleggio auto,https://sites.google.com/view/cars-srl/home,380 648 0286,"Viale Leonardo Sciascia, 86/b",Agrigento,,nolocars@gmail.com,https,Angular,No,Google LLC,55,80,75.00,Sì,No
Novarentcar Noleggio auto senza carta di credito,Agenzia di noleggio auto,https://www.novarentcar.it/,351 385 6600,"Corso Giuseppe Garibaldi, 34",Reggio di Calabria,,,,Angular,Non trovato,Google LLC,82,98,36.00,No - Pagina Non Trovata (404),No
Gibiauto di Gibilaro Giovanni,Servizio di traino,http://gibiauto.myadj.it/,338 393 5011,Contrada San Biagio,Agrigento,,,https,Shopify,No,"Cloudflare, Inc.",76,97,92.00,Sì,No
Movers,Agenzia di noleggio auto,https://www.moversrent.it/,0934 593117,"Via II Fontane, 97",Caltanissetta,,info@moversrent.com,https,WordPress,No,"Cloudflare, Inc.",33,72,85.00,Sì,No
DEM Group,Servizi domestici,https://demgroup.net/,0934 190 2286,"V. F. Turati, 130/i",Caltanissetta,,info@demgroup.net,https,Shopify,No,Google LLC,59,93,100.00,Sì,No
B&B Planet Rooms,Bed & Breakfast,,333 227 7553,"Via Roma, 30",Bronte,,,,,,,,,,,
Autonoleggio ARANITI,Agenzia di noleggio auto,,345 458 8409,"Via Nazionale, 553",Villa San Giovanni,,,,,,,,,,,
Des Rent,Agenzia di noleggio auto,,339 458 7802,"Via Vassallo Ernesto, 65",Caltanissetta,,,,,,,,,,,
X-treme automobile,Rivenditore di auto,,345 509 4915,"Via Clemente, 30",Biancavilla,,,,,,,,,,,
NOLEGGIO AUTO SENZA CARTA DI CREDITO STAZIONE CENTRALE REGGIO CALABRIA,Agenzia di noleggio auto,,346 403 9402,"Via Nino Bixio, 40",Reggio di Calabria,,,,,,,,,,,
Autonoleggio Lincoln,Agenzia di noleggio auto,http://www.autonoleggiolincoln.it/,095 678 3665,"Via Sabato Martelli Castaldi, Snc",Catania,,lincolnautonoleggio@gmail.com,http,WordPress,Sì,Aruba S.p.A.,57,77,92.00,Sì,No
Autofazio,Rivenditore di auto,http://www.autofazio.it/,095 629290,"Via Aldo Moro, 9",Santa Maria di Licodia,,info@autofazio.it,https,WordPress,Sì,SoftLayer,62,89,83.00,Sì,No
Rent Car & Taxi - Yacht Service,Agenzia di noleggio auto,,348 496 4449,Via Duca del Mare,Riposto,,,,,,,,,,,
GISACARBRONTE,Rivenditore di auto,,380 642 9845,Viale John Kennedy,Bronte,,,,,,,,,,,
Centauro,Agenzia di noleggio auto,https://www.centauro.net/it/noleggio-auto-low-cost/italia/palermo-aeroporto/,06 8366 2959,Via Agnelleria,Carini,,,https,React,No,"Cloudflare, Inc.",48,65,100.00,Sì,No
Autonoleggio World Rent Car,Agenzia di noleggio auto,https://www.world-rent-car.it/,327 761 1530,"Viale della Libertà, 85",Catania,,,https,React,No,Aruba S.p.A.,59,85,82.00,Sì,No
EasyWay Tour,Servizio di noleggio scooter,http://www.easywaytour.com/,338 114 2602,Via Panoramica Valle dei Templi,Agrigento,,info@easywaytour.com,https,Angular,No,Amazon Technologies Inc.,57,83,75.00,Sì,No
R.B. Auto - Vendita e Noleggio,Agenzia di noleggio auto,,329 259 6052,"Via Francesco Crispi, 95",Castellammare del Golfo,,,,,,,,,,,
Auto Manna,Rivenditore di auto,https://automanna.it/,328 456 7419,Contrada Poggio Mottese,Biancavilla,,info@automanna.it,https,Shopify,Sì,Aruba S.p.A. Network,51,94,92.00,Sì,No
Deborah Noleggio Favignana Noleggio Bici,Agenzia di noleggio moto,,328 010 5722,"Via A. Volta, 22",Favignana,,,,,,,,,,,
Noleggiami!!,Agenzia di noleggio auto,,392 955 3578,"Via Papa Pio X, 8",Gela,,,,,,,,,,,
Bronte Immobiliare,Agenzia immobiliare,https://www.bronteimmobiliare.it/,353 405 6032,"Corso Umberto, 226",Bronte,,info@bronteimmobiliare.it,https,React,Sì,Aruba S.p.A.,0,0,0.00,Sì,No
3a rent Super car sicily,Agenzia di noleggio auto,,345 406 5374,"Corso Vittorio Emanuele, 300",Gela,,,,,,,,,,,
SDB Motors,Agenzia di noleggio moto,http://www.sdbmotors.it/,347 915 5376,"Piazza Madrice, N° 16",Favignana,,sdbmotors@hotmail.it,https,React,Sì,Aruba S.p.A. Network,52,66,91.00,Sì,No
Car Rental Service Adrano,Agenzia di noleggio auto,http://crsautonoleggioeservizi.it/,095 769 8248,"Via della Regione, 28",Adrano,,,https,WordPress,No,Aruba-Hosting-(Technorail),71,95,100.00,Sì,No
LEASE CARS S.R.L (NOLEGGIO STAZIONE CENTRALE),Agenzia di noleggio auto,https://www.noleggioleasecars.it/,380 140 8543,"Via Pisa, 1",Palermo,,info@leasecarsrl.it,https,Angular,No,Aruba S.p.A,66,54,85.00,Sì,No
AUTOGALLO,Concessionario auto,https://www.autogallo.com/,338 301 1408,Contrada Giardinello,Francofonte,,auto.gallo@libero.it,https,WordPress,Sì,Server Plan S.r.l.,56,81,85.00,Sì,No
Noleggio Gommoni Brezza Marina,Noleggio barche,http://www.brezzamarinafavignana.com/,347 300 4522,"Largo Marina, 1",Favignana,,info@brezzamarinafavignana.com,https,ASP.NET,Sì,Aruba S.p.A. Network,72,75,92.00,Sì,No
Noleggiami Ancora di Pisano Nunzio,Agenzia di noleggio auto,,347 403 9626,"Via Francesco Crispi, 155",Gela,,,,,,,,,,,
Auto Sciarrottauto - Vendita e Noleggio Auto,Agenzia di noleggio auto,https://www.sciarrottauto.it/,320 826 4177,"Via Pio la Torre, 8",Favara,,info@sciarrottauto.it,https,React,No,Aruba S.p.A. Network,55,80,92.00,Sì,No
Noleggio Ginevra di Catalano Amedeo,Servizio di noleggio scooter,https://www.favignananoleggio.it/,334 851 0547,Piazzale Giuseppe Barraco,Favignana,,noleggioginevra@gmail.com,https,Shopify,Sì,Aruba S.p.A.,63,97,100.00,Sì,No
GULLOTTI AUTOMOBILI,Concessionario auto,http://www.gullottiautomobili.com/,095 691580,"Contrada Cantera, snc",Bronte,,info@gullottiautomobili.com,https,WordPress,Sì,SoftLayer,51,77,75.00,Sì,No
Auto Gt Cammilleri,Rivenditore di auto usate,,329 388 3603,"Viale Enrico Berlinguer, 18/Cc 2 sede Esposizione Viale Enrico Berlinguer, Via Cicchillo, 25/G",Favara,,,,,,,,,,,
Hertz Autonoleggio - Gela - Contrada Piana Del Signore Snc,Agenzia di noleggio auto,,392 374 3736,Contrada Piana del Signore snc,Gela,,,,,,,,,,,
Italy Car Rent sede amministrativa,Ufficio aziendale,https://www.italycarrent.com/,091 777 3536,"Via Provinciale, 77",Carini,,info@italycarrent.com,https,Nuxt.js,Sì,Google LLC,77,93,100.00,Sì,No
Electricar-Rent,Agenzia di noleggio auto,,371 149 7984,"Via Napoleone Colajanni, 104",Caltanissetta,,,,,,,,,,,
Favignana Boating,Noleggio barche,https://www.favignanaboating.it/,328 916 5882,Porto di favignana c/o La Darsena,Favignana,,,https,React,Sì,OVH SAS,73,93,92.00,Sì,No
2B Rent S.r.l.s.,Agenzia di noleggio auto,,379 115 2840,"Via Lussemburgo, 21",Gela,,,,,,,,,,,
Autovia Palermo Città Down town,Agenzia di noleggio auto,https://www.autovia.it/territorio/noleggio-auto-palermo/,091 546189,"Via Mariano Stabile, 11/A",Palermo,,info@autovia.it,https,WordPress,Sì,Server Plan S.r.l.,42,63,92.00,Sì,No
Italian Rent Gela,Agenzia di noleggio auto,,340 173 4822,"SS117bis, 90",Gela,,,,,,,,,,,
Autonoleggio Gemmellaro Catania,Agenzia di noleggio auto,https://autonoleggiogemmellaro.it/,331 102 0332,"Piazza Sant'Alfio, n12",Trecastagni,,contatto@esempio.it,https,React,No,Amazon Technologies Inc.,62,81,100.00,Sì,No
Apicella Rent Boat noleggio barche| Castellammare del Golfo,Noleggio barche,https://apicellarentboat.com/,350 924 3218,Piazza Barone Giacomo Alliata,Castellammare del Golfo,,contact@mysite.com,https,WordPress,No,Server Plan S.r.l.,60,94,100.00,Sì,No
Sicel - Siciliana Elevatori Srl,Agenzia di noleggio gru,http://www.sicelsrl.it/,095 688030,"Km 1,5, STR. PROV, 80",Biancavilla,,info@sicelsrl.it,https,WordPress,No,Sconosciuto,47,59,100.00,Sì,No
SICILY TRAVEL servizio noleggio con conducente..ncc autonoleggio,Servizio di trasporto con accompagnatore,http://www.sicilytravelag.com/,389 480 4764,"Via Imera, 326",Agrigento,,info@sicilytravelag.com,https,Angular,No,Google LLC,64,77,73.00,Sì,No
Agenzia Astra Di Grimaldi Giuseppe,Ufficio patenti,,0933 913083,"Via Navarra, 7",Gela,,,,,,,,,,,
Rent Me - Noleggio Auto Catania,Agenzia di noleggio auto,https://rentmecatania.it/,379 262 2057,"Via Vittorio Emanuele II, 280",Catania,,,https,WordPress,Sì,"Cloudflare, Inc.",56,77,92.00,Sì,No
Siciliana Car,Agenzia di noleggio auto,https://www.sicilianacar.it/,366 179 7203,"Corso Giuseppe Garibaldi, 110",Castellammare del Golfo,,,https,React,Sì,Aruba S.p.A. Network,60,71,92.00,Sì,No
RentCarSicily,Agenzia di noleggio auto,http://www.rentcarsicily.com/,348 850 1474,"Via S. Paolo della Croce, 27",Castellammare del Golfo,,,https,React,Sì,SEEWEB s.r.l.,72,98,100.00,Sì,No
F.lli Ferraro,Centro per la revisione tecnica delle auto,,0922 857880,"Via Wolfgang Amadeus Mozart, 1",Canicattì,,,,,,,,,,,
essegirent,Agenzia di noleggio moto,http://www.essegirent.com/,328 341 1322,"Via F. Crispi, 318",Porto Empedocle,,,https,React,No,"Fastly, Inc.",60,84,73.00,Sì,No
Scooter Castellammare,Agenzia di noleggio moto,http://www.scootercastellammare.com/,0924 31227,"V. Guglielmo Marconi, 163",Castellammare del Golfo,,info@scootercastellammare.com,https,WordPress,Sì,Sconosciuto,56,92,100.00,Sì,No
Agrigentotransfert Zambuto Service,Servizio di trasporto per disabili,http://www.agrigentotransfert.com/,375 885 1649,Via Piersanti Mattarella,Agrigento,,totozambuto@gmail.com,http,WordPress,Sì,TransIP BV,53,86,100.00,Sì,No
Amunì Viaggi Tour in Sicily,Agenzia viaggi,http://www.amuniviaggi.com/,0922 602061,"Via Mazzini, 177",Agrigento,,info@amuniviaggi.com,https,WordPress,No,Sconosciuto,40,61,61.00,Sì,No
The World Of Cars,Agenzia di noleggio auto,,389 788 6620,"Via Francesco Crispi, 486",Gela,,,,,,,,,,,
Autonoleggiatori Del Golfo Di Gela Societa Cooperativa A R.l.,Agenzia di noleggio auto,,393 337 7936,"Via Navarra, 72",Gela,,,,,,,,,,,
Car Rental di D’Arma-Noleggio Auto da Cerimonia e Noleggio Auto,Agenzia di noleggio auto,,327 774 1412,"Via Generale Cascino, 190",Gela,,,,,,,,,,,
Fata Morgana Rent - Autonoleggio senza carta di credito,Agenzia di noleggio auto,https://fatamorganarent.it/,0965 181 7163,"Via Argine Destro Annunziata, 79",Reggio di Calabria,,fatamorganarent@virgilio.it,https,WordPress,Sì,TransIP BV,63,75,85.00,Sì,No
Rent Office - Info Point,Agenzia di noleggio auto,http://www.infopointfavignana.it/,392 839 5774,Via Molo S. Leonardo,Favignana,,booking@infopointfavignana.com,https,Shopify,No,OVH SAS,95,99,92.00,Sì,No
Siciltransfert snc,Noleggio di autobus,http://www.siciltransfert.it/,348 262 0089,"Piazza Madrice, 17",Favignana,,info@91023.it,https,ASP.NET,No,Hetzner Online GmbH,65,99,91.00,Sì,No
G.B. Auto,Rivenditore di auto usate,https://www.gbautocanicatti.it/,334 588 3024,"Via Sant Angela Merici, 41",Canicattì,,info@gbautocanicatti.it,https,Mobirise,No,SEEWEB s.r.l.,64,95,100.00,Sì,No
EuroRent Scooter & E-bike,Agenzia di noleggio moto,http://www.noleggioeurorentscooter.it/,334 274 9800,"Via Segesta, 126",Castellammare del Golfo,,eurorentscooter@libero.it,https,React,Sì,Aruba S.p.A. Network,53,60,91.00,Sì,No
FL RENT CAR Autonoleggio - Noleggio Auto senza carta di credito Catania Airport,Agenzia di noleggio auto,https://www.flrentcar.com/,347 804 0330,"Via Acquicella Porto, 48",Catania,,flrentcarct@gmail.com,https,Shopify,No,Aruba S.p.A.,59,80,85.00,Sì,No
GARANTITO.CAR,Agenzia di noleggio auto,https://garantitocar.it/,328 354 1870,Via Francesco Crispi,Gela,,garantitocar.1@gmail.com,https,WordPress,Sì,Netsons,71,89,100.00,Sì,No
Rentacar Naxos,Agenzia di noleggio auto,,376 100 7604,"Via Zara, 14/a",Giardini-Naxos,,,,,,,,,,,
Rent Me Agrigento,Agenzia di noleggio auto,https://rentmecatania.it/,340 870 3024,"Viale Aldo Moro, 71",Favara,,,https,Joomla,Sì,Cloudflare,57,77,92.00,Sì,No
Mancuso Noleggi,Agenzia di noleggio auto,,345 859 5451,"Viale Don Luigi Sturzo, 193",Giarre,,,,,,,,,,,
Sicily Rental Car,Agenzia di noleggio auto,https://sicilyrentalcar.it/,339 703 9639,"Via Giόia, 2",Castellammare del Golfo,,info@sicilyrentalcar.it,https,Shopify,Sì,One.com A/S,57,89,100.00,Sì,No
La Pace Noleggi,Agenzia di noleggio auto,,348 473 3364,"Viale Don Luigi Sturzo, 193",Giarre,,,,,,,,,,,
Autonoleggio del Golfo S.r.l. - Noleggio Auto Trapani e Palermo,Agenzia di noleggio auto,http://www.autonoleggiodelgolfosrl.it/,0924 35008,"Via S. Paolo della Croce, 33",Castellammare del Golfo,,autonoleggiodelgolfo@gmail.com,http,Shopify,No,Aruba-Hosting-(Technorail),54,91,92.00,Sì,No
MelodiaRentCar,Agenzia di noleggio auto,https://melodiarentcar.it/,388 826 8899,"Corso Giuseppe Garibaldi, 155",Castellammare del Golfo,,info@melodiarentcar.it,https,WordPress,No,Server Plan S.r.l.,54,71,100.00,Sì,No
OSAutonoleggio,Agenzia di noleggio auto,http://www.osautonoleggio.com/,0942 56190,"Via Nazionale 8, Courtesy Point di OSAutonoleggio,presso Jet Car",Giardini Naxos (Taormina),,info@osautonoleggio.com,https,Shopify,Sì,Seeweb s.r.l.,55,52,83.00,Sì,No
ECS ITALIA,Servizio taxi,https://www.ecsitalia.eu/,0933 825562,"Via Franz Schubert, 16",Gela,,info@ecsitalia.eu,https,Shopify,Sì,Sconosciuto,55,61,85.00,Sì,No
Sicily by Car aeroporto di Comiso,Agenzia di noleggio auto,,0932 723123,"Aeroporto di Comiso Pio La Torre, rent a car aeroporto sp5",Comiso,,,,,,,,,,,
Autonoleggio Aeroporto Comiso OPTIMUS PRIME,Agenzia di noleggio auto,https://www.optimusprimemultiservice.com/,327 422 0509,Via Pio la Torre,Comiso,,mario.rossi@mail.it,https,React,Sì,Sconosciuto,77,98,100.00,Sì,No
Autonoleggio M.C.A. CAR NO CARTA DI CREDITO,Agenzia di noleggio auto,,391 736 5019,"Via Re Martino, 92",Catania,,,,,,,,,,,
EcoHub - Noleggio auto stazione centrale Reggio Calabria,Agenzia di noleggio auto,http://www.ecohubmobility.it/,0965 613967,"Via Nino Bixio, 13A/13B 13C",Reggio di Calabria,,info@website.com,https,WordPress,Sì,Hetzner Online GmbH,25,33,92.00,Sì,No
Rent a car by RUGGERI & C.,Agenzia di noleggio auto,http://www.quadrifoglioverdesas.com/,329 296 451,"Via Simeto, 1",Giardini Naxos,,quadrifoglioverde.marelli@gmail.com,http,React,No,SEEWEB s.r.l.,67,94,69.00,Sì,No
Campanella Srl,Noleggio barche,https://www.campanellarent.it/,0924 34977,"Via Molinello, 28/A",Castellammare del Golfo,,info@campanellarent.com,https,WordPress,Sì,Server Plan S.r.l.,63,98,92.00,Sì,No
Martino Touring e Services Sooc. Coop.,Agenzia di noleggio auto,,348 699 8858,"Via della Liberazione, 24",Santa Ninfa,,,,,,,,,,,
Sicily Top Rent - Noleggio auto a Gela,Agenzia di noleggio auto,http://www.sicilytoprent.it/,0933 911109,"Via Venezia, 255",Gela,,info@sicilytoprent.it,https,WordPress,Sì,Sconosciuto,35,39,100.00,Sì,No
Clarent,Agenzia di noleggio auto,https://www.clarent.it/,095 229 2737,"Via Fontanarossa, 20",Catania,,booking@clarent.it,https,Joomla,Sì,Sconosciuto,55,57,92.00,Sì,No
Cancemi Salvatore - Agenzia di noleggio auto con conducente NCC,Agenzia di noleggio auto,,0922 852987,"Via Vittorio Emanuele, 279",Canicattì,,,,,,,,,,,
Pintaudi Emanuele Andrea,Agenzia di noleggio auto,http://www.pintaudi.it/,0933 923035,"Via Ferdinando Magellano, 29",Gela,,emanuele.pintaudi@libero.it,https,Shopify,Sì,Google LLC,55,88,85.00,Sì,No
One Service,Agenzia di noleggio auto,https://oneservicenoleggio.wordpress.com/,347 520 1402,"Viale delle Provincie, 66",Giarre,,oneservicenoleggio@gmail.com,https,WordPress,No,"Automattic, Inc",79,98,100.00,Sì,No
Quattro Rent Noleggio Auto - Milano Linate - Milano Malpensa - Catania Fontanarossa,Agenzia di noleggio auto,https://www.quattrorent.it/,345 043 5467,"CATANIA AEROPORTO, Via S. Giuseppe Alla Rena, FONDO 4",Catania,,sofiasotera@quattrorent.it,https,React,Sì,Aruba S.p.A.,73,99,92.00,Sì,No
Drive Away di Pisano Alice,Agenzia di noleggio auto,,392 858 9604,"Corso Roma, 90",Grammichele,,,,,,,,,,,
autonoleggio salici 2,Agenzia di noleggio auto,,347 541 9171,"Via Galermo, 314",Catania,,,,,,,,,,,
"STESICORO CAR, SCOOTER AND MOTORBIKE RENTAL",Agenzia di noleggio auto,https://kuula.co/share/collection/7cLLt?logo=1&info=0&fs=1&vr=0&sd=1&gyro=0&initload=0&thumbs=-1&keys=0,346 323 6937,"P.zza Stesicoro, 18",Catania,,,https,Angular,No,Amazon Technologies Inc.,52,62,50.00,Sì,No
Opel Fratelli Messina snc - Centro Revisioni,Concessionario auto,http://www.fratellimessinasnc.com/,0922 854070,"Via Vittorio Emanuele, 306",Canicattì,,info@fratellimessinasnc.com,https,Joomla,Sì,Netsons Network,62,92,92.00,Sì,No
DBF SERVICE SRL,Rivenditore di auto,http://www.dbfservicesrl.it/,0924 67081,"SS188, km 45300",Gibellina,,info@dbfservicesrl.it,https,WordPress,No,Aruba S.p.A. Network,46,71,83.00,Sì,No
Carabinieri Comando Stazione Nissoria,Arma dei Carabinieri,,0935 905546,"Corso Vittorio Emanuele, 248",Nissoria,,,,,,,,,,,
AutoVesco,Agenzia di noleggio auto,http://www.autovesco.it/,338 220 8282,"Viale Leonardo da Vinci, 94",Castellammare del Golfo,,info@autovesco.it,https,React,No,Aruba S.p.A.,56,90,92.00,Sì,No
Scopello Autonoleggio,Agenzia di noleggio auto,https://scopelloautonoleggiosicily.com/,375 739 5787,"Via Duchessa, Via Segesta, 1",Castellammare del Golfo,,info@scopelloautonoleggio.it,https,WordPress,Sì,TransIP BV,44,63,92.00,Sì,No
NG Motors officina,Meccanico e assistenza automobili,,328 692 9302,Via Licari,Nissoria,,,,,,,,,,,
Lifra noleggio furgoni,Agenzia per il noleggio di furgoni,http://lifranoleggi.com/,349 816 4011,"Via Butera, SP8",Gela,,,https,WordPress,No,Aruba S.p.A.,55,64,92.00,Sì,No
FRANCESCO FRAGAPANE RENT CAR,Agenzia di noleggio auto,,339 270 2176,"Via Platone, 15",Grammichele,,,,,,,,,,,
Servizio noleggio con conducente Tiziano Carmelo,Agenzia di noleggio auto,,320 172 3408,"Via Mazzocca, 35",Leonforte,,,,,,,,,,,
Centro Estetica auto,Autolavaggio,,335 777 9721,"Via Madonna delle Grazie, 63",Giarratana,,,,,,,,,,,
"Francesco Gambino Assicurazioni Auto, Vita e Professionali",Agenzia di assicurazioni,,339 698 7653,"Corso XX Settembre, 10/A",Giarratana,,,,,,,,,,,
New Gold Rent car noleggio auto e moto,Agenzia di noleggio auto,,0931 969339,"Via Costanza Bruno, 50",Siracusa,,,,,,,,,,,
Lauretta Rental Cars,Agenzia di noleggio auto,,328 069 2112,"Via Duca giordano Ronco, Via Tommaso Campanella",Noto,,,,,,,,,,,
"DAG il miglior NOLEGGIO auto a Lampedusa, il MIGLIORE per scooter, quad, barche, mehari e biciclette AEROPORTO di Lampedusa",Agenzia di noleggio auto,http://www.autonoleggiodag.it/,0922 971179,"Via Eleonora Duse, 118",Lampedusa e Linosa,,daglamp@libero.it,https,Angular,No,Aruba S.p.A.,55,64,91.00,Sì,No
Associazione Volontari Italiani Del Sangue Di Giarratana,Organizzazione di volontariato,,0932 976694,"Via Francesco Crispi, 2",Giarratana,,,,,,,,,,,
Mangiameli Franca,Agenzia di noleggio auto,,095 783 1666,"Via Biviere, 16",Lentini,,,,,,,,,,,
Sicany Ricambi Auto nuovi e usati di Sineri Angelo,Negozio di ricambi per auto usati,,328 184 4681,Via Torre,Nissoria,,,,,,,,,,,
Noleggio Arcobaleno,Agenzia di noleggio auto,https://www.autonoleggioarcobalenolampedusa.com/,366 335 4601,Lungomare Porto Nuovo,Lampedusa,,info@noleggioarcobalenolampedusa.it,https,WordPress,Sì,TransIP BV,77,57,92.00,Sì,No
Marina Giardini Naxos - Taormina - Escursioni in Barca - Boat Excursions - Rent a Boat,Noleggio barche,http://www.marinadischiso.it/,0942 436493,Via Schisò,Giardini Naxos,,,https,WordPress,No,Server Plan S.r.l.,56,67,85.00,Sì,No
AGOSTA TAXI - TRANSFER - NCC - LOW COST,Servizio taxi,,333 482 4148,"via Antonello Da Messina, 28",Nuova Gibellina,,,,,,,,,,,
Vis - Web Agency - Pubblicità Online,Agenzia di pubblicità,https://www.vispubblicita.it/,328 898 8121,"Corso Vittorio Emanuele, 144",Nissoria,,info@vispubblicita.it,https,Joomla,Sì,Google LLC,68,85,85.00,Sì,No
Carabinieri • Comando Stazione Licodia Eubea,Arma dei Carabinieri,,0933 963102,Viale Regione Siciliana,Licodia Eubea,,,,,,,,,,,
Mikael,Agenzia di noleggio auto,http://www.noleggioautolampedusa.com/,328 922 9672,Contrada Cala Francese,Lampedusa e Linosa,,info@mikael-lampedusa.it,https,WordPress,No,Hetzner Online GmbH,74,75,100.00,Sì,No
Noleggio Auto Aeroporto Catania | Orangecar,Agenzia di noleggio auto,https://www.rentalorangecar.com/,329 928 5429,"Via Callipoli, 326",Giarre,,,https,React,No,Google LLC,56,70,92.00,Sì,No
Agenzia Viaggi e Turismo di Randazzo G.& C. S.A.S.,Agenzia viaggi,,0924 69916,"a,, Via Alberto Burri, 27",Nuova Gibellina,,,,,,,,,,,
Euro Service Sas Di Calabrese Lelio,Ufficio patenti,,091 825 2279,"Via Giulio Aristide Sartorio, 80",Lercara Friddi,,,,,,,,,,,
Aer Rental Car - Autonoleggio,Agenzia di noleggio auto,http://www.rentalcartrapani.it/,0923 28899,"Via Osorio, 33",Trapani,,info@rentalcartrapani.it,https,WordPress,No,OVH ISP,72,100,85.00,Sì,No
DLF Macchine - movimento terra - noleggio - assistenza - vendita,Noleggio carrelli elevatori,http://dlfmacchine.it/,0934 575176,"Via Dell'imprenditore, 11",Caltanissetta,,info@dlfmacchine.it,https,Joomla,No,"Akamai Technologies, Inc.",16,9,100.00,Sì,No
Speedy autonoleggio,Agenzia di noleggio auto,https://speedyautonoleggio.it/home/,320 826 1697,"Via della Pace, 63",Trapani,,info@speedyautonoleggio.it,https,WordPress,No,Hostinger,86,95,100.00,Sì,No
Autonoleggio Zoe,Agenzia di noleggio auto,https://autonoleggiozoe.it/,334 856 9329,"Lungomare Luigi Rizzo, 97",Lampedusa,,info@autonoleggiozoe.it,https,ASP.NET,No,Aruba S.p.A. Network,65,98,92.00,Sì,No
New Autogrotte Group SRL,Agenzia di noleggio auto,https://www.autogrotte.it/,080 496 5558,"Via dell' Olmo, 40",Castellana Grotte,,,https,Shopify,Sì,OVH SAS,59,78,100.00,Sì,No
Mondello Maurizio,Agenzia di noleggio moto,http://www.mondellomaurizio.it/,090 981 3443,Via Filippo Mancuso,Lipari,,info@mondellomaurizio.it,http,ASP.NET,No,Aruba S.p.A. Network,100,100,82.00,Sì,No
Full Service Travel snc,Servizio taxi,https://www.transferservicecatania.it/,347 528 4529,"Via Dante Maiorana, 3",Gravina di Catania,,fullservicecatania@gmail.com,https,Duda,No,Hetzner Online GmbH,61,78,83.00,Sì,No
La Rocca Etnea Tour Di Lupica Giusi,Agenzia viaggi,,095 772 0186,"Via Umberto, 177",Maletto,,,,,,,,,,,
RENT CAR SALICI senza carta di credito,Agenzia di noleggio auto,,376 247 5239,"Via Passo Gravina, 184",Catania,,,,,,,,,,,
Goldbet di Rosario Pantò,Agenzia di scommesse,,0942 717922,"Corso Umberto I, 409",Nizza di Sicilia,,,,,,,,,,,
Autonoleggio Tau Touring,Agenzia di noleggio auto,,0583 462620,"Via Antonio Mordini, 66",Lucca,,,,,,,,,,,
Allianz Nizza Di Sicilia,Agenzia di assicurazioni,,0942 716448,"Via Lungomare Unità dell'Italia, 90",Nizza di Sicilia,,,,,,,,,,,
Autonoleggio CarPuglia,Agenzia di noleggio auto,http://www.carpuglia.it/,327 917 1072,"Via Vito Matarrese, 84",Grotte di Castellana,,carpuglia@blu.it,https,Shopify,Sì,Serverplan s.r.l.,70,91,92.00,Sì,No
Marrikriu Viaggi Giarratana,Agenzia viaggi,http://www.marrikriuviaggi.it/,0932 975347,"V. Alcide de Gasperi, 12",Giarratana,,info@marrikriuviaggi.it,https,React,No,Aruba S.p.A. Network,56,79,91.00,Sì,No
Autonoleggio Minciotti (S.N.C.),Agenzia di noleggio auto,,0583 329050,"Via dei Bollori, 213",Lucca,,,,,,,,,,,
Rent & Go - Sicilia,Agenzia di noleggio auto,https://rentandgosicilia.it/,351 299 0415,"C.da Chiusi, snc",Ispica,,info@rentandgosicilia.it,https,WordPress,No,OVH SAS,74,95,100.00,Sì,No
Cammarano Luigi,Agenzia di noleggio auto,,090 981 2386,"Via Amendola Ten. M., Lipari, Me 98055",Lipari,,,,,,,,,,,
Rent a Car Generoso,Agenzia di noleggio auto,,0922 893609,SS115 Km 227,Licata,,,,,,,,,,,
Future Rent Italia di Fabio Renna,Agenzia di noleggio auto,,349 478 1622,"Viale Japigia, 39",Lecce,,,,,,,,,,,
West Sicily Car,Agenzia di noleggio auto,,329 020 7962,Contrada Santissimo,Santa Ninfa,,,,,,,,,,,
Passione Blue| Noleggio barche| Castellammare del golfo,Noleggio barche,http://www.passioneblue.com/,388 450 7491,"Via Don Leonardo Zangara, 1",Castellammare del Golfo,,passioneblue@libero.it,https,WordPress,No,Aruba S.p.A.,34,47,85.00,Sì,No
Roccuzzo Carfly Rent,Agenzia di noleggio auto,https://roccuzzoauto.it/portfolio/mezzi-a-noleggio/,0932 959253,"Via Lazio, 9",Ispica,,,,React,Non trovato,Server Plan S.r.l.,97,96,50.00,No - Pagina Non Trovata (404),No
I Compari noleggio auto e moto Lampedusa,Agenzia di noleggio auto,http://www.lampedusautonoleggio.it/,0922 971186,"Via Giuseppe Mazzini, 49",Lampedusa e Linosa,,noleggioicompari@gmail.com,https,Shopify,No,Sconosciuto,74,96,100.00,Sì,No
Noleggio Plaia,Agenzia di noleggio auto,https://www.noleggioplaia.it/,339 101 7620,"Largo San Leonardo, n 1",Favignana,,,https,Shopify,Sì,Aruba S.p.A.,61,96,100.00,Sì,No
Galdieri Rent San Giuseppe Vesuviano,Agenzia di noleggio auto,,081 320 6209,"Piazza Garibaldi, 40",San Giuseppe Vesuviano,,,,,,,,,,,
Autonoleggio Ragusa - Noleggio auto e minivan,Agenzia di noleggio auto,,370 118 8077,"Via Gen. S. Scrofani, 45",Ragusa,,,,,,,,,,,
NOLEGGIO SALSEDO situato sulla via principale e davanti l'Aeroporto,Agenzia di noleggio auto,http://www.autonoleggiolampedusa.net/,339 472 5970,"Via Roma, 169",Lampedusa,,info@autonoleggiolampedusa.net,https,WordPress,Sì,Google LLC,53,85,100.00,Sì,No
Autonoleggio Salento Italia Lecce - Punto di noleggio,Agenzia di noleggio auto,https://www.autonoleggiosalento.com/,0833 955091,"Via Don Bosco, 35",Lecce,,,https,WordPress,Sì,Aruba S.p.A.,60,85,85.00,Sì,No
Solo Cerimonie,Agenzia di noleggio auto,https://www.solocerimonie.it/,342 616 4680,Via Vittorio Emanuele,Giardini-Naxos,,solocerimonie@gmail.com,https,React,No,"Amazon.com, Inc.",65,97,92.00,Sì,No
AR Noleggio,Agenzia di noleggio auto,https://www.arnoleggio.it/,334 226 9777,"Via Campania angolo, Via Sardegna",Ispica,,info@arnoleggio.it,https,React,Sì,Sconosciuto,65,98,100.00,Sì,No
Sicily By Car Milazzo,Agenzia di noleggio auto,,090 928 7414,"Via Tindaro La Rosa, 52",Milazzo,,,,,,,,,,,
Autosat Rent - Noleggio Auto,Agenzia di noleggio auto,https://www.autosatrent.it/,348 057 5490,"Via Unità d'Italia, 1",Surbo,,example@carrental.com,https,WordPress,No,Aruba S.p.A.,56,88,100.00,Sì,No
ETNA NORD SERVIZI s.r.l.,Agenzia di noleggio auto,http://etnanordservizi.com/,+39 390 9596 6637,"Via Mareneve, 115",Linguaglossa,,info@etnanordservizi.com,http,ASP.NET,No,Aruba S.p.A. Network,97,100,0.00,Sì,No
Notorentalcars,Agenzia di noleggio auto,http://www.notorentalcars.com/,0931 156 0974,"Via Napoli, 23",Noto,,info@notorentalcars.com,http,Joomla,No,Aruba S.p.A.,56,70,85.00,Sì,No
Autonoleggio Messina RentCar,Agenzia di noleggio auto,http://www.autonoleggiomessina.com/,351 747 7302,"Via Etnea, 29",Gravina di Catania,,info@autonoleggiomessina.com,https,WordPress,No,Sconosciuto,59,90,92.00,Sì,No
NoleggioDalorenzo,Servizio di noleggio scooter,http://www.noleggiodalorenzo.com/,090 981 7167,"Via Marina Garibaldi, 78",Lipari,,noleggiodalorenzo@gmail.com,https,WordPress,No,Sconosciuto,62,74,92.00,Sì,No
Noleggio Experiencesalina,Agenzia di noleggio auto,,393 197 1617,"Via Veneto, 5",Santa Marina Salina,,,,,,,,,,,
"Eolonoleggi barche, gommoni, escursioni e scooter",Noleggio barche,http://www.eolonoleggi.it/,338 240 2168,"Via Professore, Via Emanuele Carnevale",Lipari,,info@eolonoleggi.it,https,ASP.NET,Sì,Sconosciuto,60,86,92.00,Sì,No
CARUSO AUTO DI CARUSO FABIO,Rivenditore di auto,,392 862 2606,"Via Pio la Torre, 10",Licodia Eubea,,,,,,,,,,,
Evo Service Autonoleggio - Soccorso Stradale,Servizio di traino,,333 963 4052,"Via Camillo Benso Conte di Cavour, 156",Pachino,,,,,,,,,,,
Falcone Carmelo Assicurazione,Agenzia di assicurazioni,,0933 801710,"Corso Umberto I, 218",Licodia Eubea,,,,,,,,,,,
A.Amendolia Assicurazioni Sas. Di Angelo Amendolia & C.,Agenzia di assicurazioni,,090 933 9238,"Via Roma, 47",Pace del Mela,,,,,,,,,,,
Lineaerre Motors Di Vella Vincenzo,Rivenditore di auto,,0922 802206,"Via Gela, 140/148",Licata,,,,,,,,,,,
Ciccio Rent,Servizio di noleggio scooter,https://cicciorent.com/,338 841 2033,"Via Prof, Via Emanuele Carnevale, 120",Lipari,,cicciorentlipari@gmail.com,https,WordPress,No,WordPress.com-DNS,65,77,100.00,Sì,No
Experience Il Paesino - bed and breakfast -dove dormire licodia eubea- tour -Paesino tipico sicilia,Bed & Breakfast,https://www.ilpaesino.it/,349 722 3126,"Piazza Giuseppe Garibaldi, 8",Licodia Eubea,,info@ilpaesino.it,https,Joomla,No,Netsons,57,51,85.00,Sì,No
Noleggio Auto e Scooter a Lampedusa - Autonoleggio G. Almanzo,Agenzia di noleggio auto,https://www.lampedusanoleggioauto.it/,348 385 6760,"Via Luigi Pirandello, 5",Lampedusa e Linosa,,info@almanzo.it,https,WordPress,Sì,Sconosciuto,56,80,100.00,Sì,No
Autonoloeggio Messina - Noleggio auto e bus Costantino Viaggi Messina,Agenzia di noleggio auto,http://www.costantinoviaggi.it/,339 436 8792,"SP38, 7",Messina,,info@costantinoviaggi.it,https,ASP.NET,No,INCUBATEC GmbH - Srl,99,99,82.00,Sì,No
Andauto srl,Officina autoriparazioni,,090 938 4566,"V. Nazionale, 358",Giammoro,,,,,,,,,,,
Itineri Sicily Autonoleggio - Rental Car & Trip Experience,Agenzia di noleggio auto,https://itinerisicily.com/,389 475 5525,"Contrada Raganzino, 2",Pozzallo,,info@itinerisicily.com,https,React,Sì,Server Plan S.r.l.,61,68,92.00,Sì,No
Noleggio da Luigi,Noleggio barche,https://www.noleggiolipari.it/noleggio-da-luigi/,338 301 4344,via Mariano Amendola,Lipari,,prenotazioni@noleggiolipari.it,https,WordPress,Sì,Sconosciuto,67,97,92.00,Sì,No
Autolavaggio Wash Style di Tirante Salvatore,Autolavaggio,,339 359 8468,"Contrada Piana S.ta, Viadotto Fiumedinisi, snc",Nizza di Sicilia,,,,,,,,,,,
Car Service Noto,Agenzia di noleggio auto,http://carservicenoto.it/,335 601 9661,C.da Bucachemi - Eloro 96017,Noto,,,,WordPress,Non trovato,Google LLC,100,100,36.00,,No
SICILIABUS,Agenzia per il noleggio di furgoni,http://siciliabus.com/,091 821 3664,"Via Pietro Nenni, 53",Lercara Friddi,,info@siciliabus.com,https,Joomla,No,Netsons s.r.l.,,,,Sì,No
C.M.S. Di Siragusano Mario E C. S.A.S.,Agenzia di noleggio auto,,090 984 4062,SP182,Malfa,,,,,,,,,,,
Sicily Transfer&tour Noleggio Con Conducente,Servizio taxi,https://sicilytransfertour.com/,329 473 3836,"Via S. Michele, 24",Isnello,,siciliatrasferimenti@gmail.com,https,Shopify,Sì,Aruba Hosting,53,61,92.00,Sì,No
elleffe automotive,Agenzia di noleggio auto,,392 785 2292,"Via Trapani, 1",Paceco,,,,,,,,,,,
Sa.Fi.Car,Rivenditore di auto,https://www.saficar.it/,335 637 3201,"Via Professore Putrino, 37",Maletto,,saficar@libero.it,https,React,No,OVH SAS,,,,Sì,No
Eolian Noleggi Scooter Auto Barche,Autonoleggio,http://www.eoliannoleggi.it/,338 247 6192,"Via Marina Garibaldi, 11",Canneto,,,https,Angular,Sì,Keliweb S.R.L,73,92,100.00,Sì,No
"IronCar - Noleggio senza carta di credito Auto, Scooter e Furgoni a Catania.",Agenzia di noleggio auto,http://www.ironcarnoleggio.it/,347 314 1948,"Viale Raffaello Sanzio, 28",Catania,,ironcarnoleggio@gmail.com,https,WordPress,No,Aruba S.p.A.,,,,Sì,No
Agenzia Cafa' Viaggi,Servizio taxi,http://www.cafaviaggi.com/,0922 770031,"Corso Umberto, 29",Licata,,cafaviaggi@gmail.com,http,WordPress,No,Aruba S.p.A. Network,,,,Sì,No
Autonoleggio Lo Stagnone,Agenzia di noleggio auto,https://www.autonoleggiolostagnone.it/,368 312 4301,"Contrada Birgi Vecchi, 530",Marsala,,info@autonoleggiolostagnone.it,https,WordPress,Sì,Aruba S.p.A. Network,,,,Sì,No
AUTOSOCCORSO - AUTONOLEGGIO Fratelli Finocchiaro Srl,Azienda di autotrasporti,https://www.finocchiarosrl.com/,095 779 9220,"Via San Matteo, 41",Giarre,,info@fratellifinocchiaro.com,https,Shopify,Sì,OVH SAS,63,83,92.00,Sì,No
Autonoleggi Riggi,Agenzia di noleggio auto,https://autonoleggiriggi.jimdofree.com/contatti/,389 130 4525,"Via Ruggero Leoncavallo, 15",San Cataldo,,autonoleggiriggi@gmail.com,https,Jimdo,Sì,"Cloudflare, Inc.",,,,Sì,No
Noleggio Auto Car Service,Agenzia di noleggio auto,https://www.noleggioautocarservice.com/?utm_source=google&utm_medium=wix_google_business_profile&utm_campaign=11757307843806069626,333 455 2505,"Contrada Bocca della Carrubba, 51",Castellammare del Golfo,,info@noleggioautocarservice.it,https,Wix,Sì,Google LLC,64,92,100.00,Sì,No
Autonoleggio Sturiano Vincenzo low cost- aeroporto Trapani-Marsala,Agenzia di noleggio auto,,348 823 1416,Contrada birgi novi,Marsala,,,,,,,,,,,
Autonoleggio Ciulla,Agenzia di noleggio auto,,0923 526020,"Via Castelvetrano, 75",Paceco,,,,,,,,,,,
Blucar service srls,Agenzia di noleggio auto,,342 872 3330,"Via Punta Croce, 45",Pantelleria,,,,,,,,,,,
Prime Cars Italy,Rivenditore di auto usate,http://www.primecarsitaly.com/,371 417 5649,"Via Roma, 195",Mascalucia,,info@primecarsitaly.com,https,ASP.NET,No,OVH SAS,,,,Sì,No
Alex RentaCar - Autonoleggio Senza Carta Di Credito,Agenzia di noleggio auto,,388 436 2229,"Via Cristoforo Colombo, 130",Patti,,,,,,,,,,,
KRent noleggio,Agenzia di noleggio auto,http://www.krentnoleggio.it/,328 664 4685,"Viale Europa, 48/A",Capannori,,,https,Joomla,Sì,Aruba S.p.A.,,,,Sì,No
"Trinacria Global Services I Noleggio a lungo termine, Turismo e Telecomunicazioni",Servizi per le imprese,,095 518 4568,"Via Treviso, 13",Mascalucia,,,,,,,,,,,
Ferrara Motors Srl,Officina autoriparazioni,http://www.ferraramotors.it/,0941 655015,"Via Corso Nazionale, 33",Novara di Sicilia,,info@ferraramotors.it,http,ASP.NET,No,Aruba S.p.A. Network,,,,Sì,No
AUTONOLEGGIO SORRENTINO MARSALA | NOLEGGIO AUTO MARSALA E TRAPANI,Agenzia di noleggio auto,http://www.autonoleggiosorrentino.it/,388 564 1139,"Contrada Ranna, 80",Marsala,,info@autonoleggiosorrentino.it,https,WordPress,Sì,Aruba S.p.A. Network,,,,Sì,No
Autonoleggio Brignone,Agenzia di noleggio auto,http://www.autonoleggiobrignone.it/,347 105 3892,"Via Galileo Galilei, 4",Pantelleria,,info@autonoleggiobrignone.it,https,React,Sì,Netsons s.r.l.,,,,Sì,No
Golden Car,Rivenditore di auto,http://www.goldencargiammoro.it/,329 713 4073,V. Nazionale,Pace del Mela,,goldencargiammoro@gmail.com,https,React,No,IONOS SE,,,,Sì,No
Autonoleggio Isole Dello Stagnone,Agenzia di noleggio auto,https://www.autonoleggioisoledellostagnone.com/,377 401 5442,"Via Torre Sances, 369",Marsala,,info@autonoleggioisoledellostagnone.com,https,WordPress,No,Aruba S.p.A.,,,,Sì,No
Addea Maria,Agenzia di noleggio auto,,0941 21897,"Via Lucania, 9",Patti,,,,,,,,,,,
Onoranze Funebri San Ciro Di Maria Lo Faso,Agenzia funebre,,091 872 5755,"Via Bivona, 6",Marineo,,,,,,,,,,,
Isola Rental Car - Noleggio transfer con Conducente Sicilia,Agenzia di noleggio auto,https://isolarentalcar.com/,380 145 9429,"Via Cristoforo Colombo, 28",Isola delle Femmine,,,https,WordPress,No,Google LLC,,,,Sì,No
Autonoleggio Smeraldo - Rent a Car,Agenzia di noleggio auto,http://www.smeraldoautonoleggiomarsala.it/,320 224 3900,"Contrada S. Leonardo, 64",Marsala,,smeraldorentcar@gmail.com,https,WordPress,Sì,Aruba S.p.A.,,,,Sì,No
De Vita Auto,Agenzia di noleggio auto,,389 126 1410,"Via degli Atleti, 59B",Marsala,,,,,,,,,,,
A.M. Autonoleggi Srl,Agenzia di noleggio auto,,090 962 0043,"Via Alcide De Gasperi, 21",Milazzo,,,,,,,,,,,
Sicily rent a car,Agenzia di noleggio auto,,379 110 4483,"Via Immacolata, 138",Mascali,,,,,,,,,,,
Movimento Elettrico,Agenzia di noleggio auto,,346 672 2400,"Piazza Vittorio Emanuele, 54",Pachino,,,,,,,,,,,
Autonoleggio & servizi Stefan srls,Agenzia di noleggio auto,,347 005 1438,"Via discesa, Via S. Anna, 57",Pantelleria,,,,,,,,,,,
VAN4YOU - Noleggio Furgoni LUCCA,Agenzia per il noleggio di furgoni,https://www.van4you.it/noleggio-furgoni/provincia-lucca/lucca/?utm_source=gmb&utm_medium=scheda-local&utm_campaign=PromozioneLocal,0583 440405,"Viale Europa, 575",Lucca,,,https,Joomla,Sì,Genesys Informatica S.r.l.,56,97,85.00,Sì,No
GULINO CARMELO - AUTONOLEGGIO AUTOFFICINA VENDITA AUTO USATE E NUOVO,Agenzia di noleggio auto,http://www.gulinoauto.it/,0941 361661,"Corso Matteotti, 301",Patti,,gulinocarmelo@virgilio.it,http,Duda,No,Aruba S.p.A. Network,,,,Sì,No
Vinci Onofrio,Agenzia di assicurazioni,,0942 701290,"Via Comandante S. Todaro, 13",Nizza di Sicilia,,,,,,,,,,,
Gr Rent Car,Agenzia di noleggio auto,http://www.rentcargr.it/chisiamo.html,095 668 0567,"Via Cristoforo Colombo, 56",Riposto,,info@rentcargr.it,https,ASP.NET,No,Aruba S.p.A. Network,,,,Sì,No
"Assicurazioni Tusa - SubAgenzia di Marineo (Unipol, Groupama, Axa, Zurich)",Agenzia di assicurazioni,,379 157 0530,"Via Profita, 2",Marineo,,,,,,,,,,,
Auto One srls,Agenzia di noleggio auto,https://www.noleggiamiautoonesrls.com/,338 942 0496,"Via Sirtori, 70",Marsala,,info@autoonesrls.com,https,WordPress,Sì,Google LLC,,,,Sì,No
Flexcar Autonoleggio,Agenzia di noleggio auto,,351 414 8797,"Via Carrata, 70H",Mascali,,,,,,,,,,,
Sicilia Shuttle Service,Agenzia per escursioni,http://www.siciliashuttleservice.it/,380 459 6339,"Via Pompeo Cisternazza, 10 b",Mascalucia,,reservations@siciliashuttleservice.it,https,Joomla,No,Server Plan S.r.l.,,,,Sì,No
4Rent - Noleggio Breve - Medio - Lungo Termine Giammoro,Agenzia di noleggio auto,http://4rentitalia.com/,090 933752,Zona industriale Diramazione C,Pace del Mela,,info@4rentitalia.com,https,WordPress,No,Aruba S.p.A.,,,,Sì,No
Revi & Service Di Dell'Ali A. E Dell'Ali R. Snc,Centro per la revisione tecnica delle auto,https://reviservice.it/,0931 596848,"Via Maucini, 6",Pachino,,info@reviservice.it,https,Shopify,No,OVH SAS,,,,Sì,No
Agenzia C. G. Service Point S.A.S. Di Cracolici Gerlando,Ufficio postale,,091 872 7619,"Via Roma, 2",Marineo,,,,,,,,,,,
Universal Rent,Agenzia di noleggio auto,https://www.universalrent.it/,347 173 5141,"Via Carlo Alberto, 3",Gioiosa Marea,,noleggi.universalrent@gmail.com,https,React,No,OVH ISP,62,74,82.00,Sì,No
GSP AUTO,Agenzia di noleggio auto,,348 058 4684,"Via Case Frassino, 19",Patti,,,,,,,,,,,
RENT CAR BARRESI,Agenzia di noleggio auto,,333 935 8546,Via Eugenio Montale,Mazzarino,,,,,,,,,,,
Giovanni Napoli - Servizio Autonoleggio Taxi Ncc,Agenzia di noleggio auto,,328 955 9989,"Via Francesco Cilea, 34",Palma di Montechiaro,,,,,,,,,,,
Studio Grafico Pesco,Servizio di stampa digitale,http://www.pescostore.com/,091 872 6002,"Corso dei Mille, 152",Marineo,,,https,Shopify,No,Aruba S.p.A. Network,,,,Sì,No
AUTOSERSE- AUTONOLEGGIO TRAPANI,Agenzia di noleggio auto,http://www.autonoleggioserse.com/,388 724 0666,"Via Passo Enea, 30/32",Trapani,,autonoleggioserse@gmail.com,https,ASP.NET,Sì,Aruba S.p.A. Network,,,,Sì,No
Mm-Rent di Martella Maurizio,Agenzia di noleggio auto,,339 632 1927,Via Piave,Surbo,,,,,,,,,,,
Autoservizi cristalditaxi- agenzia viaggi - i viaggi di arazam,Agenzia viaggi,,329 851 8792,"Via Porta Palermo, 21",Mazara del Vallo,,,,,,,,,,,
Carabinieri Comando Stazione Lucca Sicula,Arma dei Carabinieri,,0925 60221,"Via Verga, 1",Lucca Sicula,,,,,,,,,,,
Adap Italia,Agenzia di noleggio auto,http://adapitalia.com/,0924 186 2802,Corso dei Mille,Partinico,,info@adapitalia.com,https,React,No,Server Plan S.r.l.,,,,Sì,No
Anelli Auto,Concessionario auto,http://www.anelliautosrl.it/,0923 883727,SS 115 KM 3.70 SNC,Paceco,,anelliauto@gmail.com,https,Shopify,No,OVH SAS,,,,Sì,No
Gisauto Maniace,Rivenditore di auto,,391 128 4183,"Corso Cavallaro, 42",Maniace,,,,,,,,,,,
Sav srl - Servizi Web - Noleggio Lungo Termine Auto & Moto,Agenzia di noleggio auto,https://www.noleggioautomessina.it/,090 943 3015,"Via Giuseppe La Farina, 96 H",Messina,,info@noleggioautomessina.it,https,Joomla,Sì,OVH SAS,,,,Sì,No
Pit Stop Noleggio Auto E Scooter,Agenzia di noleggio auto,http://www.pitstopnoleggio.it/,090 988 0344,"Via T. M. Amendola, 42",Lipari,,,https,WordPress,Sì,IT.Gate S.p.A.,,,,Sì,No
Patti,Agenzia di noleggio auto,,328 423 8078,Via Orti,Patti,,,,,,,,,,,
"Linea Auto, vendita e noleggio auto, gommoni e camper a Marsala, soccorso stradale",Rivenditore di auto,https://www.lineaauto.eu/,338 469 4811,"Contrada Ciappola, 30 / B",Marsala,,,https,React,No,Aruba S.p.A.,,,,Sì,No
Autonoleggio Miami s.r.l.,Agenzia di noleggio auto,https://www.autonoleggiomiamicatania.it/,346 628 9109,"Via Nicola Coviello, 35/37",Gravina di Catania,,info@autonoleggiomiamicatania.it,https,WordPress,No,WorldStream B.V.,,,,Sì,No
Semida Group - Messina Tremestieri,Agenzia di noleggio auto,http://www.semidagroup.it/,090 651 0832,SS 114 Orientale Sicula,Messina,,info@semidagroup.it,https,Joomla,Sì,Aruba S.p.A. Network,,,,Sì,No
Lg Tour,Agenzia di noleggio auto,,333 404 8496,"Via F. Firmaturi, 4",Corleone,,,,,,,,,,,
Autonoleggio PantelRent,Agenzia di noleggio auto,http://www.noleggioautopantelleria.it/,0923 913636,Via Circonvallazione Aeroporto,"Località Cimillia, Pantelleria",,pantelrent@gmail.com,https,Shopify,Sì,Servereasy Srl,,,,Sì,No
Sirental by Gilmotors Autonoleggio Pachino Marzamemi Catania Aeroporto,Agenzia di noleggio auto,http://www.sirental.it/,0931 175 7792,"Viale Sebastiano Fortuna, 21",Pachino,,info@sirental.it,https,ASP.NET,No,HOSTINGER DE,,,,Sì,No
ARCODIA centro servizi AUTO,Meccanico e assistenza automobili,,324 747 9098,"Corso Cavallaro, 71",Maniace,,,,,,,,,,,
CAMERA DEL LAVORO MARINEO PATRONATO CAAF CGIL,Agenzia di assicurazioni,,091 872 5634,"Via Profita, 2",Marineo,,,,,,,,,,,
AUTONOLEGGIO MOTORNAUTICAR LECCE STAZIONE - SU PRENOTAZIONE APPUNTAMENTO,Agenzia di noleggio auto,http://motornauticar.com/,371 380 4309,"Via di Ussano, 25 A",Lecce,,info@motornauticar.com,https,WordPress,No,Google LLC,,,,Sì,No
Agenzia Vaccaro SAS di VACCARO Francesco E C.,Agenzia pratiche auto e barche,http://www.agenziavaccaro.it/,0923 942078,"Via Generale Carlo Alberto dalla Chiesa, 8",Mazara del Vallo,,,https,Joomla,No,Aruba S.p.A,,,,Sì,No
Piera Quinci Agenzia Viaggi,Agenzia viaggi,,0923 418500,"Via Sandro Botticelli, 26",Mazara del Vallo,,,,,,,,,,,
MGL Rent,Agenzia di noleggio auto,http://mglrent.com/,350 918 8495,"Via Nino Savarese, 25/A",Palermo,,info@mglrent.it,https,Shopify,Sì,Aruba S.p.A.,,,,Sì,No
Vulcano Autonoleggio,Agenzia di noleggio auto,,380 200 9353,"Corso Marco Polo, 19",Trecastagni,,,,,,,,,,,
Officina e Noleggio Auto a Pantelleria Brignone Roberto,Agenzia di noleggio auto,https://www.autonoleggioapantelleria.it/,347 067 2869,"Via Arenella, 10",Pantelleria,,info@autonoleggioapantelleria.it,https,ASP.NET,Sì,Sconosciuto,,,,Sì,No
Barresi Tours,Agenzia di noleggio auto,https://www.barresitour.it/,0934 382987,"Via Goffredo Mameli, 19",Mazzarino,,info@barresitours.it,https,WordPress,Sì,VHosting,,,,Sì,No
AUTONOLEGGIO PANTEL S.R.L. UNIPERSONALE,Agenzia di noleggio auto,,0923 911908,"Via Punta Croce, 77",Pantelleria,,,,,,,,,,,
Gi.Sa. Consulenza Automobilistica Di Santangelo Giuseppe,Ufficio patenti,,095 780 0136,"Corso Ara di Giove, 187",Pedara,,,,,,,,,,,
RADYSHAMS Rent Adventure Relax a Pantelleria,Agenzia di noleggio moto,http://www.radyshams.com/,389 156 2893,"Strada Perimetrale Ovest, 199",Pantelleria,,info@radyshams.com,https,WordPress,No,Serverplan,,,,Sì,No
Sam Service,Agenzia di noleggio auto,https://samcarservice.it/,380 177 8272,"Via Alcide de Gasperi, 121",Mascalucia,,samcarservice2023@gmail.com,https,Shopify,No,Keliweb,,,,Sì,No
UniCredit,Banca,,091 789 2210,"Via Agrigento, 21",Marineo,,,,,,,,,,,
Riolo Rent - Autonoleggio Gruppo Riolo,Agenzia di noleggio auto,https://www.riolo-rent.it/,800 180 477,"Via Enzo Biagi, 8",Palermo,,info@riolorent.it,https,WordPress,Sì,Sconosciuto,,,,Sì,No
Autonoleggio Con Conducente NCC Taxi Davide Collodoro Mazzarino,Agenzia di noleggio auto,https://autoservicenccdavidecollodoro.it/,0934 396993,"Via Gagliano, 2",Mazzarino,,dcollodoro@yahoo.it,https,WordPress,Sì,Signet B.V.,,,,Sì,No
Palermo By Car,Agenzia di noleggio auto,,375 770 0479,"Via Giuseppe Pitrè, 2",Palermo,,,,,,,,,,,
Car Pagliara - Assistenza Vendita Noleggio Auto,Carrozzeria,https://www.carpagliara.it/,345 874 3585,SP61,Erchie,,info@pagliarasrl.it,https,React,Sì,Serverplan s.r.l.,,,,Sì,No
MasterRent,Agenzia di noleggio auto,https://www.master-rent-brindisi.it/,379 113 9331,"Via Osanna, 78/78A",Brindisi,,masterrent22@gmail.com,https,Basekit,No,Aruba-Hosting-(Technorail),,,,Sì,No
Autonoleggio Consolo Noleggio AUTO scooter Pantelleria - SERVIZIO TAXI Pantelleria - ESCURSIONI- WEDDING bus e MINIBUS,Agenzia di noleggio auto,https://www.autonoleggiopantelleria.info/,338 611 6825,Via Madonna della Margana,Pantelleria,,autonoleggioconsolopnl@gmail.com,https,Angular,No,Aruba S.p.A.,,,,Sì,No
Noleggio Auto e Furgoni Maggiore AmicoBlu - Milazzo,Agenzia di noleggio auto,,090 924 0015,"Via Nino Bixio, 53",Milazzo,,,,,,,,,,,
Centro Servizi Auto Catalano,Concessionario auto,,328 347 3343,"Corso Margherito, 135",Maniace,,,,,,,,,,,
Autocarrozzeria Placidino,Officina autoriparazioni,http://www.carrozzeriaplacidino.it/,339 818 6580,Contrada Gallo,Patti,,isgrop@alice.it,https,WordPress,No,Server Plan S.r.l.,,,,Sì,No
DY.DRA.SRLS vendita e noleggio auto,Concessionario auto,,388 424 4777,Contrada Santa Croce Costantino,Piazza Armerina,,,,,,,,,,,
Avis,Agenzia di noleggio auto,,0925 72299,"Via G. Volpe Storico, 41",Menfi,,,,,,,,,,,
DHL Service Point ✅,Corriere,https://shipnow.dhl.com/it/it,199 199 345,"Via Alberto Burri, 34",Gibellina,,,https,React,No,Akamai Technologies,,,,Sì,No
Fili Autoservizi di Fili Mario Antonio,Agenzia di noleggio auto,http://www.filiautoservizi.it/,095 818 5832,"Via Treviso, 56",Mascalucia,,info@filiautoservizi.it,https,React,No,Sconosciuto,,,,Sì,No
Pegasus Auto Vendita & Noleggio,Rivenditore di auto,https://www.pegasusauto.it/,0832 199 2127,"Via Lequile, 154",Lecce,,info@pegasusautolecce.it,https,Joomla,No,Aruba S.p.A. Network,,,,Sì,No
manucar.noleggia,Agenzia di noleggio auto,https://www.manucar.it/,327 349 7808,"Via Antonio Gramsci, 15",Torchiarolo,,,https,Joomla,No,Aruba S.p.A. Network,,,,Sì,No
Moviti Srls - società di servizi DELIVERY FOOD & ELECTRIC VEHICLE RENTAL,Agenzia di noleggio moto,,366 903 1036,"Via F. Crispi, 18",Porto Empedocle,,,,,,,,,,,
Autoservizi New Travels Ncc Taxi,Servizi di trasporto,http://www.autoservizinewtravels.it/,0923 986745,"Via Pio La Torre, 10",Petrosino,,info@autoservizinewtravels.it,http,ASP.NET,Sì,Aruba S.p.A. Network,,,,Sì,No
Sicily by Car Autonoleggio Aeroporto di Pantelleria,Agenzia di noleggio auto,,0923 912940,"Contrada Margana Aeroporto di Pantelleria, Via Madonna della Margana",Pantelleria,,,,,,,,,,,
Lanteri Travel Viaggi e Turismo,Agenzia viaggi,,0931 550305,"Via Iblea, 12",Melilli,,,,,,,,,,,
RENT FACILE S.r.l.,Agenzia di noleggio auto,https://www.rentfacile.it/,06 4040 8198,"Via Arturo Toscanini, 2",Mazara del Vallo,,,https,WordPress,No,Sconosciuto,,,,Sì,No
Noleggio Sicuro Marsala,Agenzia di noleggio auto,https://www.noleggiosicuromarsala.it/,320 788 3860,"Contrada S. Giuseppe Tafalia, 186",Marsala,,noleggiosicuromarsalaweb@gmail.com,https,React,No,Google LLC,,,,Sì,No
Autonoleggio 4x4 Rent Pantelleria,Agenzia di noleggio auto,https://www.4x4rentpantelleria.it/,338 905 4230,"P.za Cavour, 37",Pantelleria,,,https,React,Sì,TransIP BV,,,,Sì,No
Associazione Pro Loco di Piana degli Albanesi,Centro informazioni turistiche,,350 579 6110,"Via G. Ipsari, 5",Piana degli Albanesi,,,,,,,,,,,
Medicom Servizi,Agenzia per il noleggio di attrezzature,http://www.medicomservizi.it/,335 585 1814,Via della Resistenza,Pedara,,,https,React,No,Google LLC,,,,Sì,No
PDM Noleggio e Vendita di Di Mauro Paolo,Agenzia di noleggio auto,,342 325 5763,"Via Fragala, 95017",Piedimonte Etneo,,,,,,,,,,,
"CALLACI GROUP SRLS, DELEGAZIONE ACI MENFI",Agenzia pratiche auto e barche,http://acimenfi.it/,0925 570733,"Corso dei Mille, 76",Menfi,,info@acimenfi.it,https,React,No,Keliweb S.R.L,,,,Sì,No
Gitto Autonoleggi,Agenzia di noleggio auto,http://www.gittoautonoleggi.it/,090 200 8853,"Via Antonio Calderone, 30/D",Barcellona Pozzo di Gotto,,info@gittoautonoleggi.it,https,Angular,Sì,Serverplan S.r.l.,,,,Sì,No
Sicily by Car Autonoleggio Aeroporto di Napoli,Agenzia di noleggio auto,,081 780 9124,"Aereoporto Capodichino, Viale F. Ruffo di Calabria",Napoli,,,,,,,,,,,
Noleggio Auto Partinico - Di Paola Cars,Agenzia di noleggio auto,https://www.dipaolacars.com/rent,393 912 1898,"Contrada Turrisi, SS186, km 28",Partinico,,info@dipaolacars.com,https,Joomla,No,SEEWEB s.r.l.,,,,Sì,No
Noleggio auto car rental Autopark Marsala,Agenzia di noleggio auto,https://www.autoparkmarsala.com/autonoleggio-marsala-trapani-birgi,348 750 6742,Contrada Berbaro,Marsala,,,,Shopify,Non trovato,Google LLC,,,,No - Pagina Non Trovata (404),No
TOPCAR di Onorato Salvatore Rito,Mercatino dell'auto,,327 811 6389,"Piazza G. B. Caruso, 3",Polizzi Generosa,,,,,,,,,,,
Autonoleggio e vendita | iCar | Senza carta di credito,Agenzia di noleggio auto,https://www.icarservice.it/,0923 718237,"Lungomare Mediterraneo, 17/A",Marsala,,info@icarservice.it,http,Joomla,Sì,Aruba S.p.A. Network,,,,Sì,No
RentalPlus Napoli Airport,Agenzia di noleggio auto,http://www.rentalplus.it/,081 1996 6123,"Via del Riposo, 18",Napoli,,info@rentalplus.it,https,Shopify,Sì,Server Plan S.r.l.,,,,Sì,No
Maggiore Assicurazioni Di Maggiore Gino & C. S.N.C.,Agenzia di assicurazioni,,095 655930,"Via Umberto I, 8",Militello In Val di Catania,,,,,,,,,,,
Europcar Napoli Aeroporto,Agenzia di noleggio auto,,081 780 5643,Viale F. Ruffo di Calabria,Napoli,,,,,,,,,,,
Autofficina Autonoleggio Gallina,Agenzia di noleggio auto,https://www.autonoleggiogallina.it/,349 252 6140,"Via Favignana, 6",Porto Empedocle,,,https,WordPress,No,Aruba S.p.A.,,,,Sì,No
Posta Privata Ragalna di Orazio Di Stefano,Servizi postali,,376 094 5085,"Via Paternò, 92",Ragalna,,,,,,,,,,,
Noleggio da Enza,Agenzia di noleggio moto,,339 337 2602,"Via Roma, 133",Malfa,,,,,,,,,,,
Elegance cars Liguori autonoleggio per matrimoni,Agenzia di noleggio auto,https://www.elegancecarsliguori.it/,091 893 0535,"Via dell'Orsa Minore, n 45/47",Palermo,,,https,WordPress,No,Aruba S.p.A. Network,,,,Sì,No
I-Rent SRL,Agenzia di noleggio auto,https://irent-autonoleggio.com/,0931 185 0575,"Corso Umberto I, 4",Siracusa,,,https,React,No,Amazon Technologies Inc.,55,63,82.00,Sì,No
GoSicily - Transfer & Tour,Servizio taxi,http://www.gosicily.it/,346 677 5333,"Via Italia, 16",Melilli,,info@gosicily.it,https,WordPress,Sì,Aruba S.p.A.,65,86,100.00,Sì,No
Gm Cars,Rivenditore di auto,,0922 611115,Contrada traccana,Raffadali,,,,,,,,,,,
Etnabus Travel Noleggio Pullman e Minibus,Noleggio di autobus,http://www.etnabustravel.com/,095 587 3293,"Piazza del Popolo, 11",Pedara,,info@etnabustravel.com,https,Angular,No,Google LLC,56,73,100.00,Sì,No
RENT A CAR NOLEGGIO MESSINA SUD,Agenzia di noleggio auto,,392 616 8951,"Via Vecchia Comunale, 43",Messina,,,,,,,,,,,
Galdieri Rent Messina,Agenzia di noleggio auto,,090 907 6483,"Via Orso Mario Corbino, 8",Messina,,,,,,,,,,,
De.Al. Car Noleggio Auto,Agenzia di noleggio auto,,379 186 1949,Str. Vicinale Macello,Trepuzzi,,,,,,,,,,,
Autoscuola Vallone Prizzi,Autoscuola,,339 489 8755,"Vicolo Crocifisso, 4",Prizzi,,,,,,,,,,,
Onoranze Funebri Torretta Rosario,Agenzia funebre,,338 876 3049,"Via Libertà, 79",Prizzi,,,,,,,,,,,
Oasi nel Blu - Noleggio e Servizi Turistici a Lampedusa,Agenzia di noleggio auto,https://www.oasinelblulampedusa.com/,334 347 5927,"Via Giuseppe Tomasi, 53",Lampedusa e Linosa,,oasinelblu@hotmail.com,https,Shopify,Sì,Servereasy Srl,56,80,100.00,Sì,No
Obelix Rental Car,Agenzia di noleggio auto,https://www.obelixrentalcar.it/,0923 909429,"Via Salemi, 222",Mazara del Vallo,,obelixrentalcar@gmail.com,https,Shopify,No,Google LLC,,,,Sì,No
Autonoleggio Fast Rent Messina,Agenzia di noleggio auto,,351 880 4561,"Via Maddalena, 106",Messina,,,,,,,,,,,
Noleggio Autobus Servizio Taxi Di Caligiore Renato,Agenzia di noleggio auto,,0931 473187,"Via Tagliamento, 20A",Palazzolo Acreide,,,,,,,,,,,
Carabinieri Comando Stazione Pettineo,Arma dei Carabinieri,,0921 336050,"18, Via G. Falcone e P. Borsellino, SP176",Pettineo,,,,,,,,,,,
The World Of Rental Ragusa,Agenzia di noleggio auto,,331 502 9781,"Viale dei Platani, 65",Ragusa,,,,,,,,,,,
Sicilia Noleggi auto e scooter,Agenzia di noleggio auto,http://www.sicilianoleggi.it/,328 415 1840,"Via Orata, 46",Scicli,,,https,BigCommerce,No,Aruba S.p.A. Network,57,79,92.00,Sì,No
Pozzallo Car Rental e Taxi Franco Rizza - Porto Pozzallo,Servizio taxi,http://www.taxiportopozzallo.com/,333 797 5622,"Via L. Sciascia, 15",Pozzallo,,,https,Joomla,No,Aruba S.p.A. Network,74,93,91.00,Sì,No
Sicily Luxury Cars,Servizio per matrimoni,http://www.sicilycarservice.it/,338 572 3420,"Via Torquato Tasso, 26",Palermo,,info@sicilycarservice.it,https,Joomla,No,OVH SAS,72,73,92.00,Sì,No
HOUSE IMMOBILIARE GROUP,Agente immobiliare,http://www.houseimmobiliare.eu/,095 620669,"Via Paternò, 52",Ragalna,,,https,WordPress,No,Aruba S.p.A. Network,55,73,85.00,Sì,No
Zero noia escursioni in barca,Agenzia di escursioni in barca,,329 740 6498,"Via Vittorio Emanuele, 214",Portopalo di Capo Passero,,,,,,,,,,,
Scala Gianfranco,Agenzia di noleggio auto,,0932 797064,"Viale Papa Giovanni XXIII, 91",Pozzallo,,,,,,,,,,,
Noleggio Auto a Pozzallo da Franco - Rent a Car in Pozzallo,Agenzia di noleggio auto,https://www.rentacarpozzallo.com/,368 351 0304,"Largo Vespri Siciliani, 5",Pozzallo,,,https,Joomla,Sì,SEEWEB s.r.l.,57,83,92.00,Sì,No
MG AUTO SRL,Rivenditore di auto usate,http://www.mgautosr.it/,0931 760820,"Via Napoli, 9/10",Priolo Gargallo,,,https,WordPress,No,Aruba S.p.A.,67,90,77.00,Sì,No
Nicolosi Rag. Graziella,Consulente,,095 654404,"Via Giusti, 94",Ramacca,,,,,,,,,,,
Ferrara Assicurazioni Sas,Agenzia di assicurazioni,,091 856 1001,"Piazza Vittorio Emanuele, 6",Piana degli Albanesi,,,,,,,,,,,
AutoOne Napoli - Vendita & Noleggio Auto,Agenzia di noleggio auto,https://autoone.it/,081 1962 4115,"Via del Riposo, 18",Napoli,,,https,Shopify,No,OVH SAS,65,89,92.00,Sì,No
Autonoleggio Design Pro,Agenzia di noleggio auto,http://www.autonoleggiodesignpro.com/,339 716 6042,"Via Giovanni Verga, 8",Sant'Agata di Militello,,design.pro@libero.it,https,Wix,No,Google LLC,71,97,100.00,Sì,No
Fratelli Monaco,Agenzia di noleggio gru,https://www.fratellimonaco.com/,329 270 8572,"Via Nuova Zelanda, 63",Mazara del Vallo,,info@fratellimonaco.com,https,Shopify,Sì,Keliweb S.R.L,66,96,100.00,Sì,No
Overdrive Autonoleggio - Car rental - Pozzallo - Porto Pozzallo,Agenzia di noleggio auto,https://www.overdrivepozzallo.com/,389 432 3215,"Viale Papa Giovanni XXIII, 79",Pozzallo,,overdrivepozzallo@gmail.com,https,WordPress,Sì,Aruba S.p.A.,41,53,92.00,Sì,No
Nc Auto ALD Usato,Rivenditore di auto usate,http://www.nc-auto.it/,348 175 7933,SS115,Porto Empedocle,,ncauto@alice.it,https,WordPress,Sì,SoftLayer,48,79,75.00,Sì,No
Sirnolo S.R.L.,Servizi per le imprese,https://sirnolo.it/,0931 769440,"SP114, 9",Priolo Gargallo,,,https,WordPress,No,Aruba S.p.A.,61,70,100.00,Sì,No
New Pubblirama Viaggi E Turismo,Agenzia viaggi,,095 653066,"Via Giusti, 39",Ramacca,,,,,,,,,,,
Barcellona Giovanni Assicurazioni,Agenzia di assicurazioni,,095 654448,"Via Torino, 9",Ramacca,,,,,,,,,,,
AM SERVIZI AUTONOLEGGIO,Agenzia di noleggio auto,,0983 90387,"S.da Statale 106 Jonica, 114",Marina di Pietrapaola,,,,,,,,,,,
Crédit Agricole Italia,Banca,,095 653298,"Via Roma, 38/40",Ramacca,,,,,,,,,,,
Car Rental: Autonoleggio Rinzivillo -Taxi Pozzallo - Rent a Car Porto di Pozzallo,Agenzia di noleggio auto,https://www.autonoleggiorinzivillo.it/,340 729 7156,"Via Napoli, 170",Pozzallo,,,https,Shopify,No,Hetzner Online GmbH,64,95,92.00,Sì,No
Zampogna Auto Srl,Rivenditore di auto,,338 632 0860,"Via Genova, 28",Ramacca,,,,,,,,,,,
Autoservizi Simili Snc,Agenzia di noleggio auto,,0933 981894,"Contrada Albone Bianco, Mineo, CT 95044",Mineo,,,,,,,,,,,
Carrozzeria 2000 Fusco...noleggio,Carrozzeria,http://www.carrozzeriafusco.com/,091 857 5680,Contrada Ponte Rosso snc Zona industriale,Piana degli Albanesi,,officecar2000@gmail.com,https,React,No,Aruba S.p.A. Network,62,87,82.00,Sì,No
McRent Sicily,Agenzia di noleggio camper,,393 925 5196,"Via Giunta, 1",Randazzo,,,,,,,,,,,
Carabinieri • Comando Stazione Ramacca,Arma dei Carabinieri,,095 653000,"Piazza Tenente di Fazio, 9",Ramacca,,,,,,,,,,,
Etnauto Autosalone e Noleggio,Rivenditore di auto,http://www.etnauto.it/,095 648455,"SS120, 66",Piedimonte Etneo,,,https,WordPress,No,Server Plan S.r.l.,41,66,85.00,Sì,No
Carabinieri Comando Presidio Raddusa,Arma dei Carabinieri,,095 662000,SP114,Raddusa,,,,,,,,,,,
Manuel Viaggi,Noleggio di autobus,,095 811647,"Via Manzoni, 24",Militello In Val di Catania,,,,,,,,,,,
BETALAND SHOP DI SOTTOSANTI GIUSEPPE,Agenzia di scommesse,,095 793 8107,"Via Vincenzo Bellini, 62",Ramacca,,,,,,,,,,,
Guerrera Auto Ramacca,Rivenditore di auto,,338 430 2674,"Via Vespucci, 1",Ramacca,,,,,,,,,,,
Agenzia per il Mediterraneo,Ufficio aziendale,,334 689 9728,"Viale della Libertà, 138",Ramacca,,,,,,,,,,,
Outlet Car vendita auto nuove e usate,Rivenditore di auto usate,http://www.outletcarpriolo.it/,392 648 4109,"Via Litoranea Priolese, 15 /A",Priolo Gargallo,,outletcar3@gmail.com,https,WordPress,No,Hostinger International Limited,45,36,61.00,Sì,No
Autoparco Blundo Srl,Servizio di traino,,0932 255950,"Via Giovanni Leone, 22",Ragusa,,,,,,,,,,,
Asya Autonoleggi,Agenzia di noleggio auto,https://alibrando.net/,090 928 8585,"Via Migliavacca, 90",Milazzo,,info@alibrando.net,https,React,No,Google LLC,56,70,92.00,Sì,No
Consorzio Revisioni Auto Prizzi,Officina autoriparazioni,,091 834 6931,"Via Sandro Pertini, Prizzi, PA 90038",Prizzi,,,,,,,,,,,
RIM autonoleggio,Agenzia di noleggio auto,http://www.rimautonoleggio.it/,081 215 9137,"Viale Comandante Umberto Maddalena, 210",Napoli,,noleggio@officinailliano.it,https,WordPress,Sì,Google LLC,65,92,100.00,Sì,No
Hertz Autonoleggio - Ragusa - Via Generale S La Rosa 12a,Agenzia di noleggio auto,,0932 228292,"Via Gen. Salvatore La Rosa, 12/A",Ragusa,,,,,,,,,,,
Ad Automotive - Autonoleggio Aeroporto Comiso - Breve e Lungo Termine,Agenzia di noleggio auto,https://www.adautomotive.it/,334 829 8380,"Contrada Serra Carcara, Snc",Comiso,,info@adautomotive.it,https,Shopify,No,Sconosciuto,61,73,85.00,Sì,No
Officina Catalanotto,Officina autoriparazioni,,0924 981350,"Contrada Santantonicchio, 293/A",Salemi,,,,,,,,,,,
Grasso Auto,Rivenditore di auto,http://www.grassoauto.it/,095 921327,"Via Giunta, 1",Randazzo,,,https,WordPress,No,Aruba S.p.A.,0,0,0.00,Sì,No
All In Motors - Rent Car - Taxi - Noleggio Auto Autonoleggio - Porto Pozzallo,Rivenditore di auto usate,http://www.allinmotors.it/,393 303 0100,SP44,Pozzallo,,info@allinmotors.it,https,React,No,Aruba S.p.A. Network,63,81,100.00,Sì,No
Emmeauto -Rent Car Noleggio Auto Nuove Usate Porto Pozzallo,Agenzia di noleggio auto,https://www.emmeautopozzallo.it/,338 157 6218,"Via Asia, 1",Pozzallo,,emmeauto.pozzallo@libero.it,https,React,Sì,WeservIT,70,99,92.00,Sì,No
La Rosa Assicurazioni,Agenzia di assicurazioni,,320 890 7943,"Via Giuseppe Cuttitta, 30",Roccapalumba,,,,,,,,,,,
Sigmatur (S.R.L.),Agenzia di noleggio auto,,0933 991751,"Piazza Vespri, 18",Mirabella Imbaccari,,,,,,,,,,,
Autohaus di Gattuso Diego,Concessionario auto,,339 882 3917,Via Olimpica,Ravanusa,,,,,,,,,,,
RMS Rent & Mobility Solutions - Brand Agency Ayvens Napoli,Agenzia di noleggio auto,https://www.rmsolutions.it/noleggio-auto-lungo-termine-napoli/,800 911 950,"Via Vicinale S. Maria del Pianto 1, Centro Polifunzionale - Torre, 7",Napoli,,,https,WordPress,Sì,Hetzner Online GmbH,77,83,92.00,Sì,No
R.P.M. - Brokers Sas Di Caruso Rita Lucia & C.,Agente immobiliare,https://rpm-brokers.it/,0924 981479,"Via Monte Rose, 4",Salemi,,info@rpm-brokers.it,https,Angular,No,Oracle Corporation,85,86,91.00,Sì,No
Golden Car - Rent Car Noleggio Auto Nuove Usate Porto Pozzallo,Agenzia di noleggio auto,http://www.goldencarpozzallo.it/,338 797 8131,"Via M. Rapisardi, 110",Pozzallo,,,,React,Sì,Keliweb S.R.L,0,0,92.00,Sì,No
Crimi Armando,Agenzia di assicurazioni,,0924 981626,"Corso dei Mille, 11",Salemi,,,,,,,,,,,
Digital Sea,Agenzia di pubblicità,,320 610 8152,"Via Belvedere, 21",Sambuca di Sicilia,,,,,,,,,,,
Kevincars,Agenzia di noleggio auto,,393 370 2916,"V.le della Repubblica, 24",Mirto,,,,,,,,,,,
QuickCar - Autonoleggio di Concetta Quartarone,Agenzia di noleggio auto,,331 903 0525,"Via Sacerdote Gaetano Brocato, 4",Rosolini,,,,,,,,,,,
Noleggio Auto Maggiore - Rossano Scalo,Agenzia di noleggio auto,,0983 293142,"Via Dei Normanni, Via Gran Sasso, Snc",Scalo Cose,,,,,,,,,,,
Agenzia S.Antonio- Pratiche Auto di Porretto Enzo,Ufficio patenti,http://www.sermetra.it/,0922 876990,"Via Giovanni Boccaccio, 10",Ravanusa,,,https,WordPress,No,Google LLC,61,87,85.00,Sì,No
Flamingo rent,Agenzia di noleggio auto,https://flamingorent.it/,377 396 4746,"Strada Salinagrande, 98",Misiliscemi,,info@flamingorent.it,https,Shopify,Sì,Aruba S.p.A. Network,63,85,82.00,Sì,No
Autoaranzulla.com,Concessionario auto,http://www.autoaranzulla.com/,335 580 3315,"Via Toniolo, 40",Mirabella Imbaccari,,info@autoaranzulla.com,https,WordPress,Sì,SoftLayer,52,87,75.00,Sì,No
Noleggiare,Agenzia di noleggio auto,https://www.noleggiare.it/it/noleggio-auto/sedi/noleggio-auto-a-cosenza-rossano/,334 929 3789,Contrada Amarelli,Rossano,,info@noleggiare.it,https,WordPress,No,"Cloudflare, Inc.",45,77,85.00,Sì,No
Delè Auto e Noleggio - De Nitto & Lezzi,Agenzia di noleggio auto,,329 216 1967,"Via Giovanni Presta, 29",Lecce,,,,,,,,,,,
Silcar,Negozio di ricambi per auto,,338 905 2244,"Via S. Leonardo, 88",Salemi,,,,,,,,,,,
salento service noleggio auto per matrimonio,Agenzia di noleggio auto,,377 343 5633,"Via Ada Cudazzo, 35",Lecce,,,,,,,,,,,
Royalcar s.r.l.s.,Concessionario auto,,339 440 0474,"Piazza Ernesto Che Guevara, 1",Sambuca di Sicilia,,,,,,,,,,,
Agenzia Viaggi Garit Viaggi,Agenzia viaggi,https://www.garitviaggi.it/,095 812555,"Via Umberto I, 169",Militello In Val di Catania,,,https,Shopify,No,Hetzner Online GmbH,31,40,83.00,Sì,No
Auto Bongiorno Ribera,Rivenditore di auto usate,http://www.autobongiorno.it/,0925 63656,"Via Benvenuto Cellini, 46",Sciacca,,,https,Vue,No,"Amazon.com, Inc.",32,46,77.00,Sì,No
Drive In Srl,Rivenditore di auto,https://www.driveinautomobili.it/,0934 921656,"43, Viale Bosco Don",Riesi,,driveinauto@alice.it,https,WordPress,Sì,SoftLayer,48,86,75.00,Sì,No
Rental Car Service Pozzallo,Agenzia di noleggio auto,http://www.rentalcarsicilia.com/,347 062 6221,"Viale Medaglie D'oro, Porto di Pozzallo",Zona Portuale,,,https,React,No,Aruba S.p.A.,68,75,91.00,Sì,No
Carabinieri • Comando Stazione Roccamena,Arma dei Carabinieri,,091 846 5025,"Via Umberto I, 148",Roccamena,,,,,,,,,,,
Nexive Messina Rometta,Servizi postali,,090 996 3349,Via Lifia,Rometta Marea,,,,,,,,,,,
Fontana Antonino,Ufficio patenti,,0924 983749,"Via Marsala, 48",Salemi,,,,,,,,,,,
HDI ASSICURAZIONI ROMETTA,Agenzia di assicurazioni,,090 996 2375,"V. Nazionale, 369/371",Rometta Marea,,,,,,,,,,,
Centro Revisione e Officina meccanica Ignazio Marchese,Officina autoriparazioni,,0924 64209,"sn, c.da Vignagrande, zona artigianale, Contrada Gessi",Salemi,,,,,,,,,,,
Lembo & Lo Greco Assicurazioni,Agenzia di assicurazioni,,091 858 2302,"Via Canepa, 62",San Giuseppe Jato,,,,,,,,,,,
Cams,Agenzia di noleggio auto,,339 107 8354,"Via Dante Alighieri, 36/38",Rocca di Capri Leone,,,,,,,,,,,
CENTERDATICASTIGLIA,Agenzia di assicurazioni,,327 426 8324,CONTRADA MARIANO SS 190 (BIVIO CHIOLO DIFRONTE EX RISTORANTE LO SPERONE,Riesi,,,,,,,,,,,
Carabinieri Comando Stazione Sambuca di Sicilia,Arma dei Carabinieri,,0925 941181,"Via S. Croce, 1",Sambuca di Sicilia,,,,,,,,,,,
Alleanza Assicurazioni S.p.A.,Agenzia di assicurazioni,,091 857 8816,"Via Piana degli Albanesi, 31",San Giuseppe Jato,,,,,,,,,,,
LG Auto di Cusumano Gregorio,Rivenditore di auto,https://www.lgautosambuca.com/?utm_source=google&utm_medium=wix_google_business_profile&utm_campaign=9403284745829046420,339 118 6824,"Contrada Casa Bianca, SNC",Sambuca di Sicilia,,lg.auto@tiscali.it,https,Wix,Sì,Google LLC,64,92,100.00,Sì,No
Volpe Tours Snc,Noleggio di autobus,,340 981 9599,"Via Giorgio la Pira, 3",San Cipirello,,,,,,,,,,,
Agenzia Cusumano,Agenzia di assicurazioni,,0925 942378,"Via Belvedere, 66",Sambuca di Sicilia,,,,,,,,,,,
Belich Edil Metal s.r.l.,Costruttore di tettoie e pergole,,338 626 5100,Via Giuseppe Garibaldi,Salaparuta,,,,,,,,,,,
GAMMAUTO360,Agenzia di noleggio auto,https://gammauto360.it/,380 280 4479,"Via Sanzio Raffaello, 26",Lecce,,,https,WordPress,Sì,Google LLC,70,95,100.00,Sì,No
Dott.ssa Licari Mariagabriella Promotore Finanziario,Consulente finanziario,,091 857 2754,"Corso Umberto I, 54",San Giuseppe Jato,,,,,,,,,,,
Carabinieri Comando Stazione Salaparuta,Arma dei Carabinieri,,0924 75636,"Via Campania, 2",Salaparuta,,,,,,,,,,,
ragno,Agenzia di design,,320 900 9131,"Via Francesco Crispi, 13",San Filippo del Mela,,,,,,,,,,,
Red S.R.L.,Agenzia immobiliare,,090 941 7330,"V. Nazionale, 341",Rometta,,,,,,,,,,,
Politi Viaggi,Noleggio di autobus,http://www.viaggipoliti.it/,0933 991432,"Via Antonio Gramsci, 90",Mirabella Imbaccari,,filippa.romeo@tiscali.it,https,Joomla,Sì,Aruba S.p.A. Network,33,56,83.00,Sì,No
Carefree Drive - Assicurazioni - Infortunistica Stradale - Noleggio auto a b/m/l termine,Servizi di sicurezza stradale,http://www.carefreedrive.it/,333 868 7245,"Corso Sandro Pertini, 32",Modica,,info@carefreedrive.it,https,WordPress,Sì,Aruba S.p.A.,62,82,92.00,Sì,No
Autonoleggio Gulliver,Agenzia di noleggio auto,https://www.gulliver-rent.it/,0925 26557,"Corso Vittorio Emanuele, 11",Sciacca,,info@gulliver-rent.it,http,Duda,No,Aruba S.p.A. Network,57,82,85.00,Sì,No
Tour barocco noleggio con conducente,Agenzia di noleggio auto,https://www.tourbarocco.it/,320 656 7676,"Via Michele Pennavaria, 2",Ragusa,,info@tourbarocco.it,https,WordPress,No,Aruba S.p.A. Network,61,78,100.00,Sì,No
Noleggio Fast,Agenzia di noleggio auto,https://www.noleggiofast.it/,090 902 1687,"Via Vittorio Emanuele II, 25/26",Messina,,preventivi@noleggiofast.it,https,Shopify,No,Aruba S.p.A.,48,70,100.00,Sì,No
Chillemi Sebastiano,Ufficio patenti,,090 931629,"Corso Aldo Moro, 28",San Filippo del Mela,,,,,,,,,,,
Agenzia Scommesse Crimi,Agenzia di scommesse,,388 145 8439,"Corso Umberto I, 382",San Giuseppe Jato,,,,,,,,,,,
CM Motors Autonoleggio S.R.L,Agenzia di noleggio auto,,327 422 2814,"Via dell'Aquilone, 105",Giorgilorio,,,,,,,,,,,
Jonica Carrozzeria e Autonoleggio,Agenzia di noleggio auto,,0942 750569,"Via V. E. Orlando, 22",Santa Teresa di Riva,,,,,,,,,,,
Pro loco L'Araba Fenicia di Sambuca di Sicilia,Centro informazioni turistiche,http://www.prolocosambuca.it/,391 706 5531,"Corso Umberto, 113",Sambuca di Sicilia,,info@prolocosambuca.it,https,React,No,Amazon Technologies Inc.,63,87,100.00,Sì,No
MisterWhite Rent,Agenzia di noleggio auto,,329 048 3334,"Via Giuseppe Garibaldi, 529",Misterbianco,,,,,,,,,,,
NOLITALY Autonoleggio,Agenzia di noleggio auto,https://nolitaly.it/,095 090 7631,"Corso del Popolo, 12",Paternò,,preventivi@nolitaly.it,https,Shopify,No,Google LLC,38,72,100.00,Sì,No
Autonoleggio Flash,Agenzia di noleggio auto,,340 993 4613,Via Fratelli Cervi,Misterbianco,,,,,,,,,,,
Agenzia di Onoranze Funebri Trinacria di Sciamè Sas & C.,Agenzia funebre,,320 725 2953,Vicolo Oddo,Sambuca di Sicilia,,,,,,,,,,,
Peppe Auto - Vendita e Autonoleggio,Mercatino dell'auto,,320 843 9737,Viale della Libertà,Rosolini,,,,,,,,,,,
Cirino CBA Broker Assicurativo,Agenzia di assicurazioni,http://www.cbabroker.it/,090 932554,"Via Corso Giuseppe Garibaldi, 405",San Filippo del Mela,,info@cbabroker.it,http,ASP.NET,No,Aruba S.p.A. Network,61,90,91.00,Sì,No
Moowerent Lecce,Agenzia di noleggio auto,https://moowerent.com/,0832 152 2920,"Viale dell'Università, 61",Lecce,,info@moowerent.com,https,WordPress,Sì,Server Plan S.r.l.,60,89,92.00,Sì,No
Vueffe Auto di Vicari Francesco,Rivenditore di auto,,348 476 1869,"Via Enrico Berlinguer, 44",San Cipirello,,,,,,,,,,,
GTAuto di Nania Antonino,Rivenditore di auto,,388 167 4063,"Via Giuseppe Mazzini, 147",San Cipirello,,,,,,,,,,,
Servizi Turistici Marrone S.r.l.,Noleggio di autobus,http://www.marronepullman.com/,0924 87592,"Via Caprera, 49",Partanna,,marronepullman@gmail.com,https,WordPress,No,Aruba S.p.A.,40,71,92.00,Sì,No
Autonoleggio PM Motors di Marco Petralia,Agenzia di noleggio auto,,391 143 7819,"Via della Regione, 18",San Giovanni la Punta,,,,,,,,,,,
Marino Massimo Assicurazioni,Agenzia di assicurazioni,,392 812 5438,"Via Roma, 251",San Cipirello,,,,,,,,,,,
Piazza Claudia & Simone Marianna S.n.c,Agenzia di assicurazioni,,0924 983270,"Via Marsala, 24",Salemi,,,,,,,,,,,
Carabinieri Comando Stazione San Cipirello,Arma dei Carabinieri,,091 857 2101,"Corso Trento, 21",San Cipirello,,,,,,,,,,,
Galdieri Rent Modica,Agenzia di noleggio auto,https://galdierirent.it/point/noleggio-lungo-termine-modica/,333 859 0287,SS115,Modica,,modica@galdierirent.it,,Shopify,No,OVH SAS,48,56,77.00,Sì,No
NEW SYSTEMS di Incardona Salvatore,Negozio di computer,http://www.pcnewsystems.com/,091 857 7018,"Via Vittorio Emanuele, 266",San Giuseppe Jato,,info@pcnewsystems.com,https,ASP.NET,No,Aruba S.p.A. Network,56,90,100.00,Sì,No
DNAuto,Rivenditore di auto,,380 328 1696,"Via Tripi, 10",Montemaggiore Belsito,,,,,,,,,,,
Servizi Assicurativi e Postali di Cristina Cicio,Agenzia di assicurazioni,,329 122 0160,"Corso Umberto I, 47",Sambuca di Sicilia,,,,,,,,,,,
Sea Bus s.r.l.,Agenzia di noleggio auto,http://www.seabus.it/,095 741 3841,"Via Morgioni, 11",San Giovanni la Punta,,info@seabus.it,https,Weebly,No,Aruba S.p.A.,55,68,92.00,Sì,No
BG Racing Escursioni Tour Quad,Agenzia per escursioni,http://www.bgracing.it/,380 516 6151,"Via Roma, 48",Ribera,,info@bgracing.it,https,WordPress,No,Keliweb S.R.L,49,0,0.00,Sì,No
Lo Tauro Tour,Agenzia di noleggio auto,,334 353 4509,"Via Roma, 20",San Cono,,,,,,,,,,,
Autonoleggio The Planet of Cars,Agenzia di noleggio auto,https://www.theplanetofcars.it/,349 188 7138,"Via Leopoldo Nobili, 27",Catania,,,https,ASP.NET,No,Aruba S.p.A. Network,63,95,91.00,Sì,No
Jimny,Autolavaggio,,359 016 0027,"Via Provinciale, 127",Montalbano Elicona,,,,,,,,,,,
RENT CAR AUTONOLEGGIO CACCIATO FRANCESCO,Agenzia di noleggio auto,,333 756 5905,"Via IV Novembre, VIA SENATORE ANTONIO ROMANO, 5/B",Nicosia,,,,,,,,,,,
Associazione Turistica Montalbanese Pro-Loco,Centro informazioni turistiche,,0941 679384,"1 Piazza Maria SS. Della Provvidenza, Montalbano Elicona, Me 98065",Montalbano Elicona,,,,,,,,,,,
Onoranze Funebri La S. Giacomo Sas,Agenzia funebre,http://www.onoranzefunebrilasgiacomo.it/,090 931618,"Corso Giuseppe Garibaldi, 441",San Filippo del Mela,,lasangiacomo@live.it,https,WordPress,No,Serverplan s.r.l.,62,90,92.00,Sì,No
Loria Arredi,Negozio di mobili,http://loriaarredi.com/,091 857 8002,C.da Traversa,San Giuseppe Jato,,,https,React,No,Google LLC,68,89,83.00,Sì,No
Rental Motors,Agenzia di noleggio auto,https://www.rentalmotors.it/,095 378 8600,"Via E. Bellia, 242",Paternò,,,https,Joomla,No,Aruba S.p.A.,62,61,85.00,Sì,No
Villa tre S contrada gorgo montallegro,Agenzia gestione affitti brevi,,380 216 5835,"Via della Vittoria, 110",Montallegro,,,,,,,,,,,
Carabinieri Comando Stazione Montalbano Elicona,Arma dei Carabinieri,,0941 679013,"Via Provvidenza, 68",Montalbano Elicona,,,,,,,,,,,
Agenzia Leasys La Fenice srl,Agenzia di noleggio auto,http://www.agenzialeasys.com/,095 817 5270,"Via Balatelle, 21",Sant'Agata li Battiati,,preventiviweb@lafenicesrl.biz,https,Shopify,No,Aruba S.p.A.,46,53,100.00,Sì,No
Montalbano Quad Escursioni,Servizio di noleggio quad,,320 444 1666,"Via Provinciale, 94",Montalbano Elicona,,,,,,,,,,,
CUCINOTTA MICHELE,Agenzia di noleggio auto,https://www.autonoleggiomichelecucinotta.com/,330 791 265,Via Monte Gallo,Messina,,baf30a2b91654c5a840931f0137bed30@sentry.wixpress.com,https,WordPress,Sì,Google LLC,64,96,100.00,Sì,No
Cacciato Francesco Assicurazioni - Noleggio senza conducente- consulenza del credito,Agenzia di assicurazioni auto,,0935 575636,"VIA SENATORE ANTONIO ROMANO, 5 B",Nicosia,,,,,,,,,,,
C.S.A. Societa' In Accomandita Semplice Di Candela Salvatore,Agenzia di assicurazioni,,091 898 3557,"Piazza Principe Di Piemonte, 13",Montelepre,,,,,,,,,,,
Formica,Agenzia di noleggio auto,,090 992 0335,"V. Nazionale, 332",Venetico Marina,,,,,,,,,,,
GP AUTO di Pappalardo,Rivenditore di auto,http://www.gpauto.org/,095 629452,"Via Aldo Moro, 61",Misterbianco,,gpauto.pappalardo@gmail.com,https,WordPress,Sì,Aruba Hosting,38,77,85.00,Sì,No
Auto e auto service rent a car,Agenzia di noleggio auto,http://www.autoeautorentcar.it/,0924 531034,"Via San Gaetano, 27",Alcamo,,autoeautoservice@gmail.com,https,WordPress,No,Serverplan,54,74,92.00,Sì,No
Carabinieri Comando Stazione San Pier Niceto,Arma dei Carabinieri,,090 997 5010,"Via Carmine, 10",San Pier Niceto,,,,,,,,,,,
A. Z. Service Di Anna Zangri' & C. S.N.C.,Ufficio patenti,,091 898 3704,Contrada Lesi,Montelepre,,,,,,,,,,,
Arma dei Carabinieri Comando Stazione Asuni,Arma dei Carabinieri,,0783 960022,"Piazza Municipio, SP40",Asuni,,,,,,,,,,,
LIMINA NINO Pratiche Auto,Ufficio patenti,,333 374 0528,"Via Provinciale, 23",Montalbano Elicona,,,,,,,,,,,
Gt Motors - Magneti Marelli Checkstar,Officina autoriparazioni,https://www.gtmotorssrl.it/,090 992 0175,"Via Principe, Via Michele Spadafora, 87",Venetico,,gtmotorssrl@libero.it,https,WordPress,No,Aruba S.p.A.,56,95,92.00,Sì,No
Grimaldi Auto,Rivenditore di auto,https://www.grimaldiauto.net/,320 186 2836,"Via della Vittoria, 126",Montallegro,,domenico@grimaldiauto.net,https,ASP.NET,No,Aruba S.p.A. Network,57,53,75.00,Sì,No
Simauto,Agenzia di noleggio auto,,327 230 8426,"Provinciale, km 1",Arnesano,,,,,,,,,,,
Violace Alfredo,Agenzia di assicurazioni,,091 274 9718,"Via Roma, 157",San Cipirello,,,,,,,,,,,
LSP AUTO,Rivenditore di auto,,338 249 8122,"Via Andrea Caponnetto, 9",Motta Sant'Anastasia,,,,,,,,,,,
ASSICURAZIONI di Federica Maniscalco,Agenzia di assicurazioni,,388 469 4335,"Via Crimaudo, 41",San Cipirello,,,,,,,,,,,
Carabinieri Comando Stazione San Marco D'Alunzio,Arma dei Carabinieri,,0941 797077,Via Farinata,San Marco D'alunzio,,,,,,,,,,,
Azienda Sanitaria Provinciale Di Messina,Fattoria,,0921 336085,"Via Kennedy, 25",Motta D'affermo,,,,,,,,,,,
Scuola Materna Braidi,Asilo nido,,0941 676047,Via Catania,Montalbano Elicona,,,,,,,,,,,
Priola Onoranze Funebri,Agenzia funebre,,338 657 2999,"Via Farinata, 11",San Marco d'Alunzio,,,,,,,,,,,
San Michele Poste,Ufficio postale,https://www.sanmicheleposte.it/,366 421 9435,"Via Roma, 17",San Michele di Ganzaria,,info@sanmicheleposte.it,https,WordPress,Sì,Google LLC,56,61,100.00,Sì,No
FiveRentCar,Agenzia di noleggio auto,,095 721 1220,"Viale Europa, 23",San Gregorio di Catania,,,,,,,,,,,
Rentalgroup,Agenzia di noleggio auto,https://www.rentalgroup.net/,388 112 3993,"Via Giorgio La Pira, 1",Ragusa,,rentalgroup@rentalgroup.net,https,Joomla,Sì,FranTech Solutions,62,94,92.00,Sì,No
Kerson Viaggi,Agenzia viaggi,http://www.kersonviaggi.com/,090 939 1520,"Piazza R. Arigò, 1",San Filippo del Mela,,,http,React,Sì,Aruba S.p.A. Network,59,85,85.00,Sì,No
UniCredit Banca - Agenzia Di San Pier Niceto,Municipio,,090 919 0700,"Via Armando Diaz, 11",San Pier Niceto,,,,,,,,,,,
Autonoleggio Pino Mingoia,Agenzia di noleggio auto,,339 687 8569,"Via Calatafimi, 18",Mussomeli,,,,,,,,,,,
Oggisposi auto da cerimonia,Agenzia di noleggio auto,,347 940 6205,"V. Agrò, 41",Santa Teresa di Riva,,,,,,,,,,,
"Mirto - Attrezzature Utensileria Macchine Edili, San Cipirello (Palermo)",Fornitore di attrezzature per l'edilizia,http://www.mirto-srl.it/,091 857 2090,"Via Giuseppe Mazzini, 145",San Cipirello,,info@mirto-srl.it,https,Shopify,Sì,Aruba S.p.A.,56,63,92.00,Sì,No
Autonoleggio Essea.uto,Agenzia di noleggio auto,,0781 22698,Via Roberto Cattaneo,Iglesias,,,,,,,,,,,
ELIOMOTORS s.r.l. - AUTO DOC,Rivenditore di auto,http://www.eliomotors.it/,0932 456052,"Via Modica Ispica, 101",Modica,,,https,React,Sì,Hostinger International Limited,36,43,85.00,Sì,No
Ente Acquedotti Siciliani,Azienda per la fornitura di acqua,,0921 336113,"Via Roma, 31",Motta D'affermo,,,,,,,,,,,
Montessori Formazione,Centro di formazione,http://www.montessoriformazione.com/,0925 38843,"Piazza Matteotti, 26",Montevago,,,https,WordPress,Sì,Aruba S.p.A.,64,61,85.00,Sì,No
Escursioni a piedi,Agenzia per escursioni,,333 813 2019,"Via Principe di Piemonte, 67",Monforte San Giorgio,,,,,,,,,,,
Agenzia Scommesse,Agenzia di scommesse,,090 951832,"Via Roma, 636",Scaletta Zanclea,,,,,,,,,,,
Carabinieri Comando Stazione Montevago,Arma dei Carabinieri,,0925 38003,"Corso Rinascita, 50",Montevago,,,,,,,,,,,
Agenzia funebre Di rosa,Agenzia funebre,,339 603 9542,"Via dei Greci, 32",San Michele di Ganzaria,,,,,,,,,,,
Iteranea srl,Agenzia di marketing,https://www.iteranea.it/,388 814 2248,"Via Kennedy, 45",Motta d'Affermo,,info@iteranea.it,https,WordPress,Sì,IT.Gate S.p.A.,70,83,100.00,Sì,No
M.G. NOLEGGI SRL,Noleggio carrelli elevatori,https://mgnoleggisrl.it/,380 797 4932,Via Pietro Mascagni,San Giovanni la Punta,,mgnoleggisrls@gmail.com,,React,Sì,"Akamai Technologies, Inc.",44,31,100.00,Sì,No
Autonoleggio Autoricambi Autosoccorso Spataro,Negozio di ricambi per auto,,329 219 8361,"Viale Mario Gori, 259",Niscemi,,,,,,,,,,,
L'ISOLA DEI SOGNI,Agenzia di noleggio auto,http://www.lisoladeisognipartinico.it/,091 878 2360,"Via Parrini, 28",Partinico,,,https,React,No,SEEWEB s.r.l.,39,36,77.00,Sì,No
Giampy Auto,Rivenditore di auto,,340 558 8386,"Via Roma, 403",Scaletta Zanclea,,,,,,,,,,,
A.M. Service Di Digosciu Maddalena & C. S.N.C.,Agenzia di noleggio auto,http://www.amserviceonline.it/,0789 68884,Aeroporto Costa Smeralda,Olbia,,prenotazioni@amserviceonline.it,https,WordPress,No,Sconosciuto,68,85,92.00,Sì,No
Agenzia Funebre San Giorgio di Priscoglio,Agenzia funebre,https://www.agenziafunebrepriscoglio.com/,090 993 1390,"Via Principe di Piemonte, 61/A",Monforte San Giorgio,,ofpriscoglio@alice.it,https,WordPress,No,Aruba S.p.A.,56,79,92.00,Sì,No
Visite Guidate,Agenzia di visite turistiche,,338 441 1687,"Via Immacolata, 30",Monforte San Giorgio,,,,,,,,,,,
Loran Viaggi,Agenzia di noleggio auto,,0942 480460,"Via Luigi Pirandello, 40",Taormina,,,,,,,,,,,
Agenzia Dorauto Di Galeno Salvatora,Ufficio patenti,,090 978 1210,"Via del Mare, 60",Terme,,,,,,,,,,,
Punto Rent by Selenity Rent s.r.l.,Agenzia di noleggio auto,,331 749 6738,"Via Manzoni, 4",Spadafora,,,,,,,,,,,
Hertz Autonoleggio Siracusa,Agenzia di noleggio auto,,0931 969610,"Via Vittorio Veneto, 33",Siracusa,,,,,,,,,,,
Scarpata Viaggi D'Elite Srl,Agenzia di noleggio auto,,0932 066089,"Via Millefiori, 66",Scicli,,,,,,,,,,,
Sicily by Car Autonoleggio Città di Siracusa,Agenzia di noleggio auto,,0931 483044,"Corso Umberto I, 90",Siracusa,,,,,,,,,,,
Euro Tour - Rent - Excursions And Transfer,Agenzia di noleggio auto,,0931 584258,"Via Malta, 20",Siracusa,,,,,,,,,,,
Evola Pietro,Agenzia di noleggio auto,,091 881 0531,"Via Calarossa, 23",Terrasini,,,,,,,,,,,
Noleggio Auto e Furgoni Maggiore AmicoBlu - Siracusa,Agenzia di noleggio auto,,0931 66548,"Piazzale della Stazione Centrale, 15",Siracusa,,,,,,,,,,,
Rentie Autonoleggio con Conducente,Servizi di trasporto,,02 8717 6822,"Via Venero, 67",Monreale,,,,,,,,,,,
Speed Rent Sicily,Agenzia di noleggio auto,,335 164 3916,"Via Pergusa, 56",Enna,,,,,,,,,,,
Europcar Sciacca,Agenzia di noleggio auto,,0925 87865,"Viale della Vittoria, 1",Sciacca,,,,,,,,,,,
Nautiservice club,Agenzia di assicurazioni,,366 364 7431,"Via Palermo, 21 Via nazionale 197 C.so Umberto 99 SS 113 km 290, 500",Terrasini,,,,,,,,,,,
Noleggio Auto Maserati per matrimonio a Messina,Agenzia di noleggio auto,,349 589 7976,"V. Nazionale, 118",Torregrotta,,,,,,,,,,,
Villari Auto,Concessionario auto,,338 421 7372,Via Torrente Savoca,Santa Teresa di Riva,,,,,,,,,,,
Auto Montalbano,Rivenditore di auto usate,https://www.automontalbano.it/,0922 438010,"Via Ugo Foscolo, 30",Favara,,automontalbano@libero.it,https,Shopify,No,Aruba S.p.A.,56,67,92.00,Sì,No
La Terra viaggi,Noleggio di autobus,http://www.laterra.it/,0932 944640,"Corso Umberto I, 30",Modica,,,https,Jimdo,Sì,Hostinger International Limited,0,0,0.00,Sì,No
Elite Car Motors Noleggio Auto Misterbianco - Catania,Agenzia di noleggio auto,https://www.elitecarmotors.it/,095 668 2677,"Via Nikolaj Lenin, 39",Misterbianco,,autonoleggioelite@gmail.com,http,React,Sì,Aruba S.p.A,54,70,100.00,Sì,No
Avis Autonoleggio - Sciacca,Agenzia di noleggio auto,,0925 27559,"Piazza Saverio Friscia, 17",Sciacca,,,,,,,,,,,
Turbo Trans,Agenzia di noleggio auto,,0942 792261,Via Torrente Savoca,Santa Teresa di Riva,,,,,,,,,,,
URBAN CAR srls,Agenzia di noleggio auto,https://www.urbancarscicli.it/,320 666 2416,Viale delle Nazioni,Scicli,,info@urbancarscicli.it,https,WordPress,Sì,Aruba S.p.A. Network,55,64,92.00,Sì,No
Passafiume Turismo,Agenzia di noleggio auto,http://www.passafiumeturismo.it/,091 811 1870,"Via Garibaldi, 3",Termini Imerese,,passafiumeturismo@libero.it,https,Shopify,Sì,Hetzner Online GmbH,54,77,100.00,Sì,No
ZM RENT NOLEGGIO E VENDITA AUTO,Agenzia di noleggio auto,,327 566 2864,"Viale delle Terme, 86",Terme,,,,,,,,,,,
Ls auto di Luisa zoida,Agenzia di noleggio auto,,392 797 4714,"Via Zara, snc",Termini Imerese,,,,,,,,,,,
Europcar Siracusa,Agenzia di noleggio auto,,0931 462915,"Corso Umberto I, 54",Siracusa,,,,,,,,,,,
Pro Loco Sammichelese,Centro informazioni turistiche,https://www.prolocosammichelese.it/,0933 978040,"Via dei Greci, 35",San Michele di Ganzaria,,,https,WordPress,Sì,SEEWEB s.r.l.,47,62,85.00,Sì,No
Drive Me Taormina,Agenzia di noleggio auto,http://www.drivemetaormina.com/,334 293 2160,Parcheggio Porta Catania,Taormina,,info@drivemetaormina.com,https,React,No,Aruba S.p.A.,56,73,100.00,Sì,No
Autonoleggio Le Auto di Noemi - rental cars - Noleggio auto Pula - Chia - Cagliari - Elmas - Aeroporto - Teulada,Agenzia di noleggio auto,https://leautodinoemi.com/,348 415 3885,"Loc, Stra Vicinale di Gutturu Longu, snc",Pula,,noemi.scaffidi.79@gmail.com,https,Joomla,Sì,Server Plan S.r.l.,67,75,92.00,Sì,No
Autoservizi Sauca,Agenzia di noleggio auto,https://www.autoservizisauca.it/,379 145 7884,"Via Fleres, 2",Taormina,,info@autoservizisauca.it,https,WordPress,No,Server Plan S.r.l.,68,81,92.00,Sì,No
Auto-Log Catania,Agenzia di noleggio auto,,095 818 8370,"Via Umberto, 103",Sant'Agata li Battiati,,,,,,,,,,,
Annacati Noleggio Moto e Bici,Agenzia di noleggio moto,https://www.annacatinoleggio.com/,091 737 7896,"Corso Vittorio Emanuele, 349",Terrasini,,annacatinoleggio@gmail.com,https,Wix,Sì,Google LLC,69,95,100.00,Sì,No
O.M.C. di Costa Giovanni,Officina autoriparazioni,https://sites.google.com/view/wwwcostaautoofficina/home,090 991 1721,"V. Nazionale, 294",Torregrotta,,officinacostag@virgilio.it,https,Shopify,Sì,Google LLC,48,89,83.00,Sì,No
Automobili La Fata,Rivenditore di auto,http://www.automobililafata.it/,091 868 1635,"Via Nazionale S.S. 113, km 295, 400",Terrasini,,giuseppe@automobililafata.it,https,ASP.NET,No,OVH SAS,57,66,75.00,Sì,No
Elio Pardo Autonoleggio,Agenzia di noleggio auto,https://www.eliopardoautonoleggio.it/,320 534 1343,"Via Bruno Buozzi, 18/16",Niscemi,,epardo@hotmail.it,https,React,Sì,WeservIT,65,100,92.00,Sì,No
S A S Snc Di Calamunci Giuseppe & C.,Agenzia di noleggio auto,http://www.calamunci.it/,0941 421045,"Via Giuseppe Garibaldi, 83",Tortorici,,trasporti@calamunci.it,http,ASP.NET,No,Aruba S.p.A. Network,100,100,82.00,Sì,No
Tourservice sciacca simil taxi noleggio con conducente,Agenzia di noleggio auto,,338 990 8062,"Via Enrico de Nicola, n.16",Sciacca,,,,,,,,,,,
Autonoleggio F.Lli Zito Di Zito Vito,Agenzia di noleggio auto,https://www.autonoleggiozito.it/,329 850 4367,"Via Benedetto Croce, 9",Terrasini,,zitovito@hotmail.it,https,WordPress,No,Serverplan s.r.l.,64,94,92.00,Sì,No
Sciarabba,Servizio di traino,https://sciarabba.it/,091 814 2200,Contrada Molara,Termini Imerese,,,https,Shopify,Sì,Hetzner Online GmbH,46,78,92.00,Sì,No
Profondo Blu Ustica Srl,Agenzia viaggi specializzata in immersioni,https://www.ustica-diving.it/,091 844 9609,"Contrada Oliastrello, 1",Ustica,,ustica@ustica-diving.it,https,ASP.NET,No,Aruba S.p.A. Network,71,97,91.00,Sì,No
R.M. Luxury Transfers Services Sicily,Agenzia di noleggio auto,https://rmluxuryservices.com/,338 716 7241,"Piazza S. Antonio Abate, 7",Taormina,,info@rmluxuryservices.com,https,WordPress,No,Google LLC,41,91,92.00,Sì,No
AXA Assicurazioni MUSCATO IGNAZIA,Agenzia di assicurazioni,,0921 542183,"Via Vittorio Emanuele III, 28",Valledolmo,,,,,,,,,,,
Autonoleggio H24 - Soccorso stradale,Agenzia di noleggio auto,https://autonoleggio24.com/,380 313 8948,"Via dei Lillà, Via dei Persiani, 31",Scicli,,,https,WordPress,No,Serverplan s.r.l.,76,99,92.00,Sì,No
Easy Rent Ustica,Servizio di noleggio scooter,,389 122 9430,Piazza Umberto,Ustica,,,,,,,,,,,
G.L AUTO,Rivenditore di auto,http://www.glautocatania.com/,339 243 8292,"Via Zuara, 47",Motta Sant'Anastasia,,,https,ASP.NET,No,Sconosciuto,55,51,91.00,Sì,No
Automeccanica Battaglia Officina - Sb Battaglia Group - Soccorso stradale - Noleggio auto - Arval Center-Unipol Service,Meccanico e assistenza automobili,http://www.sbbattagliagroup.it/,380 345 4359,A19,Termini Imerese,,battagliaservice@libero.it,https,Shopify,No,Hetzner Online GmbH,56,80,100.00,Sì,No
Fast-Transfer,Agenzia di noleggio auto,,349 124 7108,Via Giovanni Gentile,Tremestieri Etneo,,,,,,,,,,,
Mirabella Stefania Assicurazioni,Agenzia di assicurazioni,,0935 32393,"Corso Garibaldi, 184",Villarosa,,,,,,,,,,,
Assicurazioni Tua,Agenzia di assicurazioni,,0921 543719,"Via Padre Pino Puglisi, 25",Valledolmo,,,,,,,,,,,
GLRent - Noleggio a Lungo Termine,Agenzia di noleggio auto,,0932 194 4453,"Via Cavalieri di Vittorio Veneto, 1",Vittoria,,,,,,,,,,,
Sicily Transfer & Tour Private Driver,Agenzia di noleggio auto,https://www.nccsiculiana.com/,348 702 5433,"Via Giovanni Verga, 9",Siculiana,,nccsiculiana@gmail.com,https,Shopify,Sì,Google LLC,47,79,82.00,Sì,No
Autonoleggio Sciacca Auto,Agenzia di noleggio auto,https://www.autonoleggiosciacca.it/,349 863 7268,"Via Degli Archi, 2/B",Mazara del Vallo,,autosciacca@tiscali.it,https,WordPress,Sì,Hostinger International Limited,50,92,92.00,Sì,No
"Sirnolo city - Noleggio auto, bici, e tanto altro",Agenzia di noleggio auto,http://sirnolocity.it/,0931 092667,"Corso Umberto I, 151",Siracusa,,amministrazione@sirnolo.it,https,React,Sì,Netsons s.r.l.,80,87,92.00,Sì,No
Noleggiok - Autosalone - Moto - Autosoccorso - Jolly Car Group-Senza carta di credito-,Agenzia di noleggio auto,http://jollycargroup.it/contatti/,334 335 2600,"Contrada Jungi Gurgazzi, 0",Scicli,,,https,WordPress,No,OVH SAS,60,94,92.00,Sì,No
Autonoleggio Leon - Noleggio auto a basso costo a Comiso e Vittoria,Noleggio,,0932 864632,"Via Cavalieri di Vittorio Veneto, 7",Vittoria,,,,,,,,,,,
Manzo Catena Mara,Ufficio postale,,0935 32597,"Corso Garibaldi, 156",Villarosa,,,,,,,,,,,
Paterno Gaetano,Agenzia di assicurazioni,,0931 923133,"Via Roma, 45",Solarino,,,,,,,,,,,
Lombardo Auto di Lombardo Gioacchino G.,Rivenditore di auto,https://www.lombardoauto.com/,333 242 5543,"Contrada, Via Santa Lucia, snc",Serradifalco,,g.lombardoauto@gmail.com,https,WordPress,No,Aruba S.p.A. Network,54,61,92.00,Sì,No
auto web valderice,Rivenditore di auto,http://autowebvalderice.it/,339 880 6970,"Via Vespri, 577",Valderice,,autowebvalderice@libero.it,https,WordPress,No,Aruba S.p.A.,63,83,92.00,Sì,No
Traina Servizi S.A.S. Di Traina Giovanna,Agenzia di assicurazioni,,091 785 5838,"Via Giuseppe Garibaldi, 81",Ventimiglia di Sicilia,,,,,,,,,,,
Sicily Car Service - Car rental with driver - Excursions and transfers | Etna tour,Agenzia di noleggio auto,https://www.sicilycarservice.com/,333 160 6317,"Via Wilhelm Von Gloden, 46",Taormina,,info@sicilycarservice.com,https,Joomla,Sì,Aruba S.p.A.,59,69,100.00,Sì,No
MC Truck Group srl,Agenzia per il noleggio di furgoni,,388 894 9943,"Viale Regione Siciliana, 5703",Palermo,,,,,,,,,,,
Saitta Autonoleggi,Agenzia di noleggio auto,,345 933 7028,"Via Dott. A. Nicolosi, 4",Viagrande,,,,,,,,,,,
A ruota libera,Agenzia di noleggio auto,https://arlrent.it/,377 304 2200,"Corso Gelone, 140/142",Siracusa,,info@arlrent.it,https,React,Sì,Aruba S.p.A.,67,73,100.00,Sì,No
Ecos di Cosentino Ernesto A. C.,Cartoleria,,0933 965647,"Piazza Umberto I, 40",Vizzini,,,,,,,,,,,
Molito Orazio Agenzia Del Corvo,Ufficio patenti,,0921 543434,Contrada Acqua Del Corvo,Valledolmo,,,,,,,,,,,
Sivà,Agenzia di noleggio auto,,347 111 9724,"Via Cagliari, 2",Carmiano,,,,,,,,,,,
Turopa S.r.l.,Agenzia viaggi,,0931 196 8300,"Via Giuseppe Garibaldi, 26",Solarino,,,,,,,,,,,
Elegantcar,Agenzia di noleggio auto,http://www.elegantcar.it/,360 331 281,"Via Baldari, 38",Galatina,,tho.arca@gmail.com,https,ASP.NET,No,Aruba S.p.A. Network,67,77,91.00,Sì,No
Carabinieri Comando Stazione Tusa,Arma dei Carabinieri,,0921 330804,SP177,Tusa,,,,,,,,,,,
Carabinieri Comando Stazione Ventimiglia di Sicilia,Arma dei Carabinieri,,091 820 9314,"Via Giuseppe Garibaldi, 3",Ventimiglia di Sicilia,,,,,,,,,,,
California Srl,Agenzia di noleggio auto,http://www.californiarentcar.com/,0942 23769,"Via Bagnoli Croci, 86",Taormina,,californiataorent@gmail.com,https,React,Sì,Server Plan S.r.l.,63,88,100.00,Sì,No
Europcar Alghero Aeroporto,Agenzia di noleggio auto,,079 935032,Aeroporto di Alghero,Alghero,,,,,,,,,,,
Ortigia Rent Siracusa - Noleggio scooter ed auto,Agenzia di noleggio auto,https://www.ortigiarentsiracusa.it/,0931 962217,"V.le Mazzini, 2",Siracusa,,info@ortigiarentsiracusa.it,https,Shopify,Sì,Netsons s.r.l,61,79,92.00,Sì,No
Nuova CC Motors,Agenzia di noleggio auto,,351 993 9249,"Via Duca, 38/b",Serradifalco,,,,,,,,,,,
"Bordonaro Paola assicurazioni auto, vita, casa e infortuni",Agenzia di assicurazioni,,0931 171 2491,"Corso Italia, 10",Solarino,,,,,,,,,,,
De Filippi Transfer,Tour operator,,320 146 1427,"Via Castelvetrano, 25",Valderice,,,,,,,,,,,
BPER,Banca,,091 820 2293,"via Umberto I, 35-37",Ventimiglia di Sicilia,,,,,,,,,,,
BN Auto Srl,Concessionario auto,https://www.bn-auto.it/,095 789 4533,"Viale della Regione, 22",Viagrande,,bnautosrl@gmail.com,https,WordPress,No,Server Plan S.r.l.,64,95,92.00,Sì,No
Brunetto Salvatore,Agenzia di scommesse,,0933 965242,"Via Roma, 11",Vizzini,,,,,,,,,,,
Traina e Gargano associati srls,Agenzia di assicurazioni,,328 237 1511,"Via Giuseppe Garibaldi, 215",Ventimiglia di Sicilia,,,,,,,,,,,
Gmp,Negozio di giocattoli,,0935 31660,"P.za S. Giacomo, 3",Villarosa,,,,,,,,,,,
Agotour S.R.L.,Agenzia di noleggio auto,http://www.agotour.it/,095 790 1607,"Via Penninazzo, 20",Aci Sant'Antonio,,,http,ASP.NET,No,Aruba S.p.A. Network,98,100,91.00,Sì,No
Etna Tour Excursion,Agenzia per escursioni,https://www.etnatourexcursion.it/,320 781 8434,"Via Giuseppe Garibaldi, 61",Zafferana Etnea,,info@etnatourexcursion.it,https,WordPress,Sì,Aruba S.p.A.,61,84,92.00,Sì,No
Etna Passion,Agenzia per escursioni,http://www.etnapassion.com/,335 321 591,"Via Cavotta, 20",Zafferana Etnea,,info@etnapassion.it,https,WordPress,No,Aruba S.p.A. Network,56,81,100.00,Sì,No
TAXI-Santa Teresa di Riva-Savoca-S.Alessio Siculo,Stazione dei taxi,https://blandano-noleggi-noleggio-con-conducente.jimdosite.com/,347 340 8611,"Via Principe di Piemonte, Via Pozzo Lazzaro, 20",Santa Teresa di Riva,,,,Jimdo,Non trovato,"Cloudflare, Inc.",57,85,92.00,Stato Non Determinato,No
Ufficio Postale Poste Italiane,Ufficio postale,,0925 196 2003,"Via Vittorio Emanuele, 103",Villafranca Sicula,,,,,,,,,,,
Pls panormus limousine service,Agenzia di noleggio auto,http://www.panormuslimousineservice.it/,347 921 3782,"Via Giulio Cesare, 2/S",Villabate,,,http,Angular,No,Netsons s.r.l.,56,88,92.00,Sì,No
Autoservizi Turistici Ncc & Taxi,Agenzia di noleggio auto,https://www.autoservizituristici.it/,348 353 4416,"Via Maria Santissima del Carmelo, 7",Santa Venerina,,info@autoservizituristici.it,https,Shopify,Sì,Netsons Network,64,78,100.00,Sì,No
TROVATO SERVICE,Agenzia di noleggio auto,http://www.trovatoservice.it/,320 896 2780,"Via Giuseppe Garibaldi, 120",Troina,,info@studiotecnicotrovato.it,https,Joomla,No,Aruba S.p.A. Network,62,87,100.00,Sì,No
Rf Srl Rent A Car,Agenzia di noleggio auto,https://www.rfsrl.net/noleggio.html,095 953591,"Via Stabilimenti, 132",Santa Venerina,,info@rfsrl.net,https,ASP.NET,No,Aruba S.p.A. Network,98,100,100.00,Sì,No
Carabinieri • Comando Stazione Ardauli,Arma dei Carabinieri,,0783 650002,"Via Ugo Foscolo, 3",Ardauli,,,,,,,,,,,
Europcar Baja Sardinia,Agenzia di noleggio auto,,0789 950009,Piazza dei Pini,Arzachena,,,,,,,,,,,
Bed And Breakfast Profumo di Mirto,Bed & Breakfast,http://www.profumodimirto.com/,340 075 9739,"Via Enrico Fermi, 6",Arbus,,info@profumodimirto.com,http,ASP.NET,No,Aruba S.p.A. Network,100,100,92.00,Sì,No
Zezgo Car Rental Palermo Airport,Agenzia di noleggio auto,https://www.zezgo.com/,388 923 1559,"Via Gazzara, 13",Terrasini,,,https,React,No,Microsoft Corporation,66,70,91.00,Sì,No
Auto Puglisi - Autonoleggio e Vendita Zafferana,Rivenditore di auto,http://www.autopuglisi.it/,095 708 1282,"Via IV Novembre, 11A",Zafferana Etnea,,info@autopuglisi.it,http,ASP.NET,No,Aruba S.p.A. Network,51,85,67.00,Sì,No
Largiu Autoservice sas,Officina autoriparazioni,http://largiuautoservice.myadj.it/,070 975 6015,"Località Sa Minieredda, SP4",Arbus,,,https,Shopify,No,Sconosciuto,74,97,92.00,Sì,No
Murtas Assicurazioni,Agenzia di assicurazioni,,349 555 1697,"Via G. M. Angioy, 21",Arbus,,,,,,,,,,,
Deiola Autoservizi Turismo,Agenzia di noleggio auto,http://www.deiolautoserviziturismo.it/,349 531 4220,"vico VI, Via Eleonora D'Arborea, 5",Usellus,,info@deiolautoserviziturismo.it,https,WordPress,No,Sconosciuto,77,98,100.00,Sì,No
Nolauto Car Rental,Agenzia di noleggio auto,http://www.nolauto.it/,079 973 9763,"Via Giuseppe Garibaldi, 33",Alghero,,info@nolauto.it,https,ASP.NET,Sì,"Cloudflare, Inc.",45,85,92.00,Sì,No
Carfi' Vito,Agenzia di assicurazioni,,0933 966008,"Via Vittorio Emanuele, 70",Vizzini,,,,,,,,,,,
Sixt Rent a Car,Agenzia di noleggio auto,,342 129 8109,"Regione Nuraghe Biancu, Aeroporto di Alghero",Alghero,,,,,,,,,,,
Onoranze Funebri Colletta Pietro & C. Snc,Agenzia funebre,http://www.onoranzefunebricolletta.it/,333 437 5990,"Via Trapani, 13-15",Valderice,,gius.colletta@gmail.com,https,React,No,Aruba S.p.A.,36,67,100.00,Sì,No
Noleggio barche & gommoni Maranzano M.,Noleggio barche,,320 701 7693,Via Faro,San Vito Lo Capo,,,,,,,,,,,
Luxury riviera drive 2.0,Agenzia di noleggio auto,,379 187 7600,"Viale Giovanni XXIII, 82",Alghero,,,,,,,,,,,
Cinquearchiviaggi Di Lag E C,Agenzia viaggi,,0935 567228,"Corso Garibaldi, 257",Villarosa,,,,,,,,,,,
Rent a car Montagnese,Agenzia di noleggio auto,http://www.rentacarmontagnese.it/,347 505 4993,"regione monte agnese, 51",Alghero,,info@rentacarmontagnese.it,https,Shopify,No,Sconosciuto,65,89,100.00,Sì,No
FM Auto Multimarche Citroen Hyundai Opel Renault Nissan Dacia Peugeot Piaggio Agenzia Allianz - Noleggio Auto Lungo,Rivenditore di auto,,333 937 5915,"Viale Costa Smeralda, 27",Arzachena,,,,,,,,,,,
San Vito Shuttle,Servizi di trasporto,,339 402 3111,"Via Faro, 99",San Vito Lo Capo,,,,,,,,,,,
Hertz Autonoleggio - Agrigento,Agenzia di noleggio auto,,353 377 0870,"Viale Leonardo Sciascia, 116",Agrigento,,,,,,,,,,,
BMA Autonoleggio,Agenzia di noleggio auto,,324 837 7166,"Via Gela, 7",Villaggio Peruzzo,,,,,,,,,,,
Autoservizi Raia,Agenzia di noleggio auto,http://www.pullmanraia.it/,0925 85426,"SS115, Contrada Baiata, Snc",Sciacca,,,https,Basekit,No,Aruba S.p.A.,44,70,100.00,Sì,No
GP Puntese Rent Car,Agenzia di noleggio auto,https://kuula.co/share/collection/7kJ1G?logo=1&info=1&logosize=122&fs=1&vr=0&sd=1&initload=0&thumbs=-1&keys=0,333 395 6295,"Via Galileo Galilei, 18",San Giovanni la Punta,,,https,Angular,No,Amazon Technologies Inc.,71,64,50.00,Sì,No
Malbes Rent srl,Agenzia di noleggio auto,http://www.autonoleggioinsardegna.it/,070 22379,"Via Piscina Matzeu, 24",Sestu,,info@casavacanzevillasimius.it,https,Joomla,Sì,Aruba S.p.A. Network,65,89,92.00,Sì,No
Autonoleggio Lecce Rent,Agenzia di noleggio auto,,0832 245118,"Piazzale Stazione, 1",Lecce,,,,,,,,,,,
Noleggio Porto Cervo Di Rent.Sm Srl,Agenzia di noleggio auto,,0789 91122,"Strada Provinciale Arzachena, 104",Arzachena,,,,,,,,,,,
Agenzia Eurovilla,Agenzia viaggi,http://www.eurovillaviaggi.it/,0935 31417,"Corso Garibaldi, 176",Villarosa,,info@eurovillaviaggi.it,https,WordPress,Sì,Servereasy Srl,35,56,100.00,Sì,No
"CasualVan - Rent a Car , Camper , Van, Bike . Via asfodelo n. 99 Alghero 07041(SS)",Agenzia di noleggio auto,https://www.casualvan.com/,348 995 9129,"Via Asfodelo, 99",Alghero,,infocasualvan@gmail.com,https,WordPress,No,Sconosciuto,44,56,92.00,Sì,No
Sama Rental Srl,Agenzia di noleggio auto,,393 884 9686,"Via Balatelle, 21",Sant'Agata li Battiati,,,,,,,,,,,
Planet Service srl,Agenzia di noleggio auto,,334 980 9556,"via nazionale ss 125, borgata traversa",San Teodoro,,,,,,,,,,,
Noleggio auto scooter - Aiguarentacar,Agenzia di noleggio auto,https://www.aiguarentacar.it/,348 289 7204,"Strada Provinciale 44, 113",Alghero,,,https,ASP.NET,No,"Cloudflare, Inc.",95,100,100.00,Sì,No
Costa Verde Immobiliare,Agenzia immobiliare,http://www.costaverdeimmobiliare.com/,393 269 6904,"Via Libertà, 74",Arbus,,costaverdeimmobiliare@gmail.com,https,Drupal,No,Cloudflare,66,96,100.00,Sì,No
Mooway,Agenzia di visite turistiche,https://www.mooway.it/,0923 187 7075,"Via Pier Santi Mattarella, 33",San Vito Lo Capo,,booking@mooway.it,https,Shopify,Sì,OVH SAS,79,100,100.00,Sì,No
VizziniBike,Servizio di noleggio biciclette,https://vizzinibike.it/,333 387 5822,"Via dei Galli, 235",Vizzini,,info@vizzinibike.it,https,WordPress,Sì,1&1-IONOS,42,72,92.00,Sì,No
La Strina Vincenzo - Soccorso Stradale,Rivenditore di auto usate,https://www.lastrinavincenzo.it/,0931 944422,Serrantone,Floridia,,vincenzolastrina@alice.it,https,WordPress,Sì,SEEWEB s.r.l.,74,92,92.00,Sì,No
B&B Val di Kam,Agenzia per escursioni,http://www.valdikam.it/,0922 919670,"Piazza Umberto I, 33",Sant'Angelo Muxaro,,,http,ASP.NET,No,Aruba S.p.A. Network,0,0,90.00,Sì,No
Alghero Car Rental,Agenzia di noleggio auto,https://algherocar.com/,079 492 7210,"Via Giuseppe Garibaldi, 87",Alghero,,,https,WordPress,No,OVH ISP,90,100,91.00,Sì,No
Tumminello Leonardo,Agenzia di noleggio auto,,0925 34254,"Via Giotto, 147",Santa Margherita di Belice,,,,,,,,,,,
Arma dei Carabinieri Comando Stazione Atzara,Arma dei Carabinieri,,0784 65202,Via Grazia Deledda,Atzara,,,,,,,,,,,
ACI Delegazione - Santa Flavia,Ufficio patenti,,091 903527,"Corso Filangeri, 1",Santa Flavia,,,,,,,,,,,
Affittacamere Casette di zia Peppina | casa vacanze Ustica,Residence,http://www.caseustica.it/,335 141 3400,"Via S. Bartolomeo, 33",Ustica,,casetteziapeppina@libero.it,https,WordPress,Sì,Keliweb S.R.L,57,73,92.00,Sì,No
GT Car Salento,Agenzia di noleggio auto,,331 342 3381,Via Esterna Grottella,Copertino,,,,,,,,,,,
VIP SELFIE PhotoBooth,Agenzia per il noleggio di attrezzature,,320 886 5323,"Via Mazzini 16, Via Cavour, 5",Santa Caterina Villarmosa,,,,,,,,,,,
Onamur viaggi di Onano Maria Laura,Servizio di trasporto con accompagnatore,,0784 629188,"via Don Graziano, Via Don Muntoni, 1 b",Aritzo,,,,,,,,,,,
Noleggio Auto - Rent a car di A. Ciulla,Agenzia di noleggio auto,http://www.salemulini.com/,329 807 4009,"Via Faro, 73",San Vito Lo Capo,,info@salemulini.com,https,ASP.NET,No,Aruba S.p.A. Network,57,83,82.00,Sì,No
Arma dei Carabinieri Comando Stazione Buddusò,Arma dei Carabinieri,,079 714022,Corso Regina Elena,Buddusò,,,,,,,,,,,
bluedream - fishing & rent - noleggio gommoni e barche da pesca a San Vito Lo Capo,Noleggio barche,http://www.bluedreamrent.it/,329 244 7267,"Via Faro, 10",San Vito Lo Capo,,info@bluedreamrent.it,https,Shopify,No,OVH SAS,76,99,100.00,Sì,No
Eurostar Travel,Agenzia di noleggio auto,http://www.eurostar.com/,348 391 0162,"Via Nuova Guglielmo Marconi, 110",Zafferana Etnea,,insurance@allianz-assistance.co.uk,https,Joomla,No,Sconosciuto,41,63,91.00,Sì,No
Alguerent a car,Agenzia di noleggio auto,http://www.alguerent.it/,338 800 8916,"Via Don Minzoni, 4",Alghero,,alguerent@gmail.com,https,Wix,No,Ergonet,63,92,92.00,Sì,No
Car.Fla furgone a noleggio,Agenzia di noleggio auto,,320 268 3514,"SP52, Snc",Valverde,,,,,,,,,,,
Diamond Rental Sardegna - Noleggio Auto,Agenzia di noleggio auto,https://diamondrentalsardegna.it/,388 464 6839,Localita concosu snc,Arzachena,,info@diamondrentalsardegna.it,https,WordPress,No,Aruba-Hosting-(Technorail),59,86,100.00,Sì,No
Yep Campers - Noleggio Camper Sardegna,Agenzia di noleggio camper,https://yepcampers.com/,350 500 5352,"Vico I Cagliari, 5",Albagiara,,,https,Joomla,Sì,Hetzner Online GmbH,55,73,92.00,Sì,No
explorarent,Agenzia di noleggio auto,https://www.explorarent.com/,366 422 2888,Località Suaraccia,San Teodoro,,explorarent@gmail.com,https,WordPress,No,Host SpA,66,71,92.00,Sì,No
Event2 - Tour & Noleggio Auto Vintage,Agenzia di noleggio auto,http://www.event2.it/,328 289 3507,"Via Dalmazia, 127",Monteroni di Lecce,,info@event2.it,http,ASP.NET,Sì,Aruba S.p.A. Network,56,93,92.00,Sì,No
Sardegna PEPPITAS Agenzia di Viaggio e Turismo PEPPITAS Canu Daniele,Agenzia viaggi,http://agenzia.peppitas.it/,340 763 8821,"Corso Vittorio Emanuele, 51",Buddusò,,info@peppitas.it,http,Basekit,No,Aruba S.p.A.,,,,Sì,No
Europcar Budoni,Agenzia di noleggio auto,,0784 844435,"V. Nazionale, 184",Budoni,,,,,,,,,,,
Autotecnica Dei Fratelli Lo Vetere Giovanni E Lo Vetere Salvatore S.n.,Officina autoriparazioni,,0934 671558,Via Matarazzo,Santa Caterina Villarmosa,,,,,,,,,,,
SPEED AUTO VEGLIE VENDITA e NOLEGGIO,Rivenditore di auto usate,https://sites.google.com/view/speedautoveglie/home-page,351 735 5280,"Via IV Novembre, 88",Veglie,,speedautoveglie@gmail.com,https,Angular,No,Google LLC,49,63,75.00,Sì,No
Sara,Agenzia di assicurazioni,https://www.sara.it/,800 095 095,"Via Vespri, 143",Valderice,,saraassicurazioni@sara.telecompost.it,https,React,No,Amazon Technologies Inc.,50,50,92.00,Sì,No
ST Rent,Servizio di noleggio scooter,http://www.st-rent.com/?utm_source=google&utm_medium=wix_google_business_profile&utm_campaign=16010655092056511363,347 969 3418,"Via Sardegna, sn",Suaredda-traversa,,st_rent@yahoo.com,https,Wix,Sì,Google LLC,77,94,100.00,Sì,No
Unipol Assicurazioni - sede di Bari Sardo,Agenzia di assicurazioni,,0782 29444,"Via Cagliari, 89",Bari Sardo,,,,,,,,,,,
Escursioni Team Shark | Escursioni in barca - Noleggio barche - Cena in barca - Addio Nubilato,Agenzia di escursioni in barca,https://escursioniteamshark.com/,327 587 9452,Lungomare Cristoforo Colombo,Santa Flavia,,escursioniteamshark@gmail.com,https,React,Sì,"Amazon.com, Inc.",72,93,100.00,Sì,No
Sardabus,Agenzia di noleggio auto,https://www.sardabus.it/,079 684087,"Via Nazionale, 26",Badesi,,info@sardabus.it,https,ASP.NET,No,Aruba S.p.A. Network,,,,Sì,No
RCABROKER.IT - FILIALE DI S. CATERINA VILLARMOSA,Agenzia di assicurazioni,http://www.rcabroker.it/,0935 656392,"Via Papa Giovanni XXIII, 17",Santa Caterina Villarmosa,,info@rcabroker.it,https,Shopify,No,Sconosciuto,46,68,85.00,Sì,No
Only Sardinia Autonoleggio,Agenzia di noleggio auto,https://www.only-sardinia.com/autonoleggio-cagliari-aeroporto/,070 240276,"Aeroporto di Cagliari Elmas Mario Mameli, Via dei Trasvolatori",Elmas,,,https,React,No,"Cloudflare, Inc.",67,97,92.00,Sì,No
AC Rent,Agenzia di noleggio auto,,379 148 3630,Via S. Vito al Tagliamento,San Vito Lo Capo,,,,,,,,,,,
Noleggio gommoni e Escursioni Mormora Tours,Noleggio barche,,338 917 6708,Via Roma,Buggerru,,,,,,,,,,,
Rollo Autonoleggio Lecce - Auto - Minibus - Furgoni,Agenzia di noleggio auto,http://www.autonoleggiorollo.it/,0832 392703,"Via Manno Fernando, 10/12",Lecce,,info@autonoleggiorollo.it,https,React,No,Sconosciuto,65,82,85.00,Sì,No
Noleggiora Porto Torres,Agenzia di noleggio auto,https://www.noleggiora.it/,324 848 7380,Via Sassari,Porto Torres,,booking@noleggiora.it,https,Shopify,Sì,Aruba-Hosting-(Technorail),,,,Sì,No
Europcar Cagliari,Agenzia di noleggio auto,,070 208 4115,"Viale Monastir, Km 3/350",Cagliari,,,,,,,,,,,
Gioele transfer,Servizi di trasporto,https://www.gioele-transfer-sanvitolocapo.it/,345 813 3903,"Via Savoia, 308",San Vito Lo Capo,,info@gioele-transfer-sanvitolocapo.it,https,Angular,Sì,Aruba S.p.A. Network,,,,Sì,No
Autonoleggio Incartour Snc,Agenzia di noleggio auto,https://www.autonoleggioincartour.it/,335 591 6772,"Via Conte Rosso, 7",Santa Croce Camerina,,,https,WordPress,No,Serverplan s.r.l.,,,,Sì,No
Maggiore AmicoBlu - Sassari,Agenzia di noleggio auto,,079 260409,"Via Fratelli Siotto Pintor, 32",Sassari,,,,,,,,,,,
Aerre Car Rent AUTONOLEGGIO BUDONI,Agenzia di noleggio auto,https://www.aerrenoleggisardegna.com/,0784 267683,"Via Garibaldi, 4",Budoni,,info@aerrenoleggisardegna.com,https,WordPress,Sì,Serverplan s.r.l.,,,,Sì,No
San Teodoro Autonoleggi,Agenzia di noleggio auto,http://www.santeodoroautonoleggi.it/,349 003 9786,Via Sardegna,San Teodoro,,info@santeodoroautonoleggi.it,https,Shopify,No,Aruba S.p.A.,60,77,85.00,Sì,No
Sulcis Sail Charter - Escursioni e Noleggio Barche a Vela Sud Ovest Sardegna,Agenzia di escursioni in barca,https://sulcisailcharter.com/,347 185 7888,"Lungomare Cristoforo Colombo, 1",Calasetta,,sulcisailcharter@gmail.com,https,WordPress,Sì,Hetzner Online GmbH,,,,Sì,No
Nord Car Srl Buddusó,Rivenditore di veicoli a motore,http://www.nordcar.it/,079 715289,"Via Fabrizio de André, 5/A",Buddusò,,info@nordcar.it,https,React,Sì,HOSTINGER FR,,,,Sì,No
Arma dei Carabinieri Comando Stazione Barumini,Arma dei Carabinieri,,070 936 8022,"Via S. Chiara, 5",Barumini,,,,,,,,,,,
Europcar,Agenzia di noleggio auto,,+34 947 27 37 45,Estacion De Tren Rosa Manzano,Burgos,,,,,,,,,,,
Noleggio Auto e Furgoni Maggiore AmicoBlu Oristano,Agenzia di noleggio auto,,0783 350028,"Via Bruxelles, Sn",Oristano,,,,,,,,,,,
Vittoria Rent Car,Agenzia di noleggio auto,http://www.vittoriarent.com/,347 422 7560,"Piazza Italia, 3",Vittoria,,info@vittoriarent.com,https,WordPress,No,Netsons Network,,,,Sì,No
Poste Italiane,Ufficio postale,,070 804 3044,"Viale Umberto I, 65",Barumini,,,,,,,,,,,
GLS Rent Car,Agenzia di noleggio auto,http://www.glsautonoleggio.it/,095 093 6099,"Via Taranto, 2",Catania,,constructor@gmail.com,https,Webflow,Sì,Aruba S.p.A.,,,,Sì,No
Viaggiare Rent Cagliari Aeroporto | Noleggio a Breve Termine,Agenzia di noleggio auto,https://www.viaggiarerent.com/,348 041 5200,Via dei Trasvolatori,Elmas,,,https,WordPress,No,Hetzner Online GmbH,,,,Sì,No
Pala e Curreli snc,Azienda di autotrasporti,https://www.curreligroup.com/,335 787 5996,"Via Teulada, Sn",Capoterra,,info@curreligroup.com,https,WordPress,No,SEEWEB s.r.l.,,,,Sì,No
Noleggio Sardegna,Agenzia di noleggio auto,https://www.noleggiolungotermineroma.it/noleggio-sardegna/,348 864 8847,"Località La Sarra, 4",Calangianus,,preventivi@noleggiolungotermineroma.it,https,React,Sì,Server Plan S.r.l.,,,,Sì,No
Autonoleggio Auto In Carbonia,Agenzia di noleggio auto,,345 883 2374,"Via Nazionale, 8",Carbonia,,,,,,,,,,,
Noleggio Breve & Lungo Termine,Agenzia di noleggio auto,https://nltsoluzioninoleggio.it/,351 944 2823,"Via Antonio Scano, 81",Cagliari,,m.macis@glcrent.it,https,Nuxt.js,No,"Cloudflare, Inc.",,,,Sì,No
Hertz Autonoleggio - Cagliari - Piazza Matteotti 8,Agenzia di noleggio auto,,070 651078,"Piazza Giacomo Matteotti, 8",Cagliari,,,,,,,,,,,
AUTONOLEGGIO Taxi Ncc Sol Y Mar,Agenzia di noleggio auto,http://www.symservice.it/,393 956 8415,"parcheggio, Viale la Plaia, 1",Cagliari,,info@symservice.it,https,React,No,Aruba S.p.A.,,,,Sì,No
"Bea Cars Noleggio e vendita auto, moto e scooter",Agenzia di noleggio auto,http://www.beacarsautonoleggio.it/,350 571 0779,"V.le dell'Autonomia, 19",Gravina di Catania,,beacars2020@hotmail.com,http,React,No,Sconosciuto,57,86,85.00,Sì,No
Autonoleggio Matta,Agenzia di noleggio auto,http://www.autonoleggiomatta.com/,070 240050,Cagliari Aeroporto,Elmas,,info@autonoleggiomatta.it,https,WordPress,Sì,Seflow S.N.C. Di Marco Brame' & C.,,,,Sì,No
NEW CAR SRL Rent a Car,Agenzia di noleggio auto,http://www.newcarsanteodoro.it/,0784 869059,"V. Nazionale, 1",Suaredda-traversa,,info@email.com,https,WordPress,No,IT.Gate S.p.A.,,,,Sì,No
Autonoleggio - taxi - Ncc Gled Viaggi,Agenzia di noleggio auto,https://gledviaggi.it/,349 051 2979,"Via Nazionale, 92",Palau,,gledviaggi@gmail.com,,WordPress,Sì,Signet B.V.,,,,Sì,No
Avis Alquiler de Coches en Burgos,Agenzia di noleggio auto,,+34 947 07 61 46,"Polig Ind Plastimetal, C. Vitoria, 258",Burgos,,,,,,,,,,,
SILVIO BOI AUTO SPA renault,Rivenditore di veicoli a motore,https://silvioboi.concessionaria.renault.it/,0782 29631,"Via Venezia, 2",Bari Sardo,,,https,Odoo,Sì,Amazon Technologies Inc.,,,,Sì,No
Agenzia Funebre Fast Legno | Shalom di Atzei Fabio,Agenzia funebre,https://www.agenziafunebrefastlegno.it/,349 358 2894,"Via S. Sebastiano, 2",Baressa,,,https,Shopify,Sì,OVH SAS,,,,Sì,No
CiaRent Autonoleggi Cagliari - Auto - Scooter - Van,Agenzia di noleggio auto,https://www.autonoleggicagliari.it/,070 656503,"Via Molo Sant'Agostino, 13",Cagliari,,info@ciarent.it,https,Wix,Sì,Google LLC,,,,Sì,No
Autonoleggi Demontis HQ,Agenzia di noleggio auto,https://www.autonoleggidemontis.com/,079 263 9000,"Via Predda Niedda, 23",Sassari,,,https,WordPress,Sì,Contabo GmbH,,,,Sì,No
Transfer Sardinia servizi di trasferimento NCC,Servizio taxi,https://www.transfersardinia.it/,333 999 8686,"Via Giacomo Leopardi, n° 87/A",Cabras,,floriantonello@gmail.com,https,Joomla,Sì,Host SpA,,,,Sì,No
Associazione Turistica Pro Loco Arbus,Centro informazioni turistiche,http://www.prolocoarbus.it/,349 629 6942,"Via Repubblica, 40",Arbus,,,,Drupal,No,OVH SAS,57,69,92.00,Sì,No
Agenzia di Pulizie Multiservizi,Impresa di pulizie,,070 963 3189,"Via Alessandro Volta, 20",Decimoputzu,,,,,,,,,,,
DEMO TRAVEL - Noleggio con conducente,Servizio taxi,,339 575 3684,"Via Guglielmo Marconi, 39/a",Calasetta,,,,,,,,,,,
Zito Marianna,Agenzia di assicurazioni,,070 965772,"Via E. D`Arborea, 48/A",Decimoputzu,,,,,,,,,,,
Sardinia Guest,Agenzia di affitto di case per vacanze,http://sardiniaguest.com/,350 150 9823,"Via Antonio Gramsci, 9",Bulzi,,caccionimatteo@gmail.com,https,React,No,Google LLC,,,,Sì,No
Dielle Autoservice,Rivenditore di auto usate,,348 593 0254,Zona Industriale Fonni,Fonni,,,,,,,,,,,
Autoscuola al Volante 3,Autoscuola,,0783 391114,"Via Armando Diaz, Snc",Cabras,,,,,,,,,,,
Aritzo Off-Road Experience,Servizio di noleggio quad,http://www.aritzoffroadexperience.com/?utm_source=google&utm_medium=wix_google_business_profile&utm_campaign=4616013293909785976,327 127 7738,Via Bigna e Mariccu 4,Aritzo,,danielespinazzola@gmail.com,https,React,No,Google LLC,55,78,100.00,Sì,No
TS Rental Car - Noleggio Auto Cagliari e Sardegna,Agenzia di noleggio auto,,329 249 1021,"Via Risorgimento, 94",San Sperate,,,,,,,,,,,
Autonoleggio Zizzi,Agenzia di noleggio auto,,338 732 7405,"Via Don Giovanni Minzoni, 7",Dorgali,,,,,,,,,,,
Agriturismo Pinuccia,Ristorante,http://www.agriturismopinuccia.it/,349 417 0921,"Via Armando Diaz, 42",Cabras,,,https,WordPress,No,Aruba S.p.A.,,,,Sì,No
Fiori&Piante di Angela Cadau Agenzia Funebre Cadau Cuglieri,Fiorista,,329 886 5203,"Via Vittorio Emanuele, 7",Cuglieri,,,,,,,,,,,
Joey Viaggi e Tour di Chiarenza Federica,Agenzia viaggi,,0781 726049,"Via Cagliari, 240",Domusnovas,,,,,,,,,,,
Allianz Domusnovas,Agenzia di assicurazioni,,0781 71749,"Via Cagliari, 113",Domusnovas,,,,,,,,,,,
Dessi' Claudio,Agenzia di scommesse,,0781 70304,"Via XXV Aprile, 23",Domusnovas,,,,,,,,,,,
Autoscuola L.Saba di Luciano Saba & C.,Autoscuola,,0781 250190,"Via Costituzione, 3",Domusnovas,,,,,,,,,,,
Sicily by Car,Agenzia di noleggio auto,,070 240101,Via Caduti di Nassirya,Elmas,,,,,,,,,,,
Autoblu Di Floris Enrico,Agenzia di noleggio auto,,079 583415,"Corso Europa, 102A",Valledoria,,,,,,,,,,,
Autocarrozzeria & Autonoleggio SUPERCAR,Autocarrozziere,http://www.supercar-oristano.it/,0783 359087,Vico Bruxelles,Oristano,,supercar1@tiscali.it,https,React,No,Amazon Technologies Inc.,,,,Sì,No
Europcar Valledoria,Agenzia di noleggio auto,,079 583102,"Corso Europa, 86",Valledoria,,,,,,,,,,,
Esso,Benzinaio,http://www.eseitalia.it/,0784 57110,"Via Umberto I', 117",Fonni,,,https,Angular,No,"Amazon.com, Inc.",52,81,85.00,Sì,No
Officina Meccatronica Mocci Mariano - noleggio auto e scooter Carloforte,Officina autoriparazioni,http://www.officinamoccimariano.com/,333 709 7671,"Viale Cantieri, snc",Carloforte,,,https,ASP.NET,Sì,OVH SAS,53,87,85.00,Sì,No
Europcar Cagliari Aeroporto,Agenzia di noleggio auto,,070 240126,Partenze,Elmas,,,,,,,,,,,
Alea Ricerca & Ambiente Soc.Coop.,Agenzia per escursioni,https://www.aleambiente.it/,349 215 2577,"Via Giuseppe Garibaldi, 21 A",Cabras,,tour@aleambiente.it,https,WordPress,No,Aruba S.p.A. Network,,,,Sì,No
Sud Sardegna Transfer,Agenzia di noleggio auto,,338 386 9885,"Via Alghero, 11",Capoterra,,,,,,,,,,,
Goldcar,Agenzia di noleggio auto,,050 807 5174,Via dei Trasvolatori,Elmas,,,,,,,,,,,
Noleggiare Melis Rent,Servizio di noleggio scooter,,393 978 9030,"Piazza Carlo Emanuele III, 3",Carloforte,,,,,,,,,,,
"D&G Motors - Officina meccanica, Noleggio Auto Scooter",Servizio di noleggio scooter,,329 942 9628,"Viale Osservatorio Astronomico, 15",Carloforte,,,,,,,,,,,
SP Move srl - transfer&rent Cagliari,Agenzia di noleggio auto,https://spautonoleggio.com/,348 104 1103,Via Iglesias,Sestu,,info@spautonoleggio.com,https,React,Sì,Google LLC,66,93,92.00,Sì,No
Piraino Rent Car,Agenzia di noleggio auto,,320 835 7428,Via Porto Turistico,Castelsardo,,,,,,,,,,,
Autonoleggio Sardinya - Oristano,Agenzia di noleggio auto,http://www.autonoleggiosardinya.it/?utm_source=Google&utm_medium=Local&utm_campaign=MyBusiness,0783 779106,"Via Cagliari, 440",Oristano,,,https,WordPress,Sì,"Cloudflare, Inc.",59,72,85.00,Sì,No
Autonoleggio di Lecca Marco,Agenzia di noleggio auto,,338 954 8031,"Via Funtaneddas, 38",Sinnai,,,,,,,,,,,
AutoAffari Carloforte - Noleggio auto e scooter,Agenzia di noleggio auto,http://www.autoaffarirent.it/,392 730 8642,Loc Segni,Carloforte,,autoaffari.carloforte@yahoo.it,https,Joomla,No,Keliweb S.R.L,56,75,100.00,Sì,No
Arma dei Carabinieri Comando Stazione Dualchi Noragugume,Arma dei Carabinieri,,0785 44722,Via Sassari angolo Via Nuoro,Dualchi,,,,,,,,,,,
Rent For Cagliari Centro città c/o Garage 72,Agenzia di noleggio moto,http://rentforcagliari.com/,070 796 6322,"Via Sassari, 12",Cagliari,,info@rentforcagliari.com,http,Shopify,No,WIIT AG,,,,Sì,No
Miamar Noleggio e Vendita,Servizio di noleggio biciclette,https://miamarnoleggio.it/,342 041 8890,"Corso Agostino Tagliafico, 44",Carloforte,,noleggiomiamar@gmail.com,https,React,No,Combell NV,56,77,100.00,Sì,No
Autonoleggio Spina,Azienda di trasporti in autobus,http://www.autobusnoleggiospina.it/,079 470185,"Via Dante Alighieri, 1",Castelsardo,,info@autobusnoleggiospina.it,https,React,No,Sconosciuto,66,55,75.00,Sì,No
Rh Rent,Agenzia di noleggio auto,https://rhrent.it/,06 8635 8336,Via dei Trasvolatori,Elmas,,info@rhrent.it,https,WordPress,Sì,SiteGround,80,93,92.00,Sì,No
Hertz Autonoleggio - Santa Margherita Di Pula - Grand Hotel Chia Laguna,Agenzia di noleggio auto,,070 9239 2482,Località Chia - Domus de Maria,Santa Margherita di Pula,,,,,,,,,,,
"SARDINIA RENTS Noleggio a Cagliari di Camper , Van e Auto",Agenzia di noleggio auto,https://www.sardiniarents.com/,393 427 5548,"Località is campus, snc",Capoterra,,info@sardiniarents.com,https,WordPress,No,Netsons s.r.l.,,,,Sì,No
B-Rent,Agenzia di noleggio auto,https://b-rent.com/noleggio-auto-cagliari-aeroporto,331 709 3125,"Terminal, Via dei Trasvolatori",Elmas,,,https,Typo3,Sì,"Cloudflare, Inc.",94,94,92.00,Sì,No
RentSmart24,Agenzia di noleggio auto,https://rentsmart24.com/it/noleggio-auto/aeroporto/cagliari,02 0502,"Via Pier Luigi Nervi, 1",Cagliari,,,https,React,Sì,"Cloudflare, Inc.",,,,Sì,No
Autolinee Trexenta,Concessionario auto,http://www.viaggilisci.it/,070 980 8451,"Via C. Sanna, 260",Senorbì,,,https,ASP.NET,No,Aruba S.p.A. Network,69,96,82.00,Sì,No
Happy Tour luxury SUD Sardegna,Agenzia di noleggio auto,https://www.happytourinsardinia.com/,347 808 8368,"Piazza S. Pietro, 4",Sanluri,,info@happytourinsardinia.com,https,WordPress,Sì,IT.Gate S.p.A.,56,59,92.00,Sì,No
Autoscuola Coccollone Snc,Autoscuola,,0784 58500,"Via Umberto, 69",Fonni,,,,,,,,,,,
Ichnos Escursioni Ogliastra di Elena Lucia Piras,Agenzia per escursioni,,349 470 6704,Via Garibaldi,Bari Sardo,,,,,,,,,,,
WeRent | Cagliari Aeroporto,Agenzia di noleggio auto,https://www.werentsrl.com/,389 286 5597,"Via Bacco, 11",Zona Industriale Casic,,booking@werentsrl.com,https,Joomla,Sì,Aruba S.p.A.,69,88,92.00,Sì,No
Tibula Rent,Agenzia di noleggio auto,http://www.tibularent.it/,0789 189 5239,"Via Maria Teresa, 39",Santa Teresa Gallura,,,https,Drupal,No,"Cloudflare, Inc.",,,,Sì,No
Car-Là Service SRL,Agenzia di noleggio auto,https://www.carlaservice.it/,349 666 7428,"Via Rosario Romeo, 2",Cavallino,,info@carlaservice.it,https,WordPress,No,Aruba S.p.A.,,,,Sì,No
"Ichnusa Rent Noleggio auto, furgoni E-Bike Cagliari - Citta'",Agenzia di noleggio auto,https://www.ichnusarent.it/,070 4071 3237,"Via Dante Alighieri, 97",Cagliari,,info@ichnusarent.it,https,WordPress,Sì,VHosting,50,82,92.00,Sì,No
LECCECAR,Agenzia di noleggio auto,,389 684 8817,"Via Giorgio la Pira, 12",Lecce,,,,,,,,,,,
AF Motors Rent,Agenzia di noleggio auto,https://afmotorsrent.it/,344 051 3634,Arrivi,Cagliari,,info@afmotorsrent.it,https,React,No,Server Plan S.r.l.,64,69,100.00,Sì,No
Mida Rent Cagliari,Agenzia di noleggio auto,https://www.midarent.com/it/,070 727 3118,Aeroporto di Cagliari Elmas Mario Mameli,Elmas,,alghero@midarent.com,https,WordPress,Sì,Aruba S.p.A. Network,56,76,92.00,Sì,No
Autonoleggio R&D S.P.A. F.lli Ariu Robertino & Ariu David.,Agenzia di noleggio auto,,370 341 5769,"Via Is Pascais, 135",Giba,,,,,,,,,,,
Autonoleggio Sardinya - Aeroporto di Cagliari Elmas,Agenzia di noleggio auto,http://www.autonoleggiosardinya.it/?utm_source=Google&utm_medium=Local&utm_campaign=MyBusiness,070 240444,"Aeroporto di Cagliari, Via dei Trasvolatori",Elmas,,,https,WordPress,Sì,"Cloudflare, Inc.",59,71,85.00,Sì,No
Agenzia Funebre Casu Maurizio,Agenzia funebre,https://www.ricordidivita.it/sud-sardegna-e-provincia/furtei/agenzie-onoranze-funebri/agenzia-funebre-casu-maurizio-10763.html#last-obituaries,347 037 9967,"Corso Vittorio Emanuele III, 28",Furtei,,ricordidivita@paginesi.it,https,Laravel,Sì,OVH SAS,,,,Sì,No
Figus Autonoleggio Con Conducente Di Ignazio Figus,Agenzia di noleggio auto,,070 937 0200,"Via Luigi Garau, 6",Sanluri,,,,,,,,,,,
Vittoria Assicurazioni _ subagenzia di Gonnosfanadiga,Agenzia di assicurazioni,,333 422 7751,"Via dei Cestai, 14",Gonnosfanadiga,,,,,,,,,,,
"Visite Guidate, Guida Turistica Dott.ssa Tiziana Serra",Agenzia di visite turistiche,http://www.visiteguidateperleviedi.com/,328 391 0451,"SS 128 Centrale Sarda, 4",Gavoi,,,https,WordPress,Sì,Aruba S.p.A. Network,65,71,92.00,Sì,No
Arma dei Carabinieri Comando Stazione Gadoni,Arma dei Carabinieri,,0784 625622,Via S. Pietro,Gadoni,,,,,,,,,,,
Agenzia Funebre Flor Mirko di Demuru Mirko,Agenzia funebre,http://www.agenziafunebremirkodemuru.it/,338 262 7142,"Via Roma, 119",Dualchi,,,https,Shopify,Sì,OVH SAS,47,74,85.00,Sì,No
Comune Di Isili,Municipio,,0782 802013,"Piazza S. Giuseppe, 6",Isili,,,,,,,,,,,
JEM Car AUTONOLEGGIO,Agenzia di noleggio auto,https://www.jemcar.it/,376 234 0065,"Loc. Sa Siliqua, 3/A",Gonnesa,,jemcarsrl2023@gmail.com,https,Wix,No,Google LLC,75,95,100.00,Sì,No
Eurodriver 3000 Di Floris Gianluca,Agenzia di noleggio auto,,338 526 8132,"Via Aldo Moro, 7",Iglesias,,,,,,,,,,,
DieSse Pneumatici di Diana Salvatore,Negozio di pneumatici,https://www.gommistadianasalvatore.com/,070 979 8770,"Localita' Zona Artigianale, Gonnosfanadiga, Vs 09035",Gonnosfanadiga,,,https,React,Sì,OVH SAS,56,77,100.00,Sì,No
ROAS: Officina & Noleggio,Agenzia di noleggio auto,https://www.officinacarloforte.it/,346 151 0629,Loc. Segni,Carloforte,,officinaroas@yahoo.it,https,Shopify,No,Eurologon S.r.l,67,90,100.00,Sì,No
Autonoleggio S'Andira di Pasquale Seddone,Agenzia di noleggio auto,https://www.asandira.it/,338 506 7009,"Via Antonio Ballero, 117",Nuoro,,,https,Mobirise,No,Aruba S.p.A.,39,77,91.00,Sì,No
Agenzia Funebre La' Celeste Snc - Bottida,Agenzia funebre,,079 793392,"Via Goceano, 18",Bottidda,,,,,,,,,,,
Carabinieri • Comando Stazione Gesico,Arma dei Carabinieri,,070 987 7003,"Via Amatore Sciesa, 47",Gesico,,,,,,,,,,,
Noleggio Auto e Furgoni Maggiore AmicoBlu - Nuoro,Agenzia di noleggio auto,,0784 30461,"Via Convento, 32",Nuoro,,,,,,,,,,,
Mutoto Dei F.Lli Fadda & C. S.N.C.,Agenzia di noleggio auto,,070 907067,"Localita' Cabrieleddu, Villa San Pietro, CA 09010",Villa San Pietro,,,,,,,,,,,
Agenzia Di Affari Corda Dino,Ufficio patenti,,0782 71091,"Via Umberto I', 250",Jerzu,,,,,,,,,,,
go2rent-italy,Agenzia di noleggio auto,http://www.go2rent-italy.it/,345 509 8665,Via Dardanelli 2 (Marina di Brindisi,Brindisi,,prenotazioni@go2rent-italy.it,https,Shopify,No,Google LLC,42,63,100.00,Sì,No
Leader Snc,Agenzia di assicurazioni,,0782 804083,"47 Via Giudice Mariano, Isili, CA 08033",Isili,,,,,,,,,,,
R.G. Rent - Noleggio Furgoni Sassari,Agenzia di noleggio auto,https://www.rg-rent.com/,342 834 8233,Via Predda Niedda Str. 12,Sassari,,rgrent2022@gmail.com,https,React,No,Google LLC,86,97,100.00,Sì,No
AUTONOLEGGIO DANTRAVEL,Agenzia di noleggio auto,http://www.autonoleggiodantravel.com/,0781 350073,"Via Indipendenza, 30",Iglesias,,info@autonoleggiodantravel.com,https,Angular,Sì,Aruba S.p.A.,45,56,92.00,Sì,No
ASPAL Centro per l'impiego di Cuglieri (CPI),Centro per l'impiego,https://www.aspalsardegna.it/amministrazione/unita_organizzativa/centro-per-limpiego-di-cuglieri/,070 779 0575,Piazza Convento,Cuglieri,,aspal.cpicuglieri@regione.sardegna.it,https,React,Sì,Aruba S.p.A. Network,66,91,85.00,Sì,No
PL RENTAL CAR AUTONOLEGGIO,Agenzia di noleggio auto,,392 883 4122,Via Iglesias,Gonnesa,,,,,,,,,,,
Giara Bus,Agenzia di noleggio auto,,0783 020023,"Via Nuova, 1",Villa Verde,,,,,,,,,,,
"M Rent Sardinia - Noleggio auto, scooter e van Sardegna Porto Pino, Sant'Anna Arresi, Sant'Antioco",Agenzia di noleggio auto,https://mrentsardinia.com/it/,347 052 5637,"Via Is Massaius, 9",San Giovanni Suergiu,,info@mrentsardinia.com,https,React,Sì,Hostpoint AG,57,84,85.00,Sì,No
Antonello Pinna - Noleggio con Conducente,Agenzia di noleggio auto,,347 011 1767,Via Umberto Saba,Marrubiu,,,,,,,,,,,
Filorent - Lecce,Agenzia di noleggio auto,http://filorent.it/,0832 399904,"Via S. Nicola, 1",Lecce,,info@filorent.it,https,Joomla,Sì,Amazon Technologies Inc.,60,83,92.00,Sì,No
AC Auto Antonella Coda,Concessionario auto,http://www.acautomobili.com/,340 316 1765,"Via Nazionale, 31",Ilbono,,info@acautomobili.com,https,React,Sì,Google LLC,56,84,100.00,Sì,No
Escursioni,Agenzia di escursioni in barca,,333 475 7194,Via Padule,La Maddalena,,,,,,,,,,,
ASPAL Centro per l'Impiego di Isili,Centro per l'impiego,https://www.aspalsardegna.it/amministrazione/unita_organizzativa/centro-per-limpiego-di-isili/,070 779 0245,"Piazza Costituzione, 1",Isili,,aspal.cpiisili@regione.sardegna.it,https,Shopify,Sì,Aruba S.p.A. Network,63,86,85.00,Sì,No
Mr Mesina | Transfer - Taxi - Escursioni - Noleggio auto - Bus,Agenzia di escursioni turistiche in autobus,https://mrmesina.com/,342 844 5814,Viale Bue Marino,Cala Gonone,,info@mrmesina.com,https,React,Sì,Google LLC,68,0,100.00,Sì,No
Inps - Isili,Ufficio della previdenza sociale,,0782 821711,"Piazza Costituzione, 1",Isili,,,,,,,,,,,
Noleggio Rondinella La Maddalena,Agenzia di noleggio moto,,377 315 4433,"Via Amendola, 41",La Maddalena,,,,,,,,,,,
Autonoleggio Barletta - Noleggio Auto Epoca e Moderne,Agenzia di noleggio auto,,0832 301026,"Via Premuda, 1",Lecce,,,,,,,,,,,
Sardinia GTravel | Bus & Tours,Servizi di trasporto,https://www.sardiniagtravel.it/,329 191 1029,"Via Roma, 77",Gavoi,,info@sardiniagtravel.it,https,WordPress,No,Servereasy Srl,45,76,92.00,Sì,No
Dubai Rent 7.0 Iglesias,Agenzia di noleggio auto,https://www.dubairent70.it/contatti,327 104 0855,"Via Roberto Cattaneo, 116",Iglesias,,utente@dominio.com,https,Squarespace,No,"Squarespace, Inc.",38,60,92.00,Sì,No
Agenzia Sarcidano,Agenzia pratiche auto e barche,,0782 803222,"Vico Dante Alighieri, 2",Isili,,,,,,,,,,,
L'angolo fiorito,Agenzia funebre,,320 306 8834,"Largo Caduti in Guerra, 2",Escalaplano,,,,,,,,,,,
Anedda Maurizio Assicurazioni S.R.L.,Agenzia di assicurazioni,,0782 804057,"Via Enrico Satta, 4",Isili,,,,,,,,,,,
Autofficina Point Car Service Autonoleggio Auto Sostitutiva Vito Caione,Officina autoriparazioni,,0832 601075,"Via Gentile, 29",Carmiano,,,,,,,,,,,
S.G di Simone Gavini,Agenzia di noleggio auto,https://noleggioautocagliari.net/,340 122 8991,"Viale Elmas, 194",Zona Industriale Casic,,simonegavini1973@gmail.com,https,WordPress,No,Servereasy Srl,69,91,100.00,Sì,No
Elena Tour Navigazioni - Escursioni in barca La Maddalena - Noleggio barche,Agenzia di escursioni in barca,https://www.elenatournavigazioni.com/,342 321 7323,"Via Amendola, Snc",La Maddalena,,info@elenatournavigazioni.com,https,Shopify,Sì,Google LLC,71,99,100.00,Sì,No
Praticar di Barbara Serpi,Ufficio patenti,http://www.praticarsta.it/,070 974581,"Via Antonio Gramsci, 49",Guspini,,info@praticarsta.it,http,ASP.NET,No,Aruba S.p.A. Network,99,100,91.00,Sì,No
ASV Rent,Agenzia di noleggio auto,,02 7490 10928,"Via Indipendenza, 30",Iglesias,,,,,,,,,,,
Autonoleggi Pietro Mula,Agenzia di noleggio auto,http://www.autonoleggiomula.com/,349 458 7798,"Corso Giuseppe Garibaldi, 121",Nuoro,,informazioni@autonoleggiomula.com,https,ASP.NET,No,Sconosciuto,99,100,91.00,Sì,No
Diemme di Melis Davide,Rivenditore di veicoli a motore,,329 952 7297,Via Umberto I',Jerzu,,,,,,,,,,,
Noleggio Auto Sea Side Road,Agenzia di noleggio auto,https://seasideroad.it/,347 377 6315,"Via Argentiera, 16",Cagliari,,info@seasideroad.it,https,Shopify,Sì,Netsons,63,52,92.00,Sì,No
BENE Assicurazioni Isili,Agenzia di assicurazioni,https://www.bene.it/,0782 802720,"Via Dante Alighieri, 23",Isili,,clienti@bene.it,https,React,No,Amazon Technologies Inc.,40,87,100.00,Sì,No
Rent a Car Express,Agenzia di noleggio auto,http://www.rentacarexpress.it/,079 985937,"Via Sebastiano Satta, 52",Alghero,,//info@rentacarexpress.it,https,WordPress,Sì,Server Plan S.r.l.,62,75,92.00,Sì,No
Europcar Palau,Agenzia di noleggio auto,,0789 709381,"Piazza del Molo, 1",Palau,,,,,,,,,,,
Lunauto Ricambi Srl,Negozio di ricambi per auto,,070 939980,"Località Pranu e Predi, Zona Industriale",Lunamatrona,,,,,,,,,,,
Nolo Gru e Piattaforme Aeree Cirronis William,Agenzia di noleggio gru,,329 617 3646,"Via Appiani, 33",Guspini,,,,,,,,,,,
Go Marine Rent Boat Noleggio Gommoni Golfo Aranci,Noleggio barche,,334 906 4590,Via dei Trattati di Roma,Golfo Aranci,,,,,,,,,,,
189 Garage,Servizio di noleggio scooter,http://189garage.eu/,371 335 7667,"Via Azuni, 17 Via Giuseppe mazzini 15, Via Amendola, 17",La Maddalena,,189garage@gmail.com,https,WordPress,No,Aruba S.p.A.,60,74,92.00,Sì,No
Arma dei Carabinieri Comando Stazione Lunamatrona,Arma dei Carabinieri,,070 939022,"Piazza Italia, 7",Lunamatrona,,,,,,,,,,,
Autonoleggio Tanca Manna,Agenzia di noleggio auto,http://www.ranieriautonoleggio.it/,0784 402186,"Via Galileo Galilei, 11",Nuoro,,info@ranieriautonoleggio.it,https,Drupal,No,Sconosciuto,68,94,85.00,Sì,No
Canneddu Assicurazioni Srl - Sede di Ittiri,Agenzia di assicurazioni,,079 442977,"Corso Vittorio Emanuele, 98",Ittiri,,,,,,,,,,,
Carabinieri Comando Stazione Laconi,Arma dei Carabinieri,,0782 869022,"Via Romaore, 5",Laconi,,,,,,,,,,,
MP Auto Garage,Rivenditore di auto,http://mpautogarage.it/,070 978 8154,Via XXV Aprile,Guspini,,garage.mpauto@gmail.com,https,WordPress,No,Aruba S.p.A. Network,37,71,85.00,Sì,No
Autonoleggio Golfo Aranci SL Service srl,Agenzia di noleggio auto,,331 390 8525,"Via degli Iris, 7",Golfo Aranci,,,,,,,,,,,
Arma dei Carabinieri Comando Stazione Luogosanto,Arma dei Carabinieri,,079 652022,"Via Regina Elena, 32",Luogosanto,,,,,,,,,,,
Immobiliare Mara S.R.L.,Agenzia immobiliare,,334 937 8357,"Via Cagliari, 30/A",Maracalagonis,,,,,,,,,,,
Noleggio Flli.Cuccu - Auto-Scooter- Quad-Gommoni - Ebike-,Agenzia di noleggio moto,https://www.fratellicuccu.it/,0789 737706,"Via Amendola, 45",La Maddalena,,,https,WordPress,No,Servereasy Srl,75,95,85.00,Sì,No
La maddalena on board,Noleggio barche,https://www.lamaddalenaonboard.it/?utm_source=gmb&utm_medium=organic&utm_campaign=seo,340 896 0738,Via Padule,La Maddalena,,,https,WordPress,Sì,HOSTINGER FR,61,96,61.00,Sì,No
LP RentalCars,Agenzia di noleggio auto,,079 676 1686,"Via Barisone, 2",Sorso,,,,,,,,,,,
Autonoleggio Loddo Viaggi,Agenzia di noleggio auto,,348 605 0437,Via Buoncammino,Cardedu,,,,,,,,,,,
"ITALY NOLEGGIO | Noleggio Auto San Teodoro, Olbia, Costa Smeralda",Agenzia di noleggio auto,https://www.italynoleggio.it/,329 004 3013,"Via Delle Querce, C4",Loiri Porto San Paolo,,info@italynoleggio.it,https,React,Sì,Server Plan S.r.l.,60,85,85.00,Sì,No
Emerald Coast Rent,Agenzia di noleggio auto,https://www.emeraldcoastrent.it/,347 158 3464,"Via Libertà, 59",Golfo Aranci,,info@emeraldcoastrent.it,http,WordPress,Sì,Server Plan S.r.l.,66,88,92.00,Sì,No
Noesis Soc. Coop. Sociale Onlus,Asilo nido,,0782 804017,"Corso Vittorio Emanuele, 88",Isili,,,,,,,,,,,
Emerald Freedom - Noleggio Gommoni con Skipper Tour Privati La Maddalena,Noleggio barche,https://www.emeraldfreedom.it/,351 750 5141,"Via Cala Chiesa, 52",La Maddalena,,info@emeraldfreedom.it,https,Shopify,Sì,Aruba Hosting,60,84,100.00,Sì,No
Bluviaggi,Agenzia viaggi,http://www.agenziabluviaggiittiri.com/,079 097 6414,"Corso Vittorio Emanuele, 102",Ittiri,,prenotazioni@agenziabluviaggiittiri.com,https,React,Sì,Google LLC,68,85,100.00,Sì,No
Just Sardinia,Agenzia di noleggio auto,http://www.justsardinia.it/,339 647 5491,"Via Fonte Vecchia, 11",Palau,,info@justsardinia.it,https,Shopify,Sì,Hetzner Online GmbH,60,95,100.00,Sì,No
M&M Rental cars and scooter,Agenzia di noleggio auto,,328 408 9383,"Via Monsignor Virgilio, 25",Tortolì,,,,,,,,,,,
Aresu Bus,Agenzia di noleggio auto,,339 723 8664,"Via Guglielmo Marconi, 85",Lanusei,,,,,,,,,,,
Car Motors Vendita e Noleggio Auto e Veicoli Commerciali,Agenzia di noleggio auto,https://www.carmotorssrl.it/,320 388 5390,"contrada sciurti(presso centro commerciale cavallino, SS16",Cavallino,,carmotorssrl@libero.it,https,WordPress,Sì,Aruba S.p.A.,56,73,92.00,Sì,No
MaxTour La Maddalena Escursioni,Agenzia di escursioni in barca,,329 612 9842,"Via Regina Margherita, 31",La Maddalena,,,,,,,,,,,
Alba Servizi Sas Di Fabio Falqui & C.,Ufficio postale,,070 789043,"Via Nazionale, 124",Maracalagonis,,,,,,,,,,,
Mereu Rent,Agenzia di noleggio auto,https://www.mereurent.com/,388 093 5445,"Viale Paolo Dettori, 50",Arzachena,,info@mereurent.com,https,Shopify,Sì,Serverplan s.r.l.,67,85,92.00,Sì,No
Wheel Renting,Agenzia di noleggio auto,https://www.olbianoleggioauto.it/,333 279 5404,"Viale Concas Caddinas, 52-84",Golfo Aranci,,noleggio@wheelrenting.com,https,React,Sì,Aruba S.p.A,61,88,92.00,Sì,No
Agenzia Funebre San Trano Di Antonello Pileri,Agenzia funebre,,349 759 7552,"Via Giuseppe Garibaldi, 37",Luogosanto,,,,,,,,,,,
Liami Experience Sardinia,Agenzia di visite turistiche,https://liami-experience.it/,339 507 1880,"Via Giuseppe Garibaldi, 50",Luogosanto,,info@liami-experience.it,https,Shopify,Sì,Netsons Network,78,0,100.00,Sì,No
De Lacon Associazione,Agenzia per escursioni,http://www.delacon.it/,340 399 5145,"V. Flumini, 15",Laconi,,info@delacon.it,https,WordPress,Sì,Aruba S.p.A.,59,82,85.00,Sì,No
Esmeralda,Impresa di pulizie,,328 703 7451,eleonora d Arborea,Maracalagonis,,,,,,,,,,,
ServizioTaxi noleggio con conducente V. E. Service,Servizio taxi,http://www.veservice-ncc.it/,340 728 9567,Via Piero Gobetti,Abbasanta,,,http,ASP.NET,No,Aruba S.p.A. Network,57,93,100.00,Sì,No
Autoscuola - Dessolis Giuseppino,Autoscuola,,0784 56528,"Corso V. Emanuele III', 78",Mamoiada,,,,,,,,,,,
ContinentalAuto Vendita&Noleggio auto,Rivenditore di auto usate,,375 531 1700,Via Umberto,Lanusei,,,,,,,,,,,
Carabinieri • Comando Stazione Mamoiada,Arma dei Carabinieri,,0784 56022,Via Sebastiano Satta,Mamoiada,,,,,,,,,,,
Exclusive Boats - La Maddalena boat rental & boat hire,Noleggio barche,https://www.lamaddalenaexclusiveboats.com/,392 227 8573,Via Amendola,La Maddalena,,info@lamaddalenaexclusiveboats.com,https,Shopify,Sì,Google LLC,73,99,100.00,Sì,No
Associazione Turistica Culturale Pro Loco Masullas,Centro informazioni turistiche,,379 202 0990,"Via Cappuccini, 59",Masullas,,,,,,,,,,,
Méskes Turismo,Agenzia di visite turistiche,,320 943 7065,"Corso V. Emanuele III', 28",Mamoiada,,,,,,,,,,,
CVG MOTORS,Rivenditore di auto,http://www.cvgmotors.com/,349 675 5044,"Via Papa Giovanni XXIII, 37/39",Maracalagonis,,,https,Shopify,No,Aruba S.p.A. Network,71,0,77.00,Sì,No
Noleggio Gommoni La Maddalena Eagle Marine,Noleggio barche,https://eaglemarine.it/,334 785 8255,Regione Nido d'Aquila,La Maddalena,,info@eaglemarine.it,https,WordPress,Sì,Google LLC,55,56,100.00,Sì,No
Master Motors di Maccioni Massimo,Meccanico,,340 789 5235,"VICO 1 DEI, Via dei Muratori, 1",Masullas,,,,,,,,,,,
Pinna Roberto,Agenzia di assicurazioni,,070 789437,"Via Satta, 23",Maracalagonis,,,,,,,,,,,
AGENZIA PRATICHE AUTO GianGYMotorS 2,Ufficio patenti,,0783 590163,"Via Aldo Moro, 10",Milis,,,,,,,,,,,
Agenzia Funebre Crocifisso di Solinas Fabio,Agenzia funebre,https://www.golfodioroseisardegna.it/it/partner/30/Agenzia-Funebre-SS-Crocifisso-di-Solinas-Fabio.html,340 374 0573,"Via Nazionale, 185",Galtellì,,,https,Shopify,No,OVH SAS,66,82,100.00,Sì,No
Associazione Turistica Pro Loco Mamoiada,Centro informazioni turistiche,http://prolocomamoiada.it/,334 594 0764,"Via Sardegna, 13",Mamoiada,,mamuthonesmamoiada@tiscali.it,https,ASP.NET,No,Server Plan S.r.l.,65,96,83.00,Sì,No
EasyRental,Agenzia di noleggio auto,http://www.easyrentalcar.eu/,338 600 2244,"Via Grazia Deledda, 2",Porto San Paolo,,info@easyrentalcar.eu,https,Joomla,No,Aruba S.p.A. Network,42,48,83.00,Sì,No
MotusAway Car Rental,Agenzia di noleggio auto,https://motusaway.com/it/,379 277 6276,"Via Donatello, 1",Porto San Paolo,,info@motusaway.com,https,WordPress,Sì,"Fastly, Inc.",59,83,92.00,Sì,No
Onoranze Funebri S. Maria,Agenzia funebre,,333 881 7376,"15, Via Garibaldi, Sant'Antonio Di Gallura, OT 07030",Sant'Antonio di Gallura,,,,,,,,,,,
MBM Rent Car Cap Marina Monastir Tunisie,Agenzia di noleggio auto,,+216 97 255 328,Monastir cap marina Monastir,Monastir,,,,,,,,,,,
Rent Car Monastir Agence location voiture aéroport monastir,Agenzia di noleggio auto,,+216 96 015 997,Avenue Taieb Mhiri Immeuble El Makateb Monastir,Tabulbah,,,,,,,,,,,
GLC Rent - Noleggio auto,Agenzia di noleggio auto,http://glcrent.it/,079 966 0604,"Via Carlo Felice, 38",Sassari,,amministrazione@www.glcrent.it,https,WordPress,Sì,Aruba S.p.A.,57,57,92.00,Sì,No
N.C.C. 4 Mori Di Arzu Fabio,Agenzia di noleggio auto,,347 679 6491,"Traversa Seconda Bancaleddu, 2a",Sassari,,,,,,,,,,,
Longauto,Agenzia di noleggio auto,,329 108 1343,"Via Leonardo Da Vinci, 145",Lizzanello,,,,,,,,,,,
LeoRentalCars: Autonoleggio Brindisi Aeroporto - Consegna e Ripresa Aeroporto del Salento gratuita!,Agenzia di noleggio auto,https://leorentalcars.it/,324 660 7122,"Via Maestri del Lavoro d'Italia, snc",Brindisi,,info@leorentalcars.it,https,WordPress,Sì,Server Plan S.r.l.,49,42,85.00,Sì,No
AVIS car rental Monastir Skanes International Airport,Agenzia di noleggio auto,,+216 73 521 031,SKANES INTERNATIONAL AIRPORT,Monastir,,,,,,,,,,,
Autonoleggio Smeralda Express,Agenzia di noleggio auto,https://autonoleggiosmeralda.com/,0789 69192,"Aereoporto Olbia Costa Smeralda, Via degli Astronauti",Olbia,,autonoleggiosmeralda@gmail.com,https,React,Sì,Google LLC,51,54,85.00,Sì,No
MS Rental | Noleggio auto a breve e a lungo termine,Agenzia di noleggio auto,https://www.msrental.it/,0832 152 3382,"Via Lizzanello, 48A",Cavallino,,,https,React,Sì,OVH SAS,63,64,100.00,Sì,No
Reale Mutua Mogoro,Agenzia di assicurazioni,,349 513 0424,"Via Antonio Gramsci, 42",Mogoro,,,,,,,,,,,
Manitese Cooperativa Ittiri,Agenzia di assistenza all'infanzia,https://www.coopmanitese.it/,079 440012,"Piazza Umberto, 30",Ittiri,,info@progettoalbergo.com,https,Shopify,Sì,Aruba S.p.A.,71,79,100.00,Sì,No
Affiliato Tecnorete Studio Semart S.R.L.,Agenzia immobiliare,https://maracalagonis1.tecnorete.it/,070 205 6849,"Via Cagliari, 74",Maracalagonis,,ca2aa@tecnorete.it,https,ASP.NET,Sì,Google LLC,56,72,85.00,Sì,No
Officina Meccanica C&M Motors e Soccorso Stradale,Officina autoriparazioni,,0783 410209,"Via Enzo Ferrari, 11",Nurachi,,,,,,,,,,,
Mamoiada Turismo,Azienda e-commerce,https://www.mamoiadaturismo.it/,328 176 2602,"Via Macomer, 4",Mamoiada,,,https,React,No,Aruba S.p.A. Network,61,76,92.00,Sì,No
First Rent Supreme,Agenzia di noleggio auto,,327 659 7635,"Via Riva Villasanta, 7",Pirri,,,,,,,,,,,
OGLIASTRA VIAGGI - FABRY TRAVEL,Agenzia viaggi,,0782 70109,"VIA CAVOUR, 47",Jerzu,,,,,,,,,,,
DANIELE MANCA INTERMEDIARIO ASSICURATIVO,Agenzia di assicurazioni auto,,347 868 9815,Via Mercato,Nule,,,,,,,,,,,
Carabinieri Comando Stazione Narbolia,Arma dei Carabinieri,,0783 57526,COMANDO STAZIONE NARBOLIA Via Umberto I,Narbolia,,,,,,,,,,,
Autoscuola RE.NA. sas,Autoscuola,,0781 959670,"Via Carbonia, 54",Narcao,,,,,,,,,,,
Arma dei Carabinieri Comando Stazione Neoneli,Arma dei Carabinieri,,0783 670002,"Via Demontis, 3",Neoneli,,,,,,,,,,,
Assicurazioni Agostina Mei Narcao,Agenzia di assicurazioni auto,,349 121 7728,Strada Comunale Narcao-Terraseo,Narcao,,,,,,,,,,,
Autonoleggio Sardinya - Santa Teresa Gallura,Agenzia di noleggio auto,http://www.autonoleggiosardinya.it/?utm_source=Google&utm_medium=Local&utm_campaign=MyBusiness,0789 759090,"Via Maria Teresa, 29",Santa Teresa Gallura,,,https,WordPress,Sì,"Cloudflare, Inc.",59,73,85.00,Sì,No
G.T. Logar Di Nieddu Antonio Giuseppe E Dore Giovanni & C. Snc,Officina autoriparazioni,,079 765015,"Via Sardegna, 4",Nule,,,,,,,,,,,
Makhlouf location voiture Monastir Mahdia Sousse,Agenzia di noleggio auto,https://www.tunisia-rent-car.tn/,+216 24 239 634,"N° 14, complexe ribat",Monastir,,rentcarmakhlouf@gmail.com,https,Angular,No,PlanetHoster,56,0,85.00,Sì,No
Autom3 Rental,Agenzia di noleggio auto,,348 005 6003,"Via Vittorio Veneto, 30",Alghero,,,,,,,,,,,
Arma dei Carabinieri Comando Stazione Nulvi,Arma dei Carabinieri,,079 576422,"Via Rosselli, 8",Nulvi,,,,,,,,,,,
Low Cost Rent a Car Olbia,Agenzia di noleggio auto,https://lowcostrentacarolbia.com/,329 324 9727,"Via Caprera, 16",Porto San Paolo,,sardiniacatamaran@gmail.com,https,WordPress,Sì,Aruba S.p.A.,65,78,100.00,Sì,No
Autonoleggio Manca,Agenzia di noleggio auto,http://www.autonoleggiomanca.it/,393 908 9838,"Vico I G.Bruno, 6",Gonnesa,,,https,Angular,No,Pagine Sì,54,86,92.00,Sì,No
Agenzia Funebre Mastinu - Onoranze Funebri Narbolia,Agenzia funebre,https://www.onoranzefunebrimastinu.it/,349 867 3802,"Via Aldo Moro, 2a",Narbolia,,mastinuonoranzefunebri@gmail.com,https,Joomla,Sì,Hetzner Online GmbH,56,84,83.00,Sì,No
Sicily by Car aeroporto Olbia,Agenzia di noleggio auto,,0789 642030,"Terminal, Aeroporto Costa Smeralda",Olbia,,,,,,,,,,,
Europcar Olbia,Agenzia di noleggio auto,,0789 206074,"Via Genova, 67",Olbia,,,,,,,,,,,
GABETTI MARACALAGONIS,Agenzia immobiliare,https://www.gabetti.it/agenzia/maracalagonis,350 181 2026,"Via Cagliari, 32",Maracalagonis,,maracalagonis@gabetti.it,https,React,No,Fastweb SpA,37,59,92.00,Sì,No
Mediterranea Adventure - Sport Outdoor Explorers' Center,Agenzia turistica sportiva,,338 810 5141,"Via Vittorio Emanuele, 133",Luogosanto,,,,,,,,,,,
Onoranze Funebri Excelsior di Manuela Orrù,Agenzia funebre,http://www.onoranzefunebriexcelsior.it/,0783 991905,"Via S. Giovanni, 1",Mogoro,,excelsior.orru@gmail.com,https,WordPress,Sì,Hetzner Online GmbH,53,78,92.00,Sì,No
Europcar Tunisie Agence Monastir,Agenzia di noleggio auto,,+216 29 354 598,"QQ63+77C en face de l’arrivée Aéroport, Rue de Tunis",Monastir,,,,,,,,,,,
Agenzia Funebre Angeli Di Serra Paolo,Agenzia funebre,http://www.agenziangeli.it/,0783 990326,"Via G. B. Tuveri, 3",Mogoro,,,https,WordPress,No,Google LLC,69,95,92.00,Sì,No
Auto Assi Service,Agenzia di assicurazioni auto,http://autoassiservice.it/,340 565 7026,"Corso Vittorio Emanuele, 224",Mores,,giuseppepisanu@pec.it,https,WordPress,No,Keliweb S.R.L,59,0,92.00,Sì,No
Agenzia Diamante di Cappai Rita,Agenzia pratiche auto e barche,,070 993 0228,"Via Quattroventi, 8/A",Muravera,,,,,,,,,,,
Anglona Tour,Agenzia viaggi,http://www.anglonatour.com/#,079 576599,Pentuma,Zona Industriale,,,http,WordPress,Sì,Iperweb Cloud-iaas 1,,,,Sì,No
Dinamica Rent Aeroporto Alghero-Fertilia,Agenzia di noleggio auto,http://www.dinamicarent.it/,070 22761,"Aeroporto di Alghero, Strada Provinciale 44",Alghero,,info@dinamicarent.it,https,WordPress,Sì,"DigitalOcean, LLC",86,73,92.00,Sì,No
Rent Car in Sardinia,Agenzia di noleggio auto,,0783 310333,"Via Romagna, 21",Oristano,,,,,,,,,,,
Arma dei Carabinieri Comando Stazione Nughedu San Nicolò,Arma dei Carabinieri,,079 763004,Piazza Guglielmo Marconi,Nughedu San Nicolò,,,,,,,,,,,
"SINIS NCC ,Private Shuttle, Navetta, Transfer Elmas airport, NCC, Van, Noleggio Con Conducente Oristano",Servizio taxi,https://www.sinisncc.it/,380 890 9010,"Via Antonio Vivaldi, 6",Oristano,,sinisncc@gmail.com,https,WordPress,Sì,Aruba S.p.A.,54,75,92.00,Sì,No
Insaruga Campervan - Noleggio Camper Van Sardegna,Agenzia di noleggio camper,https://www.insaruga-campervan.com/it/,328 071 9804,"Corso Eleonora, 173",Nurachi,,//info@insaruga-campervan.com,https,Joomla,No,Aruba S.p.A. Network,68,88,92.00,Sì,No
Automas Villacidro - Vendita Auto - Noleggio Auto e Veicoli Commerciali,Rivenditore di auto,https://www.automasvillacidro.it/,070 733 2033,"Via S. Gavino Monreale, 77",Villacidro,,info@automasvillacidro.it,https,Angular,No,Aruba S.p.A.,56,82,100.00,Sì,No
Corrasi Experience,Servizio di equitazione,,329 773 8220,Loc peraghespe,Oliena,,,,,,,,,,,
AD Travel & Service SRLS,Agenzia di noleggio auto,http://www.adtravelservice.it/,327 179 3553,"Via G. Nervi, 29",Cagliari,,info@unlimitedtravelsardinia.com,http,Shopify,No,Cyber_Folks S.A.,89,97,92.00,Sì,No
Smart Rent Olbia,Agenzia di noleggio auto,https://smartrentolbia.it/,334 794 0862,"Via A .Cesti, 8",Olbia,,info@smartrentolbia.it,https,WordPress,No,Combell NV,59,74,85.00,Sì,No
Porta Automobili,Meccanico e assistenza automobili,https://portaautomobili.it/,0783 997019,"Via Antonio Gramsci, 3",Mogoro,,,https,Shopify,Sì,Google LLC,87,99,40.00,Sì,No
Arma dei Carabinieri Comando Stazione Oliena,Arma dei Carabinieri,,0784 287522,Via Fala e Nodi,Oliena,,,,,,,,,,,
Supramonte Adventures,Agenzia per escursioni,https://www.supramonteadventures.com/,320 025 9432,"Via Maggiore Toselli, 16",Oliena,,supramonteadventures@gmail.com,https,WordPress,No,Netsons,65,0,100.00,Sì,No
ASPAL Centro per l'Impiego di Mogoro (CPI),Centro per l'impiego,https://www.aspalsardegna.it/amministrazione/unita_organizzativa/centro-per-limpiego-di-mogoro/,070 779 0500,"Via V. Spano, 3",Mogoro,,aspal.cpimogoro@regione.sardegna.it,https,Shopify,Sì,Aruba S.p.A. Network,64,92,85.00,Sì,No
Moghe - Rental car e noleggio di veicoli elettrici,Agenzia di noleggio auto,https://moghe.it/,377 097 9861,"Via Walter Frau, 37",Olbia,,moghe@pec.it,https,Shopify,No,Google LLC,56,77,85.00,Sì,No
Media Service Di Perra Ramona,Ufficio patenti,http://mediaserviceagenziapraticheauto.com/,070 580887,"Via Giulio Cesare, 237",Monserrato,,mediaservicepraticheauto@gmail.com,https,Wix,No,Wix,71,94,100.00,Sì,No
Monastir,Meccanico e assistenza automobili,https://lacarservice.it/,349 755 5159,"SS 128 Centrale Sarda, km 0",Monastir,,info@lacarservice.it,https,Shopify,No,Serverplan s.r.l.,41,65,100.00,Sì,No
Audio Video Service di Porta Antonio Bernardo,Negozio di telefoni cellulari,,328 001 4100,"Via Oristano, 22",Masullas,,,,,,,,,,,
Ruvioli Rent a Car,Agenzia di noleggio auto,http://www.ruvioli.com/,0789 69733,"Aeroporto Olbia Costa Smeralda, Via degli Astronauti",Olbia,,cagliari@ruvioli.com,https,Shopify,Sì,Sconosciuto,49,90,100.00,Sì,No
Odrive Rent a Car,Agenzia di noleggio auto,http://odrive.it/,347 814 4695,"Piazza della Mercede, 1",Alghero,,info@odrive.it,https,WordPress,No,OVH-Hosting,59,66,54.00,Sì,No
AGATA PALARENT SRLS OLBIA,Agenzia di noleggio auto,https://www.palarentolbia.it/,329 261 1953,"Via Guido Piovene, 24",Olbia,,agatapalarent@gmail.com,https,WordPress,No,Netsons,78,97,100.00,Sì,No
Sdm Societa' Cooperativa Sociale,Concessionario auto,,+39 33333333,Via Antonio Gramsci,Ollastra,,,,,,,,,,,
Full Media Service srl,Agenzia di pubblicità,http://www.fullmediaservice.it/,070 980 4076,Loc. Bau Sueddi,Ortacesus,,,https,WordPress,No,Aruba S.p.A. Network,95,99,92.00,Sì,No
Unipol assicurazioni di Carlo Farris,Agenzia di assicurazioni,http://www.unipol.it/,070 649 6438,"Via Risorgimento, 14",Lunamatrona,,unipol@pec.unipol.it,https,Angular,Sì,INTERBUSINESS,53,48,100.00,Sì,No
Traslochi 2000 di Andrea Lochi,Traslocatore,https://www.traslochiarredo2000.com/,393 198 8877,"Via Aldo Moro, 6",Nurachi,,,https,ASP.NET,Sì,OVH SAS,54,76,85.00,Sì,No
I-RENT GROUP | Rent a Car | Autonoleggio | Orosei | Cala Gonone,Agenzia di noleggio auto,,0784 997875,"Via Grazia Deledda, 74",Orosei,,,,,,,,,,,
Onoranze Funebri Loddo Giuseppe Franco,Agenzia funebre,,348 856 2137,"Via Regina Margherita, 10/A",Ortueri,,,,,,,,,,,
Creazioni Artigianali LC ideas di Luigi Columbu,Agenzia di pubblicità,,349 359 3054,"Via Alagon, 4",Oliena,,,,,,,,,,,
Escursioni e passeggiate a cavallo - Asd Amor Equus Oliena,Servizio di equitazione,,327 405 5503,"Via S. Puddu, 6",Oliena,,,,,,,,,,,
Autonoleggio Demara di De Mara Samuele,Servizio taxi minibus,https://www.autonoleggiodemarasamuele.it/,320 721 0293,"Via Roma, 03",Nuragus,,samueledemara@gmail.com,https,React,No,Google LLC,82,99,85.00,Sì,No
Sweet Home Sardinia,Agenzia di affitto di case per vacanze,http://www.sweethomesardinia.net/,329 326 7376,"Via Martin Luther King, 95",Oliena,,info@sweethomesardinia.net,https,WordPress,No,Google LLC,55,61,92.00,Sì,No
Agenzia Funebre BARBAGIA di Soro Michele,Agenzia funebre,,328 569 9868,"Via Barbagia, 53",Ollolai,,,,,,,,,,,
grindlux,Agenzia di branding,,379 159 1891,"Via S. Lucia, 25",Nurachi,,,,,,,,,,,
T.Rent,Agenzia di noleggio auto,https://trentolbia.it/,329 747 1023,"C.so Vittorio Veneto, 44B",Olbia,,info@trentolbia.it,https,WordPress,No,ServerPlan,67,93,100.00,Sì,No
Noleggio auto e gommoni Rental Orosei,Agenzia di noleggio auto,https://noleggiorosei.it/,379 249 1167,"Largo sa mattanosa, Viale Cala Ginepro, 4",Orosei,,info.rentalorosei@gmail.com,https,React,Sì,Keliweb S.R.L,61,91,100.00,Sì,No
CS Lai Rent - Noleggio e vendita auto e furgoni,Agenzia di noleggio auto,https://www.appsheet.com/start/cf2897ff-40c5-4d07-8dc5-92eba13e95e2#view=Google%20view&row=fghhkjj56677,0784 295020,"Via Pietrino Guiso Pilo, 46",Zona Industriale Prato Sardo,,,https,Google Sites,No,Google-Cloud,,,,Sì,No
Comune di Onanì,Municipio,,0784 410023,"Via Roma, 27",Onanì,,,,,,,,,,,
Salinas Rent,Agenzia di noleggio auto,https://salinasrent.it/,070 999032,Località Torre Salinas,Muravera,,info@salinasrent.it,https,WordPress,No,Google LLC,72,90,100.00,Sì,No
Oltre Snc Di Puddu Amelia E C.,Agenzia funebre,,0782 79097,"Via Sardegna, 233",Osini,,,,,,,,,,,
Noleggio lungo termine Roberto Agus,Agenzia di noleggio auto,,393 644 4586,"Via Luigi Pirandello, 28",Oristano,,,,,,,,,,,
NOLI BUS,Agenzia di escursioni turistiche in autobus,http://nolibus.it/,328 276 9450,"Via Cedrino, 30",Orani,,info@nolibus.it,https,React,No,Server Plan S.r.l.,73,94,91.00,Sì,No
ALLCAR di Pinna Fabrizio,Rivenditore di auto,http://allcarorosei.it/,349 126 4192,Via S. Francesco,Orosei,,,https,WordPress,Sì,SEEWEB s.r.l.,61,82,92.00,Sì,No
L' AUTOCHE...,Rivenditore di auto,,079 755370,"Via Aldo Moro, 12",Pattada,,,,,,,,,,,
Nuove Grafiche Puddu,Stamperia,https://ngpuddu.com/,070 981 9015,"Via del Progresso, 6",Ortacesus,,,https,Shopify,Sì,"Cloudflare, Inc.",69,97,100.00,Sì,No
782SPORT Scommesse di E-PLAY365,Agenzia di scommesse,,350 104 1626,"Via Dante Alighieri, Snc",Osini,,,,,,,,,,,
B&B Oliena,Bed & Breakfast,https://www.oliena.eu/,0784 285075,"Via Alghero, 12",Oliena,,oliena.it@gmail.com,https,Shopify,Sì,Sconosciuto,85,97,100.00,Sì,No
Centro Escursioni Sardegna Nascosta,Agenzia per escursioni,http://www.sardegnanascosta.it/,0784 288550,"Via Masiloghi, 35",Oliena,,sardegnanascosta@tiscali.it,,React,No,OVH SAS,54,69,92.00,Sì,No
Arma dei Carabinieri Comando Stazione Nurallao,Arma dei Carabinieri,,0782 815022,Via A. Moro,Nurallao,,,,,,,,,,,
Gruppo Fara Viaggi,Noleggio di autobus,http://www.faraviaggi.it/,0783 72883,"Via Sant'Antonio, 9",Oristano,,,https,WordPress,Sì,VHosting,75,98,92.00,Sì,No
Carabinieri • Comando Stazione Pattada,Arma dei Carabinieri,,079 755122,Via Istria,Pattada,,,,,,,,,,,
Autonoleggi Demontis - Noleggio Veicoli Commerciali e Furgoni allestiti - Orosei,Agenzia di noleggio auto,https://www.autonoleggidemontis.com/,0784 98154,"Via Sebastiano Chisu, 9B",Orosei,,,https,WordPress,Sì,Contabo GmbH,60,65,100.00,Sì,No
Autoservizi Fab Turismo e Autolinee,Agenzia di noleggio auto,http://www.autoservizifab.it/,079 704510,"Via Umberto I, 40",Berchidda,,autoservizifab@tiscali.it,https,ASP.NET,Sì,Aruba S.p.A,80,88,92.00,Sì,No
Agenzia Funebre Madonna degli Angeli San Matteo - Piga Silvia,Agenzia funebre,,079 564108,"Via S. Giorgio, 35",Perfugas,,,,,,,,,,,
Autoin di Loddo Massimiliano,Agenzia di noleggio auto,,0784 79848,Vicolo Dionisi 3,Orotelli,,,,,,,,,,,
Ricci Rent Car,Agenzia di noleggio auto,https://riccirentcar.com/,366 894 7873,"Via Veneto, 44B",Olbia,,info@riccirentcar.com,https,WordPress,Sì,Aruba Hosting,67,73,92.00,Sì,No
Arma dei Carabinieri Comando Stazione Osini,Arma dei Carabinieri,,0782 79033,Via Roma,Osini,,,,,,,,,,,
Arma dei Carabinieri Comando Stazione Paulilatino,Arma dei Carabinieri,,0785 55622,"Via Nazionale, 217",Paulilatino,,,,,,,,,,,
Autonoleggio Deidda di Deidda Marco,Agenzia di noleggio auto,,338 485 0772,"Via Leonardo da Vinci, 37",Portoscuso,,,,,,,,,,,
Cabiddu Viaggi - Autonoleggio con conducente | Transfer | Taxi,Agenzia di noleggio auto,,330 292 447,"Via San Sebastiano, 10",Orosei,,,,,,,,,,,
RENT CAR NO CREDIT CARD,Agenzia di noleggio auto,,328 726 5268,"Via Louis Pasteur, 17",Selargius,,,,,,,,,,,
Protusar - Promozione Turismo Sardegna,Servizio taxi minibus,http://www.promozioneturismosardegna.it/5/,0781 952435,"Via Nazionale, 43",Perdaxius,,info@protusar.it,https,React,Sì,Aruba S.p.A.,38,59,82.00,Sì,No
MM Viaggi di Murru Matilde,Agenzia viaggi,https://www.mmviaggi.com/,340 944 9157,"Via dell'Aeronautica, 2/c",Monserrato,,,https,React,No,Hetzner Online GmbH,43,66,83.00,Sì,No
Agro Amici Pisconti,Agenzia per escursioni,https://www.agroamicipisconti.it/,339 588 1134,Loc. Pisconti,Osini,,,https,WordPress,No,Aruba S.p.A. Network,0,66,100.00,Sì,No
Deiana Valeria,Agenzia di assicurazioni,,0782 94718,"Via Goffredo Mameli, 34",Perdasdefogu,,,,,,,,,,,
Autonoleggio Garau,Agenzia di noleggio auto,http://autonoleggiogarau.com/,0782 076659,"Via della Libertà, 22",Loceri,,autogarau@hotmail.it,https,Joomla,Sì,Sconosciuto,49,76,92.00,Sì,No
Sulcis Da Scoprire Esperienze Archeo-Naturalistiche,Agenzia per escursioni,,348 538 0716,"Via Risorgimento, 4",Perdaxius,,,,,,,,,,,
Islandrive,Agenzia di noleggio auto,https://www.islandrive.it/,329 824 9911,"Via Alessandro Nanni, 31",Olbia,,info@islandrive.it,https,Angular,Sì,OVH SAS,62,69,73.00,Sì,No
Autonoleggio Mariani,Agenzia di noleggio auto,,345 589 1021,"Via Tempio, 25",Portoscuso,,,,,,,,,,,
SAKHRI - Rent a car,Agenzia di noleggio auto,https://sakhri.tn/,+216 53 561 722,"mhalla chkol ( near municipality Of, Rue Mohammed Slim",Monastir,,contact@sakhri.tn,https,WordPress,No,Sconosciuto,91,92,85.00,Sì,No
Autonoleggio GM Viaggi di Melis Sandro,Servizio taxi,,340 063 8132,"Via Vittorio Emanuele, 146",San Giovanni Suergiu,,,,,,,,,,,
Autocarrozzeria Piras Antonio,Autocarrozziere,https://www.pirasservicesorani.com/,340 614 2709,"C. Italia, 89",Orani,,,https,React,Sì,OVH SAS,64,96,100.00,Sì,No
LaCar Noleggio Automobili a lungo termine,Agenzia di noleggio auto,,379 174 7009,"V. Guglielmo Marconi, 101",Quartu Sant'Elena,,,,,,,,,,,
DRIVALIA,Agenzia di noleggio auto,,070 649 3242,"Aeroporto di Cagliari, Via dei Trasvolatori",Elmas,,,,,,,,,,,
E.F. Car's,Rivenditore di auto usate,,331 764 2187,Loc Pill'e Matta,Quartucciu,,,,,,,,,,,
SPEEDY CAR & RENT,Agenzia di noleggio auto,https://speedycar.renthubsoftware.com/rental-booking-engine/search,351 356 6325,"VIA ROMA 30/32, VIA FRANCESCA SANNA SULIS, S.N",Selargius,,speedyrentnolo@gmail.com,https,Laravel,Sì,"Amazon.com, Inc.",,,,Sì,No
Autonoleggio Tani's Rent,Agenzia di noleggio auto,https://www.tanisrent.com/,347 371 2808,"V. Nazionale, 54",San Teodoro,,,https,React,No,Aruba S.p.A.,79,80,91.00,Sì,No
Monaco Rent - Autonoleggio Quartu Sant'elena - Cagliari,Agenzia di noleggio auto,http://www.monacorent.it/,327 679 1955,"Via Monaco, 38",Quartu Sant'Elena,,,https,React,Sì,Aruba S.p.A.,,,,Sì,No
Kaya S.n.c.,Agenzia di noleggio auto,,070 211 0166,"Via Baunei, 4",Quartucciu,,,,,,,,,,,
Assicura Di Pigureddu & C. S.A.S.,Agenzia di assicurazioni,,079 564145,"Via Giuseppe Mazzini, 30",Perfugas,,,,,,,,,,,
Arma dei Carabinieri Comando Stazione Perdasdefogu,Arma dei Carabinieri,,0782 94616,Via Grazia Deledda,Perdasdefogu,,,,,,,,,,,
Car & driver rent,Servizio taxi,https://micheletaxi.com/,320 853 9303,"Via Foscolo, 7",Portoscuso,,,https,Shopify,No,"DigitalOcean, LLC",68,98,92.00,Sì,No
S.I.N.A. S.r.l.,Agenzia di noleggio auto,,070 924 9008,"Via Alfonso Lamarmora, 60",Pula,,,,,,,,,,,
Arma dei Carabinieri Comando Stazione San Nicolò Gerrei,Arma dei Carabinieri,,070 950022,"COMANDO PRESIDIO PAULI XREXEI, Via Grazia Deledda, SS 387 del Gerrei, 20",San Nicolò Gerrei,,,,,,,,,,,
Autonoleggio Sardinya - Alghero,Agenzia di noleggio auto,http://www.autonoleggiosardinya.it/,079 987403,"Via Giuseppe Garibaldi, 113",Alghero,,,https,WordPress,Sì,"Cloudflare, Inc.",57,73,85.00,Sì,No
Agenzia delle Entrate,Agenzia Entrate,,070 55081,"Via Carlo Felice, 180",Sanluri,,,,,,,,,,,
Rental Sardinia,Agenzia di noleggio auto,https://gratis-5609695.webadorsite.com/,351 350 4190,"Piazza Dogana, 8",Porto Torres,,assistenza@webador.it,https,React,No,Google LLC,,,,Sì,No
CRT RENT A CAR Airport Elmas Cagliari Sardegna ( Sardinia ),Agenzia di noleggio auto,https://www.crtrentacar.com/,327 185 1064,"Via Capri, 24",Quartu Sant'Elena,,crtrentacar@gmail.com,https,WordPress,No,"Automattic, Inc",,,,Sì,No
Arma dei Carabinieri Comando Stazione Bortigali,Arma dei Carabinieri,,0785 80522,"Via Umberto Iº, 22",Bortigali,,,,,,,,,,,
Noleggio auto breve termine cagliari,Agenzia di noleggio auto,,351 915 3338,"Via Governolo, 29",Selargius,,,,,,,,,,,
Link Motors - Quartu Sant'Elena,Rivenditore di auto usate,https://www.linkmotors.it/,070 649 4607,"Via Gen. C. A. dalla Chiesa, 11",Quartu Sant'Elena,,linkmotorsbariovest1@gmail.com,https,Shopify,Sì,Google LLC,,,,Sì,No
CAGLIARI RENT,Agenzia di noleggio auto,http://www.cagliarirent.it/,329 771 4150,"Via Serchio, 139",Quartu Sant'Elena,,info@cagliarirent.it,https,ASP.NET,No,Netsons s.r.l.,,,,Sì,No
Centro servizi auto,Autoriparatore,,348 019 6551,Via Stazione,Bortigali,,,,,,,,,,,
Ecoricambi - Noleggio Auto di Sardu Giovanni,Agenzia di noleggio auto,,366 110 0858,Loc. Bivio Villasanta,Sanluri,,,,,,,,,,,
TrapassoAuto camper & caravan,Vendita camper e roulotte,http://www.trapassoauto.it/,079 516318,"Via Pigafetta, 4",Porto Torres,,,https,WordPress,Sì,"Cloudflare, Inc.",,,,Sì,No
Carrozzeria e noleggio Pasin,Autocarrozziere,,347 922 2538,Via Luigi Rizzi,Ploaghe,,,,,,,,,,,
INPS Sanluri,Ufficio della previdenza sociale,,803 164,"Viale Rinascita, 36",Sanluri,,,,,,,,,,,
Car Rentals Stazione Tiburtina,Agenzia di noleggio auto,,06 633832,"Via Lorenzo il Magnifico, 142",Roma,,,,,,,,,,,
Autonoleggio General Rental Services,Agenzia di noleggio auto,,366 212 7281,"Corso Umberto I, 122",Macomer,,,,,,,,,,,
Ricambi auto - GeneralCar Società Cooperativa,Negozio di ricambi per auto,,070 937 1110,"Via Carlo Felice, 42",Sanluri,,,,,,,,,,,
Autoscuola Dariana,Autoscuola,,328 618 4313,"Via Giovanni Giolitti, 31",San Gavino Monreale,,,,,,,,,,,
Centro Servizi di Cinus Severina,Ufficio patenti,,070 937 5158,"Via Nicolò Tommaseo, 32",San Gavino Monreale,,,,,,,,,,,
S.d.autovendita rent car,Agenzia di noleggio auto,http://www.sdautovenditanoleggio.it/,366 416 0362,"Via San Francesco 49, Viale Colombo, 239",Quartu Sant'Elena,,autovendita@live.it,https,WordPress,Sì,Google LLC,,,,Sì,No
Cattolica Assicurazioni divisione di Generali Italia S.p.A.- Agente Generale Stefano Garofano,Agenzia di assicurazioni,,070 933 7536,"P.za C. Battisti, 31",San Gavino Monreale,,,,,,,,,,,
Sama Noleggia,Servizio di noleggio attrezzature edili,https://www.samanoleggia.it/,070 916 6070,SS 131 Carlo Felice,San Sperate,,,https,React,Sì,LeaseWeb Netherlands B.V.,,,,Sì,No
Auto Roma Noleggio (Wanted Luxury Cars SRL),Agenzia di noleggio auto,https://www.autoromanoleggio.it/,06 4542 2690,"Via Ravenna, 24",Roma,,info@autoromanoleggio.it,https,WordPress,Sì,Aruba S.p.A. Network,,,,Sì,No
Romana car,Noleggio di impianti e macchinari,,333 188 8925,"Via di Sant'Alessandro, 295",Roma,,,,,,,,,,,
Leonardi Autonoleggi Luxury Service di NCC Noleggio Con Conducente,Agenzia di noleggio auto,,333 704 2699,"Via Modena, 50",Roma,,,,,,,,,,,
CDA / Servizio completo per la tua auto,Officina autoriparazioni,https://www.cdaserviziauto.com/,070 930 7209,ZONA INDUSTRIALE VILLASANTA OVEST,Samassi,,info@cdaserviziauto.com,https,WordPress,Sì,Aruba S.p.A.,,,,Sì,No
Dore Sara,Agenzia di assicurazioni,,0783 53641,"Via Eleonora D'Arborea, 36",San Vero Milis,,,,,,,,,,,
Publidea di Federica Concu & c. Sas,Ufficio patenti,,070 930 7662,"Vico Umberto I, 37",Sanluri,,,,,,,,,,,
Rental Car Follesa | Rent a Car & Scooter Pula,Agenzia di noleggio auto,https://www.rentalcar-follesa.com/,333 479 0591,"Via Corinaldi, 46",Pula,,rentalcar@follesa.com,https,WordPress,No,Google LLC,,,,Sì,No
S&G Rent Autonoleggio,Agenzia di noleggio auto,https://www.sgrentautonoleggio.it/,06 4559 9960,"Via di Boccea, 654",Roma,,,https,Shopify,Sì,Keliweb S.R.L,,,,Sì,No
Autoluxe - Rivendita e noleggio auto,Rivenditore di auto,https://autoluxe.it/,070 463 4213,"Via Europa, 43",Quartu Sant'Elena,,autoluxe@libero.it,https,WordPress,No,"Namecheap, Inc.",,,,Sì,No
Agenzia Funebre Atzeni Di Atzeni Giampaolo,Agenzia funebre,,070 980 3039,"Via Cagliari, 57",Sant'Andrea Frius,,,,,,,,,,,
Istituto Comprensivo Santeru,Scuola elementare,,0783 53670,"Via Umberto I, 12",San Vero Milis,,,,,,,,,,,
Gflora di Gilberto Pinna - fiori e bouquet,Fiorista,,328 666 2721,"Via Tagliamento, 58",San Gavino Monreale,,,,,,,,,,,
Prexta SpA Gruppo Bancario Mediolanum Agenzia di Sanluri - Italiana Consumer Srl,Agenzia prestiti,,070 704 0883,"Via Carlo Felice, 116",Sanluri,,,,,,,,,,,
Starservicerent Autonoleggio Roma,Agenzia di noleggio auto,https://www.starservicerent.it/,392 325 2086,"Via Marcantonio Boldetti, 11",Roma,,info@starservicerent.it,https,Joomla,No,Aruba S.p.A. Network,,,,Sì,No
GM di GiangymotorS Noleggio Autovetture,Agenzia di noleggio auto,,347 726 0184,"Via Roma, 60",Milis,,,,,,,,,,,
DigIdentity Agency,Agenzia di marketing,https://digidentityagency.it/,392 199 0215,"Via Dettori, 3",Samatzai,,info@digidentityagency.it,https,Canva Websites,Sì,HOSTINGER DE,,,,Sì,No
"DcAuto rivendita auto usate, noleggio auto & soccorso stradale h24",Rivenditore di auto,,338 242 1679,"Viale John Fitzgerald Kennedy, 44",Belvì,,,,,,,,,,,
BlueSinis - Isola Mal Di Ventre - Escursioni e Gite in barca giornaliere - Taxi Boat - Snorkling,Agenzia di escursioni in barca,,328 078 3338,Lungomare Putzu Idu - Mandriola,San Vero Milis,,,,,,,,,,,
Giuseppe Pinna,Agenzia di marketing,http://www.paginesispa.it/,349 528 0531,Piazza del Popolo,Bolotana,,,https,WordPress,Sì,OVH SAS,,,,Sì,No
MFC servizi generali di Carbini Francesca,Agenzia di assicurazioni auto,,079 585 0023,"Viale Sardegna, 74",Santa Maria Coghinas,,,,,,,,,,,
Max Viaggi e Servizi,Agenzia viaggi,,0785 850649,ZI,Bolotana,,,,,,,,,,,
Follesa Turismo Services S.R.L. | Servizio Transfer & Trasporti Sardegna,Agenzia di noleggio auto,https://www.follesa.com/,070 920 9026,"Strada Statale 195, Km 29/900",Pula,,info@follesa.com,https,React,No,Aruba S.p.A.,,,,Sì,No
MT Rent - Noleggio auto Roma,Agenzia di noleggio auto,https://www.mtrent.it/,377 087 9114,"Via Cernaia, 17",Roma,,milano@mtrent.it,https,Shopify,Sì,Aruba S.p.A.,,,,Sì,No
Autoscuola Al Volante Di Chessa Gavino,Autoscuola,,0783 53083,"Via Vittorio Veneto, 16",San Vero Milis,,,,,,,,,,,
Farmacia Tola D.ssa Tonina,Farmacia,,0784 415264,"Via Giuseppe Garibaldi, 6",Bitti,,,,,,,,,,,
Vroom Oristano,Rivenditore di auto,https://vroomauto.it/,340 108 8868,"Via Giovanni XXIII, 6",Santa Giusta,,,https,WordPress,Sì,Amazon Technologies Inc.,,,,Sì,No
Autonoleggio Global Information di Fringuello Rosa Angela & C. Sas,Agenzia di noleggio auto,,0789 755080,"Via Tibula, 10",Santa Teresa Gallura,,,,,,,,,,,
Carabinieri • Comando Compagnia Bitti,Arma dei Carabinieri,,0784 418100,"Via Deffenu, 67",Bitti,,,,,,,,,,,
Fulvio Fracci Autonoleggio con conducente,Servizi di trasporto,,348 853 8468,"Via Palermo, 11",Sant'Anna Arresi,,,,,,,,,,,
Ecoturismo Sardegna,Centro informazioni turistiche,,334 313 4553,"Via Vittorio Emanuele, 46",Bolotana,,,,,,,,,,,
DANIELECAR,Agenzia di noleggio auto,http://www.danielecar.it/,328 288 5144,"Corso Adriatico, 225",Sant'Egidio alla Vibrata,,info@danielecar.it,https,React,Sì,Netsons s.r.l.,,,,Sì,No
Autoservizi Mereu Srl,Agenzia di noleggio auto,,070 935 3000,"Via Roma, 5",Pabillonis,,,,,,,,,,,
"Demelas Gomme snc meccanico, elettrauto, gommista",Negozio di pneumatici,,0784 415571,"Corso Vittorio Veneto, 263",Bitti,,,,,,,,,,,
Autoscuola Medusa Di Macis Carlo,Autoscuola,,0783 649232,"Via della Pace, 3",Samugheo,,,,,,,,,,,
Careddu Maddalo,Agenzia di noleggio auto,http://www.caredduautoservizi.com/,079 670407,"Piazza Gallura, 2",Tempio Pausania,,info@caredduautoservizi.com,https,ASP.NET,No,Aruba S.p.A. Network,,,,Sì,No
Enjoy noleggio auto santa teresa gallura,Agenzia di noleggio auto,,329 291 8416,"Via Nazionale, snc",Santa Teresa Gallura,,,,,,,,,,,
Sarda Veicoli Sas,Centro per la revisione tecnica delle auto,https://revisionisanluri.wixsite.com/revisionisanluri,070 937 0911,"Via Firenze, 12",Sanluri,,sardaveicoli@tiscali.it,https,Wix,No,Google LLC,,,,Sì,No
Oggiano Giovanni Stefano,Agenzia di assicurazioni,,079 585 0212,"Via Goffredo Mameli, 2",Santa Maria Coghinas,,,,,,,,,,,
Noleggio Lungo Termine Roma - Total Rent,Agenzia di noleggio auto,https://www.totalrent.it/,06 4543 3850,"Viale Guglielmo Marconi, 70",Roma,,info@totalrent.it,https,WordPress,Sì,Aruba S.p.A.,,,,Sì,No
Bk Auto Rent,Agenzia di noleggio auto,,320 966 5682,Via Enrico Mattei,Settimo San Pietro,,,,,,,,,,,
Aras Autoricambi S.r.l.,Negozio di ricambi per auto,,070 937 5125,"Via Dante, 26",San Gavino Monreale,,,,,,,,,,,
DEG nonsolofiori,Fiorista,,340 792 9089,"Viale Kennedy, 19",Scano di Montiferro,,,,,,,,,,,
Centro! di Alessandra Manca,Agenzia per escursioni,,347 954 5613,"Via Carlo Alberto, 33",Sedilo,,,,,,,,,,,
Autoscuola Bittese di Andrea Caria,Autoscuola,,349 166 1554,"Via Brigata Sassari, 3",Bitti,,,,,,,,,,,
Avis Autonoleggio - S Teresa Gallura,Agenzia di noleggio auto,,0789 754906,"Temp Closed, Via Maria Teresa, 41",Santa Teresa Gallura,,,,,,,,,,,
Noland Noleggi di Andredil Srls,Agenzia di noleggio auto,https://nolandnoleggi.com/,379 128 6617,"P.za. della Repubblica, 12",Cagliari,,,https,WordPress,Sì,Google LLC,61,72,92.00,Sì,No
Autonoleggio Sardinya - Sassari Viale Caprera 8/a,Agenzia di noleggio auto,http://www.autonoleggiosardinya.it/,079 291113,"Viale Caprera, 8/a",Sassari,,,https,WordPress,Sì,Sconosciuto,59,72,85.00,Sì,No
Noleggio Porto Pino,Agenzia di noleggio auto,https://www.noleggioportopino.com/,376 263 0638,"Via Porto Pino, n°09",Sant'Anna Arresi,,portopinorent@gmail.com,https,React,No,Google LLC,,,,Sì,No
Autonoleggio Sardinya - Aeroporto Olbia Costa Smeralda,Agenzia di noleggio auto,http://www.autonoleggiosardinya.it/?utm_source=Google&utm_medium=Local&utm_campaign=MyBusiness,0789 69367,Aeroporto Olbia Costa Smeralda,Olbia,,,https,WordPress,Sì,"Cloudflare, Inc.",60,73,85.00,Sì,No
Girau Alessio,Agenzia di assicurazioni,,070 906078,"Via Pietro Mascagni, 27",Sarroch,,,,,,,,,,,
Royal Tour Di Stevelli Mario & C. Sas,Agenzia di noleggio auto,,070 848126,"Via Pitagora, 10",Selargius,,,,,,,,,,,
La Bottega di Zoe,Edicola,,070 938 6348,"Via G. Battista Tuveri, 11",Sardara,,,,,,,,,,,
A.S. VOYAGER NCC,Agenzia di noleggio auto,,0783 185 6236,"Via G. Leopardi, 1",Riola Sardo,,,,,,,,,,,
Del Piano Motors auto moto bici noleggio,Agenzia di noleggio auto,http://www.delpianomotors.com/,0785 218359,Piazza Dante Alighieri,Bosa,,info@delpianomotors.com,https,Shopify,Sì,Krystal Hosting Ltd,,,,Sì,No
Lsmotors,Agenzia di noleggio auto,,377 328 3847,"Str. Vicinale Sant'Orsola, 1c",Sassari,,,,,,,,,,,
Arma dei Carabinieri Comando Stazione Scano di Montiferro,Arma dei Carabinieri,,0785 32032,"Piazza SS. Errio e Silvano, 8",Scano di Montiferro,,,,,,,,,,,
Domos Immobiliare,Agenzia immobiliare,,392 147 5770,"Via Sa Serra, 117",Scano di Montiferro,,,,,,,,,,,
Sardinia Rent Car,Agenzia di noleggio auto,http://www.sardiniarentcar.it/,349 692 2339,"Via della Nautica, 3",Cagliari,,,https,Angular,No,Aruba S.p.A.,55,74,92.00,Sì,No
Sanadora Affittacamere Olistico Santu Lussurgiu,Agenzia di affitto di case per vacanze,https://www.sanadorasantulussurgiu.it/,342 730 8762,"Vico I Sassu, 3",Santu Lussurgiu,,info@sanadorasantulussurgiu.it,https,WordPress,No,Register networks in Belgium,37,49,85.00,Sì,No
Iesse Noleggi,Agenzia per il noleggio di furgoni,http://www.iesse.it/,079 261933,Str. 37,Sassari,,,https,WordPress,Sì,Host SpA,50,78,100.00,Sì,No
Pro Loco Scano di Montiferro,Centro informazioni turistiche,https://www.prolocoscano.it/,347 152 8097,"Corso Vittorio Emanuele, 7a",Scano di Montiferro,,,https,React,No,CLOUD,71,76,82.00,Sì,No
Benares Viaggi | Selargius,Agenzia viaggi,http://www.benaresviaggi.it/,070 840484,"Via S. Lussorio, 40",Selargius,,info@benaresviaggi.it,https,ASP.NET,Sì,Aruba S.p.A.,54,62,100.00,Sì,No
Autoevolution Rent,Agenzia di noleggio auto,https://www.autoevolutionrent.com/,348 785 2187,"Via Caniga, 46",Sassari,,9a65e97ebe8141fca0c4fd686f70996b@sentry.wixpress.com,https,React,Sì,Google LLC,66,96,100.00,Sì,No
Simacar Srl,Officina autoriparazioni,,0783 50014,"S.P. 70 Prolung, Via Renato Marroccu, 09170",Oristano,,,,,,,,,,,
A.M.R. Motori S.r.l.,Rivenditore di auto,http://www.amrmotori.it/,0781 68086,"Via Porto Botte, 69",San Giovanni Suergiu,,info@amrmotori.it,https,React,Sì,Aruba S.p.A.,57,57,100.00,Sì,No
Punto Transfert Sas,Agenzia di noleggio auto,,345 220 4677,"Via Giuseppe Umana, 2",Sassari,,,,,,,,,,,
USAI LUIGI - Servizi Funebri,Agenzia funebre,http://www.agenziafunebreusailuigi.com/,070 938 7089,"Via Fontana Nuova, 10",Sardara,,,https,Shopify,Sì,OVH SAS,60,83,85.00,Sì,No
Loi Martino,Agenzia di assicurazioni,,0783 405112,"Via S. Simaco, 279",Simaxis,,,,,,,,,,,
Siris Bus Service,Agenzia di noleggio auto,,080 442 0005,"Corso Vittorio Emanuele, 68",Fasano,,,,,,,,,,,
Viaggi E Turismo Di Nicola Pani,Agenzia viaggi,http://www.paniviaggieturismo.com/it/agenzia-viaggi/,070 913 0507,"Via Serra, 167",Serramanna,,info@paniviaggieturismo.com,http,WordPress,No,Aruba S.p.A.,56,76,85.00,Sì,No
Agenzia Pratiche Auto Vensti di Stefano Cocco,Agenzia pratiche auto e barche,,070 583 1838,"Via E. D'Arborea, 1/D",Sinnai,,,,,,,,,,,
AGENZIA VIAGGI JANAS TRAVEL SERVICE,Agenzia viaggi,http://www.janastravelservice.com/,079 304 3018,"Via V. Emanuele, 45",Sennori,,,https,Shopify,No,Sconosciuto,36,36,83.00,Sì,No
S.R. Noleggi,Agenzia di noleggio auto,http://www.srnoleggi.it/,334 819 9576,"Via degli Orti, 5",Alghero,,info@srnoleggi.it,https,Shopify,Sì,OVH SAS,56,71,92.00,Sì,No
Officina Meccanica Deias Tonino e figli,Officina autoriparazioni,,0783 405330,"Via S. Simaco, 18",Simaxis,,,,,,,,,,,
Inps - Thiesi,Ufficio della previdenza sociale,,079 884 9211,"Via Roma, 49",Thiesi,,,,,,,,,,,
Dubai Rent 7.0 S.p.A.,Agenzia di noleggio auto,https://www.dubairent70.it/,345 356 1113,"Viale Marconi, 229",Cagliari,,,https,Squarespace,No,"Squarespace, Inc.",56,47,100.00,Sì,No
Just Business,Rivenditore di auto,http://www.justbusiness.it/,349 818 0069,"Via dell' Artigianato, 15b",Cagliari,,info@justbusiness.it,https,WordPress,No,Server Plan S.r.l.,61,81,92.00,Sì,No
CriStef ~ Servizi Thiesi,Agenzia di assicurazioni auto,,079 889666,Piazza Camillo Cavour,Thiesi,,,,,,,,,,,
Intesa Sanpaolo S.p.A.,Banca,,079 885046,"Via Roma, 97",Thiesi,,,,,,,,,,,
M.c.i Auto,Rivenditore di auto,,328 479 9214,Via Luigi Canepa,Tertenia,,,,,,,,,,,
Sixt Rent a Car - Tirana Airport,Agenzia di noleggio auto,,+355 69 704 4707,Ruga Nene Tereza,Rinas,,,,,,,,,,,
Carabinieri Comando Stazione Sardara,Arma dei Carabinieri,,070 938 7022,"Via Umberto I°, 10",Sardara,,,,,,,,,,,
ditta ardu antonio servizio noleggio con conducente,Agenzia di noleggio auto,,339 803 0133,Sagama Via Mazzini 1,Sagama,,,,,,,,,,,
Europcar Tortolì,Agenzia di noleggio auto,,0782 620090,"Via Tirso, 37",Tortolì,,,,,,,,,,,
Pratiche Auto Di Cambiaggi Patrizia,Ufficio patenti,,347 050 1937,"Via Roma, 67",Tempio Pausania,,,,,,,,,,,
Ri.Al Civico Group Sardinian Apartments,Agenzia di noleggio auto,,079 413 3438,"Via Antonio Segni, 1",Sassari,,,,,,,,,,,
Centro Servizi Auto Mazzella,Centro per la revisione tecnica delle auto,http://www.centroservizimazzella.it/,0784 877468,"Via Isalle, 40",Siniscola,,,https,WordPress,No,"Cloudflare, Inc.",71,84,100.00,Sì,No
Arma dei Carabinieri Comando Stazione Torralba,Arma dei Carabinieri,,079 848004,"Via Aldo Moro, 13",Torralba,,,,,,,,,,,
Centro Servizi Mejlogu Di Renzo Solinas,Consulente finanziario,http://centroservizimejlogu.it/,079 885033,"Via Roma, 29",Thiesi,,,https,Shopify,No,"Cloudflare, Inc.",65,84,83.00,Sì,No
Arma dei Carabinieri Comando Stazione Thiesi,Arma dei Carabinieri,,079 886001,Circonvallazione Antonio Sassu,Thiesi,,,,,,,,,,,
OFFICINE SARDA REVISIONI AUTO E MOTO SELARGIUS,Centro per la revisione tecnica delle auto,http://www.sarda-revisioni.it/,070 860 7466,"Viale Trieste, 107",Selargius,,sardarevisioni@pec.it,https,Shopify,No,Sconosciuto,56,78,92.00,Sì,No
Marongiu Michelangelo,Officina autoriparazioni,,0783 405302,"Via S. Simaco, 19",Simaxis,,,,,,,,,,,
Car Wrapping,Tipografia digitale,http://www.carwrappingsardegna.it/,348 002 7809,"Via Fratelli Chighine, 6",Thiesi,,carwrappingsardegna@gmail.com,https,React,Sì,Servereasy Srl,61,94,100.00,Sì,No
Serra Aldo,Agenzia di noleggio auto,,0782 622524,"Via Morgagni, 4",Tortolì,,,,,,,,,,,
Carrozzeria Oristano - Incani E Incani,Carrozzeria,http://www.carrozzeriaincani.com/,0783 406054,388 Lotto Casu E Piu,San Salvatore,,,https,ASP.NET,Sì,OVH SAS,0,79,85.00,Sì,No
Autonoleggi Demontis - Noleggio Veicoli Commerciali e Furgoni allestiti - Siniscola,Agenzia di noleggio auto,https://www.autonoleggidemontis.com/,0784 810829,"Via Cagliari, 96",Siniscola,,,https,WordPress,Sì,Contabo GmbH,55,0,0.00,Sì,No
Autonoleggio Canu Antonio,Agenzia di noleggio auto,,328 873 0652,"Via Stretta, 12",Baunei,,,,,,,,,,,
Lorenzoni Auto S.R.L.,Rivenditore di auto,http://www.lorenzoniauto.it/,079 235257,"Via Attilio Deffenu, 40",Sassari,,,https,Shopify,Sì,Serverplan s.r.l.,51,30,75.00,Sì,No
Noleggio auto a Catania,Agenzia di noleggio auto,http://noleggioautoacatania.it/,079 097 6250,"Via Roma, 56",Sassari,,,https,WordPress,No,Aruba S.p.A.,78,95,92.00,Sì,No
Arma dei Carabinieri Comando Stazione Villagrande Strisaili,Arma dei Carabinieri,,0782 32022,Via Espucciu,Villagrande Strisaili,,,,,,,,,,,
Gori Automotive srl,Carrozzeria,,079 674054,"Zona Industriale, lotto 30",Tempio Pausania,,,,,,,,,,,
Autonoleggio Filos Viaggi di Filippo Loi,Agenzia di noleggio auto,,333 731 5007,"Via Nazionale, 132",Ussassai,,,,,,,,,,,
Auto Mejlogu,Rivenditore di auto,https://automejlogu.com/,079 889687,SS131bis,Thiesi,,info@automejlogu.com,https,WordPress,No,Serverplan s.r.l.,40,67,100.00,Sì,No
Autoinsconto,Agenzia di noleggio auto,https://www.autoinsconto.it/,0832 405836,"Via Maggiore Toselli, 1",Lecce,,info@autoinsconto.it,https,Shopify,No,Eurologon S.r.l,43,59,85.00,Sì,No
Energy Active,Agenzia di noleggio auto,,340 344 3655,"comparto B3, località Is Corrincas",Ottana,,,,,,,,,,,
Noleggio Furgoni Mereu,Agenzia di noleggio auto,http://www.autoservizi.com/lavoro,070 494345,"P.za Giovanni XXIII, 36",Cagliari,,info@autoservizi.com,https,WordPress,No,Contabo GmbH,47,51,92.00,Sì,No
Glc Rent PortoTorres,Agenzia di noleggio auto,https://portotorres.glcrent.it/,347 737 4790,"Via Leon Battista Alberti, 24n",Porto Torres,,gianluca@glcrent.it,https,WordPress,Sì,Aruba S.p.A.,59,99,92.00,Sì,No
Autocarrozzeria Delogu Basilio,Carrozzeria,,348 102 2178,"Via Sandro Pertini, 15",Usini,,,,,,,,,,,
simaxis car,Mercatino dell'auto,,349 766 9961,Zona Artigianale SS. 388 Lotto Casu E Piu,Simaxis,,,,,,,,,,,
Ogliastra Adventure,Agenzia per escursioni,,0782 317018,Via Roma,Villagrande Strisaili,,,,,,,,,,,
Associazione turistica Pro Loco di Usini,Associazione / Organizzazione,,079 380644,"Via Guglielmo Marconi, 59",Usini,,,,,,,,,,,
DiamanteSardo,Agenzia gestione affitti brevi,,350 012 4194,"Via Vittorio Emanuele, 94",Villamar,,,,,,,,,,,
Meddauto di Medda Luciano,Ufficio aziendale,,340 633 6473,"Via Enrico Fermi, 28",Z.I,,,,,,,,,,,
Shardana Island Di Soggiu Emmanuela,Agenzia di assicurazioni,,0785 35716,"Via Roma, 103",Tresnuraghes,,,,,,,,,,,
Agenzia Immobiliare San Marco di Piras Marcolina,Agenzia immobiliare,http://www.smimmobiliare.com/,0785 35024,"Largo S. Moretti, 16",Tresnuraghes,,sanmarcoimmobiliare@tiscali.it,https,WordPress,Sì,Aruba S.p.A.,56,84,92.00,Sì,No
Noleggio auto e Transfer a Lecce,Agenzia di noleggio auto,,389 666 2144,Via Lecce,San Pietro in Lama,,,,,,,,,,,
Autocarrozzeria Gife Car Service,Carrozzeria,,079 670950,"Circonvallazione S. Giuseppe, 30",Tempio Pausania,,,,,,,,,,,
Tirelli franchising automotive,Agenzia di noleggio auto,http://www.noleggioautoromaest.it/,328 756 5464,"Via Maremmana Inferiore, 102",Villanova,,tirellifranchisingautomotive@gmail.com,https,WordPress,Sì,Hetzner Online GmbH,70,96,92.00,Sì,No
NI.CA. Comunicazione,Agenzia di pubblicità,https://www.nicacomunicazione.com/,348 654 5094,"Via Giacomo Matteotti, 10",Ussana,,info@nicacomunicazione.com,https,WordPress,No,Sconosciuto,50,72,92.00,Sì,No
Tua Assicurazioni,Agenzia di assicurazioni,,338 412 9107,"Via Vittorio Emanuele, 51",Thiesi,,,,,,,,,,,
Pit Stop Noleggio Auto Tirana,Agenzia di noleggio auto,https://www.noleggioautotirana.it/,+355 69 211 8283,"CP85+GV, Ruga Nene Tereza",Rinas,,info@noleggioautotirana.it,https,Shopify,No,Aruba S.p.A.,35,59,100.00,Sì,No
AUTONOLEGGIO PERRA PRIAMO,Noleggio di autobus,,349 008 9990,"Via Regina Elena, 7",Villanovafranca,,,,,,,,,,,
SEGNALETICA STRADALE SOCIAL COOP,Negozio di segnaletica,,349 848 5830,"Via Adua, 26",Villamar,,,,,,,,,,,
Agenzia Funebre San Giuliano Martire,Agenzia funebre,,0782 813107,"Via Roma, 90",Villanova Tulo,,,,,,,,,,,
Boselcar di Boselli Alessandro,Officina autoriparazioni,,349 555 1707,"via Tirso, 6",Villasor,,,,,,,,,,,
Sam rental,Agenzia di noleggio auto,https://www.samautosrl.it/,0832 183 1393,"Piazzale Rudiae, 10",Lecce,,,https,React,No,Sconosciuto,57,78,83.00,Sì,No
Abis Davide,Agenzia di assicurazioni,,070 964 7933,"Via P. Togliatti, 15",Villasor,,,,,,,,,,,
Asilo Sacra Famiglia,Asilo nido,,070 930 9055,"Via Roma, 42",Villamar,,,,,,,,,,,
Laborintus,Agenzia di visite turistiche,,338 158 6752,"Via Grazia Deledda, 38",Villanova Monteleone,,,,,,,,,,,
Selection car,Rivenditore di auto,http://selectioncar.it/,392 454 9629,"Via Cagliari, 5",Serramanna,,,https,WordPress,No,Aruba S.p.A.,75,95,85.00,Sì,No
