Nome Attività,Categoria,Sito Web,Telefono,Indirizzo,Comune,Provincia,Email,Protocollo,Tecnologia,Cookie Banner,Hosting Provider,Mobile Performance,Desktop Performance,Punteggio SEO,Disponibilità Sito,Stato Manutenzione
Cantine Due Palme - Punto Vendita di Arnesano di Andrea Quarta,Azienda vinicola,,340 579 6932,STRADA PROVINCIALE LECCE-ARNESANO SN,Arnesano,,,,,,,,,,,
Bolle di Sapone,Lavanderia automatica,,379 145 8939,"Via Materdomini, 38/A",Arnesano,,,,,,,,,,,
DIVERTILANDIA AGENZIA ANIMAZIONE EVENTI sala feste anche a domicilio,Impresa di organizzazione di eventi,,329 634 6316,Via Madonna montevergine 6 73010 Arnesano,lecce,,,,,,,,,,,
Lavanderia Esposito,Lavanderia,,351 897 1731,"Via Giuseppe Mazzini, 11",Arnesano,,,,,,,,,,,
Ever srl,Azienda di energia solare,,389 854 9083,SP119,Arnesano,,,,,,,,,,,
Tre Gi s.r.l. - Sede Operativa,Azienda di confezionamento,https://www.tregisrl.net/,0832 324149,"Via Donatello, snc",Arnesano,,amministrazione@tregisrl.net,https,React,No,Aruba S.p.A.,60,52,91.00,Sì,No
Casina Spezzaferri,Azienda vinicola,https://www.casinaspezzaferri.com/,351 777 8312,"Via Taurino Brillo, 8",Arnesano,,,https,React,No,Keliweb S.R.L,74,88,100.00,Sì,No
Ritorno Alla Terra,Fattoria,,380 794 3805,"Via Madonna di Montevergine, 4",Arnesano,,,,,,,,,,,
Melograni Martino - Melagrane del Salento,Frutteto,https://www.melogranimartino.com/,328 793 7661,"Strada Provinciale Lecce - Arnesano, snc",Monteroni di Lecce,,info@melogranimartino.com,https,WordPress,No,Aruba S.p.A.,38,86,92.00,Sì,No
I.S.Art Di Guido Emanuele,Ditta specializzata in marmi,http://www.isart.le.it/,0832 326255,"Via Salvo D'Acquisto, sn",Arnesano,,,http,ASP.NET,No,Aruba S.p.A.,67,97,92.00,Sì,No
Supermercati Pantaleo,Negozio di alimentari,,327 575 2393,"Via Cesare Battisti, 2",Andrano,,,,,,,,,,,
Calema | Pompe di Calore Fotovoltaico Infissi,Idraulico,http://www.calemacasa.it/,0832 181 6081,"Via Giovanni Boccaccio, 2",Arnesano,,info@calemacasa.it,https,Joomla,No,Server Plan S.r.l.,31,87,100.00,Sì,No
Lavanderia Accogli,Lavanderia,,0836 926691,"Via Avezzato, 11",Andrano,,,,,,,,,,,
F.lli Accoto,Fornitore di trattori e macchine agricole,,0836 926012,"Via Provinciale, 196",Andrano,,,,,,,,,,,
Agenzia Funebre Iris di Nuzzo Rocco,Agenzia funebre,,328 028 8026,"Via Giosuè Carducci, 13",Andrano,,,,,,,,,,,
Accoto Luigi,Spedizioniere marittimo,,0836 926090,"Via Alcide De Gasperi, 8",Andrano,,,,,,,,,,,
Cooperativa Nuova Contadina,Negozio di articoli biologici,https://nuovacontadina.it/,0836 929249,SP85,Andrano,,nuovacontadina@gmail.com,https,WordPress,No,Aruba S.p.A.,62,92,92.00,Sì,No
Rogial`s Tie Srl,Produzione e ingrosso abbigliamento,,0836 969133,"Via della Repubblica, 64",Andrano,,,,,,,,,,,
Macelleria Nuzzo,Macelleria,,320 252 8197,"Via Risorgimento, 7",Andrano,,,,,,,,,,,
M.House Eventi,Organizzatore di feste,https://www.mhouse-eventi.it/,327 751 6282,"Via Libertà, 3",Arnesano,,,https,React,Sì,Google LLC,67,82,92.00,Sì,No
Agricola Papaleo,Servizio agricolo,,320 312 0064,"V. Vincenzo Papaleo, 52",Bagnolo del Salento,,,,,,,,,,,
Interarreda Arredamenti - Bagnolo del Salento,Negozio di mobili,,0836 318464,"V. Vincenzo Papaleo, 84",Bagnolo del Salento,,,,,,,,,,,
Continuità Assistenziale (Guardia Medica),Punto di pronto soccorso,,0836 318062,Via Rosario Mancini,Bagnolo del Salento,,,,,,,,,,,
Societa Agricola Co.Vi.Ser.,Fiorista,,0832 321066,"Strada Vicinale Condò, 29",Arnesano,,,,,,,,,,,
DRY TEC s.r.l.,Negozio di lavatrici e asciugatrici,http://www.dry-tec.it/,0832 322216,"Via Donatello, 53/55",Arnesano,,drytecsas@gmail.com,https,Shopify,Sì,Google LLC,59,89,100.00,Sì,No
Agrilevante Soc. Coop. A.R.L.,Oleificio,,0836 925639,Via della Resistenza,Andrano,,,,,,,,,,,
CARROZZERIA D'ANDREA - AUTOFFICINA - CENTRO COLLAUDI - GOMMISTA,Carrozzeria,,0836 318052,"Via A. Gramsci, 6",Bagnolo del Salento,,,,,,,,,,,
D'Andrea Arredamenti,Negozio di mobili,https://www.dandreamobili.it/,0836 318190,"Via Aldo Moro, 8",Bagnolo del Salento,,,https,WordPress,No,Google LLC,0,0,0.00,Sì,No
Baldassarre Giorgio,Alimentari,,0836 411057,"Via Giovanni XXIII, 2",Bagnolo del Salento,,,,,,,,,,,
Menhir Salento S.p.A.,Ufficio aziendale,http://www.menhirsalento.it/,0836 818199,Via Salvatore Negro,Bagnolo del Salento,,commerciale@menhirsalento.com,https,Shopify,Sì,Keliweb S.R.L,66,93,92.00,Sì,No
Ristorante DonPippiRestaurant,Ristorante,,376 055 8657,"V. Vincenzo Papaleo, 52",Bagnolo del Salento,,,,,,,,,,,
Martinucci Laboratory - Alessano,Pasticceria,,0833 204472,"Via Fiume, 19",Alessano,,,,,,,,,,,
Azienda Agricola Le Matine Olio Extra Vergine d'Oliva,Oleificio,http://www.oliolematine.it/,333 319 0715,C.Da Matine,Alessano,,lematine@alice.it,https,WordPress,No,Netsons Network,46,57,92.00,Sì,No
Master Fruit 2.0 s.r.l. Alessano,Grossista di frutta e verdura,,389 183 9940,SS275,Alessano,,,,,,,,,,,
Isolp,Fornitore di prodotti alimentari,http://isolpsrl.it/,0833 781923,"Via Gonfalone, 61",Alessano,,info@isolpsrl.it,http,WordPress,Sì,Aruba S.p.A. Network,56,73,92.00,Sì,No
D'Alessandris Termoidraulica Elettricità Ferramenta,Negozio di forniture idrauliche,http://www.dalessandris.it/,0836 948241,"Via Dante Alighieri, 54",Andrano,,info@dalessandris.it,https,React,No,Serverplan S.r.l.,27,54,92.00,Sì,No
Orsi e Augenti assicurazioni,Agenzia di assicurazioni,,0833 524091,"Via Cappuccini, 55",Alessano,,,,,,,,,,,
"De Giorgi Cosimo E Figli Snc Distribuzione Bevande, Alcolici e Spiriti Nobili",Distribuzione di bevande,,0833 524444,Contrada Matine,Alessano,,,,,,,,,,,
Russo Antonio & C. Sas,Alimentari,,0833 522759,"VIA SS 275, Alessano, LE 73031",Alessano,,,,,,,,,,,
Laboratorio Analisi C.R. srl,Laboratorio medico,http://www.laboratorioanalisicr.it/,0833 524280,"SS275, 77",Alessano,,info@laboratorioanalisicr.it,https,Shopify,Sì,Keliweb S.R.L,57,78,85.00,Sì,No
Az. Agrituristica Matine - b&b Matine,Bed & Breakfast,http://www.agriturismomatine.com/,0833 524340,"Contrada Matine, 201",Alessano,,agriturismomatine@gmail.com,https,WordPress,No,Server Plan S.r.l.,69,66,85.00,Sì,No
Cooperativa Sociale 'L'Adelfia' S.R.L.,Organizzazione di servizi sociali,https://www.ladelfia.org/,0833 522052,"Via Portanova, 3",Alessano,,adelfialessano@libero.it,https,Shopify,No,Aruba S.p.A. Network,56,88,92.00,Sì,No
Guglielmo Costruzioni (S.R.L.),Impresa di costruzioni,,0836 318023,"Via Antonio Gramsci, 4",Cannole,,,,,,,,,,,
Elegant Serramenti s.r.l.,Fornitore di finestre,https://www.elegantserramenti.it/,0833 522911,Via Gonfalone,Alessano,,info@elegantseramenti.it,https,WordPress,Sì,Hetzner Online GmbH,25,51,85.00,Sì,No
Astemia,Negozio di vini,,346 366 4481,"Piazza S. Vincenzo, 33",Cannole,,,,,,,,,,,
Gemat,Centro di riciclaggio,https://www.gemat.it/,392 966 9085,SP79,Alessano,,,https,Joomla,No,Aruba S.p.A. Network,59,81,100.00,Sì,No
Pro Loco Cerceto Cannole,Centro informazioni turistiche,,0836 411042,Via Cesare Battisti,Cannole,,,,,,,,,,,
MICROCHIPS snc,Azienda informatica,https://www.microchips.it/,0833 781872,"Via Portanova, 1",Alessano,,info@microchips.it,https,ASP.NET,No,Aruba S.p.A.,61,65,64.00,Sì,No
A casa di Pablo,Ristorante,,393 444 2191,"Strada Provinciale 48n, 1",Cannole,,,,,,,,,,,
Fracap,Calzaturificio,http://www.fracap.it/,0832 321996,"Via Salvatore Fitto, snc",Arnesano,,info@fracap.it,https,WordPress,No,Hetzner Online GmbH,19,32,85.00,Sì,No
DE BLASI COSTRUZIONI SRL,Appaltatore,,349 840 0153,"Via G. Villani, 24",Cannole,,,,,,,,,,,
Foto Falco,Fotografo,,0836 411623,Via Roma,Cannole,,,,,,,,,,,
Kore,Villa,,339 762 1818,Str. Vicinale del Casino O Piper,Cannole,,,,,,,,,,,
Forno Causio,Fornaio,https://www.itarallidelsalento.it/,324 781 3747,"Piazza S. Vincenzo, 42",Cannole,,shop@itarallidelsalento.it,https,Shopify,No,OVH SAS,51,56,92.00,Sì,No
Azienda Agricola Masseria Campone Di Cantoro G,Fattoria,,0832 521299,"112, Via Novantacinquesimo Reggimento Fanteria, Lecce, Le 73100",Lecce,,,,,,,,,,,
Hydro System Srl,Consulente per impianti di produzione di energia,http://www.hydrosystem.it/,0833 522158,"Via Bari, 2",Alessano,,info@hydrosystem.it,https,WordPress,No,Host SpA,33,52,92.00,Sì,No
AgriBio Prodotti per l'Agricoltura,Fornitore di semi,,345 013 9169,"Via N. Sauro, 17",Botrugno,,,,,,,,,,,
Tenuta Pezzuto,Oleificio,,0532 206446,"Via Camillo Benso Conte di Cavour, 10/H",Botrugno,,,,,,,,,,,
Distributore IP,Benzinaio,https://ip.gruppoapi.com/ricerca-stazioni-servizio/station/47056?utm_source=google&utm_medium=organic&utm_campaign=yext&utm_content=47056,800 987 887,"S.P. Per Maglie, Snc",Bagnolo del Salento,,,https,React,No,"Amazon.com, Inc.",65,99,85.00,Sì,No
Caseificio Negro,Caseificio,,349 392 2481,"Via V. Bellini, 12",Botrugno,,,,,,,,,,,
Botrugno,Idraulico,,0836 483718,"Via G. Mangionello, 49",Maglie,,,,,,,,,,,
Spazio Enel Partner Alessano,Azienda fornitrice di energia elettrica,https://cappagi.it/?utm_source=google&utm_medium=GMBSitelink&utm_campaign=GMBSitelink_Alessano_0ANB,0833 186 7805,Via Bari,Alessano,,seplecce@gmail.com,https,Shopify,No,OVH SAS,50,49,85.00,Sì,No
Salento Fiori - Ingrosso fiori a Botrugno (LE),Fiorista all'ingrosso,,366 177 0406,"Via Daniele Manin, 24",Botrugno,,,,,,,,,,,
Botrugno Oronzo,Macelleria,,0836 343470,"Via Indipendenza, 63",Muro Leccese,,,,,,,,,,,
Pasticceria Dolce E Salato Di Vergari Luigi,Pasticceria,,327 080 3655,"Via A. Diaz, 16",Botrugno,,,,,,,,,,,
Di Tutto Supermercato Botrugno,Alimentari,,327 097 0607,Via Marco Biagi,Botrugno,,,,,,,,,,,
Presepe Salento,Studio di animazione,,347 530 1438,"Via Nino Bixio, 8",Botrugno,,,,,,,,,,,
Macelleria da Fabrizio Vadrucci,Macelleria,,320 775 1154,"Via Ciro Menotti, 16",Botrugno,,,,,,,,,,,
Camiceria del Salento Srl,Produzione e ingrosso abbigliamento,,0836 993699,"Via Fiume, 80",Botrugno,,,,,,,,,,,
Agrosud S.R.L.,Produzione e ingrosso alimentari,,0836 554279,"Via Circonvallazione, Aradeo, Le 73040",Aradeo,,,,,,,,,,,
My Wash,Servizio di lavanderia,,388 976 0482,"Via Giuseppe Verdi, 4",Cannole,,,,,,,,,,,
L'oasi Fiorita Cannole,Fiorista,https://www.netpollwork.it/azienda/l-oasi-fiorita/,329 628 7617,"Piazza S. Vincenzo, 33",Cannole,,info@netpollwork.it,https,WordPress,Sì,Aruba S.p.A. Network,64,89,83.00,Sì,No
BioMasseria Santa Lucia,Agriturismo,http://www.biomasseriasantalucia.it/,335 404 350,"BioMasseria Santa Lucia, Strada Provinciale 120",Alessano,,prenotazioni@biomasseriasantalucia.it,https,WordPress,Sì,Hetzner Online GmbH,51,42,92.00,Sì,No
Eko Solar S.r.l.,Fornitore di attrezzature per l'energia solare,http://www.ekosolar.it/,0836 411054,"Via G. Villani, 44",Cannole,,,https,Angular,No,Aruba S.p.A.,56,79,100.00,Sì,No
Nasdaq Informatica,Azienda informatica,,328 285 5408,"Piazza Camine, 6",Aradeo,,,,,,,,,,,
Consorzio Vigilanza Aradeo,Servizio di vigilanza,,0836 554939,"Via P. Mascagni, 24",Aradeo,,,,,,,,,,,
Garofoli S.p.A.,Negozio di forniture elettriche,http://www.garofolispa.eu/,0833 193 4382,"Via Portanova, 16",Alessano,,,https,React,Sì,Server Plan S.r.l.,49,68,100.00,Sì,No
Casaluci Trade,Fornitore di materiali da costruzione,,0836 554459,"Via Circonvallazione, 40",Aradeo,,,,,,,,,,,
Mb Costruzioni Elettriche Di Botrugno Mansueto,Elettricista,,0836 343463,"Via Enrico Fermi, n. 30",Muro Leccese,,,,,,,,,,,
Tessitura Tre Campane,Grossista di tessuti,https://tessituratrecampane.it/,0833 781049,"Strada St, 275",Alessano,,info@tessituratrecampane.it,http,Shopify,Sì,METANET AG,38,50,92.00,Sì,No
Azienda Agricola Sciglio - Le api del Parco Paduli,Apiario,https://www.aziendaagricolasciglio.it/,335 764 5335,"Via XXIV Maggio, 100",Botrugno,,esempio@nomedominio.dominio,https,ASP.NET,Sì,Aruba S.p.A. Network,74,91,92.00,Sì,No
Technoacque S.R.L.,Azienda per la fornitura di acqua,,0836 550063,"Via Pozzi Dolci, 73",Aradeo,,,,,,,,,,,
Ap Montaggi Srl,Istituto di design,https://www.apmontaggi.it/,0836 556024,"Via Circonvallazione, 24",Aradeo,,ap.montaggi@pec.it,https,Shopify,Sì,Aruba S.p.A.,67,91,91.00,Sì,No
Stifani Giacomo,Azienda agricola biologica,,0836 551789,"Via Foresta, 17",Aradeo,,,,,,,,,,,
Azienda Agricola F.Lli Senape De Pace Ss,Fattoria,,0833 282993,"Via Provinciale Parabita 1, Alezio, LE 73011",Alezio,,,,,,,,,,,
Manco M.F. Di Manco Oriente & C. Sas,Fornitore di trattori e macchine agricole,,0833 281700,"Via Rimembranza, 24",Alezio,,,,,,,,,,,
Ligetta & Solida,Negozio,,0833 281245,"Via del Santuario, 51",Alezio,,,,,,,,,,,
Piccolo Pim Srl,Negozio di elettronica,,0836 551899,"Via Paolo VI, 58",Aradeo,,,,,,,,,,,
INFO64BIT di Luca Piccinno,Azienda informatica,,349 301 5991,"Via A. Einstein, 25",Aradeo,,,,,,,,,,,
Fanuli Manufatti in Cemento,Negozio di arredamento da giardino,https://www.fanulimanufatticemento.com/,338 882 5458,SP363,Aradeo,,fanulimanufatti@live.it,https,React,No,Combell NV,47,64,92.00,Sì,No
Agriturismo Santa Chiara,Agriturismo,http://www.agriturismosantachiara.it/,388 602 0270,Via Parabita,Alezio,,info@website.com,https,ASP.NET,Sì,Google LLC,41,72,92.00,Sì,No
Azienda Agricola Ing. Niccolo Coppola Srl,Azienda vinicola,,0833 281014,"Via Giuseppe Garibaldi, 79",Alezio,,,,,,,,,,,
Spedire Al Volo,Azienda di confezionamento,https://spedirealvolo.it/,800 456 300,"Via V. Emanuele, 59",Botrugno,,info@spedirealvolo.it,https,Joomla,No,Host SpA,62,72,92.00,Sì,No
Il Giardino Segreto,Fiorista,http://www.fioreriagiardinosegreto.it/,329 336 5079,"Via N. Sauro, 41",Botrugno,,,https,WordPress,No,Server Plan S.r.l.,63,77,85.00,Sì,No
Aratravel - Turismo Medicale,Tour operator,https://www.aratravel.com/,0836 234238,"Via Giuseppe di Vittorio, 64",Aradeo,,booking@aratravel.com,https,Shopify,No,Google LLC,60,63,75.00,Sì,No
Rosa del Golfo,Azienda vinicola,http://www.rosadelgolfo.com/,0833 281045,"Via Giuseppe Garibaldi, 18",Alezio,,bodoni-vinyard@domain.com,https,Joomla,Sì,Aruba S.p.A.,53,74,92.00,Sì,No
Novitecna,Officina autoriparazioni,http://www.novitecna.it/,0836 554358,"Via Paolo VI, 30-32",Aradeo,,info@novitecna.it,https,Angular,Sì,Aruba S.p.A. Network,57,79,85.00,Sì,No
Salvatore & Ro srl,Negozio di prodotti agricoli,,0833 219682,"Via del Santuario, 45",Alezio,,,,,,,,,,,
Pasulin,Negozio di cosmetici,https://www.pasulin.it/?utm_source=google-business&utm_medium=scheda-local&utm_campaign=local,331 846 2160,"Via Pozzi Dolci, 5",Aradeo,,,https,Shopify,Sì,"Cloudflare, Inc.",46,93,100.00,Sì,No
Agriturismo Francesca Stajano,Alloggio completo di servizi,https://www.tenutastajano.it/,347 330 5660,"Via Suor Maria Maddalena Starace N 9 Ex, Via Tuglie, 4",Alezio,,agriturismotenutastajano@gmail.com,https,WordPress,Sì,Aruba S.p.A. Network,55,59,100.00,Sì,No
ADR Srl Alimenti Surgelati,Produzione e commercio surgelati,,327 775 8787,"Via I. Maggio, 86",Alliste,,,,,,,,,,,
Spazzacamino Aluisi Di Giovanni Aluisi,Spazzacamino,http://www.spazzacaminoaluisi.it/,0836 552562,"Via S. Luigi, 56",Aradeo,,info@spazzacaminoaluisi.it,https,React,No,SEEWEB s.r.l.,79,99,91.00,Sì,No
Aurosa Vacanze Bed and Breakfast,Bed & Breakfast,http://www.aurosavacanze.it/,347 618 1503,"Via Capitano Antonio Cutrupia, 23",Alliste,,,https,React,No,Netsons Network,70,96,92.00,Sì,No
Agriturismo Capani,Appartamento per vacanza in affitto,,327 291 2819,contrada capani snc,Alezio,,,,,,,,,,,
Cantina Coppola 1489,Azienda vinicola,http://www.cantinacoppola.it/,0833 201425,1 40° 04' 41 N 18° 00 Via Sansonetti,Gallipoli,,info@cantinacoppola.it,https,WordPress,Sì,Server Plan S.r.l.,38,70,100.00,Sì,No
AZIENDA AGRICOLA ROMALDO GRECO,Azienda agricola biologica,http://www.romaldogreco.it/,392 043 6276,"Via Aradeo, 12",Seclì,,info@romaldogreco.it,https,WordPress,Sì,Netsons Network,39,69,100.00,Sì,No
Azienda Agricola MASSERIA delle CANNE,Ufficio aziendale,,347 295 9927,s.p. Alliste- Torre San Giovanni - c.da Masseria Canne,Felline - Alliste,,,,,,,,,,,
Caseificio Timan - Alezio,Caseificio,http://caseificiotiman.com/,0833 913497,"zona p.i.p, lotto, 3",Alezio,,,https,WordPress,No,Netsons Network,53,64,92.00,Sì,No
De.ca. srl,Grossista di frutta e verdura,,370 103 6880,Via Dante Alighieri,Alliste,,,,,,,,,,,
M'ama non m'ama garden felline /Alliste,Vivaio,,379 258 6935,W4H9+RQ strada provinciale 290 felline torre san Giovanni,Alliste,,,,,,,,,,,
IPER,Impianto solare fotovoltaico,https://www.iper-srls.it/,379 115 3641,"Via Felline, 110a",Alliste,,,https,Angular,No,Aruba S.p.A. Network,23,27,92.00,Sì,No
Porcino Enrico,Torrefazioni,http://porcinotorrefazione.com/,0833 282469,"Via Fratelli Bandiera, 6",Alezio,,info@porcinotorrefazione.com,https,React,No,Aruba S.p.A.,36,53,85.00,Sì,No
Galatina Co Srl,Grossista di frutta e verdura,,0833 553818,"Contrada Masseria Catrini, Alliste, Le 73040",Alliste,,,,,,,,,,,
Biasco S.r.l.,Azienda di import-export,http://www.biascosrl.it/,0833 603157,"Via Longa, 2",Alliste,,info@biascosrl.it,https,React,No,Sconosciuto,53,51,77.00,Sì,No
Verniciatura a Polvere De Filippis,Servizio di verniciatura a polvere,https://verniciaturadefilippis.it/,0833 985001,"SP67, Zona Artigianale, Lotto, 18",Alliste,,,https,Joomla,No,Aruba S.p.A.,68,94,92.00,Sì,No
Kkerly Group srl,Servizio di distribuzione,,388 354 4935,"Via I. Maggio, 128",Alliste,,,,,,,,,,,
Centro Collaudi S.R.L.,Officina autoriparazioni,,0833 986124,"Via Provinciale Le Alliste, Alliste, Le 73040",Alliste,,,,,,,,,,,
Azienda Agricola Mariani Fabbrizio,Fattoria,,0833 985024,"Via Provinciale, Alliste, Le 73040",Alliste,,,,,,,,,,,
Olio De Padova Experience,Oleificio,https://www.depadovaexperience.com/,099 970 4513,"Via Stazione, Km. 1",Avetrana,,info@oliodepadova.it,https,Shopify,Sì,Aruba S.p.A.,66,77,100.00,Sì,No
Azienda Agricola Cavicchi Stefano,Azienda agricola biologica,https://www.oliocavicchi.com/,335 709 2442,Via Lago d'Iseo,Avetrana,,info@oliocavicchi.com,https,Shopify,Sì,Seeweb s.r.l.,68,85,83.00,Sì,No
Az.Agr.Mero Mario Lorenzo,Azienda agricola biologica,,347 223 3480,"Via Magenta, 169",Avetrana,,,,,,,,,,,
Bosco Societa Cooperativa Agricola,Oleificio,,099 970 4523,"Km. 1.000 Via Stazione, Avetrana, TA 74020",Avetrana,,,,,,,,,,,
Olio Chiera srl,Oleificio,https://www.oliochiera.it/,099 970 8146,"Via Niccolò Machiavelli, 2",Avetrana,,infochiera@gmail.com,https,React,Sì,Aruba S.p.A.,53,74,100.00,Sì,No
Azienda Agricola Cazzolla Anastasio,Oleificio,,393 564 8257,"Via Magenta, 128",Avetrana,,,,,,,,,,,
Tonno Colimena,Produttore,https://www.tonnocolimena.com/,099 970 7955,Via Piave,Zona Industriale,,colimenalafabbricadeltonnosrl@pec.it,https,Shopify,No,Aruba S.p.A. Network,56,85,92.00,Sì,No
Azienda Agricola Monte di Rena,Azienda agricola biologica,http://www.montedirena.it/,388 371 1744,"Via Ludovico Ariosto, 36",Avetrana,,,https,Joomla,No,Aruba S.p.A. Network,56,44,100.00,Sì,No
Jonico Hotel s.r.l.,Hotel,http://www.jonicohotel.it/,0833 941836,Lungomare Cristoforo Colombo,Alliste,,,https,WordPress,No,Host SpA,56,68,85.00,Sì,No
Cosma,Oleificio,http://www.cosmagricola.com/,329 616 8403,Contrada Rescio,Avetrana,,info@cosmagricola.com,https,React,No,Hetzner Online GmbH,64,89,92.00,Sì,No
Ditta Olio San Francesco,Produzione e vendita di scorte alimentari,,347 953 7624,"Piazza Vittorio Veneto, 33",Avetrana,,,,,,,,,,,
Gelesis (sede operativa),Casa farmaceutica,http://www.gelesis.com/,0832 872749,"Via Europa, SP26, 187",Calimera,,,https,WordPress,No,OVH SAS,69,89,62.00,Sì,No
𝑽𝒊𝒏𝒐𝒊𝒍 - 𝑷𝒓𝒐𝒅𝒖𝒛𝒊𝒐𝒏𝒆 𝒆 𝑽𝒆𝒏𝒅𝒊𝒕𝒂 𝑶𝒍𝒊𝒐 𝑬𝑽𝑶,Oleificio,https://vinoil.it/cartsearch/index.html,376 053 0405,"Via Lago Maggiore, 5",Avetrana,,,https,Shopify,No,Aruba S.p.A,50,60,82.00,Sì,No
Alleima Calimera Srl,Produttore,,0832 871087,"Via Circonvallazione, 161",Calimera,,,,,,,,,,,
Fina Cosimo Srl,Azienda di fornitura del gas,https://www.finacosimogroup.it/it/,099 970 3236,"Via Piave Zona P.i.p., Avetrana, TA 74020",Avetrana,,,https,Joomla,Sì,Aruba S.p.A.,50,66,83.00,Sì,No
DROMI S.R.L.,Negozio di scarpe,https://www.calzaturedromi.it/,347 584 8557,"Via Piave, 30",Avetrana,,info@calzaturedromi.it,https,React,Sì,"Amazon.com, Inc.",47,46,92.00,Sì,No
Sagra Della Polpetta,Organizzatore di eventi,,340 117 7597,Via A. De Gasperi,Avetrana,,,,,,,,,,,
Mec Generators Gruppi Elettrogeni,Azienda fornitrice di energia elettrica,https://www.mecgenerators.it/,391 467 5661,"SP142, km 7 74020",Avetrana,,info@mecgenerators.it,https,React,No,Aruba S.p.A. Network,71,91,92.00,Sì,No
M&G di Tommasi Emanuela,Impresa di pulizie,,320 861 9949,"Via V. Tiziano, 1",Calimera,,,,,,,,,,,
Novotech Aerospace Advanced Technology srl,Industria aeronautica e aerospaziale,https://novotech.it/,099 970 4846,Str. Prov. 143 km 2 - 74020,Avetrana,,info@novotech.it,https,WordPress,Sì,Aruba S.p.A,0,0,85.00,Sì,No
Caffè Vittoria,Bar caffè,,0832 873129,"Piazza del Sole, 49",Calimera,,,,,,,,,,,
GEO FIUSIS SRL,Legna da ardere e pellet,,389 496 3123,VIA OLANDA,Zona P.i.p.,,,,,,,,,,,
Guardia Medica Avetrana - Servizio di continuità assistenziale,Centro medico pubblico,,099 970 4062,"Via Piave, 101",Avetrana,,,,,,,,,,,
Caseificio L'Amor Di Latte Calimera,Caseificio,,345 410 8678,"Piazza del Sole, 40",Calimera,,,,,,,,,,,
Lomartire Shop - Ferramenta - Prodotti per Agricoltura - Pet Food,Ferramenta,https://www.lomartireshop.it/,099 970 7289,"Via Piave, 68",Avetrana,,ordini@lomartireshop.it,https,React,Sì,Servereasy Italy,62,74,92.00,Sì,No
Brixia Srl,Antinfortunistica,http://www.brixiantinfortunistica.it/,0832 872232,"Via A. Volta, 18",Calimera,,info@brixiantinfortunistica.it,http,WordPress,No,Aruba S.p.A. Network,70,85,92.00,Sì,No
Calimera (Le),Casa per vacanze,,328 284 5143,"Via P. Lefons, 5",Calimera,,,,,,,,,,,
Laboratorio Orafo di Leone Edoardo,Gioielleria,,0832 873801,"Via Roma, 34",Calimera,,,,,,,,,,,
Elios Autolinee,Azienda di trasporti in autobus,http://www.eliosautoservizi.com/,0832 871153,Via Martano,Calimera,,,https,React,Sì,Aruba S.p.A. Network,65,89,92.00,Sì,No
Easy Wash lavanderia self service assistita,Lavanderia automatica,,329 062 9263,"Via del Centenario, n53",Calimera,,,,,,,,,,,
Quadricolorpoint di Luigi Castrignanò,Tipografia digitale,,320 891 3827,"Via Europa, 2",Calimera,,,,,,,,,,,
Lavanderia Self-service FLY,Lavanderia automatica,,328 975 7629,"Via Guglielmo Marconi, 59",Calimera,,,,,,,,,,,
Tiziano,Pasticceria,http://tiziano.it/,0832 872484,"Via Roma, 172",Calimera,,info@tizianogroup.it,https,Angular,Sì,Server Plan S.r.l.,42,61,100.00,Sì,No
Azienda Agricola La Regina,Azienda agricola biologica,,339 206 2313,SP29,Calimera,,,,,,,,,,,
Idea Risparmio Di Ungaro Serena,Negozio di articoli da cucina,,0832 872059,"Piazza Caduti, 29",Calimera,,,,,,,,,,,
ALCA GARDEN,Giardiniere,https://alcagarden.it/,320 674 2733,"Giovanni Carano, Via Carano Don Vito",Calimera,,info@alcagarden.it,https,Joomla,No,Google LLC,56,70,100.00,Sì,No
Matex Lab Spa,Casa farmaceutica,,0831 572103,"Via Carlo Urbani, 2",Brindisi,,,,,,,,,,,
Ti Group Automotive Systems Spa,Azienda di carpenteria metallica,,0831 55751,"Zona Punto Franco, Brindisi, BR 72100",Brindisi,,,,,,,,,,,
Servizi Agrari Gabrieli Tommasi S.r.l,Servizio agricolo,https://www.getbio.it/,0832 871090,"Viale Napoli, 16",Calimera,,,https,WordPress,No,Hetzner Online GmbH,73,74,92.00,Sì,No
Cooperativa Il Sole A.R.L.,Servizio di lavanderia,,0832 873156,"Via Spagna, 17",Calimera,,,,,,,,,,,
AZIENDA AGRICOLA MITRIANO,Fattoria,,0833 282222,"Via Giuseppe Garibaldi, 31",Alezio,,,,,,,,,,,
Vito De Santis Srl - Canon,Cartoleria,http://www.canonlecce.it/,0832 872323,"Via Amerigo Vespucci, 13",Calimera,,info@vitodesantis.it,http,WordPress,No,Aruba S.p.A. Network,56,77,61.00,Sì,No
Tommasi Giuseppe,Negozio di elettronica,,0832 873717,"Via Roma, 213",Calimera,,,,,,,,,,,
Leopizzi s.r.l.,Azienda informatica,https://leopizzi.com/,0833 282992,"Via Raggi, 72",Alezio,,,https,Shopify,Sì,"Amazon.com, Inc.",47,60,100.00,Sì,No
Azienda Agricola Fabio Trianni,Fattoria,,335 596 1386,Via Giovanni Pascoli,Alliste,,,,,,,,,,,
Ma.In Manutenzioni Industriali S.R.L.,Produttore,,0831 574223,"Via Alfred Nobel, 2/4",Brindisi,,,,,,,,,,,
Miwa S.r.l.,Negozio di prodotti alimentari all'ingrosso,http://miwasrl.com/,0833 985263,SP67,Alliste,,miwasrl@gmail.com,https,React,Sì,Servereasy Srl,28,30,92.00,Sì,No
Tenute Lu Spada srl,Azienda vinicola,https://www.tenuteluspada.it/,393 826 3651,"Contrada lu, S.da per lo Spada",Brindisi,,,https,Shopify,Sì,Server Plan S.r.l.,67,54,85.00,Sì,No
BerSud - Unità di Brindisi,Lavorazione metalli,http://www.bersud.it/,0831 546018,"Via Enrico Fermi, 4",Brindisi,,,http,ASP.NET,No,Aruba S.p.A.,56,79,92.00,Sì,No
Tenute Rubino,Azienda vinicola,https://www.tenuterubino.com/,0831 571955,"Via Enrico Fermi, 50",Brindisi,,,https,React,Sì,OVH SAS,13,16,100.00,Sì,No
"Peritas Chemical Division srl - PBlue - produzione, stoccaggio e trasporto di ammoniacale e urea soluzioni e di AdBlue",Impianto chimico,https://www.peritas.it/,0831 522860,"Via Alfred Nobel, 27",Brindisi,,,,WordPress,Non trovato,Aruba S.p.A.,100,100,73.00,,No
Cantine Risveglio,Azienda vinicola,https://cantinerisveglio.it/,0831 519948,"Contrada Torre Mozza SS7 Km 5,700",Brindisi,,admin@mail.com,https,Shopify,No,Server Plan S.r.l.,55,56,85.00,Sì,No
Stabilimento Euroapi s.r.l.,Casa farmaceutica,http://www.euroapi.com/,0831 578221,"Via Angelo Titi, 26",Brindisi,,ir@euroapi.com,https,Drupal,No,OVH SAS,51,86,85.00,Sì,No
Ideal,Pasticceria,,0832 825545,"Via Castri, 1",Caprarica di Lecce,,,,,,,,,,,
Masseria Li Curti,Agriturismo,,329 022 2024,SP140,Caprarica di Lecce,,,,,,,,,,,
SEDEC,Fornitore di impianti industriali,https://www.sedec.it/,0831 548351,"Via Mohandas Gandhi, 79",Brindisi,,info@sedec.it,https,React,Sì,Aruba S.p.A.,59,88,92.00,Sì,No
Bistro' catering & banqueting,Servizio di catering,,320 338 0118,"Via Barone G. Rossi, 37",Caprarica di Lecce,,,,,,,,,,,
Jindal Films Europe Brindisi Srl,Produzione e lavorazione materie plastiche,https://jindal.apuliasoftware.net/,0831 509250,"Via Enrico Fermi, 25bis",Brindisi,,info@jindalfilms.com,https,Odoo,Sì,OVH SAS,71,94,92.00,Sì,No
B.I.S. Srl Brindisi Imbarchi E Sbarchi,Ufficio aziendale,https://www.bis-global.com/,0831 546940,"Via Angelo Titi, 41",Brindisi,,info@bisbrindisi.it,https,Shopify,Sì,Serverplan s.r.l.,55,62,92.00,Sì,No
AZIENDA AGRARIA GRECO del Dott. Pantaleo Greco,Oleificio,http://www.aziendaagrariagreco.it/,380 209 9782,"Via Giacomo Matteotti, 22",Caprarica di Lecce,,info@aziendaagrariagreco.it,https,Shopify,No,Aruba S.p.A.,43,66,85.00,Sì,No
AKV Ricambi,Negozio di ricambi per motociclette,,339 889 4045,"Via Oronzo Tiso, 1",Caprarica di Lecce,,,,,,,,,,,
Castrignano DeiGreci Le,Ufficio aziendale,,0836 589432,"Via Giordano 1angolopiazzaAmoro lecce, Isituto",Santa Chiara,,,,,,,,,,,
THERIAKE Agricola,Azienda agricola biologica,,335 690 6613,Via Vecchia Serre,Castrignano de' Greci,,,,,,,,,,,
Masseria Stali Agriturismo nel Salento,Ristorante,https://www.masseriastali.it/ristorante,349 743 9463,"Via vicinale, Via Cisterna Vecchia, 8",Caprarica di Lecce,,info@masseriastali.it,https,React,Sì,Google LLC,56,93,92.00,Sì,No
De Vito Claudio,Lavorazione metalli,,0836 589431,"68 Via Re Di Puglia, Castrignano de' Greci, Le 73020",Castrignano De' Greci,,,,,,,,,,,
Morello Srl,Consulente ambientale,https://www.morellosrl.com/,0383 040 0754,"6 Via Sindaco Evangelista Pensa, Caprarica Di Lecce, Le 73010",Caprarica di Lecce,,,https,Shopify,No,Aruba S.p.A.,67,94,92.00,Sì,No
CO.MO. SUD Srl UNIPERSONALE,Lavorazione dei metalli,http://www.comosud.it/,0831 546981,"Via Orso Mario Corbino, 6",Brindisi,,website@comosud.it,https,WordPress,Sì,Aruba S.p.A.,56,79,85.00,Sì,No
Monte Alessandro,Negozio di abbigliamento,,0836 589427,"Via Alcide de Gasperi, 38",Castrignano de' Greci,,,,,,,,,,,
PARCO AVVENTURA SALENTO ADVENTURES,Parco divertimenti per bambini,,349 740 2364,Via Cisterna Vecchia,Caprarica di Lecce,,,,,,,,,,,
Masseria Rifisa Agriresort,Albergo benessere,http://www.masseriarifisa.it/,350 121 6842,Via Martiri D'Otranto,Caprarica di Lecce,,info@masseriarifisa.it,https,ASP.NET,No,Aruba S.p.A. Network,34,21,85.00,Sì,No
Colazzo S.R.L. - Ingrosso Alimentari Ristoservice,Negozio di prodotti alimentari all'ingrosso,http://www.colazzosrl.it/,0836 589184,"Via delle Ricamatrici, 4",Castrignano de' Greci,,,https,Shopify,Sì,Aruba S.p.A.,79,91,92.00,Sì,No
Comune di Castrignano dei Greci,Municipio,,0836 583006,"Via Costantinopoli, 47",Castrignano de' Greci,,,,,,,,,,,
Luzio Rocco calzature dal 1919,Negozio di scarpe,,0836 589350,"Via Pietro Mascagni, 6",Castrignano De' Greci,,,,,,,,,,,
Delle Donne Giovanni,Fornitore di attrezzature per l'edilizia,http://delledonnegiovannicostruzionieservizi.it/,0832 825247,"Via Calimera, 25",Caprarica di Lecce,,costruzioniservizi@virgilio.it,https,WordPress,Sì,Netsons s.r.l.,56,56,100.00,Sì,No
Monteco S.p.A. Centro Servizi ARO LE/1 - Campi Salentina,Servizio di raccolta rifiuti,,800 801 020,"Falchi LE, Str. Vicinale Catena",Campi Salentina,,,,,,,,,,,
Da Car Service Snc,Officina autoriparazioni,,0836 583056,"Via Cavour, 33",Castrignano De' Greci,,,,,,,,,,,
Pelletteria Luzio Luigi Luzio Federica,Pelletteria,,347 354 7720,"Via Corigliano D'Otranto, 29",Castrignano de' Greci,,,,,,,,,,,
Joinled,Produttore,https://joinled.it/,0836 331989,Zona artigianale,Castrignano de' Greci,,sinfo@joinled.it,https,Joomla,Sì,Google LLC,55,94,92.00,Sì,No
Agrisud S.R.L.,Oleificio,,0832 794113,Via Giosuè Carducci,Campi Salentina,,,,,,,,,,,
Monticava Srl,Fornitore di materiali da costruzione,,0832 791020,"Via Squinzano, Campi Salentina, Le 73012",Campi Salentina,,,,,,,,,,,
Avicola Campiense,Fornitore di uova,https://lacampiense.it/,380 906 9777,SC Falchi,Campi Salentina,,info@lacampiense.it,https,React,No,Aruba S.p.A. Network,55,63,92.00,Sì,No
Farmagricola Taurino,Negozio di prodotti agricoli,,0832 726957,"Via Puglia, 2",Campi Salentina,,,,,,,,,,,
Tenute Mater Domini S.S. Societa Agricola,Vigneto,,0832 792442,"Via dei Martiri, 29",Campi Salentina,,,,,,,,,,,
Italfiamma Srl,Azienda di fornitura del gas,https://www.italfiamma.it/,0832 791040,"Via Enrico Berlinguer, 40",Campi Salentina,,info@italfiamma.it,https,WordPress,Sì,Hetzner Online GmbH,51,80,85.00,Sì,No
Fomed Srl,Fornitore di materiali da costruzione,https://www.lattoneriaedile.it/,0832 792623,Via Don Tonino Bello,Campi Salentina,,info@lattoneriaedile.it,https,React,Sì,Aruba S.p.A.,65,68,100.00,Sì,No
Jentu Societa' Agricola A Responsabilita' Limitata,Fattoria,,0832 794284,"Via De Filippo Eduardo, Campi Salentina, Le 73012",Campi Salentina,,,,,,,,,,,
Scandiuzzi Steel Constructions SpA-Brindisi,Lavorazione dei metalli,http://www.scandiuzzi.it/,0831 575076,"Via Enrico Fermi, 88/90",Brindisi,,,https,ASP.NET,No,OVH SAS,28,14,83.00,Sì,No
Cucurachi Costruzioni Srl,Impresa di costruzioni,,0832 822021,Via San Giuseppe nr 39 Già via Sindaco Evangelista Penza,Caprarica di Lecce,,,,,,,,,,,
TECNO WOOD srl - Brico Legno Store,Negozio di vendita di legname da costruzione,https://www.bricolegnostore.it/,0832 792200,"Via Ettore D'amore, 26",Campi Salentina,,info@bricolegnostore.it,https,Joomla,Sì,OVH SAS,32,64,83.00,Sì,No
Taurosso Vini,Azienda vinicola,http://www.taurosso.it/,335 791 2152,"A, Via Taranto, 76",Campi Salentina,,,https,Shopify,Sì,Google LLC,59,83,92.00,Sì,No
Le Chiese,Oleificio,https://www.lechiese.com/,320 033 8056,"Via Padre, Via Padri Celestini, 34/A",Carmiano,,info@lechiese.com,https,Joomla,Sì,Aruba S.p.A.,66,81,100.00,Sì,No
Azienda agricola Trevisi,Azienda agricola biologica,https://agricolatrevisi.it/,333 949 3189,"Via Raffaele Calabrese Serio, 8",Campi Salentina,,agricolatrevisi@gmail.com,https,WordPress,No,TransIP BV,72,59,92.00,Sì,No
Azienda Villani Miglietta,Azienda agricola biologica,,347 592 2840,"Piazza Assunta, 27",Carmiano,,,,,,,,,,,
Istituto Santa Chiara - Castrignano de' Greci,Centro di diagnostica per immagini,https://www.istitutosantachiara.it/,327 003 0653,Via Umberto Giordano,Castrignano De' Greci,,,https,WordPress,No,Keliweb S.R.L,31,56,100.00,Sì,No
Inox Arredi Sas,Negozio di forniture per ristoranti,,0832 602096,Strada Comunale delle Pezze,Carmiano,,,,,,,,,,,
Tenuta Vèrola,Produzione distillati e liquori,http://www.tenutaverola.it/,0832 604129,"SP121, 34",Carmiano,,,https,WordPress,No,Aruba S.p.A.,87,97,92.00,Sì,No
C.P.M. S.R.L.,Azienda metallurgica,,0832 601883,Strada 45,Carmiano,,,,,,,,,,,
Acquedotto Pugliese S.P.A.,Azienda per la fornitura di acqua,http://www.aqp.it/,800 085 853,"Via Leonardo Da Vinci, 12/Bis",Brindisi,,,https,Drupal,Sì,Fastweb SpA,38,68,92.00,Sì,No
Ipo srl - Frutta e Verdura,Negozio di frutta e verdura,https://iposrlortofrutta.it/,347 286 6485,"Via Firenze, 10",Carmiano,,iposrlortofrutta@gmail.com,https,ASP.NET,No,Aruba S.p.A,64,69,91.00,Sì,No
Cantina Petrelli,Negozio di vini,http://www.cantinapetrelli.com/,0832 603051,"Via Villa Convento, 33",Carmiano,,info@cantinapetrelli.com,http,Joomla,Sì,Aruba S.p.A.,56,73,92.00,Sì,No
C.A.F. FEDERAZIENDE s.r.l.,Consulente fiscale,http://www.federaziende.org/,0832 606488,"Via Leverano, 78/B",Carmiano,,federaziende@libero.it,http,ASP.NET,No,Register.IT S.p.A,60,88,85.00,Sì,No
CM color srl,Ufficio aziendale,,0832 603144,Via Enrico Berlinguer,Carmiano,,,,,,,,,,,
Monteco S.p.A. Sede Operativa - Campi Salentina,Servizio di raccolta rifiuti,https://campisalentina.montecospa.it/it/form/contattaci?source_entity_type=node&source_entity_id=479,0832 720411,Via Squinzano km. 2,Campi Salentina,,privacygroup-dpo@pec.it,https,Drupal,No,Contabo GmbH,59,60,100.00,Sì,No
Vinè,Bar,,392 919 0570,"Via Leverano, 13",Carmiano,,,,,,,,,,,
4i-Tech Srl,Fornitore di attrezzature per l'energia solare,https://www.4i-tech.com/,0832 792484,SS7ter,Zona Industriale,,info@4i-tech.com,https,Shopify,Sì,Aruba S.p.A.,56,79,85.00,Sì,No
PRINT & SERVICE,Azienda informatica,,0832 606458,"Via Leverano, 75",Carmiano,,,,,,,,,,,
Brand Label,Fornitore di impianti industriali,http://www.brandlabel.it/,0833 502973,Zona Industriale Tronco F,Casarano,,info@brandlabel.it,https,React,No,IONOS SE,56,79,82.00,Sì,No
Scatolificio C.M.C. di Carrozzo Cosimo,Azienda di confezionamento,http://www.cmcscatolificio.it/,0832 604467,"Strada Comunale delle Pezze, 1",Carmiano,,info@cmcscatolificio.it,https,ASP.NET,No,IONOS SE ber.de,56,71,92.00,Sì,No
Schiavano Srl,Distributore di acciaio,https://www.schiavanosiderurgia.it/,0833 505195,"Zona Industriale Tronco F, 83",Zona Industriale di Casarano,,commerciale@schiavanosrl.it,https,React,Sì,Google LLC,72,96,100.00,Sì,No
Medel Casarano - Gruppo Acmei,Negozio di forniture elettriche,http://www.acmei.it/,0833 332311,"Via Nardò, 15",Casarano,,,https,React,No,Aruba S.p.A.,60,61,92.00,Sì,No
Iris Sud Srl,Calzaturificio,,0833 332511,Zona Industriale Tronco F,Zona Industriale di Casarano,,,,,,,,,,,
Gruppo Enzo Feri' S.R.L.,Società di networking aziendale,,0833 501271,"Via Casciaro, 7",Casarano,,,,,,,,,,,
STIL s.r.l.,Calzaturificio,http://calzaturificiostil.it/,0833 507747,"Zona Industriale Tronco E, A",Zona Industriale di Casarano,,,https,Shopify,No,Seeweb srl,62,84,100.00,Sì,No
ITALSET S.R.L.,Azienda informatica,https://www.italset.it/,0833 505393,"Via Vecchia Matino, 20",Casarano,,info@italset.it,https,Magento,Sì,Contabo GmbH,98,99,100.00,Sì,No
Gruppo Vincenti,Azienda fornitrice di energia elettrica,,800 900 800,"Via Giotto, 2A",Casarano,,,,,,,,,,,
Azienda Olearia Schirinzi | Punto vendita olio extravergine pugliese del Salento,Oleificio,https://www.schirinzi.it/,0832 182 7540,"🚚 Vendite online e spedizioni anche all'estero, 📞 Visite su appuntamento telefonico / whatsapp, Via Copertino, 153",Carmiano,,,https,React,Sì,Keliweb S.R.L,85,96,92.00,Sì,No
Azienda Agricola FARAIOLI di Primiceri Antonio,Azienda agricola biologica,http://www.faraioli.it/,338 393 5548,SP360,Casarano,,info@faraioli.it,https,Shopify,Sì,SEEWEB s.r.l.,62,76,61.00,Sì,No
Ecospecial - Pratiche Ecologiche e Gestione Rifiuti,Servizio di gestione dei rifiuti,https://ecospecial.it/,320 976 2525,"Via Roma, 69",Carmiano,,spertisrl@gmail.com,https,React,Sì,Aruba S.p.A.,56,42,92.00,Sì,No
NCC Lecce Brindisi - SpaMar Travel & Service,Servizio di navetta con l'aeroporto,https://www.spamartravel.it/,377 300 8896,"Via Cesare Battisti, 13",Carmiano,,info@spamartravel.it,http,WordPress,Sì,Servereasy Srl,47,61,85.00,Sì,No
Azienda Agricola Le Saittole,Azienda di imbottigliamento dell'olio di oliva,http://www.lesaittole.com/,0832 826606,"Via Giacomo Brodolini, 2",Castri di Lecce,,info@lesaittole.com,https,WordPress,No,GENESYS,62,0,83.00,Sì,No
Tech'n'Coffee - Centro Grafica e Stampa,Tipografia digitale,http://tncstampa.it/,377 966 8897,"Via Ada Negri, 33",Carmiano,,,https,ASP.NET,Sì,Aruba S.p.A. Network,53,76,92.00,Sì,No
Azienda Agricola Barbano,Fattoria,,0832 826334,"Via Giovanni Vernazza, 32",Castri di Lecce,,,,,,,,,,,
Pasticceria Ingrosso,Pasticceria,,340 627 8475,"Via Dott. Vito Lolli, Snc",Castri di Lecce,,,,,,,,,,,
CHIRENTI - Vetrate Panoramiche VePa,Società storica,http://www.chirenti.it/,0832 247890,"Viale Risorgimento, 9",Castri di Lecce,,preventivi@chirenti.it,https,React,No,Netsons s.r.l.,42,40,100.00,Sì,No
Autosole Sas Di Toraldo Ilario & C.,Rivenditore di auto,,0832 823333,Via Provinciale per Lizzanello,Castri di Lecce,,,,,,,,,,,
Primoljo,Oleificio,https://primoljo.com/,0833 513433,"Via Supersano, 72",Casarano,,info@primoljo.com,https,WordPress,Sì,Aruba S.p.A,59,66,100.00,Sì,No
Perrone Wine & Oil,Enoteca,,380 632 4556,"Via O. de Simone, 54",Campi Salentina,,,,,,,,,,,
Spazio Enel Partner Carmiano,Azienda fornitrice di energia elettrica,http://www.ideasrlenergia.it/?utm_source=google&utm_medium=GMBSitelink&utm_campaign=GMBSitelink_Carmiano_7BZ,0832 091437,"Via Copertino, 34",Carmiano,,,https,Joomla,Sì,Aruba S.p.A.,44,6,92.00,Sì,No
Ingrosso Porte e Finestre Premium Partner Oknoplast,Fornitore di finestre,https://ingrossofinestre.it/,389 052 7303,"Viale Risorgimento, 8",Castri di Lecce,,,https,WordPress,No,Aruba S.p.A.,54,56,92.00,Sì,No
Ingrosso Lorenzo,Servizio di riparazione di televisioni,,0832 822127,"Via Armando Diaz, 23",Castri di Lecce,,,,,,,,,,,
D.M. Bioedilizia,Costruttore di tettoie e pergole,http://www.dmbioedilizia.com/,328 202 9031,"Via Kennedy, 16",Castri di Lecce,,dm.bioedilizia@libero.it,https,Angular,Sì,OVH SAS,57,80,85.00,Sì,No
Melicart Srl - Casarano,Cartoleria,https://www.melicart.it/,0833 501497,"Via Duca d'Aosta, 13",Casarano,,,https,Magento,Sì,Hetzner Online GmbH,45,85,85.00,Sì,No
Generation Bit,Azienda informatica,https://www.generationbit.it/,0832 822308,"Via Giovanni Pascoli, 6 - 8",Castri di Lecce,,info@generationbit.it,https,React,No,Aruba S.p.A.,64,96,92.00,Sì,No
Caseificio Semeraro Di Giuseppe Semeraro,Fattoria di produzione di latticini,,0831 992647,"Via Belvedere, 5",Carovigno,,,,,,,,,,,
Azienda Villa Carmine Carovigno,Alimentari,,337 934 392,Contrada Carmine di Sotto,Carovigno,,,,,,,,,,,
Elata shoes,Calzaturificio,http://www.elata.it/,0833 502408,"Via Salvatore Nicolazzo, 88",Casarano,,info@elata.it,https,PrestaShop,Sì,Contabo GmbH,42,35,83.00,Sì,No
La Tagliata - Macelleria Carovigno,Macelleria-gastronomia,,320 927 4583,"Via Caduti in Guerra, 2",Carovigno,,,,,,,,,,,
CARVINEA Azienda Agricola Vitivinicola,Azienda agricola biologica,,0831 987720,SP32,Carovigno,,,,,,,,,,,
SUPERMERCATO A&O,Negozio di alimentari,,0832 825209,"Via Alcide de Gasperi, 8",Castri di Lecce,,,,,,,,,,,
PETRELLI DESIGN,Ristrutturatore di bagni,https://www.petrellidesign.it/,377 023 0785,"Via G. Leopardi, 1",Castri di Lecce,,info@petrellidesign.it,https,WordPress,No,Server Plan S.r.l.,64,93,85.00,Sì,No
Hp service-impianti,Elettricista,,328 419 9905,"Via Vincenzo Bellini, 106",Castri di Lecce,,,,,,,,,,,
Frantoio Soave S.R.L.,Oleificio,http://www.frantoiosoave.it/,0831 991863,"Via Marcello, 75",Carovigno,,,http,ASP.NET,No,Aruba S.p.A. Network,99,100,91.00,Sì,No
Tenute Parco Piccolo,Oleificio,http://www.parcopiccolo.it/,333 896 8642,"Contrada Furchi, Strada Provinciale 34",Carovigno,,,https,Shopify,No,"Cloudflare, Inc.",47,67,100.00,Sì,No
azienda agricola vacca giovanni,Produzione e vendita di scorte alimentari,,338 600 2907,"Via Roberto Ruffilli, 39",Carovigno,,,,,,,,,,,
Castellana SRL,Negozio di prodotti alimentari all'ingrosso,,099 201 6978,Zona industriale di,Carosino,,,,,,,,,,,
S.E.M.E.S. Srl - Asfalto - Inerti - Cava - Rifiuti - BRINDISI -TARANTO - LECCE,Cava,http://www.semes.it/,0831 991083,"Via Santa Sabina, 114",Carovigno,,info@semes.it,https,Shopify,Sì,Serverplan s.r.l.,57,91,92.00,Sì,No
Mesoc srl,Azienda di carpenteria metallica,https://www.mesoc.it/,328 284 7332,"Via Pietro Mascagni, 19",Carovigno,,,https,WordPress,No,Aruba S.p.A.,59,98,85.00,Sì,No
Santoro Nicola,Oleificio,,0831 968410,Contrada Carmine di Sopra,Carovigno,,,,,,,,,,,
Masseria Correo | Azienda Agricola,Azienda agricola biologica,http://www.masseriacorreo.com/,329 006 9087,SP31,Carovigno,,,https,ASP.NET,No,Aruba S.p.A. Network,62,92,100.00,Sì,No
Ebea Sud Ecologia Iaia - Bonifica e Smaltimento Amianto,Servizio di gestione dei rifiuti,https://www.iaiaecologia.it/?utm_source=local&utm_medium=organic&utm_campaign=gmb&utm_content=gmb,0831 991906,"Via Serranova, 11",Carovigno,,,https,WordPress,No,Aruba S.p.A. Network,53,82,92.00,Sì,No
Officine Ciciriello srl,Lavorazione dei metalli,,348 357 8562,"Contrada Curezze, Carosino, TA 74021",Carosino,,,,,,,,,,,
Azienda Agricola - azienda vinicola - L'Essenza di Puglia Carovigno - Brindisi,Azienda vinicola,http://www.essenzadipuglia.it/,335 109 4136,"Contrada Belvedere, V, 1",Carovigno,,info@essenzadipuglia.it,https,Shopify,No,Google LLC,56,61,92.00,Sì,No
"Agricola Sifè, vendita olio extravergine di oliva, miele biologico della riserva di torre guaceto, presidio slow food",Azienda agricola biologica,http://www.agricolasife.it/,349 879 8647,"Via V. Veneto, 95",Carovigno,,info@agricolasife.it,https,Shopify,No,"Cloudflare, Inc.",70,77,100.00,Sì,No
Pugliese Società Cooperativa Agricola - Oleificio Carovigno (Brindisi),Oleificio,https://coopagricolapugliese.it/,0831 991824,Contrada Pagliarulo,Carovigno,,info@coopagricolapugliese.it,https,WordPress,No,Server Plan S.r.l.,50,50,85.00,Sì,No
NUOVA D'ADAMO SRL Macchine Olearie - Fiscoli e Diaframmi per Olifici,Oleificio,http://www.dadamosas.com/contattaci.html,0831 991145,"Via Dr V.I. Cavallo, 30",Carovigno,,dadamomacchineolearie@gmail.com,http,ASP.NET,No,Aruba S.p.A. Network,94,100,100.00,Sì,No
I Buongiorno,Azienda vinicola,https://shop.ibuongiorno.com/,0831 996286,"Corso Vittorio Emanuele, 75",Carovigno,,info@ibuongiorno.it,https,Magento,Sì,"Cloudflare, Inc.",42,87,85.00,Sì,No
Azienda agricola Macchiagrande,Oleificio,http://www.macchiagrande.com/,320 774 8988,strada statale adriatica (ss16) direzione San Vito,Carovigno,,,https,PrestaShop,No,Serverplan S.r.l.,61,44,83.00,Sì,No
Vini Daniele Marinelli Giai vini,Azienda vinicola,,327 828 3478,"C.so Umberto, 168",Carosino,,,,,,,,,,,
Feudo Croce,Azienda vinicola,http://www.tinazzi.it/it/tinazzi/tenute/feudo-croce/,099 592 4445,"Contrada Civitella 2, 74021",Carosino,,info@tinazzi.it,https,Contiki CMS,Sì,Serverplan s.r.l.,68,81,100.00,Sì,No
Autotrasporti Colturi Srl,Azienda di autotrasporti,,340 070 7064,"Via G. Leopardi, 82",Carosino,,,,,,,,,,,
Vintage Market,Negozio di articoli usati,,351 215 0316,"Via Giuseppe Mazzini, 6",Carosino,,,,,,,,,,,
Tenute Salentine,Azienda vinicola,https://www.tenutesalentine.it/,099 590 0431,"Via A. de Gasperi, 10",Carosino,,commerciale@tenutesalentine.it,https,React,Sì,OVH SAS,70,76,85.00,Sì,No
Mondella Cataldo Antonio,Azienda di fornitura del gas,,099 592 5476,"Via Per Monteparano, Carosino, TA 74021",Carosino,,,,,,,,,,,
Zincherie Meridionali,Lavorazione dei metalli,http://www.zincheriemeridionalisrl.it/,099 591 9274,Contrada Curezze,Carosino,,info@zincheriemeridionali.it,https,Shopify,Sì,Server Plan S.r.l.,55,71,100.00,Sì,No
Catanese Srl,Grossista,https://catanesesrl.it/,099 592 4540,via Roma Complanare Nord,Adb Solutions,,catanese-bibite@libero.it,https,WordPress,No,Aruba S.p.A.,41,73,85.00,Sì,No
"Agricola Pietrasanta,vendita olio extravergine pugliese,passata pomodoro fiaschetto Biologica,Torre Guaceto,Carovigno,Puglia",Azienda agricola biologica,https://pietrasantaaltosalento.it/it/,338 163 7917,"Via Don Luigi Sturzo, 60",Carovigno,,info@pietrasantaaltosalento.it,https,PrestaShop,No,Server Plan S.r.l.,47,60,83.00,Sì,No
2 A.M. Dolciaria S.R.L.,Pasticceria,,342 745 1238,"Via G. Puccini, 40",Carosino,,,,,,,,,,,
Bp Milena Arredamenti S.R.L.,Negozio di mobili,,099 592 6422,"C.so Umberto, 227/229",Carosino,,,,,,,,,,,
Azienda Olearia,Produttore,http://www.karpos.it/,333 989 9054,"Via S. Pasquale, 1",Carpignano Salentino,,info@karpos.it,http,WordPress,No,Aruba S.p.A,51,71,92.00,Sì,No
Greco Antonio,Spedizioniere marittimo,,099 591 6054,"Via A. de Gasperi, 115",Carosino,,,,,,,,,,,
Calabro macchine agricole,Fornitore di trattori e macchine agricole,,0836 586529,"Via prov/le Martano-Otranto, snc",Carpignano Salentino,,,,,,,,,,,
Ekuberg Pharma S.u.r.l,Casa farmaceutica,http://www.ekubergpharma.com/,0836 574512,"Via Tito Schipa, 6",Carpignano Salentino,,,https,WordPress,Sì,IONOS SE,54,60,85.00,Sì,No
Frantoio Oleario Sportelli,Oleificio,http://www.frantoiosportelli.it/,099 592 9222,"Via Cavour, 109",Carosino,,,https,React,Sì,WIIT AG,62,82,100.00,Sì,No
Società coop. San Giorgio,Oleificio,http://www.coop-sangiorgio.it/,0836 586007,SP48,Carpignano Salentino,,,https,Ecwid,No,Hetzner Online GmbH,55,73,92.00,Sì,No
Ben.Eco Lavori Generali Srl,Impresa di scavi e demolizioni,http://www.benecosrl.com/chisiamo.html,099 592 5172,"Via Giuseppe Mazzini, 11",Carosino,,info@benecosrl.com,https,React,No,Aruba S.p.A.,79,98,91.00,Sì,No
Azienda Zacheo,Azienda vinicola,http://www.aziendazacheo.it/,0836 580300,"Via I Maggio, snc - Zona Industriale",Carpignano Salentino,,aziendazacheo@gmail.com,https,Shopify,Sì,OVH SAS,70,91,92.00,Sì,No
Tenute Tocci,Azienda vinicola,https://tenutetocci.com/,329 612 4315,"Via G. Puccini, 23D",Carosino,,,https,WordPress,No,Aruba S.p.A. - Cloud Services,57,80,92.00,Sì,No
Villa Luxury | Castro,Villa,,349 283 4786,V. Panoramica,Castro Marina,,,,,,,,,,,
Castro Vini,Azienda vinicola,,347 847 6400,"Via Vittorio Emanuele, 308",Aci Catena,,,,,,,,,,,
Azienda Agricola Cristian Nocco,Azienda agricola biologica,,327 495 1487,"SC S. Domenico, 21",Carpignano Salentino,,,,,,,,,,,
Italbalcanica srl,Azienda di import-export,http://www.italbalcanica.com/,0836 586728,Via I Maggio,Carpignano Salentino,,,https,Shopify,Sì,Aruba S.p.A.,57,55,91.00,Sì,No
AGRITURISMO TENUTA KYRIOS,Agriturismo,http://www.tenutakyrios.it/,334 171 7972,S.P. 147 Borgagne,Carpignano Salentino,,info@tenutakyrios.it,https,Angular,No,Aruba S.p.A. Network,63,81,92.00,Sì,No
Agriturismo Masseria Saittole,Bed & Breakfast,http://www.masseriasaittole.com/,320 579 2947,"Contrada Saittole, SP 147 Martano Borgagne KM3",Carpignano Salentino,,agtmasseriasaittole@gmail.com,https,React,No,Amazon Technologies Inc.,66,87,92.00,Sì,No
Societa' Agricola Valledoro S.R.L.,Fattoria,,099 843 1658,"Via Valentina Tereskova, 70",Castellaneta Marina,,,,,,,,,,,
Nuova Castelvini Coop. S.p.a.,Azienda agricola biologica,,099 849 1041,Via Specchia,Castellaneta,,,,,,,,,,,
Capitan Morgan- Escursioni e Gite in barca a Castro,Agenzia di escursioni in barca,http://www.capitanmorgangiteinbarca.it/,392 556 0122,Via Litoranea Tricase,Castro,,capitanomorgan3@gmail.com,https,Magento,No,Armada WAN,61,89,92.00,Sì,No
Rosa dei Venti Escursioni,Agenzia di escursioni in barca,,338 263 9202,"V. Panoramica, 9",Castro,,,,,,,,,,,
Agricola Ci.Da. Srl.,Azienda agricola biologica,http://agricolacida.it/,099 843 2972,Contrada Sant'Andrea Piccolo,Castellaneta,,angelicalazzaro1989@gmail.com,https,Joomla,No,Netsons Network,71,88,100.00,Sì,No
CASTRO LEGEND CUP - ITALIA X LEGEND,Organizzatore di eventi,http://www.castrolegendcup.it/,371 584 0576,"Via Scalo delle Barche, snc",Castro,,,https,Joomla,No,Aruba S.p.A.,56,65,85.00,Sì,No
Onda Blu Srl,Noleggio barche,https://www.ondablusrl.net/,0836 943516,Via Scalo delle Barche,Castro,,ondablusrl@arubapec.it,https,WordPress,No,Aruba S.p.A. Network,57,76,85.00,Sì,No
Azienda Agricola Cerere,Fattoria,http://agricolacerere.myadj.it/v/agricolacerere,099 843 1923,Contrada Tartarette Strada comunale 132,Castellaneta,,,https,React,No,"Cloudflare, Inc.",76,93,92.00,Sì,No
Masseria Fruttirossi srl,Grossista di frutta,https://lomesuperfruit.com/,099 964 7688,Contrada Terzo Dieci snc,Castellaneta,,,https,Shopify,Sì,Aruba S.p.A. Network,56,91,83.00,Sì,No
Spazio Enel Partner Castellaneta,Azienda fornitrice di energia elettrica,,099 953 1046,"Via Roma, 56",Castellaneta,,,,,,,,,,,
Martinucci Laboratory Castro,Gelateria,https://www.martinuccilaboratory.it/,0836 010633,"Piazza Dante, 9",Castro,,info@martinuccilaboratory.it,https,WordPress,Sì,Netsons Network,67,61,100.00,Sì,No
Masseria Giamarra,Agriturismo,http://www.masseriagiamarra.it/,329 577 0996,Strada Provinciale 48 Martano-Otranto 130,Carpignano Salentino,,info@masseriagiamarra.it,https,Joomla,No,Aruba S.p.A.,56,69,85.00,Sì,No
Zaminga Recuperi,Servizio di gestione dei rifiuti,https://zamingarecuperi.it/,0836 580218,"Strada Vicinale Dietro Il Cimitero, Km 0/5",Carpignano Salentino,,,https,Shopify,Sì,Server Plan S.r.l.,49,84,92.00,Sì,No
San Rocco Escursioni,Agenzia di escursioni in barca,https://www.sanroccoescursioni.com/,351 758 5397,"Via Scalo delle Barche, snc",Castro,,sanroccoescursioni@gmail.com,https,WordPress,No,"Akamai Technologies, Inc.",52,59,100.00,Sì,No
Perfido Filippo,Azienda vinicola,,099 844 7482,"Via Salvatore Quasimodo, 1",Castellaneta,,,,,,,,,,,
De Biasi Azienda Agricola Micologica del Dott. William,Azienda agricola biologica,http://www.fungochampignon.com/,346 150 5190,Sp22 Contrada Trio I°,Castellaneta,,,https,WordPress,Sì,Google LLC,84,99,100.00,Sì,No
Azienda Agrituristica B&B La Torre,Alloggi al coperto,https://aziendaagrituristicabblatorre.traveleto.com/,320 556 7520,Via Umberto I,Vignacastrisi,,,https,React,No,"Cloudflare, Inc.",56,77,92.00,Sì,No
In Barca Nel Salento,Agenzia di escursioni in barca,https://www.inbarcanelsalento.it/,392 556 0120,Porto Nuovo,Castro Marina,,info@inbarcanelsalento.it,https,Magento,No,Armada WAN,42,92,92.00,Sì,No
Macelleria Aziendale Produzione Propria,Macelleria,,0831 376652,"via Turco Camarda, 29 Contrada Fragnite",Ceglie Messapica,,,,,,,,,,,
Imiel A&G srl,Negozio di forniture elettriche,,0831 380579,"Via degli Emigranti, 20",Ceglie Messapica,,,,,,,,,,,
Olio Pavone,Oleificio,http://www.oliopavone.it/,099 849 3959,"Strada Provinciale 13, km. 1.2",Castellaneta,,,https,React,No,Google LLC,61,87,83.00,Sì,No
Tocchi di Puglia,Agriturismo,http://www.tocchidipuglia.it/,327 342 8442,SP10,Castellaneta Marina,,info@tocchidipuglia.it,https,Shopify,Sì,Netsons s.r.l.,69,73,85.00,Sì,No
Azienda Agricola Ruggiero - Lavori agromeccanici per contoterzi,Servizio agricolo,,331 639 1107,"Via, Via S. Vito",Ceglie Messapica,,,,,,,,,,,
Azienda Agricola Biologica Campobasso Marco,Azienda agricola biologica,http://www.tenutadilagodanice.it/homepage.html,329 125 1629,Via ctr. Orsanese,Castellaneta Marina,,,https,ASP.NET,No,OVH SAS,56,65,82.00,Sì,No
"Masseria Fragnite - Azienda Agricola: Formaggi, Carni, Salumi, prodotti da forno e Verdure.",Caseificio,https://www.fragnite.it/,0831 376365,"Via Ceglie, 102",Ostuni,,info@fragnite.it,https,React,Sì,Aruba S.p.A. Network,36,52,82.00,Sì,No
SOCIETÀ AGRICOLA VIVAI FATIGUSO SRL,Vivaio,,099 843 0362,"Cicciariello, 261",Castellaneta Marina,,,,,,,,,,,
C.A.A. srl,Azienda di costruzioni metalliche,http://www.caasrl.it/,099 844 2601,"Contrada Specchia, 415",Castellaneta,,info@caasrl.it,https,React,Sì,Servereasy Italy,48,52,54.00,Sì,No
Messapica Inerti S.R.L. Unico Socio,Fornitore di materiali da costruzione,,0831 382341,Contrada Beneficio,Ceglie Messapica,,,,,,,,,,,
Oleificio Ligorio Srl,Oleificio,https://www.oleificioligorio.it/,0831 384879,SP24,Ceglie Messapica,,info@oleificioligorio.it,https,Joomla,Sì,Server Plan S.r.l.,45,44,100.00,Sì,No
Gallone Cosimo Damiano,Servizio agricolo,,0831 380862,"1, Via Scuole Pie, Ceglie Messapica, BR 72013",Ceglie Messapica,,,,,,,,,,,
la Lattoria - Azienda Agricola Melcarne,Fattoria,,328 652 6480,S.S. 275 Km 31,Gagliano del Capo,,,,,,,,,,,
Azienda Agricola Mastro,Azienda agricola biologica,,333 578 7522,"Via Ceglie, Via Martina Franca",Ceglie Messapica,,,,,,,,,,,
Cioccolato Vitale,Fabbrica di cioccolato,https://cioccolatovitale.com/,0831 377354,Via Francavilla km 0.500,Ceglie Messapica,,info@cioccolatovitale.com,https,Joomla,Sì,Aruba S.p.A,57,70,83.00,Sì,No
Melcarne Gianfranco,Commercialista,,0833 548578,"Via Municipio, 6",Castrignano del Capo,,,,,,,,,,,
Azienda Agricola Tomari,Attrazione turistica,https://aziendagricolatomari.it/,329 611 5487,Str. Vicinale Semaforo,Castrignano del Capo,,info@aziendagricolatomari.it,https,WordPress,No,Google LLC,56,69,100.00,Sì,No
Masseria Seppunisi,Caseificio,https://www.masseriaseppunisi.it/,371 196 9639,"via Galante Gargiulo - G.Nisi, 66",Ceglie Messapica,,info@masseriaseppunisi.it,https,React,No,Aruba S.p.A. Network,56,79,73.00,Sì,No
FOGLIANTICA - AZIENDA AGRITURISTICA,Agriturismo,https://www.fogliantica.com/,331 418 7916,Via Ceglie-martina,Ceglie Messapica,,fogliantica@gmail.com,https,Shopify,No,"Cloudflare, Inc.",54,55,100.00,Sì,No
Tecnomat,Negozio di materiali da costruzione,,02 8390 5463,Via Vecchia S. Donato,Cavallino,,,,,,,,,,,
Mondo Convenienza Cavallino (LECCE),Mobiliere,,06 91515,"SS 16, snc",Cavallino,,,,,,,,,,,
Zio Pasquale S.R.L.,Produttore di alimentari,http://ziopasquale.it/,339 653 6685,"Via 2 Giugno, sn",Zona Industriale,,info@ziopasquale.it,https,React,Sì,Server Plan S.r.l.,51,35,92.00,Sì,No
Caseificio san lazzaro / s.i.p.a. srl,Ufficio aziendale,https://caseificiosanlazzaro.it/,0832 614579,"Via Federico II, 7a",Cavallino,,,https,React,No,"Cloudflare, Inc.",98,99,100.00,Sì,No
GFA Alimentari,Alimentari,https://www.gfaalimentarisrl.it/,099 844 1408,Via della Stazione,Castellaneta,,gfaalimentari@libero.it,https,React,No,Netsons s.r.l.,38,59,100.00,Sì,No
Pellegrino SRL,Fornitore di prodotti alimentari,http://pellegrinofood.com/,0832 611439,"Via Federico II, 9",Cavallino,,,https,Angular,No,Netsons s.r.l.,75,93,92.00,Sì,No
Caseificio Gallone,Caseificio,https://caseificiogallone.com/,0831 198 5370,Scuole Pie Amato,Ceglie Messapica,,,,Joomla,Sì,Servereasy Srl,60,72,92.00,Sì,No
Agriturismo Serine,Agriturismo,http://www.agriturismoserine.it/,0833 751337,Via S. Giuseppe,Castrignano del Capo,,info@agriturismoserine.it,https,WordPress,Sì,Server Plan S.r.l.,30,76,85.00,Sì,No
Mattia Ruberto - Web Marketing Manager,Consulente di marketing,,348 117 7643,"Via Pesaro, 62",Castrignano del Capo,,,,,,,,,,,
Euroffice Distribution S.r.l.,Negozio di forniture per ufficio,https://www.eurofficelecce.it/,0832 611371,"Via Antonio Rosario Miglietta, 86",Cavallino,,info@eurofficelecce.it,https,Shopify,No,Microsoft Corporation,56,90,83.00,Sì,No
GAM FOOD SERVICE srl,Grossista,,0832 652800,Via Beatrice Acquaviva d'Aragona,Cavallino,,,,,,,,,,,
Carni Fresche,Macelleria,,0832 612777,"P.za Sigismondo Castromediano, 29",Cavallino,,,,,,,,,,,
Happy Casa Store Cavallino,Casalinghi,,0832 611427,"Centro Commerciale di Cavallino, SS 16",Maglie,,,,,,,,,,,
Spazio Enel Partner - Cavallino (Centro Commerciale),Azienda fornitrice di energia elettrica,,0832 098123,"O CENTRO COMMERCIALE, SS 16, KM - C",Cavallino,,,,,,,,,,,
Ditta Antonio calo’,Fruttivendolo,http://www.ortofruttasalento.it/,347 775 0791,"Via Lizzanello, 189",Cavallino,,info@ortofruttasalento.it,https,Shopify,No,Aruba S.p.A.,60,73,85.00,Sì,No
azienda agricola stefanelli,Oleificio,,366 950 6287,"SP192, 115",Castrignano del Capo,,,,,,,,,,,
Autotrasporti Cappilli Donato,Azienda di autotrasporti,http://www.cappillitrasporti.it/,329 222 3754,"Via Marsala, 12",Cavallino,,,https,WordPress,No,Google LLC,57,84,61.00,Sì,No
gravina impianti srl,Azienda fornitrice di energia elettrica,http://www.gravinaimpianti.it/,0832 612020,"Via Gaetano Salvemini, 13",Cavallino,,info@gravinaimpianti.it,http,ASP.NET,No,Aruba S.p.A. Network,83,97,92.00,Sì,No
frantoio oleario di Antonio Cisternino,Oleificio,,347 714 0002,"C.da DUE trappeti, 7",Ostuni,,,,,,,,,,,
La Nicchia,Negozio di alimentari,,080 897 5713,"Via Monte la Croce, 35",Cisternino,,,,,,,,,,,
Talia Design Lab,Azienda di confezionamento,https://www.taliadesignlab.com/,334 668 7846,"Sp 16, 5 c.da cappella vecchia, km 0",Ceglie Messapica,,taliadesignlab@gmail.com,https,Wix,No,Google LLC,64,91,100.00,Sì,No
Itria S.R.L. Ingrosso Alimentari,Negozio di alimentari all’ingrosso,,080 444 2914,"Via Leonardo Da Vinci, 17",Cisternino,,,,,,,,,,,
CHEMICAL INDUSTRY - Produttori e distributori di detergenti professionali e detersivi alla spina,Fornitore di prodotti per la pulizia,http://www.chemicalindustry.it/,348 794 7633,"Via Santa Caterina da Siena, 14",Gagliano del Capo,,amministrazione@chemicalindustry.it,https,React,No,Aruba S.p.A. Network,47,60,100.00,Sì,No
Azienda Agricola  Il Cavallino,Oleificio,http://www.ilcavallino.it/,0586 677383,"Via del Paratino, 43",Bibbona,,info@ilcavallino.it,https,ASP.NET,No,SEEWEB s.r.l.,37,49,100.00,Sì,No
Decathlon Cavallino,Negozio di articoli sportivi,,0832 159 2295,SS 16,Cavallino,,,,,,,,,,,
CAVI,Negozio di alimentari,,080 444 8984,"SP9, 14",Cisternino,,,,,,,,,,,
Loco - vini artigianali,Azienda vinicola,http://www.locovini.com/,328 125 6058,"Via Madonna del Soccorso, 91",Cisternino,,vittorio_pugliese@hotmail.it,https,Basekit,No,Aruba S.p.A.,56,67,100.00,Sì,No
Giannuzzi Srl,Industria aeronautica e aerospaziale,http://www.giannuzzisrl.com/,0832 614657,"Via Federico II, 22",Cavallino,,info@giannuzzisrl.com,https,WordPress,Sì,OVH ISP,78,98,92.00,Sì,No
Molino Punzi,Mulino per macinare il grano,http://old.comunecisternino.it/dettagli.aspx?c=57&sc=30&ssc=36&id=333&tbl=contenuti,080 444 9977,"Via Cristoforo Colombo, 8",Cisternino,,segnalazioni@comune.cisternino.br.it,http,React,Sì,Simply Transit Ltd,48,50,75.00,Sì,No
Azienda Agricola Gioia Maria - Olio extra vergine di oliva,Azienda di import-export,http://www.oliofaniglione.it/,330 840 434,"SP Gravina di Castro, 93",Cisternino,,info@oliofaniglione.it,https,WordPress,No,Aruba S.p.A.,69,92,92.00,Sì,No
ITRIAFARMA,Produzione e lavorazione materie plastiche,http://www.itriafarma.com/,080 222 3594,"Contrada Calongo, 70",Montanaro,,info@itriafarma.com,https,Angular,No,"Automattic, Inc",56,81,92.00,Sì,No
Consoli S.r.l,Azienda di import-export,https://consolisrl.it/,080 240 1552,"Contrada Abate Mauro, 45",Cisternino,,,https,React,Sì,Aruba S.p.A.,42,60,69.00,Sì,No
Zaccaria Emanuele,Servizio di distribuzione,http://www.zaccariathermo.it/,080 444 8246,"Via Eroi del Mare P. Zaccaria, 30",Cisternino,,info@zaccariathermo.it,http,ASP.NET,No,Aruba S.p.A. Network,100,100,82.00,Sì,No
Upal Cantina e Oleificio Sociale,Azienda vinicola,https://cantineupal.it/,080 444 8150,"Via Fasano, 150",Cisternino,,info@cantineupal.it,https,Shopify,Sì,Keliweb S.R.L,50,43,77.00,Sì,No
Bios - Soluzioni Informatiche di A.Pizzolante,Azienda informatica,http://www.bios-soluzioni.com/,340 611 6426,"Via Giulio Cesare, 28",Castrignano del Capo,,info@bios-soluzioni.com,https,WordPress,No,Aruba S.p.A.,60,0,100.00,Sì,No
Spazio Enel Partner Castrignano del Capo,Azienda fornitrice di energia elettrica,https://hydeale.it/spazi-vendita/spazio-enel-partner-castrignano-del-capo/?utm_source=google&utm_medium=GMBSitelink&utm_campaign=GMBSitelink_Castrignano_del_Capo_0APP,0833 186 4837,"Via Cesare Battisti, 17",Castrignano del Capo,,,,WordPress,Non trovato,Server Plan S.r.l.,56,72,50.00,No - Pagina Non Trovata (404),No
Cantina Sociale Cellinese,Azienda vinicola,https://www.cantinacellinese.it/,0831 619100,"Via S. Pietro, 204",Cellino San Marco,,info@cantinacellinese.it,https,React,No,COLT Internet IT,62,66,83.00,Sì,No
Compagnia Mediterranea del Vino S.r.l.,Azienda vinicola,,0831 619965,"Via Rafi, snc",Cellino San Marco,,,,,,,,,,,
Azienda Sanitaria Locale Brindisi,Servizi medici locali,,0831 670202,"Via A.De Viti De Marco, 56",Cellino San Marco,,,,,,,,,,,
GreenPower Italia SpA,Azienda fornitrice di energia elettrica,,800 736 670,"Via Nazario Sauro, 11",Cellino San Marco,,,,,,,,,,,
Officine D'Amico Srl,Ditta specializzata in recinzioni,http://www.officinedamico.com/,080 444 7463,"Contrada Pico, 30",Cisternino,,,https,WordPress,Sì,Aruba S.p.A.,67,90,85.00,Sì,No
Salento Bevande srl,Distributore di birra,https://www.salentobevande.it/,327 792 3901,"Via S. Marco, 141",Cellino San Marco,,salentobevandesrl@gmail.com,https,WordPress,Sì,Netsons s.r.l.,65,96,100.00,Sì,No
Agroalimentare Donna Teresa Societa Agricola A Responsabilita Limita,Fattoria,,0831 617727,Contrada Chiurizzi,Cellino San Marco,,,,,,,,,,,
Cantine Due Palme,Azienda vinicola,http://cantineduepalme.wine/,0831 617865,"Via S. Marco, 130",Cellino San Marco,,info@cantineduepalme.it,https,React,Sì,Aruba S.p.A.,52,46,92.00,Sì,No
Meccanica Collepassese,Officina per lavorazioni metalliche,,0833 345504,"Via Giuseppe Mazzini, 85",Collepasso,,,,,,,,,,,
Vini De Marco,Azienda vinicola,,351 685 2333,"Via Giuseppe di Vittorio, 59",Cellino San Marco,,,,,,,,,,,
Simel Group,Azienda di energia solare,http://www.simelgroup.it/,0831 617494,"SP75, 111",San Pietro Vernotico,,commerciale@simelimpianti.eu,https,WordPress,No,Server Plan S.r.l.,57,67,92.00,Sì,No
Design Studio srl - MANIFATTURE DEL LUSSO,Produzione e ingrosso abbigliamento,http://designstudiosrl.com/,0831 217404,"Via Foggia, 30",Cellino San Marco,,info@designstudiosrl.com,https,WordPress,No,"Amazon.com, Inc.",57,72,100.00,Sì,No
Spazio Enel Partner Collepasso,Azienda fornitrice di energia elettrica,,0833 169 4305,"Piazza Dante Alighieri, 24",Collepasso,,,,,,,,,,,
S&G S.r.l.,Calzaturificio,,360 814 814,Zona Industriale Tronco C,Collepasso,,,,,,,,,,,
Cantine Semeraro,Azienda vinicola,http://www.cantinesemeraro.it/,348 279 7370,"Via Brindisi, 97",Cisternino,,,,ASP.NET,Non trovato,"Cloudflare, Inc.",56,0,92.00,Stato Non Determinato,No
Spazio Enel Partner Cisternino,Azienda fornitrice di energia elettrica,http://www.carolielettronica.it/?utm_source=google&utm_medium=GMBSitelink&utm_campaign=GMBSitelink_Cisternino_68F,080 995 5350,"Via Domenico Cirillo, 200",Cisternino,,info@carolielettronica.com,https,Shopify,Sì,OVH SAS,57,76,100.00,Sì,No
Olio Arsieni,Azienda di imbottigliamento dell'olio di oliva,http://www.olioarsieni.it/,347 306 6666,"Via Nazario Sauro, 5",Cellino San Marco,,info@olioarsieni.it,https,React,No,Aruba S.p.A.,61,59,91.00,Sì,No
Autonoleggio Ghiblauto S.r.l.,Agenzia di noleggio auto,,389 788 4690,"Via Agostino Pomarico, 9",Collepasso,,,,,,,,,,,
Masseria Li Veli,Azienda vinicola,https://www.liveli.it/,0831 618259,"S.P. Cellino-Campi, Km 1",Cellino San Marco,,info@liveli.it,https,WordPress,Sì,Albedo S.r.l.,56,79,92.00,Sì,No
TECNOLAB Snc di L. Serra e F. Arnò,Azienda informatica,,0833 341093,"Via Cesare Battisti, 11",Collepasso,,,,,,,,,,,
Molino Castellana,Produttore di alimenti,,338 321 8816,Via Leonardo da Vinci,Collepasso,,,,,,,,,,,
Tecneco Filtri S.R.L.,Produttore,https://www.tecneco.it/catalogonline.htm,0833 345304,"S.P. 361 km 11, Collepasso, LE 73040",Collepasso,,,https,React,Sì,Seflow S.N.C. Di Marco Brame' & C.,39,63,42.00,Sì,No
Autotrasporti Fornelli Silvio - Deposito,Azienda di autotrasporti,,336 842 880,Via Giovanni Giolitti,Collepasso,,,,,,,,,,,
Cooperativa Rinascita Agricola A R.L.,Oleificio,,0833 345538,"SP361, 257",Collepasso,,,,,,,,,,,
Caseificio Laco Lat S.r.l.,Caseificio,,099 616963,"Via S. Pio da Pietrelcina, 18",Crispiano,,,,,,,,,,,
Cantina Lama di Rose,Azienda vinicola,,099 611149,"Via Niccolò Paganini, 4",Crispiano,,,,,,,,,,,
Salento Distribuzione,Negozio di alimentari all’ingrosso,https://www.salentodistribuzione.it/,0833 595423,"Tronco, 24",Collepasso,,commerciale@salentodistribuzione.it,https,WordPress,Sì,Hetzner Online GmbH,56,84,100.00,Sì,No
Branca - atipicità del Salento,Produzione e commercio surgelati,http://www.brancagel.it/,0833 513779,Zona Industriale Tronco C,Collepasso,,info@brancagel.it,https,Shopify,No,Google LLC,56,84,92.00,Sì,No
Calzaturificio Aldopar Srl,Grossista,https://www.aldopar.com/,370 123 7450,Zona Industriale Tronco C,Collepasso,,davideparrotto@aldopar.com,https,Squarespace,No,"Squarespace, Inc.",56,81,92.00,Sì,No
Progetto Verde Servizi srl,Paesaggista,http://www.progettoverdeservizi.it/,333 561 9794,"Via Ugo Bassi, 99",Collepasso,,,https,Wix,No,Google LLC,75,97,100.00,Sì,No
Nuove Dimensioni,Bar,,380 470 8337,"Via Gramsci, 10",Crispiano,,,,,,,,,,,
M.V. Spaccio Carni,Macelleria,,388 464 6649,"Via Principe di Piemonte, 230",Collepasso,,,,,,,,,,,
On Top Srl,Grossista di articoli per l'igiene personale,,339 476 0230,"Via Pentima Rossa, 56",Crispiano,,,,,,,,,,,
Le Vigne di Sammarco,Azienda vinicola,http://www.levignedisammarco.it/,0831 617776,"Via N. Tommaseo, 15/19",Cellino San Marco,,contatti@levignedisammarco.com,http,Joomla,No,Aruba S.p.A. Network,55,62,92.00,Sì,No
"Qualitalia Puglia, Srl",Negozio di prodotti alimentari all'ingrosso,http://www.viarafi1.it/,0831 617872,"Via Raffaele Iozzino, 10",Cellino San Marco,,info@viarafi1.it,https,Shopify,No,Server Plan S.r.l.,55,53,85.00,Sì,No
A.P. Impianti Srl,Fornitore di impianti industriali,,099 964 6371,"Via Tevere, 6",Crispiano,,,,,,,,,,,
Tub.Ge. Figlie Caniati Srl,Falegname,,099 613405,"Masseria Lezza, Crispiano, TA 74012",Crispiano,,,,,,,,,,,
Prodise s.r.l,Fornitore di finestre,https://www.prodise.it/,099 616940,"Via Taranto Zona Industriale, SP48",Crispiano,,,https,Shopify,Sì,GD MASS Network,63,88,85.00,Sì,No
Climatec Srl Assistenza Caldaie,Ditta specializzata in impianti di riscaldamento,https://www.climatec.info/,351 887 1379,"Corso Umberto I, 280",Crispiano,,assistenza@climatec.info,https,Joomla,No,Netsons s.r.l.,60,79,83.00,Sì,No
ACQUAPURISSIMA,Agenzia per il noleggio di attrezzature,https://www.acquapurissima.it/,800 990 935,"Via F. Baracca, 3",Crispiano,,,https,WordPress,No,Netsons Network,67,93,100.00,Sì,No
Edil Comm s. r. l.,Fornitore di materiali da costruzione,,099 811 0031,Via montemerlo s.n.c,Crispiano,,,,,,,,,,,
Agricola Lomuto,Azienda agricola biologica,,371 162 9697,Via Re Galantuomo,Copertino,,,,,,,,,,,
Salco Erbe Del Dr. Colazzo Salvatore,Produttore,http://www.salcoerbe.it/,0833 346103,"Via Ugo Bassi, 107",Collepasso,,info@salcoerbe.it,https,WordPress,No,SEEWEB s.r.l.,60,68,92.00,Sì,No
Allegrini Confezioni,Azienda di confezionamento,,392 959 2799,"Via G. Galilei, 85",Cellino San Marco,,,,,,,,,,,
Cantina Cooperativa S.Giuseppe Da Copertino-Soc.Coop. A.R.L.,Azienda vinicola,,0832 947041,Via Galatina,Copertino,,,,,,,,,,,
La Nuova Masseria Francesca srl Turismo Rurale,Ristorante,,388 452 9867,"Masseria Francesca, 137/A, contrada Cigliano",Crispiano,,,,,,,,,,,
F.lli Pertoso SRL,Ferramenta,https://shop.latuaferramenta.com/,0831 619260,"Via Europa, 24",Cellino San Marco,,info@latuaferramenta.com,https,PrestaShop,No,WHG Hosting Services Ltd,0,59,92.00,Sì,No
Centro Bibite Argese S.R.L.,Grossista di acqua minerale,https://www.argesewinespirits.it/,099 612665,"C.da Alezza, 33, 74012",Crispiano,,info@argesewinespirits.it,https,WordPress,Sì,Aruba S.p.A.,55,39,92.00,Sì,No
3g Energie,Azienda di costruzioni metalliche,,099 400 0302,"Via Pezza Franca, Crispiano, TA 74012",Crispiano,,,,,,,,,,,
Tecnocons Srl,Automazione e robotica,http://www.tecnocons.com/,099 811 4408,"Corso Vitt. Emanuele III, 133",Crispiano,,,https,Shopify,No,"Cloudflare, Inc.",47,89,100.00,Sì,No
ASL Le,Fattoria,,0832 930405,Via Don Luigi Sturzo,Copertino,,,,,,,,,,,
Azienda Vivaistica Commercio Piante di Francesco Cipressa,Vivaio,,339 758 3794,Via Bengasi,Copertino,,,,,,,,,,,
Copertino Multiservizi,Servizio di gestione dei rifiuti,,0832 934445,"Via Re Galantuomo, 28",Copertino,,,,,,,,,,,
EASY HOME S.R.L.S. Domotica&Sound.Intellectual & Industrial Property of Italy.,Ufficio aziendale,,099 616096,"Via Vittorio Veneto, 12",Crispiano,,,,,,,,,,,
Tenuta Annibale,Azienda vinicola,http://www.tenutaannibale.it/,320 214 4074,Prov.le Copertino - S. Isidoro,Copertino,,info@tenutaannibale.it,https,React,No,Contabo GmbH,63,56,73.00,Sì,No
Azienda Agricola Masseria Bianca,Azienda agricola biologica,,392 148 6751,"contrada Padulano di sotto, D, Via Martiri d'Otranto",Corigliano D'otranto,,,,,,,,,,,
Azienda Agricola Miggiano Daniel,Grossista di frutta e verdura,,339 177 0173,Via Case Sparse,Corigliano d'Otranto,,,,,,,,,,,
Al Vecchio Mulino di GIANNACHI Andrea,Mulino,,338 359 6849,"Via Padulana, 34",Corigliano D'otranto,,,,,,,,,,,
FANULI srl e SOTEC srl,Elettricista,,0832 932086,"Via Grottella, 0",Copertino,,,,,,,,,,,
Contrada Caddizze,Azienda agricola biologica,,329 615 2631,"SS16, 73022",Corigliano D'otranto,,,,,,,,,,,
Azienda Vitivinicola Marulli,Azienda vinicola,http://www.vinimarulli.com/,0832 932821,"Via Grottella, 155",Copertino,,,https,WordPress,Sì,Aruba S.p.A.,54,46,92.00,Sì,No
Dermasin S.R.L.,Industria cosmetica,https://www.salentumiprofumi.com/,0833 341449,"Zona industriale, snc",Collepasso,,info@salentumiprofumi.com,https,WordPress,No,Google LLC,62,88,100.00,Sì,No
Oleificio Ciccarese - Produzione e Vendita Olio EVO estratto a freddo,Oleificio,https://oleificiociccarese.it/,333 142 8234,Via Est Nardo’ Loc,Li Tumi,,info@oleificiociccarese.it,https,Shopify,No,Aruba S.p.A. Network,66,94,92.00,Sì,No
Azienda Agricola Mollone,Caseificio,http://www.agricolamollone.com/,388 836 1218,"Contrada, Via Galatina, Via Mollone, snc",Copertino,,,https,WordPress,No,Aruba S.p.A.,96,99,100.00,Sì,No
Agri Fito Service Srl,Rivenditore di macchinari per il giardinaggio,,0836 309845,"Via Pozzo, 70",Corigliano d'Otranto,,,,,,,,,,,
SIMAT s.r.l,Fornitore di attrezzature,,0836 329341,"Zona P.I.P. Art.le lotti 31-33 Corigliano D'Otranto lotti 31, 33",Corigliano d'Otranto,,,,,,,,,,,
Azienda Agricola La Nova - Nestola,Azienda agricola biologica,,0836 523006,"Unnamed Road, 73043",Copertino,,,,,,,,,,,
Pastificio Abatianni,Produttore di alimenti,http://www.abatianni.it/,0836 329020,"Zona Artigianale, 16-13",Corigliano D'otranto,,,http,React,No,Register.IT S.p.A,94,100,82.00,Sì,No
Fusaro Metalli & Prefabbricati,Fornitore di finestre,https://www.fusarometalli.com/,339 201 9196,"Via Enzo Ferrari, 2",Copertino,,fusarometalli@gmail.com,https,WordPress,No,Aruba S.p.A.,59,78,83.00,Sì,No
Russo Autoservizi Di Emanuele Russo,Noleggio di autobus,,339 254 8766,"Via S. Domenico Savio, 2",Corigliano D'otranto,,,,,,,,,,,
Cristal Srl,Magazzino all'ingrosso,http://www.cristalsrl.com/,338 483 4699,"Via Roberto il Guiscardo, 11",Copertino,,info@gresandglass.it,https,WordPress,No,Genesys Informatica S.r.l.,60,80,92.00,Sì,No
Nova Tecnos,Negozio,,0836 320203,"SP33, 154",Corigliano d'Otranto,,,,,,,,,,,
Frantoio oleario bleve antonio,Oleificio,,349 893 0441,Via S. Luigi,Corsano,,,,,,,,,,,
L'EDILANCHORA S.R.L.,Società di ingegneria civile,http://ledilanchora.it/,0836 190 5142,"Via Umberto I, 04",Corigliano d'Otranto,,segreteria@ledilanchora.it,https,WordPress,No,Aruba S.p.A. Network,87,94,75.00,Sì,No
Azienda agricola Mele Stefania,Grossista di frutta e verdura,https://www.aziendaagricolamelestefania.it/,392 220 0183,Corigliano d'otranto Via case sparse,masseria montano,,melestefania78@gmail.com,https,ASP.NET,No,Aruba S.p.A. Network,0,97,92.00,Sì,No
LATO,Negozio di elettrodomestici,http://www.latosrl.it/,0836 320001,"SS 16 Km 977, 5",Corigliano D'otranto,,latosrl@pec.it,https,WordPress,No,Aruba S.p.A.,66,98,92.00,Sì,No
Beman S.r.l.,Grossista,,0833 533240,"Via V. Emanuele III, 166",Corsano,,,,,,,,,,,
Corsano Salvatore,Lavorazione dei metalli,,0833 554178,"Via Brindisi, 47",Ugento,,,,,,,,,,,
CORSANO ARREDAMENTI,Designer d'interni,,0832 242510,"Via di Casanello, 45",Lecce,,,,,,,,,,,
SISMALAB Srl,Laboratorio,http://www.sismalab.it/,099 811 0037,"SP48, 5",Crispiano,,segreteria@pneoilgroup.it,https,WordPress,Sì,Google LLC,48,35,85.00,Sì,No
Cupertinum,Azienda vinicola,http://www.cupertinum.it/,0832 947031,"Via Martiri del Risorgimento, 6",Copertino,,info@cupertinum.it,https,WordPress,Sì,Aruba S.p.A. Network,42,87,100.00,Sì,No
Masseria Sant'Angelo,Agriturismo,http://www.masseriasantangelo.it/,0836 320575,Case Sparse Sant'Angelo,Corigliano d'Otranto,,masseriasantangelo@gmail.com,https,Joomla,Sì,Hetzner Online GmbH,42,70,92.00,Sì,No
Free Energy s.r.l.,Azienda fornitrice di energia elettrica,https://www.freenergy.it/,0833 533386,"Piazza Umberto I, 5",Corsano,,info@freenergy.it,https,WordPress,Sì,Server Plan S.r.l.,37,49,100.00,Sì,No
Olio La Scala,Azienda agricola biologica,https://www.oliolascala.it/,0833 531805,"Via XXI Aprile, 38",Corsano,,,https,WordPress,No,"Cloudflare, Inc.",79,82,85.00,Sì,No
Trebì Case Vacanza Corsano,Appartamenti,,327 621 0063,"Via Po, 42",Corsano,,,,,,,,,,,
La Guardiola - Marina di Corsano,Bar,,334 244 1620,Contrada Guardiola,Marina di Corsano,,,,,,,,,,,
La Rosa Rossa Di Bisanti Lucia,Vivaio,,0833 531517,"Via V. Emanuele III, 7",Corsano,,,,,,,,,,,
Tecnauto,Automazione e robotica,http://www.tecnauto.eu/,0836 320694,"Piazza Giovanni XXIII, 16",Corigliano d'Otranto,,info@tecnauto.eu,https,WordPress,Sì,Keliweb S.R.L,50,78,92.00,Sì,No
PANIFICIO BISCOTTIFICIO tempi nosci di Ciardo piero,Fornaio,,345 301 1446,"Via Genova, 22",Corsano,,,,,,,,,,,
Alter,Hard discount,,0833 531654,"Via V. Emanuele III, 9",Corsano,,,,,,,,,,,
Ristorante Pietra by Masseria Corsano,Ristorante,,331 756 8988,"strada torsano, 5",Nardò,,,,,,,,,,,
Officine Carra srl,Concessionario di gru,http://www.officinecarra.it/,0836 571464,SS 16 KM 977+170 LATO SX 73022,Corigliano d'Otranto,,info@officinecarra.it,https,WordPress,No,Aruba S.p.A.,57,83,100.00,Sì,No
Mauro Arreda,Produttore,,0833 533161,"Via delľ Artigianato, 14/B",Corsano,,,,,,,,,,,
AGRISERVICE a CURSI di Giannachi Giuseppe,Negozio di prodotti agricoli,,329 007 5519,"VIA CARPIGNANO, 21",Cursi,,,,,,,,,,,
Azienda Agricola Nicola Santoro,Ufficio aziendale,,0836 439528,"Via E. de Amicis, 44",Cursi,,,,,,,,,,,
Sticchi Luigi,Officina autoriparazioni,,0836 331295,"Via Tevere, 75",Cursi,,,,,,,,,,,
Consual Industrie Srl,Fornitore di finestre,http://www.consualindustrie.com/,0836 545005,"Via delle Vigne, 16",Corigliano d'Otranto,,dpo@wordpress.org,https,WordPress,Sì,Aruba S.p.A.,50,60,77.00,Sì,No
Cartidea,Cartoleria,,0836 332551,"Via Vittorio Emanuele, 11",Cursi,,,,,,,,,,,
De Pascali Mario,Impresa di costruzioni,,0836 331570,"Via S. Quasimodo, 20",Cursi,,,,,,,,,,,
De Giovanni Costruttori Srl,Impresa di costruzioni,http://www.dgcostruttori.it/,0833 533390,"1 Zona Industriale, Corsano, Le 73033",Corsano,,info@dgcostruttori.it,https,Joomla,Sì,Hetzner Online GmbH,60,77,100.00,Sì,No
Centro Carni Lanzilotto,Macelleria,,0836 439410,"Via Carpignano, Cursi, Le 73020",Cursi,,,,,,,,,,,
Agri&bike concessionario ECHO-WEIBANG-PASBO-TEKNA-LISAM-HUSQUVARNA AUTOMOWER,Fornitore di trattori e macchine agricole,,327 281 2468,"Via Adige, 8",Cursi,,,,,,,,,,,
Aluisi Srl,Agenzia funebre,https://agenzia.aluisi.it/,330 329 166,"Via Vittorio Emanuele, 109",Cursi,,info@aluisi.it,https,Joomla,Sì,Netsons s.r.l.,59,93,92.00,Sì,No
Costa Salento S.R.L.,Agente immobiliare,http://www.costasalento.com/,0833 533054,"Via Regina Elena, 131",Corsano,,info@costasalento.com,https,Joomla,Sì,Hetzner Online GmbH,66,77,92.00,Sì,No
M.R. Service - Elettronica Auto - GPL e Metano,Officina autoriparazioni,http://www.mrcarservice.it/,0836 306629,"Via Arno, 51",Cursi,,info@mrcarservice.it,https,Shopify,No,Aruba S.p.A. Network,59,82,100.00,Sì,No
Willaria Country House,Alloggi al coperto,http://www.willaria.it/,328 119 4980,Via Ludovico Patrizi,Cursi,,,https,Joomla,No,OVH ISP,73,71,85.00,Sì,No
Cowosud,Spazio di coworking,https://www.topconsultingsrl.it/cowosud/,368 318 7773,"Via Adige, 7",Cursi,,segreteria@topconsultingsrl.it,https,Joomla,No,Aruba S.p.A.,57,84,100.00,Sì,No
Frantoio Fratelli Palma,Oleificio,http://www.frantoiofratellipalma.it/,0836 332535,Via Bagnolo,Cursi,,info@tenutapalma.it,https,WordPress,No,Netsons s.r.l.,68,86,100.00,Sì,No
Euro Delta srl,Soluzioni e attrezzature energetiche,,099 956 1584,"Via Cristoforo Colombo, 89",Fragagnano,,,,,,,,,,,
IsoCasa,Impresa edile,,339 331 6263,Zona p.i.p. n36,Cursi,,,,,,,,,,,
Diman s.r.l.,Magazzino all'ingrosso,https://www.dimancasa.it/,099 956 1128,Via per Torricella Z.I,Fragagnano,,ordini@dimansrl.it,https,OpenCart,Sì,Aruba S.p.A. Network,65,93,75.00,Sì,No
Curvdesign Snc Di Luca E Nico Deta,Fornitore di finestre,,388 932 0643,"Via Melpignano, km 1/00",Cursi,,,,,,,,,,,
Marrocco Luigi,Negozio di alimentari,http://www.tipicosalento.it/,0836 439456,"Via Sele, 8",Cursi,,,https,Angular,No,"Cloudflare, Inc.",92,99,92.00,Sì,No
Rosa del Deserto,Vivaio,https://www.rosadeldeserto.com/,328 665 9813,SP33,Corigliano D'otranto,,info@rosadeldeserto.com,https,WordPress,Sì,Aruba S.p.A. Network,52,37,85.00,Sì,No
Masseria Corsano - Nardò ( Lecce ),Hotel,https://masseriacorsano.com/,0833 570073,"Strada Torsano, 5",Nardò,,info@masseriacorsano.com,https,React,Sì,Hetzner Online GmbH,28,53,100.00,Sì,No
Edil House Srl,Impresa edile,,345 468 7480,"Via per Torricella, ZI",Fragagnano,,,,,,,,,,,
Azienda Agricola Convertino,Fattoria,https://www.aziendaagricolaconvertino.com/,338 870 9780,"Via Guglielmo Oberdan, 1",Fragagnano,,,https,WordPress,Sì,Aruba S.p.A.,62,77,92.00,Sì,No
ISEA S.r.l.,Negozio di segnaletica,http://www.iseasegnaletica.it/,099 956 1651,"S.P. 117 km. 0,100 Zona Industriale",Fragagnano,,,,Joomla,No,Aruba S.p.A,80,99,100.00,Sì,No
Farmacia CorSano,Farmacia,http://www.farmaciacorsano.it/,353 409 6587,"Via Regina Elena, 39",Corsano,,info@farmaciacorsano.it,https,WordPress,No,SEEWEB s.r.l.,55,0,77.00,Sì,No
Frantoio Oleario Nastasia,Oleificio,https://www.frantoionastasia.it/,099 956 1033,"Via Taranto-Lecce, 21",Fragagnano,,frantoionastasiasca@gmail.com,https,WordPress,No,Aruba S.p.A. Network,49,66,100.00,Sì,No
Ned Generators,Soluzioni e attrezzature energetiche,http://www.nedgenerators.com/,099 956 1799,"strada, Strada Statale 7ter, 91",Fragagnano,,export@nedgenerators.com,https,Shopify,Sì,Google LLC,44,46,83.00,Sì,No
Pietra Leccese Tarantino,Produttore,https://www.lapietraleccese.it/,348 098 8040,"Via Serpentane, 13",Cursi,,,https,Magento,No,Aruba S.p.A.,82,97,100.00,Sì,No
Pc Center,Negozio di computer,http://www.pccenter.cc/,099 956 4407,"Via Caserma, 7/A",Fragagnano,,,http,ASP.NET,No,Aruba S.p.A. Network,93,99,82.00,Sì,No
Nuova Colì Srl,Negozio di ceramiche,http://www.nuovacoli.it/,0836 545079,Via Prov. le per Corigliano D'Otranto,Cutrofiano,,,https,WordPress,No,Server Plan S.r.l.,90,97,54.00,Sì,No
Le Lame soc. agricola a r.l.,Alimentari,http://www.lelame.it/,340 141 0500,Contrada lame,Cutrofiano,,info@lelame.it,https,WordPress,No,Aruba S.p.A.,61,79,83.00,Sì,No
Cuttalo,Servizio taglio laser,http://www.cuttalo.com/,348 343 1698,SP117,Fragagnano,,info@ideatagliolaser.it,https,WordPress,Sì,OVH SAS,56,55,100.00,Sì,No
Mazza Service Car - Meccatronica,Officina autoriparazioni,https://www.misterautomazza.com/,099 956 1235,"Zona Industriale, Snc",Fragagnano,,mazzaservicecar@libero.it,https,Wix,No,Google LLC,57,78,100.00,Sì,No
Sistea Società Cooperativa,Centro di formazione,http://www.sistea.it/,099 956 1523,"Via per Torricella, Zona Industriale, Lotto 22",Fragagnano,,info@sistea.it,https,WordPress,Sì,Aruba S.p.A.,45,48,85.00,Sì,No
3 esse di caforio salvatore,Azienda di autotrasporti,,393 015 3668,Via Vittorio Alfieri,Fragagnano,,,,,,,,,,,
L'Astore Masseria,Azienda vinicola,http://www.lastoremasseria.it/,0836 542020,"Via Giuseppe di Vittorio, 1",Cutrofiano,,info@lastoremasseria.it,https,React,No,Aruba S.p.A. Network,62,75,92.00,Sì,No
Cantina E Oleificio Coop. Riforma Fondiaria Cutrofiano Srl,Servizio agricolo,,0836 515845,"Via Aradeo, 44",Cutrofiano,,,,,,,,,,,
Agriturismo Piccapane,Agriturismo,https://ecobnb.piccapane.it/,327 845 3459,SP363,Cutrofiano,,booking@piccapane.it,https,React,No,OVH ISP,48,68,100.00,Sì,No
Gruppo Vincenti Srl,Fornitore di attrezzature per l'energia solare,http://www.gruppovincenti.it/,0836 515596,"Via dei Cavamonti, 10",Cutrofiano,,,https,WordPress,No,Aruba S.p.A.,97,100,85.00,Sì,No
Sipre Srl,Negozio di materiali da costruzione,http://www.siprenet.com/,0836 545010,s.p. per Corigliano,Cutrofiano,,,https,Joomla,No,Aruba S.p.A.,57,83,92.00,Sì,No
Coppola Calcestruzzi S.r.l.,Fornitore di materiali da costruzione,,329 179 6060,Via Vecchia per Diso,Diso,,,,,,,,,,,
Ortofrutticola Pugliese Srl,Grossista di frutta e verdura,http://www.ortofrutticolapugliese.it/,0836 512121,"Via Supersano, 59",Cutrofiano,,info@ortofrutticolapugliese.it,https,React,No,"DigitalOcean, LLC",57,63,92.00,Sì,No
Vinicola palamà,Azienda vinicola,http://www.vinicolapalama.it/,0836 542865,"Via Armando Diaz, 6",Cutrofiano,,info@vinicolapalama.com,https,WordPress,Sì,Aruba S.p.A.,57,81,100.00,Sì,No
Portici 1983,Bar,,331 734 1555,Piazza Rimembranza,Diso,,,,,,,,,,,
Caseificio Artigianale Sciacuddri,Caseificio,https://www.salentokm0.com/it/caseificio-artigianale-sciacuddri,333 611 1365,"Cda cafaro, SP278",Cutrofiano,,info@salentokm0.com,https,Shopify,Sì,Serverplan S.r.l.,56,80,100.00,Sì,No
Azienda Agricola Sirgole,Negozio di prodotti agricoli,http://www.nocipecan.it/,333 869 7899,Contrada Sirgole,Cutrofiano,,info@nocipecan.it,http,ASP.NET,No,Aruba S.p.A. Network,100,100,91.00,Sì,No
Pastificio Salento s.r.l.,Produttore di alimenti,http://pastificiosalento.it/,376 079 9133,"Strada Prov, 49",Cutrofiano,,,https,Magento,No,OVH SAS,48,44,85.00,Sì,No
Tenuta Piscopio,Azienda agricola biologica,,347 655 1055,Contrada Piscopio,Cutrofiano,,,,,,,,,,,
I.T.O. srl - Solai Precompressi,Produttore di acciaio,http://www.ito-group.it/,0836 545052,Strada Provinciale Cutrofiano-Corigliano,Cutrofiano,,info@ito-group.it,https,WordPress,No,Aruba S.p.A. Network,55,75,92.00,Sì,No
D'Amore Auto Moto s.n.c-Officina Meccanica-Carrozzeria-Soccorso stradale-Ricambi Auto e Moto-Revisione Auto-Noleggio Auto,Officina autoriparazioni,https://damoreautomoto.it/,320 665 4030,Via Taranto-Lecce,Fragagnano,,info@damoreautomoto.it,https,Shopify,No,Keliweb S.R.L,40,26,75.00,Sì,No
Azienda Agricola Dimaggio Elena,Azienda vinicola,https://www.vinidimaggio.it/,368 726 3172,"Via per Lizzano n°, 5",Fragagnano,,,https,Shopify,Sì,Aruba S.p.A. Network,87,98,100.00,Sì,No
Azienda Olio Febo,Azienda agricola biologica,http://www.aziendaoliofebo.com/,320 048 1636,"Via Calvario, 28",Erchie,,info@aziendaoliofebo.com,https,WordPress,Sì,"Cloudflare, Inc.",37,91,100.00,Sì,No
LaTerradiPuglia - Prodotti tipici pugliesi,Azienda e-commerce,https://shop.laterradipuglia.it/it/,338 859 1106,Piazza Municipio,Cutrofiano,,shop@laterradipuglia.it,https,PrestaShop,No,hosttech GmbH,21,52,83.00,Sì,No
Nuzzo Edilizia s.r.l.,Impresa edile,,0836 920693,Via Molise,Diso,,,,,,,,,,,
Masseria Sole,Caseificio,,0831 763496,"Contrada Sole, ex SS7 Ter., 72020, SP359",Erchie,,,,,,,,,,,
Ape Regina,Azienda avicola,,0831 181 0622,"Unnamed Road, 72020",Erchie,,,,,,,,,,,
I Santi di Diso - Cosmetica Naturale,Industria cosmetica,https://www.isantididiso.it/,328 567 6146,"Via Arenosa, 49",Marittima,,info@isantididiso.it,https,Shopify,No,"Cloudflare, Inc.",56,72,92.00,Sì,No
Scozzi Azienda Agricola,Azienda vinicola,,333 539 9138,"Via Giuseppe Mazzini, 45",Erchie,,,,,,,,,,,
Tecnoenergine - Motori Rigenerati- rettifiche- ricambi,Produttore di ricambi per auto,https://www.tecnoenergine.it/,0836 544304,"Viale delle Tabacchine, 2",Cutrofiano,,info@tecnoergine.it,https,React,Sì,Combell NV,46,50,85.00,Sì,No
Graziano Diso strutture in legno DISO LUXURY DESIGN,Impresa edile,http://www.grazianodiso.com/,338 401 0694,"Via Vecchia di Parabita, 5",Neviano,,info@grazianodiso.com,https,WordPress,No,Server Plan S.r.l.,50,82,100.00,Sì,No
"Rizzato viaggi e turismo, noleggio autobus e minibus.",Azienda di trasporti in autobus,,328 036 3118,"Via dei Mille, 3",Erchie,,,,,,,,,,,
COMEC,Azienda di carpenteria metallica,https://comecpadel.it/,0836 920732,"SP82, 215/0.400 km",Diso,,info@comecpadel.it,https,React,No,Hetzner Online GmbH,47,86,92.00,Sì,No
Heracle Srl - Erchie (Br),Fornitore di fertilizzante,http://www.heracle.it/,0831 177 0811,SS7ter,Erchie,,info@heracle.it,https,React,Sì,Akamai Technologies,57,72,92.00,Sì,No
Cantina Laporta,Azienda vinicola,http://www.cantinalaporta.it/,347 983 0256,"Via Zara, 58",Erchie,,,http,ASP.NET,No,Tiscali Italia SpA,76,98,100.00,Sì,No
Azienda Agricola Fumarola,Fattoria,,080 439 2170,Contrada Pezze Vicine s.n.,Fasano,,,,,,,,,,,
Frantoio Oleario ORTA.VIN.OIL s.r.l.,Azienda agricola biologica,,334 503 4007,Via Vecchia per Lecce,Erchie,,,,,,,,,,,
Ital Bio Energy Società Cooperativa Agricola,Azienda agricola biologica,https://italbioenergy.it/,328 669 0909,"Via V. Alfieri, 36",Erchie,,italbioenergy@gmail.com,https,WordPress,No,SEEWEB s.r.l.,59,83,92.00,Sì,No
Saracino1925,Negozio,https://www.saracino1925.com/,329 007 8646,Via Vecchia per Manduria,Erchie,,info@saracino1925.it,https,Shopify,No,"Cloudflare, Inc.",30,61,92.00,Sì,No
La Cisarella,Oleificio,http://lacisarella.com/,377 390 1575,"Via G. Verdi, 135",Erchie,,clienti@lacisarella.com,https,React,No,Aruba S.p.A.,59,74,92.00,Sì,No
Andrisano srl Progettazione Costruzione e Montaggi Industriali,Lavorazione dei metalli,https://www.andrisanosrl.com/,0831 763228,"Cda Greci, 2",Erchie,,info@andrisanosrl.com,https,React,No,Google LLC,56,77,100.00,Sì,No
Extravergine Savoia - Azienda Agricola Savoia - Tour and olive oil tasting,Agenzia di visite turistiche,http://www.extraverginesavoia.com/,392 005 6513,"Via Case Sparse, 5",Fasano,,info@oliosavoia.com,https,WordPress,Sì,Aruba S.p.A.,52,63,92.00,Sì,No
Saverio Mancini SRL,Oleificio,,080 442 0789,"Via della Chimica, 1",Fasano,,,,,,,,,,,
Oleificio Pantaleo,Oleificio,http://www.pantaleo.it/,080 442 5588,"Via Roma, 341/A",Fasano,,,https,Shopify,Sì,"Cloudflare, Inc.",54,74,85.00,Sì,No
Staa Pompe,Fornitore di impianti industriali,http://www.staapompe.it/,080 442 5841,"Via della Chimica, 30",Fasano,,staapompe@staapompe.com,https,ASP.NET,Sì,"Cloudflare, Inc.",52,65,83.00,Sì,No
Azienda agricola Ruggiero,Azienda agricola biologica,,368 337 1454,C.da conca d'oro,Fasano,,,,,,,,,,,
Oliver srl,Oleificio,https://frantoioliver.it/,348 336 6828,"Via dell'Agricoltura, 2",Fasano,,info@frantoioliver.it,,WordPress,Sì,Tiscali Italia SpA,56,85,85.00,Sì,No
Lafood Group Srl,Ufficio aziendale,http://www.lafood.it/,080 439 1346,"Via della Meccanica, 15",Fasano,,commerciale@lafood.it,https,WordPress,Sì,Server Plan S.r.l.,25,35,77.00,Sì,No
Fasano Tools,Fabbrica di utensili e stampi per le industrie manifatturiere,http://www.fasanotools.com/,0832 362097,"Viale Grecia, 3",Zona Industriale,,info@fasanotools.com,https,Joomla,Sì,Server Plan S.r.l.,38,32,91.00,Sì,No
Azienda Agricola Mezzaria,Azienda agricola biologica,http://www.mezzaria.it/,333 734 2363,Contrada Conca D'Oro,Fasano,,info@mezzaria.it,https,Shopify,No,Server Plan S.r.l.,59,88,92.00,Sì,No
Tradizioni mediterranee,Enoteca,https://www.tradizionimediterranee.it/,080 332 0989,"Via Artigianato, 87",Fasano,,email@tradizionimediterranee.it,https,Shopify,No,Aruba S.p.A. Network,62,98,100.00,Sì,No
BONUCCI s.r.l.,Produttore,,099 591 9843,"Via Vito Volterra, 13",Faggiano,,,,,,,,,,,
Gi.ca. S.r.l.,Produttore,,099 592 5915,"Via Avogadro, Zona Industriale, 9",Faggiano,,,,,,,,,,,
Renna Srl,Produttore di alimenti,https://www.rennasrl.com/,080 442 6250,"Via Sant'Oronzo, 139",Fasano,,,https,WordPress,No,Hetzner Online GmbH,55,78,77.00,Sì,No
Azienda Agricola Egnazia,Fattoria,http://www.masseriasannicolasavelletri.com/,080 442 0839,"20 Contrada Carbonelli, Fasano, BR 72015",Fasano,,,https,Shopify,Sì,"Cloudflare, Inc.",57,73,92.00,Sì,No
Forel - Paginediluce,Negozio di forniture elettriche,http://www.forelfasano.com/,080 439 1817,Contrada Sant'Angelo,Fasano,,info@forelfasano.com,https,React,Sì,Aruba S.p.A.,60,71,92.00,Sì,No
Azienda agricola Ortodì dei F.lli Lisi,Produttore,http://www.ortodi.it/,393 441 1404,"Contrada Fascianello, 48",Fasano,,,https,WordPress,No,Aruba S.p.A.,59,0,92.00,Sì,No
Spazio Enel Partner Fasano Via dell'Industria,Azienda fornitrice di energia elettrica,http://www.enelenergia.it/?utm_source=google&utm_medium=GMBSitelink&utm_campaign=GMBSitelink_Fasano_316,080 442 2582,"Via dell'Industria, 82",Fasano,,,https,React,Sì,Incapsula Inc,0,0,0.00,Sì,No
CASEIFICIO Azienda Agricola Pastorizzella,Caseificio,,0836 444848,"n°6/b, Via Trieste",Giuggianello,,,,,,,,,,,
La Palombara,Caseificio,,339 689 7625,"Unnamed Road, Via Trieste",Giuggianello,,,,,,,,,,,
Puzze matine,Caseificio,,339 568 3524,Contrada polisano,Giuggianello,,,,,,,,,,,
PGS Catering & Service S.r.l.,Negozio di prodotti alimentari all'ingrosso,http://www.pgscatering.it/,099 592 5433,"Contrada Ruina, 14",Faggiano,,amministrazione@pgscatering.com,https,Angular,No,Netsons Network,54,71,92.00,Sì,No
Proline S.R.L.,Negozio di zanzariere,http://www.prolineurope.com/,099 563 9399,"via G. Peano, snc z.i.",Faggiano,,info@prolineitalia.it,https,React,No,Server Plan S.r.l.,49,53,83.00,Sì,No
Ferramati International Srl,Fornitore di materiali da costruzione,http://www.ferramati.it/,080 442 6204,Contrada Sant'Angelo Z.I. Sud,Fasano,,info@ferramati.it,https,WordPress,Sì,Hetzner Online GmbH,57,68,100.00,Sì,No
Alba Tramezzini Spa,Servizio di catering,http://www.albatramezzini.it/,099 591 9934,"Via Ettore Maiorana, 2",Faggiano,,,https,WordPress,Sì,Server Plan S.r.l.,54,74,92.00,Sì,No
Fuochi d’artificio Friscira Fireworks srl,Negozio di fuochi d'artificio,http://www.fuochionline.it/,368 581 805,Contrada Putrano,Faggiano,,,https,WordPress,No,Aruba S.p.A.,31,47,100.00,Sì,No
Azienda agricola olio Cannarile,Produttore,,327 605 0798,"Via Enrico Fermi, 18",Faggiano,,,,,,,,,,,
cantina nistri srl,Azienda vinicola,https://www.cantinanistri.it/,328 015 8981,"via G. Verdi, Via Vittorio Emanuele, 16",Faggiano,,info@cantinanistri.it,https,WordPress,Sì,Host SpA,46,56,85.00,Sì,No
Giardino Botanico La Cutura S.r.l.,Giardino botanico,http://www.lacutura.it/,335 826 2477,Contrada Cutura,Giuggianello,,info@lacutura.it,https,WordPress,No,Aruba S.p.A. Network,56,84,100.00,Sì,No
Legna da ardere Gigante carlo,Legna da ardere e pellet,,0836 341428,"Viale della Rimembranza, 14",Giuggianello,,,,,,,,,,,
"IQOS RESELLER - Tabaccheria Caroppo, Giuggianello",Tabaccheria,,0836 341510,"Via Roma, 34",Giuggianello,,,,,,,,,,,
Cerchio Verde,Pasticceria,,342 698 1621,"Via Provinciale, 210",Guagnano,,,,,,,,,,,
Corte dei Frati,Azienda vinicola,,348 256 4317,"SS7ter, 63",Guagnano,,,,,,,,,,,
Metal,Servizio di verniciatura a polvere,http://www.metal-co.net/index.html,320 905 0174,"Via Madonna Pellegrina, 28",Giuggianello,,,http,React,No,Hetzner Online GmbH,68,79,92.00,Sì,No
La Nuova Macelleria Equina S.R.L.,Macelleria,,0832 704612,"Via Provinciale, 173",Guagnano,,,,,,,,,,,
TENUTA MARANO,Azienda vinicola,,0832 706161,Via Vecchia Lecce - Copertino,Guagnano,,,,,,,,,,,
Cutura Grande,Negozio di alimentari biologici,,349 784 8087,"Via Cutura Grande, 5",Giuggianello,,,,,,,,,,,
Luminarte - Luminarie d'arredo,Negozio di artigianato tipico,https://luminarte.it/,377 346 6027,"Via G. Mazzini, 43",Giuggianello,,info@luminarte.it,https,React,Sì,IT.Gate S.p.A.,59,70,100.00,Sì,No
Vizzino - Conserve Alimentari Orto Buono Soc. Coop. Agricola,Conservificio,http://www.vizzino.it/,0836 818069,SP62 Via Giuggianello snc,Minervino di Lecce,,commerciale@vizzino.it,https,Shopify,No,OVH ISP,62,85,85.00,Sì,No
Cosma Pasquale & C. S.R.L.,Magazzino all'ingrosso,http://www.cosmapasqualesrl.it/,0832 704328,"Contrada la Corte, Via Ruffilli, sn",Guagnano,,info@cosmapasqualesrl.it,https,WordPress,No,Aruba S.p.A,69,76,75.00,Sì,No
AgricolaQ,Vigneto,,328 278 7394,Strada Vecchia Campi Guagnano,Guagnano,,,,,,,,,,,
Perfetto | Mapetek S.r.l.,Produttore,http://www.perfetto.it/,0836 444252,"Via dell' Industria, 3",Giuggianello,,info@perfetto.it,https,Shopify,Sì,Host SpA,46,65,92.00,Sì,No
caseificio delizie di latte,Caseificio,,339 242 0727,"Via Vittorio Veneto, 35",Guagnano,,,,,,,,,,,
C.i.m.a. srl,Fornitore di trattori e macchine agricole,,0832 706193,"73 Contrada Bardi, Guagnano, Le 73010",Guagnano,,,,,,,,,,,
TECHEMET SUD,Centro di riciclaggio,http://www.techemet.com/,0832 704533,Zona Industriale Lotto 19/A,Guagnano,,uk@techemet.com,https,Shopify,No,"Cloudflare, Inc.",95,99,40.00,Sì,No
Baux,Produttore di mobili,http://www.bauxcucine.com/,099 591 9387,"Via Augusto Righi, 2",Faggiano,,info@bauxcucine.com,http,WordPress,No,Host SpA,55,62,77.00,Sì,No
F.C. Srl,Installatore di impianti di condizionamento,http://www.fcsrlgroup.it/,099 592 7555,"SP110, 16",Faggiano,,info@fcsrlgroup.it,https,React,Sì,Netsons s.r.l.,59,93,92.00,Sì,No
Progetti & Sistemi S.R.L.,Consulente informatico,http://www.progettiesistemi.com/,0832 706167,"Via Provinciale, 33",Guagnano,,info@progettiesistemi.com,https,Shopify,Sì,Aruba S.p.A. Network,61,68,92.00,Sì,No
Ramundo,Azienda agricola biologica,,320 700 7777,"Via Francesco Lanzillotto, snc",Galatone,,,,,,,,,,,
Gravili s.r.l. - Noleggio Piattaforme Aeree,Agenzia di noleggio gru,https://www.gravili.com/,0833 564081,"Z.I. Ss 101, Km 19",Galatone,,segreteria@gravili.com,https,Shopify,No,Aruba S.p.A.,39,46,0.00,Sì,No
Biemme Srl di Minerba Pasquale e Barletta Ermanno,Lavorazione di frutta e verdura,,329 732 8920,"Via Duca di Genova, 11",Galatone,,,,,,,,,,,
Azienda Agricola Cosimo Taurino,Azienda vinicola,http://www.taurinovini.it/,0832 706490,SP365,Guagnano,,,https,React,Sì,Server Plan S.r.l.,65,78,85.00,Sì,No
Cagnazzo Macchine Agristore Landini - Ferrari,Fornitore di trattori e macchine agricole,http://www.cagnazzo.it/,0832 704238,"Via C.Colombo, 21",Guagnano,,info@cagnazzo.it,https,Joomla,Sì,Server Plan S.r.l.,55,68,92.00,Sì,No
FG Packaging Solution,Negozio di materiali da imballaggio,https://www.fgfoodpack.com/,0833 873782,Zona Industriale,Galatone,,,https,WordPress,No,Aruba S.p.A.,54,62,92.00,Sì,No
La Fenice Srl,Associazione / Organizzazione,,0833 861243,"Via G. Migliaccio, 33",Galatone,,,,,,,,,,,
Azienda Agricola Lu Spinitu,Negozio di alimentari,,328 884 9278,"Viale Aldo Moro, 7",Galatone,,,,,,,,,,,
Frigo System Salento Srl,Produttore di mobili,,0833 865878,"Via Lecce, 18",Galatone,,,,,,,,,,,
CANTELE,Azienda vinicola,https://www.cantele.it/,0832 705010,S.P. 365 Km 1,Guagnano,,cantele@cantele.it,https,WordPress,No,Aruba S.p.A. Network,53,69,100.00,Sì,No
FG Food,Negozio di prodotti alimentari all'ingrosso,https://www.fgfoodpack.com/,0833 832345,Zona Industriale,Galatone,,,https,WordPress,No,Aruba S.p.A.,54,62,92.00,Sì,No
Feudi di Guagnano srl,Azienda vinicola,http://www.feudiguagnano.it/,351 703 0606,"Via Cellino, 3",Guagnano,,sales@feudiguagnano.it,https,WordPress,Sì,Aruba S.p.A. Network,59,48,100.00,Sì,No
Colazzo Tommaso S.R.L.,Azienda di autotrasporti,https://colazzotommaso.it/,0833 867884,"Contrada Pennella, Galatone, Le 73044",Galatone,,info@colazzotommaso.it,https,WordPress,No,OVH SAS,59,80,85.00,Sì,No
Imballaggi Sud,Negozio di materiali da imballaggio,http://www.imballaggisud.com/,0833 867278,"Via Conte, 6",Galatone,,info@imballaggisud.com,https,WordPress,No,Aruba S.p.A.,56,70,85.00,Sì,No
Exa Group,Servizio di gestione dei rifiuti,https://www.exagroupambiente.com/,0833 835079,Zona Industriale Galatone Tronco A,Galatone,,info@exagroupambiente.com,https,WordPress,No,Aruba S.p.A.,50,77,85.00,Sì,No
Fantasy Party Galatone,Impresa di organizzazione di eventi,,328 839 7504,"Via G. Almirante, 26",Galatone,,,,,,,,,,,
Salento Luminarie,Fornitore di apparecchiature elettriche,,320 777 8484,Via ugo Foscolo,Giurdignano,,,,,,,,,,,
Bello Giovanni,Fattoria,,0836 813057,"Via M. del Rosario, 12",Giurdignano,,,,,,,,,,,
Oblò Lavanderia Giurdignano,Lavanderia,,320 110 4805,Via 2 Giugno,Giurdignano,,,,,,,,,,,
Cripta Bizantina di San Salvatore,Punto di riferimento storico,,0836 813003,Via San Vincenzo,Giurdignano,,,,,,,,,,,
RIELLO - GESTIMP S.R.L.,Ditta specializzata in impianti di riscaldamento,http://www.gestimp.it/,0833 867900,"Via L. Spagna, 29/A",Galatone,,,https,WordPress,No,Aruba S.p.A.,95,99,92.00,Sì,No
PENTAL GROUP by Officine Filoni srl,Fornitore di porte,http://www.pentalgroup.it/,0833 861501,"Via Achille palma, 13",Galatone,,,https,React,Sì,Host SpA,75,95,100.00,Sì,No
INFO POINT - Pro Loco Giurdignano,Associazione / Organizzazione,,340 798 8635,Piazza Municipio,Giurdignano,,,,,,,,,,,
D’Alba Costruzioni,Impresa di costruzioni,http://www.dalbacostruzioni.it/,329 059 8292,"Via Vittorio Emanuele III, 39",Giurdignano,,dalbacostruzioni@legalmail.it,https,WordPress,No,Servereasy Srl,51,88,92.00,Sì,No
Borgia Tartufi,Azienda agricola biologica,,346 358 6399,"Via Vicinale Gazzirri, 35",Giurdignano,,,,,,,,,,,
Tenuta San Lorenzo,Agriturismo,https://www.agritenutasanlorenzo.it/,350 112 0951,"S.P. 277, SC per Otranto",Giurdignano,,info@agritenutasanlorenzo.it,https,WordPress,No,Contabo GmbH,64,82,92.00,Sì,No
Casa Borgia,Ristorante,http://www.casaborgia.biz/,393 251 6511,"Via Vicinale Gazzirri, 34",Giurdignano,,info@casaborgia.biz,https,Wix,No,Google LLC,63,90,92.00,Sì,No
GMN Agenzia Pratiche Auto di Giuseppe D'Alba,Ufficio patenti,,347 525 2059,"Via Palermo, 10",Giurdignano,,,,,,,,,,,
inMasseria,Negozio di formaggi,,099 561 2419,"Via Achille Grandi, 15",Grottaglie,,,,,,,,,,,
Edilizia Buonfrate s.r.l.,Fornitore di materiali da costruzione,http://www.ediliziabuonfrate.it/,099 566 6707,"Via Giotto, 30",Grottaglie,,,https,Shopify,Sì,Aruba S.p.A.,56,63,92.00,Sì,No
Nobel Materassi | Fabbrica Materassi Poltrone Relax Divani a Galatone (LE),Negozio di materassi,https://www.nobelmaterassi.com/,0833 865369,"Via Achille palma, 2",Galatone,,info@nobelmaterassi.it,,WordPress,Sì,METANET AG,54,50,85.00,Sì,No
Spazio Enel Partner Grottaglie,Azienda fornitrice di energia elettrica,,099 221 4760,"Via Ciro Peluso, 13",Grottaglie,,,,,,,,,,,
D'AURELIO LANZILAO Azienda Agricola,Azienda agricola biologica,http://www.daureliolanzilao.it/,0836 813516,Via Calvario,Giurdignano,,info@daureliolanzilao.it,https,WordPress,No,"Amazon.com, Inc.",37,50,92.00,Sì,No
TENUTE MOTOLESE,Azienda agricola biologica,https://www.motolese.it/,335 539 9647,"Via Ennio, 21",Grottaglie,,info@motolese.it,https,WordPress,Sì,Server Plan S.r.l.,65,74,85.00,Sì,No
Agriturismo Il Megalite,Agriturismo,http://www.agriturismoilmegalite.it/,345 661 6133,Strada provinciale 277 Giurdignano-Otranto,Giurdignano,,info@agriturismoilmegalite.it,https,Joomla,Sì,Aruba S.p.A.,33,45,92.00,Sì,No
Impresa Agromeccanica Loconte,Fornitore di materiali da costruzione,,099 450 4333,"Via degli Ulivi, 27",Grottaglie,,,,,,,,,,,
Gaia Cosmesi Srl,Industria cosmetica,https://www.gaiacosmesi.com/,099 563 5019,"Via Molise, 70",Grottaglie,,,https,WordPress,No,Aruba S.p.A. Network,88,98,92.00,Sì,No
SANAGEA,Azienda vinicola,,347 018 6852,"Viale Antonio Gramsci, 2",Grottaglie,,,,,,,,,,,
Euronet S.R.L.,Consulente informatico,http://www.euronet.aero/,099 563 7154,"Viale Mediterraneo, 7",Grottaglie,,einfo@euronet.aero,https,WordPress,Sì,Telecom Italia S.p.A. TIN EASY LITE,55,71,77.00,Sì,No
Manigrasso Safety Solutions | Antincendio e Antinfortunistica a Taranto e in Puglia,Antinfortunistica,http://www.manigrassosafety.com/,099 561 2492,"Via Ennio, 110",Grottaglie,,info@manigrassosafety.com,https,Joomla,Sì,Google LLC,49,76,92.00,Sì,No
MDM Campionari S.R.L.,Produttore,http://www.mdmcampionari.it/,099 562 8497,"z.na ind.le, Viale Mediterraneo",Grottaglie,,,https,Joomla,Sì,Google LLC,60,80,85.00,Sì,No
Tenuta La Botte,Ristorante,https://labottegiurdignano.it/,0836 813812,Via Calvario,Giurdignano,,info@labottegiurdignano.it,https,React,Sì,Google LLC,54,82,92.00,Sì,No
Bonfrate,Fornitore di materiali da costruzione,https://www.bonfrate.it/,099 563 5989,"Via Antonio Canova, 20",Grottaglie,,acquisti@bonfrate.it,https,Shopify,No,OVH ISP,66,43,92.00,Sì,No
Meid Srl,Negozio di forniture elettriche,https://www.meid.it/,099 566 7566,"Corso Europa, 14",Grottaglie,,info@meid.it,https,WordPress,No,Aruba S.p.A,47,73,85.00,Sì,No
Primed Srl,Negozio di zanzariere,http://www.primed.it/,099 562 3969,"Corso Europa, 9",Grottaglie,,,https,WordPress,Sì,"Cloudflare, Inc.",55,55,85.00,Sì,No
Societa' Agricola Fresh & Fruit S.R.L.,Azienda di import-export,,0831 813268,"Zona Industriale, Italija, Piazzale del Lavoro, 2",Francavilla Fontana,,,,,,,,,,,
SIA Group srl,Sicurezza e salute sul lavoro,,099 561 0128,"9, Via G.Amendola, 7",Grottaglie,,,,,,,,,,,
Cave Marra Ecologia,Servizio di gestione dei rifiuti,https://www.cavemarraecologia.it/,0833 867864,"Strada Provinciale Galatina - Galatone, km 5",Galatone,,info@cavemarraecologia.it,https,Joomla,No,Hetzner Online GmbH,88,98,100.00,Sì,No
FasanoCeramiche srl,Negozio di ceramiche,http://www.fasanocnf.it/,099 566 1037,"Via Francesco Crispi, 6",Grottaglie,,info@fasanocnf.it,https,WordPress,No,OVH SAS,56,56,85.00,Sì,No
P.G.L. Distribuzione,Distribuzione di bevande,https://www.pglsrl.it/,099 566 8695,"Via Padre Ignazio D'Amuri, 222",Grottaglie,,pglsrl@alice.it,https,WordPress,Sì,Aruba S.p.A.,60,79,85.00,Sì,No
Fer. Metal Sud S.p.a.,Servizio di raccolta rifiuti,http://www.fermetalsud.com/,0831 810733,Viale del Commercio (Z.I.),Francavilla Fontana,,,https,Laravel,Sì,OVH SAS,69,94,82.00,Sì,No
Vico Caroli,Fornitore di abbigliamento,http://www.vicocaroli.com/,0831 841754,"Via per Grottaglie, km 2",Francavilla Fontana,,,https,WordPress,No,Aruba S.p.A.,94,100,100.00,Sì,No
GLED Technology Innovation,Impianto solare fotovoltaico,http://www.gledimpianti.com/,333 114 1150,"Via Edmondo de Amicis, 28",Francavilla Fontana,,info@gledimpianti.com,https,WordPress,No,"New Dream Network, LLC",60,70,75.00,Sì,No
Agriturismo Palmo Francavilla Fontana Ostuni Puglia,Azienda vinicola,,0831 810818,"Prov.le Francavilla F.na - Ostuni, Km. 4, Via Regina Elena, 8",Francavilla Fontana,,,,,,,,,,,
MEMMOLA oli e vini,Oleificio,http://www.memmola.it/,0831 899466,"Via Appia x Brindisi s.n, c",Francavilla Fontana,,info@memmola.it,https,WordPress,Sì,OVH SAS,65,65,85.00,Sì,No
Europak Imballaggi S.R.L.,Azienda di confezionamento,,0831 810755,"Km. 3.500 Francavilla Fontana, BR 72021, Via per Grottaglie",Francavilla Fontana,,,,,,,,,,,
Cantina e Oleificio Sociale di Francavilla - Cooperativa Agricola Francavillese C.A.F.,Azienda vinicola,https://cantinaeoleificiosociale.com/,334 671 9800,"Strada Provinciale per Ostuni, km 1, 72021",Francavilla Fontana,,info@cantinaeoleificiosociale.com,https,React,No,"Cloudflare, Inc.",59,87,85.00,Sì,No
Andriulo Officine S.r.l.,Fornitore di trattori e macchine agricole,http://www.andriulo.it/,0831 841988,"Z. Ind nuova sede, Viale del Commercio",Francavilla Fontana,,,https,WordPress,Sì,Aruba S.p.A. Network,49,71,92.00,Sì,No
Glopack S.R.L,Ufficio aziendale,,0831 170 6754,"SP26, KM2, 500",Francavilla Fontana,,,,,,,,,,,
Areta S.r.l.,Produttore di mobili,http://www.areta.com/,0831 810838,"Via per Grottaglie Km3, Viale dell'Industria",Francavilla Fontana,,areta@areta.com,https,WordPress,Sì,Google LLC,56,68,85.00,Sì,No
Soavegel Srl,Produzione e commercio surgelati,http://www.soavegel.it/,0831 822211,Viale dell'Industria,Francavilla Fontana,,,https,Shopify,No,Aruba S.p.A.,35,44,85.00,Sì,No
Caliandro La Masseria - Caseificio Latticini Formaggi,Negozio di latticini,http://www.caliandrolamasseria.it/,0831 853416,Contrda Carlo di Noi Inferiore,Francavilla Fontana,,caliandromasseria@gmail.com,https,ASP.NET,No,Aruba S.p.A,55,81,100.00,Sì,No
FADI Aziende Riunite S.r.l.,Torrefazione,http://www.caffefadi.it/,0831 852455,"Via per Grottaglie, km 2",Francavilla Fontana,,info@caffefadi.it,https,Shopify,No,Keliweb S.R.L,65,75,100.00,Sì,No
AZIENDA AGRICOLA MASSERIA DI LU VURTAGGHIESE,Ufficio aziendale,,328 557 8719,"SP51, 13",Francavilla Fontana,,,,,,,,,,,
Soave srl,Produttore di alimenti,http://www.pastasoave.it/,0831 822311,Via per Grottaglie,Zona Industriale,,,http,ASP.NET,No,Aruba S.p.A. Network,0,0,100.00,Sì,No
Masseria Santa Croce,Fattoria,http://www.santacroceprodottitipici.it/,0831 812288,"Via San Lorenzo, 238",Francavilla Fontana,,info@santacroceprodottitipici.it,https,React,No,Server Plan S.r.l.,44,72,92.00,Sì,No
Level Project,Ufficio aziendale,http://www.levelprojectitalia.com/,0836 543036,"Via Lecce, 86",Galatina,,,https,React,No,Aruba S.p.A.,56,78,100.00,Sì,No
LA SORGENTE,Acqua minerale e bevande naturali e gassate - produzione,,334 272 3548,"Via di Soleto, 109",Galatina,,,,,,,,,,,
Fem,Negozio di forniture elettriche,,0836 561048,"Via Guidano, 15",Galatina,,,,,,,,,,,
Masseria Santa Domenica,Azienda agricola biologica,https://www.campagnamica.it/la-nostra-rete/fattorie/masseria-santa-domenica/,333 207 5145,"Via di Gallipoli, 104",Galatina,,chiara.portaccio@tiscali.it,https,Typo3,Sì,Telecom Italia S.p.A.,59,82,83.00,Sì,No
Lisi Antonio,Mulino per macinare il grano,,0836 566791,"Via di Gallipoli, 4",Galatina,,,,,,,,,,,
Efficienza Energia S.p.A.,Consulente per impianti di produzione di energia,http://www.efficienzaenergia.it/,0836 211090,"Via vecchia Lequile, 1",Galatina,,info@efficienzaenergia.it,https,WordPress,No,Aruba S.p.A.,54,64,92.00,Sì,No
Terotecna Light Design,Produzione e lavorazione materie plastiche,https://www.terotecna.it/,0836 234580,"Via Portogallo, snc",Galatina,,info@terotecna.it,https,WordPress,Sì,Aruba S.p.A.,59,55,92.00,Sì,No
R.G.service,Stamperia,http://www.rgservice.it/,0836 569867,"Via Arno, 8",Galatina,,info@rgservice.it,https,Shopify,No,Aruba S.p.A. Network,57,72,85.00,Sì,No
La Cartotecnica di Gerardo Vitellio,Azienda di confezionamento,,0836 569455,"Via Como, 132",Galatina,,,,,,,,,,,
GDA Group,Negozio di forniture chirurgiche,http://www.decorartex.com/,0836 569443,"Via Lecce, 87",Galatina,,,http,WordPress,No,Aruba S.p.A. Network,55,74,85.00,Sì,No
Ecocentro di Gagliano del Capo,Servizio di gestione dei rifiuti,,329 903 3178,Via della Pesca,Gagliano del Capo,,,,,,,,,,,
Cantina Fiorentino,Azienda vinicola,http://www.cantinafiorentino.it/,0836 561470,"Via Guidano, 18",Galatina,,info@cantinafiorentino.it,https,Angular,No,Aruba S.p.A,63,72,85.00,Sì,No
Galatinamed S.r.l.,Casa farmaceutica,http://www.galatinamed.com/,0836 564772,Via Guidano,Galatina,,info@galatinamed.com,https,Joomla,Sì,Aruba S.p.A.,57,87,77.00,Sì,No
Licofarma S.r.l.,Ufficio aziendale,https://www.licofarma.com/,0836 562308,"Via Lecce, 90-92",Galatina,,supporto@licofarma.com,https,Drupal,No,Amazon Technologies Inc.,44,62,92.00,Sì,No
Sud Salento,Calzaturificio,,0833 548603,"Via dell’Artigianato – Zona Industriale, Gagliano del Capo (LE)",Gagliano del Capo,,,,,,,,,,,
TIERRAMAR,Agenzia viaggi,,0833 548728,"Via Unità d' Italia, 15",Gagliano del Capo,,,,,,,,,,,
I. G. srl,Idraulico,,0833 791017,"Via Don Tonino Bello, 2",Gagliano del Capo,,,,,,,,,,,
Camer Gas & Power,Azienda fornitrice di energia elettrica,https://www.camergasepower.com/,800 145 516,"Via di Gallipoli, 55",Galatina,,info@camergasepower.com,https,ASP.NET,Sì,Serverplan S.r.l.,52,59,92.00,Sì,No
Moi Moi,Ristorante italiano,,379 139 9604,Piazza Falcone Borsellino,Gagliano del Capo,,,,,,,,,,,
Masseria Latronica,Caseificio,https://www.masserialatronica.com/,338 881 7764,S.da Vicinale Due Trappeti,Galatina,,,https,WordPress,No,Netsons s.r.l.,48,56,85.00,Sì,No
Ospedale Gagliano,Ospedale,,0833 540565,"Via S. Vincenzo, 5",Gagliano del Capo,,,,,,,,,,,
Agriturismo Baccole,Agriturismo,https://www.agriturismolebaccole.it/,348 264 1932,Strada Esterna Mezzapinta,Gagliano del Capo,,info@agriturismolebaccole.it,https,ASP.NET,No,Contabo GmbH,65,80,85.00,Sì,No
MACELLERIA & BRACERIA SAVARELLI,Ristorante,,350 081 1797,Via Roma,Gagliano del Capo,,,,,,,,,,,
Agri Ionica,Fornitore di trattori e macchine agricole,https://agri-ionica.com/,099 829 1816,"SS580, Km. 9.500",Ginosa,,info@agriionica.net,https,WordPress,No,Aruba S.p.A.,56,70,77.00,Sì,No
Note di Puglia s.r.l.,Azienda di imbottigliamento dell'olio di oliva,,334 215 9865,"Via Teano, 12",Ginosa,,,,,,,,,,,
ALEPPO,Azienda agricola biologica,http://aleppobio.com/,099 827 9824,C.da Orsanese sn,Ginosa,,,http,ASP.NET,No,Aruba S.p.A,100,100,91.00,Sì,No
Az. Agr. Biodinamica PIGNATARO Giuseppe,Fattoria,,099 824 4559,"via Cignano, snc",Ginosa,,,,,,,,,,,
BIOENUTRA SRL,Azienda di biotecnologia,https://www.bioenutra.it/,099 450 2234,IV Traversa dx Strada Provinciale Bandiera,Ginosa,,info@bioenutra.com,https,Shopify,No,"Cloudflare, Inc.",62,92,85.00,Sì,No
Piana del Lentisco - Frantoiani dal 1856,Oleificio,http://www.pianadellentisco.it/,328 727 0509,"Via della Repubblica, 12",Gagliano del Capo,,info@pianadellentisco.it,https,WordPress,Sì,Hetzner Online GmbH,52,65,92.00,Sì,No
Filtrex S.r.l.,Manifattura tessile,https://www.corderieitaliane.com/,0833 547523,Via del Commercio Zona P.I.P,Gagliano del Capo,,info@corderieitaliane.com,https,WordPress,No,Google LLC,56,48,83.00,Sì,No
Frantoio Oleario Bitetti Felice,Oleificio,https://www.frantoiobitetti.it/,099 829 1911,"via per bernalda, sn",Ginosa,,info@frantoiobitetti.it,https,Shopify,Sì,Netsons s.r.l.,61,80,92.00,Sì,No
Bianco Igiene Ambientale,Servizio di gestione dei rifiuti,,0833 548483,"Via Vicinale Serra, Gagliano Del Capo, Le 73034",Gagliano del Capo,,,,,,,,,,,
Aseco S.p.A,Servizio di gestione dei rifiuti,http://www.asecospa.it/,080 234 5207,Contrada Lama di Pozzo 74025,Marina di Ginosa,,,https,WordPress,No,Netsons s.r.l.,93,82,61.00,Sì,No
Terre Soc. Coop. a r.l.,Grossista di frutta e verdura,https://www.terrecoop.it/,340 193 4488,Unnamed Road,Ginosa,,,https,Joomla,No,OVH ISP,88,92,92.00,Sì,No
Tarantini Giunti S.R.L.,Fornitore di attrezzature per l'irrigazione,http://www.tarantinigiunti.com/,099 946 0779,Strada Statale 580 Km. 10,Ginosa,,,http,ASP.NET,No,Aruba S.p.A. Network,100,100,82.00,Sì,No
Forestaforte - Frantoio Oleario MELCARNE Giovanni,Oleificio,https://www.forestaforte.com/,388 639 4295,"Via Panoramica, 2",Gagliano del Capo,,info@forestaforte.it,https,WordPress,No,Hetzner Online GmbH,43,55,92.00,Sì,No
Societa' Agricola Spontella - Societa' Semplice,Produttore,http://www.spontella.it/,099 827 9901,"Contrada Lama Di Pozzo, Ginosa, TA 74013",Ginosa,,,https,WordPress,No,OVH SAS,52,51,92.00,Sì,No
Zicari Giuseppe,Fattoria,,099 829 5917,"Contrada D'attoli Madonna, Km. 3.500",Ginosa,,,,,,,,,,,
Cavecon,Impresa di costruzione strade,http://www.cavecon.it/,099 981 1979,Contrada Murge,Ginosa,,info@cavecon.it,http,ASP.NET,No,Aruba S.p.A,97,100,82.00,Sì,No
Cantine Domenico Russo,Azienda vinicola,http://www.cantinedomenicorusso.it/,338 318 6584,Contrada Bove Cesine,Ginosa,,info@cantinedomenicorusso.it,https,Shopify,No,Server Plan S.r.l.,71,66,83.00,Sì,No
DSS TA 01 - GINOSA,Servizi medici locali,,099 849 6925,"Via Palatrasio, 30",Ginosa,,,,,,,,,,,
Metronotte S.R.L. - Istituto Di Vigilanza,Servizio di vigilanza,http://www.metronotteist.com/,099 829 2575,"Via Francesco Ricciardi, 2",Ginosa,,info@metronotteist.com,https,Drupal,Sì,Host Europe GmbH,42,60,100.00,Sì,No
Azienda Agricola Malorgio Degustazione e vendita Vino olio e prodotti tipici,Azienda agricola biologica,,324 803 0523,"Via Celestino Scarciglia, 64",Manduria,,,,,,,,,,,
Plantec Soc. Agr.S.r.l.,Vivaio,http://www.pratoarotoli.it/,340 949 8080,"S.S. 580, Km 23, 400",Marina di Ginosa,,info@pratoarotoli.it,https,Shopify,Sì,Hetzner Online GmbH,52,71,85.00,Sì,No
Ecologistic,Ufficio aziendale,https://www.ecologisticspa.it/,099 843 1067,"Via Gigli, 26",Ginosa,,info@ecologisticspa.it,https,React,Sì,Server Plan S.r.l.,59,81,92.00,Sì,No
Cantina Sociale CANTOLIO,Azienda vinicola,http://www.cantolio.it/,099 979 6045,"Via per Lecce, Km 2.5",Manduria,,commerciale@cantolio.it,https,WordPress,No,Servereasy Italy,59,73,85.00,Sì,No
Attanasio Giuseppe Azienda Agricola,Negozio di vini,http://www.primitivoattanasio.com/,333 265 3190,"Via per Oria, 11/a",Manduria,,info@primitivoattanasio.com,https,WordPress,No,OVH SAS,63,73,83.00,Sì,No
Azienda Agricola Brufico,Azienda vinicola,,099 971 2726,"Via Nicotera, 13",Manduria,,,,,,,,,,,
Azienda Agricola Antica Terra,Azienda vinicola,https://www.anticaterramanduria.com/,099 971 3461,"Via Pasquale, Via P. Villari",Manduria,,,https,React,Sì,HOSTINGER DE,64,81,85.00,Sì,No
Azienda Agricola Bramato - Vino Primitivo di Manduria - Degustazioni,Azienda vinicola,http://www.aziendaagricolabramato.it/,393 872 8946,SS7ter,Manduria,,,https,ASP.NET,No,Aruba S.p.A,56,48,100.00,Sì,No
Cantine LI CAPASUNI,Enoteca,,320 234 2115,"V. Lecce, 69",Gallipoli,,,,,,,,,,,
Agricola Erario,Azienda vinicola,https://agricolaerario.com/,099 979 4407,SP136,Manduria,,,,Joomla,Sì,Planetel SPA,0,0,0.00,Sì,No
Azienda Agricola Tostini Nuova,Fattoria di produzione di latticini,,347 534 4975,Manduria Manduria,Manduria,,,,,,,,,,,
Produttori Vini Manduria,Azienda vinicola,http://www.produttoridimanduria.it/,099 973 5332,"Via Fabio Massimo, 19",Manduria,,info@produttoridimanduria.it,https,React,Sì,Hetzner Online GmbH,44,40,92.00,Sì,No
Societa' Cooperativa,Fattoria,,0833 261635,"Via D'Elia, 17",Gallipoli,,,,,,,,,,,
Quinta Generazione Societa' Agricola S.R.L.,Oleificio,,0833 263951,"Corso Roma, 151",Gallipoli,,,,,,,,,,,
Antico Palmento,Azienda vinicola,http://www.anticopalmentogarofano.com/,346 014 8341,"Via Nicola Fabrizi, 20/a",Manduria,,,https,React,No,Aruba S.p.A. Network,56,71,85.00,Sì,No
Antiche Terre del Salento,Vigneto,,099 979 5879,"Via Stefano Bizantino, 30",Manduria,,,,,,,,,,,
Terra di Bagnolo - vendita vino primitivo - olio extravergine - prodotti tipici artigianali - SHOP ONLINE,Enoteca,http://www.terradibagnolo.it/,388 368 2632,"Via S. Pietro, 26",Manduria,,,https,React,Sì,Google LLC,60,78,92.00,Sì,No
Tecnoufficio s.n.c.,Cartoleria,,339 335 0343,"P.za Giovanni XXIII, 10",Gallipoli,,,,,,,,,,,
Vigne Monache,Azienda vinicola,https://www.vignemonache.it/,339 627 1412,"Via, Str. Vicinale la Creta, 2",Manduria,,vignemonache@libero.it,https,WordPress,No,Interoute Telecommunications (UK) Ltd,60,81,92.00,Sì,No
Naturhaus Bio - Gallipoli,Negozio di articoli biologici,,327 950 6561,"Via Filomarini, 10/b",Gallipoli,,,,,,,,,,,
Spazio Enel Partner Gallipoli,Azienda fornitrice di energia elettrica,,0833 262511,"Corso Roma, 63",Gallipoli,,,,,,,,,,,
Apulia Farm,Azienda agricola biologica,https://apuliafarm.it/,320 837 1581,Via Edison Thomas Alva,Manduria,,,https,React,No,Google LLC,68,90,83.00,Sì,No
Azienda Olivaro - Punto Vendita Manduria,Negozio di latticini,https://www.aziendaolivaro.it/,375 797 8544,"Viale Aldo Moro, 36",Manduria,,info@webmail.com,https,WordPress,No,Google LLC,56,65,100.00,Sì,No
La bottega del Salento,Enoteca,https://www.labottegadelsalento.it/,349 646 4533,"Via Antonietta de Pace, 77",Gallipoli,,,https,Shopify,No,Aruba S.p.A. Network,68,99,83.00,Sì,No
'Punto Gas 2000 Srl',Azienda di fornitura del gas,,0833 273244,"Via Firenze, 27",Gallipoli,,,,,,,,,,,
Esse Ti Uno Srl Cash & Carry Vegros,Produzione e ingrosso alimentari,,099 973 8947,"Via Vico 337, 74024 Manduria, TA",Manduria,,,,,,,,,,,
ONE OS Srl - Gallipoli,Call Center,https://www.call2net.it/one,800 990 645,"via delle industrie, snc",Gallipoli,,,https,WordPress,Sì,"Amazon.com, Inc.",55,53,92.00,Sì,No
Gruppo Sea Project S.R.L.,Fornitore di accessori nautici,,0833 263030,"Lungomare Marconi, 5",Gallipoli,,,,,,,,,,,
GENERAL IMPIANTI s.r.l.,Fornitore di impianti industriali,http://www.generalimpiantisrl.net/,0833 186 3771,"Via Udine, 224",Gallipoli,,info@generalimpiantisrl.net,https,WordPress,No,Aruba S.p.A. Network,49,59,92.00,Sì,No
Take Off - The Outlet Company,Negozio di abbigliamento,https://takeoffoutlet.com/,0833 266240,"Via Cavalieri di Rodi, 15",Gallipoli,,info@takeoffoutlet.com,https,React,No,Armada WAN2,50,56,85.00,Sì,No
Chieco Francesco,Produzione e ingrosso alimentari,,0833 202367,"Contrada Masseria Bianca, Gallipoli, Le 73014",Gallipoli,,,,,,,,,,,
3M LAB S.r.l.s. Società Benefit,Agenzia di pubblicità,http://www.3mlab.it/,0833 264511,"Via Unione Militare, 6",Gallipoli,,info@3mlab.it,https,React,No,Netsons Network,54,72,100.00,Sì,No
Azienda Unita'Sanitaria Locale Br 1,Servizi medici locali,,0831 724095,"Via Caterina Scazzeri, 6",Latiano,,,,,,,,,,,
Olio Cervellera,Oleificio,http://www.oliocervellera.it/,0831 725567,"Via Aristodemo de Guida, 3",Latiano,,,https,WordPress,No,Aruba S.p.A.,62,92,92.00,Sì,No
Frantoio Melpignano,Oleificio,,348 854 8172,"Via Aristodemo de Guida, 68",Latiano,,,,,,,,,,,
Castello di Gallipoli,Museo di storia,https://www.castellodigallipoli.it/,0833 262775,Piazza Imbriani,Gallipoli,,,https,Nuxt.js,No,Hetzner Online GmbH,68,53,100.00,Sì,No
Latiano Scavi,Impresa di scavi e demolizioni,https://www.latianoscavi.com/,320 968 5651,Via Salento,Latiano,,info@latianoscavi.com,https,WordPress,No,SEEWEB s.r.l.,67,97,85.00,Sì,No
Valente Service,Azienda di manutenzione velivoli,,0831 092409,"Via Michele Buongiorno, 164",Latiano,,,,,,,,,,,
Enoteca Sfizi e Vini a Latiano,Enoteca,https://www.sfizievini.com/,346 330 7930,"Via Cosimo Argentieri, 170",Latiano,,info@sfizievini.it,https,WordPress,Sì,Serverplan s.r.l.,55,85,100.00,Sì,No
Migra srls,Azienda informatica,,0831 205590,"Via Michele Buongiorno, 25",Latiano,,,,,,,,,,,
Cooperativa Soc. L'Agricola Latianese,Cooperativa dei produttori di olio di oliva,https://www.agricolalatianese.it/,0831 721951,Via Torre,Latiano,,,https,Shopify,No,Netsons s.r.l.,66,88,100.00,Sì,No
TEKNO BIT,Assistenza computer,http://www.teknobit.it/,0831 721188,"Via Francavilla, 28",Latiano,,pcsapiens@gmail.com,https,React,No,Aruba S.p.A.,66,94,83.00,Sì,No
"Torsello Water Service, Luigi Torsello",Azienda per la fornitura di acqua,,0833 263928,"Via Filomarini, 10",Gallipoli,,,,,,,,,,,
Masseria Marangiosa,Fattoria,,392 341 1203,C.da Marangiosa,Latiano,,,,,,,,,,,
Gasm srl,Noleggio di uffici virtuali,https://gasmsrls.it/,347 163 3868,"Via Michele Buongiorno, 25",Latiano,,info@gasmsrls.it,https,ASP.NET,No,OVH SAS,63,97,82.00,Sì,No
Caliolo Materiale Edile,Negozio di materiali da costruzione,https://www.caliolomaterialedile.it/,0831 724624,"Via Salento, 114",Latiano,,shop@caliolomaterialedile.it,https,Shopify,No,Server Plan S.r.l.,30,71,92.00,Sì,No
ArreterrA,Azienda agricola biologica,,329 843 1335,Via Luogovivo,Leporano Marina,,,,,,,,,,,
Satyrion Azienda Agricola,Fattoria,,099 533 1567,"Viale Saturo, 670",Leporano,,,,,,,,,,,
Prodest Taranto S.R.L.,Servizio di vigilanza,,347 386 5098,"V. la Mastella, 215",Leporano Marina,,,,,,,,,,,
La Latianese Srl,Grossista di frutta e verdura,http://www.lalatianese.com/,0831 724169,az 10,Zona P.i.p.,,,http,WordPress,No,Aruba S.p.A. Network,81,99,92.00,Sì,No
Apicoltura Biologica I Giardini del Principe,Apiario,http://www.giardinidelprincipe.it/,349 151 1650,"Via Ibiscus 48, Via delle Gardenie",Leporano Marina,,giardinidelprincipe@gmail.com,https,Basekit,No,Aruba S.p.A.,62,73,100.00,Sì,No
Ionio Energia,Azienda fornitrice di energia elettrica,,378 062 5960,"Via Regina Margherita, 25",Leporano,,,,,,,,,,,
Vinapulia,Azienda vinicola,,338 860 3234,"Via Bradano, 119",Leporano Marina,,,,,,,,,,,
Agritecnica di Francioso Vincenzo,Negozio di articoli per il giardinaggio,http://www.gardenup.it/,0831 725424,"Via Torre, 53",Latiano,,info@gardenup.it,https,React,No,Contabo GmbH,0,65,92.00,Sì,No
Cooperativa Sociale Europa A R.L.,Traslocatore,,0831 726870,"Via Vincenzo Bellini, 18",Latiano,,,,,,,,,,,
Centro Comunale Raccolta Rifiuti di Leporano,Servizio di raccolta rifiuti,https://www.impregico.it/leporano/,800 195 314,"Via Piantata Margherita, 5",Leporano,,,https,React,Sì,Combell NV,56,84,92.00,Sì,No
Orto Family,Alimentari,,346 660 2707,SP102,Leporano,,,,,,,,,,,
Tecno Steel sas,Produttore,,099 531 5885,"Via Scarfoglio, 19",Leporano,,,,,,,,,,,
Antoniotti,Azienda agricola biologica,,329 850 5550,"Via Monte San Michele, 49",Lecce,,,,,,,,,,,
Massaro S.r.l.,Elettricista,http://www.massarosrl.it/,099 531 6045,"Via S. Giovanni, 58",Leporano,,info@massarosrl.it,https,Shopify,No,"Amazon.com, Inc.",55,75,100.00,Sì,No
L.A.VALENTINI S.R.L LEPORANO,Legna da ardere e pellet,,388 301 4466,Via la Pigna,Leporano Marina,,,,,,,,,,,
Bio Apicoltura OHANA,Apicoltore,http://www.bioapicolturaohana.it/,328 162 7350,Via Fichi Nord,Leporano,,info@bioapicolturaohana.itrichiedi,https,Shopify,No,Aruba S.p.A.,59,68,85.00,Sì,No
Azienda Agricola Masullo,Azienda agricola biologica,,320 766 8502,Vicinale Saguerra,Leporano Marina,,,,,,,,,,,
AUTOSPURGO ECO IGEA SRL,Servizio per fosse biologiche,,327 107 0072,Str. Esterna Talsano,Leporano,,,,,,,,,,,
Vivaio Edelweiss,Vivaio,http://www.vivaioedelweiss.com/,099 533 4070,"Str. Esterna Talsano, 8",Leporano Marina,,,http,WordPress,No,Aruba S.p.A. Network,69,78,92.00,Sì,No
Centro Ricerche Biochimiche - Laboratori Tedesco,Laboratorio medico,https://www.laboratoritedesco.com/,0833 274536,"Via Genova, 8/10",Gallipoli,,pazienti.labtedesco@gmail.com,https,WordPress,Sì,Netsons s.r.l.,64,78,85.00,Sì,No
Domotec Salento Srls,Fornitore di impianti di aspirazione industriali,,0832 183 5719,Via Rocco Scotellaro,Lecce,,,,,,,,,,,
Onoranze Funebri Sales Srl Lecce,Agenzia funebre,http://www.saleslecce.it/,0832 302985,"Via Leonardo Prato, 1",Lecce,,saleslecce@gmail.com,https,WordPress,Sì,Google LLC,39,88,100.00,Sì,No
Radical Storage - Luggage Storage Gallipoli Station,Deposito bagagli,https://radicalstorage.com/luggage-storage/gallipoli/gallipoli-station/luggage-storage-gallipoli-station?utm_source=gmb&utm_medium=gallipoli&utm_campaign=gallipolistation&utm_content=websiteclick,388 167 2625,"Corso Roma, 50",Gallipoli,,support@radicalstorage.com,https,React,Sì,"Amazon.com, Inc.",31,56,100.00,Sì,No
Varvaglione Punto vendita,Negozio di vini,http://varvaglione.com/,099 533 2254,"Str. Esterna Talsano, 36",Leporano Marina,,,https,Joomla,Sì,"Interserver, Inc",30,53,83.00,Sì,No
Azienda Agricola Greco,Fattoria,,348 887 3129,"Via Achille Carducci, 7",Lecce,,,,,,,,,,,
Professional Service Srl - Sede Centrale,Consulente informatico,https://piesselecce.it/,0832 231105,"Via Oslavia, 43",Lecce,,,https,React,No,Hetzner Online GmbH,56,87,92.00,Sì,No
Apicella Sistemi - Tecnologia e Didattica,Azienda informatica,http://www.apicellasistemi.it/,0832 352290,"Via Taranto, 102",Lecce,,info@apicellasistemi.it,https,WordPress,No,OVH SAS,34,45,100.00,Sì,No
V.I.M. S.R.L. - Vendita Ingrosso Medicinali -,Casa farmaceutica,https://www.vim.it/,0832 333000,"Via Duca d'Aosta, 40",Lecce,,vim@pec.it,,Joomla,No,VODAFONE,59,90,92.00,Sì,No
B-Evolution S.r.l.,Impresa di costruzioni,https://www.b-evolutionsrl.it/,0832 179 7548,"Via Girolamo Marciano, 18/A",Lecce,,info@b-evolutionsrl.it,https,Wix,Sì,Google LLC,70,96,100.00,Sì,No
Ambientale S.R.L.,Laboratorio chimico,http://www.ambientalesrl.it/servizi/,0832 364238,"Viale Gran Bretagna, 9",Lecce,,info@ambientalesrl.it,https,Joomla,No,Aruba S.p.A. Network,62,90,92.00,Sì,No
Vigneti Reale,Produttore,http://www.vignetireale.it/,0832 248433,"Via Egidio Reale, 55a",Lecce,,vignetireale@vignetireale.it,https,Shopify,Sì,Aruba S.p.A.,56,77,82.00,Sì,No
QESCO - Fotovoltaico Puglia,Azienda di energia solare,https://www.qesco.it/,0832 182 6745,"Viale Japigia, 39/A",Lecce,,info@qesco.it,,Angular,Sì,Aruba S.p.A. Network,35,44,92.00,Sì,No
Consulenza informatica - Alma. 2 Srl,Azienda informatica,https://www.alma2.it/,0832 359605,"Via Lequile, 89",Lecce,,info@alma2.it,https,ASP.NET,No,Aruba S.p.A. Network,61,0,100.00,Sì,No
De Biasi Pietro,Fattoria,,099 829 7214,"Via Generale Carlo Alberto Dalla Chiesa, 24",Laterza,,,,,,,,,,,
Vallone Società Agricola,Azienda vinicola,http://www.vallone.wine/,0832 308041,"Via XXV Luglio, 7",Lecce,,info@santambrogio1981.com,https,Joomla,No,Serverplan s.r.l.,63,75,85.00,Sì,No
Azienda Agricola Bio Perrone,Ufficio aziendale,,330 942 110,C.da Lama sapia S.S. 580,Laterza,,,,,,,,,,,
Tenuta Colacicco - Parco del Marchese,Azienda di imbottigliamento dell'olio di oliva,https://www.parcodelmarchese.com/,345 777 6725,Contrada Bosco S.n.c Sp16- girare verso Parco del Marchese,Laterza,,,https,Angular,No,Aruba S.p.A.,65,78,100.00,Sì,No
Lasim Spa,Produttore,,0832 361491,"Via Austria, 2",Lecce,,,,,,,,,,,
Varvaglione 1921,Azienda vinicola,https://shop.varvaglione.com/,099 531 5370,Santa Lucia,Leporano,,,https,WordPress,Sì,"Interserver, Inc",32,61,92.00,Sì,No
Caseificio La Masseria Srl,Negozio di alimentari,,329 460 7209,"Via Cormons, 5",Laterza,,,,,,,,,,,
Cantine Baldari,Azienda vinicola,http://www.cantinebaldari.it/,389 896 3591,"Viale Otranto, 29",Lecce,,cantinebaldari@gmail.com,https,React,No,Google LLC,55,78,85.00,Sì,No
PROJECT COM,Azienda informatica,http://www.projectcom.it/,338 240 2410,"Via Cosimo de Giorgi, 37",Lecce,,info@projectcom.it,http,WordPress,No,Aruba S.p.A.,53,0,100.00,Sì,No
CTP S.p.a.,Azienda di autotrasporti,,099 829 9273,"Km. 1.830, Strada Statale 580, Laterza, TA 74014",Laterza,,,,,,,,,,,
Servito Srl,Servizio di catering,http://www.servitosrl.it/,099 829 6612,"Via Giuseppe Parini, 4",Laterza,,servito2010@libero.it,https,WordPress,No,Server Plan S.r.l.,73,71,92.00,Sì,No
Oleificio De Biasi,Oleificio,,099 821 6441,Via Appia S.S. 7 Laterza (Taranto),Laterza,,,,,,,,,,,
Azienda Vinicola e Olearia Giannico,Azienda vinicola,http://www.aziendagiannico.com/,099 821 6457,"SS580,Loc, SS7, Km 603",Laterza,,giannico@aziendagiannico.it,,Shopify,Sì,Aruba S.p.A. Network,60,74,92.00,Sì,No
Progeva,Servizio di gestione dei rifiuti,http://www.progeva.it/,099 641 1785,S.C. 14 Madonna delle Grazie - Caione,Laterza,,,https,WordPress,Sì,Aruba S.p.A.,53,64,85.00,Sì,No
Conservificio Lattarulo,Conservificio,,333 338 8667,Via Vito Larizza,Laterza,,,,,,,,,,,
Ristorante Agriturismo La Contessa Azienda Agrituristica La Contessa Dei F.Lli Giannaccari Marco E Celeste,Agriturismo,,0832 633227,"34, STR. PROV. 16, Lequile, LE 73010",Lequile,,,,,,,,,,,
Cafaro Lorenzo Azienda Agricola,Alimentari,,340 503 0207,"Via Case sparse, 13",Lequile,,,,,,,,,,,
Sisal Matchpoint,Agenzia di scommesse,,0832 261060,"VIA L. CASTELLO, 1",Lequile,,,,,,,,,,,
Deterdistribuzione Giannaccari S.R.L. Unipersonale,Industria cosmetica,,0832 632812,"Via Dante Alighieri, 80/82",Lequile,,,,,,,,,,,
Conte S.r.l.,Negozio di mobili,http://www.contearredamenti.com/,099 821 8150,Via Industrie Conte,Laterza,,conte-arredamenti@libero.it,https,WordPress,No,Netsons s.r.l.,64,79,92.00,Sì,No
Mediaplanet Store,Ditta specializzata in telecomunicazioni,,320 111 8287,"Via S. Pietro in Lama, 33",Lequile,,,,,,,,,,,
Agricola Laterza,Mercato degli agricoltori,https://agricolalaterza.com/,368 305 3140,"Via Eroi dello Spazio, 99",Pezze di Greco,,info@agricolalaterza.com,https,PrestaShop,No,Host SpA,48,75,92.00,Sì,No
Loforese Group,Impresa edile,http://www.isolarsi.it/,380 206 8615,"Via Giuseppe Montrone, 28/30",Laterza,,info@isolarsi.it,https,Shopify,Sì,Aruba S.p.A.,56,65,100.00,Sì,No
Cereali DE BIASI,Azienda agricola biologica,,099 829 6246,Contrada San Filippo,Laterza,,,,,,,,,,,
Nutergen Di Gentile Ernesto,Casa farmaceutica,http://www.nutergen.it/,099 221 6438,"Via Dante Alighieri, 60",Laterza,,,http,ASP.NET,No,Aruba S.p.A. Network,75,98,91.00,Sì,No
Mulino De Leo Sas,Mulino per macinare il grano,,0832 263070,"Via S. Vito, 49",Lequile,,,,,,,,,,,
Azienda Agrozootecnica Nuova Piccinni,Caseificio,,393 040 3533,S.P.125 Copertino-San Donato,Lequile,,,,,,,,,,,
Centro Edile srl Laterza,Fornitore di attrezzature per l'edilizia,http://www.centroedilesrl.com/,099 821 6333,"Via Matera, Snc",Laterza,,info@centroedilesrl.com,https,PrestaShop,No,Hetzner Online GmbH,47,75,92.00,Sì,No
Azienda agricola e caseificio di Maddalena Arcangelo - Candile -,Allevatore di bestiame,,329 313 7980,SP20,Laterza,,,,,,,,,,,
Radici Gastronomia Lequile,Gastronomia,,339 183 8112,"Via Trieste, 123",Lequile,,,,,,,,,,,
Azienda Vivaistica Zecca Fabio,Vivaio,,333 105 0057,Via Emanuela Loi,Leverano,,,,,,,,,,,
TecnoZac,Impresa di costruzioni,http://tecnozac.it/,338 947 5609,"Via della Pace, 3",Laterza,,info@tecnozac.it,https,WordPress,No,Netsons Network,59,75,92.00,Sì,No
COMMED I A,Azienda informatica,https://www.commediasrl.it/,0832 228509,"Via A. Foscarini, 18",Lequile,,,https,Joomla,Sì,"Cloudflare, Inc.",56,71,83.00,Sì,No
Afel,Negozio di abbigliamento,,347 967 6209,Via Vecchia San Cesario,Lequile,,,,,,,,,,,
Azienda Agricola Vittorio,Servizio agricolo,,392 135 0727,"Via Caredonne, 2",Lequile,,,,,,,,,,,
Valves S.r.l.,Azienda informatica,https://www.valvesonline.it/,0832 228461,"Via Antonio Filieri, 7",Lequile,,info@valvesonline.it,https,Weebly,Sì,Host SpA,28,48,100.00,Sì,No
Cantina Vecchia Torre,Azienda vinicola,http://www.cantinavecchiatorre.it/,0832 925053,"Via Ancona Circonvallazione Lecce - Porto Cesareo, Via Marche, 1",Leverano,,info@cantinavecchiatorre.it,https,React,Sì,Host SpA,55,56,85.00,Sì,No
Azienda Agricola Rocca,Vigneto,http://aziendaagricolarocca.com/,039 650151,"Via Galileo Galilei, 142",Leverano,,info@poderedoncataldo.com,https,Magento,Sì,Epiclink SRL,57,57,100.00,Sì,No
Nicolì S.p.A. | Restauri di Edilizia Storica | Edilizia Civile e Industriale,Impresa edile,http://www.nicolispa.it/,0832 633113,"Via S. Pietro in Lama, 26",Lequile,,amministrazione@pec.nicolispa.it,http,Shopify,Sì,Aruba S.p.A. Network,53,69,92.00,Sì,No
BEN SRL,Sicurezza e salute sul lavoro,http://www.ben-srl.com/,0832 403473,"Via Raffaello, 1",Lequile,,amministrazione@ben-srl.com,https,Joomla,Sì,Aruba S.p.A. Network,56,71,77.00,Sì,No
Fortunato Logistica - Lequile,Servizio di logistica,https://www.fortunatologistica.it/,347 660 7592,"Via S. Nicola Donadeo, 65",Lequile,,info@fortunatologistica.it,https,WordPress,Sì,Server Plan S.r.l.,42,63,85.00,Sì,No
Azienda Torricella,Bed & Breakfast,,327 043 9493,Via Carmiano,Leverano,,,,,,,,,,,
Agricola Societa' Cooperativa,Azienda vinicola,,0832 910394,"Via Cesarea, 0",Leverano,,,,,,,,,,,
Spazio Enel Partner - Lequile,Azienda fornitrice di energia elettrica,https://www.hydeale.it/dove-siamo/scheda/spazio-enel-partner-lequile/,0832 526297,"Via G. Carducci, 54",Lequile,,,https,WordPress,Sì,Server Plan S.r.l.,56,64,92.00,Sì,No
O.P. Società Agricola Cooperativa San Rocco,Cooperativa agricola,http://www.coopsanrocco.it/,0832 912189,"Via Ancona, SNC",Leverano,,coop.sanrocco@libero.it,http,Joomla,Sì,Aruba S.p.A.,75,98,92.00,Sì,No
Savina Orazio - Innovazioni tecnologiche per l'agricoltura,Negozio di articoli per il giardinaggio,http://www.savinaorazio.it/,0832 925311,"Provinciale, Via Veglie",Leverano,,,https,WordPress,Sì,Aruba S.p.A. Network,91,76,92.00,Sì,No
Conti Zecca,Azienda vinicola,http://contizecca.it/,0832 925613,Via Cesarea,Leverano,,info@contizecca.it,https,React,No,Host SpA,62,86,100.00,Sì,No
Mulino Dell'Anna,Fornitore di prodotti alimentari,https://mulinodellanna.it/,320 413 9848,"Via XXIV Maggio, n.8",Leverano,,mulinodellanna@gmail.com,https,WordPress,No,Aruba S.p.A.,65,62,92.00,Sì,No
GHIACCIO SALENTO ICE COMPANY a LEVERANO Ghiaccio Alimentare dal 2012,Fornitore di ghiaccio,https://www.ice-company.net/,324 955 8185,"Via Ancona, snc",Leverano,,info@self-service-ice-company.it,https,React,No,Google LLC,64,96,100.00,Sì,No
Officine Alimentari,Negozio di alimentari,,0832 090606,"Via Lizzanello, 83",Cavallino,,,,,,,,,,,
'Ingrosso Agricoltura'Di Ingrosso Vincenzo,Negozio,,0832 651118,"Via Chiurlia, 35",Lizzanello,,,,,,,,,,,
Birra Salento,Birrificio,http://www.birrasalento.it/,0832 925196,"Via Ancona, 2",Leverano,,,https,ASP.NET,No,Server Plan S.r.l.,55,57,92.00,Sì,No
Agricola dell’Arneo,Azienda vinicola,http://www.agricoladellarneo.it/,375 559 8020,"Via Vicinale Cerasa, 4",Leverano,,info@agricoladellarneo.it,https,Joomla,No,Kualo Limited,31,50,85.00,Sì,No
PESTADVISOR S.R.L.,Servizio di disinfestazione,,0832 183 4587,"Via Vecchia Lizzanello, Km 3",Lizzanello,,,,,,,,,,,
Longauto,Agenzia di noleggio auto,,329 108 1343,"Via Leonardo Da Vinci, 145",Lizzanello,,,,,,,,,,,
Legna Da Ardere Di Ulivo (Lattante Luigi) €10/qntl,Legna da ardere e pellet,,339 206 2301,"Via Bellini, 31",Lizzanello,,,,,,,,,,,
Ditta Cagnazzo Antonio Salvatore,Negozio di prodotti agricoli,,0832 922676,"Via E. Vittorini, 16",Leverano,,,,,,,,,,,
S.E.Mart s.r.l.,Costruttore immobiliare,,329 950 4050,"Via Italo Svevo, 32/A",Lizzanello,,,,,,,,,,,
MEBIMPORT SpA,Distributore di birra,http://www.mebimport.com/,0832 921368,Via Carmiano,Leverano,,infobari@mebimport.com,https,React,Sì,Aruba S.p.A.,30,65,92.00,Sì,No
Azienda Agricola Dimastrogiovanni,Fiorista all'ingrosso,,392 388 9386,SP119,Leverano,,,,,,,,,,,
Masseria Cricelli Azienda Agrituristica,Agriturismo,http://www.masseriacricelli.it/,327 348 5728,Contrada Cricelli s.n,Lizzanello,,info@masseriacricelli.it,https,Shopify,No,Aruba S.p.A. Network,61,84,92.00,Sì,No
L.i.c. srl,Negozio,http://www.licsrl.it/,0832 651539,"Via XX Settembre, 42",Lizzanello,,,http,ASP.NET,No,Aruba S.p.A. Network,87,98,91.00,Sì,No
Tenuta Macchiarola,Agriturismo,,320 647 9768,SP124,Lizzano,,,,,,,,,,,
Dal Contadino,Azienda agricola biologica,,340 668 3278,Via Fontanelle III,Traversa,,,,,,,,,,,
Il Mulino Calogiuri,Mulino per macinare il grano,http://www.ilmulinocalogiuri.it/,0832 651037,"Via Circonvallazione, 32",Lizzanello,,,https,WordPress,Sì,Seeweb srl,54,77,92.00,Sì,No
De Pascalis Giuseppe,Negozio,,0832 651091,"Via Antonio Gramsci, 29",Lizzanello,,,,,,,,,,,
MilleUna,Azienda vinicola,,392 997 4752,"Via Temenide, 3",Lizzano,,,,,,,,,,,
Blu Parts Srl,Rivenditore di motori diesel,http://www.bluparts.it/,0832 654306,"Via d'Afflitto, 49",Lizzanello,,,https,Joomla,No,Aruba S.p.A. Network,64,88,83.00,Sì,No
Spazio Enel Partner - Lizzano,Azienda fornitrice di energia elettrica,,099 221 0354,"Via Dante Alighieri, 41",Lizzano,,,,,,,,,,,
Vincotto 1825 di Gianni Calogiuri - Condimento agrodolce,Oleificio,http://www.vincotto1825.com/,0832 651729,"Via Leonardo Da Vinci, 12",Lizzanello,,info@vincotto.com,https,Shopify,Sì,Aruba S.p.A.,33,62,100.00,Sì,No
BLITZ detersivi lizzanello,Grossista di articoli per l'igiene personale,,331 884 9688,"via circonvallazione, Via Giacomo Leopardi",Lizzanello,,,,,,,,,,,
Stil Carta S.R.L.,Cartoleria,http://www.stilcarta.com/,0832 651049,"Via Camillo Benso Conte di Cavour, 53",Lizzanello,,stilcarta@gmail.com,https,Shopify,No,Passepartout s.a.,39,71,92.00,Sì,No
Agrifarm,Fornitore di trattori e macchine agricole,,099 955 8101,"Viale Antonio Gramsci, 89",Lizzano,,,,,,,,,,,
VITO srl,Alimentari,,331 870 2678,SP128,Lizzano,,,,,,,,,,,
Maglio Arte Dolciaria Srl,Fabbrica di cioccolato,,0836 427444,"Via Vincenzo Zara, 2",Maglie,,,,,,,,,,,
Azienda Agricola Sticchi,Azienda agricola biologica,,329 870 8432,via vecchia comunale maglie cutrofiano,Maglie,,,,,,,,,,,
Cantine Lizzano,Azienda vinicola,http://www.cantinelizzano.it/,099 955 2013,"Corso Europa, 37-39",Lizzano,,,https,WordPress,Sì,Serverplan s.r.l.,66,96,85.00,Sì,No
Negro Service - Punto Edison Maglie (LE),Azienda fornitrice di energia elettrica,,0836 485883,"Via Scorrano, 5",Maglie,,,,,,,,,,,
More One srl,Azienda informatica,http://moreone.it/,0832 700804,"Prov.le 241 Lizzanello Km 3, 73023",Lizzanello,,,https,WordPress,Sì,Fastweb SpA,89,99,100.00,Sì,No
ENERGY TECNO SPA,Fornitore di energia,http://www.energytecno.com/,0832 404367,"Via Case Sparse Li Mori, 3",Lizzanello,,,https,React,Sì,"Cloudflare, Inc.",21,27,100.00,Sì,No
Masseria Bianca Caseificio,Caseificio,,329 308 6496,Via Enrico Galvaligi,Lizzano,,,,,,,,,,,
Progradis Srl,Calzaturificio,,0836 312047,"Via Indipendenza, 34",Maglie,,,,,,,,,,,
Lanzo Antonietta,Oleificio,,099 955 2829,"Corso Vittorio Emanuele, 46",Lizzano,,,,,,,,,,,
MAJO,Azienda vinicola,,331 367 5978,"Via Carlo Poerio, 21",Lizzano,,,,,,,,,,,
Sprint S.r.l. - Stampa & Packaging,Stamperia commerciale,http://www.sprint.le.it/,0836 426508,Via Maestri del lavoro d'Italia,Maglie,,amministrazione@sprint.le.it,https,WordPress,No,Server Plan S.r.l.,60,65,85.00,Sì,No
La Nuova Fattoria - Lizzano (TA),Bed & Breakfast,http://www.lanuovafattoria.eu/,347 761 6380,"Contrada San Vito - Via Torretta, SP124",Lizzano,,info@lanuovafattoria.eu,https,Joomla,No,Aruba S.p.A. Network,42,72,92.00,Sì,No
Medical-Farma srl,Grossista,,0836 427866,"Via S. Pio X, 10",Maglie,,,,,,,,,,,
Unicrem srl,Grossista,http://www.unicrem.it/,335 663 9165,"Via Fratelli Piccinno, 118",Maglie,,info@unicrem.it,https,React,Sì,OVH SAS,54,89,100.00,Sì,No
Lazzari Srl - sede Legale,Negozio di segnaletica,http://www.lazzarisrl.it/,0836 471832,"Via Fratelli Piccinno, 94",Maglie,,,https,Squarespace,Sì,"Squarespace, Inc.",45,47,100.00,Sì,No
New Net S.r.l,Azienda di import-export,https://www.newnetsrl.it/,0836 515127,"Via Guglielmo de Giorgi, 6",Maglie,,info@newnetgs.it,https,WordPress,Sì,"Cloudflare, Inc.",0,0,85.00,Sì,No
Ortopedia Sanitaria Leucci,Rivenditore di attrezzature mediche,https://www.sanitarialeucci.it/,0836 427780,"Via Roma, 94",Maglie,,commerciale@sanitarialeucci.com,https,WordPress,No,Aruba S.p.A.,99,100,61.00,Sì,No
Tarantino Concimi S.r.l.,Grossista di prodotti chimici industriali,https://www.tarantinoconcimi.it/,0836 428028,"Via Gennaro Corrado, 3",Maglie,,info@tarantinoconcimi.it,https,Shopify,Sì,Host SpA,56,68,100.00,Sì,No
Azienda Sanitaria Locale Lecce via miglietta 5,Servizi medici locali,,0836 311173,"Via Pasquale De Lorentiis, 29/33",Maglie,,,,,,,,,,,
CHIGA Trasporti e Spedizioni,Servizio di spedizione merci,,335 744 5391,"Viale Italia, 41",Zollino,,,,,,,,,,,
PL Farma,Farmacia veterinaria,,0836 660523,"Via Giuseppe di Vittorio, 9",Zollino,,,,,,,,,,,
Pasticceria Alchimia,Pasticceria,,328 561 8775,"Via Stazione, 24",Zollino,,,,,,,,,,,
Maglie Ufficio Srl,Negozio di forniture per ufficio,,0836 428398,"Via Ernesto Sticchi, 38",Maglie,,,,,,,,,,,
Top Orange,Pasticceria,http://toporange.it/,0836 600091,"Viale della Repubblica, 7-1",Zollino,,info@sciuriddi.it,https,Joomla,No,"Amazon.com, Inc.",75,98,100.00,Sì,No
Calò & Monte | Legumi di Zollino,Alimentari,,320 473 1132,"Via Madonna di Loreto, 34",Zollino,,,,,,,,,,,
Spring S.r.l.,Acqua minerale e bevande naturali e gassate - produzione,,800 963 050,"Viale Italia, 53",Zollino,,,,,,,,,,,
Leaf Software,Azienda informatica,https://www.leafsoftware.it/,0836 312144,"Via Ignazio Ricci, 70",Maglie,,mail@pec.leafsoftware.it,https,WordPress,Sì,Aruba S.p.A.,59,95,85.00,Sì,No
Sanigea s.r.l.,Fornitore di attrezzature mediche,http://www.sanigea.eu/,0836 192 3693,"Via Nicola Ferramosca, 50",Maglie,,info@sanigea.eu,https,Shopify,Sì,Host SpA,64,73,92.00,Sì,No
Turigest S.R.L.,Servizio di catering,,0836 660761,"Via Guido Rossa, 15",Zona Industriale,,,,,,,,,,,
Rizzo Salvatore,Rivenditore di trattori,,339 361 4232,"LOTTO N. 1, Via Giurdignano",Minervino di Lecce,,,,,,,,,,,
Lachifarma S.p.A. Laboratorio Chimico Farmaceutico Salentino,Casa farmaceutica,http://www.lachifarma.com/,0836 600661,SS 16,Zona Industriale,,info@lachifarma.com,https,WordPress,No,Aruba S.p.A.,59,72,92.00,Sì,No
Mosaici Royal Bruno Srl Maglie,Studio di disegno industriale,http://www.mosaiciroyal.com/,388 120 3968,"Via Otranto, 72",Maglie,,info@mosaiciroyal.com,https,ASP.NET,Sì,Server Plan S.r.l.,70,84,92.00,Sì,No
Palazzo Mandurino,Bed & Breakfast,http://www.palazzomandurino.it/,0836 600282,"Piazza S. Pietro, 5",Zollino,,info@palazzomandurino.it,https,Joomla,No,Hetzner Online GmbH,55,75,92.00,Sì,No
Autodemolizioni Muscara,Autodemolitore,,0836 600288,"SS 16, Km 975/500",Zollino,,,,,,,,,,,
Ristorante Agricola Samadhi,Ristorante,https://www.agricolasamadhi.it/,0836 600284,"Via Stazione, 116",Zollino,,info@yogainsalento.com,https,React,Sì,Aruba S.p.A.,45,57,83.00,Sì,No
Casaeificio Dolcelatte,Caseificio,,0836 891059,"Via Galileo Galilei, 5",Minervino di Lecce,,,,,,,,,,,
Azienda Agricola Pagliara caseificio ,Caseificio,,370 122 4600,"Via Minervino, 68",Uggiano La Chiesa,,,,,,,,,,,
Pisello Nano,Opera esposta,,333 666 6666,"Via Vito Chiga, 42",Zollino,,,,,,,,,,,
Festa della Pitilla,Spazio per eventi,,339 489 4605,SP56,"Specchia Gallone, Minervino di Lecce",,,,,,,,,,,
Il Maceificio (Caseificio),Caseificio,,349 410 0916,"SC Santa Marina, 12",Minervino di Lecce,,,,,,,,,,,
Salumi Baccaro,Produttore,,327 693 3052,Via Chisure Nove15,Minervino di Lecce,,,,,,,,,,,
Kuffiari | Bottega dei Sapori,Fornaio,https://www.kuffiari.it/,351 503 9946,"Via Roma, 15",Zollino,,info@kuffiari.it,https,React,Sì,"Amazon.com, Inc.",99,98,92.00,Sì,No
Vending Manager & Vending App,Azienda informatica,http://www.vendingmanager.it/,366 495 2789,"Via Giuseppe di Vittorio, 21",Zollino,,info@vendingmanager.it,https,ASP.NET,No,Netsons Network,42,53,100.00,Sì,No
C.M. Forniture Srl - Forniture Termoidrauliche,Negozio di radiatori,,0836 818392,"Via Podgora, 19/21",Minervino di Lecce,,,,,,,,,,,
M.G.M. Servizi di De Marco M. & C. sas Soccorso Stradale - Autodemolizione,Autodemolitore,,0836 889062,Via Giurdignano,Minervino di Lecce,,,,,,,,,,,
Ngrillu frutta,Negozio di frutta e verdura,,389 179 0604,"Via Borgo Murtole, 1",Minervino di Lecce,,,,,,,,,,,
Zollino & Company Turbine - Motori - Ricambi,Negozio di ricambi per auto,https://www.zollinosrl.it/,0836 572640,Via Soleto,Martano,,zollinovito@gmail.com,https,PrestaShop,No,Aruba S.p.A. Network,61,59,92.00,Sì,No
Azienda Agricola Tondi (SERRA AMALTHEA),Caseificio,,320 011 3239,Via Bari,Zollino,,,,,,,,,,,
Q.M.due srl,Autodemolitore,http://www.autodemolizionequaranta.it/,346 579 8346,"Contrada Pastani, 40",Monteiasi,,,http,ASP.NET,No,Aruba S.p.A,100,100,82.00,Sì,No
LG Solutions Srl,Consulente per impianti di produzione di energia,http://www.lg-solutions.it/,334 989 3005,"Via John Kennedy, 19",Minervino di Lecce,,,https,Wix,Sì,Google LLC,72,77,100.00,Sì,No
Olio Birtolo - Agrimont Srl,Oleificio,http://www.oliobirtolo.it/,099 590 7276,"Viale A. De Gasperi, 113",Monteiasi,,,https,WordPress,No,Easyname GmbH,55,97,58.00,Sì,Sì
Frantoio Oleario Ciancia S.R.L,Oleificio,https://www.frantoiociancia.com/,334 332 7845,"Via Roma, 181/183",Monteiasi,,info@frantoiociancia.com,https,Basekit,No,Aruba S.p.A.,60,56,100.00,Sì,No
Italy Zoo & Garden,Negozio per animali,https://italyzoogarden.com/,348 866 4982,Zona Industriale Zona P.I.P,Minervino di Lecce,,,https,React,No,Google LLC,65,90,83.00,Sì,No
Autoservizi Chiriatti Srl,Noleggio di autobus,https://www.chiriattiviaggi.it/,0836 818007,"Via Proc. G. Bandello, 58",Minervino di Lecce,,info@chiriattiviaggi.it,https,React,No,Aruba S.p.A. Network,63,76,100.00,Sì,No
"Bellaresa Caffé, pasticceria, gelateria, food bar",Pasticceria,,345 233 1967,"Via Roma, 209",Monteiasi,,,,,,,,,,,
Origano Osteria,Ristorante italiano,http://www.menhirsalento.com/,339 532 5877,"SP59, 03",Palmariggi,,,https,Shopify,Sì,Aruba S.p.A.,42,48,82.00,Sì,No
Azienda Agricola Multifunzionale CAROPPO,Agriturismo,http://www.panificiocaroppo.it/,0836 818519,"Via Sant Anna, 48",Specchia Gallone frazione di Minervino di Lecce,,info@panificiocaroppo.it,https,WordPress,Sì,Server Plan S.r.l.,43,79,85.00,Sì,No
Pezzulla Fabrizio,Fornitore di finestre,,0836 818297,"Via Galileo Galilei, 39",Minervino di Lecce,,,,,,,,,,,
Conserva Domenico,Impresa di costruzioni,,099 599 3439,"Via S. Maria di Camera, 49",Monteparano,,,,,,,,,,,
Edil Quaranta,Negozio di materiale da pavimentazione,https://www.edilquarantasrl.it/,099 590 1430,"Via XXV Luglio 1943, 119",Monteiasi,,edilquaranta@libero.it,https,Angular,No,Netsons Network,65,86,85.00,Sì,No
Stola'S Store Srl,Negozio di abbigliamento,,099 590 1997,"Via Roma, 191A",Monteiasi,,,,,,,,,,,
Impiantistica di Alfredo Ferrante Monteparano,Ditta specializzata in impianti di riscaldamento,,347 080 4047,"Via Giulio Cesare, 69",Monteparano,,,,,,,,,,,
Macelleria Cervellera dal 1969,Macelleria,,099 599 3744,"Piazza Castello, 9",Monteparano,,,,,,,,,,,
Ditta Margherita Cosimo,Officina autoriparazioni,http://www.assoservice.net/it/rete-assistenza/,099 599 3658,"Via S. Maria di Camera, 66",Monteparano,,info@assoservice.net,https,ASP.NET,No,Irideos Spa,33,53,83.00,Sì,No
Autoservice D'Elia Srl - Mercedes Benz,Concessionaria Mercedes-Benz,http://www.autoservicedelia.mercedes-benz.it/,099 591 8780,"Contrada Nunni Grande Km 667, SP 7 Appia",Monteiasi,,info@autoservicedelia.com,https,ASP.NET,No,Akamai Technologies,18,43,100.00,Sì,No
"ETS - ODV E.R.A.V. SEZ. CITTÀ DI MONTEPARANO - N.O.E. (Protezione Civile). Via Roccaforzata, 32",Organizzazione di volontariato,http://www.protcivilemonteparanoera.altervista.org/,388 362 5765,"Via Roccaforzata Monteparano, 32/A",Monteparano,,,https,WordPress,No,"Cloudflare, Inc.",69,93,85.00,Sì,No
Mauro CARTANI Geometra,Geometra,,339 316 6485,"Via XXIV Maggio, 110",Monteparano,,,,,,,,,,,
Agenzia Funebre Mazza Mario,Agenzia funebre,,099 599 3794,"Via Giulio Cesare, 90",Monteparano,,,,,,,,,,,
Villa Argento R.S.S.A. Monteparano,Casa di riposo,http://www.villaargento.com/,099 974 2710,"Via Petraglione, 17",Monteparano,,info@villaargento.com,https,Joomla,No,Aruba S.p.A.,46,67,83.00,Sì,No
VCG srl,Azienda di import-export,http://www.vcgtrade.com/,099 590 7946,"Via Dante Alighieri, 40",Monteiasi,,info@vcgtrade.com,https,WordPress,Sì,Aruba S.p.A,57,82,85.00,Sì,No
Vera Food distribuzione,Grossista,http://www.verafooditalia.it/,347 199 3600,Strada vicinale Inchiusa,Monteiasi,,amministrazione@verafooditalia.it,https,WordPress,Sì,Aruba S.p.A.,52,70,100.00,Sì,No
Q8easy,Benzinaio,https://www.q8.it/servizi-prodotti/q8easy?utm_source=googlemybusiness&utm_medium=q8easy&utm_campaign=listing,800 010 808,S.S. 7 TER KM 3+051,Monteparano,,,https,React,Sì,"Fastly, Inc.",42,67,69.00,Sì,No
CB TECNO IMPIANTI,Fornitore di apparecchiature elettriche,http://cbtecnoimpianti.com/,099 947 3031,"Via Italia, 11",Monteparano,,,http,ASP.NET,No,Aruba S.p.A. Network,99,100,80.00,Sì,No
RE.MI SRL,Supermercato per l'industria,,320 383 5789,"Via R. Margherita, 11",Montemesola,,,,,,,,,,,
Punto Edison Montemesola (TA) - TERMOTECNICA SRL - Business Partner,Azienda fornitrice di energia elettrica,,080 480 6786,"Via R. Margherita, 61",Montemesola,,,,,,,,,,,
Veragel Service S.R.L.u.,Grossista,,099 566 0432,Viale delle Imprese,Montemesola,,,,,,,,,,,
Rama nikle,Negozio di computer,,350 096 7914,"Via Roccaforzata Monteparano, 82",Monteparano,,,,,,,,,,,
Consorzio Autotrasporti MONTECRISPI,Azienda di autotrasporti,,345 564 7830,"Viale degli Ulivi, 24",Montemesola,,,,,,,,,,,
Azienda Agricola Vetrère,Azienda vinicola,https://www.vetrere.com/,340 297 7870,"sp, km 16",Montemesola,,info@vetrere.it,https,WordPress,No,Serverplan s.r.l.,63,69,92.00,Sì,No
GmLab sede di Monteiasi,Laboratorio chimico,http://www.gmlab.eu/,099 652 1252,"Via Roma, 126",Monteiasi,,gmlab.centroanalisi@gmail.com,http,WordPress,No,OVH SAS,56,75,100.00,Sì,No
World Image S.R.L.,Raffineria di petrolio,http://www.amine-gas-treatment.com/,099 464 1667,"Viale della libertà, 10",Montemesola,,,https,WordPress,Sì,Aruba S.p.A.,54,77,92.00,Sì,No
Serveco S.R.L.,Servizio di gestione dei rifiuti,http://www.serveco.eu/,099 567 1111,"Viale delle Imprese, 3",Montemesola,,,https,ASP.NET,Sì,Aruba S.p.A.,36,57,85.00,Sì,No
Agricobots S.r.l.,Produttore di macchine agricole,https://www.agricobots.com/,099 567 1219,"Viale della libertà, 8",Montemesola,,info@agricobots.com,https,ASP.NET,Sì,Netsons s.r.l.,61,81,92.00,Sì,No
Icoser S.r.l.,Impresa di costruzioni,https://www.icoser.it/,099 566 4875,Via del Commercio,Montemesola,,mail@icoser.it,https,Shopify,No,Aruba S.p.A.,49,56,85.00,Sì,No
"Rienergia srl - ENERGIA RINNOVABILE, SOLARE FOTOVOLTAICO TERMICO E EOLICO",Fornitore di attrezzature per l'energia solare,,099 567 1400,"Viale delle Imprese, 3",Montemesola,,,,,,,,,,,
Azienda Agriavicola OVOSALENTO,Fornitore di uova,,380 785 4271,"Via delle Ginestre, 10",Monteroni di Lecce,,,,,,,,,,,
Azienda Agricola Martino di Favale Carla,Azienda agricola biologica,,347 987 8492,"Str. Comunale Saetta, 44",Monteroni di Lecce,,,,,,,,,,,
MARAS BUS di Buonfrate Maurizio,Azienda di trasporti in autobus,,346 386 9398,"Via Sabato V., 50",Monteroni di Lecce,,,,,,,,,,,
Cooperativa Agricola Squinzanese,Azienda vinicola,,0832 785984,"Via Circonvallazione, Squinzano, Le 73018",Monteroni di Lecce,,,,,,,,,,,
F.lli PATI srl,Impresa edile,,338 349 5573,"Via Tagliamento, 98",Monteroni di Lecce,,,,,,,,,,,
Apollonio Casa Vinicola,Azienda vinicola,http://www.apolloniovini.it/,0832 327182,"Via S. Pietro in Lama, 7",Monteroni di Lecce,,,https,WordPress,No,Aruba S.p.A.,24,42,92.00,Sì,No
Hostiz,Azienda per la gestione delle proprietà immobiliari,,389 603 5693,"Via Sabato V., 3",Monteroni di Lecce,,,,,,,,,,,
Giancane S.R.L.,Fornitore di materiali da costruzione,,0832 324669,"Corso Umberto I, 217",Monteroni di Lecce,,,,,,,,,,,
"BODY BLU S.R.L.- PRODUZIONE ABBIGLIAMENTO UOMO , DONNA E BIMBO",Azienda di confezionamento,,320 258 5825,"Via Don Luigi Sturzo, 13",Montesano Salentino,,,,,,,,,,,
Spazio Enel Partner Monteroni,Azienda fornitrice di energia elettrica,,0832 090331,"Via Alcide de Gasperi, 53",Monteroni di Lecce,,,,,,,,,,,
Azienda Agricola Cosi Tommaso A.,Servizio agricolo,,380 305 1902,"Via Chiusa, 77",Montesano Salentino,,,,,,,,,,,
Pastificio Fedele Produzione Artigianale,Negozio di pasta fresca,,099 590 1850,"Via XXV Luglio 1943, 94",Monteiasi,,,,,,,,,,,
Mediaplanet Store Monteroni,Ditta specializzata in telecomunicazioni,,392 321 6016,"Via Unità D'Italia, 34",Monteroni di Lecce,,,,,,,,,,,
Isolant Service s.r.l.,Produttore di acciaio,http://www.isolantservice.it/,099 590 1884,via G. Strusi,Zona Industriale,,info@isolantservice.it,https,Joomla,Sì,SEEWEB s.r.l.,55,67,85.00,Sì,No
Asepa Energy Srl,Fornitore di attrezzature per l'energia solare,http://www.asepaenergy.it/,099 964 6543,"Viale degli Ulivi, snc",Montemesola,,info@asepaenergy.it,,WordPress,Sì,Aruba S.p.A.,51,63,92.00,Sì,No
CONE Srl,Costruttore di case,http://www.conecostruzioni.com/,351 898 9078,"Via Unità D'Italia, 3",Monteroni di Lecce,,,https,Mobirise,Sì,Seeweb srl,61,95,100.00,Sì,No
Agrimaglie,Fornitore di trattori e macchine agricole,http://www.agrimaglie.it/,0833 763087,"Via della Libertà, 103",Montesano Salentino,,info@pec.agrimaglie.it,https,React,No,Aruba S.p.A.,63,94,92.00,Sì,No
Azienda Agricola Sanarica Emmanuel - Ulivè,Organizzazione agricola,https://olioulive.com/,329 953 8774,"Viale degli Ulivi, 12",Montemesola,,,https,React,Sì,"Cloudflare, Inc.",66,89,100.00,Sì,No
Melcarne Flavio,Impresa di web hosting,,0833 762580,"Via Tricase, 68",Montesano Salentino,,,,,,,,,,,
Donna Oleria,Produttore,http://www.donnaoleria.it/,348 675 2926,"Via San Fili contrada Saetta Shop in via Vito Fazzi 25 Lecce, Via S. Filippo Neri, 5",Monteroni di Lecce,,shop@donnaoleria.it,https,React,No,Aruba S.p.A.,61,64,83.00,Sì,No
Europlant Di Emanuele Miggiano,Vivaio,http://www.vivaiodelsud.com/,351 632 0967,"Snc, Via Lecce, Montesano Salentino, Le 73030",Montesano Salentino,,,https,ASP.NET,No,Aruba S.p.A. Network,48,73,92.00,Sì,No
Terre di Carmen,Azienda agricola biologica,,345 495 5661,"Via Nepole, 1",Morciano di Leuca,,,,,,,,,,,
Farmagricola Negro-Vivai,Vivaio,,0833 743684,"Via XXV Aprile, 24",Morciano di Leuca,,,,,,,,,,,
S.e.a.p. srl,Consulente ambientale,https://www.seapservizi.com/,0832 321204,"Via Cavour, 77",Monteroni di Lecce,,info@seapservizi.com,https,Joomla,Sì,Aruba S.p.A.,50,81,92.00,Sì,No
Azienda Agricola,Fattoria,,0832 329603,"Km. 8 Via Novoli, Lecce, Le 73100",Monteroni di Lecce,,,,,,,,,,,
Idropoint Morciano,Fornitore di impianti di riscaldamento,,0833 744029,"Via F.lli Bandiera, 4",Morciano di Leuca,,,,,,,,,,,
Sinergy s.r.l. Serramenti in Alluminio,Produttore,http://mysinergy.eu/,0836 935218,"SS275, 3",Montesano Salentino,,info@mysinergy.eu,https,WordPress,Sì,OVH SAS,56,79,75.00,Sì,No
Ricchiuti Lorenzo Dr.,Azienda agricola biologica,,0833 743061,"Via Repubblica, 49",Morciano di Leuca,,,,,,,,,,,
Macelleria Marzo,Macelleria,,0833 743422,"Via IV Novembre, 35",Morciano di Leuca,,,,,,,,,,,
Quaranta Alessandro,Commercialista,,0833 743362,"Via S. Giovanni Bosco, 60",Morciano di Leuca,,,,,,,,,,,
MACELLERIA RIZZELLO,Macelleria,,349 061 6853,"Via Giuseppe Pisanelli, 21",Montesano Salentino,,,,,,,,,,,
Branca Srl - Termoidraulica e Irrigazione,Negozio di forniture idrauliche,https://brancatermoidraulica.it/,0833 762024,"Via Giuseppe Pisanelli, 16",Montesano Salentino,,brancasrl2021@gmail.com,https,Shopify,Sì,SEEWEB s.r.l.,53,71,85.00,Sì,No
BRAMATO - Soluzioni per il comfort abitativo,Negozio di forniture idrauliche,https://www.bramato.energy/,393 550 1312,"Via Giuseppe Pisanelli, 61",Montesano Salentino,,bramatosrl@pec.it,https,WordPress,Sì,Aruba S.p.A. Network,54,75,92.00,Sì,No
Il Pasticciotto,Pasticceria,,340 253 8284,"Via S. Martino, 82",Morciano di Leuca,,,,,,,,,,,
Agriturismo Terra di Leuca,Agriturismo,http://www.terradileuca.com/,339 410 4698,Via S. Marina,Ruggiano,,terra.dileuca@libero.it,https,WordPress,No,Aruba S.p.A. Network,35,62,92.00,Sì,No
Agriturismo Specchiarussa,Agriturismo,https://agriturismo-specchiarussa.italiaparaexplorar.top/,0833 743040,"SP190, 12",Morciano di Leuca,,,https,WordPress,No,Ipxo LLC,53,0,92.00,Sì,No
Presidio Ospedaliero Mottola Ta,Ospedale,,099 885 0111,Via Silvio Pellico,Mottola,,,,,,,,,,,
I Sapori Del Casaro srl,Caseificio,,099 886 4309,"Via Giacomo Matteotti, 75/77",Mottola,,,,,,,,,,,
Salento Prime,Azienda per la gestione delle proprietà immobiliari,https://salentoprime.com/,351 794 7280,"Via S. Martino, 47",Morciano di Leuca,,,https,React,Sì,"Cloudflare, Inc.",69,89,92.00,Sì,No
Az. Agr. Biologica Notaristefano,Grossista di prodotti agricoli,,099 886 1013,"Via Salvatore Allende, 32",Mottola,,,,,,,,,,,
Paeco Sud Srl,Negozio,,0833 743884,"Via S. Castromediano, 159",Morciano di Leuca,,,,,,,,,,,
Frantoio D'Erchie,Oleificio,http://www.olioderchie.com/,099 566 0096,"Viale degli Ulivi, 1/A",Montemesola,,,https,WordPress,Sì,Netsons Network,79,89,85.00,Sì,No
Falegnameria Cazzato Di Cazzato Domenico,Falegname,,320 919 0070,"Via Tricase, 3",Montesano Salentino,,,,,,,,,,,
Agriturismo DolceMorso,Agriturismo,,331 976 6268,Contrada Dolcemorso,Mottola,,,,,,,,,,,
Cito Group,Produttore di mobili,http://www.citogroup.it/artigianato/,099 886 3316,"Via Giovanni Falcone, 14",Mottola,,,http,WordPress,No,Genesys Informatica S.r.l,63,85,100.00,Sì,No
Matarrese Giovanni - Azienda Agricola,Fattoria,,099 886 1147,"Via Gerolamo Gerloni, 4",Mottola,,,,,,,,,,,
Pentagricoltura,Fornitore di trattori e macchine agricole,,099 886 6101,"Viale Giuseppe Turi, 163",Mottola,,,,,,,,,,,
Carton Piu,Azienda di confezionamento,,099 888 5288,"Via Madonna del Carmine, 45",Mottola,,,,,,,,,,,
Azienda agricola Aia del Convento,Negozio di frutta e verdura,,328 585 0046,SP157,Muro Leccese,,,,,,,,,,,
Oleificio F.lii Colizzi,Oleificio,,0836 444034,"Via Enrico Fermi, 57",Muro Leccese,,,,,,,,,,,
Agriturismo Vòioro,Agriturismo,http://www.agriturismovoioro.it/,329 255 2795,Via Jori,Morciano di Leuca,,info@agriturismovoioro.it,https,Joomla,Sì,Aruba S.p.A.,57,65,85.00,Sì,No
Primigi Store - Igi&Co Store,Negozio di scarpe,https://www.igieco.it/,0833 744517,"Corso Italia, 191",Morciano di Leuca,,,https,React,Sì,Imac SPA,0,0,0.00,Sì,No
Classe A s.r.l.,Negozio di elettrodomestici,,0836 342157,"Via Malta, 201",Muro Leccese,,,,,,,,,,,
Cantina Pantun,Azienda vinicola,http://cantinapantun.it/,346 747 4210,Contrada Pantoni n.6,Mottola,,,https,React,Sì,Netsons Network,74,92,100.00,Sì,No
Azienda Agricola Campanella Maria,Fattoria,,099 886 0718,"63 Contrada Pandaro Perrini, Mottola, TA 74017",Mottola,,,,,,,,,,,
DS Centro Servizi,Centro di formazione,https://www.ds-centroservizi.it/,0833 183 1032,"Corso Italia, 13",Morciano di Leuca,,info@ds-centroservizi.it,https,Angular,No,Aruba S.p.A.,49,64,92.00,Sì,No
Frantoio le crie,Oleificio,,338 739 3387,cavalcavia su SS16,Muro Leccese,,,,,,,,,,,
Vivai Piante Miggiano di Massimiliano Miggiano,Vivaio,,329 618 5528,Via Salentina,Muro Leccese,,,,,,,,,,,
Società Agricola Castrignanò Vivai S. R. L.,Vivaio,,0836 483127,"Via Martiri D'Otranto, 16",Muro Leccese,,,,,,,,,,,
Azeta Metalli S.A.S. Di Ruggeri E C.,Lavorazione metalli,,0836 444005,Via Malta,Muro Leccese,,,,,,,,,,,
ALTA GROUP S.r.l.,Negozio di elettronica,,099 652 9436,"Via Alcide De Gasperi, 29",Mottola,,,,,,,,,,,
Vivai Mauro,Vivaio,http://www.vivaimauro.it/,339 568 6144,SS 16,Muro Leccese,,,http,ASP.NET,No,Aruba S.p.A. Network,78,80,90.00,Sì,No
MV Logistics s.r.l.,Servizio di logistica,http://mvlogisticssrl.it/,099 886 1002,"Via C. A. dalla Chiesa, 5",Mottola,,,http,Joomla,No,Aruba S.p.A. Network,67,92,100.00,Sì,No
Custodi@ APS Muro Leccese,Associazione / Organizzazione,,329 151 8061,Piazza del Popolo,Muro Leccese,,,,,,,,,,,
Elettra Domus Di Gnoni Davide,Negozio di forniture elettriche,,0836 343149,"Via Malta, 120",Muro Leccese,,,,,,,,,,,
G GROUP s.r.l.,Fornitore di impianti industriali,,0836 213395,"Via Francesco Petrarca, 1",Neviano,,,,,,,,,,,
Frutta & verdura di Antonio Pellegrino | Vendita di ortofrutta a km0,Negozio di frutta e verdura,,388 951 0061,"Via XXIV Maggio, 12",Neviano,,,,,,,,,,,
eXe Solution INFORMATICA E TELEFONIA di Musca Enrico,Negozio di elettronica,,328 144 0164,"Via Celinelle, 42",Neviano,,,,,,,,,,,
IP area di servizio Muro Leccese,Benzinaio,https://www.gruppoapi.com/,0836 342580,"Via Malta, 186/a",Muro Leccese,,,https,WordPress,Sì,Amazon Technologies Inc.,54,63,85.00,Sì,No
Costantini Srl,Noleggio di impianti e macchinari,https://costantinigroup.it/,335 748 5570,"Via Neviano, 39",Seclì,,gruppicostantini@gmail.com,https,Shopify,No,Aruba S.p.A.,61,80,100.00,Sì,No
Tendaggi Resta - Neviano,Fabbricazione e vendita tende,https://tendaggirestaneviano.wixsite.com/tendaggirestaneviano,333 797 9123,"Via Umberto I, 145",Neviano,,tendaggiresta@gmail.com,https,WordPress,No,Google LLC,60,75,100.00,Sì,No
Masseria Lacco,Alloggio completo di servizi,http://www.masseria-lacco.com/,320 079 6078,Unnamed Road LE,Palmariggi,,info@masseria-lacco.com,https,WordPress,No,Host SpA,56,84,85.00,Sì,No
Massimo De Pascali Costruzioni,Impresa di costruzioni,,0836 618136,"Via Giuseppe Verdi, 86",Neviano,,,,,,,,,,,
3Domotica,Azienda di domotica,http://www.3domotica.it/,328 688 7228,"Via Isonzo, 31",Muro Leccese,,,https,React,Sì,Aruba S.p.A.,51,72,50.00,Sì,No
Palazzo Muro Leccese,Bed & Breakfast,https://www.palazzomuroleccese.it/,329 924 7715,"Via Roma, 1",Muro Leccese,,info@palazzomuroleccese.it,https,Odoo,Sì,Aruba S.p.A.,32,45,92.00,Sì,No
Giuri Frantoio,Fattoria,,324 855 216,"Via Roma, 89",Neviano,,,,,,,,,,,
Cotec One srl,Elettricista,http://www.cotec.srl/,0836 212091,"Via Corsica, 133",Muro Leccese,,info@cotec.srl,https,Shopify,Sì,Google LLC,56,71,92.00,Sì,No
Tabaccheria Latino,Tabaccheria,,0836 618252,"Via Dante Alighieri, 64",Neviano,,,,,,,,,,,
Tundo Srl,Impresa di costruzioni,http://www.tundosrl.it/,800 089 431,Strada Provinciale Neviano s.n.c.,Seclì (Lecce),,,http,ASP.NET,Sì,Aruba S.p.A. Network,82,100,92.00,Sì,No
Spazio Enel Partner Mottola,Consulente,https://www.ideasrlenergia.it/spazi-vendita/spazio-mottola/?utm_source=google&utm_medium=GMBSitelink&utm_campaign=GMBSitelink_Mottola_5QB,099 450 7162,"Via Europa, 4",Mottola,,,https,React,Sì,Aruba S.p.A.,47,7,92.00,Sì,No
Dostranseuropa s.r.l.,Spedizioniere marittimo,,0836 618443,"Via Carlo Levi, 4",Neviano,,,,,,,,,,,
nuova impredil soc coop,Impresa di costruzioni,http://www.nuovaimpredil.it/,328 918 7737,"Via Principe di Napoli, 50",Neviano,,,http,WordPress,No,Aruba S.p.A.,59,77,85.00,Sì,No
Minisgallo Antonio,Negozio di alimentari,,368 308 6612,"Via Roma, 253",Neviano,,,,,,,,,,,
Antonaci Stemar Soc. Coop,Associazione / Organizzazione,https://www.antonacistemar.it/,340 542 0605,"Via Giuseppe Garibaldi, 3",Neviano,,antonacistemar@gmail.com,https,WordPress,Sì,Aruba S.p.A.,60,79,92.00,Sì,No
Proxima Design SRL,Produttore di arredi per negozi e supermercati,http://proximadesign.it/,0836 214397,"Via Perlasca, 6",Neviano,,proximasrl1@legalmail.it,https,React,Sì,Aruba S.p.A,56,83,100.00,Sì,No
Cielo E Terra di Mudoni Antonio,Negozio di articoli religiosi,,333 918 4674,"Via Umberto I, 47",Neviano,,,,,,,,,,,
Officine Durante Ste.Co. Srl,Servizio componenti elettrici per auto,http://www.officinedurante.it/,0833 872979,"Via Principi di Savoia, 122",Nardò,,,http,ASP.NET,No,Aruba S.p.A. Network,100,100,82.00,Sì,Sì
Azienda Agricola Chiriasi Cosimo,Produttore di alimenti,https://chiriasi.it/?ref=gm,320 827 2236,"Via Ureta, 22",Nardò,,cosimo.chiriasi@pec.agritel.it,https,PrestaShop,No,Netsons Network,56,82,92.00,Sì,No
"Cantina Sociale Coop. Di Nardò, Lecce, Salento.",Azienda vinicola,https://www.cantinanardo.it/,0833 561558,"Via Alcide de Gasperi, 46",Nardò,,,https,WordPress,No,Seflow S.N.C. Di Marco Brame' & C.,62,98,85.00,Sì,No
Schola Sarmenti,Azienda vinicola,http://www.scholasarmenti.it/,0833 567247,"Via Generale Cantore, 37",Nardò,,info@scholasarmenti.it,https,Joomla,Sì,Server Plan S.r.l.,57,68,85.00,Sì,No
Produper S.r.l.,Acquedotto,,348 071 0573,"Via S. Severino, 101",Nardò,,,,,,,,,,,
Tenute Gabellone Vini,Azienda vinicola,http://www.tenutegabellonevini.it/,377 345 8941,"Via Gabriele D'Annunzio, 51",Nardò,,info@tenutegabellonevini.it,https,WordPress,No,Aruba S.p.A. Network,62,73,91.00,Sì,No
Caba Srl,Produttore,https://scatolificiocaba.it/,0833 832138,"Viale Giorgio Perlasca, 13",Nardò,,info@scatolificiocaba.it,https,React,No,Hetzner Online GmbH,57,94,92.00,Sì,No
Frair Di Rodolfo Giovanni Lepore Srl,Grossista di acqua minerale,,0833 872611,"Via Oronzo Quarta, 91",Nardò,,,,,,,,,,,
Antico Forno di De Michele Annunziata & C. Sas,Fornaio all'ingrosso,,0836 939433,"Via Supersano, 56",Nociglia,,,,,,,,,,,
Cantine Bonsegna,Azienda vinicola,https://cantinebonsegna.it/,0833 561483,"Via A. Volta, 17",Nardò,,,https,WordPress,No,Serverplan S.r.l.,51,54,85.00,Sì,No
Autoservizi Chiffi Srl - Autolinea noleggio pullman,Noleggio di autobus,http://www.chiffibus.it/,335 426 260,"Via Generale Cantore, 88",Nardò,,info@chiffibus.it,https,Shopify,Sì,Aruba S.p.A.,65,92,100.00,Sì,No
Nonna Mafalda,Lavanderia automatica,,346 164 0879,"Via D. Alighieri, 37",Nociglia,,,,,,,,,,,
Borel Srl,Negozio di elettrodomestici,https://www.borelsrl.it/,0833 579059,"Via Due Aie, 100e",Nardò,,,https,React,No,Gamgroup Srls,25,46,83.00,Sì,No
CARAFA S.p.A.,Impresa di costruzioni,http://www.carafaspa.it/,0833 193 6710,"Via Principi di Savoia, 70",Nardò,,,https,Shopify,Sì,Server Plan S.r.l.,67,84,85.00,Sì,No
MCA Distribuzione Ortofrutta,Grossista di frutta e verdura,,389 441 8759,"Via Vittorio Emanuele, 183",Nociglia,,,,,,,,,,,
Cpaf Capece Srl,Casa di riposo,,0836 936754,"Via T. Tasso, 5",Nociglia,,,,,,,,,,,
Computer & Service Di Massaro Anna Maria,Negozio di computer,,328 088 4163,"Via Umberto I, 43",Nociglia,,,,,,,,,,,
Cesare Bruno Srl,Negozio di mangimi,,0833 572503,"Via Mauro Manieri, 1",Nardò,,,,,,,,,,,
Azienda Servizi Ecologici - Nardò - Bastone Salvatore,Servizio di gestione dei rifiuti,https://www.bastonesalvatore.srl/,320 687 8684,Via Fratelli Mattei,Nardò,,info@bastonesalvatore.it,https,React,Sì,Aruba S.p.A. Network,55,81,100.00,Sì,No
For Srls,Stamperia,,377 203 0312,"Via Leonardo Da Vinci, 2",Nociglia,,,,,,,,,,,
Spazio Enel Partner Oria,Azienda fornitrice di energia elettrica,,0831 197 0231,"Via Mario Pagano, 2",Oria,,,,,,,,,,,
Sole Italia Soc. Agricola Srl,Negozio di prodotti alimentari italiani,http://www.soleitalia.net/,0836 237201,"Via Michelangelo, 5",Nociglia,,,https,PrestaShop,No,Aruba S.p.A.,65,80,100.00,Sì,No
Gresmar S.r.l.,Laboratorio,,349 181 8112,"Via Nociglia, 34",Supersano,,,,,,,,,,,
Hortus Agrobistrot - Azienda Agricola bio,Agriturismo,,347 192 2724,SC Sant'Andrea,Oria,,,,,,,,,,,
Ortofrutticola Oritana Societa' Cooperativa,Grossista di frutta e verdura,,0831 845726,"Contrada Belloluogo, Oria, BR 72024",Oria,,,,,,,,,,,
Kyrios Di Calizia Michela,Azienda di confezionamento,,333 627 0962,"Via Giacinto D'Oria, 67",Oria,,,,,,,,,,,
Pinto Latticini e Formaggi - Prodotti Tipici Salentini,Caseificio,https://www.pintoformaggi.it/,339 146 2169,"Via Manduria, km 1",Oria,,info@pintoformaggi.it,https,ASP.NET,No,Aruba S.p.A,59,68,91.00,Sì,No
Schizoid Printer,Stamperia,http://www.schizoidprinter.com/,389 153 8773,"Via Gorizia, 12",Nociglia,,,https,WordPress,No,Hetzner Online GmbH,73,80,92.00,Sì,No
I Quattro Rioni,Bed & Breakfast,http://www.iquattrorioni.com/,329 707 6110,"Via Tevere, 29",Nociglia,,info@iquattrorioni.com,https,ASP.NET,No,Aruba S.p.A. Network,55,61,91.00,Sì,No
Toma Alfredo,Fattoria,,0836 938026,"Via D. Alighieri, 16",Nociglia,,,,,,,,,,,
LinePack,Negozio di materiali da imballaggio,http://www.line-pack.it/,0836 939320,"Via Leonardo Da Vinci, 4, Zona Ind., 73020",Nociglia,,commerciale@line-pack.it,http,WordPress,Sì,Server Plan S.r.l.,72,69,92.00,Sì,No
Ovoria,Azienda avicola,,333 934 5375,Contrada Santoro Vicino,Oria,,,,,,,,,,,
PF Spezie - Aromi e Ingredienti esclusivi,Negozio di prodotti alimentari all'ingrosso,https://www.pfspezie.it/,329 804 3506,"Via Latiano, 151",Oria,,pfspezie-oria@libero.it,https,ASP.NET,No,Aruba S.p.A,55,70,100.00,Sì,No
Omega Alimentari (S.R.L.),Negozio di prodotti alimentari all'ingrosso,https://www.omegalimentari.com/,0831 816131,Contrada Santoro,Zona Industriale,,info@omegalimentari.com,https,WordPress,Sì,Aruba S.p.A. Network,65,89,100.00,Sì,No
Gas Italia srl,Azienda di fornitura del gas,https://www.gas-italia.com/,0831 214569,Via Torre Santa Susanna 0.500km,Oria,,info@gas-italia.com,https,ASP.NET,Sì,Aruba S.p.A. Network,56,62,82.00,Sì,No
De Tommaso srl,Magazzino all'ingrosso,http://www.detommasoingrosso.it/,320 022 6938,"Vico G. De Marzo, 15",Oria,,nome@email.com,https,Basekit,No,Aruba S.p.A.,46,51,100.00,Sì,No
Azienda Agricola L'Onda Fertile,Azienda agricola biologica,https://www.ondafertile.com/,348 516 2105,Contrada Monti,Oria,,ondafertile@gmail.com,https,WordPress,Sì,Aruba S.p.A. Network,63,83,85.00,Sì,No
Oleifici Masiello & C. S.N.C.,Oleificio,,0831 817456,"Via Latiano, 208",Oria,,,,,,,,,,,
Azienda Agricola Lorenzo Greco Floricoltura,Azienda agricola biologica,,329 742 5592,Strada Comunale Antica Napoli,Novoli,,,,,,,,,,,
Sud Elettronic S.R.L.,Negozio di elettronica,https://www.sudelettronic.com/,0831 847143,"Piazza Ippocrate, 18",Oria,,info@sudelettronic.com,https,WordPress,No,Aruba S.p.A.,44,43,92.00,Sì,No
Tr Inox Accessori Nautici,Fornitore di accessori nautici,http://www.tr-inox.it/,0833 784089,Via Leonardo Da Vinci,Nociglia,,info@tr-inox.it,http,React,Sì,Aruba S.p.A. Network,38,0,82.00,Sì,No
Punto Edison Novoli (LE) - TECNO IMPIANTI - Business Partner,Azienda fornitrice di energia elettrica,,389 155 3812,"Via Sant'Antonio, 27A",Novoli,,,,,,,,,,,
Stampi Sud S.R.L.,Ditta specializzata in strutture in cemento,http://www.stampisud.it/,0831 849695,Via Torre Santa Susanna,Oria,,8eb368c655b84e029ed79ad7a5c1718e@sentry.wixpress.com,https,React,Sì,Google LLC,85,96,92.00,Sì,No
GRAVILI SERVIZI AUTOMOBILISTICI SRLS,Agenzia pratiche auto e barche,,0832 713860,"Via Papa Giovanni XXIII, 15",Novoli,,,,,,,,,,,
YesPuglia - vini di eccellenza,Enoteca,https://yespuglia.com/,351 576 5773,"Via XXIV Maggio, 32",Oria,,,https,Shopify,Sì,Aruba S.p.A.,72,93,92.00,Sì,No
Fattorie Salentine sarl,Azienda di allevamento bestiame,,328 698 3471,"S.P. 15 VEGLIE, KM, 3,5",Novoli,,,,,,,,,,,
Masseria Didattica Quattro Pizzure,Azienda agricola biologica,,335 575 4325,Via Lecce Case Sparse snc,Novoli,,,,,,,,,,,
Spillbev Srl,Negozio,http://www.spillbev.it/,0832 712530,Via Antonio Donato Romano,Novoli,,info@spillbev.it,http,ASP.NET,No,Aruba S.p.A. Network,59,82,82.00,Sì,No
Tenuta Giardini Nuovi,Hotel,http://www.tenutagiardininuovi.it/?utm_source=gbp&utm_medium=organic,331 839 5847,Strada Provinciale Novoli Lecce,Novoli,,info@tenutagiardininuovi.it,https,ASP.NET,No,Signet B.V,79,93,92.00,Sì,No
DistilleryEvents21 | Sala eventi per feste Novoli,Impresa di organizzazione di eventi,,320 199 3680,"Via Milano, 29",Novoli,,,,,,,,,,,
Azienda Agricola Biologica Ayroldi,Azienda agricola biologica,,338 365 3693,40°21'25.7N 18°04'10.6E,Novoli,,,,,,,,,,,
Lu Campu,Agriturismo,,329 337 8135,"Via Vecchia Surano, 5",Ortelle,,,,,,,,,,,
Autentici Sapori Contadini - Azienda agricola Circhetta Vottorio,Alimentari,,0836 958616,"Via Vecchia Surano, 3",Ortelle,,,,,,,,,,,
FUTURA Srl - Costruzioni Edili,Impresa di costruzioni,,320 864 1906,"di Ortelle, Via Unità D'Italia, 27",Vignacastrisi,,,,,,,,,,,
Progetto Azienda S.r.l.,Web designer,http://www.progettoazienda.net/,0832 714437,"Via Udine, 5",Novoli,,,https,Angular,No,Aruba S.p.A.,59,88,85.00,Sì,No
Fachechi Eugenio,Impresa di scavi e demolizioni,,0836 959039,Via Petracca,Ortelle,,,,,,,,,,,
Agriturismo Tenuta Lu Cantieri  | Cucina tipica salentina,Ristorante di cucina mediterranea,https://www.tenutalucantieri.it/,350 071 1165,"Agriturismo Tenuta Lu Cantieri  Ristorante km 0, Via li Stretti, n°24",Novoli,,info@tenutalucantieri.it,https,React,No,OVH SAS,60,87,85.00,Sì,No
Lavanderia La Moderna,Lavanderia,,328 876 3516,"Via Vecchia Ortelle, 31",Vignacastrisi,,,,,,,,,,,
Avv. Lanzilao Rosina,Studio legale,,348 414 3016,"Via Giuseppe Garibaldi, 127",Ortelle,,,,,,,,,,,
Villa Marchesi Itap Srl,Location per matrimoni,http://www.villamarchesi.it/,328 748 6410,"str. Provinciale Carmiano-salice, Campi Salentina",Novoli,,info@villamarchesi.it,https,React,No,Aruba S.p.A. Network,56,44,85.00,Sì,No
Medipharma,Casa farmaceutica,,0832 713688,"Via XXIV Maggio, 35",Novoli,,,,,,,,,,,
Gera Alimenti Srl,Negozio di prodotti alimentari all'ingrosso,https://www.geralimenti.com/,328 956 9911,"Via Madonna del Pane, 28",Novoli,,geralimenti@gmail.com,https,React,Sì,Aruba S.p.A.,56,92,100.00,Sì,No
Piante e Fiori di Rizzello Giuseppa,Agenzia funebre,,0836 958331,"Via Castro, 69",Ortelle,,,,,,,,,,,
Agriotranto A.r.l.,Oleificio,,349 057 1662,"Via S. Francesco di Paola, 68",Otranto,,,,,,,,,,,
Cedfor Service Soc. Coop.,Consulente aziendale,http://www.cedfor.it/,0831 840607,"Via Latiano, 133/B",Oria,,,https,WordPress,No,Hetzner Online GmbH,59,81,85.00,Sì,No
Cantine De Falco,Azienda vinicola,http://www.cantinedefalco.it/,0832 711597,"Via Milano, 25",Novoli,,info@cantinedefalco.it,https,Joomla,Sì,Aruba S.p.A.,40,64,100.00,Sì,No
Azienda Agricola Nonno Pippi,Negozio di frutta e verdura,,347 260 3107,"Via Azienda Montelauro, snc",Otranto,,,,,,,,,,,
Torre S.Emiliano | Formaggi della Terra d'Otranto,Caseificio,http://www.torresantemiliano.it/,0836 801239,SS16,Otranto,,info@torresantemiliano.it,https,WordPress,Sì,Aruba S.p.A. Network,56,61,100.00,Sì,No
Artefatto - L'Idea in Terracotta,Negozio di artigianato tipico,https://www.artefattolab.it/,0836 503412,Via Petracca,Ortelle,,info@artefattolab.it,https,WordPress,No,Aruba S.p.A. Network,49,66,92.00,Sì,No
Moving Salento Taxi,Servizio taxi,https://www.movingsalentotaxi.it/,328 338 5114,Via Giacomo Matteotti,Ortelle,,movingtaxisalento@gmail.com,https,Joomla,No,Aruba S.p.A. Network,64,91,100.00,Sì,No
Carluccio Luigi Trasporti-Deposito Ortelle,Servizi di trasporto,http://www.carlucciotrasporti.com/,0836 958785,SP81,Ortelle,,info@carlucciotrasporti.com,https,React,Sì,Keliweb S.R.L,56,68,92.00,Sì,No
Settembre Azienda Agricola,Oleificio,,0836 802789,Prov.le 366 km 33 via Alimini Gruppo Settembre,Otranto,,,,,,,,,,,
Azienda Agricola Rausa,Fattoria,,348 440 0843,"Otranto, SP366",Otranto,,,,,,,,,,,
Terrae Hydrunti,Bed & Breakfast,http://www.terraehydrunti.it/,328 134 9208,"Via Cota, 20",Lecce,,info@terraehydrunti.com,https,Shopify,Sì,OVH SAS,46,76,92.00,Sì,No
Masseria Montevergine,Ristorante italiano,http://www.aziendamontevergine.it/,0836 804323,"SP48, Km 19/250",Otranto,,info@aziendamontevergine.it,https,Shopify,Sì,Aruba S.p.A.,44,79,100.00,Sì,No
Azienda Agricola Biologica Saracino,Azienda agricola biologica,,327 791 5816,"Via Fontanelle, 137 Vicinale Masseria Muzza",Otranto,,,,,,,,,,,
Azienda Agricola De Santis,Azienda agricola biologica,,328 023 5173,SP151,Otranto,,,,,,,,,,,
Azienda Agricola Di Terra D'Otranto Di Tenore Antonio C. E Michele S.S,Fattoria,,0836 801877,Via Fabrizio,Otranto,,,,,,,,,,,
Tenuta Corallo Winery,Azienda vinicola,https://www.tenutacorallo.it/cantina-e-vini/,380 868 2366,"Strada Provinciale 366, Località Baia dei Turchi, km 28,700",Otranto,,info@tenutacorallo.it,https,React,No,Aruba S.p.A.,40,39,92.00,Sì,No
Agriturismo L'Agrumeto - Otranto,Agriturismo,http://www.lagrumetootranto.it/,351 651 0111,Via Uliveto Vecchio,Otranto,,,https,Joomla,No,Serverplan S.r.l.,59,88,83.00,Sì,No
Il Contadino,Agriturismo,http://www.ilcontadino.it/,351 774 6917,Via Azienda,Frassanito,,ilcontadino@ilcontadino.it,https,WordPress,Sì,Google LLC,55,48,92.00,Sì,No
Agriturismo biologico Fontanelle,Bed & Breakfast,http://www.fontanelleotranto.it/,338 133 8400,"VIA SP 366, KM 28",Otranto,,info@fontanelleotranto.it,https,Shopify,Sì,Serverplan S.r.l.,55,39,92.00,Sì,No
Agriturismo LA FATTORIA,Bed & Breakfast,http://www.lafattoria-otranto.com/,338 984 7932,SP358,Otranto,,info@lafattoria-otranto.com,https,WordPress,No,Aruba S.p.A. Network,59,79,92.00,Sì,No
Agriturismo Scalelle,Ristorante,http://www.scalelle.com/,0836 804653,SP358 Otranto - Uggiano la chiesa,Otranto,,,https,React,Sì,"Cloudflare, Inc.",46,67,100.00,Sì,No
Azienda Agricola Mazzarrino,Oleificio,http://www.oliomazzarrino.it/,328 018 9953,"C.da Serrapizzuta, 19A – Azeinda Agricola Mazzarrino",Palagianello,,info@oliomazzarrino.it,https,Shopify,Sì,"Cloudflare, Inc.",70,86,92.00,Sì,No
Cosmo Ranch,Maneggio,,348 244 8949,"Azienda Agricola Petrosa, Contrada Sterpina, 20",Palagianello,,,,,,,,,,,
Azienda Agricola D'Aprile Bartolomeo,Azienda agricola biologica,,345 960 8652,"contrada conocchiella, sn",Palagianello,,,,,,,,,,,
Agriturismo Tenuta Sant'Emiliano,Agriturismo,https://www.tenutasantemiliano.com/,339 109 2769,SP87,Otranto,,,https,Wix,Sì,Google LLC,67,86,100.00,Sì,No
Li Massari Otranto,Agriturismo,https://beb.it/limassariotranto,328 581 7647,"Via Azienda Fontanelle, 131",Otranto,,,https,Vue,No,"Amazon.com, Inc.",89,93,100.00,Sì,No
Società Agricola Naturadice Srl,Grossista di frutta,,320 791 4124,Contrata Sacramento,Palagianello,,,,,,,,,,,
AZIENDA AGRICOLA DI NOTARISTEFANO PIERANGELO,Azienda agricola biologica,,320 450 8783,"Corso Gramsci, 154",Palagianello,,,,,,,,,,,
Vivai Cooperativa Fontanelle,Azienda agricola biologica,,329 677 4893,SP366,Otranto,,,,,,,,,,,
Cosmo-Bio Az. Agr. di Fazzeni Giovanna,Azienda agricola biologica,https://www.cosmo-bio.it/,391 149 9208,"Contrada Sterpina, SS7, snc",Palagianello,,info@cosmo-bio.it,https,Joomla,Sì,Server Plan S.r.l.,39,49,100.00,Sì,No
Pavone Azienda Agricola,Produttore,https://www.pavoneaziendaagricola.com/,340 323 8870,"Nuovo, snc, Parco Casale Nord",Palagianello,,info@pavoneaziendaagricola.com,https,Wix,Sì,Google LLC,68,87,100.00,Sì,No
Galatone Giuseppe,Grossista,,099 849 4050,"Via Giacomo Matteotti, 51",Palagianello,,,,,,,,,,,
Azienda Agricola Martellone,Frutteto,,099 884 1579,"C.da Lenne, sn",Palagiano,,,,,,,,,,,
Azienda Petrosa,Fattoria,,099 337433,"Contrada Sterpina, 20",Palagianello,,,,,,,,,,,
B.H.L. Autotrasporti e Logistica Srl,Azienda di autotrasporti,,099 849 4529,"Contrada Parco di Stalla, 9",Palagianello,,,,,,,,,,,
Greco Trattori Srl,Fornitore di trattori e macchine agricole,http://www.grecotrattori.it/,099 843 4080,Strada Statale 7 Appia Km 619+607,Palagianello,,informazioni@grecotrattori.it,https,ASP.NET,No,Aruba S.p.A. Network,61,85,100.00,Sì,No
Azienda Agricola Giannotta,Azienda agricola biologica,,339 321 6995,"Complanare SS 106, Palagiano SUD",Palagiano,,,,,,,,,,,
AGRIDUEMILA SRL,Negozio di prodotti agricoli,https://www.agriduemiladelprete.it/,099 888 4502,"Città impresa, c.da lupini, Palagiano Nord",Palagiano,,info@agriduemiladelprete.it,https,Shopify,No,WIIT AG,42,59,92.00,Sì,No
D'Onghia Maria Concetta,Caseificio,,099 888 2225,"Via Filangieri, 31",Palagiano,,,,,,,,,,,
Parco di Stalla,Azienda agricola biologica,http://www.parcodistalla.it/,339 495 4770,"Contrada Parco di Stalla, 6",Palagianello,,,https,WordPress,No,Aruba S.p.A. Network,57,69,85.00,Sì,No
Terre Fatiguso - Sede Amministrativa,Azienda agricola biologica,https://terrefatiguso.it/,099 593 4130,"Via Vito Sansonetti, 50",Palagiano,,info@terrefatiguso.it,https,WordPress,No,Google LLC,61,79,100.00,Sì,No
Azienda agricola Catucci Cosimo,Azienda agricola biologica,,329 113 1409,"Contrada Galliano, SNC",Palagiano,,,,,,,,,,,
DC COMPANY SRLS,Grossista,,348 652 1845,H28J+CM,Palagiano,,,,,,,,,,,
Agricola G.M.,Fattoria,,099 888 6892,Corso Lenne,Palagiano,,,,,,,,,,,
Azienda Agricola Nicolini Giuseppe,Produttore di alimenti,https://www.nicolini.farm/,335 746 8722,"Contrada Conocchiella, snc",Palagianello,,info@nicolini.farm,https,WordPress,Sì,Server Plan S.r.l.,62,92,92.00,Sì,No
Schiavone Group S.r.l.,Azienda di import-export,http://www.schiavonegroupsrl.com/,099 888 9012,"Via Extramurale, 12",Palagiano,,,http,Joomla,No,Aruba S.p.A.,56,95,83.00,Sì,No
Eventpol S.r.l.,Azienda di import-export,,334 975 1647,"Sede legale:, Via Martiri di Belfiore, 36",Palagiano,,,,,,,,,,,
Spazio Enel Partner Palagianello (Ta),Negozio di forniture elettriche,https://hydeale.it/spazi-vendita/spazio-enel-palagianello-ta/?utm_source=google&utm_medium=GMBSitelink&utm_campaign=GMBSitelink_Palagianello_7H3,099 946 6677,"Corso Gramsci, 92 A",Palagianello,,,,React,Non trovato,Server Plan S.r.l.,56,81,50.00,No - Pagina Non Trovata (404),No
Frantoio Oleario BENVENUTI,Oleificio,http://www.frantoiobenvenuti.com/,099 450 2303,"Corso Gramsci, 148",Palagianello,,info@frantoiobenvenuti.com,https,Shopify,Sì,SEEWEB s.r.l.,46,52,85.00,Sì,No
AVIM Agricola Vivaistica Meridionale Coop. a r.l.,Vivaio,,099 885 5056,"S.S. 106, Viale Chiatona",Palagiano,,,,,,,,,,,
Olio Sante,Oleificio,http://www.oliosante.com/,0831 330700,"Contrada Lamacavallo, 2",Ostuni,,info@oliosante.com,https,Shopify,No,OVH SAS,82,95,77.00,Sì,No
Varegliano Srl,Negozio di forniture elettriche,,099 888 5929,"Viale Chiatona, 73",Palagiano,,,,,,,,,,,
Domus Oleorum,Ristorante,https://www.oliopomes.it/domus-oleorum/,0831 331807,"Via G. Pisanelli, 16",Ostuni,,eupoliisrl@gmail.com,https,ItaliaOnline,Sì,Server Plan S.r.l.,61,88,85.00,Sì,No
Purostuni,Negozio,http://www.aziendagricola.it/,0831 332644,"Via Cattedrale, 13",Ostuni,,info@aziendagricola.it,http,ASP.NET,No,Aruba S.p.A. Network,81,99,100.00,Sì,No
Azienda Agricola Campobasso Francesco,Azienda agricola biologica,http://www.agrumicampobasso.it/,099 888 6916,Contrada Castiglione,Palagiano,,,,WordPress,Non trovato,Aruba S.p.A.,100,100,36.00,,No
Coopir De Laurentis,Azienda vinicola,https://www.coopirdelaurentis.com/,0831 339026,V. Pietro De Laurentis,Ostuni,,,https,React,No,Google LLC,66,95,83.00,Sì,No
Società agricola,Produzione e vendita di scorte alimentari,,351 777 2118,Via Luigi Miccoli,Ostuni,,,,,,,,,,,
Spazio Enel Partner Ostuni Fogazzaro,Azienda fornitrice di energia elettrica,,0831 162 6092,"Via Antonio Fogazzaro, 86",Ostuni,,,,,,,,,,,
Fratelli Barletta,Oleificio,http://agricolabarletta.com/,333 961 4295,"Corso Giuseppe Mazzini, 5",Ostuni,,agricolabarletta@gmail.com,https,Wix,Sì,wix com inc,36,77,92.00,Sì,No
Parabita Life,Impresa di web hosting,,0833 594450,Zona P.i.P.,Parabita,,,,,,,,,,,
Sati Impianti,Fornitore di impianti industriali,http://www.satiimpianti.it/,0831 604626,"Via Foggia, 20",Ostuni,,,https,ASP.NET,No,Aruba S.p.A. Network,100,99,82.00,Sì,No
Saponaro Concimi S.R.L.,Negozio di articoli per il giardinaggio,,0831 304566,"Via Delle Comunicazioni, Ostuni, BR 72017",Zona Sisri,,,,,,,,,,,
Masseria Aia Antica Srl,Caseificio,https://www.masseriaaiaantica.it/,0831 303344,"Via del Commercio, 14",Zona Sisri,,info@masseriaaiaantica.it,https,ASP.NET,No,Aruba S.p.A. Network,72,96,100.00,Sì,No
Oleificio Cooperativo di Ostuni,Oleificio,http://www.oliodiostuni.it/,0831 301698,"Corso Giuseppe Mazzini, 204",Ostuni,,info@oliodiostuni.it,https,WordPress,Sì,Aruba S.p.A.,54,49,77.00,Sì,No
Olio Poggio Reale Azienda Bio,Azienda agricola biologica,http://www.oliopoggioreale.com/,377 399 0442,"Via Mario Pagano, 28",Ostuni,,info@oliopoggioreale.com,https,PrestaShop,Sì,GENESYS,40,59,92.00,Sì,No
Masseria Appia Traiana,Azienda agricola biologica,https://www.masseriappiatraiana.it/,0831 211206,Contrada Mangiamuso,Ostuni,,areacamper@masseriappiatraiana.it,https,Joomla,Sì,Aruba S.p.A.,52,59,85.00,Sì,No
S.A.I.O. Societa' Azionaria Industria Olearia Spa,Oleificio,http://www.saiospa.it/,0831 304605,Contrada Scaglione s.n,Ostuni,,saiospa@libero.it,http,WordPress,No,Aruba S.p.A. Network,72,99,92.00,Sì,No
Azienda Agricola Columella,Azienda agricola biologica,https://www.aziendaagricolacolumella.it/,338 267 3289,Contrada Lamacoppa piccola,Ostuni,,info@aziendaagricolacolumella.it,https,WordPress,Sì,Aruba S.p.A.,56,74,85.00,Sì,No
Cantine Amalberga,Azienda vinicola,http://www.amalberga.it/,0831 216372,"SP17, km 6",Ostuni,,vallegnasrl@pec.it,https,Shopify,No,"Cloudflare, Inc.",56,89,92.00,Sì,No
Traslochi e Trasporti Greco Dario,Traslocatore,https://www.traslochigrecodario.it/,336 835 357,"Via Antonio Lenio, 2",Parabita,,info@traslochigrecodario.it,https,Shopify,Sì,Aruba S.p.A.,60,86,85.00,Sì,No
Ro.gr.an. srl,Grossista di frutta e verdura,http://www.rogran.it/,0833 595257,"Via Como, 14",Parabita,,info@rogran.it,https,React,Sì,Google LLC,54,60,85.00,Sì,No
Azienda Agricola Coi Raffaele,Fruttivendolo,,328 238 7397,"Unnamed Road, 73052",Parabita,,,,,,,,,,,
Ponzetta Lorenzo,Fornitore di materiali da costruzione,,0833 594267,"Via Vittorio Emanuele II, 57",Parabita,,,,,,,,,,,
Secli' Antonio,Azienda vinicola,,0833 593559,"Via Como, 10",Parabita,,,,,,,,,,,
Biomedica srl - Analisi Cliniche,Studio medico,http://www.biomedicalab.it/,375 614 1036,"via De Gasperi, 14",Parabita,,info@biomedicalab.it,https,Shopify,No,Google LLC,57,93,92.00,Sì,No
Masseria Marangelli,Azienda vinicola,,342 862 3436,SP 59 Palmariggi Minervino km3,Palmariggi,,,,,,,,,,,
Pellegrino Giuseppe,Fornitore di trattori e macchine agricole,,0836 354003,Via Roma,Palmariggi,,,,,,,,,,,
Clark,Negozio di forniture idrauliche,http://www.clarksrl.it/,0833 593059,"Via dei Commercianti, Lotto, 22/23, 16/17, Snc",Zona P.i.p.,,info@clarksrl.it,https,WordPress,No,Host SpA,53,64,85.00,Sì,No
Cooperativa Agricola Salentina Citta' Di Parabita A.R.L.,Oleificio,,0833 509900,Via Como,Parabita,,,,,,,,,,,
"IQOS PARTNER - Fortunello Tabaccheria e Centro Servizi, Parabita",Tabaccheria,,0833 204273,"Via Vittorio Emanuele III, 23",Parabita,,,,,,,,,,,
Frantoio Cazzetta 1899,Oleificio,https://www.oliocazzetta.com/,0836 354473,Via Vicinale S. Nicola,Palmariggi,,,https,WordPress,Sì,Aruba S.p.A.,68,76,92.00,Sì,No
Fercolor sas di Russo Guido & co.,Ferramenta,http://www.ferramentafercolor.it/,0833 594686,"Via Zara, 44",Parabita,,fercolor.sas@katamail.com,https,PrestaShop,Sì,OVH ISP,37,66,92.00,Sì,No
Le Bolle di Giada - Lavanderia Palmariggi Otranto,Lavanderia automatica,,328 626 3250,"Via Trieste, 41",Palmariggi,,,,,,,,,,,
GIOIELLERIA NL - Bomboniere - Studio Orafo di Nuzzo Luca,Gioielleria,,320 019 6395,"Via Zara, 64/A",Palmariggi,,,,,,,,,,,
Spinel Caffè Srl,Distributore automatico di caffè,http://www.spinelcaffe.it/,0833 593926,Via Provinciale Tuglie,Parabita,,,https,React,No,Aruba S.p.A.,56,70,92.00,Sì,No
Masseria Alti Pareti,Agriturismo,http://www.masserialtipareti.it/it/1-2/,329 953 7379,località Alti Pareti,Palmariggi,,info@masserialtipareti.it,https,WordPress,Sì,Serverplan S.r.l.,61,94,85.00,Sì,No
Vallefiorita,Produttore di alimenti,https://www.vallefiorita.it/,0831 305980,"Via delle Comunicazioni, 24",Ostuni,,info@vallefiorita.it,https,WordPress,Sì,Eurologon S.r.l,34,33,85.00,Sì,No
Nuovarredo Parabita,Produttore di mobili,http://www.nuovarredo.it/Parabita-(LE).html,0833 593323,"Strada Provinciale per Matino, 7",Parabita,,,,React,Non trovato,Google LLC,59,87,42.00,No - Pagina Non Trovata (404),No
Il Forno a Legna di Stamerra Daniele e Maurizio snc,Fornaio all'ingrosso,,0836 354175,"Via G. Matteotti, 20",Palmariggi,,,,,,,,,,,
Macelleria Enzo Pellegrino,Macelleria,,0836 354120,"Via A. Galateo, 20",Palmariggi,,,,,,,,,,,
Plaza Cafè da Baccaro,Pasticceria,,328 174 9758,"Via Martiri Ungheresi, 90",Palmariggi,,,,,,,,,,,
Cipa,Oleificio,https://www.oleificiocipagricola.it/,347 926 0142,"Contrada Sant'Angelo, snc",Ostuni,,cipagricola@virgilio.it,https,Shopify,Sì,Aruba S.p.A. Network,56,87,100.00,Sì,No
Punto Edison Porto Cesareo (LE) - HI-TECH - Business Partner,Azienda fornitrice di energia elettrica,,0833 560770,"Via Circonvallazione, 27",Porto Cesareo,,,,,,,,,,,
Azienda agricola lecciso alessio,Alimentari,,342 816 6586,7RWH+J8,Porto Cesareo,,,,,,,,,,,
Torre Lapillo Agricampeggio - Azienda Agricola Prete,Area di campeggio,https://sites.google.com/view/torrelapilloagricampeggio/home,371 795 6674,"Via Torre Colimena snc, SP, 340",Torre Lapillo,,torrelapilloagricampeggio@gmail.com,https,React,No,Google LLC,46,56,75.00,Sì,No
Cridea di Pina Gnai,Fornitore di prodotti per la pulizia,https://www.lapugliashopping.it/,380 641 9662,"Via A. Galateo, 14",Palmariggi,,,https,Joomla,Sì,"Cloudflare, Inc.",48,62,92.00,Sì,No
Conoci Annunziata,Edicola,,0836 354001,"Piazza Giuseppe Garibaldi, 5",Palmariggi,,,,,,,,,,,
Riserva Naturale Orientata Regionale Palude del Conte e Duna Costiera - Bosco dell'Arneo,Riserva naturale,http://www.ceaportocesareo.it/riserva_naturale,393 694 1061,7RPH+5F,Porto Cesareo,,info@ceaportocesareo.it,http,React,No,Hetzner Online GmbH,55,59,92.00,Sì,No
Leverpack srl,Negozio di materiali da imballaggio,http://www.leverpack.it/,0832 910258,"Loc.Signora Porzia,1 (Str. Prov. Lecce Porto Cesareo",Leverano,,leverpack@tiscali.it,http,ASP.NET,No,Aruba S.p.A. Network,100,100,82.00,Sì,Sì
L'Arte Del Grano,Fornaio,,329 819 1470,Via Papa Giovanni XXIII,Patù,,,,,,,,,,,
Picci,Pasticceria,,339 712 4491,"Via Vittorio Veneto, 26",Patù,,,,,,,,,,,
Agriturismo Conte,Ristorante,,347 136 4334,comunale Monache,Patù,,,,,,,,,,,
Comune di Patù,Municipio,,0833 752061,"Via Giuseppe Romano, 65",Patù,,,,,,,,,,,
Autofficina Camisa,Autoriparatore,,338 115 2753,Via G. Garibaldi,Patù,,,,,,,,,,,
Ecoambiente,Servizio per fosse biologiche,,338 361 5928,"Via Santa Chiara, 18",Porto Cesareo,,,,,,,,,,,
Agricola Sant'Anna,Agriturismo,http://www.agricolasantanna.it/,389 057 9578,"S.P. Veglie - Torre Lapillo, Km 7",Nardò,,email@email.com,https,WordPress,No,Hetzner Online GmbH,64,83,77.00,Sì,No
Bed & Breakfast Aquilino - Patù - San Gregorio - Leuca - Vacanze in Salento,Bed & Breakfast,,320 229 4001,"Vico Galliani, 15",Patù,,,,,,,,,,,
xenia srl,Rivendita di pezzi di ricambio usati,,392 900 8278,"Via Gabriele d'Annunzio, 12",Poggiardo,,,,,,,,,,,
Tenuta La Fontana,Azienda agricola biologica,,329 571 5290,contrada rodo galeta,Porto Cesareo,,,,,,,,,,,
Tenuta Ingegna - Punto vendita aziendale,Alloggio turistico,https://www.tenutaingegna.com/,388 959 1926,"Via A. Vespucci, 11",Porto Cesareo,,info@tenutaingegna.com,https,React,Sì,Netsons s.r.l.,22,36,92.00,Sì,No
Caseificio e Macelleria (Torre Lapillo) Porto Cesareo - Masseria Donata,Caseificio,,328 531 7752,"Via Tancredi, Nardò",Nardò,,,,,,,,,,,
Agriturismo Tenuta Carrino,Agriturismo,http://www.agriturismotenutacarrino.it/,389 554 0505,litorale,La Strea,,info@tenutacarrino.it,https,WordPress,No,Unlimited Web Hosting UK LTD,57,74,92.00,Sì,No
Azienda Agricola di Mariano Santo,Azienda agricola biologica,,340 248 2209,"la, Via Com.le Cici, Vaste",Poggiardo,,,,,,,,,,,
Due Emme Service Srls,Appaltatore diretto,,0833 829416,"Via Papa Giovanni XXIII, 5",Patù,,,,,,,,,,,
Grafik Mania,Agenzia di pubblicità,http://www.grafikmania.com/,0833 758877,"Via Papa Giovanni XXIII, 183",Patù,,,https,React,No,Dimensione S.r.l.,66,97,100.00,Sì,No
Azienda Agrituristica Masseria La Verna,Bed & Breakfast,http://www.lavernaagriturismo.it/,328 208 8713,Via Enrico Fermi,Patù,,info@lavernaagriturismo.it,https,WordPress,No,Serverplan S.r.l.,38,73,92.00,Sì,No
Villa Dolce Paradiso,Villa,,347 558 1696,"SP91, 94",Patù,,,,,,,,,,,
I Sapori Del Salento Di Toma Antonio Pietro,Produttore di alimenti,,0836 904005,"Via Egidio Grasso, 4",Poggiardo,,,,,,,,,,,
Spazio Enel Partner Poggiardo,Fornitore di energia,http://www.gruppovincenti.it/?utm_source=google&utm_medium=GMBSitelink&utm_campaign=GMBSitelink_Poggiardo_7F7,0836 509414,"Viale Giovanni Capreoli, 140",Poggiardo,,,https,React,No,Aruba S.p.A.,97,100,85.00,Sì,No
Agriturismo Masseria San Nicola,Agriturismo,http://www.masseriasannicola.com/,0833 752243,"Contrada, Via San Nicola",Patù,,,https,React,No,Aruba S.p.A,78,79,91.00,Sì,No
PUGLIA LUXURY CAR,Agenzia di noleggio auto,,348 242 3012,Via Com. le Turri,Poggiardo,,,,,,,,,,,
Ospedale Francesco Pispico,Ambulatorio di zona,,0836 908111,Via Francesco Pispico,Poggiardo,,,,,,,,,,,
onboard srl,Noleggio barche,http://www.onboardsalento.com/,393 673 6401,40°15'44N 17°53'15 Piazzale Berlinguer,Porto Cesareo,,info@onboardsalento.com,https,WordPress,No,Aruba S.p.A. Network,45,41,92.00,Sì,No
Mr.Sciocco S.r.l.,Fabbrica di cioccolato,https://www.mrsciocco.com/,348 223 7957,"Via Gabriele d'Annunzio, 34/a",Poggiardo,,,https,React,No,"Amazon.com, Inc.",35,99,92.00,Sì,No
Mulino Maggio - il mulino a pietra del Salento,Mulino,http://www.mulinomaggio.it/,0836 212230,"Via Cristoforo Colombo, 16",Poggiardo,,mulinomaggio@gmail.com,https,WordPress,No,Aruba S.p.A.,56,55,100.00,Sì,No
Idroservice Italia Divisione Centro Sud S.R.L.,Impianto depurazione acque,,0833 730083,"Via Sicilia, 31",Presicce-Acquarica,,,,,,,,,,,
GREENLAND - FARMACIA AGRICOLA AD ACQUARICA DEL CAPO,Ingegnere agrario,,349 337 6688,"Via degli Artigiani, 49",Presicce-Acquarica,,,,,,,,,,,
LA LAMPARA SRL,Pescheria,,0836 90,"Corso Giacomo Matteotti, 48",Poggiardo,,,,,,,,,,,
L'Olivicola,Produttore di condimenti,https://lolivicola.it/,0833 182 7915,Via Provinciale Acquarica – Taurisano,Acquarica,,info@lolivicola.net,https,WordPress,Sì,Netsons s.r.l.,32,45,85.00,Sì,No
Idrofarm F.L. Avantaggiato Idromassaggio E Trattamento Acque,Azienda per la fornitura di acqua,,800 090 227,"Via XX Settembre, 29/D",Presicce-Acquarica,,,,,,,,,,,
Olio Negro Valiani Daniele dal 1933 - Le Macine di Athena,Azienda agricola biologica,https://lemacinediathena.com/,347 351 8388,"Viale Stazione, 56",Presicce-Acquarica,,info@lemacinediathena.it,https,WordPress,Sì,Aruba S.p.A,56,80,85.00,Sì,No
Martinucci,Produttore di surgelati,http://www.cuoredimammadessert.com/,0833 539566,"Strada vicinale Peschi, Contrada Montalto",Presicce-Acquarica,,reclami@martinucci1950.com,https,WordPress,No,Netsons s.r.l.,59,85,85.00,Sì,No
AGRICOLA GLI ANGELI,Azienda agricola biologica,,333 237 2433,"Via Degli-Angeli, sn",vicino la Chiesa,,,,,,,,,,,
Azienda Agricola Luigi Pirelli,Oleificio,,0833 722089,"Via don Bosco, 21",Acquarica del capo,,,,,,,,,,,
Cantina Monsellato,Azienda vinicola,https://www.cantinamonsellato.it/,320 060 8094,"Via Giulio Cesare, 17",Presicce-Acquarica,,info@cantinamonsellato.it,https,WordPress,No,Aruba S.p.A.,55,69,92.00,Sì,No
Azienda Agricola Monte Giulia,Produttore,http://www.terrapajara.it/,349 083 9378,"Via T. Pedaci, 69",Presicce-Acquarica,,giuliamonte80@gmail.com,http,Nicepage,No,Aruba S.p.A. Network,85,99,91.00,Sì,No
Azienda Agricola E Frantoio Oleario Negro Alessandro Luigi,Oleificio,http://www.oliosantoeligio.it/,320 794 2440,"SP, 193",Presicce-Acquarica,,,https,WordPress,Sì,Aruba S.p.A.,56,63,100.00,Sì,No
SCARCIA - Centro TIM,Negozio di telefoni cellulari,,0833 727604,"Via Roma, 149 Loc - Presicce",Presicce-Acquarica,,,,,,,,,,,
Azienda Agricola Pulito Cosimo,Grossista di prodotti agricoli,,329 815 1091,"Via Toma, 63",Pulsano,,,,,,,,,,,
Spazio Enel Partner Pulsano,Azienda fornitrice di energia elettrica,,099 945 3268,"Via Vittorio Veneto, 55",Pulsano,,,,,,,,,,,
Ecotek S.r.l.,Fornitore di impianti di riscaldamento,http://www.ecoteksrl.it/,0836 904529,"Via Ascanio Grandi, 26",Poggiardo,,info@ecoteksrl.it,https,React,Sì,Hetzner Online GmbH,35,36,85.00,Sì,No
Agricole Negro Valiani,Azienda agricola biologica,https://www.negrovaliani.it/,0833 730135,"Viale Stazione, 35",Presicce-Acquarica,,info@negrovaliani.it,https,Joomla,No,IT.Gate S.p.A.,51,44,92.00,Sì,No
NEW VERDESAN S.R.L,Fornitore di trattori e macchine agricole,,347 239 7850,"Via Taranto, 99",Pulsano,,,,,,,,,,,
ELETTRODILAURO,Negozio di forniture elettriche,,099 533 7178,"Via Vincenzo Bellini, 39",Pulsano,,,,,,,,,,,
Pasticceria Prestige Srl,Pasticceria,,099 533 7177,"Via Roma, 140",Pulsano,,,,,,,,,,,
Punto Edison Pulsano (TA) - IL MIO TECNICO DI NOTARISTEFANO VINCENZO - Business Partner,Azienda fornitrice di energia elettrica,,099 771 8261,"Via Giacomo Matteotti, 5/A",Pulsano,,,,,,,,,,,
Mariplast di Ciro Marinò,Produzione e lavorazione materie plastiche,,333 716 9710,"Viale Unità d'Italia, 10",Pulsano,,,,,,,,,,,
Caseificio Cirigliano,Negozio di formaggi,,349 655 9771,"Strada Comunale Pulsano S. Crispieri, 2",Pulsano,,,,,,,,,,,
Tout Le Monde,Negozio di pasta fresca,,099 533 8986,"Via Edmondo de Amicis, 6",Pulsano,,,,,,,,,,,
Future Service Srl,Azienda fornitrice di energia elettrica,,099 533 0652,"Km. 1 Via Vecchia Faggiano, Pulsano, TA 74026",Pulsano,,,,,,,,,,,
Palombella Calcestruzzi S.R.L.,Impresa edile,,099 533 7205,Via per Faggiano km. 1 - C.da,Pulsano,,,,,,,,,,,
Cantina e oleificio sociale Pulsano,Azienda vinicola,,099 533 0489,"Via Taranto, 121",Pulsano,,,,,,,,,,,
Progetto Natura Srl,Discarica per rifiuti speciali,http://progettonaturasrl.it/,099 533 8878,Via Costantinopoli Z.I,Pulsano,,,https,Shopify,Sì,Aruba S.p.A,59,70,85.00,Sì,No
dess,Impianto solare fotovoltaico,,392 917 3326,"Via Lupara, 19",Pulsano,,,,,,,,,,,
Industria Mediterranea Snc Di Faiulo,Oleificio,http://www.oliofaiulo.it/,0833 722760,"Via del Mare, 50",Presicce-Acquarica,,info@oliofaiulo.it,https,Joomla,No,Serverplan S.r.l.,61,82,69.00,Sì,No
Spazio Enel Partner Racale,Azienda fornitrice di energia elettrica,,0833 182 1167,"Via Francesco Quarta, 68J",Racale,,,,,,,,,,,
Puglia Sistemi S.r.l.,Agenzia di pubblicità,http://www.pugliasistemi.com/,099 591 6808,Via Costantinopoli,Pulsano,,info@pugliasistemi.it,http,Shopify,Sì,Server Plan S.r.l.,32,41,100.00,Sì,No
Aviolamp Gas.,Azienda di fornitura del gas,http://www.aviolamp.it/,0833 553236,Via Melissano,Racale,,,http,ASP.NET,No,Aruba S.p.A. Network,100,100,91.00,Sì,No
Cantina Vini Donnapalma Winery Wine Cellar,Azienda vinicola,https://bit.ly/3I9fkGa,339 447 1503,"Via Indipendenza, 54",Racale,,info@vinidonnapalma.it,https,Shopify,No,Google LLC,56,98,92.00,Sì,No
Torre Ospina Srl,Azienda vinicola,https://torreospina.it/,0833 584937,"Via Ferrara, 5",Racale,,info@torreospina.com,https,ASP.NET,Sì,Host SpA,55,86,85.00,Sì,No
Agricola De Lorenzis Srl,Oleificio,http://www.agricoladelorenzis.com/,340 773 4923,"Via Fiumi Marina, 169",Racale,,,http,ASP.NET,No,Aruba S.p.A. Network,100,100,92.00,Sì,Sì
HEMPOT La Bottega Del Coltivatore Punto Vendita & h24,Negozio di cannabis,,377 047 7952,Via Fiume,Racale,,,,,,,,,,,
OP Acli Racale Società Agricola Cooperativa,Ufficio aziendale,,0833 583484,Via Provinciale,Racale,,,,,,,,,,,
Murrieri,Pasticceria,https://www.ilariomurrieri.it/chi-siamo/,0833 553311,"Via Mazzini, 26",Racale,,ilariomurrieri@alice.it,https,WordPress,No,Aruba S.p.A,71,96,92.00,Sì,No
Piscopiello Ponteggi Srl,Servizio di ponteggi,http://www.piscopielloponteggi.com/,0833 180 8222,Via Contrada Centra,Racale,,info@piscopielloponteggi.com,https,PrestaShop,No,Seflow S.N.C. Di Marco Brame' & C.,67,92,100.00,Sì,No
Profilati Ferrari srl,Distributore di acciaio,,0833 583715,Via Melissano,Racale,,,,,,,,,,,
Unieuro Racale,Negozio di elettronica,,328 478 6994,"Via Gallipoli, 169",Racale,,,,,,,,,,,
Aviolamp srl,Benzinaio,http://www.aviolamp.it/,0833 551537,"Deposito Carburanti, Via Gallipoli, 215",Racale,,,http,ASP.NET,No,Aruba S.p.A. Network,100,100,91.00,Sì,No
Agricola Coccoli - Agriturismo in provincia di Lecce,Agriturismo,http://www.agricolacoccoli.com/,328 178 9990,"Contrada, Via Schiafazzi",Presicce-Acquarica,,info@agricolacoccoli.com,https,WordPress,No,Aruba S.p.A.,56,54,85.00,Sì,No
Kronos Informatica,Azienda informatica,http://www.kronosnet.com/,0833 551568,"Via Melissano, 107",Racale,,info@kronosnet.com,https,WordPress,No,Aruba S.p.A,59,84,85.00,Sì,No
Azienda Agricola Salento Piante,Vivaio,,349 671 4857,Strada Provinciale 202,Racale,,,,,,,,,,,
R.G Trasporti e Servizi,Servizio di disinfestazione,,377 596 8885,Via Aldo Moro,Roccaforzata,,,,,,,,,,,
D'Ayala Valva Arturo,Fattoria,,099 599 3043,"Via Roma, 7",Roccaforzata,,,,,,,,,,,
Nuova gmm soc.coop. agricola,Azienda agricola biologica,http://www.cuoresalento.com/,339 176 0340,Via Italo Svevo,Racale,,info@cuoresalento.com,https,Joomla,No,Netsons s.r.l.,28,34,85.00,Sì,No
MarLogistics,Fornitore di prodotti alimentari,http://marlogistics.it/,0833 558859,Via Toscana,Racale,,,http,Angular,No,Aruba S.p.A. Network,61,68,82.00,Sì,No
Azienda Agricola Attanasio,Servizio agricolo,,345 937 1133,"Via Santa Maria di Leuca, 29",Ruffano,,,,,,,,,,,
Azienda Agricola Stesi,Giardiniere,,329 297 6162,"Via Carlo Del Croix, 12",Ruffano,,,,,,,,,,,
Azienda agricola tenuta degli asini,Azienda di allevamento bestiame,,349 816 3548,Via Virgilio,Ruffano,,,,,,,,,,,
Azienda Agricola San Rocco,Negozio,,351 609 9986,"Corso Margherita di Savoia, 49",Ruffano,,,,,,,,,,,
Lartista Della Carne,Macelleria,,348 795 9554,Via Dante Alighieri,Roccaforzata,,,,,,,,,,,
Giorgio Basso,Consulente aziendale,http://giorgiobasso.com/,328 704 8587,"Via Berlinguer, 36",Roccaforzata,,,https,WordPress,No,Netsons s.r.l.,69,95,100.00,Sì,No
Quaratino Antonio,Servizio di amministrazione immobiliare,,099 591 9054,"Via Vittorio Emanuele, 12",Roccaforzata,,,,,,,,,,,
Azienda Agricola Sanapo Nicola,Azienda avicola,http://aziendaagricolasanapo.myadj.it/v/aziendaagricolasanapo,320 606 0877,Contrada Varna Loc. Pizzuti,Ruffano,,,https,React,No,"Cloudflare, Inc.",75,96,92.00,Sì,No
Gruppo D'Azione Locale Serre Salentine Srl,Falegname,http://www.galserresalentine.it/,0833 558786,"Via Zara, 1",Racale,,galserresalentine@pec.it,http,Joomla,No,Aruba S.p.A. Network,94,83,92.00,Sì,No
COIMP di Tempesta,Impresa di costruzioni,http://www.coimplegno.it/,0833 197 6740,Via C.Da Vora,Racale,,info@coimplegno.it,https,Joomla,No,Google LLC,49,39,92.00,Sì,No
MULINO E PASTIFICIO AGRIMO',Mulino per macinare il grano,http://www.agrimo.it/,340 897 5487,"Via Milano, 115",Ruffano,,info@agrimo.it,https,Nuxt.js,No,Hetzner Online GmbH,60,74,75.00,Sì,No
Dolce Latte S.R.L.,Caseificio,,349 112 3008,"88, Via Maggiore Galliano",Ruffano,,,,,,,,,,,
"Rizzello S.r.l. - Arredo Ufficio, Informatica, Assistenza Tecnica",Azienda informatica,http://www.rizzellosas.it/,0833 691771,"Via Firenze, 24",Ruffano,,,https,React,Sì,Server Plan S.r.l.,72,73,92.00,Sì,No
Azienda agricola,Negozio di alimentari,,340 951 7964,SP17,Salice Salentino,,,,,,,,,,,
Azienda Agricola Casilli Giovanni,Fattoria,,0832 733519,Via Campania,Salice Salentino,,,,,,,,,,,
Crian | Risanamento Condotte No-Dig e Videoispezioni,Servizio di riparazioni idrauliche,http://criansrl.com/,393 968 6188,Via per Roccaforzata,San Giorgio Ionico,,info@criansrl.com,https,Joomla,No,Google LLC,36,53,77.00,Sì,No
Tappezzeria Tendaggi D'Elia,Fabbricazione e vendita tende,http://www.tendaggidelia.com/,347 166 8812,"Via S. Giorgio Jonico, 2",Roccaforzata,,,https,Contentful,No,One.com A/S,65,94,83.00,Sì,No
Caseificio Ruffo Di AndreaTridici & C. Snc,Caseificio,,335 181 0014,"Via Torino, 61",Ruffano,,,,,,,,,,,
Azienda Agricola De Gennaro,Negozio di prodotti agricoli,https://www.aziendagricoladegennaro.it/,338 327 3996,Contrada S. Giovanni,Ruffano,,info@aziendagricoladegennaro.it,http,React,Sì,Aruba S.p.A. Network,40,52,85.00,Sì,No
Garanzia MEC S.p.A. - Join the Future,Servizi per le imprese,http://www.garanziamec.com/,0833 693281,"SP172, km 1/63",Ruffano,,garanziamec@pec.it,https,Shopify,No,Google LLC,39,71,100.00,Sì,No
Spazio Enel Partner - Salice Salentino,Azienda fornitrice di energia elettrica,,0832 169 9530,"Via Fontana, Via Benedetto Cairoli, 118/B",Salice Salentino,,,,,,,,,,,
Agriturismo Santa Barbara,Agriturismo,,329 424 9259,SP120,Salice Salentino,,,,,,,,,,,
Ferredil,Negozio di forniture elettriche,,0832 733273,"Via Stazione, 14",Salice Salentino,,,,,,,,,,,
Laboratorio Analisi D'Elia - San Giorgio Jonico,Laboratorio medico,https://www.labanalisidelia.it/,099 464 6323,"Via Roccaforzata, 137",San Giorgio Ionico,,taranto.trlc@gmail.com,https,React,Sì,Netsons s.r.l.,56,72,100.00,Sì,No
Agriturismo Spirdo,Agriturismo,https://www.spirdo.it/,333 255 5459,"Via Madonna della Serra, 24",Ruffano,,spirdo@gmail.com,https,WordPress,Sì,Aruba S.p.A.,54,55,77.00,Sì,No
Paiano s.r.l.,Manifattura tessile,https://paianosrl.it/,380 140 4849,"Via Bari, 43",Ruffano,,direzione@paianosrl.it,https,React,No,OVH SAS,55,69,85.00,Sì,No
Petito Prefabbricati Srl,Produttore,http://www.petitoprefabbricati.com/,0832 970091,Strada per Veglie Km.2,Salice Salentino,,,https,Joomla,Sì,Google LLC,61,90,92.00,Sì,No
Salve & Dintorni,Agenzia per escursioni,,328 013 5940,"Via Luigi Cadorna, 22",Salve,,,,,,,,,,,
I.P.R. COSTRUZIONI SRL,Impresa di costruzioni,http://iprcostruzioni.it/,0832 723860,"Via Milano, 8",Salice Salentino,,,http,Joomla,No,Aruba S.p.A.,40,71,100.00,Sì,No
AgrinSalento,Azienda agricola biologica,https://www.agrinsalento.it/,0832 183 2016,"C.da Mazzetta, 1",San Pancrazio salentino,,info@agrinsalento.it,https,Joomla,No,Aruba S.p.A. Network,56,75,85.00,Sì,No
Tenuta Vergine,Azienda agricola biologica,http://maldivedelsalento.com/,349 852 0580,"Via Dante Alighieri, 42",Salve,,info@maldivedelsalento.com,https,Joomla,Sì,Aruba S.p.A.,59,74,92.00,Sì,No
Castel di Salve,Azienda vinicola,https://casteldisalve.com/,0833 771041,"Via Gaetano Salvemini, 32",Depressa,,info@casteldisalve.com,https,React,Sì,Google LLC,45,56,85.00,Sì,No
Terrenibianchi,Azienda vinicola,,338 737 6981,SP339,Salve,,,,,,,,,,,
Oleificio Catamo Di Catamo Dr. Salvatore,Oleificio,,0836 992291,"Via Corsica, 51",San Cassiano,,,,,,,,,,,
CONSORZIO TUTELA SALICE SALENTINO,Vigneto,https://www.consorziosalicesalentino.it/,0832 732592,Via Pasquale Leone,Salice Salentino,,info@consorziosalicesalentino.it,https,WordPress,Sì,Server Plan S.r.l.,66,97,85.00,Sì,No
Cooperativa Sociale,Azienda vinicola,http://cantinasalicesalentino.it/,0832 731138,"Via Pietro Nenni, 12",Salice Salentino,,info@cantinasalicesalentino.it,https,React,Sì,Google LLC,56,61,92.00,Sì,No
Azienda Agricola Claudia Borrello,Oleificio,http://www.agricolaborrello.it/,328 679 3907,"Via Protopapa, 8",Salve,,,https,WordPress,No,Aruba S.p.A.,80,94,92.00,Sì,No
Casilli Daniele,Azienda vinicola,https://www.terradarneo.it/aziende/azienda-agricola-casilli/,320 676 5209,Via Umberto I,Salice Salentino,,aziendacasilli@libero.it,https,React,Sì,Aruba S.p.A. Network,33,0,92.00,Sì,No
Leone de Castris,Azienda vinicola,http://leonedecastris.com/,0832 731112,"Via Senatore De Castris, n.26",Salice Salentino,,info@leonedecastris.com,https,WordPress,Sì,Aruba S.p.A.,35,42,77.00,Sì,No
Petracca Azienda Agricola,Macelleria-gastronomia,https://azienda-agricola-petracca8.webnode.it/,388 381 1879,"SP161, 4",San Cassiano,,,,Webnode,Non trovato,Amazon Technologies Inc.,86,99,50.00,No - Pagina Non Trovata (404),No
Terra Noscia Salve,Negozio di alimentari,http://www.terranoscia.com/,334 123 8146,SP351,Salve,,info@terranoscia.com,https,PrestaShop,No,OVH SAS,50,76,100.00,Sì,No
Sal.Gel. Srl,Produzione e commercio surgelati,,0836 992310,"Zona Artigianale, Strada St. 275, San Cassiano, Le 73020",San Cassiano,,,,,,,,,,,
Soc. Agricola F.lli Catamo,Negozio di frutta e verdura,,348 365 9828,"Contrada Canali, 73020",San Cassiano,,,,,,,,,,,
SPANO SIGNAL S.r.l,Negozio di segnaletica,,0833 752221,"S.P.351 SALVE-PRESICCE, Z.I. SALVE",Salve,,,,,,,,,,,
Spazio Enel Partner Salve,Azienda fornitrice di energia elettrica,https://hydeale.it/spazi-vendita/spazio-enel-partner-salve/,0833 186 8664,"Via Roma, 237",Salve,,,https,React,Sì,Server Plan S.r.l.,56,69,92.00,Sì,No
AZIENDA AGRICOLA DEGLI ABATI,Azienda agricola biologica,,328 271 0337,"Largo Abati, 1",San Cassiano,,,,,,,,,,,
Neon Toma SAN CASSIANO,Negozio di forniture elettriche,http://www.neontoma.it/,0836 993781,SS.275 KM.8,San Cassiano,,info@neontoma.it,https,WordPress,Sì,Aruba S.p.A.,66,83,85.00,Sì,No
GMO di Grasso Giuseppe,Ditta specializzata in marmi,,0832 205747,"Via Tevere, 2",San Cesario di Lecce,,,,,,,,,,,
Colazzo Srl,Azienda avicola,,0832 205171,"via cozzi palude, 2",San Cesario di Lecce,,,,,,,,,,,
DEGHI Logistica,Deposito,https://www.deghi.it/,0832 156 0529,"Via Lecce, 70/km 2.4",San Cesario di Lecce,,,https,Nuxt.js,Sì,Seeweb srl,61,57,83.00,Sì,No
Azienda Agricola Tenuta Tresca di Domenico Cito,Azienda di imbottigliamento dell'olio di oliva,http://www.tenutatresca.it/,347 940 6851,"Via dell'Unità d'Italia, 3",San Cassiano,,info@tenutatresca.it,https,PrestaShop,Sì,Aruba S.p.A.,97,71,100.00,Sì,No
ICE GHIACCIO ALIMENTARE,Fornitore di ghiaccio,,370 310 4701,"Via S. Antonio, 14",San Cesario di Lecce,,,,,,,,,,,
Ecocentro comunale di San Cesario di Lecce,Servizio di raccolta rifiuti,,0832 212102,"Via Tevere, 16",San Cesario di Lecce,,,,,,,,,,,
Azienda Agricola San Cassiano,Servizio agricolo,https://www.cantinasancassiano.it/,045 888 0665,"Via S. Cassiano, 25",Mezzane di Sotto,,,https,ASP.NET,No,Serverplan S.r.l.,67,81,92.00,Sì,No
Ro.Mar - Marbles & Granite Manufacturing,Ditta specializzata in marmi,https://www.romarmarmi.it/index.php/it/,329 590 4097,Strada St. 476,San Cesario di Lecce,,info@ro.mar.com,https,Joomla,No,Aruba S.p.A. Network,59,77,83.00,Sì,No
Ecomet S.r.l,Servizio di raccolta rifiuti,https://www.ecometsrl.it/,0832 342309,"Via Scomunicata, 9/10",San Cesario,,info@ecometsrl.it,https,Angular,No,Aruba S.p.A. Network,54,75,100.00,Sì,No
Leo Costruzioni Spa,Impresa edile,https://www.leoconstructions.com/,0832 205496,"Via Antonio Gramsci, 11",San Cesario di Lecce,,info@leohomes.it,https,React,No,Aruba S.p.A.,39,79,100.00,Sì,No
Small ristorante,Ristorante,https://www.smallristorante.com/,0832 205489,"Via Dante Alighieri, 59",San Cesario di Lecce,,antoniofragola@hotmail.com,https,React,Sì,OVH SAS,77,91,92.00,Sì,No
San Donaci (Brindisi),Ufficio aziendale,,349 588 6401,"Via Dalmazia, 48",San Donaci,,,,,,,,,,,
MANGIULLO ANTONIO,Negozio di generi vari,http://www.mangiullo.it/,0832 359381,"Via S. Cesario, 112",Lecce,,,https,React,No,Aruba S.p.A.,61,72,92.00,Sì,No
Antonio Serio prodotti chimici,Azienda di import-export,,0831 635613,"Via Germania, 31",San Donaci,,,,,,,,,,,
Azienda Alba Nera,Servizio agricolo,,347 296 9783,"Via Vittorio Alfieri, 23",San Donaci,,,,,,,,,,,
Publia,Copisteria,,379 255 7952,"Via Cellino, 61",San Donaci,,,,,,,,,,,
Cantina San Donaci Soc. Coop. Agricola,Azienda vinicola,http://www.cantinasandonaci.eu/,0831 681085,"Via Mesagne, 62",San Donaci,,,https,WordPress,No,Hetzner Online GmbH,62,82,92.00,Sì,No
Sonepar - Lecce - Distributore di Materiale Elettrico,Negozio di forniture elettriche,https://www.sonepar.it/it-it/store/san-cesario-le-MP14?utm_source=google&utm_medium=gmb&utm_campaign=gmb&utm_content=website_button,0832 351853,"Via Lecce, 84",San Cesario di Lecce,,email@dominio.com,https,React,Sì,"Cloudflare, Inc.",27,44,92.00,Sì,No
Caseificio San Giorgio,Caseificio,,099 592 9452,"Via Diaz, 11",San Giorgio Ionico,,,,,,,,,,,
Fiorino srl,Distribuzione di bevande,,099 590 0116,Contrada Baronia,San Giorgio Ionico,,,,,,,,,,,
Cantine Serio,Azienda vinicola,https://cantineserio.com/,389 557 4404,"Via Giuseppe Grassi, 170",San Donaci,,info@cantineserio.com,https,WordPress,Sì,Keliweb S.R.L,54,78,92.00,Sì,No
Zappettificio Leuci Srl,Fornitore di trattori e macchine agricole,http://www.leucisrl.com/,0831 635553,"Via Francia, 2",San Donaci,,info@leucisrl.com,https,WordPress,No,Google LLC,25,62,100.00,Sì,No
Azienda Agricola Di Cosimo Maci,Fattoria,,0832 704018,"Via S. Pancrazio, 108",San Donaci,,,,,,,,,,,
Punto Edison San Donaci (BR) - GUERRIERIMPIANTI - Business Partner,Azienda fornitrice di energia elettrica,,388 732 8350,"Via Mesagne, 44",San Donaci,,,,,,,,,,,
Cantine Paololeo,Azienda vinicola,https://www.paololeo.it/,0831 635073,"Via Tuturano, 21",San Donaci,,info@paololeo.it,https,React,Sì,COLT Internet IT,57,36,92.00,Sì,No
Sand Plast Di Bagnardi Luigi E C. S.N.C.,Produzione e lavorazione materie plastiche,http://www.sandplast.it/,0831 635861,"Via Salice Salentino, snc",San Donaci,,sandplast@libero.it,https,Angular,No,OVH SAS,56,89,85.00,Sì,No
TENUTE MUSARDO,Azienda agricola biologica,http://www.tenutemusardo.it/,0831 634926,"Tenute Musardo 72025, Strada privata",San Donaci,,info@tenutemusardo.it,https,React,No,Host SpA,64,78,83.00,Sì,No
"Chimica Del Salento Srl: prodotti chimici per industria, l'enologia e l'agroalimentare",Negozio di forniture per la vinificazione,http://www.chimicadelsalento.it/,0831 681466,"Via Trieste, 116",San Donaci,,,https,WordPress,No,Hetzner Online GmbH,61,81,77.00,Sì,No
Candido Francesco Azienda Vitivinicola (S.P.A.),Azienda vinicola,https://www.candidowines.it/,0831 635674,Via Armando Diaz 46,San Donaci,,candido@candidowines.it,https,WordPress,No,Aruba S.p.A.,55,0,0.00,Sì,No
Forty Fruit Srl,Grossista di frutta e verdura,http://www.fortyfruit.com/,099 592 9647,via F. Parri Ang P. Mulele Z.I.,San Giorgio Ionico,,info@fortyfruit.com,https,Joomla,No,OVH ISP,44,90,92.00,Sì,No
Avisud Srl,Negozio di prodotti alimentari all'ingrosso,,099 592 4210,"Via Salvador Allende, 6",San Giorgio Ionico,,,,,,,,,,,
Giustini,Azienda vinicola,https://www.giustini.wine/shop/,099 533 0411,"Via Pietro Germi, Snc",San Giorgio Ionico,,,https,Shopify,Sì,Serverplan s.r.l.,66,96,100.00,Sì,No
Agriservice snc,Negozio di prodotti agricoli,,329 422 6641,"Via Isonzo, 15",San Donato di Lecce,,,,,,,,,,,
Azienda Agricola Buttazzo Biagio,Fattoria,,0832 657118,"Via Capoccia, 3",San Donato di Lecce,,,,,,,,,,,
Resina Skincare - Cosmetici Naturali,Produttore di cosmetici,https://resinaskincare.com/,320 752 7028,"Via P. Piemonte, 54",San Giorgio Ionico,,info@resinaskincare.com,https,WordPress,Sì,Netsons Network,56,81,85.00,Sì,No
Giandolfo Contracting SPA,Impianto solare fotovoltaico,,099 400 7676,"Via P. G. Zingaropoli, 96",San Giorgio Ionico,,,,,,,,,,,
Nuova Piccinni San Donato,Negozio di alimentari,,389 123 5476,"Piazza Municipio, 17",San Donato di Lecce,,,,,,,,,,,
Caseificio Rollo D,Caseificio,,347 960 8101,"SP125 n41, Via provinciale per Copertino",San Donato di Lecce,,,,,,,,,,,
Euromar S.r.l.,Produzione e lavorazione materie plastiche,http://www.euromarsrl.it/,099 592 5055,"Via Amilcare Cipriani, 29",San Giorgio Ionico,,info@euromarsrl.it,https,WordPress,No,Aruba S.p.A.,70,77,85.00,Sì,No
Foel Group dal 1984 - Lucefutura - Materiale elettrico,Negozio di forniture elettriche,http://www.foel.it/,099 591 9126,"Via Amilcare Cipriani, Contrada Baronia, Zona Industriale",San Giorgio Ionico,,ilupoli@foelgroup.it,https,React,No,"Cloudflare, Inc.",67,96,100.00,Sì,No
Serioautoservice S.R.L.,Centro per la revisione tecnica delle auto,,327 283 5066,"Via Galugnano, 133",San Donato di Lecce,,,,,,,,,,,
Eurocarni S.R.L.,Ditta specializzata nella lavorazione delle carni,http://www.eurocarnitaranto.com/,099 592 7459,"Via Davide Lazzaretti, snc",San Giorgio Ionico,,eurocarnitaranto@libero.it,http,React,No,Telecom Italia S.p.A.,42,53,67.00,Sì,No
Fina Fruit,Negozio di alimentari,,099 464 7509,"Via Antonio Gramsci, 42/44",San Giorgio Ionico,,,,,,,,,,,
Vaglio Filippo,Edicola,,0832 657321,Via Milano,San Donato di Lecce,,,,,,,,,,,
Fortegel Srl,Produzione e commercio surgelati,http://www.fortegelsrl.it/,099 591 9350,"Via Amilcare Cipriani, Km.0/800",San Giorgio Ionico,,info@fortegelsrl.it,https,React,No,Telecom Italia S.p.A.,62,60,83.00,Sì,No
Autospurgo Milanese,Servizio di gestione dei rifiuti,http://autospurgomilanese.it/,336 827 302,Via Madonna del Lago,San Donato di Lecce,,,https,Shopify,No,"Cloudflare, Inc.",67,95,92.00,Sì,No
Posis Bar Catering,Locale specializzato in cocktail,,347 454 5803,"Corso Umberto, 14",San Donato di Lecce,,,,,,,,,,,
Cooperativa Agricola San Michele A R.L.,Fattoria,,0832 655435,"11, Via Buon Consiglio, San Donato Di Lecce, Le 73010",Galugnano,,,,,,,,,,,
Quarta Luigi,Fattoria,,0832 658107,Via Madonna del Lago,San Donato di Lecce,,,,,,,,,,,
Fondonatura,Industria cosmetica,https://www.fondonatura.it/,0832 658013,"Via Maestro Giuseppe, Via Maestro G. Carrisi, 2",San Donato di Lecce,,mail@fondonatura.it,https,React,Sì,Serverplan s.r.l.,56,52,69.00,Sì,No
Spazio Enel Partner San Michele Salentino,Azienda fornitrice di energia elettrica,,0831 095666,"Corso Vittorio Veneto, 5",San Michele Salentino,,,,,,,,,,,
Frantoio Cooperativa Borgo Ajeni - Giardino di Comunità,Cooperativa dei produttori di olio di oliva,https://www.cooperativaborgoajeni.it/,0831 961028,Contrada Ajeni,San Michele Salentino,,info@cooperativaborgoajeni.it,https,Angular,Sì,Aruba S.p.A.,60,76,92.00,Sì,No
Apruzzi Auto Srl,Rivenditore di auto,http://www.apruzziauto.it/,0831 966182,"Via Ettore Tagliaferro, 145/A",San Michele Salentino,,info@apruzziauto.it,https,WordPress,Sì,Server Plan S.r.l.,56,67,92.00,Sì,No
Autotrasporti Biemme,Azienda di autotrasporti,,333 739 0207,"Via Galileo Galilei, 39",San Michele Salentino,,,,,,,,,,,
De Donno srl,Ufficio aziendale,https://www.dedonnogroup.it/,0831 961560,"S.S. 581 km. 59,450",San Michele Salentino,,info@dedonnogroup.it,https,React,Sì,Aruba S.p.A.,61,74,92.00,Sì,No
Cellina Srl - Produzione Creme Alimentari,Alimentari,,0836 572304,"Via Vecchia Lecce, Martano, Le 73025",Martano,,,,,,,,,,,
Azienda agricola le tagliate,Vivaio all'ingrosso,,345 600 3529,"Contrada, Str. Vicinale Capasa",Martano,,,,,,,,,,,
Alto Salento Sapori,Negozio di alimenti naturali,https://altosalentosapori.it/,375 587 5916,"Via Oberdan, 31",San Michele Salentino,,ordini@altosalentosapori.it,https,WordPress,No,Keliweb S.R.L,59,41,85.00,Sì,No
Frantoio Oleario FERD'ORO di Caramia Gianluca,Oleificio,https://www.olioferdoro.it/,339 163 5144,"Corso Vittorio Veneto, n.120",San Michele Salentino,,,https,React,No,Google LLC,60,88,92.00,Sì,No
Borgo San Giacomo | Vigneto Primitivo,Vigneto,https://www.borgosangiacomo.com/,392 445 0087,Contrada S. Giacomo,San Michele Salentino,,info@borgosangiacomo.com,https,PrestaShop,Sì,Keliweb S.R.L,35,71,85.00,Sì,No
Spazio Enel Partner Martano,Fornitore di energia,http://www.gruppovincenti.it/?utm_source=google&utm_medium=GMBSitelink&utm_campaign=GMBSitelink_Martano_5RI,0836 575403,"Via Soleto, 58",Martano,,,https,WordPress,No,Aruba S.p.A.,66,100,85.00,Sì,No
N&B srl Società Benefit,Produttore di cosmetici,https://www.nbnaturalisbetter.com/,0836 575042,Via Provinciale Martano Soleto,Martano,,,https,React,No,Serverplan S.r.l.,56,97,100.00,Sì,No
Azienda Coricciati,Azienda agricola biologica,http://olioalea.it/,0836 574491,Via Zaca,Martano,,info@olioalea.it,https,WordPress,Sì,Google LLC,59,70,85.00,Sì,No
PURO AMBIENTE,Impresa di pulizie,http://www.puroambiente.it/,339 628 0013,"Via Assunta, 26",Martano,,info@puroambiente.it,https,React,No,Aruba S.p.A.,76,97,92.00,Sì,No
Caseificio Sant'Angelo,Negozio di alimentari,,388 890 6747,"Via Otranto, 14",Martano,,,,,,,,,,,
Viaggi Mazzini s.r.l.,Agenzia viaggi,http://www.mazziniviaggi.it/,0836 574377,"Via Salvatore Trinchese, 9",Martano,,info@viaggimazzini.it,https,ASP.NET,No,OVH ISP,89,100,91.00,Sì,No
Consultorio Familiare Martano,Centro servizi sociali,,0836 577619,Via Fratelli Cervi,Martano,,,,,,,,,,,
Olio Sant’oro | Fratelli Santoro s.r.l.,Oleificio,http://www.frantoiosantoro.it/,340 191 8353,"Contrada Archinuovi, 2",San Michele Salentino,,,https,React,Sì,Google LLC,56,75,100.00,Sì,No
Segreti Natura,Negozio,https://www.segretinatura.com/,0836 194 6684,"Largo Pozzelle, 51",Martano,,info@segretinatura.com,https,Shopify,No,OVH ISP,71,87,100.00,Sì,No
Cantine San Marzano,Enoteca,,099 946 0550,"Via V. Calò, 74A",Grottaglie,,,,,,,,,,,
SPRECH Rescio,Costruttore di tettoie e pergole,http://www.sprech.com/,0836 571416,"Prov.le Martano-Soleto, km 1, 5",Martano,,info@sprech.com,https,Shopify,Sì,SEEWEB s.r.l.,41,46,92.00,Sì,No
Azienda Agricola Martanese S.R.L.,Fattoria,,0836 575406,"Via Caprarica, 1",Martano,,,,,,,,,,,
Barbuzzi Oronzo E Pietro & C. S.N.C.,Grossista di frutta e verdura,,099 957 1406,"Via Vittorio Emanuele III, 172",San Marzano di San Giuseppe,,,,,,,,,,,
ASL TA1 DISTRETTO 6 Poliambulatorio,Servizi medici locali,,099 957 4015,Via Fᶜᵒ. Pᶫᵒ. Fanelli,San Marzano di San Giuseppe,,,,,,,,,,,
Oleificio Gruppo Massaro,Oleificio,https://www.oleificiogruppomassaro.it/,333 968 4423,"Via Zona Pip lotto, 31",San Marzano di San Giuseppe,,,https,ASP.NET,No,Aruba S.p.A,60,79,100.00,Sì,No
SG Vini S.r.l. - Vendita Vino Primitivo di Manduria,Negozio di vini,https://www.sgvini.it/,339 441 5559,"Via Anna Magnani, snc",San Marzano di San Giuseppe,,,https,ASP.NET,No,Aruba S.p.A,60,66,100.00,Sì,No
CANTINE CAPUZZIMATI SRLS,Azienda vinicola,,320 724 2084,Via Extrapalombaro Zona Pip Lotto 39,San Marzano di San Giuseppe,,,,,,,,,,,
SHOP CANTINE SAN MARZANO,Enoteca,http://www.sanmarzanowines.com/,327 059 7024,"S.P. 86, ANGOLO, Via Di Giesi",San Marzano di San Giuseppe,,,https,Angular,Sì,Serverplan s.r.l.,31,31,100.00,Sì,No
M.M.C. Metalmeccanica Srl,Produttore,,0836 571194,"Via Fratelli Cervi, 30",Martano,,,,,,,,,,,
Caf Coldiretti - Impresa Verde Taranto S.R.L.,Sindacato,https://caf.coldiretti.it/dove-siamo/puglia/,099 957 1169,"Via Manduria, 40",San Marzano di San Giuseppe,,caf@coldiretti.it,https,WordPress,No,Telecom Italia S.p.A.,66,96,77.00,Sì,No
Monopoli Arcangelo,Fornitore di trattori e macchine agricole,,099 957 5047,"Via Bonelli, 22",San Marzano di San Giuseppe,,,,,,,,,,,
Sweetdreams s.r.l da palazzone,Bar,,099 000000,"Via Vittorio Emanuele III, 226",San Marzano di San Giuseppe,,,,,,,,,,,
Lavasciuga di Giorgio Villani,Lavanderia automatica,,320 872 4957,"Via Cesare Battisti, 48",Martignano,,,,,,,,,,,
Piccione Claudio,Macelleria,http://www.macelleriadaclaudio.com/,099 957 5482,"Corso Umberto I, 44",San Marzano di San Giuseppe,,macelleria.claudiop@gmail.com,https,React,Sì,Google LLC,73,98,100.00,Sì,No
New Box Scatolificio Soc. Coop.,Azienda di confezionamento,http://www.newboxscatolificio.it/,099 957 4431,"Via Chiancaro, SN",San Marzano di San Giuseppe,,info@newboxscatolificio.it,https,React,Sì,Aruba S.p.A. Network,59,81,92.00,Sì,No
TELSA SCARL,Ditta specializzata in telecomunicazioni,,0832 801076,ZONA PIP LOTTO 54,Martignano,,,,,,,,,,,
Marmi Bianco - Marmi & Calore,Ditta specializzata in marmi,https://www.marmibianco.com/,0832 801682,"km 2, Strada Provinciale",Caprarica di Lecce,,info@marmibianco.com,https,Joomla,Sì,Aruba S.p.A.,59,77,85.00,Sì,No
Edilele S.R.L.,Impresa di costruzioni,,0832 801090,"Via Canonico Bray, 26",Martignano,,,,,,,,,,,
ADR COMPUTER SERVICE,Azienda informatica,,320 265 8500,"Via Chiesa, 70",Martignano,,,,,,,,,,,
Roxy Pasticceria Rosticceria,Pasticceria,,320 978 7318,"51, Via Roma, 49",Martignano,,,,,,,,,,,
Omnia Services Società Cooperativa,Impresa di pulizie,,392 361 7008,"Via Roma, 147",Martignano,,,,,,,,,,,
Mjedis Itali S.r.l.,Concessionario di camion,http://www.mjedisitali.com/,333 631 0224,"Strada Prov. n° 86 per Sava Km 8,900+500",San Marzano di San Giuseppe,,mjedisitalisrl@libero.it,https,WordPress,No,Aruba S.p.A. Network,31,73,92.00,Sì,No
Gioielli Margherita Dal 1946 S.r.l.,Gioielleria,,099 957 5964,"Via Dante Alighieri, 29",San Marzano di San Giuseppe,,,,,,,,,,,
Teknarredo - Progettazione & Realizzazione di Arredamenti,Designer d'interni,https://teknarredo.wixsite.com/teknarredo,334 663 2830,"Via Chiesa, 12",Martignano,,dd0a55ccb8124b9c9d938e3acf41f8aa@sentry.wixpress.com,https,Wix,No,Google LLC,45,76,100.00,Sì,No
Chironi prodotti tipici,Fornitore di prodotti alimentari,https://www.chironi.com/,0836 571585,"Via Alessandro Volta, 15",Martano,,info@chironi.com,https,Joomla,No,Aruba S.p.A.,27,40,85.00,Sì,No
I.co.man 2000 S.r.l - BerWich,Azienda di confezionamento,,080 483 3957,"Via Mottola, km 2/200",Martina Franca,,,,,,,,,,,
Bruno Agricoltura Srl,Fornitore di trattori e macchine agricole,http://www.gruppobruno.com/,324 074 8720,Via Roma,Martignano,,,https,WordPress,Sì,"Cloudflare, Inc.",55,70,100.00,Sì,No
Industrie Confezioni Acquaviva S.R.L.,Azienda di confezionamento,http://www.acquaviva.it/,080 485 5611,"Strada Chiancaro Zona D, 1",Martina Franca,,,,Wix,Non trovato,Google LLC,79,98,36.00,No - Pagina Non Trovata (404),No
Azienda agricola Masseria Battaglini,Agriturismo,http://masseriabattaglini.it/,392 583 3330,Strada Giuseppe Battaglini Zona A,Martina Franca,,info@masseriabattaglini.it,https,React,No,Google LLC,65,89,92.00,Sì,No
AZIENDA AGRICOLA DEI TRULLI MARANNA,Azienda agricola biologica,,389 432 5368,"SS 172 km. 37+87, C.DA MARANNA lato sx",Martina Franca,,,,,,,,,,,
Confezioni Lerario,Azienda di confezionamento,http://www.lerario.it/,080 485 7175,"Via Mottola, Km 2.200 Zona Industriale , 74015",Martina Franca,,info@tagliatore.com,https,Shopify,Sì,Aruba S.p.A. Network,76,97,91.00,Sì,No
Blog srl,Azienda di import-export,https://www.blogsrl.it/,080 485 8260,"Via Taranto, 72",Martina Franca,,info@blogsrl.it,https,Shopify,Sì,Aruba S.p.A.,24,56,83.00,Sì,No
Fornaio Giuseppe Prodotti per l'agricoltura,Vivaio,,080 483 4810,"Via Alessandro Fighera, 110",Martina Franca,,,,,,,,,,,
Cantine Di Marco Srl,Azienda vinicola,https://www.cantinedimarco.com/,331 507 0246,"Via Locorotondo, 21",Martina Franca,,,https,WordPress,No,Contabo GmbH,66,88,91.00,Sì,No
Vineka Wine,Azienda vinicola,http://www.vineka.it/,345 049 0872,"Via dei Fiori, 16",Martina Franca,,,https,Shopify,No,Aruba S.p.A.,56,69,92.00,Sì,No
Tenute Rosato,Azienda vinicola,http://www.tenuterosato.it/,393 326 6608,Strada Difesa Zona M n. 117,Martina Franca,,toniorosato9@gmail.com,https,ASP.NET,No,Aruba S.p.A. Network,52,51,91.00,Sì,No
EcoBioService S.r.l.,Consulente ambientale,http://www.ecobioservice.it/,080 574 6718,"Via Massafra, 26/f",Martina Franca,,info@ecobioservice.it,https,Joomla,No,Host SpA,50,78,91.00,Sì,No
Prodotti tipici del salento,Fornitore di prodotti alimentari,http://prodottitipicidelsalento.com/,388 890 6151,"Via Alessandro Volta, 15",Martano,,,https,Wix,Sì,wix com inc,51,84,100.00,Sì,No
Lamiola Azienda Agricola,Azienda agricola biologica,https://www.lamiola.com/,338 388 1905,Via Lamiola Zona L/1,Martina Franca,,info@lamiola.com,https,Joomla,Sì,Google LLC,46,42,85.00,Sì,No
Terre Salentine,Azienda vinicola,http://www.terresalentine.webnode.it/,389 237 9387,Via Taranto zona g 25,Martina Franca,,contatto@esempio.it,http,React,No,Amazon Technologies Inc.,62,95,100.00,Sì,No
AZ.DA AGRICOLA LA FATTORIA DI MASHA MARUGGIO,Azienda agricola biologica,,329 617 4605,SP131,Maruggio,,,,,,,,,,,
Ingrosso Bibite,Negozio di alimentari,,080 483 8881,"Viale della Stazione, 11",Martina Franca,,,,,,,,,,,
Puglia Termica S.r.l.,Negozio di forniture idrauliche,http://www.pugliatermica.it/,080 485 5122,Via Mottola Zona Industriale Km 2.2,Martina Franca,,,https,WordPress,Sì,"Cloudflare, Inc.",48,53,85.00,Sì,No
Due Esse Distribuzioni - Import/Export,Azienda di import-export,http://www.dueessedistribuzioni.it/,080 483 0111,Via Mottola km 2.200,Martina Franca,,,https,WordPress,Sì,Host SpA,68,91,100.00,Sì,No
Commenda Magistrale,Azienda agricola biologica,http://www.commendamagistrale.com/,348 090 4659,"SP136, km 1",Maruggio,,commendamagistrale@gmail.com,https,WordPress,Sì,Aruba S.p.A. Network,48,65,92.00,Sì,No
Agritecnica di Cosimo Summa,Fornitore di trattori e macchine agricole,,099 675763,"Via Milizia Fratelli, 44/46",Maruggio,,,,,,,,,,,
G M Cantore Srl,Oleificio,,099 676324,"74020, Via Str.pro.le, Via Per Maruggio",Monacizzo,,,,,,,,,,,
Isola Ecologica Comune di Maruggio,Servizio di raccolta rifiuti,,389 096 4612,Z.I.,Maruggio,,,,,,,,,,,
C T P S.p.a.,Azienda di trasporti in autobus,,099 675183,"Via Roma, 119",Maruggio,,,,,,,,,,,
Guardia Medica Maruggio,Centro medico,,099 675458,"Piazza Marconi, 16",Maruggio,,,,,,,,,,,
Masseria Borgo dei Trulli,Azienda vinicola,http://www.masseriaborgodeitrulli.com/,346 181 2119,"SP130, Loc. Roselle, SN",Maruggio,,info@masseriaborgodeitrulli.com,https,ASP.NET,No,Aruba S.p.A.,62,74,77.00,Sì,No
Primaluce (Azienda agricola),Parco,,377 359 4358,Via Vento,Maruggio,,,,,,,,,,,
Enoteche di Puglia,Enoteca,http://www.enotechedipuglia.it/,099 675010,"Via del Mare, 20/A",Maruggio,,,https,PrestaShop,No,OVH ISP,41,73,92.00,Sì,No
DE.SA. International,Negozio di accessori di moda,http://www.desa.srl/,080 485 5247,"Via Mottola Km 2200, trav, Via Vito Consoli",Martina Franca,,,https,WordPress,No,Aruba S.p.A. Network,56,70,100.00,Sì,No
Valcoop Società Cooperativa Agricola,Caseificio,https://www.valcoop.it/,080 430 2554,"Via Gaetano Donizetti, 55",Martina Franca,,info@valcoop.it,https,PrestaShop,No,Server Plan S.r.l.,18,24,91.00,Sì,No
Maruggio,Complesso abitativo,,376 108 0770,"Via Cosimo Rizzo, 3",Maruggio,,,,,,,,,,,
Castiglia Srl,Servizi di trasporto,https://www.castigliasrl.it/,099 880 7723,"Km 636, SS7",Massafra,,info.castiglia@itelyum.com,https,Shopify,Sì,Servereasy Italy,70,83,85.00,Sì,No
Cartonlegno Group Srl,Azienda di confezionamento,https://www.cartonlegnogroup.it/,099 880 9403,"Via Stazione, 34",Massafra,,,https,WordPress,Sì,Server Plan S.r.l.,68,74,92.00,Sì,No
POLIBECK S.p.A. ️,Produzione e lavorazione materie plastiche,,099 880 5588,"Via Chiatona, snc",Massafra,,,,,,,,,,,
Azienda Agricola Zecchino Luisa,Azienda agricola biologica,,099 880 4248,"Via Caduti di Russia, 6",Massafra,,,,,,,,,,,
Angiulli Francesco - Vinicola E Olearia Vittoria S.R.L.,Azienda vinicola,,099 880 1844,Via Chiatona,Massafra,,,,,,,,,,,
DAMAR Italia s.r.l.,Produzione e ingrosso alimentari,,099 885 4655,SS7,Massafra,,,,,,,,,,,
STOMA GROUP Spa,Produttore di macchine utensili,https://www.stomagroup.it/,099 880 4786,"Via Ciura, s.n",Massafra,,stoma@stoma.it,https,Shopify,Sì,Host SpA,57,69,77.00,Sì,No
M.T.A. S.r.l.,Impianto solare fotovoltaico,http://mta-impianti.it/,392 907 6392,"Via Pier Paolo Pasolini, 20",Massafra,,info@mta-impianti.it,https,Angular,Sì,Aruba S.p.A.,68,87,100.00,Sì,No
Ser. Com. Srl,Negozio,,099 880 1848,"SP PER ACCETTA GRANDE,4",Massafra,,,,,,,,,,,
Elsac Engineering S.R.L.,Fornitore di apparecchiature elettriche,http://www.elsac.it/,099 880 5564,"Via Giovanni Falcone, 7",Massafra,,,https,WordPress,No,Servereasy Italy,80,99,100.00,Sì,No
Modomec S.R.L.,Produttore di acciaio,https://www.modomec.com/,099 880 4221,"Km 637,, SS7, 100",Massafra,,modomec@modomec.com,https,Shopify,No,Servereasy Italy,63,97,77.00,Sì,No
Marsano Vincenzo e Figli Srl,Produttore,,0833 507056,"Galleria D'Ayala Valva, 16",Matino,,,,,,,,,,,
Meridional Carni Srl,Grossista di carni,,0833 519217,"Via Bolzano, 32",Matino,,,,,,,,,,,
Azienda Agricola Frutta e Verdura di Colaianni Alessandro,Negozio di frutta e verdura,,342 000 9903,"Via Piave, 77",Matino,,,,,,,,,,,
Matino,Consulente aziendale,,0833 593506,"Viale Italia, 35c",Matino,,,,,,,,,,,
CO.S.ME. s.r.l.,Fornitore di finestre,https://cosmesrl.it/,099 880 7648,"via Ciura, 40°34'53.2N 17°06'20.6E",Massafra,,info@cosmesrl.it,https,Shopify,No,OVH SAS,59,85,83.00,Sì,No
Scatolificio San Giorgio s.r.l.,Azienda di confezionamento,,0833 507081,Via Intercomunale Casarano-Matino,Matino,,,,,,,,,,,
CNF Intralogistics,Fornitore di macchine per la movimentazione di merci,http://www.cnfsrl.it/,099 880 9316,"SS7, 26",Massafra,,info@cnfsrl.it,,Duda,Sì,Aruba S.p.A. Network,50,56,85.00,Sì,No
Fast&Clean Srl - Impresa di pulizie,Impresa di pulizie,https://fast-clean.it/?utm_source=google+maps+&utm_medium=web&utm_campaign=web_googlemaps&utm_id=utm_googlemaps,348 816 6513,"Zona Industriale, Lotto, A, 31",Matino,,info@fast-clean.it,https,Shopify,No,Google LLC,56,79,100.00,Sì,No
Cooperativa Tra Produttori Agricoli Di Matino,Fattoria,,0833 507049,"Via Vittorio Veneto, 44",Matino,,,,,,,,,,,
FVF S.R.L.,Serigrafia,http://www.fvfsrl.it/,0833 519168,"Via Zona Industriale, Matino, Le 73046",Zona Industriale,,ninfo@fvfsrl.it,https,React,No,Aruba S.p.A.,61,92,100.00,Sì,No
Monteduro Imballaggi,Azienda di confezionamento,https://www.monteduroimballaggi.com/,0833 506045,Via Provinciale Taviano,Matino,,info@monteduroimballaggi.it,https,React,Sì,OVH SAS,56,85,100.00,Sì,No
B.E.M.A. srl,Negozio di materiali da costruzione,https://www.bemamaterialiedili.it/,0833 507023,"Via Zona Industriale, Lotto 3",Matino,,bemasrl.manufatti@libero.it,https,Joomla,No,Aruba S.p.A.,56,64,85.00,Sì,No
Gami Srl,Hotel,,0833 506551,"Via Amedeo Modigliani, 48",Matino,,,,,,,,,,,
"CDL Italia Srl - Arredo Uffici, Negozi, B&B, Scuole",Negozio di mobili per ufficio,https://www.cdlitalialecce.it/,320 472 6615,SP334,Matino,,info@cdlitalia.it,https,WordPress,Sì,Aruba S.p.A.,42,35,77.00,Sì,No
SCM,Casa di alta moda,https://www.scmfashion.com/,0833 503866,"Via Maestri del Lavoro scn, Lotto, 18",Matino,,info@scmfashion.com,https,React,No,Aruba S.p.A.,93,100,91.00,Sì,No
Azienda Agricola AgriBio Il Mandorlo,Mercato degli agricoltori,,389 023 6884,Via Masseria Scorpiti s.n.,"Località Roca Nuova, Melendugno",,,,,,,,,,,
OFFISHINA Conserviamo il Sapore del Mare,Azienda ittica,https://www.offishina.it/,351 993 8123,"Via Armellini, 74",Matino,,augest999@proton.me,https,React,Sì,Server Plan S.r.l.,47,54,85.00,Sì,No
Az. Agr. Eredi di Urso Maria Rosaria,Oleificio,http://www.mascure.it/,392 947 4703,"Piazza Castello, 5",Melendugno,,info@mascure.it,https,React,No,Google LLC,56,61,73.00,Sì,No
La Casa del Latte,Caseificio,,327 756 2875,"Piazza Borgo S. Antonio, 10",Melendugno,,,,,,,,,,,
Sib Case Mobili Srl,Costruttore di case modulari,http://www.sibcase.com/,099 675636,"Strada Provinciale 132 Via per Torre Ovo Km 2,00",Maruggio,,,https,React,No,Server Plan S.r.l.,72,96,100.00,Sì,No
IDEA S.r.l.,Azienda fornitrice di energia elettrica,https://www.hydeale.it/,099 946 8882,"Viale Magna Grecia, 38",Massafra,,,https,React,Sì,Server Plan S.r.l.,44,9,92.00,Sì,No
Azienda Agricola Masseria Epifani,Servizio agricolo,,327 128 9529,PROV. MELENDUGNO-TORRE DELL'ORSO 5 KM SX,Melendugno,,,,,,,,,,,
Pacco Express,Spedizioni e corrispondenza,,328 725 6294,"Via S. Giovanni, 21 a",Melendugno,,,,,,,,,,,
STADAM Materiale elettrico,Negozio di forniture elettriche,,320 843 0494,"Via Wolfgang Amadeus Mozart, 20",Melendugno,,,,,,,,,,,
Petrachi Technology,Ditta specializzata in marmi,,348 901 6210,"per Lecce, km 1, Via Lecce",Melendugno,,,,,,,,,,,
Azienda Agricola di Fiorella Cagnoni,Azienda agricola biologica,,338 669 9546,strada provinciale 366 km 11,Melendugno,,,,,,,,,,,
Roca Nuova,Oleificio,http://www.tenutarocanuova.com/,329 422 9434,"SP297, KM 5.500",Melendugno,,info@tenutarocanuova.it,https,Joomla,Sì,Aruba S.p.A.,40,67,100.00,Sì,No
Agriturismo Azienda agricola Le Paesane,Agriturismo,https://lepaesane.it/,349 692 9701,SP145,Melendugno,,lepaesane@gmail.com,https,Shopify,Sì,Google LLC,62,94,100.00,Sì,No
Vivai Petrachi,Vivaio,https://www.vivaipetrachi.it/,349 636 5017,"Via Lecce, km1",Melendugno,,vivai-petrachi@libero.it,https,WordPress,No,Server Plan S.r.l.,60,94,100.00,Sì,No
GSA SRL - Global Safety,Antinfortunistica,http://www.gsafety.eu/,099 652 5453,"SS7, 7 km 634",Massafra,,,,Shopify,No,"Cloudflare, Inc.",0,0,0.00,Sì,No
DiamanteItalia - EcoBio Cosmesi & Erboristeria,Erboristeria,http://www.diamanteitalia.it/,099 885 1212,"Via Giuseppe di Vittorio, 20",Massafra,,info@diamanteitalia.it,https,Shopify,Sì,Server Plan S.r.l.,25,53,69.00,Sì,No
Salento street food - Qquai,Ristorante,,348 515 6421,Sp 288 km2,Melissano,,,,,,,,,,,
Cantina Conte Vini,Enoteca,,329 363 1758,"Via Cesare Battisti, 87",Melissano,,,,,,,,,,,
Cooperativa Agricola Melissanese,Azienda vinicola,,0833 588430,"Via Camillo Benso Conte di Cavour, 42",Melissano,,,,,,,,,,,
Seda srl,Falegnameria,http://nonsolotavoli.it/,0833 588905,"Via Monte Pollino, 3",Melissano,,info@nonsolotavoli.it,https,Shopify,No,Google LLC,54,44,100.00,Sì,No
Gourmeat srl,Grossista di carni,,0833 581518,"Via Schiavoni, 7",Melissano,,,,,,,,,,,
Belloni S.r.l.,Negozio di prodotti agricoli,https://agribshop.com/chi-siamo/,0833 581485,Zona Industriale,Melissano,,info@agribshop.com,https,WordPress,Sì,Host SpA,63,99,92.00,Sì,No
Ecolio S.r.l.,Servizio di smaltimento delle acque reflue,https://www.multieffegroup.it/,348 605 6759,Località Masseria Zappi snc,Melendugno,,solvicsrl@multieffegroup.it,https,React,No,Aruba S.p.A. Network,65,88,100.00,Sì,No
Unione Agricola di Melissano,Azienda vinicola,https://www.unioneagricola.it/,0833 588221,"Via Palermo, 53",Melissano,,,https,WordPress,No,Aruba S.p.A.,52,66,75.00,Sì,No
D.BIO Fabbrica Materassi,Negozio di materassi,https://www.dbiomaterassi.com/,0833 588447,"Via del Commercio, Snc",Melissano,,info@dbiomaterassi.com,https,WordPress,No,Netsons Network,36,50,92.00,Sì,No
Sercolor Srl,Servizio di verniciatura a polvere,http://www.sercolor.it/,0833 587282,"Via Gran Sasso, 13/Z.I",Melissano,,info@sercolor.it,https,Shopify,Sì,Aruba S.p.A.,63,88,100.00,Sì,No
Agriturismo e masseria didattica Villa Vincenzina,Azienda vinicola,,329 329 2793,Contrada Pioppi,Melissano,,,,,,,,,,,
Olio Montagna,Oleificio,http://www.oliomontagna.com/,0833 581901,"V. Monte Bianco, 12",Melissano,,,https,Joomla,No,"Cloudflare, Inc.",56,77,92.00,Sì,No
Gesco Srl,Negozio di materiali da costruzione,http://www.gescodistribuzione.it/,0833 581501,"Contrada Vore, zona industriale Melissano, Le 73040",Melissano,,info@gescodistribuzione.it,https,Shopify,Sì,Aruba S.p.A.,59,88,85.00,Sì,No
Casciaro Agricoltura,Fornitore di trattori e macchine agricole,http://www.casciaroagricoltura.com/,0833 551239,"SP68, KM 5.2",Melissano,,,https,Shopify,Sì,Seeweb srl,44,49,92.00,Sì,No
"Serus srls - Concime Biologico Puglia, Humus di lombrico Puglia, Fertilizzante Puglia, Lombricoltura Puglia",Azienda agricola biologica,,342 737 3911,"Contrada Macchie, 72023",Mesagne,,,,,,,,,,,
Metaltecna s.r.l.,Installazione e manutenzione ascensori,https://metaltecna.com/,0833 588350,"Via Monte Rosa, 4",Melissano,,info@metaltecna.com,https,WordPress,Sì,Google LLC,56,75,92.00,Sì,No
Centro Comunale di Raccolta di Melissano,Servizio di raccolta rifiuti,http://gialplast.it/,0833 911983,Contrada Vore,Melissano,,,https,WordPress,Sì,OVH SAS,55,73,92.00,Sì,No
Chetta Srl,Ufficio aziendale,http://www.chetta.it/,0833 581298,"Via Monte Rosa, 34/36",Melissano,,info@chetta.it,https,Joomla,No,Server Plan S.r.l.,76,96,92.00,Sì,No
Durante S.R.L.,Oleificio,http://www.oliodurante.com/,0832 834878,"SP145, Km 1",Melendugno,,info@oliodurante.com,http,Joomla,No,CLIO S.p.A.,39,71,92.00,Sì,No
Conserve Italia,Produzione e vendita di scorte alimentari,http://www.conserveitalia.it/,0831 734936,"Via Vecchia Brindisi, 1","Contrada Cavallino, Mesagne",,conserveitalia@ccci.it,https,Angular,Sì,"DigitalOcean, LLC",56,66,83.00,Sì,No
Co.pack S.r.l.,Azienda di confezionamento,,0831 778722,"Via Nino Bixio, 2",Mesagne,,,,,,,,,,,
Agri Conserve srl,Produzione e vendita di scorte alimentari,https://agricons.com/,0831 774823,"Km. 2, Contrada Galina",Mesagne,,,https,WordPress,No,Aruba S.p.A.,66,75,100.00,Sì,No
F.LLI CAMPANA SRL,Deposito,https://www.campanasrl.com/,0831 730675,"Via Antonio Murri, 12",Mesagne,,info@campanasrl.com,https,WordPress,Sì,Aruba S.p.A. Network,36,64,85.00,Sì,No
Macchia del Barone,Negozio,https://www.macchiadelbarone.it/,0832 834830,"Viale Luigi Einaudi, 3",Melendugno,,,,Shopify,No,"Cloudflare, Inc.",35,22,85.00,Sì,No
Fratelli D'Ancona s.r.l.,Fornitore di impianti industriali,http://www.fratellidancona.com/,0831 777408,"Via S. Pancrazio, 251",Mesagne,,info@fratellidancona.com,https,WordPress,No,Aruba S.p.A.,79,95,100.00,Sì,No
Azienda Agricola Altavilla - Produzione e commercio ortofrutticola - Ingrosso e dettaglio di Altavilla Antonio,Fruttivendolo,,349 759 7083,"Via Manfredi Svevo, 40",Mesagne,,,,,,,,,,,
Ruggiero F.Lli Snc Di Antonio Ruggiero E C.,Produzione e ingrosso alimentari,,0831 775611,Contrada Santa Rosa Galina,Mesagne,,,,,,,,,,,
La Madia Salentina,Produzione e commercio surgelati,,0833 764263,Via Monti del Sala - Z.i,Miggiano,,,,,,,,,,,
Caved Srl - Gruppo CAVED,Impresa di scavi e demolizioni,http://www.cavedsrl.it/,0831 777690,"Via Nino Bixio, 54",Mesagne,,info@cavedsrl.it,,Joomla,No,SEEWEB s.r.l.,0,86,100.00,Sì,No
Albanova S.R.L.,Produzione e ingrosso alimentari,,0831 775894,"Contrada Galina, Mesagne, BR 72023",Mesagne,,,,,,,,,,,
Merico,Oleificio,http://www.oliomericosalento.com/,320 555 4636,"SP181, Via Miggiano Specchia, 9, 73035",Miggiano,,agricolamerico@pec.it,https,WordPress,No,Google LLC,60,93,100.00,Sì,No
Agrimotor,Fornitore di trattori e macchine agricole,,392 057 8863,"Via Sandro Pertini, 2",Miggiano,,,,,,,,,,,
Dimensione Casa mobilificio di De Pascalis,Produttore di mobili,,320 556 7691,"Via Provinciale, 174",Miggiano,,,,,,,,,,,
Azienda Agricola La Falca,Azienda agricola biologica,http://www.taccaru.com/,349 707 6117,"Via Pigni, 3",Miggiano,,lapo@taccaru.com,https,Webflow,Sì,"Amazon.com, Inc.",45,59,100.00,Sì,No
Ipermac Melpignano,Centro commerciale,,0836 331772,Zona Industriale,Melpignano,,,,,,,,,,,
Pro Medicare S.r.l.,Produttore,https://promedicare.eu/,0831 777840,"Zona industriale Lotto 41, Via Antonio Montagna",Mesagne,,info@promedicare.it,https,Shopify,Sì,OVH SAS,54,90,92.00,Sì,No
Dgr Italia,Stamperia,http://www.dgritalia.it/,0833 691639,Via Monti del Sala,Miggiano,,info@dgritalia.it,https,WordPress,No,Server Plan S.r.l.,62,84,92.00,Sì,No
K.d.a.,Negozio di mobili per cucina,http://www.kda.it/,0833 761226,"Via Specchia, 63",Miggiano,,info@kda.it,https,WordPress,Sì,Hetzner Online GmbH,48,68,100.00,Sì,No
Emmerre S.R.L.,Alimentari,,0833 769112,"Via Armando Diaz, 27",Miggiano,,,,,,,,,,,
Happy Casa Store Melpignano,Casalinghi,,0836 195 0479,San Cassiano Provincia di Lecce IT Zona Industriale,Melpignano,,,,,,,,,,,
Montaggi Industriali Soc. Coop. Arl,Fornitore di impianti industriali,,0836 471253,Strada Statale 16 km 978+940,Melpignano,,,,,,,,,,,
M23 Digital Coworking,Spazio di coworking,,0836 332084,"Via Castrignano, 23",Melpignano,,,,,,,,,,,
"Miggiano Garden Center - Vivaio, fiori, piante, pet food e accessori animali",Vivaio,https://miggianogardencenter.com/,0836 936818,"S.S. 275 LECCE, KM 8,835",Santa Maria di Leuca,,info@miggianogardencenter.com,https,React,No,Google LLC,55,43,83.00,Sì,No
MECSUD 2.0 srls,Distributore di acciaio,http://www.mecsud.it/,0831 776443,"Via S. Pancrazio, 184",Mesagne,,,https,Shopify,No,"Amazon.com, Inc.",63,91,92.00,Sì,No
Pitardi,Impresa edile,https://www.pitardi.it/,0836 421375,SS 16,Melpignano,,pitardi01@icloud.com,https,WordPress,Sì,Aruba S.p.A. Network,66,96,92.00,Sì,No
Wigmann Infissi,Fornitore di finestre,http://www.wigmann.it/,0833 548939,SS275,Miggiano,,amministrazione@wigmann.it,https,WordPress,No,Google LLC,50,52,92.00,Sì,No
Tecno Clean Produzione Detergenti,Produttore,http://www.tecnocleandetergenti.it/,0836 330067,Zona industriale,Melpignano,,info@tecnocleandetergenti.it,https,React,No,Server Plan S.r.l.,37,68,92.00,Sì,No
Tema Cucina,Falegnameria,http://www.temacucina.com/,0836 330010,Ss.16 Km. 980,Melpignano,,temacucina@gmail.com,,Angular,Sì,Server Plan S.r.l.,36,68,100.00,Sì,No
Bianco Cave,Produttore,http://www.biancocave.it/,0836 471227,"S.S. 16, Km 978",Melpignano,,biancocave@biancocave.it,https,React,Sì,Aruba S.p.A.,55,68,92.00,Sì,No
Pulivan S.A.S. di Piano Ivano & C.,Lavanderia,http://www.pulivan.it/,393 830 8328,"Zona Industriale, Lotto 120, snc",Melpignano,,info@pulivan.it,https,Joomla,No,"Amazon.com, Inc.",92,100,92.00,Sì,No
MAIURANO Car Service,Officina autoriparazioni,http://www.maiuranocarservice.it/,0836 329245,"Strada Statale 16, Km. 978",Melpignano,,info@maiuranocarservice.it,https,Shopify,Sì,Aruba S.p.A.,51,43,50.00,Sì,No
Masseria Le Stanzie,Ristorante,http://www.lestanzie.com/,0833 632438,SP362 Km 32.900 Supersano - Cutrofiano,Supersano,,info@lestanzie.com,https,Angular,Sì,OVH SAS,82,96,100.00,Sì,No
B.C. Supercartotecnica Snc,Azienda di confezionamento,,0833 631777,"Via Derna, 18",Supersano,,,,,,,,,,,
Cantina Supersanum,Azienda vinicola,http://www.cantinasupersanum.com/,392 020 2995,"Via C. Battisti, 177",Supersano,,,https,WordPress,No,"Automattic, Inc",67,92,92.00,Sì,No
Gdf Corrado S.R.L.,Azienda di autotrasporti,,0833 632557,Via Raffaello Sanzio,Supersano,,,,,,,,,,,
Hi-Tech Innovation,Negozio di elettronica,http://hitechinnovation.catonline.it/,0833 761992,"Via Specchia, 14",Miggiano,,mail@andreavettori.com,https,Angular,No,Telecom Italia S.p.A.,79,95,42.00,Sì,No
CTA Ingegno per l'energia Srl,Fornitore di impianti industriali,http://www.ctass.net/,0836 471041,"SS 16, Km978-940",Melpignano,,info@ctass.net,https,React,Sì,Host SpA,56,76,100.00,Sì,No
New Plast s.r.l.,Produzione e lavorazione materie plastiche,https://www.newplast.eu/,0836 509055,Zona Industriale,Melpignano,,info@newplast.eu,https,WordPress,Sì,Aruba S.p.A. Network,53,73,100.00,Sì,No
A.Riccardo SRL,Impresa edile,,0833 632446,"SP 362 Zona Industriale, Lotto, 03",Supersano,,,,,,,,,,,
Corrado Group SRL,Negozio di accessori di moda,,0833 635056,SS 476,Supersano,,,,,,,,,,,
Cascade sas,Ditta specializzata in fontane,https://www.cascade.it/,0836 331576,"Via Salento, 16",Melpignano,,info.cascade@cascade.it,https,Shopify,Sì,Host SpA,34,59,92.00,Sì,No
Agrestis - Di Corrado Rocco Antonio,Negozio di articoli per il giardinaggio,https://www.angoliverdi.it/Vivaiefioristi/agrestis-di-corrado-rocco-antonio-via-roma-supersano/,338 304 2482,"Via Roma, 2/A",Supersano,,,https,WordPress,Sì,"Cloudflare, Inc.",76,99,92.00,Sì,No
Shopper Plast Di Giancarlo Alfarano,Produzione e lavorazione materie plastiche,,338 597 1071,"Via Leonardo da Vinci, 8/10",Supersano,,,,,,,,,,,
Azienda Agricola Foscarini Di Stefano Marra,Fattoria,,348 897 8739,"Via Vittorio Emanuele, 70",Supersano,,,,,,,,,,,
Negro Pasquale,Spedizioniere marittimo,,0833 632043,"Via Trento, 163",Supersano,,,,,,,,,,,
Fgm s.r.l.,Distributore di carta,https://www.fgmcarta.it/,0831 664956,"VIA SALVATORE MANISCO, 2",San Pancrazio Salentino,,info@fgmcarta.it,https,WordPress,Sì,Aruba S.p.A.,62,84,92.00,Sì,No
AGROSI' | Cibo e Storie | Food and Stories,Ristorante,https://olioagrosi.com/agrosi-cibo-e-storie/,328 891 2212,"Via Vittorio Emanuele, 42",Supersano,,info@agrosi.it,https,WordPress,Sì,Netsons s.r.l.,69,88,85.00,Sì,No
CESARE VERGARI S.R.L. - Olio Extravergine di Oliva,Oleificio,https://www.agricolavergari.it/,0833 631359,"Via Provinciale per Cutrofiano, 167",Supersano,,,https,Joomla,No,Aruba S.p.A.,49,81,100.00,Sì,No
La Cupa - Salento,Produzione e vendita di scorte alimentari,https://www.produzionitipichesalentine.it/,0836 460630,"Via Supersano, 120",Scorrano,,info@cooperativalacupa.it,,WordPress,No,Aruba S.p.A. Network,48,54,92.00,Sì,No
Cantine San Pancrazio,Azienda vinicola,http://www.cantinesanpancrazio.it/,0831 666064,SP109,San Pancrazio Salentino,,,https,Joomla,Sì,Host SpA,72,56,100.00,Sì,No
Pugliese Girolamo,Negozio di elettrodomestici,,0831 667075,"Via Giovanni Bovio, 25/27",San Pancrazio Salentino,,,,,,,,,,,
naturalcarni srl,Ditta specializzata nella lavorazione delle carni,http://www.naturalcarni.com/,0833 633060,Strada Provinciale Casarano - Maglie,Supersano,,,https,Weebly,Sì,"Weebly, Inc.",70,82,83.00,Sì,No
Cav srl,Costruzione di macchine,http://www.cavsrlattrezziagricoli.com/,348 242 7988,Via Enzo Ferrari,San Pancrazio Salentino,,info@cavsrlattrezziagricoli.com,https,WordPress,No,Aruba S.p.A. Network,54,69,61.00,Sì,No
Officine Bene,Produttore di macchine utensili,,0831 668234,"Via Dei Gigli, 8",San Pancrazio Salentino,,,,,,,,,,,
Funiati viticoltori,Azienda vinicola,http://www.funiati.it/,340 815 0740,SP65 San Pancrazio-Avetrana Km 2.6,San Pancrazio Salentino,,,https,Shopify,No,"Cloudflare, Inc.",77,93,100.00,Sì,No
Legittimo Srl,Negozio di piastrelle ceramiche,http://www.legittimosrl.it/,0833 631174,"Via Nociglia, 34",Supersano,,info@legittimosrl.it,http,React,No,Seeweb srl,68,99,100.00,Sì,No
Fina Sud Srl,Azienda di fornitura del gas,https://www.finacosimogroup.it/,0831 667090,"Via Taranto, 72",San Pancrazio Salentino,,,https,Joomla,Sì,Aruba S.p.A.,47,62,83.00,Sì,No
De Carlo F.Lli Snc Di De Carlo Gianluca,Discarica,,0832 261105,"Via Leopoldo Pisacane, 3",San Pietro In Lama,,,,,,,,,,,
Spazio Enel Partner San Pancrazio Salentino,Azienda fornitrice di energia elettrica,https://www.smartpeoplesrl.it/?utm_source=google&utm_medium=GMBSitelink&utm_campaign=GMBSitelink_San_Pancrazio_Salentino_71K,0831 562160,"Corso Umberto I°, 218",San Pancrazio Salentino,,info@smartpeoplesrl.it,https,WordPress,Sì,Hetzner Online GmbH,68,94,92.00,Sì,No
Francesco Caricato,Azienda agricola biologica,https://www.caricato.it/,329 944 7354,"Via Armando Diaz, 11",San Pietro in Lama,,info@caricato.it,https,WordPress,Sì,Aruba S.p.A.,61,85,100.00,Sì,No
Ticli Concetta,Bar,,0832 634477,"Via Lequile, 11",San Pietro In Lama,,,,,,,,,,,
Agritecnica s.r.l.,Negozio per animali,https://www.articolianimali.net/,0831 667115,"Via L. Galvani, 24",San Pancrazio Salentino,,agritecnicasrl@gmail.com,https,WordPress,No,OVH SAS,37,49,77.00,Sì,No
Sanasi Cucine,Produttore,http://www.sanasicucine.it/,0831 666924,"Via Taranto, 100",San Pancrazio Salentino,,info@sanasicucine.it,https,Joomla,Sì,Aruba S.p.A.,33,55,77.00,Sì,No
LUXURY GARAGE SRL,Rivenditore di auto,http://www.luxurygaragesrl.com/,0831 666190,"Via S. Donaci, 1",San Pancrazio Salentino,,luxurygaragesrl@gmail.com,https,ASP.NET,Sì,Simply Transit Ltd,39,75,91.00,Sì,No
IGI Srl,Manifattura tessile,http://www.igisrl.com/,0832 632587,Via Primaldo Politi,San Pietro in Lama,,info@igisrl.com,https,React,Sì,Google LLC,67,96,92.00,Sì,No
De Carlo Oli,Servizio di gestione dei rifiuti,https://www.oliodecarlo.com/news/,0832 633689,"Via Sandro Pertini, 6",San Pietro in Lama,,,https,WordPress,Sì,Combell NV,28,45,100.00,Sì,No
AGRO-OST,Associazione agricola,,380 141 9299,via G. Grassi,Surbo,,,,,,,,,,,
DCP volantinaggio,Agenzia di pubblicità,,347 388 1115,"Via Unità D'Italia, 82",San Pietro in Lama,,,,,,,,,,,
Spazio Enel Partner Surbo,Azienda fornitrice di energia elettrica,,0832 169 8457,"Via Lecce, 81",Surbo,,,,,,,,,,,
Tridipen Ecologia Srl,Servizio di gestione dei rifiuti,,081 502 9139,"F. n, Via Bortone, 3",Surbo,,,,,,,,,,,
Iceberg Distribuzione srl,Grossista,,0832 241459,Via Belgio,Surbo,,,,,,,,,,,
Eurolive S.p.A.,Produzione e vendita di scorte alimentari,http://www.eurolive.it/,0832 277809,Viale Francia,Surbo,,,https,React,Sì,Google LLC,62,83,92.00,Sì,No
Expert Distante Surbo,Negozio di elettrodomestici,,0832 308442,Strada Provinciale Lecce,Surbo,,,,,,,,,,,
Azienda Agricola Giuly Flora Di Greco Salvatore,Vivaio,,333 452 5139,"LE. 3 KM, SP236",Surbo,,,,,,,,,,,
LEZZI S.u.r.l.,Impresa di costruzione strade,http://www.lezzi.eu/,0832 365971,"Viale Germania, 10",Zona Industriale,,info@lezzi.eu,http,WordPress,No,Aruba S.p.A. Network,44,50,77.00,Sì,No
C.m. Recuperi Srl,Servizio di raccolta rifiuti,http://www.cmrecuperilecce.it/,0832 366047,"Via Trepuzzi, 22",Surbo,,cmrecuperi@libero.it,https,WordPress,No,Aruba S.p.A.,55,73,100.00,Sì,No
Leva S.r.l.,Produttore di mobili,,0836 936743,"Strada St. 275, Surano, Le Km 12",Surano,,,,,,,,,,,
Stamin S.r.l.,Produttore di macchine utensili,https://www.staminsrl.it/,0832 365970,"Zona Industriale, Surbo, Le 73010",Zona Industriale 1,,,https,WordPress,No,"Amazon.com, Inc.",56,92,92.00,Sì,No
Moben Srl: Carpenteria metallica e meccanica,Lavorazione metalli,https://www.mobensrl.it/,0832 179 1197,"Via Giuseppe Leone, 1",Surbo,,commerciale.moben@gmail.com,https,Joomla,No,Aruba S.p.A.,56,81,92.00,Sì,No
Socemi S.r.l.,Impresa di costruzioni,,0832 521009,Via Olanda,Surbo,,,,,,,,,,,
OLEIFICIO AGRO TARANTINI & RUSSO,Oleificio,http://www.agrosalento.it/,328 223 1622,Via Appia Antica,Surbo,,info@olioagro.it,https,React,Sì,Google LLC,39,67,92.00,Sì,No
Orma sas,Produttore,,0836 939126,"Km. 12.500 Strada St. 275, Surano, Le 73030",Surano,,,,,,,,,,,
Russo & C. Sas,Grossista di acqua minerale,,0836 936823,"SS275, Km 12,00",Surano,,,,,,,,,,,
NG S.R.L. Industria Alimentare Pugliese,Fattoria di produzione di latticini,,0836 938401,"S.S. 275 Maglie-Leuca, Km 11,800 - Lotto n° 6, Via Surano",Surano,,,,,,,,,,,
Calzaturificio EMMEGIEMME SHOES srl,Calzaturificio,https://www.mgmshoes.it/,0836 936759,"Via Vicinale Murta, 5",Surano,,info@mgmshoes.it,https,React,No,Aruba S.p.A.,56,54,100.00,Sì,No
Purocotone,Fabbrica di tessile,http://www.purocotone.it/,0836 195 5455,s.s. 275 Km 12,Surano,,info@purocotone.it,https,React,Sì,Hetzner Online GmbH,46,61,85.00,Sì,No
Agri Farma Piccinni S.R.L.,Fornitore di trattori e macchine agricole,,0836 936767,"KM. 13.500, STRADA ST. 275, Surano, LE 73030",Surano,,,,,,,,,,,
Apri le porte al futuro,Negozio di materiali da costruzione,,0836 509400,"SS275, km 13",Surano,,,,,,,,,,,
Artigianlegno srl Porte e Finestre,Fornitore di finestre,,375 641 9875,"S.S. 275 Maglie-Leuca km 14,00 Via Comunale della Macchiola",Surano,,,,,,,,,,,
Rizzo Veicoli Industriali srl,Rivenditore di camion usati,http://www.rizzovi.com/,0836 936398,SS275,Surano,,,https,Shopify,No,HOSTINGER FR,0,72,92.00,Sì,No
DFV s.r.l.,Servizio di verniciatura a polvere,https://www.dfv.it/it/,0836 935200,SS275,Surano,,info@dfv.it,https,Vue,Sì,Server Plan S.r.l.,43,69,92.00,Sì,No
Giorgiani Srl,Fornitore di materiali da costruzione,https://www.giorgianisrl.com/,0836 936766,"SS275, km11, 73030",Surano,,info@giorgianisrl.com,https,React,Sì,Keliweb S.R.L,59,80,85.00,Sì,No
Arredamenti Totò Piccinni Surano,Negozio di mobili,http://www.magazzinitotopiccinni.it/,0833 185 7400,"km 13.5, SS275",Surano,,johndoe@domain.com,https,Magento,No,velia.net Internetdienste GmbH,41,30,85.00,Sì,No
DFX S.r.l.,Fornitore di alluminio,http://www.dfxalluminio.it/,0836 939114,"strada statale 275, km 14, 400",Surano,,info@dfxalluminio.it,https,Shopify,Sì,Server Plan S.r.l.,59,73,92.00,Sì,No
Brigros Surano,Negozio di mobili da esterno,http://www.brigros.com/,0836 936613,"S. S. 275 Maglie-Leuca, km 13,400",Surano,,,https,React,Sì,Passepartout s.a.,55,75,92.00,Sì,No
TPS Taranto Srl,Cantiere navale,,099 471 8656,"Via Piero della Francesca, 11",Taranto,,,,,,,,,,,
COMES S.p.A.,Ufficio aziendale,http://www.comesspa.com/,099 475 1311,"Via Piero della Francesca, 2B/2C",Taranto,,info@comesspa.com,https,WordPress,Sì,Server Plan S.r.l.,45,75,92.00,Sì,No
SOLMAR S.r.l.,Produzione e ingrosso alimentari,http://www.solmarsrl.it/,099 777 1178,"Via Begonie, 73",Taranto,,,https,PrestaShop,Sì,Aruba S.p.A.,34,59,92.00,Sì,No
Surgel Puglia S.R.L.,Produttore di alimenti,,099 470 0157,"12400 Strada Statale Appia, Taranto, TA 74100",Taranto,,,,,,,,,,,
Ecologica s.p.a,Servizi per le imprese,http://www.ecologicaspa.com/,099 46212,"Via per Statte 7050, 74123",Taranto,,info@ecologicaspa.com,https,Shopify,Sì,Server Plan S.r.l.,56,68,85.00,Sì,No
Co.ta.far.ti A.r.l.,Casa farmaceutica,,099 779 7229,"Via Giuseppe Speziale, 28",Taranto,,,,,,,,,,,
Tecnomec Engineering S.r.l.,Lavorazione dei metalli,https://www.tecnomec-eng.it/,099 476 0044,Via Ludovico Ariosto,Taranto,,,https,WordPress,Sì,Keyweb AG IP Network,56,68,85.00,Sì,No
Refrasud International Srl,Produttore,,099 779 8914,"Via Giuseppe Speziale, 20",Taranto,,,,,,,,,,,
La Mediterranee srl,Industria cosmetica,https://www.lamediterranee.it/,099 994 3672,"A/B, Via Cesare Battisti, 27",Taranto,,info@lamediterranee.it,https,WordPress,No,Aruba S.p.A. Network,71,86,85.00,Sì,No
Masserie Amodio -Taranto -,Negozio di alimentari,http://www.masserieamodio.it/,099 730 3493,"Viale Magna Grecia, 387-389",Taranto,,info@masserieamodio.it,https,Wix,Sì,Google LLC,66,96,100.00,Sì,No
Hygge Health Care S.r.l.,Casa farmaceutica,https://hyggehealthcare.it/,099 671 8885,"Viale Virgilio, 52",Taranto,,info@hyggehealthcare.it,https,WordPress,Sì,Google LLC,30,47,100.00,Sì,No
Spazio Enel Partner Taurisano,Azienda fornitrice di energia elettrica,http://www.gruppovincenti.it/,0833 827042,"Via Leonardo da Vinci, 23",Taurisano,,,https,React,No,Aruba S.p.A.,97,100,85.00,Sì,No
SINCON s.r.l.,Ufficio aziendale,https://www.sincon.it/,099 779 8711,"Via Venezia Giulia, 70",Taranto,,info@sincon.it,https,WordPress,No,Telecom Italia S.p.A.,55,90,85.00,Sì,No
Goldfarma Srl,Casa farmaceutica,,348 697 9564,"Via Golfo di Taranto, 7",Taranto,,,,,,,,,,,
Italquadri,Automazione e robotica,http://www.italquadri.it/,345 883 1658,"Via Raffaello, 8",Taurisano,,info@italquadrisrl.it,http,WordPress,Sì,Aruba S.p.A. Network,60,84,100.00,Sì,No
Sme Group Soc. Coop.,Servizio di gestione dei rifiuti,http://www.smegroup.it/,373 827 3150,"Viale Eroi D'Italia, 140",Taurisano,,info@smegroup.it,http,Joomla,Sì,Aruba S.p.A.,55,55,85.00,Sì,No
F.Lli Caroli Luigi & Caroli Antonio Snc,Fornitore di trattori e macchine agricole,,0833 622651,"Via Leonardo da Vinci, 92",Taurisano,,,,,,,,,,,
Oasi Salute Più,Impianto depurazione acque,,0833 162 8983,"Via Indipendenza, 84",Taurisano,,,,,,,,,,,
"Surgelpesca - Pesce fresco, surgelato e gastronomia a Taurisano",Produzione e commercio surgelati,,349 326 8914,"Viale Eroi D'Italia, 149",Taurisano,,,,,,,,,,,
Fratelli Parisi Snc,Produttore,http://www.fratelliparisi.com/,0833 621025,"Corso Umberto I, 309",Taurisano,,info@parisi1876.com,https,WordPress,No,"Cloudflare, Inc.",59,66,92.00,Sì,No
Texema,Produzione e ingrosso abbigliamento,,0833 622618,"Via dell'Industria, 12",Taurisano,,,,,,,,,,,
Aziende Agricole D’Addario,Azienda vinicola,https://aziendeagricoledaddario.com/,099 222 7958,"Via Cavour, 3",Taranto,,,http,WordPress,Sì,"Cloudflare, Inc.",0,0,0.00,Sì,No
Basile Petroli Spa,Raffineria di petrolio,http://www.basilepetroli.com/certificazioni/,099 472 3311,"Via della Transumanza, 16",Taranto,,,https,WordPress,No,Aruba S.p.A.,78,70,69.00,Sì,No
Sud Calce S.r.l.,Fornitore di attrezzature per l'edilizia,http://www.sudcalcesrl.it/,328 119 9463,Via Taurisano casarano,Taurisano,,,https,WordPress,No,Netsons Network,0,0,85.00,Sì,No
"Gloc Service - Realizzazione lidi balneari, prefabbricati abitativi",Costruttore immobiliare,http://www.glocservice.it/,0833 622825,"Corso Giuseppe Mazzini, 144",Taurisano,,info@glocservice.it,https,WordPress,No,Aruba S.p.A.,73,98,92.00,Sì,No
Scarlino Supermercati Srl,Alimentari,,0833 626138,Via Miggiano,Taurisano,,,,,,,,,,,
Omec - Antonio Delfino,Lavorazione dei metalli,,0833 622332,"Via Vincenzo Gioberti, 69",Taurisano,,,,,,,,,,,
SorgentEco Salute e Benessere,Impianto depurazione acque,http://www.sorgenteco.it/,339 174 9384,"Via G. Ravizza, 62",Taurisano,,,https,React,No,Google LLC,69,0,100.00,Sì,No
Salumificio Scarlino Srl,Salumeria,http://www.scarlino.it/,0833 627111,"SP360, 30",Taurisano,,,https,ASP.NET,Sì,"The Constant Company, LLC",61,85,100.00,Sì,No
Alimilk S.R.L.,Caseificio,http://www.alimilk.eu/,0833 913281,Via Guido Scategni,Taviano,,alimilksrl@pec.it,https,WordPress,No,Aruba S.p.A. Network,60,84,100.00,Sì,No
Azienda agricola vivaistica di Fersini Luca,Vivaio,,329 613 8589,"SP68, 32",Taviano,,,,,,,,,,,
TMC,Torneria,https://www.torneriatmc.it/,0833 624317,"Via Casarano, 17",Taurisano,,carangelocarlo@virgilio.it,https,Shopify,No,OVH ISP,65,91,83.00,Sì,No
' Food Beverage & Co.' Srl,Distribuzione di bevande,http://www.foodbeveragesrl.it/,0833 914104,Via degli Artigiani,Taviano,,info@foodbeveragesrl.it,https,WordPress,Sì,Aruba S.p.A. Network,44,84,77.00,Sì,No
Spazio Enel Partner Taviano,Azienda fornitrice di energia elettrica,,0833 601307,"Via Vittorio Bachelet, 5",Taviano,,,,,,,,,,,
Cooperativa Agricola Salentina Soc Coop. A R.L.,Fattoria,,0833 183 1906,"Via Castelforte, 28",Taviano,,,,,,,,,,,
HIELO,Negozio di prodotti alimentari all'ingrosso,https://www.hielosrl.com/,0833 911956,Via Guido Scategni,Taviano,,,https,Shopify,Sì,Aruba S.p.A. Network,56,69,92.00,Sì,No
Spennato Benito S.R.L.,Fornitore di metalli,,0833 911082,"Via Regina Margherita, 258",Taviano,,,,,,,,,,,
Igiemme S.r.L.,Fornitore di attrezzature per l'edilizia,http://www.igiemme.com/,0833 917016,"complanare est ss 274, 21",Taviano,,info@igiemme.com,https,Shopify,No,"Cloudflare, Inc.",86,97,100.00,Sì,No
Meccanica Rizzello,Torneria,http://www.mecrizzello.it/,0833 622527,"0 Via Miggiano, Taurisano, Le 73056",Taurisano,,,http,ASP.NET,No,Aruba S.p.A. Network,100,100,91.00,Sì,No
AIRGAMA SRL,Produzione e lavorazione materie plastiche,http://www.airgama.it/,0833 912952,"Via Antonio Meucci, 14",Taviano,,commerciale@airgama.it,https,React,Sì,Aruba S.p.A. Network,56,51,92.00,Sì,No
MISTRAL s.r.l.,Servizio di distribuzione,http://mistralsrl.org/,0833 917011,"Via del Mercato Floricolo, 27",Taviano,,mailto.info@mistralsrl.org,https,React,No,Aruba S.p.A. Network,56,67,92.00,Sì,No
La Madia S.A.S. Di Parigi Gianna & B.,Produttore di alimenti,,0833 914228,"Via Aurelio Saffi, 24",Taviano,,,,,,,,,,,
Itea s.a.s.,Negozio di forniture idrauliche,http://www.iteashop.it/,0833 622317,"Via Cicerone, 42",Taurisano,,,https,PrestaShop,Sì,Host SpA,0,0,0.00,Sì,No
TIS s.r.l.,Negozio di forniture idrauliche,https://fornituretis.com/,0833 162 3989,"Via Matino, 22",Taviano,,info@fornituretis.com,https,Shopify,Sì,Netsons Network,60,70,92.00,Sì,No
Gel Gross Srl,Produzione e commercio surgelati,https://www.gelgross.it/,0833 914242,"Via G. Lagrange, 23",Taviano,,,https,ASP.NET,No,Aruba S.p.A,56,77,100.00,Sì,No
Azienda Agricola Sanasi Anna,Azienda agricola biologica,,340 461 8250,"Via Leanza, 26",Torre Santa Susanna,,,,,,,,,,,
Azienda Agricola F.Lli Greco Pietro E Cosimo Societa' Semplice,Fattoria,,0831 746300,"Contrada Pezza Viva, Torre Santa Susanna, BR 72028",Torre Santa Susanna,,,,,,,,,,,
Frantoio Oleario Tre Emme,Oleificio,https://agricolatreemme.it/,0831 747230,Via Mesagne,Torre Santa Susanna,,,https,React,No,Google LLC,61,87,100.00,Sì,No
Buena Onda S.r.l.,Agenzia viaggi,http://www.buenaonda-holidays.com/,393 837 9979,"Corso Vittorio Emanuele II, 108",Taviano,,b@buenaonda-holidays.com,https,React,No,Hetzner Online GmbH,38,48,100.00,Sì,No
Masseria Altemura,Vigneto,http://www.masseriaaltemura.it/,342 797 3923,SP69,Torre Santa Susanna,,info@masseriaaltemura.it,https,Shopify,Sì,Elmec Informatica S.P.A.,56,66,92.00,Sì,No
Societa' Agricola F.lli Corrado & C. Di Giovanni Corrado S.A.S.,Vivaio,,0831 745161,Contrada Quadrazzo,Torre Santa Susanna,,,,,,,,,,,
Azienda Agricola Cervellera,Servizio di e-commerce,http://extraverginecervellera.it/,0831 745580,"Via della Libertà, 23",Torre Santa Susanna,,info@extraverginecervellera.it,http,Angular,No,Aruba S.p.A. Network,50,62,92.00,Sì,No
La Pruina Vini,Azienda vinicola,https://www.lapruinavini.com/,348 363 0005,"Via Attilio Calabrese, 51",Torre Santa Susanna,,golunvolo1@hotmail.com,https,Joomla,No,Hetzner Online GmbH,31,35,92.00,Sì,No
Associazione Evodia,Apiario,,388 803 7973,Contrada Martucci,Torre Santa Susanna,,,,,,,,,,,
Pc System Di Emanuele Serinelli,Negozio di computer,,340 236 1951,"Via Giacomo Leopardi, 9",Torchiarolo,,,,,,,,,,,
Cos.Mec. SAS di Antonio Profilo & C.,Produttore di macchine utensili,http://www.cosmecsas.com/,0831 746381,"Unnamed Road, 72028",Torre Santa Susanna,,,https,Joomla,No,"Cloudflare, Inc.",72,97,83.00,Sì,No
luVinaria winebar,Pub,https://luvinariawebsite.my.canva.site/cocktail-wine-food-coffe-aperitif-brunch,380 282 0301,Via Paolo Borsellino,Torre Santa Susanna,,luvinariawinebar@gmail.com,https,Canva Websites,No,"Cloudflare London, LLC",57,56,91.00,Sì,No
San Martino,Oleificio,https://www.aziendasanmartino.it/,320 694 9923,"Via Gregorio Missere, 15",Torre Santa Susanna,,,https,Angular,Sì,Server Plan S.r.l.,74,99,100.00,Sì,No
Bello S.r.l. - Impianti d'Irrigazioni Macchine per Agricoltura Centro Collaudo,Servizio di riparazione di trattori e macchine agricole,http://www.bellosrl.com/,0831 746601,Via Oria km 1,Torre Santa Susanna,,info@bellosrl.com,https,Shopify,Sì,Host SpA,36,40,92.00,Sì,No
R.C.S. SRL,Officina per macchine,,347 302 1447,"Via del Salento, 8",Torchiarolo,,,,,,,,,,,
Golia Pietro,Negozio di forniture elettriche,,0831 620767,"Via Giacomo Leopardi, 74",Torchiarolo,,,,,,,,,,,
manucar.noleggia,Agenzia di noleggio auto,,327 349 7808,"Via Antonio Gramsci, 15",Torchiarolo,,,,,,,,,,,
L'adriatica pitture,Fornitore di attrezzature per l'edilizia,,350 900 9517,"Via Del Mare, km 1",Torchiarolo,,,,,,,,,,,
Stasi Aziende Agricole,Produttore di alimenti,https://www.agricolestasi.it/,0831 740439,"Masseria Arciprete, Via Vecchia Manduria",Torre Santa Susanna,,info@agricolestasi.it,https,Shopify,Sì,Server Plan S.r.l.,59,81,92.00,Sì,No
Agricola Taurino,Oleificio,http://www.agricolataurino.it/,0832 787541,"Via per Torchiarolo, Km 1",Squinzano,,info@agricolataurino.it,https,Joomla,Sì,Aruba S.p.A. Network,37,89,92.00,Sì,No
Cantina Hiso Telaray,Azienda vinicola,https://www.hisotelaray.com/,0831 775981,Contrada Santa Barbara,Torchiarolo,,,https,Shopify,No,"Cloudflare, Inc.",60,76,85.00,Sì,No
Cialde e capsule Store,Caffè,,377 129 1753,"Via Papa Pio XII, 3",Torchiarolo,,,,,,,,,,,
Ciculina,Organizzazione agricola,,392 039 8978,"Via San Cosimo, 3",Torre Santa Susanna,,,,,,,,,,,
Tenuta Serradei,Agriturismo,https://www.tenutaserradei.com/,393 900 3479,"Contrada Lo, Via Torre lo Muccio",Torchiarolo,,info@tenutaserradei.com,https,WordPress,Sì,Netsons Network,35,50,92.00,Sì,No
ristorante ZONA FAO 37 .1.2.3.,Ristorante,,347 390 0626,"Via Umberto I, 58",Torchiarolo,,,,,,,,,,,
Masseria Pisciani,Ristorante,https://www.masseriapisciani.it/,0831 012347,"c.da pisciani, snc",Torchiarolo,,info@masseriapisciani.it,https,WordPress,Sì,Hetzner Online GmbH,54,69,100.00,Sì,No
Caseificio Serafino,Caseificio,,347 376 4511,Via XXIV Maggio,Tiggiano,,,,,,,,,,,
Lavanderia Industriale Libera,Lavanderia,,349 680 0647,"Via I° Maggio, 21",Tiggiano,,,,,,,,,,,
Polistirolo Sud,Fornitore di materiali da costruzione,https://www.polistirolosud.com/,0833 531342,"Via Pietro Mascagni, 17",Tiggiano,,info@polistirolosud.com,https,Joomla,Sì,Hetzner Online GmbH,54,38,92.00,Sì,No
QFORT Brindisi,Fornitore di finestre,https://qfort.it/rivenditori/qfort-brindisi/,0831 215913,"Via Brindisi, 141",Torchiarolo,,info@qfortbrindisi.com,https,WordPress,Sì,SC ETA2U SRL,42,0,85.00,Sì,No
Marmi Bleve,Ditta specializzata in marmi,http://www.marmibleve.it/,0833 532832,SP80,Tiggiano,,info@marmibleve.it,https,React,No,Aruba S.p.A.,40,64,92.00,Sì,No
M.m. p. Di morciano Piero Alfio,Produzione e lavorazione materie plastiche,,0833 531137,Via I° Maggio,Tiggiano,,,,,,,,,,,
Salento Volte Di Musio Fabio & C. Snc,Impresa di costruzioni,,339 861 1979,"Via Calvario, 32",Tiggiano,,,,,,,,,,,
Protopapa Luigi,Concessionario moto,,0833 531841,"Viale Stazione, 8",Tiggiano,,,,,,,,,,,
Marzo Ippazio,Falegnameria,,347 799 1909,"Via A. De Gasperi, 27",Tiggiano,,,,,,,,,,,
Spugnificio Mediterraneo S.A.S,Negozio di materassi,,0833 531299,"Via XXIV Maggio, 179",Tiggiano,,,,,,,,,,,
Sergi SRL,Produzione e ingrosso abbigliamento,,0833 523970,"Via Cavallo, 71",Tiggiano,,,,,,,,,,,
MARSS srl - Sede Operativa,Ufficio aziendale,http://www.marss.co/,0833 532020,"Via A. De Gasperi, 150",Tiggiano,,info@marss.co,https,React,Sì,Google LLC,54,61,92.00,Sì,No
AgriTorsello,Negozio di prodotti agricoli,,0833 533026,"Via Cristoforo Colombo, 13",Tiggiano,,,,,,,,,,,
De Francesco Beverage,Grossista di bevande alcoliche,https://www.defrancescobeverage.it/about-us/,346 544 9578,"Via Sacramento, 13",Tiggiano,,info@defrancescobeverage.it,https,React,No,Serverplan S.r.l.,66,93,92.00,Sì,No
Calzificio L'Ord S.r.l.,Produzione e ingrosso abbigliamento,http://www.calzificiolord.com/,0833 532595,"Via Alessano, Tiggiano, Le 73030",Tiggiano,,,http,WordPress,No,Aruba S.p.A.,88,87,83.00,Sì,No
Innova - Informatica | Grafica | Stampa | Pubblicità,Azienda informatica,http://www.cooperativainnova.it/,389 231 8633,"Via Vittorio Veneto, 105",Tiggiano,,,https,WordPress,Sì,OVH SAS,55,63,85.00,Sì,No
Lavanderia Self Tiggiano,Lavanderia automatica,,377 212 3056,"Via A. De Gasperi, 75",Tiggiano,,,,,,,,,,,
Morciano Ingegneria Srl,Società di ingegneria civile,http://www.morcianoingegneria.it/,0833 533609,"Via Armando Diaz, 21",Tiggiano,,morciano.ingegneria@gmail.com,https,Angular,No,Google LLC,62,84,82.00,Sì,No
GoToYou Beauty Agency,Centro salute e bellezza,http://gotoyou.agency/,320 448 8572,"Via Francesco Baracca, 10/B",Tricase,,,https,WordPress,No,Google LLC,64,93,92.00,Sì,No
Cantina Masseria Torricella,Azienda vinicola,http://www.cantinamasseriatorricella.it/,333 396 8173,"Canale di Pirro, SP81, km 3",Alberobello,,info@cantinamasseriatorricella.it,https,WordPress,Sì,arsys.es,59,91,92.00,Sì,No
Fds Italy,Lavorazione metalli,https://www.fdsitaly.com/,031 610943,"Via A. De Gasperi, 176",Tiggiano,,,https,WordPress,Sì,"Cloudflare, Inc.",95,63,100.00,Sì,No
Agricola PrimoSole,Azienda agricola biologica,https://www.agricolaprimosole.com/,327 443 7877,"Via Brindisi, 64",Torchiarolo,,info@agricolaprimosole.com,https,React,No,WHG Hosting Services Ltd,41,63,92.00,Sì,No
ALESSIO SISTEMI | zanzariere | tapparelle orientabili | pergole bioclimatiche | vetrate panoramiche,Negozio di zanzariere,http://www.alessiosistemi.com/,349 883 8460,"Via Cristoforo Colombo, 78",Tiggiano,,,https,WordPress,No,Aruba S.p.A.,51,56,92.00,Sì,No
Oleificio Cooperativo di Torchiarolo,Oleificio,http://www.oleificiocooptorchiarolo.it/,0831 620284,"Via Roma, 66",Torchiarolo,,,https,Angular,No,Hetzner Online GmbH,0,72,83.00,Sì,No
Azienda Avicola Marsilio,Servizio agricolo,https://www.avicolamarsilio.com/,345 016 6133,"Contrada Campo Tommasi, Snc",Tricase,,info@vicolmarsilio.it,https,React,Sì,Netsons s.r.l.,56,72,85.00,Sì,No
Grafiche Spagnolo | Grafica professionale e Stampa Digitale,Tipografia digitale,https://grafichespagnolo.it/,0833 544115,"Via Adriano, 22",Tricase,,grafichespagnolo@yahoo.it,https,Shopify,Sì,Google LLC,66,95,100.00,Sì,No
Borè srl,Editore,,392 296 3981,"Corso Roma, 73",Tricase,,,,,,,,,,,
Happy Casa Store Tricase,Casalinghi,,0833 771723,"Via Aldo Moro, 3",Tricase,,,,,,,,,,,
Autotrasporti Nicolì Adolfo Tricase,Azienda di autotrasporti,,377 486 3992,"via Adolfo Omodeo, 7",Tricase,,,,,,,,,,,
Spaccio Az. F.lli Pispero,Macelleria,,328 659 0637,Via S. Giovanni Bosco,Tricase,,,,,,,,,,,
Elettrica Sud S.r.l.,Negozio di forniture elettriche,,0833 545805,"Zona Industriale Lotto, 13",Tricase,,,,,,,,,,,
Melicart S.r.l. - Tricase,Cartoleria,https://www.melicart.it/,0833 546729,Via Aldo Moro,Tricase,,,https,Magento,Sì,Hetzner Online GmbH,49,86,85.00,Sì,No
TriLat - Le Case di Latte,Negozio di formaggi,,345 458 4503,"Via Luigi Galvani, 13",Tricase,,,,,,,,,,,
A.Agostinello Azienda Agricola,Macelleria,,349 214 5344,Corso Ottaviano Augusto,Tricase,,,,,,,,,,,
PisMar Agricola srl,Azienda agricola biologica,https://www.pismarfood.com/,351 804 4469,Via Antonio Pacinotti,Tricase,,info@pismarfood.com,https,WordPress,No,Aruba S.p.A.,64,91,85.00,Sì,No
Tecno C. Emme,Lavorazione dei metalli,https://www.tecnocemme.com/,0833 543717,"Via Montesano, Tricase, Le 73039",Tricase,,info@tecnocemme.com,https,React,No,Aruba S.p.A. Network,43,55,85.00,Sì,No
01 Organizzazione Per L'Informatica Srl,Consulente informatico,http://01orginformatica.it/,0833 545048,"Via Arcangelo Corelli, 8",Tricase,,,https,React,No,Host SpA,93,98,83.00,Sì,No
"CF Ambiente, Tricase (LE) Salento, raccolta, trasporto e smaltimento rifiuti.",Servizio di gestione dei rifiuti,http://www.cfambientesrl.com/,0833 771755,"Via Benedetto XV, 15",Tricase,,,https,React,No,"Cloudflare, Inc.",44,48,85.00,Sì,No
PROGENERAL S.R.L.,Consulente per impianti di produzione di energia,http://www.progeneral.it/,0833 771582,"Via Siena, 25",Tricase,,info@progeneral.it,https,WordPress,Sì,Hetzner Online GmbH,55,37,100.00,Sì,No
Nuova Publigrafic Srl,Tipografia digitale,,0832 760066,Via David Ricardo,Trepuzzi,,,,,,,,,,,
Emmerre Srl,Lavorazione dei metalli,https://www.emmerreverniciatura.it/,0832 402404,"Via David Ricardo, 2",Trepuzzi,,info.emmerresrl@gmail.com,https,WordPress,Sì,Servereasy Srl,57,64,85.00,Sì,No
R.I. SpA - Modular Building Systems,Impresa di costruzioni,http://www.ricopre.it/,0832 758225,"Via Surbo, 38",Trepuzzi,,info@rigroup.it,http,Shopify,Sì,Register.IT S.p.A,33,59,75.00,Sì,No
Miglietta,Negozio di alimentari,http://www.oliosalento.com/,0832 757534,"Via Edificio Scolastico, 4",Trepuzzi,,mariorossi@gmail.com,https,Angular,Sì,Aruba S.p.A.,64,84,100.00,Sì,No
Star distribution srl,Magazzino all'ingrosso,,0832 664165,Via Cavallo,Trepuzzi,,,,,,,,,,,
Mongiò srl,Oleificio,http://oleificiomongio.com/,0832 756230,"PUNTO VENDITA, Via Labriola, Via Calvario, 16",Trepuzzi,,oleificiomongio@libero.it,https,Joomla,Sì,Aruba S.p.A.,63,92,50.00,Sì,No
ALDO FOODS srl,Produzione e ingrosso alimentari,,0832 756455,"Via Unità d'Italia, 32",Trepuzzi,,,,,,,,,,,
Rizzi Eco Group di Cozzella Pasquale & Giuseppe s.n.c.,Idraulico,,348 381 3550,"Via Generale Papadia, 14",Trepuzzi,,,,,,,,,,,
Globe Trasporti Srl,Spedizioniere marittimo,,0832 756836,"Via Generale Papadia, 28",Trepuzzi,,,,,,,,,,,
E.g.a.s. S.r.l.,Fornitore di finestre,,0832 756247,Via Pantaleoni,Trepuzzi,,,,,,,,,,,
PuroGhiaccio Service,Fornitore di ghiaccio,http://www.puroghiaccio.it/,380 770 4313,"Via N. Iotti, Via Zona Industriale",Trepuzzi,,info@puroghiaccio.it,https,ASP.NET,Sì,Netsons s.r.l.,57,64,100.00,Sì,No
Commerciale Siderurgica Salentina srl,Fornitore di metalli,http://www.csslecce.it/,0832 181 4417,Via Surbo,Trepuzzi,,,http,WordPress,No,Aruba S.p.A.,81,78,77.00,Sì,No
Adriatica Metalli & Ferramenta Srl accessori per serramenti,Ferramenta,http://www.adriaticametalli.it/,0832 756696,"Via Papa Giovanni XXIII, 109",Trepuzzi,,info@adriaticametalli.it,https,Shopify,Sì,Passepartout s.a.,73,70,75.00,Sì,No
Calosm Di Calo' Tommaso E Giuseppe & C. Snc,Azienda vinicola,,0833 598051,"Via Pietro Siciliani, 8",Tuglie,,,,,,,,,,,
Tre.I Srl,Torneria,https://www.treistore.it/,0832 756595,"Via Marshall Zona P, I.P",Trepuzzi,,info@treistore.it,https,Shopify,No,OVH SAS,51,75,92.00,Sì,No
Camiceria del Salento,Produzione e ingrosso abbigliamento,http://www.texil3.com/,0833 597696,"Via Giuseppe Palmieri, 38",Tuglie,,sales@texil3.com,http,ASP.NET,No,Aruba S.p.A. Network,80,99,82.00,Sì,No
MCA Connectors S.r.l.,Ufficio aziendale,http://www.mcaconnectors.com/,0833 518248,"Via Pietro Siciliani, 33",Tuglie,,info@mcaconnectors.com,https,React,Sì,Aruba S.p.A.,60,82,77.00,Sì,No
Igiemme Packaging,Studio di disegno industriale,https://www.igiemmepackaging.it/,0833 598025,"Via Giuseppe Palmieri, 40",Tuglie,,direzione@igiemmepackaging.it,https,WordPress,Sì,Keliweb S.R.L,80,93,100.00,Sì,No
Michele Calò & Figli,Azienda vinicola,http://www.michelecalo.it/,0833 596242,"Via Masseria Vecchia, 1",Tuglie,,,http,React,No,Aruba S.p.A,94,100,91.00,Sì,No
My Dream S.r.l.,Manifattura tessile,https://www.mydreamlabmoda.it/,0833 822538,"Via Antonio Palumbo, 137",Tuglie,,info@starianconsulting.com,https,React,No,Aruba S.p.A. Network,56,96,77.00,Sì,No
Emmeenne srls,Impresa edile,,0833 597729,Via Giuseppe Petruzzi,Tuglie,,,,,,,,,,,
Sergio Malorgio,Fornitore di trattori e macchine agricole,,338 968 1694,Via Vittorio Veneto,Tuglie,,,,,,,,,,,
Kairos Italia srl - sede di Tuglie (LE),Centro di formazione,http://www.kairositalia.it/,0833 602443,Via Genova c/o complesso scolastico,Tuglie,,info@kairositalia.it,https,Joomla,Sì,Hetzner Online GmbH,57,65,92.00,Sì,No
Azienda Agricola Losavio Corrado,Azienda agricola biologica,,347 101 0845,Via Risorgimento,Tuglie,,,,,,,,,,,
G&G S.R.L.,Produzione e ingrosso abbigliamento,,0833 197 6905,"Via Filippo Bottazzi, 3",Tuglie,,,,,,,,,,,
Alda di Provenzano Srl,Pasticceria,http://www.alda.it/,0833 598168,"Via Aldo Moro, 143/A",Tuglie,,info@alda.it,https,Joomla,No,Aruba S.p.A,37,72,85.00,Sì,No
Rizzo Travel Service - Noleggio con Conducente Tuglie,Agenzia di noleggio auto,https://www.rizzotravelservice.it/,329 131 8310,"Via Antonio Palumbo, 25",Tuglie,,gianluca-rizzo@virgilio.it,https,WordPress,Sì,Signet B.V.,67,90,85.00,Sì,No
Freccia del sud di Negro Gianpiero,Azienda di autotrasporti,,380 411 0059,"Via Leonardo Da Vinci, n. 3",Tuglie,,,,,,,,,,,
COPRAL srl,Fornitore di prodotti alimentari,,0833 596145,"Via Pietro Siciliani, 5",Tuglie,,,,,,,,,,,
Mottura Vini del Salento s.r.l.,Azienda vinicola,http://www.motturavini.it/,0833 596601,"Piazzale Alberto Melica, 4",Tuglie,,,https,Joomla,Sì,Aruba S.p.A.,59,84,92.00,Sì,No
Soc. Agr. Oro del Salento - Vendita prodotti tipici pugliesi,Produttore di alimenti,https://www.orodelsalento.com/,0833 556827,"Via S. Antonio, 60",Ugento,,,https,WordPress,Sì,Infomaniak Network Management,96,100,100.00,Sì,No
Birrificio Calènder,Birrificio,https://birracalender.it/,328 141 8320,Via Leonardo Da Vinci,Tuglie,,birracalender@gmail.com,https,WordPress,No,Host Europe GmbH,68,92,100.00,Sì,No
Liquorificio Piccioli di Gabriele Provenzano,Produzione distillati e liquori,http://www.liquorificiopiccioli.it/,0833 596059,"Via Aldo Moro, 182",Tuglie,,info@liquorificiopiccioli.it,http,WordPress,Sì,Aruba S.p.A.,47,57,100.00,Sì,No
Dott.ssa Silvia Congedi,Psicoterapeuta,,329 895 4103,"Via S. Giuseppe, 3",Ugento,,,,,,,,,,,
Olio Congedi,Oleificio,https://www.oliocongedi.com/,0833 555263,"SP 65, Via Marina, snc",Ugento,,info@oliocongedi.com,https,Shopify,Sì,Hetzner Online GmbH,46,67,85.00,Sì,No
Olio Centoterre,Oleificio,https://www.oliocentoterre.it/,0833 955008,"SP350, n° 54",Ugento,,,https,Shopify,Sì,Aruba S.p.A.,65,84,92.00,Sì,No
Azienda Agricola MERICO MATTEO,Oleificio,,339 780 4970,"Via Mulino A Vento, 15",Uggiano La Chiesa,,,,,,,,,,,
Suite Artus,Bed & Breakfast,https://beb.it/suiteartus,351 973 7573,"Via Artus, 1",Ugento,,,https,Magento,No,"Amazon.com, Inc.",68,97,100.00,Sì,No
Agriturismo Agrodolce,Agriturismo,,340 871 4588,"SP358, 125",Uggiano la Chiesa,,,,,,,,,,,
iContadini - Ugento,Produzione e vendita di scorte alimentari,https://www.icontadini.it/,0833 555227,"SP290, Km1",Ugento,,info@icontadini.it,https,Magento,No,Serverplan S.r.l.,52,60,92.00,Sì,No
Sud Est Electric srl - Unieuro,Negozio di forniture elettriche,,0836 812385,"Via Otranto, 52",Uggiano la Chiesa,,,,,,,,,,,
Labbate,Oleificio,http://www.labbateolio.com/,335 161 3123,"Via Taurisano, 18",Ugento,,,https,Shopify,No,"Cloudflare, Inc.",67,93,92.00,Sì,No
Casa Vinicola Provenzano,Azienda vinicola,http://www.cantinettaprovenzano.com/,0833 556691,"Via San Domenico, 112",Ugento,,provcantinetta@libero.it,http,WordPress,No,SEEWEB s.r.l.,64,78,77.00,Sì,No
L'orto dei re,Grossista di frutta e verdura,http://lortodeire.it/,333 362 2618,"Via Mandorle, 51",Ugento,,amministrazione@lortodeire.it,https,React,No,Google LLC,60,94,92.00,Sì,No
D'Amato,Negozio di alimentari,http://www.damatoagroalimentare.it/azienda.asp,0832 970646,Via Carmiano,Veglie,,,https,ASP.NET,No,Aruba S.p.A. Network,98,100,82.00,Sì,No
Demagel,Produttore di alimenti,https://www.demagel.com/,389 189 6701,Via Martiri delle Fosse Ardeatine,Veglie,,demagel.veglie@gmail.com,https,WordPress,No,Aruba S.p.A.,62,95,85.00,Sì,No
Rollo,Azienda di imbottigliamento dell'olio di oliva,,0832 969488,"Via della Libertà, 29",Veglie,,,,,,,,,,,
GGS s.r.l.,Servizio di vigilanza,http://www.ggsvigilanza.it/,0832 970270,Via Pisanelli,Veglie,,info@ggsvigilanza.it,https,React,Sì,Aruba S.p.A. Network,62,89,77.00,Sì,No
Azienda Agricola Franza Fernando,Oleificio,http://www.serramaddalena.it/,0833 556781,"Via Giuseppe Mazzini, 70",Ugento,,info@serramaddalena.it,http,React,No,Aruba S.p.A.,67,98,100.00,Sì,No
"ECOLOGICAMENTE.EU noleggi, rifiuti, servizio autospurgo e trasporti",Servizio di smaltimento delle acque reflue,https://ecologicamente.eu/,0832 969053,"Via Vittorio Veneto, 116",Veglie,,info@ecologicamente.eu,https,WordPress,No,IONOS SE,55,70,92.00,Sì,No
Olio TerraNostra Congedi Mirko,Oleificio,http://www.olioterranostra.it/,366 962 1530,"Via Marina, 324",Ugento,,,https,Shopify,No,"Cloudflare, Inc.",48,0,100.00,Sì,No
Fattoria La Vegliese,Fornitore di uova,https://www.lavegliese.it/,338 308 2359,località Gavoti,Veglie,,info@lavegliese.it,https,ASP.NET,No,Aruba S.p.A,56,46,91.00,Sì,No
Unoerre S.R.L.,Produzione e ingrosso abbigliamento,http://www.unoerresrl.com/,0832 971448,"Via Antonio Gramsci, 16",Veglie,,info@unoerresrl.com,http,WordPress,No,Aruba S.p.A. Network,68,49,92.00,Sì,No
Rizzo Macchine Agricole di Rizzo Francesco,Fornitore di trattori e macchine agricole,https://www.rizzomacchineagricole.it/,0832 969174,"Via G.di Vittorio, 6",Veglie,,rizzo_francesco@libero.it,https,ASP.NET,No,Aruba S.p.A,44,76,91.00,Sì,No
Agriturismo Le Tagliate,Agriturismo,https://agriturismoletagliate.it/,0836 812779,"Via Badisco, 135",Uggiano la Chiesa,,info@agriturismoletagliate.it,https,WordPress,Sì,Seeweb srl,50,17,85.00,Sì,No
Gel.mar.srl,Produttore,http://www.gruppogelmar.com/,0832 960168,Via Salice,Veglie,,info@gruppogelmar.com,https,Joomla,Non trovato,Hetzner Online GmbH,56,80,100.00,Sì,No
Smac Multiservizi,Servizio di disinfestazione,https://www.smacmultiservizi.it/,0832 969910,"Via del Panareo, 96",Veglie,,,https,Contiki CMS,Sì,"Cloudflare, Inc.",60,76,100.00,Sì,No
Micron s.r.l.,Consulente informatico,,0832 970482,"Via Giovanni Verga, 13",Veglie,,,,,,,,,,,
Oleificio Coop. San Gaetano | Olio Extravergine di Oliva del Salento | Puglia,Oleificio,http://www.oleificiosangaetano.it/,0836 812036,Via Uggiano,Uggiano la Chiesa,,,https,WordPress,Sì,Host SpA,56,61,92.00,Sì,No
Ics S.r.l.,Impresa edile,https://www.xsrl.it/,0832 194 0732,"Via Copernico, 12",Veglie,,commerciale@xsrl.it,https,Joomla,No,Aruba S.p.A.,38,61,85.00,Sì,No
Santolla,Fornitore di trattori e macchine agricole,https://santollamacchineagricole.it/,0832 969458,"Via del Convento, snc",Veglie,,santolla.dom@libero.it,https,Shopify,Sì,Aruba S.p.A.,64,86,100.00,Sì,No
Coop.va,Negozio,,0832 891420,SP1 Lecce - Vernole km 9,Vernole,,,,,,,,,,,
San Basilio,Negozio,http://oliosanbasilio.it/,349 170 5531,"Via Lecce, 128",Vernole,,,https,WordPress,No,OVH SAS,63,92,85.00,Sì,No
Vergas di Vergine Giovanni,Azienda di autotrasporti,https://vergasveglie.it/,333 662 8514,"Via Genova, 1",Veglie,,,https,ASP.NET,No,Aruba S.p.A,69,77,82.00,Sì,No
SICA CARNI,Grossista di carni,https://sicacarni.com/,0832 891178,Via Provinciale Lecce,Vernole,,,https,Joomla,Non trovato,Hetzner Online GmbH,56,83,92.00,Sì,No
Toseo azienda agricola,Fattoria,,327 455 6046,77XM+VP,Vernole,,,,,,,,,,,
Acquedotto Pugliese,Impianto depurazione acque,,333 271 533,Via del Cisterne,Vernole,,,,,,,,,,,
Giovanni De Giorgi Srl,Elettricista,,0832 891415,"Via della Repubblica, 7C",Vernole,,,,,,,,,,,
Amaro Salento srl,Produzione distillati e liquori,http://www.amarosalento.it/,0832 966222,"Via B.Croce, 17",Veglie,,info@amarosalento.it,https,WordPress,Sì,Aruba S.p.A.,50,47,92.00,Sì,No
Q8 Area dei Servizi 24 ore su 24,Benzinaio,http://www.areadeiservizi.it/,0832 343594,"Via Vernole Km 1,5",Lecce,,info@areadeiservizi.it,http,Joomla,No,CLIO S.p.A.,54,67,92.00,Sì,No
Fasiello,Oleificio,,348 935 6978,SC Lecce Strudà,Vernole,,,,,,,,,,,
F.lli Panarese,Impresa edile,https://www.gruppopanarese.it/,0832 969317,"Contrada Troali, 1",Veglie,,info@gruppopanarese.it,https,Joomla,No,Aruba S.p.A.,61,90,58.00,Sì,No
MASSERIA CINQUE SANTI,Caseificio,http://www.masseriacinquesanti.com/,348 791 2951,strada provinciale lecce,Vernole,,masseriacinquesanti@masseriacinquesanti.com,https,Joomla,No,Hetzner Online GmbH,34,60,92.00,Sì,No
Sesto Canto,Pasticceria,https://sestocantovernole.wixsite.com/my-site,351 706 6751,"Via Martiri D'Ungheria, 13",Vernole,,sestocanto.vernole@gmail.com,https,React,No,Google LLC,71,93,100.00,Sì,No
Campo Sportivo Vernole,Stadio,,391 414 8624,Via Vernole Acquarica,Acquarica di Lecce,,,,,,,,,,,
WicitY s.r.l.,Provider di servizi Internet,http://www.wicity.it/,0832 183 0632,"Via S.Nicola, 68",Vernole,,info@wicity.it,https,WordPress,Sì,WicitY srl,67,61,85.00,Sì,No
Nautica Mange' Srl,Negozio di forniture marine,https://www.nauticamange.it/,0832 891171,v. Prov.le Per Lecce,Vernole,,info@nauticamange.it,https,WordPress,No,IT.Gate S.p.A.,67,77,83.00,Sì,No
NOTE DI SAPONE LAVANDERIA SELF SERVICE,Lavanderia automatica,,333 436 9492,"Via Cairoli, 35",Vernole,,,,,,,,,,,
Supermercato Sisa,Alimentari,,0832 891850,"Via Raffaele Pascali, 80",Vernole,,,,,,,,,,,
Alabama,Pasticceria,http://www.pasticceriaalabama.it/,0832 891362,"Via Sant'Anna, 40",Vernole,,alabama.vernole@hotmail.it,https,Joomla,Sì,OVH SAS,77,95,92.00,Sì,No
Frantoio Oleario Donato Gallone,Oleificio,http://www.oliogallone.it/,0831 866101,"Via Grottaglie, Villa Castelli, BR 72029",Villa Castelli,,oliogallone@libero.it,https,React,No,OVH SAS,68,92,91.00,Sì,No
Edicola di Rollo Maria Gabriella,Edicola,,0832 842003,Via Roma,Vernole,,,,,,,,,,,
Edil Bagno Ceramiche,Impresa edile,http://www.edilbagno.com/,0832 893158,"Via Francesco Petrarca, 28",Vernole,,online@edilbagnosas.it,https,React,No,"Cloudflare, Inc.",44,41,100.00,Sì,No
Azienda Agricola Melillo,Azienda vinicola,https://www.agrimelillo.com/,320 477 8420,"Strada Masseria Tagliavanti, 1",Villa Castelli,,info@agrimelillo.com,https,Shopify,No,OVH SAS,76,96,100.00,Sì,No
Edilizialó,Fornitore di materiali da costruzione,https://www.edilizialo.it/,0831 860691,"Via Provinciale Per Grottaglie, km 1",Villa Castelli,,info@edilizialo.it,https,WordPress,No,Google LLC,56,70,100.00,Sì,No
Azienda Agricola Agripiante,Vivaio,,330 657 248,C.da Cicoria,Villa Castelli,,,,,,,,,,,
Ammirabile Giovanni,Negozio di forniture elettriche,,0831 867903,"6 Via Vincenzo, Via Monti",Villa Castelli,,,,,,,,,,,
Mulino Felle di G.Felle,Mulino per macinare il grano,,339 838 6871,"c.da Battaglia, 46",Villa Castelli,,,,,,,,,,,
Marmi Strada,Ditta specializzata in marmi,http://www.marmistrada.it/,0831 867115,Via Provinciale Per Grottaglie,Villa Castelli,,info@marmistrada.it,https,Angular,No,Aruba S.p.A.,47,90,92.00,Sì,No
Schiena Vini Shop,Negozio di vini,http://www.schienavini.com/,0831 217976,"Via Ceglie, 141",Villa Castelli,,info@schienavini.com,https,WordPress,No,Aruba S.p.A.,64,82,92.00,Sì,No
Tratturi Reali,Oleificio,http://www.tratturireali.it/,333 351 9488,SP50,Villa Castelli,,info@tratturireali.it,http,React,No,Register.IT S.p.A,45,85,100.00,Sì,No
MIOOLIO Frantoio Oleario Cassese Domenico,Oleificio,http://www.frantoiomioolio.com/,388 892 1162,"S.p per Grottaglie Km 1,700",Villa Castelli,,info@frantoiomioolio.com,https,React,No,Aruba S.p.A. Network,63,84,92.00,Sì,No
Masseria Le Lamie,Ristorante,http://www.masserialelamie.it/,377 351 0493,Contrada Eredità,Villa Castelli,,,https,WordPress,No,Aruba S.p.A. Network,34,48,92.00,Sì,No
Cantine Oleificio D'Urso Srl,Azienda vinicola,https://cantine-oleificio-durso.my.canva.site/azienda-vinicola,330 525 529,Via Prov.le per Grottaglie Km 0,Villa Castelli,,cantine.durso@libero.it,https,Canva Websites,No,"Cloudflare London, LLC",56,84,91.00,Sì,No
Azienda Agricola Monte Castello,Azienda agricola biologica,https://www.aziendagricolamontecastello.it/,338 917 3091,SP50,Villa Castelli,,info@aziendagricolamontecastello.it,https,Shopify,Sì,Aruba S.p.A.,62,72,100.00,Sì,No
Frantoio Oleario Cassese S.r.l.,Oleificio,https://www.oliocassese.com/,338 268 1168,"Via Luigi Einaudi, 14",Villa Castelli,,info@oliocassese.com,https,PrestaShop,Sì,Aruba S.p.A.,28,30,75.00,Sì,No
Oleificio De Cillis,Oleificio,,328 317 8915,C/da Specchia di Mare s/n,San Vito dei Normanni,,,,,,,,,,,
Tatamà azienda agricola,Negozio di alimentari,http://www.tatamaaziendaagricola.com/,349 233 0383,"Piazza Carducci, 13",San Vito dei Normanni,,,https,WordPress,No,Google LLC,83,99,100.00,Sì,No
"Azienda Agricola Apani - produzione e vendita di fagioli, ceci, lenticchie, cereali, farine, pasta ed ortaggi di stagione",Organizzazione agricola,http://apani.it/,328 709 7995,"Via Dentice, 44",San Vito dei Normanni,,info@apani.it,https,WordPress,No,Server Plan S.r.l.,55,67,85.00,Sì,No
Azienda Agrícola Cisaria,Negozio di prodotti alimentari italiani,,347 334 5927,"Via mesagne km 3.6, per Campistrutto (contrada Campi, Contrada Campi",San Vito dei Normanni,,,,,,,,,,,
Masseria Signoranna,Azienda agricola biologica,,349 151 3609,Contrada Signoranna,San Vito dei Normanni,,,,,,,,,,,
LA CASEDDHA Prodotti agricoli,Produttore di alimenti,http://www.lacaseddha.com/,345 773 1556,"SP36, 58",San Vito dei Normanni,,agritagliente@libero.it,https,React,No,Google LLC,59,79,100.00,Sì,No
XFarm - Agricoltura Prossima - Vigneto,Azienda agricola biologica,,328 268 7989,Contrada Paretone Piccolo,San Vito dei Normanni,,,,,,,,,,,
Vivai Piante Stincone Giorgio,Vivaio,,339 176 9670,"Via Luigi Cadorna, 25",Sanarica,,,,,,,,,,,
Fattorie Grottamiranda,Ristorante,https://www.grottamiranda.it/,338 177 0808,C.da Grottamiranda,San Vito dei Normanni,,info@fattoriegrottamiranda.it,https,WordPress,No,Aruba S.p.A.,62,76,85.00,Sì,No
Assicurazioni @ Servizi Bancari Di Rizzelli Salvatore,Agenzia di assicurazioni,,0836 343196,"Via Malta, 34",Sanarica,,,,,,,,,,,
DUE. D di Donno Davide,Produttore,,328 466 8975,"Via Trieste, 6",Sanarica,,,,,,,,,,,
Castelli SRL sede Francavilla,Cava,http://castelli.srl/,320 056 7247,Via per Grottaglie,Francavilla Fontana,,,,WordPress,Non trovato,Planetel SPA,100,100,45.00,,No
D.M.Autotrasporti,Spedizioniere marittimo,,338 133 0007,"Via Armando Diaz, 27",Sanarica,,,,,,,,,,,
Plant Center snc,Deposito,,347 639 1995,"XXIV Maggio 12 73030 Sanarica (le S.S. 275, Via Lecce Leuca, km 8/835",San Cassiano,,,,,,,,,,,
Spinelle Società Agricola,Azienda agricola biologica,,339 881 2503,Strada San Cassiano -Sanarica,San Cassiano,,,,,,,,,,,
Lavisal,Lavanderia,http://www.lavisal.it/,0836 196 8019,"zona industriale, Sanarica, Le 73030",Sanarica,,,http,Angular,No,Aruba S.p.A. Network,47,70,92.00,Sì,No
Azienda Agricola Cintrone,Servizio agricolo,https://www.aziendaagricolacintrone.com/,366 344 4090,Contrada Mattera,San Vito dei Normanni,,9a65e97ebe8141fca0c4fd686f70996b@sentry.wixpress.com,https,Wix,Sì,Google LLC,39,62,92.00,Sì,No
SALES,Lavorazione metalli,http://www.serramentisales.it/,338 162 8486,"Zona P.I.P. Lotto, 27",Sanarica,,info@serramentisales.it,https,WordPress,No,Aruba S.p.A.,56,83,85.00,Sì,No
Azienda Agricola Marzano Corrado,Fattoria,http://www.agricolamarzano.it/,0831 653882,"Via Pier Giovanni Rizzo, 42",San Pietro Vernotico,,info@agricolamarzano.it,https,ASP.NET,No,Aruba S.p.A. Network,70,94,100.00,Sì,No
Lamia Pellegrino,Azienda agricola biologica,https://www.lamiapellegrino.it/,327 091 2079,"Strada Comunale delle Mimose, 12",San Vito dei Normanni,,,https,Angular,No,Aruba S.p.A. Network,56,78,85.00,Sì,No
Azienda Agricola Sontuoso Di Giacomo E Roberto,Azienda vinicola,,0831 652521,"Via Principe Amedeo, 38",San Pietro Vernotico,,,,,,,,,,,
Cantina Sampietrana - Stabilimento (per acquisti e visite verificare gli orari dell'Enoteca),Azienda vinicola,http://www.cantinasampietrana.com/,0831 671120,"Via Mare, 38",San Pietro Vernotico,,,http,React,Sì,Aruba S.p.A. Network,28,20,92.00,Sì,No
Cantine Santa Barbara,Azienda vinicola,http://www.cantinesantabarbara.it/,0831 652749,"Via Maternità Infanzia, 23",San Pietro Vernotico,,info@cantinesantabarbara.it,https,WordPress,Sì,Netsons Network,65,72,92.00,Sì,No
Stefanelli Multiservizi Srl,Agenzia di noleggio auto,,0831 676416,"Via Albatros, snc",San Pietro Vernotico,,,,,,,,,,,
Punto Luce Di Ingrosso Antonio,Negozio di forniture elettriche,,0831 368003,"Via Galileo Galilei, 32",San Pietro Vernotico,,,,,,,,,,,
VPF Case Mobili - case su ruote omologate - chioschi bar prefabbricati - spa mobili,Costruttore di case modulari,https://www.vpfcase.com/,0831 952270,"Viale Paesi Bassi, Zona Industriale",San Vito dei Normanni,,info@vpfcase.com,https,Shopify,No,Server Plan S.r.l.,54,56,92.00,Sì,No
Agricola Rucco,Azienda vinicola,,0831 671076,"Via Brindisi, 230",San Pietro Vernotico,,,,,,,,,,,
TORLEANZI - Masseria Wine Relais & Vigneti,Hotel Resort,http://www.torleanzi.it/,351 094 5778,SP86,San Pietro Vernotico,,masseria@torleanzi.it,https,WordPress,No,Google LLC,47,63,100.00,Sì,No
ALLSERVICE SRL,Servizi per le imprese,http://www.allservicesrl.net/,0831 367248,"Via Maternità Infanzia, 13",San Pietro Vernotico,,,http,ASP.NET,No,Aruba S.p.A. Network,42,66,100.00,Sì,No
Azienda Agricola Paolo Leccisi,Fattoria,http://paololeccisi.com/,338 180 4293,"Via S. Pietro, 5",San Pietro Vernotico,,info@paololeccisi.com,https,WordPress,No,Aruba S.p.A.,56,80,100.00,Sì,No
Vinicola Mediterranea s.r.l. - I Vini del Salento,Azienda vinicola,http://www.vinicolamediterranea.it/,0831 676323,"Via Maternità Infanzia, 22",San Pietro Vernotico,,info@vinicolamediterranea.it,http,WordPress,Sì,Serverplan s.r.l.,56,87,92.00,Sì,No
ColGrass srl,Officina per lavorazioni metalliche,http://www.colgrass.it/,0831 676469,SP86,San Pietro Vernotico,,,http,WordPress,No,Aruba S.p.A.,77,96,85.00,Sì,No
Tormaresca soc. agr. a r.l. - Masseria Maìme,Azienda vinicola,https://www.tormaresca.it/,0831 671046,S. Provinciale 86 Per Torre San Gennaro,San Pietro Vernotico,,,https,WordPress,No,Aruba S.p.A. Network,64,91,83.00,Sì,No
Frantoio L'Ulivo,Oleificio,https://frantoiolulivo.it/,349 448 0229,"Via Maternità Infanzia, 20",San Pietro Vernotico,,info@frantoiolulivo.it,https,WordPress,No,"Amazon.com, Inc.",56,100,100.00,Sì,No
Vinicola Resta Sas,Azienda vinicola,http://www.vinicolaresta.com/,0831 671182,"Via Maternità Infanzia, 2",San Pietro Vernotico,,vinicolaresta@libero.it,https,React,No,Google LLC,71,84,92.00,Sì,No
INFOSYSTEM DI RAGUSA PIERPAOLO,Azienda informatica,http://nonsolomac.net/,0831 655862,"Via Pier Giovanni Rizzo, 45",San Pietro Vernotico,,info@nonsolomac.net,https,PrestaShop,Sì,WHG Hosting Services Ltd,61,70,92.00,Sì,No
Agro Avicola Ovojuri di Massimo Antonella,Azienda avicola,,0833 233158,"SP 52 Contrada Juri, 73017",Sannicola,,,,,,,,,,,
Cooperativa Agricola Olearia Sannicolese,Oleificio,http://www.oleariasannicolese.it/store/store.asp,0833 231471,SP per Alezio,Sannicola,,info@oleariasannicolese.it,https,WordPress,Sì,Aruba S.p.A. Network,54,78,92.00,Sì,No
Dermosistemi - Isopharma Cosmetics Srl,Industria cosmetica,http://www.dermosistemi.com/,0833 233038,"Via Braccianti dell'Arneo, 2",Sannicola,,,https,React,Sì,OVH SAS,63,85,92.00,Sì,No
Scapece Manno srl,Grossista di pesce,,340 803 3606,Via delle Tessitrici,Sannicola,,,,,,,,,,,
Emmeci Forniture Elettriche,Negozio di forniture elettriche,,0833 233015,"Via dei Tratturi, 8",Sannicola,,,,,,,,,,,
Frantoio Oleario Cooperativa Sviluppo Agricolo di Sannicola,Oleificio,http://www.gustasalento.com/,0833 232773,"Via Cavamonti, Via Giuseppe Grassi, 14c",Sannicola,,info@gustasalento.com,https,Shopify,No,Aruba S.p.A.,40,48,92.00,Sì,No
Spazio Enel Partner Sannicola,Azienda fornitrice di energia elettrica,,0833 606075,"Via Giuseppe Grassi, 13/A",Sannicola,,,,,,,,,,,
R.O.V.E. srl,Servizio di gestione dei rifiuti,http://www.roveitalia.com/,0833 233190,Via dei Cavamonti,Sannicola,,,https,Joomla,Sì,Aruba S.p.A.,36,59,100.00,Sì,No
ITC Industria Trasformazione Carta,Cartiera,http://www.itcsalento.it/,0833 233581,Zona Industriale PIP,Sannicola,,,https,ASP.NET,Sì,Aruba S.p.A.,17,42,92.00,Sì,No
Puce G. Auto Srl,Concessionario auto,http://www.pucegauto.com/,0833 233625,SP53,Sannicola,,pucegauto@gmail.com,https,Wix,No,Google LLC,65,92,100.00,Sì,No
Terra Nostrum,Azienda agricola biologica,,388 251 9156,Via Don Tonino Bello,Sannicola,,,,,,,,,,,
Tenuta Sant'Antonio,Agriturismo,http://www.tenutasantantonio.com/,327 791 2330,Via S. Giuseppe,Cerfignano,,tenuta.santantonio@tiscali.it,https,React,No,Servereasy Srl,56,53,77.00,Sì,No
Azienda Zootecnica Lattiero Casearea AgriCursano,Negozio di formaggi,,334 232 7649,"Via Regina Elena, 232",Santa Cesarea Terme,,,,,,,,,,,
Paola Serra Srl | Maglificio conto terzi,Produttore di maglieria,http://www.paolaserramaglieria.it/,0833 231811,"Via Aradeo, 97",Sannicola,,info@paolaserra.com,https,WordPress,No,Aruba S.p.A. Network,40,40,92.00,Sì,No
SANTESE Alcide Antonio / estrazione e frantumazione pietra calcarea,Cava,http://www.santesealcide.it/,392 030 0360,VIa Provinciale Gallipoli,Sannicola,,,http,ASP.NET,No,Aruba S.p.A. Network,100,100,91.00,Sì,No
Santa Cesarea Terme B&B,Bed & Breakfast,http://www.santacesareatermebb.com/,344 233 6251,"Via Sele, 9",Santa Cesarea Terme,,,https,ASP.NET,No,Armada WAN,66,96,100.00,Sì,No
Comune di Santa Cesarea Terme,Municipio,,0836 949811,"Via Roma, 159",Santa Cesarea Terme,,,,,,,,,,,
Tenuta Don Monaco,Agriturismo,http://www.tenutadonmonaco.it/,0836 944141,"SP363, km 39",Santa Cesarea Terme,,info@tenutadonmonaco.it,https,WordPress,No,Aruba S.p.A.,70,92,92.00,Sì,No
Cantina e Oleificio sociale LA POPOLARE SCA,Azienda vinicola,,099 974 7889,"Via Lombardia, 2",Sava,,,,,,,,,,,
Edilcostruzioni srl,Impresa di costruzioni,http://www.edilcostruzionisct.com/,0836 958690,Strada provinciale 363 Km 39,"Vitigliano, S.Cesarea Terme",,,https,WordPress,Sì,Aruba S.p.A.,42,52,92.00,Sì,No
Vinicola Savese Pichierri,Azienda vinicola,http://www.vinipichierri.com/,099 972 6232,"SS7ter, km 27.790",Sava,,vinicolasavese@vinipichierri.com,https,WordPress,Sì,Hetzner Online GmbH,55,60,85.00,Sì,No
Muscatello Energy Group S.r.l. - Centro di Consulenza Energetica & General Contractor,Servizi di ristrutturazione,https://www.muscatellogroup.it/,0836 237249,"Via Duca degli Abruzzi, 13",Cerfignano,,muscatelloenergie@gmail.com,https,React,No,Google LLC,51,80,100.00,Sì,No
Tenuta Doxi,Hotel,https://www.tenutadoxi.com/,377 099 3055,SP194,Sannicola,,info@tenutadoxi.com,https,Joomla,Sì,Aruba S.p.A.,30,71,92.00,Sì,No
Il Triangolo Azzurro,Ristopub,https://www.iltriangoloazzurro.it/,347 696 1674,"Via Roma, 46",Santa Cesarea Terme,,iltriangoloazzurro@gmail.com,https,Magento,No,OVH ISP,51,78,100.00,Sì,No
Terme di Santa Cesarea SpA,Terme,http://www.termesantacesarea.it/,0836 944314,"Via Roma, 40",Santa Cesarea Terme,,info@termesantacesarea.it,https,WordPress,Sì,OVH SAS,56,69,85.00,Sì,No
Azienda Agricola Luca Attanasio,Azienda vinicola,http://www.luca-attanasio.com/,331 139 7406,"Via Lipari, Contrada Silea",Sava,,,https,Shopify,No,Serverplan s.r.l.,68,97,100.00,Sì,No
Paolo Mancino,Azienda agricola biologica,http://www.cantinadisava.it/,380 312 7832,via Salerno,Sava,,cantinadisava@gmail.com,https,Basekit,No,Aruba S.p.A.,53,64,100.00,Sì,No
Hotel Le Macine,Hotel,http://www.hotelmacine.com/,0836 949941,Via Umberto I,Santa Cesarea Terme,,bookinghotelmacine@gmail.com,https,WordPress,No,Aruba S.p.A. Network,54,66,85.00,Sì,No
Azienda Agricola Macripò - Produzione e Vendita Olio di Oliva Extravergine e Vino Primitivo,Azienda agricola biologica,http://www.agricolamacripo.it/,366 210 0490,"Via Corsica, 6",Sava,,,https,ASP.NET,No,Aruba S.p.A,53,79,100.00,Sì,No
Hotel Aurora del Benessere & SPA,Hotel,http://www.hotelaurorabenessere.com/,0836 949743,"Via Pola, 33",Santa Cesarea Terme,,booking@hotelaurorabenessere.com,https,WordPress,No,Hetzner Online GmbH,66,92,100.00,Sì,No
Vini Bella Terra S.R.L.,Azienda vinicola,,099 972 6454,"Strada Statale 7 Ter, Sava, TA 74028",Manduria,,,,,,,,,,,
Mr Bee Apicoltura,Apicoltore,,347 818 1252,"Corso Umberto Ⅰ, 49/A",Sava,,,,,,,,,,,
Il Mulino di Caraccio Corrado,Mulino,https://www.mulinocaraccio.it/,099 972 7772,"Via S. Cosimo, 36",Sava,,mailtohello@mulinocaraccio.it,https,WordPress,No,Aruba S.p.A.,60,93,85.00,Sì,No
GAL Tenute Buccoliero,Azienda vinicola,http://www.vinitenutebuccoliero.com/,099 974 8856,"Via Trieste, 42",Sava,,vinitenutebuccoliero@gmail.com,https,WordPress,Sì,Server Plan S.r.l.,48,49,85.00,Sì,No
Calo' Carburanti s.r.l. Ingrosso Prodotti per Riscaldamento e Autotrazione - Carburanti a uso agricolo,Azienda di prodotti petroliferi,,099 974 8418,"Via Alfonso Lamarmora, 5",Sava,,,,,,,,,,,
Azienda Agricola Montagna Giovanni,Azienda agricola biologica,https://agricolamontagna.it/,320 972 8404,SS275,Scorrano,,,https,Canva Websites,No,"Cloudflare London, LLC",63,90,82.00,Sì,No
Cantine Harmonia - Società Agricola Beato S.r.l.,Azienda vinicola,http://www.cantineharmonia.it/,320 808 6800,"Viale Giovanni Falcone, 5",Sava,,,https,WordPress,Sì,Aruba S.p.A.,59,83,85.00,Sì,No
STS Traslochi & Trasporti di Vilei Pietro srl,Servizio di trasloco e magazzinaggio,,329 903 2599,Via Vecchia Maglie 1,Scorrano,,,,,,,,,,,
Nuova Elettromeccanica S.R.L.,Azienda di costruzioni metalliche,https://www.nuovaelettromeccanica.it/,099 974 5497,"Km. 1.800 Contrada Minoto, Sava, TA 74028, 74028",Sava,,info@nuovaelettromeccanica.it,https,Joomla,Sì,Serverplan S.r.l.,52,77,85.00,Sì,No
Calo' Impianti S.R.L.,Fornitore di impianti industriali,http://www.caloimpianti.com/,099 972 7145,Km. 1.800,Contrada Minoto,,web@caloimpianti.com,https,WordPress,Sì,Aruba S.p.A. Network,47,60,85.00,Sì,No
ANTA Sava (TA),Centro formativo,,380 316 0367,Piazza Padre Primaldo Coco,Sava,,,,,,,,,,,
SICILIANO GROUP SRL PROFESSIONAL CLEANING,Impresa di pulizie,,320 666 3672,Via Supersano,Scorrano,,,,,,,,,,,
Circolo Ippico Fanò Asd - Scorrano,Scuola di equitazione,,347 667 9997,Unnamed Road,Scorrano,,,,,,,,,,,
Oleificio Cooperativo Maglie Scorrano Muro Leccese,Oleificio,,0836 465171,"Via Supersano, 83",Scorrano,,,,,,,,,,,
Francesco Mega,Negozio di fuochi d'artificio,,334 331 1068,"Contrada Sant'Elia, VICINALE CANALE D'ORONZO",Scorrano,,,,,,,,,,,
Duca Carlo Guarini,Azienda agricola biologica,http://www.ducacarloguarini.it/,0836 460257,"Via Gianprospero Sindaco, 54",Scorrano,,info@ducacarloguarini.it,https,ASP.NET,Sì,"DigitalOcean, LLC",53,76,100.00,Sì,No
Tipografia Scorrano snc,Stamperia,,0832 307546,"Via Guglielmo Paladini, 23",Lecce,,,,,,,,,,,
Spazio Enel Partner Scorrano,Azienda fornitrice di energia elettrica,,0836 192 4690,"Via Lecce Leuca, 120B",Scorrano,,,,,,,,,,,
Euromarmi,Ditta specializzata in marmi,,339 372 0853,Via Comunale Esterna Botrugno-Scorrano,Scorrano,,,,,,,,,,,
Spazio Enel Partner Sava,Azienda fornitrice di energia elettrica,,099 450 6029,"Via Roma, 132",Sava,,,,,,,,,,,
Cooperativa Amrita Prodotti Biologici,Alimentari,http://coopamrita.it/,0836 465146,"Silva, Via Strada Comunale Petrosa",Scorrano,,coop.amrita@tiscali.it,https,WordPress,Sì,Host SpA,77,92,85.00,Sì,No
Castello Frisari Azienda Agraria,Azienda vinicola,https://www.castellofrisari.com/,389 575 3698,"Via Antonio Chiarello, 11",Scorrano,,marek@promokit.eu,https,React,Sì,SEEWEB s.r.l.,60,72,92.00,Sì,No
Scorrano Enzo,Pescheria,,0833 263221,"Via della Cala, 19",Gallipoli,,,,,,,,,,,
Escelsior Lamierati S.R.L.,Lavorazione metalli,http://www.escelsior.it/,328 640 6410,"Strada Provinciale Aradeo, Via Neviano, Km 1",Seclì,,info@escelsior.it,https,Drupal,No,Serverplan S.r.l.,43,65,100.00,Sì,No
Salento Confezioni Di Lezzi Aldo Antonio,Produzione e ingrosso abbigliamento,,0836 610012,"Via Provinciale Neviano-secli', Seclì, Le 73050",Seclì,,,,,,,,,,,
Ferramenta PRESICCE - PRO FISHING SCORRANO,Ferramenta,http://www.presiccestore.com/,331 260 3427,Via Tito Schipa,Scorrano,,,https,React,No,Server Plan S.r.l.,56,64,83.00,Sì,No
Azienda Agrituristica Scorrano Giuseppe,Fattoria,http://www.aziendascorrano.com/,338 934 8324,"Contrada Fonte Sant'Antonio, 2",Pianella,,,https,ASP.NET,No,Google LLC,96,99,67.00,Sì,No
DIMENSIONE CASA SRLS - Progetto & Materia,Arredo bagno,,0836 618150,"Via Neviano, 45",Seclì,,,,,,,,,,,
Secli' Srl,Negozio di elettrodomestici,,329 657 2100,Negozio Via Provinciale Matino 54 Deposito G.P.L Via provinciale parabita alezio,Parabita,,,,,,,,,,,
Imballaggi Frasa S.R.L.,Azienda di confezionamento,,0836 618650,Via Dorando Pietri,Seclì,,,,,,,,,,,
S.G Impresa Soc.Coop. Cardinale Paolo Cosimo attivazioni LINKEM assistenza DITEC ENTREMATIC,Ufficio aziendale,,360 374 789,"Via Dante, 10",Seclì,,,,,,,,,,,
Smk Srl,Fornitore di finestre,,0836 553775,"Via Neviano, Seclì, Le 73050",Seclì,,,,,,,,,,,
Hydrastar S.R.L.,Arredo bagno,https://www.hydrastar.it/,0836 552912,"Via Aradeo, 84",Seclì,,info@hydrastar.it,https,WordPress,No,Server Plan S.r.l.,50,62,85.00,Sì,No
Polimeno Luigina Tabaccheria N. 3,Tabaccheria,,0836 543850,"Via Galatina, 89-75",Sogliano Cavour,,,,,,,,,,,
Lubrimont di Silvano Montagnolo,Azienda di prodotti petroliferi,,0836 544008,"Via Papa Giovanni XXIII, 9",Sogliano Cavour,,,,,,,,,,,
De Simone Amedeo Silvio,Macelleria,,0836 543015,"Viale Italia, 103",Sogliano Cavour,,,,,,,,,,,
Pasian Srl,Produttore,http://www.pasianpellets.it/,0836 543750,"Via Padula, 13",Sogliano Cavour,,,https,Drupal,No,"Amazon.com, Inc.",36,90,92.00,Sì,No
LAVINALL di D. Alemanni,Fornitore di finestre,,0836 543571,"Strada Provinciale 362, 2",Sogliano Cavour,,,,,,,,,,,
P.g.a. srl,Fornitore di materiali da costruzione,,0836 544322,"Strada Prov.le 362 per Cutrofiano Km.22,9 Via Gonella, 73010",Sogliano Cavour,,,,,,,,,,,
Macinate Cantine 1931,Spazio per eventi,,329 929 7439,"Via Grazia Deledda, 111",Specchia,,,,,,,,,,,
Lavanolo Srl,Lavanderia,http://www.lavanolo.it/,0836 544200,"Via A. Manzoni, 53",Sogliano Cavour,,,https,WordPress,No,Aruba S.p.A.,59,86,92.00,Sì,No
Molino Scarcia Di Scarcia Vincenzo & C. S.N.C.,Mulino per macinare il grano,,0833 539815,"Via Zona Industriale, Specchia, Le 73040",Zona Industriale,,,,,,,,,,,
Parapharm S.R.L.,Grossista di prodotti farmaceutici,,0833 536083,"S.P. Specchia - Miggiano, 83",Specchia,,,,,,,,,,,
Sergio's,Calzaturificio,,0833 784116,"Contrada Rivola, Specchia, Le 73040",Specchia,,,,,,,,,,,
AgriService,Servizio di potatura alberi,http://agriservice.net/,320 118 7737,"Corso Italia, 290",Specchia,,,http,Joomla,No,Aruba S.p.A.,64,97,83.00,Sì,No
Lw Energy Srl,Azienda di fornitura del gas,http://www.lwgaseluce.it/,0833 542367,SP242,Specchia,,,https,Joomla,Sì,Aruba S.p.A. Network,60,92,92.00,Sì,No
Le Prontera - Azienda,Distributore automatico di caffè,http://www.lepronterasrl.it/,0833 218345,SP242,Specchia,,,https,ASP.NET,Sì,Aruba S.p.A.,62,78,92.00,Sì,No
Iride,Ditta specializzata in marmi,,0833 536207,"Via Zona Industriale, Specchia, Le 73040",Specchia,,,,,,,,,,,
Magnolo Mobili Sas Di Paolo Francesco Magnolo & C.,Negozio di mobili,http://www.magnolomobili.com/,0836 544376,"Via Galatina, 182",Sogliano Cavour,,magnolomobili@alice.it,https,WordPress,Sì,Aruba S.p.A. Network,70,84,92.00,Sì,No
Agricola Agostinello - Macelleria Aziendale,Negozio di prodotti agricoli,https://www.agostinello.com/,335 666 5376,"Via Pietro Nenni, Via Ugo La Malfa, 24",Specchia,,info@agostinello.com,https,WordPress,No,Aruba S.p.A,56,67,85.00,Sì,No
Sviluppatore e Programmatore,Azienda informatica,,333 267 3965,"Viale Italia, 292",Soleto,,,,,,,,,,,
"CSA srl - Stoccaggio rifiuti sanitari , speciali e pericolosi.",Servizio di gestione dei rifiuti,,0836 639060,"Via Bruxelles, 84",Soleto,,,,,,,,,,,
La Casa Del Pane Di Albanese Alexandro,Fornaio all'ingrosso,,0833 536249,"Via Madonna del Passo, 25",Specchia,,,,,,,,,,,
Tsec Engineering Srl,Servizio di elaborazione di auto,https://shop.ecumania.it/,0836 543301,"Via Giuseppe Ungaretti, 10",Sogliano Cavour,,info@ecumania.it,https,Joomla,No,OVH SAS,38,35,92.00,Sì,No
RGM,Negozio di forniture elettriche,,328 619 3223,"Corso Italia, 253",Specchia,,,,,,,,,,,
ESSENZE SATIVE SALENTINE DI SCHINZARI MARCO,Azienda agricola biologica,http://www.essenzesativesalentine.it/,393 556 2291,"Via Padula, 6",Sogliano Cavour,,,,WordPress,No,Aruba S.p.A. Network,0,0,0.00,Sì,No
Forme Italia,Negozio di mobili,https://formeitalia.net/it,0836 543719,Via Monte Grappa,Sogliano Cavour,,commerciale@formeitalia.net,https,Shopify,No,Serverplan S.r.l.,56,35,85.00,Sì,No
Soleto SpA,Ditta specializzata in telecomunicazioni,https://www.soletospa.it/,02 3658 1600,"Via Don Giovanni Minzoni, 1",Milano,,info@soletospa.it,https,WordPress,Sì,Host SpA,59,79,85.00,Sì,No
Errecielle Srl,Produttore di ascensori,http://www.errecielle.it/,0836 528532,"Via Bruxelles, 22",Soleto,,info@errecielle.it,https,Shopify,Sì,Aruba S.p.A.,56,72,85.00,Sì,No
MedicAir Sud Srl,Servizio di assistenza domiciliare,,0836 566164,"Via Bruxelles, 100",Soleto,,,,,,,,,,,
GDL Service,Agenzia di noleggio auto,,0836 667982,"Viale Raimondello Orsini, 249/251",Soleto,,,,,,,,,,,
Eurofood SRL,Servizio di distribuzione,https://www.eurofoodservice.it/,0836 521511,Via Bruxelles,Soleto,,servizioclienti@eurofoodservice.it,https,React,No,Serverplan s.r.l.,78,96,77.00,Sì,No
Discoverde S.r.l.,Centro commerciale,,0836 563406,Strada Provinciale 362,Soleto,,,,,,,,,,,
Cantine De Ventura,Azienda vinicola,,327 472 1707,"73018, Via Maria Manca, 5",Squinzano,,,,,,,,,,,
Edison Distribution,Negozio di forniture elettriche,,0832 781461,"Via Copernico, 15",Squinzano,,,,,,,,,,,
Studio Effemme Chimica Applicata - Laboratorio di analisi chimiche,Laboratorio chimico,,0832 787358,"Piazza Aldo Moro, 5-7",Squinzano,,,,,,,,,,,
"IQOS RESELLER - Il Barocco, Soleto",Bar tabaccheria,,0836 661086,"Viale Raimondello Orsini, 325",Soleto,,,,,,,,,,,
Caseificio Arcudi,Alimentari,http://www.caseificioarcudi.it/,320 428 8368,Via Galatina,Soleto,,,https,WordPress,No,Aruba S.p.A.,44,51,85.00,Sì,No
Eco Sud Ambiente,Servizio di raccolta rifiuti,http://www.ecosudambiente.it/,0836 427612,"Via Bruxelles, 84",Soleto,,info@ecosudambiente.it,https,React,No,Google LLC,55,85,85.00,Sì,No
Daniele Saquella Gomme s.r.l.,Gommista,,0832 789199,"Via Gaetano Donizetti, 12",Squinzano,,,,,,,,,,,
Trasporti Sanapo Nicola Lorenzo,Azienda di autotrasporti,https://www.trasportisanapo.com/,0833 539666,Via Verardo,Specchia,,info@trasportisanapo.com,https,WordPress,Sì,Netsons Network,43,57,85.00,Sì,No
General Food Srl,Grossista,http://www.generalfoodsrl.it/,0832 782569,"Via M. Manca, 16",Squinzano,,info@generalfoodsrl.it,https,ASP.NET,Sì,OVH ISP,85,88,91.00,Sì,No
ECOSISTEMI Srl,Azienda per la depurazione delle acque,http://www.ecosistemi.it/,0832 787492,V. Lecce,Squinzano,,info@ecosistemi.net,http,Drupal,No,OVH SAS,62,98,92.00,Sì,No
Serra S.A.S.,Oleificio,http://www.oleariaserra.com/,0832 784643,"Via Francesco Ferruccio, 6",Squinzano,,,https,WordPress,No,Aruba S.p.A. Network,63,89,92.00,Sì,No
Spazio Enel Partner Squinzano,Azienda fornitrice di energia elettrica,,0832 181 4560,"Piazza Vittorio, 63",Squinzano,,,,,,,,,,,
Azienda Agricola biologica PiediGrandi - Spongano (Le),Azienda agricola biologica,,338 421 1781,"Via S. Leonardo, 224",Spongano,,,,,,,,,,,
Vittoria,Pasticceria,http://www.vittoriapasticceria.it/,0832 782893,"Via Brindisi, Via Vittorio Veneto, 152",Squinzano,,,https,Joomla,No,Aruba S.p.A,63,92,75.00,Sì,No
Perrotta Luminarie,Produttore di illuminazione,https://perrottaluminarie.com/,0832 784826,"V. dei Muratori, 78",Squinzano,,,https,WordPress,No,Servereasy Srl,53,79,100.00,Sì,No
CF GROUP di Carrozzo Francesco,Azienda di fornitura del gas,,345 930 2649,"Via S. Pio X, 10",Squinzano,,,,,,,,,,,
Laboratorio Analisi Cliniche Mater Gratiae - Genetica - Intolleranze - Infertilità - Mutazioni,Laboratorio chimico,http://www.laboratoriomater.it/,0832 787444,"Via Mater Gratiae, 29",Squinzano,,laboratoriomater@libero.it,https,React,Sì,OVH SAS,54,86,85.00,Sì,No
Pastai De Ronzo,Produttore,,349 788 0291,Via Stazione,Spongano,,,,,,,,,,,
Rizzello Vini e Olio,Produttore,http://www.rizzellovinieolio.it/,0836 941869,"Via Vecchia Castro, 18",Spongano,,,https,Shopify,Sì,"Cloudflare, Inc.",52,71,100.00,Sì,No
suleacquaientu,Azienda agricola biologica,http://www.suleacquaientu.it/,328 172 8870,"Via Stazione, 7",Spongano,,,https,Angular,No,Aruba S.p.A. Network,49,54,85.00,Sì,No
Masseria La Macchiola - Corti del Mito,Hotel Resort,http://www.lamacchiola.it/,339 545 1307,"Via Congregazione, 57",Spongano,,lamacchiola@gmail.com,https,Nuxt.js,Sì,Google LLC,67,88,85.00,Sì,No
Dolmen Piedi Grandi,Punto di riferimento storico,,388 825 8791,"Strada Vicinale Pastine, Scorrano",Spongano,,,,,,,,,,,
De Matteis Azienda Agricola Frantoio Oleario Tenuta Linazza Antonio,Fattoria,http://www.tenutalinazza.it/,0836 948477,Via Giacomo Matteotti,Spongano,,,https,React,No,Aruba S.p.A. Network,53,91,83.00,Sì,No
Onda Blu Lavanderia Self-Service a Spongano,Lavanderia automatica,,380 755 3731,"Via Pio XII, 111/c",Spongano,,,,,,,,,,,
Musio Elettrodomestici,Negozio di elettronica,,0836 936082,"Via Pio XII, N°111/A",Spongano,,,,,,,,,,,
La Moderna Di Coppola Antonella,Lavanderia,,0836 940191,"Via Giovanni Pascoli, 26",Spongano,,,,,,,,,,,
Magia Verde - Agenzia Funebre di Carluccio G.,Fiorista,https://www.agenziafunebrecarluccio.it/,0836 945710,"Via Vecchia Castro, 4",Spongano,,info@agenziafunebrecarluccio.it,https,Joomla,No,Aruba S.p.A. Network,38,52,92.00,Sì,No
Il Capriccio,Pasticceria,,0836 940273,"Via Armando Diaz, 8",Spongano,,,,,,,,,,,
L’Enoteca Monti,Distribuzione di bevande,https://lenotecamonti.com/,0836 940404,SP82,Spongano,,,https,React,Sì,Google LLC,56,65,92.00,Sì,No
Gcafè,Ristorante,,377 598 8818,"Via Circonvallazione, snc",Spongano,,,,,,,,,,,
Arredamenti Due Palme - Progetto 46,Negozio di mobili,http://www.duepalmearredamenti.it/,346 313 1349,"Via Diso, 123/129",Spongano,,info@duepalmearredamenti.it,https,WordPress,No,Netsons s.r.l.,54,91,100.00,Sì,No
Cardigliano Legnami,Negozio di bricolage,http://www.cardiglianolegnami.com/,0836 945886,"SP82, 10",Spongano,,commerciale@cardiglianolegnami.it,https,React,No,"Cloudflare, Inc.",19,64,85.00,Sì,No
Autospurgo -Lecce -Brindisi - Immorlano,Servizio per fosse biologiche,http://www.autospurghimmorlano.it/,380 347 4530,"Via Giuseppe Ungaretti, 8",Squinzano,,immorlanofernando@gmail.com,https,WordPress,Sì,Signet B.V.,43,63,85.00,Sì,No
IBT AGRICOLTURA SQUINZANO (Produttore),Produttore,https://www.ibtagricoltura.it/,334 765 3969,Via Casalabate,Squinzano,,info@ibtagricoltura.it,https,Shopify,Sì,OVH SAS,34,41,92.00,Sì,No
Masseria Accetta Piccola,Azienda agricola biologica,,340 663 6640,strada Vicinale Accetta Piccola,Statte,,,,,,,,,,,
Oleificio San Francesco Società Cooperativa,Oleificio,http://oleificiosanfrancesco.it/,349 085 1684,"Via Madonna del Rosario, 81",Statte,,info@oleificiosanfrancesco.it,https,Shopify,Sì,Servereasy Italy,60,79,85.00,Sì,No
Puglia Cubicatura,Servizio di verniciatura a polvere,,099 472 2702,"S.S. Taranto/Martina F. Km 11,300",Statte,,,,,,,,,,,
Italiana Trasporti srl,Azienda di autotrasporti,http://www.italianatrasporti.it/,099 471 8376,"COMPARTO 3, ZONA P.I.P",Statte,,info@italianatrasporti.it,http,WordPress,No,Aruba S.p.A.,60,93,92.00,Sì,No
Cma Srl,Cava,http://www.cavacma.it/,099 471 6656,"S.P. 74010, SP47",Statte,,cma@pec.cavacma.it,https,WordPress,Sì,Aruba S.p.A.,56,60,85.00,Sì,No
E.T.S. Srl,Scuola professionale,http://www.etssrl.it/,099 474 3455,"Via Egidio Pignatelli, s.n.c",Statte,,info@etssrl.it,https,WordPress,No,"Automattic, Inc",56,74,92.00,Sì,No
Frantoio oleario l'Olpe di Marco,Oleificio,https://www.lolpedimarco.it/,347 546 0319,SP46,Statte,,info@lolpedimarco.it,https,Shopify,Sì,OVH SAS,45,70,85.00,Sì,No
Perretti Petroli (S.P.A.).,Azienda di prodotti petroliferi,https://perrettipetrolispa.it/,099 471 2824,"7600 Via Per Statte, Taranto, TA 74123",Taranto,,laboratorio.ta@perretti.it,https,React,No,OVH ISP,78,98,92.00,Sì,No
Maniglio Agro Zootecnica Di Maniglio Francesco,Fattoria,,0836 666939,"Via Giorgio Orlandi, 89",Sternatia,,,,,,,,,,,
Azienda agricola MACRI',Azienda agricola biologica,,333 468 4102,"Via provinciale per soleto, 2",Sternatia,,,,,,,,,,,
Vivai Tundo,Vivaio,,368 721 7205,Via Marrella,Sternatia,,,,,,,,,,,
Mondo Pulito,Grossista di articoli per l'igiene personale,,099 994 1734,"Via Umberto Giordano, 13",Statte,,,,,,,,,,,
Recsel,Servizio di gestione dei rifiuti,http://www.recsel.it/,099 470 9988,"via Per Statte, 7052",Paolo VI,,recsel@recsel.it,https,Shopify,No,Aruba S.p.A. Network,62,85,85.00,Sì,No
Taba Crazy,Tabaccheria,,0836 666186,"Via Brigida Ancora, 12",Sternatia,,,,,,,,,,,
Le.ga. S.r.l.,Impresa di costruzioni,,0836 666308,"Via Giorgio Orlandi, 28",Sternatia,,,,,,,,,,,
Edilizia Spagna Giovanni,Fornitore di materiali da costruzione,,0836 666911,"Via Roma, 26",Sternatia,,,,,,,,,,,
Se.te.p. S.r.l.,Servizi per le imprese,http://www.setep.it/,099 474 2453,"Via Niccolò Paganini, 26",Statte,,setep@setep.it,https,WordPress,No,Aruba S.p.