Nome Attività,Categoria,Sito Web,Telefono,Indirizzo,Comune,Provincia,Email,Protocollo,Tecnologia,Cookie Banner,Hosting Provider,Mobile Performance,Desktop Performance,Punteggio SEO,Disponibilità Sito,Stato Manutenzione
Borgo Marinaro,Bed & Breakfast,,392 871 9062,lungomare,Cetraro Marina,,,,,,,,,,,
L'Ulivo Sul Mare,Bed & Breakfast,,338 404 9366,"Via Santa Maria di Mare, 9",Cetraro Marina,,,,,,,,,,,
B&B Antica Calabria,Bed & Breakfast,https://www.anticacalabria.com/,340 127 8744,"Via S. Antonio Abate, 34",San Fili,,,https,Joomla,Sì,Aruba S.p.A.,22,56,83.00,Sì,No
Dal tramonto all'alba Affittacamere,Bed & Breakfast,,377 084 4339,"Via, Viale F Paolo Lucibello, 10",Cetraro,,,,,,,,,,,
B&B VILLA BETTA,Bed & Breakfast,,0982 971890,"Via Ciro Menotti, 9",Cittadella del Capo,,,,,,,,,,,
A Due Passi Dal Mare B&B,Bed & Breakfast,https://www.hotelscheck-in.com/aduepassidalmarebnb/it/,392 785 2906,"Via C. Colombo, 13",Marina,,,https,WordPress,No,"Cloudflare, Inc.",42,76,85.00,Sì,No
B&B Verzavò,Bed & Breakfast,http://www.verzavo.com/,328 198 1864,"Località, n, 8",Ponte Arenazza,,bbverzavo@gmail.com,https,Shopify,No,Kualo Limited,45,59,92.00,Sì,No
B & B L'ABBRACCIO AGNONE,Bed & Breakfast,,339 430 5025,"Corso Vittorio Emanuele, 185",Agnone,,,,,,,,,,,
Abbaidda Hotel,Hotel,https://www.abbaiddahotel.com/,079 676 5100,Via A. Diaz,La Muddizza,,,https,Joomla,No,Aruba S.p.A.,51,80,83.00,Sì,No
B&B Vecchia Fonte,Bed & Breakfast,http://www.vecchiafonte.it/,349 262 5190,"Via di S. Vincenzo, 10",Campiglia Marittima,,info@vecchiafonte.it,https,Joomla,Sì,Genesys Informatica S.r.l,56,90,100.00,Sì,No
Hotel Piccolo Mondo,Hotel,http://www.ilpiccolomondohotel.it/,0982 999537,"km 302, SS 18 Tirrena Inferiore, 16",Acquappesa,,,https,WordPress,No,Netsons Network,52,62,85.00,Sì,No
Albergo Italia,Hotel,,0865 78589,"Piazza XX Settembre, 11",Agnone,,,,,,,,,,,
Armonie,Bed & Breakfast,http://www.bbarmonie.it/,333 870 5347,"Via Castelfidardo, 2",Agnone,,,https,WordPress,No,SEEWEB s.r.l.,73,100,92.00,Sì,No
B&B Mediterraneo,Bed & Breakfast,,366 983 2357,"Via Stazione, 48",Cetraro Marina,,,,,,,,,,,
La Dimora del Sergente,Bed & Breakfast,https://beb.it/dimoradelsergente,333 278 4957,"Largo del Carmelo, 9, Via V. Veneto, 14",Carovilli,,,https,WordPress,No,"Amazon.com, Inc.",72,95,100.00,Sì,No
Casa Valecchio,Alloggio turistico,,055 831 9608,"Via di Uscioli, 11",Pontassieve,,,,,,,,,,,
B&B Tirassegno,Bed & Breakfast,,328 154 1304,"Via Pasquale e Ettore Marinelli, 11",Agnone,,,,,,,,,,,
Agriturismo Il Pezzatino,Agriturismo,http://www.ilpezzatino.it/,347 608 8271,"Via Castiglioni, 29",Rufina,,info@ilpezzatino.it,https,React,No,Seeweb srl,64,76,92.00,Sì,No
B&B Il Tomolo,Alloggio con uso cucina,https://www.iltomoloagnone.it/BampB.htm,329 108 5057,"Via Beato Antonio Lucci, 36",Agnone,,info@iltomoloagnone.it,https,React,Sì,WeservIT,63,98,92.00,Sì,No
CASATORTA B&B,Hotel,http://casatorta.eu/,331 890 5979,"Località Molezzano, 97",Vicchio,,,https,React,No,PlusServer GmbH,77,97,100.00,Sì,No
Agriturismo Podere Il Poggiolo,Agriturismo,http://www.podereilpoggiolo.it/,055 839 5047,"Via S. Eustachio in Acone, 45",Pontassieve,,info@podereilpoggiolo.it,https,Angular,No,Serverplan s.r.l.,42,44,85.00,Sì,No
Podere di Moiata,Agriturismo,https://www.poderedimoiata.com/?utm_source=Google&utm_medium=cpc&utm_campaign=Google%20My%20Business,055 849 0107,"Via di Campestri, 13",Vicchio,,ask@poderedimoiata.com,https,WordPress,No,HE-VPS,28,34,58.00,Sì,No
Il Trebbiolo Relais,Hotel,https://www.iltrebbiolo.it/,055 830 0583,"Via del Trebbiolo, 8",Pontassieve,,info@iltrebbiolo.it,https,WordPress,No,Aruba S.p.A. Network,64,86,92.00,Sì,No
B&B Il Pittore,Bed & Breakfast,https://beb.it/ilpittore,055 849 7457,"Via di Mucciano, 55",Borgo San Lorenzo,,,https,Joomla,No,"Amazon.com, Inc.",52,99,100.00,Sì,No
Locanda Di Alberi,Alloggi al coperto,http://www.locandadialberi.it/,366 609 0672,"Via Gricignano, 17","Poggiolo-Salaiole, Borgo San Lorenzo",,,https,WordPress,No,Aruba S.p.A.,60,85,92.00,Sì,No
bed and breakfast Nonna Vincenza,Bed & Breakfast,http://bbnonnavincenzamaratea.com/,331 806 0984,"Via Acquafredda Nitti, 25",Acquafredda,,,https,WordPress,Sì,Netsons s.r.l.,61,86,85.00,Sì,No
"The Estate Of Petroio, Tuscany",Hotel,http://www.tuscanynowandmore.com/the-estate-of-petroio-id-5398,335 523 1677,"Via dell'Argomenna, 51",Pontassieve,,conciergeteam@tuscanynowandmore.com,https,Shopify,Sì,Pulsant (Scotland) Ltd,45,69,85.00,Sì,No
B&B Maratea Garden House,Bed & Breakfast,,347 275 4866,"Acquafredda Via Canalelli N, 2",Maratea,,,,,,,,,,,
Santavenere,Hotel,https://www.santavenere.it/,0973 876910,"Via Conte Stefano Rivetti, 1",Maratea,,,https,React,No,"Cloudflare, Inc.",48,60,85.00,Sì,No
Hotel Club San Diego,Hotel,http://www.hotelsandiego.it/,0973 878004,"Via Nazionale, 59",Acquafredda,,info@hotelsandiego.it,https,WordPress,No,Aruba S.p.A.,97,99,100.00,Sì,No
La Casa Del Gelso Acquafredda- Maratea,Bed & Breakfast,http://www.lacasadelgelso.it/,340 838 2898,"Via Timpone, 47",Acquafredda,,,https,WordPress,No,Host SpA,41,52,83.00,Sì,No
La fragola,Bed & Breakfast,,338 926 9432,"Località lu rotu, Via vagliola, 48",Arzachena,,,,,,,,,,,
Casa Vacanze Nicola e Lina,Bed & Breakfast,https://mymenuweb.com/it/restaurants/785777/?utm_source=google_profile&utm_medium=google_profile&utm_campaign=admin,333 926 6570,Piazza Umberto I,Tortorella,,,https,React,No,Hetzner Online GmbH,82,95,100.00,Sì,No
Il Carrubo,Alloggi al coperto,http://www.ilcarrubomaratea.com/,320 795 3353,"Trecchinari, Via Trecchinari",Maratea,,ilcarrubomaratea@gmail.com,https,WordPress,No,Aruba S.p.A. Network,60,90,85.00,Sì,No
B&B Tenuta Palmieri,Bed & Breakfast,http://www.tenutapalmieri.com/,347 802 1537,"Via Cersuta, 29a",Maratea,,info@tenutapalmieri.com,https,Shopify,No,Aruba S.p.A. Network,59,70,100.00,Sì,No
RESIDENCE ACQUACALDA LIPARI - ISOLE EOLIE,Residence,,090 988 0201,Via Giuseppe Mazzini,Acquacalda,,,,,,,,,,,
B&B Il Mirto,Bed & Breakfast,https://www.ilmirtobajasardinia.it/,389 269 5784,"Via La Rocca, Località Pulicinu",Arzachena,,info@ilmirtobajasardinia.it,https,Shopify,No,Register networks in Belgium,61,65,92.00,Sì,No
Hotel Petra Bianca,Hotel,http://www.petrabiancahotel.com/,0789 34007,SP160,Cala di Volpe,,info@petrabiancahotel.com,https,Shopify,Sì,"Cloudflare, Inc.",61,83,92.00,Sì,No
Blu Hotel Laconia Village,Hotel,http://www.bluhotellaconia.it/,0789 86007,Via Monti Corru,Cannigione,,bookinglaconia@bluhotels.it,https,Drupal,Sì,Google LLC,56,87,92.00,Sì,No
Hotel Il Piccolo Golf,Hotel,http://www.ilpiccologolf.com/,0789 96520,SP160,Cala di Volpe,,,https,Typo3,No,Server Plan S.r.l.,60,83,85.00,Sì,No
Case vacanze central cincotta,Bed & Breakfast,,333 101 9339,35,Lipari,,,,,,,,,,,
Club Esse Posada,Hotel,https://www.clubesse.it/strutture/hotel-posada-beach-resort/?partner=9682&utm_source=google&utm_medium=organic&utm_campaign=MyBusiness,06 4543 9344,Via del Vecchio Marino,Palau,,,https,React,No,"Cloudflare, Inc.",53,61,92.00,Sì,No
Hotel Cutimare Lipari - Aeolian Charme,Hotel,https://www.hotelcutimare.com/,090 982 1088,Via Giuseppe Mazzini,Lipari,,,https,React,No,Simply Transit Ltd,88,78,92.00,Sì,No
Hotel Amarea - Aeolian Charme,Hotel,https://www.hotelamarealipari.it/,090 981 3281,"Via Cesare Battisti, 81",Canneto,,,https,React,No,Simply Transit Ltd,68,79,92.00,Sì,No
Hotel Odissea,Hotel,http://www.hotelodissea.it/,090 981 2337,"via Nazario Sauro, 12",Canneto,,,https,ASP.NET,No,Aruba S.p.A. Network,89,98,92.00,Sì,No
Casa tra Cielo e Mare,Bed & Breakfast,https://beb.it/casatracieloemare,339 569 9113,"Località Vizzini, Salita Santa Margherita",Lipari,,,https,Shopify,No,"Amazon.com, Inc.",65,61,100.00,Sì,No
Casa Vacanze Papiro a Lipari - APPARTAMENTI per VACANZE vista MARE a Lipari con NOLEGGIO bici per ESCURSIONI Isola di LIPARI,Bed & Breakfast,http://www.bblipari.it/,331 321 5737,"Via Marina Garibaldi, 22",Canneto,,info@bblipari.it,https,Angular,No,Aruba S.p.A. Network,54,60,91.00,Sì,No
B&B Villa Maristella,Bed & Breakfast,https://www.bebvillamaristella.it/,090 921 9598,Via Contrada Capistello di Lipari,Lipari,,info@bebvillamaristella.it,https,WordPress,No,Servereasy Srl,0,87,85.00,Sì,No
Residence Oltremare,Residence,https://www.hotelscheck-in.com/oltremaremessina/it/,090 988 0567,SP180,Canneto,,,https,Shopify,No,"Cloudflare, Inc.",37,96,85.00,Sì,No
B&B Antico Palmento - Cin,Bed & Breakfast,https://www.anticopalmento.info/,347 128 8302,Vico S. Cristoforo,Canneto,,info@anticopalmento.info,https,WordPress,Sì,Servereasy Srl,65,87,100.00,Sì,No
Bed and Breakfast 2 ARCHI,Bed & Breakfast,https://bed-and-breakfast-2-archi.italyexperience.top/,346 065 5041,"Via S. Sperate, 27",Decimomannu,,,https,WordPress,No,Contabo GmbH,59,86,85.00,Sì,No
Hotel Stella Marina,Hotel,http://www.stellamarinahotel.com/,0974 904725,"Via Nicotera, 137",Acciaroli,,hotelstellamarina.acciaroli@gmail.com,https,WordPress,Sì,Aruba S.p.A. Network,65,89,100.00,Sì,No
That's Amore Cilento,Bed & Breakfast,http://www.thatsamorecilento.it/,0974 964393,"Cda Guarino, 1",Agnone Cilento,,,https,WordPress,No,Aruba S.p.A.,60,85,75.00,Sì,No
Plano de Laczarulo,Bed & Breakfast,http://www.planodelaczarulo.it/,333 533 1109,"Rione Passolara IV^ traversa, n. 3",Acciaroli,,info@planodelaczarulo.it,http,ASP.NET,No,Aruba S.p.A. Network,64,85,92.00,Sì,No
B&B Smeralda,Bed & Breakfast,,329 878 1924,"Via Stazione Vecchia, 26/Scala B",Villa San Giovanni,,,,,,,,,,,
Country House Il Poggio del Mare,Bed & Breakfast,https://www.ilpoggiodelmare.com/,0974 904222,Via Angelo Vassallo,San Mauro Cilento,,info@ilpoggiodelmare.com,https,Shopify,No,Aruba S.p.A. Network,55,73,82.00,Sì,No
Pepi B&B,Bed & Breakfast,https://beb.it/pepibeb/it/,353 411 8500,Via Lungomare Pepi,Santa Maria di Castellabate,,,https,React,No,"Amazon.com, Inc.",69,99,100.00,Sì,No
B&B Posidonia,Bed & Breakfast,https://www.bebposidonia.it/,392 363 2704,"Via Senatore Peppino Manente Comunale, 33",Santa Maria di Castellabate,,,https,WordPress,No,Aruba S.p.A.,57,83,77.00,Sì,No
Il mandorlo country house,Bed & Breakfast,,333 851 3643,"Via Serre, snc",San Mauro Cilento,,,,,,,,,,,
Karma Resort,Hotel,http://www.resortkarma.com/,090 369 3773,"Lungomare Nauloco, 22",Venetico Marina,,reservation@palmeria.com,https,WordPress,No,Aruba S.p.A. Network,57,95,85.00,Sì,No
Ciauru Design B&B e Sala Meeting,Bed & Breakfast,http://www.ciauru.it/,090 345730,"Viale della Libertà, 251",Messina,,info@ciauru.it,https,WordPress,Sì,Aruba S.p.A. Network,46,68,85.00,Sì,No
B&B UN ANGOLO DI CASA,Bed & Breakfast,,392 146 2643,"V. Consolare Pompea, 260",Ganzirri,,,,,,,,,,,
B&B CasaBuddace,Bed & Breakfast,https://www.casa-buddace.com/,371 573 6270,"Via Leonardo Sciascia, 10",Messina,,casabuddace@gmail.com,https,React,No,Google LLC,83,99,92.00,Sì,No
Oasi Azzurra,Hotel,http://www.oasiazzurra.it/,090 380019,"Via Lungomare S. Saba, 42",Messina,,info@oasiazzurra.it,https,React,Sì,Aruba S.p.A.,60,89,92.00,Sì,No
Country House L'antica pietra,Bed & Breakfast,http://www.anticapietra.it/,331 406 2643,"Via Difesa, 13",Perdifumo,,info@anticapietra.it,https,ASP.NET,No,Contabo GmbH,61,81,92.00,Sì,No
B&B il Girasole Grisolia,Bed & Breakfast,,339 411 8591,"Via Litoranea Tirrenica, 5",Grisolia,,,,,,,,,,,
Hotel La Pineta,Hotel,http://www.hotel-lapineta.com/,0974 904003,"Via Nicotera, 42",Acciaroli,,info@hotel-lapineta.com,https,Magento,No,"Amazon.com, Inc.",55,76,100.00,Sì,No
Bed & Breakfast Messina Break 2,Bed & Breakfast,,328 068 0130,"Via Maddalena, 3",Messina,,,,,,,,,,,
Queen's B&B,Bed & Breakfast,,347 136 7033,"Corso Variante, SS 18 Tirrena Inferiore, 46",Grisolia,,,,,,,,,,,
B&B Ciriapples,Bed & Breakfast,,345 503 4923,"via Litoranea Tirrenica, 73",Grisolia,,,,,,,,,,,
Villa Paladino,Bed & Breakfast,http://www.villapaladino.it/,347 625 5572,"SS 18 Tirrena Inferiore, 112",Scilla,,info@villapaladino.it,https,Shopify,No,Aruba S.p.A,59,80,83.00,Sì,No
B&B Da Zio Peppe,Bed & Breakfast,http://www.daziopeppe.it/,334 773 4751,"Viale Giulio Cesare 49 87023, Via Giulio Cesare, 49",Cirella,,bbdaziopeppe@gmail.com,https,React,No,Aruba S.p.A. Network,69,82,100.00,Sì,No
B&B Il Mappamondo,Bed & Breakfast,http://www.bbmappa.it/,391 091 1333,"Viale della Libertà, 175",Messina,,info@bbmappa.it,http,WordPress,No,Aruba S.p.A. Network,59,85,83.00,Sì,No
A Casa Di Luca,Bed & Breakfast,https://casa-di-luca.dtyhotel.com/,340 801 6834,"Via Caravaggio, 2",Diamante,,,https,Shopify,No,"Cloudflare, Inc.",71,90,85.00,Sì,No
Villa Laregina,Bed & Breakfast,https://villa-laregina.bellaitaliatrips.top/,380 764 6768,"Via Fiumicello, 12",Acchio-fiumicello,,,https,WordPress,No,Contabo GmbH,55,84,85.00,Sì,No
B&B La Trinacria,Bed & Breakfast,,388 604 2197,"Via G. Pitre, 146",Terrasini,,,,,,,,,,,
La Sirenetta Diamante B&B affittacamere residence,Bed & Breakfast,http://www.lasirenettavacanze.it/,339 325 0052,"Contrada S. Lauro, 69",Diamante,,,http,Joomla,No,SEEWEB s.r.l.,70,91,92.00,Sì,No
Esmaralda's House of Love,Bed & Breakfast,,+45 40 88 87 77,"Via Seneca, 3",Terrasini,,,,,,,,,,,
B&B 87029,Hotel,http://www.87029.it/,348 512 5833,"Via del Mare, 13",Scalea,,reservations@hotellerluxury.com,https,WordPress,No,Aruba S.p.A.,61,71,92.00,Sì,No
Al Quadrifoglio,Bed & Breakfast,,328 841 1616,"Via G. Pitre, 150",Terrasini,,,,,,,,,,,
Zabbàra B&B Terrasini,Bed & Breakfast,,338 751 2432,"di fronte spiaggia Calarossa (Sea club, Via Calarossa, 85",Terrasini,,,,,,,,,,,
B&B Sole Nascente,Bed & Breakfast,,351 992 5172,"SS 113 Settentrionale Sicula, 59",Terrasini,,,,,,,,,,,
Boutique Hotel San Daniele,Hotel,https://www.hotelsandanielecirella.it/,347 540 2734,"Via Cesare Consiglio, 36",Cirella,,info@hotelsandanielecirella.it,https,Shopify,Sì,OVH SAS,49,43,100.00,Sì,No
Case Anselmo B&B,Bed & Breakfast,,320 971 6198,"Via Venezia, 52",Terrasini Favarotta,,,,,,,,,,,
Ambasciata di Calabria Rooms&Breakfast Apartments,Bed & Breakfast,https://ambasciata-di-calabria-rooms-breakfast.comeviaggiare.top/,0985 803545,"Corso del Tirreno, 219",Marina di Santa Maria del Cedro,,,https,React,No,Contabo GmbH,50,75,85.00,Sì,No
Casanonnavittoria,Bed & Breakfast,,347 391 7747,Via oscar luigi scalfaro 0,Terrasini,,,,,,,,,,,
HYDRIA GUEST HOUSE ART GALLERY,Bed & Breakfast,,393 907 6344,"Via Pozzo Contella, 9",Acquaviva delle Fonti,,,,,,,,,,,
Levante,Bed & Breakfast,http://www.levanterooms.it/,338 336 9372,Via Piano Lettieri,Scalea,,,https,WordPress,No,"Cloudflare, Inc.",47,68,92.00,Sì,No
Cirismiro,Bed & Breakfast,http://cirismirobeb.com/,320 425 3120,"V. Torre Nuova, 187",Messina,,affittacamere@ilcirismirotorrefaro.info,https,WordPress,Sì,wix com inc,0,63,100.00,Sì,No
Altrove Bed&Breakfast,Bed & Breakfast,,391 103 7423,"Vico II Piergentile, 16",Acquaviva delle Fonti,,,,,,,,,,,
Aqua - Letto e Colazione,Bed & Breakfast,,338 592 9788,"Via Giulio Cafaro 1, Estramurale S. Pietro, 83",Acquaviva delle Fonti,,,,,,,,,,,
La Casa Dei Sogni,Bed & Breakfast,http://www.lacasadeisognibbrc.com/,0965 373824,"Via Nazionale, 150 Gallico",Reggio Calabria,,,https,React,No,Google LLC,59,93,92.00,Sì,No
La Ruota B&B,Bed & Breakfast,https://la-ruota-bb.percorsiitaliani.top/,389 000 4547,"Lungomare Peppino Impastato, 19",Terrasini,,,https,React,No,Contabo GmbH,53,85,85.00,Sì,No
i Cento Mulini B&B,Bed & Breakfast,,335 376 163,"Via Roversano, 3633",Cesena,,,,,,,,,,,
Cecenero,Ristorante,https://www.cecenero.it/,339 478 7152,"Piazza Vittorio Emanuele, 39",Acquaviva delle Fonti,,,https,Basekit,No,Aruba S.p.A.,47,67,100.00,Sì,No
Palace B&B,Bed & Breakfast,https://palace-bb.alberghiinitalia.top/,333 217 6781,"Via Roma, 7",Acquaviva delle Fonti,,,https,WordPress,No,Contabo GmbH,47,83,92.00,Sì,No
Supriani Luxury Bed & Breakfast,Bed & Breakfast,,334 176 5836,"Via Francesco, Via Supriani, 42",Acquaviva delle Fonti,,,,,,,,,,,
La Pergola B&B,Bed & Breakfast,https://www.hotelsitalic.com/la-pergola-bb/,338 375 4153,"Via Castiglione, 444",Cesena,,,https,WordPress,No,"Cloudflare, Inc.",100,100,92.00,Sì,No
"Agricola - Casa, Cucina, Bottega",Ristorante,http://www.agricolacasacucinabottega.it/,0547 326301,"Via Cesuola, 901",Cesena,,,https,React,No,Server Plan S.r.l.,64,80,92.00,Sì,No
Hotel Romagna,Hotel,,340 915 0618,"Via Zuccherificio, 215",Cesena,,,,,,,,,,,
Bed & Breakfast Lucia,Bed & Breakfast,https://www.bbluciamartini.it/,334 157 9130,"Via Chiesa di Tipano, 189",Cesena,,bb.luciamartini@gmail.com,https,WordPress,No,Aruba S.p.A.,71,77,83.00,Sì,No
Albertario | B&B e Affittacamere,Bed & Breakfast,http://www.albertariobb.it/,338 236 6201,"Piazza Don Albertario, 16",Acquaviva delle Fonti,,booking@albertariobb.it,https,React,Sì,Aruba S.p.A. Network,56,66,100.00,Sì,No
B&B Ascoli antica,Bed & Breakfast,http://www.ascolianticabb.it/,0736 251607,"Corso Trento e Trieste, 6",Ascoli Piceno,,info@ascolianticabb.it,http,ASP.NET,No,Aruba S.p.A. Network,98,100,82.00,Sì,No
Hotel Residence Ponente,Hotel,http://www.hotelresidenceponente.com/,0547 82190,"Viale A. da Noli, 8",Cesenatico,,preventivi@hotelresidenceponente.com,https,React,Sì,"Amazon.com, Inc.",43,52,100.00,Sì,No
Terme Di Acquasanta (S.P.A.),Terme,https://mymenuweb.com/it/restaurants/934967/?utm_source=google_profile&utm_medium=google_profile&utm_campaign=admin,0736 801268,"Via delle Terme, 59",Acquasanta Terme,,,https,Shopify,No,Hetzner Online GmbH,90,96,100.00,Sì,No
La Loggia Rooms,Bed & Breakfast,,345 580 6281,"Rua del Macello, 8",Ascoli Piceno,,,,,,,,,,,
La Fattoria dei Sibillini,Agriturismo,https://www.fattoriadeisibillini.com/,379 204 1497,"Colleregnone, 6",Montemonaco,,info@fattoriadeisibillini.com,https,React,No,"Cloudflare, Inc.",49,66,92.00,Sì,No
Villa Naldi,Ristorante,https://villanaldi.it/,340 604 0653,"Via Montebellino, 200",San Carlo,,info@villanaldi.it,,React,Sì,"DigitalOcean, LLC",0,0,0.00,Sì,No
Affittacamere da Temperì,Bed & Breakfast,http://www.datemperi.com/,388 345 2382,Fraz. Quintodecimo n. 2,Acquasanta Terme,,elen.gentili@gmail.com,https,WordPress,No,"Automattic, Inc",67,91,100.00,Sì,No
Casa Gentile Caruso,Bed & Breakfast,http://www.casagentilecaruso.it/,350 588 6242,"Via Nazionale, 131",Torrenova,,,https,WordPress,No,Aruba S.p.A.,94,98,100.00,Sì,No
Domus B&B,Hotel,,335 126 0702,"Via Ricca Salerno, 10",Acquedolci,,,,,,,,,,,
Le Tre Stelle Marine,Bed & Breakfast,https://www.hotelscheck-in.com/letrestellemarinemessina/it/,0941 727722,"Via Ricca Salerno, 57",Acquedolci,,,https,Shopify,No,"Cloudflare, Inc.",39,76,91.00,Sì,No
Thea B&B,Bed & Breakfast,http://www.bbthea.it/,328 831 2835,"Via Cirino Scaglione, 7",Acquedolci,,,http,Laravel,No,Aruba S.p.A. Network,67,98,100.00,Sì,No
B&B Stella,Bed & Breakfast,https://www.stellabb.it/,348 499 2871,"Via Urbino, 16",Ascoli Piceno,,,https,Typo3,No,"Amazon.com, Inc.",55,99,100.00,Sì,No
Agriturismo Villa Nicetta Di Salmeri Salvatore,Agriturismo,https://agriturismo-villa-nicetta-di-salmeri-salvatore.hotelperiviaggi.top/,349 536 4649,Contrada Nicetta Snc,Acquedolci,,,https,WordPress,No,Contabo GmbH,63,90,85.00,Sì,No
Casa Giada,Bed & Breakfast,http://www.casagiada.it/,393 248 6510,"Via Alessandro Manzoni, 20",Torrenova,,info@casagiada.it,https,WordPress,No,Aruba S.p.A.,53,57,92.00,Sì,No
Palazzo Fortunato S.R.L.,Hotel,http://www.hotelpalazzofortunato.com/,0941 721418,"Via Peschiera, 16",Sant'Agata di Militello,,info@hotelpalazzofortunato.com,https,Concrete5,No,Google LLC,48,74,82.00,Sì,No
B&B Mare di Augusta - La finestra sul porto,Bed & Breakfast,,349 845 4028,"Via Adua, 2",Augusta,,,,,,,,,,,
Agriturismo Roccadia,Agriturismo,https://www.roccadia.com/,095 990362,C.Da Roccadia Sn,Carlentini,,,https,React,No,Google LLC,59,94,83.00,Sì,No
La Terrazza di Cirico',Bed & Breakfast,https://laterrazzadicirico.com/,339 684 1807,"Contrada Ciricò, snc",Carlentini,,,https,WordPress,Sì,Hostinger International Limited,56,77,92.00,Sì,No
Hotel Piro,Hotel,https://www.hotelpiro.com/,0941 785032,"Via Nazionale, 54",Torrenova,,info@hotelpiro.com,https,Joomla,No,Server Plan S.r.l.,81,98,100.00,Sì,No
Borgo Nocchiara,Hotel,https://borgonocchiara.com/,0931 914136,SP95,Villasmundo,,,https,React,No,Google LLC,64,97,92.00,Sì,No
Badiula Flat,Bed & Breakfast,http://www.badiulaflat.it/,095 783 6193,"Piazza Umberto I, 20",Lentini,,info@badiula.it,https,Mobirise,No,Aruba S.p.A. Network,56,93,100.00,Sì,No
Locanda La Campana,Bed & Breakfast,http://www.locandalacampana.com/,338 843 5967,"Vico Polito, 15",Agnone,,,http,ASP.NET,No,Aruba S.p.A. Network,84,99,82.00,Sì,No
Tenuta San Calogero,Agriturismo,https://www.tenutasancalogero.com/,348 928 5741,"Siracusa SR IT, Contrada S. Calogero",Brucoli,,,https,React,No,Google LLC,63,89,82.00,Sì,No
B&B Baia Turchese,Bed & Breakfast,,329 733 4739,"Via Caboto, 7",Agrustos,,,,,,,,,,,
B&B La Marella,Bed & Breakfast,,338 690 7132,C.da Rigaini 79 - Località Marella,Agnone,,,,,,,,,,,
Locanda degli Illustri,Hotel,https://locanda-degli-illustri.mondoinviaggio.top/,338 777 2273,"Corso Antonio Cardarelli, 11",Civitanova del Sannio,,,https,React,No,Contabo GmbH,62,86,85.00,Sì,No
B&B Villa delle Rose,Bed & Breakfast,https://www.bed-and-breakfast.it/it/sardegna/bb-villa-delle-rose-budoni/60343?refresh,336 814 118,"Via Monti, 3",Budoni,,,https,Weebly,Sì,"Amazon.com, Inc.",44,39,92.00,Sì,No
B&B Somiar,Bed & Breakfast,http://www.bnbsomiar.it/,339 531 3714,"Piazzetta lù Mulinu, 5 LOC",Suaredda-traversa,,,https,React,No,"DigitalOcean, LLC",37,59,92.00,Sì,No
Affittacamere da Antonella,Bed & Breakfast,,349 721 7343,"Viale Mario Melis, 21",Posada,,,,,,,,,,,
Aia Del Sole B&B,Bed & Breakfast,,329 663 7663,"Via Stazzu Littu Nieddu, 15",Olbia,,,,,,,,,,,
Bed and Breakfast Airone,Bed & Breakfast,http://www.affittacamereairone.com/,328 717 2414,Via Le Foci,Villetta Barrea,,,http,ASP.NET,No,Aruba S.p.A. Network,99,100,92.00,Sì,No
Helios Hotel,Hotel,https://www.helioshotelsanteodoro.it/,349 362 9898,Via li Mori,San Teodoro,,booking@helioshotelsanteodoro.it,https,React,Sì,Amazon Technologies Inc.,53,75,100.00,Sì,No
Antica Aia,Bed & Breakfast,http://www.anticaaia.it/,349 286 5150,"Contrada Panza, 100",Cisternino,,info@anticaaia.it,https,WordPress,No,Server Plan S.r.l.,57,69,77.00,Sì,No
B&B La Vela,Bed & Breakfast,,351 859 9810,"Via Risorgimento, 29",Villa Rosa,,,,,,,,,,,
B&B Largo Alighieri,Bed & Breakfast,http://www.largoalighieri.it/,347 658 3635,"Via Alighieri, 6",Schiavi di Abruzzo,,info@largoalighieri.it,https,WordPress,No,Aruba S.p.A.,61,84,85.00,Sì,No
Bed & Breakfast Airone,Bed & Breakfast,http://www.isoladelgiglio.org/,348 353 8085,"Via Santa Maria, 12",Isola del Giglio,,camereairone@hotmail.it,https,WordPress,No,Register networks in Belgium,86,95,92.00,Sì,No
Hotel Costa Verde,Hotel,http://www.hotel-costaverde.com/,0861 787096,"Lungomare Sirena, 356",Tortoreto Lido,,,https,Shopify,Sì,SEMPLIFY-SRL,84,93,100.00,Sì,No
A Casa Di Nonna B&B,Bed & Breakfast,,345 939 8788,"V. XXIV Maggio, 29",Tortoreto Alto,,,,,,,,,,,
Hotel Palazzo Della Città,Hotel,https://palazzodellacitta.it/,328 083 7306,"CIN: IT094002B4TRNA6EQU, Via Vittorio Alfieri, 1",Agnone,,,https,WordPress,Sì,Server Plan S.r.l.,0,74,85.00,Sì,No
Vecchio Frantoio - Hotel,Hotel,,329 436 5301,"Via del Semaforo, snc",Martinsicuro,,,,,,,,,,,
Bed and Breakfast Villa Alba,Bed & Breakfast,https://www.bedandbreakfastvillaalba.it/,349 333 8278,"Via Leonardo da Vinci, 11",Controguerra,,bedandbreakfastvillaalba@gmail.com,https,Joomla,Sì,Aruba S.p.A.,94,75,100.00,Sì,No
Villa Consorti,Bed & Breakfast,http://www.villaconsorti.it/,347 629 7278,"Via Masaccio, 8",Martinsicuro,,info@villaconsorti.it,https,ASP.NET,No,Aruba S.p.A. Network,52,86,100.00,Sì,No
Hotel Aurea,Hotel,http://www.aureahoteltortoreto.it/,0861 182 8800,"Via Leonardo da Vinci, 46",Tortoreto,,booking@aureahotel.it,https,WordPress,Sì,Aruba S.p.A.,53,73,92.00,Sì,No
La Rue,Bed & Breakfast,,328 372 7537,"Via Terranova, 83",Tortoreto,,,,,,,,,,,
Alguest,Bed & Breakfast,http://www.alguest.it/,380 655 7527,"Via L. Canepa, 71",Alghero,,,https,Angular,No,"Amazon.com, Inc.",53,93,100.00,Sì,No
Alghero Vacanze Hotel,Hotel,http://www.algherovacanzehotel.com/,079 985860,"Via Gallura, 15",Alghero,,info@algherovacanzehotel.com,https,ASP.NET,No,Aruba S.p.A. Network,82,95,67.00,Sì,No
B&b Regina Elena,Hotel,,328 361 5274,"Via Regina Elena, 19",Bianco,,,,,,,,,,,
Three Rooms Alghero,Bed & Breakfast,http://www.fourroomsalghero.com/,328 746 6976,"Via Sassari, 132",Alghero,,info@fourroomsalghero.com,https,WordPress,No,Keliweb S.R.L,52,69,85.00,Sì,No
F53 Kevin's charming houses,Hotel,http://www.f53algheroholidays.com/,349 170 7383,"Via Ugo Foscolo, 53",Alghero,,info@f53algheroholidays.com,https,Joomla,Sì,Keliweb S.R.L,60,73,61.00,Sì,No
Piccolo Catalunya Hostel,Ostello,https://www.piccolocatalunya.it/,351 857 4510,"Via Vittorio Emanuele II, 113D",Alghero,,hostel@piccolocatalunya.it,https,React,Sì,"Cloudflare, Inc.",21,64,92.00,Sì,No
LandLord Accommodation Alghero,Bed & Breakfast,https://www.landlordaccommodation.com/,338 295 1302,"Via Don Minzoni, 26",Alghero,,info@landlordaccommodation.com,https,WordPress,Sì,OVH SAS,0,0,0.00,Sì,No
B&B Nonna Viola,Bed & Breakfast,,379 134 2880,Via Lurio,Palizzi Marina,,,,,,,,,,,
Punto Verde,Bed & Breakfast,,327 419 5563,SP76,Ardore Marina,,,,,,,,,,,
Villaggio Club Altalia,Hotel,https://villaggioaltalia.it/?utm_source=google&utm_medium=organic&utm_campaign=mybusiness,0964 933031,"Contrada Altalia, 10-12",Brancaleone,,info@villaggioaltalia.it,https,Shopify,Sì,SEMPLIFY-SRL,53,80,100.00,Sì,No
Palazzo Reginella Hotel & Residence,Hotel,https://www.palazzoreginella.it/,0964 61712,"Corso Umberto I, 196",Bovalino Marina,,,https,React,No,Serverplan s.r.l.,61,84,92.00,Sì,No
B&B Elclacà,Bed & Breakfast,http://www.elclaca.it/,329 405 3599,"Via Catalogna vic. A, n° 7",Alghero,,info@elclaca.it,https,Shopify,No,"DigitalOcean, LLC",36,57,92.00,Sì,No
B&B l'Asfodelo,Bed & Breakfast,,393 989 8327,Via Chiusedda,La Maddalena,,,,,,,,,,,
AGUNI' Agriturismo & Locanda,Agriturismo,http://www.aguni.it/,342 824 9708,"Contrada Gunì, snc",Palizzi,,info@aguni.it,https,WordPress,No,Netsons Network,78,97,85.00,Sì,No
B&B Casa Cosmano,Bed & Breakfast,http://www.casacosmano.it/,338 119 9236,"Traversa IV Contrada Caldara, 13",Brancaleone Marina,,,https,WordPress,No,Keliweb S.R.L,62,62,85.00,Sì,No
B&B di Luisa Ledda,Bed & Breakfast,,346 674 6649,"Vico Terzo, Corso Cattedrale, 3",Ales,,,,,,,,,,,
Hotel Il Porto - Trattoria del Mar,Hotel,http://hotelilporto.com/,0974 357851,"Via Angelo Lista, 42",Marina di Casal Velino,,info@hotelilporto.com,https,WordPress,Sì,Servereasy Srl,59,83,100.00,Sì,No
Affittacamere Il Centenario,Bed & Breakfast,http://www.ilcentenario.com/,349 051 3415,"Via XXIV Maggio, 1",Ascea,,info@ilcentenario.com,https,Angular,No,Hetzner Online GmbH,61,62,83.00,Sì,No
B&B Antonella,Bed & Breakfast,,338 401 1751,"Via Ortale, 6",Perito,,,,,,,,,,,
B&B Relais da Clorinda,Bed & Breakfast,http://www.relaisdaclorinda.it/,349 673 4797,"Via Miramare, 11",Ascea,,info@agenziawebpromo.com,https,Shopify,No,Netsons s.r.l.,55,63,77.00,Sì,No
Hotel Il faro di Molara,Hotel,https://www.ilfarodimolara.it/,0586 723348,"Viale Pietro Nenni, 9",Porto San Paolo,,booking@nexushotels.it,https,WordPress,Sì,Amazon Technologies Inc.,56,84,92.00,Sì,No
Domo Ulleri,Bed & Breakfast,,393 599 4125,"Via Brigata Sassari, 20/ A/primo piano",Olbia,,,,,,,,,,,
B&B Terranova,Bed & Breakfast,,349 885 2271,"Via Solari, 15",Olbia,,,,,,,,,,,
DonnaRumma Hotel,Hotel,https://www.donnarummahotel.it/,0974 907202,"Via Nettuno, 1-5",Marina di Casal Velino,,prenotazioni@donnarummahotel.it,https,WordPress,Sì,GENESYS,50,84,100.00,Sì,No
Agriturismo San Basilio,Agriturismo,https://www.agriturismosanbasilio.it/,329 914 4701,Località Preolella,Salento,,info@agriturismosanbasilio.it,https,WordPress,Sì,Server Plan S.r.l.,67,83,100.00,Sì,No
B&B QUADRIFOGLIO,Bed & Breakfast,http://www.quadrifogliosanteodoro.it/,349 356 1003,"V. Nazionale, 14",San Teodoro,,ilquadrifogliosanteodoro@gmail.com,https,WordPress,Sì,Server Plan S.r.l.,57,79,85.00,Sì,No
Residence Hotel Lu Nibareddu,Hotel,https://www.lunibareddu.it/,0789 40115,Via di Lu Nibareddu,Loiri Porto San Paolo,,booking@lunibareddu.it,https,WordPress,Sì,Amazon Technologies Inc.,53,67,92.00,Sì,No
Hotel Tirreno Celle Ligure due stelle,Hotel,https://www.hoteltirreno.it/,019 990057,"Via Genova, 10",Celle Ligure,,email@yoursite.com,https,Angular,No,Aruba S.p.A.,73,95,92.00,Sì,No
Bed & Breakfast Gioiello,Bed & Breakfast,https://www.hotelbbgioiello.it/,019 893 4074,"Via Monte Tabor, 65",Celle Ligure,,albergogioiello@yahoo.it,https,React,No,WIIT AG,63,80,100.00,Sì,No
Art&Kitchen,Bed & Breakfast,https://www.artandkitchenbb.it/,347 501 5269,"Via delle Piane Emanuele, 1",Savona,,artandkitchensavona@gmail.com,https,Joomla,No,Aruba S.p.A.,33,63,83.00,Sì,No
Luna Rooms,Bed & Breakfast,http://www.lunaroomsavona.com/,019 813381,"Via Domenico Cimarosa, 1/1",Savona,,info@lunaroomsavona.com,https,React,No,Aruba S.p.A. Network,46,68,100.00,Sì,No
Il RosAle a Celle Ligure,Bed & Breakfast,https://il-rosale-a-celle-ligure.comeviaggiare.top/,348 563 0933,"Via Sanda, 228",Sanda,,,https,React,No,Contabo GmbH,41,81,85.00,Sì,No
Hotel San Giorgio vip story,Hotel,https://www.hotelsangiorgio.eu/,019 480842,"Corso Giuseppe Mazzini, 24",Albisola Superiore,,info@ristorantealbergobersagliere.it,https,React,No,Register.IT S.p.A,55,82,91.00,Sì,No
La Scaletta Blue B&B,Bed & Breakfast,http://lascalettabluebeb.wix.com/beblascalettablue,327 037 9342,Via Passi III,Altavilla Milicia,,,,Wix,Non trovato,Google LLC,79,98,36.00,No - Pagina Non Trovata (404),No
La Dimora dei Paladini,Bed & Breakfast,https://www.ladimoradeipaladini.com/,351 336 4024,"Corso Butera, 232",Bagheria,,info@ladimoradeipaladini.com,https,React,Sì,Aruba S.p.A.,37,80,100.00,Sì,No
Villa Buscemi,Bed & Breakfast,,371 477 4413,"Vicinale Parisi IV, 5",Bagheria,,,,,,,,,,,
B&B LA CALETTA,Bed & Breakfast,http://www.lacalettabb.eu/,335 753 7797,"Piano Torre, 17",Santa Flavia,,,http,Joomla,No,SEEWEB s.r.l.,73,100,0.00,Sì,No
Villa Scaduto Residence,Hotel,https://www.villascadutoresidence.it/,091 931320,"Corso Baldassare Scaduto, 9",Bagheria,,info@villascadutoresidence.it,https,WordPress,Sì,Aruba S.p.A. Network,33,30,92.00,Sì,No
Bed and Breakfast Case Giannone,Bed & Breakfast,http://www.casegiannone.com/,328 542 9097,Via Luigi Einaudi,Santa Flavia,,,https,Wix,No,Google LLC,62,99,92.00,Sì,No
Villa Edera Rental Rooms,Bed & Breakfast,https://www.villaederabnb.it/,340 318 4451,"Via Alcide De Gasperi, 17",Santa Flavia,,info@villaederabnb.it,https,WordPress,No,"Cloudflare, Inc.",49,52,100.00,Sì,No
Hotel Torre Normanna,Hotel,http://www.torrenormanna.it/,091 950800,Strada Comunale Piano Torre,Altavilla Milicia,,normanna@torrenormanna.com,https,WordPress,Sì,OVH SAS,52,56,0.00,Sì,No
Agriturismo Le Valli,Ristorante,,041 527 9189,"Via dei Murazzi, 1d",Venezia,,,,,,,,,,,
Country House Le Garzette,Agriturismo,http://www.legarzette.it/,041 731078,"Via Alberoni, 32",LIDO DI VENEZIA,,info@legarzette.it,https,WordPress,No,IONOS SE,62,83,85.00,Sì,No
Villa Tiziana,Hotel,http://www.hotelvillatiziana.net/,041 526 1152,"Via Andrea Gritti, 3","Lido di Venezia, Venezia",,info@hotelvillatiziana.net,http,Joomla,No,LeaseWeb Netherlands B.V.,43,74,75.00,Sì,No
Hotel Sorriso,Hotel,http://www.hotelsorrisovenezia.it/,041 526 0729,"Via Cristoforo Colombo, 22",Lido,,hotel@sorrisovenezia.it,https,Angular,No,Serverplan s.r.l.,64,87,92.00,Sì,No
Villa Albertina,Hotel,http://www.villalbertina.com/,041 526 0879,"Via Luigi Vallaresso, 1a",Lido,,albertina@villalbertina.com,https,WordPress,Sì,Aruba S.p.A. Network,47,65,85.00,Sì,No
DB Villas | Suite Appartments (Le Ville del Lido),Hotel,https://www.dbvillaslido.it/,041 526 7123,"Via Marcantonio Bragadin, 38",Lido,,info@dbvillaslido.it,https,ASP.NET,No,Server Plan S.r.l.,56,81,91.00,Sì,No
Relais Alberti,Hotel,http://www.relaisalberti.com/,041 526 1143,"Campo della Chiesa, 3",Lido,,,https,WordPress,Sì,"Cloudflare, Inc.",63,66,85.00,Sì,No
Villa Ines,Bed & Breakfast,http://www.villa-ines.com/,041 526 7226,"Via Lazzaro Mocenigo, 10",Lido,,info@villa-ines.com,https,Shopify,Sì,Aruba S.p.A.,46,41,92.00,Sì,No
Hotel Glamour,Hotel,,081 975 6445,Vai avv.Aniello Palumbo numero 90,Qualiano,,,,,,,,,,,
hotel venere,Hotel,http://www.hotelvenere.net/,081 818 9524,"Via Campana, 268",Villaricca,,info@hotelvenere.net,https,React,No,Aruba S.p.A. Network,52,66,82.00,Sì,No
Hotel Villa Edera,Hotel,https://www.hotelvillaedera.com/?utm_source=google&utm_medium=organic&utm_campaign=GoogleMyBusiness,041 731575,"Via Negroponte, 13",Lido,,,https,WordPress,Sì,OVH SAS,48,64,85.00,Sì,No
Stanza lussuosa,Bed & Breakfast,https://www.hotelsitaloweb.com/bb-stanze-lussuose/,339 416 3565,"Via Giotto, 70",Aversa,,,https,Shopify,No,"Cloudflare, Inc.",100,100,92.00,Sì,No
Hotel new generation,Hotel,https://hotel-piper-villaricca.dormireinitalia.top/,081 894 9716,"viale, Viale Spagna, 6",Villaricca,,,https,WordPress,No,Contabo GmbH,60,86,85.00,Sì,No
Villa Chianese,Bed & Breakfast,,328 544 3435,"Via XX Settembre, 24",Napoli,,,,,,,,,,,
Hotel Giardinetto,Hotel,http://www.giardinettovenice.com/,041 731562,"Piazzale Santa Maria Elisabetta, 3",Venezia,,,https,WordPress,Sì,"Cloudflare, Inc.",69,80,50.00,Sì,No
Hotel El Pamas,Hotel,https://elpamas.com/,345 369 0377,"Via Pietro Nenni, 29",Mugnano di Napoli,,info@elpamas.com,https,Shopify,No,HOSTINGER FR,54,78,92.00,Sì,No
Relax In Suite,Bed & Breakfast,https://www.hotelsitaloweb.com/relax-in-suite/,345 168 0714,"Via Emilio Scaglione, 281",Napoli,,,https,Shopify,No,"Cloudflare, Inc.",100,100,92.00,Sì,No
Hotel Ristorante La Lanterna,Hotel,http://www.hotelristorantelalanterna.it/,081 894 1355,"Corso Europa, 534",Villaricca,,info@lalanternahotel.it,https,WordPress,Sì,SEEWEB s.r.l.,63,91,85.00,Sì,No
Civico 33 B&B,Bed & Breakfast,,349 125 2451,"Via Papa Pio X 33, Via Ubaldino Peruzzi, 1/a",Bisceglie,,,,,,,,,,,
Bed & Breakfast Al Porto Novo,Bed & Breakfast,http://www.alportonovo.it/,347 975 5094,"Via della Repubblica, 69",Bisceglie,,bebalportonovo@gmail.com,https,ASP.NET,No,Aruba S.p.A. Network,65,87,100.00,Sì,No
Hotel Salsello,Hotel,http://www.hotelsalsello.it/,080 395 5953,"Via Vito Siciliani, 42",Bisceglie,,info@hotelsalsello.it,https,Shopify,No,Persolvo-IRIDEOS,56,83,100.00,Sì,No
Bed & Breakfast Villa Garden,Bed & Breakfast,http://www.villagarden.it/,335 540 2175,"Via Giovanni Bovio, 308",Bisceglie,,,http,WordPress,Sì,Aruba S.p.A.,64,70,100.00,Sì,No
Hotel Lento,Hotel,https://hotellento.it/,081 711 1099,"Via Roma, 193",Melito di Napoli,,info@hotellento.it,https,WordPress,Sì,Aruba S.p.A,31,78,92.00,Sì,No
Bed & Breakfast La Baia,Bed & Breakfast,http://www.beblabaia.it/,080 914 3872,"VIA DELLA LIBERTA' 3 (continuazione, Via la Spiaggia",Bisceglie,,contatto@esempio.it,https,React,No,Amazon Technologies Inc.,64,87,100.00,Sì,No
Il Pepe Affittacamere,Bed & Breakfast,https://ilpepeaffittacamere.blogspot.com/,350 014 7596,"Vico Pepe, 4",Bisceglie,,ilpepeaffittacamere@gmail.com,https,React,No,Google LLC,92,99,92.00,Sì,No
Casal Mastro,Bed & Breakfast,,347 009 7577,"Via Crosta, 16",Bisceglie,,,,,,,,,,,
Agriturismo Ai Due Leoni,Agriturismo,https://www.ai-due-leoni.it/,0431 917423,"Località Beligna, 107",Aquileia,,info@ai-due-leoni.it,https,ASP.NET,Sì,SEMPLIFY-SRL,57,85,61.00,Sì,No
B&B VillaSabry,Bed & Breakfast,https://sites.google.com/view/villasabry/prenota,334 115 2330,"Via Piave, 56",Turriaco,,villasabry.69@gmail.com,https,Angular,No,Google LLC,28,62,75.00,Sì,No
B&B Fata Morgana,Bed & Breakfast,,333 341 4018,"Corso Antonio Gramsci, 8",Aquileia,,,,,,,,,,,
B&B Velocipede,Bed & Breakfast,https://www.bbvelocipede.it/,347 663 5372,"Piazza Libertà, 5",Cervignano del Friuli,,,https,Shopify,No,"Amazon.com, Inc.",56,95,100.00,Sì,No
B&B La Casetta Gialla,Bed & Breakfast,https://bnblacasettagialla.wixsite.com/cometoseemybnb,328 319 6845,"Strada Porta Nuova, 3",Bisceglie,,bnblacasettagialla@gmail.com,https,Wix,No,Google LLC,68,92,100.00,Sì,No
Hotel Capri,Hotel,https://hotelcaprigrado.info/,0431 80091,"Via A. Vespucci, 1",Grado,,info@caprihotelgrado.it,https,React,Sì,wix com inc,59,70,100.00,Sì,No
B&B Le terrazze di Cristina,Bed & Breakfast,http://www.leterrazzedicristina.com/,347 531 3711,"V. Piliero, 60",Albori,,,http,Shopify,No,Aruba S.p.A. Network,75,95,91.00,Sì,No
B&B Maison Salerno,Bed & Breakfast,,371 581 8391,"via Matteo Ripa, 2",Salerno,,,,,,,,,,,
Villaggio Ca' Laguna,Villaggio di casette da campeggio,http://www.calaguna.it/,0431 193 8004,"Via Monfalcone, 6",Grado,,info@calaguna.it,https,React,Sì,Server Plan S.r.l.,42,89,100.00,Sì,No
B&B La Soffitta sul Mare,Bed & Breakfast,https://lasoffitta.bedsandhotels.com/,331 935 4247,"Via San Vito, 24",Raito,,,https,React,No,Hetzner Online GmbH,63,97,91.00,Sì,No
CASA BEA,Bed & Breakfast,http://www.casabeagrado.it/,371 452 6937,"Localitá, Via Zemole, 1",Fossalon di Grado,,booking@casabeagrado.it,https,Angular,No,World4You.com,56,65,92.00,Sì,No
Il Glicine bed & breakfast,Bed & Breakfast,http://www.ilglicinebb.it/,327 584 6819,"Via Salvo D'Acquisto, 61",Cetara,,,https,WordPress,Sì,Aruba S.p.A.,99,99,92.00,Sì,No
Alicudi Giardino dei Carrubi - al gradino 365,Bed & Breakfast,https://www.estateolie.net/it/isole-eolie/il-giardino-dei-carrubi-bb-gradino-365/,380 783 6666,Via XXIV Maggio Isola di Alicudi,Lipari,,,https,WordPress,No,IT.Gate S.p.A.,56,89,77.00,Sì,No
Casa Mulino Hotel Residence,Residence,https://www.alicudicasamulino.it/,090 988 9681,Via Regina Elena,Alicudi,,,https,WordPress,No,Aruba S.p.A.,62,62,100.00,Sì,No
Divina Salerno,Bed & Breakfast,https://www.hotelsandiamo.com/bb-divina-salerno/,351 767 4562,"Via Roma, 184",Salerno,,,https,Shopify,No,"Cloudflare, Inc.",100,100,92.00,Sì,No
"Palazzo Pulieri, dimora storica del 1500",Hotel,,335 346 996,"Via Roma, 45",Altino,,,,,,,,,,,
B&B Umberto,Bed & Breakfast,https://salerno4house.it/bbumbertovietrisulmare,393 970 3438,"Corso Umberto Iᵒ, 54",Vietri sul Mare,,,,React,Non trovato,Amazon Technologies Inc.,72,98,92.00,No - Pagina Non Trovata (404),No
Il Vicolo B&B,Bed & Breakfast,http://www.ilvicolodellaneve.it/,391 169 0499,"Vicolo della Neve, 11",Salerno,,,http,ASP.NET,No,Aruba S.p.A. Network,90,100,82.00,Sì,No
BB/Casavacanze Corneto,Bed & Breakfast,https://www.bbcorneto.it/,340 239 2427,Contrada Corneto,Bomba,,,https,Shopify,No,"Amazon.com, Inc.",55,97,100.00,Sì,No
Bed & Breakfast Mafi,Bed & Breakfast,,347 336 0173,"Via Ortonese, 97",Orsogna,,,,,,,,,,,
B&B Villa Maria al Mare,Bed & Breakfast,http://www.villamariaalmare.it/,0872 703668,"Via Lungomare, 100",Fossacesia,,,https,Weebly,No,"Amazon.com, Inc.",76,84,100.00,Sì,No
B&B da nonna lucia,Bed & Breakfast,,366 311 9679,"Contrada S. Pancrazio, 8",Roccascalegna,,,,,,,,,,,
B&B La Veronica,Bed & Breakfast,,338 920 1782,"Via Radicosa, 64",Pianillo,,,,,,,,,,,
Agriturismo Casa Mia,Agriturismo,,0872 809386,"Contrada Prangiarella, 9",Paglieta,,,,,,,,,,,
B&B del Castello,Bed & Breakfast,https://bb-del-castello.alberghiinitalia.top/,366 424 6846,"Via Duca degli Abruzzi, 18",Roccascalegna,,,https,WordPress,No,Contabo GmbH,54,83,92.00,Sì,No
Liberty B&B,Bed & Breakfast,http://www.libertybeb.it/,339 570 5625,"Via Santa Maria Teresa Federico, 1",Alì Terme,,info@liberybeb.it,https,Angular,No,"Squarespace, Inc.",60,83,82.00,Sì,No
B&B Rossana - Wi-Fi Incluso,Bed & Breakfast,,0942 715981,"Via Lungomare, 22/A",Alì Terme,,,,,,,,,,,
Il Principe B&B,Bed & Breakfast,http://www.ilprincipebeb.com/,333 655 5081,"Via Marchesi di Granatelli, 8",Alì Terme,,,https,React,No,Aruba S.p.A. Network,69,87,92.00,Sì,No
Agriturismo Bed & Breakfast La Casetta,Bed & Breakfast,https://bb-la-casetta.viaggiareconstile.top/,347 321 1933,"Contrada Poggio, 11",Villa Santa Maria,,,https,WordPress,No,Ipxo LLC,47,82,92.00,Sì,No
Residenza Gennaro Amalfi.,Casa per vacanze,,331 433 3875,"Salita Pastena, 8",Amalfi,,,,,,,,,,,
B&B Oliva,Bed & Breakfast,https://bb-oliva.mondoinviaggio.top/,366 282 5239,"Via Acquacciola, 31",Scala,,,https,WordPress,No,Contabo GmbH,61,89,85.00,Sì,No
Hotel Europa a Minori - HOTEL a 50 metri dal MARE - Hotel con PARCHEGGIO Costiera Amalfitana,Hotel,https://www.youritaly.it/it/cliente/minori-sa/hotel-europa,089 877512,"Strada Statale Amalfitana, 65",Minori,,,https,ASP.NET,Sì,"Cloudflare, Inc.",56,91,83.00,Sì,No
Hotel la Ninfa,Hotel,http://www.hotellaninfa.it/,089 831127,"Via Mauro Comite, 35",Amalfi,,info@hotellaninfa.it,https,Shopify,No,Netsons s.r.l.,52,53,100.00,Sì,No
B&B Al Duomo Carrela di Ghjeja,Bed & Breakfast,,338 299 2087,"Via al Duomo, 7",Castelsardo,,,,,,,,,,,
Albergo B&B pensione Riviera,Hotel,https://beb.it/rivieramaiori,089 877885,"Via degli Orti, 19",Maiori,,,https,React,No,"Amazon.com, Inc.",89,100,100.00,Sì,No
B&B Didova,Bed & Breakfast,,328 276 0898,"Via A. De Gasperi, 32",Gavoi,,,,,,,,,,,
Le Oreadi B&B Agerola,Bed & Breakfast,http://www.leoreadi.it/,335 578 4634,"Via Radicosa, 8",Agerola,,leoreadi2017@libero.it,https,Shopify,No,"Cloudflare, Inc.",54,60,100.00,Sì,No
Vecchio West,Bed & Breakfast,http://vecchio-west.sud-italia.it/,333 521 9895,"Via Radicosa, 64",Agerola,,,http,React,No,OVH SAS,56,94,83.00,Sì,No
B&B Alice,Bed & Breakfast,,346 166 5656,"V. Joan Palomba, 18",Alghero,,,,,,,,,,,
B&B Capo Rizzuto Fronte Mare,Bed & Breakfast,,366 385 2233,Via Capo Bianco,Capo Rizzuto,,,,,,,,,,,
B&B Casa Dell'Agave,Bed & Breakfast,,339 396 0766,"strada Capo Rizzuto, Via Capo Rizzuto, 46",Isola di Capo Rizzuto,,,,,,,,,,,
B&B Valle degli Dei,Bed & Breakfast,http://www.valle-degli-dei.com/,334 132 0976,"Via Paipo, 26",Pianillo,,info@valle-degli-dei.com,https,WordPress,No,Aruba S.p.A. Network,22,40,92.00,Sì,No
Bed and Breakfast Magna Grecia - Crotone,Bed & Breakfast,http://www.bebmagnagrecia.it/,329 419 7530,"Via Terina, 4",Crotone,,bbmagnagrecia@libero.it,https,Joomla,Sì,Server Plan S.r.l.,83,97,100.00,Sì,No
B&B Bella Vista,Bed & Breakfast,,351 893 9431,"Vle Antonio Gramsci, 172",Crotone,,,,,,,,,,,
Le Castella B&B,Bed & Breakfast,,347 802 3854,"Via Vil S. Francisco, 9",Le Castella,,,,,,,,,,,
Papavero Giallo,Ristorante,,353 331 2840,"Via Fosso, 6",Le Castella,,,,,,,,,,,
Hotel Ristorante La Decanata,Ristorante,https://la-decanata.bedsandhotels.com/,0962 795473,Contrada Brasola,Isola di Capo Rizzuto,,,https,React,No,Hetzner Online GmbH,75,97,91.00,Sì,No
B&B Al Martin Pescatore,Bed & Breakfast,http://www.almartinpescatore.it/,079 520060,"Via Tonnara, 30",Stintino,,info@almartinpescatore.it,https,ASP.NET,No,Aruba S.p.A. Network,78,98,92.00,Sì,No
Villa Olimpia,Villa,,329 047 9193,Località Capo Piccolo,Isola di Capo Rizzuto,,,,,,,,,,,
La Casa di Aurora,Bed & Breakfast,http://www.lacasadiaurora.it/,366 139 8210,"Via Gaetano Capone, 39",Maiori,,info@lacasadiaurora.it,https,WordPress,No,OVH ISP,40,66,100.00,Sì,No
Nido Degli Dei,Bed & Breakfast,https://www.nidodeglidei.it/,081 802 5573,"Via Radicosa, 25",Agerola,,info@nidodeglidei.it,https,WordPress,No,Aruba S.p.A.,57,94,85.00,Sì,No
Villaggio Club Baia dei Gigli,Hotel,,0962 198 0200,Località Capo Piccolo,Isola di Capo Rizzuto,,,,,,,,,,,
Resort Bice,Hotel,,338 221 0182,Località Seleno Villaggio seleno,Isola di Capo Rizzuto,,,,,,,,,,,
Hotel Residence Florida Capo Rizzuto,Hotel,,389 881 4202,"Via Faro, 30",Capo Rizzuto,,,,,,,,,,,
Almaré B&B,Bed & Breakfast,http://www.almarebeb.com/,377 358 7245,"Via Taras, 7",Crotone,,avvgiovanniiaconis_crotone@yahoo.it,https,React,No,"Cloudflare, Inc.",54,56,100.00,Sì,No
" Fattoria Il Borghetto",Hotel,http://www.fattoriailborghetto.it/,329 834 8917,"Loc. Capo Bianco, s.n",Isola di Capo Rizzuto,,info@www.fattoriailborghetto.it,https,Angular,No,Aruba S.p.A. Network,43,52,77.00,Sì,No
Villa Aurora,Hotel,http://www.hotelvillaaurora.it/,0962 795137,Via Volandrino,Le Castella,,info@hotelvillaaurora.it,http,Joomla,No,Aruba S.p.A.,64,81,83.00,Sì,No
B&B Do'mmilio - Sporting Club G.Manzulli,Bed & Breakfast,https://dommilio.traveleto.com/,393 994 4190,"Vle Magna Grecia, 3",Crotone,,,https,Shopify,No,"Cloudflare, Inc.",56,78,92.00,Sì,No
Lara Piana,Hotel,https://larapiana.dormireinitalia.top/,339 571 6510,Località Capo Piccolo,Isola di Capo Rizzuto,,,https,React,No,Contabo GmbH,59,87,85.00,Sì,No
B&B Four Winds,Bed & Breakfast,https://www.bbfourwinds.com/,351 804 7416,"V. Ucci-Ali, 14",Isola di Capo Rizzuto,,,https,WordPress,No,Aruba S.p.A.,60,68,92.00,Sì,No
La Porta del mare,Bed & Breakfast,,389 690 3493,"Strada Privata Levanzo, 55",Villapiana Scalo,,,,,,,,,,,
il Piccolo Principe Relais b&b,Hotel,,347 138 2162,"Traversa D Via Nazionale, 549",Villapiana Lido,,,,,,,,,,,
B&B House of Sun,Bed & Breakfast,,371 371 2777,Via delle viole,Villapiana Lido,,,,,,,,,,,
Bed and breakfast La Panoramica,Bed & Breakfast,http://www.lapanoramicavillapiana.it/la-panoramica.html,0981 505772,"Via Roma, 24",Villapiana,,,,ASP.NET,Non trovato,Aruba S.p.A. Network,100,100,70.00,No - Pagina Non Trovata (404),No
In campagna da Clara,Ristorante,,377 082 5604,Contrada Varco dell'Antenna,Villapiana,,,,,,,,,,,
Rebgaia b&b,Bed & Breakfast,,377 592 2714,Via delle Gardenie,Villapiana Lido,,,,,,,,,,,
B&B Green House,Bed & Breakfast,,338 374 0234,Via delle Fresie,Villapiana Lido,,,,,,,,,,,
Hotel Villa Diana,Hotel,http://www.villadiana.com/,090 981 1403,"Via Edwin Hunziker, 1",Lipari,,ashmaster@ashmm.com,https,ASP.NET,No,Irideos Spa,98,100,91.00,Sì,No
Casa&Bottega,Bed & Breakfast,,380 363 0360,"Viale della Libertà, 366",Trebisacce,,,,,,,,,,,
B&B L'angoletto Trebisacce,Bed & Breakfast,,351 429 0204,"Via Pietro Nenni, 1",Trebisacce,,,,,,,,,,,
Il Castello B&B,Bed & Breakfast,http://www.ilcastellobb.it/,090 601 9118,"Piazza Giuseppe Mazzini, 7",Lipari,,info@ilcastellobb.it,https,WordPress,No,GENESYS,56,82,92.00,Sì,No
Agriturismo Pinelli,Agriturismo,https://www.agriturismopinelli.it/,333 581 7083,"Contrada Piano del Giudice, Snc",Plataci,,,https,WordPress,No,OVH SAS,71,88,83.00,Sì,No
La Dimora dei Nonni,Bed & Breakfast,http://terredilevidonia.it/,368 702 7382,"Via Duca D'Aosta, 6",Albidona,,,https,WordPress,Sì,Aruba S.p.A.,59,76,85.00,Sì,No
" Diana Brown  Bed & Breakfast Affittacamere Monolocali",Bed & Breakfast,https://www.dianabrown.it/,090 981 2584,"Vico Himera, 3",Lipari,,,http,WordPress,No,Servereasy Srl,82,64,92.00,Sì,No
Hotel Conchiglia,Hotel,https://www.hotelconchiglia.net/,0564 641949,"Via della Marina, 4",Porto Ercole,,info@hotelconchiglia.net,https,Shopify,Sì,SEMPLIFY-SRL,57,70,92.00,Sì,No
Gitavillage Il Gabbiano,Villaggio di casette da campeggio,http://www.ilgabbianocampingvillage.com/,0564 183 8415,"Strada Statale Aurelia, km 144",Albinia,,info@ilgabbianocampingvillage.com,https,Angular,Sì,WiMore S.r.l.,56,90,92.00,Sì,No
Agriturismo Al Girasole,Agriturismo,http://www.algirasole.it/,366 403 0933,"SP81 Osa, 23",Orbetello,,info@algirasole.it,https,React,No,IT.Gate S.p.A.,55,73,91.00,Sì,No
Orti di Capalbio,Agriturismo,https://www.agriturismoortidicapalbio.it/,347 159 3790,"Via Val dei Ceppi, 8/a",Capalbio,,info@ortidicapalbio.it,https,Shopify,Sì,Aruba S.p.A.,52,75,85.00,Sì,No
Hotel Belvedere Argentario,Hotel,https://www.belvedereargentario.com/,0564 812634,"SP161, 2",Porto Santo Stefano,,info@belvedereargentario.com,https,React,No,OVH SAS,50,54,92.00,Sì,No
Hotel La Caletta Beach Club,Hotel,http://www.hotelcaletta.it/?utm_source=GoogleMyBusiness&utm_medium=referral&utm_campaign=GoogleMyBusinessCTA,0564 812939,"Via Guelfo Civinini, 10",Porto Santo Stefano,,,https,Shopify,Sì,Google LLC,32,54,77.00,Sì,No
Gitavillage Talamone,Hotel,http://www.talamonecampingvillage.com/,0564 183 8489,"Strada Provinciale Talamone Ovest, 2",Talamone,,info@talamonecampingvillage.com,https,React,Sì,WiMore S.r.l.,55,88,92.00,Sì,No
La Posta di Torrenova Hotel,Hotel,https://postatorrenova.it/,0564 862479,"Strada Provinciale Parrina, Km 128",Orbetello,,info@postatorrenova.it,https,WordPress,Sì,Servereasy Srl,73,77,92.00,Sì,No
Villa Artemisia,Bed & Breakfast,http://www.casaleartemisia.it/,320 477 1800,"Strada Poggetti, 4/B",Capalbio,,erico@casaleartemisia.it,https,React,No,"DigitalOcean, LLC",54,60,100.00,Sì,No
Perla del Levante Hostel,Ostello,http://www.perladellevanteframura.it/,339 610 9867,12 Località Ravecca,Framura,,info@perladellevante.it,http,ASP.NET,No,Aruba S.p.A. Network,96,100,82.00,Sì,No
Agriturismo Il Fontanile,Agriturismo,http://agriturismoilfontanile.com/,328 766 5918,"Via dello Sgrillozzo, 1",Manciano,,info@agriturismoilfontanile.com,https,WordPress,Sì,Aruba S.p.A.,56,69,100.00,Sì,No
Meri 1956 Locanda e Cucina,Ristorante,,0187 823086,"Località Costa di Framura, 1",Framura,,,,,,,,,,,
Park Hotel,Hotel,https://thecaesarhotels.com/park-hotel/,0564 181 0006,"Viale Donatori del Sangue, 1",Orbetello,,info@parkhotelresidence.com,https,WordPress,Sì,WiMore S.r.l.,56,92,92.00,Sì,No
Camping Village Oasi,Alloggi al coperto,http://www.campingvillageoasi.it/,0564 871588,"km.152.5, SS 1",Orbetello,,,https,ASP.NET,No,Genesys Informatica S.r.l,34,55,85.00,Sì,No
Villa Giulia,Villa,,0185 451249,"Corso Libero Longhi, 12",Moneglia,,,,,,,,,,,
Capalbio Vacanze,Bed & Breakfast,http://www.capalbiovacanze.it/,328 112 0706,"Via Genova, 5",Capalbio,,capalbio.vacanze@gmail.com,https,Basekit,No,Aruba S.p.A.,53,18,92.00,Sì,No
Affittacamere da Caterina B&B,Hotel,,338 637 2639,"Via Sivori, 15",Bonassola,,,,,,,,,,,
Pensione Moderna,Hotel,http://www.pensionemoderna.it/,0187 813662,"Via Gino Daneri, 79",Bonassola,,info@pensionemoderna.it,http,Joomla,No,Aruba S.p.A,65,84,85.00,Sì,No
Affittacamere Da Luca,Bed & Breakfast,,338 418 4984,"Via gavazzo, 18",Bonassola,,,,,,,,,,,
Hotel Silvia,Hotel,https://www.hotelscheck-in.com/albergosilviaframura/it/,0187 810021,"Località Costa di Framura, 4",Framura,,,https,Joomla,No,"Cloudflare, Inc.",39,74,85.00,Sì,No
La Foce del Prato,Agriturismo,http://www.agriturismolafocedelprato.it/,0187 810223,"Località Foce del Prato, 2",Framura,,,https,ASP.NET,No,Aruba S.p.A. Network,55,73,92.00,Sì,No
Albergo Feluca,Hotel,http://www.hotelfelucabonassola.com/,0187 813578,"Via Maxinara, 1",Bonassola,,info@hotelfelucabonassola.com,https,React,No,"Cloudflare, Inc.",32,45,92.00,Sì,No
Camping La Rocca S.r.l.,Campeggio con piazzole stanziali per roulotte,http://www.campinglarocca.it/,320 438 7057,Via Aquilia mt. 2008,Badolato Marina,,info@campinglarocca.it,https,Shopify,No,Aruba S.p.A,57,46,92.00,Sì,No
B&B Iside,Bed & Breakfast,http://www.bbmontepaone.it/,351 542 8630,"Via Alcide De Gasperi, 47",Montepaone Lido,,,https,Joomla,No,Aruba S.p.A.,61,76,100.00,Sì,No
B&B Villa Francesca,Bed & Breakfast,https://villafrancesca.wordpress.com/,329 126 5593,"Via F. A. Riso, 25",Soverato,,villafrancesca2014@libero.it,https,Angular,No,"Automattic, Inc",68,92,92.00,Sì,No
Yellow House,Bed & Breakfast,https://www.bbyellowhousecalabria.it/,338 330 8441,"Via Giovanni Gentile, 20",San Sostene Marina,,,https,Shopify,No,"Amazon.com, Inc.",69,98,100.00,Sì,No
Hotel Rivabella - Davoli Marina,Hotel,https://www.hotelrivabelladavoli.it/,0967 70017,"Via Ada Negri, 16",Satriano,,info@hotelrivabelladavoli.it,https,WordPress,Sì,Hetzner Online GmbH,62,90,92.00,Sì,No
Stella Marina B&B,Bed & Breakfast,http://www.stellamarinasoverato.it/,329 407 7696,"Via F. Antonio Riso, 19",Soverato,,,https,ASP.NET,Sì,Aruba S.p.A. Network,89,100,100.00,Sì,No
Nula Private Suites,Bed & Breakfast,,331 220 6359,"Via Provinciale Lucrino Averno, 33",Pozzuoli,,,,,,,,,,,
Dimora dei Lari-Charme Experience,Ristorante,https://www.dimoradeilari.it/,081 804 0232,"Via Cicerone, 23",Bacoli,,info@dimoradeilari.it,https,WordPress,Sì,BellSouth.net Inc.,74,97,92.00,Sì,No
Agriturismo La Funicolare,Agriturismo,https://agriturismo-la-funicolare.mondoinviaggio.top/,0981 994348,"SP263, Contrada Rossi",Francavilla Marittima,,,https,WordPress,No,Contabo GmbH,53,85,92.00,Sì,No
Hotel Santa Marta,Hotel,http://www.santamartahotel.it/,081 804 2404,"Via Montenuovo Licola Patria, 28",Pozzuoli,,,https,React,No,Aruba S.p.A. Network,60,63,91.00,Sì,No
Le Pinede Hotel Relax,Hotel Resort,https://lepinedehotel.it/,081 804 3247,"Via Stella Maris, 10",Giugliano in Campania,,,https,WordPress,No,Serverplan s.r.l.,66,94,92.00,Sì,No
Hotel Agave,Hotel,http://www.agavehotel.it/,081 524 9961,"Km 53+390, SS7qtr",Pozzuoli,,info@agavehotel.it,https,Odoo,Sì,OVH SAS,56,74,100.00,Sì,No
B&B Erasmo,Bed & Breakfast,,347 351 5167,"Via Licola Cuma, 117",Pozzuoli,,,,,,,,,,,
La Rada B&B Bacoli,Hotel,http://www.laradadibaia.com/,339 269 2258,"Via Molo di Baia, 9",Bacoli,,info@laradadibaia.com,https,React,No,"Cloudflare, Inc.",54,61,100.00,Sì,No
Hotel Sibilla Residence,Hotel,,081 1874 4909,"Via Miliscola, 173/175",Pozzuoli,,,,,,,,,,,
Puteoli House,Bed & Breakfast,https://puteoli-house.guideditalia.top/,333 983 8964,"Via Monterusso, 79",Pozzuoli,,,https,React,No,Contabo GmbH,53,84,92.00,Sì,No
La Perla Amantea - Rooms & Apartaments,Casa per vacanze,https://laperlaamantea.it/,346 610 3960,"Via Monte Bianco, 27",Amantea,,info@laperlaamantea.it,https,WordPress,No,Amazon Technologies Inc.,50,54,100.00,Sì,No
Hotel Cocceio,Hotel,https://www.hotelcocceio.it/,081 213 9547,"Via Scalandrone, 109",Bacoli,,info@hotelcocceio.it,http,WordPress,Sì,Keliweb S.R.L,45,89,92.00,Sì,No
Grand Hotel La Tonnara,Hotel,http://www.latonnaragrandhotel.it/,0982 424590,"Via Tonnara, 9",Amantea,,info@ghlatonnara.it,https,WordPress,Sì,Aruba S.p.A.,56,93,92.00,Sì,No
A Taverna Intru u Vicu,Bed & Breakfast,https://atavernaintruvicu.com/,348 518 7612,"Vico Terzo Indipendenza, 7",Belmonte Calabro,,fra.alba79@libero.it,https,WordPress,Sì,TransIP BV,52,56,100.00,Sì,No
Serendipity B&B Bed and Relax,Bed & Breakfast,https://serendipity.bedsandhotels.com/,349 843 4970,"Via Flavia di Aquilinia, 47",Muggia,,,https,React,No,Hetzner Online GmbH,78,99,91.00,Sì,No
B&B “Alla Chiazzetta”,Bed & Breakfast,https://bb-alla-chiazzetta.italiavacanzeindimenticabili.top/,347 945 0561,"Via Cavour, Salita S. Francesco, 41",Amantea,,,https,WordPress,No,Ipxo LLC,49,83,92.00,Sì,No
Park Hotel Tyrrenian,Hotel,http://www.tyrrenian.it/,0982 41673,"Strada Statale 18 Tirrena Inferiore, 227",Amantea,,,https,Joomla,Sì,Netsons s.r.l.,76,92,100.00,Sì,No
Hotel santa maria,Hotel,https://www.hotelsantamariacalabria.it/,0982 41247,"Strada Statale 18 Tirrena Inferiore, 207",Amantea,,,https,Shopify,Sì,Keliweb S.R.L,55,64,85.00,Sì,No
B&B Villa Archi,Bed & Breakfast,,335 163 3352,"Via Emilia Levante, 205",Faenza,,,,,,,,,,,
B&B Raggio di Sale,Bed & Breakfast,,342 141 7232,"Via Dante Alighieri, 11",Nubia,,,,,,,,,,,
7 Archi Bed & Breakfast,Bed & Breakfast,http://www.7archibedandbreakfast.it/,031 207 0461,"Via Francesco Anzani, 14",Como,,info@7archibedandbreakfast.it,http,WordPress,No,Aruba S.p.A. Network,42,54,92.00,Sì,No
B&B Mariposa,Bed & Breakfast,,339 276 7967,Strada Marausa,Misiliscemi,,,,,,,,,,,
3 Archi B&B,Bed & Breakfast,http://www.3architrani.it/,347 034 6371,"Piazza Nicola-Giuseppe Tomaselli, 3",Trani,,3architrani@libero.it,https,ASP.NET,Sì,Aruba S.p.A. Network,51,91,92.00,Sì,No
Bed &Breakfast Vista Egadi Trapani,Bed & Breakfast,http://www.vistaegadi.it/,0923 198 6769,"Via Federico II S.M. (ex, Via Dante Alighieri, 35",Nubia,,info@vistaegadi.it,https,React,Sì,Aruba S.p.A.,60,69,85.00,Sì,No
B&B Zia Pia,Bed & Breakfast,https://zia-pia.bedsandhotels.com/,0923 841679,"Via Piro, 153",Misiliscemi,,,https,React,No,Hetzner Online GmbH,60,96,91.00,Sì,No
Casolare Nelle Saline,Bed & Breakfast,http://www.casolarenellesaline.it/,0923 868020,"Via Murana, 25",Paceco,,casolarenellesaline@gmail.com,https,WordPress,Sì,Seeweb srl,38,80,100.00,Sì,No
Villa Magnolia,Bed & Breakfast,,335 658 9110,Contrada Campolato Basso,Augusta,,,,,,,,,,,
Accommodation Al Baglio Casa Vacanze,Bed & Breakfast,http://www.albaglio.it/,0923 867671,"Strada Baglio, 8",Salinagrande,,info@albaglio.it,https,ASP.NET,No,OVH SAS,95,100,100.00,Sì,No
Casale Verderame Residence,Bed & Breakfast,http://www.casaleverderame.it/,388 933 4374,"Str. Pietretagliate, 25",Pietretagliate,,casaleverderame@gmail.com,https,WordPress,No,Aruba S.p.A.,57,78,85.00,Sì,No
IL VECCHIO FRANTOIO AUGUSTA SIRACUSA,Bed & Breakfast,https://il-vecchio-frantoio-augusta-siracusa.vacanzeinitalia.top/,338 447 6239,"Contrada Passo di Siracusa, SP114",Augusta,,,https,WordPress,No,Contabo GmbH,51,84,85.00,Sì,No
"Il Baglio, Case Vacanza Locogrande (Vicino Aeroporto Trapani-Birgi Vincenzo Florio)",Bed & Breakfast,http://www.ilbagliobb.com/,327 132 0125,"Str. Locogrande, 81-83",Locogrande,,igna.alcamo@gmail.com,https,Shopify,No,"Cloudflare, Inc.",51,60,92.00,Sì,No
B&B Arena Del Sol,Alloggi al coperto,,340 004 5563,Regione Arenosu 16,Fertilia,,,,,,,,,,,
Ficodindia rooms Sortino Pantalica,Bed & Breakfast,https://ficodindiarooms.it/,366 168 2031,Ronco II di Via S. Francesco,Sortino,,ficodindiarooms@gmail.com,https,WordPress,No,Server Plan S.r.l.,62,69,54.00,Sì,No
B&B Samoa Beach,Bed & Breakfast,,347 443 9498,"Via delle Baleari, 7",Arenella,,,,,,,,,,,
Poesia del Mare - Bed & Breakfast,Bed & Breakfast,https://poesiadelmare.it/,346 523 6997,"Via Islanda, 5",Arenella,,info@mbclick.it,https,Joomla,Sì,Server Plan S.r.l.,57,87,100.00,Sì,No
Hotel Aranceto,Hotel,,320 077 2444,"Via Elorina, 190",Arenella,,,,,,,,,,,
B&B PERLA DEL SOLE,Bed & Breakfast,https://bebperladelsole.it/,375 517 8590,"Via Tahiti, 1",Arenella,,info@perladelsole.it,http,WordPress,Sì,Aruba S.p.A.,56,72,92.00,Sì,No
Agriturismo Pozzo di Mazza,Agriturismo,http://www.pozzodimazza.it/,368 666 928,"Traversa Pozzo di Mazza, 8",Siracusa,,,https,WordPress,Sì,SEEWEB s.r.l.,56,79,85.00,Sì,No
B&B Villa PIA,Bed & Breakfast,http://www.bebsiracusamare.it/,338 567 1443,"Traversa Torre Milocca, 15",Siracusa,,,https,WordPress,No,"Cloudflare, Inc.",54,84,92.00,Sì,No
B&B Villa Anna,Bed & Breakfast,https://bbvilla-anna.bedsandhotels.com/,331 309 1245,"Via Isole Marchesi, 12",Arenella,,,https,React,No,Hetzner Online GmbH,64,95,91.00,Sì,No
Addauro Resort,Hotel,https://www.addauro.com/,366 380 2155,Traversa Case Troia,Siracusa,,,https,WordPress,No,Hetzner Online GmbH,42,63,100.00,Sì,No
VOI Arenella Resort,Hotel Resort,https://www.voihotels.com/resort/voi-arenella?utm_source=google&utm_medium=organic&utm_campaign=google_business_profile&utm_content=arenella,0931 455111,"Str. Ognina, 47",Siracusa,,,https,React,No,Akamai Technologies,48,57,92.00,Sì,No
B&B Villa Sunset Apartments - Fontane Bianche Siracusa,Bed & Breakfast,http://www.villasunset.it/,338 983 2790,"Viale dei Lidi, 234",Siracusa,,,https,Typo3,No,"Amazon.com, Inc.",67,89,100.00,Sì,No
Oasi Del Gabbiano,Bed & Breakfast,http://www.oasidelgabbiano.it/,347 526 2265,"Via del Gabbiano, 2",Carrozziere,,oasidelgabbiano@gmail.com,https,Shopify,No,Aruba S.p.A.,49,42,92.00,Sì,No
Agriturismo Porticciolo,Agriturismo,http://www.agriturismoporticciolo.it/,347 523 1024,"Strada Provinciale 55bis, Km7 500",Alghero,,info@agriturismoporticciolo.it,https,WordPress,Sì,Aruba S.p.A. Network,59,74,92.00,Sì,No
Vel Marì Rooms on the Beach,Hotel,http://www.velmari.it/,331 749 5409,"SS127bis, 16",Alghero,,info@velmari.it,https,ASP.NET,No,TransIP BV,51,96,91.00,Sì,No
Camping | Glamping | Village Torre del Porticciolo,Hotel,https://www.torredelporticciolo.it/,079 919010,Str. Vicinale Porticciolo,Alghero,,info@torredelporticciolo.it,https,React,Sì,"Cloudflare, Inc.",26,54,92.00,Sì,No
B&B Bonsai Alghero,Bed & Breakfast,http://www.bonsaialghero.it/,079 999138,"Loc, SP55bis",Santa Maria La Palma,,info@bonsaialghero.it,https,React,Sì,"Cloudflare, Inc.",53,77,92.00,Sì,No
Relais Bellavista 5,Bed & Breakfast,http://www.relaisbellavista5.com/,348 911 8225,Via Bellavista,Sassari,,bellavistacinque@gmail.com,https,Shopify,Sì,EMIND1,52,82,92.00,Sì,No
Villa Barbarina Resort Alghero 4stelle,Hotel,http://www.villabarbarina.com/,079 999 9026,Str. Vicinale Pala Pirastru,Alghero,,info@villabarbarina.com,https,Shopify,No,Netsons Network,59,65,83.00,Sì,No
Affittacamere Tanin Giulia Cav Tanin,Bed & Breakfast,http://www.tanin.it/,010 912 6684,"Corso Giacomo Matteotti, 22/24",Arenzano,,,https,ASP.NET,No,Aruba S.p.A. Network,100,100,100.00,Sì,No
Câ da Muntà,Bed & Breakfast,http://www.cadamunta.com/,340 851 4889,"Via Montà, 2",Arenzano,,,https,WordPress,Sì,Hetzner Online GmbH,61,79,77.00,Sì,No
Agriturismo Casale degli Ulivi,Agriturismo,http://www.casaledegliulivi.info/,368 615 366,Strada Provinciale 55bis,Alghero,,,https,WordPress,No,Netsons s.r.l.,77,90,75.00,Sì,No
La Mela Verde,Hotel,,388 453 9028,"Via Guglielmo Marconi, 68",Arenzano,,,,,,,,,,,
Ena Hotel,Hotel,http://www.enahotel.it/,010 912 7379,"Corso Giacomo Matteotti, 12",Arenzano,,info@enahotel.it,https,Shopify,No,Combell NV,45,74,100.00,Sì,No
Hotel Ulivi,Hotel,http://www.hoteluliviarenzano.it/,010 912 7712,"Via Olivete, 12",Arenzano,,info@hoteluliviarenzano.it,https,WordPress,Sì,Host SpA,32,38,92.00,Sì,No
Garden house,Bed & Breakfast,,347 603 6173,"Via Porchiera, 7",San Felice a Cancello,,,,,,,,,,,
Massaria Bove,Hotel,https://www.massariabove.it/,339 365 4980,Via Carmiano,Carmiano,,,https,WordPress,Sì,Aruba S.p.A. Network,59,86,100.00,Sì,No
Yellow Park Hotel Restaurant,Hotel,http://www.yellow85.it/,0823 804215,"Via Signorindico, 8",Forchia,,,https,React,No,Aruba S.p.A. Network,45,81,73.00,Sì,No
Hotel Riviera,Hotel,http://www.hotelriviera-arenzano.it/,010 913 4863,"Piazza Antonio Gramsci, 10",Arenzano,,info@hotelrivieraarenzano.it,https,Angular,No,Serverplan s.r.l.,64,87,100.00,Sì,No
Affittacamere Al Borgo Di Mario Ascierto Della Ratta,Bed & Breakfast,https://affittacamerealborgo.traveleto.com/,0823 951430,"Via Umberto I, 2",Forchia,,,https,React,No,"Cloudflare, Inc.",56,78,92.00,Sì,No
Palazzo Murat Luxury Rooms,Hotel,https://palazzomuratluxuryrooms.it/,0823 146 4784,"Via Annunziata, 24",Arienzo,,info@palazzomuratluxuryrooms.it,https,Joomla,No,Aruba S.p.A. Network,44,51,100.00,Sì,No
B&B Sant'Agata,Bed & Breakfast,,349 808 0681,"Via Martorano, 116",Sant'Agata Dé Goti,,,,,,,,,,,
Villa Figoli Suites,Hotel,https://www.villafigoli.it/,389 948 5991,"Via Grecia, 1",Arenzano,,info@villafigoli.it,https,WordPress,No,Server Plan S.r.l.,35,84,92.00,Sì,No
Dimora Cice B&B,Bed & Breakfast,https://www.dimoracice.it/,337 100 0369,"Contrada Restinola, 22",Sant'Agata de' Goti,,info@dimoracice.it,https,Angular,Sì,Aruba S.p.A. Network,72,95,100.00,Sì,No
Affittacamere B&B La Dimora dei Ciliegi,Bed & Breakfast,,333 609 7545,"Via Misciuni, 25",Forchia,,,,,,,,,,,
Al Vicolo Stretto,Bed & Breakfast,,346 679 9732,"Via Appia, 451",Santa Maria A Vico,,,,,,,,,,,
B&B Le 4 Stagioni Dante's Suites,Hotel,http://le4stagioninapoli.it/,081 048 2468,"Vico Carceri S. Felice, 13",Napoli,,,http,ASP.NET,No,Aruba S.p.A. Network,100,100,82.00,Sì,No
Tammurriata_Nera_Bedroom,Bed & Breakfast,,327 191 0414,"Vico delle Nocelle, 69",Napoli,,,,,,,,,,,
Bed and breakfast Sogni Goti,Bed & Breakfast,https://sognigoti.wordpress.com/,371 176 5343,Piazza S. Alfonso,Sant'Agata de' Goti,,,https,WordPress,No,"Automattic, Inc",0,78,100.00,Sì,No
Colour suite,Bed & Breakfast,https://www.coloursuite.it/,329 8177 6733,"Viale Michelangelo, 85",Napoli,,info@coloursuite.it,https,Shopify,No,"Cloudflare, Inc.",51,54,100.00,Sì,No
Albergo Oasi,Hotel,https://sites.google.com/view/albergooasi,371 496 4671,"Via Mariano D'Amelio, 63",Napoli,,,https,Angular,No,Google LLC,57,91,75.00,Sì,No
ESPOSITO PLAZA- ROOMS&SUITE,Hotel,,081 229 8347,"Piazza delle Medaglie D'Oro, 51/1 piano, interno 2",Napoli,,,,,,,,,,,
ROOMITO APARTMENTS,Bed & Breakfast,http://www.roomitoapartments.it/,333 413 4927,"Piazza delle Medaglie D'Oro, 51",Napoli,,roomitoapartments@gmail.com,https,WordPress,No,"Cloudflare, Inc.",52,62,100.00,Sì,No
Palazzo Sant'Antonio,Hotel,https://www.palazzosantantonionapoli.it/,081 976 5765,"Via Sant'Antonio ai Monti, 1",Napoli,,info@palazzosantantonionapoli.it,https,WordPress,No,"Cloudflare, Inc.",48,62,92.00,Sì,No
B&B Carolina Napoli-Vomero,Bed & Breakfast,http://www.bbcarolina.it/,331 291 0714,"Via Ottavio Caiazzo, 4",Napoli,,info@bbcarolina.it,https,Shopify,Sì,Aruba S.p.A. Network,90,98,92.00,Sì,No
Anfra B&B,Bed & Breakfast,,339 445 7296,"Via Pasquale del Torto, 41",Napoli,,,,,,,,,,,
Hotel Villa Lubrense,Hotel,http://www.villalubrense.com/,081 533 9781,"Via Partenope, 31",Massa Lubrense,,info@villalubrense.com,https,Shopify,No,Aruba S.p.A.,91,98,92.00,Sì,No
Giano's Rooms,Bed & Breakfast,,348 996 2365,"Via Giacinto Gigante, 80",Napoli,,,,,,,,,,,
EF Luxury Living B&B - Rooms and SPA,Bed & Breakfast,https://efluxuryliving.it/,375 627 7819,"Via Ponte di Ferro, SS7",Paolisi,,info@efluxuryliving.it,http,WordPress,No,Aruba S.p.A. Network,56,65,85.00,Sì,No
A Casa di Giusy B&B,Bed & Breakfast,,333 484 3150,"Via Riello, 1",Sant'Agata de' Goti,,,,,,,,,,,
Residenza Esposito,Bed & Breakfast,https://www.residenzaesposito.it/,081 549 5126,"V. Salvator Rosa, 98/2°piano",Napoli,,,http,WordPress,No,Aruba S.p.A. Network,61,80,85.00,Sì,No
Il Chiostro,Bed & Breakfast,http://www.hotelincostiera.it/,344 401 6915,"Piazza San Francesco, 1",Massa Lubrense,,,https,React,No,Aruba S.p.A. Network,62,80,85.00,Sì,No
Bed & Breakfast SOLIMENA,Bed & Breakfast,https://www.bbsolimena.com/,375 635 0120,"Via Francesco Solimena, 113",Napoli,,,https,WordPress,No,Aruba S.p.A. Network,56,64,85.00,Sì,No
B&B Sorrento Queen,Bed & Breakfast,http://www.bebsorrentoqueen.com/,081 877 3962,"Via capo, d Parco Sereno, 10",Sorrento,,bebsorrentoqueen@libero.it,https,React,No,Aruba S.p.A. Network,36,53,73.00,Sì,No
Casale Antonietta,Bed & Breakfast,http://www.casaleantonietta.it/,081 878 2649,"Via Pantano, 3",Sorrento,,info@casaleantonietta.com,https,Shopify,Sì,Google LLC,54,67,100.00,Sì,No
Hotel Piccolo Paradiso,Hotel,http://www.piccolo-paradiso.com/,081 878 9240,"Piazza Madonna della Lobra, 5",Massa Lubrense,,info@piccolo-paradiso.com,https,Shopify,Sì,LeaseWeb Netherlands B.V.,49,81,92.00,Sì,No
B&b Casa Clementina,Bed & Breakfast,https://www.casaclementina.it/,081 350 4684,Via Spito 1 - Marciano,Massa Lubrense,,,https,React,Sì,Server Plan S.r.l.,81,100,92.00,Sì,No
Foresteria Prima Luce,Bed & Breakfast,https://www.foresteriagiulianova.com/,085 921 7980,"Via Antonio Gramsci, 87",Giulianova,,info@foresteriagiulianova.com,https,Shopify,Sì,SEMPLIFY-SRL,80,69,100.00,Sì,No
B&B L'Arcobaleno,Bed & Breakfast,https://www.hotelscheck-in.com/larcobaleno-sorrento/it/,331 901 2093,"Via Belvedere, 4",Sorrento,,,https,Shopify,No,"Cloudflare, Inc.",37,73,85.00,Sì,No
Hotel Villa Pina Antico Francischiello,Hotel,http://www.francischiello.com/,081 533 9780,"Via Partenope, 40",Massa Lubrense,,info@francischiello.com,https,WordPress,No,Aruba S.p.A. Network,51,60,92.00,Sì,No
Green D`Or,Bed & Breakfast,,388 976 4252,"Via Pescara, 34",Artigianale Marina,,,,,,,,,,,
Hotel Royal Giulianova,Hotel,http://www.hotelroyalgiulianova.com/,085 921 7970,"Lungomare Zara, 103",Lido,,,https,Shopify,Sì,SEMPLIFY-SRL,93,91,100.00,Sì,No
Grand Hotel Don Juan,Hotel,http://www.grandhoteldonjuan.it/,085 800 8341,"Lungomare Zara, 97",Giulianova,,donjuan@oliverihotels.it,https,Shopify,Sì,Serverplan S.r.l.,66,94,85.00,Sì,No
Umi B&B,Bed & Breakfast,,347 798 1482,"Via del Campetto, 22",Giulianova,,,,,,,,,,,
Pub Ristorante Pizzeria Nel7,Bed & Breakfast,,339 424 9104,"Viale delle Sirene, 7",Marina di Ascea,,,,,,,,,,,
marte rooms,Bed & Breakfast,https://www.marterooms.com/,375 552 1022,"Via Nazionale, 46",Centola,,,https,WordPress,Sì,Aruba S.p.A. Network,62,89,92.00,Sì,No
Hotel Venere in Ascea Marina (SA),Hotel,http://www.hotelvenerecilento.it/,0974 972146,"Corso Elea, 149",Ascea,,hotelvenere@hcmail.it,https,React,Sì,Aruba S.p.A. Network,66,84,77.00,Sì,No
Agriturismo Casale Paradiso,Bed & Breakfast,https://www.icampania.it/casale-paradiso/,377 461 2557,"Via Radicosa, 57",Pianillo,,,https,ASP.NET,No,"Cloudflare, Inc.",62,99,85.00,Sì,No
B&B Dell'InfoPoint,Bed & Breakfast,,329 288 1337,"Via Velina, 94",Velina,,,,,,,,,,,
Blu Palinuro,Pensione,http://www.blupalinuro.it/,348 013 9309,Località Isca Santo Stefano,Centola,,,https,Angular,Sì,Aruba S.p.A. Network,34,60,92.00,Sì,No
Hotel Lidomare,Hotel,http://www.lidomare.it/,089 871332,"Largo Duchi Piccolomini, 9",Amalfi,,info@lidomare.it,https,WordPress,Sì,SingleHop LLC,57,84,92.00,Sì,No
Me.Fra Di Criscuolo Sonia,Bed & Breakfast,,333 423 1222,"Via Giardiniello, 12",Atrani,,,,,,,,,,,
"La Casa di Antonio, Rooms Palinuro",Bed & Breakfast,http://www.lacasadiantonio.it/,389 769 3111,"Via Indipendenza, 104",Palinuro,,info@lacasadiantonio.it,https,Joomla,No,Aruba S.p.A.,56,72,92.00,Sì,No
Hotel Amalfi,Hotel,https://www.hamalfi.it/,089 872440,"Via dei Pastai, 3",Amalfi,,info@hamalfi.it,https,ASP.NET,Sì,Acantho S.p.a,35,54,83.00,Sì,No
B&B vannefora,Bed & Breakfast,,347 640 9175,"Via vannefora, 1",San Nicola Arcella,,,,,,,,,,,
B&B Punta Civita,Bed & Breakfast,http://www.puntacivita.it/,329 313 6190,"Via Civita, 4",Ravello,,info@puntacivita.it,https,WordPress,Sì,Aruba S.p.A.,53,92,100.00,Sì,No
AD UN PASSO DAL MARE,Bed & Breakfast,,371 380 7418,"Via Vincenzo Bellini, 7",Praia a Mare,,,,,,,,,,,
La Casa di Ivana,Bed & Breakfast,,345 357 8994,"Via Roma, 48",San Nicola Arcella,,,,,,,,,,,
Frennesia Amalfi Coast Italy,Bed & Breakfast,https://www.frennesia.it/,375 771 4218,"Via Gabriele di Benedetto, 3/Interno 3",Atrani,,info@frennesia.it,https,WordPress,No,OVH ISP,61,83,92.00,Sì,No
b&b Villa San Nicola,Bed & Breakfast,https://www.hotelscheck-in.com/bnbvillasannicola/it/,345 225 8915,Via Roma,San Nicola Arcella,,,https,Joomla,No,"Cloudflare, Inc.",42,75,85.00,Sì,No
Albergo Il Brillantino Di Guerrise Simone,Hotel,http://www.albergoilbrillantino.it/,329 799 4883,Corso Biagio Lomonaco,San Nicola Arcella,,,http,ASP.NET,No,Aruba S.p.A. Network,50,98,91.00,Sì,No
Casa Blanca B&B Latina,Bed & Breakfast,,328 452 6319,"Strada Riserva Pantano del Monsignore, 12",Latina,,,,,,,,,,,
B&B Casa degli Ulivi,Bed & Breakfast,,339 361 0271,"Via Granieri, 56 strada privata",Nettuno,,,,,,,,,,,
La casa nel borgo,Bed & Breakfast,https://adhoctravel.it/bb-la-casa-nel-borgo/,327 001 4197,"Via Roma, 47",San Nicola Arcella,,,https,WordPress,Sì,"Cloudflare, Inc.",43,85,92.00,Sì,No
B&B Saracinello,Bed & Breakfast,https://adhoctravel.it/dove-dormire/bb-saracinello-praia-a-mare-calabria/,327 705 3470,"Loc, Via Saracinello, 52",Praia a Mare,,,https,Shopify,Sì,"Cloudflare, Inc.",41,79,0.00,Sì,No
Sunrise guest house,Hotel,,347 363 3720,"Strada Foce Verde, 640",Latina,,,,,,,,,,,
casa di rosetta,Bed & Breakfast,https://casa-di-rosetta.italiapaesaggiviaggi.top/,328 426 7087,"viale 1 maggio, 174",Scalea,,,https,React,No,Ipxo LLC,55,86,92.00,Sì,No
Affittacamere - BB La Casa degli Artisti - la Casa degli Sportivi,Bed & Breakfast,http://www.artistiesportivinettuno.it/,06 988 8394,"Via degli Equi, 1",Nettuno,,,,Wix,Non trovato,Google LLC,88,100,36.00,No - Pagina Non Trovata (404),No
Albergo Bellavista,Hotel,http://www.gruppoflamini.it/ALBERGO_BELLAVISTA/,0773 693693,"Via delle Medaglie d'Oro, 7",Latina,,albergobellavista@gruppoflamini.com,http,ASP.NET,No,Aruba S.p.A. Network,100,100,91.00,Sì,No
Il Casale Corte Rossa,Agriturismo,http://www.corterossa.com/,0773 645766,"Strada Provinciale Borgo Sabotino, 49",Latina,,corterossa@tin.it,https,WordPress,No,Aruba S.p.A.,61,73,85.00,Sì,No
Villa Le Garden,Alloggio completo di servizi,,349 123 8055,"Via Canepina, 6",Nettuno,,,,,,,,,,,
Hotel Tirreno Latina,Hotel,https://www.hoteltirrenolatina.it/,0773 273402,"Str. Lungomare, 4174",Latina,,info@hoteltirrenolatina.it,https,Shopify,Sì,Servereasy Srl,64,77,100.00,Sì,No
B&b La Maison - Piazza del Popolo,Bed & Breakfast,,329 425 5956,"Corso Manfredi, 141",Manfredonia,,,,,,,,,,,
B&B Stella Marina,Bed & Breakfast,,0884 571102,"Villaggio Turistico, Piazzetta Principale",Ippocampo,,,,,,,,,,,
La Dimora Sipontina,Bed & Breakfast,https://ladimorasipontina.traveleto.com/,334 650 6842,"Lungomare del Sole, 96",Manfredonia,,,https,Shopify,No,"Cloudflare, Inc.",56,80,92.00,Sì,No
B&B di charme La Dolce Vista,Bed & Breakfast,http://www.ladolcevistamanfredonia.it/,393 513 0000,"Via delle Cisterne, 2",Manfredonia,,,https,Typo3,No,"Amazon.com, Inc.",72,90,100.00,Sì,No
Hotel Panorama del Golfo,Hotel,http://www.hotelpanoramadelgolfo.it/,0884 542944,"Lungomare del Sole, 34",Manfredonia,,info@hotelpanoramadelgolfo.it,https,WordPress,Sì,Aruba S.p.A.,39,76,100.00,Sì,No
MareLuna B&B,Bed & Breakfast,,348 561 3799,"Corso Roma, 224",Manfredonia,,,,,,,,,,,
Camere Santa Rita,Bed & Breakfast,,391 360 2833,"Via S. Gennaro, 1",San Giovanni Rotondo,,,,,,,,,,,
Dimora dei Celestini Rooms,Bed & Breakfast,https://dimoradeicelestini.it/,0884 530113,"Via dei Celestini, 14",Manfredonia,,info@dimoradeicelestini.it,https,WordPress,No,Server Plan S.r.l.,63,80,85.00,Sì,No
Regiohotel Manfredi,Hotel,http://www.regiohotel.it/,0884 530122,"per S. G. Rotondo (Km 12, SP58",Manfredonia,,info@regiohotel.it,https,React,Sì,Server Plan S.r.l.,56,65,100.00,Sì,No
Il Barbacane,Bed & Breakfast,https://www.ilbarbacane.it/,081 1996 6547,"Via Castello, 2",Bacoli,,barbacane.rooms@gmail.com,https,WordPress,No,OVH ISP,74,74,83.00,Sì,No
Agriturismo Budin,Enoteca,,320 832 7276,"Località Sales, 122",Sales,,,,,,,,,,,
Il Tempio Pozzuoli B&B,Bed & Breakfast,https://il-tempio-pozzuoli-bb.stayinitaly.top/,342 056 1465,"Via A. Maria Sacchini, 27",Pozzuoli,,,https,WordPress,No,Contabo GmbH,53,85,92.00,Sì,No
Hotel San Giuseppe,Hotel,http://www.hotelsangiuseppe.it/,081 804 2362,"Via Montenuovo Licola Patria, 86",Pozzuoli,,info@hotelsangiuseppe.it,https,WordPress,No,Aruba S.p.A.,43,52,73.00,Sì,No
Le Torri di Slivia - Camere-Rooms,Hotel,http://www.letorridislivia.net/,338 351 5876,"Località Aurisina Cave, 62A",Aurisina,,info@letorridislivia.net,https,Laravel,No,Aruba S.p.A.,55,63,100.00,Sì,No
Bonavia,Bed & Breakfast,https://www.bonaviabnb.it/,338 843 6342,"Sistiana 59/i3, Duino Aurisina",Trieste,,,https,Angular,No,"Amazon.com, Inc.",56,93,100.00,Sì,No
B&B Strupetou,Bed & Breakfast,http://www.strupetou.it/,347 795 0723,"Località Malchina, 16",Duino Aurisina,,info@strupetou.it,https,Squarespace,Sì,Aruba S.p.A. Network,65,79,85.00,Sì,No
Bed & Breakfast Oltremare,Bed & Breakfast,,338 937 8246,"Località Sistiana, 34E",Duino-Aurisina,,,,,,,,,,,
Bed & Breakfast Le Falesie di Sistiana,Bed & Breakfast,http://www.lefalesie.it/,380 702 3047,"Località Sistiana, 29a",Duino Aurisina,,lefalesiesistiana@gmail.com,https,WordPress,No,Netsons s.r.l,63,86,100.00,Sì,No
B&B Dren,Bed & Breakfast,http://www.drencarso.it/,366 434 3169,"Località Prepotto, 25",Duino Aurisina,,info@drencarso.it,https,WordPress,No,Netsons s.r.l.,61,90,92.00,Sì,No
B&B Villa Inn,Hotel,https://www.hotelitalian.com/bb-villa-inn/,040 414625,"Via Ulderico Moro, 1",Trieste,,,https,Shopify,No,"Cloudflare, Inc.",79,87,92.00,Sì,No
B&B Dove sorge il sole,Alloggio completo di servizi,https://bb-dove-sorge-il-sole.alberghiinitalia.top/,328 112 6059,"Via del Pacecoto, 38g",Custonaci,,,https,React,No,Contabo GmbH,47,82,92.00,Sì,No
B&B Baglio Giammaccaro,Bed & Breakfast,http://www.bagliogiammaccaro.it/,335 706 5749,"Via Frassino, 1",Custonaci,,info@bagliogiammaccaro.it,https,Angular,No,myLoc managed IT AG,54,70,83.00,Sì,No
Villa Giulia Tonnara di Bonagia,Bed & Breakfast,,347 822 8525,"Via Andromaca, 3",Tonnara di Bonagia,,,,,,,,,,,
Bajta - Fattoria Carsica,Ristorante,http://www.bajta.it/,040 229 6090,"Località Sales, 108",Trieste,,amministrazione@bajta.it,https,Joomla,No,OVH ISP,56,73,85.00,Sì,No
B&B 969,Bed & Breakfast,,345 458 4964,"Via Pilati, 2/a",Paceco,,,,,,,,,,,
Villa Tergeste,Hotel,https://villatergeste.it/,040 224102,"V.le Miramare, 331",Trieste,,info@villatergeste.it,https,WordPress,No,OVH ISP,44,65,92.00,Sì,No
PARCO DEGLI AROMI RESORT e SPA,Hotel,http://www.hoteltrapaniparcodegliaromi.it/,0923 892806,Viale Ignazio Buttitta,Valderice,,info@parcodegliaromi.it,https,Angular,No,myLoc managed IT AG,56,71,92.00,Sì,No
B&B Villa Napoli,Bed & Breakfast,,333 100 9469,"Via Guglielmo Noschese, 7",Battipaglia,,,,,,,,,,,
B&B ARBOSTELLA DREAM STAY,Bed & Breakfast,https://www.arbostelladreamstay.com/,327 837 4028,"Viale Giuseppe Verdi, 12/d",Salerno,,dd0a55ccb8124b9c9d938e3acf41f8aa@sentry.wixpress.com,https,React,No,Google LLC,77,93,92.00,Sì,No
Baglio Bellavista,Bed & Breakfast,https://www.bagliobellavista.it/,347 100 2603,"Trapani TP IT, Via Garibaldi in Nubia, 56",Nubia,,,https,Joomla,Sì,Seeweb srl,40,71,100.00,Sì,No
B&B Bella vista,Bed & Breakfast,https://www.bellavistaerice.it/,339 852 2110,"Via Chiaramonte, n.25",Erice,,info@bellavistaerice.it,https,Shopify,No,Aruba S.p.A.,56,71,83.00,Sì,No
B&B a Casa Vostra,Bed & Breakfast,https://www.acasavostrabattipaglia.it/,349 376 2047,"Piazza Farina, 12/scala b, 2 piano, interno 5",Battipaglia,,,https,WordPress,No,Aruba S.p.A. Network,54,68,77.00,Sì,No
Stella Di Mare B&B Casa Vacanze,Bed & Breakfast,https://www.stelladimarecasavacanze.it/,392 889 1251,SP175,Battipaglia,,,https,Joomla,No,"Amazon.com, Inc.",68,95,100.00,Sì,No
Domus Vivian b&b,Bed & Breakfast,https://domusvivian.it/,351 518 5724,"Via Papa Pio XI, 62",Pratole,,info@domusvivian.it,https,WordPress,Sì,Contabo GmbH,88,98,100.00,Sì,No
Al Rifugio,Bed & Breakfast,http://www.alrifugio.com/,333 426 0883,Via Puccini,Montecorvino Pugliano,,prenotazioni@alrifugio.com,https,WordPress,No,"Cloudflare, Inc.",52,56,100.00,Sì,No
Locanda Tavernola,Hotel,http://www.tavernola.it/,0828 631065,"Via Noschese, 26",Battipaglia,,,https,Joomla,No,Netsons Network,82,99,92.00,Sì,No
B&B dal Gallo,Bed & Breakfast,,349 006 0178,"Strada Statale N. 19, 84091 Battipaglia SA civico 45",Battipaglia,,,,,,,,,,,
Lorenzo,Bed & Breakfast,https://lorenzo.albergo.top/,320 274 4329,"Via Mensa, 130",Monticelli,,,https,WordPress,No,Contabo GmbH,41,75,92.00,Sì,No
B&B Terra di Vento,Bed & Breakfast,https://www.terradivento.it/,350 998 0412,"Via Tevere, 6",Montecorvino Pugliano,,ventoverdeprenota@gmail.com,https,React,No,IT.Gate S.p.A.,50,82,100.00,Sì,No
B&B U Prufissuri,Bed & Breakfast,,345 179 0018,"Corso Garibaldi, 133",Avola,,,,,,,,,,,
B&B La Terrazza sul mare,Bed & Breakfast,https://laterrazzasulmare.com/,0931 823973,"Via Pietro Metastasio, 6",Avola,,info.laterrazzasulmare@gmail.com,https,WordPress,No,OVH ISP,73,90,85.00,Sì,No
B&B My Family,Bed & Breakfast,https://www.serritiellogroup.com/,089 296 0348,"Via Gabriele Napodano, 23",Salerno,,info@serritiellogroup.com,https,WordPress,No,Aruba S.p.A.,54,33,77.00,Sì,No
Largo Sicilia B&B,Bed & Breakfast,,320 792 9498,"Corso Garibaldi, 190",Avola,,,,,,,,,,,
B&B Penisola Verde,Bed & Breakfast,,393 893 7378,Contrada Prologo,Locri,,,,,,,,,,,
Hotel Ristorante Panama,Hotel,http://hotelpanama.wix.com/ardore,0964 629471,"Via Ugo Foscolo, 46",Ardore Marina,,,,Wix,Non trovato,Google LLC,79,98,36.00,No - Pagina Non Trovata (404),No
B&B Sunrise Avola,Bed & Breakfast,http://sunrisebbsiciliaavola.it/,328 732 4640,"Via San Paolo, 26",Avola,,sunrisesicilia@gmail.com,https,WordPress,No,"Automattic, Inc",56,59,92.00,Sì,No
B&B Regina Rooms,Bed & Breakfast,https://regina-rooms.webador.it/,345 110 3674,"Via Antonio Locatelli, 64",Avola,,assistenza@webador.it,https,React,No,Google LLC,77,96,92.00,Sì,No
Riva del Mare,Residence,,329 228 0670,"Via Marina, 45",Ardore Marina,,,,,,,,,,,
B&B Bilateral,Bed & Breakfast,https://www.bilateral-beb.com/,320 099 0468,"Via Antonio Vivaldi, 69, Via Alfredo Catalani, 52",Avola,,8eb368c655b84e029ed79ad7a5c1718e@sentry.wixpress.com,https,Wix,No,Google LLC,68,99,85.00,Sì,No
Bed And Breakfast Bellavista,Bed & Breakfast,https://www.bellavistagerace.it/home-page/,340 971 3490,Contrada Rocca,Gerace,,,https,WordPress,No,Aruba S.p.A.,97,100,92.00,Sì,No
Bed and Breakfast Terre del Sud,Bed & Breakfast,http://www.bebterredelsud.it/,340 779 6477,"via Gaspare, Via Oliverio, n. 19",Locri,,,https,WordPress,No,IT.Gate S.p.A.,73,88,85.00,Sì,No
B&B Is Steddas,Bed & Breakfast,,070 782102,"Via Del Centauro, 33",Torre Delle Stelle (Maracalagonis),,,,,,,,,,,
Almà Domos,Hotel,https://beb.it/alma,340 724 5526,"Via Capricorno, 36",Torre Delle Stelle (Maracalagonis),,,https,Weebly,No,"Amazon.com, Inc.",69,95,100.00,Sì,No
La Casa di Ida,Bed & Breakfast,https://la-casa-di-ida.amolitalia.top/,391 090 9807,"Via Giuseppe Garibaldi, 5",Locri,,,https,WordPress,No,Contabo GmbH,54,83,92.00,Sì,No
Sa domu arrubia,Bed & Breakfast,,349 421 6632,"Via Cristoforo Colombo, 47",Maracalagonis,,,,,,,,,,,
Guest House Villa Verde,Pensione,https://terrasardinia.it/,392 491 5855,"Via dell' Acquario, 51",Torre Delle Stelle (Maracalagonis),,villaverdeguesthouse51@gmail.com,https,WordPress,No,Amazon Technologies Inc.,52,59,92.00,Sì,No
HappyRooms,Bed & Breakfast,,350 528 7311,"Via Miliscola, 2",Bacoli,,,,,,,,,,,
La Sabbia Rooms,Bed & Breakfast,,375 859 7348,"Via Molo di Baia, 1",Bacoli,,,,,,,,,,,
B&B is pranus a mari,Bed & Breakfast,,348 380 9334,"Via Is Pranus, 4",Solanas,,,,,,,,,,,
Hotel Il Monastero,Hotel,http://www.monasterohotel.it/,070 802200,"Via delle Sequoie, 14",Geremeas,,booking@monasterohotel.it,https,Shopify,No,Aruba S.p.A.,46,42,92.00,Sì,No
Boteco B&B,Bed & Breakfast,https://www.botecobacoli.it/beb/,081 523 2188,"Piazzetta Adriano, 5",Bacoli,,,https,Angular,No,Aruba S.p.A. Network,20,37,58.00,Sì,No
"La Casa Sul Faro,Rooms&More",Hotel,http://www.lacasasulfaro.it/,081 896 0166,"Via del Faro, 40",Procida,,lacasasulfaro@gmail.com,https,WordPress,Sì,Aruba S.p.A.,54,80,85.00,Sì,No
Uspa,Ristorante di pesce,,0533 999817,"Piazza della Libertà, 9",Gorino,,,,,,,,,,,
Tyrrhenum Residence/Room & Breakfast,Bed & Breakfast,http://www.tyrrhenum.com/,081 868 2097,"Via Bellavista, 54",Monte di Procida,,info@costieraflegrea.com,https,WordPress,No,Aruba S.p.A. Network,53,64,75.00,Sì,No
B&B Al Verde e Mare,Bed & Breakfast,,339 107 0581,"Via Giovanni Spadolini, 20",Porto Garibaldi,,,,,,,,,,,
B&B Cantarano,Bed & Breakfast,,320 018 1551,"Via Daniele Manin, 1",Porto Garibaldi,,,,,,,,,,,
Osteria Arcadia,Ristorante di pesce,http://www.osteria-arcadia.com/,0426 388334,"Via Luigi Longo, 29",Porto Tolle,,,https,WordPress,Sì,Aruba S.p.A.,65,85,92.00,Sì,No
Albergo L'Oasi Cannevié,Hotel,http://www.oasicannevie.com/,0533 758054,"Via per Volano, 45",Codigoro,,info@oasicannevie.com,https,Shopify,Sì,Seeweb s.r.l.,62,81,83.00,Sì,No
Domus Diana Baia,Bed & Breakfast,https://www.domusdianabaia.it/,348 594 4187,Via Sella di Baia,Bacoli,,,http,Contiki CMS,No,Aruba S.p.A.,59,90,92.00,Sì,No
Villa Edelweiss,Hotel,https://villa-edelweiss.goitalytravel.top/,353 377 1488,"Via Fusaro, 33",Bacoli,,,https,React,No,Ipxo LLC,56,86,92.00,Sì,No
Bed and Breakfast CASAJO,Bed & Breakfast,,342 505 4648,Via Madonna Manù nr. 40,Lapedona,,,,,,,,,,,
Rifugio Natura Delta Po San Rocco Gorino Sullam,Ostello,http://www.rifugionaturadeltapo.it/,340 749 5152,"Gorino Sullam RO IT, Piazza S. Rocco, 1",San Rocco,,,https,Shopify,Sì,"Cloudflare, Inc.",87,100,100.00,Sì,No
Alloggi Centrale,Alloggio completo di servizi,http://www.albergoitalia.ro.it/,393 938 0360,"Via Giancarlo Giolo, 4",Porto Tolle,,info@albergoitalia.ro.it,http,React,Sì,Genesys Informatica S.r.l.,41,63,73.00,Sì,No
Bed and Breakfast La Mia Oasi,Bed & Breakfast,http://www.bedandbreakfastlamiaoasi.it/,349 168 6204,"Via Taglio Nuovo, 4",Comacchio,,,https,Squarespace,No,"Amazon.com, Inc.",65,89,100.00,Sì,No
Room & Breakfast Il Sole nel Mare - Lido di Volano,Bed & Breakfast,https://www.ilsolenelmare.com/,389 200 6622,"Via Spiaggia, 36",Lido di Volano,,ilsolenelmare@gmail.com,https,WordPress,Sì,Aruba S.p.A.,38,38,85.00,Sì,No
Chiara’s Home,Bed & Breakfast,,347 991 6394,"Via Cristoforo Colombo, 10",Marina di Davoli,,,,,,,,,,,
Il Borgo & Feudo b&b,Bed & Breakfast,https://ilborgobb.com/,388 944 2663,"Via S. Leonardo, 9",Badolato,,info@ilborgobb.com,https,WordPress,No,Aruba S.p.A. Network,69,84,100.00,Sì,No
Il Re dell'aperitivo,Ristorante per aperitivi,,376 046 9156,"Via Nazionale, 237",Badolato Marina,,,,,,,,,,,
B&B Baddesalighes,Bed & Breakfast,,389 796 1888,"Via Badde Salighes, 77",Bolotana,,,,,,,,,,,
Bed and breakfast Victoria,Bed & Breakfast,https://www.hotelscheck-in.com/bandbvictoriabadolato/it/,0967 814501,"Via Corrado Alvaro, 14",Badolato,,customer.service@booking.com,https,React,Sì,"Cloudflare, Inc.",41,63,61.00,Sì,No
B&B Torre Ancinale Soverato,Bed & Breakfast,http://www.torreancinalesoverato.it/,392 007 3790,Via Caravaggio,Satriano,,nome@email.com,https,Basekit,No,Aruba S.p.A.,39,55,100.00,Sì,No
Albergo Baglio Santacroce,Hotel,http://www.bagliosantacroce.it/,0923 891111,"S.S. 187, km 12, 300",Valderice,,hotel@bagliosantacroce.it,http,Shopify,Non trovato,OVH SAS,46,66,85.00,Sì,No
B&B Oasi di Venezia,Bed & Breakfast,,041 903227,"Via Orlanda, 57",Venezia,,,,,,,,,,,
Ca' Nova Alloggi Di Zanon Manola,Hotel,http://www.canovaalloggi.it/,041 900910,"Via Orlanda, 60",Venezia,,info@canovaalloggi.it,http,ASP.NET,No,Aruba S.p.A,100,100,82.00,Sì,No
Hotel Feel Inn Venice,Hotel,http://www.feelinnvenice.com/,041 269 6871,"Via Orlanda, 131",Venezia,,info@feelinnvenice.com,https,React,Sì,Aruba S.p.A. Network,46,68,77.00,Sì,No
B&B Le Chiavi,Bed & Breakfast,http://www.casevacanzeerice.it/,389 637 9206,"Viale Conte Pepoli, 7",Erice,,sanmartinoresidenceerice@gmail.com,https,React,No,OVH SAS,93,98,58.00,Sì,No
Villa Erica,Bed & Breakfast,https://villaerica.it/,370 366 8143,"Via Gobbi, 300/302",Venezia,,info@villaerica.it,https,React,No,OVH ISP,63,94,77.00,Sì,No
Antony Hotel,Hotel,http://www.antonyhotel.it/,041 542 0022,"Via Orlanda, 182",Venezia,,antony@antonyhotel.it,https,React,No,Simply Transit Ltd,79,98,92.00,Sì,No
Albergo Ducale,Hotel,http://www.ducalehotel.com/,041 631444,"Via Triestina, 5",Venezia,,info@ducalehotel.com,https,WordPress,No,Aruba S.p.A. Network,100,86,85.00,Sì,No
Hotel Colors Venezia,Hotel,https://www.colorsvenezia.com/,366 900 2158,"Via Orlanda, 66a",Venezia,,info@colorsvenezia.com,https,WordPress,Sì,OVH SAS,62,74,92.00,Sì,No
Ca' Nadia di RO & MI Srl,Hotel,http://www.canadia.it/,041 542 0400,"Via dei Rododendri, 9/A",Venezia,,,https,Wix,Sì,Google LLC,79,98,100.00,Sì,No
Bed And Brekfast Baglio Gammicchia,Bed & Breakfast,http://www.bagliogammicchia.it/,349 830 7360,"SS 187 Torrebianca, Contrada San Giovannello",Erice,,giovanni.ilari@gmail.com,http,ASP.NET,No,Aruba S.p.A. Network,97,96,100.00,Sì,No
Baglio Cusenza B&B,Bed & Breakfast,http://www.bagliocusenza.it/,329 039 8877,"Via Savoia, 220",San Vito Lo Capo,,bagliocusenza@gmail.com,http,React,No,Aruba S.p.A. Network,56,79,92.00,Sì,No
Bns Hotel Francisco,Hotel,https://www.bnshotel.it/,0823 930310,Viale dei Bossi,Baia Domizia,,capolongo.emanuele@gmail.com,https,React,No,"Cloudflare, Inc.",40,56,85.00,Sì,No
B&B A casa di Antonella,Bed & Breakfast,,347 056 1168,Traversa D'Acunto,Minturno,,,,,,,,,,,
Pensione Campese,Pensione,,0771 735830,Via Giafusco,Trivio,,,,,,,,,,,
B&B Il Girasole Formia,Bed & Breakfast,https://www.bbgirasole-formia.com/,320 288 5912,"Via Santo Janni Pescinola, 10",Formia,,info@bbgirasole-formia.com,https,WordPress,No,Server Plan S.r.l.,32,81,85.00,Sì,No
B&B Sicilia in Versi,Bed & Breakfast,http://www.bbsiciliainversi.com/,329 034 0883,"Via S. Remo, 3",Cornino,,,https,WordPress,No,"Cloudflare, Inc.",39,45,92.00,Sì,No
B&B Da Peppe Al Borgo,Bed & Breakfast,,0761 289777,"Via Cardinal de Gambara, 23",Bagnaia,,,,,,,,,,,
B&B Viterbo La Chiesuola,Bed & Breakfast,https://chiesuola.bedsandhotels.com/,347 314 1878,"Str. Chiesuola, 16",Bagnaia,,,https,React,No,Hetzner Online GmbH,59,98,91.00,Sì,No
Camere Riviera di Ulisse,Bed & Breakfast,http://www.camererivieradiulisse.it/,347 088 6485,"Via Sant Anna, 56",Minturno,,,https,WordPress,Sì,Server Plan S.r.l.,66,93,83.00,Sì,No
Palazzo Alessandrini guest house,Bed & Breakfast,https://www.palazzoalessandrini.com/,392 009 2940,"Via Borgolungo, 50",Viterbo,,,,Angular,Non trovato,Google LLC,83,99,36.00,No - Pagina Non Trovata (404),No
B&B Al Pergolato,Bed & Breakfast,,353 384 9791,Via del Pergolato,Viterbo,,,,,,,,,,,
La Palanzana,Alloggi al coperto,http://www.lapalanzana.it/,0761 308704,"Str. della Palanzana, 13",Viterbo,,info@lapalanzana.it,https,WordPress,No,Aruba S.p.A.,63,86,100.00,Sì,No
Bed & Breakfast Viterbo Orchard,Bed & Breakfast,https://www.bborchard.it/,340 066 4177,"Via Ortaccio, 8",Viterbo,,info@bborchard.it,https,PrestaShop,No,Infomaniak Network Management,36,55,92.00,Sì,No
Hotel Bagnaia,Hotel,http://hotelbagnaia.it/,0761 288252,"Via Generale Antonio Gandin, 11/A",Viterbo,,,https,WordPress,Sì,Televideocom Srl,35,71,77.00,Sì,No
Bio&b Italyke (Bed & Breakfast),Hotel,https://www.bb-italyke.com/,392 304 8053,"Str. del Cuculo, n.11",Viterbo,,,https,Wix,No,Google LLC,57,32,100.00,Sì,No
B&B Il Peperino,Bed & Breakfast,https://beb.it/ilpeperino/it/,392 768 2120,Via delle Caiole,Viterbo,,,https,React,No,"Amazon.com, Inc.",72,99,100.00,Sì,No
Al Cardinale Bed and breakfast Viterbo,Bed & Breakfast,https://www.viterbohotelbb.it/it/,320 947 0438,"Via S. Carlo, 6",Viterbo,,,https,Magento,No,"Amazon.com, Inc.",83,96,100.00,Sì,No
Medieval House,Bed & Breakfast,http://www.bbmedievalhouse.com/,393 030 5652,"Via Sant'Andrea, 78",Viterbo,,,https,Joomla,Sì,Keliweb S.R.L,61,83,100.00,Sì,No
Il Boschetto Bed and Breakfast,Bed & Breakfast,http://www.ilboschetto.biz/,0761 745549,"Via Giovanni XXIII, 26",Soriano Nel Cimino,,info@ilboschetto.biz,https,WordPress,No,Server Plan S.r.l.,71,92,85.00,Sì,No
Baglio delle Rondini,Bed & Breakfast,,375 604 2125,"Viale Sant'Isidoro, 84",Bagheria,,,,,,,,,,,
Resort Paradosso,Hotel,https://sites.google.com/view/relais-paradosso/,333 232 4547,"Via di Pianoscarano, 63",Viterbo,,,https,Angular,No,Google LLC,54,92,82.00,Sì,No
Casa Vacanze del Corso,Bed & Breakfast,,348 376 4751,"Corso Umberto I, 150",Bagheria,,,,,,,,,,,
ArtGallery Apartment - Villa immersa nel verde,Bed & Breakfast,https://www.artgallerybb.it/,328 258 1222,"Str. Palomba, 11",Viterbo,,,https,React,No,SEEWEB s.r.l.,67,94,82.00,Sì,No
B&B Quattrociocchi,Bed & Breakfast,,327 623 6461,"Via Gigante, 16",Bagheria,,,,,,,,,,,
Room Galletti-Inguaggiato,Bed & Breakfast,https://roomgallettiinguag.wixsite.com/room-in-villa-gallet,338 856 1713,"Corso Butera, 116",Bagheria,,roomgallettiinguaggiato@gmail.com,https,React,No,Google LLC,63,92,100.00,Sì,No
La Casa di Ethra Bed and Breakfast,Bed & Breakfast,,348 116 1367,"Via Amerigo Vespucci, 13",Chiatona,,,,,,,,,,,
B&B Palazzo Corselli,Bed & Breakfast,https://corselli.bedsandhotels.com/,333 614 5598,"Corso Butera, 100",Bagheria,,,https,React,No,Hetzner Online GmbH,65,98,91.00,Sì,No
Le zagare,Bed & Breakfast,http://lezagarepalagiano.it/,320 411 5833,"Via Giacomo Leopardi, 3",Palagiano,,garzonevaleria78@gmail.com,https,WordPress,No,Amazon Technologies Inc.,64,77,67.00,Sì,No
Da Franco il Conte,Hotel,http://www.oliveri1964.it/,091 966815,"Via Vallone de Spuches, 29/31",Bagheria,,info@oliveri1964.it,https,WordPress,Sì,IT.Gate S.p.A.,55,74,92.00,Sì,No
MyLife B&b Country House,Bed & Breakfast,http://www.mylifeitalia.com/,393 250 7024,SS 106 km 468,Castellaneta Marina,,,https,WordPress,No,Aruba S.p.A.,61,81,85.00,Sì,No
Miss Sicily B&B,Hotel,https://www.hotelsitalian.com/miss-sicily-bb/,327 054 4816,"Via Senatore Scaduto, 14",Bagheria,,,https,Shopify,No,"Cloudflare, Inc.",76,89,92.00,Sì,No
Tenuta Donna Teresa,Agriturismo,,379 283 9896,"Contrada Sterpina, 30",Mottola,,,,,,,,,,,
B&B Appia Antica,Bed & Breakfast,,392 664 7766,"SS7, 20",Massafra,,,,,,,,,,,
Ara Solis Hotel,Hotel,http://www.arasolishotel.com/,099 471 0809,"Via Calata Penna Dritta, 2",Taranto,,info@arasolishotel.com,https,WordPress,No,Aruba S.p.A.,47,74,92.00,Sì,No
Villa Giusy,Hotel,http://www.villagiusy.it/,099 843 0031,"Via Sputnik, 4",Castellaneta Marina,,,https,ASP.NET,Sì,"Cloudflare, Inc.",38,62,92.00,Sì,No
B&B Il Gabbiano,Bed & Breakfast,,347 126 8914,"Viale Filippo Turati, 61",Bagnara Calabra,,,,,,,,,,,
B&B Nacorè,Bed & Breakfast,http://www.nacore.it/,340 392 3975,"Via Ettore Casulli, 12",Massafra,,info@nacore.it,https,React,Sì,Aruba S.p.A.,55,65,92.00,Sì,No
Grand Hotel Victoria,Hotel,http://www.victoriagrandhotel.it/,0966 376126,"Piazza Guglielmo Marconi, 4",Bagnara Calabra,,info@victoriagrandhotel.it,https,Shopify,No,Aruba S.p.A. Network,47,65,85.00,Sì,No
B&B Centrum Palmi,Bed & Breakfast,http://www.bbcentrumpalmi.it/,339 300 4369,"Via Francesco Crispi, 42",Palmi,,,http,React,No,Aruba S.p.A.,85,100,92.00,Sì,No
b&b Villino Memè,Bed & Breakfast,,347 019 1327,"Via Cappuccini, 1",Bagnara Calabra,,,,,,,,,,,
Affittacamere Scilla e Cariddi,Alloggio turistico,https://scillapaesealbergo.kross.travel/,320 444 3688,"Via Parco, 101",Scilla,,,https,Shopify,No,"Cloudflare, Inc.",57,90,85.00,Sì,No
B&B Da Nonna Rita,Bed & Breakfast,,347 789 2542,"Via Vittorio Emanuele III, n 38",Bagnara Calabra,,,,,,,,,,,
B&B Bagnara Vista Mare,Bed & Breakfast,https://www.bagnaravistamare.it/,345 460 0119,"Via Don Giovanni Minzoni, 13",Bagnara Calabra,,bagnaravistamare@gmail.com,https,Shopify,Sì,Google LLC,56,69,82.00,Sì,No
Bed and Breakfast Andromeda,Bed & Breakfast,https://bb-andromeda.alberghiinitalia.top/,380 752 2274,"Via Forese, 10",Barritteri,,,https,React,No,Contabo GmbH,56,85,92.00,Sì,No
Hotel Barcarola 2,Hotel,http://www.hotelbarcarola2.it/,0565 976255,"Via per Portoferraio, 208",Marina di Campo,,info@hotelbarcarola2.it,https,WordPress,Sì,Serverplan s.r.l.,55,59,92.00,Sì,No
"Hotel Viticcio, Portoferraio, Isola d'Elba",Hotel,http://www.hotelviticcio.it/?utm_source=GoogleMaps&utm_medium=MyBusiness&utm_campaign=MyBusiness,331 271 6471,"Loc, Località Viticcio, 1",Viticcio,,,https,WordPress,No,genesys informatica srl,47,89,85.00,Sì,No
Hotel Delfino,Hotel,http://www.hoteldelfino-elba.com/,0565 907455,"Via del Mare, 23",Procchio,,info@hoteldelfinoelba.com,https,Angular,Sì,SEEWEB s.r.l.,56,68,100.00,Sì,No
Cilento Relax City House,Alloggi al coperto,,320 559 9161,"Via Nazionale, 26",Case del Conte,,,,,,,,,,,
Hotel Anselmi,Hotel,https://www.hotelanselmi.it/,0565 99078,"Viale Amedeo, 35",Marciana Marina,,info@hotelanselmi.it,https,React,No,Made Network Srl,53,56,75.00,Sì,No
Hotel Anna,Hotel,http://www.hotelannaisoladelba.it/,0565 988032,"via del canaletto 215/c, Loc. Fetovaia",Fetovaia,,anna@fetovaia.it,https,React,No,Hetzner Online GmbH,49,71,100.00,Sì,No
Bed and Breakfast Zurro _9 ago,Bed & Breakfast,,329 407 1122,Via Giovanni Romito,San Marco,,,,,,,,,,,
Hotel Capo Sud,Hotel,https://www.hotelcaposud.it/it/prezzi/,0565 964021,"Loc. Lacona, Via del Capo Marinaro, 311",Capoliveri,,info@hotelcaposud.it,https,Shopify,No,Hetzner Online GmbH,64,92,0.00,Sì,No
Marina Garden Hotel,Hotel,https://www.marinagardenhotel.it/,0565 99010,"Viale Giuseppe Cerboni, 1",Marciana Marina,,info@marinagardenhotel.it,https,WordPress,Sì,Aruba S.p.A.,61,0,92.00,Sì,No
BED & RELAX B&B CASTELLABATE,Bed & Breakfast,http://www.bed-relax.it/,366 330 7918,"Lungomare Alcide De Gasperi, 13",Castellabate,,info@bed-relax.it,https,Basekit,No,Aruba S.p.A.,49,79,100.00,Sì,No
Bed and Breakfast Annamaria nella Costa del Sole - Parco Nazionale Arcipelago Toscano - Chiessi Marciana - Isola d'Elba,Bed & Breakfast,http://www.pensioneannamaria.it/,0565 906032,"Via della Chiesa, 5",Chiessi,,info@pensioneannamaria.it,https,Angular,No,Aruba S.p.A.,35,53,91.00,Sì,No
L' Antica Passolara B & B,Bed & Breakfast,,338 421 5112,"Via S. Giovanni Alto, 36",Montecorice,,,,,,,,,,,
B&B Villa Gorga,Bed & Breakfast,http://www.villagorga.it/,333 570 1755,Zona Arena Ogliastro Marina,Castellabate,,info@villagorga.it,https,Shopify,No,SEFLOW-DEDICATED,57,69,100.00,Sì,No
Il Brillocco - CIN IT065071C1AYI7ADYD,Bed & Breakfast,https://il-brillocco.mondoinviaggio.top/,327 555 5278,Contrada S. Giovanni,Castellabate,,,https,WordPress,No,Contabo GmbH,48,82,85.00,Sì,No
Albergo da Carmine,Hotel,http://www.albergodacarmine.it/,0974 963023,"Lungo Mare De Gasperi, 37",Ogliastro Marina,,,https,Joomla,No,Aruba S.p.A.,61,84,92.00,Sì,No
Casa Falco,Bed & Breakfast,,339 848 3792,"Via S. Razzino, Int 25",Mondragone,,,,,,,,,,,
International Resort,Hotel,https://www.internationalresort.it/,0823 971403,"SS7qtr, 591",Mondragone,,info@internationalresort.it,https,Shopify,Sì,SEMPLIFY-SRL,95,99,100.00,Sì,No
IRIS Rooms & Apartments,Bed & Breakfast,,353 395 9810,4VX3+5W,Sessa Aurunca,,,,,,,,,,,
Hotel Alexa,Alloggi al coperto,,338 393 1624,"Via Domiziana, 824",Mondragone,,,,,,,,,,,
Agriturismo Masseria Campierti,Agriturismo,https://www.masseriacampierti.it/,333 974 6654,Strada Falciano,Casanova,,info@masseriacampierti.it,https,WordPress,Sì,Aruba S.p.A.,37,74,85.00,Sì,No
Alleria Casa Vacanze Mondragone,Bed & Breakfast,http://www.bb-alleria.it/,327 327 4590,"Via Domiziana, 257",Mondragone,,info@bb-alleria.it,http,WordPress,No,Aruba S.p.A.,63,0,92.00,Sì,No
Bed & Breakfast La Maison de Maman,Bed & Breakfast,https://beb.it/lamaisondemaman,392 487 5923,"Corso Freda, 130",Cellole,,,https,Magento,No,"Amazon.com, Inc.",82,94,100.00,Sì,No
Villa Giuffrida,Agriturismo,,339 314 1654,"Via Santa Maria Incaldana, 1",Mondragone,,,,,,,,,,,
Albergo Aurora,Hotel,https://www.albergoaurorascauri.it/,0771 683657,"Via Guglielmo Marconi, 1",Minturno,,info@albergoaurorascauri.it,https,WordPress,No,Aruba S.p.A.,63,88,85.00,Sì,No
HOTEL LA ROSETTA Scauri,Hotel,http://www.larosettascauri.it/,0771 614952,"Lungomare Nazario Sauro, 323",Minturno,,,https,ASP.NET,No,Aruba S.p.A. Network,72,88,82.00,Sì,No
Residenza Cunto,Residence,https://www.residenzacunto.com/,350 086 2419,"Via Catarozze, 28",Castellabate,,info@residenzacunto.com,https,ASP.NET,No,Aruba S.p.A. Network,25,0,92.00,Sì,No
I 23 Passi - Bed and Breakfast Scauri,Bed & Breakfast,,379 235 3237,"Via Appia, 500",Scauri,,,,,,,,,,,
Guar Country Resort,Bed & Breakfast,,331 635 6689,Via Madonna dei Pozzi,Lauro,,,,,,,,,,,
B&B Cala Luna,Bed & Breakfast,,339 779 7711,Via Colombo,Castelsardo,,,,,,,,,,,
VILLA CECILIA BED AND BREAKFAST,Bed & Breakfast,http://villaceciliabeb.it/,320 367 2364,Via delle Monache,Cellole,,info@villaceciliabeb.it,https,Mobirise,No,Keliweb S.R.L,67,70,92.00,Sì,No
Giulivo Hotel & Village,Hotel,http://www.giulivo.it/,0823 930422,"Viale dei Pini, 1",Baia Domizia,,,https,WordPress,Sì,velia.net Internetdienste GmbH,47,75,92.00,Sì,No
B&B Colti Di Rosa,Bed & Breakfast,,347 609 1827,"Via Solferino, 8",Castelsardo,,,,,,,,,,,
Hotel Sinuessa Terme,Hotel,https://www.hotelsinuessaterme.com/,0823 971129,"presso Hotel Sinuessa, Via Domiziana, Km 14.600",Mondragone,,info@sinuessahotel.it,https,Wix,Sì,Google LLC,76,98,100.00,Sì,No
B&B La terra del benessere e Centro olistico,Bed & Breakfast,,328 108 2529,"Via Alfieri, 7",Castelsardo,,,,,,,,,,,
B&B L'umbra di lu soli,Bed & Breakfast,http://www.lumbradilusoli.com/,079 470883,"Via dei Mille, 7B",Castelsardo,,info@lumbradilusoli.com,http,ASP.NET,No,Aruba S.p.A. Network,100,100,92.00,Sì,No
B&b La Pura Vida Castelsardo,Bed & Breakfast,http://www.bblapuravidacastelsardo.it/,377 025 2318,"Via Vittorio Alfieri, 11",Castelsardo,,,https,Vue,No,"Amazon.com, Inc.",55,87,100.00,Sì,No
The sisters B&B Castelsardo,Bed & Breakfast,https://www.bbcastelsardo.com/,349 398 0966,"Via Amerigo Vespucci, 6",Castelsardo,,info@bbthesisters.com,https,WordPress,No,Serverplan s.r.l.,39,73,85.00,Sì,No
Domos Mi & Ro,Bed & Breakfast,https://domosmiero.it/,328 034 1525,"Piazza Bastione, 2",Castelsardo,,info@domosmiero.it,https,WordPress,Sì,Netsons s.r.l.,66,92,100.00,Sì,No
Villa Maria B&B,Bed & Breakfast,,375 684 4359,Via dei Garofani,Baia Verde,,,,,,,,,,,
B&B a Gallipoli Santa Venardia,Bed & Breakfast,https://www.gallipolibedbreakfast.it/,328 186 3440,"Via Carlo Magno, 4",Gallipoli,,,https,Joomla,No,Aruba S.p.A. Network,59,79,100.00,Sì,No
Baia Verde 27,Bed & Breakfast,,328 738 6776,Via delle Mimose,Gallipoli,,,,,,,,,,,
B&B LA HABITACION DEL MAR,Bed & Breakfast,,349 863 8048,"Corso Italia, 38",Gallipoli,,,,,,,,,,,
Gioia del Mare,Bed & Breakfast,https://gioiadelmare.com/,328 154 1172,"Via della Chiesa, 3",Baia Verde,,info@gioiadelmare.com,https,WordPress,No,myLoc managed IT AG,71,86,92.00,Sì,No
Alloggio In Villa Cristina,Bed & Breakfast,https://www.villacristinagallipoli.it/,348 793 6109,Via Contrada Li Monaci,Gallipoli,,,https,React,No,"Amazon.com, Inc.",89,99,100.00,Sì,No
Le Tre Terrazze B&B,Bed & Breakfast,http://www.treterrazze.it/,349 334 5022,Via Domenico Milelli,Gallipoli,,info@treterrazze.it,http,Ecwid,No,Aruba S.p.A. Network,64,94,85.00,Sì,No
Hotel Cala Mirto,Hotel,http://www.hotelcalamirto.it/,0784 837344,Località Porto Ainu,Budoni,,booking@hotelcalamirto.it,https,React,No,Passepartout s.a.,57,73,75.00,Sì,No
B&B Levante,Bed & Breakfast,,329 359 2294,"Viale Mario Melis 17 ( ex, Via Circonvallazione Est, 11",Posada,,,,,,,,,,,
Agriturismo Irghitula,Agriturismo,https://www.agriturismoposada.it/,328 035 1425,"Località Irghitula, Snc",Posada,,agriturismoirghitula@gmail.com,https,Angular,No,Aruba S.p.A. Network,76,100,92.00,Sì,No
Agriturismo Orvile,Bed & Breakfast,http://agriturismo-orvile.com.es/,338 145 2459,Località Orvile,Posada,,,http,WordPress,No,arsys.es,83,0,0.00,Sì,No
Hotel Pedra Niedda,Hotel,http://www.hotelpedraniedda.com/,0784 837164,"Via Porto Ainu, 1",Tanaunella,,booking@hotelpedraniedda.com,https,WordPress,Sì,Amazon Technologies Inc.,56,82,100.00,Sì,No
Hotel L'Aragosta,Hotel,https://www.laragostahotel.it/,0784 810046,"V. Ciusa, 33",La Caletta,,info@laragostahotel.it,https,Shopify,No,Aruba S.p.A,47,56,91.00,Sì,No
Agriturismo Aurella Cilento- Agriturismo Cilento- Agriturismo sul mare Cilento- Location per eventi Cilento- Ristorante Cilento - Agriturismo con piscina Cilento- agriturismo con animali Cilento- Agriturismo per bambini Cilento,Agriturismo,http://www.agriturismoaurella.it/,0974 977588,"Via dell'Erbe, 1 Cilento, Palinuro, Casalvelino Acciaroli, Agropoli, Via dell'Erbe, 1",Ascea,,,https,ASP.NET,No,Aruba S.p.A. Network,82,84,92.00,Sì,No
Marulivo Boutique Hotel,Hotel,http://www.marulivohotel.it/,0974 973792,"Via Castello, 21",Pisciotta,,info@marulivohotel.it,https,ASP.NET,No,Aruba S.p.A. Network,95,100,91.00,Sì,No
inStile aparthotel,Hotel,https://www.instileaparthotel.it/,335 453 620,"Via Chiusa, 1",Ascea,,,https,WordPress,No,Aruba S.p.A.,65,86,92.00,Sì,No
Agriturismo La Casa Vecchia,Agriturismo,http://www.lacasavecchia-cilento.com/,339 874 9547,Località,Piano della Torre,,,https,WordPress,No,Aruba S.p.A.,86,97,92.00,Sì,No
Villa Serra d'Elci,Bed & Breakfast,http://www.villaserradelci.com/,328 473 8236,"Via Tempa delle Rose, Snc",Ascea,,info@villaserradelci.com,http,WordPress,No,Aruba S.p.A.,82,96,92.00,Sì,No
Agriturismo La Focazza,Agriturismo,https://lafocazza.it/,338 483 4235,"Via dei Carubi, 6",Ascea,,info@lafocazza.it,https,ASP.NET,No,Aruba S.p.A. Network,71,99,91.00,Sì,No
B&B Casa Gallasso,Bed & Breakfast,http://www.casagallasso.it/,345 299 1518,"Via del Porto, 45",Santa Teresa Gallura,,,https,WordPress,Sì,Servereasy Srl,42,56,85.00,Sì,No
Sardinia Beach Apartments,Hotel,https://www.sardiniabeachapartments.it/it/,346 067 4703,Villaggio Mirice,Lu Lamoni,,info@sardiniabeachapartments.it,https,Shopify,No,Aruba S.p.A. Network,61,67,77.00,Sì,No
B&B Le Maschere,Bed & Breakfast,https://beb.it/lemaschereruoni,348 090 6548,"Via Marco Polo, 48",Santa Teresa Gallura,,,https,Magento,No,"Amazon.com, Inc.",68,100,100.00,Sì,No
Maison Margherita,Bed & Breakfast,http://www.maisonmargherita.com/,340 912 5956,"Via Nazionale, 24",Santa Teresa Gallura,,margheritamaison@gmail.com,https,WordPress,No,"Automattic, Inc",57,67,92.00,Sì,No
Albergo Teatro Romano,Hotel,http://www.albergoteatroromano.com/,0771 614928,"SS7, km 156",Minturno,,info@albergoteatroromano.com,https,Shopify,No,Simply Transit Ltd,60,90,91.00,Sì,No
Prima Stella Tourist Rooms,Bed & Breakfast,,328 739 4844,"Via Principe di Piemonte, 83",Minturno,,,,,,,,,,,
B&B Angelina,Bed & Breakfast,https://bb-angelina.mipiacelitalia.top/,320 680 9410,"Via Appia, 1759",Minturno,,,https,WordPress,No,Contabo GmbH,56,81,85.00,Sì,No
B&B La Tasgia,Bed & Breakfast,https://beblatasgia.com/,342 912 6624,Loc,Bonaita,,,https,WordPress,No,"Automattic, Inc",51,98,100.00,Sì,No
Locanda Maria,Hotel,https://locandamaria.terredelmagra.com/,0187 64351,"Via P. Ratti, 39",Ameglia,,,https,WordPress,No,HOSTINGER DE,67,89,100.00,Sì,No
Villa Cipriano B&B,Bed & Breakfast,https://www.villacipriano.it/,376 165 2475,"Via Luigi Cadorna, 145A",Santa Maria Infante,,villaciprianobeb@gmail.com,https,WordPress,No,"Cloudflare, Inc.",54,65,100.00,Sì,No
B&B Casa Nadia,Bed & Breakfast,,349 335 5417,"Via Poggio Scafa, 8",Fiumaretta di Ameglia,,,,,,,,,,,
B&B Aria,Bed & Breakfast,https://bandbaria.com/,379 248 9245,"Via Variante Cisa, 55",Sarzana,,bbariasarzana@gmail.com,https,Wix,No,wix com inc,59,77,100.00,Sì,No
B&B Il Giardino Segreto,Bed & Breakfast,https://il-giardino-segreto.amolitalia.top/,0187 150 0320,"Via dei Bianchi, 28",Castelnuovo Magra,,,https,WordPress,No,Contabo GmbH,47,84,92.00,Sì,No
LA GINESTRA B&B,Bed & Breakfast,,339 798 6911,"Via Vercalda, 4/Primo piano",Fosdinovo,,,,,,,,,,,
B&B Casa Virgilio,Bed & Breakfast,https://casa-virgilio.guideditalia.top/,338 377 2268,"Via Boccognano, 5",Fosdinovo,,,https,WordPress,No,Contabo GmbH,48,82,92.00,Sì,No
B&B La Baia di Fiascherino,Bed & Breakfast,http://labaiadifiascherino.it/,338 855 5610,"Località Fiascherino, 112 19032",Tellaro,,,https,WordPress,No,Server Plan S.r.l.,62,89,92.00,Sì,No
Albergo Ristorante La Castellana,Hotel,https://www.albergolacastellana.com/,0187 680010,"Via Pilastri, 18",Fosdinovo,,info@albergolacastellana.com,https,Angular,No,Aruba S.p.A.,61,75,75.00,Sì,No
Antico Casale,Bed & Breakfast,http://www.anticocasalesarzana.com/,0187 622543,"Via Navonella, 7",Sarzana,,info@anticocasalesarzana.com,https,Shopify,No,Aruba S.p.A.,40,34,100.00,Sì,No
B&B Di Fiore,Bed & Breakfast,http://www.bbdifiore.it/,344 168 2551,Via Carlo Alberto dalla Chiesa,Peschici,,ester.difiore@hotmail.com,https,WordPress,Sì,Netsons Network,62,85,92.00,Sì,No
"Balate, Dimora In Centro",Bed & Breakfast,https://www.balate.it/,349 819 8612,"Via Balate, 18",Ragusa,,info@balate.it,https,Angular,No,Servereasy Srl,60,68,92.00,Sì,No
B&B VILLA DAMATO PESCHICI GARGANO,Bed & Breakfast,http://www.villadamato.it/,340 838 8433,Località Marina di,Peschici,,info@villadamato.it,https,ASP.NET,No,Aruba S.p.A. Network,63,100,83.00,Sì,No
Matthew’s Home B&B,Bed & Breakfast,,350 090 2265,"Via Caroprese Generale, 2",Peschici,,,,,,,,,,,
B&B Casa Denittis,Bed & Breakfast,,353 353 5627,"Via Vittorio Veneto, 3",Peschici,,,,,,,,,,,
Hotel Morcavallo,Hotel,http://www.hotelmorcavallo.com/,0884 964005,"Via Marina, 6",Peschici,,info@hotelmorcavallo.com,https,Joomla,No,Host SpA,45,61,100.00,Sì,No
Bed and Breakfast Peschici Gargano B&B Peschici 4 Stagioni B&B a Peschici Centro Economici B&B sul Gargano,Bed & Breakfast,http://www.bebpeschici.it/,371 109 7552,"Via Umberto Giordano, 10",Peschici,,info@bebpeschici.it,https,React,No,Aruba S.p.A. Network,59,93,92.00,Sì,No
Bedandbreakfastpeschici,Bed & Breakfast,http://www.bedandbreakfastpeschici.it/,347 850 4533,"Via Libetta, 87",Peschici,,info@bedandbreakfastpeschici.it,https,WordPress,Sì,Aruba S.p.A.,62,91,100.00,Sì,No
B&B Villa Passiaturo Peschici,Bed & Breakfast,https://www.villapassiaturo.it/,349 717 1512,"Viale Giuseppe, Via Libetta, 30",Peschici,,info@villapassiaturo.it,https,WordPress,Sì,Aruba S.p.A.,67,93,92.00,Sì,No
Hotel Villa Giovanna,Hotel,https://www.hotelvillagiovanna.com/,0833 949002,Via Jonica Sp215,Torre Suda,,info@hotelvillagiovanna.com,https,ASP.NET,Sì,Aruba S.p.A.,57,91,100.00,Sì,No
B&B Hotel Celestina,Ristorante,https://bb-hotel-celestina.comeviaggiare.top/,0884 964028,"Corso Garibaldi, 5",Peschici,,,https,WordPress,No,Contabo GmbH,51,85,85.00,Sì,No
Angolo Magico B&B,Bed & Breakfast,,351 319 1984,Strada Provinciale 223 direzione Gallipoli,Baia di Gallipoli,,,,,,,,,,,
Lido B&B,Bed & Breakfast,,349 586 8987,"Via Rosmini, 3",Gallipoli,,,,,,,,,,,
Biancolivo B&B,Bed & Breakfast,https://www.biancolivobeb.it/,336 214 565,"Baia Verde Gallipoli, Strada Vicinale Olio Santo, SNC",Gallipoli,,,,WordPress,No,Aruba S.p.A.,55,57,100.00,Sì,No
La Corte di Pulicinu,Bed & Breakfast,https://www.lacortedipulicinu.it/,333 163 3396,Località Pulicinu,Arzachena,,info@lacortedipulicinu.it,https,React,Sì,"Cloudflare, Inc.",59,88,92.00,Sì,No
Ecoresort Le Sirenè - Caroli Hotels,Hotel,http://www.carolihotels.com/ecoresort-le-sirene/,0833 202536,SP239,Gallipoli,,booking@carolihotels.it,https,React,No,Aruba S.p.A. Network,52,44,85.00,Sì,No
B&b la Nassa,Bed & Breakfast,https://www.bblanassa.it/it,320 957 1331,"Via corte dei regi, 10",Gallipoli,,ferrara.raffaella@tiscali.it,https,WordPress,No,"Cloudflare, Inc.",55,62,92.00,Sì,No
B&B 100 Metri Dal Mare,Bed & Breakfast,http://www.100metridalmare.com/,340 286 7909,"Via Francesco Petrarca, 21",Gallipoli,,info@100metridalmare.com,https,ASP.NET,Sì,Aruba S.p.A. Network,61,90,92.00,Sì,No
B&B Mongiardino,Bed & Breakfast,https://beb.it/mongiardino,338 503 4830,"Via Cala Chiesa, 91",La Maddalena,,,https,Laravel,No,"Amazon.com, Inc.",55,95,100.00,Sì,No
Villa le Bougainvillea,Bed & Breakfast,,342 104 1956,"Via Cala Chiesa, 26",La Maddalena,,,,,,,,,,,
B&B La Siesta,Bed & Breakfast,,329 397 3631,"Via Amendola, 2",La Maddalena,,,,,,,,,,,
Hotel Cormorano,Hotel,https://www.hotelcormorano.it/,0789 99020,Via Cala Battistoni,Baja Sardinia,,booking@hotelcormorano.it,https,WordPress,No,Hetzner Online GmbH,51,71,92.00,Sì,No
Agriturismo Il Vecchio Mulino,Agriturismo,http://www.agriturismoilvecchiomulino.com/,335 784 7009,"Piazza San G.Battista, 5",Terzorio,,ilvecchiomulinoterzorio@gmail.com,https,Shopify,No,"Cloudflare, Inc.",54,56,92.00,Sì,No
Hotel Villa La Brise,Hotel,http://hotellabrise.it/,0184 576138,"Corso Giuseppe Mazzini, 199",Sanremo,,info@hotellabrise.it,https,WordPress,Sì,Aruba S.p.A. Network,26,31,85.00,Sì,No
Bed and Breakfast Il Giardino sul Mare,Bed & Breakfast,,0184 486355,"Corso Villaregia, 51",Riva Ligure,,,,,,,,,,,
Club Hotel Baja Sardinia,Hotel,http://www.clubhotelbajasardinia.it/,0789 99006,Via del Trifoglio,Baja Sardinia,,info@hotellabisaccia.it,https,React,Sì,Google LLC,55,67,92.00,Sì,No
B&B Note di mare,Bed & Breakfast,,333 219 9602,"Via G. Menotti Serrati, 12/a",Imperia,,,,,,,,,,,
Affittacamere Le Camere dei Fiori,Hotel,,393 621 7310,"Piazza Eroi Sanremesi, 3",Sanremo,,,,,,,,,,,
Cheerful Bedroom in a Cosy Art House,Bed & Breakfast,,342 839 1675,"Via Moduponte, 1",Sanremo,,,,,,,,,,,
Hotel Jean Marie,Hotel,http://www.hoteljeanmarie.it/,0184 43103,"Via Andrea Doria, 40",Arma di Taggia,,reception@hoteljeanmarie.it,https,Webflow,Sì,"Amazon.com, Inc.",79,97,100.00,Sì,No
Affittacamere Teré Ceriana,Hotel,http://www.tere-ceriana.it/,335 530 1054,"Corso Italia, 72",Ceriana,,info@tere-ceriana.it,https,Shopify,Sì,"Amazon.com, Inc.",56,77,91.00,Sì,No
Hotel Diano Marina,Alloggi al coperto,https://www.hoteldianomarina.eu/,0183 241034,"Via Generale Ardoino, 75",Diano Marina,,info@hoteldianomarina.eu,https,WordPress,No,OVH ISP,63,82,100.00,Sì,No
Bed and Breakfast - Il Maggese,Bed & Breakfast,http://www.bbilmaggese.com/,0584 24085,"Via Tonfano, 272",Pietrasanta,,info@bbilmaggese.com,https,Basekit,No,Aruba S.p.A.,53,68,100.00,Sì,No
Hotel Lucerna,Hotel,https://www.albergolucerna.it/,0184 477288,"Lungomare di Levante, 227","Arma di Taggia, Taggia",,info@albergolucerna.it,https,WordPress,No,HOSTINGER DE,60,61,92.00,Sì,No
Hotel Naviglio,Hotel,http://www.hotelnaviglio.it/,0584 20131,"V.le Roma, 77",Marina di Pietrasanta,,info@hotelnaviglio.it,https,WordPress,No,Aruba S.p.A. Network,66,95,91.00,Sì,No
Pietrasanta,Hotel,,348 232 0002,"Via Borgo Vallecchia, 7",Pietrasanta,,,,,,,,,,,
Hotel Crystal Versilia,Hotel,https://www.crystal-hotel.it/,0584 20750,"Via Giovanni Pascoli, 27/29",Marina di Pietrasanta,,info@crystal-hotel.it,https,Joomla,Sì,Server Plan S.r.l.,56,52,92.00,Sì,No
Hotel Pigalle,Hotel,https://www.pigallehotel.com/,0584 787474,"Via A. Ponchielli, 27",Forte dei Marmi,,info@pigallehotel.com,https,Shopify,No,Aruba S.p.A.,55,61,92.00,Sì,No
Villa Amelia Rooms,Bed & Breakfast,http://www.villa-amelia.com/,0584 267096,"Via Ugo Foscolo, 18",Marina di Pietrasanta,,info@villa-amelia.com,https,WordPress,No,Aruba S.p.A. Network,56,82,77.00,Sì,No
B&B Stanze del Mare,Bed & Breakfast,,366 528 5028,"Via Libertà, 38",Balestrate,,,,,,,,,,,
B&B Da Pio,Bed & Breakfast,http://www.dapio.it/,348 251 7448,"Via Traversagna, 54",Pietrasanta,,,https,WordPress,No,Aruba S.p.A,53,92,92.00,Sì,No
B&B Balestrate,Bed & Breakfast,,339 607 0601,"Via Vincenzo Florio, 79",Balestrate,,,,,,,,,,,
Hotel Marina Holiday Resort & Spa,Hotel,https://www.marinaholiday.it/,091 878 6401,"Via Riva dei Pescatori, s.n., Via del Mare, 1",Balestrate,,,https,Shopify,Sì,Aruba S.p.A.,64,88,100.00,Sì,No
Casa Giuliana,Bed & Breakfast,https://casagiuliana.bedsandhotels.com/,349 897 2842,"Via Roma, 6",Balestrate,,,https,React,No,Hetzner Online GmbH,76,98,91.00,Sì,No
Balestrate Center Rooms,Bed & Breakfast,https://www.balestratecenterrooms.it/,329 842 3137,"Via Pitrè, 17",Balestrate,,info@balestratecenterrooms.it,https,Angular,Sì,Aruba S.p.A. Network,57,66,92.00,Sì,No
Hotel Costa Azul,Hotel,http://www.hotelcostaazul.it/,091 878 6994,Contrada Forgia,Balestrate,,info@hotelcostaazul.it,https,WordPress,No,Aruba S.p.A.,64,80,92.00,Sì,No
Le Vele di Balestrate,Hotel,https://leveledibalestrate.it/,389 205 4073,"Via Giacomo Leopardi, 4",Balestrate,,leveledibalestrate@gmail.com,https,Basekit,No,Aruba S.p.A.,60,48,92.00,Sì,No
La Campagnola Trattoria con Alloggio,Ristorante italiano,,0541 183 2325,"Via Ponte Conca, 11",Misano Adriatico,,,,,,,,,,,
Hotel Norma,Hotel,http://www.hotelnorma.com/,0541 615213,"Via Gabriele D'Annunzio, 30",Misano Adriatico,,info@hotelnorma.com,https,Shopify,No,Aruba S.p.A. - Cloud Services,57,67,92.00,Sì,No
La Maiolica B&B,Hotel,https://la-maiolica-bb.italiapaesaggiviaggi.top/,350 155 4443,"Via Monte Grappa, 88b",Balestrate,,,https,WordPress,No,Ipxo LLC,52,85,92.00,Sì,No
vanity spa hotel,Hotel,http://www.vanityspa.it/,091 888 4175,"Via Roma, 65",Balestrate,,,http,ASP.NET,No,Aruba S.p.A. Network,64,92,100.00,Sì,No
Hotel Adria,Hotel,https://www.hoteladriamisano.com/,0541 610538,"Via Gabriele D'Annunzio, 19",Misano Adriatico,,info@hoteladriamisano.com,https,Angular,Sì,"Cloudflare, Inc.",54,84,91.00,Sì,No
Hotel Lido,Hotel,http://www.hotellidocattolica.com/,0541 954273,"Via Dante, 95",Cattolica,,info@hotellidocattolica.com,https,WordPress,Sì,PENSARE-WEB,32,52,85.00,Sì,No
Hotel D'Annunzio,Hotel,https://www.hoteldannunziocattolica.it/,0541 961721,"Via Gabriele D'Annunzio, 9",Cattolica,,info@hoteldannunziocattolica.it,https,Shopify,Sì,Made Network Srl,69,97,92.00,Sì,No
Bed and Breakfast Passaggio a Bardia,Bed & Breakfast,,0784 94910,"Via Amsicora, 9",Dorgali,,,,,,,,,,,
B&B Casa Susanna,Bed & Breakfast,,342 611 6397,"Vicolo I Pozzo, 10",Sini,,,,,,,,,,,
Sunset House,Bed & Breakfast,http://www.sunsethousebalestrate.it/,327 224 6892,"Via Pitrè, 72",Balestrate,,info@sunsethousebalestrate.it,http,WordPress,No,Aruba S.p.A.,64,86,75.00,Sì,No
Hotel Mirabella,Hotel,http://www.hotelmirabella.it/,0541 961068,"Via Firenze, 13",Cattolica,,info@hotelmirabella.it,https,ASP.NET,Sì,Made Network Srl,56,81,100.00,Sì,No
La Balestra B&B,Bed & Breakfast,https://www.labalestrabb.eu/,388 790 3538,"Via V. Emanuele Orlando, 24",Balestrate,,info@labalestrabb.eu,https,Mobirise,No,Aruba S.p.A.,63,95,91.00,Sì,No
Orlando Bayview,Hotel,http://www.orlandobayview.com/,389 765 6630,"Via Giovanni Pascoli, 1",Balestrate,,info@orlandobayview.it,https,Weebly,No,Hetzner Online GmbH,61,79,100.00,Sì,No
Pensione Ristorante Alba,Hotel,,0565 29521,"Località Baratti, 57",Piombino,,,,,,,,,,,
Podere Valle Dei Venti,Agriturismo,https://www.valledeiventi.it/,377 262 1356,Loc. Campo all'Olmo. 2,Piombino,,info@valledeiventi.it,https,WordPress,Sì,Serverplan s.r.l.,60,64,100.00,Sì,No
Agriturismo La Nocciolina,Agriturismo,,339 485 5851,Via delle Lotrine 9,Venturina Terme,,,,,,,,,,,
Agriturismo Gli Etruschi,Agriturismo,http://www.glietruschi.it/,0565 276124,"Località Rinsacca, 11/D",Piombino,,glietruschi@glietruschi.it,https,Angular,Sì,Serverplan s.r.l.,38,67,100.00,Sì,No
Agriturismo San Giuseppe Baratti,Agriturismo,http://www.vacanzebaratti.it/,329 316 2649,"Località Baratti, 6",Piombino,,info@vacanzebaratti.it,https,WordPress,No,Serverplan s.r.l.,40,47,100.00,Sì,No
Amore a prima vista b&b,Bed & Breakfast,https://amore-a-prima-vista-bb.hotelpreferito.top/,392 079 1729,"Via Raffaello, 5/A",Campiglia Marittima,,,https,React,No,Contabo GmbH,51,83,92.00,Sì,No
Agriturismo Creuza de Ma,Agriturismo,https://creuza-de-m.viaggiareconstile.top/,0184 486078,"Via Cavi, 7",Santo Stefano al Mare,,,https,React,No,Ipxo LLC,40,83,92.00,Sì,No
Torre di Baratti Bio Resort,Agriturismo,http://www.torredibaratti.com/,391 476 3484,"Strada Comunale di Populonia, 3",Baratti,,prenotazioni@torredibaratti.com,https,ASP.NET,No,Aruba S.p.A.,0,53,100.00,Sì,No
Hotel Vita Serena,Hotel,http://www.vitaserena.it/,0184 42445,"Via Candido Queirolo, 102",Taggia,,info@vitaserena.it,https,WordPress,Sì,Aruba S.p.A.,48,72,100.00,Sì,No
Hotel Astor Victoria,Hotel,http://www.hotelastorvictoria.it/,0584 787441,"Via Caio Duilio, 6",Forte dei Marmi,,info@hotelastorvictoria.it,https,WordPress,Sì,Aruba S.p.A. Network,56,93,91.00,Sì,No
Le Camere Pietrasantine - Centro Storico,Bed & Breakfast,http://www.lecamerepietrasantine.com/,333 764 6683,"Via Oberdan, 9",Pietrasanta,,info@lecamerepietrasantine.com,https,React,No,Google LLC,60,90,100.00,Sì,No
B&B Miami Beach Pietrasanta,Bed & Breakfast,http://www.miamibeb.com/,0584 791550,"Via B. Buozzi, 1/3",Pietrasanta,,,https,WordPress,No,Host SpA,66,97,100.00,Sì,No
Agriturismo CIOCCOLETA,Agriturismo,http://www.cioccoleta.it/,0763 316011,"Località Bardano, 34",Orvieto,,info@cioccoleta.it,https,WordPress,No,OVH SAS,42,82,92.00,Sì,No
Agriturismo Il Sentiero,Agriturismo,https://agriturismoilsentiero.it/,328 589 6854,Strada Vicinale di Montepetrocco,Acquapendente,,isabella.ilsentiero@gmail.com,https,WordPress,No,Aruba S.p.A.,87,98,92.00,Sì,No
Apartments Butinar Pri Kapitanu,Alloggio turistico,,+386 41 713 797,Tomažičeva ulica 8,Ankaran,,,,,,,,,,,
Zvonko Pogelšek - Sobodajalec,Alloggi al coperto,,+386 5 651 31 51,Kolomban 80,Ankaran,,,,,,,,,,,
Rooms Mayda,Appartamenti,,+386 31 302 728,Bevkova ulica 30,Ankaran,,,,,,,,,,,
Locanda Palazzone,Hotel,https://www.locandapalazzone.it/,0763 393614,"Località Rocca Ripesena, 68",Orvieto,,booking@cozystay.com,https,React,Sì,Servereasy Srl,60,86,54.00,Sì,No
B&B Porta Vivaria Orvieto,Bed & Breakfast,http://www.portavivaria.it/,347 681 1849,"Via del Popolo, 39",Orvieto,,,https,WordPress,No,SEEWEB s.r.l.,56,93,85.00,Sì,No
Sv. Katarina Restaurant&Motel,Alloggio turistico,,+386 41 673 846,Jadranska cesta 17,Ankaran,,,,,,,,,,,
MM Apartments,Hotel,,+386 40 596 691,Dimnikarska ulica 27,Koper,,,,,,,,,,,
Villa Andor,Ristorante,http://www.andor.si/,+386 5 615 50 00,Vinogradniška pot 9,Ankaran,,info@andor.si,https,React,No,netcup GmbH,48,67,75.00,Sì,No
Villa Adriatic,Hotel,http://www.adria-ankaran.si/,+386 5 663 73 00,Jadranska cesta 25,Ankaran,,booking@adria-ankaran.si,https,Shopify,No,"DigitalOcean, LLC",64,92,92.00,Sì,No
B&B Isola,Bed & Breakfast,,+386 51 365 303,Ljubljanska ulica 14a,Izola,,,,,,,,,,,
Diversorio Apartments,Hotel,https://diversorio.com/,+386 30 410 823,Postojnska ulica 1,Izola,,diversorio.izola@gmail.com,https,React,No,"DigitalOcean, LLC",59,96,83.00,Sì,No
Hotela Arija,Hotel,http://www.zdravilisce-debelirtic.org/HOTEL_BOR/,+386 590 97000,Jadranska cesta 73,Ankaran,,,http,React,No,SOFTNET d.o.o.,65,89,92.00,Sì,No
Albergo Ristorante Pizzeria La Mimosa,Hotel,https://www.hotellamimosa.com/,0968 438111,"Via Caronte, 29",Lamezia Terme,,info@hotellamimosa.com,https,React,Sì,Contabo GmbH,60,79,92.00,Sì,No
B&B Villa dei Fiori,Bed & Breakfast,,329 038 2708,"Via Caterina De Marco, 36",Sant'Eufemia Lamezia,,,,,,,,,,,
b&b Magna Grecia Lamezia Terme,Bed & Breakfast,https://bbmagnagrecia.it/,333 977 2080,"Contrada Maruca, 16",Lamezia Terme,,info@bbmagnagrecia.it,https,WordPress,Sì,Hetzner Online GmbH,74,97,100.00,Sì,No
Hotel Ristorante Paradiso,Ristorante,http://www.hotelparadisofalerna.com/,0968 999801,"Via Pusi Antica, 45",Falerna,,hotelparadisofalerna@gmail.com,https,Shopify,Sì,SEMPLIFY-SRL,37,47,100.00,Sì,No
B&B Vista al Tramonto | Falerna Marina,Bed & Breakfast,https://www.bebvistaaltramonto.it/,339 731 6975,SS 18 Tirrena Inferiore,Falerna,,bbvista.calabria@gmail.com,,React,Sì,Server Plan S.r.l.,67,92,100.00,Sì,No
Alex B&B,Bed & Breakfast,,339 712 7147,"Via Postica Maddalena, 12",Napoli,,,,,,,,,,,
Piccolo Hotel,Hotel,https://www.hotelscheck-in.com/piccolohotel/it/,0968 411212,"Via del Mare, 4",Lamezia Terme,,,https,Joomla,No,"Cloudflare, Inc.",50,69,85.00,Sì,No
Affittacamere La Sosta,Bed & Breakfast,,335 646 3560,"Via Genova, 116",Napoli,,,,,,,,,,,
FATTORIA IL LAGHETTO,Casa di campagna,https://www.fattoriaillaghetto.it/,347 212 5716,"Via Raoul Morelli, 159",Lamezia Terme,,fattoriaillaghetto@gmail.com,https,Shopify,No,Aruba S.p.A. Network,60,65,85.00,Sì,No
B&B LAMEZIA AIRPORT,Bed & Breakfast,http://www.bnblameziairport.it/,333 737 3229,"Via del Mare, 13",Santa Eufemia Lamezia,,info@bnblameziairport.it,https,WordPress,No,Aruba S.p.A.,50,43,85.00,Sì,No
B&b O' Vascio ro nonno,Bed & Breakfast,,342 316 8001,"Via Carlo Della Gatta, 32",Napoli,,,,,,,,,,,
Rooftop Parthenopeo - B&B Napoli Centro,Bed & Breakfast,https://rooftopparthenopeo.com/,081 1811 7401,"Via Arenaccia, 199",Napoli,,rooftopparthenopeo@gmail.com,http,WordPress,No,Serverplan s.r.l.,50,92,92.00,Sì,No
Hotel Casanova,Hotel,http://www.hotelcasanova.com/,081 268287,"Corso garibaldi 333, Via Venezia, 2",Napoli,,info@hotelcasanova.com,http,WordPress,No,Aruba S.p.A.,57,70,77.00,Sì,No
Hotel Palau,Hotel,https://www.palauhotel.it/,0789 708468,Via Tirso,Palau,,info@palauhotel.it,https,WordPress,No,Aruba S.p.A. Network,56,59,85.00,Sì,No
Hotel Porto Puddu,Hotel,https://hotelportopuddu.com/,327 762 4389,"Via Tramontana, 3",Porto Pollo,,info@hotelportopuddu.com,https,Shopify,No,OVH SAS,52,99,100.00,Sì,No
Hotel Villa Marina La Maddalena,Hotel,http://www.hotelvillamarina.it/,0789 738340,"Via Ammiraglio Magnaghi, 12",La Maddalena,,,https,Shopify,No,Aruba S.p.A.,56,72,69.00,Sì,No
Colazione dei Canottieri - Bed & Breakfast,Bed & Breakfast,,347 247 5865,"SP257, 10",Paragieri,,,,,,,,,,,
Tenuta Petra Bianca - Organic Winery and Rooms,Agriturismo,https://www.petrabianca.com/,347 631 4641,"via isola dei gabbiani, 2",Palau,,info@petrabianca.com,https,ASP.NET,Sì,Aruba S.p.A.,55,74,83.00,Sì,No
La Casa della Filanda,Hotel,http://lacasadellafilanda.altervista.org/?doing_wp_cron=1682360593.5400559902191162109375,0982 979277,"Via Cavour, 13",Belmonte Calabro,,lacasadellafilanda@outlook.it,http,React,No,Hetzner Online GmbH,72,93,92.00,Sì,No
B&B Dimore Morelli,Bed & Breakfast,http://www.dimoremorelli.it/,379 147 5433,"Via Nuova, 40",Amantea,,dimoremorelli@gmail.com,https,Basekit,No,Aruba S.p.A.,65,71,92.00,Sì,No
B&B Benvenuti al Sud,Bed & Breakfast,,347 792 7222,"Via Convento, 4",Aiello Calabro,,,,,,,,,,,
B&B La Gatta Bianca,Bed & Breakfast,http://www.beblagattabianca.it/,334 309 9258,"Via Giacomo Matteotti, 8",Oliveri,,info@beblagattabianca.it,https,Joomla,No,Serverplan S.r.l.,78,99,100.00,Sì,No
Agriturismo Mama Lina,Bed & Breakfast,http://agriturismomamalina.it/,0941 193 5287,"SP119, 90",Patti,,,https,WordPress,No,"Cloudflare, Inc.",55,72,92.00,Sì,No
Atlantis Portorosa,Bar,,370 129 2159,"Via Prestipaolo, 1",Furnari,,,,,,,,,,,
Hotel Ristorante Pizzeria Mareblu,Ristorante,https://hotelscheck-in.com/marebluhotelitaly/it/,0982 46296,Via Coreca,Amantea,,,https,Joomla,No,"Cloudflare, Inc.",41,79,85.00,Sì,No
La Casa di Mariù,Bed & Breakfast,https://la-casa-di-mariu.miglioriviaggi.top/,331 214 9483,"Contrada S. Filippo, 1",Furnari,,,http,React,No,Contabo GmbH,54,83,85.00,Sì,No
B&B BenInCasa,Bed & Breakfast,,320 300 4010,"V. Casa Fiore, 7",Vietri sul Mare,,,,,,,,,,,
House Of Peace,Ostello,,+972 54-587-5063,"Wad Ma'ali, 10 Saff St",Bethlehem,,,,,,,,,,,
Bethlehem City Hostel,Ostello,,+972 52-807-3973,star street near the roundabout with the statue,Bethlehem,,,,,,,,,,,
Le Stelle Del Tirreno,Bed & Breakfast,https://le-stelle-del-tirreno.alberghiinitalia.top/,340 664 4913,"Via Giuseppe Mazzini, 13",Falcone,,,https,WordPress,No,Contabo GmbH,54,85,92.00,Sì,No
La Perla Nascosta,Bed & Breakfast,,346 578 0923,"Via dei Normanni, 32/F",Belvedere Marittimo,,,,,,,,,,,
La cuspide blu,Villa,,375 508 5024,C.da Gattusa Residence Terreforti n°18,Falcone,,,,,,,,,,,
Benincasa Bed&Breakfast,Bed & Breakfast,,338 586 8313,"Via Grazioso Benincasa, 28",Roma,,,,,,,,,,,
Bethlehem Palestine B&B,Bed & Breakfast,,+970 598 910 723,Buwaid'ia #37,Bethlehem,,,,,,,,,,,
innova8ion,Hotel,http://innova8ion.org/,+970 2 276 8868,Attan street 21,Bethlehem,,,https,React,No,"A2 Hosting, Inc.",55,75,85.00,Sì,No
Palazzo del Miglio,Bed & Breakfast,https://palazzo-del-miglio.italiabella.top/,328 232 5237,"Via Flavio Cassiodoro, 67",Belvedere Marittimo,,,https,WordPress,No,Contabo GmbH,59,89,85.00,Sì,No
Lotus Boutique Hotel,Hotel,https://lotushotel.ps/,+970 592 777 779,"Bethlehem Chamber of Commerce, Bethlehem, Karakfeh Street, Beside",Bethlehem,,info@lotushotel.ps,http,Joomla,No,"A2 Hosting, Inc.",48,56,92.00,Sì,No
Agriturismo l'Arca di Anna Brambilla,Agriturismo,https://www.agriturismo-larca.com/,0985 89541,"Contrada Oracchio, 30",Belvedere Marittimo,,,https,WordPress,Sì,Aruba S.p.A.,57,95,100.00,Sì,No
Casa del sole,Bed & Breakfast,,345 064 9883,"Via Soleo, 26-32",Belvedere Marittimo,,,,,,,,,,,
Marè,Bed & Breakfast,,344 342 8708,"Via Giustino Fortunato, 35",Belvedere Marittimo,,,,,,,,,,,
Villa dei Mercanti B&B,Bed & Breakfast,https://www.villadeimercanti.it/,338 231 8815,"Discesa Corvino Inferiore, 8",Diamante,,info@villadeimercanti.it,https,WordPress,Sì,Keliweb S.R.L,7,27,85.00,Sì,No
B&B Il Giardino,Bed & Breakfast,http://www.ilgiardinodiamante.com/bedandbreakfast/,340 357 4611,"Via Europa, 13",Diamante,,,,WordPress,Non trovato,SEEWEB s.r.l.,63,91,75.00,No - Pagina Non Trovata (404),No
Sea Art Hotel,Hotel,https://seaarthotel.com/,019 924 6792,"SS1, Via Aurelia, 454",Vado Ligure,,info@seaarthotel.com,https,React,Sì,OVH ISP,59,74,100.00,Sì,No
Hotel La Castellana,Hotel,https://www.lacastellanahotel.com/,0985 82025,Località La Praia,Belvedere Marittimo,,info@lacastellanahotel.com,https,WordPress,No,GENESYS,50,59,85.00,Sì,No
Costa Azzurra B&B Hotel,Hotel,https://beb.it/spotorno,348 476 8588,"Via Lombardia, 2",Spotorno,,,https,React,No,"Amazon.com, Inc.",81,95,100.00,Sì,No
Villa Bice,Villa,http://www.villabice.com/,019 859686,"Via Ademaro de Mari, 7",Bergeggi,,info@villabice.com,https,Joomla,Sì,Aruba S.p.A.,35,44,100.00,Sì,No
Miramare,Hotel,http://www.hotelmiramarenoli.it/,019 748926,"Corso Italia, 2",Noli,,,https,PrestaShop,No,"Amazon.com, Inc.",56,82,92.00,Sì,No
B&B Casa Volton,Bed & Breakfast,http://www.casavolton.com/,347 016 4607,"Via Volton, 13",Latisana,,casavolton@yahoo.it,https,Wix,No,Google LLC,65,96,92.00,Sì,No
Hotel Oroverde,Hotel,http://www.hoteloroverde.it/,019 859853,"Str. Com. Alla Gola di S. Elena, 11",Bergeggi,,info@hoteloroverde.it,https,React,No,Aruba S.p.A.,57,80,0.00,Sì,No
HOTEL ZUNINO,Hotel,http://www.hotelzunino.it/,019 745441,"Via Serra, 23",Spotorno,,,http,React,No,Aruba S.p.A. Network,72,86,92.00,Sì,No
B&B Casa dell'ancora codice CIN: IT009010B4X85AVHXI,Bed & Breakfast,https://www.bbcasadellancora.it/,375 622 5588,"Via XXV Aprile, 29",Bergeggi,,bbcasadellancora@gmail.com,https,Wix,No,Google LLC,72,95,100.00,Sì,No
L'albero della vita,Alloggi al coperto,https://lalbero-della-vita.italiapaesaggiviaggi.top/,334 235 8342,"Via Francia, 25",Spotorno,,,https,WordPress,No,Ipxo LLC,54,72,92.00,Sì,No
Hotel Malibù,Hotel,http://www.hotelmalibu.it/,019 747355,"Vico Cairoli, 6",Spotorno,,,https,React,No,Register.IT S.p.A,25,20,91.00,Sì,No
Hotel Airone di Selva Marco,Hotel,http://www.hotel-airone.net/,0431 43309,"Viale Veneto, 66",Bibione,,,https,WordPress,No,Host SpA,61,75,77.00,Sì,No
Carpe Diem Country House,Bed & Breakfast,http://www.carpediem.veneto.it/,0431 191 3001,"Via S. Falcomer, 4C",San Michele al Tagliamento,,info@carpediem.veneto.it,https,WordPress,Sì,Hetzner Online GmbH,54,63,92.00,Sì,No
Lilium Maris Hotel,Hotel,https://liliummaris.it/,0431 43261,"Via Croce del Sud, 28",Bibione,,info@liliummaris.it,https,WordPress,Sì,Timenet SPA,61,71,92.00,Sì,No
Hotel Flora,Hotel,http://www.doimohotels.it/flora/it/,0431 71100,"Via Aquileia, 8",Lignano Sabbiadoro,,flora@doimohotels.it,https,Joomla,Sì,OVH SAS,56,69,92.00,Sì,No
Terzo Bacino,Bed & Breakfast,http://www.ristoranteterzobacino.com/,0431 579927,"Via Valpelina, 3",San Michele al Tagliamento,,info@ristoranteterzobacino.com,https,WordPress,No,Aruba S.p.A.,50,65,92.00,Sì,No
Hotel Niagara,Hotel,http://www.hotelniagara.it/,0431 71745,"Lungomare Trieste, 152/A",Lignano Sabbiadoro,,booking@hotelniagara.it,https,React,Sì,OVH SAS,39,55,92.00,Sì,No
B&B Sa Corte,Bed & Breakfast,,348 858 5496,"SP57, 14",Palmadula,,,,,,,,,,,
Albergo S. Marco,Hotel,http://sanmarco.lignano.it/,0431 422190,"Raggio di Levante, 32",Lignano Sabbiadoro,,sanmarco@lignano.it,https,React,Sì,Google LLC,31,44,82.00,Sì,No
Solmar Apartments,Bed & Breakfast,https://www.solmarapartments.it/,340 095 3318,"Via Esporlatu, 8",Biancareddu,,info@solmarapartments.it,https,WordPress,Sì,Aruba S.p.A. Network,64,85,100.00,Sì,No
Hotel Ambra (FRONTE MARE),Hotel,https://www.hotelambralignano.com/,0431 71027,"Lungomare Trieste, 124/A",Lignano Sabbiadoro,,info@hotelambralignano.com,https,Joomla,No,Servereasy Srl,75,96,100.00,Sì,No
B&B Diana's,Hotel,,346 307 9013,"Via Cala D'Oliva, 10",Stintino,,,,,,,,,,,
Al ponte,Bed & Breakfast,,320 172 0740,"Via del Capricorno, 6",Latisana,,,,,,,,,,,
Hotel Ristorante Pizzeria Rosa dei Venti,Hotel,http://www.albergorosadeiventi.it/,0431 423782,"Via dei Pini, 15",Lignano Sabbiadoro,,,https,WordPress,Sì,OVH SAS,44,63,100.00,Sì,No
Nure B&B,Bed & Breakfast,http://nure-stintino.com/,349 660 0364,"Via Galileo Galilei, 8",Stintino,,info@nure-stintino.com,https,Shopify,Sì,Aruba S.p.A. Network,59,72,100.00,Sì,No
Lovely Bianco - Rooms & Apartment,Hotel,,327 605 0005,"Via C. Colombo, 99",Bianco,,,,,,,,,,,
B& B Lampianu,Bed & Breakfast,http://www.lampianu.it/,348 802 0307,"Str. Vicinale Lampianu, 21",Sassari,,,http,ASP.NET,No,Aruba S.p.A. Network,100,100,83.00,Sì,No
Bed and breakfast San Nicola,Bed & Breakfast,https://www.estateinsardegna.it/dove-dormire/nuoro/bb-san-nicola/,379 297 0018,"Corso Umberto, 49",Ortueri,,info@estateinsardegna.it,https,Shopify,Sì,OVH SAS,69,98,92.00,Sì,No
B&B BiancoSale,Bed & Breakfast,http://www.bandbbiancosale.it/,347 501 4630,"S.da Marsala, 501",Rilievo,,info@bandbbiancosale.it,https,React,No,Aruba S.p.A. Network,59,91,91.00,Sì,No
B&B Sa Serra,Bed & Breakfast,http://www.bbsaserra.it/,328 962 5463,"Via dei Rosmarini, 7",Stintino,,,https,Joomla,No,Aruba S.p.A.,67,89,92.00,Sì,No
B&B La Casa di Ambra,Bed & Breakfast,https://la-casa-di-ambra.italygetaway.top/,351 444 4309,"Via Principe di Piemonte, 50",Porto Torres,,,https,WordPress,No,Contabo GmbH,56,85,92.00,Sì,No
maraneri rooms,Bed & Breakfast,,327 744 9285,"Via Papa Giovanni XXIII, 13",Bovalino,,,,,,,,,,,
B&B Il Mulino Locri,Bed & Breakfast,,328 666 2626,"Via Taranto, 4",Locri,,,,,,,,,,,
Hotel Residence Gnura Momma,Appartamenti,http://www.gnuramomma.it/,0964 235276,"Via Don Vittorio, 63",Locri,,info@gnuramomma.it,http,React,Sì,Serverplan s.r.l.,63,80,83.00,Sì,No
B&B Il Porto Vecchio,Bed & Breakfast,https://hotelscheck-in.com/bbstintino/en/,079 523212,"Via Tonnara, 69",Stintino,,,https,Shopify,No,"Cloudflare, Inc.",40,80,85.00,Sì,No
Erasippe Residence,Bed & Breakfast,http://www.erasippe.it/,349 586 0121,"Via Erasippe, 13",Locri,,,https,Joomla,No,"Amazon.com, Inc.",83,93,100.00,Sì,No
Hotel Adriatico | Bibione,Hotel,https://www.hoteladriaticobibione.com/,0431 439931,"Via Pleione, 19",Bibione,,info@hoteladriaticobibione.com,https,WordPress,Sì,Servereasy Srl,72,95,92.00,Sì,No
Hotel Villa del Mar,Bed & Breakfast,http://www.villadelmarhotel.it/,0431 438611,"Via Polluce, 8",Bibione,,info@villadelmarhotel.it,https,WordPress,No,Server Plan S.r.l.,56,87,92.00,Sì,No
Albergo Del Corso,Hotel,https://www.hoteldelcorsobibione.it/,0431 439991,"Corso del Sole, 87",Bibione,,,https,Shopify,No,"Cloudflare, Inc.",44,69,67.00,Sì,No
Hotel Ristorante Pizzeria Alla Pergola,Hotel,http://www.allapergola.it/,0431 43174,"Via Maja, 94",Bibione,,info@allapergola.it,https,WordPress,Sì,Server Plan S.r.l.,65,70,100.00,Sì,No
Hotel Golf Bibione Spiaggia,Hotel,http://www.golfhotelbibione.it/,0431 43214,"Corso Europa, 54",Bibione,,info@golfhotelbibione.it,https,WordPress,Sì,pair Networks,56,80,91.00,Sì,No
Hotel Aspe,Hotel,https://www.hotelaspebibione.it/,0431 43381,"Via Stella Mattutina, 5",Bibione,,info@hotelaspebibione.it,https,WordPress,No,IT.Gate S.p.A.,63,78,100.00,Sì,No
Hotel Olimpia 3 Stelle Bibione Spiaggia,Hotel,http://www.hotelolimpia.net/?utm_source=google&utm_medium=mybusiness&utm_campaign=mybusiness,0431 43113,"Corso del Sole, 262",Bibione,,hotel@etgroup.info,https,React,No,Rackone Srl,42,51,42.00,Sì,No
Affittacamere L'Acciuga,Hotel,,334 598 2915,"Via delle Polle, 81",Biassa,,,,,,,,,,,
Lia Rooms 3,Bed & Breakfast,,351 041 8530,"Via Marco Federici, 37",La Spezia,,,,,,,,,,,
La Valle degli Orti,Lodge,,340 546 0756,"Via della Piazza, 1",Biassa,,,,,,,,,,,
Marina's House,Hotel,,345 458 5015,"Corso Cavour, 229",La Spezia,,,,,,,,,,,
Hotel Viña de Mar,Hotel,https://www.vinademar.it/,0431 428666,"Corso delle Nazioni, 48",Lignano Sabbiadoro,,hotel@vinademar.it,https,React,Sì,Aruba S.p.A. Network,32,65,85.00,Sì,No
Hotel La Serena,Hotel,https://www.hotellaserena.it/,0431 43351,"Piazza Keplero, 9",Bibione,,,https,Shopify,Sì,SEMPLIFY-SRL,91,89,100.00,Sì,No
I Colori di Mag,Bed & Breakfast,https://www.bebicoloridimag.it/it/home,335 841 5472,"Via Vappa, 3",La Spezia,,bebicoloridimag@gmail.com,https,Shopify,Sì,Ampersand network,71,72,100.00,Sì,No
A Casa di Gaia,Bed & Breakfast,http://www.acasadigaia.com/,340 849 6510,"Via Montetenero, 5",Riccò del Golfo di Spezia,,,https,Mobirise,No,Aruba S.p.A. Network,70,96,92.00,Sì,No
Affittacamere Casa Danè,Bed & Breakfast,http://www.casadane.it/,347 351 3239,"Via Pietro Paleocapa, 4",La Spezia,,,https,React,Sì,Host SpA,46,72,92.00,Sì,No
B&B Il Vigneto,Bed & Breakfast,http://www.ilvigneto5terre.com/,339 607 5552,"Via Pasubio, 64",Volastra,,info@ilvigneto5terre.com,https,WordPress,Sì,Server Plan S.r.l.,54,56,85.00,Sì,No
Il Nettare,Bed & Breakfast,http://www.ilnettarecinqueterre.com/,0187 921041,"Via Litoranea, 4",Riomaggiore,,,https,Squarespace,No,"Squarespace, Inc.",52,68,100.00,Sì,No
BB Hotels Aparthotel Bicocca,Hotel,https://bbhotels.it/aparthotel-bicocca/,02 6680 2827,"Via Arbe, 63",Milano,,bicocca@bbhotels.it,https,WordPress,Sì,Host SpA,48,53,92.00,Sì,No
CiaoMi - Hostel & Long Stay - Milano Niguarda & Bicocca,Hotel,https://www.ciaomilanohostel.it/,340 466 7528,"Via Adriatico, 8",Milano,,info@ciaomilanohostel.it,https,WordPress,Sì,Aruba S.p.A.,53,68,100.00,Sì,No
BB Hotels Aparthotel Arcimboldi,Residence,https://bbhotels.it/aparthotel-arcimboldi/,02 643 1404,"Viale Sarca, 90",Milano,,arcimboldi@bbhotels.it,https,ASP.NET,Sì,Host SpA,39,51,92.00,Sì,No
Centro Siloe Residence Hotel,Hotel,https://www.cogesta.it/siloe-residence-e-business-center/,02 642211,"Via Antonio Cesari, 19",Milano,,info@cogesta.it,https,React,Sì,Aruba S.p.A.,61,87,100.00,Sì,No
b&b pleasant moments,Bed & Breakfast,,392 670 9478,"Via della Rena, 99",Bolsena,,,,,,,,,,,
Bellavista,Bed & Breakfast,https://bb-bellavista.bedsandhotels.com/,333 291 0656,"Via Francalancia, 22",Bagnoregio,,,https,React,No,Hetzner Online GmbH,68,98,91.00,Sì,No
Bed and Breakfast del Prato,Bed & Breakfast,http://www.bedandbreakfastbagnoregio.it/,393 171 4908,"Via della Cassa, 5",Bagnoregio,,,https,WordPress,No,Aruba S.p.A.,69,85,92.00,Sì,No
Pensione Italia,Bed & Breakfast,http://www.pensioneitalia.online/,0761 799193,"Corso Cavour, 53",Bolsena,,,https,Wix,Sì,Google LLC,79,94,100.00,Sì,No
Bed And Breakfast la Grotta,Bed & Breakfast,https://www.bblagrotta.eu/,333 201 1879,"Via Roma Nuova, 111",Castel Giorgio,,info@bblagrotta.eu,https,React,Sì,Aruba S.p.A.,55,87,83.00,Sì,No
Il Palazzetto,Bed & Breakfast,https://www.bedandbreakfastilpalazzetto.it/,379 149 9881,"Corso della Repubblica, 16",Bolsena,,contact@mysite.com,https,WordPress,Sì,Aruba S.p.A. Network,62,96,100.00,Sì,No
Soffio di Mare - Camogli,Bed & Breakfast,https://www.soffiodimare.it/,348 382 3056,"Scalinata Martiri delle Foibe, 21/1",Camogli,,info@soffiodimare.it,https,Ecwid,Sì,"Amazon.com, Inc.",69,84,100.00,Sì,No
Albergo Boccadasse,Hotel,http://www.hotelboccadasse.com/,010 376 1923,"Via Boccadasse, 14A",Genova,,,https,React,No,Google LLC,60,92,83.00,Sì,No
Casa per ferie Collegio Emiliani,Bed & Breakfast,http://www.collegioemiliani.it/accoglienza/,370 110 3606,"Via Andrea Provana di Leyni, 15",Genova,,accoglienza@collegioemiliani.it,https,Joomla,No,Aruba S.p.A.,41,57,92.00,Sì,No
Casale 1541,Bed & Breakfast,http://www.casale1541.com/,0761 799677,"Via Acqua della Croce, 25",Bolsena,,,https,React,No,Google LLC,0,96,0.00,Sì,No
Stella Marina,Bed & Breakfast,http://www.stellamarinacamogli.com/,0185 774462,"Via Gio Bono Ferrari, 16",Camogli,,info@stellamarinacamogli.com,https,WordPress,Sì,Equinix (EMEA) Acquisition Enterprises B.V.,51,66,77.00,Sì,No
Hotel La Giara,Hotel,http://www.hotel-lagiara.com/,0185 74224,"Via Cavour, 79",Recco,,info@hotel-lagiara.com,https,React,Sì,Seeweb srl,87,96,92.00,Sì,No
B&B Gaslini & Mare,Bed & Breakfast,https://sites.google.com/view/bbgaslini,389 389 3892,"Via Redipuglia, 5",Genova,,,https,Angular,No,Google LLC,63,84,42.00,Sì,No
Agriturismo Sant'Ilario La Taverna del Sole,Agriturismo,http://www.agriturismosantilario.it/,010 323686,"Via Fossa dei Carboni di Sopra, 7",Genova,,,https,Joomla,Sì,Keliweb S.R.L,63,0,92.00,Sì,No
B&B Ca' dei Frè,Bed & Breakfast,http://www.cadeifre.it/,366 122 0335,"Via di Serropiano, 13/b",Genova,,,https,Magento,No,"Amazon.com, Inc.",67,94,100.00,Sì,No
Elba Vibe Smart Hotel,Hotel,https://www.elbavibe.it/,0565 976483,"Via per Portoferraio, 2978",Campo nell'Elba,,info@elbavibe.it,https,WordPress,Sì,Aruba S.p.A.,50,49,100.00,Sì,No
B&B Villa Costanza - Isola D'Elba,Bed & Breakfast,https://bedandbreakfastisolaelba.com/it/,327 102 2757,"Via Capo ai Pini, 813/a",Lacona,,villacostanza@easyelba.com,https,React,No,Contabo GmbH,70,99,100.00,Sì,No
Hotel La Barcarola,Hotel,http://www.labarcarolahotel.it/,0565 976041,"Via Giuseppe Verdi, 58",Marina di Campo,,post@labarcarolahotel.it,https,Shopify,Sì,Hetzner Online GmbH,65,89,92.00,Sì,No
Hotel Meridiana *** - B&B - Marina di Campo Isola Elba,Hotel,http://www.hotelmeridianaelba.it/,0565 976308,"Viale degli Etruschi, 465",Campo nell'Elba,,info@hotelmeridianaelba.it,https,WordPress,Sì,Hetzner Online GmbH,48,56,92.00,Sì,No
Hotel Puntoverde,Hotel,https://puntoverdehotel.it/,329 342 7411,"Viale degli Etruschi, 207",Marina di Campo,,info@puntoverdehotel.it,https,Shopify,Sì,Serverplan s.r.l.,60,68,92.00,Sì,No
Hotel Gli Acquerelli,Hotel,https://www.gliacquerellielba.it/,349 403 6783,"Via Schiopparello, 50",Portoferraio,,hotelgliacquerellielba@gmail.com,https,WordPress,Sì,Hetzner Online GmbH,43,62,92.00,Sì,No
Curpi de Ma,Bed & Breakfast,,339 204 4235,"Via Gino Daneri, 18",Bonassola,,,,,,,,,,,
Hotel Monna Lisa,Hotel,http://www.hotelmonnalisa.it/,0565 907519,"Via Fontalleccio 10, Loc",Procchio,,info@hotelmonnalisa.it,https,Angular,No,Made Network Srl,55,67,92.00,Sì,No
Cà du Ferrà Farm & Relax,Agriturismo,http://www.caduferra.it/,348 103 3648,"Via Gavazzo, 46",Bonassola,,,https,WordPress,No,Aruba S.p.A.,32,42,92.00,Sì,No
La Rossola,Hotel,,349 850 6846,"Localita' Rossola, 11",Bonassola,,,,,,,,,,,
Hotel Villa Belvedere,Hotel,https://bonassolahotelvillabelvedere.com/it/,0187 813622,"Via Ammiraglio Serra, 33",Bonassola,,info@bonassolahotelvillabelvedere.com,https,ASP.NET,No,Server Plan S.r.l.,38,67,92.00,Sì,No
A Ca Mè,Bed & Breakfast,https://a-ca-m.italiavacanzeindimenticabili.top/,340 970 6254,"Via Ammiraglio Serra, 82 bis",Bonassola,,,https,React,No,Ipxo LLC,56,82,85.00,Sì,No
Antico Caffe' Del Moro,Ristorante,http://www.anticocaffedelmoro.it/,392 984 6589,"Via Risorgimento, 2",Bonassola,,ilmorobonassola@live.it,http,ASP.NET,No,Aruba S.p.A. Network,64,88,100.00,Sì,No
Lavender Apartment,Bed & Breakfast,,351 708 1487,"Via Triestina, 115",Venezia,,,,,,,,,,,
B&B Elia's Cagliari,Bed & Breakfast,http://www.bbcagliari.it/,329 471 4187,"Via Francesco Loddo Canepa, 12",Cagliari,,info@bbcagliari.it,http,WordPress,No,Aruba S.p.A. Network,93,98,100.00,Sì,No
B&B Piazza San Pantaleo,Bed & Breakfast,http://www.piazzasanpantaleo.it/,340 936 0245,"Piazza S. Pantaleo, 14",Sorso,,info@piazzasanpantaleo.it,https,Angular,No,Host SpA,65,70,92.00,Sì,No
B&B Masseria Sant' Elia,Bed & Breakfast,http://www.lamasseriasantelia.it/,327 663 4554,Contrada Zirifico,Castellaneta,,,https,WordPress,No,Aruba S.p.A. Network,70,94,85.00,Sì,No
Maestrale Charme Rooms,Bed & Breakfast,http://www.levantomaestrale.com/,327 434 4885,"Via Dante Alighieri, 56",Levanto,,,http,Shopify,No,Aruba S.p.A. Network,54,90,100.00,Sì,No
LOCAZIONE TURISTICA,Bed & Breakfast,,320 792 9250,"Via Triestina, 156",Venezia,,,,,,,,,,,
Birreria Torre Antica,Pizzeria,http://www.torreanticarestaurant.com/,041 934 9906,"Via Triestina, 129",Venezia,,info@torreanticarestaurant.com,https,Drupal,Sì,Google LLC,61,76,92.00,Sì,No
Ca' del Portego,Bed & Breakfast,,347 758 5367,"Via Abate Giovanni Trevisan, 6",Venezia,,,,,,,,,,,
Hotel Ariston,Hotel,https://www.hotelaristonvenice.com/,041 985577,"Via Guido Bergamo, 12",Venezia,,info@hotelaristonvenice.com,https,WordPress,No,Netsons s.r.l.,61,89,85.00,Sì,No
B&B Casa del Miele Venice,Bed & Breakfast,https://www.casadelmiele.com/,041 541 6129,"Venezia VE IT, Via Paliaghetta, 2/A",Fraz,,info@casadelmiele.com,https,WordPress,Sì,Server Plan S.r.l.,56,73,92.00,Sì,No
Venice Park House,Hotel,,327 565 5264,"Piazzale Concordia, 19",Venezia,,,,,,,,,,,
Agriturismo Il Melograno di serafin Gianni,Agriturismo,http://www.melogranovenezia.it/,328 431 8944,"Via Spigariola, 10/A",Venezia,,posta@melogranovenezia.it,https,ASP.NET,No,Aruba S.p.A. Network,68,99,100.00,Sì,No
La Pergola,Hotel,https://hotel-la-pergola.albergo.top/,019 670495,"Via Calatafimi, 24",Loano,,,https,WordPress,No,Contabo GmbH,61,88,85.00,Sì,No
La Casa dei Gelsi,Bed & Breakfast,http://www.bed-and-breakfast.it/pagina.cfm?ID=12881&IDregione=8,338 796 4607,"via Montocchio, 1",Loano,,,https,Weebly,Sì,"Amazon.com, Inc.",63,77,92.00,Sì,No
Hotel Bacco,Hotel,http://www.baccohotel.com/,019 615895,"Corso Italia, 153",Pietra Ligure,,info@baccohotel.com,https,Shopify,Sì,OVH ISP,78,89,100.00,Sì,No
B&B Due passi dal mare,Bed & Breakfast,,348 810 4355,"SS 1, 17",Ceriale,,,,,,,,,,,
Tra cielo e mare,Bed & Breakfast,,334 289 5773,"Via S. Sebastiano, 20",Pietra Ligure,,,,,,,,,,,
Fantasia,Bed & Breakfast,https://www.bed-and-breakfast.it/it/liguria/fantasia-loano/25627,349 113 6911,"Via Dante Alighieri, 31",Loano,,,https,Squarespace,Sì,"Amazon.com, Inc.",49,68,92.00,Sì,No
Nada Mas B&b,Bed & Breakfast,,353 424 3155,"Via alla Stazione, 4",Ceriale,,,,,,,,,,,
B&B Fior di Loto,Bed & Breakfast,http://www.fiordilotoceriale.it/,338 989 8764,"Via della Bealera, 1",Ceriale,,info@fiordilotoceriale.it,http,Mobirise,No,Aruba S.p.A. Network,61,96,91.00,Sì,No
Elegance B & B,Bed & Breakfast,,353 389 4475,"Via dell'Anatra, 6",Ladispoli,,,,,,,,,,,
VILLA VANESSA,Villa,,393 965 0622,"Via Numana, 39",Fregene,,,,,,,,,,,
Zen B&B,Bed & Breakfast,,331 372 7894,"Via Ruinas, 7",Passoscuro,,,,,,,,,,,
Il Silos GuestHouse,Bed & Breakfast,http://ilsilos.it/,366 383 8082,"Viale Maria, 101",Maccarese,,info@ilsilos.it,https,Shopify,No,Aruba S.p.A.,54,70,85.00,Sì,No
B&B POSEIDON,Bed & Breakfast,,392 578 6389,"Via del Portico Placidiano, 20A",Fiumicino,,,,,,,,,,,
Domo de Aste,Bed & Breakfast,http://www.domodeaste.it/,347 437 4201,"Via Giovanni Battista Parodi, 8",Toirano,,,http,ASP.NET,No,Aruba S.p.A. Network,100,100,91.00,Sì,No
Villa Grazia,Bed & Breakfast,,349 772 2128,"Via Cardiff, 16",Ladispoli,,,,,,,,,,,
Agriturismo Torre Flavia Relais,Ristorante,http://www.agriturismotorreflavia.it/,331 277 2234,"Via del Beccaccino, snc",Ladispoli,,info@agriturismotorreflavia.it,https,WordPress,No,Aruba S.p.A.,72,89,92.00,Sì,No
Villa I Quattro Ricci,Location per matrimoni,https://www.villai4ricci.it/,388 984 2795,"Via del Casalone, 28",Cerveteri,,info@villai4ricci.it,https,Shopify,No,Aruba S.p.A.,42,53,100.00,Sì,No
Il Focolare Bed & Breakfast,Bed & Breakfast,,338 843 8836,"Via dei Trochidi, 26",Focene,,,,,,,,,,,
2 passi dal mare,Bed & Breakfast,http://www.2passidalmare.com/,333 350 8985,"Vicolo Cosmelli, 5/7",Finale Ligure,,info@2passidalmare.com,https,WordPress,No,"Cloudflare, Inc.",37,43,92.00,Sì,No
Calcagno,Hotel,http://www.albergocalcagnoborgio.it/,338 608 3075,"Via Vittorio Veneto, 50",Borgio,,,http,ASP.NET,No,Aruba S.p.A. Network,99,100,82.00,Sì,No
Cà Bartolomeo,Alloggio turistico,https://c-bartolomeo.italiatips.top/,346 426 3219,"Piazza S. Bartolomeo, 12",Gorra,,,https,WordPress,No,Contabo GmbH,51,86,92.00,Sì,No
Il delfino,Casa per vacanze,,0187 965049,"Località Fiascherino, 57",Tellaro,,,,,,,,,,,
Villa Ada,Hotel,http://www.villaada.net/,019 610433,"Via Vittorio Veneto, 4",Borgio,,info@villaada.net,https,React,No,OVH ISP,68,93,85.00,Sì,No
Sotto il Santo,Bed & Breakfast,,348 725 6725,Piazza Avvocato Luigi Basso 2,Costa-villa,,,,,,,,,,,
Antico Pozzo Bistrot,Bistrò,https://walkinto.in/tour/bkbL2iFpoM-1x-Lhotpsz,019 770 0066,"Piazza S. Biagio, 8",Finale Ligure,,ssravera@gmail.com,https,React,No,Amazon Technologies Inc.,53,53,83.00,Sì,No
Hotel Garden,Hotel,http://www.hotelgardenboccadimagra.it/,0187 670773,"Via C. A. Fabbricotti, 162",Ameglia,,,http,WordPress,No,"Soluciones Corporativas IP, SL",71,96,92.00,Sì,No
Maison del Magra,Hotel,http://www.maisondelmagra.com/,0187 64155,"Via del Pilota, 27",Fiumaretta di Ameglia,,,https,WordPress,No,Aruba S.p.A.,50,60,69.00,Sì,No
jasmine cottage,Bed & Breakfast,https://www.jasminecottage.it/,346 406 8661,"Via Ghitella, 42",Casano,,,https,React,No,Google LLC,62,66,92.00,Sì,No
B&B Residenza Marina,Bed & Breakfast,http://www.residenzamarina.it/,370 102 4358,"Via Venezia, 72",Marina di Carrara,,info@residenzamarina.it,https,WordPress,Sì,Server Plan S.r.l.,59,84,77.00,Sì,No
Hotel Sette Archi,Hotel,http://www.hotelsettearchi.com/,0187 609017,"Via C. A. Fabbricotti, 242",Bocca di Magra,,info@hotelsettearchi.com,https,Angular,No,Aruba S.p.A.,60,85,91.00,Sì,No
Dependance Miluna,Alloggio completo di servizi,,388 325 7317,Via Avezzano,Nettuno,,,,,,,,,,,
Paradise Suite,Bed & Breakfast,https://www.paradisesuite.it/,350 081 6100,"Str. Colle Morello, 661",Latina,,,https,React,No,Aruba S.p.A.,48,80,100.00,Sì,No
PARADISE RANCH & RESORT,Ristorante,https://www.paradiseranchresort.it/,338 756 2946,"Str. Astura, 40-42",Latina,,,https,React,Sì,Aruba S.p.A.,51,70,92.00,Sì,No
Borgo Alba Barona Turismo rurale,Hotel,http://borgoalbabarona.it/,347 414 1292,"Via Sa Curi, 25",Golfo Aranci,,,https,Joomla,No,"Amazon.com, Inc.",71,92,100.00,Sì,No
Borgo Rurale Cares,Hotel,https://www.borgocares.com/,0784 187 6266,Strada vicinale per le spiagge di osala e carote,Cala Gonone,,booking@borgocares.com,https,WordPress,Sì,Amazon Technologies Inc.,55,73,100.00,Sì,No
Agriturismo Il Corniolo,Agriturismo,http://www.ilcornioloagriturismo.com/,333 138 9507,"Frazione Castelnovo val tidone. Dal ufficio postale di Castelnovo girare a destra e proseguire per 800mt, STRADA DEL CORNIOLO",Borgonovo Val Tidone,,ilcorniolo@hotmail.it,https,Angular,No,Google LLC,57,87,73.00,Sì,No
Casa Rachele,Bed & Breakfast,,347 007 2804,"Via Giuseppe Buroni, 18",Pianello Val Tidone,,,,,,,,,,,
Il Fogliano Hotel New Life,Hotel,https://www.ilfoglianohotel.it/,351 442 6127,Piazzale G. Loffredo,Capo Portiere,,info@ilfoglianohotel.it,https,WordPress,No,Aruba S.p.A.,62,86,85.00,Sì,No
B&B Valluretta,Bed & Breakfast,https://www.bbvalluretta.it/it/,0523 179826,"Via della Pieve, 8",Momeliano,,,https,Vue,No,"Amazon.com, Inc.",68,95,100.00,Sì,No
Albergo Leon d'oro,Hotel,http://www.albergo-leondoro.it/,0523 849461,"Via Nino Bixio, 35",Castel San Giovanni,,info@albergo-leondoro.it,https,WordPress,Sì,Aruba S.p.A,92,96,100.00,Sì,No
Vittoria Colonna,Bed & Breakfast,,393 586 7683,"Via Magenta, 419",Vittoria,,,,,,,,,,,
Agriturismo Bacchanalis,Agriturismo,https://www.bacchanalis.it/,347 810 7358,"Località Negrese, 311",Ziano Piacentino,,info@tenutaritasolari.com,https,Odoo,Sì,Aruba S.p.A. Network,48,77,92.00,Sì,No
I Galli Bed and Breakfast,Bed & Breakfast,https://igallibnb.com/,320 068 8803,Via F. Gatti,Agazzano,,igallibnb@gmail.com,https,WordPress,No,"Automattic, Inc",76,95,92.00,Sì,No
B&B Le Palme,Bed & Breakfast,https://le-palme.dormireinitalia.top/,348 745 8465,"Str. Foglino, 560",Latina,,,https,React,No,Contabo GmbH,46,0,92.00,Sì,No
Jazira,Bed & Breakfast,,338 633 4972,Via Svizzera,Scoglitti,,,,,,,,,,,
Lelè Guesthouse,Bed & Breakfast,https://www.leleguesthouse.com/,376 110 5972,"Via Riviera Lanterna, 217",Scoglitti,,lelescoglitti@gmail.com,https,React,Sì,Aruba S.p.A. Network,60,85,92.00,Sì,No
HOTEL LA GRITTA CASTEL SAN GIOVANNI - Ristorazione Pernottamento,Ristorante,https://lagritta.it/,331 503 5899,"Via Emilia Piacentina, 47",Castel San Giovanni,,prenotazioni@lagritta.it,https,WordPress,No,Hetzner Online GmbH,55,72,92.00,Sì,No
Baia Del Sole Hotel,Hotel,http://www.baiadelsolehotel.it/,0932 239844,"Lungomare Andrea Doria, 190",RAGUSA,,info@baiadelsolehotel.it,https,React,Sì,Server Plan S.r.l.,59,72,92.00,Sì,No
Tenuta Zannafondo,Bed & Breakfast,http://www.tenutazannafondo.it/,339 695 4470,"Contrada Zannafondo, snc",Ragusa,,,http,ASP.NET,No,Aruba S.p.A. Network,88,100,92.00,Sì,No
B&B Punta Di Mola,Bed & Breakfast,https://www.bbpuntadimola.it/,338 962 6069,"Via Cavaliere Luigi Bisani, 7",Marina di Ragusa,,,https,Typo3,No,"Amazon.com, Inc.",69,95,100.00,Sì,No
Affittacamere A Due Passi dal Mare,Alloggi al coperto,http://www.aduepassidalmare.eu/,0983 856230,"Via Mediterraneo, 34",Schiavonea,,,http,WordPress,Sì,SEEWEB s.r.l.,65,84,100.00,Sì,No
Il Falco e il Gabbiano B&B,Hotel,https://www.ilfalcoeilgabbiano.com/,349 406 7331,Via Monaco,Schiavonea,,info@ilfalcoeilgabbiano.com,https,WordPress,Sì,Aruba S.p.A.,52,92,92.00,Sì,No
Ape,Bed & Breakfast,,351 839 8991,"Corigliano Calabro, Strada 29",Schiavonea,,,,,,,,,,,
Le Gardenie b&b,Bed & Breakfast,,348 975 9645,"Via Gardenie, 33",Schiavonea,,,,,,,,,,,
Cordial Hotel,Hotel,http://www.cordialhotel.com/,0932 967866,S.S. 115 Comiso Km. 1,Comiso,,info@cordialhotel.com,https,Joomla,No,"Amazon.com, Inc.",69,85,92.00,Sì,No
Da Massimo,Bed & Breakfast,https://www.damassimobnbschiavonea.de/,353 382 7314,"Via Trani, 2",Schiavonea,,mmassimo@arcor.de,https,React,No,"Amazon.com, Inc.",56,82,100.00,Sì,No
Profumo di zagara,Bed & Breakfast,,333 944 1449,"6, Via Montevideo, SS 106 radd Jonica",Fabrizio,,,,,,,,,,,
Living Room Schiavonea B&B,Hotel,https://livingroomschiavonea.wixsite.com/living-room,327 345 6833,"Via degli Aranci, 5",Schiavonea,,livingroomschiavonea@hotmail.com,https,React,No,Google LLC,67,89,100.00,Sì,No
Bed & Breakfast Al Bosco,Bed & Breakfast,https://bbalbosco.wordpress.com/,348 248 1678,"Via Monte Hintergruba, 7",Asiago,,,https,WordPress,No,"Automattic, Inc",71,73,100.00,Sì,No
Hotel Poseidon,Hotel,http://www.poseidonhotel.it/,0983 87225,"Viale della Libertà, 2b",Schiavonea,,info@poseidonhotel.it,https,React,No,Aruba S.p.A.,49,69,100.00,Sì,No
Casale Marcalia - Bed & Breakfast,Bed & Breakfast,http://www.casalemarcalia.it/,391 390 3922,"Contrada Marcalia, sn",Corigliano,,,https,WordPress,No,Netsons s.r.l.,55,81,77.00,Sì,No
B&b Oikos,Bed & Breakfast,http://www.piedulivo.it/,328 311 5224,"Piazza S. Rocco, 11",San Giovanni a Piro,,,https,WordPress,No,Combell NV,55,68,61.00,Sì,No
Casa campagna dal pozzo,Bed & Breakfast,https://bb-dal-pozzo.vacanzeinitalia.top/,348 755 9641,"localita' sereralonga,116 SP25 sorso-portotorres",Sorso,,,https,React,No,Contabo GmbH,51,82,85.00,Sì,No
Garden affitto camere e appartamenti,Bed & Breakfast,http://garden-vacanze-casuzze.it/,346 383 8482,"Via Dolomiti, 18",Santa Croce Camerina,,,https,Laravel,No,"Amazon.com, Inc.",66,96,100.00,Sì,No
B&B Dea Kamarina,Hotel,https://www.deakamarina.it/,348 527 5956,"Via degli Appennini, 2",Scoglitti,,,https,WordPress,No,Aruba S.p.A. Network,86,98,92.00,Sì,No
BRAMASOLE Charming House,Bed & Breakfast,,393 877 7857,Contrada Torrevecchia,Vittoria,,,,,,,,,,,
B&B Ciritorno,Bed & Breakfast,https://bb-ciritorno.guideditalia.top/,0932 984423,"Via Madonna della Salute, 35",Vittoria,,,https,WordPress,No,Contabo GmbH,53,83,92.00,Sì,No
Hotel MareSol,Hotel,http://www.hotel-maresol.it/,0932 915445,"Via Lampedusa, sn",Santa Croce Camerina,,info@hotel-maresol.it,https,WordPress,No,Hetzner Online GmbH,56,67,92.00,Sì,No
Mare Indaco,Bed & Breakfast,http://www.mareindaco.it/,333 561 5746,"Via Torre di Mezzo, 226",Punta Secca,,,https,Shopify,Sì,Server Plan S.r.l.,56,65,100.00,Sì,No
Flower Rooms Cagliari,Bed & Breakfast,http://www.flowerroomscagliari.com/,324 810 5254,"Via Macomer, 26",Cagliari,,flowerooms.cagliari@gmail.com,https,Basekit,No,Aruba S.p.A.,50,60,100.00,Sì,No
B&B Le Torri Cagliari,Bed & Breakfast,https://www.letorricagliari.com/,392 347 1833,"Vico 3 dei Genovesi, 10",Cagliari,,,https,WordPress,No,"DigitalOcean, LLC",33,59,100.00,Sì,No
Victoria Rooms Cagliari - LT - CIN: IT092009C2000Q8787,Bed & Breakfast,https://www.victoriarooms.com/,373 520 1708,"Via Carlo Goldoni, 4",Cagliari,,,https,WordPress,Sì,SEEWEB s.r.l.,60,66,92.00,Sì,No
Le Meraviglie di Alice,Bed & Breakfast,,335 785 0199,"Via Sant'Efisio, 59",Cagliari,,,,,,,,,,,
Next Rest B&B,Bed & Breakfast,,391 739 0151,"Via Lorenzo De Medici, 27",Selargius,,,,,,,,,,,
Affittacamere 5 Stelle,Bed & Breakfast,,339 819 7944,"Piazza Galileo Galilei, 12",Cagliari,,,,,,,,,,,
L’Antica Torre Caralis Holiday,Hotel,https://www.anticatorrecaralisholiday.it/it/,348 595 5643,"Via dei Genovesi, 81/83",Cagliari,,,https,WordPress,No,"Amazon.com, Inc.",69,100,100.00,Sì,No
B&B Federica,Bed & Breakfast,http://www.bandbfederica.it/,349 136 3030,"Via S. Giovanni, 53",Cagliari,,bandbfederica@gmail.com,https,React,No,"Cloudflare, Inc.",31,53,92.00,Sì,No
Domus Karalis,Bed & Breakfast,http://www.domuskaralis.com/,340 747 5198,"Via Giuseppe Garibaldi, 61",Cagliari,,,https,WordPress,No,Netsons Network,65,87,85.00,Sì,No
Baglio Caruana,Agriturismo,https://www.bagliocaruana.com/,0922 847739,Contrada Torre Salsa,Montallegro,,,https,Vue,No,Sampling Line,62,95,92.00,Sì,No
B&B Le Mangiatoie Del Cavaliere,Bed & Breakfast,http://www.lemangiatoiedelcavaliere.it/,320 689 6437,"Via Piemonte, 15",Montallegro,,,https,React,No,Google LLC,62,91,91.00,Sì,No
La Dimora Apartments,Bed & Breakfast,,327 630 4143,"Contrada Salsa, snc",Montallegro,,,,,,,,,,,
Le Casette del Porto,Hotel,https://www.casettedelporto.com/,320 832 0192,"Lungomare Cristoforo Colombo, 23",Sciacca,,info@sciaccacase.it,https,Wix,No,Google LLC,71,83,100.00,Sì,No
B&B Pergole,Bed & Breakfast,https://www.hotelscheck-in.com/bnbpergolerealmonte/it/,329 693 5306,"Contrada Pergole, 31",Realmonte,,,https,Shopify,No,"Cloudflare, Inc.",37,76,85.00,Sì,No
Seccagrande Holiday Home,Bed & Breakfast,https://seccagrande-holiday-home.albergo.top/,320 292 0455,"Via Raffaello Sanzio, 90",Seccagrande,,,https,React,No,Contabo GmbH,57,89,85.00,Sì,No
Kòre B&B,Bed & Breakfast,http://www.bbkore.it/,338 567 6165,Contrada Intavolata,Castellammare del Golfo,,info@bbkore.it,https,Joomla,No,Server Plan S.r.l.,38,91,92.00,Sì,No
Luxmarì Hotel & Spa,Residence,https://www.luxmari.it/,0924 076059,"Via Vittor Pisani, 26",Castellammare del Golfo,,info@luxmari.it,https,Angular,No,Aruba S.p.A.,55,71,85.00,Sì,No
B&B A Mare,Bed & Breakfast,https://www.vacanzedelgolfo.it/,335 875 6243,"V. Guglielmo Marconi, 195",Castellammare del Golfo,,info@vacanzedelgolfo.it,https,WordPress,Sì,Aruba S.p.A.,49,78,77.00,Sì,No
B&B Pelagos,Bed & Breakfast,,333 667 1580,"Contrada Intavolata, 100",Castellammare del Golfo,,,,,,,,,,,
Alle Scale,Bed & Breakfast,,328 986 2209,"Via Giovanni Bovio, 87",Castellammare del Golfo,,,,,,,,,,,
B&B Casa Azul,Bed & Breakfast,http://www.bbcasazul.com/,327 131 2954,"Contrada Molinello, 31",Castellammare del Golfo,,bebcasaazul@gmail.com,https,React,Sì,Google LLC,0,68,100.00,Sì,No
Luna Minoica,Hotel,http://www.lunaminoica.it/,0922 155 3712,c.da Bovo Marina,Montallegro,,,https,WordPress,No,Google LLC,37,63,85.00,Sì,No
Il Postiglione Hotel - Sala Ricevimenti Minturno,Hotel,https://albergo-il-postiglione.albergo.top/,334 987 5480,"SS7, 1448",Minturno,,,https,WordPress,No,Contabo GmbH,55,88,92.00,Sì,No
Villa Erakle,Villa,https://villaerakle.com/,091 687 0639,C73V+C7J,Cattolica Eraclea,,booking@villaerakle.com,https,WordPress,Sì,Netsons s.r.l.,62,81,85.00,Sì,No
La Porta del Sud B&B,Bed & Breakfast,,347 706 8378,"SP328 - loc. Romano, fraz",San Castrese,,,,,,,,,,,
Acquamarina Rooms,Bed & Breakfast,http://www.acquamarinarooms.it/,327 342 6562,"Via Giuseppe Verdi, 54",Castellammare del Golfo,,,https,React,Sì,Google LLC,68,91,100.00,Sì,No
White,Bed & Breakfast,https://goo.gl/AnU1WP,339 113 4202,"Via Segesta, 46",Castellammare del Golfo,,nome1@esempio.com,https,Odoo,Sì,Google LLC,34,47,100.00,Sì,No
Il Gelso Nero,Hotel,,335 818 7482,"SP5 Strada per Licodia km 1, N 60",Vittoria,,,,,,,,,,,
Hotel Mida,Hotel,http://www.hotelmida.it/,0932 871430,"Via delle Seppie, 4",Scoglitti,,h.hotelmida@tin.it,https,WordPress,No,Hetzner Online GmbH,61,91,85.00,Sì,No
Affittacamere Aurorooms,Bed & Breakfast,https://www.aurorooms.com/,379 261 9009,"Via Venezia, 33",Scoglitti,,aurorooms.scoglitti@gmail.com,https,React,No,Keliweb S.R.L,87,98,100.00,Sì,No
Hotel Palm Beach,Hotel,https://www.palmbeach.it/,0421 961317,"Viale Oriente, 50",Lido di Jesolo,,info@palmbeach.it,https,WordPress,Sì,Hetzner Online GmbH,56,81,92.00,Sì,No
Hotel Christian,Hotel,https://www.hotelchristian.info/it/family-hotel-jesolo/1-0.html,0421 362264,"Via Olanda, 150",Lido di Jesolo,,christian@hotelchristian.info,https,React,Sì,Retelit Digital Services S.p.A.,64,72,92.00,Sì,No
Hotel Gritti,Hotel,http://www.hotelgritti.it/,339 342 2512,"Via dei Pioppi, Via dei Pioppi 4° Accesso al Mare, 4",Jesolo,,booking@hotelgritti.it,https,WordPress,No,Amazon Technologies Inc.,52,66,92.00,Sì,No
Hotel Silva,Hotel,http://www.albergosilva.it/,0421 380398,"Via Dalmazia 5° Accesso al Mare di, Via Dalmazia, 10",Lido di Jesolo,,info@albergosilva.it,https,ASP.NET,No,Aruba S.p.A. Network,65,90,91.00,Sì,No
Hotel Suez,Hotel,http://www.hotelsuezjesolo.com/,0421 381335,"Via Dante Alighieri, 84",Lido di Jesolo,,info@hotelsuezjesolo.com,https,WordPress,No,Aruba S.p.A.,32,63,85.00,Sì,No
Hotel Palme Jesolo,Hotel,http://www.palmehotel.it/,0421 371015,"Via Padova, 30",Lido di Jesolo,,info@palmehotel.it,https,WordPress,No,Netsons s.r.l.,60,87,100.00,Sì,No
Hotel Touring,Hotel,http://www.hoteltouringjesolo.it/,0421 380642,"Via Andrea Bafile, 205",Jesolo,,info@hoteltouringjesolo.it,https,Drupal,No,Netsons Network,62,69,92.00,Sì,No
Hotel Arma,Hotel,http://www.hotelarma.it/,0184 461018,Via Aurelia Levante,Arma di Taggia,,info@hotelarma.it,https,Webflow,Sì,Amazon Technologies Inc,78,96,100.00,Sì,No
Albergo Giuan Classic Arma di Taggia,Bed & Breakfast,http://www.giuan.it/,329 098 0683,"Via Cristoforo Colombo, 290",Arma di Taggia,,info@giuan.it,https,WordPress,Sì,"Amazon.com, Inc.",60,84,83.00,Sì,No
Hotel Panorama,Hotel,https://www.panoramahoteljesolo.com/,0421 370145,"Via Bafile, 343",Lido di Jesolo,,,https,Shopify,No,"DigitalOcean, LLC",39,59,92.00,Sì,No
B&B Miro,Bed & Breakfast,http://www.bbmiro.com/,347 088 1352,"Via Castelletti, 154",Arma di Taggia,,info@bbmiro.com,https,WordPress,No,"Amazon.com, Inc.",64,86,91.00,Sì,No
Hotel Ideal,Hotel,http://www.hotel-ideal.it/,351 622 3215,"Via Lungomare, 25",Arma di Taggia,,info@albergoideal.net,https,React,No,"Automattic, Inc",71,95,92.00,Sì,No
Blue Beach Villaggio Turistico,Hotel,https://www.bluebeachbungalows.com/,328 124 9988,"Via Al Mare, 183",Bussana,,bluebeachbussana@gmail.com,https,Joomla,Sì,Aruba S.p.A. Network,56,87,100.00,Sì,No
Albergo Graziella Arma di Taggia,Hotel,https://graziellahotel.it/,349 651 7822,"Via Lido, 3",Arma di Taggia,,,https,Shopify,No,Hosting Ukraine LTD,67,91,100.00,Sì,No
B&B Latina,Bed & Breakfast,https://www.bblatina.it/,335 677 8621,Via L. Bonanni,Latina,,,https,Weebly,No,"Amazon.com, Inc.",73,95,100.00,Sì,No
Bed and Breakfast Sirio,Bed & Breakfast,,320 358 7393,Strada Schiazza 1 Traversa Strada Sabotino (Km 1.800,Latina,,,,,,,,,,,
Albergo Luisella Di Bianchini Luisa,Hotel,https://albergo-luisella.bellaitaliatrips.top/,0184 42454,"Via Marco Polo, 5",Taggia,,,https,WordPress,No,Contabo GmbH,61,86,85.00,Sì,No
Villa Primavera B&B,Bed & Breakfast,http://www.villaprimaveralatina.it/,348 331 0314,"Strada Isonzo Km 5,200",Latina,,info@villaprimaveralatina.it,http,React,No,Aruba S.p.A.,71,98,100.00,Sì,No
Hotel Europa,Hotel,,0184 840512,"Via della Stazione, 137",Arma di Taggia,,,,,,,,,,,
Carmen Garden B&B,Bed & Breakfast,,328 897 7958,"Fondamenta Pontinello Destra, 481",Venezia,,,,,,,,,,,
Casa Burano,Hotel,http://www.casaburano.it/,041 527 2281,San Martino Sinistro 506 Isola di,Venezia,,info@casaburano.it,https,WordPress,Sì,Hetzner Online GmbH,39,82,77.00,Sì,No
CA´Burano,Alloggio turistico,http://burano.biz/,328 954 4347,"Str. di Corte Comare, 262",Venezia,,info@burano.biz,http,ASP.NET,No,Aruba S.p.A. Network,66,93,100.00,Sì,No
Affittacamere Laguna Blu,Bed & Breakfast,,041 730650,"Calle Daffan, 431",Venezia,,,,,,,,,,,
Hotel Rivamare,Hotel,http://www.hotelrivamare.com/?utm_source=google&utm_medium=organic&utm_campaign=GoogleMyBusiness,041 526 0352,"Lungomare Guglielmo Marconi, 44",Venezia,,info@hotelrivamare.com,https,Shopify,Sì,Google LLC,60,83,100.00,Sì,No
Hotel Corso,Hotel,http://www.hotelcorsosanremo.com/,0184 509911,"Corso Felice Cavallotti, 194",Sanremo,,,https,WordPress,No,"Cloudflare, Inc.",57,69,83.00,Sì,No
B&B Li Minnanni,Bed & Breakfast,,338 137 6137,"Via Asti, 47",Olbia,,,,,,,,,,,
B&B SA MENDULA,Bed & Breakfast,,333 443 8657,S.S. 129 Km. 34,Oliena,,,,,,,,,,,
Hotel Villa Mabapa,Hotel,https://www.villamabapa.com/,041 526 0590,"Riviera S. Nicolò, 16",Lido,,help@villamabapa.com,https,Joomla,No,Hetzner Online GmbH,64,87,100.00,Sì,No
International Hotel,Hotel,http://www.international-hotel.it/,041 968108,"Corso Italia, 15",Cavallino,,info@international-hotel.it,https,ASP.NET,Sì,Netsons s.r.l.,43,61,77.00,Sì,No
Hotel Derby,Hotel,http://www.derbyhotel.it/,0421 371063,"Via Padova, 72",Jesolo,,info@derbyhotel.it,https,React,Sì,Netsons s.r.l.,45,72,85.00,Sì,No
Hotel AMALFI,Hotel,http://www.hotel-amalfi.it/,0421 971631,"Via Giuseppe Verdi, 73",Lido di Jesolo,,,https,Wix,Sì,Google LLC,65,97,100.00,Sì,No
La Maison Hotel,Hotel,http://www.lamaisonhotel.it/,0421 566338,"Via Antonio Pigafetta, 10",Lido di Jesolo,,,https,Wix,Sì,Google LLC,51,92,100.00,Sì,No
Junior Family | hotel & apartments,Hotel,https://www.junior-family.it/?utm_source=google&utm_medium=organic&utm_campaign=GoogleMyBusiness,041 968123,"Corso Italia, 10",Cavallino-Treporti,,,https,WordPress,Sì,OVH SAS,51,60,77.00,Sì,No
Art & Park Union Lido | Hotel 4 Stelle Superior,Hotel,https://www.unionlido.com/collection/hotel-park-resort-cavallino/,041 968043,"Via Fausta, 270",Cavallino-Treporti,,,https,React,Sì,"Amazon.com, Inc.",47,73,92.00,Sì,No
The Green Park Hotel,Hotel,https://www.baiaholiday.com/the-green-park-hotel/?utm_source=google&utm_medium=organic&utm_campaign=GMB,041 966133,"Via delle Batterie, 166",Cavallino-Treporti,,info@baiaholiday.it,https,WordPress,No,Google LLC,56,61,92.00,Sì,No
HOTEL LAURA,Hotel,https://www.hotel-laura.com/?utm_source=google&utm_medium=mybusiness&utm_campaign=sito_ufficiale,041 537 0244,"Via Costanziaca, 3",Ca' Ballarin,,info@hotel-laura.com,https,Shopify,Sì,Server Plan S.r.l.,65,80,92.00,Sì,No
Hotel Aldebaran,Hotel,http://www.hotel-aldebaran.it/,0421 371075,"Via Enrico Dandolo, 12",Lido di Jesolo,,info@hotel-aldebaran.it,https,Wix,Sì,Google LLC,84,94,100.00,Sì,No
Eureka,Hotel,,329 796 2508,"Via Adige, 79",Ca' Savio,,,,,,,,,,,
Hotel Fortuna,Hotel,https://www.hotelscheck-in.com/hotelfortunacavallino/it/,041 537 1165,"Via Fausta, 313",Treporti,,,https,Shopify,No,"Cloudflare, Inc.",45,74,85.00,Sì,No
Ute Hotel,Hotel,http://www.hotelute.com/,0421 971416,"Via Gorizia, 41",Lido di Jesolo,,,https,WordPress,No,"Cloudflare, Inc.",57,85,92.00,Sì,No
Hotel Taormina,Hotel,http://www.hoteltaormina.info/,0421 371231,"Via Giuseppe Verdi, 15",Lido di Jesolo,,info@hoteltaormina.info,https,WordPress,Sì,Hetzner Online GmbH,57,79,92.00,Sì,No
Hotel Trevi,Hotel,http://www.hoteltrevijesolo.it/,0421 971762,"Via Padova, 26",Lido di Jesolo,,booking@hoteltrevijesolo.it,https,WordPress,Sì,Amazon Technologies Inc.,51,45,92.00,Sì,No
Hotel Boutique Blumarin,Hotel,http://www.hotelblumarin.it/,331 402 0001,"Via Giuseppe Verdi, 13",Lido di Jesolo,,info@hotelblumarin.it,https,Drupal,No,Netsons s.r.l.,0,95,92.00,Sì,No
Hotel Malibran Jesolo,Hotel,http://www.malibranhotel.com/,0421 972743,Via Andrea Bafile 27° Access al Mare,Lido di Jesolo,,,https,Angular,No,"Cloudflare, Inc.",56,79,92.00,Sì,No
Hotel Nuovo Cason,Hotel,https://www.nuovocason.com/hotel,351 694 4330,"Corso Europa, 15",Cavallino-Treporti,,,https,ASP.NET,Sì,"Cloudflare, Inc.",56,45,45.00,Sì,No
Garni Tosca,Hotel,http://www.garnitosca.it/,0421 370290,"Via Bafile, 462",Lido,,info@garnitosca.it,https,Joomla,Sì,Serverplan S.r.l.,71,98,83.00,Sì,No
B&B Da Noi Due Taranto,Bed & Breakfast,http://www.danoidue.net/,331 842 4272,"Corso Umberto I, 131",Taranto,,info@danoidue.net,http,WordPress,Sì,Servereasy Srl,60,92,85.00,Sì,No
Laura Suite,Bed & Breakfast,,350 032 6763,"Via Cesare Battisti, 117",Taranto,,,,,,,,,,,
Hotel Verdi,Hotel,http://www.hotelverdijesolo.com/,0421 972421,"Via Giuseppe Verdi, 20",Jesolo,,,https,Shopify,No,"DigitalOcean, LLC",55,51,92.00,Sì,No
La Maison Barbin,Bed & Breakfast,https://lamaisonbarbin.traveleto.com/,392 214 3969,"Via Giuseppe Massari, 16",Taranto,,,https,Shopify,No,"Cloudflare, Inc.",56,81,92.00,Sì,No
Dolce notte🛏️,Bed & Breakfast,,342 151 1751,"Via F. Crispi, 58",Taranto,,,,,,,,,,,
B&B il MaRì,Bed & Breakfast,http://www.ilmaritaranto.wordpress.com/,346 943 7542,"Via Regina Elena, 97",Taranto,,ilmaritaranto@gmail.com,http,WordPress,No,"Automattic, Inc",66,92,100.00,Sì,No
Bed and Breakfast Silvana,Bed & Breakfast,https://www.hotelitalian.com/bed-and-breakfast-silvana/,349 551 7494,"Via Carlo Sforza, 3",Taranto,,,https,WordPress,No,"Cloudflare, Inc.",88,98,92.00,Sì,No
Il Melograno,Hotel,https://www.hotelitalian.com/bb-il-melograno-taranto/,329 113 9186,"Via Giuseppe Mazzini, 132",Taranto,,,https,WordPress,No,"Cloudflare, Inc.",70,92,92.00,Sì,No
Winning Apartments B&B,Bed & Breakfast,https://winningapartments.it/,392 223 6250,"V.le Liguria, 16",Taranto,,,https,Shopify,Sì,Aruba S.p.A.,33,44,100.00,Sì,No
B&B Poseidone,Bed & Breakfast,https://www.hotelitaliaweb.com/bb-poseidone/,346 226 6772,"Via Cataldo Nitti, 105",Taranto,,,https,WordPress,No,"Cloudflare, Inc.",75,95,92.00,Sì,No
Hotel Edera Jesolo,Hotel,http://www.hoteledera.info/,0421 971942,"Via Gorizia, 36",Jesolo,,info@hoteledera.info,https,Angular,Sì,Hetzner Online GmbH,57,77,92.00,Sì,No
Country house Salome',Ristorante,http://countryhousesalome.it/en/index.html,329 228 6060,"Via Salsi, 40\a",Musile di Piave,,info@countryhousesalome.it,https,Mobirise,No,Netsons s.r.l.,92,97,100.00,Sì,No
Hotel Stockholm,Hotel,http://www.hotelstockholm.it/,0421 371235,"Via dei Mille, 19",Lido di Jesolo,,booking@hotelstockholm.it,https,WordPress,No,Amazon Technologies Inc.,59,76,92.00,Sì,No
Hotel Arizona,Hotel,http://www.hotelarizonajesolo.it/,0421 971936,"Via Padova, 42",Lido di Jesolo,,arizona@jesololido.it,https,Shopify,No,Hostinger International Limited,62,97,100.00,Sì,No
B&B Ca'Ortensia,Bed & Breakfast,http://bbcaortensia.it/,327 756 2323,"Via della Chiesa, 3",Marteggia,,,https,WordPress,No,Aruba S.p.A. Network,62,87,92.00,Sì,No
B&B SantAndreas',Bed & Breakfast,,349 292 9602,"Calle Ponte Sant'Andrea, 755",Chioggia,,,,,,,,,,,
Casa del capitano,Bed & Breakfast,,329 192 8928,"Calle Luccarini, 805",Chioggia,,,,,,,,,,,
Hotel Meryon Snc,Hotel,https://www.hotelmeryon.it/,041 490077,"Via Vega, 26",Chioggia,,info@hotelmeryon.it,https,Basekit,No,Aruba S.p.A.,44,64,100.00,Sì,No
Hotel Grand Prix,Hotel,http://www.hotelgrandprix.it/,041 491167,"Viale Mediterraneo, 30",Chioggia,,info@hotelgrandprix.it,https,WordPress,No,SEEWEB s.r.l.,56,75,85.00,Sì,No
Hotel Neps Jesolo Lido,Hotel,https://hotelneps.com/jesolo/,0421 631152,"Via Andrea Bafile, 371",Lido di Jesolo,,info@hotelneps.com,https,WordPress,Sì,GENESYS,56,57,92.00,Sì,No
Agriturismo Zennare,Agriturismo,http://www.zennare.it/,348 279 3586,"Via Zennare, 33 30015",Ca' Bianca,,,https,WordPress,No,Aruba S.p.A. Network,19,38,85.00,Sì,No
Hotel Ammare,Hotel,https://www.ammarehotel.it/,041 097 0116,"Viale Piemonte, 3",Chioggia,,info@ammarehotel.it,https,WordPress,Sì,OVH ISP,64,77,85.00,Sì,No
B&B Nuovo Capo Altano,Bed & Breakfast,,338 821 1785,"Via Sergi, 2",Portoscuso,,,,,,,,,,,
BED AND BREAKFAST IL Nido SANT'ANTIOCO,Bed & Breakfast,http://ilnidobeb.it/,349 730 1923,"Via Nazionale, 110",Sant'Antioco,,,http,ASP.NET,No,Aruba S.p.A. Network,61,67,100.00,Sì,No
B&B Del Viale,Bed & Breakfast,http://www.delviale.com/,328 724 2187,"Viale Della Libertà, 1",Bacu Abis,,,https,ASP.NET,No,B-Host.it Internet Services,45,61,85.00,Sì,No
B&B Su Matutzu,Alloggio completo di servizi,http://www.sumatutzu.it/,0781 696141,Via I' Maggio,Matzaccara,,,https,WordPress,No,Aruba S.p.A.,62,93,85.00,Sì,No
Balabuska Rooms & Garden,Hotel,http://www.balabuskarooms.it/,389 285 7340,"Str. Romea, 8/b",Codevigo,,info@balabuskarooms.it,https,WordPress,Sì,Aruba S.p.A.,56,67,77.00,Sì,No
Bed and Breakfast Dolly,Pensione,http://www.tuttosantantioco.it/pubblicita/Dolly/index.htm,348 462 9428,"Via della Rinascita, 26",Sant'Antioco,,,https,ASP.NET,No,Aruba S.p.A. Network,100,100,82.00,Sì,No
Panoramic Studio Carloforte,Hotel,https://carlofortesuites.kross.travel/,379 202 0187,"Via Enrico Berlinguer, 14",Carloforte,,,https,WordPress,No,"Cloudflare, Inc.",57,90,85.00,Sì,No
Piccola Venezia Room,Hotel,http://www.piccolaveneziaroom.it/,329 326 6289,"Calle Fidado, 486",Chioggia,,info@casavacanzechioggia.it,https,WordPress,No,Aruba S.p.A.,56,64,92.00,Sì,No
Ristorante 1° Maggio hotel paola,Ristorante,https://www.hotelpaolacarloforte.it/ristorante-1-maggio/,0781 850098,"strada Punta, km 2",Tonnare,,,https,WordPress,No,Aruba S.p.A.,88,100,100.00,Sì,No
B&b Paolo e Daniela,Bed & Breakfast,https://www.hotelscheck-in.com/b-amp-b-paolo-e-daniela-carbonia-italy/it/,338 757 2408,"Via Sebastiano Satta, 1021",Carbonia,,,https,React,No,"Cloudflare, Inc.",36,76,85.00,Sì,No
B&B Il Sogno di Mario,Bed & Breakfast,https://bb-il-sogno-di-mario.camerainitalia.top/,320 092 8577,"Via Lubiana, 186",Carbonia,,,https,WordPress,No,Contabo GmbH,52,83,85.00,Sì,No
Athena Resort,Hotel,https://www.athenaresort.com/,391 704 9299,SP 14 Castiglione-Scoglitti,Ragusa,,info@athenaresort.com,https,WordPress,No,Server Plan S.r.l.,65,84,100.00,Sì,No
B&B Il Piccolo Attico,Bed & Breakfast,http://www.ilpiccoloattico.it/,0933 339020,"Via Infermeria, 82",Caltagirone,,info@ilpiccoloattico.it,https,Shopify,Sì,Aruba S.p.A. Network,53,90,100.00,Sì,No
B&B Carilla,Bed & Breakfast,https://www.bed-and-breakfast.it/it/sardegna/carilla-bb-carloforte/57306?refresh,333 913 5659,"Via Bruno Danero, 5",Carloforte,,,https,Magento,Sì,"Amazon.com, Inc.",51,60,92.00,Sì,No
B&B Il Piccolo Verde,Bed & Breakfast,http://il-piccolo-verde.com.es/,334 907 4300,"Piazzale Trieste, 1",Terranuova Bracciolini,,,http,WordPress,No,arsys.es,68,0,92.00,Sì,No
L'Araucaria,Alloggi al coperto,http://www.araucaria.it/,339 116 4055,Contrada Serramezzana 289,Santa Croce Camerina,,,https,Squarespace,No,"Amazon.com, Inc.",77,95,100.00,Sì,No
B&B L'Albero dei Limoni,Bed & Breakfast,http://www.alberodeilimoni.com/,347 865 1902,"V. Galileo Galilei, 14",Portoscuso,,info@alberodeilimoni.com,https,WordPress,Sì,Aruba S.p.A.,60,77,100.00,Sì,No
La Valle Verde,Hotel,,0963 394036,contrada crita,Zambrone,,,,,,,,,,,
Hotel La Praia,Hotel,http://www.lapraia.it/,0963 392086,"Via del Mare, 18",Zambrone,,info@lapraia.it,https,Shopify,Sì,Server Plan S.r.l.,68,87,92.00,Sì,No
civico 30 bis,Bed & Breakfast,,331 996 5193,"Via Provinciale, 30",Santa Domenica,,,,,,,,,,,
Casolare Al Porto,Bed & Breakfast,,346 739 7725,Contrada La Grazia,Tropea,,,,,,,,,,,
Hotel Garni Simplon,Hotel,,+41 27 946 25 70,Thermalbadstrasse 75,Brigerbad,,,,,,,,,,,
Hotel Baia Di Trainiti,Hotel,http://www.baiaditrainiti.it/,0963 567522,"Localita, Contrada Trainiti",Porto Salvo,,info.baiaditrainiti@gmail.com,https,React,No,"Cloudflare, Inc.",38,45,92.00,Sì,No
Bildungshaus St. Jodern,Hotel,http://www.stjodern.ch/,+41 27 946 74 74,St. Jodernstrasse 17,Visp,,info@stjodern.ch,https,Joomla,No,Webland AG,67,79,100.00,Sì,No
Villaggio Residence Quattro Scogli,Villaggio di casette da campeggio,http://www.quattroscogli.it/,0963 663126,Località Grotticelle 89865,San Nicolò,,,https,Joomla,Sì,Aruba S.p.A.,46,69,100.00,Sì,No
Agriturismo Seaview,Ristorante,http://www.agriturismoseaview.com/,0963 663201,Località Petto Bianco,Capo Vaticano,,,https,React,No,Google LLC,55,69,100.00,Sì,No
Marienheim,Hotel,http://www.guesthouse-stursula.ch/,+41 27 607 19 85,Alte Simplonstrasse 34,Brig,,,https,WordPress,No,Infomaniak Network SA,62,72,92.00,Sì,No
Hotel Garni zur weide,Hotel,,+41 76 275 62 31,Weidenweg 215,Brig,,,,,,,,,,,
Olympica,Hotel,http://www.olympica.ch/,+41 27 924 35 50,Industriestrasse 94,Brig,,,https,WordPress,No,METANET AG,87,99,92.00,Sì,No
Hotel Monte-Leone,Hotel,http://www.hotelmonteleone.ch/,+41 27 979 12 58,Simplonpass,Simplon,,,https,Duda,No,Hetzner Online GmbH,55,67,100.00,Sì,No
B&B La Terrazza Sul Borgo,Bed & Breakfast,https://www.ortonarooms.com/,347 231 7295,"Via Della Fonte, 16",Villa Caldari,,ortonarooms@gmail.com,https,WordPress,No,"Cloudflare, Inc.",53,60,92.00,Sì,No
B&B La Casetta,Bed & Breakfast,https://bb-la-casetta.camerainitalia.top/,339 189 1672,"Contrada Santa Lucia, Snc",Ortona,,,https,React,No,Contabo GmbH,60,88,85.00,Sì,No
MA.DI,Bed & Breakfast,https://www.madibeb.it/,347 913 0767,"Contrada Santa Calcagna, 69",Rocca San Giovanni,,,http,WordPress,No,Aruba S.p.A. Network,63,81,100.00,Sì,No
B&B AMERIGO VESPUCCI,Bed & Breakfast,https://www.bbamerigovespucci.it/,327 185 5242,"Via A. Vespucci, 16",Marina di San Vito,,bebvespucci@gmail.com,https,React,No,Aruba S.p.A.,56,78,92.00,Sì,No
La Chiave dei Trabocchi,Hotel,https://www.lachiavedeitrabocchi.it/,0872 61682,"Contrada Portelle, 77",Marina di San Vito,,info@lachiavedeitrabocchi.it,https,WordPress,Sì,Aruba S.p.A. Network,56,74,85.00,Sì,No
Bed&Breakfast Stella Dell'Adriatico,Bed & Breakfast,https://beb.it/bbstelladelladriatico,392 064 1813,"Contrada Feudo, 36",Ortona,,,https,Weebly,No,"Amazon.com, Inc.",72,95,100.00,Sì,No
Le Casette De Teresa,Bed & Breakfast,https://appartamenti-le-casette-di-teresa.italiahotels.top/,334 765 7770,Lido Riccio,Ortona,,,https,React,No,Contabo GmbH,60,85,85.00,Sì,No
B&B Cala Chiara,Bed & Breakfast,http://www.bedandbreakfastcalachiara.com/,393 837 4100,"Viale Europa, 14",Lido Riccio,,,https,Shopify,Sì,SEEWEB s.r.l.,56,72,77.00,Sì,No
B&B Le Quattro Stagioni,Bed & Breakfast,,340 614 9904,Via Chiusedda,La Maddalena,,,,,,,,,,,
B&B Gàttina,Bed & Breakfast,https://www.bbgattina.it/,320 853 0721,"Contrada Gàttina, 11/a",Naso,,,https,Magento,No,"Amazon.com, Inc.",69,94,100.00,Sì,No
Residence Bianca Lancia Brolo,Residence,,393 978 0781,"Via Onorevole A. Germanà, 27",Brolo,,,,,,,,,,,
TownHouse Piraino,Bed & Breakfast,http://townhousepiraino.it/,347 312 3854,"Via Giuseppe Garibaldi, 85",Gliaca,,rosariocondipodaro@gmail.com,https,React,No,Amazon Technologies Inc.,62,91,100.00,Sì,No
B&B SCIARAMMOLA,Bed & Breakfast,,338 874 5776,Contrada Scarpilia n. 44/A,Patti,,,,,,,,,,,
B&B Incantevole Vicolo,Hotel,http://www.bbincantevolevicolo.it/,329 413 8562,"Via Umberto I, 3",Piraino,,,http,ASP.NET,No,Aruba S.p.A. Network,70,95,91.00,Sì,No
B&B Mare Blu,Bed & Breakfast,,328 778 5404,"Contrada Mangano, 3",Gioiosa Marea,,,,,,,,,,,
Magico Appartamenti Scafa,Bed & Breakfast,https://www.casevacanzacapodorlando.it/,351 888 5869,Magico Appartamenti Scafa Ss113 Km 101 accanto casello ANAS,Capo d'Orlando,,info@magicoappartamenti.it,https,WordPress,Sì,Aruba S.p.A.,65,87,100.00,Sì,No
Hotel Il Gattopardo,Hotel,http://www.gattopardobrolo.it/,0941 561412,"Via Marina, 69",Brolo,,info@gattopardobrolo.it,http,ASP.NET,No,Aruba S.p.A. Network,64,86,82.00,Sì,No
Villa Gisira - Luxury SPA,Casa per vacanze,https://villagisira.com/,351 581 9939,"Contrada Gisira, 111D",Brucoli,,,https,Shopify,No,Simply Transit Ltd,60,79,100.00,Sì,No
Il Giardino di Zefiro,Bed & Breakfast,http://ilgiardinodizefiro.it/,339 701 3091,Via Statale Saliceto 45,Gioiosa Marea,,,https,Joomla,Sì,"Cloudflare, Inc.",33,47,100.00,Sì,No
In Riva al Mare Bed & Breakfast - Codice CIN: IT083009C17OGTBKMP,Bed & Breakfast,https://www.inrivaalmare.net/,345 932 5511,"Via Trazzera Marina, 264",Capo d'Orlando,,info@inrivaalmare.net,https,Angular,No,Aruba S.p.A. Network,56,60,100.00,Sì,No
Capo Campolato Hotel & Banqueting,Hotel,http://www.capocampolato.com/,0931 981022,Contrada Campolato,Brucoli,,info@capocampolato.com,https,Odoo,Sì,Aruba S.p.A,57,72,100.00,Sì,No
B&B Acquamarina,Bed & Breakfast,https://beb.it/acquamarinavillasimius,328 751 8165,"Via A. Serra, 4",Villasimius,,,https,React,No,"Amazon.com, Inc.",54,92,100.00,Sì,No
Venus Sea Garden Hotel,Hotel,https://www.hotelscheck-in.com/venus-sea-garden-hotel/it/,0931 998946,"Via Pantelleria, 22",Augusta,,,https,Joomla,No,"Cloudflare, Inc.",41,0,85.00,Sì,No
Villa Granito - Luxury Holidays in Sardinia,Villa,https://luxuryholidaysinsardinia.kross.travel/,333 687 2878,Località Cala Sinzias,Castiadas,,,https,Shopify,No,"Cloudflare, Inc.",56,94,85.00,Sì,No
B&B Simius Bay,Bed & Breakfast,http://www.simiusbay.it/home-it.html,070 792 8172,"Via G. Mazzini, 42",Villasimius,,info.simiusbay@gmail.com,http,ASP.NET,No,Aruba S.p.A. Network,63,91,91.00,Sì,No
S’Apposentu (La Camera),Bed & Breakfast,http://www.sapposentu.net/,320 465 1302,"Via Tiziano, 22",Villasimius,,villasimius@sapposentu.net,https,Shopify,No,Aruba S.p.A. Network,52,55,85.00,Sì,No
B&B Villa Luisella,Bed & Breakfast,http://tap.bio/@VillaLuisella,348 855 8515,"Via dei Ginepri, 12",L'annunziata,,,https,Shopify,No,"Fastly, Inc.",83,74,82.00,Sì,No
Cala Caterina Guest House Villa,Villa,https://www.hotelcalacaterina.it/,371 418 3046,"Via Lago Maggiore, 54",Villasimius,,info@hotelcalacaterina.it,https,ASP.NET,Sì,OVH SAS,52,56,92.00,Sì,No
B&B Il Piccolo Giardino,Bed & Breakfast,https://beb.it/ilpiccologiardino,349 534 6461,"Via Michelangelo, 19",Villasimius,,,https,Weebly,No,"Amazon.com, Inc.",75,100,100.00,Sì,No
Domu Ajaju Guest House,Hotel,,351 793 8091,"Via Regina Elena, 6",Villasimius,,,,,,,,,,,
B&B I Graniti Sardi,Bed & Breakfast,http://www.bedandbreakfastigraniti.com/,339 845 8802,"Viale dei Carrubi, 10",Villasimius,,info.igranitibb@tiscali.it,https,ASP.NET,No,Aruba S.p.A. Network,63,99,0.00,Sì,No
Su Mari Rooms - Guest House,Hotel,https://www.giacosrooms.it/guest-house/,351 400 1025,"Via Vittorio Emanuele II, 130a",Villasimius,,info@giacosrooms.it,https,WordPress,No,Aruba S.p.A.,63,95,85.00,Sì,No
Hotel Sa Cralla,Hotel,http://www.hotelsacralla.it/,070 887 6582,"Via Gaetano Donizetti, 2",Villasimius,,info@hotelsacralla.it,https,React,No,Aruba S.p.A.,54,59,75.00,Sì,No
Bed and Breakfast La Rosa dei Venti,Bed & Breakfast,http://www.bedandbreakfastvillasimius.it/,348 869 7130,"Via Michelangelo, 54",Villasimius,,info@bedandbreakfastlarosadeiventi.it,https,Angular,No,Server Plan S.r.l.,75,86,100.00,Sì,No
Residence Baia Salinedda,Hotel,https://www.residencebaiasalinedda.it/,0784 834018,Località Salinedda,San Teodoro,,info@residencebaiasalinedda.it,https,React,No,Aruba S.p.A.,74,99,92.00,Sì,No
Hotel l'Esagono,Hotel,http://www.hotelesagono.com/,0784 865783,"Via Cala D'Ambra, 141",San Teodoro,,,https,WordPress,Sì,Netsons Network,44,51,77.00,Sì,No
B&B Nonna Francesca,Bed & Breakfast,http://www.nonnafrancesca.it/,333 827 6822,"Via Fratelli Cervi, 58",Patti,,cofissrl@pec.it,https,React,No,Aruba S.p.A. Network,71,96,85.00,Sì,No
Barone Montefeo,Agriturismo,,0941 630956,Via Pio la Torre,Colla Maffone,,,,,,,,,,,
Bed & Breakfast 5 Di Spade,Bed & Breakfast,http://www.5dispade.it/,333 431 8988,"Via Umberto I°, 138",Gioiosa Marea,,,https,WordPress,Sì,Google LLC,81,98,100.00,Sì,No
B&B Villa Zia Febronia,Bed & Breakfast,https://villaziafebronia.it/,347 095 5132,"Contrada S. Paolo, 3",Patti,,,https,WordPress,No,"Cloudflare, Inc.",56,64,77.00,Sì,No
bed and breakfast in sicilia mare,Bed & Breakfast,https://bed-and-breakfast-in-sicilia-mare.guideditalia.top/,349 265 3030,"Via Francesco Crispi, 11",Gioiosa Marea,,,https,React,No,Contabo GmbH,59,86,85.00,Sì,No
Hotel Baia Aranzos,Hotel,http://www.baiaaranzos.it/,079 097 7929,"via, Spiaggia Sos Aranzos, 8",Golfo Aranci,,info@baiaaranzos.it,https,WordPress,No,Amazon Technologies Inc.,56,84,85.00,Sì,No
Michelangelo's House,Bed & Breakfast,https://beb.it/michelangelohouse/it/,320 186 5264,"Contrada Cicà, 42",Gioiosa Marea,,,https,Vue,No,"Amazon.com, Inc.",96,96,100.00,Sì,No
Affittacamere da chris,Bed & Breakfast,,342 096 0343,"Via Nazionale Pentimele, 87/a/scala A 6",Reggio di Calabria,,,,,,,,,,,
B&B Il Girasole,Bed & Breakfast,http://www.ilgirasolecapodorlando.com/,0941 957480,"Contrada Tavola Grande, 90",Capo d'Orlando,,info@ilgirasolecapodorlando.com,https,React,Sì,Aruba S.p.A.,60,76,85.00,Sì,No
B&B Tifeo,Bed & Breakfast,http://www.bebtifeo.it/,389 129 0951,"Via Marina, 146",Villafranca Tirrena,,info@bebtifeo.it,http,Joomla,No,Aruba S.p.A.,47,56,100.00,Sì,No
B&B Villa Agrumé,Bed & Breakfast,http://villagrume.it/,393 574 0189,"Via Luigi Einaudi, 10",Messina,,,http,Nicepage,No,OVH SAS,86,100,91.00,Sì,No
B&B Rometta Beach,Bed & Breakfast,http://bbromettabeach.it/,349 812 8373,"Via Caterina Carbone, 82",Rometta Marea,,,https,React,No,"Amazon.com, Inc.",60,82,100.00,Sì,No
B&B Mare di Fuori,Bed & Breakfast,https://maredifuori.com/,349 569 7655,"Via Sassari, ang, Via XXI Aprile, 51",Stintino,,john@doe.com,https,WordPress,Sì,"Cloudflare, Inc.",72,88,100.00,Sì,No
Affittacamere Sabbia&Mare,Bed & Breakfast,,327 491 6360,"Via Ettore Sacchi, 114 B/Interno B",Porto Torres,,,,,,,,,,,
Albergo Lina,Hotel,http://www.linahotel.it/,079 523071,"Via Lepanto, 30",Stintino,,,https,Shopify,Sì,Aruba S.p.A.,37,48,100.00,Sì,No
Hotel Cala Reale,Hotel,http://www.calareale.it/,079 523127,"Via Cala di Rena, 1",Stintino,,info@calareale.it,https,React,Sì,"Cloudflare, Inc.",52,63,92.00,Sì,No
Ancòramare,Hotel,https://www.ancoramare.com/,348 718 3683,"Via la Cruzitta, 81",Stintino,,,https,Joomla,No,Aruba S.p.A.,59,93,82.00,Sì,No
B&B Il Gatto Pescatore,Bed & Breakfast,http://www.bed-and-breakfast.it/pagina.cfm?ID=18994&idregione=14,333 241 8369,Via Lungomare C. Colombo 101/a,Stintino,,,https,WordPress,Sì,"Amazon.com, Inc.",62,85,92.00,Sì,No
103 Boutique Hotel Stintino,Hotel,https://www.103stintino.com/,391 731 5997,"Lungomare Cristoforo Colombo, 103",Stintino,,commerciale@stintinohotels.com,https,React,Sì,Aruba S.p.A.,35,64,85.00,Sì,No
B&B Scogli Bianchi,Bed & Breakfast,http://bbscoglibianchi.blogspot.it/,380 633 1827,"SP59, 28",Lido di Noto,,,https,React,No,Google LLC,87,84,92.00,Sì,No
B&B Villa Midolo,Bed & Breakfast,,345 714 3020,Lungomare Ionio,Lido di Noto,,,,,,,,,,,
Hybla Major B&B,Bed & Breakfast,http://www.hyblamajor.com/,345 845 5204,"Via Baracca, 8",Avola,,,https,Typo3,No,"Amazon.com, Inc.",73,99,100.00,Sì,No
Hotel Armonia Noto Marina e Spa,Hotel,https://hotelarmonianotomarinaespa.com/,0931 812190,SP59,Lido di Noto,,,https,WordPress,Sì,Server Plan S.r.l.,64,85,85.00,Sì,No
Due Passi Dal Mare,Pensione,https://beb.it/duepassidalmare,351 458 6773,Contrada Eloro,Noto,,,https,Weebly,No,"Amazon.com, Inc.",69,99,100.00,Sì,No
B&B Casa Blanca,Bed & Breakfast,http://www.bbcasablanca.it/,391 493 1607,"Via Girolamo Arcovito, 24",Reggio Calabria,,,,Wix,Non trovato,Google LLC,79,100,36.00,No - Pagina Non Trovata (404),No
B&B Lasso,Bed & Breakfast,https://www.bblasso.com/,328 334 1154,"Via Nazionale, 136",Corigliano Scalo,,info@bblasso.com,https,Joomla,No,Aruba S.p.A.,39,77,100.00,Sì,No
B&B Via del Sole,Bed & Breakfast,,351 834 1163,"Strada Statale 18, 324",Vena,,,,,,,,,,,
B&B Sasso,Bed & Breakfast,,348 843 3557,"Via Alberico Talarico, 11",Cosenza,,,,,,,,,,,
Appartamenti Garden,Hotel,,0963 663649,"Località Frizza, snc",Ricadi,,,,,,,,,,,
Hotel Monti di Mola,Hotel,http://www.montidimola.it/,0789 96029,Via Monti Tundi,Arzachena,,reservations@montidimola.it,https,WordPress,No,Amazon Technologies Inc.,60,54,92.00,Sì,No
Hotel Piccolo Pevero,Hotel,https://www.piccolopevero.it/,0789 94551,"Via della Conchiglia, 6",Arzachena,,info@piccolopevero.it,https,WordPress,Sì,Amazon Technologies Inc.,55,89,100.00,Sì,No
B&B La Torretta,Bed & Breakfast,https://bb-la-torretta.loveitalia.top/,333 821 7833,"Via Cesare Battisti, 110",Drapia,,,https,React,No,Contabo GmbH,60,85,85.00,Sì,No
"Ristorante, pizzeria, Residence Il Tiglio",Residence,http://www.iltigliomonteporo.it/,392 896 9054,"89864 C/da corinti, SP24, 2",Spilinga,,info@iltigliomonteporo.it,https,React,Sì,Keliweb S.R.L,0,50,85.00,Sì,No
B&b il baglio,Bed & Breakfast,,339 221 1424,"Via Baglio, 7",Nicotera,,,,,,,,,,,
Ristorante Hotel Mercurio sul Mare,Ristorante,http://www.mercuriosulmare.it/,0963 883317,Via Stazione,Donna Ca',,hotel@mercuriosulmare.it,https,React,Sì,Netsons Network,52,62,85.00,Sì,No
Hotel L’Ancora Capo Vaticano,Hotel,http://albergolancora.com/,0963 663467,Località Grotticelle,Ricadi,,,https,Shopify,Sì,Semplify Srl,69,90,100.00,Sì,No
Hotel Umberto,Hotel,http://www.hotel-umberto.it/,0963 669068,Contrada Vispico,Santa Domenica di Ricadi,,info@hotel-umberto.it,https,Shopify,Sì,SEMPLIFY-SRL,55,79,100.00,Sì,No
Hotel Conca D' Oro,Hotel,http://www.hotelconcadoro.org/,0961 911010,"Via Conca d'Oro, 2/A",Copanello,,info@hotelconcadoro.org,https,React,Sì,Netsons Network,54,66,85.00,Sì,No
B&B Le more,Bed & Breakfast,https://www.lemorebb.it/,320 302 2599,"Via Alcide De Gasperi, 75",Montauro,,info@lemorebb.it.eventuali,https,Nicepage,Sì,Aruba S.p.A.,63,81,92.00,Sì,No
Villa Alcado,Villa,http://www.villaalcado.com/,335 607 4675,"SP124, 2",Caminia,,info@villaalcado.com,https,React,No,"Cloudflare, Inc.",48,54,100.00,Sì,No
Vida S.R.L - Ristorante Pizzeria & Hotel,Hotel,http://www.vidahotel.com/,0967 576290,"Via Don Luigi Sturzo, 13",Montepaone,,,https,Shopify,No,Aruba S.p.A,65,95,92.00,Sì,No
LVRESIDENCE,Hotel,https://www.lvresidence.com/contatti,388 170 5509,"Viale Nausicaa, 21",Roccelletta,,info@lvresidence.com,https,React,Sì,Google LLC,81,99,92.00,Sì,No
Agriturismo Fieri di Ciurleo Domenico Andrea,Agriturismo,,342 668 6088,"Contrada Fieri, SP1, 3",Belcastro,,,,,,,,,,,
Hotel Onda Bleu,Hotel,http://www.hotelondableu.it/,328 826 3713,"S.da Statale 106 Jonica, Km.212",Botricello,,info@hotelondableu.it,https,WordPress,No,Aruba S.p.A.,43,50,83.00,Sì,No
Ristorante Agriturismo Calamate,Ristorante,http://agriturismocalamate.it/,393 386 5747,"SP52, KM 0",Sannicola,,bookingcalamate@gmail.com,http,WordPress,No,Aruba S.p.A. Network,52,61,83.00,Sì,No
B&B Raffaela - Cropani Marina (CZ),Bed & Breakfast,http://www.bbraffaela.it/,339 703 2141,Contrada Difesa,Cropani Marina,,segreteria@bbraffaela.it,http,ASP.NET,No,Aruba S.p.A. Network,100,100,100.00,Sì,No
La Cabaña - Caminia,Ristorante,http://www.lacabana.it/,368 347 2776,"Traversa I Via del Mare, 4",Caminia,,,https,WordPress,No,Serverplan s.r.l.,64,81,92.00,Sì,No
B&B Da Agostino,Bed & Breakfast,http://www.daagostino.it/,0961 963331,"Via Magna Grecia, 73",Botricello,,info@daagostino.it,http,WordPress,No,Aruba S.p.A. Network,55,78,85.00,Sì,No
B&B Dimora dei Colli,Bed & Breakfast,,320 917 6969,"Via Contrada del Vecchio, 28",Pignataro Maggiore,,,,,,,,,,,
HOTEL 106 - Fraz.Petrizia,Hotel,http://www.hotel106.com/,0961 964020,"Via la Petrizia, 25",Sellia Marina,,,https,WordPress,No,"Namecheap, Inc.",41,69,85.00,Sì,No
Hotel Sand,Hotel,https://www.sandhotel.it/,389 261 7940,Traversa I Via Marina di Bruni,Botricello,,giuseppealtilia@yahoo.it,https,Shopify,No,Aruba S.p.A. Network,74,85,92.00,Sì,No
b&b zia cettina,Bed & Breakfast,,334 130 0785,"via antonio, Via A. Cammuso, 4",Pontelatone,,,,,,,,,,,
Hotel Del Sole,Hotel,,0823 654436,Contrada Santa Justa,Pastorano,,,,,,,,,,,
SHUBY HOME apartments affitta camere,Bed & Breakfast,,393 976 5320,"Via Lecce, 247",San Pietro Vernotico,,,,,,,,,,,
Villa Torri Petrose,Bed & Breakfast,,393 665 7729,SP107,Treglia,,,,,,,,,,,
Hotel Ristorante L'Orizzonte,Hotel,http://www.hotellorizzonte.it/,328 200 3289,Contrada Campolongo,Le Castella,,prenotazioni@hotellorizzonte.it,https,Shopify,No,Contabo GmbH,56,61,100.00,Sì,No
Salesianirooms,Bed & Breakfast,,392 229 1064,"Piazzetta Eugenio Montale, 2",Lecce,,,,,,,,,,,
Scirocco Guest House,Bed & Breakfast,https://sciroccoguesthouse.it/,351 933 3206,"Via Tertulliano, 45",Brindisi,,info@sciroccoguesthouse.it,https,WordPress,No,Servereasy Srl,68,98,100.00,Sì,No
La Casa Di Edo,Bed & Breakfast,,377 672 7838,"Corte Passante, 7",Brindisi,,,,,,,,,,,
Villa Chiara B&B,Bed & Breakfast,https://villachiarabb.traveleto.com/,380 188 7527,"Via de Castris, 171",Salice Salentino,,,https,Shopify,No,"Cloudflare, Inc.",56,78,92.00,Sì,No
Agave Bed&Breakfast,Bed & Breakfast,http://www.agavebb.it/,339 567 6473,"Via Filippo Turati, 19",Campi Salentina,,info@agavebb.it,http,React,No,Aruba S.p.A. Network,70,86,73.00,Sì,No
Baroque B&B,Bed & Breakfast,,375 781 7001,"Via Taranto, 39B",Lecce,,,,,,,,,,,
"Dimora Liberty, Apartments & rooms",Bed & Breakfast,http://www.dimoresalentine.com/,340 080 7455,"Via Don Bosco, 28",Lecce,,,https,React,No,"Cloudflare, Inc.",55,32,92.00,Sì,No
Palazzo Paladini,Bed & Breakfast,https://www.hotelsitalic.com/bb-palazzo-paladini/,392 667 3150,"Via Principi di Savoia, 38",Lecce,,,https,WordPress,No,"Cloudflare, Inc.",100,100,92.00,Sì,No
B&B DurruEli's,Bed & Breakfast,,348 690 9425,"Via dei Pini, 1",Porto Empedocle,,,,,,,,,,,
Villa Sofia,Bed & Breakfast,,351 251 9838,Via delle Acacie,Porto Empedocle,,,,,,,,,,,
B&b A due Passi dal sole,Bed & Breakfast,http://www.a2passidal.it/,329 663 2079,"Via dei Giardini, 9/A",Porto Empedocle,,aduepassidal@gmail.com,https,WordPress,Sì,Netsons s.r.l.,65,81,100.00,Sì,No
B&B La Scala dei Turchi Beach,Bed & Breakfast,,0922 814648,"Via Lampedusa, 9",Realmonte,,,,,,,,,,,
B&B MarìSicilia,Bed & Breakfast,https://bb-marisicilia.hotelpreferito.top/,392 672 5941,"via delle Gardenie, Villaggio Bellavista, 7",Porto Empedocle,,,https,WordPress,No,Contabo GmbH,48,81,92.00,Sì,No
Villa Azzurra,Bed & Breakfast,,377 247 3329,"SP68, 169",Realmonte,,,,,,,,,,,
B&B Figli dei Fiori da Leo e Ginella,Bed & Breakfast,https://b-b-as-a-flower-child-leo-and-ginella.comeviaggiare.top/,328 811 3992,"Via Stazione, 22",Realmonte,,,https,WordPress,No,Contabo GmbH,48,80,85.00,Sì,No
Azienda Agrituristica Le Terre Di San Leonardo,Agriturismo,,349 849 0292,"Contrada Bosco, 64",Cetraro,,,,,,,,,,,
B&B Il Faro,Bed & Breakfast,,347 689 2859,"Via S. Maria, 1",Cittadella del Capo,,,,,,,,,,,
La Finestra su Vigata,Bed & Breakfast,https://vigata.tripcombined.com/,335 540 2028,"Contrada Durelli, Via Mandarino",Porto Empedocle,,,https,React,No,Contabo GmbH,50,81,92.00,Sì,No
L'oasi di Giorgia,Bed & Breakfast,http://www.oasidigiorgia.it/,347 295 7008,"Via Ciro Menotti, 1",Cittadella del Capo,,info@oasidigiorgia.it,http,ASP.NET,No,Aruba S.p.A. Network,0,0,0.00,Sì,No
Sagittarius B&B,Bed & Breakfast,,388 183 5937,"Via Luigi de Seta, 38",Cetraro,,,,,,,,,,,
Mare d'Amuri,Bed & Breakfast,https://www.homeaway.it/affitto-vacanze/p1964410,345 356 3926,"Via Nereo, 31",Porto Empedocle,,,https,React,No,Akamai Technologies,28,61,100.00,Sì,No
Arcade Luxury Loft,Bed & Breakfast,https://www.arcadeluxuryloft.it/,334 153 1720,"Via Mazzini, 106",Montepaone Lido,,info@arcadeluxuryloft.it,https,Joomla,No,Aruba S.p.A. Network,60,68,92.00,Sì,No
Palazzo Samà,Bed & Breakfast,http://www.palazzosama.it/,320 705 6788,"Via della Stazione, 58",Catanzaro,,infopalazzosama@gmail.com,https,Shopify,No,Aruba S.p.A. Network,61,91,100.00,Sì,No
Girasole Guest House,Bed & Breakfast,,345 461 5296,"Viale Lucrezia della Valle, n°102",Catanzaro,,,,,,,,,,,
Drinroom,Bed & Breakfast,https://www.drinservizi.it/catanzaro-lido-hotel/,379 199 8734,"Via Marsala, 44",Catanzaro,,,https,WordPress,No,Aruba S.p.A. Network,72,97,92.00,Sì,No
B e B Le Terrazze sul mare,Bed & Breakfast,http://www.leterrazzesulmare.it/,349 373 7911,"Via Enrico Aristippo, 16",Catanzaro,,,http,ASP.NET,Sì,Aruba S.p.A.,53,75,75.00,Sì,No
B&B Amphisya,Bed & Breakfast,http://www.amphisya.it/,328 963 3557,"Vico Martiri, 34a",Roccella Ionica,,info@powerize.it,https,React,No,Serverplan s.r.l.,43,59,92.00,Sì,No
Agriturismo Borgo Piazza,Agriturismo,http://www.borgopiazza.it/,349 781 1695,"Via Fausto Gullo snc Traversa 1 loc, Borgo Piazza, Vallo, di",Borgia,,info@borgopiazza.it,https,Shopify,No,Serverplan s.r.l.,56,54,92.00,Sì,No
La Pietra Bianca,Agriturismo,https://www.agriturismo-lapietrabianca.it/,0964 51511,"Contrada Agliocane, 35/A",Gioiosa Ionica,,lapietrabianca@libero.it,https,WordPress,No,Aruba S.p.A. Network,71,84,92.00,Sì,No
CASA VIA ALVARO,Bed & Breakfast,,338 730 1457,"Via Corrado Alvaro, SNC",Roccella Ionica,,,,,,,,,,,
FIKO SUITE,Bed & Breakfast,https://befiko.it/,329 199 1880,"Via Roma, 61, Vico I° Roma, 1",Roccella Ionica,,infofikoroccella@gmail.com,https,WordPress,No,Aruba S.p.A.,57,77,85.00,Sì,No
Locanda Sottobosco,Bed & Breakfast,,338 217 7761,"Via dell'Ontano, 2",San Leonardo De Siete Fuentes,,,,,,,,,,,
Rupella b&b,Bed & Breakfast,https://www.rupella.it/,338 281 1653,"Via Tenente Olindo Laganà, 18",Roccella Ionica,,rupellaluxury@gmail.com,https,WordPress,No,Aruba S.p.A.,73,78,100.00,Sì,No
Hotel Barracuda,Hotel,,351 434 1160,Via Licola Mare,Giugliano in Campania,,,,,,,,,,,
Hotel Stefany,Hotel,https://www.hotelsitaloweb.com/hotel-stefany/,346 390 7056,"Giugliano NA IT, Via Lago Patria, 287",Lago Patria,,,https,WordPress,No,"Cloudflare, Inc.",98,100,92.00,Sì,No
Hotel Elite Varcaturo,Hotel,,081 277 6061,"Via Ripuaria, 151",Varcaturo,,,,,,,,,,,
Hotel Bellavista,Hotel,http://www.hotelbellavistasas.com/,081 509 7876,"Via Domitiana, km 46/000",Giugliano in Campania,,,https,WordPress,Sì,Aruba S.p.A. Network,60,74,100.00,Sì,No
Hotel Resort Il Panfilo,Hotel,http://www.hotelresortilpanfilo.it/,081 509 9334,Via Lago Patria,Giugliano in Campania,,info@hotelresortilpanfilo.it,https,Joomla,No,Aruba S.p.A. Network,93,100,91.00,Sì,No
Tenuta Le Tre Rose,Bed & Breakfast,,351 640 4020,"Via grizzosa, 9",Vibonati,,,,,,,,,,,
Albergo Cavaliere,Hotel,http://www.casellehotelcavaliere.it/,0974 988706,"Via Nazionale, 67",Caselle in Pittari,,,https,ASP.NET,No,Server Plan S.r.l.,31,81,82.00,Sì,No
Elios Residence Hotel,Bed & Breakfast,https://www.hotelscheck-in.com/eliosresidencehotel/it/,0973 603976,V. Dante Alighieri,Fortino,,,https,Shopify,No,"Cloudflare, Inc.",55,75,85.00,Sì,No
Tenuta Terre di Bosco – Oasi di Relax nel Cilento,Hotel,http://www.terredibosco.it/,0974 980220,"Contrada Puoio, 12",Bosco,,info@terredibosco.it,https,Joomla,Sì,Server Plan S.r.l.,51,32,92.00,Sì,No
Hotel Pisacane,Hotel,http://www.hotelpisacane.it/,0973 605074,"Via Carlo Alberto, 35",Sapri,,info@hotelpisacane.it,https,Shopify,No,Amazon Technologies Inc,70,95,100.00,Sì,No
gruppo lì cylentos,Alloggio turistico,https://licylentos.it/,340 153 2319,località torre oliva 9,Santa Marina,,info@licylentos.it,https,WordPress,Sì,GENESYS,34,74,92.00,Sì,No
Sweety House,Bed & Breakfast,,320 784 9281,"Via S. Luigi Gonzaga, 24",San Giovanni Gemini,,,,,,,,,,,
Affittacamere vistuta di vua,Bed & Breakfast,,0922 665835,"Via Teatro, 33",San Giovanni Gemini,,,,,,,,,,,
Sant'Antonio Hotel,Ristorante,http://www.santantoniohotel.it/,0973 300310,Via S. Rocco,Torraca,,info@santantoniohotel.it,https,WordPress,No,Aruba S.p.A.,68,91,100.00,Sì,No
B&B Cortile Suez,Bed & Breakfast,,328 725 1185,"Via Suez, 46",San Giovanni Gemini,,,,,,,,,,,
Archi di San Giacomo,Bed & Breakfast,,328 734 6041,"Via San Giacomo, 3",Cammarata,,,,,,,,,,,
Albergo - Ristorante Lanterna Verde,Hotel,http://www.lanternaverde.online/,0974 277114,"Piazza Benedetto Cairoli, 24",Torre Orsaia,,,https,Angular,No,Google LLC,60,88,36.00,Sì,No
Halykos S.R.L.,Hotel,http://www.halykos-hotel.it/,0922 904296,"Via Bonfiglio, 20",Cammarata,,info@halykos-hotel.it,https,WordPress,No,Aruba S.p.A.,0,0,0.00,Sì,No
Le Camere dell’Emiro,Bed & Breakfast,,333 829 3520,"Via Bagnati, 8",Castronovo di Sicilia,,,,,,,,,,,
B&B A Due Passi,Bed & Breakfast,,328 665 5520,"Via Sacramento, 53",San Giovanni Gemini,,,,,,,,,,,
Tenuta Lanza Il Mulino,Agriturismo,http://agriturismosicilianoilmulino.it/,338 339 1607,Contrada Mulino,Acquaviva Platani,,,https,Joomla,No,Aruba S.p.A.,61,80,58.00,Sì,No
Astoria,Hotel,https://www.besthotel.pt/it/hotel-astoria/,0184 262906,"Via Torquato Tasso, 2",Bordighera,,,https,Shopify,No,"Dream Fusion - IT Services, Lda",72,95,92.00,Sì,No
Agriturismo Casalicchio,Agriturismo,https://www.agriturismocasalicchio.it/,333 485 3658,Contrada Casalicchio,Cammarata,,info@agriturismocasalicchio.it,https,Joomla,Sì,Aruba S.p.A.,46,51,85.00,Sì,No
La Terrazza,Bed & Breakfast,http://www.laterrazzabordighera.it/,388 690 9633,"Pompeo Mariani, 4",Bordighera,,,https,Laravel,No,"Amazon.com, Inc.",78,76,100.00,Sì,No
Guesthouse Villa Jung,Bed & Breakfast,https://www.villajung.it/,347 273 7066,"Via Leopoldo Jung, 12",Bordighera,,,https,React,No,Aruba S.p.A.,64,86,85.00,Sì,No
Albergo Piccolo Paradiso,Hotel,https://albergopiccoloparadiso.com/,0184 255571,"Via G. Marconi, 101",Vallecrosia,,albergopiccoloparadiso@gmail.com,https,Angular,No,Aruba S.p.A.,43,56,85.00,Sì,No
Ca' Clémentine,Bed & Breakfast,,346 170 0430,"Via Benedetto Cairoli, 28",Sasso di Bordighera,,,,,,,,,,,
HOTEL LORA,Hotel,http://www.lorahotel.it/,0184 635945,"Via dei Bagni, 1",Bordighera,,info@lorahotel.it,https,Joomla,Sì,HOSTINGER DE,95,59,92.00,Sì,No
Cavour Guest House,Pensione,,328 258 3728,"Via Cavour, 1",Ventimiglia,,,,,,,,,,,
Hotel Regina Margherita,Hotel,https://www.besthotel.pt/it/hotel-regina-margherita/,0184 601106,"Via Regina Margherita, 34",Bordighera,,,https,Angular,No,"Dream Fusion - IT Services, Lda",0,95,92.00,Sì,No
Albergo Lucciola,Hotel,https://www.lucciolahotelbordighera.it/,0184 266651,"Via Regina Margherita, 49",Bordighera,,info@lucciolahotelbordighera.it,https,ASP.NET,No,OVH SAS,55,91,92.00,Sì,No
B&B Roseto Mare,Bed & Breakfast,http://www.bebrosetomare.it/,338 948 8037,"Via Ellade, 7a",Roseto Capo Spulico,,info@pubblienne.it,https,Joomla,No,WIIT AG,67,80,83.00,Sì,No
B&B PITAGORA,Alloggio turistico,http://bebpitagora.it/,351 556 0776,"Via Nazionale, 66-60",Borgata Marina,,,https,WordPress,Sì,Ehinet Srl,59,79,77.00,Sì,No
B&B La Piazzetta,Bed & Breakfast,http://www.lapiazzettaroseto.it/,345 829 4912,"Via delle Rose, 23",Roseto Capo Spulico,,info@lapiazzettaroseto.it,http,Joomla,No,Aruba S.p.A.,47,69,77.00,Sì,No
B&B Evergreen,Bed & Breakfast,http://www.bedevergreen.it/,0981 913033,"Via Valle Iazzo, 11",Borgata Marina,,info@bedevergreen.it,https,React,Sì,Host SpA,57,79,77.00,Sì,No
B&b l'OASI,Bed & Breakfast,https://bb-loasi.guideditalia.top/,331 789 1158,"Via Sicilia, 19",Roseto Capo Spulico,,,https,WordPress,No,Contabo GmbH,0,85,92.00,Sì,No
Affittacamere Costa degli Achei,Bed & Breakfast,http://www.bebcostadegliachei.it/,350 094 2571,Via Gabbiano Azzurro,Borgata Marina,,,https,WordPress,No,OVH SAS,43,66,92.00,Sì,No
Villa Canu B&B,Bed & Breakfast,,389 020 8649,"Str. Vicinale Domo Bianca, 25",Alghero,,,,,,,,,,,
Relais Capo Spulico - Beach & SPA,Albergo benessere,https://www.relaiscapospulico.it/,0981 913322,Via Piano Marina,Roseto Capo Spulico,,info@relaiscapospulico.it,https,WordPress,Sì,Keliweb S.R.L,61,68,92.00,Sì,No
Agriturismo b&b Le Camelie,Bed & Breakfast,http://www.agriturismolecamelie.it/,349 414 4846,"Str. Vicinale Arenosu, 23",Fertilia,,info@agriturismolecamelie.it,h