Nome Attività,Categoria,Sito Web,Telefono,Indirizzo,Comune,Provincia,Email,Protocollo,Tecnologia,Cookie Banner,Hosting Provider,Mobile Performance,Desktop Performance,Punteggio SEO,Disponibilità Sito,Stato Manutenzione
Noleggio gommni e barche Porticello - Lo Coco,NOLEGGIO BARCHE,,091 958876,Largo Santa Nicolicchia,Santa Flavia,,,,,,,,,,,
Escursioni e Noleggio Licata - Coast to Coast,NOLEGGIO BARCHE,,393 379 6170,"Porto Peschereccio | Darsena, Via Ripellino",Licata,,,,,,,,,,,
TakeTheBoat Noleggio Gommoni,NOLEGGIO BARCHE,,327 753 1762,"Di Giovanni, Piazza Tonnara",Palermo,,,,,,,,,,,
Noleggio barche – A.S.D. La rosa dei venti Licata,NOLEGGIO BARCHE,,349 453 0521,"Pontile presso la Darsena di, Via Marianello",Licata,,,,,,,,,,,
Sicily by Boat - Boat Tours - Boat Rent- Snorkelling,NOLEGGIO BARCHE,,328 678 8316,Lungomare Cristoforo Colombo,Santa Flavia,,,,,,,,,,,
Elika noleggio barche,NOLEGGIO BARCHE,,351 867 5900,Via Delle Capitanerie,Balestrate,,,,,,,,,,,
Pontile 1 Noleggio Imbarcazioni nautica Mancuso,NOLEGGIO BARCHE,,328 443 5093,"Via Scalo Marittimo, 4",Trabia,,,,,,,,,,,
Sicily Boat Rent Noleggio Gommoni,NOLEGGIO BARCHE,http://www.sicilyboatrent.it/,347 578 1372,"Piazza Tonnara, snc",Palermo,,sicilyboatrent@gmail.com,https,WordPress,No,Netsons s.r.l.,60,71,85.00,Sì,No
CWS NOLEGGIO BARCHE E GOMMONI,NOLEGGIO BARCHE,,351 525 4300,Via Orsa Maggiore,Castiglione della Pescaia,,,,,,,,,,,
Spartivento Charter Portorosa - Noleggio Barche a Vela e Catamarani,NOLEGGIO BARCHE,http://www.spartivento.it/,06 4006 0490,"Via Prestipaolo, snc",Tonnarella,,info@spartivento.it,https,WordPress,No,"Cloudflare, Inc.",50,67,100.00,Sì,No
Skyseacharter Noleggio Barche e Gommoni con e senza patente a Milazzo - Taxi Boat h24 - Tour ed escursioni alle Isole Eolie.,NOLEGGIO BARCHE,https://skyseacharter.it/,350 161 3963,Via Marina Garibaldi,Milazzo,,rent@skyseacharter.it,https,WordPress,No,"Cloudflare, Inc.",65,100,100.00,Sì,No
Boat Service Mondello,NOLEGGIO BARCHE,http://www.boatservicemondello.it/,327 561 8175,Via Piano di Gallo,Palermo,,info@boatservicemondello.com,https,WordPress,No,Server Plan S.r.l.,65,83,85.00,Sì,No
"Noleggio Barche & Gommoni con e senza patente Milazzo , Tour ed Escursioni con skipper, Transfer Isole Eolie - Viamar",NOLEGGIO BARCHE,https://viamarmilazzo.it/,353 424 4507,Via Marina Garibaldi,Milazzo,,noleggiobarchemilazzo@gmail.com,https,ASP.NET,Sì,Google LLC,65,83,92.00,Sì,No
Azmarine - Noleggio gommoni e barche a Siracusa. Rent a boat in Syracuse,NOLEGGIO BARCHE,https://www.azmarine.it/,393 940 2444,Molo Zanagora,Siracusa,,info@azmarine.it,https,WordPress,No,Sconosciuto,96,100,100.00,Sì,No
PlainSailing.com Yacht Charter,NOLEGGIO BARCHE,https://plainsailing.com/destinations/italy/portorosa,+44 800 612 8210,"Marina di Portorosa, Via Prestipaolo, 7",Tonnarella,,info@plainsailing.com,https,React,No,Amazon Technologies Inc.,66,76,100.00,Sì,No
Sailing Sicily Portorosa,NOLEGGIO BARCHE,https://sailingsicily.com/portorosa/,091 580679,"Via Prestipaolo, 151",Tonnarella,,,https,WordPress,Sì,Aruba Hosting,36,46,92.00,Sì,No
FC NAUTICA NOLEGGIO RIMESSAGGIO,NOLEGGIO BARCHE,http://www.fcnautica.com/,328 973 2517,Via Torre Fortunato,Case Nuove Russo,,info@fcnauticaweb.com,https,WordPress,Sì,One.com A/S,56,77,85.00,Sì,No
Margidore Yacht Club,NOLEGGIO BARCHE,http://www.margidoreyachtclub.com/,327 900 3272,"Via del Capo, Marinaio",Lacona,,margidoreyachtclub@gmail.com,https,WordPress,No,Sconosciuto,70,87,85.00,Sì,No
Dream Boat Palermo - Noleggio Gommoni e Barche,NOLEGGIO BARCHE,http://www.dreamboatpalermo.it/,350 839 2285,Discesa Tonnara,Palermo,,dreamboatpalermo@gmail.com,https,React,No,Sconosciuto,61,78,100.00,Sì,No
Alta Marea noleggio barche senza patente e escursioni,NOLEGGIO BARCHE,,333 571 9400,Porto turistico,San Foca,,,,,,,,,,,
"Guarino Boats Tour Avola e Noto, Siracusa - Sicilia Escursioni in Barca e Noleggio Barche",NOLEGGIO BARCHE,https://www.rentalboatinsicily.it/,347 897 8424,"Noleggio barche Guarino, Via Elsa Morante, n°178",Avola,,info@rentaboatinsicily.it,https,Shopify,Sì,Keliweb S.R.L,60,87,92.00,Sì,No
LG RENTAL SERVICE NOLEGGIO BARCHE ED ESCURSIONI CASTELLAMMARE DEL GOLFO,NOLEGGIO BARCHE,https://lgrentalservice.it/,328 662 3791,"Via Don Leonardo Zangara, 28",Castellammare del Golfo,,,https,Joomla,Sì,Aruba S.p.A.,59,69,100.00,Sì,No
PORTOROSA IN BARCA,NOLEGGIO BARCHE,http://www.portorosainbarca.com/,392 624 3589,"Complesso turistico Portorosa, Via Prestipaolo, 27",Furnari,,portorosainbarca@gmail.com,https,WordPress,Sì,Register networks in Belgium,62,83,100.00,Sì,No
Sunsicily - Noleggio barche Isole Eolie - Sicily Yacht Charter,NOLEGGIO BARCHE,http://www.sunsicily.com/,090 292 7680,"Via Prestipaolo, Portorosa",Furnari,,,https,Wix,Sì,Google LLC,63,89,92.00,Sì,No
Marina Yachting Cefalù,NOLEGGIO BARCHE,https://marina-service.net/,338 837 4728,"Porto di, Via Presidiana",Cefalù,,,https,ASP.NET,No,Hetzner Online GmbH,62,71,82.00,Sì,No
Charter Nautico Terrasini,NOLEGGIO BARCHE,https://www.charternauticoterrasini.it/,328 398 9506,"Via Francesco Paolo Perez, Via Delle Capitanerie di Porto, 51",Terrasini,,charternauticoterrasini@gmail.com,https,React,No,Sconosciuto,62,85,92.00,Sì,No
Forte Mare - Escursioni Scala Dei Turchi & Noleggio barche,NOLEGGIO BARCHE,https://www.fortemare.it/,320 862 3541,"Porticciolo turistico San Leone, Molo di Ponente",Agrigento,,info@fortemare.it,https,WordPress,Sì,Google LLC,52,53,100.00,Sì,No
SealifePalermo di Simone Pepe,NOLEGGIO BARCHE,http://www.sealifepalermo.it/,327 162 8530,"Porto Addaura Roosevelt, Lungomare Cristoforo Colombo, 4521",Palermo,,sealifepalermo@gmail.com,https,Shopify,Sì,Google LLC,52,54,92.00,Sì,No
Nautica Boat Service by Campello Marine Rent,NOLEGGIO BARCHE,https://rent.campellomarine.it/cattolica/,331 732 2019,Piazza del Tramonto,Cattolica,,cmrent.cattolica@gmail.com,https,Ghost,Sì,Sconosciuto,56,87,85.00,Sì,No
"Navarra Excursions Noleggio Barche, Escursioni Castellammare del Golfo, Scopello, Riserva dello zingaro",NOLEGGIO BARCHE,,339 314 4968,"Via Don Leonardo Zangara, 76",Castellammare del Golfo,,,,,,,,,,,
Siculiana On Tour - Noleggio Gommoni,NOLEGGIO BARCHE,https://www.siculianaontour.it/,334 112 9495,"Via Ugo la Malfa, 43",Siculiana,,,https,Shopify,No,SEEWEB s.r.l.,71,81,83.00,Sì,No
Nautica Service D'Aleo,NOLEGGIO BARCHE,http://www.nauticaservicepalermo.com/,344 111 7808,"Via Ruggero Marturano, 28",Palermo,,460ff4620fa44cba8df530afde949785@sentry.wixpress.com,https,WordPress,No,Google LLC,83,92,100.00,Sì,No
Chelonia - Noleggio barche,NOLEGGIO BARCHE,https://chelonia.it/,333 618 8906,Via delle Ginestre,Butera,,info@chelonia.it,https,Nicepage,No,Sconosciuto,55,64,73.00,Sì,No
Porto Cesareo - Vip Charter Yacht,NOLEGGIO BARCHE,https://www.portocesareovipcharter.com/,339 716 0531,Piazza Nazario Sauro,Porto Cesareo,,,https,WordPress,No,Mister Domain,68,89,100.00,Sì,No
Sea Wave noleggio gommoni Marsala,NOLEGGIO BARCHE,http://www.seawavecharter.it/,329 184 8135,Lungomare Mediterraneo,Marsala,,info@seawavecharter.it,https,React,Sì,Sconosciuto,52,55,85.00,Sì,No
Yacht Charter Sicily - Noleggio Barche Sicilia - Luxury Yachts,NOLEGGIO BARCHE,http://www.yachtchartersicily.it/,338 572 3420,"Via Guido Jung, 14",Palermo,,info@crewcharter.it,https,React,No,Sconosciuto,56,65,100.00,Sì,No
"PANTANELLO BOAT Escursioni in barca Avola, Noleggio barche e Gommoni, Rental, Tour Excursions Sicily, NOTO, MARZAMEMI",NOLEGGIO BARCHE,https://www.pantanelloboat.com/,328 311 3505,"Via Elsa Morante, 180",Avola,,pantanelloboat@gmail.com,,React,No,Sconosciuto,64,80,100.00,Sì,No
FELICUR - Noleggio barche con skipper - Isole Eolie,NOLEGGIO BARCHE,http://felicur.com/,347 993 3310,"Portorosa, Marina di",Furnari,,,https,React,No,Google LLC,59,94,83.00,Sì,No
Campanella Srl,NOLEGGIO BARCHE,https://www.campanellarent.it/,0924 34977,"Via Molinello, 28/A",Castellammare del Golfo,,info@campanellarent.com,https,React,Sì,Server Plan S.r.l.,62,94,92.00,Sì,No
Ciuri Ciuri Mare Noleggio Gommoni Palermo,NOLEGGIO BARCHE,https://www.ciuriciurimare.com/,342 569 2902,"Via Domenico Scinà, 15",Palermo,,,https,WordPress,No,Aruba S.p.A.,56,74,85.00,Sì,No
"Sicily Boats - AVOLA - Escursioni e noleggio barche, gommoni, Pesca, Luxury Tour, Rental, Party",NOLEGGIO BARCHE,https://www.sicilyboats.it/,327 020 7488,"Via Elsa Morante, 3",Avola,,sicilyboats@gmail.com,https,WordPress,No,Aruba S.p.A. Network,50,75,92.00,Sì,No
"Noleggio gommoni, escursioni, compleanni",NOLEGGIO BARCHE,,391 356 2351,porto turistico,San Foca,,,,,,,,,,,
Escursioni e Noleggio barche Riccardo Ingrosso,NOLEGGIO BARCHE,https://www.noleggiobarchericcardoingrosso.com/,348 713 1979,Via Lungomare Matteotti,San Foca,,r.i.noleggiobarche@gmail.com,https,WordPress,Sì,Sconosciuto,45,56,100.00,Sì,No
Gommoniegadi Noleggio Gommoni,NOLEGGIO BARCHE,http://www.gommoniegadi.it/,327 957 7596,"Lungomare Mediterraneo, 25",Marsala,,info@gommoniegadi.it,https,Shopify,No,Sconosciuto,59,51,77.00,Sì,No
Portum srl,NOLEGGIO BARCHE,http://www.portum.it/,376 057 1070,Via Schisò,Giardini Naxos,,info@portum.it,https,Shopify,Sì,Netsons s.r.l.,59,93,92.00,Sì,No
Sicilia Gommoni,NOLEGGIO BARCHE,https://www.siciliagommoni.it/,334 259 2083,"Via Torre di Mondello, 4",Palermo,,siciliagommoni@gmail.com,https,Joomla,No,Sconosciuto,49,74,92.00,Sì,No
Marina di Ognina,NOLEGGIO BARCHE,https://www.marinadiognina.it/,351 835 1860,"Traversa Capo Ognina, n° 2",Siracusa,,info@marinadiognina.it,https,WordPress,No,Aruba S.p.A. Network,65,77,92.00,Sì,No
Noleggio Gommoni Isola delle Femmine Sunset boats Rent,NOLEGGIO BARCHE,,329 188 6287,Via dei Villini,Isola delle Femmine,,,,,,,,,,,
Noleggio barche senza patente a Milazzo,NOLEGGIO BARCHE,https://www.noleggiobarchesenzapatentemilazzo.it/,351 607 4228,Via Marina Garibaldi,Milazzo,,info@noleggiobarchemilazzo.it,https,Wix,Sì,Google LLC,77,97,100.00,Sì,No
Easy Boats,NOLEGGIO BARCHE,http://www.easyboats.it/,345 771 0215,Lungomare Granatello,Augusta,,,https,ASP.NET,Sì,Server Plan S.r.l.,80,76,92.00,Sì,No
Nacria Boat Experience | Noleggio barche senza patente nautica a Castellammare del Golfo,NOLEGGIO BARCHE,https://nacriaboats.it/,351 665 2160,Via Don Leonardo Zangara,Castellammare del Golfo,,,https,WordPress,Sì,SiteGround,63,94,100.00,Sì,No
Due Mari Noleggio,NOLEGGIO BARCHE,http://www.duemarinoleggio.it/,320 745 5816,via Scalo D'Alaggio zona porto Miggiano,Santa Cesarea Terme,,paianoantonio92@virgilio.it,https,Shopify,No,Netsons s.r.l.,54,66,100.00,Sì,No
Charter Eolie,NOLEGGIO BARCHE,http://www.chartereolie.it/,340 640 5678,Via Marina Garibaldi,Milazzo,,info@chartereolie.it,https,WordPress,Sì,Serverplan S.r.l.,56,79,92.00,Sì,No
"GiuGioMa Charter, Locazione imbarcazioni",NOLEGGIO BARCHE,https://www.giugiomacharter.it/,339 833 8976,Marina Galizzi ( Molo Traperoidale porto di Palermo Palermo Marina yachting,Palermo,,mgiordan2687@gmail.com,,WordPress,Sì,Signet B.V.,0,0,0.00,Sì,No
Igiea Boat Palermo,NOLEGGIO BARCHE,http://igieagommoni.it/,338 325 9411,Piazza Acquasanta,Palermo,,,https,WordPress,Sì,TransIP BV,0,0,0.00,Sì,No
Nautical Adventure,NOLEGGIO BARCHE,,375 898 7259,Contrada Campolato,Augusta,,,,,,,,,,,
Milazzo Coast to Coast - Tour Eolie - Noleggio Gommoni - Tour in Barca,NOLEGGIO BARCHE,http://www.milazzocoasttocoast.it/,349 504 6851,Via Marina Garibaldi,Milazzo,,info@milazzocoasttocoast.it,https,WordPress,Sì,Sconosciuto,36,40,92.00,Sì,No
Noleggio Barche e Gommoni Favignana​,NOLEGGIO BARCHE,https://www.noleggiobarchefavignana.com/,347 129 7016,"Largo Marina, 1",Favignana,,,https,WordPress,Sì,Sconosciuto,44,94,85.00,Sì,No
Palermobyboat - Noleggio Barche e Gommoni,NOLEGGIO BARCHE,http://palermobyboat.com/,388 800 3433,"Scalo dell'Arenella, 66",Palermo,,,https,WordPress,Sì,Sconosciuto,52,82,85.00,Sì,No
Cesare noleggio gommone e barche rent boat Siracusa,NOLEGGIO BARCHE,,334 596 0207,Via Elorina,Siracusa,,,,,,,,,,,
MRENT SERVICE di Manuel Lucamante | Escursioni e Noleggio Pedalò - Rent boat,NOLEGGIO BARCHE,,351 536 1405,"Piazza Angonia, 1",Milazzo,,,,,,,,,,,
"Ioniam Rent Boat - Noleggio barche, gommoni e visite guidate in ZATTERA",NOLEGGIO BARCHE,https://www.ioniam-noleggiobarche.com/,331 897 9799,"Associazione Due mari, Contrada Zuccara",Avola,,ioniam@outlook.it,https,Shopify,No,Iomart Cloud Services Limited,49,30,92.00,Sì,No
Noleggio barche marzamemi club nautico,NOLEGGIO BARCHE,,388 127 4141,"Viale Paolo Calleri, 89/101",Marzamemi,,,,,,,,,,,
Cefaluinvacanza - Noleggio Barche e gommoni a Cefalù,NOLEGGIO BARCHE,https://cefaluinvacanza.it/noleggio-barche-e-gommoni-a-cefalu-informazioni-e-prezzi/,392 233 9879,Via Presidiana,Cefalù,,,https,React,No,Hetzner Online GmbH,89,83,100.00,Sì,No
Noleggio Yacht Barche Gommoni Escursioni Maroby Day Charter Gallipoli,NOLEGGIO BARCHE,,335 335 066,"Viale Giovanni Bovio, 6",Gallipoli,,,,,,,,,,,
Kora Yachting Experience,NOLEGGIO BARCHE,https://www.marinayachtingsicily.com/,334 934 1953,"Via Don Leonardo Zangara, Snc",Castellammare del Golfo,,,https,Shopify,No,Server Plan S.r.l.,56,75,100.00,Sì,No
Rent Boat Cefalù Tours,NOLEGGIO BARCHE,https://rentboatcefalutours.it/,329 361 3158,Via Presidiana,Cefalù,,giovanni_incaprera@hotmail.it,https,WordPress,Sì,Hetzner Online GmbH,59,65,85.00,Sì,No
Palermo Rent - Noleggio gommoni,NOLEGGIO BARCHE,https://www.palermo-rent.com/,328 304 1830,Discesa Tonnara,Palermo,,info@palermo-rent.com,https,Joomla,No,Connetical Srl,0,0,0.00,Sì,
SailToGo s.r.l. Locazione Barche a Vela,NOLEGGIO BARCHE,http://www.sailtogo.it/,0771 24835,Molo Azzurra,Formia,,info@sailtogo.it,https,React,Sì,Sconosciuto,63,67,100.00,Sì,No
Noleggio Barche e Gommoni Butterfly Pantelleria,NOLEGGIO BARCHE,http://www.noleggiobutterfly.com/,320 275 2465,Molo Wojtyla,Pantelleria,,info@noleggiobutterfly.com,https,Shopify,Sì,Aruba S.p.A. Network,70,93,83.00,Sì,No
bluedream - fishing & rent - noleggio gommoni e barche da pesca a San Vito Lo Capo,NOLEGGIO BARCHE,http://www.bluedreamrent.it/,329 244 7267,"Via Faro, 10",San Vito Lo Capo,,info@bluedreamrent.it,https,Shopify,No,OVH SAS,81,99,92.00,Sì,No
escursioni in barca noleggio,NOLEGGIO BARCHE,,333 715 3803,"via maria s.s. delle grazie, 11",Trapani,,,,,,,,,,,
Blu Nautica Service Srl,NOLEGGIO BARCHE,https://www.blunauticaservice.it/,348 293 1903,"Via Emilia Romagna, 269/AB",Cattolica,,,https,Joomla,No,"Cloudflare, Inc.",56,94,92.00,Sì,No
"Trinacria Escursioni, Noleggio Gommoni, Escursioni in Barca da San Vito Lo Capo",NOLEGGIO BARCHE,http://www.trinacriaescursioni.com/,327 423 0541,Via Faro,San Vito Lo Capo,,nicola.candela@hotmail.it,https,Shopify,Sì,Aruba S.p.A. Network,55,93,92.00,Sì,No
Lupo di Mare Noleggio ed Escursioni in Barca Castro Marina Salento,NOLEGGIO BARCHE,http://www.lupodimarenoleggio.it/,388 791 7909,"Porto Vecchio, Castro",Castro Marina,,,https,Joomla,Sì,Serverplan S.r.l.,53,61,100.00,Sì,No
Noleggio barche M & M BOAT di Vespa Michele,NOLEGGIO BARCHE,http://www.memboat.it/,334 196 4628,"Via Lungomare, 51",Tonnara di Bonagia,,info@memboat.it,https,Shopify,No,OVH SAS,63,93,100.00,Sì,No
Tender Boating - Noleggio barche e tour privati Isole Eolie,NOLEGGIO BARCHE,https://tenderboating.it/,351 543 4039,"Poseidon Marina, lungomare Garibaldi c.da Vaccarella 1",Milazzo,,tenderboating@gmail.com,https,WordPress,No,Server Plan S.r.l.,59,81,85.00,Sì,No
Sail Travel Egadi - Vacanze in Barca a Vela e Catamarano,NOLEGGIO BARCHE,https://www.sailtravel.it/,339 226 9952,"Vicolo Coccio, 4",Marsala,,sailtravel.francesco@gmail.com,https,Shopify,No,Seeweb srl,47,70,92.00,Sì,No
Nebrodi Eolian Charter - Noleggio Barche e Gommoni Capo d'Orlando - Isole Eolie,NOLEGGIO BARCHE,https://www.nebrodieoliancharter.it/it/,0941 195 0073,"Via Campidoglio, 30/S",Sant'Agata di Militello,,info@nebrodieoliancharter.it,https,React,Sì,SiteGround,38,59,83.00,Sì,No
Marina Yachting Sicily,NOLEGGIO BARCHE,https://www.marinayachtingsicily.com/,351 557 0344,"Via Faro, 10",San Vito Lo Capo,,,https,React,No,Server Plan S.r.l.,56,75,100.00,Sì,No
Lisca Bianca Yachts Charter,NOLEGGIO BARCHE,https://liscabiancayachtscharter.it/,392 504 9510,"Via Bettolo Giovanni Ammiraglio, 13",Palermo,,info@liscabiancayachtscharter.it,https,WordPress,No,Server Plan S.r.l.,55,68,100.00,Sì,No
Pontile La Scogliera,NOLEGGIO BARCHE,,331 225 2178,Via Marina di Torre,Torre Archirafi,,,,,,,,,,,
Nautica Rent,NOLEGGIO BARCHE,http://www.nauticarent.it/,342 503 5122,Lungomare,Marina di Montenero,,hornoisebastian@yahoo.it,https,WordPress,Sì,Google LLC,38,81,100.00,Sì,No
Noleggio Gommoni Trapani,NOLEGGIO BARCHE,https://www.noleggiogommonitrapani.com/,320 013 2421,Viale Regina Elena,Trapani,,,https,WordPress,Sì,OVH SAS,57,47,92.00,Sì,No
Noleggio gommoni SEASTAR charter nautico,NOLEGGIO BARCHE,https://www.seastarcharternautico.it/,388 736 5837,Lungomare Mediterraneo,Marsala,,info@seastarcharternautico.it,https,WordPress,No,Aruba S.p.A.,57,93,100.00,Sì,No
Baia di Ognina Rent & Boat,NOLEGGIO BARCHE,,333 106 3795,"Presso Baia di Ognina, Via Messina, 608",Catania,,,,,,,,,,,
Ermes Noleggi Barche e Gommoni,NOLEGGIO BARCHE,https://ermesnoleggisalina.com/,371 533 2245,Via Lungomare,Santa Marina Salina,,ermesnoleggisalina@gmail.com,https,Joomla,No,Google LLC,59,86,92.00,Sì,No
Blu Nautica,NOLEGGIO BARCHE,http://www.blunautica.com/,0924 31227,"via Don Luigi Zangara snc, V. Guglielmo Marconi, 165",Castellammare del Golfo,,info@blunautica.com,https,WordPress,Sì,Sconosciuto,56,85,92.00,Sì,No
Noleggio gommoni Ciclope Boat Rent,NOLEGGIO BARCHE,,345 581 1664,"Lungomare Cristoforo Colombo, Snc",Aci Castello,,,,,,,,,,,
Sicily Gates,NOLEGGIO BARCHE,,338 671 7934,"Via Carlo Alberto, 100",San Gregorio di Catania,,,,,,,,,,,
"NAUTICA SANTA MARINA - Noleggio barche, gommoni e ormeggio boa a Salina Isole Eolie",NOLEGGIO BARCHE,https://www.nauticasantamarina.com/,393 020 2609,Via Massimo Troisi,Santa Marina Salina,,,https,WordPress,Sì,Sconosciuto,34,80,92.00,Sì,No
Mamaboats Noleggio Barche Siracusa - Noleggio Jet Ski Siracusa - Escursioni in barca Siracusa,NOLEGGIO BARCHE,https://www.mamaboats.it/,334 950 6483,"Via Elorina, 95",Siracusa,,info@mamaboats.it,https,Shopify,No,ServerPlan,43,53,92.00,Sì,No
Oltremare M&S di Maria Rita Sardina Noleggio gommoni Palermo Noleggio barche Palermo,NOLEGGIO BARCHE,http://www.oltremarepalermo.it/,327 082 4594,"Lungomare Cristoforo Colombo, 4521",Palermo,,oltremare-palermo@libero.it,https,WordPress,No,VHosting,42,56,85.00,Sì,No
Ecomar Noleggio Gommoni e Barche,NOLEGGIO BARCHE,https://ecomarrentboat.it/,338 976 8201,"Via Don Leonardo Zangara, 50",Castellammare del Golfo,,booking@ecomarrentboat.it,https,WordPress,No,Netsons,65,80,92.00,Sì,No
Rent Navigare,NOLEGGIO BARCHE,,389 118 7518,Loc La Foce,Marina di Campo,,,,,,,,,,,
ENJOY ME - Boat Rental,NOLEGGIO BARCHE,http://www.gruppotoc.com/,375 504 2200,"Via Marina Garibaldi, 353",Milazzo,,info@gruppotoc.com,https,WordPress,Sì,SEEWEB s.r.l.,63,70,92.00,Sì,No
Siciliasailtour,NOLEGGIO BARCHE,http://www.siciliasailtour.com/,335 666 9030,Via Cardinale Dusmet,Catania,,,https,ASP.NET,No,Aruba S.p.A. Network,56,65,92.00,Sì,No
ITALMARE Noleggio Barche e Gommoni,NOLEGGIO BARCHE,,348 276 7297,"Cancello d'ingresso tra A.N.M.I. ed Assonautica, Lungomare Marconi, 10",Gallipoli,,,,,,,,,,,
Noleggio Barche Boats for Rent Gallipoli ZaBoat Rigging Service,NOLEGGIO BARCHE,,327 683 8764,Lungomare Marconi Assonautica,Gallipoli,,,,,,,,,,,
Sealife noleggio gommoni,NOLEGGIO BARCHE,,335 817 6993,Via Duca del Mare,Riposto,,,,,,,,,,,
Chart ME,NOLEGGIO BARCHE,http://www.chartme.it/,348 851 0133,Via Case Basse,Messina,,,https,Squarespace,No,"Squarespace, Inc.",48,76,100.00,Sì,No
Nautilus,NOLEGGIO BARCHE,http://www.nautilusboat.it/,338 485 8918,Lungomare Paolo Borsellino,Pantelleria,,info@nautilusboat.it,https,Shopify,No,Genesys Informatica S.r.l.,62,53,100.00,Sì,No
Elicriso rent a boat,NOLEGGIO BARCHE,,347 916 6572,"Via Firenze, 75",Catania,,,,,,,,,,,
Charter Sicilia,NOLEGGIO BARCHE,https://www.minicrocieresicilia.com/rent-boats-charters-sicilia,338 232 2936,"Via Giovan Battista Vaccarini, 1",Palermo,,info@dreamingsicily.it,https,WordPress,No,Aruba S.p.A.,71,95,92.00,Sì,No
Arena Tour in barca Sicilia,NOLEGGIO BARCHE,https://www.arenasicilytour.it/,338 304 6310,"Via Marittima, 4",Catania,,arenacostruzioni@icloud.com,,WordPress,No,Serverplan s.r.l.,48,75,85.00,Sì,No
Sicily Sailing Experience,NOLEGGIO BARCHE,http://www.sicilysailingexperience.com/,388 907 4432,"P.za Federico di Svevia, 32",Catania,,info@sicilysailingexperience.com,https,React,Sì,Google LLC,42,54,100.00,Sì,No
Noleggio Gommoni Nico's,NOLEGGIO BARCHE,,339 545 0554,Spiaggia,Lido Rossello,,,,,,,,,,,
ALIA Charter • Amalfi Coast & Cilento • Boat Tour and Water Taxi,NOLEGGIO BARCHE,https://www.salernoincoming.it/alia-charter-tour-premium-water-taxi-salerno/,347 211 9768,"Ormeggi Autuori, Via Molo Manfredi",Salerno,,,https,Shopify,No,Aruba-Hosting,52,97,100.00,Sì,No
Charter Eolie e Grecia Atlantia partenza da Milazzo noleggi barca a vela,NOLEGGIO BARCHE,,373 799 9740,"Via L. Da Vinci, 12",Tremestieri Etneo,,,,,,,,,,,
Sicily Holiday Charters,NOLEGGIO BARCHE,https://www.sicilyholidaycharters.com/,351 700 2815,"Italia - cala madonna del, Vicolo Carmine, snc",Augusta,,,https,React,No,Google LLC,59,97,92.00,Sì,No
Noleggio Barca Porto Cesareo - SeaPlanet,NOLEGGIO BARCHE,https://barcaportocesareo.it/,389 209 9487,Piazzale Berlinguer,Porto Cesareo,,,https,WordPress,No,Mister Domain,70,91,92.00,Sì,No
SAILING SICILY TRAVELLING - Boat Charter & Experiences,NOLEGGIO BARCHE,http://www.sailingsicilytravelling.com/,0924 040024,"Corso VI Aprile, 264",Alcamo,,sales@sicilytravelling.com,https,Joomla,Sì,Sconosciuto,64,63,85.00,Sì,No
Leandro's Boat,NOLEGGIO BARCHE,https://leandrosboats.it/,366 386 5854,"Via Don Leonardo Zangara, snc",Castellammare del Golfo,,info@leandrosboats.it,https,WordPress,Sì,Server Plan S.r.l.,90,99,100.00,Sì,No
Navigando per Aci Trezza,NOLEGGIO BARCHE,https://www.acitrezzaexcursionsboat.com/,340 850 7361,"Via Lungomare Dei Ciclopi, 177/a",Aci Castello,,navigandopertrezza@gmail.com,https,React,No,Aruba S.p.A.,63,82,92.00,Sì,No
Gente di Mare boats excursions,NOLEGGIO BARCHE,,338 471 8637,Via Presidiana,Cefalù,,,,,,,,,,,
Noleggio Barche - Nautical Rent,NOLEGGIO BARCHE,,375 848 6661,Contrada S. Litterata,Belvedere Marittimo,,,,,,,,,,,
Piccola Nautica,NOLEGGIO BARCHE,https://www.piccolanautica.it/prenotazioni,338 300 3529,"Via Doppia Croce, 54",Marina di Leuca,,,https,WordPress,No,Sconosciuto,15,26,0.00,Sì,No
Sea Boat Noleggi,NOLEGGIO BARCHE,http://www.seaboatnoleggi.it/,329 756 0049,"Via Livorno, Snc",Marina di Ragusa,,info@seaboatnoleggi.it,https,WordPress,Sì,Aruba S.p.A. Network,26,59,100.00,Sì,No
Gita in barca riserva naturale dello zingaro Scopello S.Vito lo capo,NOLEGGIO BARCHE,http://www.lgrentalservice.it/,333 946 2701,Via Don Leonardo Zangara,Castellammare del Golfo,,,https,React,Sì,Aruba S.p.A.,53,71,100.00,Sì,No
Rivage - Cefalù Charter Boat,NOLEGGIO BARCHE,,345 485 959,Contrada Presidiana,Cefalù,,,,,,,,,,,
Sea Land Tours,NOLEGGIO BARCHE,http://www.sealandtours.it/,328 738 2114,Via Presidiana,Cefalù,,info@sealandtours.it,https,React,Sì,Sconosciuto,63,99,85.00,Sì,No
Adventure Sea,NOLEGGIO BARCHE,http://adventuresea.net/,02 8715 7228,Via Lungomare Stefano Pugliese,Catanzaro,,info@adventuresea.net,https,Nicepage,No,Server Plan S.r.l.,57,68,92.00,Sì,No
Jonio Yachting,NOLEGGIO BARCHE,http://www.jonioyachting.com/,348 866 4733,P.za Capitaneria di Porto,Palermo,,info@jonioyachting.com,https,WordPress,No,Seflow S.N.C. Di Marco Brame' & C.,59,81,92.00,Sì,No
Noleggio Barche E Gommoni Aliberti,NOLEGGIO BARCHE,,338 761 5413,"Via Giuseppe Garibaldi, 19",Lipari,,,,,,,,,,,
Passione Blue| Noleggio barche| Castellammare del golfo,NOLEGGIO BARCHE,http://www.passioneblue.com/,388 450 7491,"Via Don Leonardo Zangara, 1",Castellammare del Golfo,,passioneblue@libero.it,https,React,No,Aruba S.p.A.,26,38,85.00,Sì,No
GVBOATS,NOLEGGIO BARCHE,https://www.gvboats.it/,380 174 7483,Via Presidiana,Cefalù,,gvboats.charter@gmail.com,https,WordPress,No,Netsons s.r.l.,63,77,92.00,Sì,No
Pontile Marina di Torre,NOLEGGIO BARCHE,,340 524 2160,"Via Marina di Torre, 15",Torre Archirafi,,,,,,,,,,,
Egadi Islands | Noleggio Imbarcazioni,NOLEGGIO BARCHE,https://egadislands.it/,333 108 7773,"Via Ranuncoli, 2",Trapani,,info@egadislands.it,https,WordPress,Sì,Hostinger,52,56,92.00,Sì,No
noleggio Gommoni veraboat,NOLEGGIO BARCHE,https://www.veraboat.com/,331 382 3221,"Via dei Villini, 30",Isola delle Femmine,,info@veraboat.com,https,WordPress,Sì,Sconosciuto,57,95,92.00,Sì,No
3PSUB Noleggio barche ed Escursioni,NOLEGGIO BARCHE,http://3psub.com/,347 773 1714,Porto di,Pozzallo,,info3psub@gmail.com,https,WordPress,Sì,Signet B.V.,51,70,100.00,Sì,No
Poseidone noleggio barche ed escursioni Andrano,NOLEGGIO BARCHE,https://www.poseidonenoleggiobarche.it/,388 657 0931,"Viale Europa, 17",Marina di Andrano,,newpaolo@icloud.com,https,Shopify,No,Aruba S.p.A.,66,89,75.00,Sì,No
Boat Tour Mondello,NOLEGGIO BARCHE,https://www.boattourmondello.com/,392 030 7143,Via Piano di Gallo,Palermo,,boat.tourmondello@gmail.com,https,Wix,No,Sconosciuto,52,80,92.00,Sì,No
Escursioni e Giro in Barca a Cefalù - Mare Aperto,NOLEGGIO BARCHE,,329 643 7801,Via Presidiana,Cefalù,,,,,,,,,,,
Dream Boat,NOLEGGIO BARCHE,,320 825 1019,Porto Di,Balestrate,,,,,,,,,,,
Ciro on boat escursioni Cefalù,NOLEGGIO BARCHE,,388 992 1566,Contrada presidiana,Cefalù,,,,,,,,,,,
Il Platano,NOLEGGIO BARCHE,http://www.ilplatano.eu/,339 278 3550,"Viale Regina Margherita, km 1.7",Capodimonte,,info@ilplatano.eu,https,Shopify,Sì,Aruba S.p.A.,56,81,100.00,Sì,No
TERRAMARE SERVICE noleggio gommoni,NOLEGGIO BARCHE,,342 573 2363,"Str. Isolotto, 1",Trapani,,,,,,,,,,,
Ala Charter,NOLEGGIO BARCHE,https://www.alacharter.com/,347 574 3086,"Viale Libertà, 136",Giarre,,charterala@gmail.com,https,Wix,No,Sconosciuto,61,89,92.00,Sì,No
Noleggio barche Castellammare del Golfo,NOLEGGIO BARCHE,http://www.rosadeiventiseaexperience.it/,389 021 1913,Via Don Leonardo Zangara,Castellammare del Golfo,,benny_lauria@libero.it,http,Mobirise,Sì,Register S.P.A.,56,87,92.00,Sì,No
Nologommoni,NOLEGGIO BARCHE,,328 388 2252,"Via Romeo, 101",Isola delle Femmine,,,,,,,,,,,
Tre Nodi Servizi Canale VHF 77,NOLEGGIO BARCHE,http://3nodiservizi.com/,334 804 5361,Via Presidiana,Cefalù,,trenodiservizi@icloud.com,https,Nicepage,No,Hetzner Online GmbH,0,98,91.00,Sì,No
Sicily Rent Boat,NOLEGGIO BARCHE,,333 445 8112,"Via Marchese di Villabianca, 120",Palermo,,,,,,,,,,,
JB Noleggio Barche,NOLEGGIO BARCHE,,338 707 6938,Lingua di Sabbia,Seccagrande,,,,,,,,,,,
Seagold Boat Rental,NOLEGGIO BARCHE,https://www.seagold.it/,345 993 5768,"VIA FILIPPO PATTI, MOLO TRAPEZOIDALE, SNC",Palermo,,,https,React,No,Google LLC,78,46,92.00,Sì,No
onboard srl,NOLEGGIO BARCHE,http://www.onboardsalento.com/,393 673 6401,40°15'44N 17°53'15 Piazzale Berlinguer,Porto Cesareo,,info@onboardsalento.com,https,WordPress,No,Sconosciuto,36,35,92.00,Sì,No
Màkari Rent Boat,NOLEGGIO BARCHE,,334 305 5559,Via Don Leonardo Zangara,Castellammare del Golfo,,,,,,,,,,,
Nautica Piga,NOLEGGIO BARCHE,https://www.noleggiogommonifertilia.it/,349 539 5370,"SS127bis, 9",Fertilia,,,https,Angular,Sì,OVH SAS,48,76,85.00,Sì,No
Durlindana Noleggio,NOLEGGIO BARCHE,https://www.noleggiobarchecastro.com/,338 897 9996,Via Scalo delle Barche,Castro,,durlindana3@virgilio.it,https,WordPress,Sì,Hetzner Online GmbH,,,,Sì,No
ABEL NAUTICA - Noleggio Barche e Gommoni a Crotone,NOLEGGIO BARCHE,,0962 191 6059,Via Molo Foraneo Porto Vecchio,Crotone,,,,,,,,,,,
SeaLife | Noleggio Gommoni e Barche Follonica Punta Ala Castiglione Della Pescaia,NOLEGGIO BARCHE,http://www.sealifenoleggio.it/,392 305 3149,Loc. Casetta Civinini,Punta Ala,,,https,React,No,IT.Gate S.p.A.,71,93,100.00,Sì,No
Enjoy Salento,NOLEGGIO BARCHE,https://www.enjoysalento.com/,379 124 1433,Scalo Alaggio,Porto Cesareo,,,https,WordPress,Sì,Sconosciuto,75,95,100.00,Sì,No
Invictus Sicily noleggio barche a vela ISOLE EOLIE sail charter,NOLEGGIO BARCHE,http://www.invictus-sicily.com/,333 378 5958,"Contrada Bagnoli snc, San Gregorio Presso Capo D'Orlando Marina",Capo d'Orlando,,sail.charter@invictus-sicily.com,https,Shopify,No,Aruba S.p.A.,46,90,92.00,Sì,No
Popeye Excursions Cefalù,NOLEGGIO BARCHE,http://popeye-excursions.it/,329 778 9843,Via Presidiana,Cefalù,,francescofertitta@hotmail.it,https,React,Sì,Cloudflare,50,53,92.00,Sì,No
Noleggio Gommoni -Scilla Boat Experience,NOLEGGIO BARCHE,https://scillaboatexperience.it/,347 759 5595,Via Grotte,Scilla,,,https,Shopify,No,SiteGround,,,,Sì,No
BOATBOOKING,NOLEGGIO BARCHE,https://boatbooking.one/,339 405 9400,Contrada Bagnoli,Capo d'Orlando,,boat@boatbooking.one,https,React,Sì,Aruba S.p.A.,,,,Sì,No
Holiday on boat - Noleggio barche e gommoni,NOLEGGIO BARCHE,https://www.holidayonboat.it/,331 561 9231,Contrada Cerri,Castellammare del Golfo,,info@holidayonboat.it,https,Joomla,Sì,Server Plan S.r.l.,,,,Sì,No
NOLEGGIO BARCHE E GOMMONI DA TONINO di Antonino Maiuri,NOLEGGIO BARCHE,http://www.noleggiodatonino.it/,335 585 9790,"Vulcano - Isole Eolie, Via Porto Ponente, Località Baia di Ponente",Lipari,,info@noleggiodatonino.it,https,ASP.NET,No,Aruba S.p.A,57,79,92.00,Sì,No
Alma Boat Rental,NOLEGGIO BARCHE,https://almaboatrental.com/,388 991 0397,Piazzale S. Marco,Fertilia,,boat@almaboatrental.com,https,WordPress,No,OVH ISP,,,,Sì,No
Nautica Extreme Eolie Charter,NOLEGGIO BARCHE,https://nauticaextreme.com/,328 423 8078,Via Cristoforo Colombo,Patti,,info@nauticaextreme.com,https,Angular,No,Cloudflare,,,,Sì,No
Altamarea Noleggio Barche e Gommoni - Castellammare del Golfo,NOLEGGIO BARCHE,https://altamareadelgolfo.com/,320 251 0946,Via Don Leonardo Zangara,Castellammare del Golfo,,,https,WordPress,No,Aruba S.p.A.,,,,Sì,No
Alghero Rent Boat - Noleggio Gommoni e Barche Alghero,NOLEGGIO BARCHE,http://algherorentboat.it/,351 207 8062,Banchina Giuseppe Pezzi,Alghero,,algherorentboat@gmail.com,https,WordPress,No,VHosting,56,53,85.00,Sì,No
Boat Rental Santa Maria Navarrese Nolo Goloritzè,NOLEGGIO BARCHE,https://www.nologoloritze.com/,331 806 5019,Lungomare Monte Santo,Santa Maria Navarrese,,,https,React,No,Sconosciuto,76,95,92.00,Sì,No
Sikelia Sail,NOLEGGIO BARCHE,http://www.sikeliasail.it/,338 157 5906,Via Marzamemi,Marzamemi,,info@sikelia.it,https,WordPress,No,Aruba S.p.A.,,,,Sì,No
NOLEGGIO BARCHE,NOLEGGIO BARCHE,,351 979 2640,C.da Porto Fossa,Marzamemi,,,,,,,,,,,
ISLANDS- Noleggio Barche e Escursioni Isole Eolie,NOLEGGIO BARCHE,,353 371 1462,Spiaggia,Zappardino,,,,,,,,,,,
Seaboat Rent - Noleggio Barche ed Escursioni Castellammare del Golfo (TP),NOLEGGIO BARCHE,,378 404 8569,"Via Don Leonardo Zangara, 89",Castellammare del Golfo,,,,,,,,,,,
GF Mare Blu Escursioni e Noleggio barche,NOLEGGIO BARCHE,,320 631 9804,"Ponte Umbertino, 1",Siracusa,,,,,,,,,,,
Noleggio barche e gommoni - Enjoy Panarea,NOLEGGIO BARCHE,http://www.enjoypanarea.com/,349 139 3853,via san pietro,Panarea,,info@enjoypanarea.com,https,Joomla,Sì,Aruba S.p.A.,,,,Sì,No
Noleggio Gommoni Santa Maria Navarrese NAUTICA s.a.s.,NOLEGGIO BARCHE,https://www.nauticaseaservice.it/,0782 615522,Porto Turistico di,Santa Maria Navarrese,,holiday@nauticaseaservice.it,https,Joomla,Sì,Aruba S.p.A.,60,80,92.00,Sì,No
Sicily by Catamaran,NOLEGGIO BARCHE,https://www.sicilybycatamaran.com/,338 493 9249,"c/o Si.Ti Mar, Marina yachting, Via Filippo Patti",Palermo,,emanuel@sicilybycatamaran.com,https,React,No,Netsons,,,,Sì,No
Maby Mare - Noleggio gommoni | Escursioni in barca,NOLEGGIO BARCHE,http://www.mabymare.com/,351 621 8160,"Via Degli Oleandri, 10",Villasimius,,booking.mabymare@gmail.com,https,WordPress,No,Aruba S.p.A.,,,,Sì,No
T.A.Service Noleggio barche e gommoni Castellammare del golfo,NOLEGGIO BARCHE,https://www.ta-service.it/,338 838 1570,"Via Don Leonardo Zangara, 79",Castellammare del Golfo,,tempestaanto97@gmail.com,https,Shopify,No,Aruba S.p.A.,,,,Sì,No
Apicella Rent Boat noleggio barche| Castellammare del Golfo,NOLEGGIO BARCHE,https://apicellarentboat.com/,350 924 3218,Piazza Barone Giacomo Alliata,Castellammare del Golfo,,contact@mysite.com,https,WordPress,No,Server Plan S.r.l.,,,,Sì,No
CERASELLA Escursioni in barca alle Isole Eolie| Exclusive boat trips| Private Boat Tours| Boat trips to the Aeolian Islands,NOLEGGIO BARCHE,http://www.cerasellagiteinbarca.it/,338 270 1339,"Via Giuseppe Mazzini, 81",Acquacalda,,cerasellalipari@gmail.com,https,WordPress,Sì,Servereasy Srl,,,,Sì,No
Playa Rental Boat Siracusa,NOLEGGIO BARCHE,,348 872 2473,"Via Elorina, 95",Siracusa,,,,,,,,,,,
Blue Mar - Noleggio Barche Milazzo by Gabbatha Motor,NOLEGGIO BARCHE,,333 264 6380,Via Marina Garibaldi,Milazzo,,,,,,,,,,,
LAGUNA YACHTING,NOLEGGIO BARCHE,https://www.lagunayachting.it/en/home,373 538 0650,Marina Villa Igiea,Palermo,,,https,React,No,Tucows Domains,,,,Sì,No
ARENELLA BOAT DI MELI GIANLUCA,NOLEGGIO BARCHE,https://arenellaboat.it/,380 216 0073,"Discesa Tonnara, 4",Palermo,,info@arenellaboat.it,https,WordPress,No,ServerPlan,57,77,92.00,Sì,No
Acquarò Gommoni ed Escursioni,NOLEGGIO BARCHE,https://www.noleggiogommonisanvito.com/,324 841 0807,Molo Piccolo Costa Gaia,San Vito Lo Capo,,info@noleggiogommonisanvito.it,https,Shopify,No,OVH-Hosting,,,,Sì,No
L.A.S. Service - Noleggio Barche e Gommoni,NOLEGGIO BARCHE,https://www.castellammaredelgolfovacanze.com/,328 953 2312,Via Don Leonardo Zangara,Castellammare del Golfo,,lasservice91@gmail.com,https,React,Sì,Google LLC,,,,Sì,No
"Pick & Boat - Noleggio gommoni /Rent Boat , catamarano, Boat Excursion @Villasimius",NOLEGGIO BARCHE,http://www.pickandboat.com/,351 993 1853,"Via Degli Oleandri, 10",Villasimius,,info@libreriacocco.it,https,Joomla,Sì,Aruba S.p.A.,,,,Sì,No
La Darsena - Marina Vieste Noleggio Gommoni- ormeggio barche in transito,NOLEGGIO BARCHE,http://www.marinavieste.it/,347 133 9215,Porto,Vieste,,michele@marinavieste.it,https,WordPress,No,Aruba S.p.A. Network,,,,Sì,No
Zaccheo Boat Rental,NOLEGGIO BARCHE,http://www.zaccheoboatrental.com/,328 763 6523,"Via Marina di Cassano, 88",Piano di Sorrento,,info@zaccheoboatrental.com,https,WordPress,Sì,IT.Gate S.p.A.,,,,Sì,No
Sea Line Rental Boat,NOLEGGIO BARCHE,https://www.sealinerentalboat.com/,349 650 3477,"Porto di Punta Marana, 62",Marinella,,info@sealinerentalboat.com,https,React,No,Sconosciuto,,,,Sì,No
Vela Egadi Emotion - Isole Egadi in barca a vela,NOLEGGIO BARCHE,http://www.velaegadiemotion.it/,392 012 6206,Lungomare Mediterraneo,Marsala,,info@velaegadiemotion.it,https,Shopify,No,Aruba S.p.A.,,,,Sì,No
Nautica Platy noleggio gommoni e barche a San Vito Lo Capo,NOLEGGIO BARCHE,https://www.noleggiobarchesanvitolocapo.it/,320 071 8609,Via Faro,San Vito Lo Capo,,nauticaplaty@gmail.com,https,WordPress,Sì,Aruba S.p.A.,,,,Sì,No
Lilibeo Chartering Rental Boat,NOLEGGIO BARCHE,,328 985 0870,"Lungomare Mediterraneo, 17-23",Marsala,,,,,,,,,,,
EtnaBoating,NOLEGGIO BARCHE,http://www.instragram.com/etnaboating,347 939 1683,"S N, Via Duca del Mare",Riposto,,,http,Django,No,"Facebook, Inc.",,,,Sì,No
Noleggio Gommoni Nautica Cafarelli Napoli,NOLEGGIO BARCHE,https://nauticacafarelli.com/,339 866 1295,"Via Ferdinando Russo, 15",Napoli,,nauticacafarelliprenotazioni@gmail.com,https,WordPress,Sì,Signet B.V.,,,,Sì,No
Paladino Luxury Yacht Services,NOLEGGIO BARCHE,http://www.paladinoyachtservices.it/,340 516 3325,"Corso Messina, 41",Giarre,,,https,React,No,Google LLC,,,,Sì,No
SAIL AWAY SARDINIA POINT Marina di Villasimius,NOLEGGIO BARCHE,http://www.sailawaysardinia.com/,388 109 8018,"Via Degli Oleandri, 10",Villasimius,,info@sailawaysardinia.it,https,Joomla,No,Aruba S.p.A.,,,,Sì,No
Nave da ricerca oceanografica,NOLEGGIO BARCHE,https://www.armamentolicausi.it/,327 599 5236,"Contrada Colombaio Lasagna, 178",Marsala,,info@armamentolicausi.it,https,Joomla,Sì,Hetzner Online GmbH,,,,Sì,No
Eolian Shipping Cruises,NOLEGGIO BARCHE,https://eolianshippingcruises.com/,0941 902350,"Via Roma, 47",Capo d'Orlando,,,https,ASP.NET,No,Hetzner Online GmbH,,,,Sì,No
Amoroso Boat Rent,NOLEGGIO BARCHE,https://www.amorosoboatrent.it/,351 700 3598,Piazza Acquasanta,Palermo,,info@amorosoboatrent.it,https,Joomla,No,SEEWEB s.r.l.,,,,Sì,No
Sea Folk - Headquarters,NOLEGGIO BARCHE,https://www.seafolk.it/,091 251 5002,"Via Gualtiero da Caltagirone, 27",Palermo,,info@seafolk.it,https,ASP.NET,No,Netsons s.r.l.,,,,Sì,No
Veleasegno Charter,NOLEGGIO BARCHE,http://www.veleasegnocharter.com/,334 877 6292,Contrada Bagnoli,Capo d'Orlando,,info@veleasegnocharter.com,https,WordPress,No,Aruba S.p.A.,,,,Sì,No
Navigatio vacanze in barca a vela,NOLEGGIO BARCHE,https://www.navigatio.it/,349 652 8816,"Porto turistico Via lungomare Mediterraneo, marina polaris",Marsala,,,https,WordPress,No,Aruba S.p.A.,,,,Sì,No
Angimar Noleggio Gommoni,NOLEGGIO BARCHE,,376 216 3109,Contrada Birgi,Marsala,,,,,,,,,,,
Albaria noleggio gommoni Marsala,NOLEGGIO BARCHE,https://www.albarianoleggio.it/,389 646 3115,"Lungomare Mediterraneo, Snc",Marsala,,,https,WordPress,Sì,Aruba S.p.A.,,,,Sì,No
Magic Sailing Charter S.R.L.,NOLEGGIO BARCHE,http://www.magicsailingcharter.it/,388 090 5374,Contrada Bagnoli,San Gregorio-bagnoli,,info@magicsailingcharter.it,https,Wix,Sì,Google LLC,,,,Sì,No
Palermo Boat di Palermo Rental,NOLEGGIO BARCHE,http://palermorental.it/,331 393 6585,"Marina Arenella, Discesa Tonnara, 9",Palermo,,,https,WordPress,Sì,Keliweb S.R.L,,,,Sì,No
Poseidon Marine,NOLEGGIO BARCHE,http://www.poseidonmarine.it/,0832 781382,"Largo Stazione, 33",Squinzano,,,http,ASP.NET,No,Sconosciuto,,,,Sì,No
Helm Yachting Srl,NOLEGGIO BARCHE,http://www.helm-yachting.com/,0941 334861,Contrada Bagnoli,San Gregorio-bagnoli,,,https,Shopify,Sì,Sconosciuto,,,,Sì,No
Noleggio Gommoni Eoliegram Isole Eolie Panarea | Lipari,NOLEGGIO BARCHE,http://www.eoliegram.com/,339 584 0018,"via com. mare, 70",Panarea,,contact@eoliegram.com,https,Joomla,No,Aruba S.p.A.,,,,Sì,No
Seica boat,NOLEGGIO BARCHE,https://seicaboatexcursions.com/,328 122 9472,"via Filippo Patti, s.n.c",Palermo,,,https,WordPress,No,SiteGround,,,,Sì,No
Lipari Service,NOLEGGIO BARCHE,http://www.lipariservice.it/,090 988 6156,Via Francesco Crispi,Lipari,,,https,React,Sì,Aruba S.p.A,16,36,85.00,Sì,No
Taormina Boat,NOLEGGIO BARCHE,http://www.taorminaboat.com/,320 236 3853,"Via Nazionale, 185",Taormina,,,https,Wix,No,Google LLC,,,,Sì,No
Bea Rental Boat - Noleggio barche Siracusa,NOLEGGIO BARCHE,https://www.bearentalboat.com/,346 331 3274,"Via Elorina, Sud",Siracusa,,,https,WordPress,No,Netsons s.r.l.,,,,Sì,No
Sicily Boat Rental - Sea Travel Agency,NOLEGGIO BARCHE,,393 881 5982,"Via Vulcano, 9",Giardini-Naxos,,,,,,,,,,,
"Eolonoleggi barche, gommoni, escursioni e scooter",NOLEGGIO BARCHE,http://www.eolonoleggi.it/,338 240 2168,"Via Professore, Via Emanuele Carnevale",Lipari,,info@eolonoleggi.it,https,ASP.NET,Sì,Aruba S.p.A,,,,Sì,No
SeaTourSicily,NOLEGGIO BARCHE,https://www.seatoursicily.it/,338 843 4873,"Scalo dell'Arenella, 66",Palermo,,info@seatoursicily.it,https,Joomla,Sì,Netsons Network,,,,Sì,No
Sailor Fly,NOLEGGIO BARCHE,http://www.sailorflysalento.it/,0833 263860,Lungomare Marconi Piazzale Marinai D'Italia C/O Assonautica Lecce-Gallipoli secondo pontile ultima barca a destra,Gallipoli,,,https,Shopify,No,Sconosciuto,,,,Sì,No
Cinque Nodi,NOLEGGIO BARCHE,,392 898 6258,"Via Giovanni Falcone, 3",Gela,,,,,,,,,,,
Sail Egadi Vacanze in Barca a Vela,NOLEGGIO BARCHE,http://www.sailegadi.com/,328 285 7745,Porto Turistico,Marsala,,info@sailegadi.com,https,Joomla,No,Server Plan S.r.l.,,,,Sì,No
POMAR Noleggio Gommoni Trapani,NOLEGGIO BARCHE,,346 003 5833,"Viale Mothia, snc",Marausa Lido,,,,,,,,,,,
C.S. Nautica,NOLEGGIO BARCHE,http://csvacanze.it/,345 168 5712,"Via Don Leonardo Zangara, 57",Castellammare del Golfo,,simone.coraci94@virgilio.it,https,WordPress,No,Aruba S.p.A. Network,,,,Sì,No
Boat4U Noleggio Imbarcazioni Barche Gommoni Reggio Calabria Scilla Bagnara Calajanculla Gallico,NOLEGGIO BARCHE,,324 563 6768,Via Marina Arenile,Reggio di Calabria,,,,,,,,,,,
Siracusa in barca con Capitan Mirko,NOLEGGIO BARCHE,http://www.siracusainbarca.it/,327 468 0749,"Riva della Posta, 16",Siracusa,,vanessaficili19@gmail.com,https,Shopify,No,Aruba S.p.A.,,,,Sì,No
Idea Catamaran Charter,NOLEGGIO BARCHE,https://www.idea-catamarancharter.com/,06 4522 17115,Contrada Bagnoli,San Gregorio-bagnoli,,cat@idea-srl.eu,https,Joomla,Sì,Netsons s.r.l.,,,,Sì,No
Ortigia Boat Excursion,NOLEGGIO BARCHE,http://www.ortigiaboatexcursion.it/,380 770 9826,Riva Giuseppe Garibaldi,Siracusa,,info@ortigiaboatexcursion.it,https,WordPress,No,Aruba S.p.A.,,,,Sì,No
Bang Yachting Services Srls,NOLEGGIO BARCHE,,334 295 7552,"Via F. P. Perez, 141",Terrasini,,,,,,,,,,,
Marina Giardini Naxos - Taormina - Escursioni in Barca - Boat Excursions - Rent a Boat,NOLEGGIO BARCHE,http://www.marinadischiso.it/,0942 436493,Via Schisò,Giardini Naxos,,,https,React,No,ServerPlan,,,,Sì,No
Summer Rental Boat Siracusa,NOLEGGIO BARCHE,https://rentalboatsiracusa.it/,366 531 6280,"Via Elorina, Sud",Siracusa,,,https,WordPress,Sì,Netsons,,,,Sì,No
Noleggio Marin - Noleggio Gommoni,NOLEGGIO BARCHE,https://noleggiomarin.it/,351 589 1804,Lungomare Mediterraneo,Marsala,,info@noleggiomarin.it,https,WordPress,No,HOSTINGER DE,,,,Sì,No
Nautica Livio Licci,NOLEGGIO BARCHE,http://www.nauticaliviolicci.it/,331 352 1203,"Lungomare C. Colombo, 26",Santa Maria di Leuca,,info@nauticaliviolicci.it,https,ASP.NET,Sì,Sconosciuto,,,,Sì,No
Sea Charter,NOLEGGIO BARCHE,https://www.seacharter.rc.it/,328 304 9368,Banchina Porto,Reggio di Calabria,,,https,Shopify,Sì,Sconosciuto,,,,Sì,No
Sela Charter,NOLEGGIO BARCHE,https://sela-charter.com/,331 419 8505,"Molo Florio Banchina Polaris, Lungomare Mediterraneo, 57/59",Marsala,,,http,Shopify,No,Strato AG,,,,Sì,No
Sailing Charter S.r.l.s.,NOLEGGIO BARCHE,https://www.sailing-charter.it/,376 057 6959,"Viale Roma, 2",Reggio di Calabria,,sailingcharter17@gmail.com,https,React,No,Sconosciuto,,,,Sì,No
Zingaro Sail,NOLEGGIO BARCHE,https://zingarosail.com/,393 482 3998,"Baglio Isonzo, 25",Scopello,,zingarosail@gmail.com,https,WordPress,No,OVH-Hosting,,,,Sì,No
Blue Marine - Massimo e Patrizia Ranieri - Noleggio Ufficiale Imbarcazioni - Noleggio Barche e Gommoni - Tour con Skipper,NOLEGGIO BARCHE,https://cantierenauticobluemarine.it/,333 718 3942,località turrati mare,Soverato,,info@bluemarineboats.it,https,WordPress,No,Aruba-Hosting-(Technorail),,,,Sì,No
Ananoè Noleggio Barche,NOLEGGIO BARCHE,https://noleggiogommoniebarchegallipoli.it/,349 282 3902,"P.za Moro Aldo, 5",Gallipoli,,noleggio.barche@libero.it,https,WordPress,Sì,Aruba Hosting,,,,Sì,No
Marina Del Nettuno Broker S.R.L.,NOLEGGIO BARCHE,https://www.marinadelnettuno.it/,090 344139,"Via G. Garibaldi, 150",Messina,,ristorante@marinadelnettuno.it,https,WordPress,No,Aruba S.p.A.,,,,Sì,No
Networksail Srl,NOLEGGIO BARCHE,https://networksail.net/,090 716094,"Via Giuseppe Natoli, 61",Messina,,booking@networksail.net,https,WordPress,No,IT.Gate S.p.A.,,,,Sì,No
"SEA SPORTS centro nautico - Gite in barca, Noleggio imbarcazioni, SUP, Canoe, pedalò",NOLEGGIO BARCHE,http://www.seasports.it/,328 286 6652,"c/o villaggio Baia del Sole Resort, Contrada Torre Ruffa",Ricadi,,,https,Vue,No,Sconosciuto,,,,Sì,No
Noleggio Barche - Escursioni in Barca - Noleggio Barche a Diamante - Lido a Diamante,NOLEGGIO BARCHE,http://www.ipanemabeachdiamante.it/,366 264 7449,Viale Glauco,Diamante,,,https,React,No,Google LLC,,,,Sì,No
5 Network Sail Di Serena Passalacqua E C. Snc,NOLEGGIO BARCHE,,090 293 7744,"Via degli Orti, 96",Messina,,,,,,,,,,,
Capomare - Scopri la magia delle isole Eolie ...da Capo d'orlando,NOLEGGIO BARCHE,https://www.capomare.com/,333 760 3795,"Via Nino Mancari, 2",Capo d'Orlando,,info@capomare.com,,Joomla,No,Aruba S.p.A.,,,,Sì,No
Eolian Gulet Boats,NOLEGGIO BARCHE,https://www.eolianguletboats.it/,392 945 8661,"Via XXVII Luglio, 195",Messina,,,https,React,No,Google LLC,,,,Sì,No
Al Nair Charter,NOLEGGIO BARCHE,https://www.alnaircharter.it/,328 955 0643,"Sede: Via Canova, 8, Partenze: Via Prestileo Marina di Portorosa, 98054 Furnari",Messina,,info@alnaircharter.it,https,WordPress,Sì,IONOS SE,,,,Sì,No
Nautica Marilor,NOLEGGIO BARCHE,http://www.nauticamarilor.it/,345 276 4658,Porto turistico Leuca,Santa Maria di Leuca,,,https,Joomla,Sì,OVH-Hosting,,,,Sì,No
RZ Boat Noleggio Gommoni e Barche,NOLEGGIO BARCHE,,324 566 3481,"presso Di Giovanni S.N, Piazza Tonnara",Palermo,,,,,,,,,,,
Miseno Sea noleggio gommoni,NOLEGGIO BARCHE,,331 325 2135,"Via della Shoah, 35",Bacoli,,,,,,,,,,,
FORTE rent boats - noleggio barche,NOLEGGIO BARCHE,https://www.forterentboats.com/,334 720 3084,Via Don Leonardo Zangara,Castellammare del Golfo,,,https,Shopify,Sì,Servereasy Srl,,,,Sì,No
Noleggio barche e gommoni Panarea. DaCafio. Gite in barca Panarea Stromboli,NOLEGGIO BARCHE,http://www.dacafio.it/,334 912 5951,Via Comunale Mare,Panarea,,cafio@live.it,https,WordPress,Sì,Sconosciuto,65,85,77.00,Sì,No
Sea and Wind Srl,NOLEGGIO BARCHE,https://www.seandwindsrl.com/,339 108 9980,"Via Lungomare Cenide, 22",Villa San Giovanni,,,https,React,Sì,OVH SAS,56,82,92.00,Sì,No
Charter Line Sas,NOLEGGIO BARCHE,https://charterline.it/,0966 479743,"Porto Turistico di Palmi, Contrada Tonnara",Palmi,,,http,WordPress,No,Sconosciuto,,,,Sì,No
Eolo noleggio,NOLEGGIO BARCHE,,347 460 3837,"Via Marina Garibaldi, c.da,1",Milazzo,,,,,,,,,,,
"aMare Sicilia: Escursioni in barca a Porto Palo di Menfi, Sciacca, Selinunte, Mazara del Vallo",NOLEGGIO BARCHE,https://www.amaresicilia.it/,338 477 8636,Via Porto Palo,Menfi,,amaresicilia@gmail.com,https,Shopify,Sì,Aruba S.p.A. Network,66,76,92.00,Sì,No
Noleggio gommoni e barche Francesco porticciolo di mattinata,NOLEGGIO BARCHE,http://gratis-5172004.webadorsite.com/,339 187 8043,Contrada Agnuli,Mattinata,,assistenza@webador.it,https,React,No,Sconosciuto,79,98,92.00,Sì,No
Nautica Service - Noleggio Barche a Catania,NOLEGGIO BARCHE,,350 907 0830,Via S. Giovanni Li Cuti,Catania,,,,,,,,,,,
"SEAPASSION NOLEGGIO GOMMONI,BARCHE , ESCURSIONI COST TO COST,FLYBOARD CALABRIA",NOLEGGIO BARCHE,https://www.seapassion.eu/,349 465 4011,Contrada Formicoli,Ricadi,,info@seapassion.eu,https,WordPress,No,SiteGround,61,84,92.00,Sì,No
DONAUTICA escursioni noleggio barche,NOLEGGIO BARCHE,https://www.donautica.it/,320 828 2663,"Lungomare C. Colombo, 26",Santa Maria di Leuca,,info@donautica.it,https,WordPress,Sì,Sconosciuto,37,51,92.00,Sì,No
Dolce Vita Yachting,NOLEGGIO BARCHE,https://www.dolcevitayachting.it/,376 202 6232,"c.da vaccarella, Via Marina Garibaldi",Milazzo,,info@dolcevitayachting.it,https,Joomla,Sì,Sconosciuto,,,,Sì,No
Sicily Yacht,NOLEGGIO BARCHE,https://www.sicilyachts.com/,389 496 7136,"Riposto - Porto dell'Etna, Via Comunità Economica Europea, 55",Misterbianco,,service@sicilyachts.com,https,Shopify,No,Sconosciuto,49,88,92.00,Sì,No
Pantelleria barche,NOLEGGIO BARCHE,https://www.pantelleriabarche.it/,334 194 4243,"via messina, N° 31/interno 2",Pantelleria,,noreply@noleggiopantelleria.com,https,React,No,Aruba S.p.A. Network,67,88,82.00,Sì,No
Escursioni Team Shark | Escursioni in barca - Noleggio barche - Cena in barca - Addio Nubilato,NOLEGGIO BARCHE,https://escursioniteamshark.com/,327 587 9452,Lungomare Cristoforo Colombo,Santa Flavia,,escursioniteamshark@gmail.com,https,React,Sì,"Amazon.com, Inc.",96,79,100.00,Sì,No
Aura Egadi Tour,NOLEGGIO BARCHE,https://www.auraegaditour.it/,328 175 2381,"Contrada Spagnola, 614",Marsala,,dd0a55ccb8124b9c9d938e3acf41f8aa@sentry.wixpress.com,https,Wix,Sì,Google LLC,66,91,100.00,Sì,No
Il Naviglio snc,NOLEGGIO BARCHE,,380 176 2899,"Contrada Case Vecchie, 29",Monforte Marina,,,,,,,,,,,
Noleggio gommoni da Trapani a Favignana - Escursioni in barca da Trapani a Favignana - Exclusive Boat,NOLEGGIO BARCHE,https://www.exclusiveboatrapani.it/,350 900 7737,"Presso Columbus Yachting, Via Ranuncoli, 1",Trapani,,info@exclusiveboatrapani.it,https,WordPress,Sì,Aruba S.p.A.,55,67,100.00,Sì,No
Le tre isole di serimm,NOLEGGIO BARCHE,http://www.noleggiogommonitrapani.it/,349 303 7380,Via Ranuncoli,Trapani,,serimm.noleggio@libero.it,https,ASP.NET,No,Sconosciuto,71,92,82.00,Sì,No
Angelo's Boat Tours,NOLEGGIO BARCHE,http://www.belmarboattours.com/,333 687 9249,Molo dei Pescatori,Monterosso al Mare,,info@belmarboattours.com,,Squarespace,Non trovato,Sconosciuto,59,76,100.00,Sì,No
Noleggio Locaboat Baiano,NOLEGGIO BARCHE,,338 420 7770,Via Guglielmo Marconi,Monte di Procida,,,,,,,,,,,
Nautica Sant'Anastasia,NOLEGGIO BARCHE,,333 980 6679,"Via Sant'Anastasia, 5912",Rio Claro,,,,,,,,,,,
Noleggio Gommoni Trapani con Escursione,NOLEGGIO BARCHE,https://www.noleggiogommonetrapani.it/,347 597 9291,"Via dei Gladioli, SNC",Trapani,,info@noleggiogommonetrapani.it,https,Angular,Sì,Aruba S.p.A. Network,55,44,100.00,Sì,No
Poggi Boat Tours,NOLEGGIO BARCHE,,351 939 5200,Molo dei pescatori,Monterosso al Mare,,,,,,,,,,,
Rent Me - Escursioni in barca,NOLEGGIO BARCHE,http://www.noleggiobarchemonopoli.it/,345 745 5253,"Largo Castello, 3",Monopoli,,,https,React,Sì,Netsons,65,96,100.00,Sì,No
Cinque Terre Sea Tours,NOLEGGIO BARCHE,https://www.cinqueterreseatours.com/,375 634 9998,"Banchina Thaon di Revel, Passeggiata Costantino Morin",La Spezia,,cinqueterreseatours@gmail.com,https,WordPress,Sì,Sconosciuto,52,41,92.00,Sì,No
Boat Tour - Fantasea of Cinque Terre,NOLEGGIO BARCHE,https://fantaseaofcinqueterre.com/,379 100 5674,Piazza del Ventega,Vernazza,,,https,WordPress,Sì,Cloudflare,64,95,100.00,Sì,No
Mediterraneo Service Boats,NOLEGGIO BARCHE,http://www.mediterraneosb.it/,345 913 9083,"Via Guglielmo Marconi, 70",Monte di Procida,,mediterraneosb@gmail.com,,WordPress,No,Netsons s.r.l.,91,97,100.00,Sì,No
"Cristalli di Sale - Escursioni Isole Egadi, noleggio barche e gommoni",NOLEGGIO BARCHE,https://www.cristallidisaletrapani.it/,347 334 4332,Viale Regina Elena,Trapani,,giuseppe.grammatico26@gmail.com,https,WordPress,Sì,Aruba S.p.A. Network,56,70,92.00,Sì,No
Noleggio barche San Foca - Nautica Petrachi,NOLEGGIO BARCHE,,329 008 9189,S. Foca zona ricci,San Foca,,,,,,,,,,,
Egadi Charter & Tour,NOLEGGIO BARCHE,https://egadicharterandtour.com/,331 447 9388,"Via dei Gladioli, SNC",Trapani,,info@egadicharterandtour.com,https,Shopify,Sì,INCUBATEC GmbH - Srl,61,72,83.00,Sì,No
Nautica Patanè S.r.l.,NOLEGGIO BARCHE,,393 836 6282,"VIa S. Anna, 24",Sant'Anna,,,,,,,,,,,
Salimar noleggio gommoni Capo Coda Cavallo,NOLEGGIO BARCHE,https://www.noleggiogommonicodacavallo.it/,345 806 4432,"Spiaggia, Baia Salinedda",Capo Coda Cavallo,,info@noleggiogommonicodacavallo.it,https,Joomla,Sì,"Fastly, Inc.",33,0,100.00,Sì,No
"Mykonos Beach - Giardini Naxos, Noleggio Moto d'Acqua e Gonfiabili",NOLEGGIO BARCHE,https://www.mykonosbeach.it/,328 123 0018,Via Naxos,Giardini-Naxos,,info@mykonosbeach.it,https,Shopify,No,Seeoux,67,82,92.00,Sì,No
Escursione Perla dello Jonio,NOLEGGIO BARCHE,,329 714 5455,"Via Schisò, 36",Giardini Naxos,,,,,,,,,,,
Isola Yacht noleggio barche sanremo,NOLEGGIO BARCHE,https://isolayacht.it/,345 836 9829,"Via del Castillo, 17",Sanremo,,info@isolayacht.it,https,Shopify,No,SiteGround,62,93,100.00,Sì,No
Salento Gite in Barca,NOLEGGIO BARCHE,http://www.salentogiteinbarca.it/,333 387 9572,Via del Porto,Otranto,,info@salentogiteinbarca.it,https,React,No,Aruba S.p.A. Network,61,68,100.00,Sì,No
Bolsena Rent Boats La Bussola noleggio barche spiaggia attrezzata,NOLEGGIO BARCHE,http://bolsenarentboats.com/,328 905 5907,"Viale Regina Margherita, 56",Capodimonte,,,https,WordPress,No,"Akamai Technologies, Inc.",56,55,83.00,Sì,No
Fiumaretta Noleggio Gommoni e Barcone per Puntacorvo,NOLEGGIO BARCHE,http://www.servizipuntacorvo.it/,380 866 3934,"Via del Pilota, 33",Fiumaretta di Ameglia,,brochetellie@gmail.com,https,React,No,Wildcard Service Srl,70,93,92.00,Sì,No
Matilde Navigazione,NOLEGGIO BARCHE,http://www.matildenavigazione.com/,333 821 2007,Molo dei Pescatori,Monterosso al Mare,,info@matildenavigazione.com,https,WordPress,Sì,Sconosciuto,60,76,92.00,Sì,No
Sicily Boat Experience,NOLEGGIO BARCHE,https://www.sicilyboatexperience.com/,380 658 0707,Via Schisò,Giardini-Naxos,,sicilyboatexperience@gmail.com,https,Ecwid,No,IONOS SE,57,83,85.00,Sì,No
GM yacht,NOLEGGIO BARCHE,https://www.gmyacht.it/,095 873 0199,Porto dell'Etna,Riposto,,tuo.indirizzo@email.com,https,WordPress,No,Aruba S.p.A.,66,60,92.00,Sì,No
Sea Breeze Boat Tours - Monterosso,NOLEGGIO BARCHE,https://www.seabreezeboattours.com/,345 728 4105,Molo dei Pescatori,Monterosso al Mare,,,,Angular,Sì,Keliweb S.R.L,0,0,0.00,Sì,No
Escursioni in barca Taormina Giardini Naxos - Blue Diamond - Tour In Barca Isola Bella,NOLEGGIO BARCHE,http://bluediamondcruise.it/,338 135 7000,"Via Calcide Eubea, 1",Giardini Naxos,,blue.diamond@blu.it,https,Angular,No,Aruba S.p.A. Network,56,73,85.00,Sì,No
Fish and Chill Boat Tour,NOLEGGIO BARCHE,http://www.cinqueterreboat.com/,340 834 7834,Molo dei Pescatori,Monterosso al Mare,,5terretourfishandchill@gmail.com,https,Shopify,No,Aruba S.p.A. Network,44,33,91.00,Sì,No
Anemos Yachts - Luxury Yacht Charter,NOLEGGIO BARCHE,https://www.anemosyachts.it/,375 839 5186,Via Duca del Mare,Riposto,,,https,React,No,Server Plan S.r.l.,62,59,92.00,Sì,No
Noleggio imbarcazioni di Cerri Maria,NOLEGGIO BARCHE,http://www.divinglecastella.it/,348 285 1700,"Via Fosso, 1/3",Punta delle Castella,,,https,WordPress,No,IONOS SE,67,82,92.00,Sì,No
Almarano - Noleggio Imbarcazioni,NOLEGGIO BARCHE,http://www.almarano.com/,351 213 2995,Via S. Vito,Polignano a Mare,,,https,Joomla,No,Sconosciuto,32,48,92.00,Sì,No
Delfino Bianco,NOLEGGIO BARCHE,,331 758 0120,"Via Alessandro Volta, 40",Lampedusa,,,,,,,,,,,
"VenusNoleggi, noleggio gommoni",NOLEGGIO BARCHE,,389 542 2965,"Lungomare Andrea Doria, 174",Marina di Ragusa,,,,,,,,,,,
Calipso Boat Tours,NOLEGGIO BARCHE,http://calipsoboattour.com/,388 843 7267,"Molo dei Pescatori , 19016",Monterosso al Mare,,,https,WordPress,No,WordPress.com-DNS,69,92,100.00,Sì,No
Escursioni In Barca e Noleggio Yacht a Porto Cesareo,NOLEGGIO BARCHE,,320 932 9961,"Via Giosuè Carducci, 17",Carmiano,,,,,,,,,,,
Escursioni in Barca a Taormina e Isola Bella - La Rosa dei Venti Giardini Naxos,NOLEGGIO BARCHE,https://www.larosadeiventiescursioni.it/,347 760 0284,Via Schisò,Giardini-Naxos,,info@larosadeiventiescursioni.it,https,React,No,Seeoux,76,97,92.00,Sì,No
Gita in Barca Liliana Lampedusa,NOLEGGIO BARCHE,https://ettoresparma.wixsite.com/barcaliliana,327 544 2828,Lungomare Porto Nuovo,Lampedusa,,barca.liliana.lampedusa@gmail.com,https,React,No,Google LLC,71,86,92.00,Sì,No
FATABOAT noleggio barche Arona,NOLEGGIO BARCHE,https://noleggiobarchearona.it/,349 626 2983,"Via del Porto, 5",Arona,,,https,WordPress,No,Register.it-Hosting,71,80,100.00,Sì,No
Onda Marina sas di Davì Angelo,NOLEGGIO BARCHE,http://www.ondamarinalampedusa.it/,340 915 8431,Lungomare Porto Nuovo,Lampedusa e Linosa,,prenotazioni@ondamarinalampedusa.it,https,Shopify,Sì,WIIT AG,56,79,100.00,Sì,No
Relake,NOLEGGIO BARCHE,http://www.relake.it/,345 248 0598,"Via Alla Punta, 61",Lisanza,,info@relake.it,https,WordPress,Sì,Netsons,48,73,92.00,Sì,No
Vipa Rent Boat,NOLEGGIO BARCHE,https://viparentboat.it/,351 574 3848,Via Venezia,Vieste,,info@viparentboat.it,https,WordPress,No,ServerPlan,57,78,100.00,Sì,No
Noleggio Nettuno,NOLEGGIO BARCHE,http://www.noleggionettuno.it/,339 884 8485,piazza torre,Torre Vado,,info@noleggionettuno.it,https,Vue,Sì,Sconosciuto,63,79,92.00,Sì,No
Lampedusa Charter S.r.L,NOLEGGIO BARCHE,http://www.lampedusa-charter.it/,335 613 3335,Lungomare Luigi Rizzo,Lampedusa,,info@lampedusa-charter.it,https,Joomla,No,Google LLC,65,73,100.00,Sì,No
OltreMare Lampedusa,NOLEGGIO BARCHE,https://www.oltremarelampedusa.com/,351 946 4567,Molo Favaloro,Lampedusa e Linosa,,oltremarelampedusa@gmail.com,https,React,No,Combell NV,79,97,100.00,Sì,No
Giardini Naxos Boat,NOLEGGIO BARCHE,http://www.giardininaxosboat.com/,328 889 4061,"Via dei Cipressi, 8",Giardini-Naxos,,,https,Shopify,No,Sconosciuto,77,88,85.00,Sì,No
HouseboatFrancia.it - Noleggio Houseboat in Francia,NOLEGGIO BARCHE,https://www.houseboatfrancia.it/,371 415 1138,"Via Monte Giberto, 47",Roma,,,https,Shopify,No,Servereasy Srl,81,96,100.00,Sì,No
Air Fly Club - Noleggio barche - Boat rental,NOLEGGIO BARCHE,,348 858 0898,Str. delle Marche,Pesaro,,,,,,,,,,,
Nausika Boat Rental,NOLEGGIO BARCHE,https://nausika.it/noleggio-barche/,0341 940542,"Via Montecchio Nord, 21",Colico,,,https,Shopify,Sì,WIDHost,56,74,92.00,Sì,No
SoleMare Escursioni in barca Sergio San Foca,NOLEGGIO BARCHE,https://www.sanfocaescursioni.it/,380 771 1216,PORTO TURISTICO,San Foca,,info@sanfocaescursioni.it,https,WordPress,No,Aruba S.p.A.,81,90,92.00,Sì,No
Sailing Ionian Sea,NOLEGGIO BARCHE,http://www.sailingioniansea.com/,+30 698 410 3902,Lefkada marina,Lefkada Municipality,,panosyachts@yahoo.gr,https,WordPress,No,Hetzner Online GmbH,52,61,85.00,Sì,No
Noleggio imbarcazioni Gianluca,NOLEGGIO BARCHE,http://www.eolianboat.com/,347 814 3899,ponente accanto paghiari tenda nera,Vulcano Porto,,deluca.gianluca@inwind.it,https,WordPress,No,Amazon Technologies Inc.,78,99,85.00,Sì,No
Centro Nautico Lario di Turati & C. S.a.s,NOLEGGIO BARCHE,http://www.rentaboatturati.com/,031 821268,"Via Spluga, 42",Argegno,,info.centronauticolario@gmail.com,https,React,Sì,Sconosciuto,28,50,92.00,Sì,No
Gite in barca Lampedusa | La Guaza Boat Tour,NOLEGGIO BARCHE,https://laguazaboattours.it/,338 616 4960,"Via Alessandro Volta, 8",Lampedusa,,,https,Angular,No,Cloudflare,48,63,100.00,Sì,No
Victory Noleggi Marzamemi,NOLEGGIO BARCHE,https://www.victorymarzamemi.it/,347 974 3235,Largo Balata,Marzamemi,,victorynoleggi@gmail.com,https,WordPress,No,Server Plan S.r.l.,,,,Sì,No
escursionisanfoca Escursioni in barca San Foca - noleggio barca,NOLEGGIO BARCHE,http://www.escursionisanfoca.it/,366 327 7506,"senza numero Centro Nautico Margherita, Centro Nautico Margherita, Via Lungomare Matteotti",San Foca,,info@escursionisanfoca.it,https,Shopify,No,Aruba S.p.A.,43,70,92.00,Sì,No
Escursioni in Barca e Noleggio Marzamemi SHARK Srl,NOLEGGIO BARCHE,http://www.shark-srl.com/,331 749 2651,SP84,Marzamemi,,info@shark-srl.com,https,WordPress,No,Google LLC,,,,Sì,No
Noleggio barche Pantelleria Nemo,NOLEGGIO BARCHE,,380 650 8502,Via Borgo Italia,Pantelleria,,,,,,,,,,,
Marecryo Marzamemi Escursioni e Noleggi Barche,NOLEGGIO BARCHE,https://www.marecryo.it/,324 561 3727,Via Marzamemi,Marzamemi,,,https,React,Sì,Google LLC,,,,Sì,No
Noleggio Barche La Pagliola,NOLEGGIO BARCHE,https://www.lapagliolasportenautica.it/,351 688 6607,Via Porto Caposele,Formia,,lapagliola@libero.it,https,Joomla,No,Netsons s.r.l.,,,,Sì,No
Barca Sant'Allegria,NOLEGGIO BARCHE,https://barcasantallegria.it/,333 999 9801,Via Don Alonzo Errera,Pantelleria,,,https,Shopify,No,Register networks in Belgium,,,,Sì,No
Mc Boat Rent Palermo,NOLEGGIO BARCHE,https://mcboatrentpalermo.com/,351 452 6396,"Marina di Villa Igiea, porto, Piazza Acquasanta",Palermo,,mcboatrent@gmail.com,https,WordPress,No,"Automattic, Inc",,,,Sì,No
⛵️🚤 Noleggio Barche e Auto Piombino Lampedusa,NOLEGGIO BARCHE,https://www.piombinorental-lampedusa.com/,366 433 9400,Lungomare Luigi Rizzo,Lampedusa,,,https,React,No,Google LLC,,,,Sì,No
Noleggio Barche e Gommoni - Volare Sull' Acqua,NOLEGGIO BARCHE,http://www.noleggiogommonipantelleria.com/,392 217 9764,"C/da Kazze n, 4",Pantelleria,,mare2000@libero.it,http,WordPress,No,Aruba S.p.A.,,,,Sì,No
Latchi Watersports Centre,NOLEGGIO BARCHE,https://www.latchiwatersportscentre.com/,+357 26 322095,Latchi Harbour,Polis,,info@latchiwatersportscentre.com,https,Angular,No,Google LLC,,,,Sì,No
Wolf Rent Boat,NOLEGGIO BARCHE,https://wolfrentboat.it/,351 777 4968,"Via Miseno, 125",Bacoli,,info@wolfrentboat.it,https,Shopify,Sì,Server Plan S.r.l.,,,,Sì,No
Altamarea Charter Nautico - Noleggio Gommoni,NOLEGGIO BARCHE,http://www.altamareacharter.com/,360 870 745,"porticciolo turistico, Lungomare Mediterraneo",Marsala,,,https,WordPress,No,Aruba S.p.A,,,,Sì,No
MA.GIA. RENT,NOLEGGIO BARCHE,,329 600 4500,Via Scauri Basso,Pantelleria,,,,,,,,,,,
Il Faraglione - Noleggio Barche e Gommoni a Pantelleria,NOLEGGIO BARCHE,,320 315 6395,Lungomare Paolo Borsellino,Pantelleria,,,,,,,,,,,
Noleggio nautico devon vibo,NOLEGGIO BARCHE,,327 598 9610,Via Emilia,Vibo Marina,,,,,,,,,,,
Mini Crociere in Barca - Escursioni in barca Palermo - charter fishing - Yachts charter - bed & boat,NOLEGGIO BARCHE,https://www.minicrociereinbarca.com/,335 698 9505,"Molo Foraneo scalo nuovo, Piazza Tonnara",Palermo,,,https,Vue,No,Netsons Network,,,,Sì,No
Marina di Porto Empedocle S.r.l,NOLEGGIO BARCHE,,389 487 6828,Via Molo,Porto Empedocle,,,,,,,,,,,
Suriano Imbarcazioni,NOLEGGIO BARCHE,,389 513 1136,"Via del Pescatore, 1",Bivona,,,,,,,,,,,
Noleggio barche Vibo Marina,NOLEGGIO BARCHE,,329 012 3923,Via Emilia,Vibo Valentia,,,,,,,,,,,
Noleggio Barche - Tropea Yacht Agency,NOLEGGIO BARCHE,https://www.tropeayachtagency.it/,371 472 0197,"Via Emilia, snc",Vibo Marina,,booking@tropeayachtagency.it,https,Shopify,Sì,Aruba S.p.A. Network,,,,Sì,No
Barca Itaca scala dei Turchi,NOLEGGIO BARCHE,,393 986 7220,Via Abramo Lincoln,Porto Empedocle,,,,,,,,,,,
Nautilus Noleggio Barche,NOLEGGIO BARCHE,,351 978 1820,"Via Toledo, 329",Napoli,,,,,,,,,,,
Nautica Serra Noleggio,NOLEGGIO BARCHE,,376 081 6408,Porto di Pozzallo,Zona Portuale,,,,,,,,,,,
Taormina Charter,NOLEGGIO BARCHE,http://www.taorminacharter.com/,339 686 8047,"Corso Italia, 5",Riposto,,info@taorminacharter.com,https,WordPress,Sì,Aruba S.p.A. Network,,,,Sì,No
Mikasa luxury management,NOLEGGIO BARCHE,http://www.mikasaluxury.com/,095 779 2861,"C/o Porto dell'Etna, Via Duca del Mare",Riposto,,,http,ASP.NET,No,Aruba S.p.A. Network,,,,Sì,No
Noleggio Gommoni Napoli - Partenopeo,NOLEGGIO BARCHE,,338 148 4550,"Porto Di Nisida, 7",Napoli,,,,,,,,,,,
NOLEGGIO GOMMONI E IMBARCAZIONI PASSION MARINE,NOLEGGIO BARCHE,,347 251 5634,"Via Posillipo, 415",Napoli,,,,,,,,,,,
Noleggio barche Jana e Deda di Sabrina,NOLEGGIO BARCHE,,338 203 6673,"Via Marina Garibaldi, 5",Canneto,,,,,,,,,,,
Noleggio Gommoni Surf Again Bacoli,NOLEGGIO BARCHE,https://noleggiogommonisurfagain.it/,347 520 7024,Via Sacello di Miseno,Bacoli,,info@noleggiogommonisurfagain.it,https,WordPress,No,Netsons Network,,,,Sì,No
Calabriacharter,NOLEGGIO BARCHE,https://www.calabriacharter.it/,327 424 0455,Via Lungomare Stefano Pugliese,Catanzaro,,calabriacharter@gmail.com,https,Angular,No,SEEWEB s.r.l.,,,,Sì,No
Tripping Sicily,NOLEGGIO BARCHE,http://www.trippingsicily.com/,347 476 5326,Via Duca del Mare,Riposto,,,https,WordPress,Sì,Server Plan S.r.l.,,,,Sì,No
Nautica Branchizio Mergellina S.a.s.,NOLEGGIO BARCHE,http://www.nauticabranchizio.it/,081 667913,"Via Mergellina, 205",Napoli,,info@nauticabranchizio.it,http,React,No,Aruba S.p.A.,,,,Sì,No
EVA IMBARCAZIONI,NOLEGGIO BARCHE,,338 486 2558,Via Livorno,Marina di Ragusa,,,,,,,,,,,
deep_D_Ark - Noleggio Barche Napoli,NOLEGGIO BARCHE,http://www.d-ark.it/,340 218 7731,molo luise,Napoli,,info@d-ark.it,https,React,Sì,Sconosciuto,70,94,100.00,Sì,No
Palermo Group Srl,NOLEGGIO BARCHE,http://www.palermogroup.it/,081 247 0013,"V. Francesco Caracciolo, 11",Napoli,,info@palermogroup.it,https,React,Sì,Sconosciuto,66,93,92.00,Sì,No
Noleggio barche vela - Charter Napoli,NOLEGGIO BARCHE,https://www.mediterraneachartersud.com/,335 825 5155,Via Giardini Molosiglio,Napoli,,,https,Joomla,No,Sconosciuto,46,84,100.00,Sì,No
MAScharter Marine&Services,NOLEGGIO BARCHE,https://www.mascharter.com/,345 764 0579,"Via Porto Turistico, 46",Chiavari,,info.mascharter@gmail.com,https,WordPress,No,Aruba S.p.A. Network,,,,Sì,No
Passion Marine Napoli - Barche | Gommoni | Scooter,NOLEGGIO BARCHE,http://www.passionmarinenapoli.com/,342 348 8673,"Via Posillipo, 414",Napoli,,passionmarinenapoli@gmail.com,https,Shopify,No,Sconosciuto,62,93,92.00,Sì,No
STRAMBANDO.IT,NOLEGGIO BARCHE,http://www.strambando.it/,335 207 089,"Yachting Club, Via Marina Chiaiolella",Procida,,info@strambando.it,https,WordPress,No,Aruba S.p.A,78,96,100.00,Sì,No
Sinis Navigare | Noleggio Gommoni escursioni in Barca,NOLEGGIO BARCHE,https://sinisnavigare.com/,327 381 6130,Porticciolo di Marina di Torregrande loc,Torre Grande,,,https,Shopify,No,OVH ISP,62,87,92.00,Sì,No
Salentomnia,NOLEGGIO BARCHE,,333 304 6970,"SP286, 29",Porto Cesareo,,,,,,,,,,,
La Darsena Charter Noleggio Imbarcazioni Napoli con Skipper,NOLEGGIO BARCHE,https://www.ladarsenacharter.com/,333 457 4582,"V. Francesco Caracciolo, 11",Napoli,,,https,WordPress,No,Sconosciuto,47,61,92.00,Sì,No
RIMA' CHARTER Noleggio imbarcazioni Srls,NOLEGGIO BARCHE,http://rimacharter.com/,333 149 1319,"Corso Alcide de Gasperi, 313",Castellammare di Stabia,,info.rimacharter@gmail.com,https,React,No,Telemanapoli S.R.L.,55,67,92.00,Sì,No
U'Salentu Noleggio Imbarcazioni,NOLEGGIO BARCHE,,339 285 9623,Porto Turistico,Torre San Giovanni,,,,,,,,,,,
Gradomare noleggio imbarcazioni ed escursioni,NOLEGGIO BARCHE,http://www.gradomare.it/,351 939 0630,Riva Z. Gregori,Grado,,,http,ASP.NET,No,Sconosciuto,86,99,92.00,Sì,No
Settedecimi - Gite in barca e Noleggio barche,NOLEGGIO BARCHE,https://www.settedecimi.com/,376 167 6970,Località Arcomagno,San Nicola Arcella,,settedecimisrl@gmail.com,https,Shopify,Sì,Aruba S.p.A.,63,95,77.00,Sì,No
Noleggio barche & gommoni Maranzano M.,NOLEGGIO BARCHE,,320 701 7693,Via Faro,San Vito Lo Capo,,,,,,,,,,,
Nautica Bertelli,NOLEGGIO BARCHE,https://www.nauticabertelli.it/,035 911302,"Via Mazzini, 3b",Paratico,,,https,Shopify,No,Sconosciuto,65,100,100.00,Sì,No
Rocce Rosse Noleggio Gommoni,NOLEGGIO BARCHE,http://www.roccerossenoleggio.it/,379 245 1093,SS125 Dir,Arbatax,,,https,Joomla,No,Sconosciuto,56,76,92.00,Sì,No
Escursioni di Pace Caterina San Vito Lo Capo - Noleggio Gommoni E Motoscafi,NOLEGGIO BARCHE,http://www.escursioniasanvitolocapo.it/escursioni/index.asp,347 863 6388,"Via Savoia, 52",San Vito Lo Capo,,info@escursioniasanvitolocapo.it,https,ASP.NET,No,Aruba S.p.A. Network,66,72,91.00,Sì,No
Noleggio Barche e Gommoni - Tour Snorkeling - Escursioni Shark Bay,NOLEGGIO BARCHE,http://www.tropeanautica.com/,329 424 6671,Contrada La Grazia,Parghelia,,info@tropeanautica.com,https,Shopify,No,Genesys Informatica S.r.l,75,98,91.00,Sì,No
Il Miglio Blue,NOLEGGIO BARCHE,http://www.ilmiglioblue.com/,338 756 2229,"Via Spiaggia di Ponente, 12",Milazzo,,,http,React,Sì,Register.IT S.p.A,65,91,83.00,Sì,No
Noleggio Gommoni Azzurra P. Pozzo,NOLEGGIO BARCHE,,338 636 6217,"Pontile L'Ancora, Piazzale Porto Turistico",Porto Pozzo,,,,,,,,,,,
Nautica Red Coral,NOLEGGIO BARCHE,http://www.nauticaredcoral.it/,340 830 1172,Porto Vecchio,Castro,,,https,WordPress,No,Aruba S.p.A.,74,99,100.00,Sì,No
Stella Maris di Antonino Lucido,NOLEGGIO BARCHE,http://www.sanvito.biz/,338 771 8856,"via faro 75, scaletta porto",San Vito Lo Capo,,,https,ASP.NET,Sì,Sconosciuto,45,72,85.00,Sì,No
Escursioni Isole Eolie da brolo - noleggio imbarcazioni - Amaremare,NOLEGGIO BARCHE,,327 005 8057,"Club Nautico, Contrada Lago",Brolo,,,,,,,,,,,
HIRING A BOAT? at the Comacina island! - ACCADUEO S.r.l,NOLEGGIO BARCHE,http://www.hiringaboat.com/,329 214 2280,"Via Statale, 80",Ossuccio,,,https,WordPress,Sì,Retelit Digital Services S.p.A.,75,87,77.00,Sì,No
Sea Rent And Rescue,NOLEGGIO BARCHE,http://www.maredelcilento.com/,339 698 9993,Via Porto,Castellabate,,,http,ASP.NET,No,Sconosciuto,68,95,100.00,Sì,No
Noleggio San Vito Da Aldo,NOLEGGIO BARCHE,,329 972 1516,"Via Regina Margherita, 56",San Vito Lo Capo,,,,,,,,,,,
Enea’s Boat Noleggio barche,NOLEGGIO BARCHE,,347 435 7762,"Circolo Nautico La Traina, Via Faro",San Vito Lo Capo,,,,,,,,,,,
Nautica sport service,NOLEGGIO BARCHE,,351 747 3842,"Viale Emporium, 55",Agrigento,,,,,,,,,,,
Santangelo yacht & service srl - Sailing trip Eolie,NOLEGGIO BARCHE,,333 865 1346,"Porto turistico, S. Gregorio",Capo d'Orlando,,,,,,,,,,,
Golden Boat San Vito lo Capo,NOLEGGIO BARCHE,https://goldenboatsanvitolocapo.com/,380 591 1836,Via Litoranea Lungomare,San Vito Lo Capo,,,https,Squarespace,No,"Squarespace, Inc.",49,83,100.00,Sì,No
Baia di Ulisse - Noleggio Gommoni Porto Pozzo e Santa Teresa di Gallura,NOLEGGIO BARCHE,https://baiadiulissegommoni.it/?utm_source=google-business-profile&utm_medium=click,339 632 0330,Piazzale Porto Turistico,Porto Pozzo,,daniele.baiadiulisse@gmail.com,https,Joomla,No,Serverplan,96,91,100.00,Sì,No
SALVO Experience Escursioni in Barca,NOLEGGIO BARCHE,http://www.scuolasubtrapani.it/,328 369 9405,"circolo nautico costa gaia, Via Duca degli Abruzzi",San Vito Lo Capo,,,https,Shopify,No,Aruba S.p.A. Network,81,97,91.00,Sì,No
North West Noleggio Gommoni - Porto Pozzo,NOLEGGIO BARCHE,http://www.northwestportopozzo.com/,335 601 4352,Piazzale Porto Turistico,Porto Pozzo,,marioranedda@tiscali.it,https,Wix,Sì,Sconosciuto,74,98,100.00,Sì,No
Zeurino Barche,NOLEGGIO BARCHE,http://www.zeurinobarche.com/,0564 818728,"Piazzale Candi, 9",Porto Santo Stefano,,info@zeurinobarche.com,https,Shopify,Sì,Aruba S.p.A.,67,87,100.00,Sì,No
Noleggio Tolù,NOLEGGIO BARCHE,http://www.noleggiotoluargentario.it/,380 187 3371,"Via Scalo Colombo, 27",Porto Santo Stefano,,info@noleggiotoluargentario.it,https,React,No,Sconosciuto,38,40,91.00,Sì,No
Motonautica San Giulio il Bassotto,NOLEGGIO BARCHE,https://www.msg-bassotto.it/,0322 969197,"Via M. Buonarroti, 14",Pella,,info@msg-bassotto.it,https,WordPress,No,Server Plan S.r.l.,65,92,85.00,Sì,No
Noleggio Imbarcazioni Épée Flotta Di Mare,NOLEGGIO BARCHE,,380 141 4483,"Via Faro, 20",San Vito Lo Capo,,,,,,,,,,,
Secret Argentario,NOLEGGIO BARCHE,http://www.secretargentario.it/,329 139 9334,Nuovo Molo Garbaldi Secret,Porto Santo Stefano,,,http,Squarespace,No,Aruba S.p.A. Network,55,56,92.00,Sì,No
Noleggio Gommoni Mediterraneo a Porto Pozzo,NOLEGGIO BARCHE,http://www.mediterraneoportopozzo.com/,388 328 4825,Str. Porto Pozzo Curichena,Porto Pozzo,,info@mediterraneoportopozzo.com,https,WordPress,Sì,Sconosciuto,57,69,92.00,Sì,No
Aloisea Boat - Noleggio Gommoni,NOLEGGIO BARCHE,https://www.noleggiogommoniargentario.com/,333 231 6327,Piazzale dei Rioni,Porto Santo Stefano,,info@aloisea.com,https,React,No,Aruba S.p.A. Network,59,79,100.00,Sì,No
Wilmar Sailing Charter,NOLEGGIO BARCHE,http://www.wilmar.it/,393 721 5000,"Via Gabriele D'Annunzio, 8",Sant'Agata li Battiati,,,https,React,No,Tucows Domains,57,70,83.00,Sì,No
SetteMari Boat Rental - Noleggio Barche,NOLEGGIO BARCHE,http://settemari.info/,349 623 5238,Via Orsa Maggiore,Castiglione della Pescaia,,settemariboating@gmail.com,https,React,Sì,Wix,71,93,100.00,Sì,No
Zonza Boat Rental - noleggio gommoni Cannigione,NOLEGGIO BARCHE,http://www.zonzaboatrental.com/,345 354 2729,"Via Lungomare A. Doria, 7",Cannigione,,,https,WordPress,Sì,Sconosciuto,62,92,100.00,Sì,No
Keep Travelling,NOLEGGIO BARCHE,http://www.keeptravelling.it/,328 623 4072,Via Grotte,Scilla,,,https,WordPress,No,Sconosciuto,86,96,83.00,Sì,No
Noleggio gommoni La Grotta del Turco,NOLEGGIO BARCHE,http://www.lagrottadelturco.it/,338 414 7556,"Piazza Vittorio Emanuele, II",Porto Santo Stefano,,gabriellibadia.92@gmail.com,https,Joomla,No,Aruba S.p.A.,57,71,92.00,Sì,No
Kaimar Marine Srl,NOLEGGIO BARCHE,https://www.kaimar.it/,333 547 1803,Via S. Liberata,Porto Santo Stefano,,cantiere@kaimar.it,https,ASP.NET,No,Servereasy Srl,72,92,100.00,Sì,No
The Captains,NOLEGGIO BARCHE,https://www.thecaptains.it/,380 797 8818,Porto di Scilla Secondo Scalo d'alaggio,Scilla,,,https,Angular,No,Sconosciuto,70,93,92.00,Sì,No
"Nautica Lunghi Vezio - Noleggio Gommoni, Rimessaggio, Tubolari",NOLEGGIO BARCHE,https://www.nauticalunghivezio.it/noleggio-gommoni.htm,0564 813685,"Via degli Atleti, 21",Porto Santo Stefano,,,https,React,Sì,Aruba S.p.A.,62,96,92.00,Sì,No
Noleggio barche Isole Tremiti,NOLEGGIO BARCHE,https://noleggiogommonidatullio.it/,347 466 7200,Cala delle Arene San Domino,Isole Tremiti,,,https,Joomla,No,Keliweb S.R.L,69,89,100.00,Sì,No
Anmar Noleggio,NOLEGGIO BARCHE,http://www.anmar.it/,377 302 2139,Via Pomaro,Rapallo,,,https,Shopify,No,"Cloudflare, Inc.",66,94,92.00,Sì,No
Noleggio Gommoni e Imbarcazioni Palau - La Maddalena Unsalted Society,NOLEGGIO BARCHE,https://escursionicostasmeralda.com/,335 321 369,Porto Turistico di,Palau,,info@escursionicostasmeralda.com,https,WordPress,No,Aruba Hosting,53,54,92.00,Sì,No
TLM Nautica Noleggio Barche,NOLEGGIO BARCHE,http://www.tlmnautica.it/,338 543 6118,Calata del Porto,Santa Margherita Ligure,,,https,Joomla,Sì,Sconosciuto,56,60,92.00,Sì,No
Taormina By Boat,NOLEGGIO BARCHE,,327 166 2302,"Vico Zecca, 16",Taormina,,,,,,,,,,,
Le Schegge del Mare,NOLEGGIO BARCHE,http://www.noleggiolescheggedelmare.it/,334 240 4840,"Piazza Vittorio Emanuele, II",Porto Santo Stefano,,info@noleggiolescheggedelmare.it,https,Shopify,Sì,Sconosciuto,50,88,100.00,Sì,No
Idroboat Porto Ercole - Noleggio Gommoni,NOLEGGIO BARCHE,https://www.idroboat.com/,334 219 0218,"Molo distributore IP, Lungomare Andrea Doria",Porto Ercole,,,https,WordPress,No,Aruba S.p.A.,56,69,100.00,Sì,No
M.Olivari di Ida Olivari e C. s.a.s.,NOLEGGIO BARCHE,http://olivarinoleggio.it/,339 339 9539,Via Tommaso Bottaro,Santa Margherita Ligure,,,https,React,Sì,Aruba Hosting,60,74,92.00,Sì,No
Aeolian Luxury - The Yacht Escape,NOLEGGIO BARCHE,http://www.aeolianluxury.com/,338 410 3990,"Via Guglielmo Oberdan, 5",Santa Marina Salina,,info@aeolianluxury.com,https,Shopify,No,Sconosciuto,59,84,0.00,Sì,No
Capitan Luigi Escursioni Salina- noleggio barca con skipper,NOLEGGIO BARCHE,http://www.capitanluigiescursioni.com/,333 254 6739,"Via Lungomare, 1",Santa Marina Salina,,,https,Wix,No,Google LLC,60,88,100.00,Sì,No
Nettuno Portofino Charter,NOLEGGIO BARCHE,https://www.nettunoportofinocharter.it/,339 841 4266,Corso Guglielmo Marconi,Santa Margherita Ligure,,,https,Joomla,No,Keliweb S.R.L,0,89,92.00,Sì,No
Nautica Sea Blue Noleggio Imbarcazioni,NOLEGGIO BARCHE,,379 270 1520,Porto Torre San Giovanni,Torre San Giovanni,,,,,,,,,,,
al timone,NOLEGGIO BARCHE,,347 996 3087,via marina garibaldi porticciolo santa maria maggiore,Milazzo,,,,,,,,,,,
Seaside Tour Srls Tour in barca a Scilla e Costa Viola,NOLEGGIO BARCHE,https://www.seasidetourscilla.it/,351 777 9679,"Via Grotte, 8",Scilla,,info@seasidetourscilla.it,https,Angular,No,IT.Gate S.p.A.,56,81,100.00,Sì,No
Noleggio Le Isole Cannigione,NOLEGGIO BARCHE,http://www.noleggiogommonicannigione.com/,377 351 6140,Via Isola le Bisce,Arzachena,,,https,Joomla,Sì,Google LLC,56,89,92.00,Sì,No
Scilla In Barca,NOLEGGIO BARCHE,https://www.scillainbarca.it/,351 793 8988,Porto di Scilla Primo scalo d'alaggio,Scilla,,,https,WordPress,Sì,Sconosciuto,67,96,100.00,Sì,No
Argentarola Srl,NOLEGGIO BARCHE,http://www.argentarola.com/,338 702 6689,"Lungomare Navigatori, 60",Porto Santo Stefano,,,https,React,No,"Cloudflare, Inc.",56,94,82.00,Sì,No
Sea Mar - noleggio imbarcazioni - Cala di Volpe,NOLEGGIO BARCHE,http://www.seamarcharter.com/,328 898 4149,Località Cala di Volpe,Porto Cervo,,info@seamarcharter.com,http,Shopify,Sì,Aruba S.p.A. Network,52,56,100.00,Sì,No
Siracusa Boat Club,NOLEGGIO BARCHE,https://www.siracusaboatclub.com/,351 400 1702,"Viale Tica, 227",Siracusa,,,https,React,Sì,Server Plan S.r.l.,,,,Sì,No
Blu Levante | Noleggio Barche e Gommoni,NOLEGGIO BARCHE,https://www.blulevante.it/,351 968 4698,Via Aldo Moro,La Spezia,,,https,Shopify,No,Sconosciuto,53,83,92.00,Sì,No
Noleggio Fortunato,NOLEGGIO BARCHE,http://www.fortunatonoleggio.it/,360 374 137,Via Scalo delle Barche,Castro,,,https,WordPress,Sì,Hetzner Online GmbH,64,50,92.00,Sì,No
Shes' Mine Yacht,NOLEGGIO BARCHE,https://www.shesmineyacht.it/,350 193 6251,"Via Monsignor Ventimiglia, Via Cardinale Dusmet, 145",Catania,,,https,WordPress,Sì,Google LLC,,,,Sì,No
Giannuzzo e Vituzzo,NOLEGGIO BARCHE,https://giannuzzoevituzzo.jimdofree.com/,339 612 4906,"Via Cristoforo Colombo, 3",Ustica,,,https,Jimdo,No,"Cloudflare, Inc.",,,,Sì,No
Noleggio Barche Praia Nauticovi,NOLEGGIO BARCHE,,348 436 4498,"SP1, 26",Praia a Mare,,,,,,,,,,,
Ustica in Gommone,NOLEGGIO BARCHE,,366 201 8402,"Via Cristoforo Colombo, 39",Ustica,,,,,,,,,,,
Nautica Ginevra Mare | Escursioni in barca a Siracusa,NOLEGGIO BARCHE,http://nauticaginevramare.it/,347 951 1090,"Via Elorina, 95D",Siracusa,,info@nauticaginevramare.it,https,Shopify,Sì,Hostinger International Limited,88,100,100.00,Sì,No
"Explore Ortigia - RENT BOAT noleggio gommoni SIRACUSA, escursioni in barca",NOLEGGIO BARCHE,,349 064 0908,"c/o approdo Santa Lucia, Largo Porto Piccolo",Siracusa,,,,,,,,,,,
Trapani Boating,NOLEGGIO BARCHE,http://trapaniboating.it/,340 900 3794,"Presso TRAPANI TAXI, Via Ammiraglio Staiti, 43",Trapani,,,https,WordPress,No,Seeweb,,,,Sì,Sì
Noleggio Barche a Vela Sicilia | Hydra Sailing,NOLEGGIO BARCHE,http://hydrasailing.it/,389 640 3233,Via Filippo Patti,Palermo,,info@hydrasailing.it,https,Shopify,No,GoDaddy-DNS,,,,Sì,No
Mr Trapani Transfer,NOLEGGIO BARCHE,https://www.mrtrapanitransfer.it/,339 334 6735,"Corso Italia, 74",Trapani,,mrtrapanitransfer@gmail.com,https,WordPress,No,Sconosciuto,,,,Sì,No
Noleggio barche gommoni e bici elettriche ustica,NOLEGGIO BARCHE,http://noleggiousticarentmare.it/,331 502 4757,Lungo mare Filippo vassallo ustica,Ustica,,,https,WordPress,Sì,Aruba Hosting,,,,Sì,No
Boat Experience Taormina,NOLEGGIO BARCHE,https://www.boatexperiencetaormina.com/,371 378 6332,"Contrada, 9",Taormina,,,https,WordPress,Sì,IT.Gate S.p.A.,59,88,100.00,Sì,No
"Argosub Escursioni Asinara, Spiaggia Pelosa e Noleggio Gommoni",NOLEGGIO BARCHE,,349 613 5094,Piazzale Guardia Costiera,Stintino,,,,,,,,,,,
Luxury Boat,NOLEGGIO BARCHE,https://www.luxuryboat.it/,349 867 7270,Lungomare Cristoforo Colombo,Stintino,,,https,Wix,No,Google LLC,,,,Sì,No
Alla Lega S.R.L. Brindisi,NOLEGGIO BARCHE,,388 932 3222,Via Amerigo Vespucci,Brindisi,,,,,,,,,,,
Easy Boat Rent Torre Canne,NOLEGGIO BARCHE,https://www.easyboatrent.it/,351 632 2558,"RFJ6+HJ Fasano, Provincia di Brindisi, presso centro nautico l'Ancora, 72015",Torre Canne,,,https,React,Sì,Netsons s.r.l.,35,35,100.00,Sì,No
Nereo Charter - noleggio gommoni,NOLEGGIO BARCHE,https://nereocharter.com/,329 219 9618,Via Porto Frailis,Arbatax,,nereocharter@gmail.com,https,ASP.NET,Sì,Google LLC,,,,Sì,No
Campello Marine Rent,NOLEGGIO BARCHE,https://www.campellomarine.it/noleggio-barche/,329 039 4356,"Via Capo Horn, 4",Cavallino-Treporti,,,https,React,Sì,HOSTINGER FR,,,,Sì,No
THARROS CHARTER,NOLEGGIO BARCHE,http://tharroscharter.com/,328 061 1082,Via Domenico Millelire,Torre Grande,,tharroscharter@gmail.com,https,ASP.NET,Sì,Aruba S.p.A. Network,,,,Sì,No
"International Boat- Noleggio Gommoni - moto d'acqua Arbatax , Tortolì",NOLEGGIO BARCHE,http://www.internationalboat.it/,375 668 0938,Marina di Arbatax,Tortolì,,,https,React,No,Aruba S.p.A.,,,,Sì,No
Sinis Yachting - Crociera in barca a vela Oristano Sardegna,NOLEGGIO BARCHE,http://www.sinisyachting.com/it,329 613 6190,"Porto turistico loc. Sa Mardini, molo C",Torre Grande,,info@sinisyachting.com,https,Shopify,No,Sconosciuto,,,,Sì,No
Carlos Boats,NOLEGGIO BARCHE,,333 807 4215,Via Lungomare,Arbatax,,,,,,,,,,,
Mari e Monti Rental boat,NOLEGGIO BARCHE,https://mariemontirentalboat.com/,327 927 3709,"Pescheria di Osalla, Via del Mare, 150",Orosei,,,https,React,Sì,Netsons s.r.l.,,,,Sì,No
Boatmeup Alghero,NOLEGGIO BARCHE,,389 442 2231,Via Giuseppe Garibaldi,Alghero,,,,,,,,,,,
FAMAR VACANZE - Noleggio Gommoni Rental boat,NOLEGGIO BARCHE,,392 466 6284,MARINA DI,Perd'e Sali,,,,,,,,,,,
MD Service Nautica NOLEGGIO GOMMONI,NOLEGGIO BARCHE,https://www.gommonipalau.it/,345 972 8896,Via Ulisse,Palau,,,https,React,Sì,Servereasy Srl,,,,Sì,No
Marea Sea Services - Noleggio Gommoni - Ogliastra,NOLEGGIO BARCHE,https://mareaseaservices.altervista.org/,327 935 7641,Via Lungomare,Arbatax,,,https,Shopify,No,Sconosciuto,,,,Sì,No
SIRB ONE NOLEGGIO GOMMONI,NOLEGGIO BARCHE,http://sirb.one/,333 353 8972,Via Porto Turistico,Castelsardo,,,https,WordPress,No,Netsons s.r.l.,,,,Sì,No
"SEALIFE SARDINIA Noleggio gommoni Palau, escursioni con skipper Arcipelago di La Maddalena, Corsica e Costa Smeralda",NOLEGGIO BARCHE,http://www.sealifesardinia.it/,345 329 6184,Piazza del Molo,Palau,,,https,Shopify,No,Sconosciuto,,,,Sì,No
Noleggio Gommoni Isola Rossa- GITE LUNGO COSTA ROSSA Pileri,NOLEGGIO BARCHE,http://www.pileriservice.com/,349 522 0499,Vial lungomare S. Cottoni,Isola Rossa,,e.pileri@libero.it,https,WordPress,No,Aruba S.p.A. Network,,,,Sì,No
Experienseas - Boat Rental Alghero,NOLEGGIO BARCHE,,347 955 0990,"Passeggiata, Lungomare Barcellona",Alghero,,,,,,,,,,,
Blue Island noleggio gommoni Orosei,NOLEGGIO BARCHE,,351 693 9603,Via del Mare,Orosei,,,,,,,,,,,
Poseidon - noleggio barche e gommoni,NOLEGGIO BARCHE,https://www.poseidonfishing.net/,393 910 2615,Via Cala Capra,Palau,,,https,Shopify,Sì,Aruba S.p.A.,,,,Sì,No
BlueSea Charter Noleggio Gommoni con Skipper Olbia e Escursioni a Tavolara,NOLEGGIO BARCHE,https://visittavolara.com/ITA/,347 710 9948,"via Piovene, 12",Olbia,,,https,Vue,Sì,Aruba S.p.A.,,,,Sì,No
Sole & Mare - Gommoni e Barche a Noleggio o Locazione Oristano,NOLEGGIO BARCHE,https://solemareescursioni.it/,393 548 9060,"Porticciolo Turistico, Via Domenico Millelire",Torre Grande,,solepuxmare@gmail.com,https,Angular,Sì,HOSTINGER FR,,,,Sì,No
Catalan Boat,NOLEGGIO BARCHE,,379 122 7307,"Lungomare Barcellona &, Banchina Domenico Millelire",Alghero,,,,,,,,,,,
Noleggio Gommoni Santa Maria Navarrese Boat Rental AEQUOR SRLS,NOLEGGIO BARCHE,,389 521 6395,Porto turistico,Santa Maria Navarrese,,,,,,,,,,,
Coral Bay,NOLEGGIO BARCHE,,349 118 5115,Via Giuseppe Garibaldi,Alghero,,,,,,,,,,,
Marco Carani Nautica Yachting Service,NOLEGGIO BARCHE,https://www.marcocaraninautica.it/,0831 364096,"Via Petrolla, 54",Villanova,,info@marcocaraninautica.it,https,WordPress,Sì,Aruba S.p.A.,,,,Sì,No
Sardinian Waves,NOLEGGIO BARCHE,,379 251 6124,"Barcellona, Via Giuseppe Garibaldi",Alghero,,,,,,,,,,,
Flag Sardinia | Noleggio Gommoni & Esperienze in Costa Smeralda,NOLEGGIO BARCHE,https://www.flagsardinia.com/,378 410 5495,"Marina di Sa Jaga, Via Sa Jaga Brujada",Porto Rotondo,,info@flagsardinia.com,https,WordPress,No,Hetzner Online GmbH,,,,Sì,No
Marway bar e noleggio gommoni,NOLEGGIO BARCHE,https://www.lidomarway.it/,338 590 8042,Largo Tonnara,Valderice,,,https,React,Sì,Aruba S.p.A.,,,,Sì,No
Noleggio barche senza patente - I.M. BOAT di Ismaele Merola,NOLEGGIO BARCHE,https://www.portodiotranto.it/noleggio-locazione-affitto-di-imbarcazioni-nel-porto-di-otranto-con-e-senza-patente-nautica/,350 002 3435,Via del Porto,Otranto,,info@portodiotranto.it,https,WordPress,Sì,Sconosciuto,,,,Sì,No
Noleggio Gommoni | Cala Suaraccia,NOLEGGIO BARCHE,https://calasuaraccia.com/,349 412 5854,"Spiaggia le Farfalle, via le farfalle",Cala Suaraccia,,info@calasuaraccia.com,https,Joomla,Sì,Aruba Hosting,,,,Sì,No
Mari Sea Charters | Noleggio Gommoni ed Escursioni con conducente,NOLEGGIO BARCHE,http://www.mariseacharters.it/,351 762 7515,"Viale Isola Bianca, 7",Olbia,,,https,Angular,Sì,Sconosciuto,,,,Sì,No
Noleggio gommoni moto d'acqua Nord-Est,NOLEGGIO BARCHE,http://noleggiogommoniarbatax.it/,328 305 9457,Porticciolo turistico Arbatax,Tortolì,,,https,React,Sì,Aruba-Hosting,,,,Sì,No
Sun & Sea noleggio Gommoni,NOLEGGIO BARCHE,http://www.sunesea.com/,366 465 5120,Banchina Rafael Catardi,Alghero,,,https,WordPress,Sì,Netsons s.r.l.,,,,Sì,No
Oltremare Orosei,NOLEGGIO BARCHE,http://www.oltremareorosei.it/,335 611 1735,"Via del Mare, 150",Orosei,,oltremareorosei@gmail.com,https,ASP.NET,No,Sconosciuto,,,,Sì,No
Geomare Escursioni con Skipper lungo la Costa di Baunei,NOLEGGIO BARCHE,,348 929 2843,Porto turistico di,Santa Maria Navarrese,,,,,,,,,,,
Blue Driving noleggio gommoni,NOLEGGIO BARCHE,https://www.oroseibluedriving.it/,348 516 1467,Spiaggia Marina di Orosei,Orosei,,,https,Joomla,Sì,Sconosciuto,,,,Sì,No
Felipe de Mar – Amalfi Boat Service,NOLEGGIO BARCHE,http://www.felipedemar.it/,339 792 7824,Lungomare California,Minori,,,https,Shopify,No,Server Plan S.r.l.,,,,Sì,No
Noleggio Gommoni Palau Nautica Mascot,NOLEGGIO BARCHE,https://noleggiogommonipalau.net/,339 453 6465,PORTO TURISTICO,Palau,,,https,WordPress,Sì,ABDns-Hosting,,,,Sì,No
Noleggio Gommoni - Nautica Sagiel,NOLEGGIO BARCHE,https://www.nauticasagiel.it/,333 698 1485,Via Ulisse,Palau,,nautica.sagiel@gmail.com,https,WordPress,No,Aruba S.p.A. Network,,,,Sì,No
Sea for Living,NOLEGGIO BARCHE,http://www.seaforliving.com/,350 532 0600,Lungomare Barcellona,Alghero,,,https,WordPress,Sì,Sconosciuto,,,,Sì,No
H2O RENT A BOAT,NOLEGGIO BARCHE,http://www.h2orentaboat.com/,345 758 2776,Spiaggia di Cala Brandinchi,San Teodoro,,h2orentaboat@gmail.com,https,WordPress,No,Aruba S.p.A.,,,,Sì,No
Nautica Alghero - Noleggio gommoni e barche,NOLEGGIO BARCHE,https://www.nauticaalghero.it/,371 490 9438,Lungomare Barcellona Porto di Alghero - Pontili Mar de Plata,Alghero,,info@nauticaalghero.it,https,WordPress,No,Serverplan,,,,Sì,No
Noleggio Gommoni - LeCernie,NOLEGGIO BARCHE,https://www.campinglecernie.it/sardegna/noleggio-gommoni-golfo-di-orosei/,327 691 0063,Via Pollu,Lotzorai,,,https,Joomla,Sì,Sconosciuto,,,,Sì,No
willboat Escursioni con skipper e noleggio gommoni Alghero,NOLEGGIO BARCHE,https://willboat.it/,349 979 6124,Porto di Alghero,Alghero,,,https,Shopify,No,Hetzner Online GmbH,,,,Sì,No
Escursioni Noleggio Gommoni Santa Maria,NOLEGGIO BARCHE,https://www.nolosantamaria.it/,340 485 3401,Porto turistico di,Santa Maria Navarrese,,,https,React,Sì,OVH SAS,,,,Sì,No
Noleggio Gommoni Porto Pino Sea And Sand,NOLEGGIO BARCHE,https://seaandsand2014.wixsite.com/noleggiogommoni/noleggio,351 693 2407,Porticciolo di,Porto Pino,,,https,Wix,No,Sconosciuto,,,,Sì,No
Marina di Golfo Aranci,NOLEGGIO BARCHE,http://www.marinadigolfoaranci.com/,348 793 9401,Via dei Marinai,Golfo Aranci,,marinadigolfoaranci@gmail.com,https,Shopify,Sì,Keliweb S.R.L,,,,Sì,No
Nautica Servizi Giulia Srl,NOLEGGIO BARCHE,,329 164 2728,"Viale Sardegna, 69",Villa San Pietro,,,,,,,,,,,
Azzurra - Noleggio Gommoni - Cala Gonone,NOLEGGIO BARCHE,http://www.azzurracalagonone.com/,377 386 9760,Piazza del Porto,Cala Gonone,,,https,Joomla,Sì,Google LLC,,,,Sì,No
"Sardinia Sailing di Pintus Matteo - Escursioni in barca a Carloforte e Sant'Antioco, tour da Calasetta per Carlo Forte",NOLEGGIO BARCHE,https://www.sardiniasailing.com/,333 336 7448,"Via Monsignor Salvatore Armeni, 13",Sant'Antioco,,info@sardiniasailing.com,https,WordPress,Sì,Sconosciuto,,,,Sì,No
Ares Turismo – Noleggio Gommoni e Barche Alghero,NOLEGGIO BARCHE,http://www.aresturismo.it/,333 727 2487,Lungomare Barcellona,Alghero,,info@aresturismo.it,https,Shopify,No,Sconosciuto,,,,Sì,No
Asterias Beach Service,NOLEGGIO BARCHE,,388 626 8671,Località Cala Sinzias,Castiadas,,,,,,,,,,,
Blue Rent Cagliari Boat excursion,NOLEGGIO BARCHE,https://www.rentboatcagliari.com/,344 136 5712,Via S. Caboto,Cagliari,,,https,React,Sì,Sconosciuto,,,,Sì,No
Travel Boat,NOLEGGIO BARCHE,https://www.travelboatrent.com/,347 877 7717,"Villaggio, Via Palumbalza",Olbia,,,https,Shopify,Sì,Netsons,,,,Sì,No
Asfodeli Rent Boat,NOLEGGIO BARCHE,https://www.marinadiasfodeli.com/servizi/noleggio-barche-sardegna-costasmeralda/,392 962 3071,"Via Sos Teuleddas, 3",Olbia,,,https,WordPress,Sì,Aruba S.p.A.,,,,Sì,No
DESNER NOLEGGIO GOMMONI,NOLEGGIO BARCHE,http://www.arbataxgommoni.it/,327 952 7152,Via Levante,Arbatax,,,https,React,No,Sconosciuto,,,,Sì,No
Sud Nautica Di Caredda Angelo,NOLEGGIO BARCHE,https://www.sudnautica.it/,360 824 267,"MOLO C - Porto, di",Villasimius,,,,WordPress,Sì,Sconosciuto,,,,Sì,No
Pigramare Sailing Charter Rental Boat,NOLEGGIO BARCHE,http://www.pigramare.com/,339 722 8116,Porto Pontile della Dogana,Cagliari,,info@pigramare.com,https,Angular,Sì,Sconosciuto,,,,Sì,No
CS Charter Cagliari - noleggio barche a vela Sud e Nord Sardegna,NOLEGGIO BARCHE,http://www.cs-charter.it/,342 143 3106,"Su Siccu, Pennello di Bonaria",Cagliari,,info@cscharter.it,https,Joomla,Sì,Aruba S.p.A. Network,,,,Sì,No
Sporting Yacht Club,NOLEGGIO BARCHE,https://sportingyachtclubcostarei.com/chi-siamo/,320 330 4683,Località Villa Rei,Castiadas,,,https,WordPress,Sì,Seflow S.N.C. Di Marco Brame' & C.,,,,Sì,No
Blu e Blu Noleggio Gommoni,NOLEGGIO BARCHE,http://www.blueblunoleggio.it/,320 777 3633,Via Degli Oleandri,Villasimius,,info@blueblunoleggio.it,https,WordPress,No,OVH SAS,,,,Sì,No
Centro Nautico Isola D'Ercole,NOLEGGIO BARCHE,http://www.isoladercole.it/,079 436 0265,"Viale la Pelosa, 12",Stintino,,centronautico@isoladercole.it,https,WordPress,Sì,Server Plan S.r.l.,,,,Sì,No
Noleggio Gommoni Budoni - Stella Marina - Massimo Lillu,NOLEGGIO BARCHE,http://escursionibudoni.it/,389 152 0073,Via Lungomare,Budoni,,info@stellamarinatour.com,https,WordPress,No,Server Plan S.r.l.,,,,Sì,No
Mi.Da Charter,NOLEGGIO BARCHE,http://midacharter.it/,340 053 6939,"Viale Monastir, 138",Cagliari,,info@midacharter.it,https,Shopify,Sì,Aruba S.p.A,,,,Sì,No
Yachtcharter GbR Isoletta Sail,NOLEGGIO BARCHE,http://www.isoletta-sail.com/,327 130 6660,Lungomare Monte Santo,Santa Maria Navarrese,,,https,Joomla,No,dogado GmbH,,,,Sì,No
ALEBOATS Noleggio Barche,NOLEGGIO BARCHE,https://www.aleboats.com/,345 938 4713,Piazzale porto,Scario,,,https,Wix,No,Google LLC,,,,Sì,No
Dreide Noleggio Gommoni,NOLEGGIO BARCHE,https://www.dreidenoleggiogommoni.it/,334 792 0139,Via Funtana E Mari,Santa Caterina di Pittinuri,,info@dreidenoleggiogommoni.it,https,WordPress,No,Google LLC,53,83,100.00,Sì,No
THOUSAND SUNNY Noleggio Barche e Gommoni,NOLEGGIO BARCHE,,349 641 9687,Lungomare Barcellona,Alghero,,,,,,,,,,,
Dolmen Boat Rental Noleggio gommoni Cala Gonone,NOLEGGIO BARCHE,https://www.sardegnadascoprire.it/,340 535 7627,"Piazza del Porto, 3",Cala Gonone,,info@sardegnadascoprire.it,https,WordPress,No,Sconosciuto,72,93,100.00,Sì,No
Andalas Baunei,NOLEGGIO BARCHE,http://www.andalasbaunei.it/,379 273 1253,"Lungomare Monte Santo, 1",Santa Maria Navarrese,,info@andalasbaunei.it,https,Joomla,No,Aruba S.p.A.,60,90,77.00,Sì,No
SAILOVER Cagliari _ Your Sailing Tour,NOLEGGIO BARCHE,https://sailover.net/,393 905 3722,Vle Poetto,Cagliari,,,https,Shopify,No,Aruba Hosting,56,82,85.00,Sì,No
Noleggio Gommoni Isola Rossa Marine,NOLEGGIO BARCHE,https://www.isolarossamarine.com/,333 577 1774,"Porto Turistico Molo A, Vial lungomare S. Cottoni",Isola Rossa,,info@isolarossamarine.com,https,WordPress,No,Sconosciuto,54,77,100.00,Sì,No
Noleggio Gommoni e Barche SeaLand,NOLEGGIO BARCHE,https://sites.google.com/view/wwwcalasassariit/home,327 087 6335,"Spiaggia, Cala Sassari, 24",Punta Pedrosa,,calasassarigommoni@gmail.com,https,Angular,No,Sconosciuto,45,71,75.00,Sì,No
E-boats Sardinia,NOLEGGIO BARCHE,https://www.e-boatsardinia.com/,375 511 0623,Via Marina Piccola,Cagliari,,,https,WordPress,No,Aruba S.p.A.,,,,Sì,No
Sardinia Blue Services | Boat Rental Charter - Noleggio Barche,NOLEGGIO BARCHE,https://sardiniablueservices.com/,331 752 9615,"Via Amerigo Vespucci, 40",Cannigione,,,https,Wix,No,Shodan: www.sandraflorio.com,62,79,100.00,Sì,No
Flamar Vacanze,NOLEGGIO BARCHE,http://www.flamarvacanze.com/,329 790 9471,Via Lungomare,Arbatax,,info@flamarvacanze.com,https,WordPress,Sì,Netsons,45,56,85.00,Sì,No
Luuxya Charter,NOLEGGIO BARCHE,https://www.luuxyacharter.com/en/,379 145 1240,Porto Turistico,Santa Maria Navarrese,,,https,React,Sì,Sconosciuto,31,47,77.00,Sì,No
Noleggio gommoni La Maddalena Antares Rentals,NOLEGGIO BARCHE,https://www.antaresrentals.com/,347 153 0849,"Via Benvenuto Cellini, Località Marina del Ponte",La Maddalena,,info@antaresrentals.com,https,React,No,SEEWEB s.r.l.,,,,Sì,No
"Noleggio gommoni Isola Nera - boat rental Carloforte, Porto Flavia, Pan di Zucchero",NOLEGGIO BARCHE,https://www.isolanera.it/,377 090 3947,Lungomare Cristoforo Colombo,Portoscuso,,,https,WordPress,Sì,Aruba-Hosting-(Technorail),57,62,100.00,Sì,No
Noleggio e escursioni gommoni a Buggerru BBS Nautica,NOLEGGIO BARCHE,http://www.buggerrusurfschool.com/services/noleggio-gommoni/,380 183 9440,Via dei Lidi,Buggerru,,buggerrusurfschool@hotmail.com,https,WordPress,Sì,Sconosciuto,55,69,92.00,Sì,No
Smeralda Boats - Escursioni in barca Arcipelago di la Maddalena,NOLEGGIO BARCHE,https://www.smeraldaboats.com/,331 588 5236,"presso pontile dei fiori, Via Lungomare A. Doria, snc",Cannigione,,,https,React,Sì,Serverplan,72,96,100.00,Sì,No
Noleggio Gommoni Nautical Service Portisco,NOLEGGIO BARCHE,http://www.nauticalserviceolbia.it/noleggio-gommoni-portisco/,347 296 8363,"Molo 3, Marina di Portisco",Portisco,,,https,Joomla,Sì,HOSTINGER FR,,,,Sì,No
CB Charter,NOLEGGIO BARCHE,http://www.calabittacharter.it/,391 396 5153,"Baja Sardinia, Porto Cala Bitta",Baja Sardinia,,,https,WordPress,Sì,Aruba S.p.A.,62,81,46.00,Sì,No
Noleggio Gommoni Lo Squalo Bianco,NOLEGGIO BARCHE,http://www.losqualobianco.com/,338 650 6631,"Via Ulisse, 1",Conca Verde,,,https,Joomla,Sì,Google LLC,,,,Sì,No
Onda Blu Srl,NOLEGGIO BARCHE,https://www.ondablusrl.net/,0836 943516,Via Scalo delle Barche,Castro,,,https,WordPress,No,Aruba S.p.A. Network,,,,Sì,No
Seascape Sardinia,NOLEGGIO BARCHE,http://seascapesardinia.it/,340 389 4634,Via Marina Piccola,Cagliari,,,https,WordPress,No,Keliweb,33,46,100.00,Sì,No
Carloforte Sail Charter - Noleggio barche Carloforte Sud Sardegna,NOLEGGIO BARCHE,https://www.csailcharter.it/,347 273 3268,"Via XX Settembre, 114",Carloforte,,,https,ASP.NET,Sì,Sconosciuto,55,0,0.00,Sì,No
Elena Tour Navigazioni - Escursioni in barca La Maddalena - Noleggio barche,NOLEGGIO BARCHE,https://www.elenatournavigazioni.com/,342 321 7323,"Via Amendola, Snc",La Maddalena,,,https,Shopify,Sì,Google LLC,71,99,100.00,Sì,No
Boomerang Yacht Charter Sardinia,NOLEGGIO BARCHE,https://boomerangcharter.com/,0789 24293,Marina di Portisco molo n 7,Olbia,,,https,Shopify,Sì,Google-Cloud,50,40,92.00,Sì,No
Mare forza7 noleggio gommoni,NOLEGGIO BARCHE,http://www.mareforza7.it/,348 104 6820,Località Punta Pedrosa,Punta Pedrosa,,,http,ASP.NET,No,Aruba S.p.A. Network,100,100,100.00,Sì,No
BlueIslandSardinia,NOLEGGIO BARCHE,http://www.blueislandsardinia.com/,331 148 4626,Via degli Oleandri,Palau,,,https,WordPress,Sì,Hostinger,55,91,92.00,Sì,No
Noleggio Barche Baja Sardinia OT,NOLEGGIO BARCHE,,079 097 7115,Lungomare di Tramontana,Baja Sardinia,,,,,,,,,,,
GS Escursioni in barca e Noleggio gommoni,NOLEGGIO BARCHE,http://gsescursionisardegna.com/,389 515 0489,Unnamed Road,Porto Pozzo,,,http,ASP.NET,No,Shodan: github.com,56,81,82.00,Sì,No
Rimessaggio Pileri Service,NOLEGGIO BARCHE,,380 721 1550,"07038 e, SP74, 125",Trinità d'Agultu e Vignola,,,,,,,,,,,
Blu Diamond Rent Noleggio Gommoni Golfo Aranci,NOLEGGIO BARCHE,https://bludiamondrent.com/,342 135 5874,"Via dei Marinai, snc",Golfo Aranci,,blu.diamond.rent@gmail.com,https,React,No,Aruba S.p.A. Network,55,64,92.00,Sì,No
Karmar _ Noleggio Gommoni,NOLEGGIO BARCHE,http://karmargommoni.it/,371 180 7227,"Via del Mare, 35",Orosei,,,https,WordPress,Sì,Google LLC,41,88,92.00,Sì,No
Salento a Bordo,NOLEGGIO BARCHE,http://www.salentoabordo.it/,335 213 607,"Via Francesco d'Elia, 2",Lecce,,,https,Shopify,Sì,Netsons Network,,,,Sì,No
Boat Rental Noleggio Gommoni Santa Maria Navarrese NON SOLO MARE boat rental Sardinia,NOLEGGIO BARCHE,https://www.escursioninonsolomare.it/,351 369 1641,Via Monte Oro,Santa Maria Navarrese,,booking@escursioninonsolomare.it,https,React,Sì,Google LLC,68,95,100.00,Sì,No
Danbros - noleggio Yacht e gommoni in costa smeralda,NOLEGGIO BARCHE,http://danbros.it/,333 661 6752,Via Lungomare A. Doria,Cannigione,,info@danbros.it,https,WordPress,Sì,Netsons,57,53,100.00,Sì,No
"Noestrum - Tour in barca a Cagliari e Noleggio Gommoni , Sardegna",NOLEGGIO BARCHE,,351 309 7288,Molo Dogana,Cagliari,,,,,,,,,,,
Albachiara Noleggio Gommone,NOLEGGIO BARCHE,,333 866 5490,Via del Porto,Golfo Aranci,,,,,,,,,,,
Noleggio barca a vela Cagliari - Ichnusa Charter,NOLEGGIO BARCHE,https://www.ichnusacharter.it/,348 654 3763,Pennello di Bonaria,Cagliari,,info@ichnusacharter.it,https,WordPress,No,Aruba-Hosting-(Technorail),56,63,92.00,Sì,No
Easea Boat - Noleggio gommoni,NOLEGGIO BARCHE,http://www.easea-boat.com/,333 369 5141,Via Conzanos,Cugnana Verde,,easeaboat@gmail.com,https,Site123,No,"Amazon.com, Inc.",62,91,77.00,Sì,No
Marine Sifredi,NOLEGGIO BARCHE,http://www.marinesifredi.it/,0781 857008,Corso C. Cavour,Carloforte,,info@marinesifredi.it,https,WordPress,No,Sconosciuto,63,86,100.00,Sì,No
Una Vita in Vacanza Chia Noleggio gommoni Escursioni,NOLEGGIO BARCHE,http://www.unavitainvacanzachia.it/,347 351 3974,Località Tuerredda,Teulada,,,https,React,Sì,Sconosciuto,64,78,92.00,Sì,No
Uniq Charter Sardinia,NOLEGGIO BARCHE,https://www.uniqcharter.com/,376 227 7210,Calata Mercedari,Cagliari,,uniqcharter@gmail.com,https,React,Sì,OVH SAS,56,71,75.00,Sì,No
MF Nautica Noleggio Gommoni Villasimius,NOLEGGIO BARCHE,https://mfnautica.com/,328 417 8383,Via Degli Oleandri,Villasimius,,info@mfnautica.com,https,WordPress,Sì,Aruba S.p.A.,62,67,0.00,Sì,No
Le Sorgenti Boat Excursions - Noleggio Gommoni,NOLEGGIO BARCHE,,351 913 2722,"Piazza Principessa di Navarra, 25",Santa Maria Navarrese,,,,,,,,,,,
Noleggio gommoni Porto Cervo Cala di Volpe N J S,NOLEGGIO BARCHE,,389 248 1957,"Via Cala di Volpe, 1",Arzachena,,,,,,,,,,,
Aldemar - Escursioni in Gommone di Massimo Cantone,NOLEGGIO BARCHE,http://www.aldemar-escursioni-in-mare.it/,380 180 7638,Via Marina Piccola,Cagliari,,aldemar.escursioni@libero.it,https,Webnode,No,Amazon Technologies Inc.,61,94,100.00,Sì,No
Chia Escursioni Noleggio Gommoni | Quad | Chia,NOLEGGIO BARCHE,https://www.chiaescursioni.com/,393 226 2413,Sa Colonia,Chia,,booking@chiaescursioni.com,https,Shopify,Sì,Sconosciuto,51,64,100.00,Sì,No
Watergames Cagliari - Noleggio Gommoni,NOLEGGIO BARCHE,https://www.watergames.it/,330 315 846,marina Piccola,Cagliari,,sissaboat@gmail.com,https,WordPress,Sì,Netsons,62,69,92.00,Sì,No
Noleggio locazione bella vista,NOLEGGIO BARCHE,,379 145 0459,"Via Lungomare Palmasera, 34",Cala Gonone,,,,,,,,,,,
Noleggio Gommoni Occasionale - Ale Brocca,NOLEGGIO BARCHE,,331 850 4711,Piazza del Porto,Cala Gonone,,,,,,,,,,,
L'isola del Gabbiano 2 Noleggio Gommoni,NOLEGGIO BARCHE,,345 242 6147,"Via Degli Oleandri, 10",Villasimius,,,,,,,,,,,
Green Charter,NOLEGGIO BARCHE,https://www.villasimiusnautica.it/,349 521 5591,"Via degli Oleandri, Piazzetta Centrale Porto Turistico",Villasimius,,villasimiusnautica@gmail.com,https,WordPress,Sì,HOSTINGER FR,84,99,92.00,Sì,No
Cala Luna Charter,NOLEGGIO BARCHE,https://www.minicrocieracalagonone.com/,0784 93036,"Via Lungomare Palmasera, 6",Cala Gonone,,,https,Joomla,Sì,Sconosciuto,,,,Sì,No
"Sail Experience - Escursioni e Noleggio barca a vela Cagliari, Sardegna",NOLEGGIO BARCHE,http://sailexperience.it/,331 168 6211,"Molo Dogana, 1",Cagliari,,,https,WordPress,No,Aruba S.p.A. Network,43,54,92.00,Sì,No
NOSTER - Barche a vela in condivisione - Sharing sailboats,NOLEGGIO BARCHE,https://www.nosteritalia.com/,388 494 1390,Via Marina Piccola,Cagliari,,,http,WordPress,No,Aruba S.p.A,28,34,100.00,Sì,No
Seaside | Noleggio gommoni con o senza conducente,NOLEGGIO BARCHE,https://www.estateinsardegna.it/servizi-turistici/cala-gonone-e-dorgali/seaside/,346 248 4641,Spiaggia di Palmasera,Cala Gonone,,,https,WordPress,Sì,OVH SAS,,,,Sì,No
skipper zodiac Shlaubooat a noleggio,NOLEGGIO BARCHE,http://www.skippercalagonone.com/,334 232 8707,Piazza del Porto,Cala Gonone,,flaviocarta37@gmail.com,https,WordPress,Sì,Unlimited Web Hosting UK LTD,,,,Sì,No
Consorzio Noleggiatori Calagonone,NOLEGGIO BARCHE,https://www.calagononenoleggio.com/,345 466 6780,"Piazza del Porto, 16",Cala Gonone,,,https,Joomla,Sì,Sconosciuto,,,,Sì,No
Lampu - Noleggio Gommoni - Cala Gonone,NOLEGGIO BARCHE,https://lampunoleggiogommoni.com/,0784 178 6569,"Viale Colombo, 32",Cala Gonone,,lampugommoni@gmail.com,https,WordPress,Sì,Sconosciuto,,,,Sì,No
Agostino charter srl - Veliero Dovesesto,NOLEGGIO BARCHE,http://www.velierodovesesto.com/,349 771 0377,Via Amerigo Vespucci,Cala Gonone,,,https,React,Sì,SiteGround,,,,Sì,No
Treforsail servizi turistici e noleggio gommonii - Costa Smeralda,NOLEGGIO BARCHE,http://www.treforsail.it/,377 092 3643,Abbiadori.21 Cala di Volpe,Porto Cervo,,,https,WordPress,Sì,OVH SAS,,,,Sì,No
"TECNOMARINE NOLEGGIO barche a motore, barche a vela, gommoni.",NOLEGGIO BARCHE,https://www.tecnomarineonline.it/,388 618 5412,Porto di Castelsardo,Castelsardo,,info@tecnomarineonline.it,https,WordPress,No,Aruba S.p.A.,,,,Sì,No
In Barca Nel Salento,NOLEGGIO BARCHE,https://www.inbarcanelsalento.it/,392 556 0120,Porto Nuovo,Castro Marina,,info@inbarcanelsalento.it,https,Vue,No,Sconosciuto,,,,Sì,No
Box N°4 - Rent a Boat - Noleggio Gommoni Cala Gonone senza conducente - di Satgia Antonio e C.SAS,NOLEGGIO BARCHE,,333 369 7150,"Piazza del Porto, 3",Cala Gonone,,,,,,,,,,,
Cala Gonone Dream Sea,NOLEGGIO BARCHE,https://calagononedreamsea.com/,377 089 1764,Via Amerigo Vespucci,Cala Gonone,,info@calagononedreamsea.com,https,Shopify,No,SiteGround,,,,Sì,No
Noleggio Gommoni Salina Bamba,NOLEGGIO BARCHE,https://www.noleggiosalinabamba.it/,324 996 3221,Spiaggia,Salina Bamba,,noleggio_gommoni@icloud.com,https,Duda,No,ServerPlan,,,,Sì,No
Gnowee | Noleggio Barche con patente e senza a Trieste,NOLEGGIO BARCHE,http://www.gnoweenoleggiobarche.com/,377 457 4168,"Località Villaggio del pescatore, 70",Trieste,,marco.gnowee@gmail.com,https,React,Sì,VHosting,,,,Sì,No
Panaghia- Noleggio Gommoni ed Escursioni nel Golfo di Orosei,NOLEGGIO BARCHE,,342 134 1065,"Località Osalla, snc",Orosei,,,,,,,,,,,
Enjoy Rent Boat,NOLEGGIO BARCHE,https://www.enjoyrentboat.it/,351 946 9599,Via Galea,Cetara,,info@enjoyrentboat.it,https,React,Sì,Aruba S.p.A.,,,,Sì,No
"Best Vacation Ever - Escursioni in barca - boat excursion, escursioni in gommone - da Villasimius con skipper.",NOLEGGIO BARCHE,https://www.bestvacationever.it/escursioni-in-gommone-da-villasimius-arbatax-o-cagliari/,327 739 9331,Via Degli Oleandri,Villasimius,,,https,Shopify,Sì,HOSTINGER DE,,,,Sì,No
Noleggio Gommoni Genova,NOLEGGIO BARCHE,https://www.divachartergenova.it/,353 333 9225,Waterfront Marina,Genova,,flobidesign@gmail.com,https,WordPress,Sì,Server Plan S.r.l.,,,,Sì,No
Palmasera Boat Rental,NOLEGGIO BARCHE,http://palmaseraboatrental.com/,347 602 7626,Piazza del Porto,Cala Gonone,,info@palmaseraboatrental.com,https,Shopify,Sì,Google LLC,,,,Sì,No
Jolly Rogers Genoa Boat Charter,NOLEGGIO BARCHE,https://jollyrogersgenoaboatcharter.com/,347 564 4490,"P.le John Fitzgerald Kennedy, 1",Genova,,info@jollyrogersgenoaboatcharter.com,https,WordPress,Sì,Server Plan S.r.l.,,,,Sì,No
Noleggio Gommoni Hotel le Dune,NOLEGGIO BARCHE,http://www.palauporto.it/,0789 704013,Via Tramontana Porto Pollo,Porto Pollo,,info@palauporto.it,https,Joomla,No,Sconosciuto,,,,Sì,No
Noleggio Barche Genova | Maritime Rent,NOLEGGIO BARCHE,https://www.noleggiobarchegenova.it/,346 850 5038,"Via Luigi Cibrario, 47",Genova,,info@noleggiobarchegenova.it,https,WordPress,Sì,Register networks in Belgium,,,,Sì,No
Daymar - Noleggio Gommoni Cala Gonone,NOLEGGIO BARCHE,https://daymar.it/booking/,377 302 2930,"Piazza del Porto, 18",Cala Gonone,,info@daymar.it,https,Joomla,No,OVH SAS,,,,Sì,No
Mediomare | Stabilimento Balneare | Noleggio con conducente in Maxi Gommone | Locazione Gommoni | Watersports,NOLEGGIO BARCHE,https://www.mediomare.com/,393 332 0913,La Cinta,San Teodoro,,,https,WordPress,Sì,Sconosciuto,,,,Sì,No
Gonone Rental,NOLEGGIO BARCHE,https://www.gononerental.com/,342 872 4778,"Via Cala Luna, 1",Cala Gonone,,,https,Joomla,Sì,Google LLC,,,,Sì,No
NOLEGGIO GOMMONI OGLIASTRA,NOLEGGIO BARCHE,http://www.noleggiogommoniogliastra.it/,345 034 5300,Marina di,Foxi Manna,,,https,React,No,Google LLC,,,,Sì,No
Seven Yacht,NOLEGGIO BARCHE,http://www.sevenyacht.it/,342 850 1340,Via della Marina,Porto Cervo,,info@sevenyacht.it,https,WordPress,Sì,Aruba S.p.A.,,,,Sì,No
Noleggio gommoni e Escursioni Mormora Tours,NOLEGGIO BARCHE,,338 917 6708,Via Roma,Buggerru,,,,,,,,,,,
Blue Deep Tours,NOLEGGIO BARCHE,,338 240 2456,Via del Lungomare,Golfo Aranci,,,,,,,,,,,
Fafare III - Escursioni Giornaliere in Barca - Noleggio gommoni,NOLEGGIO BARCHE,https://www.fafarevillasimius.it/,333 325 2068,"PORTO TURISTICO VILLASIMIUS VIA DEGLI OLENDRI, MOLO M",Villasimius,,info@fafarevillasimius.it,http,Joomla,Sì,Aruba S.p.A.,,,,Sì,No
Escursioni in barca - Charter - Dolphin whatching,NOLEGGIO BARCHE,,388 423 9597,"Via Alessandro Volta, n.14",Golfo Aranci,,,,,,,,,,,
Noleggio Gommoni | Clanto Boat Rental,NOLEGGIO BARCHE,,371 121 2435,banchina del porto di Portoscuso,Portoscuso,,,,,,,,,,,
GetTogether Noleggio Gommoni Gite in Barca,NOLEGGIO BARCHE,https://www.gettogethergommoni.it/,379 124 9629,"Viale Aldo Moro, snc",Porto Pozzo,,,https,WordPress,Sì,Aruba S.p.A.,,,,Sì,No
NORD EST NOLEGGIO GOMMONI GOLFO ARANCI,NOLEGGIO BARCHE,http://www.nordestnoleggio.com/,324 045 9349,Via dei Marinai,Golfo Aranci,,info@nordestnoleggio.com,https,WordPress,No,Serverplan,,,,Sì,No
@SeaBe - Noleggio Occasionale,NOLEGGIO BARCHE,,366 266 0794,"Porto Turistico, Lungomare Cristoforo Colombo, 2",Portoscuso,,,,,,,,,,,
OASI BEACH Tours,NOLEGGIO BARCHE,,0781 189 6483,"Spiaggia di Cala Domestica (lato destro), 09010",Buggerru,,,,,,,,,,,
"Noleggio Gommoni Karma, La Maddalena, Escursioni, Boat rental.",NOLEGGIO BARCHE,http://www.vaiconkarma.com/,392 295 3911,Via Padule,La Maddalena,,info@vaiconkarma.com,https,WordPress,Sì,Keliweb,,,,Sì,No
Noleggio Gommoni La Maddalena - FM Services,NOLEGGIO BARCHE,,347 278 8117,Località la Ricciolina,La Maddalena,,,,,,,,,,,
Island Marine La Maddalena - noleggio gommone con skipper,NOLEGGIO BARCHE,,331 865 6317,"Via Eleonora D'Arborea, 3",La Maddalena,,,,,,,,,,,
Noleggio gommoni Palau - Ad marine boat rental,NOLEGGIO BARCHE,,346 220 4379,Porto turistico,Palau,,,,,,,,,,,
Escursioni in Barca - Noleggio Gommoni - Portoscuso - R.C. Charter,NOLEGGIO BARCHE,http://www.rccharter.com/,347 001 5626,Lungomare Cristoforo Colombo,Portoscuso,,erreccharter@gmail.com,https,WordPress,No,Aruba S.p.A. Network,63,94,85.00,Sì,No
La maddalena on board,NOLEGGIO BARCHE,https://www.lamaddalenaonboard.it/?utm_source=gmb&utm_medium=organic&utm_campaign=seo,340 896 0738,Via Padule,La Maddalena,,,https,WordPress,Sì,HOSTINGER FR,62,99,61.00,Sì,No
Marefun Boat Rent | Yacht Charter & Vanquish Yachts Partner,NOLEGGIO BARCHE,https://www.marefun.com/,320 052 2100,"Via dei Marinai, 1",Golfo Aranci,,info@marefun.com,https,WordPress,No,Google LLC,,,,Sì,No
Captain Nemo Charter | Charter Barche e Gommoni da Portoscuso,NOLEGGIO BARCHE,,327 313 9423,Lungomare Cristoforo Colombo,Portoscuso,,,,,,,,,,,
Il tour in gommone lungo la Costa di Masua è un'avventura spettacolare. Visiteremmo le cale più belle della zona,NOLEGGIO BARCHE,https://www.estateinsardegna.it/servizi-turistici/costa-sud-ovest/tromba-tour/,389 768 8854,Via canalgrande,Masua,,,https,React,Sì,Pagine Sì,,,,Sì,No
Enjoy La Maddalena Noleggio Gommoni,NOLEGGIO BARCHE,http://www.enjoylamaddalena.com/,371 539 8484,Via Padule,La Maddalena,,info@enjoylamaddalena.com,https,WordPress,Sì,Google LLC,,,,Sì,No
Freemind Experience - Escursioni e noleggio gommoni La Maddalena,NOLEGGIO BARCHE,,338 906 6558,Via Padule,La Maddalena,,,,,,,,,,,
Mangioinbarca,NOLEGGIO BARCHE,,335 743 2244,Piazzetta dei Pescatori,Golfo Aranci,,,,,,,,,,,
Emerald Freedom - Noleggio Gommoni con Skipper Tour Privati La Maddalena,NOLEGGIO BARCHE,https://www.emeraldfreedom.it/,351 750 5141,"Via Cala Chiesa, 52",La Maddalena,,info@emeraldfreedom.it,https,React,Sì,Netsons Network,61,88,100.00,Sì,No
Noleggio Gommoni Villasimius,NOLEGGIO BARCHE,,338 325 6773,Via Degli Oleandri,Villasimius,,,,,,,,,,,
Summer Service,NOLEGGIO BARCHE,http://www.noleggiogommoniportorotondo.com/,344 163 0659,"Complesso i Ginepri, Via della Marina",Porto Rotondo,,,https,React,Sì,Sconosciuto,53,69,92.00,Sì,No
Gipsy Motor Boat - La Maddalena Excursions,NOLEGGIO BARCHE,http://www.lamaddalenaboatexcursions.it/,338 457 4756,Via Padule,La Maddalena,,info@lamaddalenaboatexcursions.it,https,React,Sì,Sconosciuto,44,46,92.00,Sì,No
Sulcis Sail Charter - Escursioni e Noleggio Barche a Vela Sud Ovest Sardegna,NOLEGGIO BARCHE,https://sulcisailcharter.com/,347 185 7888,"Lungomare Cristoforo Colombo, 1",Calasetta,,sulcisailcharter@gmail.com,https,WordPress,Sì,Hetzner Online GmbH,60,81,100.00,Sì,No
Tharroservices di Gian Marco Salis,NOLEGGIO BARCHE,http://www.tharroservices.com/,334 791 9896,Porticciolo turistico,Torre Grande,,info@tharroservices.it,https,Shopify,No,Sconosciuto,56,57,92.00,Sì,No
Guaza Yachts & Charter | Gaeta,NOLEGGIO BARCHE,https://www.guazacharter.com/,338 718 0856,"Lungomare Giovanni Caboto, 528",Gaeta,,info@guazacharter.com,https,React,Sì,Sconosciuto,55,77,100.00,Sì,No
Marine Service Rent noleggio gommoni e moto d'acqua,NOLEGGIO BARCHE,,366 322 4202,Porticciolo di Marina Piccola,Cagliari,,,,,,,,,,,
Marticana Boat,NOLEGGIO BARCHE,,379 252 4342,Via S. Nicola a Mare,Ponte San Nicola,,,,,,,,,,,
Il noleggio che fa per te,NOLEGGIO BARCHE,https://www.ilnoleggiochefaperte.it/,328 101 9032,"Via Ludovico Muratori, 2",Porto Cesareo,,info@ilnoleggiochefaperte.it,https,WordPress,Sì,Server Plan S.r.l.,61,91,100.00,Sì,No
AUDACE Noleggio gommoni con Skipper Porto San Paolo,NOLEGGIO BARCHE,,347 576 4534,Via Del Faro,Porto San Paolo,,,,,,,,,,,
Noleggio Barche Porto Cesareo,NOLEGGIO BARCHE,https://noleggiobarcaportocesareo.it/,379 283 9152,Via Bissolati,Porto Cesareo,,,,WordPress,Non trovato,Aruba S.p.A,71,99,36.00,No - Pagina Non Trovata (404),No
Nautica 2000 - Noleggio Barche Palinuro di Belonoskin Giacomo,NOLEGGIO BARCHE,https://noleggionautica2000.it/,349 358 4862,Via Porto,Palinuro,,,https,Shopify,No,Google LLC,56,75,61.00,Sì,No
BlueSinis - Isola Mal Di Ventre - Escursioni e Gite in barca giornaliere - Taxi Boat - Snorkling,NOLEGGIO BARCHE,,328 078 3338,Lungomare Putzu Idu - Mandriola,San Vero Milis,,,,,,,,,,,
"NOLEGGIO GOMMONI PORTO TAVERNA,LETTINI OMBRELLONI PORTO TAVERNA,MARE AZZURRO",NOLEGGIO BARCHE,http://www.mare-azzurro.net/,392 162 8284,Via della Salicconia,Loiri Porto San Paolo,,mareazzurrosnc@virgilio.it,https,React,Sì,Sconosciuto,81,83,85.00,Sì,No
Delfino Blu Escursioni,NOLEGGIO BARCHE,http://www.delfinobluescursioni.it/,347 003 1372,"Via, Lungomare Cristoforo Colombo, 6",Torre Vado,,info@delfinobluescursioni.it,https,Shopify,Sì,Netsons s.r.l.,57,87,100.00,Sì,No
Darsena Riviera di Ponente,NOLEGGIO BARCHE,http://www.darsenaportocesareo.it/,368 565 656,Piazzale A. Moro,Porto Cesareo,,darsenarp@gmail.com,http,Joomla,No,Sconosciuto,,,,Sì,No
Enea escursioni in barca Otranto Boat Trips,NOLEGGIO BARCHE,http://www.eneaescursioni.com/,320 882 7660,Piazza all'umanità migrante,Otranto,,,https,React,No,Google LLC,,,,Sì,No
PEGASO NOLEGGIO GOMMONI AREA MARINA PROTETTA DI TAVOLARA,NOLEGGIO BARCHE,https://www.pegasonoleggiogommoni.it/,338 297 0537,Via Cala Finanza,Loiri Porto San Paolo,,info@pegasonoleggiogommoni.it,https,WordPress,Sì,Aruba S.p.A.,55,60,92.00,Sì,No
GLUGLÚ SALENTO,NOLEGGIO BARCHE,http://www.gluglusalento.com/,324 048 4881,"Via Guglielmotto D'Otranto, 32",Otranto,,info@gluglusalento.com,https,Joomla,Sì,Sconosciuto,,,,Sì,No
Maldive Beach Escursioni e Noleggio,NOLEGGIO BARCHE,https://www.maldivebeachescursioni.com/,335 672 2918,"Strada Provinciale 91, 3",Torre Vado,,,https,Shopify,Sì,Host SpA,55,63,100.00,Sì,No
Boats in the sea,NOLEGGIO BARCHE,http://www.boatsinthesea.com/,346 229 8225,"Porto di Cagliari, Via Calata della Fiera, 1",Cagliari,,,https,WordPress,No,Sconosciuto,,,,Sì,No
Morgana Sailing,NOLEGGIO BARCHE,https://www.morganasailingcharter.com/,379 152 3270,"Via Doppia Croce, 53",Santa Maria di Leuca,,morganasailing@gmail.com,https,WordPress,Sì,Google LLC,,,,Sì,No
Noleggio Gommoni Skipper,NOLEGGIO BARCHE,https://noleggiogommoniskipper.com/,342 155 8571,Via Tavolara,Porto San Paolo,,,https,WordPress,Sì,Aruba Hosting,,,,Sì,No
Sardinia Boat Tour,NOLEGGIO BARCHE,,320 078 2021,Porto di,Torre Grande,,,,,,,,,,,
Oroblu - Noleggio gommoni,NOLEGGIO BARCHE,https://www.oroblunoleggi.com/,331 220 8834,Via Porto Frailis,Arbatax,,info@oroblunoleggi.com,https,Shopify,Sì,Netsons s.r.l.,,,,Sì,No
Escursioni Cala Gonone,NOLEGGIO BARCHE,http://www.escursionicalagonone.it/,347 720 9696,Via Amerigo Vespucci,Cala Gonone,,,https,React,Sì,"Cloudflare, Inc.",,,,Sì,No
Sabbiamare Tender & Boat Rental,NOLEGGIO BARCHE,https://sabbiamare.net/,345 324 1463,"Porto Cervo Marina Sestante A/B, Molo Q",Porto Cervo,,,https,Joomla,No,"Cloudflare, Inc.",,,,Sì,No
Alpamarine,NOLEGGIO BARCHE,https://www.alpamarine.com//?utm_source=gmb&utm_medium=organic&utm_content=scheda,333 863 9359,Passeggiata del Porto,Porto Rotondo,,,https,WordPress,Sì,HOSTINGER FR,,,,Sì,No
Nolomar,NOLEGGIO BARCHE,http://www.nolomar.com/,368 318 5548,"Lungomare Arenzano, 22",Calasetta,,nolomar.sardegna@yahoo.it,http,Joomla,No,Sconosciuto,,,,Sì,No
Palau North Light di Gianni Occhioni,NOLEGGIO BARCHE,https://www.palaunorthlight.com/,339 766 5919,"Porticciolo Turistico Pontile, F",Palau,,booking@palaunorthlight.com,https,WordPress,No,Aruba S.p.A. Network,,,,Sì,No
Mostes Boat Rental di Smanboats sas,NOLEGGIO BARCHE,https://www.mostesboatrental.it/,031 914621,"Via calvasino, 27",Lezzeno,,info@mostesboatrental.it,https,React,Sì,Aruba S.p.A,,,,Sì,No
Yacht Charter Sardinia di Franco Sartori,NOLEGGIO BARCHE,http://www.yachtchartersardinia.it/,0789 622326,"piano primo, Viale Aldo Moro, 408",Olbia,,infochartercostasmeralda@gmail.com,https,WordPress,Sì,Hetzner Online GmbH,,,,Sì,No
Club della Vela - Noleggio gommoni,NOLEGGIO BARCHE,,338 148 9583,S.da Spiaggia Mugoni,Alghero,,,,,,,,,,,
MG Yacht Service,NOLEGGIO BARCHE,https://www.mgyachtservice.it/,348 340 7982,Via Punta Saline,Olbia,,,https,Shopify,Sì,Pagine Sì,,,,Sì,No
Cannigione Boat Rental,NOLEGGIO BARCHE,https://www.cannigioneboatrental.com/,340 210 2723,"Via Amerigo Vespucci, 20",Cannigione,,info@cannigioneboatrental.com,https,WordPress,Sì,Server Plan S.r.l.,74,95,100.00,Sì,No
Noleggio Gommoni Olbia,NOLEGGIO BARCHE,,371 438 3102,"Via Roma, 65",Olbia,,,,,,,,,,,
Hakuna Matata sail catamaran,NOLEGGIO BARCHE,https://hakunamatatasailcatamaran.com/,349 107 6234,"Via Caro, 24",Olbia,,hakunamatatasailcatamaran@outlook.it,https,Canva Websites,No,SystemDNS,56,54,82.00,Sì,No
Noleggio Gommoni Olbia | Boat Charter,NOLEGGIO BARCHE,https://gommoniolbia.it/,079 097 6766,"via Piovene, 26",Olbia,,,https,Shopify,No,"Amazon.com, Inc.",49,71,100.00,Sì,No
Sardinia Boat Charter,NOLEGGIO BARCHE,https://www.sardiniaboatcharter.com/,338 217 1339,"Via dell'Eucaliptus, 10",Olbia,,info@sardiniaboatcharter.com,https,React,No,Sconosciuto,92,99,100.00,Sì,No
Escursioni Pegaso. Tour nel Golfo di Orosei,NOLEGGIO BARCHE,http://www.escursionipegaso.it/,379 101 4131,"Via Cala Luna, 1",Cala Gonone,,info@escursionipegaso.it,https,Joomla,Sì,Google LLC,68,90,100.00,Sì,No
Marina di Nodu Pianu,NOLEGGIO BARCHE,https://marinadinodupianu.it/,328 267 7287,Loc. Cala Banana - Villaggio Nodu Pianu,Golfo Aranci,,info@marinadinodupianu.it,https,WordPress,Sì,Aruba S.p.A.,61,80,85.00,Sì,No
CALA BRANDINCHI S.N.C. DI BACCIU SALVATORE & C,NOLEGGIO BARCHE,,339 133 1653,"Via Monte Acuto, 9",Padru,,,,,,,,,,,
Charty,NOLEGGIO BARCHE,https://www.charty.it/,345 627 7756,"Via dei fabbri, 6",Oristano,,info@charty.it,https,WordPress,No,Netsons Network,70,87,85.00,Sì,No
Noleggio marittimo - noleggio gommoni Palau,NOLEGGIO BARCHE,,347 684 8427,Porto Turistico,Palau,,,,,,,,,,,
Jolly Rent Noleggio Barche,NOLEGGIO BARCHE,,391 754 1129,Via Sardegna,Nardò,,,,,,,,,,,
Sea Paradise Sardinia Noleggio Gommoni e Escursioni in barca a Palau,NOLEGGIO BARCHE,https://seaparadisesardinia.com/,333 780 7550,Porto Turistico di Palau,Palau,,seaparadisesardinia@gmail.com,https,WordPress,Sì,Aruba-Hosting,52,47,92.00,Sì,No
Noleggio Gommoni Palau Eagle Marine,NOLEGGIO BARCHE,https://eaglemarine.it/,334 785 8255,Banchina Commerciale Imbarco Traghetti per Palau,Palau,,info@eaglemarine.it,https,React,Sì,SiteGround,55,56,100.00,Sì,No
"RA Luxury Rent | Boat Rental, Luxury Tender",NOLEGGIO BARCHE,https://raluxuryrent.com/,351 433 1163,"Viale Concas Caddinas, 65",Golfo Aranci,,info@raluxuryrent.com,https,React,No,Keliweb,67,80,100.00,Sì,No
Blu Marine Gulf of Orosei Boat rental & Mini Cruises Box n°7,NOLEGGIO BARCHE,http://www.escursionigolfodiorosei.com/,340 469 6705,Piazza del Porto,Cala Gonone,,iinfo@escursionigolfodiorosei.com,https,Nuxt.js,Sì,Sconosciuto,57,47,100.00,Sì,No
Athena Sail,NOLEGGIO BARCHE,https://www.athenasail.com/,340 105 1393,"Porto turistico Palau, Pontile G-F",Palau,,info@athenasail.com,https,Shopify,No,Aruba S.p.A.,52,49,100.00,Sì,No
"North Tempest escursioni in barca a Vela, Motore e Gommoni con skipper",NOLEGGIO BARCHE,http://www.northtempestescursioni.com/,371 560 9995,"Porto Turistico Molo B, Piazza del Molo",Palau,,northtempestsrls@gmail.com,https,Joomla,Sì,Aruba S.p.A.,35,47,92.00,Sì,No
Asinara Gite,NOLEGGIO BARCHE,http://www.giteasinara.it/,340 053 6931,"Via del Lentischio, 11",Porto Torres,,info@giteasinara.it,https,WordPress,Sì,VHosting,66,88,100.00,Sì,No
Yachting in Sardinia - Base Nautica,NOLEGGIO BARCHE,https://www.yachtinginsardinia.com/,329 374 0365,Via Mare,Porto Torres,,shipyard@yachtinginsardinia.com,https,Shopify,No,Google LLC,57,89,75.00,Sì,No
MAXIRIBEXCURSIONS,NOLEGGIO BARCHE,https://www.noleggiobarchepalau.it/,338 962 1717,PORTO TURISTICO PONTILE A,Palau,,,https,WordPress,No,Aruba S.p.A.,61,82,92.00,Sì,No
ToGo Sardinian Sail Charter,NOLEGGIO BARCHE,,393 436 2112,"V. Lungomare Balai, 72",Porto Torres,,,,,,,,,,,
Noleggio Gommoni Albatros Service,NOLEGGIO BARCHE,http://www.albatrosservice.com/,347 927 8864,Porto Turistico di Palau - pontile G,Palau,,,http,ASP.NET,No,Sconosciuto,78,98,82.00,Sì,No
Peter Pan 3 Boat Rental,NOLEGGIO BARCHE,https://www.noleggiobarchebajasardinia.com/,329 601 7677,Via Giuseppe Salaris,Baja Sardinia,,peterpan3boat@gmail.com,https,React,No,Google LLC,69,95,100.00,Sì,No
"BFreeRental Noleggio Gommoni ⎪Poltu Quatu, Sardegna",NOLEGGIO BARCHE,https://bfreerental.com/,379 265 7290,Marina di,Poltu Quatu,,artisgilmer@gmail.com,https,WordPress,Sì,Google LLC,48,46,92.00,Sì,No
Lux & Fishing Rental Boats,NOLEGGIO BARCHE,https://fishingdreamcharter.it/,338 389 8050,"Molo Le Maree, Loc. Jaga Brujada",Porto Rotondo,,lux.fishingrentalboats@gmail.com,https,WordPress,No,WHG Hosting Services Ltd,,,,Sì,No
La Boa charter & diving,NOLEGGIO BARCHE,https://www.laboa.com/,333 870 8537,Via Marina di Praia,Praiano,,,http,React,Sì,Sconosciuto,,,,Sì,No
Noleggio barche Il Capitano,NOLEGGIO BARCHE,https://www.noleggiobarcheilcapitano.it/,379 234 1713,"Porto Turistico, Via Venezia",Vieste,,info@noleggiobarcheilcapitano.it,https,Shopify,No,Aruba S.p.A. Network,,,,Sì,No
Taxiboat Cernobbio - Non solo barche,NOLEGGIO BARCHE,http://www.taxiboatcernobbio.it/,329 219 6837,Piazza Risorgimento,Cernobbio,,info@taxiboatcernobbio.it,https,WordPress,Sì,Sconosciuto,,,,Sì,No
Sestante Noleggi,NOLEGGIO BARCHE,https://sestantenoleggi.it/,388 754 9179,Via Bissolati,Porto Cesareo,,info@sestantenoleggi.it,https,Joomla,No,Serverplan S.r.l.,,,,Sì,No
Shusciu Nautical Division,NOLEGGIO BARCHE,https://shusciurentboat.com/,376 238 1180,"Lungo Lario Trieste, 28",Como,,help@partoo.fr,https,Shopify,No,"Amazon.com, Inc.",,,,Sì,No
SN BOAT by summer service,NOLEGGIO BARCHE,,347 498 9263,Via della Spiaggia,Pittulongu,,,,,,,,,,,
Nautic Planet,NOLEGGIO BARCHE,http://www.nauticplanet.com/,327 133 8417,Statale Regina Km 28,Tremezzina,,nauticplanet@gmail.com,https,Joomla,Sì,Sconosciuto,,,,Sì,No
Via Col Vento - Noleggio Barche e Gommoni,NOLEGGIO BARCHE,https://escursionisardegna.it/,370 134 2524,Località Cala Sinzias,Castiadas,,,https,WordPress,Sì,Server Plan S.r.l.,,,,Sì,No
SardaTerra.com Centro Servizi Turistici San Teodoro,NOLEGGIO BARCHE,https://www.sardaterra.com/,342 752 6938,"Via Dei Gerani, 2",San Teodoro,,,https,WordPress,No,SiteGround,84,97,92.00,Sì,No
Asinara Tours,NOLEGGIO BARCHE,http://www.asinaratours.com/,348 473 5434,"Via Col di Lana, 9 stintino, Viale la Pelosa, 12",Sassari,,info@asinaratours.com,https,WordPress,No,SEEWEB s.r.l.,48,80,100.00,Sì,No
Noleggio gommoni Testa di Moro - San Teodoro,NOLEGGIO BARCHE,,351 921 8196,"V. Nazionale, 23",Suaredda-traversa,,,,,,,,,,,
Black Pearl Noleggio Gommoni,NOLEGGIO BARCHE,https://www.skippergommonisanteodoro.it/,340 280 3407,Via Salina Bamba,San Teodoro,,,https,Joomla,Sì,Aruba S.p.A.,,,,Sì,No
Escursioni Asinara - Buriana Charter,NOLEGGIO BARCHE,https://burianacharter.com/,333 540 6742,"Viale la Pelosa, 12",Stintino,,info@burianacharter.com,https,Joomla,Sì,IT.Gate S.p.A.,84,99,92.00,Sì,No
M.Y. KORAL II - Luxury Private Charter,NOLEGGIO BARCHE,https://koralexclusive.com/,339 757 6664,"Via degli Oleandri, molo M",Villasimius,,info@koralexclusive.com,https,React,Sì,Google LLC,40,97,83.00,Sì,No
Star Charter S.r.l.,NOLEGGIO BARCHE,http://www.starcharter.it/,340 119 3254,"loc.L'isolotto, C/o Direzione portuale Marina di Stintino, Via Cala Sant'Andrea",Stintino,,,https,WordPress,No,Sconosciuto,0,0,0.00,Sì,No
Noleggio Gommoni Teulada Charter,NOLEGGIO BARCHE,http://www.teuladacharter.it/noleggio.php,338 639 3053,Spiaggia Portu Tramatzu,Teulada,,info@teuladacharter.it,http,React,No,Sconosciuto,71,99,82.00,Sì,No
Yacht Boutique Gulet charter Expert,NOLEGGIO BARCHE,http://www.yachtboutique.eu/,+31 6 52022865,"Via Azuni, 23",Bosa,,,https,Shopify,No,Aruba S.p.A. Network,56,88,92.00,Sì,No
Capo Testa Yachting S.R.L.,NOLEGGIO BARCHE,http://www.capotestayachting.com/,348 408 7443,"Piazza del Tempo, 7",Santa Teresa Gallura,,info@capotestayachting.com,https,React,No,Netsons s.r.l.,,,,Sì,No
Nautical Service di Katya,NOLEGGIO BARCHE,https://www.escursionisanvitolocapo.eu/,349 066 0624,porticciolo turistico,San Vito Lo Capo,,nauticalservicesanvitolocapo@gmail.com,https,React,Sì,Aruba S.p.A. Network,,,,Sì,No
BassaMarea noleggio gommoni Porto Pino,NOLEGGIO BARCHE,,346 089 5216,Via del Porticciolo,Porto Pino,,,,,,,,,,,
Escursioni La Torre,NOLEGGIO BARCHE,,338 307 9911,"Corso Venezia, 129",Torre Vado,,,,,,,,,,,
White Devil - Noleggio Barca con Skipper,NOLEGGIO BARCHE,https://whitedevil.murrucalzature.it/,347 518 1989,Porto Turistico di Sant'Antioco 26B,Sant'Antioco,,whitedevilboat@hotmail.com,https,React,Sì,Hetzner Online GmbH,,,,Sì,No
Noleggio Poltu Quatu,NOLEGGIO BARCHE,http://poltuquatucharter.com/,0789 99159,Villaggio Poltu Quatu,Arzachena,,info@poltuquatucharter.com,https,WordPress,No,SiteGround,,,,Sì,No
Noleggio Blue Wave,NOLEGGIO BARCHE,http://www.bluewavesardegna.it/,340 050 7375,Lungomare Caduti Nassiriya,Sant'Antioco,,,https,WordPress,Non trovato,SEEWEB s.r.l.,,,,Sì,No
Renting sea ed Astra,NOLEGGIO BARCHE,,348 195 8369,"Via Aldo Moro, 1",Selargius,,,,,,,,,,,
Red Reef. Noleggio con conducente nel Golfo di Orosei,NOLEGGIO BARCHE,,388 471 5824,"Via Lungomare, 61",Arbatax,,,,,,,,,,,
PeterNautica - noleggio barche / boat rent,NOLEGGIO BARCHE,https://www.peternautica.com/servizi/locazione-barche/,389 168 0569,"Lungara Porto, estermità, ex Molo di Levante",Mola di Bari,,,https,WordPress,No,Sconosciuto,,,,Sì,No
MareOgliastra Lines,NOLEGGIO BARCHE,https://www.mareogliastra.com/,0782 615173,Lungomare Monte Santo,Santa Maria Navarrese,,info@mareogliastra.com,https,WordPress,Sì,Aruba S.p.A.,,,,Sì,No
Arbatax Charter,NOLEGGIO BARCHE,http://www.arbataxcharter.it/,333 408 1815,Porto di Arbatax,Tortolì,,arbataxcharter@gmail.com,https,React,No,Sconosciuto,,,,Sì,No
Noleggio Gommone e auto Salento,NOLEGGIO BARCHE,,392 620 9573,Via Lungomare Matteotti,San Foca,,,,,,,,,,,
rent for quartello,NOLEGGIO BARCHE,,338 982 4977,Via Danimarca,Quartu Sant'Elena,,,,,,,,,,,
RIB experience Salento,NOLEGGIO BARCHE,https://www.ribexperiencesalento.it/,349 237 4156,"porticciolo GT Nautica, Via Lungomare Matteotti",San Foca,,,https,WordPress,No,Aruba S.p.A.,,,,Sì,No
My Yacht Charter | Noleggio Imbarcazioni,NOLEGGIO BARCHE,https://www.mycrent.com/,320 469 8926,"Via Benedetto Ronchi, 8",Trani,,info@mycrent.it,https,Wix,Sì,Google LLC,,,,Sì,No
Sandy Sailing Company noleggio barca a vela con Skipper,NOLEGGIO BARCHE,https://sandysailing.it/,339 301 9490,Porticciolo di Marina Piccola,Cagliari,,serdessc@gmail.com,https,React,Sì,Servereasy Srl,,,,Sì,No
Ajooo Taxy boat,NOLEGGIO BARCHE,,335 544 5240,Via la Marina,Santa Teresa Gallura,,,,,,,,,,,
Aguaplano sailing,NOLEGGIO BARCHE,,333 933 7293,"Via Lu Pultali, n.3",Santa Teresa Gallura,,,,,,,,,,,
Noleggio Barca Circeo con Skipper,NOLEGGIO BARCHE,https://www.saliabordo.it/,338 765 7624,"Via Terracina, 266",Terracina,,info@saliabordo.it,https,Shopify,No,Aruba S.p.A. Network,55,66,77.00,Sì,No
Emerald Escursioni,NOLEGGIO BARCHE,,329 188 0646,"Piazzale Porto Turistico, Via Dante, 1",Santa Teresa Gallura,,,,,,,,,,,
First class boat rental,NOLEGGIO BARCHE,https://firstclassboatrental.com/,345 405 5051,"Riviera Bosco Piccolo, 119",Mira,,info@firstclassboatrental.com,https,React,No,Keliweb S.R.L,0,66,100.00,Sì,No
Nautica Cri.Silver,NOLEGGIO BARCHE,,339 571 0403,RFM5+7XR,Torre Canne,,,,,,,,,,,
Cooperativa Consorzio Delle Bocche,NOLEGGIO BARCHE,https://www.consorziobocche.com/?utm_source=google&utm_medium=gmb-sede&utm_campaign=organic,0789 755112,"Piazza Vittorio Emanuele I, 16",Santa Teresa Gallura,,info@consorziobocche.it,https,WordPress,Sì,HOSTINGER FR,94,99,92.00,Sì,No
David's Boat San Foca,NOLEGGIO BARCHE,https://davidsboat.it/,333 442 2229,Via Lungomare Matteotti,San Foca,,info@davidsboat.it,https,Joomla,No,Servereasy Srl,56,0,85.00,Sì,No
