Nome Attività,Categoria,Sito Web,Telefono,Indirizzo,Comune,Provincia,Email,Protocollo,Tecnologia,Cookie Banner,Hosting Provider,Mobile Performance,Desktop Performance,Punteggio SEO,Disponibilità Sito,Stato Manutenzione
Bed & Breakfast La Vecchia Osteria,Bed & Breakfast,,371 410 2881,S.R. 471,Montereale,,,,,,,,,,,
Agriturismo Amatrice,Ristorante,https://www.agriturismoamatrice.com/,388 475 2237,"Frazione S. Cipriano, 158",Amatrice,,,https,Joomla,No,Aruba S.p.A.,70,97,100.00,Sì,No
Bed and Breakfast Emilia,Bed & Breakfast,,346 830 2266,"Via del Campo Sportivo, 2",Cagnano Amiterno,,,,,,,,,,,
La Fontana,Bed & Breakfast,http://www.lafontana-bb.it/,340 588 9358,"Codice CIN IT067034C18M5KJ6UD, Via Casarine, 9",Intermesoli,,info@lafontana-bb.it,https,ASP.NET,No,Aruba S.p.A. Network,71,95,91.00,Sì,No
B&B Il Giardino,Bed & Breakfast,,393 903 2745,"Viale Regina Margherita, 10",Antrodoco,,,,,,,,,,,
B&B la casetta,Bed & Breakfast,,329 391 7838,"Via del Castello, 30",Antrodoco,,,,,,,,,,,
Agriturismo Il Casale Pica,Agriturismo,https://ilcasalepica.it/,349 789 6258,"Via Villa Camponeschi, 1",Posta,,info@ilcasalepica.it,https,React,No,Aruba S.p.A. Network,99,100,73.00,Sì,No
Le stanze di Bacco,Alloggio turistico,https://dibacco.tripcombined.com/,349 606 0508,"Via S. Giovanni, 53",Cagnano Amiterno,,,https,React,No,Contabo GmbH,57,88,92.00,Sì,No
Agriturismo L.D.L Amatrice,Agriturismo,http://www.agriturismoldl.it/,0746 818037,"Frazione Cornelle Di Sopra, Snc",Amatrice,,info@agriturismoldl.it,https,ASP.NET,No,Aruba S.p.A. Network,63,73,91.00,Sì,No
Gran Sasso Letizia B&B,Bed & Breakfast,http://beb.it/gransassoletiziabb,327 572 0600,"Via delle Aie, 8",Filetto,,,https,Vue,No,"Amazon.com, Inc.",72,94,100.00,Sì,No
Lago Secco B&B,Bed & Breakfast,https://www.lagosecco.com/,0746 80975,"Frazione Illica, 6",Illica,,,https,React,Sì,Google LLC,68,94,100.00,Sì,No
Palazzo Pallini,Bed & Breakfast,,333 272 1930,"Corso Roma, 12",Antrodoco,,,,,,,,,,,
Ostello Il Castagno,Ostello,https://www.ostelloilcastagno.com/,346 947 1143,"Via Fossi, 15",Antrodoco,,ilcastagnoostello@gmail.com,https,React,No,"Cloudflare, Inc.",34,43,92.00,Sì,No
Albergo Diffuso Amatrice,Hotel,http://www.albergodiffusoamatrice.it/,346 305 1912,"SS260, 35",Amatrice,,info@albergodiffusoamatrice.it,https,WordPress,Sì,Server Plan S.r.l.,66,87,92.00,Sì,No
La Casa della Rocca,Bed & Breakfast,http://www.lacasadellarocca.it/,351 469 5385,"Piazza Santa Maria Assunta, 3",Antrodoco,,lacasadellarocca@gmail.com,https,WordPress,No,"Cloudflare, Inc.",50,59,100.00,Sì,No
Hotel L'Aquila,Hotel,https://hotelaquilascoppito.top/,0862 717089,"V. Roma, 208",Scoppito,,,https,WordPress,Sì,"Cloudflare, Inc.",67,90,100.00,Sì,No
Leoness Affittacamere,Bed & Breakfast,,0746 920038,"Viale Francesco Crispi, 20",Leonessa,,,,,,,,,,,
Abbazia La Corte - SS. Quirico e Giulitta,Ristorante,https://www.abbaziasanquirico.it/,348 745 7887,"SS 4 Via Salaria, 1A",Micigliano,,info@abbaziasanquirico.it,https,WordPress,Sì,Serverplan s.r.l.,59,94,92.00,Sì,No
La Locanda,Hotel,https://la-locanda.hotelpreferito.top/,338 752 8770,"Via degli Archi, 1",Rocca Sinibalda,,,https,React,No,Contabo GmbH,52,85,92.00,Sì,No
Antico Borghetto Norcia,Bed & Breakfast,https://www.anticoborghetto.it/,0743 828635,"Via dei Santi, 3",Piediripa,,info@anticoborghetto.it,https,WordPress,No,Combell NV,55,59,92.00,Sì,No
Bed and Breakfast da Diletta,Bed & Breakfast,https://bb-da-diletta.albergo.top/,324 885 1592,"Via Borgo Sant'Antonio, 62/c",Rieti,,,https,React,No,Contabo GmbH,60,89,92.00,Sì,No
B & B Beata Colomba,Bed & Breakfast,,328 429 7701,"piazza della beata colomba, 9",Rieti,,,,,,,,,,,
San Francesco Suite,Bed & Breakfast,http://www.sanfrancescosuite.it/,366 274 1665,"Via Vittorio Emanuele, 11",Poggio Bustone,,,http,ASP.NET,Sì,Aruba S.p.A.,57,67,92.00,Sì,No
Acque del Velino B&B,Bed & Breakfast,,380 386 0384,"Via S. Francesco, 36",Rieti,,,,,,,,,,,
Le Calecatine,Bed & Breakfast,,328 284 7873,Via Valle della Pastorella,Rocca di Botte,,,,,,,,,,,
Bed And Breakfast Villa d'Este,Bed & Breakfast,http://www.villadestetivoli.it/,0774 311307,"Via Boselli, 14",Tivoli,,,https,WordPress,Sì,Aruba S.p.A.,56,80,92.00,Sì,No
Bed & Breakfast 1913,Bed & Breakfast,,331 853 8445,"Via Valle dei Prati, 60",Montelibretti,,,,,,,,,,,
B&B La Panoramica,Bed & Breakfast,https://www.villadestetivoli.it/,0774 335700,"Viale Nicolò Arnaldi, 45",Tivoli,,,https,Joomla,Sì,Aruba S.p.A.,56,83,100.00,Sì,No
B&B Casa di Orazio,Bed & Breakfast,http://www.casadiorazio.it/dovesiamo.asp,340 311 9133,"Via di Ponte Trave, 4",Roccagiovine,,info@casadiorazio.it,http,ASP.NET,No,Aruba S.p.A. Network,100,100,91.00,Sì,No
Villa Sanguigni,Bed & Breakfast,https://www.villasanguigni.com/,338 857 1835,"Via di sotto, 71",Bagnolo,,,https,Wix,Sì,Google LLC,73,88,92.00,Sì,No
Bed and Breakfast Casa Rosella - Country House,Bed & Breakfast,http://www.casarosella.it/,331 659 8420,"Via Fontana Fresca, 25",Bellegra,,,https,WordPress,No,Aruba S.p.A.,60,86,85.00,Sì,No
il Vecchio Treno guest house,Bed & Breakfast,http://www.ilvecchiotreno.it/,0774 332661,"Via Valeria, 13",Tivoli,,info@ilvecchiotreno.it,https,Shopify,No,Aruba S.p.A.,59,87,92.00,Sì,No
Al Seminario,Hotel,,380 599 6086,"Via Teobaldi, 2",Tivoli,,,,,,,,,,,
B&B Il Sogno nel Vento,Bed & Breakfast,,349 288 5577,"Via Dritta, 28",Tufo,,,,,,,,,,,
Palazzo Moraschi,Bed & Breakfast,http://www.palazzomoraschisubiaco.it/,0774 85690,"Viale della Repubblica, 75",Subiaco,,info@palazzomoraschisubiaco.it,https,Shopify,Sì,Netsons Network,54,44,92.00,Sì,No
AgriQuartuccio b&b / Q ristorante,Agriturismo,https://www.agriquartuccio.it/,388 098 3651,Strada Provinciale del Cavaliere,Oricola,,agriquartuccio@gmail.com,https,Shopify,Sì,Google LLC,67,95,100.00,Sì,No
Le Macchie,Bed & Breakfast,,338 497 6325,Località Colle del Prete,Arsoli,,,,,,,,,,,
B&B Il Sorriso Dei Monti,Bed & Breakfast,http://www.ilsorrisodeimonti.it/,347 920 6626,"Via Segni, 20",Orvinio,,info@ilsorrisodeimonti.it,https,ASP.NET,No,Aruba S.p.A. Network,97,99,100.00,Sì,No
B&B La Casa di Milady,Bed & Breakfast,,347 761 0215,"Via Ettore Ronconi, 33",Genzano di Roma,,,,,,,,,,,
Agriturismo Colle Tocci Subiaco,Agriturismo,http://www.agriturismocolletocci.it/,335 688 3955,"Contrada Castagnola, 8",Subiaco,,info@agriturismocolletocci.it,https,WordPress,Sì,Netsons s.r.l.,65,89,92.00,Sì,No
Albano Station Rooms Bed & Breakfast Castelli Romani Castelgandolfo Marino Ciampino Ariccia Genzano,Bed & Breakfast,https://albano-station-rooms-bed.camerainitalia.top/,339 737 3265,Via del Mare 34 00041 Pavona,Albano Laziale,,,https,WordPress,No,Contabo GmbH,59,88,85.00,Sì,No
L'arancio B&B - Cecchina,Bed & Breakfast,,349 669 6595,"Via Alto Adige, 5",Albano Laziale,,,,,,,,,,,
B&B wintage,Bed & Breakfast,,351 590 9649,"Via Nettunense Vecchia, 1",Marino,,,,,,,,,,,
Park Hotel Villamaria,Hotel,http://www.villamariaparkhotel.it/,06 931 0464,"Via del Mare, 263",Albano Laziale,,info@villamariaparkhotel.it,https,WordPress,No,SEEWEB s.r.l.,52,74,58.00,Sì,No
B&B Carpe Diem vista lago,Bed & Breakfast,,340 482 9837,Via S. Lucia Filippini,Castel Gandolfo,,,,,,,,,,,
Alloggio Turistico Giardino sul Lago,Bed & Breakfast,http://www.giardinosullago.it/,331 595 1952,"Via Giuseppe Mazzini, 20",Castel Gandolfo,,avafederico@hotmail.com,https,React,Sì,Aruba S.p.A. Network,56,71,92.00,Sì,No
Beccodoca Suite Albano,Bed & Breakfast,,331 952 5056,"Via Alcide de Gasperi, 43",Albano Laziale,,,,,,,,,,,
B&B L'antica Locanda,Bed & Breakfast,,345 853 9292,"Cin: It058008c1cp6798vg, Piazza S. Giorgio, 7",Arcinazzo Romano,,,,,,,,,,,
Hotel Miralago,Hotel,http://www.hotelmiralagoalbano.com/,06 932 1018,"Via dei Cappuccini, 12",Albano Laziale,,,https,React,No,Aruba S.p.A. Network,56,85,92.00,Sì,No
Palazzetto Leonardi,Bed & Breakfast,http://www.palazzettoleonardi.it/,0774 415184,"Via delle Scuole, 10",San Polo dei Cavalieri,,info@palazzettoleonardi.it,https,WordPress,Sì,Aruba S.p.A. Network,92,48,100.00,Sì,No
B&B Ad Un Passo Dal Cielo,Bed & Breakfast,https://passodalcielo.tripcombined.com/,331 604 1065,"Via Palazzo, 3",Pietrasecca,,,https,React,No,Contabo GmbH,57,89,92.00,Sì,No
Villa dei Fantasmi,Bed & Breakfast,http://www.villadeifantasmi.it/,335 727 1169,"Via dell'Osservatorio, 9",Rocca di Papa,,info@villadeifantasmi.it,http,WordPress,No,Aruba S.p.A.,55,66,85.00,Sì,No
Maison Martina,Hotel,,334 159 4565,"Via Quinto Labieno Partico, 7",Ariccia,,,,,,,,,,,
Bed and Breakfast VITELLIA,Bed & Breakfast,,329 171 0731,"Borgo San Nicola, 44",Bellegra,,,,,,,,,,,
B&B Villetta Graziani,Bed & Breakfast,,328 561 3786,"52, SR411, 20",Altipiani di Arcinazzo,,,,,,,,,,,
Le Sorgenti Casa Vacanze,Bed & Breakfast,,389 462 1751,"Via delle Sorgenti, 12",Altipiani di Arcinazzo,,,,,,,,,,,
Arcinazzo House Bed and Breakfast,Bed & Breakfast,,331 265 1061,Via Sublacense,Arcinazzo Romano,,,,,,,,,,,
Bed and Breakfast 4 Rent Albano Laziale,Bed & Breakfast,https://4-rent.percorsiitaliani.top/,06 2111 8679,"Via Parma, 3A/3B",Albano Laziale,,,https,React,No,Contabo GmbH,60,87,85.00,Sì,No
L'Antico Granaio,Ristorante,http://linktree.com/anticogranaio,0775 136 1415,Via Palianese Sud,Paliano,,anticogranaio2022@gmail.com,https,Next.js,No,"Fastly, Inc.",59,72,92.00,Sì,No
B&B Al Campo,Bed & Breakfast,,351 818 5925,"Via Pietro Metastasio, 2",Subiaco,,,,,,,,,,,
Foresteria del Monastero di S. Scolastica,Ristorante,https://www.foresteria-subiaco.com/,0774 85569,"Piazzale Santa Scolastica, 1",Subiaco,,,https,Shopify,Sì,Aruba S.p.A.,56,94,100.00,Sì,No
Belvedere Ristorante B&B,Ristorante italiano,http://www.belvederesubiaco.com/,0774 85531,"Via dei Monasteri, 33",Subiaco,,,http,WordPress,Sì,Aruba S.p.A.,65,97,85.00,Sì,No
Viale dei Ciliegi,Agriturismo,,340 166 0233,Via San Rocco Contrada Maiale snc,Alvito,,,,,,,,,,,
Il Tiglio,Bed & Breakfast,,320 537 0021,Via S. Nicola,Alvito,,,,,,,,,,,
B&B Castrum,Bed & Breakfast,,348 216 3113,Piazza Guglielmo Marconi,Santopadre,,,,,,,,,,,
Il Boschetto - Cucina e Vini,Ristorante,,06 956 4025,"Via San Francesco D'Assisi, 95",Olevano Romano,,,,,,,,,,,
Agriturismo La Pietra,Agriturismo,,0776 881055,"SP167, 36",Arpino,,,,,,,,,,,
Nido del Nibbio,Hotel,http://nidodelnibbio.com/,333 468 5133,SP44b,"Livata, Subiaco",,nidodelnibbio@gmail.com,https,Weebly,Sì,"Weebly, Inc.",62,87,75.00,Sì,No
Cape House,Residence,http://www.capehouse.it/,06 9171 4196,"Via Tenutella, 70 bis",Albano Laziale,,,https,Wix,No,Google LLC,73,86,100.00,Sì,No
Casale della Certosa,Hotel,https://hotelcasalecertosa.com/,06 7138 3055,"Via Pietrelcina, 6",Roma,,info@casalecertosa.it,https,Angular,No,SEEWEB s.r.l.,65,79,92.00,Sì,No
Hotel Castel Vecchio,Hotel,http://www.hotelcastelvecchio.com/hotelcastelvecchio/,06 936 0308,"Viale Pio XI, 23",Castel Gandolfo,,,https,React,No,SEEWEB s.r.l.,65,67,92.00,Sì,No
The Wishing Well,Bed & Breakfast,https://the-wishing-well.italiabella.top/,328 769 8354,Via Piana,Gallinaro,,,https,WordPress,No,Contabo GmbH,55,83,92.00,Sì,No
La Casa dei Nonni,Bed & Breakfast,http://www.lacasadeinonni.eu/,349 364 9117,"Via Annunziata, 119",San Donato Val di Comino,,info@lacasadeinonni.eu,https,Joomla,No,Netsons s.r.l.,67,95,92.00,Sì,No
Bed & Breakfast Le Mirage,Bed & Breakfast,,370 323 0488,Via della Stazione,Aprilia,,,,,,,,,,,
B & B Delle Valli,Bed & Breakfast,,06 9270 4017,"Via delle Valli, 13",Aprilia,,,,,,,,,,,
B&B Mirella's House - Via Verona,Bed & Breakfast,,347 481 4120,"Via Verona, 95",Ardea,,,,,,,,,,,
La Ciammaruca,Bed & Breakfast,http://www.laciammaruca.it/,333 938 8600,"Via Santa Maria Fontana Vitola, 8",Alvito,,,https,WordPress,No,One.com A/S,65,85,92.00,Sì,No
Casa Radiosa,Bed & Breakfast,https://www.casa-radiosa.it/it/,340 000 1273,"Via S. Vincenzo Ferreri, 80",Sora,,,https,Squarespace,No,"Amazon.com, Inc.",75,96,100.00,Sì,No
Agriturismo Torre Cristina,Agriturismo,http://www.aziendaperetti.it/,06 926 8373,"Via dei Giardini, 21",Aprilia,,,http,ASP.NET,No,Aruba S.p.A. Network,92,80,82.00,Sì,No
“A casa di” bed and breakfast,Bed & Breakfast,http://www.acasadialvito.it/,347 424 8266,"Piazza Umberto I, 1",Alvito,,info@acasadialvito.it,https,Joomla,No,SEEWEB s.r.l.,62,90,92.00,Sì,No
Il Becco Felice,Agriturismo,https://il-becco-felice.italiavacanzeindimenticabili.top/,334 793 1068,"Via Politica, 9",Arpino,,,https,React,No,Ipxo LLC,50,80,92.00,Sì,No
Lovelybed,Bed & Breakfast,http://lovelybed.italia-centro.it/,320 361 0400,"Piazza Don Luigi Sturzo, 24",Aprilia,,,http,React,No,OVH SAS,56,97,83.00,Sì,No
B&B Via Della Piazza,Bed & Breakfast,http://www.bebviadellapiazza.it/,328 615 4110,"Via della Piazza, 52",Pescasseroli,,,http,ASP.NET,No,Aruba S.p.A. Network,100,100,83.00,Sì,No
Tenuta Del Daino,Agriturismo,http://www.tenutadeldaino.it/,340 378 3780,"Via Fontanelle, 6",Alvito,,,https,Joomla,No,SEEWEB s.r.l.,67,76,100.00,Sì,No
Anna Rooms,Bed & Breakfast,,366 931 5458,"Piazza Don Luigi Sturzo, 13",Aprilia,,,,,,,,,,,
S'Home - Villa nel Verde fuori Roma - Alloggio Sostenibile,Bed & Breakfast,,334 890 4370,"Via Carano, 50/E",Aprilia,,,,,,,,,,,
Hotel San Michele,Hotel,https://hotelsanmicheleaprilia.it/it/,06 9270 3669,"Via delle Margherite, 23",Aprilia,,,https,React,No,Google LLC,65,88,100.00,Sì,No
B&B La villetta rossa,Bed & Breakfast,https://www.hotelsitaloweb.com/bb-la-villetta-rossa/,339 694 7408,"Via Benedetto Croce, 22",Anzio,,,https,WordPress,No,"Cloudflare, Inc.",100,100,92.00,Sì,No
Achirina Bed and Breakfast,Bed & Breakfast,https://www.hotelsitaloweb.com/achirina-bed-and-breakfast/,389 147 6683,"Via Alessandro, Via Scarlatti, 2",Cisterna di Latina,,,https,Shopify,No,"Cloudflare, Inc.",100,100,92.00,Sì,No
SIMON HOTEL APRILIA,Hotel,https://www.simonhotelaprilia.it/,06 9151 1340,Via Caracalla,Aprilia,,info@simonhotelaprilia.it,https,Shopify,Sì,Semplify Srl,79,88,100.00,Sì,No
B&B La Riserva Nuova,Bed & Breakfast,,320 243 5154,"Via Riserva Nuova, 62",Aprilia,,,,,,,,,,,
COMÓ EXCLUSIVE affittacamere,Bed & Breakfast,http://www.comoexclusive.eu/,328 641 9782,"Via Pontina, 206",Aprilia,,comoexclusive23@gmail.com,https,WordPress,Sì,Hetzner Online GmbH,67,89,92.00,Sì,No
B. & B. Mery Lho,Bed & Breakfast,,340 740 4656,"Via Campoleone Scalo, 101",Aprilia,,,,,,,,,,,
Della Piana Residence Srl,Hotel,http://www.dellapianaresidence.it/,348 403 5386,"Via della Piana, 22",Aprilia,,info@dellapianaresidence.it,https,ASP.NET,Sì,Aruba S.p.A.,64,85,85.00,Sì,No
Relais Colle Buono,Hotel,http://www.collebuono.it/,351 703 7623,"Via Colle Buono, 2",Serre di Conca,,info@collebuono.it,https,Shopify,Sì,OVH ISP,53,61,92.00,Sì,No
Agriturismo La Fattoria,Hotel,https://agriturismo-la-fattoria.comeviaggiare.top/,0776 508072,Via Macerino,San Donato Val di Comino,,,https,React,No,Contabo GmbH,55,85,85.00,Sì,No
Ostello Il Girasole,Alloggio turistico,,392 042 6293,"Via del Municipio, 5",Rocca Canterano,,,,,,,,,,,
CHIUSO,Ristorante arabo,,335 000 000,VIA EMPOLITANA II KM. 15,Canterano,,,,,,,,,,,
Agriturismo Ristorante Santa Giusta,Agriturismo,,0765 884166,località santa giusta,Poggio San Lorenzo,,,,,,,,,,,
Agriturismo Le Cascine,Agriturismo,http://www.lecascineagriturismo.it/,349 415 9588,Località Campigliano Via Rio,Castel di Tora,,agriturismolecascinecdt@gmail.com,https,WordPress,No,HOSTINGER FR,69,84,92.00,Sì,No
Le Belle Rane,Alloggi al coperto,,0765 77207,"Via Valle Turano, 3",Belmonte In Sabina,,,,,,,,,,,
Arenarius Resort,Bed & Breakfast,http://www.arenarius.it/,347 751 8797,"Via cecola, 4",Ornaro,,info@arenarius.it,https,Angular,No,Aruba S.p.A. Network,68,79,92.00,Sì,No
Magia del Turano,Ristorante,http://www.magiadelturano.it/,377 208 6675,"Via del Popolo, 28",Posticciola,,,http,Joomla,No,Aruba S.p.A. Network,59,63,82.00,Sì,No
il Conventaccio,Bed & Breakfast,,338 290 4595,Via Turanense Km 13,Rocca Sinibalda,,,,,,,,,,,
Il Borgo Silente,Bed & Breakfast,,349 607 7678,"Via di Mezzo, 16",Torricella in Sabina,,,,,,,,,,,
AGRITURISMO BIO-OLISTICO ROSSO LAMPONE,Agriturismo,http://www.agriturismorossolampone.it/,391 125 5761,"Via Empolitana II, snc",Cerreto Laziale,,,https,WordPress,Sì,Google LLC,55,71,100.00,Sì,No
B&B IL CASTELLO NEL BOSCO,Bed & Breakfast,https://www.ilcastellonelbosco.com/,351 882 2076,"41.925464,12.976478, Via Fontana di Ciocio, 31",Gerano,,info@ilcastellonelbosco.com,https,React,No,Amazon Technologies Inc.,61,91,100.00,Sì,No
Agriturismo b&b La Selva - Rieti,Agriturismo,https://www.laselva.info/,347 320 9024,"Via Salaria per Roma, 43",Rieti,,info@laselva.info,https,WordPress,No,Aruba S.p.A. Network,74,96,100.00,Sì,No
Hotel Ristorante Bar Turano,Hotel,http://www.hotelturano.it/,0765 716300,"Via Turanense, 50",Castel di Tora,,info@hotelturano.it,https,ASP.NET,Sì,Aruba S.p.A. Network,59,94,100.00,Sì,No
B&B In Sabina,Bed & Breakfast,http://www.bebinsabina.com/,328 719 0397,"Viale Roma, 7A",Poggio Nativo,,,https,WordPress,No,"Automattic, Inc",53,52,92.00,Sì,No
La Tenuta Resort Agricolo,Agriturismo,http://www.latenuta.org/,379 292 8864,"Loc Valle snc, Fraz",Collelungo,,,https,React,Sì,Google LLC,66,91,100.00,Sì,No
Le Ninfe bed and breakfast,Bed & Breakfast,,392 424 1177,"Via delle Ninfe, 21",Anzio,,,,,,,,,,,
Riviera Albachiara B & B Anzio,Bed & Breakfast,,351 977 3478,"Via delle Ondine, 1",Anzio,,,,,,,,,,,
La casetta di richetto,Bed & Breakfast,http://la-casetta-di-richetto.italia-centro.it/,328 450 5147,"Strada Comunale Cucugnano, 10",Anagni,,,http,Shopify,No,OVH SAS,66,98,83.00,Sì,No
Cavalieri D'Oro Luxury House ad Anzio,Bed & Breakfast,http://www.cavalieridoroanzio.it/,333 443 4047,"Piazzale Sant'Antonio, 3",Anzio,,info@cavalieridoroanzio.it,https,React,Sì,Hetzner Online GmbH,68,91,100.00,Sì,No
Villa Letizia,Bed & Breakfast,,388 945 2077,"Via Magenta, 6",Anzio,,,,,,,,,,,
B&B Vittoria,Bed & Breakfast,https://bb-vittoria.bedsandhotels.com/,327 909 8984,"Piazza 1° Maggio, 4",Anzio,,,https,React,No,Hetzner Online GmbH,76,93,91.00,Sì,No
Bed and Breakfast Villa Romano,Bed & Breakfast,,329 913 3066,"Via della cannuccia, 31",Anzio,,,,,,,,,,,
b&b da Natalina,Bed & Breakfast,,366 322 8575,"Via di Mezzo, 6",Arce,,,,,,,,,,,
La casa del sole,Bed & Breakfast,https://www.lacasadelsoleanzio.it/,338 340 6824,"Via Ardeatina, 246",Anzio,,info@lacasadelsoleanzio.it,https,Joomla,No,Keliweb S.R.L,38,79,100.00,Sì,No
Albachiara Bed & Breakfast,Bed & Breakfast,http://www.albachiarabb.it/,320 838 5982,"Via dell' Armellino, 99",Anzio,,info@albachiarabb.it,https,React,No,"Cloudflare, Inc.",51,60,100.00,Sì,No
B&B Belvedere,Bed & Breakfast,,351 651 5889,"Via Costarelle, 29",Arce,,,,,,,,,,,
Hotel La Bussola Anzio,Hotel,https://www.bussolahotelanzio.com/,06 4576 2360,"Via Aldobrandini, 10",Anzio,,,https,React,No,Google LLC,67,95,100.00,Sì,No
Hotel L'Approdo,Hotel,http://www.lapprodohotelanzio.it/,06 987 0965,"Via Ardeatina, 74",Anzio,,info@lapprodohotelanzio.it,https,React,No,Aruba S.p.A. Network,63,79,100.00,Sì,No
Agriturismo Casale Sera,Ristorante,http://www.casalesera.it/,0776 864374,"Via Renzitti, 14",Collefontana-Fontana Liri Inferiore,,,https,React,No,Google LLC,61,95,83.00,Sì,No
Al Romito,Bed & Breakfast,,348 670 2748,"Via Madonna delle Fosse, 1",Santopadre,,,,,,,,,,,
"Casale dei ricordi B&B, Home restaurant",Bed & Breakfast,https://beb.it/casaledeiricordi/it/?fbclid=PAAaY3Ef3I3D99kSRyLjdyR0yMaHgDDEuZyTmkzWcs5M3wrtNuahmanBZdUh8,348 042 6825,Via Fontanelle,Arce,,,https,Angular,No,"Amazon.com, Inc.",50,96,100.00,Sì,No
Affittacamere - BB La Casa degli Artisti - la Casa degli Sportivi,Bed & Breakfast,http://www.artistiesportivinettuno.it/,06 988 8394,"Via degli Equi, 1",Nettuno,,info@artistiesportivinettuno.it,https,React,Sì,Google LLC,73,96,100.00,Sì,No
TC Hotel,Hotel,http://tchotel.it/,351 726 7305,"Via delle Tuberose, 6",Anzio,,,https,Shopify,Sì,Netsons s.r.l.,57,83,92.00,Sì,No
Agriturismo Kelle Terre,Agriturismo,http://www.kelleterre.it/,347 429 8541,via Campo Zingrillo I,Castrocielo,,info@kelleterre.it,https,Shopify,No,Hetzner Online GmbH,62,86,100.00,Sì,No
EDELWINE,Hotel,,0775 234107,"Piazza Martiri Via Fani, 34A",Ceprano,,,,,,,,,,,
Hotel Parco dei Principi,Hotel,http://www.hotelparcodeiprincipi.com/,06 987 5109,"Via Nettunense, 61",Anzio,,info@hotelparcodeiprincipi.com,http,WordPress,No,Aruba S.p.A.,47,38,77.00,Sì,No
B&B IL Parco,Bed & Breakfast,https://bbilparcocivitavecchia.top/,340 284 6750,"V. Achille Montanucci, 26",Civitavecchia,,,http,WordPress,Sì,"Cloudflare, Inc.",70,94,100.00,Sì,No
Country House Villacolle B&B,Bed & Breakfast,,347 601 3974,"Loc. Monte Pietroso, snc",Allumiere,,,,,,,,,,,
Tarchon Luxury B&B,Bed & Breakfast,http://www.tarchonclub.com/,329 877 5520,"Via Giampietri Leoni, 18",Tarquinia,,,https,Shopify,Sì,Aruba S.p.A. Network,50,98,82.00,Sì,No
La casetta degli Etruschi,Alloggio turistico,,392 563 7071,"Via Bandita dei Buoi, 5",Allumiere,,,,,,,,,,,
Hotel Ristorante Borgo Antico,Hotel,http://www.hotelborgoantico.it/,0775 912977,"Via Campidoglio, 266",Ceprano,,info@hotelborgoantico.it,https,WordPress,No,Host SpA,85,94,75.00,Sì,No
La casa di Mascia,Bed & Breakfast,,342 183 8956,Via Ortella,Roccasecca,,,,,,,,,,,
B&B Il Caùto,Bed & Breakfast,http://bbilcauto.co/,333 900 1287,"Via Caio Mario, 43",Arpino,,,https,Angular,No,"Squarespace, Inc.",57,92,73.00,Sì,No
Palazzo Tronconi bed & breakfast,Bed & Breakfast,http://www.palazzotronconi.com/,0776 539678,"Palazzo Tronconi, Via Corte Vecchia, 44",Arce,,info@palazzotronconi.com,https,Shopify,Sì,Seeweb s.r.l,18,62,85.00,Sì,No
Aecolibrium Country House / B&B,Bed & Breakfast,https://www.aecolibrium.com/,0776 546699,"Via Casali, 12",Pastena,,,https,React,Sì,Google LLC,69,71,100.00,Sì,No
I Tre Leoni Affittacamere,Bed & Breakfast,,349 518 7594,"Via delle Ginestre, 1",Civitavecchia,,,,,,,,,,,
Locanda Villa Naumanni,Bed & Breakfast,https://villanaumanni.it/,393 930 5408,SP Valle del Mignone snc,Tarquinia,,info@villanaumanni.it,https,WordPress,Sì,Aruba S.p.A,47,66,100.00,Sì,No
Suites Matteotti 57 Civitavecchia,Bed & Breakfast,,351 360 1010,"Viale Giacomo Matteotti, 57",Civitavecchia,,,,,,,,,,,
B&B MABELL,Bed & Breakfast,http://www.bbmabell.it/,339 448 7494,"Via Sant'Agostino, 7a",Civitavecchia,,,http,WordPress,No,Aruba S.p.A.,52,80,85.00,Sì,No
Maison De Revel B&B Civitavecchia,Bed & Breakfast,http://www.maisonderevel.it/,342 619 1540,"Lungomare Ammiraglio Thaon de Revel, 30",Civitavecchia,,info@maisonderevel.it,http,WordPress,No,Hetzner Online GmbH,62,88,92.00,Sì,No
Ricci Rooms,Bed & Breakfast,https://www.tuttocassino.it/hotel/ricci-rooms/,392 731 5976,"Via Ortella 23 in prossimità della, Via Francigena",Roccasecca,,,http,Shopify,No,Server Plan S.r.l.,30,52,100.00,Sì,No
Bed & Breakfast Il Rifugio del Tempo,Bed & Breakfast,http://www.ilrifugiodeltempo.it/,329 359 1123,"Via Cupone II ,17",Roccasecca,,info@ilrifugiodeltempo.it,https,React,Sì,Server Plan S.r.l.,51,60,92.00,Sì,No
Bed and Breakfast Santa Maria,Bed & Breakfast,,347 591 6667,"Via della Fortuna, 4",Amaseno,,,,,,,,,,,
B&B Villa Sans Souci,Bed & Breakfast,http://villasanssouci.com/,347 909 0530,"Via Vittorio Cernusco, 13",Civitavecchia,,tortorelli.michele@gmail.com,https,Basekit,No,Aruba S.p.A.,66,66,92.00,Sì,No
Convento dei Cappuccini,Bed & Breakfast,https://www.conventocappuccinitolfa.it/,351 866 3174,"Via Annibal Caro, 135",Tolfa,,info@conventocappuccinitolfa.it,https,React,Sì,Google LLC,56,70,85.00,Sì,No
Bed and Breakfast PIAZZA FRATTI,Bed & Breakfast,http://www.bbpiazzafratti.it/,348 351 3229,"Piazza Antonio Fratti, 18",Civitavecchia,,info@bbpiazzafratti.it,http,WordPress,Sì,Aruba S.p.A.,70,93,75.00,Sì,No
B&B L'Orizzonte,Bed & Breakfast,http://www.bblorizzonte.it/,366 267 5480,"Via Rolando Carlevaro, 1H",Civitavecchia,,claudiaso@hotmail.it,http,WordPress,Sì,Aruba S.p.A,63,74,92.00,Sì,No
Aria di Mare B&B - Santa Marinella,Bed & Breakfast,https://www.bnbariadimare.it/,351 550 2632,"Via della Libertà, 68",Santa Marinella,,info@bnbariadimare.it,https,ASP.NET,No,Aruba S.p.A.,75,99,92.00,Sì,No
Casale Farnesiana B&B,Bed & Breakfast,http://www.casalefarnesiana.it/,0766 841224,Str. Vicinale del Melledra Farnesiana,"loc Farnesiana, Tarquinia",,,https,ASP.NET,No,Aruba S.p.A. Network,57,56,91.00,Sì,No
Beb al castello tarquinia,Bed & Breakfast,https://sites.google.com/view/al-castello-tarquinia/home-page,389 025 6884,"Via della Cateratta, n14",Tarquinia,,al.castello2011@gmail.com,https,React,No,Google LLC,56,92,75.00,Sì,No
Medievalia,Bed & Breakfast,,320 716 5905,Piazza Castello,Amaseno,,,,,,,,,,,
Tenuta De Santis - Bed and Breakfast - B&B,Bed & Breakfast,http://www.tenutadesantis.it/,324 896 4462,"Via Casette, 166",Ceccano,,,https,Shopify,No,"Cloudflare, Inc.",75,98,92.00,Sì,No
B&B Villa Sabrina,Bed & Breakfast,,320 928 8270,"Via Consolare Capocroce, 3550",Sonnino,,,,,,,,,,,
Bed and Breakfast Elisa,Bed & Breakfast,http://www.bb-elisa.it/,349 474 6943,"Via Vadorotto, 1",Località Frasso,,,https,Joomla,No,Aruba S.p.A. Network,90,100,92.00,Sì,No
Bed and Breakfast La Coccinella,Bed & Breakfast,https://bed-and-breakfast-la-coccinella.mipiacelitalia.top/,0775 659917,"Località Spinetti, 18",Amaseno,,,https,React,No,Contabo GmbH,63,88,85.00,Sì,No
Tato home,Alloggio completo di servizi,,347 685 7014,Vicolo Fanfarillo,Alatri,,,,,,,,,,,
L’Arco Rosa,Bed & Breakfast,,346 792 3205,Via Carlo Minnocci,Alatri,,,,,,,,,,,
Il Rosone - Rooms&Apartments,Bed & Breakfast,,334 539 8666,"Corso Re Umberto I, 7",Alatri,,,,,,,,,,,
La Zaffera,Bed & Breakfast,,348 858 0848,"Piazzetta Santa Giusta, 7",Alatri,,,,,,,,,,,
Calì B&B,Bed & Breakfast,http://www.calialatri.com/,348 932 8865,"Via G. Rodilossi, 13",Alatri,,,https,Joomla,No,Aruba S.p.A,61,75,85.00,Sì,No
Il Maltese Bed & Breakfast,Bed & Breakfast,http://www.maltesebedalatri.com/,0775 434447,"Corso Giuseppe Garibaldi, 81",Alatri,,maltesebed@alice.it,https,ASP.NET,No,Aruba S.p.A. Network,67,98,91.00,Sì,No
B&b Fabra _ Casa Mia e non solo,Bed & Breakfast,http://www.fabra-casamiaenonsolo.com/,338 369 1298,"Via Colle Manno Superiore, 14",Falvaterra,,fabracasamia@gmail.com,https,Webnode,No,Amazon Technologies Inc.,80,98,85.00,Sì,No
La Tenuta di Trimalcione,Agriturismo,http://www.latenutaditrimalcione.it/,340 815 3274,Via Fontana,Pofi,,domenica.destefano@pec.agritel.it,https,WordPress,No,Aruba S.p.A. Network,56,67,92.00,Sì,No
"L'Aia Antica - Ristorante Pizzeria Hotel a Frosinone, Castelmassimo",Ristorante di cucina mediterranea,http://www.aiaantica.it/,0775 309115,"Via Castelmassimo, 435",Veroli,,info@aiaantica.it,https,WordPress,No,Aruba S.p.A. Network,61,77,100.00,Sì,No
Il Colle Rentrooms,Agenzia di affitto di appartamenti,,327 588 2242,Via pietralata,Ferentino,,,,,,,,,,,
B&B Le XII Marie,Bed & Breakfast,,348 625 6937,"Via Luigi Fiorletta, 4",Alatri,,,,,,,,,,,
B&B Le Larie,Bed & Breakfast,,371 310 7570,"Via San Giovanni, 13",Collepardo,,,,,,,,,,,
Bed & Breakfast Mblò,Bed & Breakfast,http://www.mblo.it/,0771 502385,"Largo Luigi Fortunato, 9",Fondi,,info@mblo.it,http,WordPress,Sì,Aruba S.p.A. Network,64,87,92.00,Sì,No
Parco Degli Ulivi,Bed & Breakfast,https://parco-degli-ulivi.amolitalia.top/,0775 65198,Unnamed Road,Amaseno,,,https,React,No,Contabo GmbH,52,88,85.00,Sì,No
Hotel La Villa,Hotel,http://www.lavillahotel.it/,351 816 5880,"Via S. Sebastiano, 52",Ceccano,,hotelvillasrl@gmail.com,https,Laravel,Sì,Aruba S.p.A.,37,21,100.00,Sì,No
B&B Solerosa,Bed & Breakfast,http://www.solerosa.it/,339 647 2389,"Via Chiavino, 12",Lenola,,,,WordPress,Sì,Aruba S.p.A. Network,56,69,85.00,Sì,No
B&B Il Melograno,Bed & Breakfast,http://bb-il-melograno.italianeisole.it/,0775 333533,"Via Umberto I, 36",Veroli,,,http,Shopify,No,OVH SAS,56,97,83.00,Sì,No
Villa Angelina,Bed & Breakfast,,333 991 6409,"Via Filippo Turati, 14",Aquino,,,,,,,,,,,
B&B Da Gabry,Bed & Breakfast,https://www.bebdagabry.it/,329 936 7049,Via Monte delle Fate,Fondi,,scrivi@bebdagabry.it,https,WordPress,No,Aruba S.p.A. Network,60,85,100.00,Sì,No
Agriturismo Country Casale Rufo,Alloggio completo di servizi,http://www.agriturismocountrycasalerufo.it/,331 703 5304,"Via Vallerotta, 13",Sonnino,,,https,React,No,Google LLC,67,93,92.00,Sì,No
B&B La Staffa,Bed & Breakfast,,338 663 3819,"Via San Pietro Vetere, 15",Aquino,,,,,,,,,,,
Villa Capodacqua B&B,Bed & Breakfast,https://www.villacapodacqua.it/,335 327 853,"Via Guadicciolo, 29",Castrocielo,,info@villacapodacqua.it,https,WordPress,No,Server Plan S.r.l.,63,56,85.00,Sì,No
B&B Aquino in Terrazza,Bed & Breakfast,http://www.aquinointerrazza.com/,328 845 2373,"Piazza Municipio, 9",Aquino,,,https,WordPress,No,Server Plan S.r.l.,21,44,92.00,Sì,No
Hotel San Germano,Hotel,https://hotelsangermano.it/,0776 403429,"Via Calatafimi, 5",Piedimonte San Germano,,,https,React,No,Hostinger International Limited,86,100,92.00,Sì,No
B&B Charme,Bed & Breakfast,https://visitcharme.it/,329 709 8010,"Via Barca S. Domenico, 37",Sora,,charmesora@gmail.com,https,WordPress,No,Netsons Network,79,90,85.00,Sì,No
Residence Del Mare,Alloggi al coperto,,353 324 6619,"Viale Gorizia, 1",Ardea,,,,,,,,,,,
B&B La casa dell'artista,Bed & Breakfast,,379 222 4777,"Via Teramo, 19",Ardea,,,,,,,,,,,
B Palace,Ristorante,,06 913 3081,"Lungomare degli Ardeatini, 447, km 19.500/km 19.500",Ardea,,,,,,,,,,,
Antico Casale Spezia·Pelagalli,Bed & Breakfast,http://www.anticocasalepelagalli.com/,0776 726305,via Canapine Inf. 55 bis,Aquino,,,https,WordPress,No,Netsons Network,76,69,75.00,Sì,No
Il Geranio B&B,Bed & Breakfast,,351 440 3781,"Via Verona, 41",Ardea,,,,,,,,,,,
B&B Briciolo Di Paradiso,Bed & Breakfast,,339 287 7739,"Via Pistoia, 3",Ardea,,,,,,,,,,,
Armonia B&B,Alloggi al coperto,https://lglasheva.wixsite.com/armonia,348 306 8764,"Via Rinaldo D'Aquino, 13",Aquino,,,,Wix,Non trovato,Google LLC,86,99,45.00,No - Pagina Non Trovata (404),No
B&B Le Fate,Bed & Breakfast,https://bb-le-fate.italiabella.top/,347 976 9456,"Via San Nicola, 42",Sonnino,,,https,React,No,Contabo GmbH,59,87,92.00,Sì,No
BedAndBreakfast Camere Primavera,Bed & Breakfast,http://www.camereprimavera.it/,377 957 3667,"Via S. Gaetano, 11",Fondi,,info@camereprimavera.it,https,WordPress,No,Server Plan S.r.l.,0,95,100.00,Sì,No
B&B La Baia Dei Delfini,Bed & Breakfast,,389 443 7835,"Via Burano, 3A",Ardea,,,,,,,,,,,
Bed and Breakfast La finestra sul cortile,Bed & Breakfast,http://www.finestrasulcortile.it/,06 9196 8206,"Via delle Gaggie, 14",Pomezia,,,https,Joomla,Sì,Server Plan S.r.l.,59,74,83.00,Sì,No
Hotel Calypso,Hotel,http://www.hotelcalypso.net/,06 9101 1606,"Lungomare degli Ardeatini, 50",Marina di Ardea,,hotel-calypso@tiscali.it,https,Wix,Sì,Google LLC,74,91,100.00,Sì,No
Affittacamere & Guesthouse Il Casale delle Margherite,Alloggio completo di servizi,,335 349 186,"SP95b, 76",Ardea,,,,,,,,,,,
Al Diva Rooms,Alloggi al coperto,,351 535 5710,"Lungomare delle Meduse, 58",Torvaianica,,,,,,,,,,,
B&B LA PACE Camere,Bed & Breakfast,,338 376 8982,"Via Pinerolo, 16",Ardea,,,,,,,,,,,
B&B Le Palme,Bed & Breakfast,http://www.lepalmebnb.com/,329 163 5537,"Via Sant'Antonino, 63",Cassino,,,https,WordPress,No,Google LLC,62,96,100.00,Sì,No
B&B SEDICI PINI,Bed & Breakfast,https://bebsedicipini.wixsite.com/home,340 975 0925,"Piazza Citera, 3",Pomezia,,beb.sedicipini@gmail.com,https,Wix,Sì,Google LLC,62,93,100.00,Sì,No
Emme House Bed&Breakfast,Bed & Breakfast,https://beb.it/emmehouse,339 400 1949,Piazza Italia,"Monticelli, Esperia",,,https,Laravel,No,"Amazon.com, Inc.",69,75,100.00,Sì,No
La Reggiòla,Bed & Breakfast,https://la-reggila.touritaliani.top/,0776 79868,Via Casilina,Castrocielo,,,https,WordPress,No,Contabo GmbH,64,88,85.00,Sì,No
Hotel - B&B Villa LaRena,Hotel,,0775 768128,"Via La Rena, 10",Anagni,,,,,,,,,,,
b&b centro storico,Bed & Breakfast,,392 305 8452,"Vicolo Cocchetto, n20",Anagni,,,,,,,,,,,
B&B Il Viaggiatore,Bed & Breakfast,https://il-viaggiatore.wixsite.com/il-viaggiatore,348 085 9085,"Strada Vittorio Emanuele, 34",Anagni,,il-viaggiatore@hotmail.it,https,React,Sì,Google LLC,68,97,100.00,Sì,No
C’era una volta,Bed & Breakfast,,340 093 2181,"Via Bagno, 10",Anagni,,,,,,,,,,,
AZIENDA AGRITURISTICA LA TENUTA DEL FALCO,Agriturismo,http://www.latenutadelfalco.it/,338 192 6950,"Via Ferdinandi, 1",Piedimonte San Germano,,,http,WordPress,No,Aruba S.p.A. Network,65,97,83.00,Sì,No
B&B Novecento,Bed & Breakfast,http://www.bbnovecentoanagni.com/,345 667 0245,"Viale Regina Margherita, 39",Anagni,,,https,Weebly,Sì,"Weebly, Inc.",65,88,83.00,Sì,No
La terrazza Anagni,Bed & Breakfast,,340 965 7485,"Via Nino Stoppani, 7",Anagni,,,,,,,,,,,
VILLA SORVILLO B&B,Bed & Breakfast,http://www.villasorvillo.it/,338 674 6327,"Via Generale Carlo Alberto dalla Chiesa, 37",Anagni,,,http,ASP.NET,No,Aruba S.p.A. Network,100,100,91.00,Sì,No
Antica Dimora Palazzo Ciprani,Bed & Breakfast,https://anticadimoraciprani.it/,338 723 8323,"Piazza Perfetti, 3",Anagni,,anticadimoraciprani@gmail.com,https,Joomla,No,TBISS Ltd.,57,70,92.00,Sì,No
La Veranda,Ristorante,http://la-veranda.italia-centro.it/,06 913 3249,"Lungomare degli Ardeatini, 271",Ardea,,,http,React,No,OVH SAS,56,97,83.00,Sì,No
Guest House I Melograni,Bed & Breakfast,http://www.melograni.net/,347 123 6257,Strada Comunale Bassano,Anagni,,,https,WordPress,No,Aruba S.p.A.,99,100,91.00,Sì,No
Civico7 - appartamento moderno e rifinito,Hotel,,345 634 2193,"Largo Porta Napoletana, 7",Ariccia,,,,,,,,,,,
A Casa Di Angelina,Bed & Breakfast,http://casangelina.webnode.it/,328 805 9274,"Via Enrico Vigna, 5",Anagni,,acasadiangelina@gmail.com,https,Webnode,No,Amazon Technologies Inc.,68,100,85.00,Sì,No
GiGi,Bed & Breakfast,https://www.bed-and-breakfast.it/it/lazio/gigi-ariccia/13728?registrato=1,06 575 5932,"Via Rufelli, 75",Ariccia,,,https,Laravel,Sì,"Amazon.com, Inc.",53,56,92.00,Sì,No
Agriturismo Torre Ercolana,Agriturismo,https://www.torrercolana.com/,380 364 4941,"Via Ercolana, 7",Anagni,,,https,WordPress,No,Aruba S.p.A.,55,69,85.00,Sì,No
Dimora il Bacio B&B,Bed & Breakfast,https://dimora-il-bacio-bb.italiacongusto.top/,389 049 3025,"Strada Vittorio Emanuele, 289",Anagni,,,https,React,No,Ipxo LLC,56,86,92.00,Sì,No
Agriturismo Le Grotte di Nemi,Agriturismo,,393 697 9707,"Via delle Navi di Tiberio, 20",Nemi,,,,,,,,,,,
Hotel Ristorante Villa Aricia,Hotel,http://www.hotelvillaricia.com/,06 932 1161,"Via dei Villini, 4-6",Ariccia,,info@hotelvillaricia.com,https,Webflow,Sì,"Amazon.com, Inc.",64,99,100.00,Sì,No
Testani Guest House Special,Bed & Breakfast,http://www.testaniguesthousespecial.it/,379 254 0437,"C/o stabile Bar Testani, Via Ponte del Tremio, 4",Anagni,,,https,ASP.NET,No,Netsons Network,51,80,92.00,Sì,No
Agriturismo il Borgo,Ristorante,http://www.ilborgoariccia.it/,06 927 8109,"00072, Via Colli S. Paolo, 13",Ariccia,,,https,React,No,Contabo GmbH,50,71,91.00,Sì,No
Mia Rooms Ariccia,Bed & Breakfast,https://miarooms.com/,347 630 3268,"Via Pagliarozza, 5-7",Ariccia,,dd0a55ccb8124b9c9d938e3acf41f8aa@sentry.wixpress.com,https,Wix,No,wix com inc,62,60,100.00,Sì,No
B&B La Perla Frosinone,Bed & Breakfast,,338 607 8979,"Via Centauro, 29",Frosinone,,,,,,,,,,,
Torre Dei Venti,Bed & Breakfast,https://www.torredeiventi.net/,350 536 9506,"Via Santo Stefano, 56",Ceccano,,,https,WordPress,Sì,Aruba S.p.A.,61,82,85.00,Sì,No
Agriturismo Setteventi,Ristorante,,331 300 7250,"Via Santa Lucia, 25",Pofi,,,,,,,,,,,
B&B ROOM CODE,Bed & Breakfast,,338 911 9337,"Viale Napoli, 1/Primo piano",Frosinone,,,,,,,,,,,
Lual Hotel,Hotel,https://www.lualhotel.it/,0775 162 7897,Via Casilina Sud,Pofi,,,https,Shopify,Sì,Serverplan S.r.l.,68,91,82.00,Sì,No
B&B al Vicolo dei Pescatori,Bed & Breakfast,http://www.alvicolodeipescatori.com/,348 242 1910,"Vicolo dei Pescatori,23, 00061 Anguillara Sabazia RM",Anguillara Sabazia,,pescatori@gmail.com,https,React,Sì,Keliweb S.R.L,65,95,100.00,Sì,No
IL B&B DEL LAGO,Bed & Breakfast,,347 135 2654,"Via Aloisio Anguillra, 8",Anguillara Sabazia,,,,,,,,,,,
La Cannella,Bed & Breakfast,http://www.bblacannella.it/,338 459 9940,"Via Pisa, 2",Anguillara Sabazia,,bb.lacannella@gmail.com,https,ASP.NET,No,Aruba S.p.A. Network,69,96,91.00,Sì,No
window on the lake,Bed & Breakfast,,333 544 8811,"Viale Reginaldo Belloni, 3",Anguillara Sabazia,,,,,,,,,,,
Hotel California,Hotel,http://www.hcalifornia.com/,06 934 0122,"Via Quarto Negroni, 46",Ariccia,,info@hcalifornia.com,https,WordPress,Sì,Server Plan S.r.l.,46,44,85.00,Sì,No
Bed&breakfast Claudius,Bed & Breakfast,,06 999 4266,"Via Pizzo Morronto, 31",Anguillara Sabazia,,,,,,,,,,,
b&b casale ansamagi,Bed & Breakfast,http://casaleansamagi.com/,351 357 7581,"Via dei Kiwi, 6",Genzano di Roma,,casaleansamagi@yahoo.it,https,WordPress,No,Hetzner Online GmbH,35,52,85.00,Sì,No
Hotel Palombella - Hotel Frosinone,Hotel,http://www.palombella.com/,0775 872163,"Via Maria, 146",Frosinone,,direzione@palombella.com,https,WordPress,No,Netsons Network,54,61,92.00,Sì,No
Ristorante Del Lupo,Ristorante,,0776 193 4051,"Via Noci Di Dario, 14",Acquafondata,,,,,,,,,,,
La Cantina di Giuliano,Bed & Breakfast,,347 573 3695,"Piazza Umberto I, snc Piano Terra",Falvaterra,,,,,,,,,,,
A Casa di Jessi- B&B a Pozzilli,Bed & Breakfast,,339 757 2300,"Vicolo Cavaliere, 4",Pozzilli,,,,,,,,,,,
B&B hotel La Villa,Bed & Breakfast,http://www.lavillapozzilli.it/,347 610 0470,"Traversa1, Via Atinense, 9/11",Pozzilli,,lavillapozzilli@gmail.com,https,WordPress,No,"Cloudflare, Inc.",48,54,100.00,Sì,No
Bed and Breakfast Le Colline - Anguillara,Bed & Breakfast,https://www.bb-lecolline.com/,328 814 1183,Via comunale di Cesano,Anguillara Sabazia,,bblecolline@gmail.com,https,Shopify,No,Aruba S.p.A.,47,28,83.00,Sì,No
B&B Vacanze Romane Olgiata,Bed & Breakfast,http://www.vacanzeromaneolgiata.it/,06 3089 3211,"Via Mario Apollonio, 68",Roma,,,https,WordPress,No,Seflow S.N.C. Di Marco Brame' & C.,56,53,92.00,Sì,No
Hotel Massimino,Hotel,http://www.hotelmassimino.com/,06 999 4558,"Via Anguillarese, km 4.200/km 4.200",Anguillara Sabazia,,info@hotelmassimino.com,https,Joomla,Sì,Hetzner Online GmbH,63,84,83.00,Sì,No
Le camere di Vittoria,Bed & Breakfast,https://lecameredivittoria.it/,333 428 5676,"Via Giulio Volpi, 7",Bracciano,,info@lecameredivittoria.it,https,React,Sì,Keliweb S.R.L,95,95,92.00,Sì,No
B&b Sud e Magia,Bed & Breakfast,,328 555 7522,Via Lecine,San Vittore del Lazio,,,,,,,,,,,
Giosam Bed & Breakfast,Bed & Breakfast,https://giosam-bed-breakfast.miglioriviaggi.top/,329 303 7615,"Via Atinense, 14",Pozzilli,,,https,React,No,Contabo GmbH,63,87,85.00,Sì,No
B&B Casa Tua Venafro,Bed & Breakfast,,334 250 3033,"Via Giovanni Boccaccio, 8",Venafro,,,,,,,,,,,
B&B 1646 Centro Storico,Bed & Breakfast,,0865 925408,"Via Giuseppe Mazzini, 20",Pozzilli,,,,,,,,,,,
Belvedere - bed & breakfast - casa vacanze,Bed & Breakfast,https://www.belvedere-pozzilli.it/,338 987 6118,"Via Belvedere, 41",Pozzilli,,assistenza@webador.it,https,React,No,Google LLC,78,99,100.00,Sì,No
Autohotel Roma,Hotel,http://www.autohotel.it/roma/,06 9010 9014,"Via Cassia, Km 24.300",Formello,,info@autohotel.it,https,WordPress,Sì,Host SpA,42,28,85.00,Sì,No
Bed and Breakfast IL CAVALIERE,Bed & Breakfast,https://cavaliere.tripcombined.com/,338 145 1331,"Via Foglia, 1",Pozzilli,,,https,React,No,Contabo GmbH,56,87,92.00,Sì,No
REnt Room,Hotel Resort,https://rentroomitalia.it/picca/,328 455 4033,"Via Anguillarese, 41",Anguillara Sabazia,,gianluigipignoloni@gmail.com,https,WordPress,No,Keliweb S.R.L,64,83,83.00,Sì,No
Con Mario e Almerina,Bed & Breakfast,,328 488 3937,"Via G. Leopardi, 72",Frascaro,,,,,,,,,,,
Albergo Della Posta,Hotel,https://albergodellapostabracciano.it/,06 9724 0220,"Via Agostino Fausti, 29",Bracciano,,info@email.com,https,Angular,No,Aruba S.p.A.,59,63,0.00,Sì,No
B&B Ambrosia,Bed & Breakfast,https://affittacamere-ambrosia.touritaliani.top/,338 562 6192,"Via Cairoli, 18",Pozzilli,,,https,WordPress,No,Contabo GmbH,53,77,92.00,Sì,No
Agriturismo Fattoria di Norcia,Agriturismo,https://www.lafattoriadinorcia.it/,340 082 9437,"Via Fontevena, 81",Norcia,,,https,WordPress,Sì,"Cloudflare, Inc.",88,97,92.00,Sì,No
B&B Nonna Rosa,Bed & Breakfast,,0743 938024,"Località Fiano di Abeto, 3",Preci,,,,,,,,,,,
Hotel Riggioni,Hotel,http://hotelriggioni.com/,0865 924692,"Via Atinense, 17/19",Pozzilli,,info@hotelriggioni.com,https,WordPress,No,Aruba S.p.A.,38,76,92.00,Sì,No
B&B DOMUS VELA,Bed & Breakfast,http://domusvela.it/,348 792 6478,Piazza Umberto I,Fornelli,,domusvelabeb@gmail.com,https,React,No,"Squarespace, Inc.",34,80,73.00,Sì,No
B&B La Montagnarosa,Bed & Breakfast,https://www.montagnarosa.it/,329 264 9114,Via Mainarde,Castelnuovo A Volturno,,,https,Shopify,No,DEFT.COM,65,94,92.00,Sì,No
Agriturismo Casale nel Parco dei Monti Sibillini,Agriturismo,https://www.casalenelparco.com/,0743 816481,"Località Fontevena, 8",Norcia,,casalenelparco@gmail.com,https,Shopify,No,Server Plan S.r.l.,53,87,100.00,Sì,No
Il Capisterium,Bed & Breakfast,http://www.norciaospitalita.it/,349 300 2091,"Via dell'Ospedale, sn",Norcia,,info@ilcapisterium.it,https,WordPress,Sì,Google LLC,61,82,92.00,Sì,No
La Vineria,Bed & Breakfast,http://www.lavinerianorcia.it/,339 711 4163,Via Innocenzo Fiorucci,Norcia,,,https,Mobirise,Sì,OVH SAS,60,91,100.00,Sì,No
Casa Francigena,Bed & Breakfast,,392 138 2016,"Strada Asmara, 76",Vetralla,,,,,,,,,,,
Affittacamere Residenza Montedoro,Bed & Breakfast,https://www.residenzamontedoro.it/,376 110 1804,"Via Francia, 26",Norcia,,residenzamontedoro@gmail.com,https,WordPress,No,Aruba S.p.A.,54,79,92.00,Sì,No
La Torretta,Bed & Breakfast,https://www.latorretta.biz/,333 226 3893,"Via della Torretta, 11",Tuscania,,info@latorretta.biz,https,WordPress,No,Serverplan s.r.l.,62,91,92.00,Sì,No
B&B Le Buche,Bed & Breakfast,,335 530 7611,"Via Concordia, 29",Canino,,,,,,,,,,,
Ostello Ortensi,Ristorante,https://www.ostelloortensi.it/,320 858 2054,"Colle S. Martino, 75",Farnese,,luciaproserini@gmail.com,https,WordPress,No,OVH ISP,73,94,92.00,Sì,No
Hotel - Ristorante Tre Lanterne & SPA,Ristorante italiano,https://tre-lanterne.italiabella.top/,0736 888550,"Frazione Cagnano, SNC",Acquasanta Terme,,,https,React,No,Contabo GmbH,55,88,92.00,Sì,No
Casale La Torretta,Bed & Breakfast,https://www.casalelatorretta.it/,329 277 1860,"Località Fiano di Abeto, 27",Preci,,,https,React,No,Aruba S.p.A. Network,54,66,100.00,Sì,No
Agricamping Il Casale,Campeggio con piazzole stanziali per roulotte,https://www.agricamperilcasale.it/,347 713 9451,loc. Madonna delle Coste,Accumoli,,info@agricamperilcasale.it,https,ASP.NET,No,Aruba S.p.A. Network,100,100,100.00,Sì,No
Il Casale San Martino,Alloggio completo di servizi,http://www.ilcasalesanmartino.it/,389 961 3483,Via della Stazione,Norcia,,info@ilcasalesanmartino.it,https,WordPress,Sì,SEEWEB s.r.l.,60,72,92.00,Sì,No
Affittacamere San Lorenzo,Bed & Breakfast,https://www.camerenorcia.it/,331 171 8575,"Via Patrizio Forti, 9",Norcia,,info@camerenorcia.it,https,Angular,No,Aruba S.p.A.,44,57,85.00,Sì,No
La Mela Rosa,Bed & Breakfast,http://www.lamelarosa.eu/,334 839 6415,"Via Roma, 33",Valentano,,lamelarosa2018@gmail.com,https,WordPress,No,Aruba S.p.A.,55,79,85.00,Sì,No
B&B Vallecupa,Bed & Breakfast,,339 602 5974,"Località Vallecupa, snc",Farnese,,,,,,,,,,,
“La Banditella” Tuscania,Bed & Breakfast,https://la-banditella-tuscania.italyexperience.top/,392 343 6362,"Località Banditella, Via Caninese SP 14, km 5, 1",Tuscania,,,https,React,No,Contabo GmbH,66,90,85.00,Sì,No
A Casa di Amici - B&B,Bed & Breakfast,http://www.bbacasadiamici.it/,347 733 8163,"Strada Arlenese, 2",Tuscania,,info@bbacasadiamici.it,https,WordPress,No,Aruba S.p.A.,52,64,100.00,Sì,No
Agriturismo Santa Maria,Agriturismo,https://www.agriturismosantamaria.info/,320 698 8728,Via Santa Maria,Marta,,info@agriturismosantamaria.info,https,Joomla,Sì,Aruba S.p.A. Network,68,91,100.00,Sì,No
B&B Il Soffio di Eolo,Bed & Breakfast,,335 804 4159,Via Ponterado snc,"Loc. Salci, Bagnoregio",,,,,,,,,,,
La Dimora del Principe,Bed & Breakfast,,379 286 5458,"Via F. Monaldeschi, 13",Bagnoregio,,,,,,,,,,,
Arcipelago di Arte et Agricoltura,Agriturismo,http://www.arteagricoltura.com/,335 650 3536,"Str. Poggio della Ginestra, km 3.700",Tuscania,,info@arteagricoltura.com,https,Angular,No,Aruba S.p.A.,57,79,92.00,Sì,No
B&B Civita Nova,Bed & Breakfast,,348 401 7337,"Via Don S. Nello Ponziani, 19",Bagnoregio,,,,,,,,,,,
B&B Le Camere del Bocconcino,Bed & Breakfast,,340 729 4174,"Via Giacomo Matteotti, 1",Bagnoregio,,,,,,,,,,,
Bed and Breakfast del Prato,Bed & Breakfast,http://www.bedandbreakfastbagnoregio.it/,393 171 4908,"Via della Cassa, 5",Bagnoregio,,,https,WordPress,No,Aruba S.p.A.,70,93,92.00,Sì,No
Antico Borgo,Bed & Breakfast,http://antico-borgo.italia-centro.it/,392 016 3628,"Via Cesare Mangioli, 20",Bagnoregio,,,http,Shopify,No,OVH SAS,56,97,83.00,Sì,No
Locanda Del Fontanile,Ristorante,,0774 920249,"Piazza Valeria, 20",Arsoli,,,,,,,,,,,
Bellavista,Bed & Breakfast,https://bb-bellavista.bedsandhotels.com/,333 291 0656,"Via Francalancia, 22",Bagnoregio,,,https,React,No,Hetzner Online GmbH,65,98,91.00,Sì,No
B&B Butterfly,Bed & Breakfast,http://butterfly.vt.it/,347 825 5550,"Via Antonio Diviziani, snc",Bagnoregio,,annamariacrocoli7@gmail.com,https,WordPress,No,Aruba S.p.A.,78,90,85.00,Sì,No
Il giardino di Elena,Bed & Breakfast,,380 304 1134,"Via Cesare Mangioli, 52",Bagnoregio,,,,,,,,,,,
Agriturismo Sensi,Agriturismo,http://www.doppisensi.it/,339 464 8882,"Strada Martana, Villa Pieri, 8",Tuscania,,,https,React,No,Aruba S.p.A.,66,75,92.00,Sì,No
Agriturismo La Peonia,Agriturismo,https://peonia.bedsandhotels.com/,347 998 2596,"Via Roma, 51",Bagnoregio,,,https,React,No,Hetzner Online GmbH,67,98,91.00,Sì,No
B&B La Polinnia,Bed & Breakfast,http://bb-la-polinnia.italia-centro.it/,339 569 2093,"di Paola, Piazza S. Francesco, 7",Bagnoregio,,,http,Shopify,No,OVH SAS,57,98,83.00,Sì,No
Il Palazzetto Affittacamere,Bed & Breakfast,http://il-palazzetto.italia-centro.it/,328 679 9340,"Corso Giuseppe Mazzini, 113",Bagnoregio,,,http,Shopify,No,OVH SAS,57,97,83.00,Sì,No
B&B La Mela Selvatica,Bed & Breakfast,,335 769 7545,"Via Aringo, 28",Collalto Sabino,,,,,,,,,,,
Bed and Breakfast La baia del lago,Bed & Breakfast,http://www.labaiadellago.it/,328 869 6172,"CIN IT056034C1O3HKSKBM, via S. Francesco di Paola, 11",Marta,,labaiadellago@gmail.com,https,WordPress,No,Aruba S.p.A.,60,85,62.00,Sì,No
Locanda Di Mirandolina B&B Ristorante,Ristorante italiano,http://www.mirandolina.it/,0761 436595,"Via Pozzo Bianco, 40",Tuscania,,info@mirandolina.it,https,Joomla,No,Aruba S.p.A.,64,67,100.00,Sì,No
Palazzo Mazzini,Bed & Breakfast,https://www.palazzomazzini.net/,347 768 8026,"Corso Giuseppe Mazzini, 71",Bagnoregio,,palazzomazzini.bagnoregio@gmail.com,https,WordPress,No,"Cloudflare, Inc.",48,56,92.00,Sì,No
Dimora del ragno,Hotel,,327 639 7985,"Via Empolitana, 270",Tivoli,,,,,,,,,,,
Il Mastro del Lago,Bed & Breakfast,,368 365 4594,"Via Turanense, 2",Paganico Sabino,,,,,,,,,,,
B&B da Odila,Bed & Breakfast,https://bb-da-odila.vederelitalia.top/,348 427 9603,"Via Carpinetti, 1",Poggio Nativo,,,https,React,No,Contabo GmbH,56,86,85.00,Sì,No
B&B Dea - Vista lago,Bed & Breakfast,,328 763 0820,"Piazza San Giovanni, 2",Castel di Tora,,,,,,,,,,,
B&B Nonna Assunta,Bed & Breakfast,https://www.bebnonnaassunta.org/,393 972 1254,"Via Turanense, Loc. Casali Cervia",Collegiove,,,https,Wix,Sì,Google LLC,55,65,100.00,Sì,No
B & B Il Giardino degli Ulivi,Bed & Breakfast,,333 252 7160,"Via Piave, 29",Canneto,,,,,,,,,,,
B&B Il Bacio e la Nocciola,Bed & Breakfast,,331 309 5036,"Ventiquattresima Str. Bis, 47",Colle Spina,,,,,,,,,,,
La casa sul Fiordo,Alloggio completo di servizi,http://www.lacasasulfiordo.it/,347 827 7371,"Via Costa Aspo 20-22, Via Costa",Paganico Sabino,,info@lacasasulfiordo.it,https,Joomla,No,Aruba S.p.A.,37,51,92.00,Sì,No
Agriturismo Ristorante la Posta,Agriturismo,https://agriturismo-ristorante-la-posta.comeviaggiare.top/,338 160 7521,Via Rio,Castel di Tora,,,https,React,No,Contabo GmbH,65,89,85.00,Sì,No
B&B Ar Colle,Bed & Breakfast,http://www.valmontonebed.it/,347 691 3640,"CIN 058110C1MSPEGSRO, Via Colle San Giovanni, 14",Valmontone,,,https,React,No,Aruba S.p.A.,56,80,100.00,Sì,No
bedandbreakfast Valeri,Bed & Breakfast,http://www.bedandbreakfastvaleri.com/,339 890 3373,"Contrada Colle del Faggio, 17",Artena,,b.b.valeri19@gmail.com,https,ASP.NET,No,Keliweb S.R.L,76,98,82.00,Sì,No
Hotel 1000 mt casello A1 autostrada Valmontone un minuto dal parco rainbow magicland -( Hotel Magnolia Valmontone),Hotel,,06 8591 5775,"Via Aldo Moro, 61",Valmontone,,,,,,,,,,,
B&B Il Mulo,Bed & Breakfast,,333 752 4293,"Via Latina, 65",Artena,,,,,,,,,,,
Relais Il Monaco,Bed & Breakfast,,338 811 2430,"Via Monaco, 1",Artena,,,,,,,,,,,
B&B Terra del Sole Valmontone,Bed & Breakfast,http://www.terradelsolevalmontone.it/,339 163 7399,"Via Artena, 68b",Valmontone,,info@terradelsolevalmontone.it,https,WordPress,Sì,IONOS SE,61,79,92.00,Sì,No
B&b Parcoelisa,Bed & Breakfast,,366 258 7839,"SP600 Dir, 34",Artena,,,,,,,,,,,
Locanda dell' Arcangelo,Ristorante,http://www.locandadellarcangelo.it/,06 966 9005,"terrazze panoramiche, Via della Marina, Via Vittorio Emanuele III', 57",Rocca Massima,,info@locandadellarcangelo.it,https,Basekit,No,Aruba S.p.A.,43,47,92.00,Sì,No
B&B Il Vicoletto,Bed & Breakfast,,379 131 0452,"Via Piana, 26",Artena,,,,,,,,,,,
B&B Rupe Antica di Enrica Latini,Bed & Breakfast,https://bb-rupe-antica-di-enrica-latini.camerainitalia.top/,331 814 1364,"Via Rupe, 27",Artena,,,https,WordPress,No,Contabo GmbH,57,57,85.00,Sì,No
La cascina della grotta di tufo,Bed & Breakfast,,371 301 7367,"Localita Pratolungo, 4B",Pratolungo,,,,,,,,,,,
B&B Stazione Valmontone,Bed & Breakfast,http://www.bedstazionevalmontone.it/,340 461 2080,"Via Casilina, 421/a",Valmontone,,info@bedstazionevalmontone.it,https,WordPress,Sì,IONOS SE,41,64,92.00,Sì,No
Valmontone Bed and Breakfast-Country House,Bed & Breakfast,,366 452 6175,"Via Casalecchio, 4",Cave,,,,,,,,,,,
B&B dell'Artista,Alloggi al coperto,http://www.bbdellartista.it/,335 800 0894,"Via Giuseppe Verdi, 12",Artena,,info@bbdellartista.it,https,WordPress,No,"Cloudflare, Inc.",53,55,92.00,Sì,No
Il Faggio 17 B&B Artena,Bed & Breakfast,,338 908 3996,Via Colle del faggio17,Artena,,,,,,,,,,,
S'Osteria38,Ristorante,http://www.sosteria38.it/,342 523 6544,"Via Cesare Battisti, 61, c",Acquapendente,,info@sosteria38.it,http,WordPress,No,Aruba S.p.A.,56,86,92.00,Sì,No
Bed and breakfast Sole Mio Velletri,Bed & Breakfast,http://www.bbsolemio.com/,389 287 1838,"Via Catalini, 52",Velletri,,,https,React,No,Google LLC,67,80,92.00,Sì,No
Il Borgo Antico B&B Rocca Massima,Bed & Breakfast,,393 968 7512,"Via S. Giuliano, 10",Rocca Massima,,,,,,,,,,,
EcoAlbergo Monte Rufeno,Locanda,,0763 711220,"Via Roma, 116",Acquapendente,,,,,,,,,,,
Il Borgo,Ristorante italiano,http://www.ilborgoristorantecamere.com/,0763 734094,"Via Porta S. Angelo, 3",Acquapendente,,,http,Angular,No,Aruba S.p.A.,59,86,92.00,Sì,No
Agriturismo Il Sentiero,Agriturismo,https://agriturismoilsentiero.it/,328 589 6854,Strada Vicinale di Montepetrocco,Acquapendente,,isabella.ilsentiero@gmail.com,https,React,No,Aruba S.p.A.,80,98,92.00,Sì,No
Casa Girolamo,Alloggio completo di servizi,,338 610 4945,"Via Fabrizio G., 7",Acquapendente,,,,,,,,,,,
Alloggi Per Uso Turistico A&M,Alloggi al coperto,http://alloggi-per-uso-turistico-am.italia-centro.it/,338 994 9482,"Via Cesare Battisti, 28",Acquapendente,,,http,Shopify,No,OVH SAS,57,97,83.00,Sì,No
Agriturismo Podernuovo Acquapendente,Agriturismo,https://www.podernuovo.it/,339 843 4684,Str. della Falconiera,Acquapendente,,,https,ASP.NET,No,Server Plan S.r.l.,88,99,92.00,Sì,No
B&B Predio San Fernando,Bed & Breakfast,,320 059 7925,"Predio San Fernando, Str. della Falconiera",Acquapendente,,,,,,,,,,,
Castelvecchio B&B - CIN:IT053026C26V9AHVQX,Bed & Breakfast,,353 460 3018,Via c.s castelvecchio 5b 58010 Sorano,Montorio,,,,,,,,,,,
Le Roghete,Agriturismo,http://www.leroghete.it/,340 533 0260,Via Di Villa Rogheta 137,Acquapendente,,info@leroghete.it,https,React,No,Aruba S.p.A.,67,90,100.00,Sì,No
Quadruple room in the green near Montecassino,Bed & Breakfast,,+45 36 95 01 11,"Via Sferracavalli, 3886 vicino",Olivella,,,,,,,,,,,
Agriturismo Le Spighe,Agriturismo,http://www.lespighe.it/,0763 734091,SS cassia km 140,Proceno,,lespighe@tiscali.it,http,WordPress,No,Aruba S.p.A.,51,72,92.00,Sì,No
Bed And Breakfast la Grotta,Bed & Breakfast,https://www.bblagrotta.eu/,333 201 1879,"Via Roma Nuova, 111",Castel Giorgio,,info@bblagrotta.eu,https,Angular,Sì,Aruba S.p.A.,56,88,83.00,Sì,No
Belmonte Ranch,Ristorante,,0776 865502,Via Oliveto,Belmonte Castello,,,,,,,,,,,
Villa Visocchi B&B,Bed & Breakfast,https://www.villavisocchi.com/,347 936 7859,"Via Villa Orrea, 547",Atina Inferiore,,,https,React,No,Aruba S.p.A.,42,62,92.00,Sì,No
Fontana Vecchia,Bed & Breakfast,http://www.fontanavecchiatina.it/,0776 628015,"Via Vecchia Sferracavallo, 1247",Atina,,,http,Joomla,No,SEEWEB s.r.l.,68,97,100.00,Sì,No
B&B Il Giardino del Borgo,Bed & Breakfast,,347 781 5289,"Via della Fontana, 22",Vejano,,,,,,,,,,,
Palazzo del Senatore,Hotel,https://www.palazzodelsenatore.com/,0776 609077,"Piazza Giuseppe Garibaldi, 16",Atina,,info@palazzodelsenatore.com,https,WordPress,Sì,Aruba S.p.A.,54,67,100.00,Sì,No
108 b&b,Bed & Breakfast,https://108-bb.viaggiareconstile.top/,338 849 5328,"Via Vittorio Veneto, 108",Grotte di Castro,,,https,React,No,Ipxo LLC,52,85,92.00,Sì,No
B&B Il Tramonto,Bed & Breakfast,https://bnbiltramonto.it/,335 630 2897,"Via braccianese Claudia, Località Monte Merlo, km 47,500",Barbarano Romano,,info@bnbiltramonto.it,https,Joomla,No,Aruba S.p.A.,68,94,92.00,Sì,No
Il Casale del Popolo,Bed & Breakfast,,333 313 7102,Strada della Chiusa di Valleriani,Barbarano Romano,,,,,,,,,,,
B & B Le Palme,Bed & Breakfast,http://www.beblepalme.it/,0761 635629,"Via S. Francesco d'Assisi, 69",Bassano Romano,,info@beblepalme.it,https,ASP.NET,Sì,Aruba S.p.A. Network,94,100,92.00,Sì,No
Agriturismo il Poggio,Agriturismo,http://www.agriturismoilpoggio.org/,348 779 9417,"Via Giordano Campo, 64",Vetralla,,,https,React,No,Google LLC,62,93,92.00,Sì,No
B&B Il Sartore,Bed & Breakfast,,351 666 5379,"Via Cairoli, 10",Vetralla,,,,,,,,,,,
Bed & Breakfast LA ROCCA,Bed & Breakfast,http://www.bblarocca.it/,339 671 0059,"Piazza Romeo Romei, 8",Caprarola,,,https,React,No,Google LLC,76,95,83.00,Sì,No
Agriturismo L'Introvabile,Agriturismo,http://www.agriturismolintrovabile.it/,0761 479015,Strada Provinciale Blerana km 6+600,Blera,,,https,ASP.NET,No,Aruba S.p.A. Network,59,65,82.00,Sì,No
Le Terrazze di Casa Bonelli,Bed & Breakfast,http://www.terrazzecasabonelli.it/,333 490 9001,"Str. Forocassio, 43",Vetralla,,info@terrazzecasabonelli.it,https,WordPress,No,Netsons s.r.l.,67,93,92.00,Sì,No
B&B lafontanadinonnachecchina,Bed & Breakfast,http://www.lafontanadinonnachecchina.it/,335 606 8511,"Via del Poggetto, piazza del comune",Villa San Giovanni in Tuscia,,info@lafontanadinonnachecchina.it,https,Joomla,No,Hetzner,55,72,100.00,Sì,No
Casale Fedele Bed and Breakfast,Bed & Breakfast,http://www.casalefedele.it/,333 337 3484,"Str. S. Giovanni, 6",Ronciglione,,info@casalefedele.it,https,Angular,No,Keliweb S.R.L,75,95,77.00,Sì,No
La Ripa,Bed & Breakfast,http://www.bblaripa.com/people/blera-for-you/,338 207 1514,"Via Marco Spurinas, 12",Blera,,,,WordPress,Non trovato,Aruba S.p.A. Network,72,60,75.00,No - Pagina Non Trovata (404),No
Forum Cassii,Bed & Breakfast,,0761 485054,"Strada Foro Cassio, snc",Vetralla,,,,,,,,,,,
Casa Cost,Bed & Breakfast,,392 122 3088,"Strada degli Esploratori, 8",Vetralla,,,,,,,,,,,
La Fattoressa Bed & Breakfast,Bed & Breakfast,,333 367 5358,Piazza del Castello 3,Blera,,,,,,,,,,,
Albergo Da Benedetta,Hotel,http://www.albergodabenedetta.it/,0761 460093,"Via Francesco Petrarca, 4",Vetralla,,,https,Joomla,Sì,"Cloudflare, Inc.",57,74,92.00,Sì,No
Agriturismo Poggio al Sasso,Fattoria,http://www.agriturismopoggioalsasso.it/,339 108 1961,"Località Crocevive, SP42",Blera,,info@agriturismopoggioalsasso.it,https,WordPress,No,Server Plan S.r.l.,66,79,92.00,Sì,No
Da Beccone - Albergo Ristorante Pizzeria,Ristorante,http://www.dabeccone.it/,0761 479210,"Via Guglielmo Marconi, 26",Blera,,beccone@gmail.com,https,WordPress,Sì,Naquadria S.R.L.,63,80,92.00,Sì,No
Palazzo Dasso - San Martino al Cimino - Bed & Breakfast,Bed & Breakfast,https://sohobydasso.com/,370 117 3474,"Via Abate Lamberto, 11",San Martino Al Cimino,,,https,Angular,No,Hetzner Online GmbH,76,99,100.00,Sì,No
Bed & Breakfast Viterbo Orchard,Bed & Breakfast,https://www.bborchard.it/,340 066 4177,"Via Ortaccio, 8",Viterbo,,info@bborchard.it,https,PrestaShop,No,Infomaniak Network Management,35,54,92.00,Sì,No
BioAgri Resort Podere La Branda,Agriturismo,http://www.poderelabranda.it/,0761 477174,"Str. Forocassio, 13",Vetralla,,,https,WordPress,Sì,Aruba S.p.A.,61,70,92.00,Sì,No
La Casa di Agartha,Bed & Breakfast,https://lacasadiagartha.com/,0761 771629,"l.go G, Largo Mazziotti, 3",Bolsena,,booking@lacasadiagartha.com,http,WordPress,No,Google LLC,64,78,100.00,Sì,No
Hotel Columbus sul Lago 4 stelle,Hotel,https://www.bolsena.com/hotelcolumbus,0761 799009,"LUNGOLAGO, Viale Nicola Colesanti, 27",Bolsena,,info@bolsena.com,https,Squarespace,No,Aruba S.p.A.,49,62,85.00,Sì,No
Il Palazzetto,Bed & Breakfast,https://www.bedandbreakfastilpalazzetto.it/,379 149 9881,"Corso della Repubblica, 16",Bolsena,,contact@mysite.com,http,WordPress,Sì,Aruba S.p.A. Network,62,96,100.00,Sì,No
Hotel Lido Beach & Palace,Hotel,,0761 799026,"km 114, 800, Via Cassia Nord",Bolsena,,,,,,,,,,,
Pensione Italia,Bed & Breakfast,http://www.pensioneitalia.online/,0761 799193,"Corso Cavour, 53",Bolsena,,pensioneitalia@libero.it,https,React,Sì,Google LLC,66,89,100.00,Sì,No
Platani Hotel & SPA,Hotel,https://www.bolsena.com/hotelplatani,0761 799079,"Via Roma, 2",Bolsena,,platani@bolsena.com,https,Joomla,No,Aruba S.p.A.,54,47,85.00,Sì,No
Il VesConte,Hotel,https://www.vesconteresidenza.com/,342 853 0373,"Piazza S. Rocco, 12",Bolsena,,francescoves@gmail.com,https,Wix,Sì,Google LLC,64,74,100.00,Sì,No
Barbara & Breakfast CIN IT056004C1OEDSBXQI,Bed & Breakfast,https://barbaraandbreakfast.it/,349 675 9577,Strada della Chiusa di Valleriani,Barbarano Romano,,info@barbaraandbreakfast.it,https,Joomla,Sì,Aruba S.p.A.,60,83,100.00,Sì,No
LOCANDA EPICA (Albergo Diffuso),Albergo benessere,http://www.epicaworld.it/,351 751 7391,"Via Vittorio Emanuele II', 31",Barbarano Romano,,,https,Angular,Sì,Seeweb srl,62,77,92.00,Sì,No
Bed & Breakfast Lago di Bolsena,Bed & Breakfast,http://www.bblagodibolsena.com/,334 261 9527,"Corso della Repubblica, 76",Bolsena,,gabriellandreu@gmail.com,https,Angular,No,Connesi s.p.a.,45,70,85.00,Sì,No
Hotel Nazionale,Hotel,https://www.hotelnazionale.net/,0761 799006,"Via Antonio Gramsci, 50",Bolsena,,info@hotelnazionale.net,https,Shopify,Sì,Aruba S.p.A. Network,63,97,92.00,Sì,No
Agriturismo Le Valli,Agriturismo,,0775 557006,"Via Prenestina, km 32.800",Acuto,,,,,,,,,,,
Bolsena Cento20 - Rooms & Relax,Bed & Breakfast,,345 392 0780,"Via Madonna del Cacciatore, 120",Bolsena,,,,,,,,,,,
Ludwig Boutique Hotel & Spa,Hotel,https://www.ludwigboutiquehotel.com/,0761 799262,"Viale Luigi Cadorna, 15/B",Bolsena,,ludwig@bolsena.com,https,React,No,Aruba S.p.A. Network,60,61,92.00,Sì,No
b&b pleasant moments,Bed & Breakfast,,392 670 9478,"Via della Rena, 99",Bolsena,,,,,,,,,,,
Albergo Universo,Hotel,http://www.albergouniversofiuggi.it/,0775 515014,"Via Vecchia Fiuggi, 211",Fiuggi,,info@albergouniversofiuggi.it,http,ASP.NET,No,Aruba S.p.A. Network,100,100,100.00,Sì,No
B&b ANNA,Bed & Breakfast,https://bb-anna.bedsandhotels.com/,340 524 0252,"Via Giuseppe Savastano, 40",Bolsena,,,https,React,No,Hetzner Online GmbH,65,98,91.00,Sì,No
Bed & Breakfast Atelier Sul Lago,Bed & Breakfast,,331 287 5098,"Via Antonio Gramsci, 1",Castel Gandolfo,,,,,,,,,,,
Hotel Erika Fiuggi,Hotel,https://www.hotelerikafiuggi.it/,0775 143 1368,"Via Armando Diaz, 568",Fiuggi,,info@hotelerikafiuggi.it,https,WordPress,No,Aruba S.p.A. Network,63,98,92.00,Sì,No
Il Raduno,Bed & Breakfast,,338 735 1803,"Corso della Repubblica, 31",Castel Gandolfo,,,,,,,,,,,
Casale 1541,Bed & Breakfast,http://www.casale1541.com/,0761 799677,"Via Acqua della Croce, 25",Bolsena,,,https,React,No,Google LLC,0,0,0.00,Sì,No
Hotel Castelgandolfo,Hotel,http://www.hotelcastelgandolfo.com/,06 936 0521,"Via de Zecchini, 27",Castel Gandolfo,,info@hotelcastelgandolfo.com,https,WordPress,Sì,OVH SAS,70,95,92.00,Sì,No
Hotel Touring Wellness&beauty,Hotel,http://www.hoteltouringfiuggi.it/,0775 507000,"Terme, Via Fonte Nuova, 6",Fiuggi,,info@hoteltouringfiuggi.it,https,WordPress,No,Aruba S.p.A.,53,64,85.00,Sì,No
Albergo King,Hotel,http://www.kinghotelfiuggi.it/,320 979 1004,"Via Colle della Volpe, 6",Fiuggi,,king@kinghotelfiuggi.it,https,WordPress,No,Server Plan S.r.l.,57,73,77.00,Sì,No
Agriturismo dal Poeta,Agriturismo,,0746 959747,"Via Favischio, 10",Posta,,,,,,,,,,,
B&B Fiorella,Bed & Breakfast,http://www.bbfiorella.it/,06 9366 8222,"Via Pian del Lago, 10",Castel Gandolfo,,,https,Joomla,No,Aruba S.p.A.,78,98,100.00,Sì,No
Villa Aulina,Bed & Breakfast,http://www.villaulina.net/,06 932 0209,"Via Mole di Castel Gandolfo, 3C",Castel Gandolfo,,villa.aulina56@gmail.com,https,Shopify,No,Serverplan s.r.l.,47,77,75.00,Sì,No
B&B Ai Glicini Castelli Romani,Bed & Breakfast,https://www.bbaiglicinicastelliromani.it/,328 220 5776,"Via dei Glicini, 25",Marino,,bbaiglicini@gmail.com,https,WordPress,No,"Automattic, Inc",62,68,92.00,Sì,No
Atlantis Inn Castel Gandolfo,Hotel,http://www.atlantisinn.it/,345 212 1521,"Via S. Lucia Filippini, 11",Castel Gandolfo,,info@atlantisinn.it,http,WordPress,No,Register.IT S.p.A,40,55,92.00,Sì,No
B&B Grandangolo,Bed & Breakfast,http://www.grandangolobb.altervista.org/,347 877 7590,"Strada Statale 17, 45",Sassa Scalo,,,https,React,No,Hetzner Online GmbH,46,62,83.00,Sì,No
Agriturismo Monte Cambio,Alloggio turistico,,0746 925040,"Fraz, 02016",Albaneto,,,,,,,,,,,
Agriturismo Casale Valenzano,Agriturismo,https://www.casalevalenzano.it/,0746 959114,Località Casale Valenzano snc - Sigillo,Posta,,casalevalenzano@libero.it,https,Joomla,Sì,Aruba S.p.A. Network,60,76,92.00,Sì,No
B&B Casa Fra Ambrogio,Bed & Breakfast,https://www.casafraambrogio.it/,348 297 4463,"Via Chiesa Santa Stefano, 2",Pizzoli,,reservation@casafraambrogio.it,https,Angular,No,Aruba S.p.A.,56,99,92.00,Sì,No
Agriturismo Sant'Erasmo,Agriturismo,http://www.agriturismosanterasmo.it/,338 969 2157,"Via Sant'Erasmo, 1",Vasche,,,http,WordPress,No,Aruba S.p.A.,95,100,92.00,Sì,No
B&B A CASA DI MAMMA,Bed & Breakfast,http://a-mamas-house.com.es/,338 742 7079,"Via Veneto, 6",Rieti,,,,Duda,Non trovato,arsys.es,54,92,85.00,Stato Non Determinato,No
Affittacamere Da Angela,Bed & Breakfast,,347 640 5406,"Via Piedimonte, 3",Borgorose,,,,,,,,,,,
B&B mo si,Bed & Breakfast,,320 706 7463,"Via Ottavio Liberatore, 13",Massa D'Albe,,,,,,,,,,,
Bed and Breakfast La Cascina della Vachina,Agriturismo,https://bed-and-breakfast-la-cascina-della-vachina.italiabella.top/,348 524 0803,via fonte giovannone 4,Poggio Bustone,,,https,WordPress,No,Contabo GmbH,60,87,92.00,Sì,No
Agriturismo Cupello,Agriturismo,http://www.agricupello.it/,334 823 9379,"Via Amiternum, 1",Cagnano Amiterno,,giuseppe@agricupello.it,http,Shopify,No,Aruba S.p.A.,35,61,85.00,Sì,No
Agriturismo Casale Montebello,Agriturismo,http://www.agriturismocasalemontebello.com/,0743 70195,Località Casale Montebello,Monteleone di Spoleto,,info@agriturismocasalemontebello.com,https,WordPress,No,Aruba S.p.A. Network,59,86,77.00,Sì,No
B&B Stella Polare,Bed & Breakfast,http://www.stellapolarerieti.com/,338 662 1120,"Via Angelo Maria Ricci, 107",Rieti,,info@stellapolarerieti.it,http,ASP.NET,Sì,Aruba S.p.A. Network,52,50,100.00,Sì,No
B&B Da Charlie,Bed & Breakfast,,347 859 7938,"Via Monte Brancastello, 22",L'Aquila,,,,,,,,,,,
B&B Sole e Luna,Bed & Breakfast,https://bandbsoleluna.it/,351 961 7560,"Via Aranoria, 15",Scurcola Marsicana,,info@bandbsoleluna.it,https,Joomla,No,IONOS SE,65,85,92.00,Sì,No
Hotel - Ristorante - Pizzeria Holiday,Pizzeria,http://www.holidaymagliano.it/,0863 51203,"Via Massa d'Albe, 11",Magliano de' Marsi,,hotelholiday3@gmail.com,https,ASP.NET,No,Aruba S.p.A. Network,48,81,91.00,Sì,No
Albergo La Duchessa,Hotel,https://hotel-la-duchessa.camerainitalia.top/,0746 31107,"V. Marsicana, 4",Corvaro,,,https,WordPress,No,Contabo GmbH,49,91,85.00,Sì,No
Castello Avezzano guest house,Bed & Breakfast,http://alcastelloavezzano.it/,329 438 2189,"Piazza Torlonia, 33",Avezzano,,gem.immobiliare22@gmail.com,http,Nuxt.js,No,Aruba S.p.A. Network,53,83,91.00,Sì,No
B&B VALLE GIO',Bed & Breakfast,https://bb-valle-gio.dormireinitalia.top/,340 935 1315,"Via Fonte Vecchia, 32",Magliano de' Marsi,,,https,React,No,Contabo GmbH,57,82,92.00,Sì,No
Il Giglio Rooms,Bed & Breakfast,https://www.ilgigliorooms.it/,375 805 5727,"Contrada I Rotondi, 4",Sant'Angelo In Villa-giglio,,ilgiglio.rooms@gmail.com,https,React,No,"Cloudflare, Inc.",55,60,100.00,Sì,No
1870 - Bed & Breakfast,Bed & Breakfast,,344 154 7899,"SP144, 21",Arpino,,,,,,,,,,,
La Cascina del Viaggiatore,Ristorante,https://lacascinadelviaggiatore.it/,0862 65550,"SR615, km 9+966",L'Aquila,,,https,React,Sì,IONOS SE,61,66,92.00,Sì,No
Appartamenti Il Capomandro,Agriturismo,http://appartamenticapomandro.it/,331 111 7111,"Piazza Antonio e Filippo Placidi, 02021",Santa Anatolia,,,https,WordPress,No,"Cloudflare, Inc.",64,91,100.00,Sì,No
b&b La casa delle stagioni,Bed & Breakfast,http://www.lacasadellestagioni.it/,392 546 8481,"Via Ponte Rasarolo, 6",L'Aquila,,lacasadellestagioni@gmail.com,https,WordPress,Sì,SEEWEB s.r.l.,45,68,92.00,Sì,No
Amaranto99,Bed & Breakfast,https://amaranto99.it/,389 230 7515,"Via Goriano Valle, 6",L'Aquila,,info@amaranto99.it,https,WordPress,No,OVH SAS,68,68,83.00,Sì,No
B&B Fiume,Bed & Breakfast,http://bedandbreakfastfiume.it/,338 839 1897,"Via Camillo Benso Conte di Cavour, 149B",La Grancia,,info@bedandbreakfastfiume.it,http,React,No,Simply Transit Ltd,66,71,83.00,Sì,No
Ostello Casa Bella,Ostello,http://www.ostellocasabella.it/,392 469 3110,"Viale Città di Tora, 23",Torano,,info@ostellocasabella.it,https,WordPress,No,Aruba S.p.A.,56,61,85.00,Sì,No
A casa di Manu,Bed & Breakfast,,347 854 0859,"Via Siracusa, 12",Isola del Liri,,,,,,,,,,,
La Casa Del Sole,Bed & Breakfast,http://www.lacasadelsoledibomarzo.com/,377 984 8945,Via della Rupe,Bomarzo,,,http,ASP.NET,No,Aruba S.p.A. Network,99,100,91.00,Sì,No
Hotel Relais Filonardi,Hotel,http://www.filonardi.it/,0775 230645,"Piazza dei Franconi, 1",Veroli,,,https,React,No,Google LLC,75,89,83.00,Sì,No
Piccolo Feudo Green Resort,Bed & Breakfast,https://www.piccolofeudo.com/it-it,335 137 1336,Str. Pian del Cerro,Viterbo,,,,Angular,Non trovato,Aruba S.p.A. Network,16,43,77.00,No - Pagina Non Trovata (404),No
Villa Farfalla Bianca,Bed & Breakfast,,329 267 7432,"Str. Mazzatosta, 14 C",Vitorchiano,,,,,,,,,,,
Ristorante Le Fossate,Ristorante,,0744 992606,Loc. fossate 121,Giove,,,,,,,,,,,
Agriturismo Le Querce,Agriturismo,http://www.agriturismobomarzolequerce.it/,338 164 3220,"Via Pontone Lucia, 31",Bomarzo,,info@lequercebomarzo.it,https,WordPress,Sì,Oracle Corporation,66,90,92.00,Sì,No
La Valle di Vico | Agriturismo - Bed and Breakfast,Agriturismo,https://www.lavalledivico.it/,334 540 2178,Strada Comunale Caproceca,Caprarola,,info@lavalledivico.it,https,Angular,No,Keliweb S.R.L,56,92,100.00,Sì,No
TAG Guest House,Bed & Breakfast,http://tagguesthouse.com/,339 540 2423,"Via Roma, 35",Viterbo,,,https,WordPress,Sì,Keliweb S.R.L,59,91,92.00,Sì,No
Casa dei Belli - Alloggio turistico,Bed & Breakfast,https://www.casadeibelli.it/,371 771 0071,"Via Mascagni, 15",Isola del Liri,,,https,Magento,No,SEEWEB s.r.l.,64,92,100.00,Sì,No
La Gismonda,Agriturismo,,06 9981 5284,"Via della Cisterna, 6",Bracciano,,,,,,,,,,,
Villa Vacanze Valentina,Villa,https://villavacanzevalentina.com/,366 307 1979,"Via delle Pantane, 20",Bassano in Teverina,,,https,Wix,No,wix com inc,65,92,100.00,Sì,No
Il Boschetto Bed and Breakfast,Bed & Breakfast,http://www.ilboschetto.biz/,0761 745549,"Via Giovanni XXIII, 26",Soriano Nel Cimino,,info@ilboschetto.biz,https,WordPress,No,Server Plan S.r.l.,70,91,85.00,Sì,No
Il Giardino e La Dimora,Location per matrimoni,https://www.ilgiardinoeladimora.it/,335 618 1595,"Via delle Ripe, 60",Bomarzo,,info@ilgiardinoeladimora.it,https,ASP.NET,No,Aruba S.p.A,66,96,85.00,Sì,No
B&B Il Grifo,Bed & Breakfast,http://bandb-il-grifo.jimdosite.com/,0761 924028,"Piazza Pepe, 4",Bomarzo,,,,Jimdo,Non trovato,"Cloudflare, Inc.",56,88,92.00,Stato Non Determinato,No
Il Buongiorno B&B,Bed & Breakfast,http://www.ilbuongiornobb.it/,347 192 9939,"Via Madonna del Piano, 27",Bomarzo,,,http,ASP.NET,No,Aruba S.p.A. Network,43,80,91.00,Sì,No
Alloggio Turistico D'Annunzio,Bed & Breakfast,,334 996 6233,"Via Gabriele D'Annunzio, 13",Bracciano,,,,,,,,,,,
B&B VILLA SOFIA CIN:IT056024C1VFUPMY2L,Bed & Breakfast,,349 507 7247,"Viale degli etruschi,20 Località",Parco Falisco,,,,,,,,,,,
Bnb Sole e Luna,Alloggio completo di servizi,,349 730 8634,"V. Garibaldi, 21",Calcata Vecchia,,,,,,,,,,,
MAISONETTE Fata Bislacca,Hotel,,0761 587070,"V. Tripoli, 8",Calcata Vecchia,,,,,,,,,,,
La Casa Più Sù,Bed & Breakfast,,339 371 7757,"Via Viterbo, 34/B/Int. 4",Manziana,,,,,,,,,,,
Gatto Matto,Bed & Breakfast,https://gatto-matto.mipiacelitalia.top/,388 795 3963,"Via della Costa, 22",Manziana,,,https,React,No,Contabo GmbH,56,85,85.00,Sì,No
La Casa sui Tetti,Alloggio completo di servizi,,339 275 0526,"V. San Giovanni, 43",Calcata Vecchia,,,,,,,,,,,
"L'Uliveto - Ristorante,Albergo,Pizzeria,Piscina",Hotel,http://www.albergouliveto.it/,0775 335243,"Via Colle Capito, 160",Veroli,,info@albergouliveto.it,,ASP.NET,Sì,Microsoft Corporation,62,82,77.00,Sì,No
Agriturismo Monterone,Agriturismo,http://agriturismo-monterone.com.es/,360 730 677,Contrada Monterone,Ponzano Romano,,,http,WordPress,No,arsys.es,73,95,92.00,Sì,No
Ristorante Il Contado,Pizzeria,http://www.ristoranteilcontado.it/,0761 555228,Via Civita Castellana,Castel Sant'Elia,,,https,ASP.NET,No,Aruba S.p.A. Network,60,98,91.00,Sì,No
Villa Clementina Hotel Spa & Ristorante Bracciano,Albergo benessere,https://www.vclementina.com/,06 998 6268,"Traversa Quarto del Lago, 12",Bracciano,,villaclementina@me.com,https,Basekit,No,Aruba S.p.A.,52,60,100.00,Sì,No
Ape Regina Rignano,Bed & Breakfast,,379 138 8433,"Via Antonio Gramsci, 34",Rignano Flaminio,,,,,,,,,,,
B&B La Mia Casa per Tutti,Bed & Breakfast,http://www.lamiacasapertutti.com/,335 569 6283,"Via della Piscina, 17",Cerveteri,,,http,Weebly,Sì,"Weebly, Inc.",69,83,83.00,Sì,No
B&B Terrazza Del Borgo,Bed & Breakfast,,06 904 9652,"Rim, Via del Salvatore, 46",Campagnano di Roma,,,,,,,,,,,
il Caravaggio b&b,Bed & Breakfast,,370 110 8884,"Via Nino Bixio, 4",Caprarola,,,,,,,,,,,
Bed & Breakfast Piazza Noua 1831,Bed & Breakfast,,346 798 6034,"Via Filippo Corridoni, 61",Sora,,,,,,,,,,,
Life B&B,Bed & Breakfast,https://life-bb.guideditalia.top/,347 779 2072,"Via Cassia, km 44,900",Sutri,,,https,React,No,Contabo GmbH,54,79,92.00,Sì,No
Agrimar,Hotel,,320 606 5515,"Località Monte Cerasa, 2",Rignano Flaminio,,,,,,,,,,,
Villa TOJI luxury private,Albergo benessere,https://www.villatoji.com/,06 3088 9977,"Via del Pero, 1",Bracciano,,info@villatoji.com,https,Joomla,No,Aruba S.p.A.,40,65,92.00,Sì,No
B&B Mimì e Cocò,Bed & Breakfast,,339 735 9839,"Via Antonio Gramsci, 15",Civita Castellana,,,,,,,,,,,
Ha Hotel,Hotel,https://www.hahotel.it/,06 9944 7226,"Via Circumlacuale, 7a",Lungolago,,direzione@hahotel.it,https,Shopify,No,Aruba S.p.A. Network,42,87,91.00,Sì,No
B&B I Gatti Del Castello,Bed & Breakfast,http://www.igattidelcastello.com/,338 779 1330,"Via Colle del Lago, 7C",Bracciano,,,https,Joomla,No,Aruba S.p.A. Network,69,67,83.00,Sì,No
Casa Marianna B&B,Bed & Breakfast,,379 268 7866,"Vico Tramontana, 3",Fontechiari,,,,,,,,,,,
B&B Al Colle,Bed & Breakfast,,334 101 1636,"Via Colle, 48",Pescosolido,,,,,,,,,,,
Romea,Bed & Breakfast,,327 369 9432,"Piazza Cesare Leonelli, 3",Campagnano di Roma,,,,,,,,,,,
Volsci Rooms,Bed & Breakfast,http://www.volscirooms.it/,388 635 4005,"Corso Volsci, 75",Sora,,prenotazioni@volscirooms.it,https,WordPress,No,Combell NV,59,89,85.00,Sì,No
Residenza Nonna Saveria,Bed & Breakfast,,335 596 4319,"Via Ponte Marziano, 1",Sora,,,,,,,,,,,
Fons Clara - Domus et Eventi,Pizzeria,,375 911 4901,"Via Colle Laturo, s.n.c",Fontechiari,,,,,,,,,,,
Bed & Breakfast Portella delle Fate,Bed & Breakfast,http://www.portelladellefate.it/,335 127 5667,"Piazza Cesare Baronio, 27",Sora,,info@portelladellefate.it,https,WordPress,No,Serverplan s.r.l.,59,76,92.00,Sì,No
B&B PETRA,Bed & Breakfast,,347 448 7452,"Via Roma, 61",Pereto,,,,,,,,,,,
B&B Sylvie,Bed & Breakfast,https://www.bebsylvie.it/,393 455 9559,Via E. Zincone,Sora,,,https,WordPress,No,Aruba S.p.A.,55,65,92.00,Sì,No
B&B La Quercia che Ride,Hotel,https://www.laquerciacheride.it/,338 465 2940,"Località Grottelle snc, Camerata Nuova, 00020",Camerata Nuova,,laquerciacheride@ippoagri.it,https,Joomla,No,Aruba S.p.A.,100,100,80.00,Sì,No
PITSTOP Bed&Breakfast,Bed & Breakfast,,393 339 2007,"Str. della Mossa, 6",Campagnano di Roma,,,,,,,,,,,
B&B La Grotta,Bed & Breakfast,https://www.bblagrotta.it/,331 960 1077,"Via Lungo Imele, 4",Tagliacozzo,,,https,WordPress,Sì,NETREALITY Datacenter Services,59,81,92.00,Sì,No
Torre Iolanda,Bed & Breakfast,,338 906 5575,Piazza Fornaccio,Campagnano di Roma,,,,,,,,,,,
casa di amici,Bed & Breakfast,,349 387 4712,"Via Lazio, 11/interno 1",Campagnano di Roma,,,,,,,,,,,
André's House,Hotel,,06 904 1413,"Piazza Fornaccio, 6",Campagnano di Roma,,,,,,,,,,,
La Dolce Sosta,Bed & Breakfast,http://www.ladolcesosta.eu/,06 904 1783,Via di Baccano,Poggio Dell'ellera,,masci.marco23@gmail.com,https,Shopify,No,Aruba S.p.A.,60,89,92.00,Sì,No
Anthea Guest House,Bed & Breakfast,,391 174 2932,"SP96, 389",Campoli Appennino,,,,,,,,,,,
B&B La Spada nella Roccia,Alloggio con uso cucina,,347 044 3777,"nel Parco regionale naturale di Veio, Via Sant'Andrea, 35/A, 00063",Campagnano di Roma,,,,,,,,,,,
Da Righetto,Ristorante,http://www.darighetto.it/,06 904 1036,"Corso Vittorio Emanuele, 70-72-74",Campagnano di Roma,,darighetto@gmail.com,https,React,Sì,Google LLC,74,96,100.00,Sì,No
Ristorante Hotel Benigni,Ristorante italiano,http://www.hotelbenigni.it/,06 904 2671,"Via della Vittoria, 13",Campagnano di Roma,,info@hotelbenigni.it,https,Webflow,No,Aruba S.p.A,24,39,83.00,Sì,No
Il Fiore in una Stanza,Bed & Breakfast,http://www.ilfioreinunastanza.it/,0771 721423,"Via Cesare Battisti, 1",Itri,,info@ilfioreinunastanza.it,https,Joomla,Sì,Aruba S.p.A.,45,68,69.00,Sì,No
B&B Nonna Loreta Cod CIN IT058038C1ULTC5PRG,Bed & Breakfast,https://sites.google.com/view/bb-nonna-loreta/,339 405 5582,"Via Delle Nocette, 6",Formello,,,https,Angular,No,Google LLC,57,85,42.00,Sì,No
La Taverna Ristorante B&B,Bed & Breakfast,,380 509 2024,"Contrada Taverna, 29",Taverna,,,,,,,,,,,
Pensione Campese,Pensione,,0771 735830,Via Giafusco,Trivio,,,,,,,,,,,
VILLA REGINA - Sperlonga Vertice Rooms,Bed & Breakfast,,366 326 1310,"Via Chiarastella, 26",Fondi,,,,,,,,,,,
B&B Vico d'Ercole,Bed & Breakfast,http://www.vicodercole.eu/,353 383 5497,"Via Ercole, 10",Fondi,,info@vicodercole.it,https,Shopify,No,Google LLC,59,89,100.00,Sì,No
B&B Strapalù,Bed & Breakfast,,328 133 7395,"Via Giuseppe Ungaretti, 23",Fondi,,,,,,,,,,,
Il Profumo della Natura,Bed & Breakfast,,335 629 1570,"Strada Ponte Striglia, 10",Oriolo Romano,,,,,,,,,,,
Affittacamere le Benedettine,Bed & Breakfast,https://beblebenedettine.it/,0771 205619,"Via Alessandro Manzoni, 53",Fondi,,info@beblebenedettine.it,https,Shopify,No,Server Plan S.r.l.,62,77,77.00,Sì,No
Villa Rossella,Bed & Breakfast,,351 794 3630,"Via Poggio del Gallo, 18",Manziana,,,,,,,,,,,
Maison de Campagne Bed & Breakfast,Bed & Breakfast,,336 248 888,"Via Viterbo, 14",Manziana,,,,,,,,,,,
Altomuro 39 di S.A.,Bed & Breakfast,,391 100 1808,"Via Altomuro, 39",Formia,,,,,,,,,,,
Il Casale della Merenda,Bed & Breakfast,https://il-casale-della-merenda.hotelpreferito.top/,331 490 2675,"di merenda 7,, Via Casale",Canale Monterano,,,https,WordPress,No,Contabo GmbH,64,89,85.00,Sì,No
Imperatrice Livia,Bed & Breakfast,,339 343 9933,"Via Imperatrice Livia, 17",Fondi,,,,,,,,,,,
La Cornucopia Canale Monterano,Alloggi al coperto,,334 831 7655,"Via del Boschetto, 3",Canale Monterano,,,,,,,,,,,
Villa Clodia Relais Weddings,Hotel,http://www.villaclodia.com/,06 996 2966,"Via del Mattiolo, 3",Manziana,,info@villaclodia.com,https,Shopify,No,Aruba S.p.A.,54,68,85.00,Sì,No
Ostello Ossigeno,Hotel,https://ostello-ossigeno.amenitiz.io/it/booking/room,320 450 8786,"Strada Regionale, 82",Itri,,naturaeaps@gmail.com,https,Shopify,No,"Cloudflare, Inc.",42,51,77.00,Sì,No
Bed & Breakfast Le Mille e una Notte,Bed & Breakfast,,338 137 8518,"Via Ripa, 20",Itri,,,,,,,,,,,
La Corte dei Signoretti,Bed & Breakfast,https://it.cortesignoretti.com/,331 235 5556,"Via Monterano, 5",Canale Monterano,,info@cortesignoretti.com,https,Wix,No,Google LLC,61,97,100.00,Sì,No
Baia Benessere B&B Eco Vegan | Shiatsu,Bed & Breakfast,https://www.baiabenessere.it/,320 767 1000,"Via della Mimose, 29",Santa Severa Nord,,baiabenessere@gmail.com,https,WordPress,No,Google LLC,57,50,85.00,Sì,No
Petalo Rosso,Bed & Breakfast,http://www.petalorosso.it/,349 295 8690,"Via Pozzavegli, 22",Lenola,,,https,React,No,Google LLC,63,88,100.00,Sì,No
La Riserva Ristorante e B&B,Ristorante,http://www.ristorantelariserva.it/,06 996 4473,"via solfatara, 13",Canale Monterano,,info@ristorantelariserva.it,https,React,No,Aruba S.p.A. Network,60,79,100.00,Sì,No
Il Rifugio nel Bosco,Bed & Breakfast,,328 486 0867,"Via Acquamartina, 7",Rieti,,,,,,,,,,,
Valle Santa,Bed & Breakfast,,338 652 8765,Loc.Poeta 1,Poggio Bustone,,,,,,,,,,,
Casa del 1000,Bed & Breakfast,,347 743 8025,"Via Palestro, 42",Canino,,,,,,,,,,,
B&B Raggio di Sole,Bed & Breakfast,http://www.bb-raggiodisole.com/,347 480 2042,"Via IV Novembre, 116",Trevignano Romano,,bb-raggiodisole@alice.it,https,WordPress,No,Aruba S.p.A.,65,92,92.00,Sì,No
Villa Dell'Annunziata,Alloggi al coperto,http://www.villadellannunziata.com/,0746 272366,"Via Foresta, 26",Rieti,,,https,Joomla,No,Netsons s.r.l.,65,87,92.00,Sì,No
Bed and Breakfast villa le Giare,Bed & Breakfast,,0761 438489,"Strada 58, Località Macchia dei Buoi, snc - Musignano",Canino,,,,,,,,,,,
Il Giardino di Mary,Bed & Breakfast,http://www.ilgiardinodimary.it/,0746 220811,"via F.M. Malfatti, 21","loc. Vazia, Rieti",,info@ilgiardinodimary.it,https,Shopify,Sì,Aruba S.p.A.,49,75,92.00,Sì,No
CasettaRosaria,Alloggio turistico,,328 800 4261,Via Garofoli,Canino,,,,,,,,,,,
Le Palme B&B di Rosanna Susini,Bed & Breakfast,,0761 438254,"SR 312 km 21,700",Canino,,,,,,,,,,,
Bed & Breakfast La Vecchia Torre Canino,Bed & Breakfast,,335 718 9597,"Km. 9,, Strada Regionale 312 Castrense",Canino,,,,,,,,,,,
Relais Villa D'Assio,Hotel,https://www.relaisvilladassio.com/it/homepage,0746 636200,"S.S. 79, Loc. Mazzetelli",Colli sul Velino,,relaisvilladassio@gmail.com,,ASP.NET,No,Microsoft Corporation,57,78,92.00,Sì,No
Villa Etruria Guest House,Bed & Breakfast,http://www.villaetruria.it/,335 527 0432,"Via Brodolini, 115",Pitigliano,,,https,Joomla,No,"Amazon.com, Inc.",56,92,100.00,Sì,No
Al 22 di Piazza del Gesù,Alloggio completo di servizi,http://www.al22piazzagesu.it/,347 132 5953,"Piazza del Gesù, 22",Viterbo,,info@al22piazzagesu.it,https,Shopify,Sì,Aruba S.p.A.,42,65,85.00,Sì,No
Palazzo Falzacappa,Bed & Breakfast,http://palazzo-falsacappa.italia-centro.it/,329 222 1055,"Via Regina Margherita, 32",Canino,,,http,React,No,OVH SAS,57,97,83.00,Sì,No
B&B Al Pergolato,Bed & Breakfast,,353 384 9791,Via del Pergolato,Viterbo,,,,,,,,,,,
Casa Vacanze San Giacomo,Bed & Breakfast,https://casasangiacomopoggiobustone.jimdosite.com/,339 564 5493,"Via S. Giacomo, 4",Poggio Bustone,,,,Jimdo,Non trovato,"Cloudflare, Inc.",87,94,92.00,Stato Non Determinato,No
B&B Il Casale dei Nonni,Bed & Breakfast,https://www.ilcasaledeinonni.com/,340 520 4142,"Via Torretta, 30",Rieti,,,https,React,No,Google LLC,62,70,92.00,Sì,No
IL MELOGRANO B&B,Bed & Breakfast,,335 578 7726,"Via dei Melograni, 13",Fabrica di Roma,,,,,,,,,,,
La Bastia Hotel,Hotel,http://www.labastia.it/,0761 745383,"Via Giovanni XXIII, 39",Soriano Nel Cimino,,,https,React,No,Server Plan S.r.l.,70,96,92.00,Sì,No
Dimore Santa Maria,Bed & Breakfast,https://www.dimoresantamaria.it/,320 531 9458,"Via San Maria, 5",Carbognano,,info@dimoresantamaria.it,https,ASP.NET,No,Aruba S.p.A. Network,100,100,92.00,Sì,No
Bed & Breakfast Le Bacette,Bed & Breakfast,https://www.mytuscia.com/bed-breakfast-le-bacette-caprarola.html,328 873 4379,"Località Cucciale, snc",Caprarola,,johndoe@domain.com,https,React,No,"Cloudflare, Inc.",53,75,92.00,Sì,No
Il Vicolo bed and breakfast,Bed & Breakfast,https://lacasadelgustocaprarola.it/ilvicolo/,340 752 0075,"Via S. Egidio, 3",Caprarola,,,,WordPress,Non trovato,Aruba S.p.A. Network,69,91,82.00,No - Pagina Non Trovata (404),No
Agriturismo la collina degli ulivi,Agriturismo,,327 341 6422,"Via Selci, 72",Gavignano Sabino,,,,,,,,,,,
B&B L'Uliveto,Bed & Breakfast,,339 710 8356,"Via Maglianese, 22",Colleberardo,,,,,,,,,,,
La Torretta Historical Home,Bed & Breakfast,http://www.latorrettabandb.com/,0765 63202,"Via Mazzini, 7",Casperia,,,https,WordPress,Sì,Aruba S.p.A. Network,63,90,85.00,Sì,No
Alloggio Turistico Riosole 5.8,Hotel,https://alloggituristici58.it/,0765 546507,"V. Riosole, 58",Poggio Mirteto,,info@alloggituristici58.it,https,React,No,Aruba S.p.A.,69,90,92.00,Sì,No
Agriturismo le Mandriacce,Alloggi al coperto,,333 744 0759,"Via Piana, 11",Ponzano Romano,,,,,,,,,,,
Casa Nupa - alloggio turistico,Alloggio completo di servizi,,330 574 004,"Vocabolo Pozzillo, sn",Torri in Sabina,,,,,,,,,,,
Luxury Relais Cuore Sabino,Hotel,http://www.ponzanosorattehotel.it/,347 158 7290,"Corso Umberto, 2",Stimigliano,,relaiscuoresabino@gmail.com,https,WordPress,Sì,Aruba S.p.A.,50,64,92.00,Sì,No
Agriturismo Valle d'Ambrosia,Agriturismo,,328 655 1532,Via San Giovanni snc (Loc. Cantalupo in Sabina),Selci,,,,,,,,,,,
CASA ROSA,Bed & Breakfast,,327 979 1301,Via Pasubio,Monterotondo,,,,,,,,,,,
La Valle del Tevere,Bed & Breakfast,https://www.lavalledeltevere.it/,328 878 4302,"Borgo Regina Margherita, 46",Torrita Tiberina,,,https,WordPress,No,Netsons Network,77,98,92.00,Sì,No
G&B Suite,Bed & Breakfast,,388 773 5510,"Via di Mezza Costa, 44A",Castelnuovo di Porto,,,,,,,,,,,
B&B Al Laghetto,Bed & Breakfast,http://www.beb-laghetto.it/,0765 455612,"Via Del Sassone, 51",Fiano Romano,,,https,WordPress,No,"Amazon.com, Inc.",87,91,100.00,Sì,No
A casa di Lu',Bed & Breakfast,,379 280 6553,"Via Antonio Fattinnanzi, n°9",Monterotondo,,,,,,,,,,,
Agriturismo San Lorenzo,Agriturismo,https://agriturismo-san-lorenzo.italiadestinazioni.top/,0765 63893,"Via S. Lorenzo, 1",Roccantica,,,https,React,No,Contabo GmbH,49,90,85.00,Sì,No
I due melograni agriresort,Agriturismo,http://www.iduemelograni.com/,339 867 2348,"Contrada Benedetti, 101",Tarano,,,https,Shopify,No,Aruba S.p.A. Network,68,76,85.00,Sì,No
Bed and Breakfast Alla Quercia,Bed & Breakfast,http://www.allaquercia.it/,328 164 8643,"Via della Gavaccia, 50",Monterotondo,,,https,WordPress,No,"Amazon.com, Inc.",65,88,100.00,Sì,No
B&B La Locanda Del Tevere,Bed & Breakfast,,339 530 1376,"Via del Tevere, 26T",Fiano Romano,,,,,,,,,,,
B&B Degli Ulivi,Bed & Breakfast,,0765 455124,"Via Firenze, 47",Fiano Romano,,,,,,,,,,,
Bed and Bikers (CIR 30079),Bed & Breakfast,,338 561 3337,"Via Monte Marino, 25",Riano,,,,,,,,,,,
B&B La Cupella,Bed & Breakfast,http://www.lacupella.it/,338 422 4137,"Via Vincenzo Bellini, 36",Monterotondo,,info@lacupella.it,https,WordPress,No,Simply Transit Ltd,59,64,83.00,Sì,No
A1-GIRASOLE BED AND BREAKFAST,Bed & Breakfast,,340 274 9896,"Circonvallazione Beethoven, 18",Girardi-bellavista-terrazze,,,,,,,,,,,
BADUERUGHE - VALLE DEL LAGO,Bed & Breakfast,https://www.baduerughe.it/,391 708 3283,"Via Valle del Lago, Via Valle del Lago I Tratto, 3 I",Poggio Mirteto,,c.h.baduerughe@gmail.com,https,Webnode,No,Amazon Technologies Inc.,64,93,92.00,Sì,No
B&b La Barabbata,Bed & Breakfast,,333 499 7587,"Via Papa Callisto III, 48",Marta,,,,,,,,,,,
B&B Monte Tavolino,Bed & Breakfast,,338 436 2033,località monte tavolino,Capodimonte,,,,,,,,,,,
Caracciolo B&b,Bed & Breakfast,https://caracciolo-bb.alberghiinitalia.top/,347 456 0286,"Via Milano, 15",Fiano Romano,,,https,React,No,Contabo GmbH,52,87,92.00,Sì,No
Agriturismo Valle Siriaca,Agriturismo,https://www.vallesiriaca.it/,345 788 6753,"Via di Vallelunga, 49",Castelnuovo di Porto,,info@vallesiriaca.it,https,WordPress,No,Aruba S.p.A.,56,84,100.00,Sì,No
Casa Rosada B&B,Bed & Breakfast,https://www.casarosadabeb.it/,375 902 0710,"Via Vigna del Piano, 43",Riano,,,https,React,No,Google LLC,61,92,100.00,Sì,No
B&B Flaminia Eco Country,Bed & Breakfast,,346 685 3005,"SS3, 97",Castelnuovo di Porto,,,,,,,,,,,
Alloggio turistico,Bed & Breakfast,,0761 870107,"Via Guglielmo Marconi, 77",Capodimonte,,,,,,,,,,,
Locanda Maddalena - Accoglienza pellegrini - Alloggio turistico,Hotel,https://www.locandamaddalena.it/,339 454 9097,"Via Verentana, 73",Montefiascone,,milco.francia@virgilio.it,https,Shopify,No,Aruba S.p.A.,51,52,100.00,Sì,No
Jerry & Titty Charming House Capena,Bed & Breakfast,https://jerryetittyhouse.it/,320 317 7631,"Via S. Luca, 17",Capena,,jerryetitty@gmail.com,https,React,No,Server Plan S.r.l.,47,74,85.00,Sì,No
Agriturismo Le Ginestre,Agriturismo,http://www.agriturismoleginestre.it/,335 548 7043,"Strada Verentana, km.16/700",Loc. Ginestreto,,info@agriturismoleginestre.it,https,React,No,Aruba S.p.A. Network,56,91,85.00,Sì,No
B&B L'Albero del Pepe,Bed & Breakfast,http://www.alberodelpepe.it/,342 838 4202,"14, Seconda Str. Via di Pratalata, 2",Fiano Romano,,info@alberodelpepe.it,http,React,No,Hetzner Online GmbH,64,67,83.00,Sì,No
Le Fontane Azzurre B&B,Bed & Breakfast,,331 580 3099,"Via Generale Ballanti, 30",Cave,,,,,,,,,,,
The Lake,Bed & Breakfast,http://bbthelake.it/,338 753 5056,"Viale Regina Margherita, snc",Capodimonte,,,http,ASP.NET,No,Aruba S.p.A. Network,94,100,100.00,Sì,No
B&B Valmontone MagicLand - Casa del Girasole,Bed & Breakfast,http://www.casadelgirasole.com/,333 948 5935,"Via Luigi Petroselli, 50/int.2",Genazzano,,bbcasadelgirasole@gmail.com,https,React,Sì,Aruba S.p.A. Network,63,94,92.00,Sì,No
Agriturismo Le Cannucceta,Agriturismo,http://www.lecannucceta.it/,06 953 5811,"str. Prov, 58a/km 6.600",Castel San Pietro Romano,,info@lecannucceta.it,http,ASP.NET,No,Aruba S.p.A. Network,75,85,82.00,Sì,No
B&B La Toscana,Bed & Breakfast,https://bb-la-toscana.italiavacanzeindimenticabili.top/,329 260 5843,"loc Terrarossa, 10",Marta,,,https,WordPress,No,Ipxo LLC,48,83,92.00,Sì,No
Lo scoiattolo b&b,Bed & Breakfast,,348 301 5808,"Via Cima, 1/A",Cave,,,,,,,,,,,
La casetta nel granaio,Alloggio completo di servizi,,389 219 9007,"Vicolo Forno Da Capo, 7",Capranica,,,,,,,,,,,
Le Fontanelle,Pizzeria,,0761 156 0247,"Via XX Settembre, 13",Capranica,,,,,,,,,,,
B&B Villa Toce,Bed & Breakfast,https://www.bebvillatoce.it/,335 624 0222,"Contrada Toce, 6",Cave,,,https,Shopify,Sì,Server Plan S.r.l.,57,79,100.00,Sì,No
B&B Villa Ida,Bed & Breakfast,,0761 669253,"Località Caiolo, 6",Capranica,,,,,,,,,,,
Alloggio al 29,Villa,,338 282 4531,"Via Fratelli Rosselli, 29",Ronciglione,,,,,,,,,,,
B&B I Giardinetti,Bed & Breakfast,,389 989 9403,"Via S. Silvestro, 1",Caprarola,,,,,,,,,,,
B&B Buongiorno Caprarola,Bed & Breakfast,,331 940 5213,"Via Nicola Borgna e Giacomo Loppi, 5",Caprarola,,,,,,,,,,,
B&B L'Infinito,Hotel,https://www.bbinfinito.com/,349 493 2459,"Via Aldo Moro, 13",Carbognano,,bbinfinito@hotmail.it,https,React,No,Serverplan S.r.l.,47,66,82.00,Sì,No
B&B All’Ombra della Torre,Bed & Breakfast,,339 304 6566,"Via Alberto Cencelli, 21",Fabrica di Roma,,,,,,,,,,,
Antico Borgo di Sutri,Hotel,https://www.anticoborgodisutri.it/,0761 586988,"S.S. Cassia, Km 46/700",Sutri,,info@anticoborgodisutri.it,https,WordPress,Sì,Aruba S.p.A.,49,72,92.00,Sì,No
Casa Bompard Guest House,Pensione,http://www.casabompard.com/,339 320 6983,"Via del Cantinone, 40",Capodimonte,,casabompard@gmail.com,https,WordPress,Sì,Aruba S.p.A.,62,79,100.00,Sì,No
Bed and Breakfast Menica Marta Country House,Bed & Breakfast,,0761 569684,"Via Chiossi, 5",Fabrica di Roma,,,,,,,,,,,
LAKO Hostel,Ostello,https://www.lakohostel.com/,378 301 9312,"Viale Regina Margherita, 48",Capodimonte,,info@lakohostel.com,,WordPress,No,Aruba S.p.A. Network,50,73,85.00,Sì,No
Ostello Farnese,Ostello,https://www.ostellofarnese.it/,379 264 8593,Via Antonio da Sangallo,Caprarola,,info@ostellofarnese.it,https,Joomla,Sì,Server Plan S.r.l.,60,69,100.00,Sì,No
B&B Casino del Monaco,Bed & Breakfast,https://casinodelmonaco.it/,348 723 6392,"Via Casino del Monaco, 1",Casalvieri,,,https,WordPress,Sì,Server Plan S.r.l.,66,98,92.00,Sì,No
Conti B&b Suite Ponte Amato,Bed & Breakfast,https://www.contiristorante.com/,06 8967 3298,"Via Ponte Amato, 4a",Gallicano nel Lazio,,,https,Joomla,No,Google LLC,70,92,85.00,Sì,No
Alla Sibilla Casa Vacanze,Pensione,,338 990 5029,"Via della Sibilla, 57",Tivoli,,,,,,,,,,,
Castello Brancaccio,Castello,http://castellobrancaccio.it/,328 313 0250,"P.za Castello Brancaccio, 1",San Gregorio da Sassola,,info@castellobrancaccio.it,https,Squarespace,No,"Squarespace, Inc.",53,42,92.00,Sì,No
Park Hotel Imperatore Adriano,Hotel,https://www.parkhotelimperatoreadriano.it/,0774 324844,"Via Giuseppe Garibaldi, 167",Tivoli,,info@imperatorecongressi.com,https,React,Sì,OVH SAS,84,99,92.00,Sì,No
La Giada,Bed & Breakfast,http://www.bbtivoli.com/,329 181 1419,"Vicolo del Duomo, 1",Tivoli,,lagiada@bbtivoli.com,http,WordPress,No,Register.IT S.p.A,69,91,77.00,Sì,No
CasaMarilena,Bed & Breakfast,,340 668 1684,"Via Val d'Aosta, 10",Tivoli,,,,,,,,,,,
Alloggio Turistico La Casa di Nonna,Bed & Breakfast,http://www.lacasadinonna.it/,353 372 1614,"Vicolo Alessandro Olivieri, 5",Tivoli,,prenotazioni@lacasadinonna.it,https,WordPress,No,Aruba S.p.A.,44,72,92.00,Sì,No
B&B Roma Fuori Porta,Servizio di ricerca di compagni di stanza,http://www.bbromafuoriporta.it/,338 848 4898,"Via Casilina, 460",San Cesareo,,info@cliftonhotel.com,https,React,No,SEEWEB s.r.l.,67,98,82.00,Sì,No
Il Ripone di Annibale | B&B,Bed & Breakfast,http://www.ilriponediannibale.it/,0765 85040,"Via Vignanello, 6/A",Casaprota,,ilriponediannibale@tiscali.it,https,WordPress,No,Aruba S.p.A.,56,52,100.00,Sì,No
COUNTRY HOUSE,Bed & Breakfast,,329 806 6864,"Via Melogrosso, 84",Sezze,,,,,,,,,,,
B&B I Due Gelsi,Bed & Breakfast,,347 641 2908,"Via Giuseppe Garibaldi, 23",Montelibretti,,,,,,,,,,,
A Casa di Marina,Bed & Breakfast,,338 325 6698,"Via Ginesio, 43",Bassiano,,,,,,,,,,,
Albergo Bellavista,Hotel,http://www.gruppoflamini.it/ALBERGO_BELLAVISTA/,0773 693693,"Via delle Medaglie d'Oro, 7",Latina,,albergobellavista@gruppoflamini.com,http,ASP.NET,No,Aruba S.p.A. Network,99,100,91.00,Sì,No
Hotel Excelsior,Hotel,http://www.gruppoflamini.it/HOTEL_EXCELSIOR/,377 529 7158,P.le Lelia Caetani,Latina Scalo,,hotelexcelsior@gruppoflamini.com,http,ASP.NET,No,Aruba S.p.A. Network,100,100,91.00,Sì,No
Guest House - Il Granaio,Bed & Breakfast,,339 262 1158,"P.za della Rinascita, 3",Norma,,,,,,,,,,,
B&B Villa Olimpia,Bed & Breakfast,http://www.villaolimpia.com/,335 598 6863,Piazza Regina Margherita,Carpineto Romano,,info@villaolimpia.com,https,WordPress,Sì,Aruba S.p.A.,56,70,77.00,Sì,No
B&B La Colonna,Bed & Breakfast,,06 971 7323,Contrada Scarangi,Carpineto Romano,,,,,,,,,,,
Antica Norma Alloggio Turistico,Bed & Breakfast,http://www.anticanorma.it/,338 848 1094,"Via Nazionale, 27",Norma,,anticanorma@libero.it,https,Angular,No,Google LLC,30,28,73.00,Sì,No
Casa Latini Bed & Breakfast Casperia Italy,Bed & Breakfast,,339 704 3595,via Latini No 26,Casperia,,,,,,,,,,,
Casale Cavatella,Hotel,https://www.casalecavatella.it/,392 908 8436,"Via Cavatella, 8",Sermoneta,,info@casalecavatella.it,https,WordPress,No,"DigitalOcean, LLC",52,65,92.00,Sì,No
La Rupe Bed and breakfast,Bed & Breakfast,http://www.larupebedandbreakfast.it/,340 002 4032,"Via della Rupe, 20",Norma,,battistidalila@gmail.com,https,ASP.NET,No,Aruba S.p.A. Network,56,67,92.00,Sì,No
Agriturismo Nociquerceto,Agriturismo,http://www.nociquerceto.com/,333 744 1403,Contrada Noci Querceto,Tarano,,info@nociquerceto.com,https,WordPress,No,Google LLC,55,87,100.00,Sì,No
La Casa del Viandante,Agriturismo,https://ilviandanteinsabina.com/,327 902 7107,"Contrada Galantina, 1",Forano,,ilviandanteinsabina@gmail.com,https,React,No,Amazon Technologies Inc.,78,89,100.00,Sì,No
B&B Le Camerette di Edda cin:IT060019C1CYQMM9U3,Bed & Breakfast,,338 874 1148,"Via Raccordo Ausonia, 8",Cassino,,,,,,,,,,,
b&b l'Angolo di Mo,Bed & Breakfast,,338 166 5481,"Piazza Pier Carlo Restagno, 4",Cassino,,,,,,,,,,,
B&B Parini,Hotel,,349 624 8168,"Via Giuseppe Parini, 9",Cassino,,,,,,,,,,,
La Terrazza di Sferra,Bed & Breakfast,http://www.laterrazzadisferra.it/,376 243 0422,"Via Sferracavalli, 59c",Cassino,,,https,WordPress,No,Server Plan S.r.l.,92,94,100.00,Sì,No
Grand Hotel Pavone,Hotel,http://www.ghpavone.com/,0776 300396,Via Ausonia,Cassino,,,http,ASP.NET,No,Server Plan S.r.l.,99,100,82.00,Sì,No
B&B La Costa,Bed & Breakfast,,0776 277811,"Via Caira, 35",Cassino,,,,,,,,,,,
Elegance B & B,Bed & Breakfast,,353 389 4475,"Via dell'Anatra, 6",Ladispoli,,,,,,,,,,,
Ristofamily Cavallino Matto - Cavallino Bianco,Ristorante,,06 995 2264,"Piazza Risorgimento, 7",Cerveteri,,,,,,,,,,,
La stazione di posta,Bed & Breakfast,https://www.bed-and-breakfast.it/it/lazio/la-stazione-di-posta-cassino/61420,388 437 6530,"Via degli Eroi, 9",Cassino,,,https,Joomla,Sì,"Amazon.com, Inc.",55,67,92.00,Sì,No
Agriturismo Il Pioppeto,Agriturismo,http://www.pioppetocassino.com/,349 431 2563,"Strada Provinciale 81, 44",Cassino,,info@pioppetocassino.com,https,React,Sì,Google LLC,74,97,100.00,Sì,No
B&B L'EDEN,Bed & Breakfast,http://www.bbleden.it/,388 735 4450,"Via Sant'Angelo, 13",Cassino,,dannolfoalberto@gmail.com,https,Shopify,No,"Cloudflare, Inc.",39,36,100.00,Sì,No
B&B The Green Garden Valcanneto vicino Palidoro Bambin Gesù,Bed & Breakfast,http://www.bbgreengardenvalcanneto.altervista.org/,06 9920 6258,"Via Arcangelo Corelli, 223",Valcanneto,,,http,WordPress,No,Hetzner Online GmbH,91,77,83.00,Sì,No
A casa di Anna,Bed & Breakfast,,338 750 8548,"Largo della Boccetta, 5/6",Cerveteri,,,,,,,,,,,
Allaportaccanto Bed & Breakfast,Hotel,http://www.allaportaccanto.it/,338 488 2252,"Via Secondino Pagano, 7",Cassino,,info@allaportaccanto.it,https,WordPress,No,Aruba S.p.A. Network,59,66,92.00,Sì,No
Colombo Suite Cassino,Bed & Breakfast,http://www.colombosuite.it/,327 969 4653,"Via Cristoforo Colombo, 44",Cassino,,info@colombosuite.it,https,Shopify,Sì,Serverplan s.r.l.,56,76,92.00,Sì,No
Bed and Breakfast Le Cascatelle,Bed & Breakfast,http://www.bblecascatelle.it/,338 200 6831,"Via Fosso del Norcino, 22",Cerveteri,,,http,Mobirise,No,Aruba S.p.A. Network,0,100,100.00,Sì,No
Affitto Lago del Turano - Castel di Tora (RI),Alloggio completo di servizi,,346 817 4740,"Via Cenci, 27",Castel di Tora,,,,,,,,,,,
Podere 1248,Agriturismo,https://www.podere1248.com/,340 196 0255,"Via dell'Acquedotto Statua, 5",Ladispoli,,info@podere1248.com,https,Shopify,Sì,Aruba S.p.A. Network,56,69,100.00,Sì,No
Villa Grazia,Bed & Breakfast,,349 772 2128,"Via Cardiff, 16",Ladispoli,,,,,,,,,,,
La Locandina,Bed & Breakfast,http://www.lalocandinacerveteriroma.it/,335 309 645,"Via Domenico de Santis, 126",Cerveteri,,info@lalocandinacerveteriroma.it,http,WordPress,No,Register.IT S.p.A,71,87,75.00,Sì,No
Casale Elisa,Hotel,http://www.casaleelisa.com/,06 8987 7423,"Via dei Pini, 11",Marina di San Nicola,,8eb368c655b84e029ed79ad7a5c1718e@sentry.wixpress.com,https,React,No,Google LLC,70,95,100.00,Sì,No
Alloggi ad uso turistico,Alloggio completo di servizi,,328 388 6785,"Largo della Boccetta, 27",Cerveteri,,,,,,,,,,,
Casa Lucia b&b,Bed & Breakfast,https://casadilucia.bedsandhotels.com/,328 410 8213,"Via Palermo, 106",Ladispoli,,,https,React,No,Hetzner Online GmbH,65,98,91.00,Sì,No
Casale del tiglio,Bed & Breakfast,http://www.casaledeltiglio.it/,06 994 3993,"via settevene palo nuova 344, Via Settevene Palo Nuova, km 11/600",Cerveteri,,info@casaledeltiglio.it,https,WordPress,No,SEEWEB s.r.l.,66,83,92.00,Sì,No
Bed and Breakfast MariaRosaria,Bed & Breakfast,http://www.mariarosarialadispoli.it/,06 991 3763,"Via Fiume, 106",Ladispoli,,info@mariarosarialadispoli.it,,ASP.NET,No,Microsoft Corporation,67,91,85.00,Sì,No
Bed and Breakfast Millennium Ladispoli,Bed & Breakfast,http://www.bb-ladispoli.it/,349 837 2950,"Via della Cannella, 19",Ladispoli,,,https,Weebly,Sì,"Weebly, Inc.",65,78,83.00,Sì,No
B&B Al Vecchio Fontanile,Bed & Breakfast,http://www.alvecchiofontanile.it/,329 114 0067,"Via di Ceri, 31",Cerveteri,,sabrina@alvecchiofontanile.it,http,React,No,Aruba S.p.A. Network,79,96,91.00,Sì,No
Agriturismo Incantesimo del Lago Salto,Agriturismo,https://agriturismo-incantesimo-del-lago-salto.dormireinitalia.top/,349 393 0721,Strada provinciale 27 Km 1,Varco Sabino,,,https,React,No,Contabo GmbH,42,89,92.00,Sì,No
B&B Casa Doria,Bed & Breakfast,,391 343 6069,"Via Colle Ospedale, 77",Valmontone,,,,,,,,,,,
Rome Services Porta Castello,Bed & Breakfast,,320 909 4228,"Via di Porta Castello, 10",Roma,,,,,,,,,,,
Domizia Sancti Angeli,Bed & Breakfast,,06 687 5341,"Piazza di Ponte S. Angelo, 32",Roma,,,,,,,,,,,
B&B Fontedellangelo,Hotel,,0737 970112,"Via B. Vittazzi, 12",Castelsantangelo sul Nera,,,,,,,,,,,
Castel Sant'Angelo Inn,Bed & Breakfast,,347 723 8653,"Via Pietro Cavallini, 12",Roma,,,,,,,,,,,
B&B Casale delle Lavande,Bed & Breakfast,,328 465 3913,"Contrada S. Pietro, 94",Città Sant'Angelo,,,,,,,,,,,
Aurelius Ponte Sant'Angelo,Bed & Breakfast,https://www.aureliusangelo.com/,06 662 4500,"Via di Panico, 72",Roma,,info@aureliusangelo.com,https,Shopify,No,Google LLC,56,96,83.00,Sì,No
Castel Sant´Angelo Luxury Rooms & Tour,Bed & Breakfast,https://www.castelsantangeloluxuryrooms.com/,333 773 7560,"Via del Banco di Santo Spirito, 48",Roma,,info@castelsantangeloluxuryrooms.com,https,WordPress,Sì,OVH ISP,63,96,100.00,Sì,No
BeB Santangelo,Bed & Breakfast,http://www.bbsantangelo.it/,333 306 7659,via Ferdinando Trotta,Stio,,,https,ASP.NET,No,Aruba S.p.A. Network,52,79,91.00,Sì,No
B&b Il vascello,Bed & Breakfast,,06 957 3401,"Via Vito Fontana, Snc",Castel San Pietro Romano,,,,,,,,,,,
Il giardino delle camelie - b&b,Bed & Breakfast,,334 843 5528,"Viale Fussen, 4",Palestrina,,,,,,,,,,,
L'Orchidea,Bed & Breakfast,,339 375 0088,"Via F. Lli. Rosselli, 2",Palestrina,,,,,,,,,,,
Albergo Ristorante Stella,Hotel,,06 953 8172,"Piazza della Liberazione, 3",Palestrina,,,,,,,,,,,
BoRooms,Bed & Breakfast,http://www.borooms.it/,392 243 0369,"Borgo Pio, 203",Roma,,info@borooms.it,https,WordPress,No,Aruba S.p.A. Network,55,52,92.00,Sì,No
Casa Alberico B&B,Bed & Breakfast,https://casa-alberico-bb.mipiacelitalia.top/,0827 23642,Strada Provinciale 29,Sant'Angelo dei Lombardi,,,https,WordPress,No,Contabo GmbH,62,90,85.00,Sì,No
Infinity Castle B&B,Bed & Breakfast,,351 651 9934,"Via del Banco di Santo Spirito, 3",Roma,,,,,,,,,,,
Relais Palazzo Taverna,Hotel,http://www.relaispalazzotaverna.com/,06 2039 8064,"Via Gabrielli, 92",Roma,,info@relaispalazzotaverna.com,https,WordPress,No,Server Plan S.r.l.,33,50,92.00,Sì,No
Marta Guest House,Bed & Breakfast,https://beb.it/lamaisondemarta,06 6889 2992,"Via Tacito, 41",Roma,,,https,Squarespace,No,"Amazon.com, Inc.",70,93,100.00,Sì,No
La Residenza dell'Angelo,Bed & Breakfast,https://www.residenzadellangelo.com/,331 162 4540,"Via Paola, 46",Roma,,info@merkavatransfer.com,https,Shopify,Sì,Google LLC,55,86,82.00,Sì,No
Villa Finzi-Clementi,Bed & Breakfast,,06 953 7413,"Via Colle Sant'Agapito, 5",Palestrina,,,,,,,,,,,
B&B La cancellata di Mezzo,Bed & Breakfast,,331 531 3601,"Via Cancellata di Mezzo, 75",Zagarolo,,,,,,,,,,,
AffittaCamere Palestrina Borghetto degli Oleandri,Bed & Breakfast,https://www.affittacamerepalestrina.it/,338 739 0911,"Via della Molella, 47",Palestrina,,info@affittacamerepalestrina.it,https,ASP.NET,No,Aruba S.p.A,71,98,85.00,Sì,No
Residence Termedipalestrina,Hotel,https://residence-termedipalestrina.hotelperiviaggi.top/,345 777 8089,"Via delle Piagge, 74",Palestrina,,,https,WordPress,No,Contabo GmbH,66,86,85.00,Sì,No
Palestrina-Valmontone B&B,Bed & Breakfast,https://palestrina-valmontone-bb.italiabella.top/,06 953 5364,"Via Prenestina Nuova, 57",Palestrina,,,https,React,No,Contabo GmbH,53,87,92.00,Sì,No
L'Upupa Bed and Breakfast,Bed & Breakfast,,333 948 8864,"Via Santa Maria, 75/A",Palestrina,,,,,,,,,,,
Ondina Bed & Breakfast,Bed & Breakfast,https://ondinabb.com/,339 140 5593,"Via Tacito, 64",Roma,,info@ondinabb.com,https,React,No,Aruba S.p.A.,56,79,85.00,Sì,No
Club kotobuki,Bed & Breakfast,,392 233 6418,"Via monte l’abate, 1",Castel San Pietro Romano,,,,,,,,,,,
BQ House Castello,Bed & Breakfast,,366 939 8168,"Via delle Fosse di Castello, 6",Roma,,,,,,,,,,,
B&B Nocifazino,Bed & Breakfast,http://www.nocifazino.com/,389 184 2729,"V Spirito Santo, 21",Cave,,,http,ASP.NET,No,Aruba S.p.A. Network,89,93,100.00,Sì,No
La Locanda Del Ditirambo,Ristorante,,0775 662091,"Via dell'Orologio, 11/A",Castro dei Volsci,,,,,,,,,,,
Azienda Agrituristica Il Ruspante,Agriturismo,http://www.ilruspante.it/,0775 686750,"Contrada Collenuovo, 1",Castro dei Volsci,,,https,Shopify,No,Seeweb srl,56,66,92.00,Sì,No
Contrada Brancaleone,Hotel,,333 111 8029,Via Rio Vicano snc,Castel SantʼElia,,,,,,,,,,,
B&B L'Orto Sul Poggio,Bed & Breakfast,,327 105 8588,"Str. Vallicella, via di Falleri, snc",Sutri,,,,,,,,,,,
Agriturismo Colle Salomonio,Agriturismo,https://www.collesalomonio.com/,375 634 8549,"Via Cassia Cimina, 1348",Nepi,,,https,React,No,Server Plan S.r.l.,38,63,92.00,Sì,No
Hotel Sassacci,Hotel,http://www.hotelsassacci.it/,0761 542007,"Via Flaminia, Km 56",Civita Castellana,,,http,React,No,Aruba S.p.A.,65,88,83.00,Sì,No
Gli olivi,Bed & Breakfast,,351 400 2375,"Via di Gobbi, 8",Formello,,,,,,,,,,,
Il casale della regina,Agriturismo,http://www.ilcasaledellaregina.it/,339 874 6914,Via Abate I. Rea,Arpino,,,https,WordPress,No,Netsons Network,60,81,77.00,Sì,No
IN CENTRO - Rooms and Apartments,Hotel,https://book.incentro.biz/,333 803 5038,"Via Giuseppe Verdi, 4",Isola del Liri,,alessandro@incentro.biz,https,Basekit,No,Aruba S.p.A.,54,65,92.00,Sì,No
Il Casaletto via Flaminia N18 Riano,Ristorante,,06 903 4765,"Via Flaminia, n. 18",Riano,,,,,,,,,,,
La Casa di Donatella B&B,Bed & Breakfast,,320 082 3279,"Via Mercuri Filippo, 16",Fara In Sabina,,,,,,,,,,,
BiancoCancello,Bed & Breakfast,https://www.biancocancello.it/,338 998 4397,"Via Monte Cannelliere, 8",Sacrofano,,,https,React,No,Aruba S.p.A. Network,61,59,92.00,Sì,No
Il Confessionale - Luxury Experience,Bed & Breakfast,https://www.il-confessionale.it/,331 744 7000,"Largo delle Fornaci, 1",Castelnuovo di Porto,,info@il-confessionale.it,https,Angular,No,Aruba S.p.A. Network,60,74,92.00,Sì,No
Poggio Della Roverella B&B,Bed & Breakfast,,320 388 2983,"Via Flaminia, 1146",Morlupo,,,,,,,,,,,
Monte degli Elci b&b,Bed & Breakfast,,347 474 7012,"Via Farense, 33",Toffia,,,,,,,,,,,
Al Piccolo Borgo,Ristorante,,0776 952155,"Via Minerva, 11",Castelnuovo Parano,,,,,,,,,,,
Casa vacanza pietra viva,Bed & Breakfast,,339 522 4128,"via Circonvallazione, 21",Castelnuovo Parano,,,,,,,,,,,
Terra Mia - Guest House,Bed & Breakfast,,0771 196 0109,Via Appia km. 148.700,Formia,,,,,,,,,,,
I 23 Passi - Bed and Breakfast Scauri,Bed & Breakfast,,379 235 3237,"Via Appia, 500",Scauri,,,,,,,,,,,
Agriturismo La Terrazza su Farfa,Agriturismo,https://laterrazzasufarfa.com/,379 256 3609,"Strada San Filippo, Snc",Castelnuovo di Farfa,,info@laterrazzasufarfa.com,https,WordPress,No,Google LLC,59,77,100.00,Sì,No
Agriturismo Il Gelso Nero,Ristorante,https://www.ilgelsonero.org/,333 135 5049,Via Ficoccelli,Castelnuovo di Farfa,,ilgelsoneroinfo@gmail.com,https,Wix,Sì,Google LLC,71,94,100.00,Sì,No
Albergo Aurora,Hotel,https://www.albergoaurorascauri.it/,0771 683657,"Via Guglielmo Marconi, 1",Minturno,,info@albergoaurorascauri.it,https,WordPress,No,Aruba S.p.A.,67,84,85.00,Sì,No
B&B Maison Civico 13,Bed & Breakfast,,0776 951011,"Via Provinciale, 13",Ausonia,,,,,,,,,,,
B&B A casa di Antonella,Bed & Breakfast,,347 056 1168,Traversa D'Acunto,Minturno,,,,,,,,,,,
COUNTRY HOUSE LE VIGNE B&B,Bed & Breakfast,https://www.sambasstays.com/it,338 175 7339,via provinciale per,Forme di Suio-San Cataldo,,sambasstays@gmail.com,https,React,No,"Cloudflare, Inc.",47,56,100.00,Sì,No
B&B Sykelgrima,Bed & Breakfast,,347 840 1887,"via contrada viaro, 9",Castelforte,,,,,,,,,,,
Guar Country Resort,Bed & Breakfast,,331 635 6689,Via Madonna dei Pozzi,Lauro,,,,,,,,,,,
La Porta del Sud B&B,Bed & Breakfast,,347 706 8378,"SP328 - loc. Romano, fraz",San Castrese,,,,,,,,,,,
Villa 3 Cancelli,Bed & Breakfast,http://www.gianolaresidence.com/,344 505 0520,"Via del Mare, 1",Formia,,info@gianolaresidence.com,https,Angular,Sì,Server Plan S.r.l.,73,81,92.00,Sì,No
HOTEL LA ROSETTA Scauri,Hotel,http://www.larosettascauri.it/,0771 614952,"Lungomare Nazario Sauro, 323",Minturno,,,https,ASP.NET,No,Aruba S.p.A. Network,72,88,82.00,Sì,No
Come Prima country house,Bed & Breakfast,https://www.comeprima-ausonia.com/,+49 1511 1118431,"Via Granelle, 2",Ausonia,,info@comeprima-ausonia.com,https,WordPress,No,ALFAHOSTING,34,53,85.00,Sì,No
Albergo Maria Cristina,Hotel,http://mariacristinahotel.it/,331 123 3318,"via provinciale, 5",Esperia,,hotelmaricristina74@gmail.com,https,WordPress,Sì,Serverplan s.r.l.,62,86,85.00,Sì,No
B&B Il Girasole Formia,Bed & Breakfast,https://www.bbgirasole-formia.com/,320 288 5912,"Via Santo Janni Pescinola, 10",Formia,,,https,WordPress,No,Server Plan S.r.l.,38,89,85.00,Sì,No
B&B Villa Maria Scauri,Bed & Breakfast,http://villamariascaurib-b.webnode.it/,334 159 5919,"Via Appia, 44",Scauri,,contatto@esempio.it,https,Webnode,No,Amazon Technologies Inc.,67,95,100.00,Sì,No
Sole e Luna B&B,Bed & Breakfast,,366 314 3470,"Via Fausto Coppi, 32",Formia,,,,,,,,,,,
Villa Cipriano B&B,Bed & Breakfast,https://www.villacipriano.it/,376 165 2475,"Via Luigi Cadorna, 145A",Santa Maria Infante,,villaciprianobeb@gmail.com,https,Shopify,No,"Cloudflare, Inc.",52,59,100.00,Sì,No
B&B La Torre,Bed & Breakfast,https://beblatorre.it/,368 744 2218,"Via Candole, 10",Santi Cosma e Damiano,,info@beblatorre.it,https,WordPress,No,HOST-VDC,60,86,92.00,Sì,No
Prima Stella Tourist Rooms,Bed & Breakfast,,328 739 4844,"Via Principe di Piemonte, 83",Minturno,,,,,,,,,,,
Hotel Antica Pinseria La Lanterna,Hotel,http://www.albergolalanterna.it/,376 018 6281,"Via Ausente, 2607",Santi Cosma e Damiano,,,https,WordPress,Sì,Aruba S.p.A.,59,82,92.00,Sì,No
B&B Da Mariella,Bed & Breakfast,https://bb-da-mariella.italydreams.top/,333 658 4207,"Via Turrimai, 54",Spigno Saturnia,,,https,React,No,Contabo GmbH,52,81,92.00,Sì,No
La Casetta di Mary sulla via dei Tusci,Alloggio completo di servizi,,348 154 5447,"Via della Stazione, 22",Castiglione in Teverina,,,,,,,,,,,
Agriturismo Casale Bonaparte,Agriturismo,http://www.casalebonaparte.it/,349 257 7459,Strada Provinciale Doganella km 17.00,Cellere,,info@casalebonaparte.it,https,ASP.NET,Sì,Aruba S.p.A.,54,70,100.00,Sì,No
Agriturismo Castello Di Belforte,Agriturismo,https://www.castellodibelforte.it/,075 894 4584,"Vocabolo Belforte 36A, Frazione Fiore Di",Todi,,,https,Weebly,No,"Amazon.com, Inc.",56,94,100.00,Sì,No
Il Casale Di Mario,Agriturismo,http://www.ilcasaledimario.com/ilcasaledimario.aspx,0744 951280,"Via Todi, 41",Montecchio,,info@ilcasaledimario.com,http,React,No,Aruba S.p.A. Network,62,76,92.00,Sì,No
La casa di Gioia,Bed & Breakfast,,347 600 2801,"Via 4 Novembre, 9",Castiglione In Teverina,,,,,,,,,,,
L'OASI DEL RIPOSO - Affitta camere,Bed & Breakfast,,353 475 1369,"Via Amelia, 46",Baschi,,,,,,,,,,,
Il Borgo Affitacamere,Alloggio turistico,https://luigicappelloni.wixsite.com/affittacamereilborgo,334 710 7448,"Via del Pericolo, 17",Castiglione In Teverina,,luigicappelloni@gmail.com,https,Wix,No,Google LLC,56,95,92.00,Sì,No
B&B Poggio Stallone,Bed & Breakfast,,0763 304153,Localita' Acquafredda 15,Orvieto,,,,,,,,,,,
Bio Agriturismo Olistico Valle dei Calanchi,Agriturismo,http://www.valledeicalanchi.com/,0761 949046,Via Nuova,Sermugnano,,info@valledeicalanchi.com,https,WordPress,No,Keliweb S.R.L,42,57,100.00,Sì,No
Country House Maremma Nel Tufo,Bed & Breakfast,http://www.maremmaneltufo.com/,342 328 2955,"S.R 74, Maremmana Ovest, 49271",Pitigliano,,info@maremmaneltufo.com,https,ASP.NET,No,Aruba S.p.A. Network,56,78,92.00,Sì,No
"Bed and breakfast Morpheus alle pendici del Monte Asprano a Castrocielo centro, paesino in provincia di Fr, a due passi dall'A1 Roma-Napoli....il b&b Morpheus sin dal 2011, offre ospitalita' familiare ai suoi ospiti prr ogni occasione della vita",Bed & Breakfast,,347 768 6137,"Viale Immacolata, 17",Castrocielo,,,,,,,,,,,
B&B Dimora Paolina,Bed & Breakfast,http://www.dimorapaolina.it/,366 705 5465,"Via Guglielmo Marconi, 5",Baschi,,rapol@tiscali.it,https,WordPress,No,"DigitalOcean, LLC",54,56,100.00,Sì,No
B&B Podere Porcino - Teatro Null,Bed & Breakfast,http://www.tusciafactory.it/,349 893 6009,"Località Porcino, 1",Case Nuove,,info@tusciafactory.it,https,WordPress,Sì,WIIT AG,41,84,85.00,Sì,No
Villa Euchelia,Hotel,https://www.villaeuchelia.it/,0776 799829,"Via Giovenale, 3",Castrocielo,,info@villaeuchelia.it,https,React,Sì,Server Plan S.r.l.,73,85,92.00,Sì,No
B&B LE CAVE,Bed & Breakfast,,340 507 6329,"Via Giotto, 26",Avetrana,,,,,,,,,,,
Affittacamere della Paolina,Alloggi al coperto,,347 053 0046,"Via Paolina, 2",Ceccano,,,,,,,,,,,
DIMORA MARELLA Patrica - Frosinone,Hotel,,335 819 5950,"Via Fontana dei Conti, 104",Patrica,,,,,,,,,,,
ARYA Bed & Breakfast,Hotel,https://bebarya.it/,334 359 2478,"Via Piave, 97",Roccasecca Stazione,,info@bebarya.it,http,ASP.NET,No,Servereasy Srl,71,88,100.00,Sì,No
Cave,Hotel,,328 916 3043,"Via Quinto Ennio, 8",Soleto,,,,,,,,,,,
B&B La Palombara,Bed & Breakfast,,0775 699050,"SS156, 4",Ceccano,,,,,,,,,,,
B&B ALTURA,Bed & Breakfast,,349 492 1622,"Via Principessa Augusta Gabrielli, 67",Prossedi,,,,,,,,,,,
EasyRoom Frosinone - B&B - Casello Autostradale,Bed & Breakfast,https://www.easyroomfrosinone.it/,366 359 4378,"Via Tomaso Albinoni, 243",Frosinone,,info@easyroomfrosinone.it,https,WordPress,No,SEEWEB s.r.l.,60,75,100.00,Sì,No
Bed & Breakfast Il Sogno Di Panacci Maria Teresa & C.,Bed & Breakfast,,0775 698030,"Via Monti Lepini, 4",Giuliano di Roma,,,,,,,,,,,
Rosy's Rooms,Bed & Breakfast,http://www.rosysrooms.it/,340 280 9086,Strada Provinciale Monti Lepini,Patrica,,rosysrooms@gmail.com,https,WordPress,Sì,Netsons s.r.l.,56,74,100.00,Sì,No
Hotel Testani,Hotel,http://www.hoteltestani.it/,0775 292216,"Via Tomaso Albinoni, 253",Frosinone,,,https,React,No,Hetzner Online GmbH,69,96,82.00,Sì,No
Terra Ciociara B&B,Bed & Breakfast,https://www.terraciociara.com/,351 630 2509,"Via per Fiuggi, 26",Frosinone,,,https,React,No,Google LLC,63,72,92.00,Sì,No
Tenuta I Tufari,Hotel,,0774 312027,SP33a,Tivoli,,,,,,,,,,,
B&B Febinn,Bed & Breakfast,,345 693 6321,"Via S. Cosimato, 26A",Mandela,,,,,,,,,,,
Lepini Suites,Hotel,http://www.lepinisuites.com/,334 117 5572,SR 156 MONTI LEPINI KM 9,Patrica,,lepinisuites@gmail.com,https,React,No,Keliweb S.R.L,61,0,100.00,Sì,No
b&b Aurora,Bed & Breakfast,,392 162 9879,"Corso Munazio Planco, 23",Atina Inferiore,,,,,,,,,,,
Bed and Breakfast Casale Nardone,Bed & Breakfast,https://www.casalenardone.com/,338 182 3013,"Via Ferriera, 383",Atina,,info@casalenardone.com,https,Joomla,No,SEEWEB s.r.l.,67,86,100.00,Sì,No
B&B VILLA ADELINA,Bed & Breakfast,http://www.villaadelina.it/,331 531 1271,"Via Minola, Via Colle Melfa, 130",Atina,,info@villaadelina.it,http,ASP.NET,No,Aruba S.p.A. Network,77,100,82.00,Sì,No
Villa Orrea,Bed & Breakfast,,0776 690041,"Via Villa Orrea, 169",Atina,,,,,,,,,,,
la dolce vita,Bed & Breakfast,,339 323 5819,"Via Villa Orrea, 305",Atina Inferiore,,,,,,,,,,,
B&B del Sole,Bed & Breakfast,,0775 914167,"Via Sterpara, 9",Ceprano,,,,,,,,,,,
La Terrazza Ceprano,Hotel,https://caffetteria-la-terrazza-hotel.migliorhotel.top/,333 345 5954,"Via Ristretto, snc",Ceprano,,,https,WordPress,No,Contabo GmbH,64,82,85.00,Sì,No
Crete Gialle Agro Turismo,Agriturismo,http://www.cretegialle.it/,0776 343304,"Via Parasacchi, 4",Cervaro,,info@cretegialle.it,http,ASP.NET,No,Aruba S.p.A. Network,73,93,82.00,Sì,No
Bed And Breakfast il Rudere di Monte Trocchio,Bed & Breakfast,https://bed-and-breakfast-il-rudere-di-monte-trocchio.camerainitalia.top/,327 959 4694,"Via Fontana Celio, 1a",Cervaro,,,https,WordPress,No,Contabo GmbH,63,88,85.00,Sì,No
Bed and Breakfast La Riserva,Bed & Breakfast,,320 300 7881,"Via Fossatone, 15",Isoletta I,,,,,,,,,,,
B&B SARDES,Bed & Breakfast,http://www.bbsardes.com/,389 661 7333,"Via Sardana, 14",Cervaro,,bbsardes@gmail.com,https,Wix,No,Google LLC,75,97,100.00,Sì,No
B&B Il Mughetto,Bed & Breakfast,https://www.bebilmughetto.it/,379 101 9019,"Via Campolungo, 23",Cervaro,,info@bebilmughetto.it,https,WordPress,No,SEEWEB s.r.l.,56,72,85.00,Sì,No
Hotel Ristorante Villa Pegaso,Hotel,https://www.hotelvillapegaso.it/,0823 901218,"Via Casilina, 19, km, 151",San Pietro Infine,,,https,Shopify,Sì,"Cloudflare, Inc.",43,74,100.00,Sì,No
B&B Colle Cucchiara,Bed & Breakfast,http://www.collecucchiara.com/,338 351 2187,"Via Folcara, 41",Cassino,,collecucchiara@gmail.com,https,Joomla,No,Server Plan S.r.l.,63,79,92.00,Sì,No
NextStop28,Bed & Breakfast,,330 920 098,Via Colle Nocello,Collenocello,,,,,,,,,,,
Palazzo Santori,Bed & Breakfast,http://www.tivoliroom.it/,331 770 6424,"Viale Mannelli, 2",Tivoli,,palazzosantori@tivoliroom.it,https,WordPress,No,Aruba S.p.A.,61,77,100.00,Sì,No
BB La Mensa Ponderaria,Bed & Breakfast,https://sites.google.com/view/lamensaponderaria?usp=sharing,347 912 8769,"Piazza del Duomo, 4",Tivoli,,,https,Angular,Sì,Google LLC,56,74,92.00,Sì,No
Affittacamere Fratello Sole & Sorella Luna,Bed & Breakfast,,338 854 2299,"Via dei Frati, 75",Greccio,,,,,,,,,,,
Albergo Diffuso Crispolti,Hotel,https://www.hotelspretorian.com/albergo-diffuso-crispolti/,392 839 5481,"Via Vittorio Emanuele, 16",Labro,,,https,Shopify,No,"Cloudflare, Inc.",100,100,92.00,Sì,No
Borgo nel Tempo,Bed & Breakfast,,348 153 2946,Via Gildo Ginepro,Collestatte,,,,,,,,,,,
Casa Luce,Bed & Breakfast,,346 532 8082,"Via Cavour, 25",Labro,,,,,,,,,,,
B&B Il Confine,Hotel,,340 754 8847,"via collelungo, 35",Labro,,,,,,,,,,,
L'Antico Casale,Agriturismo,https://anticocasalemarmore.weebly.com/,335 140 2593,"Strada di Moggio, 10",Marmore,,,https,Weebly,Sì,"Weebly, Inc.",62,82,83.00,Sì,No
Domus Umbra,Appartamenti,http://www.domusumbra.com/,393 110 4264,"Str. di Volghe, 16h",Terni,,info@domusumbra.com,https,ASP.NET,No,Google LLC,59,61,85.00,Sì,No
Raggio di Sole,Residence,https://raggiodisolesancesareo.it/,349 571 8525,"Via Prusst, 1",San Cesareo,,raggiodisolesancesareo@gmail.com,https,WordPress,No,Google LLC,68,90,92.00,Sì,No
la casa dei nonni,Hotel,https://www.hotelspretorian.com/la-casa-dei-nonni/,349 802 2083,"Via Collestatte, 1",Terni,,,https,WordPress,No,"Cloudflare, Inc.",100,100,92.00,Sì,No
Hotel Velino Marmore,Hotel,http://www.hotelvelino.com/,348 962 8954,"Via Pilastri, 2",Marmore,,info@hotelvelino.com,https,Joomla,No,OVH SAS,49,66,92.00,Sì,No
Casa Vacanze La Torretta,Alloggio completo di servizi,,338 731 9488,"Via Giovanni Andrea dell'Anguillara, 50",Sutri,,,,,,,,,,,
La Noce Appartamenti Agriturismo,Agriturismo,https://la-noce-appartamenti-agriturismo.mondoinviaggio.top/,340 258 2969,"Via San Pietro, snc",Bassano Romano,,,https,React,No,Contabo GmbH,56,86,92.00,Sì,No
B&B La casa di Pepe,Bed & Breakfast,,347 238 6332,"Via S. Lucia, 14",Sutri,,,,,,,,,,,
B&B Foresteria della Certosa,Bed & Breakfast,http://www.foresteriadellacertosa.com/,339 252 1525,"Via San Nicola, 5",Civita,,sma6@libero.it,https,Basekit,No,Aruba S.p.A.,42,57,85.00,Sì,No
bed & breakfast 32,Bed & Breakfast,,328 837 8222,"Via Napoli, 32",Ciampino,,,,,,,,,,,
Bed & Breakfast Ciampino,Bed & Breakfast,,339 808 5253,"Via Achille Grandi, 6",Ciampino,,,,,,,,,,,
"BED & BREAKFAST ADRIATIC ROOM CIAMPINO ,VIA S.F.D'ASSISI 26 . CIAMPINO ( RM).ITALIA",Bed & Breakfast,,393 370 3701,"Via S. Francesco D'Assisi, 26",Ciampino,,,,,,,,,,,
F.A.M. Rooms,Bed & Breakfast,,389 990 8819,"V. dei Laghi, 12",Ciampino,,,,,,,,,,,
Bloom Comfort Rooms,Bed & Breakfast,,348 293 5599,"Via S. Francesco D'Assisi, 82",Ciampino,,,,,,,,,,,
B&B Casa Lollobrigida,Bed & Breakfast,https://wubook.net/nneb/bk?f=today&n=1&ep=a96b0611,380 249 6482,"Viale Roma, 6",Ciampino,,,https,React,No,Tilaa B.V.,100,100,45.00,Sì,No
B&B Etruscan Garden,Bed & Breakfast,http://www.etruscangarden.it/,392 467 1846,"Via Di Porta Vecchia, 2",Sutri,,info@etruscangarden.it,https,WordPress,No,Aruba S.p.A.,68,88,100.00,Sì,No
Plaza Rooms Ciampino,Bed & Breakfast,http://www.plazaroomsciampino.com/,06 8392 4219,"Via Monte Grappa, 33",Ciampino,,info@plazarooms.it,https,Wix,Sì,Google LLC,68,94,100.00,Sì,No
La Villetta Suite,Bed & Breakfast,http://www.lavillettasuite.it/,06 796 2304,"Via Bari, 52",Ciampino,,info@lavillettasuite.it,http,Shopify,No,Aruba S.p.A.,61,91,92.00,Sì,No
B&B Pit Stop Ciampino station,Bed & Breakfast,https://www.pitstopciampinostation.com/,346 124 7600,"Via della Folgarella, 5",Ciampino,,pitstopciampinostation@gmail.com,https,Shopify,No,velia.net,63,66,73.00,Sì,No
VichyeNichy,Alloggio turistico,http://www.vichyenichy.it/,333 850 9509,"Via Servilia, 51",Roma,,info@vichyenichy.it,https,React,No,Google LLC,39,83,73.00,Sì,No
B&B Le Terrecotte Sutri,Bed & Breakfast,http://www.bbleterrecottesutri.it/,339 693 7241,"Strada vicinale, Località Pian Porciano",Sutri,,antonella@bbleterrecottesutri.it,https,WordPress,Sì,Aruba S.p.A.,55,61,92.00,Sì,No
Rome Ciampino Smart Hotel,Hotel,https://romeciampinosmarthotel.com/?utm_source=google_maps&utm_medium=organic&utm_campaign=mybusiness,06 3209 2891,"Via S. Francesco D'Assisi, 58",Ciampino,,info@romeciampinosmarthotel.com,https,Joomla,Sì,Google LLC,60,60,85.00,Sì,No
Mama guesthouse,Bed & Breakfast,http://guesthousemama.it/,351 452 4705,"Via S. Francesco D'Assisi, 6/A",Ciampino,,guesthouse.mama@gmail.com,https,Joomla,No,Aruba S.p.A. Network,57,70,92.00,Sì,No
Guest House Edemma,Bed & Breakfast,,348 553 0075,"Via Giuseppe Gregoraci, 15",Roma,,,,,,,,,,,
B&B Ciampino,Alloggi al coperto,http://www.bbciampino.it/,339 238 1320,Via Placido Rizzotto,Ciampino,,info@bbciampino.it,https,React,No,Aruba S.p.A. Network,57,76,85.00,Sì,No
AGRITURISMO GIULIA BE,Agriturismo,http://agriturismogiuliabe.it/,338 398 4172,"Via Enrico Toti, 24",Cisterna di Latina,,mar.bri@libero.it,https,WordPress,No,Aruba S.p.A.,55,62,77.00,Sì,No
B&B-Di Fiore,Bed & Breakfast,https://www.bebdifiore.it/,329 077 0787,"Viale Giovane Europa, 7",Cisterna di Latina,,booking@bebdifiore.it,https,Duda,No,Aruba S.p.A. Network,60,83,54.00,Sì,No
Casa Mattia B&B,Bed & Breakfast,http://www.ramaenergy.it/casamattia,351 765 9626,"Via Nettuno, 200",Cisterna di Latina,,marco@roncibus.it,https,Joomla,No,Aruba S.p.A. Network,56,63,92.00,Sì,No
B&B Caffè Rètro,Bar caffè,,393 259 6924,"C.so della Repubblica, 173",Cisterna di Latina,,,,,,,,,,,
Bed And Breakfast Villa Simona,Bed & Breakfast,,333 327 7348,"46 v. Ponte Incudine, Velletri, RM 00049",Velletri,,,,,,,,,,,
Agriturismo Ali e Radici,Bed & Breakfast,https://www.agriturismoalieradici.it/,339 125 0666,"Via Ninfina, 3",Cisterna di Latina,,info@alieradici.it,https,WordPress,No,Aruba S.p.A,53,67,92.00,Sì,No
Le Ninfe Guest House,Bed & Breakfast,https://www.leninfeguesthouse.it/,344 582 3239,"Via Raffaello Sanzio, 4",Cisterna di Latina,,info@leninfeguesthouse.it,https,Angular,No,Aruba S.p.A. Network,89,100,92.00,Sì,No
Bed & Breakfast A casa di Silvia a Rocca Massima.,Bed & Breakfast,http://bbcasadisilvia.it/,329 310 8701,"via crocetta, 11",Rocca Massima,,info@bbcasadisilvia.it,https,WordPress,Sì,Netsons s.r.l.,53,73,92.00,Sì,No
Le Case Col Sole da Silvia,Bed & Breakfast,,347 540 9277,"Via Carlo Alberto, 1",Cisterna di Latina,,,,,,,,,,,
B&B LA CULLA DEI CASTELLI ROMANI COUNTRY HOUSE MONTE ARTEMISIO,Bed & Breakfast,http://www.laculladeicastelliromani.com/,06 963 5240,"Via dei Castagnoli, 135/A",Velletri,,,http,Joomla,No,Aruba S.p.A.,35,45,100.00,Sì,No
Da Artù,Bed & Breakfast,,339 364 7785,"Via Monviso, 7",Cittaducale,,,,,,,,,,,
B&B Vigna dell'Agrifoglio,Bed & Breakfast,http://www.vignadellagrifoglio.it/,335 527 4988,"Via di Colle Petrone, 13",Velletri,,info@vignadellagrifoglio.it,https,Joomla,No,Aruba S.p.A.,53,52,83.00,Sì,No
A casa di Sonia CIN IT059027C194ASNJCF,Bed & Breakfast,http://www.acasadisonia.it/,0773 319572,"Via Monticchio, 73",Sermoneta,,info@acasadisonia.it,https,WordPress,No,Server Plan S.r.l.,43,82,75.00,Sì,No
Bed and Breakfast Il Picchio Verde Cittaducale,Bed & Breakfast,,340 942 7426,"Via Mezzanola, 2",Cittaducale,,,,,,,,,,,
B&B LA SPIGA,Bed & Breakfast,,392 160 4773,"Via Chiesa Nuova, 32/B",Rieti,,,,,,,,,,,
Agriturismo Ulivarella,Hotel,,06 962 4330,"Via Selvanova I, 63",Velletri,,,,,,,,,,,
Azienda Agricola Colle Di Maggio Srl,Azienda vinicola,https://colledimaggio.it/,06 9645 3072,"Via Passo dei Coresi, 25",Velletri,,info@colledimaggio.it,http,WordPress,Sì,Aruba S.p.A. Network,56,63,100.00,Sì,No
B & B Il Casaletto del Terminillo,Bed & Breakfast,,335 131 4316,"Via Palmiro Togliatti, 14",Rieti,,,,,,,,,,,
Hotel Serena,Hotel,https://hotelserenarieti.it/index.php/prenoto,0746 270930,"Via dei Salici, 46/A",Rieti,,info@hotelserenarieti.it,https,React,No,Hetzner Online GmbH,63,56,92.00,Sì,No
Country House Il Casale di Ginetto,Hotel,http://www.ilcasalediginetto.it/,0743 76215,"Località Fogliano, 58",Fogliano,,info@ilcasalediginetto.it,https,WordPress,No,SEEWEB s.r.l.,55,82,85.00,Sì,No
Agriturismo Lu Ceppe - Cittareale (RI),Agriturismo,https://www.agriturismoluceppe.it/,0746 947085,"Via Gentili, 3",Cittareale,,info@agriturismoluceppe.it,https,Shopify,Sì,Aruba S.p.A.,61,80,100.00,Sì,No
Hotel Delle Rose,Hotel,http://www.hoteldellerose.com/,0743 76241,"Via Fasce, 2",Cascia,,info@hoteldellerose.com,https,Shopify,Sì,Server Plan S.r.l.,54,62,92.00,Sì,No
B&B Circolo Ippico Semprevisa,Bed & Breakfast,,328 927 4916,"Via Melogrosso, 84",Sezze,,,,,,,,,,,
Agriturismo Baldassari,Agriturismo,http://www.agriturismocascianorcia.it/,0743 755086,"Località Avendita, 162",Cascia,,,https,WordPress,Sì,"Cloudflare, Inc.",71,91,100.00,Sì,No
B&B Piazza Roma,Bed & Breakfast,https://bnbpiazzaroma.it/,340 778 7062,"Pzza Roma, 1",Norma,,info@bnbpiazzaroma.it,https,Angular,No,Server Plan S.r.l.,70,95,100.00,Sì,No
L'Oasi di Francesca,Bed & Breakfast,,392 711 5119,"Via Migliara 46 Dx, 1124",Pontinia,,,,,,,,,,,
casadolcecasalatina,Bed & Breakfast,https://www.hotelsitaloweb.com/casadolcecasalatina/,389 434 1534,Via Congiunte Sx 63,Provincia di Latina,,,https,Shopify,No,"Cloudflare, Inc.",100,100,85.00,Sì,No
Foro Appio Mansio Hotel,Hotel,http://www.foroappiohotel.it/,331 904 0773,"n° 6 km 72800, Via Appia Est",Latina,,info@foroappiohotel.it,https,React,Sì,Google LLC,55,88,92.00,Sì,No
Central Guest House,Bed & Breakfast,,328 455 2155,"Via Traiana, 49c",Civitavecchia,,,,,,,,,,,
Md house 1.0 Civitavecchia,Bed & Breakfast,,351 785 1176,"Via Trieste, 2",Civitavecchia,,,,,,,,,,,
Lelive B&B,Bed & Breakfast,http://www.lelive.eu/,0773 30418,"Via Aldo Manuzio, 19",Sermoneta,,,https,React,No,Google LLC,63,90,92.00,Sì,No
B&B Le Principesse,Bed & Breakfast,,339 379 1458,"9, Via Guglielmo Marconi",Sermoneta,,,,,,,,,,,
Ostello San Nicola,Ostello,https://ostello-san-nicola.camerainitalia.top/,0773 30381,"Via Giacomo Matteotti, 1",Sermoneta,,,https,WordPress,No,Contabo GmbH,62,89,85.00,Sì,No
Residence Stendhal Guest House,Bed & Breakfast,http://www.residencestendhal.com/,0766 370652,"via Andrea, Via Doria, 1",Civitavecchia,,,http,WordPress,No,Aruba S.p.A. Network,63,67,100.00,Sì,No
Bel Sole,Hotel,https://www.belsolecivitavecchia.it/,0766 191 6881,"Via Rodi, 20",Civitavecchia,,info@belsolecivitavecchia.it,https,WordPress,Sì,Aruba S.p.A.,63,82,77.00,Sì,No
Palazzo Morelli,Bed & Breakfast,https://www.dimorapalazzomorelli.com/,333 989 2578,"Via della Tribuna, 7",Civita Castellana,,,https,WordPress,No,Aruba S.p.A.,73,96,61.00,Sì,No
CHARME B&B,Bed & Breakfast,https://www.charmebeb.it/,328 293 6077,"Via XII Settembre, 1",Civita Castellana,,info@charmebeb.it,https,WordPress,No,Aruba S.p.A.,74,97,100.00,Sì,No
Bed And Breakfast Le Piagge,Bed & Breakfast,,339 335 2141,"Via delle Piagge, 25",Civita Castellana,,,,,,,,,,,
Residenza Midossi,Bed & Breakfast,,392 153 1645,"Corso Bruno Buozzi, 3",Civita Castellana,,,,,,,,,,,
Residenza Palazzo Fortuna,Hotel,http://www.residenzapalazzofortuna.it/,0761 515547,"Via Giuseppe Garibaldi, 23",Civita Castellana,,info@residenzapalazzofortuna.it,https,WordPress,Sì,Aruba S.p.A.,59,74,85.00,Sì,No
Hotel Mediterraneo,Hotel,https://www.ericsoft.biz/it/BookingEngine/Book?idh=225562B81D221AEC&beta=true&cur=EUR&guests=15553-6,0766 23156,"Viale Giuseppe Garibaldi, 38",Civitavecchia,,,https,Angular,No,Microsoft Corporation,47,74,75.00,Sì,No
Riviera Suites,Bed & Breakfast,https://beyourhome.italianway.house/apartments,0766 098012,"Via Alessandro Cialdi, 3d",Civitavecchia,,,https,React,No,Amazon Technologies Inc.,56,84,85.00,Sì,No
B&B da Nicole,Bed & Breakfast,,351 600 7935,"Via dei Falisci, 31",Fabrica di Roma,,,,,,,,,,,
Albergo Porto Di Roma,Hotel,https://www.portodiromahotel.com/,0766 092007,"Via Monte Grappa, 27",Civitavecchia,,hotelportodiroma2024@gmail.com,https,ASP.NET,No,Aruba S.p.A.,55,47,92.00,Sì,No
Villa Susanna B&B,Bed & Breakfast,https://susanna.bedsandhotels.com/,338 265 5318,"n, Via Giacinto Bruzzesi, 3",Civitavecchia,,,https,React,No,Hetzner Online GmbH,47,98,91.00,Sì,No
Residenza Antica Flaminia,Location per matrimoni,http://www.residenzaanticaflaminia.com/,0761 176 7550,"Via Gargarasi, 15",Civita Castellana,,info@residenzaanticaflaminia.com,https,React,No,Aruba S.p.A. Network,56,51,82.00,Sì,No
Civita b&b,Alloggio turistico,,0761 760016,"Via della fraticella, 4",Civita,,,,,,,,,,,
B&B La Terrazza,Bed & Breakfast,,339 740 2663,"Via Località Magrino, 1",Civitella d'Agliano,,,,,,,,,,,
La Casa sul Mare B&B,Bed & Breakfast,http://www.lacasasulmare.net/,328 249 6603,"Galleria Giuseppe Garibaldi, 32B",Civitavecchia,,info@lacasasulmare.net,https,ASP.NET,No,Netsons s.r.l.,43,67,77.00,Sì,No
Bed and Breakfast da Annita di Zeno,Bed & Breakfast,https://www.bbannitadizeno.it/,0761 572330,"Via Giovanni Marconi, 21B",Corchiano,,,https,WordPress,No,Aruba S.p.A.,59,85,92.00,Sì,No
Agriturismo Le Forre Del Treja CASALE,Ristorante,http://agriturismoleforredeltreja.com/,0761 598416,"Via Castel Sant'Elia, 5",Civita Castellana,,forredeltreja@gmail.com,https,WordPress,No,"Automattic, Inc",32,32,100.00,Sì,No
B&B I Calanchi,Bed & Breakfast,,0761 914613,"Via Antonio Rizzardi, 1",Civitella d'Agliano,,,,,,,,,,,
Palace Hotel Relais Falisco,Hotel,http://www.relaisfalisco.it/,0761 5498,"Via Don Giovanni Minzoni, 19",Civita Castellana,,direzione@relaisfalisco.it,https,React,No,Google LLC,47,52,75.00,Sì,No
La Tana dell'Istrice di Sergio Mottura,Ristorante,http://www.sergiomottura.it/,0761 914533,"Piazza Unità D'Italia, 12",Civitella D'agliano,,,http,ASP.NET,No,Aruba S.p.A. Network,99,100,80.00,Sì,No
B&B I Massi,Bed & Breakfast,,351 527 9761,"Località Santa Lucia, 2",Civitella d'Agliano,,,,,,,,,,,
Affittacamere Piagge,Hotel,https://www.umbriatourism.it/it/accomodation/-/dettaglio/affittacamere-piagge_8464_accommodation_it,338 993 7057,"Via Santa Rita, 2",Orvieto,,vincenzo.ermini@gmail.com,https,WordPress,No,CUW-RETE,34,52,92.00,Sì,No
Castello di San Michele,Hotel,https://castellodisanmichele.it/,324 996 6134,"Piazza Castello, 1",San Michele In Teverina,,,https,Shopify,No,IT.Gate S.p.A.,63,89,92.00,Sì,No
Bed & Breakfast Bike,Bed & Breakfast,,337 927 410,"Via Don Brandino Cecchetti, SNC",Castel Cellesi,,,,,,,,,,,
Il Fringuelletto,Hotel,https://il-fringuelletto.italiadestinazioni.top/,0761 914458,Via Del L'ombricolo 1,Civitella D'agliano,,,https,React,No,Contabo GmbH,55,90,85.00,Sì,No
Agriturismo Villa Torriti,Agriturismo,https://www.tenutavillatorriti.com/,0761 914484,Strada Provinciale 5 Km 24.800,Civitella D'agliano,,francescatorriti1@gmail.com,https,WordPress,No,"Cloudflare, Inc.",53,52,92.00,Sì,No
Bed & Breakfast IL FEUDO Roccasecca (fr),Bed & Breakfast,,328 895 7972,"Via Vittorio Veneto, 15",Roccasecca,,,,,,,,,,,
B&B La Casa di Tufo,Bed & Breakfast,http://www.lacasaditufo.it/,0763 616966,"Via del Paradiso, 11",Orvieto,,,https,Shopify,No,"Amazon.com, Inc.",66,93,100.00,Sì,No
BIO B&B Selva Grande,Bed & Breakfast,https://www.villaselvagrande.com/,389 052 7274,Località Selva Grande,Sant'Oreste,,info@villaselvagrande.com,https,WordPress,No,IT.Gate S.p.A.,47,34,85.00,Sì,No
Agriturismo La Bersagliera,Bed & Breakfast,,0776 560027,"Strada Comunale Scannole, 11",Colle San Magno,,,,,,,,,,,
Villa San Tommaso d'Aquino,Bed & Breakfast,,338 356 6978,"Via Cappella, 2",Roccasecca,,,,,,,,,,,
Il Vicolo,Bed & Breakfast,,392 911 1706,"Vicolo Patamia, 11",Roccasecca,,,,,,,,,,,
B&B Villa Claudia,Bed & Breakfast,http://www.bbvillaclaudia.com/,349 157 3033,"Via Mansone, 24",Roccasecca,,info@bbvillaclaudia.com,https,WordPress,Sì,UAB Interneto vizija,42,53,83.00,Sì,No
Bed & Breakfast Sotto la Torre,Bed & Breakfast,http://sotto-la-torre.italia-centro.it/,346 476 2863,"Via Madonnella, 7",Arpino,,,http,Shopify,No,OVH SAS,56,97,83.00,Sì,No
Beb Da Tina,Bed & Breakfast,https://beb-da-tina.mipiacelitalia.top/,366 275 7447,"Via Montello, 95",Roccasecca,,,https,React,No,Contabo GmbH,61,90,85.00,Sì,No
Hotel Il Cavalier D'Arpino,Hotel,https://www.cavalierdarpino.it/,0776 849348,"Via Vittoria Colonna, 21",Arpino,,info@cavalierdarpino.it,https,ASP.NET,No,Aruba S.p.A.,56,77,100.00,Sì,No
B&Bees Casa Vacanze,Bed & Breakfast,,333 935 8712,"Via dell'Immagine, 145",Roccaranieri,,,,,,,,,,,
Affitta Camere Mattia Mottola (CIR 25920),Bed & Breakfast,,340 184 1819,"Via Celestino Usuelli, 66",Fiumicino,,,,,,,,,,,
Agriturismo I due Regni,Agriturismo,http://www.idueregni.it/,0746 558342,"SNC, Via S. Lorenzo",Oiano di Petrella Salto,,silvipina66@tiscali.it,,WordPress,Sì,Aruba S.p.A. Network,36,53,85.00,Sì,No
Mondo House,Bed & Breakfast,,320 391 0300,"Via dei Veienti, 8",Fiumicino,,,,,,,,,,,
Ai Quattro Venti Guest House,Bed & Breakfast,,375 679 0248,"Viale Traiano, 169",Fiumicino,,,,,,,,,,,
L'Ora Blu,Bed & Breakfast,,351 972 1728,"Via Giovanni Magro, 27",Fiumicino,,,,,,,,,,,
La Vue Chambres&Maison,Bed & Breakfast,https://www.fiumicinohouse.com/La-Vue-Chambres-e-Maison,327 630 8415,"Via Giuseppe Miraglia, 32/c",Fiumicino,,,https,ASP.NET,No,.masterhost,62,83,91.00,Sì,No
Santy's (host privato) room -bagno comune- shared-bathroom- 2piano no lift no ascensore,Bed & Breakfast,https://www.fiumicinohouse.com/Santys-rooms-and-apartments,351 411 8451,"Via Giuseppe Miraglia, 32",Fiumicino,,,https,ASP.NET,No,.masterhost,62,87,91.00,Sì,No
Rooms da Pisicchio,Bed & Breakfast,,375 823 0651,"Via delle Ombrine, 38",Fiumicino,,,,,,,,,,,
Royal House Fiumicino,Hotel,,380 196 2202,"Via Valderòa, 83",Fiumicino,,,,,,,,,,,
Clarissa B&B,Bed & Breakfast,,339 235 2824,"Via Fabio Rugiadi, 84",Fiumicino,,,,,,,,,,,
Agriturismo Isola Verde,Agriturismo,http://www.isolaverdenarni.com/,333 281 8738,"Strada Narni Sant'Urbano, 89",Narni,,info@isolaverdenarni.com,http,React,No,Aruba S.p.A. Network,94,90,82.00,Sì,No
Capitani Guest House,Bed & Breakfast,http://capitaniguesthouse.com/,339 683 1182,"Via del Pesce Luna, 54",Fiumicino,,capitani_guesthouse@libero.it,https,Squarespace,No,"Squarespace, Inc.",30,60,92.00,Sì,No
Il Granello,Bed & Breakfast,,347 867 8976,"Lungomare della Salute, 105c",Fiumicino,,,,,,,,,,,
La Darsena Fiumicino,Bed & Breakfast,http://www.ladarsenafiumicino.it/,348 179 4490,"Via Fiumara, 50",Fiumicino,,,https,React,Sì,Google LLC,68,97,92.00,Sì,No
B&B Felicioni,Bed & Breakfast,https://bbfelicioni.com/,329 828 5227,"Via Trincea delle Frasche, 356",Fiumicino,,info@bbfelicioni.com,https,Angular,No,Google LLC,56,81,85.00,Sì,No
b&b CASA REGINA,Bed & Breakfast,,320 795 0141,"Via Padre Angelico Coletti, 3 b",Stroncone,,,,,,,,,,,
B&B Angolo Verde,Bed & Breakfast,,345 819 1388,"Str. di Collescipoli, 44",Terni,,,,,,,,,,,
La Sosta B&B,Hotel,,327 876 7147,"Viale Luigi Lanzi, 5",Stroncone,,,,,,,,,,,
Bedandbreakfast Lattrazionedelgeco,Bed & Breakfast,,328 802 5086,"Cin: IT055032B407033513, Str. di Collescipoli, 229",Terni,,,,,,,,,,,
Agriturismo Le Colline,Agriturismo,http://www.agriturismolecolline.com/,327 115 1720,"SR 313 km. 33,800",Vacone,,info@agriturismolecolline.com,https,ASP.NET,No,Aruba S.p.A. Network,94,100,100.00,Sì,No
Bed & Breakfast Rox e Claudia,Bed & Breakfast,http://www.roxeclaudia.it/,339 455 2700,Piazza Ottobre,Rieti,,info@roxeclaudia.it,https,WordPress,No,OVH SAS,60,83,92.00,Sì,No
La Fattoria Di Mamma Ro',Agriturismo,,389 875 0462,"Strada dei Montanari, 1",Narni,,,,,,,,,,,
B&B Giuly,Bed & Breakfast,http://www.bbgiulyfiumicino.com/,351 537 4222,"Via Trincea delle Frasche, 356",Fiumicino,,info@bbgiulyfiumicino.com,https,WordPress,No,Google LLC,57,56,85.00,Sì,No
Enea House Bed Breakfast,Bed & Breakfast,https://www.eneahouse.com/,339 231 6999,"Via Benvenuto Volpato, 42",Fiumicino,,,https,ASP.NET,No,Aruba S.p.A. Network,56,64,73.00,Sì,No
AFFITTACAMERE B&B NONNA ANITA,Hotel,https://www.bebnonnaanita.com/,347 451 3718,"Via Tuderte, 467",Narni,,,https,Wix,Sì,Google LLC,63,84,100.00,Sì,No
Amanti Via Roma | Bed & Breakfast,Bed & Breakfast,https://www.amantiviaroma.com/,376 144 9104,"Via Roma, 3",Colonna,,,https,Wix,No,Google LLC,54,76,92.00,Sì,No
Agriturismo Antico frantoio,Agriturismo,https://anticofrantoioausonia.wordpress.com/,331 596 3972,"Via Calenzo, 8-27",Ausonia,,,https,WordPress,No,"Automattic, Inc",63,66,100.00,Sì,No
Minerva Domus B&B,Bed & Breakfast,,337 104 7141,"LT, Via Cavour, 6",Cori,,,,,,,,,,,
De Novo e d'Antico,Ristorante,http://www.denovoedantico.it/,06 967 8949,"Contrada Santa Margherita, 1",Cori,,,https,WordPress,Sì,Aruba S.p.A.,63,84,85.00,Sì,No
Bed & Breakfast Le Piazze,Bed & Breakfast,,349 833 2009,"via Colle I, 6",Cori,,,,,,,,,,,
B&B Ai Livastri,Bed & Breakfast,,327 887 3106,"Via le Pastine, 17",Cori,,,,,,,,,,,
Agriturismo Bed And Breakfast Farmhouse Hotel Pensione Accomodation Allevamento,Bed & Breakfast,http://www.tanadeilupi.it/,06 9555 8021,"Via Fabrica di Roma, snc",Corchiano,,info@tanadeilupi.it,https,ASP.NET,No,Aruba S.p.A. Network,99,100,83.00,Sì,No
Villa Iris,Agriturismo,,0761 573033,"Via Civita Castellana, 92",Corchiano,,,,,,,,,,,
Margarida House,Hotel,,388 456 3584,"Via Madonna del Soccorso, 2",Corchiano,,,,,,,,,,,
agriturismo castello santa margherita,Agriturismo,http://www.castellosantamargherita.it/,333 657 3887,"Contrada Santa Margherita, 20",Cori,,,https,Wix,No,Google LLC,64,87,92.00,Sì,No
B&B Le Chicche di lulú,Bed & Breakfast,,339 249 7558,"Via della Stazione, 44",Borghetto,,,,,,,,,,,
Albergo Le Vigne,Hotel,,0746 707077,"Via della Repubblica, 14",Contigliano,,,,,,,,,,,
Il giardino segreto,Bed & Breakfast,,349 878 4302,"Via Terria, 60",Contigliano,,,,,,,,,,,
B&B La Villetta,Bed & Breakfast,,0746 210167,"Via Tancia, 2",Piani Poggio Fidoni,,,,,,,,,,,
B&B Il Girasole,Bed & Breakfast,http://www.ilgirasole2007.it/,338 431 4327,"Via Fontecerro Sud, 18/e",Contigliano,,girasolecontigliano@gmail.com,https,WordPress,No,Server Plan S.r.l.,60,74,100.00,Sì,No
Agriturismo Aduepassi,Hotel,,347 316 2874,"Via delle Corone, 2",Contigliano,,,,,,,,,,,
Ostello Villa Franceschini,Ostello,https://www.ostellovillafranceschini.com/,0746 176 6583,"Via Ettore Franceschini, 7",Contigliano,,info@ostellovillafranceschini.com,https,WordPress,Sì,Netsons s.r.l.,63,80,92.00,Sì,No
"san Rocco -sapore nuovo, gusto antico.",Ristorante,http://www.sanrocco-celleno.it/,328 448 9106,"Piazza S. Rocco, 12-14",Celleno,,info@sanrocco-celleno.it,https,WordPress,No,Host SpA,56,88,100.00,Sì,No
La Pezchiera,Hotel,,0761 912665,"Via Roma, 17/b",Celleno,,,,,,,,,,,
B&B arte e rosmarino al Paese delle Fiabe,Bed & Breakfast,,333 313 4623,"Str. Monte Secco, 2",Sant'Angelo,,,,,,,,,,,
B&B L'amicizia,Bed & Breakfast,,328 871 2971,"Via Cassia Vecchia, 100",Montefiascone,,,,,,,,,,,
Casa Vacanza Orto dei Preti,Bed & Breakfast,,347 859 7583,"Viale Guglielmo Marconi, 13",Collepardo,,,,,,,,,,,
B&B Flora e il Fauno,Bed & Breakfast,,338 394 0500,via Mario Tolomei 4,Collepardo,,,,,,,,,,,
B&B Casale della Certosa di Trisulti,Bed & Breakfast,,392 529 7367,"Via Trisulti, 26",Collepardo,,,,,,,,,,,
B&B - La Corte d'ivi Collepardo,Bed & Breakfast,https://www.lacortedivi.it/,0775 476003,"Via Roma, 10",Collepardo,,bb@lacortedivi.it,https,WordPress,Sì,Keliweb S.R.L,57,49,100.00,Sì,No
B&B Maison Dina,Bed & Breakfast,http://www.maisondina.net/,339 230 0802,"Via Mario Tolomei, 30",Collepardo,,,https,WordPress,No,"Automattic, Inc",75,95,100.00,Sì,No
B & B Vico Suites,Bed & Breakfast,http://www.vicosuites.it/,347 540 9324,"via unione, 22",Vico nel Lazio,,info@vicosuites.it,https,WordPress,Sì,OVH ISP,56,80,92.00,Sì,No
Home Restaurant B&B La Cortesia,Ristorante di cibo locale,,339 596 7359,"Via da Bormida, 5",Turania,,,,,,,,,,,
Nel Bosco di Giove - Albergo Diffuso,Bed & Breakfast,https://nelboscodigiove.it/,393 221 3555,"Via Umberto I, 45",Collegiove,,,https,Joomla,Sì,Aruba S.p.A,54,22,77.00,Sì,No
AGRITURISMO FERRAMOSCA,Agriturismo,http://www.agriferramosca.com/,0765 935032,Località Renicciaro,Turania,,agriferramosca2000@yahoo.it,http,ASP.NET,No,Aruba S.p.A. Network,93,100,91.00,Sì,No
Babbo maison,Bed & Breakfast,,338 360 8922,"V.le Roma, 127",Guidonia Montecelio,,,,,,,,,,,
Casa del Girasole Bed and Breakfast,Bed & Breakfast,http://www.casadelgirasole.it/,335 595 3861,"Via della Gavaccia, 91",Monterotondo,,,https,WordPress,No,Aruba S.p.A.,63,93,92.00,Sì,No
B&B Pepe Verde,Bed & Breakfast,,338 901 1869,"Via dei Gemelli, 2",Guidonia Montecelio,,,,,,,,,,,
Botanea Guest House,Bed & Breakfast,https://www.botaneaguesthouse.com/,351 922 8544,"Via Selva dei Cavalieri, 13",Fonte Nuova,,,https,Wix,Sì,Google LLC,74,96,100.00,Sì,No
LE CAMERE DI BEA,Bed & Breakfast,,338 245 6290,"Via Trento, 62",Villalba,,,,,,,,,,,
B&B Green Universe,Bed & Breakfast,http://www.greenuniverse.it/,351 989 8775,"Via Dell Universo, 22",Guidonia Montecelio,,,https,Squarespace,No,"Amazon.com, Inc.",67,95,100.00,Sì,No
B&B A casa di Giulia,Bed & Breakfast,,351 729 9323,XMWV+79,Guidonia Montecelio,,,,,,,,,,,
Residenza nel borgo romano,Bed & Breakfast,,350 045 5692,"Piazza S. Nicola, 3",Mentana,,,,,,,,,,,
Bed and Breakfast A Casa di Anto _ cin: IT058091C17JOTJUHD,Bed & Breakfast,https://beb.it/acasadianto,338 981 2151,"Via Santa Croce, 80",Mentana,,,https,Joomla,No,"Amazon.com, Inc.",60,82,100.00,Sì,No
B&B Antonella,Bed & Breakfast,,380 197 9432,"Via S. Matteo, 79",Monterotondo,,,,,,,,,,,
Hotel Tecla,Hotel,http://www.hoteltecla.com/,06 9002 4459,"Via Nomentana, 460",Fonte Nuova,,info@hoteltecla.com,http,Shopify,No,Aruba S.p.A.,56,75,92.00,Sì,No
b&b beastella,Bed & Breakfast,,338 680 3933,Via Fondi 6193-6169,Fondi,,,,,,,,,,,
Al giardino di Anna B&b,Bed & Breakfast,http://www.algiardinodianna.it/,389 435 4758,"Via Cesare Battisti, 22",Fondi,,algiardinodianna@gmail.com,https,ASP.NET,No,Aruba S.p.A. Network,68,98,82.00,Sì,No
La Vie En Rose,Bed & Breakfast,https://lavie-enrose.bedsandhotels.com/,327 591 7593,"Via Giovanni Pascoli, 16",Fondi,,,https,React,No,Hetzner Online GmbH,65,97,91.00,Sì,No
Green House,Bed & Breakfast,https://greenhouse.bedsandhotels.com/,338 284 2400,"Via Salerno, 2",Fondi,,,https,React,No,Hetzner Online GmbH,68,97,91.00,Sì,No
Villa Anita B&B,Bed & Breakfast,http://www.villaanita.it/,0771 502868,"Corso Italia, 83",Fondi,,info@villaanita.it,http,ASP.NET,No,Aruba S.p.A. Network,69,84,82.00,Sì,No
Merlhome,Alloggio turistico,http://merlhome.it/,338 879 0201,"Via Benedetto Croce, 42",Fondi,,,https,WordPress,No,Server Plan S.r.l.,83,99,100.00,Sì,No
Da Conte al Vicoletto,Bed & Breakfast,https://da-conte-al-vicoletto.alberghiinitalia.top/,327 663 0479,"Via S. Sotero Papa, 9",Fondi,,,https,React,No,Contabo GmbH,56,85,92.00,Sì,No
B&b - Casale Il Chiacchierino,Bed & Breakfast,,0765 578667,"Via delle Roane, 5",Collevecchio,,,,,,,,,,,
Bed&Breakfast del viaggiatore,Bed & Breakfast,,347 364 8087,Via Giuseppe Toniolo,Fondi,,,,,,,,,,,
Corso Italia Luxury Suite,Bed & Breakfast,https://corsoitalialuxurysuite.it/,389 894 0317,"Corso Italia, 7",Fondi,,,https,React,Sì,Combell NV,50,87,85.00,Sì,No
B&B Il Cantuccio,Bed & Breakfast,https://www.bebilcantuccio.it/,334 799 8142,"Via Cristoforo Colombo, 43",Fondi,,info@bebilcantuccio.it,https,ASP.NET,No,Aruba S.p.A. Network,64,99,73.00,Sì,No
Tenuta Colle Sala - Country House & Suites,Agriturismo,https://www.tenutacollesala.com/,335 669 6809,Vocabolo Colle Sala,Magliano Sabina,,info@tenutacollesala.com,https,WordPress,Sì,Aruba S.p.A. Network,51,83,85.00,Sì,No
B&B La Casata,Bed & Breakfast,,334 763 2105,Via San Prospero,Collevecchio,,,,,,,,,,,
B & B 'Degli Artisti',Bed & Breakfast,http://www.bnbdegliartisti.weebly.com/,393 979 5643,"Via Orsolini, 16",Magliano Sabina,,,http,Weebly,Sì,"Weebly, Inc.",67,90,75.00,Sì,No
B&B Colle Visconti,Bed & Breakfast,http://bb-colle-visconti.italia-centro.it/,393 152 6845,"Contrada Macciocca, 12",Fontechiari,,,http,React,No,OVH SAS,56,96,83.00,Sì,No
Palazzo Paradisi,Ristorante,,0776 889346,"Piazza G. Amendola, 2",Fontechiari,,,,,,,,,,,
Albergo Belvedere,Hotel,,0765 570628,Contrada Montegiove,Forano,,,,,,,,,,,
Agriturismo Casale Contessa,Agriturismo,http://www.casalecontessa.it/,338 976 4375,Via Ponzano snc,Fianello,,info@casalecontessa.it,http,WordPress,Sì,Servereasy Srl,57,75,92.00,Sì,No
Casa Canipe' Apartment&Breakfast,Alloggio completo di servizi,,366 298 4045,"Vicolo Magenta, 9",Stimigliano,,,,,,,,,,,
B&B Parco di Veio,Bed & Breakfast,,392 928 7673,"Via del Praticello Alto, 40",Formello,,,,,,,,,,,
L'Angoletto in Selci Hotel,Hotel,,0765 519035,"Via Roma, 195 A",Selci,,,,,,,,,,,
La Loggetta sul borgo - Appartamento Formello,Bed & Breakfast,,351 754 7763,"Via XX Settembre, 9",Formello,,,,,,,,,,,
La Meridiana Relais,Hotel,http://www.meridianarelais.it/,06 908 8529,"Via Nazario Sauro, 42c",Formello,,info@meridianarelais.it,https,Mobirise,Sì,Aruba S.p.A.,61,89,100.00,Sì,No
Relax Nel Borgo,Bed & Breakfast,,331 864 3825,"Via XX Settembre, 7",Formello,,,,,,,,,,,
Antica Pietrara - B&B,Bed & Breakfast,http://www.anticapietrara.com/,06 9040 5013,"Via della Pietrara, 4",Formello,,info@anticapietrara.com,https,WordPress,No,Server Plan S.r.l.,35,46,100.00,Sì,No
B&B Le Querce,Bed & Breakfast,,338 408 9040,"Viale delle Rughe, 87",Le Rughe,,,,,,,,,,,
Bed&Breakfast L'Altalena,Bed & Breakfast,,06 908 9197,"Via di Valle di Pelle, 12",Formello,,,,,,,,,,,
Bed & Breakfast RoLu,Bed & Breakfast,https://bbrolu.it/,339 615 7595,"Via del Fosso di Monte Oliviero, 193",Roma,,,https,Shopify,No,"Cloudflare, Inc.",77,96,100.00,Sì,No
Gliù Vico B&B,Bed & Breakfast,,351 393 7170,"VICO ORTICELLO I°, N. 6",Formia,,,,,,,,,,,
Sperlonga Sul Mare,Bed & Breakfast,http://www.unlettoideale.com/,0771 286706,"Via Sebastiano Venier, 22",Sperlonga,,,https,Shopify,No,"Cloudflare, Inc.",44,35,100.00,Sì,No
Nimar Suite,Hotel,https://www.nimarsuite.it/,389 501 3815,"Via Marziale, 8",Formia,,nimarsuite@gmail.com,https,Shopify,No,"Cloudflare, Inc.",42,46,92.00,Sì,No
Al Centro B&B,Bed & Breakfast,,333 831 0211,"Via Maiorino, 39",Formia,,,,,,,,,,,
Albergo Angolo di Paradiso,Agriturismo,http://www.angolodiparadiso.it/,338 366 5724,"Via Monte del Lavatore, 15",Formello,,info@angolodiparadiso.it,https,React,No,One.com A/S,44,63,85.00,Sì,No
Terrazza incanto,Bed & Breakfast,https://incanto.bedsandhotels.com/,338 366 2407,"Piazza Risorgimento, 8",Formia,,,https,React,No,Hetzner Online GmbH,78,97,91.00,Sì,No
ALOHA HOUSE formia,Hotel,,327 539 5932,"Via Giuseppe Paone, 33",Formia,,,,,,,,,,,
Torre Mola Suite,Bed & Breakfast,http://www.torremola.it/,327 258 5436,"Via Vitruvio, 156",Formia,,torremolasuite@gmail.com,https,Joomla,Sì,Aruba S.p.A.,56,71,85.00,Sì,No
B&B Le Terrazze,Bed & Breakfast,https://leterrazzeformia.it/,347 270 6930,"Via Appia Lato Napoli, 305",Formia,,,https,Wix,Sì,wix com inc,63,88,100.00,Sì,No
Guest House Nostro Paradiso,Bed & Breakfast,,327 544 8735,Via Casale Nardone,Monteleone Sabino,,,,,,,,,,,
Damahouse B&B,Bed & Breakfast,http://www.damahouse.it/,339 166 5608,Via Solaro,Formia,,,http,ASP.NET,No,Aruba S.p.A. Network,65,96,91.00,Sì,No
Il Casale dei Gechi,Agriturismo,http://www.agriturismoilcasaledeigechi.it/,339 294 2895,Via dei Faggi,Monte Santa Maria,,,https,Joomla,No,OVH SAS,77,97,92.00,Sì,No
B&B Princess,Bed & Breakfast,,393 017 7226,"Via 24 Maggio, 150",Grottaferrata,,,,,,,,,,,
B&B SANTAVITTORIA,Bed & Breakfast,https://bbsantavittoria.it/,347 598 8875,"Via Trebula Mutuesca, 181",Monteleone Sabino,,b.bsantavittoria@gmail.com,https,Joomla,Sì,Aruba S.p.A.,59,66,77.00,Sì,No
B&B bee,Bed & Breakfast,,347 484 9005,"Vicinale S. Marco, 10",Monte Porzio Catone,,,,,,,,,,,
B&B Villagio' Frascati,Bed & Breakfast,,347 847 1619,"Via Tuscolana, 22",Frascati,,,,,,,,,,,
Antica Terrazza Frascati,Bed & Breakfast,,06 3973 2839,"Via Garibaldi, 1",Frascati,,,,,,,,,,,
Il Giardino di Stella,Hotel,http://www.ilgiardinodistella.it/,349 702 8493,"Via Giuseppe Luzi, 37",Frascati,,info@ilgiardinodistella.it,https,WordPress,Sì,Server Plan S.r.l.,65,90,100.00,Sì,No
B&B Frascati,Bed & Breakfast,http://www.bebfrascati.com/,06 9401 0117,"Galleria V. Emanuele II, 21",Frascati,,info@frascatirooms.it,https,WordPress,No,"Cloudflare, Inc.",36,56,92.00,Sì,No
La casetta del Tuscolo -Secret rooms-,Bed & Breakfast,,348 383 0203,Via del Fosso Mariano,Grottaferrata,,,,,,,,,,,
STRANAMORE - Affittacamere - B&B - MiniAppartamenti,Bed & Breakfast,http://www.affittacamerestranamore.com/,06 8667 7080,"Via di Colle Pizzuto, 21",Roma,,info@affittacamerestranamore.com,https,Angular,Sì,Google LLC,68,90,100.00,Sì,No
Albergo Panorama Srl,Hotel,http://www.albergopanoramafrascati.com/,06 942 1800,"Piazza C. Casini, 3",Frascati,,,http,ASP.NET,No,Aruba S.p.A. Network,99,100,82.00,Sì,No
Homescape Frascati Guest House,Bed & Breakfast,http://www.homescape.it/,328 546 1748,"Via Solferino, 7",Frascati,,info@homescape.it,https,Shopify,No,"Cloudflare, Inc.",53,53,92.00,Sì,No
B&B Theodora,Bed & Breakfast,http://www.bbtheodorafrascati.it/,327 282 2724,"Via XX Settembre, 40",Frascati,,,https,WordPress,No,Aruba S.p.A. Network,64,92,100.00,Sì,No
Hotel Flora,Hotel,http://www.hotel-flora.it/,06 941 6110,"Viale Vittorio Veneto, 8",Frascati,,info@hotel-flora.it,https,ASP.NET,No,Aruba S.p.A.,45,60,92.00,Sì,No
Green Hotel Poggio Regillo,Hotel,http://www.breakinrome.it/,392 125 7470,"Via di Pietra Porzia, 30",Frascati,,info@breakinrome.it,https,WordPress,No,"Cloudflare, Inc.",55,56,100.00,Sì,No
Hotel Colonna,Hotel,http://www.hotelcolonna.it/,06 9401 8088,"P.za del Gesù, 12",Frascati,,,https,ASP.NET,No,GENESYS,65,85,100.00,Sì,No
B&B via Piave da Lillo,Bed & Breakfast,http://www.dalillo.com/,351 743 1717,"Via Piave, 90",Frosinone,,info@dalillo.com,https,WordPress,Sì,SEEWEB s.r.l.,73,81,85.00,Sì,No
Abuelita,Bed & Breakfast,,329 427 5584,"Via dei Larici, 5",Gaeta,,,,,,,,,,,
Il Rio,Bed & Breakfast,,0775 855030,"Via Marittima, 228",Frosinone,,,,,,,,,,,
Il Viaggiatore Gaeta Medievale,Bed & Breakfast,http://www.ilviaggiatoregaeta.it/,328 587 4531,Salita Colonna,Gaeta,,,https,Shopify,Sì,Aruba S.p.A.,65,84,92.00,Sì,No
B&B Villa le Magnolie,Bed & Breakfast,http://www.villalemagnolie.eu/,0775 200440,"Via Sodine, 64",Frosinone,,,https,WordPress,Sì,Seeweb srl,33,49,85.00,Sì,No
Il Sestante B&B,Bed & Breakfast,https://www.ilsestantegaeta.com/,320 793 9898,"Corso Cavour, 7",Gaeta,,,https,ASP.NET,No,Aruba S.p.A. Network,100,100,82.00,Sì,No
AlbaChiara B&B,Bed & Breakfast,https://beb.it/albachiaragaeta,328 895 4054,"Via Livorno, 6",Gaeta,,,https,Shopify,No,"Amazon.com, Inc.",90,93,100.00,Sì,No
B&B Sapore di Mare,Bed & Breakfast,,392 698 7755,"Via Rimini, 25",Gaeta,,,,,,,,,,,
Palazzo Nari,Bed & Breakfast,http://www.palazzonari.com/,373 856 7536,"Via Annunziata, 50",Gaeta,,9a65e97ebe8141fca0c4fd686f70996b@sentry.wixpress.com,https,Wix,No,Google LLC,59,87,100.00,Sì,No
Casale san Pietro,Bed & Breakfast,,320 836 5827,Strada S. Pietro,Otricoli,,,,,,,,,,,
B&B Il Giglio Marino,Bed & Breakfast,http://www.ilgigliomarino.com/,327 753 3731,"Corso Italia, 11",Gaeta,,,http,Typo3,No,Aruba S.p.A. Network,65,99,100.00,Sì,No
La terrazza dei colori,Bed & Breakfast,https://www.hotelscheck-in.com/laterrazzadeicolorigaeta/it/,339 206 0521,"Via Europa, 46",Gaeta,,,https,WordPress,No,"Cloudflare, Inc.",35,76,85.00,Sì,No
B&B Il Geranio,Bed & Breakfast,https://www.hotelscheck-in.com/bedandbreakfastgaeta/it/,389 434 1560,"Salita Porta di Ferro, 2",Gaeta,,customer.service@booking.com,https,React,Sì,"Cloudflare, Inc.",36,52,61.00,Sì,No
Agriturismo Giulia di Gallese,Agriturismo,http://www.giuliadigallese.com/,0761 495510,"Str. Cerreto, 2",Gallese,,,https,WordPress,Sì,Google LLC,41,87,100.00,Sì,No
La Petite Famille Srls,Bed & Breakfast,http://www.lapetitefamillesrls.com/,389 618 4418,"Via Giovanni Marconi, 9",Corchiano,,romina.piacitelli@gmail.com,http,WordPress,No,Aruba S.p.A.,65,81,92.00,Sì,No
Le Quercie Srl,Agriturismo,,06 9546 0775,"Via Provinciale Gallicano Poli, 91",Gallicano Nel Lazio,,,,,,,,,,,
Villa Paradise Resort,Servizio di ricerca di compagni di stanza,,333 114 3774,Via Prenestina Nuova,Gallicano Nel Lazio,,,,,,,,,,,
B&B La Casa del Gallese,Bed & Breakfast,https://www.lacasadelgallese.com/,351 378 1986,"Terre Roveresche, Via Vergineto Campagna 18, Terre Roveresche",Terre Roveresche,,,https,React,Sì,Google LLC,61,78,100.00,Sì,No
Al Rifugio,Hotel,,348 334 5576,"Via Collacchio, 60",Gallicano Nel Lazio,,,,,,,,,,,
Da Francesco,Bed & Breakfast,,339 606 9759,"Via Campo di Grazia, 66",Roma,,,,,,,,,,,
b&b Country Horses Club .,Bed & Breakfast,,06 9546 1020,"Via la Smerza, 22",Gallicano nel Lazio,,,,,,,,,,,
Monna Lisa B&B,Bed & Breakfast,,0776 610237,Via Frattone 48,Gallinaro,,,,,,,,,,,
Park Hotel Sabina,Hotel,https://www.parkhotelsabina.com/,0744 919941,Via Flaminia km 65,Magliano Sabina,,info@parkhotelsabina.com,https,ASP.NET,Sì,"Squarespace, Inc.",42,45,92.00,Sì,No
B&B A casa di Catia - Alle porte di Roma,Bed & Breakfast,http://www.acasadicatia.it/,339 263 8159,"Via Gioacchino Rossini, 15",Valle Martella,,info@acasadicatia.it,https,WordPress,Sì,Aruba S.p.A.,62,85,92.00,Sì,No
B&B La Meta,Bed & Breakfast,,347 032 7100,Via Fondicelle,Settefrati,,,,,,,,,,,
Home Sweet Home,Bed & Breakfast,https://homesweethomerome.wixsite.com/booknow,347 142 9400,"Via Delle Casse, 123",Gallicano nel Lazio,,,https,Wix,No,Google LLC,0,97,69.00,Sì,No
B&B A Casa del Pittore,Bed & Breakfast,http://www.acasadelpittore.it/,339 364 0909,"Via Colle del Pero, 29",Zagarolo,,info@acasadelpittore.com,https,Shopify,No,Aruba S.p.A. Network,35,47,82.00,Sì,No
B&B L'Antica Meridiana,Bed & Breakfast,,329 313 6367,"Via Caratelli, 11",Segni,,,,,,,,,,,
B&B Roman Country Villa,Bed & Breakfast,http://www.romancountryvilla.it/,391 415 9119,"Via Cancellata di Mezzo, 71",Zagarolo,,info@romancountryvilla.it,https,WordPress,Sì,Aruba S.p.A,39,56,85.00,Sì,No
La Terrazza Su Roma,Hotel,https://la-terrazza-su-roma.amolitalia.top/,335 818 0653,"Via Colle dell'Oro, 108",Zagarolo,,,https,WordPress,No,Contabo GmbH,66,91,85.00,Sì,No
Albergo Ristorante la Pace,Hotel,https://www.albergo-lapace.it/,06 976 7022,"Via dei Cappuccini, 9",Segni,,,https,Angular,Sì,Retelit Digital Services S.p.A.,51,88,92.00,Sì,No
Hotel Cremona Ristorante Bar,Hotel,http://www.hotelcremona.com/,06 957 9603,"Via Palmiro Togliatti, 19",Genazzano,,info@hotelcremona.com,https,React,No,Aruba S.p.A.,53,92,100.00,Sì,No
B&B San Marco,Bed & Breakfast,http://www.bbsanmarco-segni.it/page4.html,347 721 2384,"Largo Giuseppe Mazzini, 1",Segni,,,http,ASP.NET,No,Aruba S.p.A. Network,100,100,82.00,Sì,No
Idealodge B&B (CIN IT058034C1CXP6YSLI),Bed & Breakfast,http://www.idealodge.it/,331 435 1042,"Vicolo Garigliano, 3",Colleferro,,info@idealodge.it,https,React,No,Aruba S.p.A. Network,56,68,85.00,Sì,No
Agriturismo Tenuta Terre Dei Latini,Agriturismo,http://www.terredeilatini.it/it/,339 725 2978,"km, Via Casilina, 30",Segni,,info@terredeilatini.it,https,Drupal,Sì,Server Plan S.r.l.,64,78,100.00,Sì,No
B&B Girasole,Bed & Breakfast,https://bb-girasole.comeviaggiare.top/,320 282 9390,"Via Fontana Bracchi, 2",Colleferro,,,https,React,No,Contabo GmbH,56,85,85.00,Sì,No
La Baita di Heidi,Bed & Breakfast,,329 243 9499,Via Cona Bosca,Genazzano,,,,,,,,,,,
Agriturismo Borgo Imperiale Valmontone,Agriturismo,https://www.agriturismoborgoimperiale.it/,348 594 6014,"Via Genazzano, 163",Valmontone,,info@agriturismoborgoimperiale.it,https,ASP.NET,Sì,Aruba S.p.A.,0,63,92.00,Sì,No
LA POLLEDRARA RELAIS DI CAMPAGNA,Ristorante,https://agriturismolapolledrara.it/,338 244 8519,"Contrada polledrara, snc",Paliano,,info@agriturismolapolledrara.it,https,WordPress,Sì,Seeweb srl,57,45,77.00,Sì,No
il Lago di Nemi,Bed & Breakfast,http://www.illagodinemi.it/,320 042 9552,"Via delle Navi di Tiberio, 1",Nemi,,,https,React,No,Google LLC,63,87,92.00,Sì,No
Casa di Giò B&B Luxury Resort,Bed & Breakfast,https://www.casadigio.it/,379 235 5613,"Piazzale dei Francescani, 2",Lanuvio,,,https,React,No,Google LLC,73,94,75.00,Sì,No
La Stalla Bed & Breakfast,Bed & Breakfast,,0775 245185,"Via Tofe, 193",Ferentino,,,,,,,,,,,
Diana Park Hotel,Hotel,https://diana-park-hotel.albergatore.top/,06 936 4041,"Via Nemorense, 56",Nemi,,,https,React,No,Contabo GmbH,66,90,85.00,Sì,No
Hotel Ristorante Villa Robinia,Hotel,http://www.hotelvillarobinia.it/,06 939 8617,"Viale Fratelli Rosselli, 19",Genzano di Roma,,info@hotelvillarobinia.it,https,ASP.NET,Sì,Aruba S.p.A. Network,51,41,91.00,Sì,No
B&B Celani,Bed & Breakfast,https://bb-celani.camerainitalia.top/,331 370 4345,"Via Bagni Roana, 66",Ferentino,,,https,React,No,Contabo GmbH,55,86,85.00,Sì,No
Bed and breakfast Viale dei Gelsi,Bed & Breakfast,,392 386 0750,"Strada Comunale Ronghino, 18",Anagni,,,,,,,,,,,
Hotel Ristorante Bassetto,Hotel,http://www.hotelbassetto.it/,0775 244931,"Via Casilina, 74.600",Ferentino,,info@hotelbassetto.it,https,WordPress,No,Aruba S.p.A. Network,38,82,54.00,Sì,No
Villa Caterina - Bed And Breakfast,Bed & Breakfast,http://www.bbvillacaterina.com/,0775 409121,"Via Montelena Nuova, 15",Alatri,,info@bbvillacaterina.com,http,ASP.NET,No,Aruba S.p.A. Network,96,100,0.00,Sì,No
Hotel Falisco,Hotel,,0761 569976,"Via Roma, 61",Fabrica di Roma,,,,,,,,,,,
Bed and breakfast LE CORTI morolo Frosinone,Bed & Breakfast,https://bed-and-breakfast-le-corti-morolo-frosinone.italiabella.top/,327 074 6619,"Via La Torre, 63",Morolo,,,https,WordPress,No,Contabo GmbH,61,90,85.00,Sì,No
B&B FR HOUSE Colleferro,Bed & Breakfast,,392 665 5452,"Via Casilina, km 48",Colleferro,,,,,,,,,,,
La Tenuta di Bacco,Hotel,,06 9723 5279,Via Colledoro,Colleferro Scalo,,,,,,,,,,,
Casa Vacanze A Priori Viterbo,Bed & Breakfast,http://www.aprioriviterbo.it/,334 876 3235,"Piazza del Gesù, 23",Viterbo,,,https,WordPress,No,IONOS SE,60,70,100.00,Sì,No
Affittacamere Le Ginestre Colleferro,Bed & Breakfast,https://bb-le-ginestre.albergo.top/,333 560 0140,"Via Casilina, km 48",Colleferro,,,https,WordPress,No,Contabo GmbH,56,87,92.00,Sì,No
Ferrari Farm Società Agricola S.r.l.,Fattoria aperta al pubblico,http://www.ferrarifarm.com/,393 839 0825,Via Colle Cerqueto 1,Petrella Salto,,,https,Webflow,No,"Amazon.com, Inc.",56,69,100.00,Sì,No
Bed & Breakfast “Noi parliamo con le pietre”,Bed & Breakfast,http://noiparliamoconlepietre.it/,335 774 5721,"Via Corso, 15 Fraz",Località Corso,,lena.dicesare@libero.it,https,WordPress,No,Aruba S.p.A.,59,82,92.00,Sì,No
Bed & Breakfast Il Boscaiolo Aquila,Bed & Breakfast,http://www.ilboscaiololaquila.it/,337 109 4452,"Via della Scuola, 5",Sassa Scalo,,info@ilboscaiololaquila.it,https,React,No,"Cloudflare, Inc.",47,56,100.00,Sì,No
Bed & Breakfast Sul Fiasco,Bed & Breakfast,,333 468 0576,"Piazza Francesco De Pinedo, 8",Ponzano Romano,,,,,,,,,,,
Terrasabina,Agriturismo,http://www.terrasabina.it/,0765 446037,"V. Santa Lucia, 5",Poggio Mirteto,,info@terrasabina.it,http,ASP.NET,No,Aruba S.p.A. Network,67,62,91.00,Sì,No
Resort spa estetica B&B,Bed & Breakfast,,391 791 5769,"Via del Porto, 20",Gavignano Sabino,,,,,,,,,,,
B&B A L'Aquila per un sogno,Bed & Breakfast,https://bb-a-laquila-per-un-sogno.italiabella.top/,391 721 9849,"Via L'Aquila-Sassa, 66",L'Aquila,,,https,React,No,Contabo GmbH,62,89,85.00,Sì,No
AFFITTACAMERE LE QUERCE,Bed & Breakfast,,350 506 7212,"Via Monte Severino, 6",Fiano Romano,,,,,,,,,,,
B&B Tosca,Bed & Breakfast,,0765 480177,"Via Padova, 54",Fiano Romano,,,,,,,,,,,
Best Western Park Hotel,Hotel,http://www.parkhotelromanord.it/,0765 453080,"Via Variante Tiberina, 21",Fiano Romano,,park.rm@bestwestern.it,https,Angular,Sì,Amazon Technologies Inc.,32,44,77.00,Sì,No
Vivienne's Guest House,Bed & Breakfast,https://sites.google.com/view/viviennesguesthouse,350 062 4624,"Via Venezia, 47",Fiano Romano,,vivienneguesthouse2023@gmail.com,https,React,Sì,Google LLC,51,68,83.00,Sì,No
B&B La Collina di Peppino,Bed & Breakfast,http://www.lacollinadipeppino.com/,333 222 7500,SP 19 km 16.800,Trasacco,,lacollinadipeppino@hotmail.com,https,WordPress,Sì,SEEWEB s.r.l.,47,90,100.00,Sì,No
ALBERGO RIO,Hotel,,339 618 7240,"Via Santa Croce, n. 18",Canistro,,,,,,,,,,,
The Garden di Fontana Maria Cristina,Bed & Breakfast,https://www.thegarden-beb.com/it,338 104 8103,Via Marsicana,Canistro Inferiore,,thegarden.canistro@gmail.com,https,WordPress,No,"Cloudflare, Inc.",52,62,92.00,Sì,No
Hotel Ristorante Monteviglio Di Cacciotti Rolando,Pensione,https://hotelmonteviglio.weebly.com/,0775 581240,"Via Panoramica, 18",Filettino,,,https,Weebly,Sì,"Weebly, Inc.",41,76,75.00,Sì,No
Hotel Ristorante Il Parco,Hotel,https://hotel-ristorante-il-parco.tipsitaly.top/,0775 527449,"Strada Provinciale 28, km 9,200",Trevi Nel Lazio,,,https,WordPress,No,Contabo GmbH,62,90,85.00,Sì,No
B&B Relais Marlene,Bed & Breakfast,http://www.relaismarlene.it/,338 668 6769,"Via Cardinale Mazzarino, 46",Avezzano,,info@relaismarlene.it,https,React,No,SEEWEB s.r.l.,56,86,92.00,Sì,No
My Suite Fiuggi,Appartamenti,,392 324 2332,Via dei Castani,Fiuggi,,,,,,,,,,,
B&B Metamorphosi,Hotel,,340 658 9665,"Via Prenestina, 135",Fiuggi,,,,,,,,,,,
Grillo Verde B&B,Alloggio turistico,,328 482 5386,"Antica, 5 bis, Via Prenestina",Fiuggi,,,,,,,,,,,
Lovers In Fiuggi,Spa,https://loversinfiuggi.com/suites,320 941 2800,"Via dei Villini, 21",Fiuggi,,loversinfiuggi@gmail.com,https,Canva Websites,No,"Cloudflare London, LLC",34,47,82.00,Sì,No
Hotel Fiuggi Terme Resort & Spa,Hotel,https://www.hotelfiuggiterme.it/,0775 515212,"Via Capo i Prati, 9",Fiuggi,,info@hotelfiuggiterme.it,https,Shopify,Sì,Semplify Srl,95,98,100.00,Sì,No
Villa Sardegna,Hotel,https://villa-sardegna.tipsitaly.top/,0775 506553,"Via Vallicelle, 20",Fiuggi,,,https,WordPress,No,Contabo GmbH,48,89,85.00,Sì,No
Agriturismo Santo Pietro,Agriturismo,http://www.agriturismosantopietro.it/,0765 386748,San Pietro di Coltodino,Fara In Sabina,,info@agriturismosantopietro.it,https,WordPress,Sì,Hetzner Online GmbH,59,83,100.00,Sì,No
B&B fronteMare faleria,Bed & Breakfast,https://frontemare-faleria1.touritaliani.top/,338 527 8895,"Via Faleria, 74",Porto Sant'Elpidio,,,https,React,No,Contabo GmbH,52,88,92.00,Sì,No
Spa suite B.O.,Bed & Breakfast,http://www.spasuitebo.com/,331 277 4403,"via, Str. Vallelunga le Rote, 5",Mazzano Romano,,info@spasuitebo.com,https,WordPress,Sì,Seeweb srl,40,52,85.00,Sì,No
Locanda Persei,Bed & Breakfast,http://www.locandapersei.it/,342 615 5589,"Via Roma, 38",Prossedi,,info@locandapersei.it,https,WordPress,No,HOSTINGER DE,59,72,92.00,Sì,No
La Preta Nera Guest House,Bed & Breakfast,https://www.pretanera.com/,328 572 0000,9 Via Camillo Benso Conte di Cavour Giuliano di Roma,Giuliano di Roma,,,https,Squarespace,No,OVH SAS,,,,Sì,No
Agriturismo Varcodoro,Agriturismo,http://www.varcodoro.it/,333 644 3536,"Via La Danna, 36/b",Giuliano di Roma,,varcodoro@gmail.com,https,ASP.NET,Sì,Aruba S.p.A. Network,,,,Sì,No
Sunny Palace Hotel,Hotel,http://www.sunnypalace.it/,0773 957451,S.S. 156 dei Monti Lepini,Prossedi,,,https,WordPress,No,Keliweb S.R.L,,,,Sì,No
PATRICIA BED&BREAKFAST,Bed & Breakfast,https://www.patriciabb.it/,329 946 0620,"Corso della Repubblica, N.43",Patrica,,info@patriciabb.it,https,WordPress,No,Seeweb srl,,,,Sì,No
Notti Etrusche a Sovana,Bed & Breakfast,,348 751 8506,"Via del Pretorio, 20",Sovana,,,,,,,,,,,
Agriturismo Il Castagneto,Agriturismo,http://www.ilcastagneto.net/,0775 227564,"Via La Mola, 58",Supino,,info@ilcastagneto.net,https,React,No,Aruba S.p.A.,,,,Sì,No
"Bed and breakfast la Casa dei Carrai Pitigliano, Maremma Toscana",Bed & Breakfast,http://www.lacasadeicarrai.com/,338 677 3242,"Via S. Francesco, 54",Pitigliano,,,https,WordPress,Sì,Aruba S.p.A. Network,,,,Sì,No
Agriturismo Poggio Torreano,Agriturismo,http://www.poggiotorreano.it/,339 537 2648,Località Poggio Torreano,Farnese,,,https,WordPress,No,Aruba S.p.A.,,,,Sì,No
La Dolce Vita Bed&Breakfast,Hotel,,331 221 9980,Ara del Marmo,Paliano,,,,,,,,,,,
IL CIOCCARO-INN exclusive B&B,Bed & Breakfast,,393 106 3246,"Via S. Procolo, 25",Paliano,,,,,,,,,,,
Poggio al Tramonto Location per Eventi B&B,Bed & Breakfast,https://bb-poggio-al-tramonto.mipiacelitalia.top/,329 569 9858,"Via S. Procolo, 165",Paliano,,,https,WordPress,No,Contabo GmbH,,,,Sì,No
Gradoli B&B,Bed & Breakfast,,347 844 9435,"Unnamed Road,",Gradoli,,,,,,,,,,,
La Perazzeta Una Finestra sul Lago,Agriturismo,https://la-perazzeta-una-finestra-sul-lago.italiadestinazioni.top/,348 291 4304,"Loc. La Perazzeta, 4",Gradoli,,,https,WordPress,No,Contabo GmbH,,,,Sì,No
Agriturismo Pian del grano,Agriturismo,https://www.agriturismopiandelgrano.it/,348 051 9087,Loc Pian del Grano 2,Grotte di Castro,,josephabinassif52@gmail.com,https,React,Sì,Aruba S.p.A.,,,,Sì,No
Casale Nanà B&B,Bed & Breakfast,,329 934 1360,"Via Cupa, 65a",Graffignano,,,,,,,,,,,
Antico Corniolo,Hotel,http://anticocorniolo.it/,393 701 0846,Località Cantoniera snc,Gradoli,,info@anticocorniolo.it,http,ASP.NET,No,Aruba S.p.A. Network,,,,Sì,No
IL CASONE DI GRAFFIGNANO,Alloggi al coperto,,339 859 3140,"Strada Provinciale, Valle Del Tevere",Graffignano,,,,,,,,,,,
B&B Le Poggere - piscina e panorama,Hotel,,333 778 8691,Località Poggere 4,Civitella D'agliano,,,,,,,,,,,
B&B Fontanelle,Bed & Breakfast,,393 127 3116,"Vocabolo Fontanelle, 7",Alviano,,,,,,,,,,,
Le Mole sul Farfa,Agriturismo,http://www.lemolesulfarfa.com/,328 460 3412,"Strada delle Mole, 2",Mompeo,,fiumefarfa@gmail.com,https,Squarespace,No,"Squarespace, Inc.",,,,Sì,No
Serenity House,Bed & Breakfast,,389 557 7397,"Via S. Francesco, 50",Greccio,,,,,,,,,,,
B&B Il Cammino,Bed & Breakfast,http://www.ilcammino.com/,339 227 9249,"Via dei Bifolchi, 22",Greccio,,,http,Weebly,Sì,"Weebly, Inc.",,,,Sì,No
B&B Il Cantico,Bed & Breakfast,https://bebilcantico.wordpress.com/,328 964 2274,"Via dei Frati, 102",Greccio,,ilcantico2007@libero.it,https,WordPress,No,"Automattic, Inc",,,,Sì,No
B&B Il TAU,Bed & Breakfast,http://www.iltaugreccio.it/,339 586 0561,Via Spinacceto 147/b,Greccio,,info.iltaugreccio@gmail.com,https,Weebly,No,Google LLC,,,,Sì,No
Dimora della Fonte,Hotel,http://www.hoteldellafonte.com/,0746 753110,"Piazza Roma, 5",Greccio,,,https,Wix,No,Google LLC,,,,Sì,No
Bed & Breakfast La Porta della Valnerina,Bed & Breakfast,http://www.laportadellavalnerina.com/,347 760 9678,"Via Centrale di Cervara, 53",Terni,,,https,WordPress,No,OVH SAS,,,,Sì,No
Bed & Breakfast Carpe Diem,Bed & Breakfast,http://www.bnbcarpediem.it/,348 854 7571,"Via della Costituente, 1",Grottaferrata,,,https,WordPress,No,Aruba S.p.A. Network,,,,Sì,No
La Pedica B&B,Bed & Breakfast,,333 245 2531,"Via della Pedica, 434",Grottaferrata,,,,,,,,,,,
“Casa Amélie”,Alloggio completo di servizi,https://casa-amlie.alberghiinitalia.top/,339 789 6604,"Via Anagnina, 227 41.792690, 12.675093",Grottaferrata,,,https,React,No,Contabo GmbH,,,,Sì,No
Hotel Squarciarelli Grottaferrata,Hotel,http://www.squarciarelli.com/,06 941 0882,"Via 24 Maggio, 2",Grottaferrata,,,http,ASP.NET,No,Aruba S.p.A. Network,,,,Sì,No
B&B La Dolce Casetta,Bed & Breakfast,https://www.ladolcecasetta.it/,349 772 2382,"Via Anagnina, 31",Grottaferrata,,ladolcecasetta@gmail.com,https,WordPress,No,Aruba S.p.A. Network,,,,Sì,No
IL MELOGRANO,Bed & Breakfast,,333 752 2225,"Via Piave, 3/int.1",Guidonia Montecelio,,,,,,,,,,,
Agriturismo L'Arco,Agriturismo,http://agriturismolarco.com/,335 637 1025,"Contrada Coriano, 3",Guarcino,,,https,WordPress,No,Server Plan S.r.l.,,,,Sì,No
Casadei24,Alloggio completo di servizi,,389 580 8353,"Via A. Casadei, 4",Guidonia Montecelio,,,,,,,,,,,
Agriturismo Bed and Breakfast Casale Lo Zodiaco,Bed & Breakfast,,0774 342561,"Via Formello, 35",Guidonia Montecelio,,,,,,,,,,,
Kalispéra B&B,Bed & Breakfast,,340 745 1078,"Vocabolo Campetella, 28",Marcellina,,,,,,,,,,,
Il Tempietto di Venere,Bed & Breakfast,http://www.iltempiettodivenere.it/,339 353 2588,"Via Rosolina, 20",Tivoli,,info@iltempiettodivenere.it,http,React,No,Aruba S.p.A. Network,,,,Sì,No
Villa Verde 2,Bed & Breakfast,https://villaverde2guidonia.top/,0774 302120,"Via Muzio Scevola, 11",Guidonia Montecelio,,,https,WordPress,Sì,"Cloudflare, Inc.",,,,Sì,No
Gu Hotel,Hotel,https://www.guhotel.it/,0774 378823,"Via dei Tigli, 7",Guidonia Montecelio,,info@guhotel.it,https,Shopify,Sì,Server Plan S.r.l.,,,,Sì,No
Aliska's home,Alloggio con uso cucina,,389 048 8822,"Via Enea Rossi, 3",Guidonia Montecelio,,,,,,,,,,,
L'ORCHIDEA DI ALE,Bed & Breakfast,http://www.lorchideadiale.it/,345 935 0944,"Via Papa Pio IX, 25",Tivoli Terme,,info@lorchideadiale.it,https,WordPress,No,Aruba S.p.A. Network,,,,Sì,No
Albergo Casa Lupi,Hotel,http://www.albergocasalupi.it/,349 377 7824,"Strada Comunale per Sant'Angelo Romano, 12",Guidonia Montecelio,,,http,ASP.NET,No,Aruba S.p.A. Network,,,,Sì,No
Hotel Della Fortezza,Hotel,http://www.hoteldellafortezza.com/,0564 633549,"Parcheggio S.Marco, Via Cairoli, Via Ricasoli, 5",Sorano,,info@hoteldellafortezza.com,https,WordPress,Sì,IT.Gate S.p.A.,,,,Sì,No
B&B La Biga,Bed & Breakfast,,380 778 3834,"Via Roma, 136",Ischia di Castro,,,,,,,,,,,
Agriturismo Castro,Agriturismo,,339 270 9129,Ponte S. Pietro,Ischia di Castro,,,,,,,,,,,
B&B Civico 210,Bed & Breakfast,,348 811 6371,"Corso Appio Claudio, 210",Itri,,,,,,,,,,,
Sant' Angelo Bed & Breakfast a Itri,Bed & Breakfast,,0771 727821,"Via S. Angelo, 55",Itri,,,,,,,,,,,
Appio Claudio Tre,Bed & Breakfast,,328 846 9479,"Corso Appio Claudio, 3",Itri,,,,,,,,,,,
B&B Villa Paola Itri,Bed & Breakfast,,328 739 6521,"Via Campoli Alto, 13",Itri,,,,,,,,,,,
Buenavista Surfmed Bed & Breakfast,Bed & Breakfast,http://www.buenavistasurfmed.com/,392 328 7417,"Contrada Campanaro, 21",Itri,,buenavistasurfmed@yahoo.it,https,WordPress,No,Server Plan S.r.l.,,,,Sì,No
B&B Mezzabrino Vista Castello,Bed & Breakfast,,324 632 3351,"Via Mezzabrino, 19",Itri,,,,,,,,,,,
Raggio Verde,Bed & Breakfast,,366 991 3062,"Corso S. Gennaro, 117",Itri,,,,,,,,,,,
Terramadre,Bed & Breakfast,https://terramadre.comeviaggiare.top/,338 782 8064,"Via Campoli, 25",Itri,,,https,WordPress,No,Contabo GmbH,,,,Sì,No
Ristorante - Albergo Mingone,Ristorante italiano,http://www.mingone.it/,0776 869140,"Via Pietro Nenni, 96",Arpino,,mingone@mingone.it,https,WordPress,No,Serverplan s.r.l.,,,,Sì,No
B&B Fratelli Baglione,Bed & Breakfast,https://bebbaglionesora.it/,351 575 2986,"Via San Domenico, 43/B Interno 6, terzo piano",Sora,,,https,WordPress,No,WIIT AG,,,,Sì,No
Villa il Salice,Bed & Breakfast,https://villa-il-salice.touritaliani.top/,333 983 4936,"Via Pagnanelli, snc",Arpino,,,https,React,No,Contabo GmbH,,,,Sì,No
HOTEL OLIMPUS,Hotel,https://hotel-olimpus.albergo.top/,0776 854048,"Viale S. Domenico, 74",Sora,,,https,React,No,Contabo GmbH,,,,Sì,No
B&B La Chiave dei Sogni,Alloggi al coperto,,06 951 0968,"Via Quinta Strada, 7",Labico,,,,,,,,,,,
Bed and Breakfast Il Sottosopra,Bed & Breakfast,https://www.ilsottosopra.com/,328 917 4839,"Ventiquattresima Strada, 18",Labico,,info@ilsottosopra.com,https,WordPress,Sì,Aruba S.p.A. Network,,,,Sì,No
Nottola B&B,Bed & Breakfast,,347 125 5669,"Via Trento, 12",Ladispoli,,,,,,,,,,,
Valmontone Travel Rooms (Guest House/Casa Vacanze)),Bed & Breakfast,http://www.valmontonetravelrooms.it/,391 147 2598,"Colle Tocciarello, 29",Valmontone,,info@valmontonetravelrooms.it,https,Shopify,Sì,Server Plan S.r.l.,,,,Sì,No
Antonello Colonna Resort & Spa,Hotel Resort,http://www.antonellocolonna.it/resort-spa,06 951 0032,"Via di Valle Fredda, 52",Labico,,,https,React,No,Netsons s.r.l.,,,,Sì,No
Sunset Bed and Breakfast,Bed & Breakfast,,388 149 2357,"Via G. Ruspoli, 47",Ladispoli,,,,,,,,,,,
B&B IL TEMPIO,Bed & Breakfast,,389 238 1750,"Lungomare Marco Polo, 8",Ladispoli,,,,,,,,,,,
Hotel Villa Margherita,Hotel,http://www.villamargherita.srl/,06 9922 1155,"Via Duca degli Abruzzi, 147",Ladispoli,,booking@villamargherita.srl,https,Shopify,Sì,Google LLC,,,,Sì,No
Hotel Miramare,Hotel,http://www.hotel-miramare.it/,06 994 6186,"Via Trieste, 3",Ladispoli,,info@hotel-miramare.it,https,Shopify,Sì,Aruba S.p.A. Network,,,,Sì,No
B&B Un Passo Dal Mare,Hotel,,366 906 6763,"Via Duca degli Abruzzi, 102",Ladispoli,,,,,,,,,,,
Bed and Breakfast La Casetta,Bed & Breakfast,http://www.lacasettaladispoli.it/,331 908 8481,"Via Roma, 108A",Ladispoli,,prenotazionilacasettaladispoli@gmail.com,http,React,No,Register.IT S.p.A,,,,Sì,No
B&B LA STAZIONE LADISPOLI,Bed & Breakfast,http://www.bedandbreakfastlastazione.it/,351 515 5025,"Via dei Campi Fioriti, 30",Ladispoli,,,http,Angular,No,Aruba S.p.A.,,,,Sì,No
Hotel San Giorgio,Hotel,https://hotel-san-giorgio.migliorhotel.top/,366 495 8768,Via Sublacense,Altipiani di Arcinazzo,,,https,WordPress,No,Contabo GmbH,,,,Sì,No
Casale VerdeLuna Wine Resort,Agriturismo,http://www.casaleverdeluna.it/,0775 503051,"Località Civitella, 3",Piglio,,info@agriavventura.it,https,WordPress,No,Aruba S.p.A. Network,,,,Sì,No
Loggia sul Nera,Alloggi al coperto,http://www.loggiasulnera.com/,347 497 0188,"Via Mezza Costa, 14",Arrone,,,https,WordPress,No,"Cloudflare, Inc.",,,,Sì,No
Torre Agnese,Bed & Breakfast,,392 645 4128,"Vocabolo Le Torracce, 78",Labro,,,,,,,,,,,
B&B Argo + Country House,Bed & Breakfast,,06 937 6104,"Via Montegiove Vecchio, 5",Lanuvio,,,,,,,,,,,
Casa Mattei,Agriturismo,http://www.casamattei.it/,0744 420513,"Vocabolo isola 13, Frazione Casteldilago, 13",Arrone,,agriturismocasamattei@gmail.com,,WordPress,Sì,OVH ISP,,,,Sì,No
B&B Serena,Bed & Breakfast,,388 126 0538,"Via dei Castagnoli, 117",Velletri,,,,,,,,,,,
Hotel Nespolo d'Oro,Hotel,http://www.hotelnespolodoro.it/,06 965 5050,"Via Giuseppe Garibaldi, 76",Lariano,,info@hotelnespolodoro.it,http,WordPress,No,SEEWEB s.r.l.,,,,Sì,No
b&b i ciliegi,Bed & Breakfast,,333 801 4586,"Via delle Corti, 41",Velletri,,,,,,,,,,,
Girasole,Bed & Breakfast,,338 548 7323,"VIA COLLE DEI FIORI 4 Nei pressi di, Via Velletri",Artena,,,,,,,,,,,
B&B Arcobaleno,Alloggi al coperto,,06 964 0651,"Via Ariana, 148",Velletri,,,,,,,,,,,
La Camelia,Bed & Breakfast,https://lacamelia.in/,331 464 6893,"Via della Caranella, 13",Velletri,,carmen75matei@gmail.com,https,WordPress,No,"Automattic, Inc",,,,Sì,No
Latera,Bed & Breakfast,,340 507 4416,"Via Latera, 37",Barberino di Mugello,,,,,,,,,,,
Tenuta dell'Inviolata,Bed & Breakfast,https://www.tenutainviolata.it/,379 115 7850,"V. di Cori, 8",Velletri,,info@tenutainviolata.it,https,WordPress,No,Aruba S.p.A.,,,,Sì,No
Guesthouse Il Nido,Pensione,,06 9619 5008,"Via Colle Palazzo, 17",Velletri,,,,,,,,,,,
B&B Casale Dei Formali,Bed & Breakfast,http://www.casaledeiformali.it/,06 966 5012,"Via Artena, 148/150",Giulianello,,,https,Shopify,No,Serverplan S.r.l.,,,,Sì,No
L&B Bed and Breakfast,Bed & Breakfast,http://lbpollino.com/,329 417 3498,"Via Convento, 1",Terranova di Pollino,,bedandbreakfastlb@gmail.com,https,WordPress,No,"Automattic, Inc",,,,Sì,No
Il Paradiso,Bed & Breakfast,https://www.hotelsitaloweb.com/il-paradiso/,328 679 2857,"Via Monti Appennini, 27",Latina,,,https,WordPress,No,"Cloudflare, Inc.",,,,Sì,No
Villa Primavera B&B,Bed & Breakfast,http://www.villaprimaveralatina.it/,348 331 0314,"Strada Isonzo Km 5,200",Latina,,info@villaprimaveralatina.it,http,React,No,Aruba S.p.A.,,,,Sì,No
Casale Appia,Bed & Breakfast,,348 692 0403,"n. 14C, Via Migliara 41 1/2",Borgo Faiti,,,,,,,,,,,
Grey House Guest House Luxury,Bed & Breakfast,http://www.greyhouselatina.it/,353 386 7799,"Via Adige, 17",Latina,,info@elegantthemes.com,https,WordPress,Sì,SEEWEB s.r.l.,,,,Sì,No
Casa Blanca B&B Latina,Bed & Breakfast,,328 452 6319,"Strada Riserva Pantano del Monsignore, 12",Latina,,,,,,,,,,,
Hotel Villa Aurora,Hotel,http://www.villaurorahotel.it/,0773 258597,"Str. della Segheria, 594",loc,,villaurora@libero.it,https,WordPress,No,"Cloudflare, Inc.",,,,Sì,No
B&B Latina,Bed & Breakfast,https://www.bblatina.it/,335 677 8621,Via L. Bonanni,Latina,,,https,WordPress,No,"Amazon.com, Inc.",,,,Sì,No
B&B oasi di mamma Clara CIN IT059011C1GUKQ9DU5,Bed & Breakfast,https://www.oasidimammaclara.it/,339 531 4387,strada lestra finocchio 309,Latina,,beboasidimammaclara@gmail.com,https,Angular,No,Aruba S.p.A. Network,,,,Sì,No
Numberz Rooms And Apartments,Bed & Breakfast,,351 712 7293,"Via Pontina, Km 74/300",Latina,,,,,,,,,,,
B&B La Collina del Sole,Bed & Breakfast,,349 576 5475,"Via Fratelli Rosselli, 13",Lenola,,,,,,,,,,,
Agriturismo L'Ovile,Agriturismo,http://www.agriturismovile.it/,0773 250130,SS156,Latina,,,https,Shopify,Sì,Aruba S.p.A.,,,,Sì,No
Agriturismo Collecammino,Agriturismo,https://agriturismo-collecammino.italiavacanzeindimenticabili.top/,0771 589125,"Via Case Sparse, snc",Lenola,,,https,WordPress,No,Ipxo LLC,,,,Sì,No
LeonessAffittacamere,Hotel,,329 618 4557,"Via Aldo Moro, 5",Leonessa,,,,,,,,,,,
Locanda Mulino Nera,Ristorante,https://www.mulinonera.it/,345 028 8345,"Strada Statale Valnerina 209, Località Mola Moretti, 2A",Montefranco,,mulinonera@gmail.com,https,Shopify,Sì,Aruba S.p.A.,,,,Sì,No
Guesthouse Runcini,Bed & Breakfast,http://www.guesthouseruncini.com/,342 062 1616,"località Gabbio, Via Ugo la Malfa, 4",Ferentillo,,info@guesthouseruncini.com,https,WordPress,No,Aruba S.p.A.,,,,Sì,No
Hotel Campo Stella,Hotel,http://www.hotelcampostella.it/,0746 923062,SP10,Leonessa,,info@hotelcampostella.it,https,WordPress,No,Contabo GmbH,,,,Sì,No
B&B Sara,Bed & Breakfast,,0833 574379,"Via Aurelia, 14",Nardò,,,,,,,,,,,
B&B Il Palazzotto,Bed & Breakfast,https://www.ilpalazzottolecce.it/,347 651 5665,"Via di Valesio, 93",Lecce,,clever.srl@pec.it,https,Joomla,Sì,Aruba S.p.A.,,,,Sì,No
Quattro Stelle B&B,Bed & Breakfast,http://www.bbquattrostelle.it/,0832 611956,"c.da Spezzaferro, snc",Cavallino,,,https,Laravel,No,"Amazon.com, Inc.",,,,Sì,No
Ristorante Ai Tre Archi,Ristorante italiano,,339 254 3731,"Via Strada Statale Valnerina 209, 29",Macenano,,,,,,,,,,,
B&B Pantarei,Bed & Breakfast,,334 353 1191,"P.zza Col di Lana, 5",Lubriano,,,,,,,,,,,
L'antico Molino B&B,Bed & Breakfast,,347 064 1820,"Località Santa Caterina, 18",Lubriano,,,,,,,,,,,
Casale Falascie,Agriturismo,,0761 176 3070,S.da della Fontana,Lubriano,,,,,,,,,,,
La Grotta Su Civita,Bed & Breakfast,http://www.lagrottasucivita.it/,333 594 6277,"Via G. Marconi, snc",Lubriano,,info@lagrottasucivita.it,http,ASP.NET,No,Aruba S.p.A. Network,,,,Sì,No
B&B La Loggia dei Mercanti,Bed & Breakfast,,324 865 4815,"Viale della Repubblica, 23",Maenza,,,,,,,,,,,
Hotel La Suite,Hotel,http://www.hotellasuite.it/,0773 956029,"SR156 dei Monti Lepini Km 22, 200",Prossedi,,info@hotellasuite.it,https,WordPress,No,SEEWEB s.r.l.,,,,Sì,No
Spicchio di Luna,Bed & Breakfast,,335 752 8837,"Via Alessandro Manzoni, 14",Pontinia,,,,,,,,,,,
Casale Ré Agriturismo,Agriturismo,http://www.casalere.it/,340 330 4447,"Via Casino Re, snc",Capocroce,,,http,React,No,Aruba S.p.A.,,,,Sì,No
Hotel b&b Mary and Rose & La Grande Quercia,Bed & Breakfast,http://www.maryandrose.it/,0744 919929,"Via Flaminia, km.67+000",Magliano Sabina,,info@maryandrose.it,http,ASP.NET,No,Aruba S.p.A. Network,,,,Sì,No
Agriturismo Borgodoro,Agriturismo,https://borgodoro.com/,393 909 8718,Vocabolo Campana,Magliano Sabina,,info@borgodoro.com,https,React,Sì,Hetzner Online GmbH,,,,Sì,No
Agriturismo Il Giglio,Agriturismo,http://www.agriturismoilgiglio.it/,0744 910078,"Vocabolo Colle Croce, 3",Magliano Sabina,,,https,ASP.NET,No,Associazione Vedica,,,,Sì,No
Hotel Ristorante La Pergola,Ristorante,http://www.lapergola.it/,0744 919841,"Strada Flaminia Km 63,900 Località",Frangellini,,info@lapergola.it,https,WordPress,No,Server Plan S.r.l.,,,,Sì,No
B&B Acqua Praecilia,Bed & Breakfast,,06 9967 4228,"Via Roma, 70",Manziana,,,,,,,,,,,
Casacocò,Agriturismo,https://www.casacoco.it/,338 775 9197,Via Fonte del Gatto,Manziana,,info@casacoco.it,https,WordPress,Sì,Genesys Informatica S.r.l,,,,Sì,No
The Life Hotel,Hotel,,371 761 8511,Via S. Polo dei Cavalieri,Marcellina,,,,,,,,,,,
The Life,Ristorante,http://www.thelifehotel.it/,377 363 9989,Via S. Polo dei Cavalieri,Marcellina,,,https,WordPress,Sì,OVH SAS,,,,Sì,No
B&B Villa delle Rose,Bed & Breakfast,,348 334 9712,"Via Paestum, 9",Marcellina,,,,,,,,,,,
B&B Nicole,Bed & Breakfast,https://beb.it/nicolebbandapartments,328 683 8151,"Via Verbicaro traversa, Via Siciliani, snc",Marcellina,,,https,Squarespace,No,"Amazon.com, Inc.",,,,Sì,No
B&b “Marta”,Bed & Breakfast,,0761 958104,"Via Laertina, 200",Marta,,,,,,,,,,,
Vittoria Colonna B&B Relais Marino (Rm),Bed & Breakfast,http://www.bbvittoriacolonnamarino.it/,340 612 6835,"Corso Vittoria Colonna, 184",Marino,,info@danielesorrentino.com,http,ASP.NET,No,Aruba S.p.A. Network,,,,Sì,No
IL CHICCO D'UVA,Bed & Breakfast,,333 593 6759,"Via S. Giovanni, 4",Marino,,,,,,,,,,,
La Maison de Mati,Bed & Breakfast,,331 509 4923,"Via della Dogana, 37",Monterotondo,,,,,,,,,,,
Conventino di Mentana,Hotel,http://www.conventino.com/,349 477 8042,"Via Del Conventino, 96",Mentana,,leodev7@hotmail.com,https,WordPress,Sì,Server Plan S.r.l.,,,,Sì,No
ALLA QUERCIA - CENTRO STORICO,Bed & Breakfast,https://www.allaquerciacentrostorico.it/,331 362 6570,"Via Ricciotti Garibaldi, 3",Monterotondo,,,https,Angular,No,"Amazon.com, Inc.",,,,Sì,No
L'Alighieri B&B,Bed & Breakfast,https://www.lalighieri.it/,333 414 6459,"Via dante Alighieri, 27",Monterotondo,,hello@lalighieri.it,https,WordPress,Sì,Aruba S.p.A. Network,,,,Sì,No
Albergo Dei Leoni,Hotel,http://www.albergodeileoni.it/,06 9062 3591,"Via Vincenzo Federici, 23",Monterotondo,,info@albergodeileoni.it,https,WordPress,No,Server Plan S.r.l.,,,,Sì,No
Villa Antonella Wellness & Jacuzzi,Hotel,http://www.villaantonellaguesthouse.com/,329 022 8121,"Via Vincenza Messina, 20B",Ciampino,,,https,Shopify,Sì,Google LLC,,,,Sì,No
La Locanda del Pontefice Luxury Country House,Hotel,http://www.lalocandadelpontefice.it/,06 9933 6003,"V. dei Laghi, 24",Marino,,,https,Shopify,Sì,Aruba S.p.A.,,,,Sì,No
AGRITURISMO PODERE BIANCA MARIA,Agriturismo,https://www.agriturismopoderebiancamaria.it/,335 719 2582,"Via Campo dell'Olmo, 1460",Nepi,,alessandroboniforti@gmail.com,https,WordPress,No,Aruba S.p.A.,,,,Sì,No
Albergo Piccola Baita,Hotel,https://la-piccola-baita.italiabella.top/,0746 261123,"Via dei Licheni, 39",Monte Terminillo,,,https,React,No,Contabo GmbH,,,,Sì,No
Hotel Togo Palace,Hotel,http://www.hoteltogopalace.com/,0746 261274,"P.le Zamboni, 10",Rieti,,,https,ASP.NET,Sì,Aruba S.p.A.,,,,Sì,No
Hotel Antico Residence Roma,Hotel,http://www.hotelanticoresidenceroma.eu/,0761 527042,"Via Cassia, Km 37",Nepi,,info@hotelanticoresidenceroma.com,http,React,No,Aruba S.p.A.,,,,Sì,No
Hotel La Lucciola,Hotel,http://www.hotellalucciola.net/,0746 261138,"Via dei Ginepri, 27","Terminillo, Rieti",,albergolalucciola@gmail.com,https,Shopify,Sì,Seeweb srl,,,,Sì,No
Quattro Olive Bed and Breakfast,Bed & Breakfast,,338 546 9958,"Via Santa Croce, 74",Minturno,,,,,,,,,,,
Camere Riviera di Ulisse,Bed & Breakfast,http://www.camererivieradiulisse.it/,347 088 6485,"Via Sant Anna, 56",Minturno,,,https,WordPress,Sì,Server Plan S.r.l.,,,,Sì,No
B&B Angelina,Bed & Breakfast,https://bb-angelina.mipiacelitalia.top/,320 680 9410,"Via Appia, 1759",Minturno,,,https,WordPress,No,Contabo GmbH,,,,Sì,No
Il Tronchetto,Bed & Breakfast,,334 959 9935,"Via Roma, 160",Montelibretti,,,,,,,,,,,
La Mora Exclusive e Palazzo Savelli Castello di Moricone,Albergo benessere,https://lamoraexclusive.com/,0774 555877,"Via Vittorio Veneto, 41",Moricone,,rossellamorese@hotmail.it,https,WordPress,No,Serverplan s.r.l.,,,,Sì,No
Agriturismo la Ferrera,Agriturismo,http://www.laferrera.it/,0765 790110,"Via Giovanni Xxiii,",Varco Sabino,,agriturismo@laferrera.net,http,WordPress,Sì,OVH SAS,,,,Sì,No
Tenuta Del Varco,Agriturismo,http://www.tenutadelvarco.com/,333 285 4853,Località il Casale,Varco Sabino,,info@tenutadelvarco.com,https,WordPress,No,OVH ISP,,,,Sì,No
L' Anfora delle Murelle,Bed & Breakfast,http://www.gruppoiacorossi.com/lanforadellemurelle,327 711 1294,"strada bosco cipolloni, 10",Montalto di Castro,,,https,React,No,Google LLC,,,,Sì,No
Hotel Vulci Ristorante Bar Montalto di Castro,Hotel,https://www.hotelvulci.it/,0766 89065,"Via Aurelia, Km. 111",Montalto di Castro,,vulci@hotelvulci.it,https,React,No,Serverplan S.r.l.,,,,Sì,No
Hotel Ospite Inatteso,Hotel,,0766 89090,"Strada Statale Aurelia Sud km 107,430",Montalto di Castro,,,,,,,,,,,
Agriturismo Podere Giovanni Olivo,Agriturismo,http://www.poderegiovanniolivo.com/,328 986 7955,"Str. Litoranea Km 4,500",Tarquinia,,info@poderegiulio.it,https,Angular,No,Hetzner Online GmbH,,,,Sì,No
Hotel Key Club,Hotel,http://hotelkeyclub.com/,0766 802867,"Via di Scirocco, 15",Montalto Marina,,direzione@hotelkeyclub.com,https,WordPress,Sì,Server Plan S.r.l.,,,,Sì,No
Il Gelsomino,Bed & Breakfast,http://bebilgelsomino.it/,348 522 9233,"Via Ombrone, 24",Montalto di Castro,,,https,React,No,Google LLC,,,,Sì,No
B&B Casalventodimare e Tramontana,Bed & Breakfast,http://www.casalventodimare.it/,393 972 1814,"Strada dei Ristretti, 7",Montalto di Castro,,giulio.ciampana@libero.it,https,Joomla,No,Aruba S.p.A.,,,,Sì,No
Agriturismo Podere Del Gesso,Agriturismo,http://www.poderedelgesso.it/,338 666 4810,Strada Litoranea Km 4.5 Loc. Spinicci,Tarquinia,,,https,Shopify,Sì,Aruba S.p.A. Network,,,,Sì,No
Capalbio Vacanze,Bed & Breakfast,http://www.capalbiovacanze.it/,328 112 0706,"Via Genova, 5",Capalbio,,capalbio.vacanze@gmail.com,https,Basekit,No,Aruba S.p.A.,,,,Sì,No
Torre Del Sole - Hotel & Resort,Hotel,http://www.torredelsole.it/,0766 812242,Via Marina Velca,Marina Velca,,info@torredelsole.it,https,ASP.NET,No,Aruba S.p.A. Network,,,,Sì,No
Hotel Tarconte,Hotel,http://www.hoteltarconte.it/,0766 856141,"Via della Tuscia, 21",Tarquinia,,,https,React,No,"Cloudflare, Inc.",,,,Sì,No
Agriturismo Il Solengo,Ristorante,http://ilsolengo.it/,328 038 6932,"via cupicci, snc",Montelibretti,,,https,WordPress,No,Aruba S.p.A.,,,,Sì,No
Il Caminetto,Bed & Breakfast,,333 420 8213,"Via Giuseppe Garibaldi, 31",Montelibretti,,,,,,,,,,,
Hotel Dalma,Hotel,,349 722 9247,"La Cona del Popolo, Via Cona del Popolo, 2",Supino,,,,,,,,,,,
La casetta di Vacone casa vacanze cod. CIN IT057072C2UP37LISC,Bed & Breakfast,http://www.lacasettadivacone.com/,335 746 4516,"Via Latina, snc",Vacone,,lacasettadivacone@gmail.com,https,WordPress,No,Aruba S.p.A.,,,,Sì,No
B&B Vistalago,Bed & Breakfast,,392 160 1194,"Via del Plebiscito, 31",Nemi,,,,,,,,,,,
B&B LOVE ME NEMI - LUXURY SUITE,Bed & Breakfast,,375 734 9149,"Piazza Roma, 33",Nemi,,,,,,,,,,,
Il Giardino di Diana,Bed & Breakfast,http://www.ilgiardinodidiana.com/,06 936 8039,"Via di Calvarione, 22",Nemi,,info@ilgiardinodidiana.com,http,React,No,Aruba S.p.A. Network,,,,Sì,No
Cosy Nemi - Guest House,Pensione,https://www.cosynemi-guesthouse.com/home,338 676 3623,"Via del Plebiscito, 37",Nemi,,info@cosynemi-guesthouse.com,https,Angular,No,Google LLC,,,,Sì,No
Casale Monte Dell' Oca,Bed & Breakfast,,339 277 2035,"Via degli Orti, 1473",Nepi,,,,,,,,,,,
B&B La Quercia Nepi,Bed & Breakfast,,328 356 2417,"Via Nepesina, 1394",Nepi,,,,,,,,,,,
Casale delle Papere,Alloggi al coperto,https://www.casaledellepapere.it/,333 166 9588,Via Rio Vicano,Nepi,,,https,WordPress,Sì,Aruba S.p.A. Network,,,,Sì,No
Castello Orsini Hotel,Hotel,https://www.castellorsini.it/,0774 683272,"Via Bigelli Aldo, 54",Nerola,,,https,React,Sì,"Cloudflare, Inc.",,,,Sì,No
Agriturismo Il Bagolaro,Bed & Breakfast,http://www.ilbagolaro.it/,0774 644029,Località Silvestri,Nerola,,info@ilbagolaro.it,https,WordPress,No,Server Plan S.r.l.,,,,Sì,No
B&B La Locanda del Borgo,Bed & Breakfast,,347 274 7176,"Via Matteotti, 3",Monte Porzio Catone,,,,,,,,,,,
B&B Colle Mattia,Bed & Breakfast,,366 865 6137,"Via di Colle Mattia, 167",Roma,,,,,,,,,,,
Bed & Breakfast Le Villette,Bed & Breakfast,,347 668 1088,"Via di Colle Mattia, 67",Roma,,,,,,,,,,,
Il veliero b'n'b roma,Bed & Breakfast,,347 346 2593,"Via Ballao, 28",Roma,,,,,,,,,,,
Villa Mina,Villa,,349 974 2424,"Via del Casale Mazzini, 19",Monte Compatri,,,,,,,,,,,
L'oliveto Relax Alloggio Turistico,Bed & Breakfast,,389 179 6933,"Via di Colle Mattia, 256",Roma,,,,,,,,,,,
B&B IL CASALETTO,Bed & Breakfast,http://www.relaisilcasaletto.it/,349 592 9060,"Via Montecompatri, 33/35",Monte Porzio Catone,,,http,WordPress,No,Aruba S.p.A.,,,,Sì,No
Bed and Breakfast Poggio della Madonna,Bed & Breakfast,,0763 727146,"Via Guglielmo Marconi, 74",San Lorenzo Nuovo,,,,,,,,,,,
B&B Le Cappellette,Bed & Breakfast,,347 647 2886,"Via Delle Cappellette, 5",Monte Porzio Catone,,,,,,,,,,,
B&B Il Salice,Bed & Breakfast,https://www.bbilsalice.it/contatti/,329 927 8283,"Via Casilina, 1769",Roma,,bbilsaliceroma@gmail.com,http,WordPress,No,Aruba S.p.A,,,,Sì,No
Le Perseidi Bubble Glamping,Hotel,https://www.leperseidiglamping.it/,334 942 9858,"Dopo la Chiesa Madonna di Torano, Via Torano",San Lorenzo Nuovo,,leperseidiglamping@gmail.com,https,WordPress,No,Aruba S.p.A.,,,,Sì,No
Agriturismo Renaccio,Agriturismo,http://www.allevamentoneri.it/,338 771 5610,"Vocabolo Renaccio, 19",San Lorenzo Nuovo,,info@themeansar.com,http,WordPress,No,Aruba S.p.A. Network,,,,Sì,No
La Francigena RistoAlbergo,Pensione,,351 967 4754,Via Paese Vecchio,San Lorenzo Nuovo,,,,,,,,,,,
La serenella B&B,Bed & Breakfast,,346 108 3179,"Piazza Vittorio Veneto, 2",Palombara Sabina,,,,,,,,,,,
"Loft, il giardino sabino",Bed & Breakfast,,339 882 2498,"Via dei Mandorli, 7",Palombara Sabina,,,,,,,,,,,
Tenuta San Marco - Villa con Piscina,Villa,"https://idyllia.kross.travel/strada-di-s-marco-4-00018-palombara-sabina-rm?guests_rooms=0,0;",351 518 4417,"Strada di S. Marco, 4",Palombara Sabina,,,https,Shopify,No,"Cloudflare, Inc.",,,,Sì,No
Tenuta La Salvia,Agriturismo,http://www.agriturismolasalvia.it/,0774 65081,"Str. della Salvia, 44",Palombara Sabina,,,https,Joomla,No,"Cloudflare, Inc.",,,,Sì,No
Resort Al Settimo Cielo,Hotel Resort,,353 391 0496,"Via Colle Castrese, 3",Pastena,,,,,,,,,,,
La Voce del Vento | Country House,Bed & Breakfast,https://lavocedelvento.it/,392 895 0950,"Contrada Casali, 2/A",Pastena,,info@lavocedelvento.it,https,Angular,No,OVH ISP,,,,Sì,No
Nena' Al Borgo Castello,Bed & Breakfast,http://www.nenaborgocastello.com/,0776 544537,"Via XXIV Maggio, 17",Pico,,info@nenaborgocastello.com,https,WordPress,Sì,Aruba S.p.A.,,,,Sì,No
Agriturismo La Tenuta del Campo di Sopra,Agriturismo,https://agriturismo-la-tenuta-del-campo.albergo.top/,328 723 3212,Via Ferruccia,Ferruccia,,,https,React,No,Contabo GmbH,,,,Sì,No
Hotel - Ristorante Dal Patricano,Ristorante,http://www.dalpatricano.it/,0775 222459,"S.S. Monti Lepini, Km 11, 300",Patrica,,info@dalpatricano.it,https,WordPress,Sì,SEEWEB s.r.l.,,,,Sì,No
B&B a Nesce - La Casa della Fonte da Franca,Alloggio completo di servizi,,0746 338271,"Piazza della Fonte, 1",Nesce,,,,,,,,,,,
OSTELLO DEL SALTO - camere private- posti letto-,Ostello,,329 162 4611,"Piazza Indipendenza, snc",Petrella Salto,,,,,,,,,,,
Villa il Noce,Bed & Breakfast,,0776 66259,"Via Antica, 1",Picinisco,,,,,,,,,,,
Ostello GrottaCampanaro Picinisco,Ostello,,347 863 0019,"Vico Maiorano 11 Accesso da, Piazza Fucina",Picinisco,,,,,,,,,,,
Albergo Sotto le Stelle,Hotel,http://www.iciacca.com/,342 946 5890,"Via Giustino Ferri, 1",Picinisco,,info@iciacca.com,https,Shopify,No,"Cloudflare, Inc.",,,,Sì,No
Albergo Ostello dagli Elfi,Bed & Breakfast,http://www.ostelloelfi.eu/,339 527 5982,"Via Leonardo di Loreto, 54",Barrea,,ostelloelfi@gmail.com,https,React,No,Google LLC,,,,Sì,No
La Raganella D'Oro,Bed & Breakfast,,338 831 3766,"Via Farnese Nord, 30",Colle Ponte,,,,,,,,,,,
Antichi Sapori di Casa B&B Colle Ponte Home Restaurant,Bed & Breakfast,,327 090 9042,"Via Colleponte, 10",Colle Ponte,,,,,,,,,,,
Il B&B,Bed & Breakfast,,366 717 9333,"Via Marsala, 6",Piedimonte San Germano,,,,,,,,,,,
B&B La La Rose,Bed & Breakfast,,329 534 2495,"Via Scardone, 41",Piedimonte San Germano,,,,,,,,,,,
Casale Shanti,Bed & Breakfast,https://www.casaleshanti.it/,347 899 6747,"Via Venezia, 65",Piedimonte San Germano,,,https,WordPress,No,SEEWEB s.r.l.,,,,Sì,No
Agriturismo Antica Casa Scardone LXXX Colonna Miliare,Agriturismo,https://agriturismo-antica-casa-scardone.albergo.top/,349 762 6091,"Via Latina, 43",Piedimonte San Germano,,,https,WordPress,No,Contabo GmbH,,,,Sì,No
Giga Hotel,Hotel,http://www.gigahotel.com/,0776 465471,"Via Str. Servizio FIAT, 1/A",Villa Santa Lucia,,info@gigahotel.com,https,React,Sì,Server Plan S.r.l.,,,,Sì,No
B&B La Casetta di Ben,Agriturismo,https://bbcasettadiben.it/,388 449 6800,Str. Tarallo,Viterbo,,,https,Shopify,No,"Amazon.com, Inc.",,,,Sì,No
Agriturismo Le Quattro Stagioni,Agriturismo,https://beb.it/quattrostagioni,349 194 0466,"Via Due Casali, 3",Ponte di Cetti,,,https,Angular,No,"Amazon.com, Inc.",,,,Sì,No
B&B I Tre Camini,Bed & Breakfast,http://www.itrecamini.it/it/,380 363 0533,"Via di S. Leonardo, 49",Tarquinia,,info@itrecamini.it,http,Joomla,Sì,Aruba S.p.A. Network,,,,Sì,No
B&B Oltre il Cancello,Bed & Breakfast,,328 936 4015,"Contrada Sant'Ianni, 11",Pignataro Interamna,,,,,,,,,,,
B&B La Noce,Bed & Breakfast,,331 330 7163,Strada Statale 7 Via Appia,Monte San Biagio,,,,,,,,,,,
La Pergola,Hotel,http://www.lapergolamontesanbiagio.it/,0771 569048,"Via Vecchia Primo Tratto, 32",Monte San Biagio,,,http,ASP.NET,No,Aruba S.p.A. Network,,,,Sì,No
Bed & Breakfast Hotel California,Bed & Breakfast,,388 568 9913,"Via Napoleone Parisani, 18",Terracina,,,,,,,,,,,
Sperlonga Paradise Suites,Bed & Breakfast,https://sperlonga-paradise-suites.camerainitalia.top/,388 983 4546,"Via Capratica, 39",Fondi,,,https,WordPress,No,Contabo GmbH,,,,Sì,No
B&B L'Ulivo,Bed & Breakfast,https://bb-lulivo.bellaitaliatrips.top/,335 537 9154,"Via Mola Vecchia, 3",Monte San Biagio,,,https,React,No,Contabo GmbH,,,,Sì,No
Agriturismo Le Folaghe,Agriturismo,http://www.agriturismolefolaghe.it/,0773 172 6465,"Via Appia Km 106,810 Località Barchi",Terracina,,info@agriturismolefolaghe.it,https,WordPress,No,Aruba S.p.A. Network,,,,Sì,No
Hotel Amyclae,Hotel,http://www.amyclae.it/,0771 548051,"Via Cristoforo Colombo, 77",Sperlonga,,info@amyclae.it,https,WordPress,Sì,Netsons s.r.l.,,,,Sì,No
B&B Mama Rita,Bed & Breakfast,,338 166 1834,"V. Caduti di Nassiriya, 1",Monte San Biagio,,,,,,,,,,,
La Tufaia - Bed & Breakfast,Bed & Breakfast,,075 855 6620,"Loc. Coldipozzo, 38",Promano - Città di Castello,,,,,,,,,,,
Il Merangolo Agriturismo,Agriturismo,http://www.agriturismoilmerangolo.it/,339 409 7139,Strada Provinciale 54,Montebuono,,info@agriturismoilmerangolo.it,https,WordPress,Sì,Server Plan S.r.l.,,,,Sì,No
Il Caminetto Montefiascone,Ristorante,http://www.ilcaminettoresort.it/,0761 825783,S.S. Cassia Nord Km. 102,Montefiascone,,,http,React,No,Aruba S.p.A.,,,,Sì,No
Ristorante Albergo Dante,Alloggi al coperto,,351 963 0234,"Via Nazionale, 2",Montefiascone,,,,,,,,,,,
B&B Paternocchio,Bed & Breakfast,,340 095 0807,"Via Paternocchio, 52",Montefiascone,,,,,,,,,,,
alloggio turistico malatesta,Bed & Breakfast,,328 612 3073,"Via Malatesta, 35/piano terra",Montefiascone,,,,,,,,,,,
Belvedere del lago,Bed & Breakfast,http://belvederedellago.it/,389 769 1023,"Via Verentana, 166A",Montefiascone,,,https,WordPress,No,IONOS SE,,,,Sì,No
Residenza Margherita,Bed & Breakfast,,328 902 6995,"Via Trento, 34",Montefiascone,,,,,,,,,,,
Lake Lovers Lodge,Hotel,https://www.torripagroup.com/,339 354 1303,"Via Bandita, 32",Montefiascone,,info@torripagroup.com,https,React,Sì,Keliweb S.R.L,,,,Sì,No
Antico Borgo La Commenda,Agriturismo,http://www.borgolacommenda.it/,373 751 0399,"Località Commenda, 98",Montefiascone,,,https,React,No,Televideocom Srl,,,,Sì,No
AFFITTACAMERE OPPIDULUM RESORT,Bed & Breakfast,https://affittacamere-oppidulum-resort.comeviaggiare.top/,06 950 8964,"Via Morino, 40",Cave,,,https,WordPress,No,Contabo GmbH,,,,Sì,No
Agriturismo La Casa di Campagna,Agriturismo,https://agriturismo-la-casa-di-campagna.italiadestinazioni.top/,0765 884070,Località Matone,Monteleone Sabino,,,https,React,No,Contabo GmbH,,,,Sì,No
Agriturismo l'Oca Bianca,Alloggi al coperto,http://www.locabianca.it/,06 950 8035,"Via Madonna del Campo, 4",Cave,,,https,Shopify,Sì,Aruba S.p.A.,,,,Sì,No
Villa la Castagnola,Bed & Breakfast,,06 949 9703,"V. dei Laghi, 18",Rocca di Papa,,,,,,,,,,,
Bed and Breakfast L'Ortensia,Bed & Breakfast,,06 4129 9054,"Via delle Ortensie, 15",Rocca di Papa,,,,,,,,,,,
B & B LA CASA DI ADRIANA,Alloggio completo di servizi,,320 013 3107,"Via dei Gelsomini, 17",Rocca di Papa,,,,,,,,,,,
B&B Chez Franca,Bed & Breakfast,,347 031 2568,"Via delle Ortensie, 15",Rocca di Papa,,,,,,,,,,,
B&B Pat's,Bed & Breakfast,,06 949 5312,"Via delle Ortensie, 47",Rocca di Papa,,,,,,,,,,,
Il Redentore,Bed & Breakfast,,379 145 3429,"Via Frascati, 175",Rocca di Papa,,,,,,,,,,,
Villa Pepoli,Agriturismo,http://www.villapepoli.eu/,333 968 6258,Via di Villa Pepoli,Monteleone Sabino,,,https,WordPress,No,Server Plan S.r.l.,,,,Sì,No
DRÌ Restaurant Bed & Breakfast a Rocca di Papa,Ristorante,http://www.xn--dr-lja.it/,06 631533,"Via dell'Osservatorio, 14",Rocca di Papa,,,https,Joomla,No,Aruba S.p.A.,,,,Sì,No
B&B Il Pantanello,Bed & Breakfast,http://www.ilpantanello.it/,06 949 5191,"Via Rocca Priora, 14",Rocca di Papa,,,https,WordPress,No,Aruba S.p.A.,,,,Sì,No
Casale dei Priori | Agriturismo Rocca Massima | Latina,Agriturismo,https://casaledeipriori.it/,06 966 4159,"Contrada Basso le Case, 7, 04010",Rocca Massima,,,https,React,Sì,Aruba S.p.A.,,,,Sì,No
AgriResort Il Colle,Agriturismo,http://www.agriresortilcolle.it/,393 939 1822,"Contrada Colle Pero, 50",Giulianello,,info@agriresortilcolle.it,https,WordPress,No,Aruba S.p.A. Network,,,,Sì,No
B&B La casetta,Bed & Breakfast,,349 468 7364,"Via della Casetta, 10",Poggio Bustone,,,,,,,,,,,
B&B ilperoeledera - Country House,Bed & Breakfast,http://www.ilperoeledera.it/,338 404 8316,"Via Pantane, 6/2",Pofi,,,http,ASP.NET,No,Aruba S.p.A. Network,,,,Sì,No
Ristorante Villa Ragno Eventi,Ristorante,,347 920 7220,"Via Francescana, 14",Poggio Bustone,,,,,,,,,,,
Case Vacanze Belvedere Soratte Catino,Bed & Breakfast,,0765 546219,"Piazza Belvedere, 7",Catino,,,,,,,,,,,
Alla Rocca - Ostello del Tempo Perso,Ostello,,320 768 5731,"Via del Municipio, 2",Roccantica,,,,,,,,,,,
Villa Prati del Vivaro,Bed & Breakfast,,348 230 2559,"Via della Mediana, 60",Rocca Priora,,,,,,,,,,,
agriturismo la casa nettarina,Agriturismo,https://www.lacasanettarina.it/,347 580 3009,"Via Belvedere, 1",Poggio Mirteto,,info@emmeacca.com,https,WordPress,No,Aruba S.p.A. Network,,,,Sì,No
Bed and Breakfast Simonelli Rooms - Castelli Romani,Bed & Breakfast,https://www.simonellirooms.it/,351 505 7124,"Via della Mediana, 105",Rocca Priora,,simonellirooms@gmail.com,https,Basekit,No,Aruba S.p.A.,,,,Sì,No
Aurora 80,Hotel,,366 427 5076,"Via della Mediana, 80",Rocca Priora,,,,,,,,,,,
Hotel Borgo Clarosa,Hotel,,06 951 3688,"Via Tuscolana Km.28,800, snc",Rocca Priora,,,,,,,,,,,
Casa Gramapa,Alloggio turistico,https://casagramapa.wixsite.com/casagramapa,338 346 4681,"Via delle Carrozze, 13",Rocca Priora,,casagramapa@gmail.com,https,Wix,No,Google LLC,,,,Sì,No
Antico Podere Paradiso - countryhouse,Bed & Breakfast,,328 601 0556,"Via Paradiso, 47",Montopoli di Sabina,,,,,,,,,,,
Hostello Roccagiovine,Ostello,,348 381 8449,"Piazza Europa, SNC",Roccagiovine,,,,,,,,,,,
Relais La Mimosa,Ostello,http://www.relaislamimosa.it/,344 269 4094,"Str. Formicosa, 1105",Pontinia,,info@relaislamimosa.it,http,React,No,Register S.P.A.,,,,Sì,No
la lavanda e il gelsomino,Bed & Breakfast,,339 450 7083,"Via Enrico Fermi, 10",Roccasecca,,,,,,,,,,,
Summa Resort,Hotel,https://www.summaresort.it/,338 993 3302,Via Adige,Roccasecca Stazione,,,https,Wix,No,Google LLC,,,,Sì,No
Onorati Hotel Ristorante,Ristorante,https://onoratihotel.it/,0773 905120,"km 23, SS156",Priverno,,hotelristoranteonorati@gmail.com,,WordPress,No,Keliweb S.R.L,,,,Sì,No
B&B L'Uliva,Bed & Breakfast,http://www.luliva.com/,340 620 1883,Via Camminate di mezzo 24,Sonnino,,,https,React,No,Google LLC,,,,Sì,No
B&B SEBA e PAOLA - Sonnino (LT),Bed & Breakfast,http://www.bnbsebaepaola.com/,338 302 1998,"Via Merlot, 1",Sonnino,,,https,Wix,Sì,Google LLC,,,,Sì,No
B&B H.M.,Bed & Breakfast,https://bb-h-m.viaggiareconstile.top/,389 046 8667,"SP Sonninese, 2600",Sonnino Scalo,,,https,WordPress,No,Ipxo LLC,,,,Sì,No
Residenza Principe di Piemonte,Residence,https://www.residenzaprincipedipiemonte.it/,0761 135 2041,"Piazza Principe di Piemonte, 3A",Ronciglione,,info@residenzaprincipedipiemonte.it,https,WordPress,No,Aruba S.p.A.,,,,Sì,No
La Casa di Rick,Bed & Breakfast,,327 615 9563,"Via S. Martino, 48",Ronciglione,,,,,,,,,,,
La Canonica dei Fiori,Residence,https://www.lacanonicadeifiori.eu/,388 170 4690,"Viale S. Francesco D'Assisi, 6",Ronciglione,,info@lacanonicadeifiori.it,https,React,No,Aruba S.p.A.,,,,Sì,No
B&B La Finestra sul Lago,Bed & Breakfast,https://b-b-la-finestra-sul-lago.mondoinviaggio.top/,393 184 5154,"Strada Provinciale, Valle di Vico, n. 2",Ronciglione,,,https,WordPress,No,Contabo GmbH,,,,Sì,No
Casa sulla Via Francigena,Hotel,http://www.casasullaviafrancigena.it/,328 456 6731,"Via delle Cartiere, 77",Ronciglione,,orlpat@libero.it,http,WordPress,No,Aruba S.p.A.,,,,Sì,No
B&B Marco e Laura - Affittacamere,Bed & Breakfast,http://www.marcoelaura.it/,320 814 1414,"V. Aurelia, 232",Roma,,info@marcoelaura.it,https,WordPress,Sì,Hetzner Online GmbH,,,,Sì,No
Bed and Breakfast Casa Caterina,Bed & Breakfast,,338 640 8155,"Via Ottorino Gentiloni, 41",Roma,,,,,,,,,,,
Hotel Demetra Capitolina,Hotel,http://www.hoteldemetracapitolina.it/es/hotel.asp,06 474 5428,"Via Principe Amedeo, 58",Roma,,info@hoteldemetracapitolina.it,https,Shopify,No,Aruba S.p.A. Network,,,,Sì,No
Star Vatican Rooms,Bed & Breakfast,http://www.starvaticanrooms.it/,06 9727 9712,"Via Catone, 29",Roma,,info@starvaticanrooms.it,https,WordPress,Sì,Aruba S.p.A.,,,,Sì,No
The Shell Rome Suite - Guest house,Bed & Breakfast,https://www.theshellromesuite.it/,333 331 2948,Via Orazio 31 Piano Terra,Roma,,info@theshellromesuite.it,https,Shopify,Sì,Aruba S.p.A.,,,,Sì,No
Residenza Laterano,Bed & Breakfast,http://www.residenzalaterano.com/it/info/residenza-laterano,331 888 9278,"Via Emanuele Filiberto, 166",Roma,,,https,React,No,Hetzner Online GmbH,,,,Sì,No
B&B 21 Aprile House,Bed & Breakfast,,328 313 7954,"Viale XXI Aprile, 12",Roma,,,,,,,,,,,
B&b Vatican Inside,Bed & Breakfast,http://www.bbvaticaninside.it/,328 033 9131,"Via Gregorio VII, 324",Roma,,info@bbvaticaninside.it,http,WordPress,No,Aruba S.p.A. Network,,,,Sì,No
Hostel Castello Maggiore,Ostello,https://www.hotels-italiano.com/hostel-castello-maggiore/,327 942 9094,"Piazza di Porta Maggiore, 6",Roma,,,https,Shopify,No,"Cloudflare, Inc.",,,,Sì,No
Aurelia Home,Hotel,https://www.aureliahome.it/,366 490 9053,Via Aurelia 429 Scala A Pal. B - Int. 16/b,Roma,,,https,Shopify,No,Amazon Technologies Inc.,,,,Sì,No
Holiday Rome,Bed & Breakfast,,329 822 2069,"Via Carlo Cattaneo, 22",Roma,,,,,,,,,,,
"B&B Lu Sule, Lu Mare, Lu Ientu",Bed & Breakfast,https://bb-lu-sule-lu-mare-lu-ientu.bellaitaliatrips.top/,349 341 8121,"Via Brenta, 26",Monteroni di Lecce,,,https,React,No,Contabo GmbH,,,,Sì,No
B&B Policarita,Bed & Breakfast,http://www.policarita.it/,327 575 1252,"Via F. Baracca, 59",Maglie,,,http,ASP.NET,No,Aruba S.p.A. Network,,,,Sì,No
Masseria Poli country house,Bed & Breakfast,http://www.masseriapoli.it/,393 351 1344,"Contrada Casopietro, 25",Conversano,,,https,WordPress,Sì,Aruba S.p.A. Network,,,,Sì,No
Hotel Scheppers,Hotel,http://www.hotelscheppersroma.com/,06 6641 6205,"Via Bogliasco, 36",Roma,,,https,Wix,No,Google LLC,,,,Sì,No
B&B Oasi Caprolace,Bed & Breakfast,http://www.oasicaprolace.it/,0773 534128,"Str. Diversivo Nocchia, 3369",Sabaudia,,info@oasicaprolace.it,http,WordPress,No,Aruba S.p.A.,,,,Sì,No
"Casa Rita - Guest House, Hotel, B&B a Sabaudia. Stanza e casa vacanza in affitto estivo",Hotel,,379 285 5849,"Via Pietro II, 5",Sabaudia,,,,,,,,,,,
Ristorante La Pace,Ristorante,https://ristorante-la-pace.metadaesplorare.top/,0775 595640,"Via S. Quirico, 65",Serrone,,,https,React,No,Ipxo LLC,,,,Sì,No
Oasi di Kufra Sea & Lake,Hotel,https://www.oasidikufra.it/,0773 5191,"Strada Lungomare Pontino, 8852",Sabaudia,,kufra@oasidikufra.it,https,Shopify,No,Hetzner Online GmbH,,,,Sì,No
B&B CircEea,Bed & Breakfast,http://www.circeea.it/,351 889 7600,"Via Terracina, 325",San Felice Circeo,,,https,Magento,No,"Amazon.com, Inc.",,,,Sì,No
B&B Cavalieri,Bed & Breakfast,https://www.bed-and-breakfast.it/it/lazio/bed-and-breakfast-cavalieri-san-felice-circeo/45317,333 322 9884,"Via Sabaudia, 223",San Felice Circeo,,,https,Weebly,Sì,"Amazon.com, Inc.",,,,Sì,No
Coccinella,Bed & Breakfast,https://www.coccinellasabaudia.it/,393 856 3987,"Via Emanuele Filiberto Testa di Ferro, 7",Sabaudia,,coccinella@coccinellasabaudia.it,https,React,No,"Cloudflare, Inc.",,,,Sì,No
L'ippocampo Guest House,Hotel,https://www.lippocampo.it/,328 760 9641,"Via Amedeo II, 30",Sabaudia,,ssorrentino@integraservices.it,https,WordPress,No,Aruba S.p.A. Network,,,,Sì,No
B&B Macondo,Bed & Breakfast,http://www.bed-and-breakfast.it/it/lazio/macondo-bb-san-felice-circeo/39467,333 926 6622,"Via del Pignolo, 16",San Felice Circeo,,,https,Squarespace,Sì,"Amazon.com, Inc.",,,,Sì,No
B&B Badino Mare,Bed & Breakfast,http://www.badinomare.com/,0773 764638,"Via Pantani da Basso, 40",Terracina,,info@badinomare.com,https,Joomla,No,Host SpA,,,,Sì,No
La Casa Rotta Bed & Breakfast San Felice Circeo (LT),Bed & Breakfast,https://www.lacasarotta.it/,338 105 5503,"Via Nardecchia, 58",San Felice Circeo,,,https,Laravel,No,"Amazon.com, Inc.",,,,Sì,No
Il Giardino dei Semplici,Bed & Breakfast,http://www.giardinodeisemplici.org/,0773 510715,"Via Caporale Armando Tortini, 57",Sabaudia,,info@giardinodeisemplici.org,http,React,No,Register.IT S.p.A,,,,Sì,No
Hotel Le Palme,Hotel,http://www.lepalmehotel.net/,0773 518325,"Corso Vittorio Emanuele III, 2",Sabaudia,,info@lepalmehotel.net,https,WordPress,No,Server Plan S.r.l.,,,,Sì,No
Arcibaleno Affittacamere,Hotel,https://www.hotelsitaloweb.com/arcibaleno/,333 147 0273,"Via Italia, 17",Sabaudia,,,https,Shopify,No,"Cloudflare, Inc.",,,,Sì,No
Guest House I Lecci,Bed & Breakfast,http://www.bebilecci.it/,347 458 2072,"Via IV Novembre, 37",San Felice Circeo,,info@bebilecci.it,https,WordPress,No,Netsons s.r.l.,,,,Sì,No
B&B Vitaletti Di Federica Vitaletti,Alloggi al coperto,http://www.bbvitaletti.eu/,338 764 6721,"Via Caracciolo, 23/A",Sabaudia,,bbvitaletti@gmail.com,http,ASP.NET,No,Aruba S.p.A. Network,,,,Sì,No
Bed & breakfast,Bed & Breakfast,,349 390 5640,"Via Campobello, 11",Pomezia,,,,,,,,,,,
Gioema Casa Vacanza,Bed & Breakfast,https://casavacanzagioema.it/,328 669 1895,"Strada Migliara 53, 6059",Sabaudia,,,https,React,No,Google LLC,,,,Sì,No
Agriturismo Acquachiara,Agriturismo,http://www.agriturismoacquachiara.it/,338 874 4833,Str. della Tenca,Sabaudia,,agriturismoacquachiara@gmail.com,https,Angular,No,Aruba S.p.A.,,,,Sì,No
Hotel Palace 2000,Hotel,http://www.hotelpalace2000pomezia.com/,06 9160 7648,"Via Campobello, 37",Pomezia,,info@interhotelitalia.com,https,React,Sì,"Cloudflare, Inc.",,,,Sì,No
SHG Hotel Antonella,Hotel,https://www.shghotelantonella.com/?utm_source=GB&utm_medium=organic,06 911481,"Via Pontina, km 28",Pomezia,,info@shghotelantonella.com,https,React,Sì,Simply Transit Ltd,,,,Sì,No
Altea Suites Hotel Residence,Hotel,http://www.alteasuites.com/,06 8947 6707,"Via del Mare, 91",Pomezia,,info@alteasuites.com,http,Shopify,No,"Amazon.com, Inc.",,,,Sì,No
Villa Strampelli,Location per matrimoni,http://www.villastrampelli.com/,335 634 6794,"Via Nazareno Strampelli, 175",Roma,,info@villastrampelli.com,https,Shopify,Sì,Aruba S.p.A.,,,,Sì,No
Agrimerlano - Agriturismo Tenuta Merlano,Agriturismo,http://www.agrimerlano.com/,06 9011 2431,"Via Fontana Mancina, 38",Sacrofano,,info@agrimerlano.it,https,WordPress,No,OVH SAS,,,,Sì,No
mola country loft,Bed & Breakfast,,347 431 6684,"Via della Mola, 37",Sacrofano,,,,,,,,,,,
B&B Villa Gusto e Benessere,Bed & Breakfast,https://bb-villa-gusto-e-benessere.alberghiinitalia.top/,06 908 2277,Via Fontana Nuova,Fontana Nuova,,,https,WordPress,No,Contabo GmbH,,,,Sì,No
Bed and Breakfast,Bed & Breakfast,http://www.fontanina.it/,331 309 1110,"Via Leuciana, 28",Pontecorvo,,,https,WordPress,No,Aruba S.p.A,,,,Sì,No
La Casa di ISA,Bed & Breakfast,,347 763 1959,"Str. del Tavolato, 2619",Pontinia,,,,,,,,,,,
Hotel Ares - Ristorante Nane,Ristorante,http://www.ristorantenane.it/,0773 868132,"Via Leonardo da Vinci, 6",Pontinia,,,https,ASP.NET,No,Aruba S.p.A. Network,,,,Sì,No
Radici B&B,Bed & Breakfast,,345 460 1774,"Str. del Quartaccio, 3439",Pontinia,,,,,,,,,,,
Villa Garden,Bed & Breakfast,http://villagardensabaudia.com/,329 984 3641,"Str. Gian Filippo, 12",Sabaudia,,villagardensabaudia@gmail.com,https,React,No,Tilda Publishing Ltd.,,,,Sì,No
La Tana del Gatto,Bed & Breakfast,http://www.latanadelgatto.it/,391 771 4699,"Via Migliara 45, 170",Borgo Grappa,,,https,WordPress,Sì,Aruba S.p.A.,,,,Sì,No
Bed And Breakfast Flora,Bed & Breakfast,https://www.hotelsitaloweb.com/bedbreakfast-flora/,338 872 8752,"Str. Acquaviva, 9",Sabaudia,,,https,Shopify,No,"Cloudflare, Inc.",,,,Sì,No
Aurelio Rapillo,Bed & Breakfast,,339 297 0036,"strada migliara 44, e mezzo num, 29",Latina,,,,,,,,,,,
Feudi 1165,Bed & Breakfast,http://www.feudi1165.it/,389 041 4564,"Via dei Fossi, 1165",Sabaudia,,brunofeudi@gmail.com,http,WordPress,No,Aruba S.p.A. Network,,,,Sì,No
B&B D'Agostini,Bed & Breakfast,,347 096 5041,"Str. Formicosa, 2096",Sabaudia,,,,,,,,,,,
Bed Breakfast le Cycas,Bed & Breakfast,,338 539 5192,"Via del Mare, 310",Borgo Grappa,,,,,,,,,,,
Villa Adele Ponza,Bed & Breakfast,,0771 80610,Via Scotti,Ponza,,,,,,,,,,,
Villa Acacia,Alloggi al coperto,http://www.villaacacia.it/,0771 809841,Via Dragonara,Ponza,,,https,ASP.NET,No,Aruba S.p.A. Network,,,,Sì,No
Villa Pina,Hotel,https://www.villapinaponza.it/,0771 80556,Via Scotti,Ponza,,azzurraresidence@hotmail.it,https,WordPress,No,Aruba S.p.A.,,,,Sì,No
B&B da Laura,Bed & Breakfast,https://www.bnbdalaura.it/,371 423 8637,"Via Panoramica, 8",Ponza,,dalauraponza@gmail.com,https,WordPress,No,Aruba S.p.A.,,,,Sì,No
La casa dei 4 venti,Bed & Breakfast,https://www.hotelsitaloweb.com/la-casa-dei-4-venti/,379 128 2636,"Via Staglio, snc",Ponza,,,https,WordPress,No,"Cloudflare, Inc.",,,,Sì,No
Hotel Ortensia,Hotel,http://www.hotelortensia.it/,0771 808922,"Via Piscine Naturali, Via Forna Grande",Le Forna,,ortensiahotel@gmail.com,http,WordPress,No,Tiscali SpA,,,,Sì,No
Piccolo Hotel Luisa,Hotel,http://www.piccolohoteluisa.it/,0771 80128,"Via Chiaia di Luna, snc",Ponza,,piccolohoteluisa@piccolohoteluisa.it,https,React,No,Aruba S.p.A. Network,,,,Sì,No
La Limonaia,Bed & Breakfast,http://www.ponzaviaggi.it/,377 085 5793,Via Dragonara,Ponza,,info@ponzaviaggi.it,https,Joomla,No,Seeweb srl,,,,Sì,No
Il Capriccio Guesthouse,Bed & Breakfast,http://capriccio.hoteldirect.it/,0771 80729,Via Chiaia di Luna,Ponza,,,https,ASP.NET,Sì,DEFT.COM,,,,Sì,No
Bed & Breakfast Casa Carmela,Bed & Breakfast,http://www.casacarmela.it/,333 474 3603,Via Scotti,Ponza,,,https,WordPress,Sì,Planetel srl,,,,Sì,No
Il Palazzetto Ponza,Bed & Breakfast,https://www.ilpalazzettoponza.com/,338 451 8484,Via Montagna S. Maria,Ponza,,info@ilpalazzettoponza.com,https,WordPress,No,Aruba S.p.A.,,,,Sì,No
Bed and Breakfast Posta di Colonna Trani,Bed & Breakfast,,347 610 6643,"Via Avvocato Vittorio Malcangi, 253",Trani,,,,,,,,,,,
Vittoria Luxury House,Bed & Breakfast,https://salenzia.kross.travel/,333 382 5226,"Viale Otranto, 80",Lecce,,,https,WordPress,No,"Cloudflare, Inc.",,,,Sì,No
Bed & Breakfast La Posta,Bed & Breakfast,https://www.laposta-bovino.it/,349 518 4724,Piazza Conti di Loretello,Bovino,,lucio.liscio@gmail.com,https,WordPress,No,Aruba S.p.A.,,,,Sì,No
B&B Casa Pesce,Alloggio completo di servizi,http://casapesce.hoteldirect.it/,371 349 0602,Via Carlo Pisacane,Ponza,,,https,React,Sì,DEFT.COM,,,,Sì,No
La Corte di Ponza - Exclusive Bed&Breakfast,Bed & Breakfast,https://www.lacortediponza.it/,338 858 8481,Via Chiaia di Luna,Ponza,,,https,WordPress,Sì,Aruba S.p.A,,,,Sì,No
B&B Corte dei Figuli,Bed & Breakfast,,347 050 3605,"Via Roma, 32",San Pietro In Lama,,,,,,,,,,,
B&B Antica Posta,Bed & Breakfast,http://www.anticapostafirenze.it/,371 491 4469,"Viale Belfiore, 50",Firenze,,info@anticaposta.net,https,WordPress,Sì,Aruba S.p.A.,,,,Sì,No
Locanda di Posta B&B,Bed & Breakfast,https://www.locandadiposta.it/,349 632 7738,"Vico del Treo, Via Camarda, 2",L'Aquila,,,https,Joomla,No,"Amazon.com, Inc.",,,,Sì,No
B&B Centro Storico,Bed & Breakfast,http://www.centrostoricolecce.it/,0832 242727,"Via Andrea Vignes, 2/B",Lecce,,info@centrostoricolecce.it,https,Joomla,Sì,Aruba S.p.A.,,,,Sì,No
I sei volti B&B,Bed & Breakfast,http://www.iseivolti.it/,324 795 1430,"Piazzetta Gabriele Riccardi, 4",Lecce,,info@iseivolti.it,https,React,Sì,Aruba S.p.A.,,,,Sì,No
La Taverna Del Lago,Bed & Breakfast,,339 701 5610,"Via Belfiore, 17/19",San Donato Val di Comino,,,,,,,,,,,
Resort Il Bruco,Bed & Breakfast,http://www.ilbrucobedandbreakfast.it/index.php/it/contatti,338 298 5282,"Via Cortina, 12",San Donato Val di Comino,,ilbrucobedandbreakfast@yahoo.it,https,React,No,SEEWEB s.r.l.,,,,Sì,No
Villa Grancassa Relais Hotel Ristorante,Albergo benessere,https://villagrancassahotel.it/,0776 508926,"Via Roma, 8",San Donato Val di Comino,,villagrancassahotel@gmail.com,https,Shopify,Sì,Semplify Srl,,,,Sì,No
Albergo Diffuso La Castellana Residenza d'epoca,Bed & Breakfast,https://www.alberghidiffusi.it/?lang=en,333 344 5162,"Vicolo Costarella, 41",San Donato Val di Comino,,info@alberghidiffusi.it,https,WordPress,Sì,Aruba S.p.A.,,,,Sì,No
La Grotte Resort,Ristorante italiano,https://lagrotteresort.it/,0776 508775,"Via Sandro Pertini, 507",San Donato Val di Comino,,info@lagrotteresort.it,https,React,No,Serverplan s.r.l.,,,,Sì,No
Da Nonna Li bed & breakfast,Bed & Breakfast,http://www.danonnali.com/,335 822 8730,"Via Valle Sant'Angelo, 66",Villetta Barrea,,danonnali@gmail.com,https,WordPress,No,Aruba S.p.A.,,,,Sì,No
A Casa di Grazia B&B,Bed & Breakfast,http://www.graziabb.it/,338 112 6294,"Via del Carzolese, Via Casilina, 1",San Cesareo,,info@graziabb.it,https,Shopify,No,Aruba S.p.A. Network,,,,Sì,No
Affittacamere L'Aurora,Bed & Breakfast,,345 223 1802,"V.le Ungheria, 84",Zagarolo,,,,,,,,,,,
Olive Tree Hill B&B,Bed & Breakfast,https://www.olivetreehill.com/,329 658 4741,"metropolitan area of Rome, Via Colle Palazzola, 48",Zagarolo,,,https,React,Sì,SEEWEB s.r.l.,,,,Sì,No
B&B Rospigliosi,Alloggi al coperto,,347 909 0685,"Via Antico Gabio, 73",Zagarolo,,,,,,,,,,,
B&B Residence Maya,Bed & Breakfast,,328 424 4709,"Via di Valle Epiconia, 13",Zagarolo,,,,,,,,,,,
Hotel Belvedere,Hotel,https://hotel-belvedere.vederelitalia.top/,06 957 0172,Via Maremmana km2.200,Roma,,,https,WordPress,No,Contabo GmbH,,,,Sì,No
Maison Sciscì,Bed & Breakfast,http://www.maisonscisci.it/,338 865 8271,"Via Giuseppe Verdi, 33",San Felice Circeo,,,https,React,No,"Amazon.com, Inc.",,,,Sì,No
Hotiday Room Collection - Circeo,Hotel,,02 8294 1859,"Lungomare Circe, 49",San Felice Circeo,,,,,,,,,,,
Hotel Maga Circe,Hotel,http://www.hotelmagacirce.it/,0773 547824,"Via Ammiraglio Bergamini, 7",San Felice Circeo,,info@hotelmagacirce.it,https,WordPress,Sì,Absolute Hosting (Pty) Ltd,,,,Sì,No
Circeo Boutique Rooms,Bed & Breakfast,https://www.bed-and-breakfast.it/it/lazio/circeo-boutique-rooms-san-felice-circeo/60729,327 448 6223,"Via Montenero, 59",San Felice Circeo,,,https,Typo3,Sì,"Amazon.com, Inc.",,,,Sì,No
"Hotel Mastropeppe San Felice Circeo (LT), Hotel Vicino al mare San Felice Circeo (LT)",Hotel,http://www.hotelmastropeppe.com/,0773 548152,"Via dei Mercati, 10",San Felice Circeo,,,http,Basekit,No,Aruba S.p.A.,,,,Sì,No
La Lestra Agriturismo,Agriturismo,http://www.lalestra.it/,339 679 2084,Via Lestra Mattoni,Terracina,,info@lalestra.it,https,React,Sì,Aruba S.p.A,,,,Sì,No
Il San Francesco Charming Hotel,Hotel,https://ilsanfrancescohotel.kross.travel/,0773 515951,Via Caterattino,Sabaudia,,,https,WordPress,No,"Cloudflare, Inc.",,,,Sì,No
Hotel Le Pleiadi,Hotel,https://www.hotelsitaloweb.com/hotel-le-pleiadi/,0773 540507,"Viale Europa, 3",San Felice Circeo,,,https,WordPress,No,"Cloudflare, Inc.",,,,Sì,No
Female Resort,Bed & Breakfast,https://www.femaleresort.it/,0773 544096,"Via G. Ungaretti, 61",San Felice Circeo,,info@femaleresort.it,http,WordPress,Sì,Aruba S.p.A.,,,,Sì,No
B&B - La Finestra sul Lago - Bed and Breakfast,Hotel,,327 978 7158,"Via Carpello, 20",Posta Fibreno,,,,,,,,,,,
Il Casale,Agriturismo,http://www.agriturismoilcasale.it/,0776 871744,"Contrada La Pesca, 5",Posta Fibreno,,info@agriturismoilcasale.it,http,ASP.NET,No,Aruba S.p.A. Network,,,,Sì,No
La Casa Sul Lago,Alloggio completo di servizi,http://www.agriturismolariservasullago.it/,342 791 1480,"Via Carpello, 78",Carpello,,lariservasullago@gmail.com,http,Joomla,No,Seeweb srl,,,,Sì,No
Agriturismo Regina Camilla,Alloggi al coperto,https://farm-queen-camilla.albergo.top/,0773 904564,"Via Staffaro, snc",Priverno,,,https,WordPress,No,Contabo GmbH,,,,Sì,No
B&B Iafrate Daniele,Bed & Breakfast,,338 370 9341,"Via Colle Pietroso, 4",Priverno,,,,,,,,,,,
B&B il Villaggio,Bed & Breakfast,,329 917 5614,"Via Eleonora Latini, 5",Valmontone,,,,,,,,,,,
Affittacamere GuestHousePark Valmontone,Hotel,,333 509 3500,"Via dei Tigli, 4",Valmontone,,,,,,,,,,,
Residenza Cerci,Bed & Breakfast,,333 988 9208,"Colle Sant'Onofrio, 76",Valmontone,,,,,,,,,,,
B&B Valmontone - Al Castagneto,Bed & Breakfast,https://bb-valmontone-al-castagneto.dormireinitalia.top/,06 959 0754,"Colle Mezzopane, 22E",Valmontone,,,https,React,No,Contabo GmbH,,,,Sì,No
Piccola Perla Guest House b&b Valmontone,Alloggio completo di servizi,http://www.piccolaperla.it/,327 792 0368,"Via Filippo Turati, 27/b",Valmontone,,,https,Angular,No,Server Plan S.r.l.,,,,Sì,No
La casa del Pellegrino Proceno,Ostello,http://www.comunediproceno.vt.it/,339 258 6470,"Piazza della Libertà, 23",Proceno,,,http,ASP.NET,No,Aruba S.p.A. Network,,,,Sì,No
Agriturismo Fattoria Franciola,Agriturismo,https://www.agriturismofattoriafranciola.com/,338 419 4797,"Loc. Franciola, 18",Proceno,,,https,React,No,Google LLC,,,,Sì,No
Agriturismo La Collina dei Ciliegi,Agriturismo,,329 410 4259,Strada Provinciale Procenese,Acquapendente,,,,,,,,,,,
Castello di Proceno,Hotel,https://www.castellodiproceno.it/,0763 710072,"Corso Regina Margherita, 155",Proceno,,castello.proceno@orvienet.it,https,WordPress,No,Server Plan S.r.l.,,,,Sì,No
Bio Agriturismo Aia del Tufo,Ristorante,http://www.aiadeltufo.com/,329 080 5559,"Località Poggio la Mezzadria, 8",Sorano,,,https,Shopify,Sì,Seeweb srl,,,,Sì,No
La Candelora B&B,Bed & Breakfast,http://www.lacandelora.com/,335 528 0900,"Via Monte Marino, 69 C",Riano,,lacandelora@gmail.com,https,React,No,Amazon Technologies Inc.,,,,Sì,No
Hotel HE Roma,Hotel,,06 5655 8619,Via Piana Perina,Riano,,,,,,,,,,,
La Casetta dei Sogni,Bed & Breakfast,,389 891 3996,"Via Pellicceria, 53",Rieti,,,,,,,,,,,
Appartamento Sampieri,Bed & Breakfast,,349 792 6286,"Via S. Rocco, 12",Montelibretti,,,,,,,,,,,
Agriturismo Pianeta Verde,Area per passeggiate,http://www.pianetaverdeagriturismo.it/,0765 324146,"Loc. S.Elia, 1",Montenero Sabino,,info@pianetaverdeagriturismo.it,https,Joomla,No,Aruba S.p.A. Network,,,,Sì,No
CASALE VICINO AL GOLF NAZIONALE,Bed & Breakfast,,335 770 4686,"Via di Monte Topino, 381",Nepi,,,,,,,,,,,
Scuderie Della Contea,Bed & Breakfast,http://www.scuderiedellacontea.it/,0761 609189,"Via di Monte Topino, 14",Sutri,,,https,React,No,Google LLC,,,,Sì,No
RioB&B,Bed & Breakfast,https://sites.google.com/view/riobb/home-page,345 157 2212,"Via Santa Lucia, 59",Riofreddo,,,https,Angular,No,Google LLC,,,,Sì,No
La Casa di Muro,Bed & Breakfast,,333 329 9288,"Via Giacomo Matteotti, 11",Oriolo Romano,,,,,,,,,,,
B&B Il Parco,Bed & Breakfast,,328 382 4364,"Via Orsini, 4",Oriolo Romano,,,,,,,,,,,
B&B La Faggeta,Bed & Breakfast,,06 9983 7339,"Via Liguria, 4",Oriolo Romano,,,,,,,,,,,
Lo Scoglio dei Volsci,Bed & Breakfast,,329 583 1919,"Piazza Paolo Segneri, 13",Nettuno,,,,,,,,,,,
Il Vicolo B&B,Bed & Breakfast,,328 636 2484,"Vicolo Cieco, 2",Nettuno,,,,,,,,,,,
Favola B&B,Bed & Breakfast,,380 785 2289,"Piazza Salvatore Valeri, 4",Nettuno,,,,,,,,,,,
Villa Le Garden,Alloggio completo di servizi,,349 123 8055,"Via Canepina, 6",Nettuno,,,,,,,,,,,
"Off House Borgo Suite, Nettuno",Bed & Breakfast,,347 578 0934,"Via del Baluardo, 19",Nettuno,,,,,,,,,,,
A Casa di Vale,Bed & Breakfast,,347 005 8537,"Via della Liberazione, 15",Nettuno,,,,,,,,,,,
B&B Casa degli Ulivi,Bed & Breakfast,,339 361 0271,"Via Granieri, 56 strada privata",Nettuno,,,,,,,,,,,
B&B The Station,Bed & Breakfast,,351 562 3571,"Via Lombardia, 56",Nettuno,,,,,,,,,,,
Sky Luxury Rooms,Bed & Breakfast,https://www.skyluxurynettuno.it/,335 658 5963,V.le Giacomo Matteotti,Nettuno,,skyluxurynettuno@gmail.com,https,WordPress,No,"Cloudflare, Inc.",,,,Sì,No
Astura Palace Hotel,Hotel,http://www.asturapalace-hotel.it/,06 980 5654,"V.le Giacomo Matteotti, 75",Nettuno,,info@asturapalace-hotel.it,http,ASP.NET,No,Aruba S.p.A. Network,,,,Sì,No
A due passi dal Mare 2023,Bed & Breakfast,https://aduepassidalmare2023.it/it,320 812 8943,Via Capitano Umberto Donati,Nettuno,,elisabetta.provenzano@gmail.com,https,Shopify,No,Amazon Technologies Inc.,,,,Sì,No
B&B Corvara,Bed & Breakfast,,347 180 9890,"Via Corvara, 12",Nettuno,,,,,,,,,,,
Antica Dimora della Chiesa,Alloggio completo di servizi,,338 281 4802,"Via della Chiesa, 1",Olevano Romano,,,,,,,,,,,
Norma Bed & Breakfast,Bed & Breakfast,http://www.normabedandbreakfast.it/,0541 961496,"Via Bologna, 50",Cattolica,,normacattolica@gmail.com,https,WordPress,No,Aruba S.p.A.,,,,Sì,No
Storico Hotel Italia,Hotel,,379 293 0244,"Viale dei Boschi, 25",Monte Livata,,,,,,,,,,,
La Coccinella,Hotel,,328 109 0068,"Contrada Risano, 3",Subiaco,,,,,,,,,,,
Ristorante La Smafera,Ristorante,,0763 78277,"Via Camillo Benso Conte di Cavour, 1",Onano,,,,,,,,,,,
Agriturismo Airone,Agriturismo,http://www.agriturismoairone.com/,339 351 4298,Loc. Filetta,Sorano,,agriturismoaironesorano@gmail.com,https,WordPress,No,Aruba S.p.A.,,,,Sì,No
Agriturismo Podere Del Lepre,Agriturismo,http://www.agriturismopoderedellepre.com/,0564 619104,"Case Sparse Podere del Lepre, 1",San Quirico,,info@agriturismopoderedellepre.com,https,Joomla,Sì,VODAFONE,,,,Sì,No
A Uardia,Bed & Breakfast,,351 375 9988,"Via Roma, 20 Bis",Tora e Piccilli,,,,,,,,,,,
B&B Cico Santa Marinella,Bed & Breakfast,https://beb.it/bebcico,338 224 9396,"Via S. Gimignano, 29",Santa Marinella,,,https,Vue,No,"Amazon.com, Inc.",,,,Sì,No
Hotel L'Isola,Hotel,http://www.hotelisola.com/,0766 512875,"Piazza Trieste, 3-6",Santa Marinella,,info@hotelisola.com,https,React,No,Aruba S.p.A.,,,,Sì,No
B&B La Volpe e l’Uva,Bed & Breakfast,https://beb.it/lavolpeeluva,333 277 0533,"Poggio Bellavista, 52",Santa Marinella,,,https,React,No,"Amazon.com, Inc.",,,,Sì,No
I Cardinali,Agriturismo,http://www.icardinali.eu/,339 496 8015,"Via dei Fiori, 120",Santa Marinella,,info@icardinali.eu,https,WordPress,No,Aruba S.p.A.,,,,Sì,No
Villa delle Palme,Hotel,http://www.hotelvilladellepalme.it/,0766 537433,"Lungomare G. Marconi, 9",Santa Marinella,,info@hotelvilladellepalme.it,https,Typo3,Sì,Scaleforce,,,,Sì,No
Villa MG Hotel,Hotel,http://www.villamghotel.com/,0766 510046,"SS 1, 82",Santa Marinella,,info@villamghotel.com,https,React,No,Aruba S.p.A.,,,,Sì,No
Country House Salisu' Di Bartolomeo De Petrillo,Agriturismo,http://www.countryhousesalisu.it/,338 455 1342,"km 159, strada statale casilina, Via pozzaccio, 3",Mignano Monte Lungo,,,,WordPress,Non trovato,Aruba S.p.A.,,,,,No
Al Civico 28 Santa Marinella Bed and Breakfast,Bed & Breakfast,https://alcivico28.jimdosite.com/,333 930 0662,Via delle Orchidee,Santa Marinella,,,,Jimdo,Non trovato,"Cloudflare, Inc.",,,,Stato Non Determinato,No
B&B da Carmela,Bed & Breakfast,,366 121 8182,"Via Cavour, 23",Sant'Ambrogio sul Garigliano,,,,,,,,,,,
COUNTRY HOUSE BOSCO D'OLMI,Bed & Breakfast,http://www.boscodolmi.it/,0776 956312,"Via Bosco d'Olmi, 41",Sant'Andrea del Garigliano,,,https,Shopify,No,"Cloudflare, Inc.",,,,Sì,No
Casal dei Papi,Bed & Breakfast,,347 373 4926,"31 Sermoneta Sermoneta LT IT 04013, Via Anime Sante",Sermoneta,,,,,,,,,,,
Best Western Hotel Rocca,Hotel,http://www.hotelrocca.it/,0776 311212,"Via Sferracavalli, 105",Cassino,,rocca.fr@bestwestern.it,https,Angular,Sì,Amazon Technologies Inc.,,,,Sì,No
Le Camere Pinte - Spa Privata,Spa,http://www.lecamerepinte.it/,338 526 5478,"Via Giacomo Matteotti, 3",Sermoneta,,,https,Shopify,No,Host SpA,,,,Sì,No
Hotel Principe Serrone,Hotel,http://www.hotelprincipeserrone.it/,0773 30342,"Via del Serrone, 1",Sermoneta,,hotelserrone@alice.it,https,WordPress,Sì,Server Plan S.r.l.,,,,Sì,No
Albergo Castello,Hotel,,0775 523127,"Via Monte Scalambra, 22",Serrone,,,,,,,,,,,
Il San Michele,Ristorante,http://www.ilsanmichele.it/,0775 523386,"Viale Pio XII, 23",Serrone,,,https,Joomla,Sì,Reevo S.P.A.,,,,Sì,No
Le Fattora,Agriturismo,http://www.lefattora.com/,0775 595551,Via Collepetto,Serrone,,info@lefattora.com,http,ASP.NET,No,Aruba S.p.A. Network,,,,Sì,No
Agriturismo Il Casino Rosso,Agriturismo,,0776 695043,via Saranisco 1,Settefrati,,,,,,,,,,,
Cariano Al Soratte,Bed & Breakfast,,333 636 4311,"Strada Provinciale, Via Civitellese, km 2/200",Sant'Oreste,,,,,,,,,,,
Valle dell'Aquila,Hotel,http://www.valledellaquila.it/,0776 695247,Loc. Massarella 2,Settefrati,,info@valledellaquila.it,https,WordPress,No,Hetzner Online GmbH,,,,Sì,No
B&B I Quercioni - Tenuta di Verzano,Bed & Breakfast,,338 712 2193,SP30/b,Sant'Oreste,,,,,,,,,,,
B&b Casa Salvi,Bed & Breakfast,,333 870 7898,"Via Sedia Del Papa, 43",Sezze,,,,,,,,,,,
Ristorante Albergo Santuccio,Hotel,https://www.ristorantesantuccio.it/,0773 888573,"Via Santi Sebastiano e Rocco, 95",Sezze,,dasantuccioaicolli@gmail.com,https,React,Sì,Aruba S.p.A.,,,,Sì,No
Agriturismo il Capannaccio,Agriturismo,https://agriturismoaunpassodallago.it/,388 364 8065,"Via Campania, 19",Sezze Scalo,,,https,WordPress,No,Servereasy Srl,,,,Sì,No
Bed and breakfast relax,Bed & Breakfast,,334 960 8106,Via Martiri di Villadose,Villadose,,,,,,,,,,,
CIPPA'S Bar Ristorante Pizzeria Hotel,Pizzeria,,0425 157 0060,"Via Zona Industriale, 87/A",Villadose,,,,,,,,,,,
Bed & Breakfast Hotel Corte Zen,Bed & Breakfast,http://www.cortezen.com/,340 910 3914,Via Arginelli,Fasana Polesine,,info.cortezen@gmail.com,https,WordPress,Sì,Aruba S.p.A.,,,,Sì,No
Casa Sansovino,Alloggio completo di servizi,http://www.casasansovino.it/,328 874 6494,"Via Jacopo Sansovino, 1",Pontecasale,,,https,WordPress,No,OVH SAS,,,,Sì,No
Hotel Fuori Città,Hotel,https://www.hotelfuoricitta.it/,344 033 7471,"Via Peagna, 2",Stanghella,,fuoricitta.bego@gmail.com,https,React,No,Aruba S.p.A.,,,,Sì,No
Adria bnb,Bed & Breakfast,http://www.adriabnb.it/,366 355 3750,"Via Laura Renovati, 35",Adria,,,https,Shopify,Sì,OVH SAS,,,,Sì,No
CA’ CINI,Bed & Breakfast,http://www.cacinipadova.it/,347 915 5236,"Via XXVIII Aprile1954, n.83",Monselice,,permunian.roberta@gmail.com,https,React,Sì,Aruba S.p.A.,,,,Sì,No
IL TRENO DEI SOGNI BED & RELAIS,Alloggio completo di servizi,http://www.iltrenodeisogni.it/,347 936 7501,"Via Padova, 41",Conselve,,info@iltrenodeisogni.it,http,Shopify,Sì,Aruba S.p.A.,,,,Sì,No
Cà Borgo delle Rane,Bed & Breakfast,http://www.caborgodellerane.it/,0429 779369,"Via Savellon, 24",Pernumia,,info@caborgodellerane.it,https,WordPress,No,Hetzner Online GmbH,,,,Sì,No
Agricampeggio - Alloggio agrituristico - Fattoria Didattica Pane e Bellezza,Area di sosta per camper,http://paneebellezza.it/,338 407 7130,"Via Valmarana, 21",Anguillara Veneta,,giovanna.paneebellezza@gmail.com,https,WordPress,Sì,Aruba S.p.A.,,,,Sì,No
Hotel La Corte,Hotel,http://www.lacortehotel.info/,049 580 7277,"Via Petite Forêt, 6",Correzzola,,lacortehotel@gmail.com,https,WordPress,No,Aruba S.p.A.,,,,Sì,No
"A CASTA , come a casa tua",Bed & Breakfast,,327 244 6480,"Via S. Francesco, 125",Sonnino,,,,,,,,,,,
Hotel La Selce,Hotel,http://www.hotellaselce.it/,0429 782580,"Via Sottomonte, 1",Monselice,,laselce@libero.it,http,ASP.NET,No,Aruba S.p.A. Network,,,,Sì,No
Centro estivo Il Piccolo Paradiso,Bed & Breakfast,,393 474 2504,Via Cerreto,Sonnino,,,,,,,,,,,
Agriturismo Corte Benetti,Agriturismo,http://www.cortebenetti.it/,389 264 5821,"Via Ippolito Nievo, 30",Rovigo,,,https,WordPress,No,Virtual Solution,,,,Sì,No
B&B Il Suono della Campagna Terracina,Bed & Breakfast,http://www.ilsuonodellacampagnaterracina.it/,328 141 6189,"Via Campolungo, 9",Terracina,,,https,Magento,No,"Amazon.com, Inc.",,,,Sì,No
Casa 27 B&B,Bed & Breakfast,http://www.casa27.it/,328 845 6787,"Via la Neve, 27",Terracina,,dalila@casa27.it,https,WordPress,No,Aruba S.p.A.,,,,Sì,No
B&B L'Ornello,Bed & Breakfast,,338 461 5274,"Via Italo Calvino, 8",Vasanello,,,,,,,,,,,
BED AND BREAKFAST MARI,Bed & Breakfast,,371 414 5872,"Via S. Sebastiano, 49",Vasanello,,,,,,,,,,,
le prigioni del palazzo,Bed & Breakfast,,340 596 3323,"Via A. Carnevale, 18",Sora,,,,,,,,,,,
Hotel Valentino,Hotel,http://www.valentinohotel.it/,0776 831071,"Viale S. Domenico, 1",Sora,,,http,ASP.NET,No,Aruba S.p.A. Network,,,,Sì,No
B&B I melograni,Bed & Breakfast,https://bb-i-melograni.italiapaesaggiviaggi.top/,333 778 9302,Via Dante Alighieri,Sora,,,https,React,No,Ipxo LLC,,,,Sì,No
Gelsi Luxury Suites,Bed & Breakfast,https://gelsi-lux.com/,335 665 9329,"Via Gelsi, 6",Sora,,info@gelsi-lux.com,https,React,Sì,WHG Hosting Services Ltd,,,,Sì,No
B&B Mistral,Bed & Breakfast,,345 458 8199,"Via Benedetto Brin, 18",Soriano Nel Cimino,,,,,,,,,,,
La Rocca House,Bed & Breakfast,https://www.laroccahouse.it/,329 483 0254,"Via Giuliano Pandimiglio, 56",Soriano nel Cimino,,,https,WordPress,No,Aruba S.p.A.,,,,Sì,No
B&B Podere Pontepietra,Bed & Breakfast,http://www.poderepontepietra.it/,329 846 7679,Strada Provinciale Sorianese,Soriano nel Cimino,,,https,React,No,Google LLC,,,,Sì,No
Il Nido della Civetta,Bed & Breakfast,,0761 745203,"Via Filippo Turati, 42b",Soriano Nel Cimino,,,,,,,,,,,
B&b la tenuta del conte,Bed & Breakfast,,327 892 7811,"Str. Selva del Piano, 135",Soriano nel Cimino,,,,,,,,,,,
Allegra Fattoria,Bed & Breakfast,,333 482 2897,"Via Umberto, 104",Vejano,,,,,,,,,,,
Hotel Bagnaia,Hotel,http://hotelbagnaia.it/,0761 288252,"Via Generale Antonio Gandin, 11/A",Viterbo,,,https,ASP.NET,Sì,Televideocom Srl,,,,Sì,No
Loremar Bed & Breakfast,Bed & Breakfast,http://www.loremar.it/,338 778 6605,Via Flacca Km. 21.200,Gaeta,,,http,ASP.NET,No,Aruba S.p.A. Network,,,,Sì,No
La Flacca Rooms Sperlonga,Bed & Breakfast,,379 151 3887,"10.800, Via Flacca, km 1161",Sperlonga,,,,,,,,,,,
B&B Sperlonga,Bed & Breakfast,https://www.bbsperlonga.com/,0771 548852,"Via Lepanto, 50",Sperlonga,,,https,Shopify,No,Genesys Informatica S.r.l,,,,Sì,No
Sperlonga Center Holiday,Bed & Breakfast,https://www.sperlongacenterholiday.it/,329 238 0130,Via Erno Bellante,Sperlonga,,,https,WordPress,Sì,Aruba S.p.A.,,,,Sì,No
Hotel Ganimede,Hotel,https://hotelganimede.it/,0771 557096,"Via Ulisse, 275",Sperlonga,,info@hotelganimede.it,https,WordPress,Sì,Serverplan s.r.l.,,,,Sì,No
Elaia Garden Hotel,Hotel,https://www.elaiagardenhotel.it/,0771 549748,"Via Pallade Athena, 233",Sperlonga,,info@elaiagardenhotel.it,https,React,Sì,Server Plan S.r.l.,,,,Sì,No
VILLA LUISA B&B,Bed & Breakfast,,328 631 9110,"Via dell'Angolo, 900",Sperlonga,,,,,,,,,,,
Hotel Mayor,Hotel,https://www.hotelmayor.it/,0771 549244,"Via Giuseppe Romita, 36",Sperlonga,,,https,React,No,Google LLC,,,,Sì,No
Albergo La Conchiglia,Hotel,http://www.laconchigliasperlonga.com/,0771 015062,"Corso S. Leone, 39",Sperlonga,,,http,Shopify,Sì,WIIT AG,,,,Sì,No
Cristalli di Mare room,Bed & Breakfast,,388 181 2110,"Piazza Europa, 11",Sperlonga,,,,,,,,,,,
Hotel Mezzatorre Ventotene,Hotel,http://www.mezzatorreventotene.com/,334 317 4759,"P.za Castello, 5/6",Ventotene,,,http,ASP.NET,No,Aruba S.p.A. Network,,,,Sì,No
L'Isola di Raffaele,Bed & Breakfast,,+39 77185365,"Via Roma, 6",Ventotene,,,,,,,,,,,
B&B Via Muraglione,Bed & Breakfast,,0771 85365,"Via Muraglione, 12",Ventotene,,,,,,,,,,,
Hotel Villa Iulia,Hotel,http://www.hotelvillaiulia.it/,0771 85112,"Via XX Settembre, 2",Ventotene,,info@hotelvillaiulia.it,https,Joomla,No,Host SpA,,,,Sì,No
Hotel Agave e Ginestra,Hotel,http://www.agaveginestra.com/,0771 85290,"Via Calabattaglia, 10",Ventotene,,info@agaveginestra.it,https,React,No,"DigitalOcean, LLC",,,,Sì,No
Albergo Isolabella,Hotel,http://www.hotelisolabella.com/,0771 85027,"Via Cala Rossano, 5",Ventotene,,tonino.santomauro@tiscali.it,https,React,No,Aruba S.p.A. Network,,,,Sì,No
Agriturismo Parata Grande Isola Gialla Sas Di Santomauro Luigi E C.,Agriturismo,http://www.paratagrande.com/,0771 85303,Via Parata Grande,Ventotene,,info@paratagrande.com,https,Mobirise,No,Aruba S.p.A. Network,,,,Sì,No
Hotel Lo Smeraldo,Hotel,http://www.losmeraldo.net/,0771 85135,"Via Olivi, 72",Ventotene,,losmeraldoventotene@gmail.com,https,React,No,Server Plan S.r.l.,,,,Sì,No
Calanave10 Ventotene,Hotel,https://www.calanave10ventotene.it/,349 149 6052,"Via Calanave, 10",Ventotene,,info@calanave10ventotene.it,https,Joomla,No,Aruba S.p.A.,,,,Sì,No
Hotel Borgo Cacciatori,Hotel,http://www.mezzatorreventotene.com/,0771 85140,"Via Olivi, 120",Ventotene,,,http,ASP.NET,No,Aruba S.p.A. Network,,,,Sì,No
Albergo La Vela,Hotel,http://www.albergolavelaventotene.com/l_albergo.html,0771 85185,"Via Ulivi, 115 Località Punta dell'Arco",Ventotene,,,,React,Non trovato,Aruba S.p.A.,,,,No - Pagina Non Trovata (404),No
Bed and Breakfast Vento di Terra,Bed & Breakfast,http://www.bebventoditerragaeta.com/,334 186 2363,"Via G. Buonomo Vico 5, 7",Gaeta,,,https,WordPress,Sì,Aruba S.p.A.,,,,Sì,No
Saturnia Garden B&B,Hotel,http://www.saturniagarden.it/,347 211 7105,SR630,Spigno Saturnia Inferiore,,,https,Mobirise,No,Aruba S.p.A. Network,,,,Sì,No
VILLA TREKKO,Bed & Breakfast,https://villa-trekko.italydreams.top/,368 307 0539,"Via Roma, 10",Spigno Saturnia Superiore,,,https,WordPress,No,Contabo GmbH,,,,Sì,No
Il Pioppo,Bed & Breakfast,http://www.ilpioppo.eu/,335 465 493,"Via Sorda, 10",Veroli,,info@ilpioppo.eu,https,WordPress,No,Netsons s.r.l.,,,,Sì,No
Monastero di Sant'Erasmo,Hotel,https://www.santerasmoveroli.it/,0775 238683,"Via Giuseppe Garibaldi, 19",Veroli,,info@santerasmoveroli.it,https,WordPress,No,Aruba S.p.A. Network,,,,Sì,No
Le coste,Bed & Breakfast,https://lecoste.tripcombined.com/,366 590 3865,"Via Passeggiata S. Giuseppe, 82",Veroli,,,https,React,No,Contabo GmbH,,,,Sì,No
De Vita Beata Agriturismo,Agriturismo,https://bookingristorante.it/restaurants/de-vita-beata-agriturismo/,334 290 2932,"Contrada Valenzano, 195/B",Veroli,,,https,WordPress,No,"Cloudflare, Inc.",,,,Sì,No
B&B LAVILLANELLA,Bed & Breakfast,,380 683 6665,"Via dei Villini, 21",Velletri,,,,,,,,,,,
Benito Al Bosco,Ristorante,https://www.benitoalbosco.com/it/benito-al-bosco,06 963 2220,"Via Morice, 96",Velletri,,,https,Joomla,No,"Cloudflare, Inc.",,,,Sì,No
I congiunti,Bed & Breakfast,,344 726 7503,"Via del Sorbo, 17",Velletri,,,,,,,,,,,
Casa Pontecorvi,Bed & Breakfast,https://casa-pontecorvi.italyexperience.top/,06 963 5709,"Via Vecchia di Napoli, 22",Velletri,,,https,WordPress,No,Contabo GmbH,,,,Sì,No
B&B Il Campetto,Bed & Breakfast,,06 962 5095,"Via dei 5 Archi, 104",Velletri,,,,,,,,,,,
FAMILY GUEST HOUSE,Bed & Breakfast,http://www.ilprivilegio.com/,06 963 2624,"Viale Roma, 42",Velletri,,,https,Joomla,No,Aruba S.p.A.,,,,Sì,No
Chez Raz B&B,Bed & Breakfast,https://paolachezraz.wixsite.com/chezraz,347 710 9886,"Via della Caranella, 41",Velletri,,,https,Wix,Sì,Google LLC,,,,Sì,No
Ristorante Dal Sor Francesco Locanda B&B,Ristorante italiano,http://www.dalsorfrancesco.it/,0761 481185,"Via Blera, 28",Vetralla,,info@dalsorfrancesco.it,https,Shopify,Sì,Hetzner Online GmbH,,,,Sì,No
B&B Il Pozzo Romano,Bed & Breakfast,,349 151 3546,Località Pian della Noce 12,Vetralla,,,,,,,,,,,
casa Augusto e Anna,Lodge,,338 524 3977,"Via Setano, 1",Vetralla,,,,,,,,,,,
Az. Agrituristica Villa Ione,Agriturismo,http://www.villaione.it/,0761 478489,Località Madonna del Ponte,Vetralla,,info@villaione.it,https,WordPress,No,Aruba S.p.A.,,,,Sì,No
Il Campanile,Bed & Breakfast,,348 603 6899,"Via Simoncelli Vincenzo, 8",Vicalvi,,,,,,,,,,,
Il Sentiero,Bed & Breakfast,,339 275 3978,"Via Pozzuoli, 3",Casalvieri,,,,,,,,,,,
B&B Villa Vittoria Vignanello,Bed & Breakfast,,338 417 0489,"Via della Vittoria, 21",Vignanello,,,,,,,,,,,
B&B A due passi dal Castello,Bed & Breakfast,,388 846 8615,"Piazza della Repubblica, 20",Vignanello,,,,,,,,,,,
Bed and Breakfast Casa delle Meraviglie,Bed & Breakfast,http://www.casadellemeraviglie.com/,339 464 5840,Via Talano,Vignanello,,,https,Joomla,No,Serverplan S.r.l.,,,,Sì,No
Al Ristoro di Handel,Bed & Breakfast,http://www.alristorodihandel.com/,389 525 1742,"Corso Giuseppe Mazzini, 77",Vignanello,,,https,ASP.NET,No,Aruba S.p.A. Network,,,,Sì,No
Hotel Bompiani,Hotel,,0775 227448,"Via La Mola, 167",Supino,,,,,,,,,,,
In Cammino,Hotel,http://www.viconellazio.it/incammino,347 095 4177,"Via Libertà, 8",Vico Nel Lazio,,,https,WordPress,Sì,Serverplan s.r.l.,,,,Sì,No
Ristorante I giardini del borgo,Ristorante,https://giardini-del-borgo.albergo.top/,0775 156 3252,"Via Vittorio Emanuele, 69",Vico Nel Lazio,,,https,React,No,Contabo GmbH,,,,Sì,No
Locanda Il Falco Nero,Bed & Breakfast,http://locanda-il-falco-nero.com.es/,333 833 1997,"Via Umberto I', 64",Fumone,,,,Nuxt.js,Non trovato,arsys.es,,,,Stato Non Determinato,No
B&B Notti d'Oriente,Bed & Breakfast,,339 465 1955,Via Giuseppe Garibaldi,Sutri,,,,,,,,,,,
Etrurian Home B&B,Bed & Breakfast,,0761 608198,"Via Vittorio Veneto, 33",Sutri,,,,,,,,,,,
A PALAZZO FORTEBRACCI B&B,Bed & Breakfast,,366 448 9525,"Via Vittorio Veneto, 33",Sutri,,,,,,,,,,,
B&B Le Torrette Sutri,Bed & Breakfast,,339 897 5702,"Via di Ronciglione, 160",Sutri,,,,,,,,,,,
Blu House Bed & Breakfast,Hotel,,0761 608432,"Via dei Condotti, 91",Sutri,,,,,,,,,,,
Guest house le grazie,Bed & Breakfast,,388 752 4520,"Via le Grazie, 55",Orte,,,,,,,,,,,
B&B Orte Grotticella,Bed & Breakfast,,331 766 8557,"Via Magenta, 13",Orte,,,,,,,,,,,
La Locanda Del Sorriso,Bed & Breakfast,http://www.bnblocandadelsorriso.it/,328 663 7071,"Via del Ponte, 17",Orte,,,https,Shopify,No,Aruba S.p.A. Network,,,,Sì,No
B&B Dell'Aviatore,Bed & Breakfast,https://www.bebdellaviatore.it/,351 977 4623,"Strada di Colle Oliveto, 9",San Liberato,,,https,Joomla,No,"Amazon.com, Inc.",,,,Sì,No
B&B IL CASTELLO,Hotel,,328 324 2461,"Centro S. Vito, 13",S. Vito di Narni (TR),,,,,,,,,,,
B&B COLdiFIORE,Bed & Breakfast,https://www.bbcoldifiore.com/,335 129 0872,"Via Ortana, 52",Penna in Teverina,,bb.coldifiore@gmail.com,https,WordPress,No,Google LLC,,,,Sì,No
Opera residenze&gourmet,Bed & Breakfast,,366 963 6637,"Via Magenta, 9",Orte,,,,,,,,,,,
Agriturismo Il Collicello,Agriturismo,http://www.ilcollicello.com/,335 598 3274,"Strada di Calledro, 1/A",Narni,,info@ilcollicello.com,https,React,Sì,Server Plan S.r.l.,,,,Sì,No
Hotel Aquila,Hotel,http://www.aquilahotel.it/,0761 402050,"Via Lazio, 4",Caldare,,info@aquilahotel.it,https,Shopify,Sì,OVH SAS,,,,Sì,No
Mary Casa vacanze,Bed & Breakfast,,338 574 3403,"Via Volturno, 43",Monterotondo,,,,,,,,,,,
3Rome Salaria,Bed & Breakfast,,06 4008 5449,"Via Fluviale, 1",Monterotondo,,,,,,,,,,,
La TanaSegreta,Alloggio turistico,,327 173 7870,Piazza Alessandro Manzoni,Monterotondo,,,,,,,,,,,
Hotel Residence Valery,Hotel,http://www.hotelvalery.it/,06 906769,"Via Salaria, 165",Monterotondo,,info@hotelvalery.it,https,WordPress,No,Aruba S.p.A.,,,,Sì,No
b&b Nonna Luisa,Bed & Breakfast,http://www.nonnaluisa.it/,347 229 5613,"Via card. A. Castelleschi, 10",Tarquinia,,,https,ASP.NET,No,Aruba S.p.A. Network,,,,Sì,No
Le Torri di Tarquinia B&B,Bed & Breakfast,http://letorriditarquinia.it/,329 093 0527,"Via dell'Orfanotrofio, 12",Tarquinia,,info@letorriditarquinia.it,https,React,No,Hetzner Online GmbH,,,,Sì,No
B&B Antiche Mura,Bed & Breakfast,http://www.bebantichemura.it/,335 698 9678,"Via Montana, 11",Tarquinia,,,https,React,No,Google LLC,,,,Sì,No
B&B Chiostro San Marco,Bed & Breakfast,http://chiostrosanmarco.wixsite.com/chiostrosanmarco,329 409 6850,"Via Guglielmo Marconi, 1",Tarquinia,,bbchiostrosanmarco@gmail.com,https,Wix,Sì,Google LLC,,,,Sì,No
Camere Del Re - Hotel e B&B,Hotel,http://www.cameredelre.com/,0766 855831,"Via S. Pancrazio, 41",Tarquinia,,,https,WordPress,No,"Cloudflare, Inc.",,,,Sì,No
Il Tarquiniese,Bed & Breakfast,https://iltarquiniese.it/,320 155 6432,"Via Vitelleschi, 6/A",Tarquinia,,,https,WordPress,No,"Cloudflare, Inc.",,,,Sì,No
Bed and Breakfast alla Loggetta,Bed & Breakfast,https://beb.it/allaloggettatarquinia,347 444 5069,"Via del Riposo, 1",Tarquinia,,,https,Typo3,No,"Amazon.com, Inc.",,,,Sì,No
B&B al Corso,Bed & Breakfast,https://www.hotelscheck-in.com/al-corsobedsandhotelstarquinia/it/,0766 855160,"Via Giordano Bruno, 1",Tarquinia,,,https,Joomla,No,"Cloudflare, Inc.",,,,Sì,No
La Maison d'Etrusque,Bed & Breakfast,,345 089 6931,"Piazza Soderini, 1",Tarquinia,,,,,,,,,,,
Valverde Guest House B&B,Bed & Breakfast,https://valverde.bedsandhotels.com/,348 410 2530,"V. Valverde, 24",Tarquinia,,,https,React,No,Hetzner Online GmbH,,,,Sì,No
B&B IL VILLINO,Bed & Breakfast,,338 155 1773,"Via del Loto, 9",Tarquinia,,,,,,,,,,,
B&B Terracina Holiday,Bed & Breakfast,,339 415 3976,"Via Badino, 9",Terracina,,,,,,,,,,,
Affittacamere Piazza Mazzini,Bed & Breakfast,https://affittacamerepiazzamazzini.com/,380 234 2929,"Viale della Vittoria, 80",Terracina,,affittacamerepiazzamazzini@gmail.com,https,Shopify,No,Amazon Technologies Inc.,,,,Sì,No
B&B Vicolo Vecchio,Bed & Breakfast,,338 228 1792,"Via Cauto, 2",Terracina,,,,,,,,,,,
Happy Days Terracina,Bed & Breakfast,,327 732 2054,"Via Antonia Martucci, 64",Terracina,,,,,,,,,,,
Bonne Nuit Terracina,Bed & Breakfast,,338 261 2279,"Via Santa Rufina, 25",Terracina,,,,,,,,,,,
Angelina Antica Dimora,Bed & Breakfast,http://www.angelinaanticadimora.it/,389 688 0739,"Via Annunziata, 46",Terracina,,info@angelinaanticadimora.it,http,WordPress,No,Aruba S.p.A. Network,,,,Sì,No
B&B Anxur,Bed & Breakfast,,320 927 9200,"Via Anxur, 179",Terracina,,,,,,,,,,,
Casa Conte,Bed & Breakfast,,339 588 7588,"Via Anxur, 55/a",Terracina,,,,,,,,,,,
Affittacamere Andretta,Alloggi al coperto,https://andretta.bedsandhotels.com/,0773 705191,"Via Appia Nuova, 76",Terracina,,,https,React,No,Hetzner Online GmbH,,,,Sì,No
Il Giardino Di Adriana,Bed & Breakfast,http://www.ilgiardinodiadrianabeb.it/,393 193 1065,Via Toscana,Terracina,,info.ilgiardinodiadriana@gmail.com,http,React,No,Aruba S.p.A. Network,,,,Sì,No
Hotel Il Girasole,Hotel,http://www.ilgirasole-terracina.it/,0773 764803,"Via Pontina, km 106",Terracina,,info@ilgirasole-terracina.it,https,Angular,Sì,Combell NV,,,,Sì,No
Big Mama Terracina,Bed & Breakfast,,328 804 9017,"Via Anxur, 151",Terracina,,,,,,,,,,,
Allegra B&B,Bed & Breakfast,,328 148 5655,"Via Appia Nuova, 92",Terracina,,,,,,,,,,,
Hotel Ristorante Centosedici,Ristorante,http://www.centosedici.it/,0773 764110,"Viale Circe, 116",Terracina,,,https,WordPress,Sì,Serverplan s.r.l.,,,,Sì,No
Hotel Ristorante Mesòn Felìz,Hotel,http://www.hotelmesonfeliz.it/,0773 259265,Via Badino Vecchia,"Porto Turistico Badino, Terracina",,info@hotelmesonfeliz.it,https,WordPress,No,"Cloudflare, Inc.",,,,Sì,No
Villa Domus Petra,Villa,http://www.villadomuspetra.it/,392 433 2892,"Via di Bocca Piana, 7",Palestrina,,info@villadomuspetra.it,https,Shopify,Sì,Server Plan S.r.l.,,,,Sì,No
B&B Sot l'Agner,Bed & Breakfast,https://www.sotlagner.it/it/,379 107 8031,Via Canesele,Taibon Agordino,,info@sotlagner.it,https,Joomla,Sì,Aruba S.p.A.,,,,Sì,No
B&B Raffaella,Bed & Breakfast,https://beb.it/raffaella,0437 63068,"Via IV Novembre, 11/c",Agordo,,,https,Laravel,No,"Amazon.com, Inc.",,,,Sì,No
Agriturismo Busa dei Sbrase,Agriturismo,,347 583 5320,"via busa dei sbrase, 1",Taibon Agordino,,,,,,,,,,,
Ostello di Bribano,Ostello,http://www.ostellobribano.it/,351 517 3810,"Piazza Martiri, 17",Sedico,,ostello.bribano@gmail.com,https,Shopify,Sì,Irideos S.P.A.,,,,Sì,No
Camere Nordest Sudest,Bed & Breakfast,https://bbnordestsudest.it/,349 585 4921,"Via Col di Lana, 59",Taibon Agordino,,nordestsudest@gmail.com,https,Shopify,No,Amazon Technologies Inc.,,,,Sì,No
Hotel Villa Imperina,Hotel,http://villaimperina.it/,0437 62046,"Via Pragrande, 5",Agordo,,info@villaimperina.it,https,Angular,No,Amazon Technologies Inc.,,,,Sì,No
HOTEL RISTORANTE STELLA ALPINA,Hotel,http://www.hotelstellaalpina.org/,0437 669001,"Via Roma, 1",Voltago Agordino,,info@hotelstellaalpina.org,https,WordPress,Sì,Netsons s.r.l.,,,,Sì,No
The Bijoux in the Dolomites,Bed & Breakfast,,+44 7909 099671,"Via XXVII Aprile, 60b",Agordo,,,,,,,,,,,
Hostaria Rondolost,Ristorante,http://www.rondolost.it/,345 606 6918,"Via de Biasio G., 116",Cencenighe Agordino,,info@rondolost.it,https,WordPress,Sì,Aruba S.p.A. Network,,,,Sì,No
B&B Dolomitincanto,Bed & Breakfast,,340 107 3526,"Via Seravella, 36",Marsiai,,,,,,,,,,,
Agriturismo Casa Bianca B&B,Bed & Breakfast,https://agriturismo-casa-bianca-bb.italiapaesaggiviaggi.top/,0437 640128,"Località Grave, 88",Agordo,,,https,WordPress,No,Ipxo LLC,,,,Sì,No
B&b el bast,Bed & Breakfast,http://www.elbast.com/,340 854 7946,"Via Roma, 40",Rivamonte Agordino,,info@elbast.com,https,WordPress,Sì,Aruba S.p.A.,,,,Sì,No
Albergo Pensione 2 Angeli,Hotel,https://albergo-pensione-2-angeli.metadaesplorare.top/,0437 62049,"Via Carrera, 6",Agordo,,,https,WordPress,No,Ipxo LLC,,,,Sì,No
Hotel Erice Agordo,Hotel,https://www.hotelerice.it/,0437 62307,"Via IV Novembre, 13",Agordo,,info@hotelerice.it,https,WordPress,Sì,Aruba S.p.A.,,,,Sì,No
Bed & Breakfast Antica Torre,Bed & Breakfast,,347 395 3822,"Piazza dell'Erbe, 7/9",Tivoli,,,,,,,,,,,
Sleeping Tivoli B&B,Bed & Breakfast,,0774 281046,"Largo Giov. Maria Nanino, 30",Tivoli,,,,,,,,,,,
B&B Le Pietre Larghe,Bed & Breakfast,,0774 336301,"Via dei Selci, 15",Tivoli,,,,,,,,,,,
Da Ghighì affittacamere,Bed & Breakfast,https://da-ghighi.bedsandhotels.com/,339 490 4497,"Vicolo dei Granai, 12",Tivoli,,,https,React,No,Hetzner Online GmbH,,,,Sì,No
B&B Catillo,Bed & Breakfast,http://www.catillo-tivoli.it/,0774 332212,"Via Domenico Giuliani, 74",Tivoli,,max.catillo@gmail.com,https,WordPress,No,Aruba S.p.A.,,,,Sì,No
AFFITTACAMERE VILLA SANTA LUCIA,Hotel,https://beb.it/santaluciasbt,347 392 9113,"Via Santa Lucia, 6",San Benedetto del Tronto,,,https,Joomla,No,"Amazon.com, Inc.",,,,Sì,No
Hotel Centrale Viterbo,Hotel,http://www.hotelcentraleviterbo.it/,0761 227274,"Via della Cava, 26/28",Viterbo,,info@hotelcentraleviterbo.it,http,ASP.NET,No,Aruba S.p.A. Network,,,,Sì,No
B&B Il Gallo Nero,Bed & Breakfast,http://www.ilgallonerobb.it/,340 412 4320,"Via della Fontana, 44",Viterbo,,ilgallonerobb@gmail.com,http,Basekit,No,Aruba S.p.A.,,,,Sì,No
Il Gallo alloggio turistico,Alloggio completo di servizi,,375 619 2429,"Via del Gallo, 5",Viterbo,,,,,,,,,,,
Bed and Breakfast Porta romana,Bed & Breakfast,,340 803 2811,"Via Vetulonia, 14",Viterbo,,,,,,,,,,,
Palazzetto La Fonte,Bed & Breakfast,,351 611 7957,"Via Cardinal La Fontaine, 101",Viterbo,,,,,,,,,,,
Al Cardinale Bed and breakfast Viterbo,Bed & Breakfast,https://www.viterbohotelbb.it/it/,320 947 0438,"Via S. Carlo, 6",Viterbo,,,https,Laravel,No,"Amazon.com, Inc.",,,,Sì,No
Clockwise,Bed & Breakfast,https://clockwise.bedsandhotels.com/,333 647 3050,"Piazza S. Simeone, 14",Viterbo,,,https,React,No,Hetzner Online GmbH,,,,Sì,No
B&B Le Cinque Querce,Bed & Breakfast,http://www.bblecinquequerce.it/,370 357 6688,"Via S. Camillo de Lellis, 22",Viterbo,,,https,Joomla,No,Serverplan S.r.l.,,,,Sì,No
ArtGallery Apartment - Villa immersa nel verde,Bed & Breakfast,https://www.artgallerybb.it/,328 258 1222,"Str. Palomba, 11",Viterbo,,,https,React,No,SEEWEB s.r.l.,,,,Sì,No
Bitervo,Bed & Breakfast,,373 762 3950,"Via Nazario Sauro, 32",Viterbo,,,,,,,,,,,
Nazareth Residence,Hotel,https://www.nazarethresidence.com/?utm_source=google,0761 156 4612,"Via S. Tommaso, 26",Viterbo,,info@nazarethresidence.com,https,Wix,Sì,Google LLC,,,,Sì,No
Resort Paradosso,Hotel,https://sites.google.com/view/relais-paradosso/,333 232 4547,"Via di Pianoscarano, 63",Viterbo,,,https,Angular,No,Google LLC,,,,Sì,No
B&B Il Peperino,Bed & Breakfast,https://beb.it/ilpeperino/it/,392 768 2120,Via delle Caiole,Viterbo,,,https,Weebly,No,"Amazon.com, Inc.",,,,Sì,No
Bed and breakfast Casa Vettese,Bed & Breakfast,,340 378 8116,"Via P. Umberto, 20",Conca Casale,,,,,,,,,,,
B & B Il Moai,Bed & Breakfast,http://www.bbilmoai.it/index.html,333 273 9600,"Via Sandro Pertini, 10",Vitorchiano,,info@bbilmoai.it,https,ASP.NET,No,Aruba S.p.A. Network,,,,Sì,No
B&B La gioia dei sensi Vitorchiano/Viterbo CIR 056060-B&B-00001 Cin IT056060C19JKBWY39,Bed & Breakfast,http://viterbo-bed-and-breakfast.it/,320 367 3947,"Str. dei Galli, 30",Vitorchiano,,,https,Vue,No,"Amazon.com, Inc.",,,,Sì,No
la Bouganville,Bed & Breakfast,,349 848 5662,"Via A. Manzoni, 28",Vitorchiano,,,,,,,,,,,
PuntoAccapo,Bed & Breakfast,,0761 370989,"Via Marzio, 6",Vitorchiano,,,,,,,,,,,
Alloggio Turistico Il panorama di Vitorchiano,Alloggio con uso cucina,http://www.vacanzevitorchiano.it/,347 382 1994,"Vicolo Sermichelino, 11",Vitorchiano,,,https,Shopify,Sì,Aruba S.p.A.,,,,Sì,No
Casa Vacanze La Magnolia,Hotel,http://casavacanzelamagnolia.it/,349 709 4396,"Str. Chiesuola, 7",Viterbo,,,https,WordPress,No,Aruba S.p.A.,,,,Sì,No
ADRIA BELLA locazione turistica,Bed & Breakfast,,347 606 8292,"Strada Regionale 443 n.1 - incrocio con, Via Peschiera",Adria,,,,,,,,,,,
La Mansarda,Alloggi al coperto,,0426 900296,"Via della Fossa, 9",Adria,,,,,,,,,,,
B&B Corte Monfardina - Adria,Bed & Breakfast,https://www.cortemonfardina.it/,347 976 4983,"Località Monfardina, 3",Adria,,info@cortemonfardina.it,https,Joomla,Sì,Aruba S.p.A.,,,,Sì,No
Locanda del Musso,Locanda,https://www.locandadelmusso.it/,0426 993054,"Via Curicchi, n.12",Adria,,info@locandadelmusso.it,https,React,No,Aruba S.p.A.,,,,Sì,No
House of Oscar,Bed & Breakfast,,0426 181 0018,"Via Curicchi, 1",Bottrighe,,,,,,,,,,,
B&B MARCONI,Bed & Breakfast,http://www.bebmarconi.it/,347 780 7150,"Via A. Chiaratti, 10",Adria,,info@bebmarconi.it,http,WordPress,No,Myweb srls,,,,Sì,No
Adria B&B di Deborah Dona' CIN: IT029001C1LPVLO8PG,Bed & Breakfast,http://www.adriabandb.com/,333 670 4662,"Località Cengiaretto, 12",Adria,,,https,Angular,No,"A2 Hosting, Inc.",,,,Sì,No
Stella d’oro bed & breakfast,Hotel,,347 334 4670,"Via Antonio Buzzolla, 4",Adria,,,,,,,,,,,
Hotel Leon Bianco,Hotel,http://www.hotelleonbianco.eu/,0426 41399,"Piazza Camillo Benso di Cavour, 9",Adria,,,http,WordPress,Sì,Aruba S.p.A. Network,,,,Sì,No
La Bicocca B&B,Alloggio completo di servizi,https://la-bicocca-bb.percorsiitaliani.top/,320 011 3690,"Vicolo Amolaretta, 24",Adria,,,https,WordPress,No,Contabo GmbH,,,,Sì,No
B&B Casa Egle,Bed & Breakfast,http://www.casaegle.it/,320 443 0074,"Via Battare, 621/149",Corbola,,info@casaegle.it,http,Joomla,No,Aruba S.p.A.,,,,Sì,No
B&B La Garzetta,Bed & Breakfast,http://www.lagarzettabnb.it/index.php/dove-siamo,349 669 8167,"Str. Spolverin, 62",Adria,,,https,Joomla,No,Host SpA,,,,Sì,No
Hotel Stella D'Italia,Hotel,http://www.hotelstelladitalia-adria.it/,0426 902457,"Viale Umberto Maddalena, 4",Adria,,info@hotelstelladitalia-adria.it,https,Shopify,Sì,Aruba S.p.A. Network,,,,Sì,No
Albergo Ristorante Ostello Amolara,Hotel,http://www.amolara.it/,0426 943035,"Località Capitello, 11",Adria,,,http,Wix,No,Aruba S.p.A. Network,,,,Sì,No
Corte Burchio || B&B - Eventi - Prodotti a km0,Bed & Breakfast,http://www.corteburchio.it/,344 044 4262,"Via Burchio, 70",Bellombra,,,https,React,Sì,Google LLC,,,,Sì,No
WIKI Hostel FAMILY,Ostello,https://wikihostel.it/,06 9520 0054,"Via Colle Casette, 34",Zagarolo,,,https,WordPress,No,Contabo GmbH,,,,Sì,No
B&B Dora e Flavio,Bed & Breakfast,,335 232 310,"Via Pesare, 9/A",Montegrotto Terme,,,,,,,,,,,
Abano Garden,Bed & Breakfast,http://bbabanogarden.wixsite.com/bebabanogarden,333 358 2608,"Via Luigi Galvani, 11",Abano Terme,,,,Wix,Non trovato,Google LLC,,,,No - Pagina Non Trovata (404),No
Artesia B&B,Bed & Breakfast,https://www.artesiabeb.it/,347 814 5142,"Viale Stazione, 77",Montegrotto Terme,,,https,Joomla,No,"Amazon.com, Inc.",,,,Sì,No
Hotel Terme Belvedere,Hotel,http://www.termebelvedere.it/,049 860 2409,"Viale delle Terme, 21",Abano Terme,,belvedere@termebelvedere.it,https,WordPress,No,Netsons s.r.l.,,,,Sì,No
Wooden House Bed and Breakfast,Bed & Breakfast,https://woodenhousebandb.wordpress.com/,380 176 9361,"Via Caduti di Nassiriya, 32",Montegrotto Terme,,woodenhousebnb@gmail.com,https,Angular,No,"Automattic, Inc",,,,Sì,No
Albergo Lanterna,Hotel,http://www.albergolanterna.it/,351 529 9947,"Via A. Volta, 10",Abano Terme,,info@albergolanterna.it,https,WordPress,Sì,Aruba S.p.A.,,,,Sì,No
B&B Ai Colli 2,Bed & Breakfast,,389 161 0572,"Via S. Mauro, 23",Montegrotto Terme,,,,,,,,,,,
A/B House,Bed & Breakfast,,340 054 3142,"Via Monte Ceva, 11",Padova,,,,,,,,,,,
Il colore dei sogni,Bed & Breakfast,http://ilcoloredeisogni.biz/,389 051 4322,"Via Vo' di Placca, 73",Due Carrare,,,http,WordPress,No,Aruba S.p.A.,,,,Sì,No
Hotel Terme Milano,Hotel,https://www.hoteltermemilano.com/?utm_source=GMB&utm_medium=GMB_link&utm_campaign=GMB_link,049 866 9444,"Viale delle Terme, 169",Abano Terme,,info@hoteltermemilano.com,https,WordPress,No,"Cloudflare, Inc.",,,,Sì,No
Albergo Termale Risorta,Alloggi al coperto,http://www.termerisorta.it/,049 866 9258,"Viale delle Terme, 58",Abano Terme,,info@termerisorta.it,https,Joomla,No,Fastweb SpA,,,,Sì,No
Il Filo Rosso B&B,Bed & Breakfast,https://www.filorossobeb.it/,351 878 0733,"Via San Lorenzo, 53",Abano Terme,,info@filorossobeb.it,https,WordPress,No,Fastweb SpA,,,,Sì,No
Bed and Breakfast Al Corso delle Terme,Bed & Breakfast,,339 174 4111,"Corso delle Terme, 191",Montegrotto Terme,,,,,,,,,,,
Hotel Principe Terme,Hotel,https://www.principeterme.com/?utm_source=gbp&utm_medium=organic,049 860 0844,"Viale delle Terme, 87",Abano Terme,,info@principeterme.com,https,React,Sì,Signet B.V,,,,Sì,No
Agrit. Tenuta Monterosso,Bed & Breakfast,https://www.tenutamonterosso.com/it/,328 541 5177,Via Vergani,Teolo,,,https,Joomla,No,Aruba S.p.A.,,,,Sì,No
Hotel Master,Hotel,http://www.hotelmaster.it/,049 862 9111,"Via G. Mameli, 89",Albignasego,,info@hotelmaster.it,https,React,No,OVH SAS,,,,Sì,No
Hotel Terme Patria,Hotel,http://www.termepatria.it/,049 861 7444,"Viale delle Terme, 56",Abano Terme,,prenotazioni@termepatria.it,https,WordPress,No,Fastweb SpA,,,,Sì,No
Villabruna,Bed & Breakfast,,320 725 8787,"Via Frapiero, 3",Correzzola,,,,,,,,,,,
agriturismo Corte Zecchina,Agriturismo,https://cortezecchina.weebly.com/,333 892 8430,"Via Beverare, 59",Piove di Sacco,,,https,Weebly,Sì,"Weebly, Inc.",,,,Sì,No
Il giardino di Camilla,Bed & Breakfast,,351 311 9805,"Via G. Marconi, 6",Conselve,,,,,,,,,,,
Country House Campofiore,Hotel,http://www.campofiore.eu/,333 648 2775,"Via Isola di, Via Isola Terranova, 60",Pontelongo,,info@campofiore.eu,https,React,Sì,Telecom Italia S.p.A.,,,,Sì,No
Eco b&b Toffia,Bed & Breakfast,,338 521 0157,"vocabolo Marignano, snc",Toffia,,,,,,,,,,,
Alla Casa dei Nonni,Bed & Breakfast,,348 441 7198,"Via Rossignolo, 29",Campodarsego,,,,,,,,,,,
B&B Pettirosso,Bed & Breakfast,,348 290 9988,"Via Cavinello, 14",Massanzago-ca' Baglioni,,,,,,,,,,,
Locanda & Ristorante Al Gallo Nero,Locanda,http://www.algallonero.it/,049 579 8977,"Via Desman, 162",Borgoricco,,,https,WordPress,No,Hetzner Online GmbH,,,,Sì,No
Rosalimone B&B,Bed & Breakfast,http://www.rosalimone.it/,340 404 0626,"Via P. Massimiliano Kolbe, 38",Campodarsego,,,https,React,No,Netsons s.r.l.,,,,Sì,No
Alloggio Le Tre Civette,Hotel,,349 499 6599,"Via delle Fosse, 42",Noale,,,,,,,,,,,
Hotel San Paolo,Hotel,http://www.hotelsan-paolo.it/,049 930 2307,"Via Borgo Padova, 5",Camposampiero,,,https,Joomla,No,Host SpA,,,,Sì,No
B&B Il Sentiero,Bed & Breakfast,http://www.bbilsentiero.com/,393 297 3758,"Via Roveraia, 7",Noale,,info@bbilsentiero.com,https,WordPress,No,"Cloudflare, Inc.",,,,Sì,No
Villa Myosotis,Bed & Breakfast,http://www.villamyosotis.com/,041 548 9424,"V. Cavin di Sala, 78",Mirano,,info@villamyosotis.com,https,WordPress,Sì,Aruba S.p.A.,,,,Sì,No
Bed and Breakfast Casarosa,Bed & Breakfast,http://www.bbcasarosa.it/,340 565 3543,"Via Boschiera, 43",Piazzola sul Brenta,,info@bbcasarosa.it,https,Shopify,No,HOSTINGER DE,,,,Sì,No
Bed and Breakfast Venice House,Bed & Breakfast,http://www.bbvenicehouse.it/,329 732 4584,"Via Condotta, 27",Noale,,info@bbvenicehouse.it,http,React,No,Genesys Informatica S.r.l,,,,Sì,No
Villa Da Ponte,Bed & Breakfast,http://www.villadaponte.it/,349 426 0853,"Via Roma, 72",Cadoneghe,,info@villadaponte.it,http,WordPress,No,Srnet Srl,,,,Sì,No
B&B Casetta 42,Bed & Breakfast,,349 814 3575,"Via Braggio, 133",Santo Stefano,,,,,,,,,,,
Agriturismo Campanella,Ristorante,,349 676 3566,"Via Campanella, 15",Sossano,,,,,,,,,,,
Hotel Alle Scuole,Hotel,http://www.hotelallescuole.it/,049 557655,"Via Garavello Don Ernesto, 2",Santa Maria di Non,,,http,ASP.NET,No,Aruba S.p.A. Network,,,,Sì,No
BeB L'Eremita,Bed & Breakfast,,348 904 5655,"Via Scuole, 11",Monticello,,,,,,,,,,,
B&B Villa Berti,Bed & Breakfast,http://www.villabertiguesthouse.it/,346 664 3759,"Via Berti, 38",Sant'Ambrogio,,info@villabertiguesthouse.it,https,React,No,Host SpA,,,,Sì,No
HOTEL VILLA MARY,Hotel,,328 232 3461,"Via Luxore, 1E",Santa Maria di Sala,,,,,,,,,,,
Bed & Breakfast Nelly,Bed & Breakfast,https://www.bbnelly.it/,340 755 2551,"Via Zara, 90/B",Lonigo,,,https,Shopify,No,"Cloudflare, Inc.",,,,Sì,No
B&B Ca' Teonghio,Bed & Breakfast,,389 888 0568,"Via Teonghio, 128",Orgiano,,,,,,,,,,,
Il piccolo scrigno via Roma 19 Lonigo,Bed & Breakfast,,340 987 1296,Via Roma,Lonigo,,,,,,,,,,,
B&B Artemide,Bed & Breakfast,https://www.bbartemide.it/,340 554 6962,"Via Motte Crosaron, 41",Arcole,,,https,Joomla,Sì,Seeweb srl,,,,Sì,No
Camere viaVenezia Accomodating Solutions,Bed & Breakfast,http://hotel-lonigo.it/,338 927 0878,"Via Venezia, 37",Lonigo,,info@hotel-lonigo.it,https,WordPress,Sì,Netsons s.r.l.,,,,Sì,No
Agriturismo Al Casale | Lonigo,Ristorante,https://www.agriturismoalcasale.it/,340 885 7197,"Via Madonna, 151",Lonigo,,,https,Joomla,Sì,Host SpA,,,,Sì,No
Agriturismo Paradiso,Agriturismo,http://www.agriturismoparadiso.vi.it/,0444 820814,"Via Paradiso, 47",Meledo,,info@agriturismoparadiso.vi.it,https,React,No,Google LLC,,,,Sì,No
Monte degli Aromi,Bed & Breakfast,http://www.montedegliaromi.com/,329 906 1778,"Via S. Donato, 5",Villaga,,montedegliaromi@gmail.com,https,WordPress,No,IT.Gate S.p.A.,,,,Sì,No
B&B CASAmia - Rooms & Breakfast,Bed & Breakfast,http://www.b-bcasamia.it/,349 676 1305,"Via Roma, 90/A",Sossano,,,http,ASP.NET,No,Aruba S.p.A. Network,,,,Sì,No
Bed and Breakfast a Vicenza El Pavejo,Bed & Breakfast,http://www.agriturismoelpavejo.it/,334 158 2895,"Via San Vito, n. 66",Brendola,,info@agriturismoelpavejo.it,https,Shopify,Sì,Aruba S.p.A. Network,,,,Sì,No
"Casa dei Faggi, Tolfa",Alloggio completo di servizi,,348 542 8235,"Via dei Faggi, 13",Tolfa,,,,,,,,,,,
Bed and Breakfast Miotto,Bed & Breakfast,https://miotto.tripcombined.com/,336 496 324,"Via Borgo, 75",Montegalda,,,https,React,No,Contabo GmbH,,,,Sì,No
Tenuta Gambalonga Residence,Alloggio completo di servizi,https://residencegambalonga.it/,328 864 9373,"Via Cavalcaressa, 12",Cinto Euganeo,,mspigolon3@gmail.com,https,ASP.NET,Sì,Aruba S.p.A. Network,,,,Sì,No
B&B Ai Celtis,Bed & Breakfast,http://www.aiceltis.it/,349 197 0832,"Via Fontane, 42",Montemerlo,,lory@aiceltis.it,https,WordPress,Sì,Serverplan S.r.l.,,,,Sì,No
Berici B&B,Bed & Breakfast,http://www.bericibb.com/,348 525 2866,"Piazza Mercato, 2",Ponte di Nanto,,info@bericibb.it,https,WordPress,Sì,Netsons s.r.l.,,,,Sì,No
Agriturismo Azienda Agricola Marin,Agriturismo,http://www.aziendaagricolamarin.it/,338 230 8462,"Via Chiesa Prà, 64",Este,,,https,Joomla,No,Aruba S.p.A. Network,,,,Sì,No
Hotel Ristorante Gelateria da Romagnolo,Ristorante,https://www.albergoromagnolo.it/,0444 887300,"Via Pietro Milani, 62/c",Noventa Vicentina,,,http,Shopify,Sì,Servereasy Srl,,,,Sì,No
CASA STEFY,Bed & Breakfast,http://www.casastefybb.com/,342 550 9204,"Via Alberi, 34",Montagnana,,,https,Angular,No,Aruba S.p.A. Network,,,,Sì,No
Agriturismo Marani,Pensione,http://www.agriturismomarani.com/,0444 273659,"Via Zambalda, 52",Arcugnano,,,https,WordPress,No,Keliweb S.R.L,,,,Sì,No
Villa Klinai B&B,Bed & Breakfast,http://villaklinai.com.es/,389 622 8267,"Via Fosso di Fotignano, 1",Cerveteri,,,,Nuxt.js,Non trovato,arsys.es,,,,Stato Non Determinato,No
LA RIPA Hotel Ristorante Pizzeria,Ristorante,http://www.hristorantelaripa.it/,392 943 6539,SR155 Via Prenestina s.s 155 per,Fiuggi,,info@hristorantelaripa.it,https,WordPress,No,Widestore s.r.l. Network,,,,Sì,No
Atlantic Park Hotel - Spa - Ristorante - Centro benessere - Piscina - Sala convegni,Albergo benessere,https://www.atlanticparkhotel.it/,0775 514065,"Via Prenestina Sud, 37",Fiuggi,,,https,WordPress,Sì,Aruba S.p.A.,,,,Sì,No
Agriturismo Antica Corte Cason,Agriturismo,http://www.anticacortecason.it/,045 700 1292,"Via Cason, 12/a",Tombazosana,,,https,React,No,Aruba S.p.A. Network,,,,Sì,No
Camere Solidea,Bed & Breakfast,http://www.bbsolidea.it/,340 096 9134,"Via Desmontà, 17A",Veronella,,info@bbsolidea.it,http,Basekit,No,Aruba S.p.A.,,,,Sì,No
Soave Guest House - Locazione Turistica,Hotel,,340 723 5420,"Via Giuseppe Mazzini, 18",Soave,,,,,,,,,,,
Destiny Home suite Soave,Bed & Breakfast,,391 702 6965,"Vicolo Zenari, 8",Soave,,,,,,,,,,,
Hotel Stadio,Hotel,http://www.hotelstadio.it/,045 761 0859,"Via Fiume, 14/A",San Bonifacio,,info@hotelstadio.com,https,Shopify,Sì,Netsons Network,,,,Sì,No
Appartamento da Natalia,Bed & Breakfast,,340 156 0819,"Via I. Forante, 39",Ronco all'Adige,,,,,,,,,,,
Borgo Antico Affittacamere Soave Verona,Hotel,http://www.borgoanticodisoave.com/,349 651 9241,"Corso Vittorio Emanuele, 43",Soave,,borgoanticodisoave@gmail.com,https,WordPress,No,SEEWEB s.r.l.,,,,Sì,No
Villanova Hotel,Hotel,,045 961 7254,"Via Villanova, 6B",San Bonifacio,,,,,,,,,,,
B&B Corte San Tomaso,Bed & Breakfast,http://www.cortesantomaso.it/,347 730 9581,"Via Argine, 13",Bonavigo,,,https,WordPress,No,OVH SAS,,,,Sì,No
Affitta Camere Casa Vittoria,Alloggi al coperto,,348 266 1459,"Frazione Santa Croce, 22",Santa Croce,,,,,,,,,,,
Alloggio Casa Hellen Monteforte d'Alpone,Bed & Breakfast,http://www.alloggiocasahellen.com/,045 761 0649,"Via Giacomo Matteotti, 9",Monteforte d'Alpone,,,https,WordPress,No,"Cloudflare, Inc.",,,,Sì,No
La casa del sogno,Bed & Breakfast,,346 955 6955,"Via Vittorio Veneto, 20",Monteforte d'Alpone,,,,,,,,,,,
Locanda Le 4 Ciacole,Ristorante italiano,http://www.le4ciacole.it/,0442 685115,"P.za Vittorio Emanuele, 10",Roverchiara,,,https,WordPress,No,Aruba S.p.A. Network,,,,Sì,No
Albergo De March,Hotel,,0437 900500,"Località La Secca, 23",Ponte nelle Alpi,,,,,,,,,,,
Fastuc B&B,Bed & Breakfast,https://fastuc.it/,351 444 8884,Frazione Reveane 37,Ponte nelle Alpi,,,https,WordPress,No,"Amazon.com, Inc.",,,,Sì,No
BeB Il Conte,Bed & Breakfast,http://bbilconte.com/,348 721 0993,"Piazza Gazzolo, 31",Gazzolo,,adad928bd87a6cfedc5553e1efeb480a@o187035.ingest.us.sentry.io,https,Shopify,No,"Cloudflare, Inc.",,,,Sì,No
Bed and Breakfast Corte Preare,Bed & Breakfast,https://www.cortepreareverona.it/,349 694 8404,"Via Preare, 8",Monticelli-fontana,,,https,Joomla,No,"Amazon.com, Inc.",,,,Sì,No
B&B Alpagatto,Bed & Breakfast,,349 536 7252,"Via Grava, 12",Alpago,,,,,,,,,,,
Bed & Breakfast Ligont,Bed & Breakfast,,320 084 5523,"Via Rivetta, 22B",Budoia,,,,,,,,,,,
B&B Villa Al Lago,Bed & Breakfast,http://www.villaallago.it/,338 523 0255,"Strada Statale 51, 33",Santa Croce,,,http,WordPress,No,Aruba S.p.A. Network,,,,Sì,No
Corte Ramedello,Agriturismo,http://www.corteramedello.it/,333 119 7339,"Via Ramedello, 2",Cerea,,info@corteramedello.it,https,WordPress,No,Aruba S.p.A.,,,,Sì,No
da CISA di Bona Gianantonio,Bed & Breakfast,,340 217 7080,via delle Gradinate,Tambre,,,,,,,,,,,
B&B IL CASTAGNO MAGICO,Bed & Breakfast,,349 628 6610,"Via Portici, 6",Puos d'Alpago,,,,,,,,,,,
Alla Posta Guest House Locazione Turistica,Alloggio turistico,,340 120 6119,"Via S. Antonio, 9",Garna,,,,,,,,,,,
B&B DolcePosada,Bed & Breakfast,http://www.dolceposadabb.com/,348 935 4533,"Via Sant'Andrea, 25",Vittorio Veneto,,,https,React,No,Tiscali Italia SpA,,,,Sì,No
Rubino Affittacamere,Bed & Breakfast,http://www.rubinoaffittacamere.it/,0437 981399,"Rione Piaia, 72D",Ponte nelle Alpi,,info@rubinoaffittacamere.it,https,Shopify,Sì,Netsons s.r.l.,,,,Sì,No
B&B Dama Del Lago,Bed & Breakfast,https://www.damadellago.it/,349 733 3602,"Via Lizzona, 16",Lizzona,,info@damadellago.it,https,React,No,Aruba S.p.A.,,,,Sì,No
B&B Nido di Faggio,Bed & Breakfast,https://nidodifaggio.com/,348 892 9619,"Via Frà Angelo, 86",Codenzano,,,https,Angular,No,Aruba S.p.A. Network,,,,Sì,No
B&B da Guerrino,Bed & Breakfast,https://www.hotelitaliaweb.com/bb-da-guerrino/,0437 454544,"Via Trieste, 11",Farra D'Alpago,,,https,WordPress,No,"Cloudflare, Inc.",,,,Sì,No
B&B Alle Ortensie,Bed & Breakfast,http://www.alleortensiebb.it/,340 466 0187,"Cin : IT028003C16QQZVHCT, Vicolo Giacomo Zanella, 26A",Albignasego,,,https,Shopify,No,"Cloudflare, Inc.",,,,Sì,No
Martina's Rooms,Pensione,https://martinasroomit.wordpress.com/,351 651 6877,"Via Roma, 80",Albignasego,,martinas.albignasego@gmail.com,https,Angular,No,"Automattic, Inc",,,,Sì,No
HOTEL COLONNA,Hotel,https://www.colonnahotel.it/,049 710975,"Via Roma, 174",Albignasego,,info@colonnahotel.it,https,ASP.NET,No,Hetzner Online GmbH,,,,Sì,No
Agriturismo Villa Greggio Di Greggio Liana & C. S.S. Agricola,Agriturismo,http://www.agriturismovillagreggio.com/,049 874 1177,"Via S. Martino, 9",Casalserugo,,,https,WordPress,Sì,Aruba S.p.A.,,,,Sì,No
Barchessa Da Rio,Bed & Breakfast,http://www.barchessadario.com/,348 824 4638,"Via G. Boccaccio, 40",Ponte San Nicolò,,info@barchessadario.com,https,WordPress,No,Hetzner Online GmbH,,,,Sì,No
Hotel Dante,Hotel,http://www.hoteldante-dolomiti.it/dove-siamo,0437 989006,"Via Lizzona, 47",Ponte nelle Alpi,,albergodante@libero.it,,React,Sì,Rackone Srl,,,,Sì,No
La Tieda - locazione turistica,Bed & Breakfast,http://www.latieda.it/index.html,349 545 8827,"Via Madeago, 26",Belluno,,info@latieda.it,https,ASP.NET,No,Aruba S.p.A. Network,,,,Sì,No
This Is Home B&B,Bed & Breakfast,http://www.thisishome.it/,049 692894,"Via Cesare Crescente, 44",Padova,,info@thisishome.it,https,ASP.NET,No,Aruba S.p.A. Network,,,,Sì,No
Bed and Breakfast Rio Garden Padova,Bed & Breakfast,,348 549 1835,"Via N. Bixio, 6/int. 2",Ponte San Nicolò,,,,,,,,,,,
Alle Vallesse Agriturismo,Alloggio turistico,,0444 177 0461,"via, Via Firenze, 131",Altavilla Vicentina,,,,,,,,,,,
Gli Olmi,Bed & Breakfast,,334 378 0935,"Via Como, 2",Creazzo,,,,,,,,,,,
Baràca Padova,Ristorante,,049 681364,"Via Battaglia, 37",Albignasego,,,,,,,,,,,
Agriturismo Capeeto,Agriturismo,https://www.agriturismocapeeto.it/,049 801 0159,"Via Lago Dolfin, 2",Padova,,info@agriturismocapeeto.it,https,Joomla,No,Aruba S.p.A.,,,,Sì,No
Resort di Campagna - La Posa degli Agri,Ristorante,https://www.laposadegliagri.com/homepage,049 977 2532,"Via Orsaretto, 4",Isola Dell'abbà,,info@laposadegliagri.com,https,Shopify,No,"Amazon.com, Inc.",,,,Sì,No
Hotel & Residence Castelli,Hotel,https://www.hotelcastelli.it/,0444 697366,"Viale Trieste, 73",Montecchio Maggiore,,info@hotelcastelli.it,https,Shopify,Sì,Semplify Srl,,,,Sì,No
Tenuta da Rino,Bed & Breakfast,,347 082 4906,"Via delle Are, 16",Provincia di Vicenza,,,,,,,,,,,
Bed&Breakfast Al Vecchio Ulivo,Bed & Breakfast,https://www.alvecchioulivo.it/,348 109 4104,"Via Torino, 11",Altavilla Vicentina,,info@alvecchioulivo.it,https,Shopify,No,OVH SAS,,,,Sì,No
Bed & Breakfast Vicenza San Rocco,Bed & Breakfast,https://www.bbvicenzasanrocco.it/it-it,320 142 4747,"Contrà S. Rocco, 26",Vicenza,,,https,React,No,"Amazon.com, Inc.",,,,Sì,No
B&B La Magnolia,Bed & Breakfast,https://www.hotelspretorian.com/bb-la-magnolia/,335 162 3891,"Via C. Battisti, 34",Creazzo,,,,Shopify,No,"Cloudflare, Inc.",,,,Sì,No
Bread and Butter rooms,Bed & Breakfast,https://www.breadandbutter-rooms.com/,351 662 2816,"Via G. Galilei, 107",Albignasego,,info@breadandbutter-romoms.com,,WordPress,No,Aruba S.p.A.,,,,Sì,No
Valmarana Morosini Hotel,Hotel,http://www.valmaranamorosinihotel.it/,393 826 1671,"Via G. Marconi, 97",Altavilla Vicentina,,info@valmaranamorosinihotel.it,https,React,No,"Squarespace, Inc.",,,,Sì,No
Bed and Breakfast In Valle Vicenza,Bed & Breakfast,http://www.bnbinvalle.com/,391 437 7320,"Via la Vallà, 12/1",Lumignano,,info@bnbinvalle.com,https,WordPress,No,Aruba S.p.A.,,,,Sì,No
Hotel Ristorante Ponte Nuovo,Hotel,http://www.pontenuovo.it/,0444 687605,"Via Molino, 33",Altissimo,,,https,Angular,No,Aruba S.p.A. Network,,,,Sì,No
El Piron di Giuliana Faggiana,Ristorante,,348 613 9139,"Via Giovanni XXIII Papa, 2",San Pietro Mussolino,,,,,,,,,,,
Agriturismo Riva Ratta,Agriturismo,http://www.rivaratta.it/,0444 493694,"Via Campestrini, 52",Montecchio Maggiore,,agriturismo@rivaratta.it,http,Angular,No,SEEWEB s.r.l.,,,,Sì,No
Azienda Vitivinicola Agrituristica Tenuta Maraveja,Bed & Breakfast,http://www.tenutamaraveja.com/,331 373 7313,"Via Muraroni, 108",Muraroni,,info@tenutamaraveja.com,https,WordPress,No,"Cloudflare, Inc.",,,,Sì,No
Best Western Hotel Tre Torri,Hotel,http://www.hoteltretorri.it/,0444 572411,"Via Tavernelle, 71",Altavilla Vicentina,,info@hoteltretorri.it,https,WordPress,Sì,Amazon Technologies Inc.,,,,Sì,No
Agriturismo B&B Corte Marani,Ristorante,,346 667 1699,"via Lupatini, 1",Badia Calavena,,,,,,,,,,,
La Rindola,Ristorante,https://www.larindola.it/,331 480 7141,"Via Campanella, 18",Altissimo,,larindola@gmail.com,https,Shopify,Sì,Aruba S.p.A.,,,,Sì,No
Casalloro,Bed & Breakfast,https://www.casalloro.com/,345 089 2774,"Via Nanti, 10",Cornedo Vicentino,,info@casalloro.com,https,Shopify,Sì,Aruba S.p.A. Network,,,,Sì,No
Ristorante Hotel Adele Di Camponogara Maria Eugenia & C. Sas,Hotel,http://www.hoteladelebolca.com/,045 747 0004,"Via Villa Bolca, 23",Vestenanova,,info@hoteladelebolca.com,https,React,Sì,Aruba S.p.A. Network,,,,Sì,No
Baita Cerato Wellness Hotel - Ristorante - Pizzeria,Hotel,http://www.albergobaitacerato.it/,045 958 6251,"Via S. Giovanni Battista, 68",Bolca,,info@albergobaitacerato.it,https,WordPress,Sì,Server Plan S.r.l.,,,,Sì,No
Bed and Breakfast Casa Aperta,Bed & Breakfast,,333 438 3620,"Via IV Novembre, 34",Cornedo Vicentino,,,,,,,,,,,
Hotel Zenari,Hotel,http://www.hotelristorantezenari.it/,0444 420104,"Via B. Isnardo, 15/17",Chiampo,,info@hotelristorantezenari.it,http,ASP.NET,No,Aruba S.p.A. Network,,,,Sì,No
Ristorante La Meridiana,Ristorante,,0444 429017,"Via Roma, 58",Crespadoro,,,,,,,,,,,
Susanna Alloggio Turistico,Bed & Breakfast,,348 266 5514,"Via Postale Vecchia, 14/a",Trissino,,,,,,,,,,,
B&B Ca' Panisacco,Bed & Breakfast,https://www.capanisacco.com/,347 670 0447,c.da Frati di Santa Maria 2,Valdagno,,info@capanisacco.com,https,Shopify,Sì,Server Plan S.r.l.,,,,Sì,No
Hotel Ca Masieri,Hotel,https://www.camasieri.com/,0445 490122,"Via Masieri, 16",Trissino,,,https,Webflow,No,Seeweb srl,,,,Sì,No
B&B Villa Riva,Bed & Breakfast,https://www.bnbvillariva.it/,348 881 3521,"Via Riva, 17A",Badia Calavena,,,https,WordPress,No,Aruba S.p.A.,,,,Sì,No
La Raste Bed & Breakfast,Bed & Breakfast,https://www.laraste.it/,0445 76804,"Via Ragazzi del '99, 1",Recoaro Terme,,,https,React,Sì,OVH SAS,,,,Sì,No
Lorenzi 1927,Pizzeria,http://www.lorenzi1927.it/,0445 970070,"Contrada Chiesa di Castelvecchio, 7",Valdagno,,,https,Joomla,No,Aruba S.p.A.,,,,Sì,No
Albergo Ristorante Roma,Hotel,http://hotelromavaldagno.it/,0445 402173,"Via Garibaldi, 12",Valdagno,,,https,WordPress,Sì,Host Europe GmbH,,,,Sì,No
B&B Bagolari,Bed & Breakfast,https://bagolaribnb.com/,338 292 6733,"Via dei Pilastri, 5",Nanto,,,https,React,No,"Cloudflare, Inc.",,,,Sì,No
B&B Casa Lina,Bed & Breakfast,,348 271 8467,"Via Cagliara, 8c",Ponte di Barbarano,,,,,,,,,,,
Villavecchia,Bed & Breakfast,https://villavecchia.tripcombined.com/,348 911 4299,"Via Villavecchia, 29",Castegnero,,,https,React,No,Contabo GmbH,,,,Sì,No
Agriturismo Barco Di De Faveri Lucio E Mario S.s.,Agriturismo,,340 577 6184,"Via Cornere, 5",Altivole,,,,,,,,,,,
Albergo Al Moretto di Luciana Rigato & C. S.a.s.,Hotel,http://www.albergoalmoretto.it/,0423 721313,"Via S. Pio X, 10",Castelfranco Veneto,,info@albergoalmoretto.it,https,WordPress,No,Server Plan S.r.l.,,,,Sì,No
Al Giorgione,Bed & Breakfast,https://www.algiorgione.it/,340 501 6145,"Via Giorgione, 7b",Caselle,,info@algiorgione.it,https,WordPress,Sì,Aruba S.p.A. Network,,,,Sì,No
Agriturismo Borgo d'Asolo,Agriturismo,http://www.borgodasolo.com/,333 485 3418,"Via Asolana, 54",Altivole,,info@borgodasolo.com,https,WordPress,No,"Cloudflare, Inc.",,,,Sì,No
Oleaclub Locazione Turistica,Hotel,,337 502 423,"Via Bassanese, 171",Maser,,,,,,,,,,,
B&B Cà Dea Calle,Bed & Breakfast,https://cadeacalle.it/,0423 190 3303,"Via della Calle, 3A",Vallà,,info@cadeacalle.it,https,WordPress,No,OVH SAS,,,,Sì,No
Villa Busta Hotel,Hotel,http://www.villabustahotel.it/,0423 289060,"Via Busta, 39",Montebelluna,,,http,ASP.NET,No,Aruba S.p.A. Network,,,,Sì,No
Lilly's Home (camere con cucina/soggiorno in comune),Hotel,,366 311 5751,"V. dei Carpani, 6",Castelfranco Veneto,,,,,,,,,,,
Villa Gabriella Relax,Bed & Breakfast,,340 560 5980,"Via Noaie, 6",Case Noaje,,,,,,,,,,,
Cà Cinel Asolo B&B,Bed & Breakfast,http://cacinel.wordpress.com/,334 817 2160,"Via Mestre, 9",Asolo,,,https,WordPress,No,"Automattic, Inc",,,,Sì,No
B&B Magrine,Bed & Breakfast,http://www.magrine.it/,348 064 8253,Via Postioma di Salvarosa 24a,Castelfranco Veneto,,info.magrine@gmail.com,https,Angular,Sì,Contabo GmbH,,,,Sì,No
Suite-tti,Bed & Breakfast,,0761 422197,"Via Cialdini, 19",Valentano,,,,,,,,,,,
Agriturismo Melo In Fiore,Fattoria,http://www.meloinfiore.it/,0423 565205,"Via Caldretta, 41",Maser,,info@meloinfiore.it,https,WordPress,No,Aruba S.p.A.,,,,Sì,No
Agriturismo Sant'Andrea,Agriturismo,https://www.agrsantandrea.it/,0423 177 1567,"Via Cornuda, 72",Maser,,info@agrsantandrea.it,https,WordPress,No,OVH SAS,,,,Sì,No
Ai Prai,Agriturismo,http://www.aiprai.com/,0423 746701,"Via 27 Aprile, 72c",Riese Pio X,,info@aiprai.com,https,Shopify,No,"Cloudflare, Inc.",,,,Sì,No
Agriturismo Morgan,Bed & Breakfast,http://www.agriturismomorgan.it/,0423 603031,"Via Erizzo, 79",Montebelluna,,info@agriturismomorgan.it,http,React,No,OVH SAS,,,,Sì,No
Corte brolo,Bed & Breakfast,,0442 25070,"Via Brolo, 13",Legnago,,,,,,,,,,,
Bed and Breakfast San Pietro,Bed & Breakfast,,340 719 3596,"Via Corrubio, 12",Legnago,,,,,,,,,,,
Hotel Salieri SRL,Hotel,http://www.hotelsalieri.it/,0442 22100,"Viale dei Caduti, 64",Legnago,,info@hotelsalieri.it,https,WordPress,No,Serverplan s.r.l.,,,,Sì,No
LOCAZIONI TURISTICHE DI RAVAROTTO LUCIANA,Bed & Breakfast,,331 850 4670,"Via Puglie, 13",Legnago,,,,,,,,,,,
Albergo New Touring,Hotel,,0442 22000,"Via degli Alpini, 15",Legnago,,,,,,,,,,,
Soave Country House,Hotel,https://it.soavecountryhouse.com/,342 795 5013,"Via Dr. Guglielmo, Via Dr. G. Soave, 15",Angiari,,info@hellosrl.com,https,Wix,No,Google LLC,,,,Sì,No
Villa Brama,Bed & Breakfast,http://www.bramaverona.it/,348 700 8700,"Via Santa Eurosia, 21",Legnago,,info@bramaverona.it,https,WordPress,No,Aruba S.p.A,,,,Sì,No
B&B Il Cedro Argentato,Bed & Breakfast,,379 130 0965,"Via S. Vito, 64",San Vito,,,,,,,,,,,
Bed & Breakfast AL 16,Bed & Breakfast,https://bed-breakfast-al-16.vederelitalia.top/,335 577 4474,"Lungadige Scrami, 16",Legnago,,,https,WordPress,No,Contabo GmbH,,,,Sì,No
B&B Ca' Gialla,Bed & Breakfast,,346 342 3022,"Via Roma, 677",Urbana,,,,,,,,,,,
B&B Villa Brenzoni,Bed & Breakfast,http://www.villabrenzoni.it/,348 720 6151,"Via Martiri di Belfiore, 1",Bonavigo,,info@villabrenzoni.it,https,WordPress,No,Aruba S.p.A. Network,,,,Sì,No
Hotel Ristorante Pergola,Hotel,http://www.hotelpergola.com/,0442 629103,"Via Verona, 140",Legnago,,info@hotelpergola.com,https,WordPress,No,Moviement srl,,,,Sì,No
Ostello del Pellegrino,Ostello,http://www.parks.it/ost/del.pellegrino/,375 797 8190,"Piazza Italia, 14",Vallepietra,,ostellodelpellegrino@gmail.com,https,React,No,Acantho network,,,,Sì,No
B&B Valle degli Ulivi Vallecorsa,Bed & Breakfast,http://www.bbvalledegliulivi.it/,0775 679259,"Via Palestro, 30",Vallecorsa,,,https,ASP.NET,No,Aruba S.p.A,,,,Sì,No
Malì Trevignano - Piccolo Hotel & Cocktail Bar,Hotel,,351 213 3352,"Via Francia, 17",Trevignano Romano,,,,,,,,,,,
Lake&More,Bed & Breakfast,,392 670 7015,"Via Poggio delle Ginestre, 47",Trevignano Romano,,,,,,,,,,,
Skipper White Guest House,Hotel,https://skipperwhite.traveleto.com/,338 292 7231,"Via della Rena, 81",Trevignano Romano,,,https,Shopify,No,"Cloudflare, Inc.",,,,Sì,No
B&B La Fata,Hotel,,324 612 6943,"Via Umberto I, 117",Trevignano Romano,,,,,,,,,,,
le stanze di Maria,Pensione,,349 319 4262,"Via Fontanella Superiore, 3",Trevignano Romano,,,,,,,,,,,
Borgo San Filippo casa vacanze,Hotel,,347 668 9841,"Via S. Filippo, 17",Trevignano Romano,,,,,,,,,,,
VIGNA ROSA,Bed & Breakfast,http://bebvignarosatrevignanoromano.it/,333 268 5387,"Via Vigna Rosa, 25",Trevignano Romano,,federica.gang@gmail.com,http,ASP.NET,No,Aruba S.p.A. Network,,,,Sì,No
Il Vialetto Country House,Bed & Breakfast,https://il-vialetto-country-house.comeviaggiare.top/,338 817 4325,"Via Tevere, 8",Trevignano Romano,,,https,React,No,Contabo GmbH,,,,Sì,No
Rifugio Le Mainarde Hotel e Ristorante,Hotel,,0776 587490,"Via Forcella Nord, 2",Vallerotonda,,,,,,,,,,,
Agriturismo Il Salice Ridente - Az. Agr. Luca Piergiorgio Sut,Agriturismo,,0434 604233,"Via Santa Maria, 4",Azzanello,,,,,,,,,,,
B&B Voce Del Sole di Lovisa Mauro - TRATTORIA - PIZZERIA,Hotel,,338 374 8742,"Via G. Marconi, 3",Pravisdomini,,,,,,,,,,,
Palazzo Paradiso Hotel,Hotel,https://www.palazzoparadiso.it/,0422 865166,"Piazza Umberto I, 39",Meduna di Livenza,,info@palazzoparadiso.it,https,Shopify,Sì,Combell NV,,,,Sì,No
Agriturismo La Prediletta,Agriturismo,,0422 768083,"Via Malgher, 7",Motta di Livenza,,,,,,,,,,,
B&B Villa Elisa,Bed & Breakfast,https://bebvillaelisa.com/,328 972 8265,"Via Cornè S. Giovanni, 27",Motta di Livenza,,bebvillaelisa@gmail.com,https,React,Sì,wix com inc,,,,Sì,No
B&B Villa Sofia,Bed & Breakfast,,351 379 5820,"Via Postumia, 92",Pramaggiore,,,,,,,,,,,
Camere da Mirna di Claudio Piccolo,Bed & Breakfast,http://www.cameredamirna.it/,347 048 4519,"Via Italia, 6",Villotta,,,https,Laravel,No,"Amazon.com, Inc.",,,,Sì,No
B&B Ranch Borgo Bella Vita,Bed & Breakfast,,351 460 0201,"Via Ponte di Terra, 21",Gorgo al Monticano,,,,,,,,,,,
B&B Casa Linda,Bed & Breakfast,https://beb.it/casalindapradipozzo,347 517 9385,"Via Staimbek, 46",Portogruaro,,,https,Laravel,No,"Amazon.com, Inc.",,,,Sì,No
Le Camere del Podestà,Hotel,https://lecameredelpodesta.wixsite.com/le-camere-del-podest,0422 860979,"Via Revellino, 9",Motta di Livenza,,lecameredelpodesta@gmail.com,https,Wix,No,Google LLC,,,,Sì,No
Agriturismo Le Vigne Morosina,Bed & Breakfast,https://www.agriturismolevignemorosina.com/it/,0421 327323,"Via Callunga, 72",Cessalto,,info@agriturismolevignemorosina.com,https,WordPress,No,Genesys Informatica S.r.l,,,,Sì,No
B&B Ca' Marsure,Bed & Breakfast,https://camarsure.wixsite.com/ca-marsure,335 704 9558,"Via Chiesa Antica, 6",Azzano Decimo,,camarsure@gmail.com,https,Wix,No,Google LLC,,,,Sì,No
Hotel Ristorante da Gigi,Hotel,https://www.hoteldagigi.it/it/,0421 310269,"Via Fosson, 30",San Stino di Livenza,,,https,WordPress,No,"Cloudflare, Inc.",,,,Sì,No
Villa Bornancini,Bed & Breakfast,https://www.villabornancini.it/,347 782 6508,"Via Roma, 109",Cinto Caomaggiore,,,https,WordPress,Sì,Host SpA,,,,Sì,No
Affittacamere Dal Degan,Hotel,,320 411 1130,"Viale Trieste, 57/interno 61",San Bonifacio,,,,,,,,,,,
B&B La Quercia,Bed & Breakfast,https://beb.it/bblaquercia,329 897 9149,"Corso Venezia, 123",San Bonifacio,,,https,Shopify,No,"Amazon.com, Inc.",,,,Sì,No
Best Western Plus Soave Hotel,Hotel,http://www.soavehotel.it/,045 761 0233,"Località, Via Ritonda, 81",San Bonifacio,,info@soavehotel.it,https,React,Sì,Amazon Technologies Inc.,,,,Sì,No
Locazione Turistica Da Toio,Bed & Breakfast,,333 935 3193,Via Monte Peralba,Colfosco,,,,,,,,,,,
Agriturismo Da Zeffi,Agriturismo,http://www.agriturismodazeffi.it/,350 526 1676,"Via Fonfa, 32",Spresiano,,info@agriturismodazeffi.it,https,WordPress,No,Aruba S.p.A.,,,,Sì,No
Country House Giusti Abazia - Bed & Breakfast,Casa di campagna,http://www.giustiwine.com/,348 867 6589,"Via Arditi, 1",Nervesa della Battaglia,,,https,WordPress,Sì,Aruba S.p.A.,,,,Sì,No
Agriturismo Prime Gemme,Agriturismo,,0422 885678,"Via VIII Armata, 1/3",Nervesa della Battaglia,,,,,,,,,,,
BED & BREAKFAST DA GIACY,Bed & Breakfast,https://www.beb-dagiacy.com/,347 071 9307,"Via Cal di Giavera, 1",Povegliano,,,https,WordPress,No,Tiscali Italia SpA,,,,Sì,No
La Libellula,Bed & Breakfast,https://la-libellula.dormireinitalia.top/,340 645 6117,"Via Casal Vecchio, n.17",Villorba,,,https,React,No,Contabo GmbH,,,,Sì,No
Locazione Turistica Borgo Barucchella,Bed & Breakfast,,335 599 6026,"Via Barrucchella, 20",Santandrà,,,,,,,,,,,
Il Giardino di Cristina,Bed & Breakfast,,349 570 6009,"Via Col Puliero, 12/A",Susegana,,,,,,,,,,,
Agriturismo La Valle,Alloggi al coperto,http://www.agrilavalle.com/,0422 775087,"Via Umberto Sacco, 12",Nervesa della Battaglia,,,http,ASP.NET,No,Aruba S.p.A,,,,Sì,No
B&B Al Gelso,Bed & Breakfast,,0422 779372,"Via Alessandro Platone, 9/A",Dus,,,,,,,,,,,
GIOVI Locanda Cà di Ponte,Ristorante,https://www.ristorantecadiponte.it/,0438 936361,"Via IV Novembre, 4",Ponte Della Priula,,info@ristorantecadiponte.it,https,WordPress,Sì,Seeweb srl,,,,Sì,No
Agriturismo Casa Rossa,Agriturismo,http://www.casarossatv.it/,346 035 9198,"Via Larghette, 16",Postioma,,info@casarossatv.it,https,Shopify,No,Hetzner Online GmbH,,,,Sì,No
Hotel Spresiano,Hotel,http://www.hotelspresiano.it/,0422 887060,"Via Giambattista Tiepolo, 10",Spresiano,,,https,WordPress,Sì,"Cloudflare, Inc.",,,,Sì,No
Agrifoglio Bed & Breakfast,Bed & Breakfast,http://www.agrifoglio.tv.it/,328 916 3763,"Via Rimembranza, 36",Nervesa della Battaglia,,info@agrifoglio.tv.it,https,Joomla,Sì,Aruba S.p.A.,,,,Sì,No
Casa Nostra - Caffè - Food - Drink,Bar,http://casanostra.tv.it/,0423 180 1969,"Via Schiavonesca Nuova, 268 Fraz",Selva del Montello,,,https,Angular,No,Keliweb S.R.L,,,,Sì,No
Le Molette in Sabina,Agriturismo,http://www.lemoletteinsabina.com/,349 438 2296,Via della Moletta,Torri in Sabina,,lemoletteinsabina@gmail.com,https,WordPress,No,Google LLC,,,,Sì,No
Agriturismo Casa Ramello,Pensione,http://www.agriturismoramello.it/,347 970 6199,"Via Bighette, 945012",Ariano nel Polesine,,,http,Joomla,No,Aruba S.p.A.,,,,Sì,No
B&B CASA PIVA Gastronomia Panificio Pasticceria,Bed & Breakfast,,346 389 3568,"Via F. Pivanti, 26",Serravalle,,,,,,,,,,,
Una Stanza Nel Parco,Bed & Breakfast,http://www.unastanzanelparco.it/,328 758 3144,"Via Marconi, 4",Ariano,,info@unastanzanelparco.it,https,React,Sì,OVH SAS,,,,Sì,No
B&B Da Toni,Hotel,http://bebdatoni.it/,349 501 9301,"Via Dottor Maddalena, 68",Taglio di Po,,tagliodipocasa@yahoo.it,https,Joomla,No,Aruba S.p.A.,,,,Sì,No
Albergo L'Oasi Cannevié,Hotel,http://www.oasicannevie.com/,0533 758054,"Via per Volano, 45",Codigoro,,info@oasicannevie.com,https,React,Sì,Seeweb s.r.l.,,,,Sì,No
B&B Bosco in Fiore,Bed & Breakfast,,338 996 4608,"Via sacche 17,ribaldesa",Bosco Mesola,,,,,,,,,,,
B&B La Mandragola,Bed & Breakfast,,338 953 3178,"Via II Febbraio, 94/A",Berra,,,,,,,,,,,
Alloggio alla Collina,Bed & Breakfast,,333 150 1373,"Via Umberto I, n 50",Arcugnano,,,,,,,,,,,
Locanda Degli Ulivi (Hotel e Ristorante sui Colli Berici) - Arcugnano (VI),Hotel,https://www.locandadegliulivi.com/,0444 550717,"Via S. Giustina, 6",Arcugnano,,info@locandadegliulivi.com,https,Joomla,Sì,Aruba S.p.A.,,,,Sì,No
VILLA JASMINE,Bed & Breakfast,,346 606 0622,"Via Spianzana, 10",Arcugnano,,,,,,,,,,,
Agriturismo Bertilla,Agriturismo,http://www.agriturismobertilla.it/,335 452 851,"Via Veneto Ariano, 1",Ariano nel Polesine,,booking@agriturismobertilla.it,https,Shopify,Sì,Aruba S.p.A.,,,,Sì,No
Agriturismo Monte Scala,Agriturismo,https://www.montescala.com/,347 001 8333,"Via S. Basilio, 134",Taglio di Po,,info@montescala.com,https,React,Sì,Aruba S.p.A.,,,,Sì,No
Bed breakfast & Home Restaurant Relais Delta,Bed & Breakfast,http://www.relaisdelta.it/,350 182 6289,"Via Veneto, 11",Taglio di Po,,info@relaisdelta.it,https,WordPress,No,Aruba S.p.A.,,,,Sì,No
Villa Michelangelo Vicenza - Starhotels Collezione,Hotel,https://collezione.starhotels.com/en/our-hotels/hotel-villa-michelangelo-vicenza/,0444 550300,"Via Sacco, 35",Arcugnano,,inghilterra.rm@starhotels.it,https,Angular,No,Aruba S.p.A.,,,,Sì,No
B&B La Quiete,Bed & Breakfast,http://www.beb-laquiete.it/,333 385 7540,"Via S. Felice, 7\a",Arcugnano,,info@beb-laquiete.it,http,WordPress,No,Aruba S.p.A.,,,,Sì,No
"Arcugnano, Ca' del Vento Vacation Rental, B&B, Arcugnano, Vicenza",Alloggio completo di servizi,http://www.cadelventoitaly.com/,338 139 2316,"Via Costacolonna, 59",Tormeno,,,https,WordPress,Sì,Aruba S.p.A.,,,,Sì,No
Relais Villa Gozzi B&B,Bed & Breakfast,http://www.villagozzi.it/,320 164 7465,"Via Pilla, 6",Arcugnano,,,http,WordPress,No,Trivenet S.R.L.,,,,Sì,No
Bed and Breakfast Brojo Hill,Bed & Breakfast,http://www.brojohill.com/,348 474 4470,"Via Brojo, N° 18",Lumignano,,,https,WordPress,No,Aruba S.p.A. Network,,,,Sì,No
Fattoria le Vegre - Azienda vitivinicola - Agriturismo con camere - Degustazione Vini Colli Berici,Azienda vinicola,http://www.fattorialevegre.it/,338 534 9883,"Via Vegre, 36",Arcugnano,,info@fattorialevegre.it,https,Shopify,No,Servereasy Srl,,,,Sì,No
Camping e B&B Il Lago,Bed & Breakfast,http://www.agriturismoallago.it/,0444 273528,"Via Monticello, 47",Arcugnano,,info@agriturismoallago.it,https,ASP.NET,No,Aruba S.p.A,,,,Sì,No
B&B “La Corte dei Gelsi”,Bed & Breakfast,https://lacortedeigelsi.com/,347 226 4632,"via Postumia, 27",Brendola,,info@lacortedeigelsi.com,https,WordPress,Sì,IT.Gate S.p.A.,,,,Sì,No
Bed & Breakfast Grandi Fiumi,Bed & Breakfast,,349 284 3801,"Via Edmondo de Amicis, 3",Rovigo,,,,,,,,,,,
B&B Morosini,Bed & Breakfast,,391 430 6855,"Via Giuseppe Garibaldi, 353",Polesella,,,,,,,,,,,
La Bordeghina,Bed & Breakfast,https://www.bordeghina.it/,0425 187 1203,"Via Guglielmo Marconi, 1477",Pontecchio Polesine,,info@bordeghina.it,https,Shopify,Sì,Aruba S.p.A. Network,,,,Sì,No
Le Vescovane,Ristorante,https://www.levescovane.com/,0444 273570,"Via S. Rocco, 19",Longare,,,https,WordPress,No,OVH ISP,,,,Sì,No
B&B Mulino Al Pizzon Fratta Polesine - Ristorante su prenotazione,Bed & Breakfast,http://www.locandaalpizzon.com/,347 340 2463,"Via Pizzon, 915",Fratta Polesine,,info@locandaalpizzon.com,https,ASP.NET,No,Aruba S.p.A. Network,,,,Sì,No
Hotel I Laghetti Snc,Hotel,https://www.hotellaghetti.com/,0425 444339,"SS 16, 640",Polesella,,info@hotellaghetti.com,https,Joomla,No,TWT S.p.A.,,,,Sì,No
Bed and Breakfast  da Zio Gianni ,Bed & Breakfast,http://www.daziogianni.it/,348 223 6288,"Via Stazione, 581",Fratta Polesine,,mansofra@libero.it,http,WordPress,No,Aruba S.p.A. Network,,,,Sì,No
Ristorante Hotel europa,Hotel,https://hotelpalacerovigo.it/,0425 474797,"V.le Porta Po, 92",Rovigo,,,https,React,No,Servereasy Srl,,,,Sì,No
Bed and Breakfast La Corte Ferrara,Bed & Breakfast,,348 835 3224,"Via Gurzone, 41",Occhiobello,,,,,,,,,,,
Agriturismo I Quarti,Agriturismo,https://www.agriturismoiquarti.com/,348 225 8009,"Via John Fitzgerald Kennedy, 1290",Guarda Veneta,,info@agriturismoiquarti.com,https,WordPress,No,Netsons s.r.l.,,,,Sì,No
Torre del Po,Alloggio completo di servizi,https://www.torredelpo.it/,329 632 6768,"Via Novi, 140",Guarda Veneta,,info@torredelpo.it,https,Joomla,No,Aruba S.p.A,,,,Sì,No
Bed & Breakfast Alla Commenda,Bed & Breakfast,http://bballacommenda.it/,331 113 2554,"Via Generale Domenico Piva, 66",Rovigo,,allacommenda@libero.it,https,React,No,Aruba S.p.A.,,,,Sì,No
Ca’Milla B&B,Bed & Breakfast,http://www.camillabb.it/,349 804 3759,"Via Cortina, 42",Pieve di Cadore,,info@camillabb.it,http,ASP.NET,No,Aruba S.p.A. Network,,,,Sì,No
B&B Garnì Villa Campitello,Bed & Breakfast,https://www.villacampitello.com/,327 057 6976,"Strèda Roma, 2",Campitello di Fassa,,villacampitello@gmail.com,https,WordPress,Sì,"Automattic, Inc",,,,Sì,No
Albergo Garni' La Nava S.N.C.,Hotel,https://albergo-garni-la-nava.italiacongusto.top/,0437 523340,"Corso Italia, 43",Alleghe,,,https,WordPress,No,Ipxo LLC,,,,Sì,No
Hotel Adriana,Hotel,http://www.hoteladriana.com/,0437 523355,"Corso Venezia, 20",Alleghe,,info@hoteladriana.com,https,Webflow,Sì,Amazon Technologies Inc,,,,Sì,No
Naturae Lodge,Hotel,https://www.naturaelodge.com/,0437 523527,"Via Lungo Lago, 12",Alleghe,,info@nlodge.it,https,React,Sì,OVH SAS,,,,Sì,No
Hotel Centrale,Hotel,https://hotelcentralealleghe.com/,0437 523476,"Piazza Kennedy, 1",Alleghe,,,https,Shopify,No,"Cloudflare, Inc.",,,,Sì,No
Alla Casetta B&B,Bed & Breakfast,http://www.allacasetta.com/,329 819 1433,"Via Str. delle Negre, 10",Cesiomaggiore,,,https,ASP.NET,No,Aruba S.p.A. Network,,,,Sì,No
Albergo Valgranda,Hotel,http://www.albergovalgranda.com/,0437 523342,"Corso Italia, 15",Alleghe,,albergovalgranda@gmail.com,https,Angular,Sì,Contabo GmbH,,,,Sì,No
Hotel Alle Alpi,Hotel,http://www.allealpihotel.com/,0437 523310,"Piazza Kennedy, 26",Alleghe,,info@allealpihotel.com,https,WordPress,No,Aruba S.p.A. Network,,,,Sì,No
B & B Giolai Alleghe,Bed & Breakfast,https://www.bbgiolaialleghe.com/,0437 723603,"Via Alcide De Gasperi, 55",Alleghe,,,,WordPress,Non trovato,Aruba S.p.A.,,,,,No
San Dè Bed & Breakfast,Bed & Breakfast,,338 297 7691,"Via Merliano, 49",Nola,,,,,,,,,,,
Sporthotel Europa,Hotel,http://www.sporthoteleuropa.com/,0437 523362,"Via Europa, 10",Alleghe,,info@sporthoteleuropa.com,https,WordPress,Sì,OVH SAS,,,,Sì,No
Il Glicine,Bed & Breakfast,,348 130 9270,"Via Generale C. A. dalla Chiesa, 14",Campagnola,,,,,,,,,,,
Villa Casa Country,Bed & Breakfast,http://www.casa-country.it/,049 954 5051,Via Gorgo,Bovolenta,,info@casa-country.it,https,Shopify,No,Hetzner Online GmbH,,,,Sì,No
"Villa Ca' Sagredo Toderini, Conselve",Alloggio completo di servizi,http://www.ca-sagredo.it/,392 021 6252,"Via Matteotti, 185",Conselve,,info@ca-sagredo.it,https,WordPress,No,Aruba S.p.A. Network,,,,Sì,No
Point Hotel Conselve,Hotel,http://www.pointhotelconselve.it/,049 221 1623,"Viale dell'Industria, 2",Conselve,,info@pointhotelconselve.it,https,Joomla,No,Serverplan s.r.l.,,,,Sì,No
Agriturismo Barchessa,Bed & Breakfast,http://www.agriturismobarchessa.com/,0429 603461,"Via Cappuccini, 9",Este,,agriturismobarchessa@gmail.com,https,Wix,No,Google LLC,,,,Sì,No
Borgo Petrarca,Bed & Breakfast,https://www.borgopetrarca.it/,388 588 3878,"Via Roma, 2",Arquà Petrarca,,info@borgopetrarca.it,https,Shopify,Sì,Serverplan s.r.l.,,,,Sì,No
B&B Al Borgo,Bed & Breakfast,http://www.alborgodiarqua.it/,0429 718160,"Via Ventolone, 4",Arquà Petrarca,,perleviedelborgo@gmail.com,https,WordPress,No,Aruba S.p.A.,,,,Sì,No
Holiday house Petrarca,Alloggio completo di servizi,http://www.hhpetrarca.com/,333 779 9805,"Via Fontanelle, 19",Arquà Petrarca,,contatti@hhpetrarca.com,https,WordPress,No,SEEWEB s.r.l.,,,,Sì,No
Agriturismo Franciscus di Bressanin Fiammetta,Agriturismo,https://agriturismo-franciscus-di-bressanin-fiammetta.vederelitalia.top/,0429 718245,"Via Valleselle, 16",Arquà Petrarca,,,https,WordPress,No,Contabo GmbH,,,,Sì,No
Locanda Viridarium,Pensionato,,0429 777255,"Via Fontanelle, 5",Arquà Petrarca,,,,,,,,,,,
B&B e Centro Naturalistico Ambientale La finestra sui colli,Bed & Breakfast,,340 079 8747,"Via Benavides, 16",Valle San Giorgio,,,,,,,,,,,
bed & breakfast 335,Alloggi al coperto,,333 779 1789,"Via I Maggio, 18",Arsiè,,,,,,,,,,,
bb-allago,Bed & Breakfast,,0439 58537,"Via Campagna, 18",Arsiè,,,,,,,,,,,
Stella Al Pina,Bed & Breakfast,,347 815 3362,"Via Don Angelo Gonzo, 7",Tezze,,,,,,,,,,,
Ristorante Tavern di Arquà,Ristorante,http://www.tavern.it/,335 715 4503,"Via Scalette, 1",Arquà Petrarca,,pesce@tavern.it,https,Angular,No,Aruba S.p.A,,,,Sì,No
i grilli,Bed & Breakfast,http://www.igrillibnb.com/,0429 539003,"Via Tormene, 13",Valle San Giorgio,,info@igrillibnb.com,http,WordPress,No,Aruba S.p.A. Network,,,,Sì,No
Bed & Breakfast Affittacamere Villa Norma,Bed & Breakfast,,347 288 3108,"Via Dante Alighieri, 6",Feltre,,,,,,,,,,,
Casa Rizzon,Bed & Breakfast,,344 180 5634,"Via Vittorio Veneto, 4",Cismon del Grappa,,,,,,,,,,,
I profumi del bosco,Bed & Breakfast,https://sites.google.com/view/iprofumidelbosco/dove-siamo,338 709 7656,"Via Fosse di Sopra, 1",Enego,,iprofumidelboscoenego@gmail.com,https,Angular,No,Google LLC,,,,Sì,No
Il Girasole Agriturismo,Agriturismo,https://agriturismoilgirasole.wordpress.com/,320 163 9771,"Via Canture, 50",Feltre,,ilgirasoleagriturismo@gmail.com,https,WordPress,No,"Automattic, Inc",,,,Sì,No
B&B Manarin,Bed & Breakfast,http://www.manarin.it/,328 142 5403,"Via Oltra, 92",Lamon,,info@manarin.it,https,Joomla,No,Aruba S.p.A.,,,,Sì,No
Taxus Hostel,Ostello,http://www.altopianotesino.it/,349 686 4093,"Via Brigata Abruzzi, 1",Pieve Tesino,,,https,Weebly,Sì,"Weebly, Inc.",,,,Sì,No
Antico Albergo Sant'Antonio,Hotel,http://www.anticoalbergosantantonio.com/,0439 5073,"Via Guglielmo Marconi, 5",Fonzaso,,info@anticoalbergosantantonio.com,https,Joomla,Sì,Aruba S.p.A.,,,,Sì,No
Albergo Ristorante Valsugana,Hotel,https://www.albergovalsugana.it/,0424 433860,"Via Stazione, 1",Valbrenta,,alb.valsugana@libero.it,https,WordPress,Sì,OVH SAS,,,,Sì,No
Puffele b&b,Bed & Breakfast,,347 008 3586,"Via Valdifabbro di Quà, 78",Enego,,,,,,,,,,,
Garni Esperia,Hotel,http://www.hotelgarniesperia.it/it/,0437 723679,"Via Lungo Lago, 6",Alleghe,,,,Nicepage,Non trovato,VSHosting s.r.o.,,,,,
Hotel Alpenrose,Hotel,http://www.hotelalpenrosedolomiti.it/,0437 723929,"Via Coldai, 85",Alleghe,,info@hotelalpenrosedolomiti.it,https,WordPress,No,Serverplan s.r.l.,,,,Sì,No
Albergo Ristorante Alle Codole,Ristorante,http://www.allecodole.eu/,0437 590396,"Via XX Agosto, 29",Canale d'Agordo,,info@allecodole.eu,https,WordPress,Sì,Aruba S.p.A,,,,Sì,No
Garnì Costa,Bed & Breakfast,http://www.garnicosta.com/,0437 501082,"Piazza Serafini, 6",Canale d'Agordo,,info@garnicosta.com,https,WordPress,No,OVH SAS,,,,Sì,No
Hotel Villa Pila,Hotel,https://villagehotel.it/,380 236 1572,"Via Dolomiti, 14",San Martino di Castrozza,,info@villagehotel.it,https,React,Sì,Contabo GmbH,,,,Sì,No
Casa Alpina Sant'Apollinare,Hotel,,0547 81976,"Località la Mora, 9",Canale d'Agordo,,,,,,,,,,,
Albergo Felice - Hotel Falcade,Hotel,http://www.albergofelice.it/it/,0437 501236,"Lungo Tegosa, 43",Caviola,,hotel@albergofelice.it,https,ASP.NET,No,Aruba S.p.A. Network,,,,Sì,No
Bed & breakfast La Dina,Bed & Breakfast,,333 971 5072,"Via XX Settembre, 105",Cencenighe Agordino,,,,,,,,,,,
b&b alla Lanterna,Bed & Breakfast,https://www.allalanterna.it/,349 841 8077,"Frazione Casteldardo, 50A Trichiana",Niccia,,,https,Weebly,No,"Amazon.com, Inc.",,,,Sì,No
La Polluce bed and breakfast,Bed & Breakfast,,335 599 4066,"Via, Località Confos, 79",Borgo Valbelluna,,,,,,,,,,,
Agriturismo Fattoria Ortoalpino,Agriturismo,http://www.ortoalpino.it/,0437 757064,"Località Confos, 69/a",Borgo Valbelluna,,contatto@ortoalpino.it,https,WordPress,Sì,Lenfiber S.r.l.,,,,Sì,No
Garni' Astor Di De Lazzer Giliola & C. Sas,Bed & Breakfast,http://www.garniastor.it/,337 848 658,"Via Colesel - Arabba, 51",Arabba,,garniastor@libero.it,https,React,No,OVH SAS,,,,Sì,No
Relais Poggio Pagnan Agriturismo 5 Girasoli,Bed & Breakfast,https://www.poggiopagnan.it/gli-alloggi/relais/,389 443 9585,"Via Zottier, 35",Zottier,,info@poggiopagnan.it,https,Angular,Sì,Microsoft Corporation,,,,Sì,No
B&B Al Portico,Alloggio completo di servizi,https://beb.it/bebalportico,333 722 4071,"Località Pialdier, 101",Borgo Valbelluna,,,https,Typo3,No,"Amazon.com, Inc.",,,,Sì,No
Albergo Cime D'Auta,Hotel,http://www.hotelcimedauta.it/,0437 590286,"Via della Pineta, 52",Piè Falcade,,info@hotelcimedauta.it,http,WordPress,Sì,Aruba S.p.A. Network,,,,Sì,No
Bed and Breakfast la Colombera,Bed & Breakfast,http://www.bblacolomberatrichiana.it/,366 405 7587,"Via Frontin, 116/A",Borgo Valbelluna,,lacolombera.frontin@libero.it,https,React,No,Hetzner Online GmbH,,,,Sì,No
B&B CasaVerde Belluno,Bed & Breakfast,https://casaverdebelluno.wixsite.com/info,351 897 0889,"Via Rive di Villa, 37",Borgo Valbelluna,,casaverdebelluno@gmail.com,https,React,No,Google LLC,,,,Sì,No
B&B Casa di Campagna,Bed & Breakfast,http://www.casadicampagnacombai.it/,0438 989450,"Via Casale Contravasser, 7",Combai,,,http,ASP.NET,No,Aruba S.p.A. Network,,,,Sì,No
Borgo Case Marian,Bed & Breakfast,https://www.artigianatovivo.it/attivita/case-marian/89/11,0438 975774,"Via Pietro Mascagni, 6",Cison di Valmarino,,info@artigianatovivo.it,https,WordPress,Sì,Hostinger International Limited,,,,Sì,No
Palazzo Rosa B&B,Bed & Breakfast,,349 901 1302,"Via Indipendenza, 1",Torrice,,,,,,,,,,,
Agriturismo Casteldardo,Agriturismo,https://agriturismo-casteldardo.italiapaesaggiviaggi.top/,335 568 4791,"Via Casteldardo, 10",Trichiana,,,https,React,No,Ipxo LLC,,,,Sì,No
Ristorante Albergo Al Capitello,Ristorante italiano,http://www.alcapitello.it/,0429 88026,"Via Capitello, 12",Megliadino San Vitale,,info@alcapitello.it,http,React,No,Aruba S.p.A.,,,,Sì,No
Locanda Ca' Vejo srl,Ristorante,https://www.locandacavejo.it/it/,0429 88751,"V. Nello Gioachin, 34-36",Megliadino San Vitale,,info@locandacavejo.it,https,Shopify,Sì,Seeweb s.r.l.,,,,Sì,No
BB Maddalena,Bed & Breakfast,,329 945 1975,"Via Maddalena, 13",Noventa Vicentina,,,,,,,,,,,
Villa Altura Srl,Hotel,http://www.villaaltura.it/,0429 670398,"Via Altura, 4",Ospedaletto Euganeo,,info@villaaltura.it,https,WordPress,Sì,Hetzner Online GmbH,,,,Sì,No
Ca' Vascon Alloggio Agrituristico,Bed & Breakfast,http://www.cavascon.it/,347 496 3572,"Via Marzare, 49",Villa Estense,,,https,WordPress,No,Aruba S.p.A.,,,,Sì,No
B&B Col di neve,Bed & Breakfast,https://www.coldineve.it/,0437 540342,"Via Tiago, 90",Mel,,,,WordPress,Non trovato,Aruba S.p.A,,,,,No
B&B Borgo Arcadia,Bed & Breakfast,http://www.bed-and-breakfast.it/it/veneto/bb-borgo-arcadia-pojana-maggiore/36757?refresh,349 474 3046,"Via Sabbioni, 21A",Pojana Maggiore,,,https,Weebly,Sì,"Amazon.com, Inc.",,,,Sì,No
B&B Ca` del Sole,Bed & Breakfast,,349 465 1960,"Via Mure Sud, 8",Montagnana,,,,,,,,,,,
Hotel Aldo Moro,Hotel,https://www.hotelaldomoro.com/hotel-a-montagnana,0429 81351,"Via Guglielmo Marconi, 27",Montagnana,,,https,React,No,"Cloudflare, Inc.",,,,Sì,No
Rifugio Pranolz,Ristorante,http://www.rifugiopranolz.com/,0437 757010,"Località Pranolz, 77",Borgo Valbelluna,,,http,WordPress,No,Lenfiber S.r.l.,,,,Sì,No
Caffè Martini - Affittacamere Ristorante Bar di Martini Federica,Ristorante,,346 576 6908,"Via A. Fogazzaro, 19",Velo d'Astico,,,,,,,,,,,
Hotel alla Busa,Hotel,https://www.allabusa.it/hotel/,0444 887287,"Via Giacomo Matteotti, 70",Noventa Vicentina,,,,ASP.NET,Non trovato,"Cloudflare, Inc.",,,,Stato Non Determinato,No
Hotel Centrale d'Este,Hotel,http://www.hotelcentraledeste.com/,0429 652596,"Piazza Beata Beatrice, 15",Este,,info@hotelcentraledeste.com,https,Joomla,Sì,Aruba S.p.A.,,,,Sì,No
Albergo Ristorante Da Marco al Cerbaro,Lodge,http://www.damarco.net/,338 586 9938,"Contrà Cerbaro, 1",Schio,,info@damarco.net,https,Shopify,No,"Cloudflare, Inc.",,,,Sì,No
Albergo Martini,Hotel,https://albergo-martini.italiatips.top/,0445 740121,"Via A. Fogazzaro, 19",Velo D'astico,,,https,React,No,Contabo GmbH,,,,Sì,No
B&B Cappuccini,Bed & Breakfast,http://bb-cappuccini.com.es/,349 057 9820,"Via Cappuccini, 23",Schio,,,http,WordPress,No,arsys.es,,,,Sì,No
B&B Flauto Magico,Bed & Breakfast,,347 120 2802,"Via Garibaldi, 21",Caltrano,,,,,,,,,,,
La Vigneta,Hotel,https://lavigneta.inn.fan/,0445 714263,"Via dei Longhi, 17",Arsiero,,,https,React,No,"Cloudflare, Inc.",,,,Sì,No
Il Capriolo Felice - Agriturismo,Agriturismo,http://www.ilcapriolofelice.it/,339 751 6230,"Via Montepiano, 41",Lastebasse,,,http,WordPress,No,Register.IT S.p.A,,,,Sì,No
Albergo Ristorante Alpi,Hotel,https://albergo-ristorante-alpi.italiapaesaggiviaggi.top/,0445 740274,"Via Caodilà, 1",Arsiero,,,https,React,No,Ipxo LLC,,,,Sì,No
Albergo Speranza,Hotel,http://www.albergosperanzaasiago.it/,0424 462352,"Via Patrioti, 21",Asiago,,info@albergosperanzaasiago.it,https,WordPress,No,Virtual Solution,,,,Sì,No
Agriturismo Cabrele,Agriturismo,https://agriturismocabrele.wordpress.com/,0445 540175,"Via delle Crosarolle, 6",Santorso,,agriturismocabrele@gmail.com,https,WordPress,No,"Automattic, Inc",,,,Sì,No
Alloggio Turistico Bufera,Bed & Breakfast,https://www.asiago.it/it/bb/bb_di_canove/alloggio-bufera/home/,347 596 0113,"Via XXV Aprile, 20",Canove di Roana,,,https,ASP.NET,No,"Cloudflare, Inc.",,,,Sì,No
CASA CARMELO,Bed & Breakfast,https://www.casacarmelo.it/,347 462 0345,"Via Fratelli Pasini, 67",Schio,,casacarmelo.schio@gmail.com,https,Shopify,No,"Cloudflare, Inc.",,,,Sì,No
Agriturismo da Mea,Agriturismo,http://www.agriturismodamea.it/,340 123 2395,"Via del Campo Romano, 15",Santorso,,,https,ASP.NET,Sì,Serverplan S.r.l.,,,,Sì,No
Ristorante - Locanda Da Gek,Ristorante,http://locanda-da-gek-ristorante.com.es/,0445 714177,"Via Monte Maggio, 6",Castana,,,http,WordPress,No,arsys.es,,,,Sì,No
Villa Berrettini Bed & Breakfast,Bed & Breakfast,https://www.villaberrettini.it/,347 606 5766,"Via Vittorio Veneto, 57",Marano Vicentino,,info@villaberrettini.it,https,WordPress,Sì,Hetzner Online GmbH,,,,Sì,No
Albergo Fattoria Sant'Anna,Hotel,,347 644 9315,"Via Giotto, 37/1",Correzzola,,,,,,,,,,,
room in Guest Room - Double Room Between Padua and Chioggia,Pensione,,+39 4536950111,"Via Roma, 54",Brugine,,,,,,,,,,,
B&BdaAndrea,Bed & Breakfast,,347 969 5042,"Via G.Mameli, 1",Cavarzere,,,,,,,,,,,
Point Hotel,Hotel,http://www.pointhotel.it/,049 970 5279,"Via Adige, 2",Piove di Sacco,,info@pointhotel.it,https,React,No,Genesys Informatica S.r.l,,,,Sì,No
B&B Casa Carlotta,Bed & Breakfast,https://bb-casa-carlotta.alberghiinitalia.top/,333 342 5602,"Via Enrico Mattei, 37",Sant'Angelo di Piove di Sacco,,,https,WordPress,No,Contabo GmbH,,,,Sì,No
Hotel Da Regina,Hotel,http://www.daregina.com/,049 584 8045,"Via Alto Adige, 73",Campolongo Maggiore,,regina.hotel@tiscali.it,https,WordPress,Sì,Server Plan S.r.l.,,,,Sì,No
Alloggio Dajana,Bed & Breakfast,,335 127 2154,"Via Boldrini, 36",Thiene,,,,,,,,,,,
Hotel Ristorante La Rua,Hotel,http://www.hotellarua.it/,0445 893088,"Via Ca' Vecchia, 1",Carrè,,info@hotellarua.it,https,WordPress,No,Hetzner Online GmbH,,,,Sì,No
Calvenere,Ristorante,http://www.calvenere.com/,333 548 6448,"Via Pozza, 5",Calvene,,info@calvenere.com,https,WordPress,No,Netsons Network,,,,Sì,No
Casa di Campagna Castello,Bed & Breakfast,http://www.casadicampagnacastello.it/,349 217 6406,"Via Belmonte, 13",Sarcedo,,info@casadicampagnacastello.it,https,React,No,OVH SAS,,,,Sì,No
La Casa di Alice,Bed & Breakfast,http://www.alicehouse.it/,335 530 8869,"Via Giovanni Pascoli, 6",Cogollo del Cengio,,info@alicehouse.it,http,WordPress,Sì,Server Plan S.r.l.,,,,Sì,No
Residence Melampo,Bed & Breakfast,,0445 650838,"Via Gorizia, 72",Piovene Rocchette,,,,,,,,,,,
Guesthouse Villa Fabris,Bed & Breakfast,https://villafabris.com/,327 492 6523,"Via Trieste, 37",Thiene,,info@villafabris.com,https,WordPress,No,Combell NV,,,,Sì,No
Fattoria Sociale La Costa,Agriturismo,http://lacosta.wine/,0445 167 0108,"Via S. Giuseppe, 25",Sarcedo,,info@lacosta.wine,https,Shopify,No,Aruba S.p.A.,,,,Sì,No
Borghetto San Biagio,Agriturismo,http://www.borghettosanbiagio.com/,335 806 8060,"Via S. Biagio, 7",Grumolo Pedemonte,,info@borghettosanbiagio.it,https,Joomla,Sì,Aruba S.p.A. Network,,,,Sì,No
La CASA DEGLI ARTISTI,Hotel a capsule,,349 839 1827,"Via Canino, N° 75",Tuscania,,,,,,,,,,,
Hotel Kristal,Hotel,https://hotelkristalzane.com/,0445 314548,"Via Pra' Bordoni, 36",Zanè,,info@hotelkristalzane.com,https,WordPress,No,Aruba S.p.A.,,,,Sì,No
B&B Tuscania,Bed & Breakfast,,0761 444635,"Via Sette Cannelle, 7",Tuscania,,,,,,,,,,,
Il Bagolaro,Bed & Breakfast,,379 165 5484,"Via della Scrofa, 12",Tuscania,,,,,,,,,,,
B&B Terziere Di Valle,Bed & Breakfast,,0761 443492,"Via della Scrofa, 18",Tuscania,,,,,,,,,,,
Hotel Al Ghalinar,Residence,http://www.ghalinar.it/,0444 670383,"Via Egano, 1A",Arzignano,,info@agw.it,http,ASP.NET,No,Aruba S.p.A. Network,,,,Sì,No
Corte Di Emma,Hotel,https://www.cortediemma.it/,334 921 8112,"Via Vignaga, 37",Arzignano,,info@cortediemma.it,https,WordPress,No,Aruba S.p.A.,,,,Sì,No
Fresia B&B,Bed & Breakfast,https://www.fresiabeb.com/,339 813 6769,"Via Tirrenia, 23",Tuscania,,,https,Wix,Sì,Google LLC,,,,Sì,No
Residenze del Bosco,Agriturismo,https://www.storiediterraedidolcezza.it/residenze-del-bosco/,328 483 7243,"Via Della Annessione, 33-35",Tuscania,,info@storiediterraedidolcezza.it,http,WordPress,No,Serverplan S.r.l.,,,,Sì,No
La Pieve Hotel,Hotel,http://www.lapievehotel.it/,0444 421201,"Via Pieve, 69",Chiampo,,info@lapievehotel.it,https,React,Sì,Google LLC,,,,Sì,No
Agriturismo Da Celestina,Agriturismo,https://www.agricelestina.it/,375 690 7048,"Via Zini, 40",Arzignano,,,https,Wix,Sì,Google LLC,,,,Sì,No
Casa Toma - Luxury Garden House,Bed & Breakfast,http://www.casa-toma.it/,349 430 5154,"Via Villa, 43",Montorso Vicentino,,,https,WordPress,No,Aruba S.p.A. Network,,,,Sì,No
B&B Ai Cracchi,Bed & Breakfast,http://www.aicracchi.it/,348 352 4219,"Contrada Cracchi, 15",Cornedo Vicentino,,info@aicracchi.it,https,React,No,Aruba S.p.A,,,,Sì,No
Bed & Breakfast La Fonte - Castelgomberto,Bed & Breakfast,,0445 175 3351,"Via Regina Pacis, 35",Castelgomberto,,,,,,,,,,,
Albergo Giulietta E Romeo,Hotel,https://www.albergogiuliettaeromeo.com/,333 808 4328,"Via Fratta, 7",Montorso Vicentino,,info@albergogiuliettaeromeo.it,https,WordPress,No,Aruba S.p.A.,,,,Sì,No
Chalet Clara,Hotel,http://www.chalet-clara.com/,370 109 0909,"Viale degli Alpini, 8",Nogarole Vicentino,,giuliana.faggiana@alice.it,https,WordPress,No,Aruba S.p.A.,,,,Sì,No
Casa Alpha,Bed & Breakfast,,328 003 2894,"Viale Camillo Cavour, 95",Vittorio Veneto,,,,,,,,,,,
Casale Le Burle,Alloggi al coperto,http://www.casaleleburle.it/,339 843 7098,"Via Roma, 42/a",Cappella Maggiore,,,http,ASP.NET,No,Aruba S.p.A. Network,,,,Sì,No
B&b San Martino,Bed & Breakfast,,351 309 0395,"Via rossini, 1",Colle Umberto,,,,,,,,,,,
B&B La Casa in Collina,Bed & Breakfast,http://www.lacasaincollina.it/,0438 959471,"Borgo Canalet, 28",Sarmede,,vespeda@libero.it,http,ASP.NET,No,Aruba S.p.A. Network,,,,Sì,No
Il Piccolo Principe Bed & Breakfast,Bed & Breakfast,http://www.ilpiccoloprincipebb.it/,392 935 4362,"Via Caprera, 161",Vittorio Veneto,,info@ilpiccoloprincipebb.it,https,React,No,SEEWEB s.r.l.,,,,Sì,No
Bed and Breakfast - B&B - Da Chiara - bbdachiara,Bed & Breakfast,,335 438 110,"Via Lupia, 1",Gambellara,,,,,,,,,,,
Locanda Girobanco,Locanda,https://www.locandagirobanco.com/,0444 157 0708,"Via Bivio S. Vitale, 16/18",Montecchio Maggiore,,girobancoblu@gmail.com,,WordPress,Sì,Axera SpA,,,,Sì,No
Albergo Ristorante Fratte,Hotel,https://www.albergofratte.it/,0438 915005,"Via Fratte, 37",Fregona,,info@albergofratte.it,https,Joomla,Sì,Aruba S.p.A.,,,,Sì,No
Da Caterina,Bed & Breakfast,https://da-caterina.albergo.top/,329 217 3943,"Via A. Parravicini, 14",Vittorio Veneto,,,https,WordPress,No,Contabo GmbH,,,,Sì,No
Mostofiore,Bed & Breakfast,https://www.mostofioreconegliano.it/,351 940 7038,"Via Cavalla e Bruscole, 39",Conegliano,,info@mostofioreconegliano.it,https,WordPress,Sì,Aruba S.p.A.,,,,Sì,No
Agriturismo Moro Barel,Agriturismo,http://www.morobarel.it/,0438 560386,"Via del Colle, 2",Vittorio Veneto,,agriturismo@morobarel.it,https,WordPress,Sì,OVH SAS,,,,Sì,No
Bed and Breakfast Ospitando,Bed & Breakfast,https://www.bbospitando.it/,0438 183620,"Via Lorenzo da Ponte, 91",Vittorio Veneto,,info@bbospitando.it,https,React,No,Aruba S.p.A.,,,,Sì,No
B&B al Doremi,Bed & Breakfast,http://www.bbaldoremi.it/,338 353 2225,"Via Brigata Cadore, 53",Castegnero,,,https,Basekit,No,Aruba S.p.A.,,,,Sì,No
Agriturismo Il Bosco,Agriturismo,http://www.agriturismoilbosco.com/,347 311 6774,"Via Maren, 7",Vittorio Veneto,,,https,React,Sì,Google LLC,,,,Sì,No
Alloggi Agrituristici Le Vignole,Bed & Breakfast,http://www.alloggilevignole.it/,333 434 8966,"Str. dei Lavina, 7",Cordignano,,info@alloggilevignole.it,https,Joomla,Sì,Keliweb S.R.L,,,,Sì,No
Agriturismo Biologico La Buona Terra,Agriturismo,http://www.buonaterrabio.it/,328 077 0977,"Via Repoise, 73",Cervarese Santa Croce,,info@buonaterrabio.it,https,Joomla,Sì,Aruba S.p.A. Network,,,,Sì,No
Agriturismo Sartori Terenzio,Agriturismo,http://www.agriturismosartori.com/,0444 357163,"Via Piave, 1",Quinto Vicentino,,agrsartori@libero.it,https,Shopify,No,Server Plan S.r.l.,,,,Sì,No
Chez Les Grottes,Bed & Breakfast,https://www.chezlesgrottes.com/,342 782 4274,"Via delle Grotte, 15",Longare,,info@chezlesgrottes.com,https,WordPress,No,Aruba S.p.A.,,,,Sì,No
B&B Brenta,Bed & Breakfast,http://www.beb-brenta.it/,0424 592586,"Via del Carmine, 26",Cartigliano,,info@beb-brenta.it,https,ASP.NET,No,SEEWEB s.r.l.,,,,Sì,No
"BANATIUM, Bar, Cucina, B&B",Ristorante,,0424 287152,"Viale Brenta, 2",Tezze sul Brenta,,,,,,,,,,,
Il Poggio del Sole,Bed & Breakfast,,346 306 5282,"Contrà Rovole, 80",Bassano del Grappa,,,,,,,,,,,
Bacaria,Bed & Breakfast,http://bacariabedandbreakfast.it/,392 547 1730,"Strada Travettore, 48",Bassano del Grappa,,info@bacariabedandbreakfast.it,https,WordPress,No,Aruba S.p.A. Network,,,,Sì,No
Bed and Breakfast da Eleonora,Bed & Breakfast,http://www.bbdaeleonora.com/,334 164 0175,"Via L. Galvani, 2",Tezze sul Brenta,,info@bbdaeleonora.com,https,Mobirise,No,Server Plan S.r.l.,,,,Sì,No
Agriturismo al Filo',Agriturismo,http://www.agriturismoalfilo.it/,342 645 3519,"Via S. Agata, 1",Marostica,,info@agriturismoalfilo.it,https,Angular,No,"Amazon.com, Inc.",,,,Sì,No
B&B Sinfonia,Bed & Breakfast,https://www.bbsinfonia.it/,340 222 7452,"Via A. Magnasco, 19",Bassano del Grappa,,,https,Magento,No,"Amazon.com, Inc.",,,,Sì,No
Agriturismo Vecio Portico,Bed & Breakfast,http://www.vecioportico.it/,340 652 4847,"Via Ponticello, 83",Colceresa,,info@vecioportico.it,https,WordPress,No,Aruba S.p.A.,,,,Sì,No
B&B CittaBella,Bed & Breakfast,http://www.bbcittabella.it/,327 262 7445,"Piazza Gino Scalco, 12",Cittadella,,prenotazioni@bbcittabella.it,https,WordPress,Sì,Hetzner Online GmbH,,,,Sì,No
Agriturismo Il Magicorto,Agriturismo,http://www.ilmagicorto.com/,351 854 6485,"Via Don Luigi Bressan, 46",San Zeno,,ilmagicorto@gmail.com,https,ASP.NET,Sì,Server Plan S.r.l.,,,,Sì,No
Le Nove hotel,Hotel,http://www.lenovehotel.it/,0424 590947,"Via Rizzi, 51",Nove,,info@lenovehotel.it,https,Squarespace,No,"Squarespace, Inc.",,,,Sì,No
Cristina House,Bed & Breakfast,http://cristina-house.nord-italia.it/,349 056 2010,"Via Orazio Marinali, 37",Bassano del Grappa,,,http,React,No,OVH SAS,,,,Sì,No
B&B da Viky,Bed & Breakfast,http://sites.google.com/view/bebdaviky/home,351 409 4534,"Via A. Mantegna, 12",Marostica,,bebdaviky@gmail.com,https,React,No,Google LLC,,,,Sì,No
Rosa del Grappa,Bed & Breakfast,http://www.rosadelgrappa.it/,348 261 5870,"Via dei Fanti, 3",Rosà,,basso.silvia@tiscali.it,https,Basekit,No,Aruba S.p.A.,,,,Sì,No
Borgo Castello,Bed & Breakfast,https://www.borgocastello.com/,347 448 3241,"Via Cesare Battisti, 15",Marostica,,silvia@borgocastello.com,https,WordPress,Sì,Netsons s.r.l.,,,,Sì,No
PARK HOTEL ITALIA,Hotel,https://www.parkhotelitalia.it/,0424 539444,"Via Villa, 89",Tezze sul Brenta,,info@parkhotelitalia.it,https,WordPress,Sì,Aruba S.p.A,,,,Sì,No
Macri,Hotel,,342 122 5606,"Via Giacomo Matteotti, 88",Montagnana,,,,,,,,,,,
Hotel & Residence Villa Bartolomea,Hotel,http://www.hotelvillabartolomea.it/,0442 650060,"Via dell'Accoglienza, 4",Villa Bartolomea,,info@hotelvillabartolomea.it,https,React,Sì,Server Plan S.r.l.,,,,Sì,No
Paraiso Madera Bed and Breakfast,Bed & Breakfast,http://www.paraisomadera.it/,338 252 0644,Via Possessione,Carpi,,,https,WordPress,No,Server Plan S.r.l.,,,,Sì,No
Bed and Breakfast il vigneto del borgo,Bed & Breakfast,,347 125 3173,"Via Ponte di Riva, 84",Due Carrare,,,,,,,,,,,
Bed & Breakfast La Casa del Mulino,Hotel,http://www.lacasadelmulino.com/,338 786 8093,"Via Pontemanco, 98",Due Carrare,,,http,ASP.NET,No,Aruba S.p.A. Network,,,,Sì,No
"Bed & Breakfast - La Via dell'Ambra - Due Carrare, Padova",Bed & Breakfast,,350 539 9982,"Via Chiodare, 130",Due Carrare,,,,,,,,,,,
Agriturismo Le Cadabese,Agriturismo,https://agriturismo-le-cadabese.webnode.it/,348 280 0627,"Via Cadabese, 57",Asparetto,,,,Webnode,Non trovato,Amazon Technologies Inc.,,,,No - Pagina Non Trovata (404),No
Albergo al Gallo,Locanda,,328 177 1923,"Corso V. Emanuele II, 16",Sanguinetto,,,,,,,,,,,
Locanda Divinis,Locanda,http://www.locandadivinis.com/,0442 31688,"Via S. Vito, 87",Cerea,,,https,Shopify,Sì,ConnectLife S.r.l,,,,Sì,No
Ristorante Bar B&B 3409ft Aeroporto di Asiago,Bed & Breakfast,,0424 191 0063,"Via Rigoni di Sotto, 74/A",Asiago,,,,,,,,,,,
Albergo Romagnolo,Hotel,http://www.hotelromagnolo.it/,0442 80122,"Via Vittorio Veneto, 105",Cerea,,,http,Basekit,No,Aruba S.p.A.,,,,Sì,No
Villa Ormaneto Relais & Events,Hotel,http://www.villaormaneto.com/,0442 83795,"Via Isolella Bassa, 7",Cerea,,info@villaormaneto.com,https,React,Sì,Netsons s.r.l.,,,,Sì,No
Mulino Delle Valli - Hotel,Hotel,http://www.mulinodellevalli.it/,340 062 1382,"Via Boldiere, 4",Casaleone,,info@mulinodellevalli.it,https,Shopify,Sì,Server Plan S.r.l.,,,,Sì,No
Albergo Garnì Rendola,Hotel,http://albergorendola.it/,0424 464148,"Via Rendola, 41",Asiago,,info@albergorendola.it,https,Shopify,No,Logica S.R.L.,,,,Sì,No
Wellness & Relax Hotel Erica,Albergo benessere,http://www.relaxhotelasiago.it/,0424 462113,"Viale G. Garibaldi, 55",Asiago,,,https,Shopify,No,"Cloudflare, Inc.",,,,Sì,No
BeB Locanda alla Stella SAS,Locanda,https://www.locandaallastella.com/camere.html,0424 692023,"Piazza S. Giovanni, 10",Camporovere,,info@locandaallastella.com,https,Shopify,No,Aruba S.p.A.,,,,Sì,No
Hotel Alpi,Hotel,http://www.hotelalpiasiago.it/,0424 462662,"Corso IV Novembre, 6/8",Asiago,,fabio.serembe@gmail.com,https,WordPress,Sì,Aruba S.p.A.,,,,Sì,No
Locanda Aurora,Bed & Breakfast,http://www.locandaurora.it/,0424 462469,"Via Ebene, 71",Asiago,,aurora@telemar.net,https,WordPress,No,Aruba S.p.A.,,,,Sì,No
B&B Ronco Carbon,Bed & Breakfast,,347 993 1091,"Contrada Laben, 118",Gallio,,,,,,,,,,,
beb manfredini,Bed & Breakfast,,339 783 4738,Riviera Giovanni Miani,Badia Polesine,,,,,,,,,,,
Amy&Julie Bed&Breakfast,Bed & Breakfast,,348 744 0110,"Via Cà Giovanelli, 13",Crocetta,,,,,,,,,,,
La Baitina,Hotel,http://www.labaitina.com/,0424 462149,"Via Kaberlaba, 35",Asiago,,,https,Wix,No,Google LLC,,,,Sì,No
Albergo Ristorante Ciori,Hotel,https://www.hotelciori.com/,0424 455070,"Via Bertigo, 46",Asiago,,info@hotelciori.it,https,React,No,Serverplan s.r.l.,,,,Sì,No
B&B Asiago Keple,Bed & Breakfast,https://www.keple.it/it/b-b/,0424 462604,"Via Jacopo Scajaro, 6",Asiago,,shop@keple.it,https,WordPress,No,Server Plan S.r.l.,,,,Sì,No
Albergo Ristorante Valbella,Hotel,http://www.albergovalbella.com/,0424 445006,"Via Monte Valbella, 38",Gallio,,info@albergovalbella.com,https,WordPress,No,Seflow S.N.C. Di Marco Brame' & C.,,,,Sì,No
Albergo Rutzer,Hotel,http://www.rutzer.com/,0424 462591,"Via Berga, 130",Asiago,,info@rutzer.com,https,ASP.NET,No,Aruba S.p.A. Network,,,,Sì,No
Villa San Valentino - Locazione Turistica B&B Camere in Affitto,Villa,http://www.sanvalentinocountryhouse.com/,347 432 6933,"Via Martiri d. Libertà, 5",Castelbaldo,,info@sanvalentinocountryhouse.com,https,ASP.NET,Sì,Aruba S.p.A,,,,Sì,No
Agriturismo La Bicocca,Bed & Breakfast,https://www.agriturismolabicocca.net/,331 563 1453,"Via Giuseppe Garibaldi, 170",Felonica,,agriturismolabicocca@gmail.com,https,Squarespace,No,"Squarespace, Inc.",,,,Sì,No
B&B Sweet Home,Bed & Breakfast,,348 761 1545,"Via G. Ghirardini, 100",Badia Polesine,,,,,,,,,,,
Hotel Vescovi,Hotel,http://www.albergovescovi.com/,346 368 5024,"Via Don Viero, 80",Asiago,,,https,WordPress,No,SEEWEB s.r.l.,,,,Sì,No
555ranch/ Agriturismo Adriano Pedretti,Agriturismo,http://www.555ranch.it/,347 857 9360,"Via Boscovecchio, 555",Badia Polesine,,info@555ranch.it,https,Joomla,No,Keliweb S.R.L,,,,Sì,No
Relax a Badia Polesine,Bed & Breakfast,,327 335 4661,"V. Fratelli Rosselli, 72",Badia Polesine,,,,,,,,,,,
Park Hotel Le Magnolie,Hotel,,0425 51738,"Via dello Zuccherificio, 53",Badia Polesine,,,,,,,,,,,
B&B Scopella,Bed & Breakfast,,331 388 1940,"Via Marmolada, 17",Castel D'Azzano,,,,,,,,,,,
Agriturismo Le Clementine,Agriturismo,http://www.leclementine.it/,0425 597029,"Via Colombano, 1239/B",Badia Polesine,,agriturismo@leclementine.it,https,Angular,No,Aruba S.p.A.,,,,Sì,No
Hotel Villa Malaspina,Hotel,http://www.hotelvillamalaspina.com/,045 852 1900,"Via Cavour, 6",Castel d'Azzano,,info@hotelvillamalaspina.com,https,Angular,Sì,Google LLC,,,,Sì,No
Dimora La Risorgiva,Bed & Breakfast,,347 790 3685,"Via Bovo, 13D",Cadidavid,,,,,,,,,,,
Villa Boninsegna Hotel Verona,Hotel,http://www.villaboninsegna.com/,366 748 0615,"Via G. Verdi, 29",Castel D'Azzano,,,https,Shopify,Sì,Aruba S.p.A,,,,Sì,No
Affittacamere Borgo Roma,Alloggio completo di servizi,,392 901 1459,"Via Scuderlando, 355",Verona,,,,,,,,,,,
Casa Milena,Hotel,https://casa-milena.vacanzeinitalia.top/,348 381 2062,Via Prigioni,Castel D'Azzano,,,https,React,No,Contabo GmbH,,,,Sì,No
Bed & Breakfast I Tre Arcangeli,Bed & Breakfast,,349 376 8843,"Via Bengasi, 3",Verona,,,,,,,,,,,
B&B ai santi,Alloggi al coperto,http://www.aisanti.it/,333 648 3460,"Via S. Luca, 16",Dossobuono,,,https,React,No,SEEWEB s.r.l.,,,,Sì,No
B&B Le Fate dei Prati,Bed & Breakfast,http://www.lefatedeiprati.com/,340 716 5810,"Via Chioda, 182",Verona,,,https,React,No,Aruba S.p.A.,,,,Sì,No
The Little Lake Verona Villa B&B,Bed & Breakfast,,340 859 3324,"Via Tunisi, 14",Buttapietra,,,,,,,,,,,
West Point Airport Hotel,Hotel,http://www.hotelwestpoint.it/,045 860 1020,"Via Staffali, 2/A",Dossobuono,,info@hotelwestpoint.it,https,WordPress,Sì,Google LLC,,,,Sì,No
Quari Hotel Restaurant & Pizza,Pizzeria,http://www.albergoquari.it/,0442 85291,"Via Quari Destra, 3",Quari Destra,,,https,ASP.NET,No,Host SpA,,,,Sì,No
Meuble Bar Giustina,Bed & Breakfast,https://www.meublegiustina.it/,328 334 5082,"Largo Tarin, 5",Auronzo di Cadore,,info@meublegiustina.it,https,WordPress,Sì,SEEWEB s.r.l.,,,,Sì,No
Affittacamere All'amicizia,Bed & Breakfast,https://affittacamere-allamicizia.italiavacanzeindimenticabili.top/,329 806 5938,"Via VI Novembre, 27",Santo Stefano di Cadore,,,https,WordPress,No,Ipxo LLC,,,,Sì,No
Bed&Breakfast Bar La Coa,Bed & Breakfast,https://www.bblacoa.it/,376 033 9813,"Via Roma, 10",Auronzo di Cadore,,bblacoa@gmail.com,https,WordPress,No,Aruba S.p.A. Network,,,,Sì,No
Boton D'Oro,Ristorante,http://www.botondoro.it/,0435 400097,"1 Via Cima Gogna, Auronzo Di Cadore, BL 32041",Auronzo di Cadore,,,https,Wix,No,Google LLC,,,,Sì,No
Cadore Haus,Hotel,http://www.cadorehaus.it/,0435 400062,"Via Saletta, 30",Auronzo di Cadore,,,http,Shopify,Sì,Register.IT S.p.A,,,,Sì,No
B&B Verdi Armonie,Hotel,,377 231 6098,"Via Loreto, 36",Lozzo di Cadore,,,,,,,,,,,
Hotel Tre Pini,Hotel,https://www.hoteltrepini.it/,0435 650071,"Via Guglielmo Marconi, 36",Danta di Cadore,,,https,WordPress,No,Netsons s.r.l.,,,,Sì,No
Belvedere Alloggio Turistico,Bed & Breakfast,http://www.belvedereauronzo.altervista.org/,351 973 3345,"Via Riziò, 20",Auronzo di Cadore,,belvedereauronzo@gmail.com,http,WordPress,Sì,Hetzner Online GmbH,,,,Sì,No
B&B Il Bucaneve,Bed & Breakfast,https://ilbucanevebeb.com/,340 710 9465,"Via Costa, 17G",Costalissoio,,bucanevebeb@gmail.com,https,WordPress,No,Server Plan S.r.l.,,,,Sì,No
Meublè Blue House,Hotel,http://www.bluehouse-bnb.com/,0435 99193,"Via Reane, 60",Auronzo di Cadore,,info@bluehouse-bnb.com,https,WordPress,No,Aruba S.p.A.,,,,Sì,No
Affittacamere Al Rucksack,Bed & Breakfast,http://www.alrucksack.com/,0435 99673,"Via Prof. Carlo Pais, 16",Auronzo di Cadore,,alrucksack@gmail.com,https,WordPress,No,Combell NV,,,,Sì,No
Albergo Ristorante Cacciatori di Doriguzzi Z. Maurizio & C. Snc,Hotel,https://www.albergo-ristorante-cacciatori.com/,0435 97017,"Via Ligonto, 26",Auronzo di Cadore,,info@albergo-ristorante-cacciatori.com,https,React,Sì,Contabo GmbH,,,,Sì,No
Giallo,Locanda,https://www.giallodolomiti.com/,0435 366231,"Via XX Settembre, 59",Pieve di Cadore,,,https,Joomla,No,"Cloudflare London, LLC",,,,Sì,No
B&B Le Coccole,Bed & Breakfast,https://bblecoccole.it/,0435 469926,"Borgata Lerpa, 88",Sappada,,info@bblecoccole.it,https,WordPress,No,"DigitalOcean, LLC",,,,Sì,No
B&B Rossodisera,Bed & Breakfast,http://www.dolomitirossodisera.com/,334 171 3309,"Via Calvi Pier Fortunato, 15",Domegge di Cadore,,,,WordPress,No,Aruba S.p.A.,,,,Sì,No
Progress Country & Wine House,Bed & Breakfast,https://www.progresscountrywinehouse.com/,0423 078063,"Via Palladio, 27/C",Asolo,,info@progresscountrywinehouse.com,https,Joomla,No,OVH SAS,,,,Sì,No
B&B Casasolana,Bed & Breakfast,http://www.casasolana.it/,0423 55754,"Via Sottocastello, 18",Asolo,,,http,WordPress,Sì,Neue Medien Muennich,,,,Sì,No
Fara1911,Bed & Breakfast,http://www.fara1911.com/,335 592 8029,"Via Piovega, 22",Fonte Alto,,info@fara1911.com,https,WordPress,No,Genesys Informatica S.r.l,,,,Sì,No
Villa Vega,Bed & Breakfast,,0423 55026,"Via Foresto di Pagnano, 3",Asolo,,,,,,,,,,,
Casa Martini B&B,Bed & Breakfast,https://casa-martini.it/,351 324 1413,"Via Acque, 10",San Zenone degli Ezzelini,,info@casa-martini.it,https,ASP.NET,No,Netsons s.r.l.,,,,Sì,No
Bed And Breakfast Gemma,Bed & Breakfast,,345 826 9529,"V. Catena, 5",Grezzana,,,,,,,,,,,
Palazzo Fritz,Bed & Breakfast,https://palazzofritz.it/,347 937 8973,"Via Roma, 3",Badia Calavena,,info@palazzofritz.it,https,React,No,Servereasy Srl,,,,Sì,No
B&B In Contrà,Bed & Breakfast,,348 379 0918,"Via Bernardi, 36",Selva di Progno,,,,,,,,,,,
COUNTRY HOUSE MALGA ZEBARI,Agriturismo,http://malgazebari.it/,340 645 3359,"Contrada Zebari, 1",Velo Veronese,,,https,Shopify,No,"New Dream Network, LLC",,,,Sì,No
RESIDENCE VILLA VINCO,Residence,http://www.villavinco.it/,045 650 0083,"Via Roma, 27",Verona,,villavinco@villavinco.it,https,Angular,Sì,Aruba S.p.A.,,,,Sì,No
B&B Melba,Bed & Breakfast,,045 852 8444,"via trezzolano, 21",Verona,,,,,,,,,,,
Le Camere di Marietta,Bed & Breakfast,https://lecameredimarietta.it/,379 106 3515,"Piazza S. Rocco, 9",San Rocco,,info@lecameredimarietta.it,https,Shopify,No,Servereasy Srl,,,,Sì,No
Relais La Via dei Cimbri - Tzimbarnbek - B&B and Apartments,Bed & Breakfast,https://www.laviadeicimbribeb.it/,378 081 1312,"Contrada Pozze, 3",Velo Veronese,,,https,Shopify,No,Rackone Srl,,,,Sì,No
da Andrea e Raffaella,Bed & Breakfast,,348 401 0244,"Via Maso di Cerna, 7",Sant'Anna d'Alfaedo,,,,,,,,,,,
Yugo Inizio Padova - Student Accommodation,Servizio alloggi per studenti,,389 543 5420,"Via Giambattista Belzoni, 80-86",Padova,,,,,,,,,,,
La Lanterna Guest House,Hotel,http://www.lalanternabb.it/,328 010 5878,"Via Ferdinando Bettini, 17",Padova,,,https,Squarespace,No,"Amazon.com, Inc.",,,,Sì,No
Bed & Breakfast Degli Stefani Giovanni,Bed & Breakfast,,049 773172,"Via Sonnino Sidney, 3",Padova,,,,,,,,,,,
Albergo Arcella,Hotel,https://www.hotelsandiamo.com/hotel-arcella/,049 605581,"Via Jacopo d'Avanzo, 7",Padova,,,https,Shopify,No,"Cloudflare, Inc.",,,,Sì,No
CITYHOUSE,Hotel,,371 346 4340,"Via Pier Paolo Vergerio, 46",Padova,,,,,,,,,,,
Anman S.R.L,Hotel,,327 306 9588,"Piazzale della Stazione, 6",Padova,,,,,,,,,,,
Bed and Breakfast Bio Salix,Bed & Breakfast,http://www.bnbbiosalix.com/,347 449 6744,"Via Cavalieri di Vittorio Veneto, 10",Padova,,,https,WordPress,No,Google LLC,,,,Sì,No
CASAMINA,Bed & Breakfast,https://www.hotelitalian.com/casamina/,329 711 1201,"Via Ugo Foscolo, 3",Padova,,,https,WordPress,No,"Cloudflare, Inc.",,,,Sì,No
Best Western Plus Net Tower Hotel Padova,Hotel,http://www.towerhotelpadova.net/,049 770 2211,"Via S. Marco, 11",Padova,,info@towerhotelpadova.net,https,ASP.NET,Sì,Amazon Technologies Inc.,,,,Sì,No
Hotel Sagittario Padova Italy,Hotel,http://www.hotelsagittario.com/,049 725877,"Via Giovanni Randaccio, 6",Padova,,info@hotelsagittario.com,https,Odoo,No,Server Plan S.r.l.,,,,Sì,No
B&B Chezelisabeth - Bed and Breakfast Padova Centro,Bed & Breakfast,https://www.bedchezelisabethpadova.it/,340 697 8604,"Via Garofalo, 9",Padova,,chezelisabeth1952@libero.it,https,WordPress,Sì,Aruba S.p.A.,,,,Sì,No
Palazzo Gilberto,Bed & Breakfast,https://palazzogilberto.it/,377 338 5020,"Via Sorio, 66A",Padova,,palazzogilberto@gmail.com,https,Shopify,No,Amazon Technologies Inc.,,,,Sì,No
Le ballerine,Bed & Breakfast,,346 003 3501,"Via Ballerine ovest, 783",Badia Polesine,,,,,,,,,,,
B&B Ca' Morosini,Bed & Breakfast,https://www.camorosinibb.it/,349 726 6458,",Italia, Via Arzaron, 3024",Lendinara,,,https,Magento,No,"Amazon.com, Inc.",,,,Sì,No
B&B Nuvola,Bed & Breakfast,https://bb-nuvola.mipiacelitalia.top/,349 103 6370,"Via Trivellin Ovest, 87",Crocetta,,,https,React,No,Contabo GmbH,,,,Sì,No
51B Piccola Corte,Ristorante,https://www.locandapiccolacorte.it/,329 829 8744,"Via Saguedo Centro, 51b",Lendinara,,info@locandapiccolacorte.it,,WordPress,No,Serverplan s.r.l.,,,,Sì,No
Bed & Breakfast Canova,Bed & Breakfast,https://www.hotelsitaloweb.com/bed-breakfast-canova/,388 902 5495,"Via Jacopo Bernardi, 7",Treviso,,,https,Shopify,No,"Cloudflare, Inc.",,,,Sì,No
VILLA DEI PINI,Bed & Breakfast,http://www.villadeipini.org/,349 136 4674,"Via Fontane, 85",Fontane,,,http,ASP.NET,No,Aruba S.p.A. Network,,,,Sì,No
Bed and breakfast Canziane - Treviso,Bed & Breakfast,http://www.canziane.it/,349 249 4389,"Via Grande di Carbonera, 54",Carbonera,,info@canziane.it,https,Shopify,No,Tiscali Italia SpA,,,,Sì,No
B&B Al Parco Storga,Bed & Breakfast,,389 278 4279,"Via M. Gandino, 38",Treviso,,,,,,,,,,,
Hotel Tre Santi,Hotel,https://tresanti.hoteldirect.it/,0422 55109,"Via Postumia, 25",Treviso,,,https,Shopify,No,DEFT.COM,,,,Sì,No
B&B Doberdo,Bed & Breakfast,https://www.bbdoberdo.it/,338 484 0526,"Via Doberdo, 8",Fontane,,,https,Squarespace,No,"Amazon.com, Inc.",,,,Sì,No
Hotel Due Ragni,Hotel,https://www.dueragni.it/,0422 421783,"Viale G. G. Felissent, 9",Villorba,,prenotazioni@dueragni.it,https,WordPress,No,Genesys Informatica S.r.l,,,,Sì,No
Civico 26,Locanda,,333 111 9808,"Via Nascimben, 26",Treviso,,,,,,,,,,,
Casa da Suzette - Bed and Breakfast,Alloggio completo di servizi,,329 405 3386,"Via Sardegna, 49",Portogruaro,,,,,,,,,,,
Palazzo Raspanti,Alloggi al coperto,http://www.palazzoraspanti.it/,0422 412810,"Via Stangade, 31",Treviso,,,https,Angular,No,"Amazon.com, Inc.",,,,Sì,No
B&B My Comfort,Bed & Breakfast,http://www.bbmycomfort.com/,376 151 3522,"Via Andrea Lucchesi, 21",Treviso,,info@bbmyconfort.com,https,React,Sì,Aruba S.p.A. Network,,,,Sì,No
Valentino,Hotel,,0421 72993,"Via Cavour, 37",Portogruaro,,,,,,,,,,,
A casa di Ita,Bed & Breakfast,http://www.acasadiita.it/,349 801 1273,"Via Trieste, 48D",Fontane,,booking@acasadiita.it,https,WordPress,Sì,Aruba S.p.A. Network,,,,Sì,No
Antica Dimora Stucky,Bed & Breakfast,http://anticadimorastucky.com/,339 276 9230,"Via Sant'Antonino, 335",Treviso,,,https,Joomla,No,Aruba S.p.A.,,,,Sì,No
Bed & Breakfast Da Ninoti,Bed & Breakfast,http://www.ninoti.it/,0422 435100,"Via Noalese, 88",Treviso,,info@ninoti.it,https,WordPress,Sì,Serverplan s.r.l.,,,,Sì,No
Villa Clivia,Alloggi al coperto,,0421 276238,"Via Cavanella, 201",Concordia Sagittaria,,,,,,,,,,,
VILLA FLORA,Bed & Breakfast,,0421 273826,"Via Veneto, 24/A",Portogruaro,,,,,,,,,,,
Hotel Ristorante Pizzeria Oberdan,Ristorante,https://hoteloberdan.com/,0421 780079,Via G. Oberdan,Concordia Sagittaria,,info@hoteloberdan.com,https,Shopify,Sì,OVH ISP,,,,Sì,No
B&B Dreon,Bed & Breakfast,http://www.italiaholidays.info/,0421 789447,"Via Giuseppe Mazzini, 11",Fossalta di Portogruaro,,info@italiaholidays.info,https,WordPress,Sì,Aruba S.p.A.,,,,Sì,No
Bed & breakfast La dogana,Bed & Breakfast,,0421 275451,"Via Fondaco, 12",Portogruaro,,,,,,,,,,,
Appartamenti Marco Polo,Alloggi al coperto,https://appartamenti-marco-polo.italyexperience.top/,0421 394772,"Viale Venezia, 15",Portogruaro,,,https,React,No,Contabo GmbH,,,,Sì,No
Agriturismo Al Botteniga,Agriturismo,http://www.albotteniga.com/,0422 307096,"Via delle Fontanelle, 14",Treviso,,,https,Wix,Sì,Google LLC,,,,Sì,No
B&B La Serenissima,Bed & Breakfast,http://bbserenissima.it/,0421 789919,"Viale Venezia, 55",Fossalta di Portogruaro,,,https,Joomla,No,Hetzner Online GmbH,,,,Sì,No
ViaCavourSei,Bed & Breakfast,http://www.bbviacavoursei.com/,348 305 9858,"Via Camillo Benso Conte di Cavour, 6",Portogruaro,,bbviacavoursei@yahoo.it,https,WordPress,No,"Cloudflare, Inc.",,,,Sì,No
Portus Appartamenti,Hotel,http://www.hotel-residence-portus.com/,334 915 5722,"Piazza Dogana, 1A",Portogruaro,,hotel-residence-portus@babi74srl.com,https,React,Sì,Server24 Network by INCUBATEC GmbH - Srl Premium Hosting Service Provider,,,,Sì,No
Hotel Spessotto,Hotel,http://www.hotelspessotto.it/?utm_source=googlemaps&utm_medium=mybusiness&utm_campaign=mybusiness,0421 71040,"Via Roma, 2",Portogruaro,,info@hotelspessotto.it,https,React,No,Rackone Srl,,,,Sì,No
Col delle Rane,Agriturismo,http://www.coldellerane.it/,0423 650085,"Via Mercato Vecchio, 18",Caerano di San Marco,,info@coldellerane.it,https,ASP.NET,No,Contabo GmbH,,,,Sì,No
Bed & Breakfast Millennio,Bed & Breakfast,,348 872 8521,"Via S. Francesco, 44",Caerano di San Marco,,,,,,,,,,,
Agriturismo Noiari,Agriturismo,https://www.agriturismonoiari.it/,0421 394095,"Via Noiari, 57",Summaga,,,,WordPress,Sì,Aruba S.p.A,,,,Sì,No
Hotel Sport Portogruaro,Hotel,http://www.hotelsportportogruaro.it/,0421 71231,"Via Stadio, 4",Portogruaro,,,https,Joomla,Sì,Aruba S.p.A,,,,Sì,No
Agriturismo Zapparè Farm Hotel,Agriturismo,http://www.zapparefarmhotel.com/,0423 818303,"Via Castellana, 44",Trevignano,,info@zapparefarmhotel.com,https,Shopify,Sì,"Akamai Technologies, Inc.",,,,Sì,No
Hotel Bellavista,Hotel,http://www.bellavistamontebelluna.it/,0423 603237,"Via Zuccareda Domenico, 20",Montebelluna,,info@bellavistamontebelluna.it,https,React,No,Aruba S.p.A,,,,Sì,No
Al Bagolaro,Bed & Breakfast,http://www.albagolaro.it/,338 451 4540,"Via Erizzo, 132",Nogare',,info@albagolaro.it,https,WordPress,Sì,Server Plan S.r.l.,,,,Sì,No
B&B Corte Vignazza,Bed & Breakfast,https://www.cortevignazza.it/,0425 187 1502,"Viale dei Mille, 2",Rovigo,,info@cortevignazza.it,https,ASP.NET,No,Aruba S.p.A. Network,,,,Sì,No
Barchessa Le Quattro Rose,Bed & Breakfast,http://www.lequattrorose.com/,0425 95543,"Via Bassa, 60",Vescovana,,info@lequattrorose.com,https,React,Sì,Host SpA,,,,Sì,No
Bed and Brekfast Palladio,Bed & Breakfast,http://www.palladio2000.it/,0425 490741,"Via Giantommaso Minadois, 8",Rovigo,,,https,React,No,"Cloudflare, Inc.",,,,Sì,No
Villa Margherita Ecolodge,Edificio con appartamenti arredati,http://www.villamargheritacrespino.it/,371 172 9492,"Via Roma, 17",Crespino,,,https,React,Sì,Google LLC,,,,Sì,No
RESIDENCE DELTA Residence Alberghiero,Hotel,http://www.residencedelta.it/,0425 412928,"Viale Porta Adige, 45/d-e",Rovigo,,,https,WordPress,No,Retelit Digital Services S.p.A.,,,,Sì,
DOMUS DAL SOGLIO,Bed & Breakfast,http://domusdalsoglio.com/,347 000 5053,"Via Zona Industriale, 44",Villadose,,info@domusdalsoglio.com,http,WordPress,Sì,Aruba S.p.A.,,,,Sì,No
Hotel Sanremo & Residence La Serenissima,Bed & Breakfast,http://www.hotelsanremocaorle.it/,0421 81312,"Lungomare Trieste, 24",Caorle,,info@hotelsanremocaorle.it,https,Angular,Sì,Hetzner Online GmbH,,,,Sì,No
B&B La Casa di Enrico,Bed & Breakfast,,348 310 0201,"Via Don Orione, 13",Caorle,,,,,,,,,,,
B&B Caorle for You,Bed & Breakfast,http://www.caorleforyou.it/,328 027 6494,"Via del Passarin, 16",Caorle,,,https,WordPress,Sì,Aruba S.p.A. Network,,,,Sì,No
Antares Apparthotel,Hotel,,0421 212253,"Via Piemonte, 5",Caorle,,,,,,,,,,,
Residence Solemar,Alloggi al coperto,,338 938 0213,"Viale Falconera, 50",Caorle,,,,,,,,,,,
B&B and Sail,Bed & Breakfast,https://www.bbandsail.it/,328 821 0398,"Corso G. Chiggiato, 14",Caorle,,bbsail.caorle@gmail.com,https,WordPress,No,Aruba S.p.A.,,,,Sì,No
Hotel Elite,Hotel,http://www.elitecaorle.it/,0421 82010,"Viale Guglielmo Marconi, 63",Caorle,,info@elitecaorle.it,https,React,No,Contabo GmbH,,,,Sì,No
Hotel Lux,Hotel,http://www.luxhotel.it/,0421 81117,"Lungomare Trieste, 56",Caorle,,info@luxhotel.it,https,WordPress,Sì,Hetzner Online GmbH,,,,Sì,No
HOTEL VENUS BEST PRICE,Hotel,http://www.venushotel.it/,0421 170 6983,"Corso G. Chiggiato, 28",Caorle,,,https,Shopify,No,Contabo GmbH,,,,Sì,No
Hotel Maxim,Hotel,http://www.hotelmaxim.com/?utm_source=googlemaps&utm_medium=mybusiness&utm_campaign=mybusiness,0421 81890,"Via Tintoretto, 10",Caorle,,info@hotelmaxim.com,https,WordPress,Sì,Aruba S.p.A.,,,,Sì,No
Hotel Andreis,Hotel,http://www.hotelandreis.it/,045 723 5035,"Hotel Andreis, Via Berengario, 26",Cavaion Veronese,,info@hotelandreis.it,https,Joomla,Sì,Aruba S.p.A. Network,,,,Sì,No
Locanda Al Centrale,Hotel,,045 623 0016,"Via G. Mazzini, 29",Caprino Veronese,,,,,,,,,,,
La Lanterna,Pizzeria,http://www.lalanternagarda.it/,045 725 6281,"Via Torrente Gusa, 2",Garda,,info@lalanternagarda.it,http,WordPress,Sì,Aruba S.p.A.,,,,Sì,No
POGGIO CAIAR Bed & Breakfast,Bed & Breakfast,http://www.poggiocaiar.it/,349 942 8828,"Località Caiar, 28",Caprino Veronese,,info@poggiocaiar.it,https,ASP.NET Core,No,Aruba S.p.A.,,,,Sì,No
Bed & Breakfast Aurora,Bed & Breakfast,https://beb.it/aurora,045 723 5076,"Via Vittorio Veneto, 44",Cavaion Veronese,,,https,Joomla,No,"Amazon.com, Inc.",,,,Sì,No
Agriturismo Ca' del Laki,Agriturismo,https://agriturismocadellaki.it/,351 367 7295,Loc casette di,Gaon,,agriturismocadellaki@gmail.com,https,Shopify,Sì,Netsons s.r.l.,,,,Sì,No
CORTE CAIAR Bed&Breakfast,Bed & Breakfast,http://www.cortecaiar.com/,340 790 9054,"CORTE CAIAR Bed&Breakfast, Località Caiar, 24",Caprino Veronese,,elena.cortecaiar@gmail.com,https,WordPress,Sì,SEEWEB s.r.l.,,,,Sì,No
La Zerla,Bed & Breakfast,https://lazerla.it/,045 621 1299,"Località Ca' Bottura, 3",Lago di Garda,,info@lazerla.it,https,WordPress,Sì,Netsons s.r.l.,,,,Sì,No
Bed and Breakfast Albergo Centrale,Hotel,https://albergocentrale-sanzeno.com/,045 728 5111,"Contrada Cà Sartori, 37",San Zeno di Montagna,,infoalbergocentrale@gmail.com,https,WordPress,Sì,Hostinger International Limited,,,,Sì,No
Casa Gioia,Bed & Breakfast,,349 217 7859,"Via Prato Grande, 6",Caprino Veronese,,,,,,,,,,,
Hotel Portofino,Hotel,http://www.hotelportofinocaorle.it/,329 448 5060,Hotel Portofino,Caorle,,info@hotelportofinocaorle.it,https,WordPress,No,Contabo GmbH,,,,Sì,No
B&B Ca' Marognole,Bed & Breakfast,http://www.camarognole.it/,340 282 4604,Via delle Marognole,Caprino Veronese,,info@camarognole.it,http,WordPress,Sì,Server Plan S.r.l.,,,,Sì,No
Bed & Breakfast Ai Boschi,Bed & Breakfast,,346 386 6647,"Località Boschi Perette, 38",Caprino Veronese,,,,,,,,,,,
B&B Casa Trambasore,Bed & Breakfast,http://www.bnbcasatrambasore.com/,328 316 8408,"Trambasore, 6",Caprino Veronese,,info@bnbcasatrambasore.com,https,WordPress,Sì,Netsons Network,,,,Sì,No
Palazzo di Primavera Guest House,Bed & Breakfast,http://www.palazzodiprimavera.it/,377 187 6115,"Piazza Vittoria, 4",Caprino Veronese,,info@palazzodiprimavera.it,http,Basekit,No,Aruba S.p.A.,,,,Sì,No
bed and breakfast da Michela,Bed & Breakfast,,331 566 5867,"Via Santa Eurosia, 57",Breganze,,,,,,,,,,,
B&B La Ferrata,Bed & Breakfast,https://www.laferrata.it/,339 598 9748,"Via San Gaetano, 6",Breganze,,mircaseganfreddo@icloud.com,https,Webnode,No,Amazon Technologies Inc.,,,,Sì,No
Hotel Corona,Hotel,http://hotelcorona-spiazzi.it/,045 720 9085,"Via Centro, 1",Spiazzi,,info@hotelcorona-spiazzi.it,https,WordPress,No,OVH ISP,,,,Sì,No
B&B Cà Breganze,Bed & Breakfast,https://www.cabreganze.com/,0445 850025,"Via San Felice, 84",Breganze,,,https,ASP.NET,Sì,genesys informatica srl,,,,Sì,No
Villa San Biagio,Alloggi al coperto,http://www.villasanbiagio.it/,0424 411341,"Via S. Biagio, 29",Colceresa,,info@villasanbiagio.it,https,WordPress,Sì,Aruba S.p.A,,,,Sì,No
Albergo Ristorante Made With Love,Hotel,,0445 300819,"Via Roma, 119",Breganze,,,,,,,,,,,
B&B Villaverla Central Bar,Hotel,http://www.bbvillaverla.it/,0445 855016,"Piazza del Popolo, 36",Villaverla,,,https,Angular,No,"Amazon.com, Inc.",,,,Sì,No
Trattoria da Toi,Ristorante,http://www.trattoriadatoi.it/,0424 72150,"Via Sisemol, 38",Marostica,,posta@trattoriadatoi.it,https,ASP.NET,Sì,Aruba S.p.A. Network,,,,Sì,No
B&B Al Cantico,Bed & Breakfast,https://www.alcantico.it/it/,335 630 5490,"Via Costa, 4 - loc",Colceresa,,,https,Weebly,No,"Amazon.com, Inc.",,,,Sì,No
Ristorante Hotel Pedrocchi,Ristorante,https://hotelpedrocchi.it/,0445 851194,"Via Perlena, 63",San Giorgio di Perlena,,info@hotelpedrocchi.it,https,Joomla,Sì,Hetzner Online GmbH,,,,Sì,No
Hotel Diana,Hotel,https://www.hoteldianalegnaro.it/,049 641227,"Via Romea, 136",Legnaro,,albergodiana.legnaro@libero.it,https,Shopify,No,Aruba S.p.A.,,,,Sì,No
Al Casale B&B,Bed & Breakfast,http://www.bb-alcasale.it/,347 706 5853,"Via Don Maniero, 7",Casalserugo,,gabriellaboggian@gmail.com,http,Wix,No,Aruba S.p.A. Network,,,,Sì,No
Ostello lunga via delle Dolomiti,Ostello,,388 811 7582,"Via de stefani, 43",Calalzo di Cadore,,,,,,,,,,,
PEDIBOSCO bed,Alloggio completo di servizi,http://www.pedibosco.com/,333 895 7668,"Via Giacomo Leopardi, 20",Calalzo di Cadore,,info@pedibosco.com,https,WordPress,No,SEEWEB s.r.l.,,,,Sì,No
Baita Deona,Ristorante,http://www.baitadeona.it/,0435 540169,"Via Pianezze, 61",Cibiana di Cadore,,info@baitadeona.it,https,WordPress,No,Aruba S.p.A. Network,,,,Sì,No
B&B Dimora Al Bivacco,Bed & Breakfast,http://www.dimoraalbivacco.it/,0435 501280,"Via degli Alpini, 56",Pieve di Cadore,,info@dimoraalbivacco.it,https,ASP.NET,No,Aruba S.p.A. Network,,,,Sì,No
Park Hotel Bellavista Dolomiti,Hotel,http://www.hotelbellavistadolomiti.it/,0435 31702,"Via S. Giovanni, 5",Calalzo di Cadore,,info@hotelbellavistadolomiti.it,https,WordPress,Sì,Server Plan S.r.l.,,,,Sì,No
C'era una volta un re,Bed & Breakfast,https://www.ceraunavoltaunre.net/,347 281 0061,"Via Nazionale, 25",Calalzo di Cadore,,info@ceraunavoltaunre.net,https,WordPress,No,Netsons Network,,,,Sì,No
B&B Come Api al Miele,Bed & Breakfast,http://comeapialmiele.it/,340 322 2062,"Via Rizzios, 41",Calalzo di Cadore,,info@comeapialmiele.it,https,Joomla,No,Aruba S.p.A,,,,Sì,No
Bed and Breakfast Cristina di Scuderi Maria Cristina,Bed & Breakfast,https://beb.it/cristinapievedicadore,339 627 3404,"Via Salvadei, 31",Pieve di Cadore,,,https,Shopify,No,"Amazon.com, Inc.",,,,Sì,No
Hotel-Residence Il Chiostro,Hotel,http://www.hotelilchiostro.it/,045 697 0868,"Via Roma, 85",Oppeano,,info@hotelilchiostro.it,https,React,No,Aruba S.p.A. Network,,,,Sì,No
B&B Il Tabià,Bed & Breakfast,http://www.iltabia.com/,0435 580066,"Piazzale Martiri della Libertà, 9",Pieve di Cadore,,info@iltabia.com,https,React,Sì,Hetzner Online GmbH,,,,Sì,No
Hotel Giardino,Hotel,https://www.hotelgiardino-dolomiti.com/,0435 33141,"Via Giosuè Carducci, 20",Pieve di Cadore,,info@hotelgiardino-dolomiti.com,https,WordPress,No,popwifi /18,,,,Sì,Sì
"Affittacamere B&B Appartamenti Cadore Dolomiti, Venas Di Cadore (BL)",Pensione,http://www.barpostavenas.it/,0435 73013,"Via Roma, 37",Venas di Cadore,,colle.giovanni@libero.it,https,ASP.NET,No,Aruba S.p.A. Network,,,,Sì,No
DD Clara,Bed & Breakfast,https://www.ddclara.it/,346 495 4698,"Via Capitello, 456",Salizzole,,,https,WordPress,No,"Cloudflare, Inc.",,,,Sì,No
A Villafontana,Bed & Breakfast,,347 782 2567,"Via Capitello, 6",Bovolone,,,,,,,,,,,
Agriturismo alla Motta,Agriturismo,,389 430 4853,"Via Motta, 61",Nogara,,,,,,,,,,,
Corte Balota BnB,Bed & Breakfast,,348 718 0432,"di, Via Giuseppe Mazzini, 1",San Pietro di Morubio,,,,,,,,,,,
Agriturismo all’Albaro,Alloggi al coperto,,339 861 6506,"Via Albero, 301",Albero,,,,,,,,,,,
TH Cadore - Hotel Antelao,Hotel,https://www.th-resorts.com/thcadore/,0435 482563,"V. Roma, 11",Borca di Cadore,,antelao@th-resorts.com,https,WordPress,No,Fastweb SpA,,,,Sì,No
Hotel Ristorante da Gianni,Hotel,https://hotelristorantedagianni.it/,045 690 9760,"Via S. Pierino, 109",Bovolone,,info@hotelristorantedagianni.it,https,Angular,Sì,Aruba S.p.A.,,,,Sì,No
Bed & Breakfast Rocambola,Bed & Breakfast,http://www.rocambola.it/,347 268 7082,"Via Fontana, 1",Nogara,,info@rocambola.it,https,WordPress,No,Moviement srl,,,,Sì,No
Casa da Maddalena e Andrea affitti brevi,Bed & Breakfast,http://www.casadimaddalenaeandrea.it/,346 726 0877,"Via S. Francesco, 32/a",Ca' degli Oppi,,locazione.dama@gmail.com,https,WordPress,No,"Cloudflare, Inc.",,,,Sì,No
B&B da Mary,Bed & Breakfast,https://www.bebdamary.it/,340 687 7827,"Via Santo, 2",Pampuro,,marisamalinverno@gmail.com,https,WordPress,No,"Automattic, Inc",,,,Sì,No
Agriturismo Ca' Del Gelso,Agriturismo,http://www.cadelgelso.com/,0422 600723,"Via Levada, 1",Breda di Piave,,info@cadelgelso.com,https,Django,No,Netsons s.r.l.,,,,Sì,No
Hotel Belvedere Dolomiti,Hotel,https://www.hotelbelvederedolomiti.com/?utm_source=gbp&utm_medium=organic,0435 500072,"Gradinata Belvedere, 11",Pieve di Cadore,,info@hotelbelvederedolomiti.com,https,React,Sì,Signet B.V,,,,Sì,No
Agriturismo Terra di Zosagna,Agriturismo,,0422 600428,"Via A. dal Vesco, 2",Breda di Piave,,,,,,,,,,,
Hotel Dotto,Hotel,http://www.hoteldotto.it/,0422 877073,"Piazza Croce, 9 31052 Varago di",Varago,,,https,Angular,Sì,OVH SAS,,,,Sì,No
Bed and Breakfast Francy,Bed & Breakfast,,348 323 1620,"Via Firenze, 8",Maserada sul Piave,,,,,,,,,,,
Agriturismo Campi Di Grano,Agriturismo,https://www.agriturismocampidigrano.it/,347 718 3477,"Via IV Novembre, 42/a",Roncade,,,https,WordPress,No,Aruba S.p.A.,,,,Sì,No
Locanda Canareggio,Pizzeria,,0422 797499,"Via Canareggio, 33",Rovaré,,,,,,,,,,,
Corte dal Colle Bed & Breakfast,Bed & Breakfast,http://www.cortedalcolle.it/,333 174 9257,"Via Roma, 76",Caldiero,,info@cortedalcolle.it,https,Mobirise,Sì,OVH ISP,,,,Sì,No
Agriturismo I Costanti - Verona,Agriturismo,http://www.icostanti-verona.it/,045 615 1165,"Via Giare, 1",Caldiero,,,https,ASP.NET,No,"Cloudflare, Inc.",,,,Sì,No
Ostello Breda B&B,Ostello,http://www.ostellobreda.it/,338 414 6293,"Via Breda Azzolini, 7",Rivarolo del Re ed Uniti,,ostellobreda@mail.com,https,Shopify,Sì,Aruba S.p.A,,,,Sì,No
Alloggi Turistici Daniel,Alloggi al coperto,https://alloggi-turistici-daniel.hotelperiviaggi.top/,0422 683039,"Strada Regionale Treviso-Mare 89, Via Treviso Mare, 4",Silea,,,https,WordPress,No,Contabo GmbH,,,,Sì,No
Hotel Brusco,Hotel,http://www.hotelbrusco.it/,045 615 0820,"Via Strà, 118",Caldiero,,info@hotelbrusco.it,https,Joomla,Sì,Aruba S.p.A.,,,,Sì,No
Alloggio VR est,Bed & Breakfast,,345 919 7333,"Via Mazzacanà, 5",Lavagno,,,,,,,,,,,
B&B Antique Maison,Bed & Breakfast,http://www.bedandbreakfastantiquemaison.com/#localbnb,328 080 7212,"Via Fontana, 2f",Soave,,bebantiquemaison@gmail.com,https,React,Sì,Aruba S.p.A. Network,,,,Sì,No
Stilla ristorante e camere,Ristorante haute cuisine,http://stillaverona.com/,045 482 6046,"Località Casette, 1",Colognola ai Colli,,,https,Squarespace,No,"Squarespace, Inc.",,,,Sì,No
Agriturismo Corte Tamellini,Agriturismo,http://www.cortetamellini.com/,340 988 6489,"Località Tamellini, 13",Soave,,info@mail.com,https,Nuxt.js,No,OVH SAS,,,,Sì,No
Emerald Green Residence,Hotel,https://emerald-greenresidence.it/,045 435 0118,"Via Antonio Meucci, 1/A",Caldiero,,info@emerald-greenresidence.it,https,WordPress,Sì,Combell NV,,,,Sì,No
B&B Terrebianche,Bed & Breakfast,http://terrebianchebnb.it/,349 265 2489,"Via Andrea Mantegna, 18",Lavagno,,info@terrebianchebnb.it,https,WordPress,No,Aruba S.p.A.,,,,Sì,No
Brixius - CIN:IT023042C1YJLOAXV4,Bed & Breakfast,http://beb-brixius.com/,327 467 0000,"Via Alta, 5",San Briccio,,,http,ASP.NET,No,Aruba S.p.A. Network,,,,Sì,No
Thai Si Hotel & Royal Thai Spa,Albergo benessere,http://www.thai-si.it/,0422 881350,"Via G. Vecellio, 56/A",Lovadina,,benessere@thai-si.it,,WordPress,Non trovato,Keliweb S.R.L,,,,Sì,No
HOTEL LORY FICAROLO,Hotel,http://www.hotel-lory.it/,338 355 9433,"Via delle Regioni, 880/a",Ficarolo,,hotellory.ficarolo@hotmail.com,https,WordPress,Sì,Hetzner Online GmbH,,,,Sì,No
B&B Timo e Rosmarino,Bed & Breakfast,,328 710 7091,"Vicolo A.Manzoni 1 Angolo, Via Indipendenza, 70",Sermide e Felonica,,,,,,,,,,,
B&B Corte Cà Avanzo,Bed & Breakfast,http://www.bbcortecavanzo.it/,333 393 2073,"Via Sabbioni Sud, 26",Salara,,bracciolim@gmail.com,https,WordPress,No,Hetzner Online GmbH,,,,Sì,No
Casa Vacanza Libellula,Villa,,320 800 7262,Via Argine Po,Sermide e Felonica,,,,,,,,,,,
B&B RB,Bed & Breakfast,https://www.beb-rb.it/,351 980 4979,"Via Giovecca, 65",Gaiba,,info@beb-rb.it,https,Angular,No,Keliweb S.R.L,,,,Sì,No
Hotel Meridiana,Hotel,http://spazioinwind.libero.it/hotelmeridiana/,0425 840404,Via prov. Eridania 2 ( Interno Via Saba ),Castelmassa,,,https,Shopify,No,Italiaonline S.p.A.,,,,Sì,No
B&B Le Tortore,Bed & Breakfast,,340 270 3135,"Via Gilseppe Sani, 27",Melara,,,,,,,,,,,
Agriturismo B&B Mambrotta,Agriturismo,http://www.agriturismobbmambrotta.com/,045 882 0029,"Via Case Nove, 3",Mambrotta,,info@bbmambrotta.com,https,WordPress,No,"Cloudflare, Inc.",,,,Sì,No
B&B Ponte Marchese,Bed & Breakfast,,0444 985450,"Via Damiano Chiesa, 13",Caldogno,,,,,,,,,,,
Bed & Breakfast Alla Pergola,Bed & Breakfast,,0444 985540,"Vicolo Don Antonio Menin, 21",Caldogno,,,,,,,,,,,
Hotel Passacor,Hotel,https://www.hotelpassacor.it/,0386 41461,"Str. Prov. Ferrarese, 4",Carbonara di Po,,info@hotelpassacor.it,https,WordPress,No,Serverplan s.r.l.,,,,Sì,No
B&B Calto della Scala,Bed & Breakfast,https://www.bed-and-breakfast.it/it/veneto/calto-della-scala-torreglia/46542,348 790 7260,"Via Scala, 2",Torreglia,,,https,Angular,Sì,"Amazon.com, Inc.",,,,Sì,No
B&B La Casa di Rosa,Bed & Breakfast,https://lacasadirosa.it/,339 521 4806,"Via Provinciale, 5",Vago,,info@lacasadirosa.it,,React,Sì,Keliweb S.R.L,,,,Sì,No
Hotel B&B Alloggi Risto Green,Hotel Resort,http://www.hotelgreenristo.com/,0444 980286,"Via Aeroporti, 135/137",Caldogno,,,,Angular,Non trovato,Google LLC,,,,No - Pagina Non Trovata (404),No
Agriturismo alla Corte,Agriturismo,http://www.agriturismoallacorte.it/,347 967 4062,"Strada Statale Pasubio, 109",Costabissara,,agriturismoallacorte@gmail.com,https,React,No,Netsons s.r.l.,,,,Sì,No
Ristorante Albergo Wada,Ristorante di sushi,,0445 588306,"Via Vicenza, 103",Malo,,,,,,,,,,,
Agriturismo Il Grande Portico,Agriturismo,http://www.ilgrandeportico.it/,0444 970718,"Via S. Cristoforo, 44",Costabissara,,info@ilgrandeportico.it,http,ASP.NET,No,Aruba S.p.A. Network,,,,Sì,No
Alloggio Al Ponte -Rooms & Apartments.B&B-Locanda,Bed & Breakfast,,0445 440040,"Via Santa Cecilia, 71-77/d",Castelgomberto,,,,,,,,,,,
Hotel Ambra,Hotel,http://www.hotelambra.com/,0422 823300,"Via Adige, 3",Quarto d'Altino,,info@hotelambra.com,https,Odoo,No,OVH SAS,,,,Sì,No
Agriturismo Maddalene 101,Agriturismo,https://www.maddalene101.it/,0444 981146,"Str. Maddalene, 101",Vicenza,,info@maddalene101.it,https,WordPress,Sì,Netsons Network,,,,Sì,No
Trattoria Locanda Benetti,Ristorante,http://www.locandabenetti.it/,0444 971052,"Via Roma, 62",Costabissara,,info@locandabenetti.it,http,WordPress,No,Axera SpA,,,,Sì,No
IL SELESE,Bed & Breakfast,https://selese.tripcombined.com/,329 197 2694,"Via Parmesana, 1/b",Monticello Conte Otto,,,https,React,No,Contabo GmbH,,,,Sì,No
Villa Solatia,Hotel,http://www.villasolatia.com/,389 444 1533,"Via Stadio, 16",Rettorgole,,,https,Wix,Sì,Google LLC,,,,Sì,No
B&B WhyNot? Bed & Breakfast a Vicenza,Bed & Breakfast,https://whynotbnb.com/,389 106 0864,"Strada del Pasubio, 360",Vicenza,,welcome@whynotbnb.com,https,React,Sì,"Cloudflare, Inc.",,,,Sì,No
La meridiana B&B,Bed & Breakfast,http://www.lameridianabb.it/,346 648 8899,"Via Rivalta, 20",Casale sul Sile,,info@lameridianabb.it,https,WordPress,No,Serverplan s.r.l.,,,,Sì,No
Pathos Guest House,Bed & Breakfast,,377 360 4192,"Via Alcide De Gasperi, 22",Quarto d'Altino,,,,,,,,,,,
Agriturismo La Restera del Sile,Ristorante,https://www.laresteradelsile.it/,349 312 6662,"Via Carlo Gardan, 12",Casale sul Sile,,info@laresteradelsile.it,https,ASP.NET,No,Aruba S.p.A. Network,,,,Sì,No
Villa Irene - luxury B&B,Bed & Breakfast,https://www.villairene.veneto.it/,335 590 8000,"Via Vecchia Trevigiana Lughignano, 32",Casale Sul Sile,,info@villairene.veneto.it,https,Joomla,Sì,Aruba S.p.A.,,,,Sì,No
B&B CASALE IL CILIEGIO,Bed & Breakfast,https://bb-casale-il-ciliegio.amolitalia.top/,0422 821139,"Via Morea, 36",Casale Sul Sile,,,https,WordPress,No,Contabo GmbH,,,,Sì,No
Hotel Villa Braida,Hotel,http://www.villabraida.it/,041 457222,"Via Bonisiolo, 16b",Mogliano Veneto,,info@villabraida.it,https,BigCommerce,No,Aruba S.p.A.,,,,Sì,No
Agriturismo Porcaloca,Ristorante,http://www.agriturismoporcaloca.it/,0422 822589,"Vicolo Schiavonia, 22",Casale sul Sile,,info@agriturismoporcaloca.it,https,WordPress,No,Serverplan s.r.l.,,,,Sì,No
Borgo Cà dei Sospiri,Hotel,http://www.borgocadeisospiri.it/,0422 823117,"Via Roma, 146",San Michele Vecchio,,,https,Joomla,No,Aruba S.p.A.,,,,Sì,No
Ca' Belvedere,Bed & Breakfast,https://www.cabelvedere.eu/,340 258 5070,"Via Belvedere, 61 c",Silea,,info@cabelvedere.eu,https,Shopify,Sì,Keliweb S.R.L,,,,Sì,No
Pizzeria Locanda Al Ponte Stella al Borgo,Ristorante,https://locandaalborgo.it/,393 083 9711,"Via Roma, 62/64",Casale Sul Sile,,info@locandaalborgo.it,https,React,No,Aruba S.p.A,,,,Sì,No
B&B L'Airone,Bed & Breakfast,,328 654 2869,"Via Paglia, 12",Gazzo Veronese,,,,,,,,,,,
Ristorante Al Gallo Sanguinetto,Ristorante,,377 268 1756,"Corso V. Emanuele II, 16",Sanguinetto,,,,,,,,,,,
B&B Ca' Rina,Bed & Breakfast,http://www.bebcarina.it/,389 427 6241,"Via Tagliamento, 2F",Preganziol,,,https,Joomla,Sì,Seeweb srl,,,,Sì,No
GFhome,Bed & Breakfast,https://gfhomecasale.it/,331 683 8146,"Via Bonisiolo, 24",Casale sul Sile,,cinziaferrara.99@libero.it,https,WordPress,Sì,Hetzner Online GmbH,,,,Sì,No
La Casa,Appartamenti,,347 819 7450,"Piazza Aselogna, 7",Cerea,,,,,,,,,,,
B&B Bertipaglia di Andreina,Bed & Breakfast,,049 886 1564,"Viale Europa, 2",Masera' di Padova,,,,,,,,,,,
Il Farfasole,Bed & Breakfast,http://www.ilfarfasole.it/,327 732 8121,"Via Giovanni Pascoli, 113",Vigonovo,,,https,React,No,Google LLC,,,,Sì,No
Trattoria La Busa e Camere,Ristorante,http://www.trattorialabusa.com/,049 717409,"Via G. Boccaccio, 4",Ponte San Nicolò,,info@trattorialabusa.com,https,ASP.NET,No,Aruba S.p.A,,,,Sì,No
"Ca' Murà, Natura e Resort",Hotel,http://www.ca-mura.com/,049 886 8229,"Via Ca' Mura', 21/B",Maserà di Padova,,info@ca-mura.com,https,Joomla,No,Aruba S.p.A.,,,,Sì,No
La Pergola Trattoria con alloggio,Ristorante,https://www.trattorialapergola.it/menu-del-giorno,0444 601675,"Via Dante Alighieri, 134",Brendola,,info@trattorialapergola.it,https,Wix,Sì,Google LLC,,,,Sì,No
Casa Gianchia B&B,Bed & Breakfast,,329 795 1560,"Via Casalini, 1",Brentino,,,,,,,,,,,
Bed and Breakfast Cà Manin,Bed & Breakfast,https://www.bbcamanin.it/,342 758 8782,"Via Deson, 21",Monselice,,contatti@bbcamanin.it,https,WordPress,Sì,Aruba S.p.A.,,,,Sì,No
BBmolina,Bed & Breakfast,https://www.bbmolina.it/,339 388 2314,"Via B. Bacilieri, 99",Molina,,info@bbmolina.it,https,React,Sì,Google LLC,,,,Sì,No
Agriturismo Al Palazzo,Bed & Breakfast,http://www.al-palazzo.it/,045 727 0223,Piazza Marconi,Brentino,,info@al-palazzo.it,https,WordPress,No,Aruba S.p.A.,,,,Sì,No
Hotel Baldo,Hotel,https://www.hotelbaldo.it/,340 680 3296,"Strada Provinciale 8, 4",Ferrara di Monte Baldo,,info@hotelbaldo.it,https,Odoo,No,Aruba S.p.A.,,,,Sì,No
Hotel Ristorante Pizzeria Belvedere,Ristorante italiano,http://www.hotelbelvedererivalta.it/,045 958 3129,"Via Don Cesare Scala, 31",Brentino Belluno,,info@hotelbelvedererivalta.it,https,Shopify,Sì,Seeweb s.r.l,,,,Sì,No
Stella Alpina Hotel,Hotel,https://stellaalpinahotel.eu/,045 624 7082,"Piazzale Giovanni Paolo Secondo, 2",Ferrara di Monte Baldo,,info@stellaalpinahotel.eu,https,Angular,No,"Executive Service S.R.L., Societa Benefit",,,,Sì,No
Wine Hotel San Giacomo Activity & Wellness,Hotel,http://www.hotelsangiacomo.com/,0423 930366,"Piazza Martiri del Grappa, 13",Paderno del Grappa,,info@hotelsangiacomo.com,https,WordPress,No,"DigitalOcean, LLC",,,,Sì,No
Locanda alla Posta,Ristorante,https://locandaallapostacavaso.it/,0423 543112,"Piazza XIII Martiri, 13",Cavaso del Tomba,,locandaallaposta@libero.it,https,Shopify,Sì,Axera SpA,,,,Sì,No
Mulino Veraghi,Bed & Breakfast,http://www.mulinodeiveraghi.it/,351 566 4123,"via Veraghi 37022, Via Gorgusello di Sotto, 2",Molina,,info@mulinodeiveraghi.it,https,WordPress,No,Host SpA,,,,Sì,No
B&B da Monsignore,Bed & Breakfast,,349 600 2919,"Via Napoleone Zardo, 10",Crespano del Grappa,,,,,,,,,,,
Rosales,Bed & Breakfast,http://www.bbrosales.com/,349 751 1474,"Via Crosera, 9",Sant'Eulalia,,,https,WordPress,Sì,Aruba S.p.A.,,,,Sì,No
Agriturismo Casa Mela,Agriturismo,,348 868 9022,"Via IV Novembre, 32/b",Paderno del Grappa,,,,,,,,,,,
GrappaLand,Alloggio completo di servizi,https://alloggituristicigroup.com/,333 222 2582,"Via Montenero, 50",Crespano del Grappa,,,https,WordPress,No,Aruba S.p.A.,,,,Sì,No
b&b al fienile,Bed & Breakfast,https://bebalfienile.it/,388 564 0695,"Via Piave, 39/b",Fietta,,alfienile.lisa@gmail.com,https,WordPress,Sì,OVH ISP,,,,Sì,No
Hotel Montegrappa,Hotel,http://www.hotelmontegrappa.it/,0423 563123,"Viale Monte Grappa, 8",Castelcucco,,info@hotelmontegrappa.it,http,Shopify,Sì,Serverplan s.r.l.,,,,Sì,No
B&B Al Reparo,Bed & Breakfast,http://www.alreparo.it/,353 443 9461,"Via Rive, 31",Onigo,,info@alreparo.it,https,React,Sì,Aruba S.p.A.,,,,Sì,No
Hotel Casa Leon d’Oro,Hotel,https://www.casaleondoro.com/,045 678 0334,"Piazza Guglielmo Marconi, 45",Bosco Chiesanuova,,info@casaleondoro.it,https,WordPress,Sì,Netsons Network,,,,Sì,No
B&B dalla ELI,Bed & Breakfast,http://www.bedandbreakfastdallaeli.it/,320 138 8785,Via Farinata degli Uberti,Bosco Chiesanuova,,bedandbreakfastdallaeli@gmail.com,https,WordPress,Sì,Hetzner Online GmbH,,,,Sì,No
La Stua SNC,Ristorante,https://www.lastuaerbezzo.it/it/,045 707 5520,"Circonvallazione Monte Baldo, 65",Erbezzo,,info@lastuaerbezzo.it,https,WordPress,No,Server Plan S.r.l.,,,,Sì,No
Hotel Ristorante Frizzolan,Hotel,http://www.hotelfrizzolan.it/,045 678 0687,"Piazza Borgo, 5",Bosco Chiesanuova,,,https,Shopify,Sì,Aruba S.p.A.,,,,Sì,No
Araldo Eco-Lodge,Hotel,,045 708 0485,"Via Carcereri, 22",Bosco Chiesanuova,,,,,,,,,,,
Beb Le Nosare,Bed & Breakfast,http://www.beblenosare.it/,348 818 9152,Contrada Tonghe di Sotto 1,Bosco Chiesanuova,,,https,WordPress,No,Aruba S.p.A.,,,,Sì,No
Country Club da Cesco,Bed & Breakfast,http://www.biodacesco.it/,329 404 0389,"Via Chiesure, 17",Borso del Grappa,,info@biodacesco.it,https,React,No,SEEWEB s.r.l.,,,,Sì,No
Residence Gonda&Giuliano,Alloggi al coperto,http://www.residencegondaegiuliano.com/,331 767 7683,"Via Giovanni da Semonzo, 12",Borso del Grappa,,gondaegiuliano@gmail.com,https,WordPress,No,Host Europe GmbH,,,,Sì,No
Kiki,Residence,http://bed-and-breakfast.it/it/veneto/kiki-borso-del-grappa/65286,370 316 9615,"Via al Calderon, 21",Borso del Grappa,,,https,Laravel,Sì,"Amazon.com, Inc.",,,,Sì,No
Le Fate Corbezzole,Bed & Breakfast,http://www.corbezzole.it/,348 694 0158,"Via Marze, 18/A",Romano d'Ezzelino,,info@corbezzole.it,https,Shopify,Sì,Hetzner Online GmbH,,,,Sì,No
Locanda77,Ristorante,http://www.locanda77.it/,351 505 6755,"Str. Generale Giardino, 3",Borso del Grappa,,,https,Joomla,No,Netsons Network,,,,Sì,No
Tillys Locanda,Hotel,http://www.tillys.it/,392 752 8470,"Via Casale, 87",Borso del Grappa,,info@tillys.it,https,Shopify,No,Seeweb s.r.l.,,,,Sì,No
Alloggi G&G Borso Del Grappa,Alloggio completo di servizi,https://alloggiborsodelgrappa.it/,320 690 7675,"Via Molinetto, 6",Sant'Eulalia,,gianna.selle@hotmail.com,https,Angular,No,IONOS SE,,,,Sì,No
Casa sul Fiume,Bed & Breakfast,http://www.casasulfiume.it/,0424 558250,"Via Fontanazzi, 1",Solagna,,info@casasulfiume.it,https,WordPress,No,Netsons s.r.l,,,,Sì,No
Mulino di Campese,Bed & Breakfast,https://www.mulinodicampese.it/,366 837 1235,"Via Quattro Novembre, 56-58",Bassano del Grappa,,,https,React,No,Google LLC,,,,Sì,No
Antico Borgo Brunelli,Hotel,https://www.anticoborgobrunelli.it/,335 639 0032,"Contrà, Contrada Brunelli, 40",Lusiana Conco,,info@anticoborgobrunelli.it,http,WordPress,Sì,Server Plan S.r.l.,,,,Sì,No
Casa Ronzani B&B,Bed & Breakfast,,333 210 1815,"Via Ronzani, 5",Salcedo,,,,,,,,,,,
B&B La Scuola Guesthouse,Bed & Breakfast,https://www.locandalascuola.com/?utm_source=google&utm_medium=organic&utm_campaign=GoogleMyBusiness,0424 066244,"Via Campana, 20",Lusiana Conco,,info@locandalascuola.com,https,Angular,No,OVH SAS,,,,Sì,No
Civico 493 bed&breakfast,Bed & Breakfast,https://civico-493-bedbreakfast.camerainitalia.top/,393 707 4942,"Via Baratta Vecchia, 49",Preganziol,,,https,React,No,Contabo GmbH,,,,Sì,No
Bed and Breakfast Le Tezze,Bed & Breakfast,,0422 362164,"Via Tezze, 2",Silea,,,,,,,,,,,
Hotel al Giardino,Hotel,https://www.hotelalgiardino.it/,0422 406406,"Via Sant'Antonino, 300a",Treviso,,info@hotelalgiardino.it,https,ASP.NET,Sì,Hetzner Online GmbH,,,,Sì,No
Hotel Roy Treviso,Hotel,http://www.royhotel.it/,338 600 9560,"Via Cendon, 16",Silea,,info@royhotel.it,https,WordPress,Sì,Aruba S.p.A.,,,,Sì,No
Osteria alla Pasina,Ristorante,http://www.pasina.it/,0422 382112,"Via Marie, 3",Dosson,,pasina@pasina.it,https,WordPress,No,OVH ISP,,,,Sì,No
B&B Al Sogno di Laura,Bed & Breakfast,https://beb.it/alsognodilaura,347 127 7393,"Via Arrigo Boito, 13",Treviso,,,https,Vue,No,"Amazon.com, Inc.",,,,Sì,No
Hotel Magnolia,Hotel,http://www.magnoliahotel.it/,0422 93375,"Str. Terraglio, 136/2",Preganziol,,eventi@guideveneto.it,https,WordPress,No,Hetzner Online GmbH,,,,Sì,No
Bed and Breakfast Sily,Bed & Breakfast,http://bbsily.org/,392 264 3309,"Via Madonna della Salute, 16",Silea,,,https,WordPress,No,"Amazon.com, Inc.",,,,Sì,No
Valle B&B,Bed & Breakfast,https://vallebb.com/,349 501 0211,"Via Valdilonte 1 Località Poletti 1, frazione Valle Castelgomberto",Isola Vicentina,,info@vallebb.com,https,WordPress,No,Hostinger International Limited,,,,Sì,No
Agriturismo Le Poscole Al Canton,Ristorante,https://agriturismoleposcole.it/,0445 940695,"Strada Comunale Canton, 17",Castelgomberto,,info@agriturismoleposcole.it,https,WordPress,Sì,HOST-VDC,,,,Sì,No
Bed & Breakfast A Casa di Laura,Hotel,https://beb.it/acasadilauraocchiobello,333 273 0069,"Vicolo delle Istituzioni, 38B",Occhiobello,,,https,Laravel,No,"Amazon.com, Inc.",,,,Sì,No
Azienda Agrituristica Valgrande,Agriturismo,http://www.agrivalgrande.it/,0425 704086,"Via Riviera, 849",Bagnolo di Po,,info@agrivalgrande.it,https,WordPress,Sì,Netsons Network,,,,Sì,No
Agriturismo-Fattoria didattica VAL DI RANA,Agriturismo,http://www.valdirana.it/Fattoria.htm,348 517 2622,via T.Spalletti 1491,Trecenta,,info@valdirana.it,http,ASP.NET,No,Aruba S.p.A. Network,,,,Sì,No
Alloggio Al Giardino,Alloggio completo di servizi,,340 273 3759,"Via Giacomo Brodolini, 18",Santa Maria Maddalena,,,,,,,,,,,
Albergo Centrale Trecenta,Hotel,,371 430 3349,"Piazza Giuseppe Garibaldi, 10",Trecenta,,,,,,,,,,,
Bed & Breakfast da Matteo,Bed & Breakfast,http://bb-damatteo.com/,335 590 2462,"Via Argine Sabato, 1202",Stienta,,grazianovillani@coopstudio.com,http,ASP.NET,No,Aruba S.p.A. Network,,,,Sì,No
Melograno Rooms B&B CIN: IT024017C1L6MG6CLH,Bed & Breakfast,http://www.melogranorooms.it/,347 644 9039,"Via De Gasperi A., 11",Brogliano,,,,Duda,Non trovato,"Cloudflare, Inc.",,,,Stato Non Determinato,No
B&B Luna,Bed & Breakfast,http://www.bnbluna.com/,339 432 5374,"Via Castello, 8/a",Cereda,,bnbluna@gmail.com,https,WordPress,No,SEEWEB s.r.l.,,,,Sì,No
Agriturismo Delizia d'Este,Agriturismo,http://www.deliziadeste.it/,0532 724449,"Via dei Calzolai, 259",Ferrara,,,https,ASP.NET,No,Aruba S.p.A. Network,,,,Sì,No
Bed & Breakfast Ca' Delfina,Bed & Breakfast,http://www.cadelfina.altervista.org/,339 425 1223,"Via Postioma di S. Floriano, 60",Castelfranco Veneto,,,http,WordPress,No,Hetzner Online GmbH,,,,Sì,No
Ca' Boin Bed & Breakfast,Bed & Breakfast,http://www.caboin.it/,338 230 1653,"Via dei Piazzotti, 29",Albaredo di Vedelago,,,https,WordPress,No,"Amazon.com, Inc.",,,,Sì,No
Bed And Breakfast Otium Negotium,Bed & Breakfast,https://bbotiumnegotium.weebly.com/,331 348 7013,"Via S. Pio X, 88",Castelfranco Veneto,,,https,Weebly,Sì,"Weebly, Inc.",,,,Sì,No
Bed & Breakfast Veneto Centrale,Bed & Breakfast,http://www.bbvenetocentrale.it/,340 052 9442,"Via S. Giustina, 3",Castello di Godego,,venetocentrale@libero.it,http,ASP.NET,No,Aruba S.p.A. Network,,,,Sì,No
Blenheim Rooms,Alloggio completo di servizi,,0423 494282,"Borgo Pieve, 88",Castelfranco Veneto,,,,,,,,,,,
Agriturismo Cà Amedeo,Agriturismo,http://www.caamedeo.com/,0423 495923,"Via Sabbionare, 28",Castelfranco Veneto,,info@caamedeo.com,https,React,No,Hetzner Online GmbH,,,,Sì,No
Bed e Breakfast Don Carlos,Bed & Breakfast,,377 231 3334,"Via Rizzieri Serato, 194",San Martino di Lupari,,,,,,,,,,,
Albergo alla Speranza,Hotel,https://locanda-la-speranza.it/,0423 494480,"Borgo Vicenza, 13",Castelfranco Veneto,,info@locanda-la-speranza.it,https,WordPress,No,Server Plan S.r.l.,,,,Sì,No
Bed and Breakfast Al Fluviale,Bed & Breakfast,https://www.hotelsandiamo.com/al-fluviale/,327 878 0281,"Via Darsena, 4",Ferrara,,,https,WordPress,No,"Cloudflare, Inc.",,,,Sì,No
La Chance CIN IT038008B45PRASR8Q,Bed & Breakfast,https://www.hotelsandiamo.com/la-chance/,338 758 5419,"Via Guglielmo Marconi, 162",Ferrara,,,https,Shopify,No,"Cloudflare, Inc.",,,,Sì,No
CameraCafè Ferrara,Bed & Breakfast,https://www.cameracafeferrara.com/,351 887 4893,"Via Borgo dei Leoni, 91",Ferrara,,cameracafeferrara@gmail.com,https,React,No,SEEWEB s.r.l.,,,,Sì,No
Charlie Chaplin,Bed & Breakfast,,0532 866175,"Piazza XX Settembre, 65",Tamara,,,,,,,,,,,
Le stanze di LaVi,Hotel,https://www.hotelsandiamo.com/le-stanze-di-lavi/,331 698 4311,"Corso Porta Po, 78",Ferrara,,,https,WordPress,No,"Cloudflare, Inc.",,,,Sì,No
Elis' House,Bed & Breakfast,http://www.elishouse.it/,0438 897009,"Via Brigata Mantova, 11/a",Moriago della Battaglia,,,https,ASP.NET,No,Aruba S.p.A.,,,,Sì,No
Agriturismo La Strozza,Agriturismo,http://www.agriturismolastrozza.it/,0532 724664,"Via Strozza, 10",Ferrara,,info@agriturismolastrozza.it,https,WordPress,No,OVH SAS,,,,Sì,No
ELIS' ROOMS,Alloggio completo di servizi,http://www.elisrooms.it/,0438 173 6348,"Via delle Rive, 7",Sernaglia della Battaglia,,,https,ASP.NET,No,Aruba S.p.A.,,,,Sì,No
Agriturismo Villa Panigai,Agriturismo,http://www.agriturismovillapanigai.com/,348 765 3030,"Via S. Francesco, 12",Farra di Soligo,,,https,WordPress,Sì,Aruba S.p.A.,,,,Sì,No
el Zhìgol,Bed & Breakfast,http://www.elzhigol.it/,324 748 1226,"Via Cal Nova, 41",Farra di Soligo,,elzhigol@gmail.com,https,Shopify,No,velia.net,,,,Sì,No
Garage con camere,Alloggio con uso cucina,,324 080 8646,"Via Gaetano Schiratti, 113",Pieve di Soligo,,,,,,,,,,,
B&B Alla Suite,Bed & Breakfast,http://www.bballasuite.it/,340 636 8757,"Via Mario Gerlin, 11",Pieve di Soligo,,,https,Weebly,No,"Amazon.com, Inc.",,,,Sì,No
B&B Casa del Conte,Bed & Breakfast,,338 180 7969,"Via Carlo Conte, 27",Soligo,,,,,,,,,,,
B&B Agli Angeli,Bed & Breakfast,,389 172 1601,"Via Borgo Stolfi, 45",Pieve di Soligo,,,,,,,,,,,
BBConegliano Borlini,Bed & Breakfast,,351 416 3075,"Via Giuseppe Borlini, 14A",Conegliano,,,,,,,,,,,
"Hotel Villa Soligo, an SLH Hotel",Hotel,https://www.hotelvillasoligo.it/,0438 173 6929,"Via Guglielmo Marconi, 2",Farra di Soligo,,welcome@hotelvillasoligo.it,https,WordPress,No,Made Network Srl,,,,Sì,No
Hotel Città di Conegliano,Hotel,,0438 32657,"Via Angelo Parrilla, 1",Conegliano,,,,,,,,,,,
Biss Badaliss,Ristorante,http://www.bissbadaliss.it/,0438 960133,"Via Madean, 45",Miane,,info@bissbadaliss.it,https,WordPress,No,SEEWEB s.r.l.,,,,Sì,No
Agriturismo La Bella,Agriturismo,http://www.labellafollina.it/,0438 970309,"Via Ligonto, 8",La Bella-ligonto,,,,WordPress,No,Keliweb S.R.L,,,,Sì,No
Locazione Turistica Cocodè,Bed & Breakfast,,348 756 0604,"Via Carmine, 129",Miane,,,,,,,,,,,
Relais La Dolce Vite,Hotel,https://www.relaisladolcevite.it/,327 072 5870,"Via Calpena, 41/A-B",San Vendemiano,,info@relaisladolcevite.it,https,React,Sì,Signet B.V,,,,Sì,No
Mezzosale,Ristorante,https://www.mezzosale.it/,0438 336717,"Via XX Settembre, 96",Conegliano,,info@mezzosale.it,https,ASP.NET,No,Aruba S.p.A.,,,,Sì,No
Hotel Eurorest,Hotel,http://www.euroresthotel.it/,0438 370753,"Viale Italia, 329",Conegliano,,info@euroresthotel.it,https,React,No,Aruba S.p.A.,,,,Sì,No
Al Botton D'Oro,Bed & Breakfast,https://beb.it/albottondoro,366 955 3433,"Via Padova, 14",Conegliano,,,https,Squarespace,No,"Amazon.com, Inc.",,,,Sì,No
Casa Toè,Alloggio con uso cucina,https://casatoeguesthouse.it/,339 206 4352,"Via G. Verdi, 57",Conegliano,,info@casatoe.it,https,WordPress,Sì,Netsons s.r.l.,,,,Sì,No
Hotel Cristallo,Hotel,http://www.hotelcristalloconegliano.it/,0438 35445,"Via G. Mazzini, 45",Conegliano,,info@hotelcristalloconegliano.it,https,React,Sì,Netsons s.r.l.,,,,Sì,No
Il Giuggiolo,Bed & Breakfast,http://www.b-bilgiuggiolo.it/,348 055 6675,"Via Vecchia Trevigiana, 48",Conegliano,,,https,Webnode,No,Amazon Technologies Inc.,,,,Sì,No
Hotel Canon d'Oro,Hotel,https://www.hotelcanondoro.it/?utm_source=gbp&utm_medium=organic,0438 34246,"Via XX Settembre, 131",Conegliano,,info@hotelcanondoro.it,https,React,Sì,Simply Transit Ltd,,,,Sì,No
Tenuta Sant'Eufemia,Agriturismo,http://www.tenutasanteufemia.it/,0438 486794,"Via Borgo America, 22",San Pietro di Feletto,,tenutasanteufemia@gmail.com,https,Magento,Sì,Host SpA,,,,Sì,No
Sporting Hotel Ragno d'Oro,Hotel,http://www.hotelragnodoro.it/,0438 412300,"Via Generale Armando Diaz, 37",Conegliano,,info@hotelragnodoro.it,http,ASP.NET,No,Srnet Srl,,,,Sì,No
Al Noceto,Hotel,,320 841 7265,"Via Talpe, 16",Tribano,,,,,,,,,,,
B&B Fortuines,Bed & Breakfast,,348 228 8588,"Via Scamozzi, 1",Monselice,,,,,,,,,,,
B&B A Casa di Luis,Bed & Breakfast,,328 826 0185,"Via Cristoforo Colombo, 36",Monselice,,,,,,,,,,,
Italy Vacation Rentals,Agenzia di affitto di case per vacanze,http://www.italy-vacation-rentals.net/,0429 719206,"Via Ronchi, 6",San Pietro Viminario,,giorgio@italy-vacation-rentals.net,http,WordPress,No,Register.IT S.p.A,,,,Sì,No
B&B Famiglia Pin,Bed & Breakfast,,340 860 1385,"Strada dei Zanella, 1",Cordignano,,,,,,,,,,,
Agriturismo Acero Rosso,Alloggio completo di servizi,http://www.acerorosso.net/,366 615 5798,"Strada dei Masi, 39/b",Sacile,,agriturismo@acerorosso.net,https,Shopify,Sì,Irideos S.P.A.,,,,Sì,No
Resort Brandolini Rota,Hotel Resort,http://www.resortbrandolinirota.it/,366 488 4945,"Via Roma, 147",Cordignano,,resortbrandolinirota@gmail.com,https,ASP.NET,No,Aruba S.p.A. Network,,,,Sì,No
Agriturismo La Chiocciola,Agriturismo,http://www.agriturismolachiocciola.com/,0434 781984,"Viale Trento, 94",Sacile,,info@agriturismolachiocciola.com,https,WordPress,No,SEEWEB s.r.l.,,,,Sì,No
B&B La Casa di Elsa,Bed & Breakfast,,346 241 2805,"Via Sacile, 33",Fontaniva,,,,,,,,,,,
Hotel Mirella e Ristorante-Bar Don Bacco,Hotel,http://www.mirellahotel.it/,0438 991682,"Via Pontebbana, 22",Orsago,,,https,React,Sì,Aruba S.p.A.,,,,Sì,No
B&B Lory's Dream,Bed & Breakfast,,335 803 9324,"Via Giuseppe Garibaldi, 24",Fontanafredda,,,,,,,,,,,
Albergo Due Fiumi,Hotel,http://www.due-fiumi.it/,0434 70820,"Via Bertolissi, 35",Sacile,,info@due-fiumi.it,https,WordPress,Sì,Aruba S.p.A. Network,,,,Sì,No
Casa Carrer B&B,Bed & Breakfast,http://www.casacarrer.it/,348 035 1670,"Str. Valle Brugnera, 7",Sacile,,,https,WordPress,No,Aruba S.p.A.,,,,Sì,No
Balabuska Rooms & Garden,Hotel,http://www.balabuskarooms.it/,389 285 7340,"Str. Romea, 8/b",Codevigo,,info@balabuskarooms.it,,WordPress,Sì,Aruba S.p.A.,,,,Sì,No
B&B Ai Fiori,Bed & Breakfast,,327 154 4120,"Via S. Donato, 35",Cittadella,,,,,,,,,,,
Bed & Breakfast La Calandra,Bed & Breakfast,,049 940 1001,"Via Facca, 65",Cittadella,,,,,,,,,,,
Agriturismo DA GAS,Bed & Breakfast,,340 981 2369,"Via Gramsci, 571",San Giorgio in Bosco,,,,,,,,,,,
Hotel Due Mori,Hotel,http://www.hotelduemori.it/,049 940 1422,"Via Borgo Bassano, 149",Cittadella,,info@hotelduemori.it,http,WordPress,No,Aruba S.p.A. Network,,,,Sì,No
B&B Casa Belvedere,Bed & Breakfast,,391 479 8796,Via degli Alpini,Tezze sul Brenta,,,,,,,,,,,
La Bicicletta B&B,Bed & Breakfast,http://labiciclettabb.com/,340 871 9713,"Via S. Maria, 58",Cittadella,,gazzettogiancarla@gmail.com,https,Angular,No,"Automattic, Inc",,,,Sì,No
B&B Rio Della Pila,Bed & Breakfast,https://riodellapila.wixsite.com/bbriodellapila,351 531 5383,"Via Ippolito Nievo, 16",San Martino di Lupari,,riodellapila@gmail.com,https,Wix,No,Google LLC,,,,Sì,No
Hotel Roma,Hotel,http://www.hotelromacittadella.it/,049 689 4782,"Stradella G. Castellan, 2",Cittadella,,info@hotelromacittadella.it,https,Shopify,No,Server Plan S.r.l.,,,,Sì,No
Casa Amigos 2,Bed & Breakfast,,329 775 0121,"Via Torrossa, 20",Camisano Vicentino,,,,,,,,,,,
La Casa Vecchia B&B,Bed & Breakfast,https://lacasavecchia7.wixsite.com/bedandbreakfast,333 239 5061,"Via Palazzon, 7/A",Camisano Vicentino,,lacasavecchia7@gmail.com,https,Wix,Sì,Google LLC,,,,Sì,No
La Casetta di Ugo,Bed & Breakfast,,340 378 0504,"La Casetta di Ugo, Via Cuminello, 44",Grisignano di Zocco,,,,,,,,,,,
B&B El Criveo,Bed & Breakfast,http://www.elcriveo.it/,328 575 1014,"Via Tolleo, 32",Piazzola sul Brenta,,info@elcriveo.it,https,Shopify,No,Aruba S.p.A.,,,,Sì,No
Agriturismo La Moneghina,Agriturismo,http://www.lamoneghina.it/,328 038 3636,"36040, Via Monache, 7",Grumolo delle Abbadesse,,info@lamoneghina.it,https,WordPress,No,Aruba S.p.A.,,,,Sì,No
Alloggio ACERI,Bed & Breakfast,,339 155 7682,"Via Aldo Moro, 20",Quinto Vicentino,,,,,,,,,,,
Camerini Guest House,Bed & Breakfast,https://cameriniguesthouse.it/,327 489 4862,"Via XX Settembre, 71",Piazzola sul Brenta,,,https,WordPress,No,Server Plan S.r.l.,,,,Sì,No
Cinzia E Roby B&B,Bed & Breakfast,,392 443 7026,"Via Piazza Villaganzerla, 4",Villaganzerla,,,,,,,,,,,
B&B Ampiorespiro,Bed & Breakfast,,328 400 7725,"Via Castagnarola, 2",Baone,,,,,,,,,,,
Ristorante Dai Gelosi,Ristorante,http://www.daigelosi.it/,0444 357438,"Via Aldo Moro, 38",Quinto Vicentino,,info@daigelosi.it,https,Shopify,Sì,Netsons s.r.l.,,,,Sì,No
Ca' Orologio,Agriturismo,http://www.caorologio.com/,0429 50099,"Via Ca' Orologio, 7A",Baone,,,https,React,No,Server Plan S.r.l.,,,,Sì,No
Le Volpi,Azienda vinicola,http://www.levolpi.it/,0429 59019,"Via Gemola, 14",Baone,,info@levolpi.it,https,React,Sì,OVH SAS,,,,Sì,No
Bed&Book Casa Novecento,Bed & Breakfast,http://www.casanovecentofeltre.it/,366 935 9543,"Via Molan, n. 2",Feltre,,info@casanovecentofeltre.it,https,Shopify,Sì,Aruba S.p.A. Network,,,,Sì,No
Casa Ester Feltre,Hotel,http://www.casaester.it/,339 572 9863,"Via Fosse, 10",Feltre,,,https,WordPress,No,"Amazon.com, Inc.",,,,Sì,No
AZIENDA AGRICOLA CA’ LUNGA,Azienda vinicola,https://www.calunga.it/,351 531 3454,"Via Prossima, 31\C",Cinto Euganeo,,info@ca-lunga.com,https,Joomla,Sì,Server Plan S.r.l.,,,,Sì,No
Alla Cesa,Ristorante,https://www.allacesa.it/,346 164 1569,"Viale Farra, 36",Feltre,,,https,Joomla,Sì,Aruba S.p.A. Network,,,,Sì,No
Panorama Feltre,Bed & Breakfast,,380 311 2206,"Via S. Giuseppe, 20",Feltre,,,,,,,,,,,
ScalaBi B&B Feltre,Bed & Breakfast,,380 348 6870,"Via Cornelio Castaldi, 2",Feltre,,,,,,,,,,,
Villa San Liberale - Suites & Wellness,Bed & Breakfast,http://www.villasanliberale.it/,347 967 6850,"Via S. Liberale, 9",Feltre,,,https,WordPress,Sì,Aruba S.p.A.,,,,Sì,No
B&B Bus De L'Och,Bed & Breakfast,http://www.bed-and-breakfast.it/pagina.cfm?ID=24382&IDregione=20,0439 81322,"Salita Giovanni da Vidor, 11",Feltre,,,https,Joomla,Sì,"Amazon.com, Inc.",,,,Sì,No
La Tana Del Grillo,Bed & Breakfast,http://latanadelgrillo.it/,347 245 4110,"Via Valentine, 24",Feltre,,info@latanadelgrillo.it,https,WordPress,No,Aruba S.p.A.,,,,Sì,No
A casa di Checco,Bed & Breakfast,,348 053 1375,"Via Paradiso, 18",Feltre,,,,,,,,,,,
Lio&Lara Locazione Turistica,Alloggio con uso cucina,http://www.lioelara.it/,347 913 9687,"Via Cassie, 8",Feltre,,info@lioelara.it,https,WordPress,No,Aruba S.p.A. Network,,,,Sì,No
Casa Giovannella,Bed & Breakfast,http://www.casagiovannella.it/,320 925 5363,"Via della Chiesa, 21",Zermen,,,https,Joomla,Sì,Aruba S.p.A. Network,,,,Sì,No
Agriturismo Casa Guarnieri,Bed & Breakfast,http://www.casaguarnieri.com/,328 817 5881,"Via S. Giuseppe, 6",Feltre,,,https,Wix,Sì,Google LLC,,,,Sì,No
"casa in montagna, vicino al lago di Garda",Alloggio completo di servizi,,340 871 1437,via valdefort,Ferrara di Monte Baldo,,,,,,,,,,,
B&B ENANTIO,Alloggio completo di servizi,,348 697 1403,"Piazza della Vittoria, 10",Belluno Veronese,,,,,,,,,,,
B&b La Fattoria di Campasso,Bed & Breakfast,http://www.lafattoriadicampasso.com/,335 700 5992,"Località Campasso, 4",Caprino Veronese,,,https,Weebly,Sì,"Weebly, Inc.",,,,Sì,No
Hotel Edelweiss,Hotel,https://edelweiss-hotel.it/?page_id=35,045 628 9060,"Via dei Narcisi, 1",Brenzone sul Garda,,info@edelweiss-hotel.it,https,WordPress,Sì,Hostinger International Limited,,,,Sì,No
Tenuta la Comuna,Alloggio completo di servizi,,347 429 6109,"Via Giovanni Pascoli, 16",Vescovana,,,,,,,,,,,
Elle Ecoholiday,Bed & Breakfast,http://www.elleholiday.it/,045 245 6475,"Località Masotta, 7a",Dumez,,,https,React,Sì,Google LLC,,,,Sì,No
Hotel Petrarca,Hotel,http://www.ristorantehotelpetrarca.it/,0425 485176,"Via Roma, 90",Boara Pisani,,info@ristorantehotelpetrarca.it,,Angular,No,Aruba S.p.A,,,,Sì,No
Ca' Roman,Bed & Breakfast,,328 215 1977,"Via Pierluigi da Palestrina, 3",Rovigo,,,,,,,,,,,
Al Bosco Bed and Breakfast,Bed & Breakfast,,339 151 0913,"Via XXIV Maggio, 2",Sant'Elena,,,,,,,,,,,
Albergo Palladio,Hotel,http://www.albergoristorantepalladio.it/,347 388 4002,"Via Giovanni Tasso, 29",Fratta Polesine,,,https,Joomla,No,Aruba S.p.A.,,,,Sì,No
Bed & Breakfast Danielle,Hotel,,328 126 9867,"Via Farlenda, 32",Barbarano Vicentino,,,,,,,,,,,
Hotel Aqua Crua,Hotel,http://www.hotelaquacrua.it/,0444 776096,"P.za Calcalusso, 11/B",Barbarano Vicentino,,info@aquacrua.it,https,Shopify,Sì,Aruba S.p.A.,,,,Sì,No
Frantoio Olive Barbarano,Oleificio,http://www.frantoiobarbarano.com/,0444 886111,"Via A. Ferretto, 1",Barbarano Mossano,,,https,React,Sì,Hostinger International Limited,,,,Sì,No
Castello di Barbarano,Bed & Breakfast,http://www.castellomarinoni.com/,0444 886055,"Via Castello, 6",Barbarano,,info@castellomarinoni.com,http,ASP.NET,No,HostPapa,,,,Sì,No
SESTO SENSO - B&B casa vacanze,Bed & Breakfast,,340 905 9180,"Via 4 Novembre, 30/A",Barbarano Mossano,,,,,,,,,,,
Borgo dei sensi,Bed & Breakfast,http://borgodeisensi.it/,338 705 8606,"Via Ex Dogana, 131",Casumaro,,,https,React,No,OVH SAS,,,,Sì,No
La Vista Postcard Hotel,Hotel,https://www.lavistahotellazise.it/,045 758 0279,"Corso Cangrande, 61",Lazise,,info@lavistahotellazise.it,https,Shopify,Sì,Server Plan S.r.l.,,,,Sì,No
B&B Lucy Bardolino,Alloggi al coperto,http://bblucybardolino.it/,348 592 5962,"Via Marconi, 28/1",Bardolino,,,https,Vue,No,"Amazon.com, Inc.",,,,Sì,No
Affittacamere Bardolino,Bed & Breakfast,http://www.affittacamerebardolino.it/,379 117 2356,"Via Monte Baldo, 2",Calmasino,,info@affittacamerebardolino.it,https,Concrete5,No,Server Plan S.r.l.,,,,Sì,No
Hotel Capri Bardolino,Hotel,http://www.hotel-capri.com/,045 721 0106,"Via Mirabello, 21",Bardolino,,info@hotel-capri.com,https,React,Sì,Genesys Informatica S.r.l.,,,,Sì,No
Hotel Benacus,Hotel,http://www.hotelbenacus.it/,045 621 0282,"Via Madonnina, 11",Bardolino,,info@hotelbenacus.it,https,Shopify,Sì,Aruba S.p.A. Network,,,,Sì,No
Casaliva Relais,Hotel,http://www.casaliva.it/,349 736 5879,"Str. di Sem, 6",Bardolino,,info@casaliva.it,https,WordPress,Sì,Aruba S.p.A.,,,,Sì,No
Hotel Al Sole,Hotel,http://www.alsole.it/,045 721 0822,"Via S. Colombano, 5",Bardolino,,info@alsole.com,https,Shopify,No,Server Plan S.r.l.,,,,Sì,No
Le Greghe,Hotel,http://www.legreghe.it/,045 485 3058,"Str. delle Greghe, 9",Lazise,,info@legreghe.it,https,Shopify,No,Aruba S.p.A.,,,,Sì,No
MaisonMe Boutique Hotel,Hotel,http://www.maisonme.it/,045 621 0900,"Lungolago F. Cipriani, 8",Bardolino,,info@maisonme.it,https,WordPress,No,Server Plan S.r.l.,,,,Sì,No
Alessio Giuseppe | Alessio Camere,Alloggi al coperto,http://www.alessiocamere.it/,045 721 0698,"Via Vasco de Gama, 10",Bardolino,,,https,React,No,Aruba S.p.A. Network,,,,Sì,No
Bed and Breakfast Casa Taty CIN: IT027012B4E3USENQO,Bed & Breakfast,http://www.casataty.it/,349 257 5464,"Via Benedetto Cairoli, 133",Dolo,,,https,Angular,No,"Amazon.com, Inc.",,,,Sì,No
Hotel Antille,Hotel,https://www.hotelantille.com/,041 510 1947,"Via Monte Rosa, 2",Cazzago,,,https,ASP.NET,No,OVH SAS,,,,Sì,No
Hotel Ristorante Magia del Brenta - Riviera del Brenta,Hotel,https://www.magiadelbrenta.com/,049 830 7673,"Via Naviglio, 13",Fiesso d'Artico,,info@magiadelbrenta.com,https,WordPress,Sì,Keliweb S.R.L,,,,Sì,No
Belvedere S.N.C.,Hotel,,041 516 0533,"Viale Papa Giovanni XXIII, 127",Fiesso d'Artico,,,,,,,,,,,
B&B Cà Pisani,Bed & Breakfast,https://www.capisani.com/,349 588 6082,"Via Barbariga Paluello, 5/int 1",Stra,,info@capisani.com,https,Shopify,No,One.com A/S,,,,Sì,No
Agriturismo Villa Serena,Servizio di ricerca di compagni di stanza,http://www.agriturismovillaserena.it/,049 983 0957,"Via Nogia, 28",Vigonovo,,info@villaserena.us,https,ASP.NET,No,OVH SAS,,,,Sì,No
Borgo Pertile,Hotel,,393 901 8871,"Via Antonio Pertile, 110",Stra,,,,,,,,,,,
Hotel Villa Giulietta,Hotel,https://www.hotelvillagiulietta.it/,041 516 1500,"Via Riviera del Brenta, 169",Fiesso d'Artico,,,https,Shopify,No,IT.Gate S.p.A.,,,,Sì,No
Hotel Angi,Hotel,http://www.angihotel.it/,041 416 5442,"Via Artigianato, 1",Fossò,,info@angihotel.it,http,WordPress,No,Aruba S.p.A. Network,,,,Sì,No
Alla Campana,Hotel,http://www.albergoallacampana.com/,041 410198,"Via Giuseppe Mazzini, 78",Dolo,,info@albergoallacampana.com,http,ASP.NET,No,Sharktech,,,,Sì,No
B&B Villa Stefania,Bed & Breakfast,,335 547 1249,"Via Marezzane, 3",Noventana,,,,,,,,,,,
B&B Ca' Loi,Bed & Breakfast,https://www.caloi.eu/,041 436420,"Via Papa Giovanni XXIII, 18",Ballò,,,https,React,Sì,Google LLC,,,,Sì,No
Hotel Grisu Collins,Hotel,,0425 741567,"Via I Maggio, 323",Fiesso Umbertiano,,,,,,,,,,,
B&B Tabiarel,Bed & Breakfast,https://bb-tabiarel.italiabella.top/,338 340 7853,"Via Monte Piedo, 19",Danta,,,https,React,No,Contabo GmbH,,,,Sì,No
b&b de by,Bed & Breakfast,http://www.bebdeby.com/,348 532 9308,"Via Campitello, 20 A",San Nicolò di Comelico,,,https,Weebly,Sì,"Weebly, Inc.",,,,Sì,No
B&b Campitello 13,Bed & Breakfast,https://campitello13.it/,0435 196 0664,"Via Campitello, 13",Campitello,,info@campitello13.it,https,WordPress,No,Aruba S.p.A,,,,Sì,No
Agriturismo Boton D'Oro,Agriturismo,http://agriturismobotondoro.it/,346 243 9423,"Via Costa, 5",San Nicolò di Comelico,,info@agriturismobotondoro.it,http,WordPress,No,Aruba S.p.A.,,,,Sì,No
Affittacamere Al Sole,Bed & Breakfast,https://www.alsolevalcomelico.it/,331 471 3568,"Via Don Angelo Arnoldo, 28",Costalissoio,,alsolevalcomelico@gmail.com,https,Shopify,No,Aruba S.p.A. Network,,,,Sì,No
A Ceda Toa B&B,Bed & Breakfast,https://acedatoa.it/,389 119 4218,"Via Piave, 63",San Pietro di Cadore,,info@acedatoa.it,https,WordPress,Sì,Genesys Informatica S.r.l,,,,Sì,No
Cedavécia Bed & Breakfast,Bed & Breakfast,https://www.cedavecia.it/,348 321 5107,"Via Sala, 2",Comelico Superiore,,info@cedavecia.it,https,React,No,Aruba S.p.A.,,,,Sì,No
Bed & Breakfast La Cordera,Bed & Breakfast,,347 892 5115,"Via del Popolo, 2",San Pietro di Cadore,,,,,,,,,,,
B&B Al Mulin,Bed & Breakfast,http://almulinbnb.it/,347 128 8146,"Vicolo Nuovo, 18",Padola,,info@almulinbnb.it,https,React,No,Hetzner Online GmbH,,,,Sì,No
B&B Casamaddalena,Bed & Breakfast,,338 169 3670,Piazza Pietro Baldissarutti,Santo Stefano di Cadore,,,,,,,,,,,
Affittacamere da Annarè,Hotel,http://affittacamereannare.altervista.org/,366 535 7680,"Via VI Novembre, 79",Candide,,,https,WordPress,Sì,"Cloudflare, Inc.",,,,Sì,No
Antico Tabià Dolomitico,Bed & Breakfast,https://www.anticotabiadolomitico.it/,349 611 0246,"Via Costalta, 60/M",Santo Stefano di Cadore,,info@anticotabiadolomitico.it,https,React,Sì,Netsons s.r.l.,,,,Sì,No
B&B Bagni di sole,Hotel,http://www.bbbagnidisole.it/,378 406 1742,"Via Moia, 1",Campo San Martino,,,https,Angular,No,"Amazon.com, Inc.",,,,Sì,No
Agriturismo con alloggi Honey Farm,Agriturismo,http://swite.com/agriturismohoneyfarm,349 874 1825,"Via dell'Orto, 52b",Piazzola sul Brenta,,,https,Angular,No,Aruba S.p.A. Network,,,,Sì,No
Tenuta Le Risare,Location per matrimoni,http://www.lerisare.it/,340 756 2551,"Via Stradone, 2",Campo San Martino,,bb.lerisare@gmail.com,https,WordPress,No,Aruba S.p.A,,,,Sì,No
Antico Alveo,Bed & Breakfast,,328 464 9257,"Via Leonardo Da Vinci, 23",Camponogara,,,,,,,,,,,
Agriturismo B&B La Storara Di Cavinato Leonardo,Agriturismo,,348 765 0968,"Via A. Manzoni, 1",Piazzola sul Brenta,,,,,,,,,,,
Agriturismo La Chioccia,Agriturismo,http://www.agriturismolachioccia.it/,339 842 4610,"Via Marzabotto, 32",Lughetto,,lachioccia@libero.it,https,ASP.NET,No,OVH SAS,,,,Sì,No
Hotel Posta 77,Hotel,https://www.hotelposta77.it/,049 599 6700,"Via Andrea Palladio, 6",San Giorgio in Bosco,,info@hotelposta77.it,https,Joomla,No,Aruba S.p.A. Network,,,,Sì,No
Hotel Antica Corte Marchesini,Hotel,http://www.hotelcortemarchesini.it/,041 514 0552,"Via Fratelli Cervi, 1",Campagna Lupia,,info@hotelcortemarchesini.it,https,WordPress,Sì,Host SpA,,,,Sì,No
B&B Villa Trotter,Bed & Breakfast,https://www.villatrotter.it/,348 564 0206,"Riviera Giacomo Matteotti, 68a",Mira,,info@villatrotter.it,https,WordPress,No,Aruba S.p.A.,,,,Sì,No
Hotel Relais Alcova del Doge,Hotel,http://www.alcovadeldoge.it/,041 424816,"Via Nazionale, 39/40",Mira,,info@alcovadeldoge.it,http,React,Sì,Aruba S.p.A.,,,,Sì,No
Villa Gasparini,Hotel,http://www.villagasparini.com/,041 560 8156,"Riviera Martiri della Libertà, 37",Dolo,,,https,ASP.NET,Sì,Server Plan S.r.l.,,,,Sì,No
Hotel Ca 'Tron,Hotel,http://www.hotelcatron.com/,041 410367,"Via Cà Tron, 1",Dolo,,info@hotelcatron.it,https,Shopify,No,"Cloudflare, Inc.",,,,Sì,No
Corte Foscara,Agriturismo,https://www.cortefoscara.it/,333 571 5377,"Via Foscara, 20/A",Mira,,info@cortefoscara.it,https,WordPress,No,Hetzner Online GmbH,,,,Sì,No
Al Cavallino,Hotel,http://www.alcavallino.com/,0438 970229,"Piazza Guglielmo Marconi, 1",Follina,,,http,Shopify,No,Aruba S.p.A. Network,,,,Sì,No
Agriturismo Memento,Alloggio completo di servizi,,338 381 9369,"Via Altariol, 12",Follina,,,,,,,,,,,
Hotel Palladio,Hotel,https://hotelpalladio.it/en/,041 698183,"Via Malcontenta, 40",Venezia,,,https,WordPress,No,"Cloudflare London, LLC",,,,Sì,No
B&B Efisia - Piras Efisia,Bed & Breakfast,https://sites.google.com/site/bbefisia/,335 538 6877,"Via Follinetta, 15",Follina,,bbefisia@gmail.com,https,Angular,No,Google LLC,,,,Sì,No
B&B Casagrande di Morona Lorenza,Bed & Breakfast,,0438 899090,"Via Verdi, 13",Campea,,,,,,,,,,,
B&B Relax,Bed & Breakfast,,338 604 6372,"Via Driovilla, 7",Miane,,,,,,,,,,,
Agriturismo al Col,Agriturismo,http://www.alcol.tv/,0438 970658,"Via Col, 10",Follina,,info@borgo.alcol.tv,http,ASP.NET,No,Telecom Italia S.p.A.IPTV Broadband Services,,,,Sì,No
Agriturismo La Dolza,Agriturismo,http://www.agriturismoladolza.it/,0438 85940,"Via la Dolza, 7",Follina,,info@agriturismoladolza.it,http,Shopify,No,LeaseWeb Netherlands B.V.,,,,Sì,No
Hotel dei Chiostri,Hotel,https://www.hoteldeichiostri.com/?utm_source=gbp&utm_medium=organic,0438 971805,"Piazza IV Novembre, 20",Follina,,info@hoteldeichiostri.com,https,React,Sì,Signet B.V,,,,Sì,No
Nikola's Valley,Bed & Breakfast,,347 674 3526,"Via delle Rizzelle, 13",Cornuda,,,,,,,,,,,
Agriturismo Villa Bolzonello,Agriturismo,http://www.villabolzonello.com/,0423 639362,"Via Franzoia, 22",Cornuda,,villabolzonello@gmail.com,https,WordPress,No,Server Plan S.r.l.,,,,Sì,No
La Meridiana Az. Agrituristica,Bed & Breakfast,https://www.agriturismo-lameridiana.com/,348 858 3054,"Via Erizzo, 106/B",Crocetta del Montello,,info@agriturismo-lameridiana.com,https,Basekit,No,Aruba S.p.A.,,,,Sì,No
Tempo,Bed & Breakfast,,348 912 8242,"Via Roma, 51",Vidor,,,,,,,,,,,
B&B Zanin,Bed & Breakfast,,347 441 2601,"Via Erizzo, 105",Valdobbiadene,,,,,,,,,,,
Agriturismo B&b Ae Cavane,Agriturismo,http://www.agriturismoaecavane.it/,333 171 3668,"Via della Bonifica, 8 35020",Conche,,info@agriturismoaecavane.it,https,WordPress,No,OVH SAS,,,,Sì,No
Agriturismo El Sesterzio,Agriturismo,,320 198 6074,"Via Masotti, 21/C",Oderzo,,,,,,,,,,,
Agriturismo Arneroni,Ristorante,http://www.arneroni.it/,345 017 4703,"Codognè, Via arneroni 6",Codogné,,,https,WordPress,No,Aruba S.p.A. Network,,,,Sì,No
BED & BREAKFAST CA' CASONI di LEINES CARIDAD FERNANDEZ,Bed & Breakfast,,339 299 5204,"Via Umberto I°, 26",Oderzo,,,,,,,,,,,
Primhotel,Hotel,http://www.primhotel.it/,0422 713699,"Via Martiri di Cefalonia, 13",Oderzo,,info@primhotel.it,https,React,No,Contabo GmbH,,,,Sì,No
Regina - Nel cuore del Veneto,Bed & Breakfast,,349 181 7283,"Via Giannino Ancillotto, 61",Codogné,,,,,,,,,,,
Hotel Villa Carpini,Hotel,http://www.villacarpini.it/,0422 712099,"Via Comunale di Camino, 84",Oderzo,,info@villacarpini.it,https,Shopify,No,Amazon Technologies Inc.,,,,Sì,No
Agriturismo Richeton Gaiarine,Agriturismo,http://www.richeton.it/,0434 759831,"Via Terraglio, 35/b",Gaiarine,,richeton_agriturismo@libero.it,https,WordPress,Sì,Serverplan s.r.l.,,,,Sì,No
B&B Fontanella,Bed & Breakfast,,338 978 1236,SP11bis,Viggiano,,,,,,,,,,,
B&B Le Fontanelle,Bed & Breakfast,,333 449 7428,Frazione Castiglioni,Arcevia,,,,,,,,,,,
Hotel Villa Maternini,Hotel,http://www.villamaternini.com/,0438 442096,"Via Pier Antonio Mutti, 7",Vazzola,,info@villamaternini.com,https,React,Sì,Freethought Internet Limited,,,,Sì,No
OLTRES B&B,Bed & Breakfast,,346 520 3175,"Località Campo di Sotto, 70",Cortina d'Ampezzo,,,,,,,,,,,
B&B Alverà,Bed & Breakfast,,345 922 6846,"Località Ronco, 62",Cortina d'Ampezzo,,,,,,,,,,,
AganooR,Bed & Breakfast,,0422 756046,"Via Baite, 40",Basalghelle,,,,,,,,,,,
Agriturismo Ai Casoni,Agriturismo,http://www.aicasoni.it/,0438 794986,"Via Ferdinando Ferracini, 21",Codogné,,info@aicasoni.it,https,WordPress,Sì,Aruba S.p.A.,,,,Sì,No
Chalet Stadio,Bed & Breakfast,,329 403 1446,"Via dello Stadio, 11",Cortina d'Ampezzo,,,,,,,,,,,
Hotel Menardi,Hotel,https://www.hotelmenardi.it/?utm_source=google&utm_medium=organic&utm_campaign=GoogleMyBusiness,0436 2400,"Via Majon di Sopra, 110",Cortina d'Ampezzo,,,https,Joomla,No,OVH SAS,,,,Sì,No
Villa Arianna,Pensione,https://www.bed-and-breakfast.it/it/veneto/villa-arianna-cortina-d-ampezzo/38036?wt_ga=14037789023_353164730340&wt_kw=b_14037789023_&gclid=CjwKCAjwnf7qBRAtEiwAseBO_BF-HsfYDM-OxY9kNl6teK5Pzn1e751rOWML2fFipqKMSVUmQisgdhoCIHUQAvD_BwE,0436 867359,"Via Majon di Sopra, 59",Cortina d'Ampezzo,,,https,Vue,Sì,"Amazon.com, Inc.",,,,Sì,No
Hotel Majoni,Hotel,http://www.hotelmajoni.it/,0436 866945,"Via Roma, 53",Cortina d'Ampezzo,,majoni@geturhotels.com,https,React,Sì,Netsons s.r.l.,,,,Sì,No
B&BCristallo,Bed & Breakfast,https://www.bbcristallo.com/,347 170 6023,"coiana Str. nuova, 13",Cortina d'Ampezzo,,info@bbcristallo.com,https,React,No,"Cloudflare, Inc.",,,,Sì,No
Hotel Montana,Hotel,http://www.montanacortina.it/,0436 4286,"Corso Italia, 94",Cortina d'Ampezzo,,booking@montanacortina.it,https,WordPress,No,HOST-VDC,,,,Sì,No
Hotel Natale,Hotel,https://www.hotelnatale.it/?utm_source=google&utm_medium=organic&utm_campaign=GoogleMyBusiness,0436 861210,"Corso Italia, 229",Cortina d'Ampezzo,,,https,Angular,Sì,OVH SAS,,,,Sì,No
B&B Ponte di Piazza,Bed & Breakfast,,338 917 3480,"Via P. Perolari, 7",Lendinara,,,,,,,,,,,
Trattoria Lovise,Ristorante,http://www.trattoriaalbergolovise.it/,0444 971026,"Via G. Marconi, 22",Costabissara,,ilaria.lovise1@gmail.com,https,Shopify,Sì,Netsons s.r.l.,,,,Sì,No
Villa Benvenuto Appartamenti Vacanze,Residence,http://www.villabenvenuto.com/,045 720 0465,"Via Giovanni XXIII, 12b",Costermano sul Garda,,villabenvenuto@gmail.com,https,WordPress,No,Aruba S.p.A. Network,,,,Sì,No
Ca’ Malfer Bed and Breakfast,Bed & Breakfast,http://www.camalfer.it/,347 799 4244,"Via Villa, 18",Costermano sul Garda,,info@camalfer.it,https,ASP.NET,No,incubatec network,,,,Sì,No
Residence La Filanda,Hotel,http://www.lafilandacostermano.com/,045 620 9446,"Via Tavernole, 16",Costermano sul Garda,,,https,WordPress,Sì,Hetzner Online GmbH,,,,Sì,No
Hotel Pinamonte,Hotel,http://www.hotelpinamonte.it/,045 720 0091,"Via Tomaso Becelli, 14",Lago di Garda,,info@hotelpinamonte.it,https,WordPress,No,Aruba S.p.A. Network,,,,Sì,No
Borgo San Verolo B&B,Bed & Breakfast,https://www.borgosanverolo.it/,347 404 9559,"Località S. Verolo, 19",San Verolo,,info@borgosanverolo.it,https,WordPress,No,Aruba S.p.A.,,,,Sì,No
Agriturismo Val,Agriturismo,http://www.agriturismoval.com/,340 811 8035,"Località Val, 1",Costermano sul Garda,,info@agriturismoval.com,https,WordPress,No,SEEWEB s.r.l.,,,,Sì,No
Casa degli Ulivi San Verolo,Bed & Breakfast,https://www.casaulividelgarda.com/,348 226 3329,Località S. Verolo,Costermano sul Garda,,info@casaulividelgarda.com,https,WordPress,Sì,Aruba S.p.A.,,,,Sì,No
B&B Colle San Giorgio,Bed & Breakfast,http://www.collesangiorgio.it/,045 621 0103,"Localita' Fontanadino, 1",Garda,,,https,Shopify,Sì,AVELIA.IT,,,,Sì,No
B & B Nonna Amelia,Bed & Breakfast,http://www.nonnamelia.it/,331 435 4065,"Str. della Carpaneda, 169",Vicenza,,info@nonnamelia.it,https,Mobirise,Sì,IT.Gate S.p.A.,,,,Sì,No
GHV Hotel & SPA,Hotel,http://www.ghvhotel.com/,0444 149 7001,"Via Carpaneda, 5",Creazzo,,info@ghvhotel.com,https,WordPress,No,Servereasy Srl,,,,Sì,No
B&B Paraiso,Bed & Breakfast,,0444 522346,"Via Paraiso, 7",Creazzo,,,,,,,,,,,
HOTEL VERDI VICENZA,Hotel,http://www.hotelverdivicenza.it/,0444 965929,"Via Lanza, 8",Vicenza,,,https,ASP.NET,Sì,"Amazon.com, Inc.",,,,Sì,No
Appartamento vicino Fiera Vicenza,Appartamenti,,320 813 1733,"Via Olmo, 23",Creazzo,,,,,,,,,,,
Albergo - Trattoria Al Centro,Hotel,https://www.albergoalcentro.it/,0444 520527,"Via Olmo, 47",Creazzo,,info@albergoalcentro.it,https,WordPress,No,Aruba S.p.A.,,,,Sì,No
Ca' degli Ulivi,Appartamenti,http://www.cadegliuliviapartments.com/?utm_source=google&utm_medium=wix_google_business_profile&utm_campaign=6982427960690924389,349 864 5020,"Via Pizzamerlo, 4",Creazzo,,,https,React,Sì,Google LLC,,,,Sì,No
Alfa Fiera Hotel,Hotel,https://www.alfafierahotel.it/,0444 565455,"Via Oreficeria, 50",Vicenza,,kafematik@legalmail.it,https,WordPress,Sì,Server Plan S.r.l.,,,,Sì,No
Il Sentiero B&B,Bed & Breakfast,,347 305 5626,"contrada Giusi, 7",Cerro Veronese,,,,,,,,,,,
Affittacamere Casa Mia,Bed & Breakfast,,347 181 3707,"Via Luigi Pirandello, 3",Verona,,,,,,,,,,,
Kona Hotel Verona,Hotel,https://www.konahotelverona.com/,045 750 1333,"Via Giovanni Battista Pighi, 1",Negrar di Valpolicella,,info@kleoshotelmilano.com,https,Wix,Sì,Google LLC,,,,Sì,No
BB Vicolo 22 locazione turistica,Bed & Breakfast,http://www.vicolo22.it/,348 271 9393,"Vicolo Santa Caterina, 22",Verona,,info@vicolo22.it,https,Shopify,No,"Cloudflare, Inc.",,,,Sì,No
B&B Casina Badoer,Bed & Breakfast,https://www.casinabadoer.it/,335 840 5761,"Via Ciceruacchio, 5",Adria,,casinabadoer@gmail.com,https,WordPress,Sì,Aruba S.p.A.,,,,Sì,No
B&B SantAndreas',Bed & Breakfast,,349 292 9602,"Calle Ponte Sant'Andrea, 755",Chioggia,,,,,,,,,,,
B&B Villa Berra - Riva del Po - Ferrara,Bed & Breakfast,http://www.villaberra.com/,340 402 3902,"Via Postale, 63/A",Berra,,,http,WordPress,Sì,Aruba S.p.A,,,,Sì,No
Ca' Cornera B&B,Bed & Breakfast,http://www.cacorneradeltapo.it/,0426 325457,"Strada Provinciale 37, Località Ca' Cornera",Porto Viro,,,https,Vue,Sì,Aruba S.p.A.,,,,Sì,No
B&B Casa Masiero,Bed & Breakfast,http://www.casamasiero.com/,338 830 4484,"Via Rizzi, 6",Veggiano,,mari.lore60@gmail.com,http,WordPress,No,Aruba S.p.A.,,,,Sì,No
Colombara Farmhouse,Agriturismo,https://www.colombarafarmhouse.it/,348 315 6844,"Via S. Giovanni Battista, 29",Mestrino,,,https,Wix,Sì,Google LLC,,,,Sì,No
Fattoria Grimana,Agriturismo,http://www.agriturismofattoriagrimana.it/,333 943 7813,"Via Zocco, 101",Montegalda,,fattoriagrimana@gmail.com,https,WordPress,Sì,Aruba S.p.A. Network,,,,Sì,No
Casale Gelsomino,Bed & Breakfast,,329 861 5166,"Via S. Mauro, 41",Bastia,,,,,,,,,,,
Ristorante pizzeria Al Bosco,Ristorante,http://www.albosco.it/,049 991 5532,"Via Bosco, 21",Cervarese Santa Croce,,info@albosco.it,https,React,No,Timenet SPA,,,,Sì,No
Downtown B&B,Bed & Breakfast,https://beb.it/downtown/it/,388 379 9334,"Vicolo dei Menarola, 15",Bassano del Grappa,,,https,React,No,"Amazon.com, Inc.",,,,Sì,No
Bed and Breakfast La Tana di Giano,Bed & Breakfast,http://www.latanadigiano.it/new/,049 805 6383,"Via Scapacchiò, 15",Selvazzano Dentro,,latanadigiano@gmail.com,https,WordPress,No,Netsons s.r.l.,,,,Sì,No
Bonotto Hotel Palladio,Hotel,http://www.hotelpalladiobassano.com/,0424 523777,"Via A. Gramsci, 2/4",Bassano del Grappa,,palladiohotel@bonotto.it,https,Joomla,Sì,Hetzner Online GmbH,,,,Sì,No
Alloggi Canova,Bed & Breakfast,http://www.alloggicanova.it/,339 445 8638,"Via del Museo, 60",Bassano del Grappa,,info@alloggicanova.it,https,Shopify,Sì,Netsons s.r.l.,,,,Sì,No
San Fortunato,Bed & Breakfast,http://www.san-fortunato.it/,0424 220258,"Strada SS. Fortunato e Lazzaro, 44",Bassano del Grappa,,gianfrancolancerin@gmail.com,https,WordPress,No,Aruba S.p.A. Network,,,,Sì,No
Charlotte Room,Bed & Breakfast,,327 254 9703,"Via Marinoni, 38",Bassano del Grappa,,,,,,,,,,,
Le 33,Bed & Breakfast,https://www.le33bnb.com/,328 283 4777,"Via Bartolomeo Ferracina, 33",Bassano del Grappa,,le33bnb@gmail.com,https,Angular,No,Aruba S.p.A. Network,,,,Sì,No
B&B Rezzonico,Bed & Breakfast,,333 454 8510,"Via C. Goldoni, 8",Bassano del Grappa,,,,,,,,,,,
Hotel Dal Ponte,Hotel,http://www.hoteldalponte.it/,0424 219100,"Viale A. De Gasperi, 2",Bassano del Grappa,,info@hoteldalponte.it,https,ASP.NET,Sì,Xirra GmbH,,,,Sì,No
Alla Favorita Hotel,Hotel,,0424 238650,"Contrà S. Giorgio, 49",Bassano del Grappa,,,,,,,,,,,
Campo Marzio,Bed & Breakfast,http://www.bbcampomarzio.it/,0424 500068,"Via Campo Marzio, 58",Bassano del Grappa,,,http,ASP.NET,No,Aruba S.p.A. Network,,,,Sì,No
CA' BASSANO Bed & Breakfast,Bed & Breakfast,https://www.cabassano.it/,347 005 1805,"Via Croceron, 48a 36022 - BASSANO DEL GRAPPA VI IT",San Zeno,,,https,Joomla,No,"Amazon.com, Inc.",,,,Sì,No
Country House Cunial,Bed & Breakfast,,335 817 8924,Via Str. Nuove,Possagno,,,,,,,,,,,
Villa Premoli - Agriturismo di Charme,Bed & Breakfast,http://www.villapremoli.com/,338 203 3635,"Via Obledo, 12",Cavaso del Tomba,,info@villapremoli.com,https,WordPress,Sì,Microsoft Corporation,,,,Sì,No
B&B La Corte di Cesio,Bed & Breakfast,http://www.lacortedicesio.it/,339 705 0780,"Via Castelcies, 16/A",Cavaso del Tomba,,info@lacortedicesio.it,https,WordPress,No,Aruba S.p.A.,,,,Sì,No
Bed and Breakfast Altè,Alloggio turistico,https://altefietta.wordpress.com/,0423 538580,"Via Sant' Andrea, 32",Fietta,,,https,WordPress,No,"Automattic, Inc",,,,Sì,No
B&B Relief Possagno,Bed & Breakfast,http://www.bbreliefpossagno.it/,333 759 9976,Via Campestrino,Possagno,,info@bbreliefpossagno.it,https,WordPress,No,Netsons s.r.l.,,,,Sì,No
Locanda Bellavista,Locanda,http://www.locandabellavista.net/,342 124 0558,"Via Castelcies, 34",Cavaso del Tomba,,info@locandabellavista.net,https,Shopify,No,Keliweb S.R.L,,,,Sì,No
Hotel Canova Sport & Relax,Hotel,http://www.hotelcanova.net/,0423 432458,"Via Ronche, 10",Cavaso del Tomba,,,https,React,Sì,Google LLC,,,,Sì,No
B & B CORTE CALIARI,Bed & Breakfast,,372 5430 9623,"Via Paolo Caliari, 5",Caliari,,,,,,,,,,,
Villa di Cazzano - BioLuxury Living,Bed & Breakfast,http://www.villadicazzano.it/,045 958 8063,"Via Don Minzoni, 17",Cazzano di Tramigna,,booking@villadicazzano.it,https,Shopify,No,Aruba S.p.A. Network,,,,Sì,No
ILLASI DREAM ROOMS,Bed & Breakfast,,348 929 0531,"Via Serravalle, 9",Illasi,,,,,,,,,,,
Sporting Hotel San Felice,Hotel,http://www.sportingsanfelice.com/,045 652 0586,"Loc. San Felice, 6",Illasi,,info@sportingsanfelice.com,https,React,No,Netsons s.r.l.,,,,Sì,No
Hotel B&B - La Casa dei Racconti,Locanda,https://www.casadeiracconti.it/,0421 323182,"Via Formighè, 1053",Ceggia,,info@casadeiracconti.it,http,WordPress,Sì,Aruba S.p.A.,,,,Sì,No
B&B Red Fenice venezia,Bed & Breakfast,http://www.redfenice.it/,347 116 7370,"Via Tabina, 67",San Donà di Piave,,seccoennio@hotmail.com,http,WordPress,No,Host Europe GmbH,,,,Sì,No
Ca’Barbieri Calvecchia,Bed & Breakfast,https://cabarbieri.it/,392 411 7762,"Via Calvecchia, 91",Calvecchia,,cabarbieri.it@gmail.com,https,WordPress,Sì,Server Plan S.r.l.,,,,Sì,No
Country House Ca' Ciaran,Alloggio completo di servizi,http://www.caciaran.com/,366 435 5439,"Via Bosco, 1/a",Chiarano,,info@caciaran.com,https,Joomla,No,Rackone Srl,,,,Sì,No
Relais Ca' Levada,Hotel,http://www.agrilevada.it/,0421 329591,"Strada Provinciale 57, Via Triestina 434",Ceggia,,info@agrilevada.it,http,ASP.NET,No,Aruba S.p.A. Network,,,,Sì,No
Hotel Locanda Dolce Vita,Hotel,http://www.locandadolcevita.it/,0421 188 1188,"Via Danzica, 3",San Donà di Piave,,info@locandadolcevita.it,https,WordPress,Sì,Keliweb S.R.L,,,,Sì,No
Agriturismo Quadrifoglio Relax,Agriturismo,https://www.agriturismoquadrifogliorelax.com/,348 305 2539,"Via G. B. Giustinian, 7",San Donà di Piave,,info@agriturismoquadrifogliorelax.com,https,Shopify,No,Aruba S.p.A.,,,,Sì,No
B&B Bella Piave,Bed & Breakfast,https://www.bellapiave.it/,338 415 6253,"Via della Speranza, 79",Fossalta di Piave,,info@bellapiave.it,https,Angular,Sì,Server Plan S.r.l.,,,,Sì,No
Il Canto del Gallo,Bed & Breakfast,http://www.ilcantodelgallo.com/,392 654 6689,Via Sant'Antonio,Zenson di Piave,,,https,React,No,Google LLC,,,,Sì,No
B&B Villa Lisetta San Donà di Piave,Bed & Breakfast,http://www.villalisetta.it/?utm_source=google&utm_medium=mybusiness&utm_campaign=mybusiness,0421 649101,"Viale della Libertà, 71",San Donà di Piave,,info@villalisetta.it,https,WordPress,No,Aruba S.p.A. Network,,,,Sì,No
B&B Giardino Jappelli ( Villa Ca' Minotto ),Bed & Breakfast,http://www.bebgiardinojappelli.it/,333 196 7673,"Via Ca' Minotto, 65",Rosà,,info@bebgiardinojappelli.it,https,React,No,Aruba S.p.A.,,,,Sì,No
Albergo Dolomiti,Hotel,https://hotel-ristorante-dolomiti.metadaesplorare.top/,0437 591318,"Via XX Settembre, 17",Cencenighe Agordino,,,https,WordPress,No,Ipxo LLC,,,,Sì,No
Chalet Margoni,Hotel,https://chaletmargoni.it/,0462 930736,"Lungo Rio di Antermont, 33",Canazei,,info@chaletmargoni.it,https,Shopify,No,OVH ISP,,,,Sì,No
B&B Sass De Mura,Bed & Breakfast,https://www.sassdemura.com/,345 452 3768,"Passo Cereda, 24",Primiero San Martino di Castrozza,,bebsassdemura@gmail.com,https,WordPress,No,Host Europe GmbH,,,,Sì,No
Cant del Gal,Hotel,http://www.cantdelgal.it/?utm_source=GoogleMyBusiness&utm_medium=KlickWebsite&utm_campaign=GoogleMyBusiness,0439 62997,"Localita' Sabbionade, 1",Fiera di Primiero,,info@cantdelgal.it,https,Typo3,Sì,Hetzner Online GmbH,,,,Sì,No
Il Glicine - Natural BnB,Bed & Breakfast,http://www.bnbilglicine.com/,347 451 6059,"Via Grande, 99",Castello di Godego,,info@bnbilglicine.com,https,Angular,Sì,Aruba S.p.A.,,,,Sì,No
Al Cacciatore - Hotel,Hotel,http://www.hotelalcacciatore.it/,0439 762792,"Fraz. Val Canali - Castrona, Loc. Castrona, 1",Primiero San Martino di Castrozza,,info@hotelalcacciatore.it,https,WordPress,Sì,OVH SAS,,,,Sì,No
Hotel Ristorante Da Belie,Ristorante,http://www.belie.it/,049 946 1724,"Via Brenta, 7",San Martino di Lupari,,,https,WordPress,No,OVH SAS,,,,Sì,No
Locanda Bepa,Ristorante,http://www.locandabepa.com/,0442 194 1525,"Via Tartaro, 10",Loc. Bastion San Michele,,,https,WordPress,Sì,ConnectLife S.r.l,,,,Sì,No
Albergo Hotel La Gardenia,Hotel,http://www.lagardeniabergantino.it/,0425 87305,"Via Arginino, 4304",Bergantino,,info@lagardeniabergantino.it,http,WordPress,No,Aruba S.p.A.,,,,Sì,No
Albergo Sette Teste,Pensionato,https://albergo-sette-teste.metadaesplorare.top/,0424 490112,"Piazza S. Marco, 20",Enego,,,https,React,No,Ipxo LLC,,,,Sì,No
San Marco Di Cerato Curzio Ed Elisabetta (S.N.C.),Hotel,https://hotel-san-marco.italiabella.top/,0424 490130,"Piazza S. Marco, 2",Enego,,,https,WordPress,No,Contabo GmbH,,,,Sì,No
Masetto Egidio Eco-Agritur,Agriturismo,http://www.masettoegidio.it/,333 632 3930,"Via della, Via della Róda 1, 6",Strigno,,info@masettoegidio.it,https,WordPress,Sì,Kamatera Inc,,,,Sì,No
B&B Il Piccolo Principe,Bed & Breakfast,https://piccoloprincipebieno.wixsite.com/website,340 313 4256,"Vicolo Busarello, 10",Bieno,,,https,Wix,No,Google LLC,,,,Sì,No
Bed and breakfast Chiara,Bed & Breakfast,http://www.bebchiara.com/,349 215 8078,"Via Alcide de Gasperi, 3",Limena,,info@bebchiara.com,https,Joomla,No,Netsons s.r.l.,,,,Sì,No
Agriturismo El Fio,Agriturismo,http://www.agriturismoelfio.it/,049 767647,"Via Fornace, 1",Vigodarzere,,info@agriturismoelfio.it,http,WordPress,No,Aruba S.p.A,,,,Sì,No
B&B Su Misura (unico loft),Bed & Breakfast,,347 835 9466,"Via Chiesa, 7 Tavo di",Tavo,,,,,,,,,,,
Hotel Valbrenta,Hotel,http://www.hotelvalbrenta.com/,049 767303,"Piazza Armando Diaz, 30",Limena,,info@hotelvalbrenta.com,https,WordPress,Sì,"DigitalOcean, LLC",,,,Sì,No
Albergo La Loggia,Hotel,http://www.hotellaloggia.it/,049 900 0024,"Via IV Novembre, 34",Mestrino,,,https,ASP.NET,Sì,"Amazon.com, Inc.",,,,Sì,No
B&B Le Rose,Bed & Breakfast,http://www.lerosebnb.it/,338 742 8747,"Viale Rimembranza, 40",Villafranca Padovana,,bblerose.4@gmail.com,https,React,No,Google LLC,,,,Sì,No
Agriturismo Gallo Nero,Agriturismo,http://www.agriturismogallonero.it/,049 900 4817,"Via Monte Cengio, 2",Mestrino,,info@agriturismogallonero.it,https,WordPress,Sì,Aruba S.p.A.,,,,Sì,No
Casa del Sartor,Bed & Breakfast,,340 774 5535,"Via Roma, 104",Villafranca Padovana,,,,,,,,,,,
B & B Barco 41,Bed & Breakfast,,333 577 3351,"Via Enrico Mattei, 41",Sant'Angelo di Piove di Sacco,,,,,,,,,,,
Agriturismo Ai Pra,Bed & Breakfast,,348 799 6378,"Via Borghetto, 37",Sant'Angelo di Piove di Sacco,,,,,,,,,,,
AGRITURISMO CAMPOVERDE,Agriturismo,,340 630 1180,"Via Silvio Pellico, 67",Camponogara,,,,,,,,,,,
Agriturismo Corte de le Muneghe,Agriturismo,http://www.cortedelemuneghe.it/,335 650 2147,"Via Chiesa, 4",Fossò,,,https,Wix,No,Google LLC,,,,Sì,No
Piazza Mazzini Dolce Vita Suites,Bed & Breakfast,,331 793 5068,"Via Alfonso Lamarmora, 13",Lecce,,,,,,,,,,,
Dolce Primula,Bed & Breakfast,,342 143 2000,"Via Guglielmotto D'Otranto, 21",Lecce,,,,,,,,,,,
La Dolce Dimora - B&B Appartamento per vacanze,Bed & Breakfast,,349 463 6776,"Via Enrico de Nicola, 6",Seclì,,,,,,,,,,,
Bed & Breakfast Dolce Felline,Bed & Breakfast,,0833 985102,"Via Giuseppe Toniolo, 2",Felline,,,,,,,,,,,
Dolcirive B&B,Bed & Breakfast,http://www.dolciriveportocesareo.it/,345 876 3292,"Via Monaco, 5",Porto Cesareo,,prenotazioni@dolciriveportocesareo.it,https,Shopify,Sì,Hetzner Online GmbH,,,,Sì,No
Dolce Vita Rooms,Bed & Breakfast,,320 278 3702,"Via A. de Gasperi, 38",Castromediano,,,,,,,,,,,
Pozzi Dolci B&B,Bed & Breakfast,http://www.pozzidolci.it/,388 752 3883,"Via Pozzi Dolci, 87",Aradeo,,info@pozzidolci.it,https,WordPress,No,Aruba S.p.A,,,,Sì,No
Al Tezzon Hotel,Hotel,http://www.altezzonhotel.com/,049 930 0615,"Borgo Trento Trieste, 33/10",Camposampiero,,info@altezzonhotel.com,https,WordPress,Sì,Hetzner Online GmbH,,,,Sì,No
Agriturismo Alle Rose,Bed & Breakfast,https://agriturismoallerose.it/,049 579 7757,"V. Arzaroni Nord, 13",Massanzago,,,https,WordPress,Sì,Aruba S.p.A,,,,Sì,No
Bed and breakfast Venice House,Bed & Breakfast,,049 937 8217,"Via Ramo Sant'Ambrogio, 57",Mulino Bellato,,,,,,,,,,,
B&B Casablanca,Bed & Breakfast,http://www.bbcasablanca.com/,049 938 5403,"Via Madonna di Lourdes, 10",Trebaseleghe,,info@bbcasablanca.com,https,React,No,Aruba S.p.A. Network,,,,Sì,No
Ca' de Memi,Agriturismo,http://www.cadememi.it/,349 698 7953,"Via Roma, 4",Piombino Dese,,info@cadememi.it,https,Shopify,Sì,"Squarespace, Inc.",,,,Sì,No
Co-Me 563,Alloggio completo di servizi,,339 706 5048,"Via Serraglio, 22",Dolo,,,,,,,,,,,
Ca' Priuli B&B,Bed & Breakfast,,041 426 6895,"Via E. Tito, 72",Dolo,,,,,,,,,,,
B&B Melloni Street,Bed & Breakfast,http://www.mellonistreet.it/,334 662 0933,"Via Melloni, 8",Dolo,,info@mellonistreet.it,http,WordPress,Sì,Aruba S.p.A.,,,,Sì,No
Mascheretta,Bed & Breakfast,https://mascheretta.it/,329 714 7435,"Via Campo della Vida, 2",Dolo,,info@mascheretta.it,https,Shopify,No,Hetzner Online GmbH,,,,Sì,No
Villa Goetzen Ristorante Hotel,Hotel,http://www.villagoetzen.it/,041 510 2300,"Via G. Matteotti, 2c",Dolo,,info@villagoetzen.it,http,WordPress,No,Serverplan s.r.l.,,,,Sì,No
Hotel Drago - Garda Lake Collection,Hotel,https://www.dragohotel.com/,045 742 0050,"Via Gardesana, 20-22",Assenza,,info@dragohotel.com,https,React,Sì,OVH SAS,,,,Sì,No
Villa Torre - Atmosfera Romantica a 4 leoni alati,Bed & Breakfast,http://www.villatorrebrenzone.it/,045 742 0434,"Via Lavesino, 14",Brenzone sul Garda,,villatorre64@gmail.com,,WordPress,Sì,Aruba S.p.A,,,,Sì,No
Albergo Casa Este,Hotel,http://www.casaeste.it/,045 742 0165,"Piazza S. Nicolò, 6",Brenzone sul Garda,,info@casaeste.it,https,React,Sì,Host SpA,,,,Sì,No
Lake Front Hotel Brenzone,Hotel,https://www.hotelbrenzone.eu/?utm_source=GoogleMyBusiness&utm_medium=KlickWebsite&utm_campaign=GoogleMyBusiness,045 742 0388,"Via XX Settembre, 26",Brenzone sul Garda,,info@hotelbrenzone.eu,https,Typo3,Sì,Hetzner Online GmbH,,,,Sì,No
Villa Isabella,Hotel,http://www.villaisabella.com/,045 742 0048,"Via Vecchia, 10 Fraz. Assenza",Brenzone sul Garda,,info@villaisabella.com,https,WordPress,No,Amazon Technologies Inc.,,,,Sì,No
Albergo Casa Gagliardi,Bed & Breakfast,http://www.casagagliardi.com/,045 742 0042,"Via del Loc, 11",Brenzone sul Garda,,,https,ASP.NET,No,Aruba S.p.A. Network,,,,Sì,No
Piccolo Hotel,Hotel,https://www.piccolohotel.eu/,045 742 0364,"Via Lavesino, 12",Brenzone sul Garda,,reception.petra@piccolohotel.eu,https,Joomla,Sì,SEEWEB s.r.l.,,,,Sì,No
Locanda Bellavista food & rooms,Pizzeria,https://www.locandabellavista.com/,351 469 6102,"Via Gardesana, 6",Malcesine,,info@locandabellavista.com,https,Shopify,Sì,Genesys Informatica S.r.l.,,,,Sì,No
Hotel Eden Gardasee - Lago di garda - Lake Garda,Hotel,https://www.hoteleden.info/,045 742 0102,"Via G. Zanardelli, 6",Brenzone sul Garda,,info@hoteleden.info,https,Joomla,Sì,Amazon Technologies Inc.,,,,Sì,No
Affitta Camere La Botte di Tasinato Davide,Bed & Breakfast,http://www.camerelabotte.it/,049 891 0355,"Via Cataio, 1",Montegrotto Terme,,info@camerelabotte.it,http,React,Sì,Aruba S.p.A. Network,,,,Sì,No
Arco di mezzo,Bed & Breakfast,https://www.arcodimezzo.com/,347 243 0582,Via Chiodare,Battaglia Terme,,arcodimezzo@gmail.com,https,React,No,Aruba S.p.A.,,,,Sì,No
Agriturismo Il Melograno Battaglia Terme,Agriturismo,http://www.agriturismoilmelograno.it/,049 911 6184,"Via Catajo, 11",Battaglia Terme,,support@nidoma.com,http,Angular,No,Aruba S.p.A.,,,,Sì,No
Locazioni Turistiche B&B by Max,Bed & Breakfast,,348 130 2916,"Parcheggio, Via Marza",Montegrotto Terme,,,,,,,,,,,
B&B SognoInCadore,Bed & Breakfast,https://www.sognoincadore.it/,340 261 5176,"Via S. Rocco, 35",Domegge di Cadore,,info@sognoincadore.it,https,React,Sì,Hetzner Online GmbH,,,,Sì,No
b&b A CASA DI PIA,Bed & Breakfast,,339 378 6269,"Via Gorizia, 16",Domegge di Cadore,,,,,,,,,,,
Pensione Adelia,Hotel,https://albergo-adelia-restaurant-in-domegge-di-cadore.amolitalia.top/,0435 72028,"Via Roma, 93",Domegge di Cadore,,,https,WordPress,No,Contabo GmbH,,,,Sì,No
Albergo Trieste,Hotel,http://www.albergotrieste.it/,0435 75004,"Viale Città di Genova, 266",Lorenzago di Cadore,,hotel@albergotrieste.it,https,Joomla,No,Aruba S.p.A.,,,,Sì,No
Holiday Center Valdor,Hotel,http://www.valdor.it/,041 966108,"Via Meduna, 5",Treporti,,info@valdor.it,https,Shopify,No,Aruba S.p.A. Network,,,,Sì,No
Junior Family | hotel & apartments,Hotel,https://www.junior-family.it/?utm_source=google&utm_medium=organic&utm_campaign=GoogleMyBusiness,041 968123,"Corso Italia, 10",Cavallino-Treporti,,,https,WordPress,Sì,OVH SAS,,,,Sì,No
Hotel Cavallino Bianco,Hotel,http://www.cavallinobiancohotel.it/,041 968018,"Via Fausta, 304",Cavallino,,info@cavallinobiancohotel.it,https,React,Sì,Netsons Network,,,,Sì,No
Hotel Taormina,Hotel,http://www.hoteltaormina.info/,0421 371231,"Via Giuseppe Verdi, 15",Lido di Jesolo,,info@hoteltaormina.info,https,WordPress,Sì,Hetzner Online GmbH,,,,Sì,No
Hotel Fortuna,Hotel,https://www.hotelscheck-in.com/hotelfortunacavallino/it/,041 537 1165,"Via Fausta, 313",Treporti,,,https,Joomla,No,"Cloudflare, Inc.",,,,Sì,No
A Casa di Marta - Bed & Breakfast,Bed & Breakfast,https://www.acasadimartavenezia.it/it,349 394 2591,"Lungomare Dante Alighieri, 39",Cavallino-Treporti,,info@acasadimartavenezia.it,https,React,Sì,Netsons s.r.l.,,,,Sì,No
Hotel Edera Jesolo,Hotel,http://www.hoteledera.info/,0421 971942,"Via Gorizia, 36",Jesolo,,info@hoteledera.info,https,React,Sì,Hetzner Online GmbH,,,,Sì,No
Il Lato Azzurro,Hotel,http://www.latoazzurro.it/,041 523 0642,"Via dei Forti, 13",Venezia,,info@latoazzurro.it,https,Contiki CMS,Sì,Aruba S.p.A.,,,,Sì,No
Ute Hotel,Hotel,http://www.hotelute.com/,0421 971416,"Via Gorizia, 41",Lido di Jesolo,,,https,WordPress,No,"Cloudflare, Inc.",,,,Sì,No
Hotel Verdi Jesolo,Hotel,http://www.hotelverdijesolo.com/,0421 972421,"Via Giuseppe Verdi, 20",Jesolo,,,https,WordPress,No,"DigitalOcean, LLC",,,,Sì,No
Hotel AMALFI,Hotel,http://www.hotel-amalfi.it/,0421 971631,"Via Giuseppe Verdi, 73",Lido di Jesolo,,,https,React,Sì,Google LLC,,,,Sì,No
B&B Villa Roberta,Hotel,http://www.villaroberta.net/,0421 370099,"Piazza Trento, 6",Jesolo,,info@villaroberta.net,https,Shopify,No,Aruba S.p.A. Network,,,,Sì,No
Hotel My Fair,Hotel,http://www.hotelmyfair.it/,0421 578524,"Via Leon Battista Alberti, 3",Lido di Jesolo,,info@hotelmyfair.it,https,Angular,No,Netsons s.r.l.,,,,Sì,No
Marelaguna Rooms,Bed & Breakfast,,041 968449,"Via della Fonte, 70",Ca' Ballarin,,,,,,,,,,,
Hotel Ca' di Valle,Hotel,https://hotelcadivalle.it/,041 968017,"Via Fausta, 298",Cavallino-Treporti,,info@hotelcadivalle.it,,WordPress,Sì,Connetical Srl,,,,Sì,No
Hotel Trevi 3 stelle a Jesolo,Hotel,http://www.hoteltrevijesolo.it/,0421 971762,"Via Padova, 26",Lido di Jesolo,,booking@hoteltrevijesolo.it,https,WordPress,Sì,Amazon Technologies Inc.,,,,Sì,No
Domino Suite Hotel,Hotel,http://www.dominosuitehoteljesolo.com/,0421 372848,"Via Gorizia, 8",Lido di Jesolo,,info@dominosuitehoteljesolo.com,https,Joomla,No,Server Plan S.r.l.,,,,Sì,No
Le Colline del Garda,Hotel,,375 641 4904,"Via Pastrengo, 85",Torcolo,,,,,,,,,,,
Relais Des Roches,Bed & Breakfast,http://www.relaisdesroches.com/,351 961 0280,"Via Caliari, 8",Sona,,info@relaisdesroches.com,https,Basekit,No,Aruba S.p.A.,,,,Sì,Sì
Bed&Breakfast Gardasee,Bed & Breakfast,https://www.bandbgardasee.com/,349 497 2203,"Via Pozzetto, 25",Castelnuovo del Garda,,gardasee@ymail.com,https,WordPress,No,"Cloudflare, Inc.",,,,Sì,No
B&B A casa di Susi,Bed & Breakfast,https://beb.it/acasadisusi,340 479 7357,"Via Umberto I, 23",Castelnuovo del Garda,,,https,WordPress,No,"Amazon.com, Inc.",,,,Sì,No
Garda Relais,Bed & Breakfast,http://www.gardarelais.com/,045 245 7694,"Via Milano, 77",Castelnuovo del Garda,,istattruly@gmail.com,https,Nuxt.js,No,OVH SAS,,,,Sì,No
Al Cielo Stellato - Agricampeggio,Campeggio con piazzole stanziali per roulotte,https://alcielostellato.it/,335 652 5907,"Via San Giorgio, 1701",Valeggio sul Mincio,,info@alcielostellato.it,https,WordPress,No,Hetzner Online GmbH,,,,Sì,No
Agriturismo Bosco del Gal,Agriturismo,https://agriturismoboscodelgal.com/,345 738 0460,"Via Costabella, 2",Castelnuovo del Garda,,,https,WordPress,No,Server Plan S.r.l.,,,,Sì,No
Casa Pezzo Agriturismo,Bed & Breakfast,http://www.agriturismocasapezzo.it/,347 663 4417,Via Colombara,Castelnuovo del Garda,,info@agriturismocasapezzo.it,https,WordPress,No,Server Plan S.r.l.,,,,Sì,No
Bed & Breakfast Pegaso,Bed & Breakfast,http://www.bbpegaso.com/,045 790 2381,"Via Monte Mamaor, 9",Valeggio sul Mincio,,,https,Magento,No,"Amazon.com, Inc.",,,,Sì,No
B&B Casa Speri Peschiera del Garda,Bed & Breakfast,https://www.casasperi.it/,339 320 6223,"Via Tito Speri, 1",Peschiera del Garda,,info@casasperi.it,https,React,Sì,Aruba S.p.A.,,,,Sì,No
Ristorante e camere Porticciolo del Campanello,Ristorante italiano,http://www.ilporticciolodelcampanello.it/,045 755 1947,"Via Campanello, 28",Castelnuovo del Garda,,porticciolodelcampanello@gmail.com,https,WordPress,Sì,Hetzner Online GmbH,,,,Sì,No
Agriturismo la Palazzina,Agriturismo,http://agriturismolapalazzina.org/,340 732 9120,"Via Palazzina, 12",Castelnuovo del Garda,,,https,Joomla,Sì,WIIT AG,,,,Sì,No
Agriturismo Le Sigalette,Agriturismo,http://www.lesigalette.it/,347 435 7193,"Via del Garda, 45",Salionze,,info@lesigalette.it,https,WordPress,No,PhoenixWeb S.r.l.,,,,Sì,No
B&B I Germani,Bed & Breakfast,http://www.germaninotel.com/,340 920 4764,"Via Mantovana, 64",Castelnuovo del Garda,,localswithattitude@gmail.com,https,Nuxt.js,No,OVH SAS,,,,Sì,No
Hotel Dorè,Hotel,http://www.hoteldore.it/,045 757 1341,"Via Milano, 51",Castelnuovo del Garda,,info@hoteldore.it,https,React,No,Combell NV,,,,Sì,No
"Agriturismo - B&B Soleluna - Vendita olio extravergine di oliva biologico, lago di Garda",Bed & Breakfast,http://www.bb-soleluna.com/,347 530 3133,"B&B Soleluna, Contrada Ceola, 19",Bardolino,,info@bb-soleluna.com,https,Shopify,Sì,Aruba S.p.A.,,,,Sì,No
Hotel Romantic,Hotel,http://hotel-romantic.com/,045 626 0500,"Via Berengario, 22",Cavaion Veronese,,info@hotel-romantic.com,https,React,Sì,"Amazon.com, Inc.",,,,Sì,No
Hotel al Sole,Hotel,http://www.hotelalsoleverona.com/,045 723 5106,Via Montesaline,Cavaion Veronese,,info@hotelalsoleverona.com,https,React,No,Aruba S.p.A.,,,,Sì,No
La Cipressina Camere & Colazione,Bed & Breakfast,http://www.lacipressinaverona.com/,335 522 8828,"Località Casette, 58",Cavaion Veronese,,info@lacipressinaverona.com,https,Joomla,No,Aruba S.p.A.,,,,Sì,No
Borgo Romantico Green Relais,Hotel,https://www.borgoromantico.com/,045 997 1261,"Via Preela Poggi, 21",Cavaion Veronese,,info@borgoromantico.com,https,Shopify,Sì,Serverplan s.r.l.,,,,Sì,No
Agriturismo Cà Persiane sul lago di Garda,Agriturismo,http://www.capersiane.com/,045 723 6847,"Località Cà Persiane, 1",Cavaion Veronese,,info@capersiane.com,https,Shopify,No,Aruba S.p.A. Network,,,,Sì,No
Locanda Moscal Affi,Ristorante,http://www.locandamoscal.it/,045 206 3762,"Via Pigna, 1",Affi,,,https,Angular,No,Google LLC,,,,Sì,No
HOTEL La Dolce Vita,Hotel,https://hotel-la-dolce-vita.mondoinviaggio.top/,045 626 7039,"Via Ca' Nove, 9",Cavaion Veronese,,,https,React,No,Contabo GmbH,,,,Sì,No
B&B Susanna,Bed & Breakfast,https://www.bnbsusanna.it/,349 105 8120,"Via Pezze, 4",Cavaion Veronese,,,https,WordPress,No,Host SpA,,,,Sì,No
Eurocongressi Hotel,Hotel,http://www.swadeshi.it/,045 477 0236,"Via Lionello Fiumi, 24",Cavaion Veronese,,info@swadeshi.it,https,React,Sì,Seflow S.N.C. Di Marco Brame' & C.,,,,Sì,No
B&B A CASA MIA,Bed & Breakfast,https://bebacasamia.it/,345 645 7654,"Strada del Trenin, 8/b",Cavaion Veronese,,dani57611@gmail.com,https,WordPress,Sì,Hetzner Online GmbH,,,,Sì,No
Hotel Garda,Hotel,http://www.hotel-garda.it/,045 626 1260,"Via G. Carducci, 2b",Affi,,info@hotel-garda.it,https,WordPress,Sì,Aruba S.p.A.,,,,Sì,No
ALBERGO BERNA,Hotel,http://www.albergoberna.it/,347 546 0019,"Via Roma, 79",Erbezzo,,info@albergoberna.it,https,Shopify,Sì,Server Plan S.r.l.,,,,Sì,No
B&B Contrade Alte,Bed & Breakfast,https://www.contradealte.it/,340 672 7762,"Via Adamoli, 3",Sant'Anna d'Alfaedo,,info@contradealte.it,https,Joomla,No,SEEWEB s.r.l.,,,,Sì,No
Pizzeria Ristorante Locanda Al Terrazzo,Ristorante,http://www.locandaalterrazzo.com/,045 707 5023,"Via Monti Lessini, 70",Erbezzo,,,https,React,No,Google LLC,,,,Sì,No
Locanda Alpina,Ristorante,http://www.locandaalpina.it/,0464 670143,"Localita Sega, di",Ala,,info@locandaalpina.it,https,WordPress,No,Server Plan S.r.l.,,,,Sì,No
Villa Padus,Alloggio completo di servizi,https://villapadus.wixsite.com/villapadus,347 307 9853,"Via Passodoppio, 31",Crespino,,villapadus@gmail.com,https,Wix,No,Google LLC,,,,Sì,No
B&B Room Bed Boat,Bed & Breakfast,,380 200 7599,"Via II Febbraio, 88",Berra,,,,,,,,,,,
Dama Estense,Hotel,http://www.damaestense.com/,348 248 8001,"Viale Giosuè Carducci, 20",Copparo,,,http,WordPress,No,OVH SAS,,,,Sì,No
Old B&B Cesiomaggiore,Bed & Breakfast,https://sites.google.com/view/oldbebcesio/home-page,345 022 9297,Via Sotcalt,Cesiomaggiore,,oldbeb.cesio@gmail.com,https,Angular,No,Google LLC,,,,Sì,No
B&B Antica vigna,Bed & Breakfast,http://www.anticavigna.eu/,0439 43563,"Via Pedemontana, 14",Soranzen,,info@anticavigna.eu,https,WordPress,No,Keliweb S.R.L,,,,Sì,No
Bed & Breakfast Paradiso,Bed & Breakfast,http://www.paradisobb.it/,333 971 0603,"Via Sotto Anzaven, a",Cesiomaggiore,,info@paradisobb.it,https,WordPress,No,Aruba S.p.A.,,,,Sì,No
b&b Montebello,Bed & Breakfast,,348 985 1214,"Via Montebello, 4",Cesiomaggiore,,,,,,,,,,,
Bed & Breakfast Col Mazzet,Hotel,,348 924 5004,"Località Roncoi di Dentro, 26",San Gregorio nelle Alpi,,,,,,,,,,,
B&B Mike e Kikka,Bed & Breakfast,https://bb-mike-e-kikka.bellaitaliatrips.top/,347 225 8440,"Via Col de Braghe, 18",Cesiomaggiore,,,https,React,No,Contabo GmbH,,,,Sì,No
Il Pinguino d'oro,Bed & Breakfast,,327 322 7490,"Frazione Campel, 2",Cergnai,,,,,,,,,,,
Campo di Cielo - Bio Agriturismo Vegano,Agriturismo,http://campodicielo.myadj.it/,0439 390206,"Via Centenere, 5",Cesiomaggiore,,,https,Shopify,No,"Cloudflare, Inc.",,,,Sì,No
Gelateria - Igloo B&B,Gelateria,,0437 87650,"Via Dolomiti, 17",Sedico,,,,,,,,,,,
Bed and Breakfast in Corte Alta,Bed & Breakfast,,0445 580264,"Smetre, Contrada Smetre Finozzi, 7",Monte di Malo,,,,,,,,,,,
Azienda Agricola El Boscato,Agriturismo,https://azienda-agricola-el-boscato.hotelpreferito.top/,333 240 9449,"Via Pianacattiva Alta, Trissino, Vi 36070",Trissino,,,https,React,No,Contabo GmbH,,,,Sì,No
VeronaLago B&B Accessibile,Bed & Breakfast,http://www.veronalagobnb.it/,347 709 0769,"Vicolo Murici, 1C",Bussolengo,,,https,React,No,"Amazon.com, Inc.",,,,Sì,No
B&B Al Fondaco - Pescantina,Bed & Breakfast,http://www.bbalfondaco.it/,340 257 0831,"Corso S. Lorenzo, 9i",Pescantina,,,https,WordPress,No,WIIT AG,,,,Sì,No
Villa Bianca Bed & Breakfast,Bed & Breakfast,http://www.villabiancabb.com/,328 918 8729,"Via Don Luigi Sturzo, 1",Sona,,villabianca@villabiancabb.com,https,React,No,Netsons Network,,,,Sì,No
Albergo ai Monti,Hotel,https://albergo-ai-monti.italiabella.top/,345 298 4447,"Via Pastrengo, 85",Bussolengo,,,https,WordPress,No,Contabo GmbH,,,,Sì,No
B&B Milù,Alloggi al coperto,,340 098 8768,"Via Rovereto, 12",Bussolengo,,,,,,,,,,,
3 Antiche Vie B&B,Bed & Breakfast,https://www.anticheviebnb.it/it/,347 101 3190,"Str. Bresciana, 62",Verona,,,https,Angular,No,"Amazon.com, Inc.",,,,Sì,No
Montresor Hotel Tower,Hotel,https://www.montresorhotels.com/hotel-tower/it/home,045 676 1000,"Via A. Mantegna, 30",Bussolengo,,tower@montresorgroup.com,https,React,No,Aruba S.p.A.,,,,Sì,No
Casetta Bianca B&B,Bed & Breakfast,,340 969 5298,"Via Sant'Antonio, 16",San Giovanni Lupatoto,,,,,,,,,,,
Rivacolta B&B,Bed & Breakfast,https://beb.it/rivacolta,333 326 5612,"Via Alberico da Barbiano, 6",Verona,,,https,Joomla,No,"Amazon.com, Inc.",,,,Sì,No
Albergo Bar Magnano,Hotel,,045 540586,"Via Magnano, 18",Buttapietra,,,,,,,,,,,
Villa Mimosa,Hotel,http://www.villa-mimosa.it/,045 542503,"Via Belfiore, 58",Verona,,info@villa-mimosa.it,https,ASP.NET,No,Aruba S.p.A.,,,,Sì,No
Alloggio le Noci,Bed & Breakfast,,329 355 3809,"Via Fossa Crear, 1",San Giovanni Lupatoto,,,,,,,,,,,
La Rotonda Relais,Hotel,https://www.larotondarelais.com/,370 314 2821,"Via Roma, 37",Badoere,,info@larotondarelais.com,https,React,Sì,ANEXIA Internetdienstleistungs GmbH,,,,Sì,No
Ca' del Sile,Hotel,http://www.cadelsile.com/,320 796 7945,"Via Barbasso, 58",Morgano,,info@cadelsile.com,https,WordPress,No,OVH SAS,,,,Sì,No
B&B Villa Griselda,Bed & Breakfast,http://villa-griselda.com.es/,339 765 8808,"Via Giorgione, 45",Quinto di Treviso,,,http,React,No,arsys.es,,,,Sì,No
Agriturismo Zambon,Agriturismo,http://www.agriturismozambon.it/,340 771 8345,"Via Minarello, 29","Loc. Fossalunga, Vedelago",,casa@agriturismozambon.it,https,WordPress,No,Aruba S.p.A.,,,,Sì,No
Mulino Piana - Since 1300,Bed & Breakfast,https://www.mulinopiana.com/,049 522 4251,"Via Rialto, 8",Piombino Dese,,booking@mulinopiana.com,http,WordPress,No,Netsons s.r.l.,,,,Sì,No
B&B Ca' degli Orsi,Bed & Breakfast,,320 052 7888,"Via Murazzetta, 29A",Eraclea,,,,,,,,,,,
Hotel Christian,Hotel,https://www.hotelchristian.info/it/family-hotel-jesolo/1-0.html,0421 362264,"Via Olanda, 150",Lido di Jesolo,,christian@hotelchristian.info,https,React,Sì,Retelit Digital Services S.p.A.,,,,Sì,No
B&B Agli Olmi,Bed & Breakfast,http://www.bbveneziaolmi.it/,0421 188 0729,Via dei Prati,Eraclea,,,http,ASP.NET,No,Aruba S.p.A. Network,,,,Sì,No
Hotel Palm Beach,Hotel,https://www.palmbeach.it/,0421 961317,"Viale Oriente, 50",Lido di Jesolo,,info@palmbeach.it,https,Shopify,Sì,Hetzner Online GmbH,,,,Sì,No
Bed & Breakfast Eraclea Minoa Mare,Bed & Breakfast,http://www.eracleaminoamare.com/,338 413 0246,"Viale Eracle, 6",Eraclea Minoa,,bberacleaminoamare@gmail.com,https,WordPress,No,Netsons s.r.l.,,,,Sì,No
Hotel Malibran Jesolo,Hotel,http://www.malibranhotel.com/,0421 972743,Via Andrea Bafile 27° Access al Mare,Lido di Jesolo,,,https,Angular,No,"Cloudflare, Inc.",,,,Sì,No
B&B e HOME Restaurant da Bartai,Bed & Breakfast,http://www.dabartai.it/,351 958 8384,"Via Pietra, n° 38/A",Musile di Piave,,bbdabartai@yahoo.com,https,WordPress,Sì,Aruba S.p.A.,,,,Sì,No
Hotel Orizzonte,Hotel,http://www.horizzonte.com/,0421 380004,"Viale Venezia, 5",Jesolo,,info@equestrian.com,https,Joomla,Sì,Netsons Network,,,,Sì,No
Locanda Livenza locazione turistica,Motel,https://www.locandalivenza.it/,320 266 5355,"Via Lorenzaga Trevigiana, 33/B",Motta di Livenza,,,https,React,Sì,Google LLC,,,,Sì,No
Albergo La Bersagliera,Hotel,http://www.albergolabersagliera.it/,0421 011028,"Via Sant'Antonio, 28",Noventa di Piave,,,https,React,No,Rackone Srl,,,,Sì,No
B&B Elizabeth,Bed & Breakfast,http://www.bnbelizabeth.it/,342 779 9647,"Via di Mezzo, 45",Ponte di Piave,,bnbelizabeth@gmail.com,http,WordPress,No,Aruba S.p.A. Network,,,,Sì,No
Hotel L’incontro,Hotel,http://www.hotellincontro.it/,347 838 0227,"Via Roma, 11",Galzignano Terme,,,https,React,No,Google LLC,,,,Sì,No
Hotel Oasi Verde,Hotel,https://www.hoteloasiverde.com/,0421 961331,"Vicolo delle Rose, 7",Jesolo,,info@hoteloasiverde.com,https,React,Sì,Netsons Network,,,,Sì,No
Locanda Al Ponte De Fero,Ristorante di cucina mediterranea,http://www.alpontedefero.it/,0421 350785,"Via C.Colombo, 1",Jesolo,,info@alpontedefero.it,https,WordPress,Non trovato,Netsons Network,,,,Sì,No
Country House La Montagnola,Bed & Breakfast,http://www.la-montagnola.it/,333 384 1873,"Strada La Montagnola, 4",Valdobbiadene,,,http,ASP.NET,No,Aruba S.p.A,,,,Sì,No
Montello Country House,Albergo benessere,https://montellocountry.house/,351 561 2014,"Via Gen. A. Gandolfo, 6",Crocetta del Montello,,,https,WordPress,No,"Cloudflare, Inc.",,,,Sì,No
La Valdella B&B,Bed & Breakfast,https://www.lavaldella.it/,0423 078209,"Str. Nuova della Grave, 12",Valdobbiadene,,info@lavaldella.it,https,Shopify,No,Infomaniak Network Management,,,,Sì,No
B&B Sant'Anna,Bed & Breakfast,http://www.bedandbreakfastsantanna.com/,366 197 1732,"Via Sant' Anna, 66",Dueville,,,http,ASP.NET,No,Aruba S.p.A. Network,,,,Sì,No
Residenza Capitello 48,Hotel,,393 857 5131,"Via Capitello, 48",Provincia di Vicenza,,,,,,,,,,,
Bed and Breakfast Belvedere IT024062C1HAOZRFP2,Bed & Breakfast,http://www.belvederevicenzabb.it/,333 617 8253,"Via Belvedere, 10",Montecchio Precalcino,,bb.belvederevicenza@gmail.com,https,WordPress,Sì,Aruba S.p.A.,,,,Sì,No
B&B Alle Risare,Alloggi al coperto,,0444 022878,"Strada Risare, 31",Vicenza,,,,,,,,,,,
Residenza Airone,Hotel,,347 829 3350,"Str. Marosticana, 436",Vicenza,,,,,,,,,,,
Hotel le Sorgenti,Hotel,http://www.hotellesorgenti.com/,0444 355010,"Via Acque, 6",Bolzano Vicentino,,info@hotellesorgenti.com,https,WordPress,Sì,OVH SAS,,,,Sì,No
Il Biancospino,Bed & Breakfast,https://il-biancospino.italyforever.top/,392 112 2498,"Via Branzo Loschi, 16",Montecchio Precalcino,,,https,React,No,Contabo GmbH,,,,Sì,No
B&B La Pecora Nera - Belluno,Bed & Breakfast,,347 812 0252,Via F.lli Rosselli 216,Belluno,,,,,,,,,,,
Hotel Europa Belluno,Hotel,https://www.europabelluno.it/,0437 930196,"Via Vittorio Veneto, 158/o",Belluno,,europabelluno@gmail.com,https,WordPress,Sì,Server Plan S.r.l.,,,,Sì,No
Casa de Bertoldi - Agriturismo,Agriturismo,http://www.casadebertoldi.it/,340 733 5807,"Villa alla Costa, Via Pedecastello, 40",Castion,,cadebertoldi@gmail.com,,Joomla,No,Aruba S.p.A,,,,Sì,No
Agriturismo al Bachero,Ristorante,http://www.agriturismoalbachero.it/,349 727 8682,"Via Meassa, 96",Belluno,,agriturismoalbachero@gmail.com,https,WordPress,Sì,Host SpA,,,,Sì,No
Park Hotel Villa Carpenada,Hotel,http://www.hotelvillacarpenada.it/,0437 948343,"Via Mier, 158",Belluno,,,https,Concrete5,No,CDLAN s.r.l.,,,,Sì,No
Albergo Al Ponte Della Vittoria - Ristorante dai Tedeschi,Ristorante,https://www.alpontedellavittoria.it/,0437 925270,"Via Monte Grappa, 1",Belluno,,info@alpontedellavittoria.it,https,WordPress,Sì,Netsons Network,,,,Sì,No
Dal Capo Bed & Breakfast,Bed & Breakfast,http://www.dalcapobb.it/,340 063 6229,"Via Mier, 172",Belluno,,,https,WordPress,No,Netsons Network,,,,Sì,No
Casa Fullin,Bed & Breakfast,,348 211 2834,"Via Cusighe, 3",Belluno,,,,,,,,,,,
Hostiliae Ciminiera Hotel,Alloggi al coperto,,0386 670400,"Piazza Mondadori Milano, 8",Ostiglia,,,,,,,,,,,
Agriturismo Olianina,Agriturismo,http://www.agriturismolianina.it/,349 467 8345,"Via Gaiardina, 4",Villa Poma,,,https,WordPress,No,Aruba S.p.A.,,,,Sì,No
B&B La Torre Revere,Bed & Breakfast,https://bb-la-torre-revere.guideditalia.top/,347 831 6774,"Via Silvio Pellico, 3",Revere,,,https,WordPress,No,Contabo GmbH,,,,Sì,No
Sold Out Locazione Turistica,Bed & Breakfast,http://www.soldoutvr.it/,349 090 2188,"Via Cantarane, 19",Gazzo Veronese,,camere@soldoutvr.it,https,Angular,No,Aruba S.p.A.,,,,Sì,No
Villa Messapica,Bed & Breakfast,,327 369 7884,Via Vecchia Copertino,Lecce,,,,,,,,,,,
Bed & Breakfast Delle Erbe,Bed & Breakfast,,340 276 5654,"Piazza Erbe, 37",Verona,,,,,,,,,,,
Villa Bongiovanni,Hotel,https://www.villabongiovanni.com/,045 618 3053,"Via Perarolo, 36",Locara,,,https,Angular,Sì,OVH ISP,,,,Sì,No
Limbo Pizzeria Birreria,Pizzeria,,348 740 3880,"Via Madonna, 100",Lonigo,,,,,,,,,,,
AZIENDA AGRICOLA AGRITURISTICA PALAZZETTO ARDI,Ristorante,,347 859 1509,"Via Ciron, 4",Gambellara,,,,,,,,,,,
Agriturismo Ca' D'oro,Agriturismo,http://www.agriturismocadoro.it/,339 624 6025,"Via Ingegnere Guido Salvagnini, 60",Monticello di Fara,,agriturismocadoro@gmail.com,https,WordPress,No,Aruba S.p.A.,,,,Sì,No
Villa San Fermo,Hotel,http://www.villasanfermo.it/,0444 834172,"Via S. Fermo, 17",Lonigo,,info@villasanfermo.it,http,WordPress,Sì,Aruba S.p.A.,,,,Sì,No
Il Principe B&B,Bed & Breakfast,,331 669 6491,"Via Renata Fonte, 8",San Pietro In Lama,,,,,,,,,,,
Trulli Antica Fonte,Bed & Breakfast,,338 182 6790,"Via Pietro Campione, 2",Alberobello,,,,,,,,,,,
FONTEblu B&B,Bed & Breakfast,https://fonteblubb.weebly.com/,377 982 4738,"V. Annunziata, 14",Polignano a Mare,,,https,Weebly,Sì,"Weebly, Inc.",,,,Sì,No
Bed and Breakfast FONTE CUGNO,Bed & Breakfast,,338 907 4537,"Frazione Piagge, 25",Gualdo Tadino,,,,,,,,,,,
B&B di Charme La Borina,Agriturismo,https://agriturismolaborina.com/il-bb-le-suite/,333 355 8184,"Via Borina, 209",San Bonifacio,,,https,WordPress,Sì,Fastweb Networks,,,,Sì,No
B&B L'Antica Fonte,Bed & Breakfast,,347 385 3957,"Contrada Sabbione, via fonte, 1",Spinetoli,,,,,,,,,,,
Antica Fonte,Bed & Breakfast,,347 186 7290,"Via S. Bartolomeo, 330",Bojano,,,,,,,,,,,
Villa Cornaro,Villa,https://www.villacornaro.it/,351 907 7014,"Via Roma, 360",Santo Stefano,,,https,Joomla,Sì,"Cloudflare, Inc.",,,,Sì,No
La Fonte,Bed & Breakfast,,335 663 7851,"Via Gian Giacomo Lirutti, 108",Nave,,,,,,,,,,,
B&B La Fonte,Bed & Breakfast,http://www.beblafontedilaquila.it/,339 610 2931,"Via del Fiume, 22",L'Aquila,,beb.lafonte@gmail.com,https,Mobirise,No,Aruba S.p.A. Network,,,,Sì,No
B&B La Sorgente,Bed & Breakfast,http://www.lasorgentebrindisi.it/,340 988 3048,"Via Passante, 9",Brindisi,,,https,WordPress,No,SEEWEB s.r.l.,,,,Sì,No
B&B La Fabbrica delle Idee,Bed & Breakfast,,351 556 5425,"Via Menegoni, 43",Fonte,,,,,,,,,,,
Fonte Nuova Penne Rooms&Breakfast,Bed & Breakfast,https://www.fontenuovapenne.it/,333 693 6119,"Via Alessandro Caselli, 92",Penne,,fontenuovapenne@gmail.com,https,Angular,No,Aruba S.p.A. Network,,,,Sì,No
A Casa di Joy B&B,Bed & Breakfast,http://www.acasadijoy.com/,0832 179 4223,"Via Marisa Bellisario, 14",Lecce,,minacardone.bnb@gmail.com,https,Shopify,No,"Cloudflare, Inc.",,,,Sì,No
Ristorante Pizzeria Locanda al Cacciatore,Ristorante,https://sites.google.com/view/locanda-al-cacciatore/home-page,0439 44101,"Via Generale Giardino, 7",Seren del Grappa,,,https,Angular,No,Google LLC,,,,Sì,No
Locanda Ponte Serra (camere in affitto),Hotel,http://www.ponteserra.it/,0439 9010,"Via Ponte Serra, 2",Lamon,,info@ponteserra.it,https,Shopify,Sì,Aruba S.p.A.,,,,Sì,No
Bed and breakfast Pedavena,Bed & Breakfast,http://www.bbpedavena.it/,0439 301658,"Via Dante Alighieri, 1",Pedavena,,info@bbpedavena.it,https,WordPress,No,Host SpA,,,,Sì,No
Stella d'Oro Lamon,Hotel,http://www.stelladorolamon.com/,0439 709939,"Via Roma, 7",Lamon,,,https,Angular,No,Google LLC,,,,Sì,No
Bed and Breakfast Monti del Sole,Bed & Breakfast,http://www.bbmontidelsole.it/,328 411 9168,"Via Antonio Vecellio, 38a",Pedavena,,,http,ASP.NET,No,Aruba S.p.A. Network,,,,Sì,No
B&B San Giorgio,Bed & Breakfast,http://www.sovramonte.it/web/index.php?option=com_content&view=article&id=69&Itemid=310,338 325 0203,"Via Sorriva, 288",Campagna,,,,Joomla,Non trovato,Aruba S.p.A.,,,,No - Pagina Non Trovata (404),No
B&B Villa Serena,Bed & Breakfast,,345 505 7803,"Via Monte Grappa, 43",Seren del Grappa,,,,,,,,,,,
Residenza Villa Alma,Bed & Breakfast,,338 232 3757,"Via Roma, 8",Fossalta di Piave,,,,,,,,,,,
Albergo Leon D'Oro,Hotel,http://www.leondorohotel.com/,0421 658491,"Via Roma, 2",Noventa di Piave,,albergo@leondorohotel.com,https,ASP.NET,No,OVH SAS,,,,Sì,No
Albergo Italia,Hotel,http://www.albergoitalia.org/,0421 67280,"Piazza della Vittoria, 21",Fossalta di Piave,,,https,React,Sì,Google LLC,,,,Sì,No
Agriturismo Le Cipressine,Agriturismo,https://www.lecipressine.it/,351 604 1339,"Via Giuseppe Pavanello, 11",Meolo,,info@bedandbreakfastlecipressine.it,http,React,Sì,Aruba S.p.A. Network,,,,Sì,No
B&B Marimastè,Bed & Breakfast,https://www.bed-and-breakfast.it/it/veneto/marimaste-roncade/57593,340 617 5008,"Via Ca' Pesaro, 14",Roncade,,,https,Weebly,Sì,"Amazon.com, Inc.",,,,Sì,No
Casa Rosanna,Hotel,,0421 61280,"Via Riviera XVIII Giugno, 23",Meolo,,,,,,,,,,,
Ca'l'oasi,Bed & Breakfast,https://ca-loasi.weebly.com/,331 704 2529,"Via Mussetta di Sopra, 139",San Donà di Piave,,,https,Weebly,Sì,"Weebly, Inc.",,,,Sì,No
Agriturismo Ancillotto,Agriturismo,https://www.ancillotto.it/,0421 345494,"Via S. Filippo, 41",Meolo,,info@ancillotto.it,https,Joomla,Sì,Aruba S.p.A.,,,,Sì,No
Base Hotel,Hotel,http://www.basehotel.it/,0421 307390,"Via Rialto, 8",Noventa di Piave,,booking@basehotel.it,http,Joomla,Sì,Aruba S.p.A.,,,,Sì,No
Hotel Ristorante Monte Fior,Hotel,,0424 760239,"Via Roma, 8",Foza,,,,,,,,,,,
Hotel Ristorante Alpi - Foza,Ristorante,https://hotelalpifoza.com/?utm_source=google&utm_medium=wix_google_business_profile&utm_campaign=10091502156956925336,0424 698092,"Via Roma, 14",Foza,,,https,Wix,No,Google LLC,,,,Sì,No
Ristorante Pizzeria al Mondo,Pizzeria,http://www.mondodifantasia.it/,0424 99579,"Riviera Garibaldi, 25",Valbrenta,,,https,Shopify,Sì,Aruba S.p.A.,,,,Sì,No
Contrà Contarini - Hotel & Ristorante,Hotel,https://www.contarini.it/,347 750 4666,"Via Contarini, 112",Valbrenta,,info@contarini.it,https,React,No,OVH SAS,,,,Sì,No
Villa Saraceni,Bed & Breakfast,,391 735 0346,"Via Giuseppe Mazzini, 78",Chiesa,,,,,,,,,,,
Relais Villa Selle Fumane,Hotel,http://www.villaselle.it/,393 873 4990,"Via Volta, 45",Fumane,,info@villaselle.it,https,Wix,No,Google LLC,,,,Sì,No
Bed and Breakfast Bure Alto,Bed & Breakfast,,338 860 5613,"Via Bure Alto, 7",Bure,,,,,,,,,,,
Bed & Breakfast Quintarelli,Bed & Breakfast,http://www.quintarellibb.com/,348 373 9192,"Via Don Gaspare Bertoni, 24/A/INT.1",Bure,,,https,Angular,No,Google LLC,,,,Sì,No
Costa degli Ulivi,Hotel,http://www.costadegliulivi.com/,045 683 8088,"Via Costa, 5",Fumane,,reception@costadegliulivi.com,http,WordPress,Sì,Aruba S.p.A.,,,,Sì,No
Azienda Agricola Corteforte,Agriturismo,http://www.corteforte.it/,045 683 9104,"Via Osan, 45",Fumane,,abc@xyz.com,https,Shopify,Sì,Aruba S.p.A.,,,,Sì,No
Bed and Breakfast Verona - La Caminella Valpolicella - Relais de Charme,Bed & Breakfast,http://www.lacaminella.it/,045 680 0563,"Via Don Gaspare Bertoni, 24",Bure,,info@lacaminella.com,,ASP.NET,Non trovato,OVH SAS,,,,Stato Non Determinato,No
Villa Bedin,Bed & Breakfast,https://www.villabedin.it/,333 370 5289,"Via Graziani, 10",Fontanafredda,,,https,WordPress,No,"Amazon.com, Inc.",,,,Sì,No
Al Mulino,Bed & Breakfast,http://www.almulinofregona.it/,349 530 5451,"Via Osigo, 18",Osigo,,info@almulinofregona.it,https,WordPress,Sì,Aruba S.p.A. Network,,,,Sì,No
Colodi Bed & Breakfast,Bed & Breakfast,,349 295 4853,"Via Carnieluti, 27",Osigo,,,,,,,,,,,
B&B Del Borgo,Bed & Breakfast,,340 289 3194,"Via Roma, 76",Galliera Veneta,,,,,,,,,,,
B&B ARMONIE DI CAMPAGNA,Bed & Breakfast,,349 213 3799,"Via Campagna, 97",Galliera Veneta,,,,,,,,,,,
La Casa di Luisa B&B,Bed & Breakfast,http://www.lacasadiluisa.net/,392 324 4459,"Via S. Antonio, 53",Tombolo,,info.lacasadiluisa@gmail.com,http,Shopify,Sì,Server Plan S.r.l.,,,,Sì,No
B & B Veneta Fiorina San Martino di Lupari,Bed & Breakfast,,389 147 4261,"Via Motta Fiorina, 10/a",San Martino di Lupari,,,,,,,,,,,
B&B COLORI DEL BOSCO,Bed & Breakfast,https://www.coloridelbosco.it/,348 984 9546,"Via Camona, 24A",Gallio,,info@coloridelbosco.it,https,React,Sì,Host SpA,,,,Sì,No
La Capr'Allegra,Ristorante,https://www.lacaprallegra.it/,0424 194 6250,"Via Ragazzi del, 2000",Gallio,,info@lacaprallegra.it,https,Angular,Sì,OVH SAS,,,,Sì,No
B&B Casamia,Bed & Breakfast,,333 567 9953,"Via Rigoni di Sotto, 124",Asiago,,,,,,,,,,,
Locanda Mirella - B&B Bed and Breakfast - Pizzeria,Locanda,,339 594 8820,"Via Rendola, 53",Asiago,,,,,,,,,,,
B&B Ai Tre Larici,Bed & Breakfast,http://www.aitrelarici.net/,328 829 9702,"Via Ekar, 74",Asiago,,,http,ASP.NET,No,Aruba S.p.A. Network,,,,Sì,No
Il Falco,Alloggio completo di servizi,https://il-falco-affittacamere.scopertahotels.top/,331 331 1175,Via Generale Prestinari,Gallio,,,https,WordPress,No,Ipxo LLC,,,,Sì,No
Hotel Concordia,Hotel,https://www.hotelconcordiagallio.it/,0424 445017,"Via Roma, 3",Gallio,,info@hotelconcordiagallio.it,https,WordPress,Sì,Hetzner Online GmbH,,,,Sì,No
HOTEL CENTRALE ELI CAFFÈ,Hotel,,0423 057078,"Via Martiri della Libertà, 54/A",Resana,,,,,,,,,,,
Albergo Centrale,Hotel,http://www.hotel-albergocentrale.it/,049 938 5192,"Via Martiri della Libertà, 2",Trebaseleghe,,info@hotel-albergocentrale.it,https,WordPress,No,"Cloudflare, Inc.",,,,Sì,No
CASA CADORE - LOCAZIONE TURISTICA 025033-LOC-49/50/51,Bed & Breakfast,http://www.bebcadore.it/,348 711 0994,"Piazza Tiziano Vecellio, 38",Lozzo di Cadore,,info@bebcadore.it,https,WordPress,No,Server Plan S.r.l.,,,,Sì,No
Casa Zanetto Bed & Breakfast,Bed & Breakfast,,349 793 3304,"Via Tommaso Da Rin, 8",Laggio di Cadore,,,,,,,,,,,
B&B Al Castel,Bed & Breakfast,,347 840 2762,"Via Marmarole, 441",Lozzo di Cadore,,,,,,,,,,,
Locazione Turistica Paradiso,Ostello,,338 965 4032,"Via IV Novembre, 10",Vigo di Cadore,,,,,,,,,,,
Agriturismo Villa Anconetta,Hotel,http://www.villaanconetta.it/,339 421 3077,"Via Retinella, 1393",Loreo,,info@villaanconetta.it,https,Shopify,Sì,Netsons Network,,,,Sì,No
La Luce B&B BIKE FRIENDLY CIN IT029030C1LJU9Y6ZM,Bed & Breakfast,http://www.lalucebeb.it/,349 163 7768,"Via I Maggio, 7",Loreo,,,https,Magento,No,"Amazon.com, Inc.",,,,Sì,No
Albergo Ristorante Cavalli,Alloggi al coperto,,0426 369868,"Via Riviera Marconi, 76",Loreo,,,,,,,,,,,
Gran Delta Hotel,Hotel,http://www.hotelgrandelta.com/,0426 340430,"Via Santa Teresa, 61",Rosolina,,,https,WordPress,No,OVH ISP,,,,Sì,No
Al Bacino Rooms & Breakfast,Alloggio completo di servizi,https://www.albacino.it/,331 252 7998,"Via Pioppa, 18",Porto Viro,,info@albacino.it,https,Shopify,No,Aruba S.p.A.,,,,Sì,No
B&B Il Granaio Celeste,Bed & Breakfast,http://www.ilgranaioceleste.it/,338 751 4523,"Via A. Forni, 20",Porto Viro,,panificiofinotti@gmail.com,https,WordPress,No,Aruba S.p.A.,,,,Sì,No
BB CUBE,Bed & Breakfast,https://www.bbcube.it/,366 642 8724,"Via Torino, 6",Porto Viro,,info@bbcube.it,https,WordPress,Sì,Aruba S.p.A.,,,,Sì,No
B&B Elisa,Bed & Breakfast,https://www.bbelisa.it/,0426 633912,"Via Giuseppe di Vittorio, 45",Porto Viro,,elisabertazzolo@libero.it,https,React,No,Aruba S.p.A.,,,,Sì,No
La Meridiana,Residence,http://www.residencelameridiana.it/chisiamo.html,335 402 264,"Via Aldo Moro, 1",Galzignano Terme,,,https,ASP.NET,No,Aruba S.p.A.,,,,Sì,No
Hotel Splendid - Galzignano Resort Terme & Golf,Albergo benessere,https://www.galzignano.it/,049 919 5500,"Viale delle Terme, 84",Galzignano Terme,,info@galzignano.it,https,Angular,No,Microsoft Corporation,,,,Sì,No
Villa Alessi B&B,Bed & Breakfast,,345 248 4293,"Via Isidoro Alessi, 13",Este,,,,,,,,,,,
Tenuta Borgato Morelli,Bed & Breakfast,https://www.tenutaborgatomorelli.it/,347 933 7808,"Via Bovolare, 8",Este,,,http,WordPress,Sì,Aruba S.p.A. Network,,,,Sì,No
B&B Poeta,Bed & Breakfast,http://www.bbpoeta.it/,0429 56156,"Via Alessandro Prosdocimi, 14",Este,,sfranceschini@pol.it,http,ASP.NET,No,Aruba S.p.A. Network,,,,Sì,No
Costa Bed & Breakfast,Bed & Breakfast,,392 268 0497,"Via della Chiesa, 2",Pollutri,,,,,,,,,,,
Hotel Orsa Maggiore,Hotel,http://www.hotelorsamaggiore.net/,0437 501361,"Corso Italia, 57",Piè Falcade,,,https,React,Sì,Hetzner Online GmbH,,,,Sì,No
.,Bed & Breakfast,,0437 599157,"Valbona, 17",Valt,,,,,,,,,,,
Piccola Baita,Agriturismo,http://www.piccolabaita.net/,0437 590491,"Via Sappade, 19",Falcade,,info@piccolabaita.net,https,React,Sì,Netsons s.r.l.,,,,Sì,No
Hotel El Laresh,Hotel,https://www.laresh.com/,0462 574346,"Strada de Even, 21",Moena,,info@laresh.com,https,Vue,No,Amazon.com,,,,Sì,No
Hotel Miramonti,Hotel,http://www.hotelmiramonti.info/,334 995 1994,"Via Trieste, 43",Piè Falcade,,info@hotelmiramonti.info,https,Joomla,Sì,Aruba S.p.A.,,,,Sì,No
Cheap-sleep,Bed & Breakfast,,348 248 7566,"Piazza Facchetti Faustino, 17",Cittadella,,,,,,,,,,,
B&B La Cittadella ArAre,Bed & Breakfast,,328 211 1997,"Via Cittadella, 29",Firenze,,,,,,,,,,,
Hotel Rometta,Hotel,http://www.hotelrometta.com/,049 940 2030,"Via Sanmartinara, 26",Cittadella,,,http,Joomla,No,Aruba S.p.A.,,,,Sì,No
Tenuta Fortelongo,Alloggio completo di servizi,http://www.tenutafortelongo.com/,0445 851345,"Via Fortelongo, 46/C",Fara Vicentino,,info@tenutafortelongo.com,https,React,No,Serverplan s.r.l.,,,,Sì,No
Fiori Cuco B&B,Bed & Breakfast,,333 444 7033,"Via Serdes, 58",Serdes,,,,,,,,,,,
Meublè Emily,Bed & Breakfast,,0435 482356,"Via Cavour, 37",Belluno,,,,,,,,,,,
HG Casa Montana - Guest House,Hotel,https://www.italianhotelgroup.net/hotel/hgcasamontana?,340 622 9410,"Via Costa, 9",San Vito di Cadore,,info@italianhotelgroup.net,https,React,No,Hetzner Online GmbH,,,,Sì,No
Bed and Breakfast Monte Rite,Bed & Breakfast,https://www.bed-and-breakfast.it/it/veneto/bb-monte-rite-vodo-di-cadore/27449,0435 489002,"Via Nazionale, 34",Vodo di Cadore,,,https,Typo3,Sì,"Amazon.com, Inc.",,,,Sì,No
Albergo San Leo,Hotel,https://hotel-san-leo.comeviaggiare.top/,0435 482300,"Via la Vares, 39",Borca di Cadore,,,https,WordPress,No,Contabo GmbH,,,,Sì,No
Locanda Montana,Hotel,http://www.locandamontana.it/,347 434 8010,"Via al Lago, 6",San Vito di Cadore,,,https,ASP.NET,Sì,Microsoft Corporation,,,,Sì,No
Hotel Marco Effe,Hotel,http://www.hotelmarcoeffe.it/,049 900 3752,"Via Marco Polo, 63",Mestrino,,,https,ASP.NET,Sì,"Amazon.com, Inc.",,,,Sì,No
Dimora di Bosco room & breakfast,Bed & Breakfast,http://www.dimoradibosco.it/,049 635330,"via d. manin, 5",Rubano,,info@dimoradibosco.it,https,WordPress,No,Aruba S.p.A.,,,,Sì,No
B&B Dolce Vita,Bed & Breakfast,http://www.dolcevitabedandbreakfast.it/,339 444 2284,"Via V. Gioberti, 8",Bosco,,dolcevitabedandbreakfast@gmail.com,http,React,No,Register S.P.A.,,,,Sì,No
Hotel Pex Padova,Hotel,http://www.hotelpex.it/,049 631440,"Via della Provvidenza, 31",Sarmeola,,,https,ASP.NET,Sì,"Amazon.com, Inc.",,,,Sì,No
Albergo Ristorante Campanile Azzurro,Hotel,http://www.albergoalcampanile.eu/,049 981 9625,"Via Ronchi, 24",Ronchi di Campanile,,info@albergoalcampanile.it,https,Angular,Sì,Keliweb S.R.L,,,,Sì,No
Casa Caliman,Bed & Breakfast,,348 662 6199,Via Cima Gogna,Auronzo di Cadore,,,,,,,,,,,
Bed and Breakfast La Genzianella IT025037B4L2AXVGH9,Bed & Breakfast,http://www.lagenzianella.net/,335 570 7436,"Frazione Caralte, 16/a",Perarolo di Cadore,,info@lagenzianella.net,https,Shopify,Sì,ANEXIA Internetdienstleistungs GmbH,,,,Sì,No
Càdor Hotel,Hotel,http://www.cadorhotel.it/,351 690 2915,"Via XX Settembre, 42",Valle di Cadore,,,https,Wix,Sì,Google LLC,,,,Sì,No
Bed and breakfast Il Cidolo,Bed & Breakfast,http://www.ilcidolo.it/,340 330 3125,"Via S. Anna, 16",Perarolo di Cadore,,info@ilcidolo.it,http,WordPress,No,Aruba S.p.A.,,,,Sì,No
Ciasa de i Cocète,Alloggio con uso cucina,,346 338 7048,"Via Cibiana di Sotto, 68",Cibiana di Cadore,,,,,,,,,,,
Trattoria con Alloggio Alla Cartiera,Ristorante,https://trattoria-con-alloggio-alla-cartiera.comeviaggiare.top/,389 006 6406,"Via Cartiera, 6",Lugo di Vicenza,,,https,WordPress,No,Contabo GmbH,,,,Sì,No
B&B Contarine,Bed & Breakfast,https://bb-contarine.hotelpreferito.top/,348 120 9501,"Via Doge Contarini, 9",Cinto Euganeo,,,https,React,No,Contabo GmbH,,,,Sì,No
Agriturismo Le Pergolette,Agriturismo,http://www.lepergolette.it/,0429 94297,"Via Pergolette, 29",Lozzo Atestino,,info@lepergolette.it,https,React,Sì,Aruba S.p.A,,,,Sì,No
Agriturismo San Matteo - Lozzo Atestino,Agriturismo,https://www.bbsanmatteo.com/,347 253 9949,"Via Roneghetto, 38",Lozzo Atestino,,info@bbsanmatteo.com,https,React,Sì,Hetzner Online GmbH,,,,Sì,No
Albergo Sanremo,Hotel,https://www.albergosanremo.com/,0423 602141,"Via Feltrina Sud, 82",Montebelluna,,info@albergosanremo.com,https,React,Sì,OVH ISP,,,,Sì,No
Ca' degli Artisti,Bed & Breakfast,http://www.cadegliartisti.it/,346 352 3813,"Via G. Garibaldi, 10A",Trevignano,,,https,WordPress,No,Host SpA,,,,Sì,No
Villa Serena Agriturismo,Hotel,http://www.villaserena.eu/,0423 300210,"Via Cal di Mezzo, 107",Montebelluna,,info@villaserena.eu,https,React,Sì,OVH SAS,,,,Sì,No
Agriturismo Nonna Maria,Agriturismo,http://www.nonna-maria.com/,0423 619611,"Via Ivo Lollini, 55",Montebelluna,,,https,React,No,OVH SAS,,,,Sì,No
B&B Alla Bon'ora,Bed & Breakfast,https://www.allabonora.it/,347 416 3905,"Via Dalmazia, 70",Venegazzù,,allabonora@libero.it,https,React,Sì,OVH ISP,,,,Sì,No
Artemide Relais,Bed & Breakfast,,0423 609381,"Via Casagrande Donato, 10",Montebelluna,,,,,,,,,,,
Locanda San Martino,Ristorante,http://www.locandasanmartino.com/,334 139 0806,"Via Don Ermolao Barattin, 23",San Martino D'alpago,,info@locandasanmartino.com,https,Squarespace,No,"Squarespace, Inc.",,,,Sì,No
Agriturismo B&B Borgo Coe,Bed & Breakfast,,349 173 1283,"Via Coe, 167/a",Chies d'Alpago,,,,,,,,,,,
Casa Perazzolo,Bed & Breakfast,http://www.casaperazzolo.it/,349 569 5370,"Via Masi, 1",Montecchia di Crosara,,info@casaperazzolo.it,https,WordPress,Sì,Server Plan S.r.l.,,,,Sì,No
LA FONTANELLA,Ristorante,,348 552 1262,"V. Pasquaro, 7",Montecchia di Crosara,,,,,,,,,,,
La Montecchia House,Pensione,,349 596 8711,"P.za Umberto I, 1",Montecchia di Crosara,,,,,,,,,,,
Casa Oliver,Pensione,,346 648 1020,"Via Giovanni Battista Buratto, 7",Montecchia di Crosara,,,,,,,,,,,
Le Albare,Bed & Breakfast,http://www.lealbare.it/,339 412 2790,"Strada Provinciale 17, Via Pergola, 33",Montecchia di Crosara,,info@lealbare.it,https,WordPress,Sì,Aruba S.p.A. Network,,,,Sì,No
Casa Maria di Beltrame Andrè Jacopo,Bed & Breakfast,https://www.affittacamerecasamaria.it/,351 935 8412,"Via Pegnati, 3",San Giovanni Ilarione,,info@affittacamerecasamaria.it,http,Angular,Sì,Netsons s.r.l.,,,,Sì,No
B&B Antico Orologio,Bed & Breakfast,http://www.anticoorologio.com/,340 336 9153,"Calle Gradara, 282",Chioggia,,anticoorologio@gmail.com,http,WordPress,Sì,Aruba S.p.A. Network,,,,Sì,No
Piccola Venezia Room,Hotel,http://www.piccolaveneziaroom.it/,329 326 6289,"Calle Fidado, 486",Chioggia,,info@casavacanzechioggia.it,https,Shopify,No,Aruba S.p.A.,,,,Sì,No
1823 room,Bed & Breakfast,https://www.1823room.com/,366 992 4666,"Via Cesare Battisti, 254",Chioggia,,info@1823room.com,https,WordPress,No,Host SpA,,,,Sì,No
Residenza Domus Clugiae,Ostello,http://www.domusclugiae.it/,041 550 0973,"Calle Luccarini, 825",Chioggia,,,https,Shopify,No,Server Plan S.r.l.,,,,Sì,No
B&B LA CANEVA 951,Bed & Breakfast,https://www.lacaneva951.com/,327 573 7389,"Calle Torso, 951",Chioggia,,info@lacaneva951.com,https,WordPress,No,Aruba S.p.A.,,,,Sì,No
Casa Mafalda B&B,Bed & Breakfast,https://www.casamafaldachioggia.it/it?ads_source=equeco&channel=2003043911_search&gad_source=1&gclid=CjwKCAjwvr--BhB5EiwAd5YbXh4ZGowGQCLHZrODmmJ_9jL5-iUaygJa3eiFPvOB6R-H3AqYhRzcehoCrwYQAvD_BwE,345 792 2438,"Viale San Marco, 1555",Sottomarina,,casa.mafalda@yahoo.it,https,Shopify,No,"Cloudflare, Inc.",,,,Sì,No
Casa Sansera,Bed & Breakfast,https://www.casasansera.it/,348 311 6918,"Calle Felice Cavallotti, 401",Chioggia,,info@casasansera.it,https,WordPress,No,Aruba S.p.A. Network,,,,Sì,No
Ca' Vittoria Boutique House Apartsuite Chioggia,Bed & Breakfast,https://www.apartsuite.it/room/ca-vittoria-boutique-house-chioggia/,350 040 1498,"Calle Zitelle, 9",Chioggia,,info@cavittoriachioggia.it,https,WordPress,No,SEEWEB s.r.l.,,,,Sì,No
Residence Eleonora,Hotel,http://www.residenceleonora.com/,041 887 6751,"Calle del Momolo, 111",Chioggia,,,https,Shopify,No,"Amazon.com, Inc.",,,,Sì,No
Laguna Suite B&B,Bed & Breakfast,http://lagunasuite.it/,333 442 5200,"Via S. Marco, Calle dei Galassi, 1006",Chioggia,,,https,WordPress,Sì,Aruba S.p.A.,,,,Sì,No
B&B InCalle Chioggia,Bed & Breakfast,http://www.incallechioggia.com/,328 019 7291,"Rione S. Giacomo, Calle Malanni, 587",Chioggia,,,https,WordPress,Sì,SEEWEB s.r.l.,,,,Sì,No
B&B Basta Bussare,Bed & Breakfast,http://www.bastabussare.it/,320 353 5813,"Calle Fattorini, 265",Chioggia,,info@bastabussare.it,https,Joomla,Sì,Combell NV,,,,Sì,No
Bed & Breakfast San Domenico,Bed & Breakfast,https://www.bbsandomenico.it/,329 642 5335,"Calle S. Domenico, 1177",Chioggia,,,https,Joomla,No,Aruba S.p.A.,,,,Sì,No
Casetta Vigo,Bed & Breakfast,,338 318 6717,"Calle Stretta Bersaglio, 585",Chioggia,,,,,,,,,,,
Hotel San Marco,Hotel,http://www.ilsanmarco.it/,0444 698417,"Via Battaglia, 26",Montecchio Maggiore,,info@ilsanmarco.it,https,WordPress,Sì,Aruba S.p.A.,,,,Sì,No
Hotel Albergo Alla Rosa,Hotel,https://albergo-alla-rosa.hotelperiviaggi.top/,0444 499827,"Via G. Garibaldi, 10",Montecchio Maggiore,,,https,WordPress,No,Contabo GmbH,,,,Sì,No
Hotel Castagna,Residence,http://www.castagnahotel.it/,0444 490540,"Via Archimede, 2",Montecchio Maggiore,,info@castagnahotel.it,https,WordPress,No,Amazon Technologies Inc.,,,,Sì,No
