Nome Attività,Categoria,Sito Web,Telefono,Indirizzo,Comune,Provincia,Email,Protocollo,Tecnologia,Cookie Banner,Hosting Provider,Mobile Performance,Desktop Performance,Punteggio SEO,Disponibilità Sito,Stato Manutenzione
La Casa di Nonna Lina,Bed & Breakfast,,335 825 4553,"Via Irpinia, 3/A",Ordona,,,,,,,,,,,
Agriturismo Masseria Mascitelli,Agriturismo,,328 325 7034,S.P. 110 km 29+100,Orta Nova,,,,,,,,,,,
B&B Piano Romano -con parcheggio privato gratuito-,Bed & Breakfast,https://www.hotelsandiamo.com/bb-piano-romano-con-parcheggio-privato-gratuito,347 577 9593,"Via Monte Grappa, 42",Foggia,,,https,Shopify,No,"Cloudflare, Inc.",100,100,92.00,Sì,No
Casa Acito,Bed & Breakfast,,327 258 2701,Contrada cenerata snc,Stornara,,,,,,,,,,,
B&B Federico II,Bed & Breakfast,,346 825 5931,Corso Generale Torelli,Apricena,,,,,,,,,,,
Le Cale' B&B,Bed & Breakfast,,329 533 0760,"Via Montenero, 3",San Severo,,,,,,,,,,,
Bed & Breakfast Corso Roma,Bed & Breakfast,http://bnbcorsoroma.it,349 640 3977,"Piazzale Andrea Costa, 2",Apricena,,,https,React,No,"Amazon.com, Inc.",68,98,100.00,Sì,No
Residenza Del Sele,Bed & Breakfast,http://www.bebfoggia.it,331 437 3464,"Corso Pietro Giannone, 1 a",Foggia,,,https,Shopify,No,Aruba S.p.A,69,92,92.00,Sì,No
B&B Mattei Domus,Bed & Breakfast,,333 561 9330,"Viale Sicilia, n.27/29",Lesina,,,,,,,,,,,
B&B Da Nicola,Bed & Breakfast,,331 288 3795,"Via Giovanni Pascoli, 9",Poggio Imperiale,,,,,,,,,,,
B&B RISTOBAR CRISTAL AGE (Siria b&b),Bed & Breakfast,https://bb-ristobar-cristal-age.albergo.top,376 095 3641,"S.S. 89 KM 3, Via Apricena, 480",San Severo,,,https,React,No,Contabo GmbH,54,87,92.00,Sì,No
Grotta degli Ulivi,Ristorante,http://www.grottadegliulivi.it,0882 645834,Contrada Dell'Incoronata,Apricena,,,https,React,No,Serverplan s.r.l.,64,89,100.00,Sì,No
Bed & Breakfast Porta del Gargano,Bed & Breakfast,http://www.bebportadelgargano.it,348 870 8898,"C.da Iancuglia SS 272 Km 12,50",San Marco in Lamis,,giovannimaddamma@gmail.com,https,WordPress,No,Aruba S.p.A.,75,98,75.00,Sì,No
Incanto b&b,Bed & Breakfast,,340 532 1783,"Via Colonnella, 64",Lesina,,,,,,,,,,,
B&B Un Punto in Più,Bed & Breakfast,,338 244 4253,"Via Roma, 8",San Paolo di Civitate,,,,,,,,,,,
B&B A.J.,Bed & Breakfast,http://ajbedandbreakfast.com,345 958 3358,"Corso Umberto I° di Savoia, 46",Lesina,,info@ajbedandbreakfast.com,https,Joomla,No,Aruba S.p.A.,56,56,100.00,Sì,No
BED & BREAKFAST PALAZZO DEL CONTESTABILE - TROIA - FOGGIA - PUGLIA,Bed & Breakfast,,328 087 0129,"Corso Umberto I, 137",Troia,,,,,,,,,,,
Beb A CASA D NENÉ,Bed & Breakfast,,345 455 9874,"Via Cesare Battisti, 117",Lesina,,,,,,,,,,,
Bed Breakfast Al Castello,Bed & Breakfast,http://www.bbcastello.it,0882 382373,"via Mons.Giuseppe, Via Monsignor G. Lariccia, 115",Torremaggiore,,info@bbcastello.it,https,WordPress,No,Internap Holding LLC,89,69,92.00,Sì,No
B&B A due passi,Bed & Breakfast,https://aduepassibebtroia.wordpress.com,347 782 8162,"Corso G. Matteotti, 99",Troia,,aduepassibebtroia@gmail.com,https,WordPress,No,"Automattic, Inc",75,91,100.00,Sì,No
B&B Al Belvedere,Bed & Breakfast,https://www.bbalbelvedere.it,389 655 5570,"Via Giuseppe Verdi, 54",Volturino,,,https,React,No,Seeweb srl,56,73,77.00,Sì,No
Agriturismo Casale Cerere,Agriturismo,https://www.casalecerere.it,329 923 5292,"Contrada Serritelli, 61",Lacedonia,,info@casalecerere.it,https,Shopify,No,Aruba S.p.A.,59,91,92.00,Sì,No
I Templari di Alberona,Bed & Breakfast,http://www.itemplaridialberona.com,328 549 4720,"Via Ripa, 22",Alberona,,info@itemplaridialberona.com,http,WordPress,No,Aruba S.p.A.,54,44,77.00,Sì,No
BORA B&B,Bed & Breakfast,http://www.bora-troia.it,340 218 4527,"Via Sant'Antonio, 72",Troia,,info@bora-troia.it,http,React,No,Aruba S.p.A. Network,64,90,91.00,Sì,No
B&B Colli Ameni,Bed & Breakfast,,339 412 3131,Strada Provinciale Ferrovia,Candela,,,,,,,,,,,
La Piazzetta,Hotel,,328 919 6168,"Piazza Giacomo Matteotti, 34",Candela,,,,,,,,,,,
Il Viandante Bed & Breakfast,Bed & Breakfast,https://piscinaimulinirosetovalfortore.wordpress.com/il-viandante-bed-and-breakfast,328 638 7458,"Via Colonnello Lorenzo D'Avanzo, 122",Roseto Valfortore,,ilviandanterooms@gmail.com,https,Angular,No,"Automattic, Inc",52,62,100.00,Sì,No
B&B Sant Arcangelo,Bed & Breakfast,,375 511 6012,"Via Francesco Crispi, 6",Sant'Agata di Puglia,,,,,,,,,,,
VIENIACASACCADIA,Bed & Breakfast,,337 140 7673,Contrada rochiano,Accadia,,,,,,,,,,,
La Civetta Bed & Breakfast,Bed & Breakfast,http://www.lacivetta.net,0881 777717,"Piazza Umberto Giordano, 77",Foggia,,,https,WordPress,Sì,"Cloudflare, Inc.",62,91,100.00,Sì,No
Villa Di Miscio,Bed & Breakfast,https://www.hotelsandiamo.com/villa-di-miscio,0881 984717,"Viale S. Rocco, 2",Sant'Agata di Puglia,,,https,WordPress,No,"Cloudflare, Inc.",100,100,92.00,Sì,No
B&B Giulimà,Bed & Breakfast,http://www.giulima.it,340 121 2065,"Via A. Pertini, 35",Rocchetta Sant'Antonio,,info@giulima.it,http,WordPress,Non trovato,miXus - internetsolutions DE-DUS,45,62,92.00,Sì,No
Le stanze di Giulia,Bed & Breakfast,,371 382 8398,"Vico S. Biagio, 40",Melfi,,,,,,,,,,,
Domus Romulea Albergo Locanda,Hotel,https://www.domusromulea.it,347 186 3354,"Via XXIII Luglio, 303",Bisaccia,,info@domusromulea.it,https,WordPress,No,Aruba S.p.A.,56,69,85.00,Sì,No
L'Antico Monastero,Bed & Breakfast,http://www.lanticomonastero.com,375 510 2321,"Via Santa Maria delle Grazie, 18",Sant'Agata di Puglia,,info@lanticomonastero.com,https,Joomla,No,"New Dream Network, LLC",39,43,92.00,Sì,No
Locanda Ballarò,Ristorante,https://locandaballaro.it,0881 963126,contrada varco sn,Deliceto,,,https,WordPress,Sì,Aruba S.p.A. Network,62,94,92.00,Sì,No
residenza lastene,Bed & Breakfast,,0881 961926,"Via Lastene, 27",Bovino,,,,,,,,,,,
Agriturismo Masseria Salecchia,Fattoria,http://www.masseriasalecchia.it,340 774 5309,"SP122, km 4,4",Bovino,,info@masseriasalecchia.it,https,Shopify,No,Aruba S.p.A.,82,89,92.00,Sì,No
Relais San Marco Luxury Guest House,Bed & Breakfast,,389 915 4736,Via S. Marco,Volturino,,,,,,,,,,,
La Veranda Fiorita,Bed & Breakfast,,347 552 1446,"Via Roma, 17",Pietramontecorvino,,,,,,,,,,,
B&B La Casetta di Nonna Carmela,Bed & Breakfast,,349 183 1389,"Piazza Bizantina, 6",Bovino,,,,,,,,,,,
Posta Guevara - Agriturismo,Agriturismo,http://www.postaguevara.com/home.html,0881 976880,Strada Statale 90 - Pod. 1,Orsara di Puglia,,info@postaguevara.com,http,Shopify,Sì,Aruba S.p.A.,56,63,77.00,Sì,No
Relais “La Villa”,Bed & Breakfast,,328 107 4592,SP6,Lucera,,,,,,,,,,,
Albachiara,Bed & Breakfast,,320 446 6703,Contrada ischia dei vitelli,Lucera,,,,,,,,,,,
Bed & Breakfast Letizia,Bed & Breakfast,,347 533 3549,"Via Pietro Perrone, 5",Deliceto,,,,,,,,,,,
Camere Santa Rita,Bed & Breakfast,,391 360 2833,"Via S. Gennaro, 1",San Giovanni Rotondo,,,,,,,,,,,
Palazzo Schirù,Bed & Breakfast,http://www.palazzoschiru.it,393 986 2992,"Via Parente, 6",Troia,,,https,WordPress,No,Aruba S.p.A.,64,86,92.00,Sì,No
Gárgara Bed and Breakfast,Bed & Breakfast,,329 741 7499,"Via Coppamendole, 47",Vico del Gargano,,,,,,,,,,,
B&B Casa Augello,Bed & Breakfast,http://www.casaaugello.it,327 304 1813,"Via Giuseppe Sala, 35",San Giovanni Rotondo,,casa.augello@hotmail.it,https,Shopify,No,"DigitalOcean, LLC",54,62,100.00,Sì,No
B&B Margherita Torremaggiore,Bed & Breakfast,,329 963 6461,"Via Solferino, 20",Torremaggiore,,,,,,,,,,,
Agriturismo Biorussi,Azienda agricola biologica,https://www.biorussi.com,0884 596765,Contrada Macchiarotonda,Carpino,,info@biorussi.com,https,Shopify,Sì,Hetzner Online GmbH,61,76,85.00,Sì,No
Hotel De La Ville,Hotel,,0884 900412,Via Scalabrini,Carpino,,,,,,,,,,,
Locanda di Ody,Ristorante,,347 795 7023,"Via Roma, 50",Pietramontecorvino,,,,,,,,,,,
bed & breakfast MASSIMO,Bed & Breakfast,,329 934 1936,"Via C. Battisti, 81",Casalvecchio di Puglia,,,,,,,,,,,
Bed&Breakfast Belvedere,Bed & Breakfast,https://www.ctbelvedere.it,345 842 8735,"Contrada Belvedere, Snc, primo piano",Ischitella,,info@ctbelvedere.it,https,WordPress,Sì,Aruba S.p.A.,60,83,85.00,Sì,No
B&B Torre Del Lago,Bed & Breakfast,http://www.bbtorredellago.net,389 423 0213,"Via Torre Varano, 78",Foce Varano,,,https,WordPress,Sì,Aruba S.p.A.,52,27,92.00,Sì,No
Apulia Bed&Breakfast,Bed & Breakfast,https://www.apuliabb.it,347 874 1966,"Corso Matino, 100",Mattinata,,info@apuliabb.it,https,Shopify,No,Serverplan S.r.l.,51,78,91.00,Sì,No
B&B Poggio Marano,Bed & Breakfast,,329 543 7790,"Località Marano, 7",San Bartolomeo in Galdo,,,,,,,,,,,
Holiday B&B Vico Del Gargano,Bed & Breakfast,http://www.holidaybb.net,380 327 6692,"Via Michele Monaco, 4",Vico del Gargano,,,https,Vue,No,"Amazon.com, Inc.",84,91,100.00,Sì,No
il Cortiletto del Borgo,Bed & Breakfast,https://ilcortilettodelborgo.it,328 864 8470,Vico Sauchelli,Pietramontecorvino,,,https,WordPress,Sì,Seflow S.N.C. Di Marco Brame' & C.,56,77,85.00,Sì,No
L'Antico Carrettiere,Bed & Breakfast,http://www.anticocarrettiere.it,340 811 6155,Località pietra della Madonna,Peschici,,,https,React,No,Google LLC,59,89,77.00,Sì,No
Dades,Ristorante,,0881 962197,"Contrada Lamia, 1",Castelluccio dei Sauri,,,,,,,,,,,
l'Oasi di Rosi - Affittacamere,Bed & Breakfast,http://oasidirosi.it,339 112 1726,Contrada Purgatorio,Casalnuovo Monterotaro,,oasidirosi@gmail.com,https,WordPress,Sì,Signet B.V.,63,78,92.00,Sì,No
CASA IACOVELLI - AFFITTACAMERE,Bed & Breakfast,,389 175 0961,"corso skanderbeg 15, Via Guglielmo Oberdan, 4",Casalvecchio di Puglia,,,,,,,,,,,
Agriturismo Pirro,Agriturismo,,349 172 3891,"C.da Cuparoni - SS 160, Lucera-Troia (incrocio per Faeto)",Troia,,,,,,,,,,,
Torre civica,Bed & Breakfast,,377 363 4846,"Via Regina Margherita, 146",Troia,,,,,,,,,,,
B&B Sotto le Mura,Bed & Breakfast,https://bebpietramontecorvino.it,328 355 8080,"Vico Castello, 7",Pietramontecorvino,,info@bebpietramontecorvino.it,,Shopify,Sì,Keliweb S.R.L,0,0,0.00,Sì,No
Bed & Breakfast Celeste - Palazzo D'Addario,Bed & Breakfast,,333 391 8850,"Largo Belvedere Cerulli, 7",Celenza Valfortore,,,,,,,,,,,
Affittacamere Masseria Montefedele,Bed & Breakfast,http://iginoprocaccini.wixsite.com/masseria-montefedele,340 412 3894,Località Monte Fedele SS 90 Km 56,Bovino,,igino.procaccini1@gmail.com,https,Wix,No,Google LLC,75,88,92.00,Sì,No
Dragonfly affittacamere,Bed & Breakfast,,379 268 7343,"Via G. Leopardi, 2",Motta Montecorvino,,,,,,,,,,,
B&B Ascoli antica,Bed & Breakfast,http://www.ascolianticabb.it,0736 251607,"Corso Trento e Trieste, 6",Ascoli Piceno,,info@ascolianticabb.it,http,ASP.NET,No,Aruba S.p.A. Network,99,100,82.00,Sì,No
Bed & Breakfast Panorama,Bed & Breakfast,https://bed-breakfast-panorama.italiacongusto.top,328 837 9760,"Ingresso unico dalla stradina laterale privata, Via Parco delle More, 15 F",Castelluccio dei Sauri,,,https,React,No,Ipxo LLC,60,89,85.00,Sì,No
A Casa Nostra,Bed & Breakfast,http://www.acasanostracandela.it,335 157 2312,"Viale Antonino Ripandelli, 87",Candela,,info@acasanostracandela.it,http,WordPress,No,miXus - internetsolutions DE-DUS,65,70,92.00,Sì,No
Bed & Breakfast Montagano,Bed & Breakfast,,320 574 0072,"Via Appennini, 81",Montagano,,,,,,,,,,,
Agriturismo Occhito,Agriturismo,,380 695 1388,Cda Fosso Giuriachi,Macchia Valfortore,,,,,,,,,,,
Hotel Ristorante Pizzeria PEDA - Colletorto,Ristorante,https://hotel-ristorante-pizzeria-peda-colletorto.comeviaggiare.top,0874 730229,"Via Carlo Alberto Dalla Chiesa, 11/17",Colletorto,,,https,WordPress,No,Contabo GmbH,52,84,85.00,Sì,No
Contedoro Living - Affittacamere,Hotel,http://contedoroliving.it,0825 824855,"Via Brecceto, 1",Ariano Irpino,,info@contedoroliving.it,https,WordPress,No,Aruba S.p.A.,60,80,92.00,Sì,No
Affittacamere La Torre,Bed & Breakfast,,379 235 9213,"Via Roma, 45",Biccari,,,,,,,,,,,
B&B Nonna Rosa,Bed & Breakfast,,340 864 9101,"Piazzale dei Caduti, 19",Biccari,,,,,,,,,,,
La dimora di Ipno,Bed & Breakfast,https://www.ladimoradiipno.com,348 602 6144,"Corso J. F. Kennedy, 145",Vallata,,info@ladimoradiipno.com,https,React,No,"Cloudflare, Inc.",51,61,100.00,Sì,No
Camere Santa Lucia,Bed & Breakfast,,333 725 3795,"Viale Cappuccini, 32",San Giovanni Rotondo,,,,,,,,,,,
Casa Natura Coppa Del Giglio,Agriturismo,https://www.casanaturagargano.com,346 869 4773,Località Bosco Quarto,Monte Sant'Angelo,,info@casanaturagargano.com,https,WordPress,No,"Cloudflare, Inc.",56,89,85.00,Sì,No
M.Mansion,Bed & Breakfast,,327 267 7396,"Corso Umberto I°, 9",San Giovanni Rotondo,,,,,,,,,,,
Il Riccio home & relax,Hotel,https://ilricciohome.it,375 821 0053,"Via Colle della Macchia, snc",Riccia,,info@ilricciohome.it,https,WordPress,No,Hetzner Online GmbH,64,0,92.00,Sì,No
Gio Horses B&B e Ranch,Bed & Breakfast,http://www.giohorses.it,389 518 9744,"Contrada Don Luca, snc",San Nicandro Garganico,,gio.horses.ranch@gmail.com,https,Basekit,No,Aruba S.p.A.,59,73,100.00,Sì,No
Easy Green Hotel,Hotel,https://easygreenhotel.com,0882 303427,"Via Tratturo delle Corse, 18",San Giovanni Rotondo,,info@easygreenhotel.it,https,Shopify,No,Seflow S.N.C. Di Marco Brame' & C.,45,73,92.00,Sì,No
Palazzo del Conte,Bed & Breakfast,,327 552 3231,"Via Umberto I, 19",Castelluccio Valmaggiore,,,,,,,,,,,
Agriturismo La Tana Della Volpe,Bed & Breakfast,https://www.tanadellavolpebb.it,347 244 8831,Via Macchia Vacantia,Flumeri,,info@tanadellavolpebb.it,https,WordPress,No,Aruba S.p.A.,48,90,92.00,Sì,No
B&b La casa di bianca,Bed & Breakfast,,347 605 3225,"Via Campanile, 14",Manfredonia,,,,,,,,,,,
Relais del Corso,Bed & Breakfast,http://relaisdelcorsomanfredonia.it,349 295 1293,"Corso Manfredi, 33",Manfredonia,,,https,WordPress,No,SEEWEB s.r.l.,61,84,92.00,Sì,No
Casa Manfredi Homes&Villas | Manfredonia,Hotel,http://www.casamanfredi.net,388 625 1929,"Corso Manfredi, 209",Manfredonia,,casamanfredi2012@gmail.com,https,React,Sì,Hetzner Online GmbH,53,74,85.00,Sì,No
Dimora dei Celestini Rooms,Bed & Breakfast,https://dimoradeicelestini.it,0884 530113,"Via dei Celestini, 14",Manfredonia,,info@dimoradeicelestini.it,https,WordPress,No,Server Plan S.r.l.,74,82,85.00,Sì,No
B&B La Maison Arco Boccolicchio,Bed & Breakfast,,329 425 5956,"Via Campanile, 5",Manfredonia,,,,,,,,,,,
MareLuna B&B,Bed & Breakfast,,348 561 3799,"Corso Roma, 224",Manfredonia,,,,,,,,,,,
B&B Le Ferule,Bed & Breakfast,,347 583 0016,"Via Maddalena, 117",Manfredonia,,,,,,,,,,,
Case MaLù,Bed & Breakfast,,340 891 9460,"Vico del Foro, 15/17/18",Monte Sant'Angelo,,,,,,,,,,,
B&B Angela,Alloggi al coperto,http://www.bbangelapuglia.com,0884 320607,Via Pulsano Km 1,Monte SantʼAngelo,,info@bbangelapuglia.com,https,WordPress,No,Hostpoint AG,79,85,83.00,Sì,No
Hotel Santangelo,Hotel,http://www.hotelsantangelo.com,0884 562237,"Via Pulsano, Km 1/00",Monte Sant'Angelo,,info@hotelsantangelo.com,http,Odoo,Sì,Aruba S.p.A. Network,53,67,85.00,Sì,No
Hotel Leon Ristorante Al Cavallino Rosso,Hotel,http://www.hotelleon.it,0882 457827,"Via Tratturo delle Corse, 14",San Giovanni Rotondo,,info@hotelleon.it,https,Joomla,No,Seflow S.N.C. Di Marco Brame' & C.,47,77,100.00,Sì,No
B&B Corte Giordani,Bed & Breakfast,,340 921 7280,"Via Giantommaso Giordani, 17",Monte Sant'Angelo,,,,,,,,,,,
B&B Centro Storico,Bed & Breakfast,https://centrostoricobnb.it,347 593 0617,"Via dei Celestini, 15",Manfredonia,,centrostoricomanfredonia@gmail.com,https,WordPress,Sì,Aruba S.p.A. Network,63,73,85.00,Sì,No
Frontemare Hotel Village & Spa | Gargano,Hotel,http://www.frontemarepuglia.it,0884 965579,Via Belvedere,Rodi Garganico,,,https,Shopify,No,"Amazon.com, Inc.",39,50,92.00,Sì,No
Villa Tre Colli Agriturismo B&b,Agriturismo,,0825 827130,"Via Turchiciello, 19",Ariano Irpino,,,,,,,,,,,
Agriturismo La Cerasola - Masseria Grosso,Agriturismo,http://agriturismolacerasola.it,335 672 7807,"41.154493099672955, 15.247113658560066",Monteleone di Puglia,,info@agriturismolacerasola.it,https,WordPress,No,SEEWEB s.r.l.,72,85,92.00,Sì,No
B&B Masseria Liberatore,Bed & Breakfast,https://beb.it/masserialiberatore/it,0884 559753,"Contrada Liberatore, 2",Mattinata,,,https,Vue,No,"Amazon.com, Inc.",50,94,100.00,Sì,No
Hotel il Melograno Mattinata,Hotel,http://www.hotelalmelograno.it,0884 550547,"Contrada Funni, 30",Mattinata,,info@hotelalmelograno.it,https,Joomla,No,OVH SAS,77,95,85.00,Sì,No
Bed And Breakfast Coppadicuocobb,Bed & Breakfast,http://www.coppadicuocobb.com,339 216 8548,"Corso Matino, 195",Mattinata,,info@coppadicuocobb.com,https,React,No,Server Plan S.r.l.,45,74,91.00,Sì,No
B&B Tor di Lupo,Bed & Breakfast,http://www.bbtordilupo.it,347 935 2283,"Contrada Tor di Lupo, 15",Mattinata,,dd0a55ccb8124b9c9d938e3acf41f8aa@sentry.wixpress.com,https,Wix,No,Google LLC,68,85,92.00,Sì,No
b&b A 2 Passi da...,Bed & Breakfast,https://a2passida.it,347 854 6954,"Viale XXIV Maggio, 98",Foggia,,aduepassifg@gmail.com,https,Mobirise,Sì,SEEWEB s.r.l.,56,94,73.00,Sì,No
Hotel La Rotonda,Hotel,http://www.hotellarotonda.com,0884 550100,Contrada Torre del porto,Mattinata,,,https,Shopify,Sì,SEMPLIFY-SRL,93,46,100.00,Sì,No
Holiday Lodge al Porto,Hotel,http://www.lodgealporto.com,0884 554047,"Via del Mare - SP 53 Litoranea per Vieste a km 1, 5 da Mattinata",Mattinata,,info@lodgealporto.com,https,ASP.NET,No,Aruba S.p.A. Network,59,62,91.00,Sì,No
B&B Sperlonga,Bed & Breakfast,http://www.bbsperlongamattinata.it,340 411 5574,"Contrada Santissimo, 6",Mattinata,,bbsperlongamattinata@gmail.com,https,Joomla,Sì,OVH ISP,66,93,92.00,Sì,No
B&B Al Viale Foggia,Bed & Breakfast,https://www.bbalvialefoggia.it,329 413 2748,"Viale XXIV Maggio, 63",Foggia,,info@bbalvialefoggia.it,https,WordPress,No,Aruba S.p.A.,61,52,92.00,Sì,No
B&B Isola Verde,Bed & Breakfast,,0882 463030,"Località Boschetto, 1",San Domino,,,,,,,,,,,
B&b Porta Arpana,Bed & Breakfast,,375 640 7215,"Via Arpi, 138",Foggia,,,,,,,,,,,
Bunker degli inventori,Hotel,https://oasideigeni.it,327 944 0639,"Viale Sant'Alfonso Maria dè Liguori, 95",Foggia,,paolabuccinotti@gmail.com,http,React,Sì,Signet B.V.,45,66,100.00,Sì,No
Quarto Novo,Bed & Breakfast,https://www.quartonovo.it,327 264 4193,"Via le Granate, 4",Foggia,,guesthousefg@gmail.com,https,WordPress,Sì,Aruba S.p.A.,63,81,92.00,Sì,No
"B&B Junior, Isole Tremiti",Bed & Breakfast,http://www.juniortremiti.it,328 811 8708,"SAN Domino, Località Boschetto, snc",Isole Tremiti,,info@juniortremiti.it,http,ASP.NET,No,Aruba S.p.A. Network,88,95,91.00,Sì,No
B&B Maison Reale,Bed & Breakfast,http://www.maisonreale.it,0881 652796,"Via Camporeale km 1,100, Via Camporeale",Foggia,,info@maisonreale.it,https,WordPress,No,Aruba S.p.A.,57,73,92.00,Sì,No
B&B Maison D'alysie,Bed & Breakfast,https://www.bebmaisondalysie.it,0881 174 6072,"Via Vittime Civili Ang, Viale Candelaro, 8",Foggia,,bebmaisondalysie@gmail.com,https,WordPress,No,Seeweb srl,55,82,92.00,Sì,No
Hotel le Viole,Hotel,http://www.leviole.com,0882 463312,"Via della Cantina Sperimentale, 44",Isole Tremiti,,info@leviole.com,https,WordPress,No,Aruba S.p.A. Network,44,75,92.00,Sì,No
Bed And Breakfast L'isola AeR,Bed & Breakfast,,333 630 7652,"Viale Principe di Piemonte, 76",Lesina,,,,,,,,,,,
B&B Liu Palazzo Ducale,Bed & Breakfast,http://www.liupalazzoducale.it,329 106 8170,"Via Dante, 19/21",Lesina,,,http,ASP.NET,No,Aruba S.p.A. Network,91,100,100.00,Sì,No
Hotel Kyrie Isole Tremiti,Hotel,http://www.hotelkyrieisoletremiti.it,0882 463232,"Loc. San Domino, Via dei Cameroni",Isole Tremiti,,kyrie@primahotel.it,https,WordPress,No,Google LLC,55,81,85.00,Sì,No
Villa Paradiso,Bed & Breakfast,https://villa-paradiso.italiapaesaggiviaggi.top,0882 463400,"Via Beato Giovanni da Foligno, 2",Isole Tremiti,,,https,React,No,Ipxo LLC,56,89,85.00,Sì,No
Brezza Bed&Breakfast,Bed & Breakfast,https://www.brezzabeb.it,329 376 1778,"Via Farini, Via Pietro la Cava, 11",Lesina,,brezzabeblesina@gmail.com,https,Joomla,No,Aruba S.p.A. Network,64,78,100.00,Sì,No
Casa Rosy,Bed & Breakfast,,328 367 9788,"Via dei Giardini, 21",Lucera,,,,,,,,,,,
La Casa Di Federico II,Pensione,,368 391 0357,"Via Giuseppe Pizzuto, 1",Lucera,,,,,,,,,,,
RELAIS AL FARO,Bed & Breakfast,http://www.alfarotremiti.it,0882 463424,"Via Aldo Moro, 22",Villaggio San Domino,,info@alfarotremiti.it,https,Joomla,No,Aruba S.p.A. Network,62,74,91.00,Sì,No
B&B Anna e Augusto,Bed & Breakfast,,320 154 6186,"Via Carlo Marx, 4",Lucera,,,,,,,,,,,
La Ninfa del Lago,Bed & Breakfast,,347 171 8478,"Cin:IT071027B400104352, Via U. Foscolo, 20/A",Lesina,,,,,,,,,,,
KASA LUPUS,Bed & Breakfast,,348 800 7580,"Corso Giuseppe Garibaldi, 119",Lucera,,,,,,,,,,,
Lido Rosa Rooms,Bed & Breakfast,http://www.lidorosa.it,338 764 3678,"Via Torre Fortore, 9",Lesina Marina,,,https,Joomla,No,Aruba S.p.A. Network,51,81,92.00,Sì,No
Bed & Breakfast Piazza Matteotti,Bed & Breakfast,,328 967 3240,"Via G. Garibaldi, 51",Stornara,,,,,,,,,,,
B&B La Sartoria dei Sogni,Bed & Breakfast,,328 122 2641,"Viale Aldo Moro, 56",Lucera,,,,,,,,,,,
B&B Perla Saracena,Bed & Breakfast,https://bebperlasaracena.it,379 113 6426,"Via a Porta Croce, 37",Lucera,,perlasaracena@gmail.com,https,React,Sì,Aruba S.p.A,100,92,92.00,Sì,No
"Bed and Breakfast Imma, Foggia",Bed & Breakfast,,347 164 3404,"Viale Cristoforo Colombo, 23",Foggia,,,,,,,,,,,
Isole Tremiti MicroHotel Albergo Rossana,Hotel,http://www.isoletremitialbergorossana.it,347 577 2958,"Via Federico II, 4",Isole Tremiti,,info@isoletremitialbergorossana.it,https,WordPress,No,Aruba S.p.A. Network,60,64,85.00,Sì,No
ROOM & SUITE Il Vicolo,Bed & Breakfast,,335 772 8498,"Via XX Settembre, 1",Stornarella,,,,,,,,,,,
hori balconata 2.0,Hotel,https://www.hori.srl,0881 546725,"Viale Ferrovia, 15",Lucera,,info@hori.srl,https,React,Sì,OVH SAS,62,92,82.00,Sì,No
LianHome b&b apartments,Bed & Breakfast,http://www.lianhome.it,338 594 3579,"Via Famiglia Vitagliani, 62/64",Lucera,,lianhomelucera@gmail.com,https,WordPress,No,Aruba S.p.A.,56,83,92.00,Sì,No
B&B Residenza Ducale,Bed & Breakfast,http://www.residenzaducale.it,328 842 7433,"Via Guevara, 5",Bovino,,info@residenzaducale.it,https,ASP.NET,No,Aruba S.p.A,61,96,82.00,Sì,No
Affittacamere Number 1,Bed & Breakfast,,347 220 5132,"Via Fontana Nuova, 117",Deliceto,,,,,,,,,,,
B&B CERIGNOLA - LA PERLA - Suite Corso Roma,Bed & Breakfast,http://www.suitecorsoroma.it,329 188 6757,"Via Consalvo da Cordova, 1",Cerignola,,,https,Shopify,Sì,Aruba S.p.A.,62,79,100.00,Sì,No
Habitat Apartments&Rooms,Hotel,https://www.habitatcerignola.it,349 663 5330,"Viale Giuseppe Di Vittorio, 97",Cerignola,,,https,Joomla,No,Aruba S.p.A.,64,94,100.00,Sì,No
Asselta Hotel & Restaurant,Hotel,,345 414 0774,SS 16,Cerignola,,,,,,,,,,,
Ripa Alta Room's,Bed & Breakfast,,351 217 2697,"Via Santuario Madonna di Ripalta, 1",Cerignola,,,,,,,,,,,
B&B Relais Casa Angela,Bed & Breakfast,http://www.bbrelaiscerignola.it,380 282 7864,"Via Bruno Buozzi, 20",Cerignola,,,https,React,No,Armada WAN,50,69,0.00,Sì,No
Residence dei Pini,Edificio con appartamenti arredati,http://www.residencedeipini.it,0885 448442,"Viale fra Daniele, 32",Cerignola,,info@residencedeipini.it,http,WordPress,No,Aruba S.p.A.,62,80,92.00,Sì,No
B&B Italia,Bed & Breakfast,http://italia-foggia-bnb.com.es,333 527 4650,"Via Campania, 7",Cerignola,,nome1@esempio.com,http,ASP.NET,Sì,arsys.es,43,56,61.00,Sì,No
B&b Borgo Sciugolo,Bed & Breakfast,https://beb.it/borgosciugolo,342 020 5389,"Via Sciugolo, 2b",Baselice,,,https,WordPress,No,"Amazon.com, Inc.",69,95,100.00,Sì,No
Hotel Risorante Pizzeria La Bicocca,Ristorante,https://hotel-risorante-pizzeria-la-bicocca.percorsiitaliani.top,0881 551118,"Via Umberto Giordano, 54",Motta Montecorvino,,,https,WordPress,No,Contabo GmbH,63,85,85.00,Sì,No
Agriturismo Il Brutto Anatroccolo,Ristorante,https://agriturismo-il-brutto-anatroccolo.guideditalia.top,392 908 5888,"SP123, 2",Orsara di Puglia,,,https,React,No,Contabo GmbH,49,86,85.00,Sì,No
B&B La Maison del Borgo | Gargano,Bed & Breakfast,,328 532 2307,"via Mazzini, 26",Rodi Garganico,,,,,,,,,,,
Albergo Il Giardino I Rodi Garganico,Hotel,http://www.albergoilgiardino.com,0884 355441,Contrada Scopparone,Rodi Garganico,,info@albergoilgiardino.com,https,Shopify,Sì,SEMPLIFY-SRL,66,81,100.00,Sì,No
Hotel Solaria,Hotel,http://www.hotelsolaria.it,0884 966200,"Via Trieste, 8",Rodi Garganico,,info@hotelsolaria.it,https,WordPress,No,Server Plan S.r.l.,57,56,100.00,Sì,No
Dimora Monsignore,Bed & Breakfast,https://www.dimoramonsignore.it,327 872 3945,"Vico Leopoldo Pilla, 16B",Termoli,,info@dimoramonsignore.it,https,Shopify,Sì,Aruba S.p.A.,57,85,92.00,Sì,No
Guest House Dimora Fiorita,Bed & Breakfast,http://www.dimorafiorita.it,320 674 2225,"Via Imbriani, 7",Serracapriola,,,https,WordPress,No,"DigitalOcean, LLC",53,59,73.00,Sì,No
Viola di Mare rooms e parking affittacamere,Bed & Breakfast,http://www.bbvioladimare.it,347 584 1228,"Via Tevere, 6/A",Termoli,,,https,Vue,No,"Amazon.com, Inc.",60,90,100.00,Sì,No
Park Hotel Villa Americana,Hotel,https://www.villaamericana.it,0884 966390,"Via Carmine Grossi, 23",Rodi Garganico,,info@villaamericana.it,,WordPress,Sì,Aruba S.p.A,56,79,92.00,Sì,No
B&B Il Casale di Rodolfo,Bed & Breakfast,,389 489 2694,"Contrada Pantano Alto, 6",Termoli,,,,,,,,,,,
B&B Al Vecchio Fontanile,Bed & Breakfast,http://www.alvecchiofontanile.com,347 524 2788,"Via Giacomo Puccini, 4",Lesina,,info@alvecchiofontanile.com,https,Joomla,No,Aruba S.p.A.,36,75,85.00,Sì,No
Hotel Villa a Mare,Hotel,http://www.albergovillamare.it,0884 966149,"Via Trieste, 89",Rodi Garganico,,info@albergovillamare.it,https,WordPress,Sì,Server Plan S.r.l.,56,67,85.00,Sì,No
A Tre Piani Sul Mare,Bed & Breakfast,https://trepiani.tripcombined.com,340 871 4246,"Via E. Vanoni, 270/3 piano",Campomarino Lido,,,https,React,No,Contabo GmbH,57,91,92.00,Sì,No
B&B Soldano,Bed & Breakfast,https://www.suitesedimoresoldano.it/bb-soldano,331 997 5455,"Via Marconi, 18",Peschici,,vacanzesoldano@gmail.com,https,Angular,No,Google LLC,47,71,73.00,Sì,No
B&B Le Cese - Turismo Rurale,Bed & Breakfast,https://www.bblecese.com,345 032 6404,"Contrada Matine, snc",San Giovanni Rotondo,,info@bblecese.com,http,WordPress,No,Aruba S.p.A. Network,54,71,85.00,Sì,No
Hotel Immagine,Hotel,https://www.hotelimmagine.it,0882 412065,"Viale Aldo Moro, 150",San Giovanni Rotondo,,,https,React,No,Armada WAN2,56,81,92.00,Sì,No
Abba villa Giano b&b,Bed & Breakfast,http://bedandbreakfastitalia.it,368 748 0230,"C/S Roma, 154/A",San Giovanni Rotondo,,,https,ASP.NET,No,Aruba S.p.A. Network,99,100,91.00,Sì,No
Hotel San Francesco,Hotel,https://www.hotelsanfrancescosgr.com,0882 425323,"Via Pietrelcina, 1",San Giovanni Rotondo,,contatti@hotelsanfrancescosgr.com,https,Shopify,Sì,Aruba S.p.A. Network,56,77,85.00,Sì,No
Villa Santacroce,Bed & Breakfast,https://villasantacroce.org,0882 454782,"Via Santa Croce, 21",San Giovanni Rotondo,,villasantacrocesgr@yahoo.it,https,WordPress,No,Amazon Technologies Inc.,53,50,100.00,Sì,No
B&B Villa Biancofiore,Bed & Breakfast,https://villabiancofiore.traveleto.com,333 581 0301,"Viale Aldo Moro, 109",San Giovanni Rotondo,,,https,Shopify,No,"Cloudflare, Inc.",56,80,92.00,Sì,No
L'OLIMPO,Bed & Breakfast,,347 242 1672,"Via Alpi, 32/32",Poggio Imperiale,,,,,,,,,,,
Castel di Pietra,Bed & Breakfast,,351 173 0143,Via Arco Ducale,Pietramontecorvino,,,,,,,,,,,
B&B Dolce Idea,Bed & Breakfast,,350 090 2265,"Via Manlio, 35",Peschici,,,,,,,,,,,
Blumarine Suite,Bed & Breakfast,,347 839 5936,"Via Giardinetti, 29",Peschici,,,,,,,,,,,
beb il peschiciano,Bed & Breakfast,http://www.bebilpeschiciano.it,0884 964788,"Via Gioielli, 1",Peschici,,info@bebilpeschiciano.it,https,WordPress,No,Aruba S.p.A. Network,60,67,92.00,Sì,No
Thai boutique rooms,Bed & Breakfast,https://thaiboutiquerooms.it,+41 76 824 07 83,Via Papa Pio X,Peschici,,,https,WordPress,Sì,Netsons Network,64,93,85.00,Sì,No
B&B Villa Passiaturo Peschici,Bed & Breakfast,https://www.villapassiaturo.it,349 717 1512,"Viale Giuseppe, Via Libetta, 30",Peschici,,info@villapassiaturo.it,https,WordPress,Sì,Aruba S.p.A.,67,94,92.00,Sì,No
B&B Di Fiore,Bed & Breakfast,http://www.bbdifiore.it,344 168 2551,Via Carlo Alberto dalla Chiesa,Peschici,,ester.difiore@hotmail.com,,WordPress,Sì,Netsons Network,65,84,92.00,Sì,No
B&b Rocchetta,Bed & Breakfast,,0885 654452,"Corso Dauno Irpino, 10",Rocchetta Sant'Antonio,,,,,,,,,,,
B&B Il palazzo,Bed & Breakfast,,327 367 0127,"SP130, 31",Roseto Valfortore,,,,,,,,,,,
Agriturismo Castello,Agriturismo,http://agriturismocastello.plateform.app,0824 983419,"Contrada Castello, 9",San Giorgio La Molara,,,https,ASP.NET,No,"DigitalOcean, LLC",83,99,100.00,Sì,No
Casa Al Lago B&B,Bed & Breakfast,,0824 966388,"Contrada Mazzocca, snc",Foiao Di Val Forotre,,,,,,,,,,,
Affittacamere Da Nonna Elisa,Hotel,http://danonnaelisa.it,328 327 2953,"Via Piazza Vecchia, 65",Roseto Valfortore,,,http,Squarespace,No,Aruba S.p.A.,62,74,85.00,Sì,No
Affittacamere Palazzo 1892,Bed & Breakfast,http://www.palazzo1892.it,347 187 4295,"Corso Vittorio Emanuele III, 16",Castelvetere in Val Fortore,,info@palazzo1892.it,http,WordPress,No,Aruba S.p.A. Network,59,0,85.00,Sì,No
Agriturismo Regio Tratturo,Agriturismo,http://www.ilregiotratturo.it,389 985 7542,"Strada Provinciale 30, Baselice, BN",Baselice,,info@ilregiotratturo.it,https,WordPress,No,Aruba S.p.A. Network,40,55,85.00,Sì,No
B&B Relax,Bed & Breakfast,https://www.bed-and-breakfast.it/it/puglia/camere-bed-and-breakfast-san-giovanni-rotondo/51928,333 839 0982,"piazzale cardinale Lercaro, 5",San Giovanni Rotondo,,,https,Shopify,Sì,Amazon Technologies Inc.,50,54,92.00,Sì,No
Hotel dei Cappuccini,Hotel,http://www.hoteldeicappuccini.it,339 726 6473,"Viale Cappuccini, 61",San Giovanni Rotondo,,info@hoteldeicappuccini.it,https,Joomla,No,Seflow S.N.C. Di Marco Brame' & C.,56,68,92.00,Sì,No
Un Raggio di Sole,Bed & Breakfast,,339 455 1488,"Corso Giuseppe Garibaldi, 96",Serracapriola,,,,,,,,,,,
B&B Leggieri Villa Siria,Bed & Breakfast,https://bb-leggieri-villa-siria.vacanzeinitalia.top,328 418 5785,"Via Pietrelcina, 6",San Giovanni Rotondo,,,https,WordPress,No,Contabo GmbH,54,85,85.00,Sì,No
La Casa del Nonno,Servizio di ricerca di compagni di stanza,http://www.lacasadelnonno.com,347 715 4717,"Via Municipio, 1",Campomarino,,,http,React,No,Aruba S.p.A.,65,56,91.00,Sì,No
Borgo Antico B&B,Bed & Breakfast,,0875 59745,"Borgo Costantinopoli, 161/163",Portocannone,,,,,,,,,,,
B&B La Casetta,Bed & Breakfast,,339 616 3315,Vicolo I Melfi,Cerignola,,,,,,,,,,,
B&B La terrazza sul borgo,Bed & Breakfast,https://bblaterrazzasulborgo.traveleto.com,346 686 2325,"Corso Giuseppe Garibaldi, 78",Serracapriola,,,https,React,No,"Cloudflare, Inc.",56,76,92.00,Sì,No
Nina e il mare,Bed & Breakfast,https://www.ninaeilmare.it,338 857 4729,"Via Morea, 10",Campomarino,,kstacey120@gmail.com,https,WordPress,No,Aruba S.p.A. Network,56,76,85.00,Sì,No
B&B Antico Borgo,Bed & Breakfast,https://bb-antico-borgo.hotelperiviaggi.top,328 550 8079,"Via Regina Margherita, 2",Stornara,,,https,React,No,Contabo GmbH,62,90,85.00,Sì,No
B&B Cerignola Dimmito,Bed & Breakfast,https://www.bebdimmito.it,349 530 9964,Via Manfredonia,Cerignola,,bebdimmito@virgilio.it,https,Angular,No,OVH SAS,61,72,85.00,Sì,No
B&B Grandone,Bed & Breakfast,https://bedandbreakfaststornara.it,320 316 9503,Tratturello Regio Ponte di Bovino,Cerignola,,grandonev@gmail.com,https,WordPress,Sì,TransIP BV,0,65,100.00,Sì,No
Happy b&b,Bed & Breakfast,https://happybeb-it.webnode.it,378 066 4543,"Via Bezzecca, 9",Torremaggiore,,happybeb.torre@gmail.com,https,React,No,Amazon Technologies Inc.,57,92,100.00,Sì,No
b&b Dragonara Apartment Torremaggiore,Bed & Breakfast,https://www.dragonara.eu,329 092 5413,"Via Luigi Goffredo, 39",Torremaggiore,,info@dragonara.eu,https,Shopify,No,Aruba S.p.A.,59,89,92.00,Sì,No
Flore B&B,Bed & Breakfast,http://www.florebnb.com,338 375 6973,"Via Milazzo, 149",Torremaggiore,,info@florebnb.com,https,Joomla,No,OVH SAS,55,60,92.00,Sì,No
Malucri Resort,Hotel,http://www.malucri.it,0882 833850,Corso del Popolo,Borgo Celano,,info@malucri.it,https,WordPress,Sì,Hostinger International Limited,56,63,92.00,Sì,No
Albergo Borgo Pace,Hotel,https://albergo-borgo-pace.migliorhotel.top,0882 816382,"Via XXV Luglio, 15",Borgo Celano,,,https,WordPress,No,Contabo GmbH,61,89,85.00,Sì,No
B&B Aika 48,Bed & Breakfast,,388 890 3889,"Corso Umberto I, 48",Troia,,,,,,,,,,,
Il Rosone,Bed & Breakfast,,0881 970801,"Via Roma, 77",Troia,,,,,,,,,,,
B&B Casa Regina Margherita,Bed & Breakfast,http://www.casareginamargherita.it,333 409 6157,"Via Regina Margherita, 14",Troia,,casareginamargherita25@gmail.com,https,WordPress,No,Aruba S.p.A. Network,61,85,92.00,Sì,No
B&B Vico Vacanze,Bed & Breakfast,http://www.bebvicovacanze.it,329 704 4831,"Via G. di Vagno, 15",Vico del Gargano,,prenotazione@bebvicovacanze.it,http,ASP.NET,No,Aruba S.p.A. Network,72,98,75.00,Sì,No
B&B Troia,Bed & Breakfast,https://www.masseriamontaratro.it,349 364 9568,"Via Regina Margherita, 274",Troia,,info@masseriamontaratro.it,https,WordPress,Sì,Aruba S.p.A. Network,72,74,100.00,Sì,No
Hotel Maremonti,Hotel,http://www.maremontihotel.it/home.html,0884 991418,"Via della Resistenza, 119",Vico del Gargano,,,http,ASP.NET,No,Aruba S.p.A. Network,71,100,83.00,Sì,No
Bedandbreakfastpeschici,Bed & Breakfast,http://www.bedandbreakfastpeschici.it,347 850 4533,"Via Libetta, 87",Peschici,,info@bedandbreakfastpeschici.it,https,WordPress,Sì,Aruba S.p.A.,61,91,100.00,Sì,No
Max Luxury Suite Bed and Breakfast Peschici Gargano,Bed & Breakfast,http://www.maxluxurysuite.it,349 585 6847,Valle Dello Schiaffo,Peschici,,info@maxluxurysuite.it,https,Shopify,Sì,Aruba S.p.A. Network,49,64,92.00,Sì,No
B&B Sweet Home Grumo Appula,Bed & Breakfast,,340 741 3535,"Via Chiantatella, 7",Grumo Appula,,,,,,,,,,,
Bed & Breakfast La Pineta - Quasano (Bari),Bed & Breakfast,,335 164 7510,"Via del Narciso, 13",Quasano,,,,,,,,,,,
San Vito Apartment,Bed & Breakfast,,346 477 9125,"Via Forges Davanzati, 70",Palo del Colle,,,,,,,,,,,
WelcHome Apartment & Luxury Rooms,Bed & Breakfast,,379 246 4495,"Corso Umberto I, 12",Grumo Appula,,,,,,,,,,,
A Casa Di Gaia Bed And Breakfast,Bed & Breakfast,http://www.acasadigaia.it,349 564 3368,"Via Ricciotti, 16",Vico del Gargano,,info@acasadigaia.it,http,WordPress,No,Aruba S.p.A.,57,66,77.00,Sì,No
Park Hotel Villa Maria | Gargano,Hotel,http://www.parkhotelvillamaria.it,0884 968700,"Via del Carbonaio, 19",San Menaio,,info@parkhotelvillamaria.com,https,WordPress,Sì,Hetzner Online GmbH,60,78,100.00,Sì,No
Boschetto Bed & Breakfast,Bed & Breakfast,,334 381 9689,Via III Boschetto,San Nicandro Garganico,,,,,,,,,,,
B&B La Maison da Francy,Bed & Breakfast,,351 750 9838,"Via Giannini, 32",Bitetto,,,,,,,,,,,
FEMily B&B Grumo Appula Bed and Breakfast,Bed & Breakfast,https://beb.it/femilybeb,349 125 5727,"Via Giacomo Scarola, n. 7",Grumo Appula,,,https,Angular,No,"Amazon.com, Inc.",75,95,100.00,Sì,No
B&B Santé,Bed & Breakfast,,328 014 4513,"Via Antonio Carugno, 49",San Nicandro Garganico,,,,,,,,,,,
B&B sul Colle,Bed & Breakfast,https://bbsulcolle.wixsite.com/bbsulcolle,377 364 7567,"Via Maria Cristina Di Savoia, 2B",Palo del Colle,,bbsulcolle@gmail.com,https,Wix,No,Google LLC,70,95,92.00,Sì,No
B&b Sofia,Bed & Breakfast,http://www.bebsofia.it,320 559 9994,"Via Giacomo Matteotti, 180",San Nicandro Garganico,,bebsofiasng@gmail.comm,https,Shopify,Sì,Netsons s.r.l.,60,64,85.00,Sì,No
B&B Pilarossa,Bed & Breakfast,https://bb-pilarossa.miglioriviaggi.top,333 295 3333,Via Torre Mileto 153 71015 San Nicandro Garganico 41°51'42.6N 15°34'07.1E,San Nicandro Garganico,,,https,WordPress,No,Contabo GmbH,61,87,85.00,Sì,No
Agriturismo Maniero Cerulli,Agriturismo,,331 712 0247,Contrada Conca D'Oro,Celenza Valfortore,,,,,,,,,,,
Hotel La Caravella,Hotel,http://www.lacaravelladivieste.it,0884 708964,"Lungomare Enrico Mattei, 1",Vieste,,info@lacaravelladivieste.it,https,WordPress,No,Aruba S.p.A.,66,95,100.00,Sì,No
Le dune vieste Bed & Breakfast,Bed & Breakfast,https://www.ledunevieste.it,347 053 7799,"Via Venezia, 1",Vieste,,info@ledunevieste.it,https,WordPress,No,Aruba S.p.A.,50,88,85.00,Sì,No
Relais Viesti B&B,Bed & Breakfast,,348 510 7369,"Viale XXIV Maggio, 12",Vieste,,,,,,,,,,,
Villa Monacis Guest House,Bed & Breakfast,http://www.villamonacisguesthouse.it,334 917 7273,"CIN: IT071060B400110744, CIS: FG07106042000029337, Via Santa Margherita, 12",Vieste,,villaangiolinavieste@gmail.com,https,WordPress,Sì,Aruba S.p.A.,70,80,100.00,Sì,No
Bed and Breakfast Vieste Borgo Cerasa,Bed & Breakfast,http://borgocerasa.it,339 487 0403,SS89,Vieste,,info@borgocerasa.it,https,WordPress,No,Server Plan S.r.l.,44,80,92.00,Sì,No
La Duchessa e Il Contadino,Agriturismo,https://www.laduchessaeilcontadino.it,366 372 1092,"Località Coppitella, 26",Vieste,,laduchessaeilcontadino@gmail.com,https,WordPress,No,Aruba S.p.A.,59,91,92.00,Sì,No
La tana di Leo,Bed & Breakfast,,327 535 5709,"Via Cesare Battisti, 35",San Paolo di Civitate,,,,,,,,,,,
Il Torchio Bed & Breakfast,Bed & Breakfast,,0882 551836,"Via Orazio, 44",San Paolo di Civitate,,,,,,,,,,,
B&B Il Giardino Della Torre,Bed & Breakfast,,333 636 6666,SP30,Torremaggiore,,,,,,,,,,,
B&B Civico 22,Bed & Breakfast,,389 189 5965,"Via Don Giovanni Minzoni, 22",Torremaggiore,,,,,,,,,,,
B&B Berlen,Bed & Breakfast,,328 351 8016,"Via Tommaso Fiore, 3",Torremaggiore,,,,,,,,,,,
Bed & Breakfast Villa Ciaccia,Bed & Breakfast,,339 313 1775,"Via Contrada Pagliara Vecchia, Km 0, 500",Torremaggiore,,,,,,,,,,,
B&B via Roma,Bed & Breakfast,https://bb-via-roma.hotelperiviaggi.top,377 532 6536,"Via Roma, 77",San Severo,,,https,React,No,Contabo GmbH,54,87,92.00,Sì,No
B&B Palazzo Ducale,Bed & Breakfast,,328 134 7845,"Via Calabria, 42",San Severo,,,,,,,,,,,
B&B L'Abbazia,Bed & Breakfast,https://www.beblabbazia.it/il-beb-a-torremaggiore,339 141 8142,"Via Solferino, 128",Torremaggiore,,,https,Shopify,No,Keliweb S.R.L,55,62,85.00,Sì,No
B&B da MammA',Bed & Breakfast,,328 655 5587,"Via Calabria, 154",San Severo,,,,,,,,,,,
BED & BREAKFAST ARCO ANTICO,Bed & Breakfast,,389 011 6173,"Via Cesare Balbo, 36",San Severo,,,,,,,,,,,
B&B Dimora Giuesy San Severo - affittacamere mini appartamenti,Bed & Breakfast,https://dimoragyuesy.wixsite.com/sansevero,380 206 4341,"Viale due Giugno, 110",San Severo,,giuesysansevero@gmail.com,https,Wix,No,Google LLC,65,96,61.00,Sì,No
Romano B&B,Bed & Breakfast,http://www.bbromanosansevero.com,0882 223498,"Viale Giacomo Matteotti, 85",San Severo,,,https,Joomla,Sì,Aruba S.p.A. Network,34,51,92.00,Sì,No
B&B STELLE DELLA DAUNIA,Bed & Breakfast,http://www.stelledelladaunia.it,329 317 5750,"Via Volturno, 76",San Severo,,info@stelledelledaunia.it,https,WordPress,Sì,Aruba S.p.A. Network,56,69,100.00,Sì,No
Miryam House Affittacamere Suite e Relax- bed and breakfast -San Severo,Bed & Breakfast,http://miryamhouse.com,328 898 3972,"Via Teresa Masselli, 104",San Severo,,,https,Shopify,No,"Amazon.com, Inc.",64,99,83.00,Sì,No
B&B Sant'Agata,Bed & Breakfast,,349 808 0681,"Via Martorano, 116",Sant'Agata Dé Goti,,,,,,,,,,,
Welcome to Alberobello,Bed & Breakfast,,389 438 4738,"Via Giovanni XXIII, 39",Alberobello,,,,,,,,,,,
Dimore Dalle Zie,Bed & Breakfast,https://www.dimoredallezie.it,376 138 9328,"Via A. Manzoni, 77",Alberobello,,info@dimoredallezie.it,https,WordPress,Sì,Aruba S.p.A. Network,62,86,100.00,Sì,No
Art Rooms Joyful People,Bed & Breakfast,http://www.joyfulpeople.it,339 307 7178,"V.le Apulia, 10/12",Alberobello,,info@joyfulpeople.it,https,WordPress,Sì,Aruba S.p.A.,76,94,92.00,Sì,No
B&B Herdonia,Bed & Breakfast,,333 377 4331,"Via Giovine, 32",Ordona,,,,,,,,,,,
Grand Hotel Olimpo,Hotel,http://www.grandhotelolimpo.it,080 432 1678,"Via 7 Liberatori della Selva, 4b",Alberobello,,info@grandhotelolimpo.it,https,WordPress,No,OVH SAS,39,36,92.00,Sì,No
B&B Al Volo 2,Bed & Breakfast,,366 305 5998,"Piazza S. Francesco D'Assisi, 3",Foggia,,,,,,,,,,,
Trulli e Puglia Resort,Hotel,https://www.trulliepuglia.com,338 533 7864,"P.za Gabriele D'Annunzio, 2",Alberobello,,info@trulliepuglia.com,https,Angular,Sì,"Cloudflare, Inc.",56,52,92.00,Sì,No
B&B Cenzina,Bed & Breakfast,https://bbcenzina.traveleto.com,333 773 3512,"Viale Alcide De Gasperi, 20",Alberobello,,,https,React,No,"Cloudflare, Inc.",56,80,92.00,Sì,No
B&B Maison Du Relax,Bed & Breakfast,https://lamaisondurelaxrooms.it,375 630 7731,"Via Trieste, 39",Foggia,,,https,Shopify,Sì,Aruba S.p.A.,30,45,100.00,Sì,No
Cconforthotels R&B Cavour,Bed & Breakfast,https://cconforthotels.com/bari/bb-appartamento-cavour-bari,080 975 6863,"Corso Cavour, 184",Bari,,reservation@cconforthotels.com,https,React,Sì,Hostinger International Limited,51,60,92.00,Sì,No
B&B Giordano,Bed & Breakfast,https://www.hotelsandiamo.com/al-giordano,366 502 7550,"Via la Greca, 12",Foggia,,,https,WordPress,No,"Cloudflare, Inc.",100,100,92.00,Sì,No
B&B La Casa Particular,Bed & Breakfast,,338 887 5236,"Via Nazionale, 9/b3",Bari,,,,,,,,,,,
Kyathos Agriturismo,Agriturismo,https://kyathos-agriturismo.mipiacelitalia.top,331 348 7745,Località Vallescodella,Ordona,,,https,React,No,Contabo GmbH,52,87,85.00,Sì,No
B&B Del Corso di Altamura,Bed & Breakfast,,338 681 7193,"Via S. Nicola, 10",Altamura,,,,,,,,,,,
Borgo degli Svevi Rooms,Bed & Breakfast,,351 715 6218,Str. Attolini,Bari,,,,,,,,,,,
Nitto House,Bed & Breakfast,https://www.nittohousebari.it/it,347 274 8733,"Via Giambattista Nitto de Rossi, 15 b",Bari,,nittohousebari@gmail.com,https,Shopify,No,"DigitalOcean, LLC",50,57,92.00,Sì,No
B&b Antigua,Bed & Breakfast,,347 727 0467,"Via Caserta, 19",Altamura,,,,,,,,,,,
Corte Morgese,Bed & Breakfast,,328 333 2367,"Corte morgese angolo, Str. Attolini",Bari,,,,,,,,,,,
La locanda di Alice,Ristorante,,348 359 8539,"Via Domenico Santoro, 6",Altamura,,,,,,,,,,,
B&B Bari Centro Okey Homes,Bed & Breakfast,https://www.okey.homes/it,375 569 5919,"Via Dante Alighieri, 87",Bari,,reception.bari@okeyhomes.com,https,WordPress,No,"Cloudflare, Inc.",39,64,0.00,Sì,No
B&B La Rosa dei Venti,Bed & Breakfast,,328 975 9821,Via Orazio Persio,Altamura,,,,,,,,,,,
Sistò Petite Maison,Bed & Breakfast,https://beb.it/sistopetitemaison,371 371 2383,"Via Giacomo Ciaccia, 8",Altamura,,,https,WordPress,No,"Amazon.com, Inc.",77,85,100.00,Sì,No
Il Borgo Antico - Bed & Breakfast Altamura,Bed & Breakfast,https://www.ilborgoantico.puglia.it/%20cod.CIN:IT072004C100034278,334 871 7114,"Claustro Patella, 1",Altamura,,borgoanticoaltamura@libero.it,https,WordPress,Sì,SEEWEB s.r.l.,90,98,100.00,Sì,No
Dimora Fantasia Charme B&B,Bed & Breakfast,https://www.dimorafantasia.it,339 451 7227,"Via Michele de Napoli, 4",Bari,,,http,WordPress,Sì,Aruba S.p.A.,53,42,85.00,Sì,No
Magna Domus,Bed & Breakfast,,329 190 4060,"Via Guglielmo Marconi, 3",Bitetto,,,,,,,,,,,
Casa Dalè,Bed & Breakfast,https://beb.it/casadale/it,335 649 8969,"Via Madonna della Croce, 136",Altamura,,,https,WordPress,No,"Amazon.com, Inc.",83,99,100.00,Sì,No
Hotel Cristal,Hotel,https://www.hotelsitalo.com/hotel-cristal,080 521 8467,"Via Gian Battista Trevisani, 190",Bari,,,https,Shopify,No,"Cloudflare, Inc.",83,98,92.00,Sì,No
Bed and Breakfast 1951,Bed & Breakfast,http://www.beb1951altamura.it,368 787 7859,"Via 1ª Traversa Viale Traiano, 5",Altamura,,,https,WordPress,No,Server Plan S.r.l.,69,93,83.00,Sì,No
Bed & Breakfast Piazza San Giovanni - Altamura - Essenze della Murgia,Bed & Breakfast,http://www.bebpiazzasangiovanni.it,328 049 5906,"Via S. Gaetano, 39",Altamura,,info@bebpiazzasangiovanni.it,https,WordPress,Sì,Server Plan S.r.l.,59,78,83.00,Sì,No
Bed & Breakfast Bitetto - Break House,Bed & Breakfast,https://bedandbreakfastbit.wixsite.com/bitetto-break-house,340 385 0560,"Via Patrono Antonio, 5",Bitetto,,giusclav95@gmail.com,https,Wix,No,Google LLC,74,98,100.00,Sì,No
b&b savarini,Bed & Breakfast,,349 826 1265,"Via della Minerva, 7",Palo del Colle,,,,,,,,,,,
Dimora Barone,Bed & Breakfast,,346 243 4196,"Via Sant'Antonio, 4",Bitetto,,,,,,,,,,,
B&B Nonna Fifina,Bed & Breakfast,,333 769 5588,"Via Chiancariello, 6",Bitonto,,,,,,,,,,,
B&b dei Nobili,Bed & Breakfast,https://bb-dei-nobili.webnode.it,334 367 3960,"Via Generale Palmiotti Michele, 39e",Bitetto,,hotel.deinobili@virgilio.it,https,Webnode,No,Amazon Technologies Inc.,66,94,100.00,Sì,No
Bed and Breakfast Verdeoliva,Bed & Breakfast,http://www.bbverdeoliva.it,328 154 2683,"Str. Madonna della Grotta, 3",Modugno,,info@bbverdeoliva.it,https,Shopify,Sì,SEMPLIFY-SRL,77,94,100.00,Sì,No
Stanze di Puglia,Bed & Breakfast,,353 353 8065,"Via Guglielmo Oberdan, 19",Sannicandro di Bari,,,,,,,,,,,
B&B Le Sirene,Bed & Breakfast,,349 507 0850,"Via Nicolo' Giudice, 1",Cellamare,,,,,,,,,,,
Sognare in puglia,Bed & Breakfast,,329 612 1932,"Via Orazio Flacco, 1",Valenzano,,,,,,,,,,,
Airam Room’s,Bed & Breakfast,,347 151 2487,Via Ara Coeli,Capurso,,,,,,,,,,,
B&B Meteora,Bed & Breakfast,,335 579 7315,"Via Epifania Federico, 224",Capurso,,,,,,,,,,,
AriaRoom219,Bed & Breakfast,https://ariaroom219.it,393 859 3188,"Via Epifania Federico, 219",Capurso,,ariaroom219@gmail.com,https,Shopify,Sì,Netsons s.r.l.,64,71,100.00,Sì,No
Carol's Bed and Breakfast,Bed & Breakfast,http://www.bbcarols.it,342 358 3190,"Via Purgatorio, 8",Valenzano,,info@bbcarols.it,https,WordPress,Sì,Servereasy Srl,67,79,85.00,Sì,No
PALAZZO ARMONY,Bed & Breakfast,,392 799 0519,"Via Bellino, 5",Bitritto,,,,,,,,,,,
B&B Casa di Illy,Bed & Breakfast,,351 448 0200,"Via Luigi Settembrini, 29",Bitritto,,,,,,,,,,,
B&B Cose Belle,Bed & Breakfast,https://www.cosebellecapurso.com,375 553 5026,"Via Francesco Lattanzio, 6",Capurso,,cosebellecapurso@gmail.com,https,Wix,No,Google LLC,88,92,100.00,Sì,No
B&B Butterfly Suite,Bed & Breakfast,,350 052 9961,"Via Alcide De Gasperi, 8A",Bitritto,,,,,,,,,,,
Valentino S.R.L.,Alloggi al coperto,http://www.albergovalentino.com,080 467 3929,"Via Casamassima, 22",Valenzano,,albergovalentino@live.it,https,Shopify,No,IONOS SE,55,78,92.00,Sì,No
B&B Paradise Room,Bed & Breakfast,http://www.paradise-rooms.it,327 765 7953,"Via Nicola Balenzano, 21",Bitritto,,info@paradise-rooms.it,https,Shopify,Sì,OVH SAS,56,87,92.00,Sì,No
IL GIARDINO DI NIU - Str. Turistica,Bed & Breakfast,,342 182 4354,"Via Casina di Dentro, 49",Bitonto,,,,,,,,,,,
B&B Dormireabari,Bed & Breakfast,,339 438 0772,"Via Giuseppe Mazzini, 20",Bitritto,,,,,,,,,,,
Il Guscio,Alloggi al coperto,,347 844 6541,"Via Damiano Chiesa, 12",Bitritto,,,,,,,,,,,
Largo Teatro Bed & Breakfast,Bed & Breakfast,,320 309 7778,"Via Ferrante Aporti, 54",Bitonto,,,,,,,,,,,
bed and breakfast il Bosco,Bed & Breakfast,http://ilbosco.it,337 822 764,"Via Magenta, 30",Bitonto,,,https,Joomla,Sì,Aruba S.p.A.,60,80,92.00,Sì,No
Primo bed and breakfast,Bed & Breakfast,,328 634 6141,"Via Crocifisso, 76",Bitonto,,,,,,,,,,,
B&B Almasol,Bed & Breakfast,,388 469 2213,"Via Fratelli Ragno, 4",Cassano delle Murge,,,,,,,,,,,
B&b Corte Trento - Suite & Exclusive Rooms,Bed & Breakfast,http://www.cortetrento.it,377 346 4327,"Corte Trenta, 8",Bitonto,,cortetrento@libero.it,https,WordPress,No,Aruba S.p.A.,60,77,92.00,Sì,No
B&B Santi Medici,Bed & Breakfast,https://bbsantimedici.it,392 480 7251,"Via Grecia, 5",Bitonto,,info@bbsantimedici.it,https,Shopify,Sì,Hetzner Online GmbH,56,81,92.00,Sì,No
B&B Porta Baresana,Bed & Breakfast,https://portabaresana.it,393 646 9765,"Via Sedile, 5",Bitonto,,info@portabaresana.it,https,Joomla,Sì,OVH SAS,54,73,85.00,Sì,No
La Perla Nera,Bed & Breakfast,,391 473 2644,"Via Vittorio Veneto, 38",Margherita di Savoia,,,,,,,,,,,
B&B da Marietta,Bed & Breakfast,,324 896 9989,"Corso Manfredonia, 21",Zapponeta,,,,,,,,,,,
B&B L’altramurgia,Bed & Breakfast,,346 214 6140,"Via Beato Giacomo da Bitetto, 18",Cassano delle Murge,,,,,,,,,,,
Palazzo Antica Via Appia,Bed & Breakfast,http://www.palazzoanticaviappia.it,080 371 7327,"Via Porta Robustina, 34",Bitonto,,,https,WordPress,No,OVH SAS,67,87,100.00,Sì,No
B&B Terrazze Lama Balice,Bed & Breakfast,https://bbpuglia.com/strutture-ricettive/bb-le-terrazze,388 659 1098,"Via Burrone, 16",Bitonto,,,,ASP.NET,Non trovato,Server Plan S.r.l.,73,97,45.00,No - Pagina Non Trovata (404),No
ARACOELI 20,Bed & Breakfast,http://www.aracoeli20.it,380 341 5437,"Via Aracoeli, 20",Cassano delle Murge,,,https,WordPress,No,Hetzner Online GmbH,47,68,100.00,Sì,No
Nu House Rooms & Apartments,Bed & Breakfast,http://www.nuhouse.it,333 438 9399,"Via Marcantonio Fiore, 9",Cassano delle Murge,,nuhouse79@gmail.com,https,Basekit,No,Aruba S.p.A.,55,73,92.00,Sì,No
B&B Corte Campanile,Alloggio turistico,https://bb-corte-campanile.alberghiinitalia.top,389 635 1472,"Viale Unità D'Italia, 37",Cassano delle Murge,,,https,React,No,Contabo GmbH,41,85,92.00,Sì,No
B&B Stella Marina,Bed & Breakfast,,0884 571102,"Villaggio Turistico, Piazzetta Principale",Ippocampo,,,,,,,,,,,
La Perla delle Saline,Bed & Breakfast,https://www.hotelsitalic.com/la-perla-delle-saline,0883 651091,"Via Armellina, 16",Margherita di Savoia,,,https,WordPress,No,"Cloudflare, Inc.",100,100,92.00,Sì,No
Parco Alta Murgia bnb,Bed & Breakfast,https://parcoaltamurgiabnb.com,333 316 3095,"Str. Panoramica, 34",Cassano delle Murge,,,https,WordPress,No,"Automattic, Inc",66,73,100.00,Sì,No
MEDUSA B&B CASE VACANZA,Bed & Breakfast,https://medusa-bb-case-vacanza.alberghiinitalia.top,351 150 4167,Via 7 Regina,Margherita di Savoia,,,https,React,No,Contabo GmbH,51,84,92.00,Sì,No
MM Rooms - Maison Marguerite,Bed & Breakfast,https://www.mmrooms.it,388 459 9965,"Via Garofalo, 11",Margherita di Savoia,,info@mmrooms.it,https,Vue,Sì,Aruba S.p.A.,40,59,100.00,Sì,No
Gazebo Rooms,Bed & Breakfast,https://www.gazeborooms.it,391 175 3511,"Via Risorgimento, 11",Margherita di Savoia,,,https,WordPress,No,"Cloudflare, Inc.",61,63,92.00,Sì,No
Marbel Suite,Bed & Breakfast,https://www.marbelsuite.it,351 269 0552,"Via Vico dei Fiori, 7",Adelfia,,,https,WordPress,No,Server Plan S.r.l.,65,85,92.00,Sì,No
Suite sweet love - B&B Adelfia-Bari,Bed & Breakfast,,388 730 5896,"Via Santa Maria della Pietà, 3",Adelfia,,,,,,,,,,,
Nel Vicoletto,Bed & Breakfast,https://nelvicolettobb.it,342 048 3280,"Via Ugo Foscolo, 1",Cassano delle Murge,,,https,WordPress,No,Hetzner Online GmbH,0,0,77.00,Sì,No
Sweet Suite Margherita b&b,Bed & Breakfast,https://www.sweetsuite.it,320 258 8821,"Via Maggiore Galliano, 37",Margherita di Savoia,,info@sweetsuite.it,https,Shopify,Sì,Aruba S.p.A. Network,33,56,100.00,Sì,No
LA DARSENA rooms,Bed & Breakfast,https://www.hotelsitalic.com/la-darsena-rooms,346 672 6678,"Via Manfredonia, 287 Corso vittorio Emanuele, zona porto, 287",Margherita di Savoia,,,https,WordPress,No,"Cloudflare, Inc.",100,100,92.00,Sì,No
Le Segrete del Pozzo,Bed & Breakfast,,351 803 8574,"Via Battaglia, 18",Capurso,,,,,,,,,,,
B&b Mamma Teresa,Bed & Breakfast,,348 478 3215,"Via Rutigliano, 16",Casamassima,,,,,,,,,,,
B&B Due Rioni,Bed & Breakfast,https://www.bbduerioni.it,335 153 6968,"Via Martiri di Via Fani, 3/B",Adelfia,,bbduerioni@gmail.com,https,WordPress,Sì,Server Plan S.r.l.,78,82,85.00,Sì,No
B&B Le Tre Rose,Bed & Breakfast,,393 635 2504,"Via Imbriani, 27",Casamassima,,,,,,,,,,,
B&B Guarini,Bed & Breakfast,http://bnbguarini.it,351 519 0615,"area residenziale Barialto, via Guarino Guarini, 2",Casamassima,,info@bnbguarini.it,https,ASP.NET,No,Aruba S.p.A. Network,86,86,91.00,Sì,No
Casa Gnoni Bed a d Breakfast,Alloggio completo di servizi,https://casa-gnoni-bed-a-d-breakfast.italiabella.top,320 227 2787,"Via Bari, 14",Valenzano,,,https,WordPress,No,Contabo GmbH,56,86,92.00,Sì,No
Supriani Luxury Bed & Breakfast,Bed & Breakfast,,334 176 5836,"Via Francesco, Via Supriani, 42",Acquaviva delle Fonti,,,,,,,,,,,
Antiche Mura B&B,Bed & Breakfast,http://b-b-antiche-mura.webador.it,329 886 3605,"Via Giulio Cesare, 15",Sammichele di Bari,,assistenza@webador.it,https,React,No,Google LLC,70,97,100.00,Sì,No
L'Angolo di Pietra,Bed & Breakfast,https://langolo-di-pietra.mipiacelitalia.top,349 557 7957,"Via Rutigliano, 7",Casamassima,,,https,WordPress,No,Contabo GmbH,51,85,85.00,Sì,No
Angolo del borgo antico B&B,Bed & Breakfast,,329 339 0538,"Vico Bellini, 5",Castellana Grotte,,,,,,,,,,,
Civico 57 Urban Suite,Bed & Breakfast,,327 476 6797,"Viale Aldo Moro, 57",Castellana Grotte,,,,,,,,,,,
Bed and Breakfast Casa Mariangi,Bed & Breakfast,http://www.bebcasamariangi.it,338 802 3625,Strada Comunale Genna 14/f,Castellana Grotte,,info@bebcasamariangi.it,https,Joomla,No,IONOS SE,50,61,77.00,Sì,No
La Casetta Dei Sogni D'oro,Bed & Breakfast,http://www.lacasettadeisognidoro.it,328 466 6098,"Strada Comunale Genna, 6",Castellana Grotte,,info@lacasettadeisognidoro.it,http,WordPress,No,Register.IT S.p.A,77,80,92.00,Sì,No
Casa Profumi di Puglia,Alloggio completo di servizi,,338 106 5851,"Strada Comunale Genna, 14/A",Castellana Grotte,,,,,,,,,,,
Hotel La Vetta Europa,Hotel,http://www.lavettaeuropa.it,080 496 8236,"Via Vito Matarrese, 33",Castellana Grotte,,info@lavettaeuropa.it,https,WordPress,Sì,Aruba S.p.A,45,46,92.00,Sì,No
Ape Rossa Bed & Breakfast,Bed & Breakfast,http://www.aperossa.it,342 566 6005,"Via Abate Eustasio, 24/C",Castellana Grotte,,info@aperossa.it,https,WordPress,No,SEEWEB s.r.l.,57,80,77.00,Sì,No
Altrove Bed&Breakfast,Bed & Breakfast,,391 103 7423,"Vico II Piergentile, 16",Acquaviva delle Fonti,,,,,,,,,,,
Mirò B&B,Bed & Breakfast,,339 258 9120,"Via Martiri delle Foibe, 1",Acquaviva delle Fonti,,,,,,,,,,,
Relais La Masseriola,Bed & Breakfast,http://www.lamasseriola.it,331 984 1246,"Strada Comunale Masseriola, 1",Castellana Grotte,,info@lamasseriola.it,https,Joomla,No,Host SpA,52,82,77.00,Sì,No
Posa Charming Rooms,Bed & Breakfast,,328 544 0930,"Via Donato Belluzzi, 2",Acquaviva delle Fonti,,,,,,,,,,,
Pumo Home - Apulian Luxury Rooms,Bed & Breakfast,,320 805 4862,"Via Francesco Cirillo, 20",Acquaviva delle Fonti,,,,,,,,,,,
Aqua - Letto e Colazione,Bed & Breakfast,,338 592 9788,"Via Giulio Cafaro 1, Estramurale S. Pietro, 83",Acquaviva delle Fonti,,,,,,,,,,,
B&B La Stazione,Bed & Breakfast,,338 829 9008,"Via Giovanni XXIII, 61",Acquaviva delle Fonti,,,,,,,,,,,
Ohana Bed and Breakfast,Bed & Breakfast,https://ohana-bed-breakfast.webnode.it,333 910 1294,"Via Eustachio Fasano, 16",Acquaviva delle Fonti,,contatto@esempio.it,https,React,No,Amazon Technologies Inc.,61,95,100.00,Sì,No
HYDRIA GUEST HOUSE ART GALLERY,Bed & Breakfast,,393 907 6344,"Via Pozzo Contella, 9",Acquaviva delle Fonti,,,,,,,,,,,
ROOM 110,Alloggio completo di servizi,https://room110bari.kross.travel/book/step1,351 886 4506,"Corso Cavour, 110",Bari,,,https,Shopify,No,"Cloudflare, Inc.",56,85,54.00,Sì,No
SottoSopra,Bed & Breakfast,,389 970 9813,"Via Zingari, 112",Conversano,,,,,,,,,,,
Casa BORGO Regina Bed and Breakfast,Bed & Breakfast,http://www.casaborgoregina.it,348 911 9447,"Via Scizzo, 87 Contrada Scizzo Borgo Regina 87",Noicattaro,,info@casaborgoregina.it,https,Joomla,Sì,Server Plan S.r.l.,88,99,77.00,Sì,No
Palazzo Didonna,Bed & Breakfast,http://www.palazzodidonna.it,348 334 2889,"Via Diego Martinelli, 24",Rutigliano,,palazzodidonna@gmail.com,https,WordPress,No,Server Plan S.r.l.,64,86,85.00,Sì,No
Albertario | B&B e Affittacamere,Bed & Breakfast,http://www.albertariobb.it,338 236 6201,"Piazza Don Albertario, 16",Acquaviva delle Fonti,,booking@albertariobb.it,https,React,Sì,Aruba S.p.A. Network,56,64,100.00,Sì,No
Cecenero,Ristorante,https://www.cecenero.it,339 478 7152,"Piazza Vittorio Emanuele, 39",Acquaviva delle Fonti,,,https,Basekit,No,Aruba S.p.A.,42,69,100.00,Sì,No
B&B Milena,Bed & Breakfast,https://www.milenabandb.it,392 066 4455,"Via Sebastiano Tagarelli, 9",Rutigliano,,info@milenabandb.it,https,WordPress,Sì,Aruba S.p.A.,47,53,92.00,Sì,No
BeMyGuest Rutigliano,Bed & Breakfast,http://www.bemyguest-rutigliano.com,371 195 3801,"Via Passatutti, 12",Rutigliano,,8eb368c655b84e029ed79ad7a5c1718e@sentry.wixpress.com,https,Wix,No,Google LLC,60,93,0.00,Sì,No
Apulia Time,Appartamenti,,340 236 9733,"Corso Alcide de Gasperi, 513d",Bari,,,,,,,,,,,
Relux capurso,Bed & Breakfast,https://www.reluxsuitepuglia.com,351 813 4599,Via XX Maggio 1852,Capurso,,info@reluxsuitepuglia.com,https,WordPress,No,Hetzner Online GmbH,62,76,92.00,Sì,No
Carafa 61,Bed & Breakfast,,353 343 6986,"Corso Carafa E., 61",Ruvo di Puglia,,,,,,,,,,,
Torre Balzano - Luxury B&B,Bed & Breakfast,https://torre-balzano.alberghiinitalia.top,080 472 4190,"Via Bari, 245",Valenzano,,,https,React,No,Contabo GmbH,52,85,92.00,Sì,No
B&B A Casa Mia | Ruvo di Puglia,Bed & Breakfast,https://beb.it/acasamia,379 100 7842,"Via Purgatorio, 10",Ruvo di Puglia,,,https,Vue,No,"Amazon.com, Inc.",77,99,100.00,Sì,No
La casa dei colombi,Hotel,,340 875 7417,"Via Edmondo de Amicis, 4",Ruvo di Puglia,,,,,,,,,,,
B&B Il Pino,Bed & Breakfast,,389 016 5705,"Via N. Sauro, 131",Ruvo di Puglia,,,,,,,,,,,
Le Gravinelle - affittacamere,Bed & Breakfast,,329 533 0488,"Via Carlo Rosselli, 13",Ruvo di Puglia,,,,,,,,,,,
B&B Arco Caputi,Bed & Breakfast,https://b-b-casa-rubis.amenitiz.io/it/booking/room,350 036 3040,"Arco Caputi, 12",Ruvo di Puglia,,casarubis@gmail.com,https,Shopify,No,"Cloudflare, Inc.",40,45,83.00,Sì,No
Dimora Gentile,Bed & Breakfast,,320 275 6254,"Via Tommaso Pantaleo, 2",Conversano,,,,,,,,,,,
Porta degli Antichi Casali,Bed & Breakfast,,339 487 0993,"Via S. Francesco, 7",Conversano,,,,,,,,,,,
B&B Dimora Francesca,Bed & Breakfast,http://www.dimorafrancesca.it,366 430 5576,"Via Giovanni Pascoli, 25",Conversano,,,https,Shopify,No,"Amazon.com, Inc.",72,93,100.00,Sì,No
B§B Nova Domus Guest Rooms,Alloggi al coperto,,349 195 1709,"Via XXIV Maggio, 7",Cellamare,,,,,,,,,,,
Alla nonna B&B,Bed & Breakfast,https://www.allanonna.it,375 704 9679,"Via Luigi Pirandello, 57",Conversano,,,https,WordPress,No,Aruba S.p.A.,93,97,92.00,Sì,No
"B&B Guest House Ai Cappuccini, Noicattaro Ba",Bed & Breakfast,https://aicappuccini.it,348 381 6598,"Via Cappuccini, 60, Via Antonio Salandra, 4",Noicattaro,,info@aicappuccini.it,https,WordPress,No,Aruba S.p.A.,43,59,85.00,Sì,No
Bed & Breakfast SOLE e LUNA,Bed & Breakfast,,347 590 5390,"Via Vittorio Veneto, 46",Capurso,,,,,,,,,,,
B&B Al Castello,Bed & Breakfast,http://www.bbalcastello.it,347 312 8844,"Via Conte Vaaz, 16",Sammichele di Bari,,,https,ASP.NET,No,Aruba S.p.A.,100,100,82.00,Sì,No
B&B CasaLù,Bed & Breakfast,https://www.casa-lu.it,348 955 0198,"Via Bruno Buozzi, 1",Sammichele di Bari,,casalu.beb@gmail.com,https,React,No,Amazon Technologies Inc.,56,84,100.00,Sì,No
B&B La Maddalena,Bed & Breakfast,,331 367 8259,"Via della Maddalena, 5",Sammichele di Bari,,,,,,,,,,,
B&B Don Franco,Bed & Breakfast,https://www.bbdonfranco.it,080 875 4694,"Via Rutigliano, 39",Adelfia,,info@bbdonfranco.it,https,WordPress,No,Server Plan S.r.l.,61,77,77.00,Sì,No
casa dei nonni,Alloggio completo di servizi,https://casadeinonni.wixsite.com/home,347 308 0776,"Via Roma, 19",Capurso,,taninobattista@gmail.com,https,Wix,No,Google LLC,69,98,100.00,Sì,No
B&B L'Arcobaleno,Bed & Breakfast,,338 974 7726,Via Enrico De Nicola,Sammichele di Bari,,,,,,,,,,,
A Casa Di CI,Bed & Breakfast,http://www.acasadici.it,329 564 6161,"Via Vitangelo Luciani, 89",Acquaviva delle Fonti,,absentia_mentis@live.it,http,ASP.NET,No,Aruba S.p.A. Network,68,98,73.00,Sì,No
B&B La Dimora,Bed & Breakfast,http://www.ladimora.com,350 023 2743,"Via Gisotti, 4",Corato,,,https,Odoo,No,"Cloudflare, Inc.",89,100,82.00,Sì,No
Dimora a Corte,Bed & Breakfast,http://dimora-a-corte-ba.com.es,339 865 2165,"Via Gigante, 7/9",Conversano,,,,Odoo,Non trovato,arsys.es,54,93,85.00,Stato Non Determinato,No
Hotel Genius,Hotel,https://geniushotel.it,080 872 4435,"SP231, KM.32,00",Corato,,info@geniushotel.it,https,WordPress,No,Server Plan S.r.l.,56,75,100.00,Sì,No
HOME SWEET HOME,Bed & Breakfast,,335 540 5461,"Via Gaetano Donizetti, 23",Sammichele di Bari,,,,,,,,,,,
Graffiti B&B Apartments,Bed & Breakfast,http://www.graffitibebapartments.com,376 033 9862,"Via S. Rita, 7",Corato,,,https,Shopify,No,"Cloudflare, Inc.",77,94,92.00,Sì,No
B&B Bonne Nuit,Bed & Breakfast,,388 563 0077,"Via del Montello, 35",Corato,,,,,,,,,,,
B&B Casa di Mamma,Bed & Breakfast,https://www.hotelsitalic.com/bb-casa-di-mamma,393 017 0290,"Via Cilea, 20",Corato,,,https,WordPress,No,"Cloudflare, Inc.",100,100,92.00,Sì,No
Hotel Parco Serrone,Hotel,http://www.hotelparcoserrone.com,080 898 7244,"Via San MAgno, 34",Corato,,,https,React,Sì,"Cloudflare, Inc.",59,64,85.00,Sì,No
B&B delle Murge,Bed & Breakfast,https://bbdellemurge.it,351 946 8392,"Strada Esterna Contrada Forchetto, 7",Corato,,vito.laporta1983@gmail.com,https,Angular,No,Hostinger International Limited,76,95,92.00,Sì,No
Le Stanze di Filippo Tandoi,Bed & Breakfast,https://lestanzedifilippo.com,391 316 9532,"VIA DI VITTORIO GIUSEPPE ,65, Via Santorre di Santarosa, 1",Corato,,info@lestanzedifilippo.it,https,WordPress,Sì,Amt Services,35,71,92.00,Sì,No
B&B Isabell,Bed & Breakfast,,360 962 909,"Via Gaetano Salvemini, 8",Gioia del Colle,,,,,,,,,,,
Ciacco Bed And Breakfast,Bed & Breakfast,http://www.ciacco-bedandbreakfast.it,333 804 4800,"Via Carlo III di Borbone, 2",Gioia del Colle,,,http,WordPress,No,Aruba S.p.A.,86,99,83.00,Sì,No
B&B Via Roma,Bed & Breakfast,,392 877 0034,"Via Santa Lucia, 10",Gioia del Colle,,,,,,,,,,,
Torre Pendio b&b,Bed & Breakfast,https://torre-pendio-bb.camerainitalia.top,340 680 1581,"Via Casale, 5",Corato,,,https,React,No,Contabo GmbH,50,84,85.00,Sì,No
B&B PIETRA VIVA,Bed & Breakfast,,347 210 5078,"Vico Parma, 3",Sannicandro di Bari,,,,,,,,,,,
Zinnannà Bed and breakfast,Bed & Breakfast,https://www.hotelspretorian.com/zinnanna-bed-and-breakfast,340 693 8788,Via Tomasso Salvini,Corato,,,https,WordPress,No,"Cloudflare, Inc.",100,100,92.00,Sì,No
Amiura B&B,Bed & Breakfast,http://amiurabeb.it,350 965 2318,Vico Lobello,Corato,,,https,React,Sì,Netsons s.r.l.,63,66,100.00,Sì,No
Beatitudinem Bed & Breakfast,Bed & Breakfast,http://www.beatitudinem.it,328 438 3383,"Via Schiavoni, 49",Gioia del Colle,,,https,WordPress,No,Aruba S.p.A. Network,59,54,92.00,Sì,No
Shabby chic 27,Alloggio turistico,,392 054 6759,"Via Sant'Antonio, 27",Sannicandro di Bari,,,,,,,,,,,
B&B LEOPARDI,Bed & Breakfast,,335 672 6409,"Via Giacomo Leopardi, 17",Gioia del Colle,,,,,,,,,,,
I secolari,Bed & Breakfast,,348 560 5471,"SP236, km 18",Sannicandro di Bari,,,,,,,,,,,
AuGuStea,Bed & Breakfast,,377 028 3283,"Piazza Unità d'Italia, 22",Sannicandro di Bari,,,,,,,,,,,
La Chianca B&B,Bed & Breakfast,,348 793 2726,"Via Salvo D'Acquisto, 22",Sannicandro di Bari,,,,,,,,,,,
Le Vie del Borgo,Bed & Breakfast,https://www.leviedelborgo.eu,349 756 6111,"Via Scesciola, 47",Sannicandro di Bari,,leviedelborgo47@gmail.com,http,WordPress,Sì,Server Plan S.r.l.,67,90,100.00,Sì,No
Corte Lirice Paradiso,Bed & Breakfast,http://www.corteliriceparadiso.com,334 195 1065,"V. Giuseppe Massari, 11",Gioia del Colle,,corteliriceparadiso@gmail.com,https,React,No,"Cloudflare, Inc.",54,65,100.00,Sì,No
B&B Girasole,Bed & Breakfast,http://www.girasolebb.it,080 993 4256,"Via Generale C. Mondelli, 2",Sannicandro di Bari,,,https,WordPress,No,Amazon Technologies Inc.,61,66,83.00,Sì,No
I Princìpi,Bed & Breakfast,https://i-princpi.percorsiitaliani.top,334 223 1414,"Via Giannone, 46",Sannicandro di Bari,,,https,React,No,Contabo GmbH,62,87,85.00,Sì,No
La Dolce Notte,Bed & Breakfast,,347 567 8006,"Via Francesca Fallacara, 57",Triggiano,,,,,,,,,,,
B&B ANGELINA,Bed & Breakfast,http://www.bebangelina.it,334 290 9501,"Via Paolo Borsellino, 2/7",Triggiano,,prenotazioni@progressionstudios.com,https,WordPress,No,Servereasy Srl,62,80,92.00,Sì,No
Paradise B&B,Bed & Breakfast,,391 480 4930,Contrada Santa Margherita,Giovinazzo,,,,,,,,,,,
B&B Vistazzurra - Casa Saldarelli,Bed & Breakfast,,375 614 4142,"Via Lecce, 56 - 60",Giovinazzo,,,,,,,,,,,
B&B A Casa Mia,Bed & Breakfast,,347 822 1915,"Via Gelso, 62",Giovinazzo,,,,,,,,,,,
Vento di bolina,Bed & Breakfast,https://ventodibolina.inn.fan,347 467 3013,"Via de Turcolis, 52/2 piano",Giovinazzo,,,https,React,No,"Cloudflare, Inc.",79,99,92.00,Sì,No
Tra Cielo e Terra,Bed & Breakfast,,347 971 2196,"Vico II, V. Giovanni Pascoli",Toritto,,,,,,,,,,,
Sette Cuscini B&B,Bed & Breakfast,https://sette-cuscini-bb.italiapaesaggiviaggi.top,347 283 3568,"Via Milite Ignoto, 1",Toritto,,,https,WordPress,No,Ipxo LLC,53,85,92.00,Sì,No
B&B Villa Enza,Bed & Breakfast,,328 047 6677,HQ67+9Q,Ginosa,,,,,,,,,,,
B&b La Neviera Toritto,Bed & Breakfast,,339 564 1750,"Via Alcide De Gasperi, 1A",Toritto,,,,,,,,,,,
B&B Domus del Borgo Antico Casa vacanza,Bed & Breakfast,,338 796 4982,"Via Giuseppe Garibaldi, 31",Ginosa,,,,,,,,,,,
Agriturismo ARMIENTI - Parco La Grotta,Ristorante,https://agriturismo-armienti.albergo.top,340 174 4385,"Via Vecchia Di Acquaviva, sn",Toritto,,,https,React,No,Contabo GmbH,59,88,85.00,Sì,No
Le Stanze Di Gea,Hotel,,333 149 6207,"Corso Vittorio Emanuele II, 69",Ginosa,,,,,,,,,,,
Far West B&B,Bed & Breakfast,,348 659 0344,"Via G. Matteotti, 375",Ginosa,,,,,,,,,,,
Il Vecchio Frantoio Affittacamere,Bed & Breakfast,https://il-vecchio-frantoio-affittacamere.mipiacelitalia.top,333 440 3377,Via Cristoforo Colombo,Laterza,,,https,WordPress,No,Contabo GmbH,47,80,85.00,Sì,No
Pikaret,Bed & Breakfast,https://www.pikaret.it,380 533 4436,"Larghetto Traiano, 6",Corato,,,https,React,No,IONOS SE,77,99,82.00,Sì,No
B&B Relais del Marchese,Bed & Breakfast,http://www.relaisdelmarchese.it,328 032 5052,"Via Forno D'Addante, 16",Turi,,prenotazioni@relaisdelmarchese.it,https,Odoo,No,Aruba S.p.A.,63,90,92.00,Sì,No
B&B Pietrachiara,Bed & Breakfast,,339 470 5187,"Via Vito Lorenzo Ventrella, 8",Turi,,,,,,,,,,,
Pampa Puglia B&B,Bed & Breakfast,,350 001 3692,"Vico IX Casamassima, 4",Turi,,,,,,,,,,,
Albergo diffuso Rossi dimora di charme,Hotel,http://www.dimorarossi.it,331 645 3150,"Via Giuseppe Orlandi, 31",Turi,,prenotazioni@dimorarossi.it,https,WordPress,Sì,Hostinger International Limited,66,99,92.00,Sì,No
Massanè Casa Vacanza,Alloggio in famiglia,https://www.massanecasavacanza.it,329 147 7618,"Via Montenero, 50D",Ginosa,,massanecasavacanze@gmail.com,https,Shopify,Sì,Aruba S.p.A.,59,83,92.00,Sì,No
L'angolo delle Bugie - B&B,Bed & Breakfast,,334 622 0582,"Via Patrizio Coladonato, 6",Turi,,,,,,,,,,,
Bed And Breakfast de Angelis,Bed & Breakfast,http://www.bbdeangelis.it,347 553 0886,"Viale Ionio, 255",Marina di Ginosa,,domenico@bbdeangelis.it,https,React,No,Aruba S.p.A.,44,48,92.00,Sì,No
B&B Adrian’s,Bed & Breakfast,https://adrians-bb.percorsiitaliani.top,351 091 1433,"Via V.Grisanzio di Pinto, 17",Turi,,,https,React,No,Contabo GmbH,56,83,85.00,Sì,No
Santa Sofia Affittacamere,Hotel,,346 025 9493,"Via Santa Maria la Nova, 43",Gravina in Puglia,,,,,,,,,,,
Oppip B&B,Bed & Breakfast,,080 321 2164,"Via Brunetti Rosa, 20",Gravina in Puglia,,,,,,,,,,,
Affittacamere Porta San Michele - B&B Gravina - Bed & Breakfast,Bed & Breakfast,http://www.portasanmicheleaffittacamere.it,328 284 5344,"Via Santa Cecilia, 24",Gravina in Puglia,,,https,WordPress,No,SEEWEB s.r.l.,71,93,75.00,Sì,No
Villa D'Anzi,Ristorante,http://www.villadanzi.it,351 008 1063,Contrada Cesine,Ginosa,,,https,WordPress,No,Virtual Solution,51,67,100.00,Sì,No
B&B dai MIMMI,Bed & Breakfast,https://www.bed-and-breakfast.it/it/puglia/bb-dai-mimmi-gravina-in-puglia/62395,328 539 5407,"Via Borgo, Via Angelo Raffaele Corrado, 11",Gravina in Puglia,,,https,Laravel,Sì,BellSouth.net Inc.,52,53,92.00,Sì,No
Bed and Breakfast Le Stanze Del Console,Bed & Breakfast,http://www.lestanzedelconsole.it/le-stanze-del-console-gravina-in-puglia-italia,080 326 6992,"Via Vittorio Veneto, 5",Gravina in Puglia,,info@lestanzedelconsole.it,http,WordPress,No,Aruba S.p.A. Network,57,73,77.00,Sì,No
Fondovito B&B,Bed & Breakfast,http://www.fondo-vito.it,348 088 0162,via calata san michele delle grotte,Gravina in Puglia,,info@fondo-vito.it,https,React,No,Amazon Technologies Inc.,61,97,100.00,Sì,No
Il Borgo B&B - Gravina in Puglia,Bed & Breakfast,http://www.ilborgobandb.it,080 237 1355,"Via Borgo, 3",Gravina in Puglia,,info@ilborgobandb.it,https,WordPress,No,Aruba S.p.A. Network,54,52,92.00,Sì,No
B&B Giardini 82 - B&B Gravina in Puglia,Bed & Breakfast,http://www.giardini82bandb.it,335 749 4659,"Via Giardini, 82",Gravina in Puglia,,info@giardini82bandb.it,http,WordPress,No,Aruba S.p.A. Network,46,54,100.00,Sì,No
La Torre Storica,Bed & Breakfast,http://www.latorrestorica.it,392 608 5844,"Piazza Santa Croce, 18",Palo del Colle,,info@latorrestorica.it,https,WordPress,No,Aruba S.p.A.,66,69,92.00,Sì,No
"A Casa di Amici - B&B Toritto, Bed and Breakfast Toritto, Affittacamere Toritto, Vacanze Toritto",Bed & Breakfast,http://www.acasadiamici-toritto.it,333 501 2452,"Via Francesco Flora, 10",Toritto,,info@acasadiamici-toritto.it,https,WordPress,Sì,Aruba S.p.A. Network,32,52,100.00,Sì,No
Fighera B&B,Bed & Breakfast,https://fighera-bb.viaggiareconstile.top,080 325 8155,"Via Salvatore Fighera, 17",Gravina in Puglia,,,https,WordPress,No,Ipxo LLC,53,86,92.00,Sì,No
Opera’ b&b,Bed & Breakfast,,324 893 0338,"Via Morelli, 40",Locorotondo,,,,,,,,,,,
B&B Giardino delle Delizie,Bed & Breakfast,http://giardinodelledeliziebb.it,080 411 6447,"Corso Canio Musacchio, 53",Gravina in Puglia,,info@giardinodelledeliziebb.it,,WordPress,No,Netsons s.r.l.,61,66,85.00,Sì,No
B&B Coppola di Seta,Bed & Breakfast,http://www.coppoladiseta.it,327 951 8456,"S/C 204, Contrada Nunzio, 8",Locorotondo,,info@coppoladiseta.it,https,WordPress,Sì,Host SpA,49,91,92.00,Sì,No
Trulli Manuela 2,Hotel,,338 321 4907,"Via Giulio Cesare Evola 53, 53a, 53b, 55, 55a",Locorotondo,,,,,,,,,,,
B&B Il faso,Bed & Breakfast,https://www.ilfaso.it,333 246 4591,"Ss172dir,Laureto di Fasano, 33",Fasano,,,https,Vue,No,"Amazon.com, Inc.",68,95,100.00,Sì,No
Grantò B&B,Bed & Breakfast,http://www.grantobeb.it,329 297 0716,"Via Pietro Ianora, 47",Gravina in Puglia,,info@grantobeb.it,http,Shopify,Sì,Servereasy Srl,56,71,100.00,Sì,No
B&B I trulli di badi,Bed & Breakfast,https://bbitrullidibadi.traveleto.com,320 192 5625,"sp 162, Contrada Calascione, 6",Locorotondo,,,https,React,No,"Cloudflare, Inc.",54,76,92.00,Sì,No
B&B Trulli Dal Conte,Bed & Breakfast,http://www.trullidalconte.it,346 537 7128,Strada Ritunno,Martina Franca,,info@trullidalconte.it,https,WordPress,Sì,Aruba S.p.A. Network,60,73,100.00,Sì,No
Trullo Sereno Angelo,Agriturismo,https://trulloserenoangelo.traveleto.com,338 685 3996,"Contrada Ritunno Grande Strada Comunale 24, 26/8",Locorotondo,,,https,React,No,"Cloudflare, Inc.",52,75,92.00,Sì,No
Villa Aurelia,Bed & Breakfast,https://www.villaaurelialocorotondo.com,388 988 2803,"Via Montello, 35",Locorotondo,,villaaurelialocorotondo@gmail.com,https,Joomla,Sì,Hetzner Online GmbH,0,0,85.00,Sì,No
B&B Ugo Foscolo,Bed & Breakfast,,377 301 5900,"Via Ugo Foscolo, 59",Carosino,,,,,,,,,,,
B&B La Casa Di Tella,Bed & Breakfast,,345 000 4563,"Viale Risorgimento, 73",Carosino,,,,,,,,,,,
Trulli Donna Isabella,Bed & Breakfast,http://www.trullidonnaisabella.com,348 753 3678,"Via dei Trullari, 11",Locorotondo,,info@trullidonnaisabella.com,https,WordPress,Sì,Serverplan S.r.l.,47,52,69.00,Sì,No
Al Cantiere,Bed & Breakfast,,349 199 0526,"Via P. Piemonte, 4",San Giorgio Ionico,,,,,,,,,,,
B&B SCACCO MATTO,Bed & Breakfast,https://www.hotelitalian.com/bb-scacco-matto,329 306 3517,"Via San Michele N. 102, TALSANO, 1° PIANO",Taranto,,,https,Shopify,No,"Cloudflare, Inc.",70,98,92.00,Sì,No
Domus 0143,Bed & Breakfast,https://www.domus0143.it,320 819 1428,"Via Grazia Deledda, 43",San Giorgio Ionico,,domus0143@gmail.com,https,React,No,"Cloudflare, Inc.",52,50,100.00,Sì,No
Zeus tourist rental,Bed & Breakfast,,340 944 9949,"Via Roma, 24",San Giorgio Ionico,,,,,,,,,,,
B&B La Piazzetta,Bed & Breakfast,,338 687 9604,"Via Regina Margherita, 2",Fragagnano,,,,,,,,,,,
B&B miccoli,Bed & Breakfast,https://bbmiccoli.traveleto.com,099 967 6630,"Via Armando Diaz, 4",Grottaglie,,,https,Shopify,No,"Cloudflare, Inc.",56,71,92.00,Sì,No
up,Bed & Breakfast,https://up.alberghiinitalia.top,348 221 5104,"Via Dandolo, 63",Carosino,,,https,React,No,Contabo GmbH,51,84,92.00,Sì,No
SeA Beach Home,Bed & Breakfast,,331 465 4060,"Via Giurdignano Angolo, Via H2",Torre Lapillo,,,,,,,,,,,
Lentisco B&B,Bed & Breakfast,,345 297 7909,"Via Roma, 151",Avetrana,,,,,,,,,,,
Bed&Breakfast Le 5 Volte,Bed & Breakfast,http://www.bble5volte.it,388 371 1744,"Via J. F. Kennedy, 13",Avetrana,,,https,Joomla,No,Aruba S.p.A. Network,70,89,92.00,Sì,No
B&B La Rosa Antica Avetrana,Bed & Breakfast,,377 513 5603,"Via Martiri D'Ungheria, 52",Avetrana,,,,,,,,,,,
Bed&Breakfast Largo Imperiali,Bed & Breakfast,http://www.bedlargoimperiali.it,340 728 8938,"Largo Imperiale M, 19",Avetrana,,,https,Joomla,No,Aruba S.p.A. Network,84,75,100.00,Sì,No
B&B MARGHERITA,Bed & Breakfast,,389 286 1609,"Via Ottorino Respighi, 38",Porto Cesareo,,,,,,,,,,,
B&B Casa MarFe,Bed & Breakfast,,351 408 8755,"Via Pitagora, 1",Grottaglie,,,,,,,,,,,
hotel da ettore,Hotel,http://www.hoteldaettore.net,0833 569037,"Via Giuseppe Parini, 22",Porto Cesareo,,info@hoteldaettore.net,http,WordPress,No,Aruba S.p.A.,52,59,100.00,Sì,No
Casa Del Sol,Bed & Breakfast,,347 321 7384,"Via XX Settembre, 2",Avetrana,,,,,,,,,,,
B&B LuiRò Castellaneta,Bed & Breakfast,https://www.bedandbreakfastluiro.it,331 914 8379,vico 1 san domenico 4,Castellaneta,,lapiccolavolta.luiro@gmail.com,https,Shopify,Sì,Aruba S.p.A.,62,83,91.00,Sì,No
Hotel Costa Blu,Hotel,http://www.hotelcostablu.it,345 605 5537,"Via Marsala, 62",Sant'Isidoro,,hotelcostabludigloria@gmail.com,https,ASP.NET,No,Aruba S.p.A. Network,69,87,100.00,Sì,No
B&B Nova Domus,Bed & Breakfast,https://bb-nova-domus.alberghiinitalia.top,329 749 0370,"Via S. Francesco, 23",Castellaneta,,,https,React,No,Contabo GmbH,49,86,92.00,Sì,No
B&B Masseria Sant' Elia,Bed & Breakfast,http://www.lamasseriasantelia.it,327 663 4554,Contrada Zirifico,Castellaneta,,,https,WordPress,No,Aruba S.p.A. Network,77,94,85.00,Sì,No
B&B Meridiana,Bed & Breakfast,https://beb.it/meridianaavetrana,349 521 6378,"Via Umberto I', 27",Avetrana,,,https,WordPress,No,"Amazon.com, Inc.",69,96,100.00,Sì,No
CasaMia | casa vacanza B&B,Bed & Breakfast,,388 746 3724,"Via Porta Piccola, 14",Castellaneta,,,,,,,,,,,
Villa 2 Fields BnB,Bed & Breakfast,http://www.villa2fieldsbnb.com,366 541 9042,Strada Provinciale 21,Castellaneta,,villa2fields@gmail.com,https,React,No,PrivateSystems Networks,61,71,82.00,Sì,No
B&B Palazzo Rochira,Bed & Breakfast,,328 621 6183,"Via Principe di Napoli, 28",Castellaneta,,,,,,,,,,,
B&B Appia Antica,Bed & Breakfast,,392 664 7766,"SS7, 20",Massafra,,,,,,,,,,,
Casa di Leo Castellaneta B&B,Bed & Breakfast,http://casadileocastellan.wixsite.com/casadileo,338 127 9710,"Vico Lamanna, 5",Castellaneta,,,https,Wix,No,Google LLC,54,84,92.00,Sì,No
Vuelo,Bed & Breakfast,,340 378 3306,"Via Cagliari, 19",Modugno,,,,,,,,,,,
MERCATO55,Bed & Breakfast,https://www.mercato55.it/en/bb-castellaneta-2,339 343 0240,"Via del Mercato, 55",Castellaneta,,info@mercato55.it,https,WordPress,Sì,SEEWEB s.r.l.,64,95,100.00,Sì,No
Mastropa’ Exclusive Resort,Bed & Breakfast,http://www.mastropa.it,099 880 7207,Via Francesco Conte,Massafra,,info@mastropa.it,https,WordPress,Sì,Aruba S.p.A.,35,74,92.00,Sì,No
B&B Sun House,Bed & Breakfast,http://www.bbsunhouse.it,347 019 2090,"Via Picasso, 9",Modugno,,,http,Joomla,No,Aruba S.p.A. Network,87,96,92.00,Sì,No
B&B Sotto La Volta,Bed & Breakfast,http://www.sottolavolta.it,339 360 3823,"Via Don Cesare Scarano, 2/4",Massafra,,info@sottolavolta.it,https,React,No,Hetzner Online GmbH,57,66,83.00,Sì,No
Novecento B&B affittacamere case e mini alloggi,Bed & Breakfast,http://www.novecentobebpuglia.it,347 751 7637,"Via Tito Speri, 15",Massafra,,info@900beb.it,https,WordPress,No,Aruba S.p.A.,57,76,92.00,Sì,No
Noemi B&B,Bed & Breakfast,,370 152 7626,"Via degli Elettricisti, 1",Modugno,,,,,,,,,,,
B&B Il Grottino Modugno,Bed & Breakfast,,393 943 1213,"Via Nicolò Silvestri, n.30",Modugno,,,,,,,,,,,
B & B Le Volte Castellaneta,Bed & Breakfast,https://b-b-le-volte-castellaneta.dormireinitalia.top,380 471 7131,"Via Capo Orlando, 16",Castellaneta,,,https,WordPress,No,Contabo GmbH,50,82,92.00,Sì,No
Mariluna b&b,Bed & Breakfast,,333 576 0580,"Via Arezzo, 7c",Modugno,,,,,,,,,,,
B&B Nacorè,Bed & Breakfast,http://www.nacore.it,340 392 3975,"Via Ettore Casulli, 12",Massafra,,info@nacore.it,https,Shopify,Sì,Aruba S.p.A.,43,67,100.00,Sì,No
B&B Palma Salentina,Bed & Breakfast,,329 804 1649,"Via Francesco Crispi, 77",Lizzano,,,,,,,,,,,
bariairport,Bed & Breakfast,,349 543 0958,Via 1° trv. SP Bitonto Aeroporto Palese 19,Bari,,,,,,,,,,,
B&B la Tarentilla,Bed & Breakfast,http://www.latarentilla.it,347 922 9921,"Via Guerrazzi Domenico, 27",Lizzano,,prenotazioni@latarentilla.it,http,ASP.NET,No,Aruba S.p.A. Network,90,99,82.00,Sì,No
b&b Maison Medon,Bed & Breakfast,,392 199 3329,"Via Squadrilla, 41",Modugno,,,,,,,,,,,
B&B Stellamarina,Bed & Breakfast,https://bbstellamarina.traveleto.com,347 525 6854,Viale dei Micenei,Pulsano,,,https,Shopify,No,"Cloudflare, Inc.",56,80,92.00,Sì,No
B&B Orizzonte,Bed & Breakfast,,333 999 3819,"Via Loreto, 1",Monacizzo,,,,,,,,,,,
ALIMAR B&B,Bed & Breakfast,https://www.hotelitaliaweb.com/alimar-bb,349 429 1559,"Via Tripoli, 3, Via Costa, 7",Lizzano,,,https,WordPress,No,"Cloudflare, Inc.",79,97,92.00,Sì,No
Dolcesosta,Bed & Breakfast,http://www.dolcesostasalento.it,338 240 1558,"Viale dei Micenei, 181",Marina di Pulsano,,info@dolcesostasalento.it,http,WordPress,Sì,Aruba S.p.A. Network,43,64,75.00,Sì,No
B&B Da Mino Grottaglie,Bed & Breakfast,http://www.bebdamino.it,328 614 3091,"Via Somalia, 1",Grottaglie,,bebdamino@gmail.com,https,Basekit,No,Genesys Informatica S.r.l.,43,46,100.00,Sì,No
La Nuova Fattoria - Lizzano (TA),Bed & Breakfast,http://www.lanuovafattoria.eu,347 761 6380,"Contrada San Vito - Via Torretta, SP124",Lizzano,,info@lanuovafattoria.eu,https,Joomla,No,Aruba S.p.A. Network,50,57,92.00,Sì,No
B&B Foglie D'ulivo,Bed & Breakfast,https://www.hotelitaliaweb.com/bb-foglie-dulivo,393 703 7989,"Contrada San Vito, III traversa s.n, c",Lizzano,,,https,WordPress,No,"Cloudflare, Inc.",85,92,92.00,Sì,No
Mastropaolo42 Luxury B&B,Bed & Breakfast,,391 744 5182,"Via Corrado Mastropaolo, 42",Grottaglie,,,,,,,,,,,
Bed & Breakfast Art Transparent,Bed & Breakfast,https://www.art-transparent.com/accommodation-bb.php,347 007 3271,"Via Forleo, 2-22",Grottaglie,,antonio.pappada@laposte.net,https,React,No,"Cloudflare, Inc.",50,89,83.00,Sì,No
Sogni d'Oro,Bed & Breakfast,,340 230 2834,"Salita Camini, 5",Grottaglie,,,,,,,,,,,
Il Terrazzino,Bed & Breakfast,,347 240 9166,"Via Cristoforo Colombo, 177",Laterza,,,,,,,,,,,
Le dimore di via Umberto I Laterza,Bed & Breakfast,,373 530 2581,"Via Umberto I°, 72",Laterza,,,,,,,,,,,
"B&B Laterza - B&B La Gravina, B&B San Carlo",Bed & Breakfast,,380 269 4075,"Via S. Carlo, 59, Via S. Carlo, 61",Laterza,,,,,,,,,,,
B&B Casa Caracciolo Grottaglie TA,Bed & Breakfast,,328 338 8069,"Via Caracciolo, 73/75",Grottaglie,,,,,,,,,,,
BED & BREAKFAST LE PUPE - GROTTAGLIE,Bed & Breakfast,https://bed--breakfast-le-pupe-grottaglie.touritaliani.top,329 317 2897,"Via Pietro Mascagni, 11",Grottaglie,,,https,WordPress,No,Contabo GmbH,49,86,92.00,Sì,No
SANTEA,Bed & Breakfast,https://santea.italyfun.top,338 740 2915,"Via Caputo, 84/86",Grottaglie,,,https,WordPress,No,Contabo GmbH,55,84,92.00,Sì,No
L'angolo del Marchese,Bed & Breakfast,,329 191 0197,"Via Orologio, 1",Laterza,,,,,,,,,,,
Pietra Bianca Bed & Breakfast,Bed & Breakfast,,380 197 4218,"Via Piazzolla, 11",Santeramo in Colle,,,,,,,,,,,
B&B Sangiuliano,Bed & Breakfast,http://www.sangiulianobnb.it,320 899 0968,"Via Ospedale, 9",Laterza,,info@sangiulianobnb.it,http,Angular,No,Netsons s.r.l.,60,80,92.00,Sì,No
Affittacamere Marilyn,Hotel,http://innmarilyn.wixsite.com/home,328 474 0675,"Via Mesola, 62",Laterza,,inn.marilyn@gmail.com,https,Wix,No,Google LLC,68,93,100.00,Sì,No
La Camelia B&b Santeramo,Bed & Breakfast,,328 172 0367,"Via Superga, 32",Santeramo In Colle,,,,,,,,,,,
Rosa B&B,Bed & Breakfast,,345 137 6511,Via Leonardo da Vinci,Laterza,,,,,,,,,,,
IL TRAPPETO B&B,Bed & Breakfast,http://www.iltrappeto.it,320 266 8636,"Via Cappuccini, 4",Laterza,,,https,React,No,Netsons s.r.l.,63,92,75.00,Sì,No
B&B DaDi Chic,Bed & Breakfast,,375 707 6268,"Via Matera, 38",Santeramo in Colle,,,,,,,,,,,
B&B Dimora di Mara,Hotel,https://bbdimoradimara.traveleto.com,327 400 6292,"Via Carlo Guadagni, 33",Santeramo In Colle,,,https,React,No,"Cloudflare, Inc.",56,82,92.00,Sì,No
La Rosa Blu 2,Bed & Breakfast,https://larosablu2.traveleto.com,340 051 5616,"Via Undici Febbraio, 8",Santeramo in Colle,,,https,React,No,"Cloudflare, Inc.",56,78,92.00,Sì,No
Dimora di Sasso,Bed & Breakfast,,389 121 6188,"Via Giuseppe Parini, 16",Santeramo in Colle,,,,,,,,,,,
B&B L’incontro,Bed & Breakfast,,333 402 6202,"Via Antonio Meucci, 1",Santeramo In Colle,,,,,,,,,,,
B&b m'ama non m'ama,Bed & Breakfast,,338 259 4309,"Via della Libertà, 65",Santeramo in Colle,,,,,,,,,,,
La piccola casa di Tania in via fiore,Bed & Breakfast,,349 640 2630,"Via Pasquale Fiore, 68",Terlizzi,,,,,,,,,,,
Room in Bloom B&B Terlizzi,Bed & Breakfast,,348 792 5668,"Via S. Francesco, 32",Terlizzi,,,,,,,,,,,
Attica B&B,Bed & Breakfast,,377 947 7830,"Via M. Bisceglia, 25",Terlizzi,,,,,,,,,,,
La Torretta Bed & Breakfast Santeramo in Colle,Bed & Breakfast,http://wa.link/y6a60w,327 593 4375,"Via Francesco Ferruccio, 25",Santeramo in Colle,,,https,React,No,"Cloudflare, Inc.",80,96,66.00,Sì,No
Mamma Puglia Suite & Breakfast,Bed & Breakfast,http://www.mammapuglia.it,335 804 1417,"Contrada Cassano, 13",Santeramo in Colle,,info@mammapuglia.it,https,WordPress,No,Aruba S.p.A. Network,54,88,77.00,Sì,No
Bed and Breakfast Stella,Hotel,http://www.bed-and-breakfast.it/pagina.cfm,349 757 8647,"Via Diaz, 24",Terlizzi,,,https,WordPress,Sì,"Amazon.com, Inc.",56,89,92.00,Sì,No
Augustus B&B,Bed & Breakfast,https://augustusluxurysuitesterlizzi.top,346 045 4814,"Via Piave, 11",Terlizzi,,,https,WordPress,Sì,"Cloudflare, Inc.",71,95,100.00,Sì,No
Dimora Pianelle,Bed & Breakfast,,350 083 8154,contrada pozzo del termite,Crispiano,,,,,,,,,,,
Terlizzi- Green House B&B- casa vacanza,Bed & Breakfast,,353 387 6394,"Via Ospedale, 15",Terlizzi,,,,,,,,,,,
Caramia srls,Bed & Breakfast,,348 470 5497,"Via Monte Calvario, 24",Crispiano,,,,,,,,,,,
B&B da Mimino e Franceschina,Bed & Breakfast,,329 618 6332,"Corso Vitt. Emanuele III, 140",Crispiano,,,,,,,,,,,
Luna D’Argento,Bed & Breakfast,,351 768 6755,"Via Litoranea Salentina, 4530",Leporano Marina,,,,,,,,,,,
B&B Al Borgo Antico Ristorante,Alloggi al coperto,https://beb.it/alborgoanticocrispiano,328 367 5830,"Via Giovanni Paisiello, 93",Crispiano,,,https,Magento,No,"Amazon.com, Inc.",56,99,100.00,Sì,No
Harmony Guest House,Bed & Breakfast,https://www.harmonyguesthouse.it,099 964 7664,"SP100, 1856",Leporano Marina,,,https,React,No,HOSTINGER DE,65,88,85.00,Sì,No
Casa KaLu',Bed & Breakfast,http://www.casakalubeb.com,380 191 9166,"Via Magazzino, 20",Crispiano,,casakalu.beb@gmail.com,https,WordPress,No,"Cloudflare, Inc.",50,57,100.00,Sì,No
B&B Le Stanze di Nonna Cecè,Bed & Breakfast,https://www.bblestanzedinonnacece.com,351 399 5194,"via Vittorio Veneto, Piazza Maria Immacolata, 118",Pulsano,,bblestanzedinonnacece@gmail.com,https,Angular,Sì,Google LLC,51,84,82.00,Sì,No
Corte Dioniso Eco Apartments & Suites,Bed & Breakfast,https://www.cortedioniso.com,353 497 7146,"Via delle Grazie, 12",Crispiano,,info@cortedioniso.com,https,Joomla,No,Server Plan S.r.l.,56,76,85.00,Sì,No
Bed & Breakfast Il Canto del Mare,Bed & Breakfast,http://ilcantodelmare.it,328 682 5470,"Viale Canne, 18/A",Marina di Pulsano,,,https,React,No,Netsons Network,79,90,85.00,Sì,No
Il Vallone,Bed & Breakfast,https://ilvallonebeb.wixsite.com/website,351 591 5120,"Piazzetta Armando Diaz, 06",Crispiano,,,https,Wix,No,Google LLC,44,97,92.00,Sì,No
Villa Turicchio,Villa,https://www.hotelitaliaweb.com/villa-turicchio,329 641 6265,"SP107, 240",San Donato,,,https,Shopify,No,"Cloudflare, Inc.",78,88,92.00,Sì,No
B&B Le Mimose,Bed & Breakfast,https://www.bnblemimosepulsano.it,334 245 4419,"Via Rotondella, 7^ traversa, 30",Pulsano,,info@bnblemimosepulsano.it,https,Angular,Sì,Serverplan S.r.l.,55,65,92.00,Sì,No
Relais Medea,Bed & Breakfast,https://www.relaismedea.it,393 017 6108,Via Vincenzo zingaropoli,San Giorgio Ionico,,,https,Shopify,Sì,WIIT AG,59,77,100.00,Sì,No
B&B WHITE HOUSE,Bed & Breakfast,http://www.bbwhitehouse.it,342 642 8552,"Via Costantinopoli, 136/138",Pulsano,,info@bbwhitehouse.it,https,React,No,Server Plan S.r.l.,65,66,83.00,Sì,No
Il Rifugio dei Briganti,Bed & Breakfast,https://www.ilrifugiodeibrigantipuglia.it,328 477 3160,"Via Mesole, 56",Crispiano,,,https,WordPress,Sì,Aruba S.p.A.,0,99,61.00,Sì,No
B&B Villa Grazia,Bed & Breakfast,,349 423 7667,"Traversa Via delle Magnolie, 5-1",Monti D'arena-bosco Caggione,,,,,,,,,,,
B&B Tre Ponti,Bed & Breakfast,,366 363 3430,"Via Veneto, 123",Taranto,,,,,,,,,,,
B&B Lār,Bed & Breakfast,,388 936 9367,"Corso Regina Margherita, 117",Mola di Bari,,,,,,,,,,,
Ristorante b&b NONNA LUCIA,Ristorante,https://bb-locanda-nonna-lucia.hotelpreferito.top,347 341 9073,"Via P. G. Zingaropoli, 12",San Giorgio Ionico,,,https,WordPress,No,Contabo GmbH,48,83,92.00,Sì,No
AGRITURISMO EOLO,Agriturismo,,339 378 5183,"Via Alberto Sordi, n.10202",Taranto,,,,,,,,,,,
Dimora CARASPI B&B Affitta camere,Bed & Breakfast,https://www.dimoracaraspi.com,320 348 2721,"SP111, 121",Mola di Bari,,caraspidimora@gmail.com,https,Wix,Sì,Google LLC,71,97,100.00,Sì,No
B&B Lo Scrigno Del Salento,Bed & Breakfast,,375 799 8592,"Corso Francia, n°21",Sava,,,,,,,,,,,
Via del Mare Apulia B&B Spa Suite,Bed & Breakfast,https://www.viadelmareapuliabnb.com,388 791 2996,SP111,Rutigliano,,viadelmarebeb@gmail.com,https,React,No,"Cloudflare, Inc.",55,57,100.00,Sì,No
B&B Dimora Lamas | La tua casa in Puglia,Bed & Breakfast,https://dimoralamas.com,377 302 4928,via Lamas n 5/7,Mola di Bari,,,https,WordPress,No,"Automattic, Inc",76,92,100.00,Sì,No
B&B Le Carrube a Sava,Bed & Breakfast,https://bb-le-carrube-a-sava.camerainitalia.top,349 869 5667,Circumvallazione di Sava,Sava,,,https,WordPress,No,Contabo GmbH,50,84,85.00,Sì,No
Casa Mia - Casa Vacanze,Bed & Breakfast,,327 872 8024,"Via Casale, 46",Mola di Bari,,,,,,,,,,,
B&B Le Terrazze,Bed & Breakfast,https://bebleterrazzemoladibari.wordpress.com,347 891 7690,"Via Spinelli, 30",Mola di Bari,,,https,Angular,No,"Automattic, Inc",59,84,100.00,Sì,No
Case del Sole - Comfort Guesthouse - B&B - Affittacamere,Bed & Breakfast,http://www.casedelsole.it,351 771 4471,"Via Barone, 7/9",Mola di Bari,,info@casedelsole.it,https,Nuxt.js,No,Aruba S.p.A.,56,78,100.00,Sì,No
Le Dimore Delle Stelle,Bed & Breakfast,https://ledimoredellestelle.com,388 866 7526,"Via S. Chiara, 15",Mola di Bari,,,https,Angular,No,"Automattic, Inc",90,98,100.00,Sì,No
Home Village B&B,Bed & Breakfast,,348 714 9042,"Vico Farinella, 37",Polignano a Mare,,,,,,,,,,,
Leluan Bed & Breakfast,Bed & Breakfast,http://www.leluan.it,389 141 8518,"Via Monsignore, 39",Mola di Bari,,info@leluan.it,https,React,Sì,Server Plan S.r.l.,54,69,92.00,Sì,No
Casa della Nonna Polignano a mare,Bed & Breakfast,,329 677 1064,"Via Mastrochirico Antonio, 29",Polignano a Mare,,,,,,,,,,,
B&B Casa Laforgia Soffio Mediterraneo,Bed & Breakfast,,347 997 3058,"V. Castellana, 27",Polignano a Mare,,,,,,,,,,,
B&B Il mandorlo,Bed & Breakfast,,320 177 5939,"Via Conversano, 82/a",Polignano a Mare,,,,,,,,,,,
nelblu b&b,Bed & Breakfast,http://www.nelblupolignano.it,388 192 2522,Via Biagio Carone,Polignano a Mare,,info@nelblupolignano.it,https,ASP.NET,Sì,Aruba S.p.A.,56,87,92.00,Sì,No
Tra le mura - Bed & breakfast,Bed & Breakfast,http://www.tralemura.com/it/home,338 523 2412,"Piazza S. Maria delle Grazie, 23",Polignano a Mare,,info@tralemura.com,https,Shopify,No,Persolvo-IRIDEOS,57,80,82.00,Sì,No
VerdeAqua Rooms,Bed & Breakfast,http://www.verdeaquarooms.it,320 800 6295,"Via L. De Donato, 9",Polignano a Mare,,info@verdeaquarooms.it,https,Shopify,No,velia.net,59,55,73.00,Sì,No
Affitacamere Nalí,Bed & Breakfast,,329 202 4432,"Via Tritone, 52",Polignano a Mare,,,,,,,,,,,
Marea B&B,Bed & Breakfast,,375 500 3013,"Via Camillo Benso Conte di Cavour, 69",Polignano a Mare,,,,,,,,,,,
STRADONE 132,Bed & Breakfast,,339 451 8044,"Via S. Sebastiano, 132",Gravina in Puglia,,,,,,,,,,,
B&B ColleCarro,Bed & Breakfast,,347 055 1900,"Via Dante Alighieri, 5",Poggiorsini,,,,,,,,,,,
Masseria Torre Di Nebbia,Agriturismo,http://www.masseriatorredinebbia.it,348 526 6348,Contrada Torre Di Nebbia,Corato,,,https,Joomla,Sì,Netsons Network,56,75,83.00,Sì,No
La casa di Anna B&B Gravina in Puglia,Bed & Breakfast,,333 137 6922,"contrada scardinale, Via Luigi Pasteur, snc",Gravina in Puglia,,,,,,,,,,,
Affittacamere La Gravina,Bed & Breakfast,http://www.lagravina.it,334 988 8681,"Via Casalnuovo, 15",Gravina in Puglia,,info@lagravina.it,https,ASP.NET,No,Aruba S.p.A. Network,49,52,75.00,Sì,No
BED & BREAKFAST SUL PONTE - GRAVINA IN PUGLIA,Bed & Breakfast,https://bebsulponte.it,328 661 6774,"Via Fontana la Stella, 59",Gravina in Puglia,,info@bebsulponte.it,https,Shopify,Sì,Interoute Telecommunications (UK) Ltd,52,80,100.00,Sì,No
B&B Villa Mimina,Bed & Breakfast,,327 222 0360,"Vico Giancola, Via dei Melograni",San Pietro In Bevagna,,,,,,,,,,,
Bed & Breakfast Mari Lù,Bed & Breakfast,http://www.bbmarilu.it,377 944 5441,"Via Camene, 30",Maruggio,,prenotazioni@bbmarilu.it,https,WordPress,No,Aruba S.p.A.,70,92,85.00,Sì,No
Shekhinah b&b Home Restaurant,Bed & Breakfast,,349 665 0182,"Via Tornito, 6e",Maruggio,,,,,,,,,,,
TENUTA LO CUOCCIO,Agriturismo,https://piscinelocuocciogravina.it,320 974 8074,"SP 52, KM 6, SNC",Gravina in Puglia,,,https,WordPress,Sì,Interoute Telecommunications (UK) Ltd,48,65,92.00,Sì,No
Crisalide B&B putignano,Bed & Breakfast,,349 105 6803,Via Orsini,Putignano,,,,,,,,,,,
Lu Masunu,Bed & Breakfast,,380 711 6804,"Via Degli Aceri, 4",San Pietro In Bevagna,,,,,,,,,,,
B&B Luvì,Bed & Breakfast,http://bbluvi.com,370 137 5726,"Via Gigli, 33",Maruggio,,info@bbluvi.it,https,WordPress,No,Aruba S.p.A. Network,59,79,92.00,Sì,No
Stanze Orsini,Bed & Breakfast,https://www.stanzeorsini.it,373 725 8664,"Piazza della Repubblica, 29",Gravina in Puglia,,,https,WordPress,Sì,Netsons Network,67,91,85.00,Sì,No
Mura Antiche,Bed & Breakfast,,338 315 1112,"Via Campanile, 43",Putignano,,,,,,,,,,,
B&B Maison La Dama - Casa Vacanze Affittacamere Taranto Brindisi Lecce e Salento,Bed & Breakfast,https://www.bbmaisonladama.it,338 959 1392,"Via S. Nicolò, 25",Maruggio,,,https,ASP.NET,No,Aruba S.p.A,56,71,91.00,Sì,No
B&B L'angolo di Gaudì,Bed & Breakfast,http://www.langolodigaudi.it,348 251 1360,"Via Campanile, 75",Putignano,,langolodigaudi@libero.it,https,WordPress,Sì,Aruba S.p.A.,56,71,92.00,Sì,No
b&b beby in viaggio,Bed & Breakfast,https://www.bebinviaggio.com,349 617 7560,"Via Porta Barsento, 41",Putignano,,bebyinviaggio@gmail.com,https,React,Sì,Netsons Network,56,87,100.00,Sì,No
Dimora Cleó,Bed & Breakfast,,376 095 2285,"Via Terzi, 85",Putignano,,,,,,,,,,,
B&b santo Stefano,Bed & Breakfast,http://santostefano-putignano.it,388 632 2907,"V. Scesciola, 11",Putignano,,info@santostefano-putignano.it,https,ASP.NET,No,Contabo GmbH,57,65,100.00,Sì,No
Trulli Terra Magica,Bed & Breakfast,https://www.trulliterramagica.com,338 167 8131,"Strada Comunale S. Cataldo, 12",Putignano,,info@trulliterramagica.com,https,Shopify,Sì,SEMPLIFY-SRL,88,97,100.00,Sì,No
Fanfulla,Pensione,https://www.fanfullacameremonopoli.com,329 003 2610,"Via Cialdini, 14",Monopoli,,info@fanfullacameremonopoli.com,https,Shopify,No,Aruba S.p.A.,63,56,83.00,Sì,No
Barbacana 46 Guest House,Bed & Breakfast,http://www.barbacana46.it,334 349 1590,"Via Barbacana, 46",Monopoli,,info@barbacana46.it,https,WordPress,No,SEEWEB s.r.l.,60,90,77.00,Sì,No
Playa del Mar,Bed & Breakfast,http://www.playadelmar.eu,345 794 4663,"Via Procaccia, 137",Monopoli,,info@playadelmar.eu,https,React,Sì,Aruba S.p.A.,39,39,100.00,Sì,No
Nenetta Rooms & Suites,Bed & Breakfast,http://www.nenettamasseria.com,339 764 4004,"Vico Gelso, 13/15",Monopoli,,nenettarooms@gmail.com,http,Joomla,Sì,Aruba S.p.A.,64,93,100.00,Sì,No
Le Caravelle B&B,Bed & Breakfast,https://le-caravelle-bb.hotelflo.com,348 843 0685,"Via Cavaliere, 14",Monopoli,,,https,Shopify,No,"Cloudflare, Inc.",75,87,85.00,Sì,No
Terracielo Guest House,Alloggio turistico,http://www.terracielomonopoli.it,320 678 2093,"Vico Seminario, 5",Monopoli,,otmonopoli@gmail.com,https,WordPress,No,Servereasy Srl,71,89,85.00,Sì,No
Il Gallo,Bed & Breakfast,http://www.ilgallomonopoli.it,346 791 9504,"Contrada S. Vincenzo, 204",Monopoli,,ilgallomonopoli@gmail.com,https,React,No,"DigitalOcean, LLC",28,23,92.00,Sì,No
B&B A Casa di Marilù,Bed & Breakfast,,348 306 9281,"Vico la Favorita, 5",Martina Franca,,,,,,,,,,,
B&B Archetto Bianco,Bed & Breakfast,,327 454 5000,"Via Arco Mastrovito, 24",Martina Franca,,,,,,,,,,,
Bed & Breakfast San Martino - Martina Franca,Bed & Breakfast,,080 483232,"Via Abate Fighera, 32",Martina Franca,,,,,,,,,,,
Sunny Home B&b,Bed & Breakfast,,338 878 9162,"Viale della Resistenza, 41",Palo del Colle,,,,,,,,,,,
Villa delle Querce Resort – Wedding – Meeting,Ristorante,http://www.resortvilladellequerce.com,328 651 4105,"Contrada Auricarro, Snc",Palo del Colle,,villadellequercesrl@gmail.com,https,Shopify,Sì,Interoute Telecommunications (UK) Ltd,56,87,46.00,Sì,No
Villaggio In,Hotel,http://www.villaggioincasesparse.it,080 480 5911,"Via Arco Grassi, 8",Martina Franca,,,http,Joomla,No,Aruba S.p.A.,63,86,92.00,Sì,No
B&B A casa di Nonna Giovanna,Bed & Breakfast,,347 052 3220,"Via Bianchi Diego, 22A",Manduria,,,,,,,,,,,
B&B Dimore Miravalle,Bed & Breakfast,https://www.dimoremiravalle.it,339 222 6344,"Via Miravalle, n. 7-11",Martina Franca,,,https,Shopify,Sì,SEEWEB s.r.l.,56,56,91.00,Sì,No
B&B Archidamo,Bed & Breakfast,,348 163 2346,"Vico Ludovico Omodei, 4",Manduria,,,,,,,,,,,
BB Trulli Sotto la Cupa,Bed & Breakfast,,338 982 2294,"Str. Cupa-Battaglini Zona A, 59",Martina Franca,,,,,,,,,,,
B&B Huit,Bed & Breakfast,http://www.bebhuit.it,340 174 1816,"Via Gioberti, 21/26",Martina Franca,,info@bebhuit.it,https,Angular,No,Aruba S.p.A. Network,59,65,100.00,Sì,No
Vincent Suite,Bed & Breakfast,http://www.vincentsuite.it,379 179 7036,"Via Venezia, 17",Palo del Colle,,,https,WordPress,No,Netsons Network,39,65,77.00,Sì,No
BB A CASA NOSCIA - BB SAN PIETRO IN BEVAGNA,Bed & Breakfast,,345 081 6178,"Via della Marina, 81",Manduria,,,,,,,,,,,
B&B Mandolea,Bed & Breakfast,http://www.mandolea.it,393 239 0061,"Via Fratelli Cairoli, 45",Manduria,,,https,React,No,Aruba S.p.A. Network,45,71,91.00,Sì,No
Agriturismo Masseria Chiancarella,Bed & Breakfast,,347 133 0660,Contrada Conca D'Oro,Fasano,,,,,,,,,,,
Città Bianca Country Resort,Hotel,http://www.cittabiancahotel.com,0831 181 3115,SP17 - Contrada Vallegna,Ostuni,,info@cittabiancahotel.com,https,Shopify,Sì,SEMPLIFY-SRL,66,94,92.00,Sì,No
Dimora Cappuccini B&B,Bed & Breakfast,http://www.dimoracappuccini.it,348 763 8243,"Via Cappuccini, 14",Cisternino,,info@dimoracappuccini.it,https,React,No,Persolvo-IRIDEOS,0,88,100.00,Sì,No
Trullo Carperi Guest House,Alloggi al coperto,,330 804 434,"Contrada Carperi, 31",Cisternino,,,,,,,,,,,
Trullo Suite,Bed & Breakfast,https://trullosuite.wixsite.com/cisternino,329 842 9238,"Via delle Ginestre, 18",Cisternino,,,https,Wix,No,Google LLC,60,90,92.00,Sì,No
Trullo Barbagiullo Bed e Breakfast Luxury,Bed & Breakfast,http://www.trullobarbagiullo.it,335 709 6883,Strada Comunale Castel Pagano,Cisternino,,trullobarbagiullo@gmail.com,https,Typo3,No,Aruba S.p.A.,57,82,91.00,Sì,No
EssenzaRelaisContemporaneo,Bed & Breakfast,https://essenzarelais.com,080 214 7622,"Contrada Monte, 95",Cisternino,,info@essenzarelais.com,http,Shopify,No,Servereasy Srl,97,71,92.00,Sì,No
Dimora San Quirico - B&B - Cisternino - BR - Puglia - Italy,Bed & Breakfast,https://www.dimorasanquirico.it,338 344 0613,"Piazza Della Quercia, 28",Marinelli,,info@dimorasanquirico.it,https,WordPress,No,Hetzner Online GmbH,56,96,92.00,Sì,No
Riposo del Vento,Alloggi al coperto,http://www.riposodelvento.it,334 380 9592,"c.da masseria piccola, 80",Cisternino,,,https,ASP.NET,No,Hostinger International Limited,57,73,85.00,Sì,No
Casa U burie,Bed & Breakfast,https://www.casauburie.com,339 813 0702,"Corso Umberto I, 29",Cisternino,,,https,WordPress,No,Aruba S.p.A.,59,92,92.00,Sì,No
La Maison de Mary - B&B Appartamenti Casa Vacanze,Bed & Breakfast,https://lamaisondemary.eu,348 322 9430,"Via Lecce, 1",Monteparano,,,https,WordPress,Sì,Netsons s.r.l.,88,97,100.00,Sì,No
Il Mulino di Amleto - Bed and Breakfast letterario,Bed & Breakfast,,345 289 5714,"Vicolo Campanile, 6",Molfetta,,,,,,,,,,,
B&B Madam - Casa Vacanze Appartamenti Taranto,Bed & Breakfast,https://bebfaggiano.com,371 352 3374,"Via Lizzano, 14, SP110",Faggiano,,bebmadamfaggiano@gmail.com,https,ASP.NET,No,Aruba S.p.A,56,72,100.00,Sì,No
Dedoor luxury apartment,Bed & Breakfast,,331 668 3850,"Via S. Luigi, 1/5",Molfetta,,,,,,,,,,,
Lilla B&B,Bed & Breakfast,,338 570 2605,"Via Sigismondo, 40",Molfetta,,,,,,,,,,,
B&B Masseria Trulli Sull'Aia,Bed & Breakfast,http://www.trullisullaia.it,328 407 2268,"Via Leonardo Da Vinci, 38",Cisternino,,,https,React,No,Google LLC,65,86,75.00,Sì,No
Nell'Antico Borgo B&B,Bed & Breakfast,,376 080 9150,"Via Sant'Andrea, 14/16",Molfetta,,,,,,,,,,,
B&b Oltre l'Arco,Bed & Breakfast,http://www.oltrelarcomolfetta.it,347 697 6747,"Via Trescine, 4",Molfetta,,oltrelarco@gmail.com,https,React,No,Hostinger International Limited,66,66,100.00,Sì,No
Vandelia Bed & Breakfast Molfetta,Bed & Breakfast,https://www.vandeliabeb.com,340 978 2849,"C.so Umberto I, 98",Molfetta,,info@vandeliabeb.com,https,Joomla,Sì,Interoute Telecommunications (UK) Ltd,62,77,100.00,Sì,No
B&B Paradiso San Vincenzo,Bed & Breakfast,http://www.paradisosanvincenzo.com,347 952 1377,"Via S. Vincenzo, 48",Molfetta,,info@paradisosanvincenzo.com,https,Shopify,Sì,Aruba S.p.A.,56,75,66.00,Sì,No
Palazzo Monna B&B,Bed & Breakfast,,351 604 5752,"Via Amente, 48",Molfetta,,,,,,,,,,,
Sud 47,Bed & Breakfast,http://www.sud47molfetta.it,329 412 0727,"Via Domenico Picca, 47",Molfetta,,information@cozystay.com,https,Shopify,No,Aruba S.p.A. Network,60,82,92.00,Sì,No
Hotel La Tana Del Lupo,Hotel,https://sites.google.com/view/hotel-la-tana-del-lupo,348 605 8835,"Via Roma, 229",Monteiasi,,,https,Angular,No,Google LLC,57,86,82.00,Sì,No
B&B La Nassa,Bed & Breakfast,http://www.bblanassa.com,391 769 5665,"Via di Mezzo, 110",Taranto,,,https,WordPress,No,Aruba S.p.A. Network,56,80,92.00,Sì,No
B&B Da Noi Due Taranto,Bed & Breakfast,http://www.danoidue.net,331 842 4272,"Corso Umberto I, 131",Taranto,,info@danoidue.net,https,React,Sì,Servereasy Srl,61,93,85.00,Sì,No
bed & breakfast,Bed & Breakfast,,335 738 7947,"Contrada Sterpina, 30",Mottola,,,,,,,,,,,
Casa la Viola,Bed & Breakfast,,351 462 0047,SS7,Massafra,,,,,,,,,,,
Le chianche,Bed & Breakfast,,335 705 5847,"Via Pola, 13",Mottola,,,,,,,,,,,
Albergo Diffuso & Suite Vecchia Mottola,Albergo benessere,https://www.vecchiamottola.com,099 886 6424,"Via Umberto I°, 76",Mottola,,info@vecchiamottola.com,https,React,Sì,Google LLC,63,75,100.00,Sì,No
Albergo Sala Ricevimenti Cava Fiorita,Lodge,,099 844 4689,C. da Coppola Chiatta,Palagianello,,,,,,,,,,,
B&B Del Corso,Bed & Breakfast,https://bbdelcorso.traveleto.com,328 377 2736,"Corso Umberto I, 92",Crispiano,,,https,Shopify,No,"Cloudflare, Inc.",56,78,92.00,Sì,No
La casa di Alessia largo torre,Bed & Breakfast,,347 129 1814,"Via Torre, 77",Noci,,,,,,,,,,,
Loco43,Bed & Breakfast,,346 654 1055,"Via Aldo Moro, 43",Noci,,,,,,,,,,,
Grotta Cilicia,Bed & Breakfast,http://www.grottacilicia.it,348 408 1601,Via Giulio Pastore,Noci,,,http,WordPress,No,Aruba S.p.A.,88,99,82.00,Sì,No
MyLife B&b Country House,Bed & Breakfast,http://www.mylifeitalia.com,393 250 7024,SS 106 km 468,Castellaneta Marina,,,https,WordPress,No,Aruba S.p.A.,61,78,85.00,Sì,No
Relais Lalì,Bed & Breakfast,https://relais-lal.bellaitaliatrips.top,099 886 0868,"Contrada Marinara, snc",Mottola,,,https,React,No,Contabo GmbH,56,83,85.00,Sì,No
Masseria Cecato,Bed & Breakfast,,336 822 607,Q5P3+FF,Noci,,,,,,,,,,,
B&B LA CASCATA,Bed & Breakfast,https://lacascata.net,320 488 7511,"Zona F, 87/A",Noci,,lacascata@hotmail.it,https,Shopify,Sì,Hostinger International Limited,89,99,100.00,Sì,No
Loggia dei Lezzi B&B,Bed & Breakfast,https://www.loggiadeilezzi.it,320 861 4596,"Contrada Lezzi, 122/B",Noci,,info@loggiadeilezzi.it,https,WordPress,Sì,Aruba S.p.A.,72,72,100.00,Sì,No
Crival club & more,Pizzeria,,375 744 6011,SP31,Palagiano,,,,,,,,,,,
B&B Giardino Isabella Restaurant & events,Bed & Breakfast,,371 372 9233,Via Eugenio Montale,Palagiano,,,,,,,,,,,
Casa Camilla,Bed & Breakfast,http://www.casacamilla.eu,350 163 1111,"Via Messapia, 84",Massafra,,info@casacamilla.eu,https,WordPress,No,Servereasy Italy,63,82,92.00,Sì,No
B&B Namì,Bed & Breakfast,,392 024 3584,"Via Pisanelli, 37",Palagianello,,,,,,,,,,,
Casa Alice,Bed & Breakfast,http://casadialice.biz,333 340 4764,Contrada Lama D'Erchie 2,Palagiano,,info@casadialice.biz,https,React,No,Aziende Italia S.r.l,70,98,100.00,Sì,No
B&B Palagianello Il Cocchiere,Bed & Breakfast,,347 922 9275,"Via Forno, 23",Palagianello,,,,,,,,,,,
Il Galeone Bed & Breakfast,Bed & Breakfast,http://www.ilgaleonebb.it,333 208 7470,"SP122 km9, 200",Taranto,,info@ilgaleonebb.it,https,Duda,No,Serverplan S.r.l.,60,79,77.00,Sì,No
Hotel Mhami - Marina di Pulsano - Taranto,Hotel,https://www.hotelmhami.it,338 221 3960,"Viale delle Stelle, 9",Pulsano,,info@hotelmhami.it,https,Shopify,No,Aruba S.p.A.,74,90,100.00,Sì,No
L'IPPOCASTANO Appartamenti,Bed & Breakfast,,338 358 1213,"Via del Mercato, 59",Castellaneta,,,,,,,,,,,
Le zagare,Bed & Breakfast,http://lezagarepalagiano.it,320 411 5833,"Via Giacomo Leopardi, 3",Palagiano,,garzonevaleria78@gmail.com,https,WordPress,No,Amazon Technologies Inc.,63,84,67.00,Sì,No
Sud Hotel Pulsano,Hotel,https://www.sud-hotel.it,099 990 3029,"Viale dei Micenei, snc",Marina di Pulsano,,info@sud-hotel.it,https,Shopify,No,WIIT AG,28,47,83.00,Sì,No
A 2 Passi dal Mare B&B,Bed & Breakfast,https://a2passidalmare.eu,333 487 3349,"Viale Mar Adriatico, 53/55",Marina di Ginosa,,info@a2passidalmare.eu,https,Joomla,Sì,HOSTINGER DE,83,91,92.00,Sì,No
Agriturismo Masseria Quisisana,Hotel,http://www.masseriaquisisana.it,349 663 6228,"Contrada Marinara, 9 str. sx",Mottola,,info@masseriaquisisana.it,https,WordPress,Sì,IONOS SE,56,70,85.00,Sì,No
The Garden - Hotel Bar Pasticceria Gelateria,Hotel,http://www.hotelthegarden.com,339 157 5777,SP122,Lido Silvana,,,https,WordPress,Sì,Google LLC,59,84,92.00,Sì,No
B&B Visita Experience,Bed & Breakfast,,389 252 6509,"Via Leanza, 5",Torre Santa Susanna,,,,,,,,,,,
La Seta Rossa Apartments,Bed & Breakfast,http://www.lasetarossaapartments.com,328 184 4906,Contrada Pennella,Galatone,,,https,Shopify,No,"Cloudflare, Inc.",75,92,92.00,Sì,No
Dimora Nonna Ada,Bed & Breakfast,,329 317 3168,"Via Adige, 37",Aradeo,,,,,,,,,,,
Dimore Annunziata,Bed & Breakfast,http://www.dimoreannunziata.it,342 167 3858,"Via SS. Annunziata, 3",Aradeo,,info@dimoreannunziata.it,https,React,Sì,Aruba S.p.A.,56,74,85.00,Sì,No
Le Radici,Bed & Breakfast,,392 819 3424,"VIa Principe di Napoli, 263/Primo",Erchie,,,,,,,,,,,
Bed & Breakfast L' Angolo del Salento,Bed & Breakfast,http://www.langolodelsalento.it,333 828 7465,"Via Donato Castiglione, 33",Oria,,,http,WordPress,No,Aruba S.p.A. Network,74,99,92.00,Sì,No
Il Vecchio Torrino,Bed & Breakfast,http://ilvecchiotorrino.com,392 569 2525,Strada Comunale Canonici,Seclì,,,http,WordPress,Sì,Aruba S.p.A. Network,62,95,92.00,Sì,No
La Piazza B&B,Hotel,,328 561 6844,"piazza San Giorgio, 32",San Giorgio Ionico,,,,,,,,,,,
San Cataldo Hotel,Hotel,http://www.sancataldohotel.it,380 284 1075,Zona Industriale Faggiano (TA) - Complanare SP 109 - n° 4,Faggiano,,,https,WordPress,Sì,SEEWEB s.r.l.,57,71,83.00,Sì,No
Residenza Santa Lucia,Bed & Breakfast,http://www.bbresidenzasantalucia.it,338 855 9609,"Via Santa Lucia, 1",Galatone,,bbresidenzasantaalucia@gmail.com,https,Joomla,No,Hostinger International Limited,46,61,92.00,Sì,No
B&B all' Ulivo,Bed & Breakfast,,328 617 2920,Via Amilcare Cipriani,Adb Solutions,,,,,,,,,,,
La casa di Rossy,Bed & Breakfast,http://lacasadirossy.it,350 137 9089,"Via P. Piemonte, 174",San Giorgio Ionico,,lacasadirossy@gmail.com,https,Angular,No,Aruba S.p.A.,59,68,85.00,Sì,No
B&B Nanze' e Rete' - Esperienze Pugliesi,Bed & Breakfast,http://www.bebnanzeerete.it,377 326 9101,"Via Dandolo, 4",Carosino,,bbneresperienzepugliesi@gmail.com,https,Shopify,No,"Cloudflare, Inc.",53,59,100.00,Sì,No
Bed & Breakfast Amati,Bed & Breakfast,http://www.bbamati.it,080 246 1512,"Via Cenci, 66",Fasano,,,https,WordPress,No,Google LLC,84,99,100.00,Sì,No
Station69,Bed & Breakfast,http://www.station69.it,339 456 9008,"Viale Stazione, 144/A",Fasano,,,https,WordPress,No,Aruba S.p.A.,54,69,77.00,Sì,No
La Casa nel Borgo fasano,Bed & Breakfast,,366 810 7949,"Via Larizza, 16",Fasano,,,,,,,,,,,
Casa Scanderberg,Hotel,,329 096 0604,"Via Castriota, 5",San Marzano di San Giuseppe,,,,,,,,,,,
Villa Luis,Villa,,347 729 6182,"Via Fascianello, 38",Fasano,,,,,,,,,,,
La dimora di Greta,Bed & Breakfast,https://ladimoradigreta.traveleto.com,380 152 4272,"Corso Garibaldi, 136/interno 2",Fasano,,,https,React,No,"Cloudflare, Inc.",56,79,92.00,Sì,No
Le Dimore del Portico,Bed & Breakfast,https://ledimoredelportico.traveleto.com,351 596 4472,"Via Cofano, 33",Fasano,,,https,Shopify,No,"Cloudflare, Inc.",56,79,92.00,Sì,No
L'albero d'oro,Bed & Breakfast,,389 697 8538,67 SP 129 sava-torricella,Sava,,,,,,,,,,,
Le Pajare B&b,Bed & Breakfast,,347 818 1275,"SP129, 80",Sava,,,,,,,,,,,
B&B DE MAURO E SALA RELAX,Bed & Breakfast,https://beb.it/demaurosava,338 118 2432,"Via Armando Diaz, 28",Sava,,,https,Magento,No,"Amazon.com, Inc.",89,96,100.00,Sì,No
Luxury Villa Olimpia,Bed & Breakfast,,346 613 6605,"Viale Arsilio, 62",Selva di Fasano,,,,,,,,,,,
Masseria Nuova,Bed & Breakfast,http://masserianuova.it,366 478 8877,"SP53, KM 6",Francavilla Fontana,,,https,Vue,No,"Amazon.com, Inc.",72,98,100.00,Sì,No
b&b Benefici,Bed & Breakfast,,328 683 3552,"Via Malta, 107",Maruggio,,,,,,,,,,,
B&B Giusy,Bed & Breakfast,,328 203 8460,"Via Tito Speri, Corso Umberto Ⅰ, 2",Sava,,,,,,,,,,,
B&B Heart & Story,Bed & Breakfast,,388 184 6728,"Via Umberto I, 91",Maruggio,,,,,,,,,,,
Il Casolare Degli Ulivi,Hotel,,328 374 8433,Condrada minicardo,Oria,,,,,,,,,,,
B&B Il Quadrifoglio,Bed & Breakfast,,340 747 0696,"Via Antonio Lapresa, 47",San Vito dei Normanni,,,,,,,,,,,
Peonies' Home,Bed & Breakfast,,334 987 6360,"Via Tagliavanti, 5",Francavilla Fontana,,,,,,,,,,,
B&B Turchi,Bed & Breakfast,,085 810275,"Viale Nettuno, 9",Francavilla al Mare,,,,,,,,,,,
Viale dei Lecci | Luxury rooms,Bed & Breakfast,http://www.vialedeilecci.it,351 967 0182,"Via Capitano di Castri, 53/A",Francavilla Fontana,,vialedeilecci@gmail.com,https,WordPress,No,Netsons Network,56,67,85.00,Sì,No
B&B Ilenia,Bed & Breakfast,,388 571 8001,"Via Francavilla Ciriaco, 20",Oria,,,,,,,,,,,
Borgo Salentino B&B,Bed & Breakfast,https://borgosalentino.it,389 940 4616,"Via Guglielmo Marconi, 9",San Vito dei Normanni,,,https,React,No,"Amazon.com, Inc.",65,86,69.00,Sì,No
LA PERGOLA,Bed & Breakfast,https://beb.it/lapergolasava,328 682 9473,"S.P. 129 Per Torricella Angolo Strada Coppola, 1",Sava,,,https,Shopify,No,"Amazon.com, Inc.",71,94,100.00,Sì,No
Bed and Breakfast Archi Vecchi,Bed & Breakfast,,339 315 0904,Via Francavilla,San Vito dei Normanni,,,,,,,,,,,
Villa Alexander & Pool Wonderful Italy,Villa,,02 8088 9702,Contrada Campi,San Vito dei Normanni,,,,,,,,,,,
B&B da LEO,Bed & Breakfast,,334 774 4434,"Via Isaia Pagliara, 30",Carovigno,,,,,,,,,,,
Bed&Breakfast Villa Mamma Grazia,Bed & Breakfast,https://www.villamammagrazia.it,379 268 8521,"Contrada Pezza d' Acqua Fresca, 29",San Vito dei Normanni,,info@villamammagrazia.it,https,Joomla,Sì,Aruba S.p.A. Network,56,65,82.00,Sì,No
La Stratodda | DIMORA - SUITE,Bed & Breakfast,,347 543 6966,"Via Ruggiero Danusci, 21",San Vito dei Normanni,,,,,,,,,,,
Dimora del '500,Alloggio completo di servizi,https://dimoradel500.traveleto.com,331 814 7492,"Via Vincenzo Gioberti, 3",San Vito dei Normanni,,,https,Shopify,No,"Cloudflare, Inc.",56,81,92.00,Sì,No
Laura Suite,Bed & Breakfast,,350 032 6763,"Via Cesare Battisti, 117",Taranto,,,,,,,,,,,
acqua di mare,Bed & Breakfast,https://acquadimare.traveleto.com,338 790 2465,corso Italia 383 - piano rialzato,Taranto,,,https,Shopify,No,"Cloudflare, Inc.",56,82,92.00,Sì,No
Il Melograno,Hotel,https://www.hotelitalian.com/bb-il-melograno-taranto,329 113 9186,"Via Giuseppe Mazzini, 132",Taranto,,,https,Shopify,No,"Cloudflare, Inc.",82,96,92.00,Sì,No
A casa Luxury,Bed & Breakfast,,389 192 6437,"Vicolo Sant'Angelo, 16",Francavilla Fontana,,,,,,,,,,,
B&B Poseidone,Bed & Breakfast,https://www.hotelitaliaweb.com/bb-poseidone,346 226 6772,"Via Cataldo Nitti, 105",Taranto,,,https,WordPress,No,"Cloudflare, Inc.",78,92,92.00,Sì,No
La Maison Barbin,Bed & Breakfast,https://lamaisonbarbin.traveleto.com,392 214 3969,"Via Giuseppe Massari, 16",Taranto,,,https,React,No,"Cloudflare, Inc.",52,78,92.00,Sì,No
L’ULIVO,Bed & Breakfast,,340 893 9082,"Via Giuseppe Pisanelli, 20",Taranto,,,,,,,,,,,
Affittacamere Room n.22,Bed & Breakfast,http://www.room22taranto.com,393 257 9660,"Via Cataldo Nitti, 22",Taranto,,,https,WordPress,No,Aruba S.p.A. Network,38,64,85.00,Sì,No
B&B Vico di Ostuni,Bed & Breakfast,,338 883 5527,"Vicolo Bruno Buozzi, 12",Ostuni,,,,,,,,,,,
Vico Trieste,Bed & Breakfast,https://vicotrieste.tripcombined.com,380 267 1359,"Vicolo Trieste, 9",Ostuni,,,https,React,No,Contabo GmbH,57,89,92.00,Sì,No
La Bella Ostuni Suites,Bed & Breakfast,,335 181 2683,"Via Giovanni Bovio, 44",Ostuni,,,,,,,,,,,
Mareulivi,Bed & Breakfast,,392 843 9709,"Contrada Grottone, sn",Ostuni,,,,,,,,,,,
white room Ostuni,Bed & Breakfast,http://www.whiteroomostuni.it,337 130 7366,"Via Guglielmo Marconi, 28-32",Ostuni,,info@whiteroomostuni.it,https,WordPress,Sì,Keliweb S.R.L,80,97,100.00,Sì,No
La Residenza del Sole,Bed & Breakfast,,328 616 0913,"Via P. Togliatti, 16",Surbo,,,,,,,,,,,
Sunshine - Luxury rooms,Bed & Breakfast,http://www.sunshineluxuryrooms.it,0831 152 7710,"Via Bixio Continelli, 36",Ostuni,,info@sunshineluxuryrooms.it,https,WordPress,Sì,Google LLC,56,93,85.00,Sì,No
Masseria Abadia Uno,Bed & Breakfast,https://www.masseriabadiauno.it,379 269 9822,"Contrada Abadia, 1",Ostuni,,masseriabadia@gmail.com,https,WordPress,No,Aruba S.p.A.,63,81,92.00,Sì,No
Avvolta nel salento,Bed & Breakfast,,349 636 9634,"Via Roma, 2",Torchiarolo,,,,,,,,,,,
Bed and Breakfast Villa Rita,Bed & Breakfast,http://www.bebvillarita.com,393 972 4305,"Strada vicinale cornolaro SNC, Contrada Cupa",Campi Salentina,,marcolino.gabriele@gmail.com,http,ASP.NET,No,Aruba S.p.A. Network,100,100,90.00,Sì,No
Caterina's Suites & Apartments,Bed & Breakfast,https://www.caterinasrooms.com/it,349 858 6683,"Via Clemente Leonardo, 99",Ostuni,,,https,Shopify,Sì,POUNDHOST,39,56,91.00,Sì,No
Agave Bed&Breakfast,Bed & Breakfast,http://www.agavebb.it,339 567 6473,"Via Filippo Turati, 19",Campi Salentina,,info@agavebb.it,http,React,No,Aruba S.p.A. Network,57,98,73.00,Sì,No
Villa Chiara B&B,Bed & Breakfast,https://villachiarabb.traveleto.com,380 188 7527,"Via de Castris, 171",Salice Salentino,,,https,React,No,"Cloudflare, Inc.",56,82,92.00,Sì,No
B&B Villa Sofia,Bed & Breakfast,https://www.villasofianovoli.it,377 029 6579,Strada Vicinale Congregazione Carita,Novoli,,info@villasofianovoli.it,https,Basekit,No,Aruba S.p.A.,35,50,100.00,Sì,No
Hotel Colibrì,Hotel,,351 728 2785,"Via Boceti, 1/3",Alessano,,,,,,,,,,,
B&B Il Vecchio Arco,Bed & Breakfast,http://www.ilvecchioarco.it,389 195 7619,"Via Pendino, 63",Novoli,,,https,React,No,Aruba S.p.A.,40,57,92.00,Sì,No
A casa dei miei,Bed & Breakfast,https://acasadeimiei.it,339 357 4503,"Via Torchiarolo, 5",San Pietro Vernotico,,acasadeimiei.spv@gmail.com,https,WordPress,Sì,SEEWEB s.r.l.,60,71,92.00,Sì,No
Villa Ciardo,Bed & Breakfast,,336 867 965,"Piazza, Via don Tonino Bello, 25",Alessano,,,,,,,,,,,
La Casa Di Edo,Bed & Breakfast,,377 672 7838,"Corte Passante, 7",Brindisi,,,,,,,,,,,
Casa Ventuno Bnb,Bed & Breakfast,http://www.casaventunosalento.it,327 191 9499,SC le Matine,Tricase,,,https,React,No,Google LLC,59,93,83.00,Sì,No
La Masseria di Alessano,Residence,,348 312 7852,"Via Fosso Muraglie, 36",Alessano,,,,,,,,,,,
Masseria Galatea Agriturismo,Ristorante,http://www.masseriagalatea.it,328 748 2252,"SP210, 191",Alessano,,//masseriagalatea@gmail.com,,WordPress,No,Netsons Network,49,93,100.00,Sì,No
B&B La Sorgente,Bed & Breakfast,http://www.lasorgentebrindisi.it,340 988 3048,"Via Passante, 9",Brindisi,,,https,WordPress,No,SEEWEB s.r.l.,68,78,82.00,Sì,No
Scirocco Guest House,Bed & Breakfast,https://sciroccoguesthouse.it,351 933 3206,"Via Tertulliano, 45",Brindisi,,info@sciroccoguesthouse.it,https,WordPress,No,Servereasy Srl,68,93,100.00,Sì,No
B&B Manzoni Resort Brindisi,Bed & Breakfast,,0831 604856,"Via Alessandro Manzoni, 15",Brindisi,,,,,,,,,,,
BED CASA VACANZA VIA GALLIPOLI CORTE BARI,Bed & Breakfast,,349 129 4299,"Via Gallipoli, 27",Brindisi,,,,,,,,,,,
La Casa di Eva,Bed & Breakfast,,392 966 5359,"Via Del Geranio, 10",Brindisi,,,,,,,,,,,
B&B Dimora Baronia,Bed & Breakfast,,349 821 0373,Via Grimaldi,Latiano,,,,,,,,,,,
B&B Benvenuti al Sud - Brindisi,Bed & Breakfast,http://www.benvenutialsudbrindisi.com,348 694 2129,"Via Giudea, 4",Brindisi,,contact@mysite.com,https,Shopify,No,SEEWEB s.r.l.,65,86,92.00,Sì,No
Le Lantane Luxury Rooms,Bed & Breakfast,http://www.lelantane.com,345 163 8262,Via Gonfalone,Alessano,,lelantanesalento@gmail.com,https,Joomla,Sì,Hetzner Online GmbH,47,33,92.00,Sì,No
Lo Scalo B&B,Alloggi al coperto,http://www.bandbloscalo.it,0833 533488,"Via A. Vespucci, 11",Marina di Novaglie,,info@loscalo.net,http,Joomla,Sì,Aruba S.p.A. Network,50,65,100.00,Sì,No
Relais Marchesi Imperiali,Bed & Breakfast,https://www.relaismarchesiimperiali.com,346 150 6444,"Strada Comunale Vecchia Mesagne, 45",Latiano,,info@relaismarchesiimperiali.it,https,ASP.NET,Sì,Aruba S.p.A. Network,63,85,82.00,Sì,No
Villa B&B Antiche Macine del Salento nel cuore del Salento - villetta con piscina - punto strategico spiaggia del Salento,Bed & Breakfast,http://www.antichemacine.com,327 980 7068,"Via Giuseppe Mazzini, 2a",Ruggiano,,info@antichemacine.com,https,Shopify,Sì,Aruba S.p.A.,61,85,92.00,Sì,No
Affittacamere B&B Porta Grande,Bed & Breakfast,http://www.portagrande.net,347 799 6107,"Piazza Vittorio Emanuele II, 44",Mesagne,,,https,Squarespace,No,"Squarespace, Inc.",88,99,45.00,Sì,No
Perla Suite - B&B Mesagne,Bed & Breakfast,https://www.perlasuite.it,380 282 8439,"Via Ferdinando Biscosi, 15",Mesagne,,info@perlasuite.it,https,WordPress,No,Amazon Technologies Inc.,56,79,92.00,Sì,No
Masseria Capocanale,Bed & Breakfast,,099 474 2222,"Vico Barone, 7",Statte,,,,,,,,,,,
Tenuta Moreno,Hotel,http://www.tenutamoreno.it,0831 774960,Contrada Moreno,Mesagne,,,https,Shopify,No,Aruba S.p.A. Network,60,97,75.00,Sì,No
B&b La Villa,Bed & Breakfast,,327 195 5233,"Corso Vittorio Emanuele III, 146",Statte,,,,,,,,,,,
"Delle Rose, Hotel & Restaurant",Hotel,http://www.complessodellerose.com,377 372 5862,SP190,Torre Vado,,info@complessodellerose.com,https,React,Sì,Infomaniak Network Management,49,85,100.00,Sì,No
Gli Imperiali,Bed & Breakfast,https://www.imperialipuglia.it,340 731 1980,"Piazza Umberto I, 23",Latiano,,info@imperialipuglia.it,https,WordPress,No,Aruba S.p.A.,57,93,92.00,Sì,No
Benvenuti in Puglia,Bed & Breakfast,https://www.benvenutiinpugliabeb.it,334 833 7978,"Via Foggia, 90",Crispiano,,info@benvenutiinpugliabeb.it,https,WordPress,Sì,Aruba S.p.A.,56,50,92.00,Sì,No
Bed & Breakfast Le Cicas,Bed & Breakfast,http://www.bed-and-breakfast.it/pagina.cfm,329 390 9731,"Via Milazzo, 12",Crispiano,,,https,Typo3,Sì,Amazon Technologies Inc.,63,87,92.00,Sì,No
Corcioli B&B,Bed & Breakfast,https://www.corcioli.it,347 559 3911,"Via Martiri della Libertà, 9",Mesagne,,corciolibeb@gmail.com,https,Wix,No,Google LLC,66,79,92.00,Sì,No
B&B home vintage,Bed & Breakfast,,389 920 5645,"Via S. Giovanni Bosco, 80",Marconia,,,,,,,,,,,
MenoUno House,Bed & Breakfast,https://thetravelinspect.com/menouno-house-italy,329 006 0546,"Via Don Tonino Bello, 33",Crispiano,,,https,React,No,Microsoft Corporation,72,95,90.00,Sì,No
B&B Lecce26,Bed & Breakfast,,327 816 0656,"Via Lecce, 26",San Pietro Vernotico,,,,,,,,,,,
L' Aranceto,Bed & Breakfast,https://beb.it/laranceto,339 487 4093,"Via Tripoli, 48",San Donaci,,,https,Laravel,No,"Amazon.com, Inc.",79,96,100.00,Sì,No
Villa Aristogatti,Villa,,320 265 4975,"Via Santa Caterina da Siena, 18",San Pietro Vernotico,,,,,,,,,,,
Villa Assuntina - Lemon Luxury Suite,Bed & Breakfast,http://www.villaassuntina.com,389 893 3338,Via E. Gravili,Cellino San Marco,,,https,React,No,Google LLC,53,93,83.00,Sì,No
B&B Colori del Salento,Bed & Breakfast,,328 414 8736,"Via Guglielmo Marconi, 14",Cellino San Marco,,,,,,,,,,,
Villa Neviera,Castello,https://www.villaneviera.it,379 238 0705,"Via Campi Salentina, 234",Cellino San Marco,,,https,Joomla,Sì,Aruba S.p.A.,56,71,100.00,Sì,No
Corte Manfredi,Bed & Breakfast,https://www.cortemanfredi.it,0833 522138,"Corte Manfredi, 5",Alessano,,info@cortemanfredi.it,https,Shopify,No,Aruba S.p.A.,0,34,100.00,Sì,No
Corte Della Luna,Hotel,,348 514 0058,"Via Antonio Gramsci, 12",Presicce-Acquarica,,,,,,,,,,,
B&B La madonnina,Bed & Breakfast,,329 422 3431,"Viale Stazione, 1",Presicce-Acquarica,,,,,,,,,,,
B&B Via Del Mare,Bed & Breakfast,,349 597 8364,"Via del Mare, 40",Patù,,,,,,,,,,,
B&B Arcobaleno,Bed & Breakfast,https://bb-arcobaleno.bellaitaliatrips.top,350 063 0818,"Via Vittorio Veneto, 142",Salve,,,https,React,No,Contabo GmbH,63,89,85.00,Sì,No
Daline Holiday Rooms,Bed & Breakfast,http://dalinerooms.it,393 709 3285,"Via John Kennedy, 13",Presicce-Acquarica,,,https,WordPress,Sì,Host SpA,67,93,77.00,Sì,No
B&B Casa Nisi,Bed & Breakfast,,389 315 7820,"Via Circumvalazzione, 7",Villa Castelli,,,,,,,,,,,
Casa GUPIA B&B,Bed & Breakfast,http://www.casagupia.it,335 242 506,"Via F. Crispi, 22",Presicce-Acquarica,,info@casagupia.it,https,WordPress,No,Aruba S.p.A.,63,87,85.00,Sì,No
Affittacamere La Saracina,Bed & Breakfast,http://bblasaracina.it,331 707 0938,"Via Valle D'Aosta, 60",Presicce-Acquarica,,,https,WordPress,No,Aruba S.p.A.,64,88,92.00,Sì,No
Estate nel trullo,Alloggio completo di servizi,,388 972 1379,"Contrada Montescotano, 4° N 10",Villa Castelli,,,,,,,,,,,
Bed and Breakfast Cairoli,Hotel,http://www.cairoli.net,349 566 2127,"Via Cairoli, 31",San Pietro Vernotico,,info@cairoli.net,https,Joomla,No,Netsons s.r.l.,56,54,100.00,Sì,No
La Casetta di Greta,Bed & Breakfast,https://lacasettadigreta.traveleto.com,360 372 743,"Via Paolo Chirulli, 100",Ceglie Messapica,,,https,Shopify,No,"Cloudflare, Inc.",55,78,92.00,Sì,No
B&B Frammenti D'Itria,Bed & Breakfast,http://www.frammentiditria.com,339 627 0200,"Vico III Monte, 30",Ceglie Messapica,,,https,ASP.NET,No,Aruba S.p.A. Network,67,64,91.00,Sì,No
B&B ERMINIA,Bed & Breakfast,https://www.beberminia.it,347 663 6935,"Via Marche, 19",Presicce-Acquarica,,info@beberminia.it,https,Joomla,Sì,Aruba S.p.A.,30,43,92.00,Sì,No
Relais d'Itria bed and breakfast,Bed & Breakfast,http://www.relaisditria.it,349 744 8993,"Via degli Ulivi, 215",Grottaglie,,fabiolalagrotta.74@hotmail.it,https,React,Sì,OVH SAS,53,80,85.00,Sì,No
b&b porta nuova mesagne,Bed & Breakfast,,328 810 4257,"Vico dei Sambiaggio, 7",Mesagne,,,,,,,,,,,
B&B Masseria Nuove Caselle,Bed & Breakfast,http://www.masserianuovecaselle.it,368 779 6701,"SP66, km, 10",Villa Castelli,,info@masserienuovecaselle.it,https,Joomla,Sì,Aruba S.p.A.,54,47,75.00,Sì,No
La Dimora Del Principe,Bed & Breakfast,http://www.ladimoradelprincipe.com,375 611 7300,"Via S. Nicola, 26",Grottaglie,,info@ladimoradelprincipe.com,https,WordPress,No,Netsons Network,52,48,100.00,Sì,No
DIMORA SANT'ANNA,Bed & Breakfast,,328 369 4741,"Via Rini, 15",Mesagne,,,,,,,,,,,
Tobacco Suite,Hotel,http://www.hotelmesagne.com,0831 179 2198,"Via Federico II Svevo, 3",Mesagne,,info@hotelmesagne.com,https,WordPress,No,Aruba S.p.A.,56,64,85.00,Sì,No
Le Margherite Bed & Breakfast,Bed & Breakfast,https://lemargheritebeb.it,389 109 3762,"Via Sannio, 64",Mesagne,,info@lemargheritebeb.it,https,Shopify,Sì,WIIT AG,62,82,100.00,Sì,No
Rosso Salento B&B,Bed & Breakfast,http://www.rossosalento.it,347 047 6234,"Via Antonaci, 10",Alliste,,info@rossosalento.it,https,React,No,Keliweb S.R.L,66,92,92.00,Sì,No
Giardini di Marzo,Ristorante,https://sites.google.com/view/giardini-di-marzo-felline,389 829 2453,Contrada Santa Potenza Agriturismo Giardini di Marzo,Felline,,,https,Shopify,Sì,Google LLC,53,90,50.00,Sì,No
Salenthouse,Hotel,http://www.salenthouse.com,327 888 9311,"Via Gallipoli, 197",Racale,,info@salenthouse.com,http,Angular,No,Aruba S.p.A. Network,69,97,82.00,Sì,No
Il Giardino di Paola B&B,Bed & Breakfast,https://www.ilgiardinodipaola.it,348 473 3535,"Via Macagnino, 5",Alliste,,prenotazioni@ilgiardinodipaola.it,https,Joomla,No,Aruba S.p.A.,62,95,100.00,Sì,No
Aurosa Vacanze Bed and Breakfast,Bed & Breakfast,http://www.aurosavacanze.it,347 618 1503,"Via Capitano Antonio Cutrupia, 23",Alliste,,,https,WordPress,No,Netsons Network,69,94,92.00,Sì,No
Sacratum B&B-Suite Spa,Bed & Breakfast,http://www.sacratum.it,328 225 8084,"Piazza IV Novembre 27 - Via Rini 37-59, Via dei Florenzia, 65",Mesagne,,info@sacratum.it,http,WordPress,No,IONOS SE,75,68,100.00,Sì,No
Iori Salento B&B,Bed & Breakfast,,333 606 4421,"Via, Strada vicinale del Carro, 41",San Pancrazio Salentino,,,,,,,,,,,
B&B Salentomigliore,Bed & Breakfast,,0832 570140,"Via Trieste, 138",San Pancrazio Salentino,,,,,,,,,,,
B&B Casa del Corso,Bed & Breakfast,http://www.casadelcorso.com,329 811 2210,"Corso Vittorio Emanuele II, 28",Taviano,,,https,Shopify,Sì,"Weebly, Inc.",70,62,83.00,Sì,No
Salento Sun Sea,Bed & Breakfast,,328 174 8415,"Via Vittorio Emanuele III, 107",San Pancrazio Salentino,,,,,,,,,,,
Aribri Bed & Breakfast,Bed & Breakfast,https://aribri-bed--breakfast.percorsiitaliani.top,338 458 4834,"Via Osanna, 3",San Pancrazio Salentino,,,https,React,No,Contabo GmbH,56,84,85.00,Sì,No
B&B Casa Pachi,Bed & Breakfast,https://bb-casa-pachi.bellaitaliatrips.top,320 704 7569,"Via Foggia, 21",San Pancrazio Salentino,,,https,WordPress,No,Contabo GmbH,55,86,85.00,Sì,No
Palazzo41 Rooms rental,Bed & Breakfast,,389 091 1685,"Via Stazione, 41",San Pietro Vernotico,,,,,,,,,,,
Virò House,Bed & Breakfast,http://www.virohouse.it,331 784 6915,"Via G. Campa, 18",Squinzano,,,http,ASP.NET,No,Aruba S.p.A. Network,70,56,82.00,Sì,No
SHUBY HOME apartments affitta camere,Bed & Breakfast,,393 976 5320,"Via Lecce, 247",San Pietro Vernotico,,,,,,,,,,,
B&B Palazzo dei Don,Bed & Breakfast,,347 314 3454,"Via Addolorata, 30",Racale,,,,,,,,,,,
Agriturismo Torrevecchia,Agriturismo,http://www.torrevecchia.com,338 828 7360,Via per Avetrana,San Pancrazio Salentino,,info@torrevecchia.com,https,WordPress,No,Aruba S.p.A.,61,51,77.00,Sì,No
Bed & Breakfast Sole del Salento,Bed & Breakfast,http://www.soledelsalento.net,377 977 4877,"Via San Pietro Vernotico, 64",Cellino San Marco,,,https,React,No,SEEWEB s.r.l.,60,95,83.00,Sì,No
B&B Parco Monsignore,Bed & Breakfast,,327 453 0775,SP30,San Michele Salentino,,,,,,,,,,,
Al Centro Storico Bed & Breakfast,Bed & Breakfast,http://www.alcentrostoricobeb.it,328 554 8242,"Via Giacomo Matteotti, 33",Squinzano,,prenotazioni@alcentrostoricobeb.it,https,WordPress,No,Aruba S.p.A. Network,89,75,92.00,Sì,No
Trullo Tranquillo,Bed & Breakfast,,333 723 4335,"Contrada Cotogni, 76",San Michele Salentino,,,,,,,,,,,
B&B Coste Del Salento,Bed & Breakfast,,392 911 3701,"Via Mesagne, 10",San Pietro Vernotico,,,,,,,,,,,
Le Volte Apartments,Bed & Breakfast,https://www.levolte-apartments-torchiarolo.it/it,389 950 7849,"Via Bellotti, 17",Torchiarolo,,angelomara.82@hotmail.it,https,WordPress,No,"Cloudflare, Inc.",52,43,100.00,Sì,No
Bed and Breakfast Europa,Bed & Breakfast,,338 923 6820,"Via Europa, 93",San Pancrazio Salentino,,,,,,,,,,,
Trullideserio B&B,Bed & Breakfast,https://www.trullideserio.com,350 144 4500,JJ45+RX,San Michele Salentino,,trullideserio@hotmail.com,https,Wix,Sì,Google LLC,73,96,100.00,Sì,No
B&B Terra d'Oriente,Bed & Breakfast,,389 092 3036,"Via A.Ponchielli, 55",Veglie,,,,,,,,,,,
Ca’ Lezet,Bed & Breakfast,,375 561 8015,"Via Gioacchino Rossini, 4",Guagnano,,,,,,,,,,,
BED&BREAD Piazza 'Nzegna,Bed & Breakfast,http://www.bbpiazzanzegna.com,327 402 3097,"Corso Vittorio Emanuele, 99",Carovigno,,,https,React,No,Google LLC,70,83,83.00,Sì,No
Trullo degli Augelli,Residence,https://www.residencespadalunga.com,370 103 7142,Strada Provinciale 49,San Michele Salentino,,info@residencespadalunga.com,https,ASP.NET,No,Aruba S.p.A. Network,62,82,82.00,Sì,No
B&B All'Ombra del Castello,Bed & Breakfast,http://www.bballombradelcastello.it,347 896 0688,"Contrada San Lorenzo, s.n, c",Oria,,,https,Angular,No,"Amazon.com, Inc.",81,92,100.00,Sì,No
B&B LA HABITACION DEL MAR,Bed & Breakfast,,349 863 8048,"Corso Italia, 38",Gallipoli,,,,,,,,,,,
Villa Maria B&B,Bed & Breakfast,,375 684 4359,Via dei Garofani,Baia Verde,,,,,,,,,,,
Villa Michela B&B,Bed & Breakfast,,328 154 1172,SS 274 Gallipoli-Alezio Contr. Li Mezzi,Alezio,,,,,,,,,,,
Borgo di Oria,Hotel Resort,https://borgo-di-oria.mipiacelitalia.top,329 714 5093,"Via Brindisi, 15",Oria,,,https,React,No,Contabo GmbH,60,84,85.00,Sì,No
Palazzo delle Viole,Bed & Breakfast,https://palazzo-delle-viole.dormireinitalia.top,388 307 4392,"Via Francesco Milizia, 154",Oria,,,https,WordPress,No,Contabo GmbH,48,83,92.00,Sì,No
Bed and Breakfast Villa Oria,Bed & Breakfast,https://bed-and-breakfast-villa-oria.italydreams.top,348 710 5308,"Via Madonna della Scala, 12",Oria,,,https,WordPress,No,Contabo GmbH,59,86,85.00,Sì,No
Villarancia B&B,Bed & Breakfast,http://www.villaranciasalento.it,347 848 0953,"Via Giuseppe Garibaldi, 78",Alezio,,info@villaranciasalento.it,https,WordPress,No,Aruba S.p.A. Network,45,64,85.00,Sì,No
Luxury Bed & Breakfast Aurora,Bed & Breakfast,,393 386 5747,"Via Roma, 129",Alezio,,,,,,,,,,,
Eco dal Mare B&B,Bed & Breakfast,,340 062 2079,"Via Udine, 39",Gallipoli,,,,,,,,,,,
B&B a Gallipoli Santa Venardia,Bed & Breakfast,https://www.gallipolibedbreakfast.it,328 186 3440,"Via Carlo Magno, 4",Gallipoli,,,https,Joomla,No,Aruba S.p.A. Network,56,79,100.00,Sì,No
A casa di Silvia B&B,Bed & Breakfast,https://www.acasadisilvia.it,0833 232474,"Via Pio XI, 1",Sannicola,,info@acasadisilvia.it,https,WordPress,Sì,Aruba S.p.A.,60,68,92.00,Sì,No
BB Li Catauri,Bed & Breakfast,http://www.licatauri.com,339 761 2245,Via,Vitigliano,,,https,React,No,Aruba S.p.A. Network,68,86,82.00,Sì,No
Agriturismo salento Pietralata,Ristorante per famiglie,,320 740 8916,Contrada Pomari,Andrano,,,,,,,,,,,
B&B Vignali,Bed & Breakfast,http://www.vignali.info,327 239 5412,"Via Filippo Turati, 34",Diso,,mariavittoria.cozza@pec.it,https,WordPress,No,Aruba S.p.A. Network,60,66,92.00,Sì,No
Terra di Mare,Bed & Breakfast,https://terra-di-mare.itinerariitaliani.top,347 404 2633,"Via Alcide De Gasperi, 16",Vignacastrisi,,,https,React,No,Ipxo LLC,49,85,92.00,Sì,No
B&B Santa Lucia,Bed & Breakfast,,0831 759781,"Via S. Lucia, 55",Erchie,,,,,,,,,,,
Villa le rose,Bed & Breakfast,,320 053 5204,Contrada Santoro Snc,Oria,,,,,,,,,,,
Trappitu Dei Settimi B&B,Bed & Breakfast,http://www.trappitudeisettimi.it,349 066 2199,"Via Convento, 48",Diso,,info@trappitudeisettimi.it,https,Shopify,No,Aruba S.p.A. Network,67,66,92.00,Sì,No
filobrocante,Bed & Breakfast,,329 481 6884,"SP69, 14",Torre Santa Susanna,,,,,,,,,,,
Masseria San Nicola Bed and Breakfast,Bed & Breakfast,https://masseria-san-nicola.hotelperiviaggi.top,329 623 6973,Contrada Canali,Torre Santa Susanna,,,https,React,No,Contabo GmbH,62,87,85.00,Sì,No
La Creta B&B,Bed & Breakfast,,339 589 5343,"Via Monte dei Diavoli, 7",Manduria,,,,,,,,,,,
Casale Donna Rosa,Bed & Breakfast,http://www.casaledonnarosa.it,348 604 6299,Via,Tuglie,,,,React,No,Hetzner Online GmbH,56,55,92.00,Sì,No
Villaggio Turistico Malibuù - Ristorante Pizzeria Orchidea,Villaggio di casette da campeggio,http://www.malibuuorchidea.it,099 979 5341,Via C. Schiavoni,Manduria,,,https,ASP.NET,No,Aruba S.p.A,57,65,91.00,Sì,No
B&B LUCERTOLA,Bed & Breakfast,,339 181 0262,"Via Vittorio Alfieri, 3",Carovigno,,,,,,,,,,,
B&b Mammannina,Bed & Breakfast,https://beb.it/mammannina,334 195 2968,"Via Gaetano Brunetti, 23",Carovigno,,,https,Squarespace,No,"Amazon.com, Inc.",72,95,100.00,Sì,No
B&B Coppularossa,Bed & Breakfast,http://coppulaross.it,340 696 3329,"Via Aldo Palazzeschi, 1",Carovigno,,,https,WordPress,No,"Cloudflare, Inc.",56,87,92.00,Sì,No
La Caletta B&B,Bed & Breakfast,http://www.lacalettabb.it,338 816 7318,Contrada Carisciola-Monacelle,"Torre Santa Sabina, Carovigno",,lacalettabb@gmail.com,http,React,No,Register.IT S.p.A,59,74,91.00,Sì,No
La Casa Della Zia (Bed And Breakfast),Bed & Breakfast,http://www.lacasadellazia.net,389 682 8841,"Via G. Papini, 16",San Pancrazio Salentino,,,https,WordPress,No,Aruba S.p.A. Network,62,94,100.00,Sì,No
Arcate B&B,Bed & Breakfast,http://www.arcatebedrooms.com,340 777 1548,"Via Santa Sabina, 11",Carovigno,,,http,ASP.NET,No,Aruba S.p.A. Network,98,98,91.00,Sì,No
San Giorgio Rooms b&b,Bed & Breakfast,,339 590 3000,"Via Lizzanello, 88",Cavallino,,,,,,,,,,,
My Bed B&B,Bed & Breakfast,http://www.mybed.it,377 688 4644,"Via Francesco Petrarca, 7",Cavallino,,info@mybed.it,https,Angular,No,"Cloudflare, Inc.",60,94,100.00,Sì,No
B&B Casa del Grifone | Carovigno (BR),Bed & Breakfast,http://www.casadelgrifone.it,331 771 5624,"Via Marcello, n.13",Carovigno,,,https,WordPress,No,Aruba S.p.A. Network,57,64,100.00,Sì,No
Palazzo Paladini,Bed & Breakfast,https://www.hotelsitalic.com/bb-palazzo-paladini,392 667 3150,"Via Principi di Savoia, 38",Lecce,,,https,WordPress,No,"Cloudflare, Inc.",100,100,92.00,Sì,No
B&B SALento,Bed & Breakfast,https://www.hotelsitalic.com/bb-salento,333 386 9000,"Via Puglia, 19",San Cesario di Lecce,,,https,WordPress,No,"Cloudflare, Inc.",100,100,92.00,Sì,No
Li Culummi B&B,Bed & Breakfast,http://www.culummi.it,0832 611275,"Via XXIV Maggio, 49a",Cavallino,,liculummi@gmail.com,http,React,No,Aruba S.p.A. Network,51,62,91.00,Sì,No
Li Mori Rooms,Bed & Breakfast,,328 212 5369,"Via Case Sparse Li Mori, snc",Lizzanello,,,,,,,,,,,
Casale Vecchio B&B,Bed & Breakfast,,331 809 9000,"Via Arnesano, Strada Provinciale 7, 12",Arnesano,,,,,,,,,,,
Masseria Cricelli Azienda Agrituristica,Agriturismo,http://www.masseriacricelli.it,327 348 5728,Contrada Cricelli s.n,Lizzanello,,info@masseriacricelli.it,https,Shopify,No,Aruba S.p.A. Network,60,90,92.00,Sì,No
B&B il menhir,Bed & Breakfast,,327 629 9214,"Via Don Antonio Cruciato, 7",Lequile,,,,,,,,,,,
Anna Paola B&B,Bed & Breakfast,https://bedbreakfastannapaola.traveleto.com,320 965 3594,Via A De Gasperi12,Lequile,,,https,React,No,"Cloudflare, Inc.",57,78,92.00,Sì,No
B&B Comfort Suit,Bed & Breakfast,,371 357 9340,"Via Giacomo Matteotti, 100",Monteroni di Lecce,,,,,,,,,,,
Casa Cardignan,Bed & Breakfast,http://www.casacardignan.com,328 855 5832,"Via Santi Filippo e Giacomo, 9",Diso,,info@casacardignan.com,https,Angular,Sì,OVH SAS,0,56,0.00,Sì,No
Casa Salento,Bed & Breakfast,https://www.hotelsitalic.com/casa-salento,388 402 3209,"Via Gaetano Salvemini, 18",Novoli,,,https,Shopify,No,"Cloudflare, Inc.",100,100,92.00,Sì,No
B&B Il Giardino di Flora,Bed & Breakfast,https://www.ilgiardinodiflora.it,320 241 5080,"Via Bellini, 2",Castromediano,,ilgiardinodifloralecce@gmail.com,https,WordPress,No,Aruba S.p.A.,57,73,85.00,Sì,No
Leopardi B&B,Bed & Breakfast,,333 913 6837,"Via Giacomo Leopardi, 30",Lequile,,,,,,,,,,,
B&B Casa di Anita,Bed & Breakfast,http://www.casadianita.it,329 817 3629,"Via Giuseppe Garibaldi, 73",Arnesano,,,https,React,Sì,Aruba S.p.A. Network,70,74,100.00,Sì,No
sweet love Chiarelli,Motel,,331 395 6177,"Via Alessandro Manzoni, 20",Ceglie Messapica,,,,,,,,,,,
B&b Ètoile,Bed & Breakfast,https://www.bedetoilesalento.com,388 756 4966,"Via Giuseppe Garibaldi, 8",Arnesano,,info@bedetoilesalento.it,https,Shopify,Sì,Aruba S.p.A. Network,60,71,100.00,Sì,No
Terrarte Bed and Breakfast,Bed & Breakfast,,0831 379084,Contrada Pezze Sant Angelo 10,Ceglie Messapica,,,,,,,,,,,
LUXURY ROOM CASSESE,Bed & Breakfast,https://luxuryroomcassese.com,329 545 4656,"Via Muri, 10",Ceglie Messapica,,info@luxuryroomcassese.com,https,WordPress,Sì,Aruba S.p.A.,55,64,85.00,Sì,No
Suite Plebiscito,Bed & Breakfast,,333 974 7164,"Piazza Plebiscito, 16",Ceglie Messapica,,,,,,,,,,,
Trullo Al Monte,Bed & Breakfast,http://www.trulloalmonte.it,327 543 4748,"Via delle Grotte, 11/E",Ceglie Messapica,,,https,React,No,Amazon Technologies Inc.,78,84,92.00,Sì,No
Le Camere Dei Mascia,Bed & Breakfast,,392 526 7139,"Via Nizza, 58",Ceglie Messapica,,,,,,,,,,,
BOSA HOME B&B,Bed & Breakfast,https://bosahomebb.traveleto.com,327 673 0329,"Via Filippo Corridoni, 20",Ceglie Messapica,,,https,Shopify,No,"Cloudflare, Inc.",52,78,92.00,Sì,No
Palazzo Camarda B&B,Hotel,http://www.palazzocamarda.com,0831 380575,"largo ognissanti, 2",Ceglie Messapica,,info@palazzocamarda.it,https,ASP.NET,No,Aruba S.p.A. Network,46,56,82.00,Sì,No
Derentò B&B,Bed & Breakfast,,327 120 7444,"Via Croce Savoia, 46D",Bagnolo del Salento,,,,,,,,,,,
"Vico Monte II, Casa Vacanze",Bed & Breakfast,http://www.vicomonte2.com,+32 491 59 87 78,"Via II Monte, 11",Ceglie Messapica,,,https,Joomla,No,OVH SAS,69,90,92.00,Sì,No
Casa Garibaldi,Bed & Breakfast,https://casagaribaldi.altervista.org,339 336 8096,"Corso Giuseppe Garibaldi, 71",Ceglie Messapica,,,https,Shopify,No,"Cloudflare, Inc.",84,97,91.00,Sì,No
Antica Dimora Del Salento B&B,Bed & Breakfast,http://www.anticadimoradelsalento.it,329 619 7497,"Via Costantino, 7",Martano,,info@anticadimoradelsalento.it,https,ASP.NET,No,Armada WAN,90,94,82.00,Sì,No
Casa Noemi B&B,Bed & Breakfast,http://www.casanoemiuggiano.it,393 544 3644,"Via Nazario Sauro, 3",Uggiano La Chiesa,,,http,Jimdo,No,Aruba S.p.A.,57,87,77.00,Sì,No
Casa Calasso B&B,Bed & Breakfast,,327 173 0845,Via Giorgio Castriota 136,Calimera,,,,,,,,,,,
Tenuta Lu Beddhru,Bed & Breakfast,,348 912 8283,SP3,Carpignano Salentino,,,,,,,,,,,
Agriturismo Sole del Mediterraneo,Agriturismo,https://www.soledelmediterraneo.com/it,338 764 8806,"via Azienda Frassanito, 40",Otranto,,soledelmediterraneo.otranto@gmail.com,https,Joomla,No,Contabo GmbH,51,78,92.00,Sì,No
KipoRooms Zollino,Bed & Breakfast,,329 729 0037,"Viale Italia, 119",Zollino,,,,,,,,,,,
Bed & Breakfast Aia Grande Puglia / Apulien,Bed & Breakfast,http://www.aiagrande.it,329 384 6275,Via Uggiano,Uggiano la Chiesa,,,https,WordPress,No,Netsons s.r.l.,73,90,92.00,Sì,No
Brezza Salentina B&B,Bed & Breakfast,https://www.brezzasalentina.com,331 603 0448,"Via Libertà, 102",Palmariggi,,brezzasalentina@gmail.com,https,Wix,Sì,Google LLC,62,82,100.00,Sì,No
Sud Est B&B,Bed & Breakfast,http://www.sudestbeb.it,380 596 0556,"Via Roma, 10",Sternatia,,,http,ASP.NET,No,Aruba S.p.A. Network,100,100,91.00,Sì,No
Tenuta Masseria Del Gallo,Agriturismo,http://www.tenutamasseriadelgallo.it,329 336 6299,"Via Europa, 162",Calimera,,masseriadelgallo@gmail.com,https,WordPress,No,Aruba S.p.A. Network,66,84,100.00,Sì,No
Salento Ada's House B&B,Bed & Breakfast,http://www.salentoadashouse.it,328 879 2222,"Via Raffaello Sanzio, 10",Melendugno,,info@salentoadashouse.it,https,WordPress,No,WIIT AG,61,78,92.00,Sì,No
Bed and Breakfast Pergulea -Salento-,Bed & Breakfast,http://www.pergulea.it,335 823 4983,"Via Platea, 56",Sternatia,,info@pergulea.it,https,WordPress,No,Seeweb srl,74,94,73.00,Sì,No
Il Geranio B&B,Bed & Breakfast,https://casa-del-geranio.guideditalia.top,391 388 1274,"Via Santa Lucia, 23",Calimera,,,https,React,No,Contabo GmbH,59,88,85.00,Sì,No
Dimora Assuntina Martano,Hotel,https://assuntinamartano.it,377 342 3848,"Vico Stretto, 14",Martano,,,https,Nuxt.js,No,Aruba S.p.A. Network,62,96,100.00,Sì,No
Radici B&B,Bed & Breakfast,https://www.radicibb.it,340 468 4730,"Via Filippo Turati, 26",Melendugno,,info@effemmeweb.it,https,WordPress,Sì,Servereasy Srl,82,93,100.00,Sì,No
B&B Via Roca 55,Bed & Breakfast,https://via-roca-55.visititalia.top,388 141 3445,"Via Roca, 55",Melendugno,,,https,WordPress,No,Contabo GmbH,48,84,92.00,Sì,No
Vecchia Stabili,Bed & Breakfast,,324 991 7863,Via Lombardia Contrada Masseria Pulita,Campi Salentina,,,,,,,,,,,
B&B Il Centro Storico,Bed & Breakfast,,320 554 9083,"Via S. Giovanni, 23",Campi Salentina,,,,,,,,,,,
Virò B&B,Bed & Breakfast,http://www.bebviro.it/contatti.html,344 273 2261,"Viale Stazione, 32",Campi Salentina,,,http,ASP.NET,No,Aruba S.p.A. Network,56,75,82.00,Sì,No
Azzurra Aparthotel,Hotel,https://www.azzurraaparthotel.it,350 998 1454,"Viale Virgilio, 94",Calimera,,booking@azzurraaparthotel.it,https,WordPress,No,Aruba S.p.A. Network,56,87,92.00,Sì,No
La Macchia B&B,Bed & Breakfast,http://www.bblamacchia.it,328 131 2621,"Via Oronzo Potì, 47",Melendugno,,ovetto1982@gmail.com,http,React,Sì,"Soluciones Corporativas IP, SL",35,48,100.00,Sì,No
B&B a Casa Mia,Bed & Breakfast,,328 424 4697,"Via Damiano Chiesa, 73",Carmiano,,,,,,,,,,,
Curte Curta Bed & Breakfast,Bed & Breakfast,http://curtecurta.it,348 412 5245,"Via S. Giuseppe, 101",Trepuzzi,,donatello.palma@gmail.com,https,WordPress,No,Aruba S.p.A. Network,46,53,92.00,Sì,No
Corte Cochlea B&B,Bed & Breakfast,,366 669 7567,"Via S. Giovanni, 30b",Cannole,,,,,,,,,,,
Mamma Carolina,Bed & Breakfast,,340 803 6484,"Via Vittorio Veneto, 24",Sanarica,,,,,,,,,,,
La luna nel pozzo,Bed & Breakfast,,347 653 6879,"Via Tripoli, 34A",Botrugno,,,,,,,,,,,
B&B Alicino,Bed & Breakfast,http://www.terraserena.it,393 901 0823,"Via Sant'Antonio, 62",Cerfignano,,info@terraserena.eu,https,Joomla,Sì,OVH SAS,53,76,92.00,Sì,No
Anna's House Borgagne,Bed & Breakfast,,329 964 0387,Sp. 147 via Martano 3 Borgagne 73026,Borgagne,,,,,,,,,,,
The Place Rooms,Bed & Breakfast,https://www.theplacerooms.it,327 205 5059,"Via Umberto I, 9",Cutrofiano,,info@theplacerooms.it,https,WordPress,No,"Automattic, Inc",68,92,100.00,Sì,No
Tenuta Tresca Suites - Dimora Storica,Bed & Breakfast,http://www.tenutatrescasuites.com,347 940 6851,"Via IV Novembre, 2",San Cassiano,,tenutatrescasuites@gmail.com,https,WordPress,Sì,Aruba S.p.A.,55,56,85.00,Sì,No
Villa Clori,Bed & Breakfast,http://www.villaclori.it,345 213 5092,Contrada Lecciso,Salice Salentino,,info@villaclori.it,,React,No,Aruba S.p.A,59,78,85.00,Sì,No
La Masseria,Hotel,http://www.lamasseria.info,0836 954915,"Via Santa Cesarea, 72",Cocumola,,coopgestservice@pec.it,https,Joomla,Sì,Aruba S.p.A.,60,65,85.00,Sì,No
B&B Sideris,Bed & Breakfast,,366 669 7483,"SP237, 10",Surano,,,,,,,,,,,
Calle dei Saraceni B&B,Bed & Breakfast,,351 800 2161,"Via T. Provenzano, 93",Carmiano,,,,,,,,,,,
Dimora Santa Domenica,Bed & Breakfast,,388 365 7162,"Via Pellegrini, 61, Via Pellegrini, 63",Scorrano,,,,,,,,,,,
Alma Salento B&B,Bed & Breakfast,,370 361 5393,"Via Saraceni, 55",Carmiano,,,,,,,,,,,
Donna Michelina B&B,Bed & Breakfast,,349 309 0722,"Via Antonio Miglietta, 57",Carmiano,,,,,,,,,,,
Borgo La Pineta,Bed & Breakfast,https://borgo-la-pineta.migliorhotel.top,392 320 2181,"Via Sagrato, 34",Carmiano,,,https,WordPress,No,Contabo GmbH,63,90,85.00,Sì,No
Aria di Barocco,Bed & Breakfast,,328 283 5866,"Via Don A. Leopoldo, 11",Magliano,,,,,,,,,,,
Azienda Agrituristica B&B La Torre,Alloggi al coperto,https://aziendaagrituristicabblatorre.traveleto.com,320 556 7520,Via Umberto I,Vignacastrisi,,,https,Shopify,No,"Cloudflare, Inc.",56,77,92.00,Sì,No
Chiardiluna B&B,Bed & Breakfast,http://www.chiardilunacastro.it,351 912 3118,"Via di Mezzo, 77",Castro,,info@chiardilunacastro.it,https,WordPress,Sì,Aruba S.p.A.,72,94,85.00,Sì,No
La Focara B&B,Bed & Breakfast,http://www.bblafocara.it,340 312 4277,"Via Giotto, 1",Novoli,,info@bblafocara.it,https,WordPress,Sì,Aruba S.p.A. Network,55,93,92.00,Sì,No
Casa di FRAMI,Bed & Breakfast,,328 761 2783,"Via Grassi, 53",Magliano,,,,,,,,,,,
Vignavecchia,Hotel,https://www.vignavecchia.net,333 688 0974,"Via Umberto Giordano, 30",Vignacastrisi,,donatadeluca@virgilio.it,,WordPress,Sì,Keliweb S.R.L,0,0,0.00,Sì,No
Borgoincorte,Hotel,,335 588 4481,"Via Zaca, 18",Martano,,,,,,,,,,,
Masseria Rifisa Agriresort,Albergo benessere,http://www.masseriarifisa.it,350 121 6842,Via Martiri D'Otranto,Caprarica di Lecce,,info@masseriarifisa.it,https,WordPress,No,Aruba S.p.A. Network,43,41,85.00,Sì,No
Agriturismo Rifugio,Agriturismo,https://agriturismoilrifugio.traveleto.com,346 356 5080,via case sparse,San Donato di Lecce,,,https,Shopify,No,"Cloudflare, Inc.",56,76,92.00,Sì,No
Monaci La Murra B&B,Bed & Breakfast,http://monacilamurra.it,328 645 9704,Strada Comunale Esterna per Monteroni,Carmiano,,info@monacilamurra.it,http,Squarespace,Sì,Aruba S.p.A. Network,43,56,100.00,Sì,No
"Masseria Stali, The Originals Relais",Hotel,https://www.masseriastali.it,327 206 7806,"Via vicinale, Via Cisterna Vecchia, 8",Caprarica di Lecce,,info@masseriastali.it,https,Wix,Sì,Google LLC,74,81,92.00,Sì,No
Affittacamere ITACA,Appartamento vacanze,,329 337 3888,"Largo Pozze, 13",Carpignano Salentino,,,,,,,,,,,
Masseria Petra B&B,Bed & Breakfast,,329 179 2572,strada comunale palagiani,Carpignano Salentino,,,,,,,,,,,
Sanlu Hotel,Hotel,http://www.sanlu.it,0836 586010,Via Provinciale Martano,Serrano,,info@sanlu.it,https,React,Sì,SEEWEB s.r.l.,44,71,92.00,Sì,No
Palazzo Fasti B&B,Bed & Breakfast,http://www.palazzofasti.it,327 054 6514,"Via Corsica, 23",Casarano,,info@palazzofasti.it,https,WordPress,No,Hetzner Online GmbH,65,90,85.00,Sì,No
Casto Bed & Breakfast,Bed & Breakfast,,393 039 5456,"Via Fabrizio de Andrè, 21",Casarano,,,,,,,,,,,
Martius B&B,Bed & Breakfast,https://www.martius.it,379 150 1847,"Largo Pozzelle, 12",Martano,,scrivici@martius.it,https,React,No,Armada WAN,81,96,82.00,Sì,No
Corte San Giuseppe B&B,Bed & Breakfast,http://www.cortesangiuseppe.it,329 417 6350,"Via S. Giuseppe, 4",Casarano,,gianlucatundo@libero.it,http,ASP.NET,No,Aruba S.p.A. Network,70,97,91.00,Sì,No
Cesaranum B&B,Bed & Breakfast,http://www.cesaranum.it,349 272 2377,"Via Socrate, 9",Casarano,,info@cesaranum.it,https,Drupal,No,Serverplan S.r.l.,62,64,83.00,Sì,No
B&B Nonna Irene,Bed & Breakfast,http://www.bebnonnairene.it,340 416 5055,"Via Marsala, 29",Matino,,info@bebnonnairene.it,https,WordPress,No,Aruba S.p.A.,52,45,85.00,Sì,No
Sant'Ermete B&B,Bed & Breakfast,http://www.bebsantermete.it,349 376 1987,"Via Roma, 442",Matino,,bebsantermete@gmail.com,http,React,No,Aruba S.p.A. Network,54,76,92.00,Sì,No
B&B Corigliano D'Otranto Acchiappasogni,Bed & Breakfast,,389 138 1268,"Via Don Michele Rua, 27",Corigliano D'otranto,,,,,,,,,,,
Palazzo Alma,Bed & Breakfast,https://www.palazzoalma.it,392 976 9523,"Via S. Giuseppe, 13",Casarano,,,,ASP.NET,No,Keliweb S.R.L,0,0,0.00,Sì,No
Tenuta Kalú,Hotel,,329 261 5226,"Strada Provinciale per Corigliano, 3",Corigliano d'Otranto,,,,,,,,,,,
Bella Vista B&B,Bed & Breakfast,http://www.bellavistasalento.it,339 424 4529,"Via Savona, 86",Matino,,info@bellavistasalento.it,https,WordPress,Sì,Aruba S.p.A.,51,78,92.00,Sì,No
B&B SANGIORGIO Green living in Melpignano,Bed & Breakfast,http://www.bbsangiorgio.it,333 858 4055,"Via Benedetto Croce, 86",Melpignano,,info@bbsangiorgio.it,https,WordPress,No,IT.Gate S.p.A.,62,63,85.00,Sì,No
Dimora Storica Casa Sicuro B&B,Bed & Breakfast,http://martano.com.es,329 161 6098,"Via Cosimo Moschettini, 3",Martano,,,,Wix,Non trovato,arsys.es,0,93,85.00,Stato Non Determinato,No
B&B Santa Maria Di Leuca,Bed & Breakfast,http://www.beb-leuca.it,347 648 2281,"Via Fabio Filzi, 36",Marina di Leuca,,,https,Laravel,No,"Amazon.com, Inc.",68,91,100.00,Sì,No
Masseria Palane Relax Resort,Bed & Breakfast,https://www.masseriapalane.com,388 996 6930,"Via Trieste, 115",Castrignano del Capo,,info@masseriapalane.com,,WordPress,Sì,Hetzner Online GmbH,56,67,85.00,Sì,No
Villa La Meridiana - Caroli Hotels,Hotel,https://www.carolihotels.com/villa-la-meridiana,0833 758242,"Lungomare C. Colombo, 61",Santa Maria di Leuca,,booking@carolihotels.it,https,React,No,Aruba S.p.A. Network,53,61,85.00,Sì,No
Anna 1924 Rooms & Suites,Bed & Breakfast,http://www.anna1924.it,371 453 4851,"via XXIV Maggio angolo, Via Leopardi",Gagliano del Capo,,info@anna1924.it,https,WordPress,No,OVH SAS,67,88,92.00,Sì,No
B&B IreneMarchese Gluten Free - Salento,Bed & Breakfast,http://www.irenemarchese.it,347 520 1533,"Via Massimo D'Azeglio, 14",Taviano,,info@irenemarchese.it,https,WordPress,No,Aruba S.p.A.,59,68,85.00,Sì,No
La Collina B&B,Bed & Breakfast,,333 866 1319,"Via Andrea Rotella, 5",Collepasso,,,,,,,,,,,
Antico Palazzo b&b,Bed & Breakfast,https://antico-palazzo-bb.migliorhotel.top,0833 509865,"Via Vittorio Emanuele III, 15",Parabita,,,https,WordPress,No,Contabo GmbH,55,87,92.00,Sì,No
B&B Donnagrazia,Bed & Breakfast,http://www.donnagrazia.it,320 976 2462,"50,, Via Vittorio Veneto, 48",Martignano,,,,WordPress,Non trovato,WIIT AG,56,81,75.00,No - Pagina Non Trovata (404),No
Masseria Costa,Ristorante,,324 582 4758,Via delle Vigne,Corigliano D'otranto,,,,,,,,,,,
B&B fiori di loto,Bed & Breakfast,https://bb-fiori-di-loto.italiavacanzeindimenticabili.top,338 952 3430,"Via Cutrofiano, 83",Corigliano d'Otranto,,,https,React,No,Ipxo LLC,60,88,85.00,Sì,No
Hotel Vico Regio,Hotel,http://www.hotelvicoregio.it,0833 505416,Via Sant'Anna,Casarano,,,https,WordPress,Sì,WIIT AG,63,61,100.00,Sì,No
Il Torrino B&B,Bed & Breakfast,http://www.casaledonnarosa.it,380 891 0661,"Contrada, Via Grumisi",Sannicola,,,https,React,No,Hetzner Online GmbH,59,68,92.00,Sì,No
Asteria B&B,Bed & Breakfast,,338 866 6397,"Via Don Luigi Sturzo, 30",Corigliano D'otranto,,,,,,,,,,,
Olo Kalò,Ristorante,http://www.olokalo.com,333 846 6367,"Via Umberto I, 5",Corigliano D'otranto,,info@olokalo.com,https,WordPress,No,Aruba S.p.A.,56,72,77.00,Sì,No
Manipinta B&B,Bed & Breakfast,https://www.manipinta.it,392 028 5139,"Piazza S. Nicola, 15",Corigliano D'otranto,,info.manipinta@gmail.com,https,Squarespace,No,"Amazon.com, Inc.",66,99,100.00,Sì,No
Giardino Frannicola,Bed & Breakfast,http://www.giardinofrannicola.com,376 094 1528,"Antonio, Via A. Galati, 4",Maglie,,,https,Magento,No,"Amazon.com, Inc.",86,96,100.00,Sì,No
Hotel Il Vascello,Hotel,https://www.hotelilvascello.it,0833 775060,via Grotta Matrona,Tricase,,info@hotelilvascello.it,https,React,No,Aruba S.p.A.,66,74,83.00,Sì,No
Villa Lupia,Bed & Breakfast,https://www.leggimenu.it/menu/villalupia,342 745 8274,Contrada Lupia,Cutrofiano,,,https,Shopify,No,"Cloudflare, Inc.",62,98,92.00,Sì,No
Masseria Sant'Angelo,Agriturismo,http://www.masseriasantangelo.it,0836 320575,Case Sparse Sant'Angelo,Corigliano d'Otranto,,masseriasantangelo@gmail.com,https,React,Sì,Hetzner Online GmbH,34,71,85.00,Sì,No
Notti Salentine,Hotel,http://www.nottisalentine.it,335 533 2675,Via Don Giovanni Minzoni,Corsano,,,http,Joomla,No,Hetzner Online GmbH,44,72,92.00,Sì,No
La Quiete B&B,Bed & Breakfast,,339 489 3476,"Via Nicolo Piccinni, 13",Leverano,,,,,,,,,,,
I GELSI B&B,Bed & Breakfast,,349 877 7868,"Via Casole, 167",Copertino,,,,,,,,,,,
Terra d'Arneo B&B,Bed & Breakfast,,351 350 9518,"Via Fontana, 37",Leverano,,,,,,,,,,,
Le Stanze del Sole - Tricase,Bed & Breakfast,http://www.lestanzedelsole.net,377 364 5485,"Via Don Luigi Sturzo, 86",Tricase,,lestanzedelsole2019@gmail.com,https,Joomla,No,Hetzner Online GmbH,38,54,77.00,Sì,No
Stella del Sud Guesthouse,Hotel,http://www.stelladelsudguesthouse.it,328 627 1127,"SP192, n. 12",Patù,,info@stelladelsudguesthouse.it,https,WordPress,No,"DigitalOcean, LLC",35,47,92.00,Sì,No
Antica Terrazza B&B,Bed & Breakfast,https://www.bebanticaterrazza.it,389 541 7857,"Via Pace, 12",Morciano di Leuca,,bebanticaterrazza@gmail.com,https,ASP.NET,Sì,Netsons Network,55,57,92.00,Sì,No
Over The Top Pizzeria Braceria,Pizzeria,,333 976 5001,"Via Asmara, 130",Copertino,,,,,,,,,,,
Agriturismo Mele,Agriturismo,http://www.agriturismomele.com,389 008 0896,Via Specchia di San Vito,"Ensite, Copertino",,info@agriturismomele.com,http,WordPress,No,Aruba S.p.A. Network,62,95,92.00,Sì,No
Tenuta Villa Vittoria B&B,Bed & Breakfast,,328 824 4564,Via esterna Lecce,Copertino,,,,,,,,,,,
Palazzo Prence,Bed & Breakfast,,328 003 5772,"Via Ruggeri, 56",Copertino,,,,,,,,,,,
"B&B Lu Sule, Lu Mare, Lu Ientu",Bed & Breakfast,https://bb-lu-sule-lu-mare-lu-ientu.bellaitaliatrips.top,349 341 8121,"Via Brenta, 26",Monteroni di Lecce,,,https,WordPress,No,Contabo GmbH,52,85,85.00,Sì,No
B&B DonnaLina,Bed & Breakfast,http://www.donnalina.it,320 698 6785,"Via Salvatore Quasimodo, 4",Vignacastrisi,,info@donnalina.it,https,React,Sì,Keliweb S.R.L,52,56,92.00,Sì,No
Bed and Breakfast Pietra Bianca Cutrofiano,Bed & Breakfast,http://www.pietrabianca.net,380 366 3512,"Viale della Costituzione, 40B",Cutrofiano,,info@pietrabianca.net,https,React,Sì,Netsons s.r.l.,60,74,100.00,Sì,No
Antica Corte Salentina B&B,Bed & Breakfast,,345 805 8561,"Via Spongano, 32",Cutrofiano,,,,,,,,,,,
B&B Il Pigno,Bed & Breakfast,,393 317 0386,"Corso Piave, 26",Cutrofiano,,,,,,,,,,,
Camera matrimoniale centro storico,Bed & Breakfast,,345 220 5513,"Via Tommaso Cavazza, 6",Galatina,,,,,,,,,,,
Dafne B&B,Bed & Breakfast,http://www.bbdafne.it,0836 515810,"Via F. Gorgoni, 62",Cutrofiano,,,https,WordPress,No,Aruba S.p.A.,65,89,85.00,Sì,No
Casa di Marco,Bed & Breakfast,,392 558 8039,"Via Varese, 55",Galatina,,,,,,,,,,,
Corte Baldi Antica Dimora,Bed & Breakfast,,328 339 0274,"Corte Baldi, 6",Galatina,,,,,,,,,,,
Bellavista B&B Castro (le),Bed & Breakfast,http://www.bbbellavista.com,328 383 6437,"Via Sant'Antonio, 261",Castro,,,https,React,No,SEEWEB s.r.l.,56,75,77.00,Sì,No
Vittoria B&B,Bed & Breakfast,http://www.vittoriaresortbnb.com,328 220 7242,"Viale Santa Caterina Novella, 98",Galatina,,masciullo.fabio@libero.it,http,React,No,Aruba S.p.A. Network,72,90,91.00,Sì,No
Naitendì - Hotel & Sala Ricevimenti,Hotel,http://www.naitendi.com,0836 540964,"via Vincenzo Maria Maselli, 77",Cutrofiano,,info@naitendi.com,https,React,Sì,"The Constant Company, LLC",49,63,100.00,Sì,No
Castello Castriota Scanderbeg,Bed & Breakfast,http://www.castellosalento.com,375 565 0380,"Piazza Alighieri, 6",Galatina,,info@castellosalento.com,https,React,Sì,Aruba S.p.A.,56,85,77.00,Sì,No
FrAle Rondini B&B,Bed & Breakfast,,339 569 7729,"Via Sonzini, 12",Galatina,,,,,,,,,,,
Palazzo Arco Cadura & SPA,Hotel,https://palazzoarcocadura.it,0836 564466,"Piazzetta S. Lorenzo, 5",Galatina,,,https,React,Sì,Keliweb S.R.L,84,90,92.00,Sì,No
Palazzo Donna Chicchi,Bed & Breakfast,http://www.palazzodonnachicchi.it,331 477 1145,"Via Vittorio Emanuele III, 13",Galatone,,,https,Typo3,Sì,Aruba S.p.A.,70,79,92.00,Sì,No
Kaleidos Guest House,Bed & Breakfast,https://beb.it/kaleidosgalatina,349 584 4083,"Via Pietro Siciliani, 67",Galatina,,,https,WordPress,No,"Amazon.com, Inc.",72,95,100.00,Sì,No
B&B Villa Vittorio,Bed & Breakfast,,347 306 0889,"Str. Gallipoli, 191",Galatone,,,,,,,,,,,
Palazzo Bove,Bed & Breakfast,,329 892 6545,"Piazza Umberto I, 11",Galatone,,,,,,,,,,,
DIMORA CASTELLO casa vacanze,Bed & Breakfast,,327 815 8714,"Strada comunale castello di Forcignano, 5",Galatone,,,,,,,,,,,
Casale FULACIANO,Alloggio turistico,,329 009 4331,"Strada Comunale Forcignano, 2",Galatone,,,,,,,,,,,
A Casa Della Nonna Uccia B&B,Bed & Breakfast,https://acasadellanonnauccia.weebly.com,349 383 2968,"Via Padreterno, 41",Nardò,,,https,Weebly,Sì,"Weebly, Inc.",60,89,75.00,Sì,No
Palazzo la Traja B&B,Bed & Breakfast,,348 692 6342,"Via Piave, 32",Gaglano del capo,,,,,,,,,,,
Hotel Ghalà,Hotel,http://www.hotelghala.it,0833 880836,"Via G. Almirante, 50",Galatone,,info@hotelghala.it,https,WordPress,Sì,Keliweb S.R.L,57,85,92.00,Sì,No
Casina Raho Bed and Breakfast,Bed & Breakfast,http://www.casinaraho.it,379 280 8946,"Via Raho, 41",Nardò,,,https,React,No,Google LLC,70,84,83.00,Sì,No
Asylum Amicorum,Bed & Breakfast,https://asylum-amicorum.it,0833 170 3095,"Via XXIV Maggio, 15",Gagliano del Capo,,gestione@asylum-amicorum.it,https,WordPress,Sì,Server Plan S.r.l.,82,98,100.00,Sì,No
Palazzo Bitonti B&B,Bed & Breakfast,http://www.palazzobitonti.it,347 859 3822,Via Saverio Bitonti,Gagliano del Capo,,,http,ASP.NET,No,Aruba S.p.A. Network,61,86,91.00,Sì,No
Hotel Miramare Gallipoli,Hotel,http://www.hotelmiramaregallipoli.it,0833 209091,"Via Lunik, 8",Gallipoli,,,https,Shopify,No,OVH SAS,44,62,83.00,Sì,No
A Palazzo B&B,Bed & Breakfast,https://www.bbapalazzo.it,347 078 4213,Via Ludovico Romanelli,Gagliano del Capo,,info@bbapalazzo.it,https,WordPress,No,Server Plan S.r.l.,47,84,92.00,Sì,No
La Casa del Fico,Bed & Breakfast,http://www.lacasadelfico.it,377 310 1645,Litoranea Leuca-Novaglie km 44,Gagliano del Capo,,info@lacasadelfico.it,http,WordPress,Sì,Keliweb S.R.L,41,57,100.00,Sì,No
Willaria Country House,Alloggi al coperto,http://www.willaria.it,328 119 4980,Via Ludovico Patrizi,Cursi,,,https,Joomla,No,OVH ISP,70,100,85.00,Sì,No
Domus Liventa B&B,Bed & Breakfast,,328 583 8472,"Via Ghetto, 7",Cursi,,,,,,,,,,,
B&B Sentiero del Ciolo,Bed & Breakfast,https://www.sentierodelciolo.it,331 487 4678,Via Ciolo,Gagliano del Capo,,,,ASP.NET,Non trovato,Aruba S.p.A. Network,100,100,73.00,,No
Luci del Salento Guest House,Bed & Breakfast,,366 241 3320,"Via Giuseppina Delli Ponti, 73",Scorrano,,,,,,,,,,,
B&B Villa De Pietro,Bed & Breakfast,http://www.villadepietro.it,349 393 7327,"Via Santuario, 10",Cursi,,info@villadepietro.it,,React,No,Aruba S.p.A. Network,55,61,85.00,Sì,No
Trapetum-Salento Domus,Hotel,https://trapetum-salentodomus.traveleto.com,328 831 0000,"Via Santuario, 12",Cursi,,,https,Shopify,No,"Cloudflare, Inc.",56,79,92.00,Sì,No
B&B Salento Vacanze,Bed & Breakfast,http://www.salento-vacanze.it,0836 484591,"nr., Via F. Summonte, 10",Maglie,,,https,Laravel,No,Telemanapoli S.R.L.,87,99,85.00,Sì,No
Trerooms B&B,Bed & Breakfast,https://www.trerooms.it,376 014 5220,"Via R. D'Angiò, 38",Gallipoli,,prenotiazioni@trerooms.it,https,React,No,Aruba S.p.A.,55,43,77.00,Sì,No
Le Fiche d’India Guest House,Bed & Breakfast,,342 645 5725,"Via Pasquale Gennaccari, 18",Giuggianello,,,,,,,,,,,
Aia Lucia B&B,Bed & Breakfast,,366 245 7308,"Via Conciliazione, 21",Giurdignano,,,,,,,,,,,
B&B Tre Perle,Bed & Breakfast,https://www.treperle.com,376 009 4881,"Via Imperia, 22",Gallipoli,,info@treperle.it,https,Wix,No,Google LLC,53,84,100.00,Sì,No
Salento Palace Bed & Breakfast,Bed & Breakfast,https://sites.google.com/view/salento-palace-bed-breakfast,328 757 4963,"Lungomare G. Galilei &, Via Mazzarella",Gallipoli,,,https,Shopify,Sì,Google LLC,56,84,83.00,Sì,No
B&B Cavirani,Bed & Breakfast,https://www.bebcavirani.it,366 235 0378,"Via Dante Alighieri, N9",Gallipoli,,info@bebcavirani.it,https,WordPress,No,Seeweb srl,56,67,85.00,Sì,No
Aricelle Speziali B&B,Bed & Breakfast,,340 892 7881,"Via G. Pascoli, 10",Specchia Gallone,,,,,,,,,,,
Dimora San Vincenzo,Bed & Breakfast,https://www.dimorasanvincenzo.it,0833 261107,"Via Cesare Battisti, 11",Gallipoli,,info@dimorasanvincenzo.it,https,React,Sì,Aruba S.p.A. Network,56,0,92.00,Sì,No
Bed & Breakfast Masseria Capece,Bed & Breakfast,,347 161 1021,"Via Pietre, 9d",Uggiano la Chiesa,,,,,,,,,,,
Villa Sitrie,Bed & Breakfast,http://www.letresorelle.it/villa-sitrie,320 086 3888,"Via Vittorio Veneto, 151",Muro Leccese,,bb.villasitrie@libero.it,https,React,No,Netsons Network,63,69,100.00,Sì,No
Affittacamere Vianova,Bed & Breakfast,,328 821 2204,"Via Roma, 147",Giurdignano,,,,,,,,,,,
Palazzo Vilei,Bed & Breakfast,,328 252 4124,"Piazza Municipio, 22",Giurdignano,,,,,,,,,,,
L'Antico Camino,Bed & Breakfast,http://www.anticocamino.it,0836 343023,"Via Tripoli, 35",Muro Leccese,,info@anticocamino.it,https,Shopify,No,Aruba S.p.A.,64,82,85.00,Sì,No
Tenuta Valle dell'Idro,Bed & Breakfast,https://www.tenutavalledellidro.com,328 021 6643,"Via Valle dell'Idro, 56",Casamassella,,valledellidro.56@gmail.com,https,WordPress,No,Aruba S.p.A.,41,71,92.00,Sì,No
Tenuta Bardi,Bed & Breakfast,,339 773 6236,Via,Villa Baldassarri,,,,,,,,,,,
La Casa di Ora,Bed & Breakfast,https://www.lecostantine.it/la-casa-di-ora,0836 812110,"Via Costantine, snc",Casamassella,,,https,React,Sì,Aruba S.p.A.,34,76,100.00,Sì,No
Bed & Breakfast Olimpo,Bed & Breakfast,http://www.olimpobb.it,327 345 5407,"via Fiume, 4",Giurdignano,,info@olimpobb.it,https,WordPress,Sì,Aruba S.p.A. Network,56,72,92.00,Sì,No
Sogno Salento B&B,Bed & Breakfast,,388 885 2893,"Via Provinciale, 217",Guagnano,,,,,,,,,,,
Le Radici Affittacamere - Bed Breakfast Salento -Uggiano La Chiesa,Bed & Breakfast,http://www.leradiciaffittacamere.it,329 532 2456,"Via A.Diaz, 97",Uggiano La Chiesa,,m_coletta@pec.it,https,WordPress,Sì,Aruba S.p.A. Network,55,90,85.00,Sì,No
La Grotta B&B,Bed & Breakfast,,328 223 5096,"Via Vescovo Faggiano, 23",Salice Salentino,,,,,,,,,,,
Nonna Nina B&B,Bed & Breakfast,https://nonna-nina.mipiacelitalia.top,392 341 5644,"Via Ugo Foscolo, 8",Guagnano,,,https,WordPress,No,Contabo GmbH,59,75,85.00,Sì,No
Il Geco B&B,Bed & Breakfast,http://www.ilgecosalice.it,346 013 3056,"Via Luisa Leone de Castris, 11",Salice Salentino,,loredanaleuzzi77@gmail.com,https,Mobirise,No,Aruba S.p.A.,63,93,100.00,Sì,No
Il Giardino Del Tiglio,Bed & Breakfast,https://www.ilgiardinodeltiglio.it,380 439 8628,"Via Badisco, 90",Uggiano La Chiesa,,info@ilgiardinodeltiglio.it,https,Joomla,Sì,Serverplan S.r.l.,54,83,83.00,Sì,No
Villa Bello B&B,Bed & Breakfast,,320 777 6957,SS 16,Giurdignano,,,,,,,,,,,
B&B LE DUE CORTI,Bed & Breakfast,,350 596 2955,"Via Roma, 203",Matino,,,,,,,,,,,
Palazzo Boccaccio,Bed & Breakfast,https://www.palazzoboccaccio.com,347 846 3410,"Via Boccaccio, 6",Matino,,booking@palazzoboccaccio.com,https,Webflow,Sì,"Amazon.com, Inc.",78,87,100.00,Sì,No
Palais Gentile,Hotel,http://www.palaisgentile.com,324 892 0774,"Via Gentile, 20",Matino,,reservations@palaisgentile.com,https,Squarespace,No,"Squarespace, Inc.",56,79,100.00,Sì,No
Salento nonni,Bed & Breakfast,https://salentononni.traveleto.com,351 930 5147,"Via Vittorio Emanuele II, 28",Matino,,,https,React,No,"Cloudflare, Inc.",56,79,92.00,Sì,No
Marilù B&B,Bed & Breakfast,https://maril-bb.italyfun.top,340 072 3128,"Via Villaggio del Fanciullo, 26",Matino,,,https,React,No,Contabo GmbH,54,84,92.00,Sì,No
La Spiaggetta,Bed & Breakfast,,392 004 7150,"Via Emanuele Filiberto, 66",Nardò,,,,,,,,,,,
B&B Antica Dimora dell'Angelo,Bed & Breakfast,,339 561 1107,"Via Angelo Custode, 15",Nardò,,,,,,,,,,,
Last Minute Rooms Lecce,Bed & Breakfast,,339 129 1233,"Via Dalmazio Birago, 11c",Lecce,,,,,,,,,,,
B&B Aedes - Il Giardino dei Sogni,Bed & Breakfast,https://www.aedesresort.it,328 767 2644,"Via Lombardia, 8",Lecce,,,https,Vue,No,"Amazon.com, Inc.",90,98,85.00,Sì,No
Hestasja Bedroom,Bed & Breakfast,https://www.hestasja.it,327 565 3484,"Largo Cappuccini, 8",Nardò,,,https,React,No,Aruba S.p.A.,62,80,92.00,Sì,No
Palazzo Donna Titì,Bed & Breakfast,https://palazzodonnatiti.it,392 731 0506,"Via Don Giovanni Minzoni, 11",Nardò,,info@palazzodonnatiti.it,,React,Sì,Keliweb S.R.L,57,0,0.00,Sì,No
IL NOCE Salento Tourism Services,Bed & Breakfast,https://ilnocests.it,388 120 8933,Via Olivari,Nardò,,,https,WordPress,No,"Cloudflare, Inc.",56,82,92.00,Sì,No
La Dimora dei Professori DiffusHotel,Bed & Breakfast,http://www.littleidomeneo.com,377 258 7103,"Via delle Anime, 28",Lecce,,info@littleidomeneo.com,https,React,No,Aruba S.p.A. Network,64,87,92.00,Sì,No
Aliseo B&B,Bed & Breakfast,https://www.bbaliseo.it,329 278 4194,"V. Domenico Modugno, 8",Lecce,,,https,WordPress,No,Aruba S.p.A.,40,44,92.00,Sì,No
"Dimora Liberty, Apartments & rooms",Bed & Breakfast,http://www.dimoresalentine.com,340 080 7455,"Via Don Bosco, 28",Lecce,,,https,React,No,"Cloudflare, Inc.",44,37,92.00,Sì,No
La Corte B&B,Bed & Breakfast,http://www.lacortebeb.it,335 560 7630,"Via Roberto Caracciolo, 24",Lecce,,,https,WordPress,No,Aruba S.p.A. Network,74,82,100.00,Sì,No
B&B Federico's Vila,Bed & Breakfast,,340 321 3041,"Via Alfonso Sozy Carafa, 50",Lecce,,,,,,,,,,,
Mya - soggiorno di lusso,Bed & Breakfast,http://www.myawellness.it,339 400 0061,"Via Borgagne, 45",Melendugno,,,https,Typo3,No,"Amazon.com, Inc.",54,96,100.00,Sì,No
Wish Rooms Lecce,Bed & Breakfast,https://www.wishrooms.it,375 648 8950,"Via Guglielmotto D'Otranto, 15",Lecce,,,https,WordPress,No,Hostinger International Limited,56,83,92.00,Sì,No
Villa Rosa Candida,Bed & Breakfast,https://www.villarosacandida.com,320 769 6620,"Via delle Gardenie, 1",Melendugno,,info@villarosacandida.it,https,Shopify,No,"Cloudflare, Inc.",55,61,100.00,Sì,No
BREEZES International B&B Salento,Bed & Breakfast,https://www.hotelscheck-in.com/breezesinternationalsalento/it,392 326 2712,"c.da Giammarino, S.S Otranto",Torre dell'Orso,,,https,React,No,"Cloudflare, Inc.",39,74,85.00,Sì,No
San Cesario di Lecce,Bed & Breakfast,,347 998 5228,"Via Caduti Libertà, 6",San Cesario di Lecce,,,,,,,,,,,
B&B Corte Manzoni,Bed & Breakfast,http://www.cortemanzoni.it,329 465 3076,"Via Alessandro Manzoni, 12",Melendugno,,info@cortemanzoni.it,https,Shopify,No,OVH SAS,56,89,85.00,Sì,No
Mamma Assunta B&B,Bed & Breakfast,https://beb.it/mammaassunta,0832 811001,"Via Edmondo de Amicis, 46",Borgagne,,,https,Angular,No,"Amazon.com, Inc.",69,95,100.00,Sì,No
Corte dei Sogni Bed & Breakfast at San Pietro in Lama,Bed & Breakfast,,320 236 0018,"Via Leopoldo Pisacane, 36",San Pietro in Lama,,,,,,,,,,,
B&B La Dimora delle Grazie,Bed & Breakfast,https://www.ladimoradellegrazie.it,327 234 8379,"Via Duomo, 4",San Cesario di Lecce,,infoladimoradellegrazie@gmail.com,https,Shopify,No,Server Plan S.r.l.,60,94,100.00,Sì,No
La Corte dei Sogni,Bed & Breakfast,,379 260 9416,"Via Nizza, 68",Taviano,,,,,,,,,,,
Casina Romita B&B,Bed & Breakfast,http://casinaromita.it,335 817 0384,"Via Lecce, 71",Lequile,,info@casinaromita.it,http,WordPress,Sì,Aruba S.p.A. Network,57,83,92.00,Sì,No
B&B Corte dei Figuli,Bed & Breakfast,,347 050 3605,"Via Roma, 32",San Pietro In Lama,,,,,,,,,,,
STANZE DI CAMPAGNA,Pensione,,366 259 6313,SP321,Melissano,,,,,,,,,,,
Palazzo De Donatis B&B,Bed & Breakfast,https://www.salentoaffitti.it/Palazzo-De-Donatis-Melissano-88.html,0833 901725,"Via Risorgimento, 12",Melissano,,info@salentoaffitti.it,https,ASP.NET,No,Aruba S.p.A. Network,50,96,100.00,Sì,No
b&b Anna Leverano,Bed & Breakfast,,349 494 2499,Via Alessandro Manzoni,Leverano,,,,,,,,,,,
B&B Le due gioie,Bed & Breakfast,https://duegioie.it,340 239 9806,"Via Immacolata, 25/A",Taviano,,info@duegioie.it,https,WordPress,Sì,Hetzner Online GmbH,63,92,77.00,Sì,No
Dolce Pausa,Pasticceria,,366 263 8011,"Via della Consolazione, 94",Leverano,,,,,,,,,,,
Palazzo '800,Bed & Breakfast,,388 243 2279,Via Giuseppe Perrone,Leverano,,,,,,,,,,,
Armonia Galeta B&B,Bed & Breakfast,,328 844 9891,Strada Rotocaleta,Nardò,,,,,,,,,,,
La Gemma del Salento,Bed & Breakfast,http://www.lagemmadelsalento.it,328 024 3944,"Via Mazzini, 35A",Racale,,lagemmadelsalento@gmail.com,https,Angular,No,Aruba S.p.A.,56,83,92.00,Sì,No
Domus Salentina B&B,Bed & Breakfast,,339 897 2992,"Via XX Settembre, 50",Leverano,,,,,,,,,,,
Prima Lux B&B,Bed & Breakfast,,329 352 8711,"Via Antonio Montinaro, 1",Leverano,,,,,,,,,,,
Elio's,Bed & Breakfast,,328 694 2834,"Via Leonardo da Vinci, 7",Maglie,,,,,,,,,,,
Dimora Sole del Sud B&B,Bed & Breakfast,https://beb.it/dimorasoledelsud,338 812 7505,"Via Rovigo, 21",Ugento,,,https,WordPress,No,"Amazon.com, Inc.",62,88,100.00,Sì,No
Dimora Quarta Charme B&B,Bed & Breakfast,http://dimoraquarta.it,330 788 986,"Via Vincenzo Perrone, 18",Leverano,,info@dimoraquarta.it,https,Joomla,No,Netsons Network,74,98,92.00,Sì,No
la Lizza Bed And Breakfast,Bed & Breakfast,,349 874 5533,"Via della Libertà, 88",Lizzanello,,,,,,,,,,,
La Suite Negli Orti,Bed & Breakfast,http://www.lasuitenegliorti.it,391 372 7688,Via Case Sparse Li Mori,Lizzanello,,info@lasuitenegliorti.it,http,WordPress,No,Aruba S.p.A. Network,68,87,77.00,Sì,No
Beb Cuore del Salento,Bed & Breakfast,https://www.bebcuoredelsalento.it,379 208 8416,"Via S. Pio X, 63",Merine,,info@bebcuoredelsalento.it,https,Angular,Sì,Aruba S.p.A. Network,62,74,100.00,Sì,No
Le Corti di Elena Martina B&B,Bed & Breakfast,,328 649 6680,"Via Paolo Borsellino, 10",Miggiano,,,,,,,,,,,
AGRITURISMO VILLA PINA,Ristorante italiano,http://www.agriturismovillapina.it,380 771 1299,contrada LI MORI,Lizzanello,,villapina95@gmail.com,https,WordPress,No,Aruba S.p.A.,61,81,92.00,Sì,No
Sirio13,Bed & Breakfast,,327 298 2599,"Corso Roma, Via Enrico Toti, 8",Tricase,,,,,,,,,,,
GRACE HOME TRICASE Rooms e b&b,Bed & Breakfast,http://www.gracehome.it,351 707 8982,"Via Fabio Pisanello, 43",Tricase,,info@gracehome.it,https,WordPress,Sì,Aruba S.p.A.,62,94,92.00,Sì,No
Santasofia B&B,Bed & Breakfast,http://www.bebsantasofia.it,338 282 3842,"Via Calimera, 2",Martano,,info@bebsantasofia.it,http,WordPress,Sì,Aruba S.p.A.,53,77,85.00,Sì,No
PALAZZO REFOLO,Bed & Breakfast,https://www.palazzorefolo.it,376 208 0000,"Via Pozzelle, 23",Martano,,info@refoloimmobiliare.com,https,Webnode,No,Amazon Technologies Inc.,62,84,100.00,Sì,No
B&B Al Parco,Bed & Breakfast,,0836 572561,"Largo Pozzelle, 51",Martano,,,,,,,,,,,
B&B La Porta d'Oriente,Bed & Breakfast,https://www.laportadoriente.com,339 624 5994,"Via A. Moro, 24",Martano,,info@laportadoriente.com,https,WordPress,Sì,Aruba S.p.A. Network,60,68,92.00,Sì,No
Lo Scacciapensieri Hotel & Restaurant,Ristorante,https://www.hotelloscacciapensieri.com,0832 321884,Via Alcide de Gasperi,Monteroni di Lecce,,info@hotelloscacciapensieri.com,https,WordPress,No,Aruba S.p.A.,96,100,100.00,Sì,No
Hotel Salento,Hotel,http://www.salentohotels.it,0833 535272,"Stra Povinciale, Via Miggiano Specchia, 53",Specchia,,info@salentohotels.it,https,WordPress,Sì,Hetzner Online GmbH,30,50,92.00,Sì,No
Masseria Uccio,Bed & Breakfast,https://www.masseriauccio.com,320 314 6486,Via Madonna di Fatima,Tricase,,info@masseriauccio.com,,Shopify,No,Aruba S.p.A. Network,76,88,92.00,Sì,No
B&B Mediterraneo,Hotel,,344 295 0880,"Via Martiri D'Otranto, 13",Maglie,,,,,,,,,,,
Sal.to nel Blu,Hotel,https://saltonelblu.traveleto.com,389 552 9766,"Via Cesarea, 17",Leverano,,,https,React,No,"Cloudflare, Inc.",56,81,92.00,Sì,No
Villa Lazzari - B&b Tra i Due Mari,Bed & Breakfast,http://www.villalazzaribb.com,338 232 4178,"Via Egidio Lanoce, 41",Maglie,,villalazzaribb@gmail.com,https,WordPress,No,Aruba S.p.A. Network,61,76,85.00,Sì,No
Corte Dei Granai Meeting & SPA - Raro Rooms Collection,Bed & Breakfast,https://www.cortedeigranai.it,0831 188 2027,Via Indipendenza,Maglie,,info@cortedeigranai.it,https,WordPress,Sì,Aruba S.p.A. Network,59,76,85.00,Sì,No
B&B Policarita,Bed & Breakfast,http://www.policarita.it,327 575 1252,"Via F. Baracca, 59",Maglie,,,http,ASP.NET,No,Aruba S.p.A. Network,99,100,80.00,Sì,No
Il Viandante,Bed & Breakfast,,328 041 0576,"Via Dante Alighieri, 9",Maglie,,,,,,,,,,,
Donna Zaira rooms&suites,Bed & Breakfast,https://donnazairamaglie.my.canva.site/rooms-suites,350 141 7883,"Via Giacomo Matteotti, 23",Maglie,,donnazairamaglie@gmail.com,https,Canva Websites,No,"Cloudflare London, LLC",56,82,82.00,Sì,No
Corte Campanile Boutique b&b,Bed & Breakfast,http://www.cortecampanile.it,366 435 0443,"Via Umberto I, 37",Maglie,,,https,Squarespace,Sì,"Squarespace, Inc.",56,79,100.00,Sì,No
Hotel Corte dei Francesi,Hotel,http://www.cortedeifrancesi.it,328 734 7465,"Via Roma, 138",Maglie,,,http,React,Sì,Keliweb S.R.L,70,86,92.00,Sì,No
Casanova B&B,Bed & Breakfast,http://www.casanovaholiday.it,389 937 4949,"Via Podgora, 23",Minervino di Lecce,,,https,WordPress,Sì,Aruba S.p.A. Network,54,82,92.00,Sì,No
B&b Villa Alfonsina,Bed & Breakfast,,392 660 7027,"Via Campo Sportivo, 5",Uggiano la Chiesa,,,,,,,,,,,
Dimora Duchessina,Hotel,http://www.dimoraduchessina.com,388 357 7865,"Via Castello, 2",Minervino di Lecce,,info@dimoraduchessina.com,https,WordPress,Sì,OVH ISP,64,84,92.00,Sì,No
Dimora del Vescovo,Bed & Breakfast,https://dimoradelvescovo.it,0836 308516,"Via Roma, 2",Minervino di Lecce,,info@palazzoducaleventuri.com,https,WordPress,No,Aruba S.p.A.,65,77,92.00,Sì,No
Palazzo Siena B&B,Bed & Breakfast,https://www.palazzosiena.com,0836 818216,"Piazza del Popolo, 10",Specchia Gallone,,,https,React,No,Aruba S.p.A.,50,66,92.00,Sì,No
b&b zi'Ucciu,Bed & Breakfast,https://www.bbziucciu.it,347 006 4054,"Via Eugenio Arditi, 68",Presicce-Acquarica,,bbziucciu@gmail.com,https,WordPress,No,Aruba S.p.A. Network,56,67,75.00,Sì,No
Il Melograno - Casa Vacanza,Bed & Breakfast,,339 712 4247,"Via S. Donato, 121",Montesano Salentino,,,,,,,,,,,
Suites Via del Mare,Bed & Breakfast,,389 181 4382,"Via del Mare, 69",Presicce-Acquarica,,,,,,,,,,,
Tre sorelle affitta camere presicce,Bed & Breakfast,,345 223 1392,"Via Michele Arditi, 4",Presicce-Acquarica,,,,,,,,,,,
Agriturismo Terra di Leuca,Agriturismo,http://www.terradileuca.com,339 410 4698,Via S. Marina,Ruggiano,,terra.dileuca@libero.it,https,Shopify,No,Aruba S.p.A. Network,35,71,92.00,Sì,No
Hotel Masseria Le Pajare,Hotel,http://www.lepajare.com,0833 180 8065,Via Provinciale Presicce- Lido Marini,Presicce-Acquarica,,info@lepajare.com,https,WordPress,Sì,Aruba S.p.A.,51,64,85.00,Sì,No
Corte Janca,Hotel,https://www.cortejanca.it,328 705 6873,"Piazza IV Novembre, 27",Montesano Salentino,,info@cortejanca.it,https,WordPress,No,Keliweb S.R.L,52,43,100.00,Sì,No
Aia di San Giorgio,Agriturismo,https://www.aiadisangiorgio.it,338 223 7722,Via Vecchia Ortelle,Vignacastrisi,,info@aiadisangiorgio.it,https,Shopify,Sì,Server Plan S.r.l.,63,74,92.00,Sì,No
Core Resort,Bed & Breakfast,http://www.coreresort.it,393 200 8805,Via provinciale per Neviano,Tuglie,,booking@coreresort.it,https,WordPress,No,Hetzner Online GmbH,51,75,100.00,Sì,No
Villa Vacanze Paradiso,Residence,http://www.vacanzeparadiso.it,0836 610455,"Strada Provinciale Neviano, 140",Neviano,,info@villavacanzeparadiso.com,https,React,No,OVH ISP,62,89,92.00,Sì,No
La Taranta,Bed & Breakfast,,333 196 9498,"Via C. Cavour, 28",Nociglia,,,,,,,,,,,
I Quattro Rioni,Bed & Breakfast,http://www.iquattrorioni.com,329 707 6110,"Via Tevere, 29",Nociglia,,info@iquattrorioni.com,https,ASP.NET,No,Aruba S.p.A. Network,55,62,91.00,Sì,No
Tenuta Santa Rosa B&B,Bed & Breakfast,http://www.tenutasantarosa.it,375 921 4806,Via Alezio,Chiesanuova,,,https,Magento,No,"Amazon.com, Inc.",80,93,100.00,Sì,No
Tenuta La Siesta,Agriturismo,,328 590 8767,"Contrada Alizza, Santo, Via Stefano Catalano",Gallipoli,,,,,,,,,,,
Dimora Corte Antica,Bed & Breakfast,https://www.bebcorteantica.it,340 854 2057,"Via Giuseppe Garibaldi, 19",Scorrano,,info@bebcorteantica.it,https,WordPress,No,Aruba S.p.A.,60,45,69.00,Sì,No
B&B Villa dei Due Mari,Bed & Breakfast,,340 722 7446,"Via Principe De Curtis, 22",Morciano di Leuca,,,,,,,,,,,
Pippi B&B,Bed & Breakfast,,347 084 0118,"Via S. Giovanni Bosco, 80",Morciano di Leuca,,,,,,,,,,,
Sweet Home Desiree,Bed & Breakfast,,055 771 7095,"Via della Casella, 41",Firenze,,,,,,,,,,,
Il Cortile dei Nonni B&B,Bed & Breakfast,http://www.ilcortiledeinonni.it,345 928 7616,"Via Roma, 40",Morciano di Leuca,,ilcortiledeinonni@gmail.com,https,Joomla,Sì,Armada WAN,90,82,92.00,Sì,No
Armonia e Accoglienza - B&B,Bed & Breakfast,,333 101 6974,"Via Nicola Tagliaferri, 40",Firenze,,,,,,,,,,,
Affittacamere Novoli,Bed & Breakfast,,320 603 8583,"Via di Novoli, 5",Firenze,,,,,,,,,,,
Dimora Maltese B&B,Bed & Breakfast,http://www.dimoramaltese.it,338 339 0302,"Via S. Martino, 19",Morciano di Leuca,,info@dimoramaltese.it,https,React,Sì,Server Plan S.r.l.,61,81,85.00,Sì,No
B&B La Piazza,Bed & Breakfast,https://beb.it/lapiazzafirenze,055 447 6352,"Piazza Dalmazia, n°1",Firenze,,,https,Typo3,No,"Amazon.com, Inc.",71,98,100.00,Sì,No
Tuscany Dreaming Bed and Breakfast,Alloggio turistico,http://www.bed-and-breakfast.it/pagina.cfm,329 602 4858,"Via del Ponte di Mezzo, 24",Firenze,,,https,React,Sì,BellSouth.net Inc.,54,85,92.00,Sì,No
Vera affittacamere,Bed & Breakfast,,391 103 1827,"Via G.Grandi 31/Rosso 50127, 50127, 50127, Via Giuseppe Grandi",Firenze,,,,,,,,,,,
Due Abeti Bed and Breakfast,Bed & Breakfast,http://www.bbdueabeti.it,335 569 8596,"Via dell'Argingrosso, 4",Firenze,,info@bbdueabeti.it,https,Shopify,No,"Cloudflare, Inc.",55,56,100.00,Sì,No
Vacanze Al Minci B&B,Bed & Breakfast,https://vacanzealminci.com,328 424 2129,Via Enrico Toti,Giurdignano,,,https,WordPress,No,OVH ISP,69,93,100.00,Sì,No
Il Palmento B&B,Bed & Breakfast,https://www.ilpalmentobnb.it,347 134 3331,"Via Roma, 68",Palmariggi,,info@ilpalmentobnb.it,https,Shopify,Sì,Host SpA,65,56,92.00,Sì,No
Masseria Cinti Agriturismo,Agriturismo,http://www.masseriacinti.com,333 673 3090,Contrada Cinti,Bagnolo del Salento,,masseriacinti@gmail.com,https,WordPress,No,Aruba S.p.A.,60,89,85.00,Sì,No
Nonna Ia B&B,Bed & Breakfast,,338 603 3123,"Via Dante Alighieri, 19",Parabita,,,,,,,,,,,
B&B ARIES,Bed & Breakfast,http://www.ariesvacanze.it,338 431 3287,"Via Toscana, 5",Casarano,,ariesbandb@gmail.com,https,Wix,Sì,Google LLC,69,99,100.00,Sì,No
Solepineta B&B,Bed & Breakfast,http://solepineta.it,389 343 9951,"Via Calabria, 4",Matino,,,https,ASP.NET,Sì,Aruba S.p.A.,52,70,75.00,Sì,No
Donna (Doña) Flor B&B,Bed & Breakfast,http://www.donnaflor.it,388 758 3800,"Via Contrada Donateo s.n, c",Parabita,,,https,WordPress,Sì,Aruba S.p.A. Network,67,94,92.00,Sì,No
B&B Monelli,Hotel,http://www.casamonelli.com,389 147 1462,"Via Don Carrozzo, 9",Diso,,info@casamonelli.com,https,WordPress,No,"Automattic, Inc",56,81,100.00,Sì,No
HOM - Hotel Orsa Maggiore,Hotel,https://www.orsamaggiore.it,0836 947029,"Via Litoranea per Santa Cesarea, 303",Castro,,info@orsamaggiore.it,https,WordPress,Sì,Bit Service srl,56,90,77.00,Sì,No
Buongiorno Salento B&B,Bed & Breakfast,http://www.buongiornosalento.it,328 688 5537,"Via Giuseppe Romano, 15",Patù,,info@buongiornosalento.it,https,Joomla,No,Aruba S.p.A,62,88,83.00,Sì,No
Albergo Palazzo - Terme e Centro Benessere,Hotel,https://www.albergopalazzo.it,0836 944316,"Via Roma, 237",Santa Cesarea Terme,,info@albergopalazzo.it,https,WordPress,Sì,OVH SAS,35,63,92.00,Sì,No
Villa Etta,Bed & Breakfast,,334 729 1230,"SP358, Km 41.300",Gagliano del Capo,,,,,,,,,,,
Agriturismo Masseria San Nicola,Agriturismo,http://www.masseriasannicola.com,0833 752243,"Contrada, Via San Nicola",Patù,,,https,React,No,Aruba S.p.A,82,88,91.00,Sì,No
Anemos B&B,Bed & Breakfast,http://www.bebanemos.it,328 543 6997,"Via Antonio Gramsci, 8",Morciano di Leuca,,info@bebanemos.it,https,WordPress,No,Aruba S.p.A. Network,63,78,92.00,Sì,No
La Terrazza Sul Mare B&B Otranto,Bed & Breakfast,http://www.laterrazzasulmareotranto.it,377 331 6569,"Piazzetta Madonna del Passo, Via Madonna del Passo, 6",Otranto,,salvatorepolimeno@hotmail.com,https,WordPress,Sì,SEEWEB s.r.l.,61,80,83.00,Sì,No
B&B A Due Passi,Bed & Breakfast,,334 846 1756,"Via Giovanni X XIII, 25",Otranto,,,,,,,,,,,
B&B Camere Borgo Otranto,Bed & Breakfast,http://www.camereborgotranto.it,0836 801639,"Corpo Santo, Via Borgo Santo, 39",Otranto,,info@camereborgotranto.it,https,WordPress,No,Aruba S.p.A. Network,56,78,85.00,Sì,No
Murieri B&B Otranto,Bed & Breakfast,http://www.murieriotranto.it,349 236 2169,Strada Comunale Papi,Otranto,,,https,Angular,Sì,Aruba S.p.A.,62,78,92.00,Sì,No
La Zudrea,Bed & Breakfast,http://www.lazudrea.it,320 307 3527,Località Santo Stefano,Otranto,,info@lazudrea.it,https,WordPress,No,"Amazon.com, Inc.",82,98,92.00,Sì,No
Notos B&B,Bed & Breakfast,http://www.notos.it,340 565 4252,"Via Pioppi, 15",Otranto,,info@notos.it,https,Joomla,No,Aruba S.p.A.,53,50,100.00,Sì,No
La Gioconda B&B,Bed & Breakfast,http://www.letresorelle.it/la-gioconda,333 113 7263,"Via le Neviere, 10",Poggiardo,,bb.lagioconda@libero.it,https,React,No,Netsons Network,70,74,100.00,Sì,No
B&B La Margherita,Bed & Breakfast,http://www.lamargheritabnb.wordpress.com,327 362 2667,"Via Papa Pio XII, 7",Poggiardo,,lamargheritasalento@gmail.com,http,WordPress,No,"Automattic, Inc",52,75,85.00,Sì,No
La Dolce Dimora - B&B Appartamento per vacanze,Bed & Breakfast,,349 463 6776,"Via Enrico de Nicola, 6",Seclì,,,,,,,,,,,
Tenuta DonnAnna Agriturismo&Glamping,Agriturismo,http://www.tenutadonnanna.it,327 838 6432,"strada spartifeudo, 1",Seclì,,,https,Shopify,No,Aruba S.p.A.,56,84,85.00,Sì,No
Ricordi,Bed & Breakfast,,328 454 8830,"Via Barbieri C., 34",Poggiardo,,,,,,,,,,,
B&B CASA BIANCA FELLINE,Bed & Breakfast,,328 644 9098,"Via Giuseppe Toniolo, 1",Felline,,,,,,,,,,,
B&B Ortensia,Bed & Breakfast,,328 124 6906,"Via Giuseppe Grassi, 98",Sannicola,,,,,,,,,,,
Corterè B&B,Bed & Breakfast,http://www.cortere.it,347 697 9369,"Via le Croci, 23",Alliste,,bebcortere@gmail.com,https,WordPress,No,Aruba S.p.A.,24,65,92.00,Sì,No
L'Ulivo B&B,Bed & Breakfast,http://www.bblulivo.it,347 346 7908,"Corso Vittorio Emanuele II, 35",Taviano,,,https,ASP.NET,Sì,Aruba S.p.A. Network,65,75,100.00,Sì,No
Di Lorenzi Albergo Diffuso,Hotel,http://www.dilorenzi.it,0833 986106,"Largo Piazza, 15",Felline,,info@dilorenzi.it,https,React,No,Hetzner Online GmbH,55,91,85.00,Sì,No
Regina Elena Suites & Private Spa,Spa,https://www.reginaelenasuite.it,328 643 5525,"Via Regina Elena, 100",Sannicola,,info@reginaelenasuite.it,https,WordPress,No,Aruba S.p.A. Network,57,81,85.00,Sì,No
B&B L'Angolo,Bed & Breakfast,https://bb-langolo.touritaliani.top,389 798 7665,"Via S. Simone, 134",Sannicola,,,https,React,No,Contabo GmbH,53,84,92.00,Sì,No
Leone De Castris Wine Hotel,Hotel,,0832 733946,"Via F. Marangi, 19",Salice Salentino,,,,,,,,,,,
Li Traìni B&B,Bed & Breakfast,,347 576 9903,"Via Armando Diaz, 2",San Pietro In Lama,,,,,,,,,,,
Agriturismo Arangea,Bed & Breakfast,http://www.arangea.it,347 426 6522,"Via Vecchia Lecce - Copertino, 20",Lequile,,info@arangea.it,https,Joomla,No,Aruba S.p.A. Network,60,76,92.00,Sì,No
Dear Mary B&B,Bed & Breakfast,https://www.dearmarybeb.com,376 291 7600,"Via Cacciaventi, 10",San Cesario di Lecce,,dearmarybeb@gmail.com,https,WordPress,Sì,Aruba S.p.A.,61,70,92.00,Sì,No
L'Imperatore B&B,Bed & Breakfast,https://bed-breakfast-limperatore-di-spinelli-marianna.italiadestinazioni.top,380 752 6466,"Via Pietro Nenni, 4",Salice Salentino,,,https,WordPress,No,Contabo GmbH,59,87,85.00,Sì,No
Villa Raffaella,Bed & Breakfast,http://www.villaraffaella.it,0836 061109,"Via Umberto I, 22",Santa Cesarea Terme,,info@villaraffaella.it,https,WordPress,No,Aruba S.p.A. Network,62,91,83.00,Sì,No
Green Suite B&B,Alloggi al coperto,http://www.greensuite.it,0832 732807,"Via Magenta, 4",Salice Salentino,,info@greensuite.it,https,ASP.NET,No,Aruba S.p.A.,59,85,85.00,Sì,No
Antico Casale B&B,Alloggi al coperto,http://www.anticocasalebeb.it,339 295 9355,"Via Novoli, 22",Veglie,,,,WordPress,No,Aruba S.p.A.,57,72,100.00,Sì,No
Alternative Relax Rooms by Oikia Vacanze,Bed & Breakfast,,329 052 2578,Via Comunale Esterna Botrugno-Scorrano,Scorrano,,,,,,,,,,,
Grand Hotel Mediterraneo,Hotel,https://www.grandhotelmed.it,0836 944008,"Via Roma, 173",Santa Cesarea Terme,,info@grandhotelmed.it,https,WordPress,No,"Amazon.com, Inc.",36,100,92.00,Sì,No
B&B Li Curti,Bed & Breakfast,,377 455 9979,"Via Madonna della Luce, 9",Scorrano,,,,,,,,,,,
Hotel Le Macine,Hotel,http://www.hotelmacine.com,0836 949941,Via Umberto I,Santa Cesarea Terme,,bookinghotelmacine@gmail.com,https,React,No,Aruba S.p.A. Network,54,65,85.00,Sì,No
kamilia guestrooms,Bed & Breakfast,,327 573 3621,"Via Roma, 99/A",San Cassiano,,,,,,,,,,,
Palazzo Presicce,Bed & Breakfast,,327 283 2193,"Via Marco Emilio Scauro, 87",Scorrano,,,,,,,,,,,
La Casetta di Nonna Elena,Bed & Breakfast,,328 662 0072,Via Umberto I,Scorrano,,,,,,,,,,,
B&B Francesca,Bed & Breakfast,https://infobebfrancesca.wixsite.com/bebfrancesca,333 774 6019,"Via Malvicina, 2",Scorrano,,,https,Wix,No,Google LLC,57,88,100.00,Sì,No
Vicoli del borgo,Bed & Breakfast,,379 270 4332,"Via M. Giangreco, 30",Ruffano,,,,,,,,,,,
Lu Sule B&B,Bed & Breakfast,,339 874 8941,"Via Vittorio Emanuele, 334",Supersano,,,,,,,,,,,
Bed and Breakfast Nonnatetta,Bed & Breakfast,,346 475 4956,"Via Quarto, 13",Taurisano,,,,,,,,,,,
Villa Madonna della Serra,Hotel,,333 776 5221,Via Spirdo 18,Ruffano,,,,,,,,,,,
Contrada Macchia B&B,Bed & Breakfast,http://www.contradamacchia.com,333 320 6812,Strada Vicinale Vasili,Tricase,,,http,Joomla,No,Hetzner Online GmbH,40,77,92.00,Sì,No
SonRè,Bed & Breakfast,http://www.sonre.it,366 133 5107,"Traversa Felice Cavallotti, 9",Ruffano,,info@sonre.it,https,Mobirise,Sì,Aruba S.p.A.,51,78,92.00,Sì,No
Casa di Aurora e Luigi,Bed & Breakfast,,348 246 8796,SP339,Salve,,,,,,,,,,,
Tally B&B,Bed & Breakfast,https://tallybb.it,346 021 5273,"Via Vittorio Veneto, 48",Salve,,bb.tallyho2019@gmail.com,https,Joomla,No,Hostinger International Limited,55,82,92.00,Sì,No
Palazzo Frangipane B&B,Bed & Breakfast,http://www.palazzofrangipane.com,376 081 5551,"Via Marsini, 9",Salve,,info@palazzofrangipane.com,https,Shopify,Sì,Hetzner Online GmbH,53,59,100.00,Sì,No
Palazzo Ceuli B&B,Bed & Breakfast,http://www.palazzoceuli.it,328 317 0270,"Via Crocefisso, 1",Salve,,,https,WordPress,No,Aruba S.p.A.,57,62,92.00,Sì,No
La Corte di Maria B&B,Bed & Breakfast,https://la-corte-di-maria.bellaitaliatrips.top,320 025 8244,"Via Carlo del Prete, 164",Salve,,,https,WordPress,No,Contabo GmbH,52,86,85.00,Sì,No
Coclee Guest Suite Palace,Bed & Breakfast,https://www.cocleesuitepalace.it,371 438 8976,"Via Armando Diaz, 19",Salve,,info@cocleesuitepalace.it,,WordPress,Sì,Keliweb S.R.L,0,0,0.00,Sì,No
La Dimora degli Angeli,Bed & Breakfast,,347 909 7669,"Via Arnaldo Vergine, 10",Soleto,,,,,,,,,,,
Terrazza Roma,Bed & Breakfast,http://www.terrazza-roma.com,348 487 0576,"Via Roma, 137",Galatina,,info@terrazza-roma.com,https,WordPress,Sì,Aruba S.p.A.,60,91,100.00,Sì,No
Zona Franca B&B,Bed & Breakfast,,0836 563920,"Via S. Rocco, 3",Galatina,,,,,,,,,,,
Corte delle Moline B&B,Bed & Breakfast,http://www.cortedellemoline.com,349 616 0203,"Via Vincenzo Cepolla, 50",San Cesario di Lecce,,,http,ASP.NET,No,Aruba S.p.A. Network,100,100,82.00,Sì,No
Borgo Specchia Natural Resort,Hotel Resort,https://borgospecchia.it,0833 185 7356,Contrada Caiaffa,Specchia,,info@borgospecchia.it,https,React,Sì,Hetzner Online GmbH,61,78,100.00,Sì,No
Pittoresco B&B,Bed & Breakfast,http://www.bebsalentopittoresco.com,339 728 4749,"V. Fiume, 96/a",Specchia,,info@bebsalentopittoresco.com,http,WordPress,No,Aruba S.p.A. Network,78,97,91.00,Sì,No
Verardo B&B,Bed & Breakfast,https://bb-verardo.bellaitaliatrips.top,347 705 0506,"Via Donati, 19",Specchia,,,https,React,No,Contabo GmbH,52,84,85.00,Sì,No
Palazzo costantini,Bed & Breakfast,,335 124 6872,"Largo Chiesa, 10",San Donato di Lecce,,,,,,,,,,,
Luxury B&B Coccolhouse Jacuzzi & Pool,Bed & Breakfast,,328 650 3457,"Via Michele Bosio, 7",San Cesario di Lecce,,,,,,,,,,,
The art of Leo,Bed & Breakfast,http://www.theartofleo.com,333 539 7835,"Via dei Vasai, 34",Lucugnano,,orlandoleonardo346@gmail.comvia,https,Wix,No,Google LLC,67,90,92.00,Sì,No
Nel Cuore del Salento,Alloggio completo di servizi,,393 331 5476,Via Case Sparse,San Donato di Lecce,,,,,,,,,,,
Piazzetta San Giovanni B&B,Bed & Breakfast,http://www.piazzettasangiovanni.it,328 949 6952,"Via Umberto I, 28",Specchia,,,http,WordPress,No,Aruba S.p.A.,53,74,92.00,Sì,Sì
Tenuta la Cornula B&B,Bed & Breakfast,https://www.hotelsitalic.com/bb-tenuta-la-cornula,331 360 3699,Via Galugnano,San Donato di Lecce,,,https,WordPress,No,"Cloudflare, Inc.",100,100,92.00,Sì,No
Il Giardino del Priore dimora rurale,Bed & Breakfast,http://www.ilgiardinodelpriore.it,328 351 5702,"Via Della Luce, 5",Ugento,,,https,WordPress,Sì,Aruba S.p.A.,61,87,85.00,Sì,No
I Tre Bacili Dimora Salentina,Hotel,http://www.itrebacili.it,335 142 0038,"Via Congregazione, 48c",Spongano,,info@itrebacili.it,https,Shopify,No,Aruba S.p.A.,56,70,100.00,Sì,No
Smart Hotel Ugento,Hotel,https://www.smarthotelugento.it,0833 185 2529,Corso Re Pirro,Torre San Giovanni,,info@smarthotelugento.it,https,WordPress,No,Hetzner Online GmbH,54,86,92.00,Sì,No
B&B L'isola che non c'è,Bed & Breakfast,https://www.lisolachenonceugento.it,339 610 2962,"Contrada Moccuso, snc",Torre San Giovanni,,,https,Joomla,No,Aruba S.p.A.,60,80,92.00,Sì,No
Deva Room,Bed & Breakfast,https://www.devaroom.com,348 673 3900,"Via San Vito, 5 Traversa A",Ugento,,bbdevaroom@gmail.com,https,Odoo,No,OVH SAS,56,93,100.00,Sì,No
Le Dimore dei Messapi 2 B&B,Bed & Breakfast,http://www.ledimoredeimessapi.it,327 675 5775,"Piazza Porta S. Nicola, 3",Ugento,,,https,React,No,Aruba S.p.A. Network,28,34,91.00,Sì,No
Le Stanze di Felline nel Salento B&B,Bed & Breakfast,,334 383 1969,"Via Melissano, 13",Felline,,,,,,,,,,,
B&B sole,Bed & Breakfast,https://www.bbsoleugento.it,339 455 3135,Corso Re Pirro,Torre San Giovanni,,info@bbsoleugento.it,https,WordPress,No,Hetzner Online GmbH,56,69,100.00,Sì,No
Torre sul mare affittacamere Ugento,Bed & Breakfast,,347 621 4897,"Corte Sacco, 12",Ugento,,,,,,,,,,,
Corte Mercurio B&B,Bed & Breakfast,http://www.cortemercurio.com,346 230 3046,"Via Mercurio, 41",Ugento,,antoncristian00@hotmail.it,https,WordPress,No,"Cloudflare, Inc.",55,60,100.00,Sì,No
Blue and Blue Luxury,Bed & Breakfast,http://www.blubb.it,331 349 9020,"SP65, 73059 Ugento LE, SP65, Km 3",Ugento,,info@blubb.it,https,Shopify,Sì,One.com A/S,64,89,100.00,Sì,No
B&B il Baiocco,Bed & Breakfast,http://www.ilbaiocco.it,380 472 4093,"Via Genova, 22",Tiggiano,,info@ilbaiocco.it,https,WordPress,No,Server Plan S.r.l.,47,93,100.00,Sì,No
Casa Amata Salentina la Casa Vacanze nel cuore del Salento,Bed & Breakfast,,320 776 5419,"Via Crocefisso, 24",Squinzano,,,,,,,,,,,
Palazzo Giordano-Luxury Rooms,Bed & Breakfast,,329 168 1680,"Via Giacomi, 12",Squinzano,,,,,,,,,,,
B&B la baronessa,Bed & Breakfast,http://www.labaronessabedandbreakfast.it/dovesiamo.php,333 306 7624,"Via della Repubblica, 65",Tiggiano,,info@labaronessabedandbreakfast.it,http,React,No,Register.IT S.p.A,63,96,82.00,Sì,No
Masseria Delle Rose,Bed & Breakfast,http://www.masseriadellerose.com,328 052 0968,"Contrada Trappeti, 34",Alessano,,trappeti@yahoo.it,https,React,No,Hetzner Online GmbH,71,81,100.00,Sì,No
B&B Casa di Gio',Alloggio completo di servizi,https://www.casadigio.eu,329 611 9559,"Via Vittorio Veneto, 75",Tiggiano,,andrea.aretano@libero.it,https,WordPress,Sì,Aruba S.p.A.,76,97,92.00,Sì,No
Masseria SanPolo,Agriturismo,https://www.masseriasanpolo.com,393 817 9147,"73018, Via Per, Via Casalabate",Squinzano,,9a65e97ebe8141fca0c4fd686f70996b@sentry.wixpress.com,https,Wix,No,Google LLC,81,95,100.00,Sì,No
Donn'Anna B&B,Bed & Breakfast,,338 371 2292,"Via Vittorio Veneto, 49",Squinzano,,,,,,,,,,,
Pasitea luxury suite,Bed & Breakfast,http://www.pasitealuxurysuite.com,0976 790 7571,"Via Roma, 24",Squinzano,,,https,WordPress,Sì,Aruba S.p.A.,35,42,100.00,Sì,No
B&B salento Trepuzzi,Bed & Breakfast,,348 510 6142,"Via Guglielmo Marconi, 3",Trepuzzi,,,,,,,,,,,
Masseria Borgo Mortella,Bed & Breakfast,http://www.masseriaborgomortella.it,333 128 0037,"LE, SS16",Lecce,,info@masseriaborgomortella.it,https,WordPress,No,Serverplan S.r.l.,39,65,100.00,Sì,No
B&B Alle Volte,Hotel,http://www.beballevolte.it,320 225 4737,"LE, Via Gaetano Brunetti, 104",Trepuzzi,,info@beballevolte.it,http,WordPress,Sì,Aruba S.p.A. Network,53,69,85.00,Sì,No
La Dimora del Giglio B&B,Bed & Breakfast,,347 839 9203,"Via Aldo Moro, 3",Sternatia,,,,,,,,,,,
B&B Lucamaria,Bed & Breakfast,http://www.beblucamaria.it,347 728 9382,"Via John Fitzgerald Kennedy, 170",Trepuzzi,,,https,ASP.NET,No,Aruba S.p.A. Network,78,97,82.00,Sì,No
Basiliscus B&B,Bed & Breakfast,,327 122 2048,Piazza Umberto I,Sternatia,,,,,,,,,,,
B&B Rosa dei Venti,Bed & Breakfast,http://www.rosadeiventitricase.it,338 105 0667,"Via Sauli Maggiore, 18",Tricase,,info@rosadeiventitricase.it,https,WordPress,Sì,Aruba S.p.A.,61,83,92.00,Sì,No
San Vito B&B,Bed & Breakfast,https://www.bnbsanvito.it,328 932 3578,"Via Marina Porto, 25",Tricase,,info@bnbsanvito.it,https,Typo3,No,SEEWEB s.r.l.,49,46,92.00,Sì,No
Hotel Al Rayyan,Hotel,https://sites.google.com/view/%20hotelsalentoaffittacamere,388 644 2023,"Via della Libertà, 119",Montesano Salentino,,,https,Vue,No,Google LLC,66,93,91.00,Sì,No
Le Stanze di Santo B&B,Bed & Breakfast,,333 723 0032,"Via Gabriele D'Annunzio, 2",Tricase,,,,,,,,,,,
B&B Supersanosalento,Alloggi al coperto,,333 850 7560,"Via Trento, 24",Supersano,,,,,,,,,,,
Masseria Pizzofalcone,Hotel,http://www.masseriapizzofalcone.it,327 797 1903,Contrada Masseria Pizzofalcone,Supersano,,,https,React,Sì,IT.Gate S.p.A.,62,92,77.00,Sì,No
La Serra B&B,Bed & Breakfast,,388 355 1413,"Via Giuseppe Verdi, 63",Supersano,,,,,,,,,,,
Blu Residence - Hotel nel Salento,Hotel,http://www.bluresidence.com,0833 501839,"Via Duca d'Aosta, 11",Casarano,,info@bluresidence.com,https,React,No,Aruba S.p.A. Network,56,83,85.00,Sì,No
B&B Ippocastano,Bed & Breakfast,https://bb-ippocastano.italiacongusto.top,320 421 2964,"Viale Stazione, 1",Casarano,,,https,React,No,Ipxo LLC,53,87,92.00,Sì,No
B&B Vico Giardine,Bed & Breakfast,,370 123 7764,Vico Giardine,Supersano,,,,,,,,,,,
Li Manca B&B,Bed & Breakfast,,324 868 3653,"Via Trento, 168",Surbo,,,,,,,,,,,
Bed & Breakfast Scipponate,Bed & Breakfast,https://bedbreakfastscipponate.traveleto.com,388 859 8366,"SP361, 178",Collepasso,,,https,React,No,"Cloudflare, Inc.",56,77,92.00,Sì,No
Appiantica B&B,Bed & Breakfast,https://www.bebappiantica.it,347 184 0639,"Via Claudio Pezzuto, 39/41",Surbo,,info@bebappiantica.it,https,WordPress,No,Aruba S.p.A. Network,57,91,85.00,Sì,No
Da Samuele e Andrea B&B,Bed & Breakfast,,320 269 0580,"Via Trento, 79",Surbo,,,,,,,,,,,
L'Antica Rimessa B&B,Bed & Breakfast,http://www.anticarimessa.it,329 785 3608,"Via Giuseppe Casciaro, 5",Lecce,,info@anticarimessa.it,http,WordPress,No,Aruba S.p.A. Network,48,66,92.00,Sì,No
B&B Terra noscia,Bed & Breakfast,,380 147 0857,"B&B terra noscia, Via Mario Nicoli, 14",Surbo,,,,,,,,,,,
B&B Le Pigne,Bed & Breakfast,http://www.beblepigne.it,338 271 3741,"d'Ungheria,, Via Martiri D' Ungheria, 53",Taurisano,,,https,Angular,No,OVH ISP,78,97,100.00,Sì,No
Masseria Saietti,Bed & Breakfast,http://www.masseriasaietti.it,392 155 3086,Strada Comunale Saietti 3° Tronco,Ruffano,,,https,Joomla,Sì,Contabo GmbH,53,56,100.00,Sì,No
B&B G.Verdi,Bed & Breakfast,https://bb-gverdi.hotelperiviaggi.top,346 524 6457,"Via G. Verdi, 111",Taurisano,,,https,React,No,Contabo GmbH,62,89,92.00,Sì,No
Le Tre Gioie B&B,Bed & Breakfast,https://letregioiebb.it,329 741 8296,"Via Leonardo da Vinci, 114",Taurisano,,info@letregioiebb.it,https,Shopify,No,OVH ISP,79,98,100.00,Sì,No
Agriturismo Marconi,Fattoria,http://www.agriturismomarconi.it,324 827 9784,Contrada Marconi,Veglie,,info@agriturismomarconi.it,https,Shopify,No,Netsons s.r.l.,62,86,100.00,Sì,No
Corte Regina Esther,Bed & Breakfast,http://cortereginaesther.com,338 627 2487,"Via S. Giovanni, 8",Veglie,,info@cortereginaesther.it,https,React,Sì,Aruba S.p.A. Network,0,81,92.00,Sì,No
B&B Quintadecima,Bed & Breakfast,,327 204 3104,"Via Tito Speri, 21 A",Uggiano la Chiesa,,,,,,,,,,,
C'era Una Volta,Bed & Breakfast,http://www.bbceraunavolta.it,333 226 2979,"Via S. Francesco, 17",Veglie,,info@bbceraunavolta.it,https,Shopify,No,Netsons s.r.l.,54,56,92.00,Sì,No
B&B La Vigna,Bed & Breakfast,http://www.bb-lavigna.it,329 901 8590,"Via L. Einaudi, 29",Leverano,,info@bb-lavigna.it,https,WordPress,No,Aruba S.p.A. Network,36,45,85.00,Sì,No
I Like Salento B&B,Bed & Breakfast,,329 824 3455,"Via Giuseppe Garibaldi, 105",Uggiano La Chiesa,,,,,,,,,,,
Borgo Mulino a Vento - Resort,Hotel,http://www.mulinoavento.it,0836 812942,"Presso Borgo Mulino a Vento, Via Palombaro",Uggiano la Chiesa,,info@mulinoavento.it,https,ASP.NET,Sì,Host SpA,38,39,85.00,Sì,No
Agriturismo Le Tagliate,Agriturismo,https://agriturismoletagliate.it,0836 812779,"Via Badisco, 135",Uggiano la Chiesa,,info@agriturismoletagliate.it,https,React,Sì,Seeweb srl,53,65,85.00,Sì,No
La Corte di Edoardo B&B,Bed & Breakfast,http://lacortediedoardo.it,331 121 0493,"Via Lecce, 55",Vernole,,,https,Wix,No,Google LLC,59,91,92.00,Sì,No
L'antico Palazzo,Bed & Breakfast,,338 417 6971,"Via Sant'Anna, 5",Vernole,,,,,,,,,,,
Terra d'Otranto B&B,Bed & Breakfast,https://www.terradotrantovacanze.it,320 010 5712,"Corte Fosse, 14",Uggiano la Chiesa,,info@terradotrantovacanze.it,https,React,Sì,Google LLC,87,99,100.00,Sì,No
Vernole 1713 B&B,Bed & Breakfast,,329 856 4849,"Via E. de Carlo, 54",Vernole,,,,,,,,,,,
Tenuta Santicuti,Hotel,https://www.tenutasanticuti.it,351 326 1356,Parco delle Cesine Oasi WWF Litoranea San Cataldo/Otranto Km 3,Vernole,,info@tenutasanticuti.it,https,React,Sì,Hetzner Online GmbH,56,85,100.00,Sì,No
I due Principi,Bed & Breakfast,,329 897 5518,"Via Lecce, 132",Vernole,,,,,,,,,,,
B&B Le Due Cisterne,Bed & Breakfast,http://www.leduecisterne.it,340 646 0699,Via Vernole Acquarica,Vernole,,,https,Joomla,Sì,Netsons s.r.l.,41,73,83.00,Sì,No
B&B Corte dell'Immacolata,Bed & Breakfast,,349 075 2264,"Via Immacolata, 25",Taviano,,,,,,,,,,,
La Petrusa B&B,Bed & Breakfast,https://bb-la-petrusa.comeviaggiare.top,339 577 9308,Strada Provinciale Vernole-Calimera,Vernole,,,https,WordPress,No,Contabo GmbH,52,82,85.00,Sì,No
B&B Terra e Colori,Bed & Breakfast,http://www.terraecolori.net,347 646 3034,"Raho Colline, Strada vicinale Trappeto",Gallipoli,,info@terraecolori.net,http,WordPress,No,Aruba S.p.A. Network,69,78,100.00,Sì,No
Albatro Taviano b&b,Bed & Breakfast,,329 781 6480,"Via Regina Margherita, 224",Taviano,,,,,,,,,,,
Salento Ca' D'Architetto,Bed & Breakfast,http://www.cadarchitetto.com,349 864 1705,"Via Galileo Galilei, 9",Surano,,info@cadarchitetto.com,http,ASP.NET,No,Aruba S.p.A. Network,96,90,92.00,Sì,No
Le Gemelle Boutique Hotel,Hotel,http://www.bblegemelle.it,338 905 1330,"Via Morelli, 2",Torre Suda,,info@bblegemelle.it,https,Joomla,Sì,Hetzner Online GmbH,49,66,92.00,Sì,No
Il Sorriso degli Ulivi Agriturismo di Charme,Agriturismo,http://www.ilsorrisodegliulivi.com,349 585 8694,Strada Vicinale Cacalupi Castellana,Gallipoli,,info@ilsorrisodegliulivi.com,https,Joomla,No,Aruba S.p.A.,67,88,85.00,Sì,No
B&B Sole Luna e Girasoli,Bed & Breakfast,http://www.solelunaegirasoli.it,347 768 5564,"Via Chiavari, 6",Marina di Mancaversa,,,https,WordPress,Sì,"Cloudflare, Inc.",46,74,100.00,Sì,No
Agorà B&B,Bed & Breakfast,,320 860 7696,"Piazza Caduti, 13",Zollino,,,,,,,,,,,
Casa Tabacchina B&B,Bed & Breakfast,http://www.casatabacchina.it,335 246 589,"Via Alcide De Gasperi, 1B",Zollino,,info@casatabacchina.it,http,Magento,Sì,Aruba S.p.A.,96,77,91.00,Sì,No
Ristorante Agricola Samadhi,Ristorante,https://www.agricolasamadhi.it,0836 600284,"Via Stazione, 116",Zollino,,info@yogainsalento.com,https,React,Sì,Aruba S.p.A.,39,57,85.00,Sì,No
Nghetonia B&B,Bed & Breakfast,http://www.nghetonia.it,339 499 6226,"Via Vittorio Emanuele II, 6",Zollino,,info@nghetonia.it,https,WordPress,No,Aruba S.p.A.,67,84,85.00,Sì,No
Palazzo Mandurino,Bed & Breakfast,http://www.palazzomandurino.it,0836 600282,"Piazza S. Pietro, 5",Zollino,,info@palazzomandurino.it,https,WordPress,No,Hetzner Online GmbH,61,79,92.00,Sì,No
ARCHÈO B&B,Bed & Breakfast,,392 440 3500,"Via Mulini, 7",Andria,,,,,,,,,,,
La Muzza B&B,Bed & Breakfast,http://www.lamuzza.it,328 882 1562,"Via Giuseppe Chiriatti, 25",Zollino,,info@lamuzza.it,https,Shopify,No,Aruba S.p.A.,45,49,100.00,Sì,No
B&B BORGO FORNACI,Bed & Breakfast,https://www.hotelsitalic.com/bb-borgo-fornaci,329 211 1279,"Via Fornaci, 101",Andria,,,https,Shopify,No,"Cloudflare, Inc.",100,100,92.00,Sì,No
Liso b&b,Bed & Breakfast,https://www.hotelspretorian.com/liso-bb,320 808 3743,"Via F. S. Nitti, 6/8",Andria,,,https,Shopify,No,"Cloudflare, Inc.",100,100,92.00,Sì,No
B&B Elles con parcheggio interno,Bed & Breakfast,http://www.ellesbeb.it,348 693 2050,"Via Vittorio Gallo, 55",Barletta,,,https,Vue,No,"Amazon.com, Inc.",65,97,100.00,Sì,No
ROBERTO's Guest House,Bed & Breakfast,https://www.hotelspretorian.com/robertos-guest-house,320 312 5803,"Via Sonnino, 8",Andria,,,https,WordPress,No,"Cloudflare, Inc.",100,100,92.00,Sì,No
B&B Foresteria Pellegrino,Bed & Breakfast,http://www.foresteriapellegrino.it,0883 567768,"Via V. Monti, 4",Andria,,,https,WordPress,Sì,Server Plan S.r.l.,72,90,85.00,Sì,No
Residence Ciasa Giardun,Appartamento vacanze,https://giardun.it,0471 849328,"Str. Ninz, 44",La Villa,,info@giardun.it,https,ASP.NET,No,Retelit Digital Services S.p.A.,63,85,83.00,Sì,No
Pensione Scunëi,Pensione,http://www.scunei.it,0471 849489,"Strada Costadedoi, 124",San Cassiano,,,http,ASP.NET,No,Aruba S.p.A. Network,100,100,0.00,Sì,No
Garni La Palsa,Bed & Breakfast,http://www.garnilapalsa.it,0471 849439,"Str. Plan, 24",San Cassiano,,info@garnilapalsa.it,https,Joomla,No,Hetzner Online GmbH,41,63,83.00,Sì,No
Residence Ploner,Residence,https://www.residenceploner.it,0471 849538,"Strada Micurà de Rü, 24",San Cassiano,,info@residenceploner.it,https,React,Sì,Retelit Digital Services S.p.A.,68,77,92.00,Sì,No
Lüch Da Pćëi,Bed & Breakfast,https://www.luchdapcei.it/de,0471 849286,"Str. Pecëi, 17",San Cassiano,,info@luchdapcei.it,https,Shopify,No,"Amazon.com, Inc.",57,87,100.00,Sì,No
Villa Flora Mountain Lodges,Residence,https://www.villafloralodges.it,0471 849472,"Str. Plan, 37",San Cassiano,,info@villafloralodges.it,https,Joomla,No,Hetzner Online GmbH,65,54,85.00,Sì,No
Ciasa Milandura,Alloggi al coperto,http://www.milandura.it,0471 840021,"Alta Badia, Strada Micurà de Rü, 15",San Cassiano,,info@milandura.it,https,ASP.NET,No,Retelit Digital Services S.p.A.,75,95,92.00,Sì,No
Amoru Bed & Breakfast,Bed & Breakfast,,328 846 3623,"Via Superpanoramica, 76",Castro,,,,,,,,,,,
La Rosa Antica B&B,Bed & Breakfast,http://www.larosaantica.it,0836 947722,"Via Sant'Antonio, 203",Castro,,desantismaria@hotmail.com,http,React,No,Aruba S.p.A. Network,63,84,100.00,Sì,No
L'isola B&B,Bed & Breakfast,,340 389 8206,"Via Ludovico Muratori, 60",Porto Cesareo,,,,,,,,,,,
DIO DEL MARE LUXURY ROOM,Bed & Breakfast,,389 913 6253,"Via Giovanni Gioberti, angolo, Via Silvio Pellico",Porto Cesareo,,,,,,,,,,,
Chalet del Mare B&B,Bed & Breakfast,http://www.bbchaletdelmar.com,392 494 1871,"Via Baruch Spinoza, 5",Porto Cesareo,,robertaiaconisi1@gmail.com,https,WordPress,No,Aruba S.p.A.,61,73,92.00,Sì,No
Mare D'Amare Porto cesareo,Bed & Breakfast,,334 947 9956,"Via Amba Alagi, 96",Porto Cesareo,,,,,,,,,,,
Acquamarina B&B,Bed & Breakfast,https://www.bedacquamarina.com/porto-cesareo,333 121 0636,"Via Silvio Pellico, 18",Porto Cesareo,,info@bedacquamarina.com,https,WordPress,Sì,Aruba S.p.A.,61,83,92.00,Sì,No
Grekal B&B,Bed & Breakfast,https://www.grekalbed.it,338 851 9991,"Via Giuseppe Garibaldi, 168",Porto Cesareo,,grekal@alice.it,https,Shopify,No,OVH SAS,0,0,91.00,Sì,No
B&B Porto Cesareo Riva 33,Bed & Breakfast,http://www.portocesareobed.it,347 719 2869,"Via Antonio Fogazzaro, 21",Porto Cesareo,,info@portocesareobed.it,https,Shopify,No,Aruba S.p.A. Network,56,85,100.00,Sì,No
Casa “Portella”,Bed & Breakfast,,349 552 3727,"Via Portella, 12",Minervino Murge,,,,,,,,,,,
FronteMare Rooms,Bed & Breakfast,http://www.frontemaresalento.it,391 706 4068,Piazzale Berlinguer snc Loc. Scalo d'Alaggio,Porto Cesareo,,info@frontemaresalento.it,http,React,Sì,Aruba S.p.A. Network,56,70,100.00,Sì,No
Il Balcone Relais,Bed & Breakfast,http://ilbalcone.it,328 392 8233,SP230,Minervino Murge,,,https,WordPress,No,Hostinger International Limited,71,95,92.00,Sì,No
Bed & Breakfastl Palatium,Bed & Breakfast,https://www.palatiumsg.it,342 559 3071,"Via Roma, 3",Palazzo San Gervasio,,,,Wix,Non trovato,Google LLC,83,99,36.00,No - Pagina Non Trovata (404),No
Civico 69 Luxury Rooms,Bed & Breakfast,,320 979 8912,"Via Ferdinando I d'Aragona, 69",Barletta,,,,,,,,,,,
Poggio della Guardia - Montegrosso Rooms,Bed & Breakfast,,393 292 4056,"Viale dei Combattenti, 31",Montegrosso,,,,,,,,,,,
La Luna e il Sole,Bed & Breakfast,https://beb.it/lalunaeilsole,345 665 9718,"Via Samuelli, 79",Barletta,,,https,Laravel,No,"Amazon.com, Inc.",82,98,100.00,Sì,No
MozÁrt Bed & Breakfast - Affittacamere,Bed & Breakfast,http://www.mozart-bnb.it,328 128 0906,"Via W.A. Mozart, 89",Andria,,,https,React,Sì,Aruba S.p.A.,34,47,92.00,Sì,No
La casa di Nonna Rosa B&B,Bed & Breakfast,,393 804 3535,"Via Giacomo Matteotti, 32",Canosa di Puglia,,,,,,,,,,,
b&b Tosches,Bed & Breakfast,,377 122 2556,"Via Nazareth, 73/primo",Barletta,,,,,,,,,,,
CASA 28 CUCINA E CAMERE,Ristorante,http://www.casa28canosa.com,333 442 2938,"Vico Ticino, 1",Canosa di Puglia,,,https,Shopify,No,"Amazon.com, Inc.",80,99,92.00,Sì,No
Suite-16 SPA,Bed & Breakfast,https://www.hotelsitalic.com/suite-16,329 069 1096,"Via Mariano Sante, 103",Barletta,,,https,WordPress,No,"Cloudflare, Inc.",100,100,92.00,Sì,No
Villa helios,Bed & Breakfast,https://www.hotelspretorian.com/villa-helios,0883 895070,"Via Ammiragli Ferdinando e Mario Casardi, 27",Barletta,,,https,Shopify,No,"Cloudflare, Inc.",100,100,92.00,Sì,No
Redmood Guesthouse,Bed & Breakfast,https://www.redmoodguesthouse.com,327 904 9307,"Vico Corte, 12",Barletta,,,https,React,No,Google LLC,69,90,100.00,Sì,No
Il Pepe Affittacamere,Bed & Breakfast,https://ilpepeaffittacamere.blogspot.com,350 014 7596,"Vico Pepe, 4",Bisceglie,,ilpepeaffittacamere@gmail.com,https,React,No,Google LLC,93,99,92.00,Sì,No
B&B Charming House,Bed & Breakfast,http://www.bbcharminghouse.it,347 605 0708,"Piazza Plebiscito, 16",Barletta,,,https,ASP.NET,No,Aruba S.p.A. Network,79,98,91.00,Sì,No
B&B Eraclio,Bed & Breakfast,http://www.beberaclio.it,380 453 2400,"Vicolo Torto, 7/9/11/13",Barletta,,info@beberaclio.it,https,Joomla,Sì,Aruba S.p.A.,56,67,100.00,Sì,No
Da Zia Gina Struttura Ricettiva,Bed & Breakfast,,351 441 5051,"Via XXV Aprile, 32",Bisceglie,,,,,,,,,,,
Civico 33 B&B,Bed & Breakfast,,349 125 2451,"Via Papa Pio X 33, Via Ubaldino Peruzzi, 1/a",Bisceglie,,,,,,,,,,,
B&B Numero Uno,Bed & Breakfast,,347 067 7909,"Via della Libertà, 92",Bisceglie,,,,,,,,,,,
IL SOLE,Bed & Breakfast,http://www.bbilsole.com,349 753 4008,"Via Pisa, 7",Trani,,info@bbilsole.it,https,React,Sì,Aruba S.p.A. Network,57,81,91.00,Sì,No
Ananke B&B,Bed & Breakfast,,391 110 9319,"Via L. di Molfetta, 101",Bisceglie,,,,,,,,,,,
Olympo B&B,Bed & Breakfast,http://www.albergolimpo.it,080 399 1293,"Vico III Lancellotti, 16",Bisceglie,,albergoolimpo@live.it,https,Joomla,No,IONOS SE,68,88,100.00,Sì,No
Arco' B&B Trani Cattedrale,Bed & Breakfast,http://www.arcotranibb.com,347 051 8477,"Via Arcangelo Prologo, 6",Trani,,info@arcotranibb.com,https,Shopify,Sì,Planetel SPA,64,77,83.00,Sì,No
Piazzetta Scolanova b&b,Bed & Breakfast,https://piazzettascolanova.traveleto.com,348 568 8709,"Via Scola Nova, 13",Trani,,,https,Shopify,No,"Cloudflare, Inc.",56,78,92.00,Sì,No
Camera a Sud Trani,Bed & Breakfast,https://camerasudtrani.altervista.org,333 764 7571,"Via Goffredo da Trani, 38",Trani,,camerasudtrani@yahoo.com,https,WordPress,No,Hetzner Online GmbH,64,99,85.00,Sì,No
Casal Mastro,Bed & Breakfast,,347 009 7577,"Via Crosta, 16",Bisceglie,,,,,,,,,,,
La dimora del principe,Bed & Breakfast,https://ladimoradelprincipetrani.com,375 605 5610,"Via Bebio, 19",Trani,,info@ladimoradelprincipetrani.com,https,Shopify,No,Serverplan s.r.l.,61,98,85.00,Sì,No
Bed and breakfast Germinario,Bed & Breakfast,http://www.bbgerminariotrani.com,340 647 8637,"Via Giovanni Bovio, 4",Trani,,info@bbgerminariotrani.com,http,ASP.NET,No,Aruba S.p.A. Network,46,62,82.00,Sì,No
Villa Mary,Bed & Breakfast,https://www.villamarytrani.it,347 953 4200,"Via Aquileia, 23",Trani,,,https,WordPress,No,Aruba S.p.A. Network,56,88,100.00,Sì,No
Hotel Canusium,Hotel,https://www.hotelsitalic.com/hotel-canusium,0883 617737,"Piazza Oristano, 32",Canosa di Puglia,,,https,WordPress,No,"Cloudflare, Inc.",100,100,92.00,Sì,No
4 Camere a Trani,Bed & Breakfast,https://4-rooms-trani.italytour.top,340 531 5926,"Piazza Nicola-Giuseppe Tomaselli, 13",Trani,,,https,WordPress,No,Contabo GmbH,53,85,92.00,Sì,No
B&B Levante,Bed & Breakfast,http://www.beblevante.com,377 363 4778,"Via Genova, 3",Trani,,otivprenotazioni@gmail.com,https,Shopify,No,"Cloudflare, Inc.",51,59,100.00,Sì,No
B&B Canosa Casa di Nonna Lia,Bed & Breakfast,,327 682 5798,"Via Fabrizio Rossi, 56",Canosa di Puglia,,,,,,,,,,,
Al Borgo Saraceno,Hotel,http://www.alborgosaraceno.it,0883 684225,"Via Fiore, 13",Spinazzola,,info@alborgosaraceno.it,https,React,No,Hostinger International Limited,69,94,92.00,Sì,No
Welfare Suite,Bed & Breakfast,https://www.welfaresuite.com,340 611 4508,Via di Tullio,Spinazzola,,,https,WordPress,No,SEEWEB s.r.l.,68,81,92.00,Sì,No
Cefalicchio Bed & Breakfast,Bed & Breakfast,http://www.cefalicchio.it,339 836 2987,SP143,Canosa di Puglia,,,https,ASP.NET,No,RIPE Network Coordination Centre,85,97,83.00,Sì,No
Il Pino Grande Bio Masseria Agriturismo,Bed & Breakfast,http://ilpinogrande.com,338 713 7443,"SP234, Km 20+920",Castel del Monte,,,,WordPress,Non trovato,"Amazon.com, Inc.",100,100,73.00,No - Pagina Non Trovata (404),No
Casa PeppiNella,Bed & Breakfast,,393 090 4831,"8 Via Santa Lucia 8, terzo piano, attici",Canosa di Puglia,,,,,,,,,,,
Mary Bed and Breakfast,Bed & Breakfast,,320 754 0064,"Via Francavilla, 48",Palazzo San Gervasio,,,,,,,,,,,
B&B Casa Mimì,Bed & Breakfast,,345 506 8121,"Via Roma, 187",San Ferdinando di Puglia,,,,,,,,,,,
Nicole Suite,Bed & Breakfast,,389 100 6183,"Via Vittorio Alfieri, 70",San Ferdinando di Puglia,,,,,,,,,,,
Montegusto,Ristorante,https://montegusto.it,342 545 9915,"Km 1850, SS170dir",Andria,,info@montegusto.it,https,WordPress,No,Netsons Network,65,88,85.00,Sì,No
Tenuta Sospiro,Agriturismo,,339 303 1689,Contrada Sospiro,San Ferdinando,,,,,,,,,,,
Camera&Caffè ROOMS,Bed & Breakfast,,320 174 3414,"Corso Garibaldi, 114",Trinitapoli,,,,,,,,,,,
Terre di Sveva,Bed & Breakfast,https://www.terredisveva.com,324 599 5663,"SP174, Contrada Femmina Morta",Andria,,info@terredisveva.com,https,Shopify,Sì,Aruba S.p.A.,59,72,100.00,Sì,No
Il Gelso Nero,Hotel,,335 818 7482,"SP5 Strada per Licodia km 1, N 60",Vittoria,,,,,,,,,,,
Cordial Hotel,Hotel,http://www.cordialhotel.com,0932 967866,S.S. 115 Comiso Km. 1,Comiso,,info@cordialhotel.com,https,Joomla,No,"Amazon.com, Inc.",75,93,92.00,Sì,No
Agricola il Mulino B&B,Bed & Breakfast,,338 132 0384,"Contrada Parente, 1",Trinitapoli,,,,,,,,,,,
Complesso Turistico Latorraca - Ristorante Pizzeria B&B Pasticceria Bar Piscina,Ristorante italiano,http://www.complessolatorraca.it,0972 44583,"Contrada Crognale, 1",Palazzo San Gervasio,,info@complessolatorraca.it,https,WordPress,Sì,SEEWEB s.r.l.,68,96,100.00,Sì,No
Lelè Guesthouse,Bed & Breakfast,https://www.leleguesthouse.com,376 110 5972,"Via Riviera Lanterna, 217",Scoglitti,,lelescoglitti@gmail.com,https,React,Sì,Aruba S.p.A. Network,64,84,92.00,Sì,No
BeB Casa di Mari,Bed & Breakfast,http://www.bebcasadimari.it,340 874 8965,"Via Dante Alighieri, 16",Aci Sant'Antonio,,,http,ASP.NET,No,Aruba S.p.A. Network,82,99,82.00,Sì,No
B&B Ciritorno,Bed & Breakfast,https://bb-ciritorno.guideditalia.top,0932 984423,"Via Madonna della Salute, 35",Vittoria,,,https,React,No,Contabo GmbH,51,84,92.00,Sì,No
B&B Le Antiche Cisterne,Bed & Breakfast,http://www.leantichecisterne.it,339 162 8095,"Via Salvatore Quasimodo, 14",Tremestieri Etneo,,info@leantichecisterne.it,https,ASP.NET,No,Aruba S.p.A. Network,59,75,91.00,Sì,No
Azienda Agricola COS,Azienda vinicola,http://www.cosvittoria.it,019 1572 9126,"SP3, Km 14,300",Vittoria,,info@cosvittoria.it,https,WordPress,Sì,Aruba S.p.A.,60,87,92.00,Sì,No
B&B La Scivola Rooms,Hotel,http://www.lascivolarooms.it,338 462 7107,"Via Provinciale, 38",Aci Castello,,info@lascivolarooms.it,https,WordPress,No,Server Plan S.r.l.,56,81,92.00,Sì,No
b&b Borgo Marinaro,Bed & Breakfast,http://www.bbborgomarinaro.com,347 512 0357,"Via Volturno, 4",Aci Castello,,,http,React,No,Aruba S.p.A. Network,68,98,82.00,Sì,No
B&B L'Agrifoglio dell'Etna,Hotel,https://lagrifogliodelletna.flazio.com/home,340 257 8491,"Via Principi di Villafranca, n°22/a",Trecastagni,,,https,React,No,Google LLC,70,95,92.00,Sì,No
B&B Il Vulcano,Bed & Breakfast,http://bb-il-vulcano.com.es,339 408 0377,"4, Via M.llo Alfredo Agosta",Aci Catena,,,http,React,No,arsys.es,74,93,92.00,Sì,No
SicItaly Acicastello,Bed & Breakfast,https://www.sicitaly.eu,348 654 0517,"Via Piave, 23",Aci Castello,,helpdesk@sicitaly.eu,https,WordPress,Sì,Aruba S.p.A.,53,69,0.00,Sì,No
holygold,Hotel,http://www.holygold.it,376 044 9516,"Via Francesco Torraca, 2",Trinitapoli,,info@holygold.it,https,Basekit,No,Aruba S.p.A.,56,68,92.00,Sì,No
La Nonnina,Caffè,http://www.lanonninasuite.it,350 063 3805,"Via Garibaldi, 120",Margherita di Savoia,,laperlalanonnina@gmail.com,https,Joomla,Sì,Aruba S.p.A,71,80,85.00,Sì,No
Giglio di Mare rooms,Bed & Breakfast,,329 643 8833,"Via Parzanese, 16",Margherita di Savoia,,,,,,,,,,,
Don Diego Pedara - Bed and Breakfast,Bed & Breakfast,https://www.dondiegopedara.it,351 327 9505,"Piazza Don Diego, 27",Pedara,,info@dondiegopedara.it,https,WordPress,No,Netsons s.r.l.,63,81,92.00,Sì,No
Hotel Airone,Hotel,http://www.hotelaironetrinitapoli.com,0883 632868,"Via delle Casupole, 6",Trinitapoli,,,https,React,Sì,Aruba S.p.A.,57,89,77.00,Sì,No
Le Camere del Corso,Bed & Breakfast,,339 340 3804,"Via Cappella, 2A",Margherita di Savoia,,,,,,,,,,,
Hotel Belvedere,Hotel,http://www.margheritadisavoiahotelbelvedere.it,0883 652841,"Via Manfredonia, Km 34,600",Margherita di Savoia,,,https,WordPress,No,Aruba S.p.A,35,64,83.00,Sì,No
ControVento Rooms,Bed & Breakfast,https://www.holidaycontroventopuglia.it,340 054 0402,"Via Tarantino, 7",Margherita di Savoia,,bebcontrovento@gmail.com,https,WordPress,Sì,Keliweb S.R.L,57,61,85.00,Sì,No
B&B Brezza di Mare,Hotel,,345 920 2615,"Via Livorno, 63",Aci Castello,,,,,,,,,,,
Hello B&B,Bed & Breakfast,http://www.hellobnb.it,347 406 5907,"Via Pantolla, 3",Aci Trezza,,hellobnbacitrezza@gmail.com,https,Joomla,No,Netsons Network,71,85,100.00,Sì,No
Acitrezza B&B,Bed & Breakfast,https://www.acitrezzabeb.it,339 246 8657,"Via Provinciale, 62",Aci Trezza,,acitrezzabeb@gmail.com,https,Joomla,Sì,Servereasy Srl,45,72,92.00,Sì,No
Nero Basalto Azzurro Mare,Bed & Breakfast,http://nero-basalto-azzurro-mare.italianeisole.it,348 709 4587,"Condominio Venusilia, Via Antonello da Messina, 41",Cannizzaro,,,http,Shopify,No,OVH SAS,56,98,83.00,Sì,No
B&B Epos Acitrezza,Bed & Breakfast,http://www.bbepos.it,392 484 8113,"Via Provinciale, 262",Aci Castello,,,https,React,No,Google LLC,57,90,92.00,Sì,No
B&B Vicolo del Chiostro,Bed & Breakfast,,331 987 8876,"Via Don Giovanni Bosco, 3",Aci Sant'Antonio,,,,,,,,,,,
B&B Casalotto Inn,Bed & Breakfast,http://www.casalottoinn.com,328 601 8254,"Via Giovanni Pascoli, 11",Aci Sant'Antonio,,,https,Shopify,No,"Amazon.com, Inc.",68,95,100.00,Sì,No
Appartamento in Villa Agnese,Motel,https://villaagnesesicilia.com,347 471 1831,"Via Livorno, 106",Aci Trezza,,villa.agnese.sicilia@gmail.com,https,WordPress,Sì,Netsons s.r.l.,56,83,92.00,Sì,No
Agricampeggio Verde Etna,Campeggio con piazzole stanziali per roulotte,http://agricampeggioverdeetna.it,351 801 0638,"Via Scalazza Grande, 77",Aci Sant'Antonio,,agrifossalupo@gmail.com,https,WordPress,Sì,Netsons s.r.l.,55,80,85.00,Sì,No
Bed and Breakfast Terra e Stelle,Bed & Breakfast,http://www.terraestelle.it,347 532 3383,"Via Francesco Riso, 45",Aci Sant'Antonio,,,https,WordPress,No,Aruba S.p.A.,67,90,75.00,Sì,No
B & B MONGIBELLO,Bed & Breakfast,http://www.mongibello.com,347 423 6636,"Via Regina Margherita, 15",Viagrande,,,,WordPress,Non trovato,Aruba S.p.A. Network,100,100,80.00,,No
B&B THE ARTISTS ACIREALE,Bed & Breakfast,https://the-artists.bedsandhotels.com,349 625 1643,"Via Romeo, 40",Acireale,,,https,React,No,Hetzner Online GmbH,66,98,91.00,Sì,No
Villa Delle Palme,Bed & Breakfast,http://www.villadellepalme.it,095 711 6549,"Via Livorno, 143",Aci Castello,,,,WordPress,Non trovato,Server Plan S.r.l.,94,97,36.00,,No
Terrazze Bella Epoque,Alloggio completo di servizi,http://www.terrazzebellaepoque.it,328 776 0715,"Piazza S. Biagio, 7",Acireale,,,http,WordPress,No,Aruba S.p.A.,63,68,85.00,Sì,No
B&B Sotto l'eremo,Bed & Breakfast,http://www.sottoleremo.it,340 490 5659,"Via Eremo Sant'Anna, 29",Aci Catena,,info@sottoleremo.it,https,WordPress,No,Aruba S.p.A.,59,73,92.00,Sì,No
L.G. Appartamento Turistico,Bed & Breakfast,,377 880 5823,"Via Trieste, 39",Acireale,,,,,,,,,,,
Locale Dimora Rurale,Bed & Breakfast,https://www.localedimorarurale.com,389 998 5275,"Contrada Naviccia, snc",Adrano,,,https,React,No,Google LLC,68,95,83.00,Sì,No
Borgo Ginuga,Agriturismo,,329 392 1772,c.da coco,Centuripe,,,,,,,,,,,
B&B Casa degli Ulivi Etna,Bed & Breakfast,http://www.casadegliulivietna.com,346 361 9280,"Via Madonna del Carmelo, 21C",Ragalna,,,https,Magento,No,"Amazon.com, Inc.",82,94,100.00,Sì,No
Bosco Ciancio,Hotel,http://www.boscociancio.eu,095 951 5270,"Strada Provinciale, Via Nicolosi",Biancavilla,,,https,React,No,Google LLC,57,88,100.00,Sì,No
Villa Bonaccorso,Bed & Breakfast,https://www.sicilydiscovery.com,329 614 2010,"Via Sciarelle, 11",Viagrande,,info@sicilydiscovery.com,https,WordPress,Sì,SEEWEB s.r.l.,60,76,85.00,Sì,No
Assabinirica,Bed & Breakfast,,380 864 5847,Contrada oliveto,Acquedolci,,,,,,,,,,,
Siculea Home,Bed & Breakfast,http://www.siculeahome.it,377 326 6099,"Via Tagliamento, 47",Adrano,,,https,React,No,Google LLC,71,87,92.00,Sì,No
Thea B&B,Bed & Breakfast,http://www.bbthea.it,328 831 2835,"Via Cirino Scaglione, 7",Acquedolci,,,http,WordPress,No,Aruba S.p.A. Network,67,93,100.00,Sì,No
Casa Giada,Bed & Breakfast,http://www.casagiada.it,393 248 6510,"Via Alessandro Manzoni, 20",Torrenova,,info@casagiada.it,https,WordPress,No,Aruba S.p.A.,50,60,92.00,Sì,No
Sofíta Sant'Agata di Militello - Rooms & Apartament,Bed & Breakfast,http://www.sofita.it,333 311 6057,"Via Catania, 18",Sant'Agata di Militello,,info@sofita.it,https,WordPress,No,"A2 Hosting, Inc.",63,85,85.00,Sì,No
Antica Acropoli Locazione Turistica Centuripe,Bed & Breakfast,http://www.anticacropoli.com,0935 73971,"Piazza Lanuvio, 23",Centuripe,,anticacropoli@gmail.com,https,Shopify,No,"Squarespace, Inc.",52,72,92.00,Sì,Sì
Casa Gentile Caruso,Bed & Breakfast,http://www.casagentilecaruso.it,350 588 6242,"Via Nazionale, 131",Torrenova,,,https,WordPress,No,Aruba S.p.A.,84,99,100.00,Sì,No
Casa Rossi - Centro Acireale,Bed & Breakfast,https://casarossi.info,327 259 1222,"Via Romeo, 45",Acireale,,,https,WordPress,Sì,HOSTINGER DE,100,100,85.00,Sì,No
B&B Loreto,Bed & Breakfast,http://www.bebloreto.it,349 606 0807,"Via Oreto, 7",Sant'Angelo di Brolo,,info@bebloreto.it,https,WordPress,No,Aruba S.p.A. Network,56,57,85.00,Sì,No
Casa Paola B&B,Bed & Breakfast,,392 694 4034,"Via Musmeci, 25",Acireale,,,,,,,,,,,
Bed & Breakfast StudioArcodia,Bed & Breakfast,https://arcodia.tripcombined.com,0941 797571,"Via Sant'Andrea, 1",San Marco D'alunzio,,,https,React,No,Contabo GmbH,57,84,92.00,Sì,No
B&B Al San Biagio,Bed & Breakfast,https://beb.it/alsanbiagioaceireale,347 770 3625,"Piazza S. Biagio, 18",Acireale,,,https,WordPress,No,"Amazon.com, Inc.",54,82,100.00,Sì,No
Bed and Breakfast MieleZenzero,Bed & Breakfast,,349 289 7110,"Via Carcino, 22",Agrigento,,,,,,,,,,,
Città dei Templi Guest House,Bed & Breakfast,https://citt-dei-templi-guest-house.italiapaesaggiviaggi.top,333 344 4045,"Via Lunga, 4",Agrigento,,,https,React,No,Ipxo LLC,56,85,92.00,Sì,No
Le Dune Beach Bed & Breakfast,Bed & Breakfast,,349 602 8697,"Via Alaimo Giuliano, 6",San Leone,,,,,,,,,,,
B&B La Casa del Ficus,Bed & Breakfast,,340 341 8295,"Via Guardia Stazzo, 18",Acireale,,,,,,,,,,,
La Terrazza di Carolina,Bed & Breakfast,https://www.bblaterrazzadicarolina.it,0922 188 2583,"Cortile Modica I, 1",Agrigento,,info@bblaterrazzadicarolina.it,https,Joomla,Sì,Aruba S.p.A. Network,54,50,92.00,Sì,No
B&B La Perla Nera,Bed & Breakfast,,340 490 3969,"C/da Picinosi, snc",Nissoria,,,,,,,,,,,
B&B Umberto I Nicosia,Bed & Breakfast,,328 800 5797,"Via Umberto I, 34",Nicosia,,,,,,,,,,,
Antico Portale,Bed & Breakfast,,333 329 8437,"Via Concezione, 12",Regalbuto,,,,,,,,,,,
"B&B Villa Concordia - Camere private con terrazzo vicino alla Valle dei Templi, San Leone e Scala dei turchi",Bed & Breakfast,https://beb.it/villaconcordia,339 115 5732,"Via degli Asteroidi, 3",Villaggio Mosè,,,https,React,No,"Amazon.com, Inc.",55,83,100.00,Sì,No
B&B Priscilla Di Concetta Marletta,Bed & Breakfast,,339 811 7484,"Via Gian Filippo Ingrassia, 115",Regalbuto,,,,,,,,,,,
Bed & Breakfast Il Mandorlo - CIN IT084001C1FGZQDGCS,Bed & Breakfast,http://www.ilmandorlo.eu,0922 604331,"Via Imera, 138",Agrigento,,,https,WordPress,No,Aruba S.p.A.,33,68,85.00,Sì,No
bed and breakfast la volpe rossa,Bed & Breakfast,https://bed-and-breakfast-la-volpe-rossa.percorsiitaliani.top,345 069 2981,Vico Giuseppe di Gregorio,Regalbuto,,,https,React,No,Contabo GmbH,55,87,85.00,Sì,No
Signorelli Bed and Breakfast,Bed & Breakfast,,333 716 6520,"Via Fiorenza, 12",Nissoria,,,,,,,,,,,
B&B Villa Antonella,Bed & Breakfast,https://villaantonellabb.com,333 797 3217,"Contrada Castani, snc",Piazza Armerina,,villa.antonella2024@gmail.com,https,React,No,HOSTINGER DE,69,88,100.00,Sì,No
Bed & Breakfast Le Giare,Bed & Breakfast,http://www.legiareaidone.it,327 369 9749,"Via Domenico Minolfi, 13",Aidone,,,http,WordPress,No,Aruba S.p.A. Network,59,65,92.00,Sì,No
Affittacamere e B&B da Pietro,Bed & Breakfast,https://affittacamere-e-bb-da-pietro.albergo.top,340 276 5763,"Km 46/III, SS290, 290",Calascibetta,,,https,WordPress,No,Contabo GmbH,51,88,92.00,Sì,No
La Dolce Vita Regalbuto,Bed & Breakfast,https://www.ladolcevitaregalbuto.com,0935 910554,Contrada Piano Arena,Regalbuto,,,https,Joomla,No,Aruba S.p.A. Network,55,60,92.00,Sì,No
Monia rooms&hospitality,Bed & Breakfast,https://www.moniabb.com,393 765 0834,"Via Chiaranda', 87",Piazza Armerina,,booking@moniabb.com,https,WordPress,Sì,Aruba S.p.A. Network,56,89,92.00,Sì,No
B&B Al Caminetto,Bed & Breakfast,,380 632 7521,C Da Santitta,Aidone,,,,,,,,,,,
B&B Camere e Cassata,Bed & Breakfast,http://www.camereecassata.it,338 634 0496,"Via Cicerone, 96",Agrigento,,bbcamereecassata@gmail.com,https,Shopify,No,"Cloudflare, Inc.",36,44,92.00,Sì,No
B&B Le Stanze Al Centro,Bed & Breakfast,http://le-stanze-al-centro.com.es,324 583 5431,"Via Imera, 33 f",Agrigento,,,,Nuxt.js,Non trovato,arsys.es,57,92,85.00,Stato Non Determinato,No
Agriturismo Giucalem La casa Negli Orti,Agriturismo,http://www.giucalem.com,328 691 3923,Cnt Belverde,Piazza Armerina,,,https,Joomla,Sì,Hetzner Online GmbH,71,94,92.00,Sì,No
Il Centro Short Lets,Bed & Breakfast,https://bb-del-centro.camerainitalia.top,333 271 2156,"Via Luigi Capuana, 2",Valguarnera Caropepe,,,https,WordPress,No,Contabo GmbH,59,84,85.00,Sì,No
B&B Villa Fiorita,Hotel,http://www.bbvillafiorita.it,340 215 2301,Via Fabrizio de André,Piazza Armerina,,info@bbvillafiorita.it,https,Joomla,No,Hetzner Online GmbH,69,94,83.00,Sì,No
Le Camere dell’Emiro,Bed & Breakfast,,333 829 3520,"Via Bagnati, 8",Castronovo di Sicilia,,,,,,,,,,,
Luna d'Arte,Bed & Breakfast,,328 874 1139,"Via Corsica, 9",Mussomeli,,,,,,,,,,,
L' Angolo di Plutia,Bed & Breakfast,https://langolodiplutia.grwebsite.it,351 564 4298,"Via Giacomo Matteotti, 79",Piazza Armerina,,angolodiplutia@gmail.com,https,React,Sì,IMPLIX Sp. z o.o.,71,87,83.00,Sì,No
Agriturismo Casalicchio,Agriturismo,https://www.agriturismocasalicchio.it,333 485 3658,Contrada Casalicchio,Cammarata,,info@agriturismocasalicchio.it,https,WordPress,Sì,Aruba S.p.A.,44,55,85.00,Sì,No
B&B La Terrazza degli Scrittori,Bed & Breakfast,https://laterrazzadegliscrittori.it,379 201 5961,Contrada Bovo,Racalmuto,,laterrazzadegliscrittori@gmail.com,https,Shopify,No,Server Plan S.r.l.,56,81,100.00,Sì,No
Agriturismo Manfredomus,Bed & Breakfast,http://www.manfredomus.it,366 127 0826,"Contrada Castello, snc",Mussomeli,,info@manfredomus.it,https,Shopify,Sì,Aruba S.p.A.,56,74,92.00,Sì,No
Bed And Breakfast Belvedere,Bed & Breakfast,,389 850 3027,"Via Enrico Toti, 57",Casteltermini,,,,,,,,,,,
Nel borgo Di Capri Leone,Bed & Breakfast,,329 5674 8947,"Via Risorgimento, 23",Capri Leone,,,,,,,,,,,
Agriturismo Monticelli,Agriturismo,http://www.agriturismomonticelli.it,0934 963082,Contrada Monticelli,Mussomeli,,agriturismomonticelli@gmail.com,https,WordPress,Sì,OVH SAS,33,55,85.00,Sì,No
Tenuta Lanza Il Mulino,Agriturismo,http://agriturismosicilianoilmulino.it,338 339 1607,Contrada Mulino,Acquaviva Platani,,,https,Joomla,No,Aruba S.p.A.,59,77,58.00,Sì,No
il carro comfortable rooms,Bed & Breakfast,,371 399 9776,C.so Francesco Crispi,San Giovanni Gemini,,,,,,,,,,,
Hotel Piro,Hotel,https://www.hotelpiro.com,0941 785032,"Via Nazionale, 54",Torrenova,,info@hotelpiro.com,https,Joomla,No,Server Plan S.r.l.,77,97,100.00,Sì,No
B&B Trinacria Caccamo Luxury Rooms,Bed & Breakfast,,388 782 3420,"Corso Umberto I, 84",Caccamo,,,,,,,,,,,
Casetta Pizziddu,Hotel,,329 386 1028,Contrada Puzzillo,San Giovanni Gemini,,,,,,,,,,,
Agriturismo La Targa,Agriturismo,http://www.agriturismolatarga.it,091 899 2330,"S.S. 120, Km 5",Cerda,,info@agriturismolatarga.it,http,ASP.NET,No,Aruba S.p.A. Network,76,98,91.00,Sì,No
B&B Gàttina,Bed & Breakfast,https://www.bbgattina.it,320 853 0721,"Contrada Gàttina, 11/a",Naso,,,https,Vue,No,"Amazon.com, Inc.",69,99,100.00,Sì,No
B&B Holiday Home Zolfare,Bed & Breakfast,,338 621 3633,"Via Vittorio Emanuele II, 90",Comitini,,,,,,,,,,,
VILLATRESA,Bed & Breakfast,http://villatresa.it,0941 487043,"Cammara, SUP, 281, 98070",Castell'Umberto,,,http,Shopify,No,Keliweb S.R.L,71,92,100.00,Sì,No
Casa Signora Leena,Bed & Breakfast,,0922 987820,"Via Calderai, 15",Cianciana,,,,,,,,,,,
Crocco D'Oro Di Sireci Vincenza,Hotel,http://www.croccodoro.it,0921 540657,"Via Giuseppe Garibaldi, 75",Caltavuturo,,,http,Jimdo,No,Aruba S.p.A. Network,90,100,55.00,Sì,No
B&B Karima,Bed & Breakfast,,328 754 6911,"Via Catena, 19",Santo Stefano Quisquina,,,,,,,,,,,
Alico,Bed & Breakfast,,339 586 2675,"Via Vittorio Emanuele III, 30",San Biagio Platani,,,,,,,,,,,
Equiturismo San Lorenzo - Villa KAMARA,Hotel,https://villakamara.it,324 592 6979,"Via San Lorenzo, 19",Cammarata,,info@villakamara.it,https,WordPress,No,WIIT AG,68,90,92.00,Sì,No
Agriturismo Lago Verde srl società agricola,Agriturismo,http://www.lagoverdeagriturismo.com,091 821 9121,Contrada Timpi,Alia,,info@lagoverdeagriturismo.it,https,Shopify,No,Host SpA,56,74,100.00,Sì,No
Porta Soprana luxury guest House & spa,Bed & Breakfast,https://www.porta-soprana.com,389 635 9592,"Via Regina Elena, 19",Sclafani Bagni,,,https,Shopify,Sì,"Cloudflare, Inc.",55,78,92.00,Sì,No
B&B D'ALTRITEMPI - elegance in Cianciana,Bed & Breakfast,,349 810 5724,"Via Gioacchino Rossini, 28",Cianciana,,,,,,,,,,,
BeB Dragotto Rifesi,Bed & Breakfast,,338 235 3376,Contrada Vallonello snc,Burgio,,,,,,,,,,,
LA CASA DEL BORGO,Bed & Breakfast,,348 859 4575,"Via Nazionale, 27",Petralia Soprana,,,,,,,,,,,
Affittacamere La Cartiera,Hotel,,091 834 8396,Via Rosolino Pilo,Palazzo Adriano,,,,,,,,,,,
Halykos S.R.L.,Hotel,http://www.halykos-hotel.it,0922 904296,"Via Bonfiglio, 20",Cammarata,,info@halykos-hotel.it,https,WordPress,No,Aruba S.p.A.,48,77,92.00,Sì,No
Al Vicolo Apartments,Bed & Breakfast,,393 440 7609,"Vicolo Scavi, 2",Enna,,,,,,,,,,,
Casa del monte Locazione Turistica,Bed & Breakfast,,329 077 6099,"Via Silvio Pellico, 19",Enna,,,,,,,,,,,
B&B Domus Lilio,Bed & Breakfast,http://www.domuslilio.com,327 382 9840,"Via Federici, 14",Petralia Sottana,,info@domuslilio.com,http,ASP.NET,No,Aruba S.p.A. Network,86,99,100.00,Sì,No
Camere D'Artista,Bed & Breakfast,,351 694 0085,"Via Roma, 264",Enna,,,,,,,,,,,
Agriturismo Villa Assunta,Agriturismo,https://www.agriturismovillaassunta.it,339 201 5714,C/da Musciarello,Santa Caterina Villarmosa,,,https,ASP.NET,No,Aruba S.p.A. Network,50,49,82.00,Sì,No
Bed And Breakfast Ulivo,Bed & Breakfast,,366 477 2955,"Via Ettore Maiorana, 75",Trabia,,,,,,,,,,,
Orto Raccolto,Bed & Breakfast,,339 480 8780,Contrada Arancio,Termini Imerese,,,,,,,,,,,
Costapicca B&B,Bed & Breakfast,,339 269 9039,"C. Costa, 37",Alcamo,,,,,,,,,,,
Il Cortile Holiday House,Bed & Breakfast,,327 112 0159,"Via Orto degli Angeli, 16",Caccamo,,,,,,,,,,,
B&b La Terrazza sulle Madonie di Daniela Russo,Bed & Breakfast,https://laterrazzasullemadonie.it,339 726 4622,"Via Arno, 2-1",Nociazzi,,beb.danielarusso@libero.it,http,ASP.NET,No,Host SpA,74,81,92.00,Sì,No
Le Due Sicilie B&B - CIN IT082044C1HCL3FJEB,Bed & Breakfast,http://www.leduesiciliebb.it,371 314 0108,"Via Libertà, 45/47",Lascari,,,https,WordPress,No,"Amazon.com, Inc.",55,94,100.00,Sì,No
Casa Vacanze Sosta dei Garibaldini,Bed & Breakfast,https://casa-vacanze-sosta-dei-garibaldini.albergo.top,0921 933553,"Via Roma, 21",Campofelice di Roccella,,,https,WordPress,No,Contabo GmbH,55,86,92.00,Sì,No
B&B Aliva,Bed & Breakfast,https://www.bnbaliva.it,0924 534959,"Via Giovanni Amendola, 49",Alcamo,,bnbaliva@gmail.com,https,WordPress,No,Aruba S.p.A. Network,56,73,92.00,Sì,No
B&B Ci Vulia,Bed & Breakfast,,329 449 6810,"Contrada Molinello, 386/a",Alcamo,,,,,,,,,,,
Hotel Centrale Spa & Relax,Albergo benessere,http://www.hotelcentrale.sicilia.it,0924 507845,"Via Giovanni Amendola, 24",Alcamo,,info@hotelcentrale.sicilia.it,https,WordPress,No,"Cloudflare London, LLC",56,57,85.00,Sì,No
B&B Lastracu,Bed & Breakfast,,338 769 0526,"SS187, n°80",Castellammare del Golfo,,,,,,,,,,,
Ideal Residence & SPA,Residence,http://www.residenceideal.it,347 895 2710,"Via Ludovico Ariosto, 22",Alcamo,,,https,React,No,Google LLC,62,75,66.00,Sì,No
La casetta della stazione,Bed & Breakfast,,351 137 3374,"Via Filippo Corazza, 61",Palermo,,,,,,,,,,,
Antico Canale Bed & Breakfast,Bed & Breakfast,http://www.anticocanale.com,339 242 4742,"Via Plaia, 15",Castellammare del Golfo,,info@anticocanale.com,https,WordPress,No,Aruba S.p.A. Network,55,59,92.00,Sì,No
Apartment di Nick,Bed & Breakfast,,379 223 9476,"Corso dei Mille, 175",Palermo,,,,,,,,,,,
Sui tetti b&b,Bed & Breakfast,,327 857 0075,"Via Fratelli Sant'Anna, 58",Alcamo,,,,,,,,,,,
Alkamuri Posh Hotel & Spa,Albergo benessere,http://www.alkamuri.it,0924 040147,"Via Madonna del Riposo, 145",Alcamo,,info@alkamuri.it,https,React,Sì,Aruba S.p.A.,55,64,92.00,Sì,No
B&B Casa Azul,Bed & Breakfast,http://www.bbcasazul.com,327 131 2954,"Contrada Molinello, 31",Castellammare del Golfo,,bebcasaazul@gmail.com,https,Wix,Sì,Google LLC,52,67,100.00,Sì,No
Scic House,Bed & Breakfast,https://www.scichouse.it/it,320 422 1807,"Via Vincenzo Miceli, 10",Palermo,,,https,Joomla,No,"Amazon.com, Inc.",76,79,100.00,Sì,No
Narbone42,Bed & Breakfast,,347 126 5716,"Via Alessio Narbone, 42",Palermo,,,,,,,,,,,
le casette di Filippina - Affitti Brevi Policlinico,Hotel,http://www.lecasettedifilippina.it,345 510 1777,"Via Salvatore Morso, 35",Palermo,,lecasettedifilippina@gmail.com,https,Canva Websites,No,"Cloudflare London, LLC",57,73,82.00,Sì,No
B&B LA CALETTA,Bed & Breakfast,http://www.lacalettabb.eu,335 753 7797,"Piano Torre, 17",Santa Flavia,,,http,Joomla,No,SEEWEB s.r.l.,73,100,92.00,Sì,No
Le stanze di Aurora,Bed & Breakfast,https://www.lestanzediaurora.it,375 787 2656,"Via Enrico Toti, 112",Palermo,,,https,Typo3,No,"Amazon.com, Inc.",69,95,100.00,Sì,No
La Dimora dei Paladini,Bed & Breakfast,https://www.ladimoradeipaladini.com,351 336 4024,"Corso Butera, 232",Bagheria,,info@ladimoradeipaladini.com,https,Shopify,Sì,Aruba S.p.A.,56,82,100.00,Sì,No
Bed & Breakfast Rampante,Bed & Breakfast,http://www.bebrampante.com,328 108 6677,"101/103, Via Francesco Crispi",Piana degli Albanesi,,bebcavallinorampante@libero.it,https,React,No,Aruba S.p.A. Network,45,91,91.00,Sì,No
Borgata Cipampini,Pensione,,335 168 8235,"Cipampini Via Luigi Capuana 35, Bompietro, 90026",Petralia Soprana,,,,,,,,,,,
PAESE ALBERGO ALBANESE,Bed & Breakfast,,388 600 0604,C.DA GIAIA SNC,Blufi,,,,,,,,,,,
Bed and Breakfast ”Polizzi House”,Bed & Breakfast,https://sites.google.com/view/bed-and-breakfast-polizzihouse,389 494 4985,"Via S. Giuliano, 18-22",Petralia Sottana,,polizzihouse.beb@libero.it,https,Angular,No,Google LLC,56,73,75.00,Sì,No
Olinad rooms,Bed & Breakfast,,329 976 3448,"Via G. Guzzio, 36",Castelbuono,,,,,,,,,,,
B&B La Casa In Pietra,Bed & Breakfast,https://codicesicilynegozi.com/2017/05/24/casa-di-pietra,328 191 4175,"Via Piano Castelnuovo , 16",Santa Caterina Villarmosa,,sergiorol@gmail.com,https,Angular,No,"Automattic, Inc",57,95,92.00,Sì,No
B&B Villa Aresco,Bed & Breakfast,,393 946 9825,"Via del Bosco, 160",Mascalucia,,,,,,,,,,,
Il Giovaiellino,Bed & Breakfast,http://il-giovaiellino.italianeisole.it,392 183 4816,"Via III Traversa, 80",Belpasso,,,http,React,No,OVH SAS,55,97,83.00,Sì,No
B&B BcenS la città delle 100 sculture,Bed & Breakfast,https://bcens.it,348 883 1505,"Via Roma, 265",Belpasso,,,https,Shopify,No,Contabo GmbH,61,88,83.00,Sì,No
B&B PRIMACLASSE,Bed & Breakfast,http://www.bebprimaclasse.it,338 651 8191,"Via Giuseppe Ungaretti, 9",Belpasso,,,http,Weebly,Sì,"Weebly, Inc.",64,75,100.00,Sì,No
Agriturismo Giardino Donna Lavia - Polizzi Generosa - Parco delle Madonie - Ristorante,Agriturismo,http://www.giardinodonnalavia.com,0921 551104,"Contrada Donna Laura SNC, 90028",Polizzi Generosa,,info@giardinodonnalavia.com,https,WordPress,Sì,SEEWEB s.r.l.,73,86,100.00,Sì,No
B&B A casa dell'artista,Bed & Breakfast,,329 403 8490,"Via Catania, 6",Casteldaccia,,,,,,,,,,,
B&B Mount Etna,Bed & Breakfast,https://www.bbmountetna.com,373 839 1876,"Via Alcide de Gasperi, 66",Belpasso,,,https,WordPress,No,Aruba S.p.A.,56,68,92.00,Sì,No
Bed and Breakfast Belpasso - Le Meraviglie dell'Etna,Bed & Breakfast,http://www.lemeravigliedelletna.com,348 165 8266,"Via Regina Elena, 120",Belpasso,,,https,WordPress,No,SEEWEB s.r.l.,74,98,85.00,Sì,No
B&B 5 Sensi,Bed & Breakfast,http://www.bb5sensi.it,095 791 1366,"Via IX Traversa, 51",Belpasso,,info@bb5sensi.it,https,WordPress,No,Seeweb srl,62,76,85.00,Sì,No
B&B Donna Sabella,Bed & Breakfast,,091 939 0055,"Via Crollalanza, N13",Santa Flavia,,,,,,,,,,,
Bed and Breakfast Bellini,Bed & Breakfast,http://www.bellinibelpasso.it,351 384 2562,"Via Vincenzo Bellini, 46",Belpasso,,info@bellinibelpasso.it,https,WordPress,Sì,Aruba S.p.A. Network,52,68,85.00,Sì,No
B&B Patty's House,Bed & Breakfast,http://www.bbadrano.ct.it,348 583 8840,"Via Madonna delle Grazie, 16",Adrano,,,http,WordPress,No,Aruba S.p.A.,72,97,85.00,Sì,No
B&B La Marica,Bed & Breakfast,http://www.beblamarica.com,377 376 1168,"Via Cappuccini, 100-98",Adrano,,lamarica.beb@gmail.com,https,WordPress,No,"Cloudflare, Inc.",54,63,92.00,Sì,No
Dimore Hyblon,Bed & Breakfast,https://dimorehyblonpantalica.com,338 431 3583,"Piazza Matrice, 2",Cassaro,,dimorehyblon@gmail.com,https,Canva Websites,No,"Cloudflare London, LLC",41,59,91.00,Sì,No
La Gardenia,Bed & Breakfast,,338 453 0517,"Via Pietro Micca, 27",Licodia Eubea,,,,,,,,,,,
Antico Casale Formica,Bed & Breakfast,https://casaleformica.it,366 645 2963,"Via Primo Consona, 7",Bagheria,,,https,Joomla,No,HOSTINGER FR,70,60,85.00,Sì,No
Hotel Torre Normanna,Hotel,http://www.torrenormanna.it,091 950800,Strada Comunale Piano Torre,Altavilla Milicia,,normanna@torrenormanna.com,http,WordPress,Sì,OVH SAS,54,56,85.00,Sì,No
B&B Affittacamere,Alloggio completo di servizi,,333 147 3393,"Via Principe di Cassaro, 62",Sortino,,,,,,,,,,,
Vento del Sud,Bed & Breakfast,https://vento-del-sud.amolitalia.top,348 492 8118,"S.S 514, km 8",Chiaramonte Gulfi,,,https,WordPress,No,Contabo GmbH,48,83,92.00,Sì,No
Casa dei Giurati,Bed & Breakfast,https://giurati.tripcombined.com,338 748 4163,"Via Guglielmo Messina, 2",Palazzolo Acreide,,,https,React,No,Contabo GmbH,57,90,92.00,Sì,No
Casa Giufà b&b,Bed & Breakfast,,339 212 5308,"Contrada Lago, 4",Chiaramonte Gulfi,,,,,,,,,,,
B&B I Cinque Continenti,Bed & Breakfast,,327 596 2741,"Via Piccola Teatro S. Cecilia, 5/1° piano",Palermo,,,,,,,,,,,
Cosi Priziusi B&B Relais,Bed & Breakfast,https://cosipriziusi.it,338 136 3042,"Contrada corvo, snc",Vizzini,,info@cosipriziusi.com,https,WordPress,No,Aruba S.p.A. Network,62,84,69.00,Sì,No
Experience Il Paesino - bed and breakfast -dove dormire licodia eubea- tour -Paesino tipico sicilia,Bed & Breakfast,https://www.ilpaesino.it,349 722 3126,"Piazza Giuseppe Garibaldi, 8",Licodia Eubea,,info@ilpaesino.it,https,WordPress,No,Netsons Network,36,50,85.00,Sì,No
Agriturismo Roccadia,Agriturismo,https://www.roccadia.com,095 990362,C.Da Roccadia Sn,Carlentini,,,https,React,No,Google LLC,69,94,83.00,Sì,No
Bouganvillea Home,Bed & Breakfast,,334 804 0289,"Viale degli Astronauti, 61 bis",Altofonte,,,,,,,,,,,
Rifugio di Galte,Bed & Breakfast,,389 492 3306,"Via Cagliari, 20",Galtellì,,,,,,,,,,,
Antale,Bed & Breakfast,https://antale.bedsandhotels.com,334 206 3186,"Via Perpignan, 58",Alghero,,,https,React,No,Hetzner Online GmbH,79,97,91.00,Sì,No
Fuddia Room & Suite,Bed & Breakfast,,329 067 1211,"Via Cuba, 29",Palermo,,,,,,,,,,,
B&B Anzelmo,Bed & Breakfast,,0925 64115,"Via F. Crispi, 95",Burgio,,,,,,,,,,,
Bella Vista,Bed & Breakfast,https://www.bedandbreakfastbellavista.com,346 672 0596,"Via De Gasperi, 11",Dorgali,,bellavistadorgali@gmail.com,https,WordPress,No,Aruba S.p.A. Network,65,64,92.00,Sì,No
Il Principe B&B,Bed & Breakfast,http://www.ilprincipebeb.com,333 655 5081,"Via Marchesi di Granatelli, 8",Alì Terme,,,https,React,No,Aruba S.p.A. Network,70,88,92.00,Sì,No
Ficodindia rooms Sortino Pantalica,Bed & Breakfast,https://ficodindiarooms.it,366 168 2031,Ronco II di Via S. Francesco,Sortino,,ficodindiarooms@gmail.com,https,WordPress,No,Server Plan S.r.l.,56,67,54.00,Sì,No
Affittacamere Vivere la Ciambra,Bed & Breakfast,http://mosaicoarte.altervista.org,091 640 6036,"Via G. Millunzi, 4",Monreale,,,http,React,No,Hetzner Online GmbH,76,86,83.00,Sì,No
Locanda Gulfi,Ristorante,http://www.gulfi.it,0932 928081,"Contrada Patrìa, sn",Chiaramonte Gulfi,,,https,React,No,Microsoft Corporation,60,87,91.00,Sì,No
Bed and Breakfast Sotto le Stelle,Bed & Breakfast,http://www.bbsottolestelle.it,338 281 7862,"Via S. Paolo, 35",Caltabellotta,,info@bbsottolestelle.it,https,Shopify,No,Aruba S.p.A.,27,17,77.00,Sì,No
Sicilian Manor,Hotel,,338 308 5897,Via Favorita,Villafranca Sicula,,,,,,,,,,,
Sicilia Bedda B&B,Bed & Breakfast,http://www.siciliabeddanizza.netsons.org,342 521 2472,"Via Lungomare Unità dell'Italia, 156",Nizza di Sicilia,,siciliabeddabebnizza@gmail.com,https,Mobirise,No,Netsons Network,68,88,92.00,Sì,No
B&B Le Foglie d'Argento,Bed & Breakfast,http://www.lefogliedargento.it,349 169 9468,Contrada Giraffe,Caltabellotta,,,https,React,No,Aruba S.p.A,63,57,73.00,Sì,No
B&B Villa Brezza Marina,Bed & Breakfast,,349 391 1288,Via Maestro Guglielmo,Alì Terme,,,,,,,,,,,
Agriturismo Tenute Piazza,Agriturismo,https://www.tenutepiazza.com,339 440 9061,c.da Musiti,Ribera,,tenutapiazza@gmail.com,https,React,Sì,Aruba S.p.A. Network,56,71,85.00,Sì,No
Costa Makauda Residence,Alloggi al coperto,http://www.costamakauda.it,0925 997126,Contrada Macauda,Sciacca,,info@costamakauda.it,https,WordPress,Sì,Aruba S.p.A. Network,72,93,92.00,Sì,No
Abbazia Santa Maria Del Bosco,Hotel,http://www.abbaziasantamariadelbosco.it,091 619 8247,SP35,Contessa Entellina,,,http,WordPress,Sì,Aruba S.p.A.,56,60,100.00,Sì,No
Pensione Ristorante Silvia,Ristorante di pesce,http://www.pensionesantantonio.it,0942 791864,"Via Massimo D'Azeglio, 8",Furci Siculo,,pensionesantantonio@gmail.com,http,ASP.NET,No,Aruba S.p.A.,99,100,91.00,Sì,No
La Regina di Adrano,Bed & Breakfast,,338 205 4646,Contrada Adragna,Sambuca di Sicilia,,,,,,,,,,,
The Blue and Red Rooms - Bed and Breakfast Bagheria - B&B -,Bed & Breakfast,,331 817 3101,"Via Dante Alighieri, 107",Bagheria,,,,,,,,,,,
Liberty B&B,Bed & Breakfast,http://www.libertybeb.it,339 570 5625,"Via Santa Maria Teresa Federico, 1",Alì Terme,,info@liberybeb.it,https,Angular,No,"Squarespace, Inc.",56,85,82.00,Sì,No
B&B Rossana - Wi-Fi Incluso,Bed & Breakfast,,0942 715981,"Via Lungomare, 22/A",Alì Terme,,,,,,,,,,,
Il Covo dei Re,Bed & Breakfast,http://www.ilcovodeire.it,339 226 9011,"Via Umberto I, 25",Fiumedinisi,,info@ilcovodeire.it,http,WordPress,No,Aruba S.p.A.,86,97,85.00,Sì,No
B&B Medusa,Bed & Breakfast,,338 309 0575,"Via Affatigato, 5",Santa Flavia,,,,,,,,,,,
B&B Bagheria,Bed & Breakfast,,328 827 5481,"Via Bernardo Mattarella, 20",Bagheria,,,,,,,,,,,
Villa Scaduto Residence,Hotel,https://www.villascadutoresidence.it,091 931320,"Corso Baldassare Scaduto, 9",Bagheria,,info@villascadutoresidence.it,https,WordPress,Sì,Aruba S.p.A. Network,34,46,92.00,Sì,No
B&B Palazzo Corselli,Bed & Breakfast,https://corselli.bedsandhotels.com,333 614 5598,"Corso Butera, 100",Bagheria,,,https,React,No,Hetzner Online GmbH,56,98,91.00,Sì,No
Bed & Breakfast Marina d’Aspra,Bed & Breakfast,,340 081 5242,"Via Concordia Mediterranea, 6b",Aspra,,,,,,,,,,,
Hotel San Pietro Beach,Hotel,https://hotelsanpietrobeach.com,0942 327002,Via Luigi Rizzo,Letojanni,,,https,Shopify,No,Hetzner Online GmbH,59,82,82.00,Sì,No
Bed&Breakfast ARENA,Bed & Breakfast,,329 744 4524,"Via S. Aldisio, 10",Bagheria,,,,,,,,,,,
b&b Casa Ruffino,Bed & Breakfast,http://www.casaruffino.it,342 150 7679,"Via Madonna del Ponte, 49",Balestrate,,,https,Squarespace,No,"Amazon.com, Inc.",62,92,100.00,Sì,No
Casa Vacanze del Corso,Bed & Breakfast,,348 376 4751,"Corso Umberto I, 150",Bagheria,,,,,,,,,,,
Butera 505 Luxury Suites,Bed & Breakfast,https://www.butera505.com,328 961 9179,Corso Butera,Bagheria,,butera505luxurysuites@gmail.com,https,Shopify,Sì,Keliweb S.R.L,65,70,92.00,Sì,No
Villaoltremare resort,Albergo benessere,http://www.villaoltremareresort.it,091 274 1949,"Via S. Giovanni Bosco, sn",Bagheria,,villaoltremareresort@gmail.com,https,ASP.NET,No,Aruba S.p.A. Network,55,74,100.00,Sì,No
B&B Balestrate,Bed & Breakfast,,339 607 0601,"Via Vincenzo Florio, 79",Balestrate,,,,,,,,,,,
Ciao Appartamenti,Bed & Breakfast,https://www.ciaoappartamenti.it,388 057 4645,"Via Santa Caterina da Siena, 18",Balestrate,,info@ciaoappartamenti.it,https,WordPress,Sì,Aruba S.p.A.,59,87,92.00,Sì,No
Villa Rosa Bella Vista Balestrate,Bed & Breakfast,,389 891 5160,"Via Carlo Alberto Dalla Chiesa, 14",Balestrate,,,,,,,,,,,
La Maiolica B&B,Hotel,https://la-maiolica-bb.italiapaesaggiviaggi.top,350 155 4443,"Via Monte Grappa, 88b",Balestrate,,,https,WordPress,No,Ipxo LLC,54,85,92.00,Sì,No
B&B Miroca,Bed & Breakfast,,339 480 5117,"Via Consolare Valeria, 59/A",Sant'Alessio Siculo,,,,,,,,,,,
Castello D'Alcontres B&B,Bed & Breakfast,http://www.castellodalcontres.com,393 988 9750,"Piazza Cianciolo, 1",Nizza di Sicilia,,castellodalcontres@gmail.com,https,WordPress,No,"DigitalOcean, LLC",55,62,100.00,Sì,No
Hotel Costa Azul,Hotel,http://www.hotelcostaazul.it,091 878 6994,Contrada Forgia,Balestrate,,info@hotelcostaazul.it,https,ASP.NET,No,Aruba S.p.A.,65,80,100.00,Sì,No
vanity spa hotel,Hotel,http://www.vanityspa.it,091 888 4175,"Via Roma, 65",Balestrate,,,http,ASP.NET,No,Aruba S.p.A. Network,60,95,100.00,Sì,No
Valle D'Agrò B&B - Pizzeria - Ristorante -,Bed & Breakfast,http://www.bbvalledagro.com,327 172 2113,"Via Rina, 118",Savoca,,concettoscandurra@gmail.com,https,WordPress,Sì,Aruba S.p.A.,38,55,92.00,Sì,No
Orlando Bayview,Hotel,http://www.orlandobayview.com,389 765 6630,"Via Giovanni Pascoli, 1",Balestrate,,info@orlandobayview.it,https,Magento,No,Hetzner Online GmbH,61,0,100.00,Sì,No
Akron B&B,Bed & Breakfast,https://akron-bb.percorsiitaliani.top,329 619 0851,"Via dei Pescatori, 6",Sant'Alessio Siculo,,,https,React,No,Contabo GmbH,53,83,77.00,Sì,No
Hotel La Grotta Di Foti Santo,Hotel,https://la-grotta-hotel.tipsitaly.top,0942 750600,"Via Consolare Valeria, 218",Sant'Alessio Siculo,,,https,WordPress,No,Contabo GmbH,48,87,85.00,Sì,No
B&B Mareagrò,Bed & Breakfast,http://www.bbmareagro.com,340 309 6605,"V. Agrò, 18",Santa Teresa di Riva,,info@bbmareagro.com,http,WordPress,Sì,IT.Gate S.p.A.,57,73,100.00,Sì,No
B&B Al 258,Bed & Breakfast,http://www.beb-al258.it,348 910 9927,"Via F. Crispi, 258",Santa Teresa di Riva,,info@beb-al258.it,http,WordPress,No,Aruba S.p.A. Network,59,68,92.00,Sì,No
Agriturismo Pilato - Antillo,Agriturismo,https://agriturismo-pilato-antillo.dormireinitalia.top,0942 436156,"Contrada Pilato,",Antillo,,,https,WordPress,No,Contabo GmbH,60,88,85.00,Sì,No
Hotel Donna Rosa,Hotel,http://www.hoteldonnarosa.it,0942 756944,"Via Consolare Valeria, 225",Sant'Alessio Siculo,,info@hoteldonnarosa.it,https,Angular,Sì,Aruba S.p.A.,59,93,100.00,Sì,No
Agrodolce,Bed & Breakfast,,340 832 2800,"Via Giuseppe Garibaldi, 367",Barcellona Pozzo di Gotto,,,,,,,,,,,
Villa Manno,Bed & Breakfast,http://www.villamanno.it,090 976 2822,"Via Ragusa, 31/2",Barcellona Pozzo di Gotto,,info@villamanno.it,https,React,Sì,Netsons s.r.l.,63,59,92.00,Sì,No
B&B IRMA,Hotel,https://bb-irma.bedsandhotels.com,330 850 253,"Via Alcide de Gasperi, 28",Olivarella-Corriolo,,,https,React,No,Hetzner Online GmbH,63,99,91.00,Sì,No
B&B Màkari holiday home,Bed & Breakfast,https://makari.bedsandhotels.com,345 464 5208,"Via Catili, 105",Barcellona Pozzo di Gotto,,,https,React,No,Hetzner Online GmbH,77,90,91.00,Sì,No
B&B Macalube,Bed & Breakfast,,333 397 3458,"Via Fontes Episcopi, 25",Aragona,,,,,,,,,,,
BAARIA House Hotel,Bed & Breakfast,https://www.baariahousehotel.com/it,346 707 5870,"Via Regina Margherita, 106",Barcellona Pozzo di Gotto,,baariahousehotel@gmail.com,https,Shopify,No,"Cloudflare, Inc.",52,54,92.00,Sì,No
Seme d'Arancia ::: Bed & Breakfast,Bed & Breakfast,,090 970 3762,"Via Operai, 50",Barcellona Pozzo di Gotto,,,,,,,,,,,
Colle Greco,Bed & Breakfast,https://colle-greco.eu,348 234 5449,"Via Saponara, 27",Agrigento,,,,WordPress,Sì,Netsons s.r.l.,76,97,100.00,Sì,No
B&B Domus 65,Bed & Breakfast,https://beb-domus-65.com,329 372 4118,"Via Enrico de Nicola, 65",Aragona,,,https,React,No,wix com inc,70,89,92.00,Sì,No
Il Moro - Agrigento Rooms,Bed & Breakfast,https://www.ilmoroagrigento.it,324 987 3823,"Viale Aldo Moro, 234",Favara,,info@ilmoroagrigento.it,https,Joomla,No,SEEWEB s.r.l.,66,78,92.00,Sì,No
B&B AURORA,Bed & Breakfast,,338 717 6845,"Via Aquila D'Oro, 1",Piazza Armerina,,,,,,,,,,,
B&B Dante,Bed & Breakfast,http://www.bbdantebarrafranca.it,339 354 4726,"Via Dante, 7",Barrafranca,,info@bbdantebarrafranca.it,https,WordPress,Sì,Keliweb S.R.L,65,85,85.00,Sì,No
B & B La Primula,Bed & Breakfast,https://bb-la-primula.miglioriviaggi.top,328 702 4399,bivio catena,Barrafranca,,,https,React,No,Contabo GmbH,57,85,85.00,Sì,No
Casa Anticamenta / Locazione Turistica,Hotel,https://casa-anticamenta-locazione-turistica.dormireinitalia.top,333 328 1290,Contrada Menta,Pietraperzia,,,https,WordPress,No,Contabo GmbH,57,84,85.00,Sì,No
B&B Armonia - Enna,Bed & Breakfast,https://armoniabedandbreakfast.it,389 003 2110,Str. Consortile Bruchito Tratto di Zagaria,Enna,,,https,Joomla,Sì,Akamai Technologies,31,69,92.00,Sì,No
B&B La Casa dell'Artista,Bed & Breakfast,,339 627 3147,"Contrada Sparacio, Snc",Assoro,,,,,,,,,,,
B&B Al Gallo Grasso,Bed & Breakfast,,339 591 1855,"Via Francesco Crispi, 154",Leonforte,,,,,,,,,,,
B&B Casa Museo Elio Romano,Alloggi al coperto,,0935 669868,Contrada morra assoro,Assoro,,,,,,,,,,,
384 Guesthouse,Bed & Breakfast,,328 139 6448,"Via Roma, 384",Enna,,,,,,,,,,,
La Casa Du Barone,Bed & Breakfast,,347 804 9385,"Via Nazionale, 168",Falcone,,,,,,,,,,,
B&B Stazione Dittaino,Bed & Breakfast,http://www.bebstazionedittaino.it,350 522 7688,Zona industriale Dittaino,Assoro,,info@bebstazionedittaino.it,https,React,No,Aruba S.p.A. Network,60,93,100.00,Sì,No
B&B SCIARAMMOLA,Bed & Breakfast,,338 874 5776,Contrada Scarpilia n. 44/A,Patti,,,,,,,,,,,
Bed & Breakfast - Dolmen House,Bed & Breakfast,,329 231 0821,"Via Provinciale, 107",Montalbano Elicona,,,,,,,,,,,
Bed & Breakfast Pokerdassi,Bed & Breakfast,http://www.bebpokerdassi.it,0935 902415,"Corso Umberto, 574",Leonforte,,info@bebpokerdassi.it,https,WordPress,No,WIIT AG,56,70,92.00,Sì,No
B&B Xenia,Bed & Breakfast,https://www.bbxeniapatti.it,334 157 8985,"Via Catania, 10",Patti,,,https,Joomla,No,"Cloudflare, Inc.",42,69,77.00,Sì,No
Eksotika room & spa,Bed & Breakfast,http://www.eksotika.it,320 552 3312,Via Gaspare Amodeo,Oliveri,,,https,Shopify,No,OVH SAS,49,62,92.00,Sì,No
Villa Magnolia,Bed & Breakfast,,335 658 9110,Contrada Campolato Basso,Augusta,,,,,,,,,,,
I3Mori,Bed & Breakfast,https://i3mori.italiacongusto.top,348 730 2009,"Via Spiaggia Cantoni, N° 64",Barcellona Pozzo di Gotto,,,https,WordPress,No,Ipxo LLC,49,87,92.00,Sì,No
Casa Giulia,Bed & Breakfast,https://casa-giulia.bedsandhotels.com,349 147 1515,Via S. Pietro Martire,Augusta,,,https,React,No,Hetzner Online GmbH,77,98,91.00,Sì,No
B&B Villa Ciuri Ciuri,Bed & Breakfast,http://www.bnbciuriciuri.it,392 256 6419,"Via S. Randone, 60",Augusta,,info@bnbciuriciuri.it,http,WordPress,No,Genesys Informatica S.r.l,74,91,83.00,Sì,No
Affitta Camere b&b Al Bosco Ficuzza,Bed & Breakfast,http://www.alboscoficuzza.it,091 877 6123,"Via Vittorio Emanuele, 36",Ficuzza,,,https,ASP.NET,No,Aruba S.p.A. Network,65,81,82.00,Sì,No
Il Giardino di Zefiro,Bed & Breakfast,http://ilgiardinodizefiro.it,339 701 3091,Via Statale Saliceto 45,Gioiosa Marea,,,https,Joomla,Sì,"Cloudflare, Inc.",35,48,100.00,Sì,No
Le Tre Caravelle,Bed & Breakfast,https://tre-caravelle.bedsandhotels.com,333 769 3328,"Via degli Abeti, 4",Trabia,,,https,React,No,Hetzner Online GmbH,75,98,91.00,Sì,No
Bed and Breakfast Case Giannone,Bed & Breakfast,http://www.casegiannone.com,328 542 9097,Via Luigi Einaudi,Santa Flavia,,casegiannone@gmail.com,https,Wix,No,Google LLC,66,93,92.00,Sì,No
B&B De Spuches House Via Liccio n.40/A Caccamo,Hotel,,338 924 3831,"Via Liccio, Via Siragusa",Caccamo,,,,,,,,,,,
B&B A' NASSA,Bed & Breakfast,,327 560 8826,Via Cascino,Trabia,,,,,,,,,,,
Guest House San Domenico,Bed & Breakfast,https://www.hotelscheck-in.com/guest-house-san-domenico-italy/it,0931 991726,"Vicolo S. Domenico, 6",Augusta,,,https,React,No,"Cloudflare, Inc.",37,97,85.00,Sì,No
Le Tre Punte B&B,Bed & Breakfast,,338 220 7643,"Via 1° Maggio, 2",Avola,,,,,,,,,,,
Miramare Rooms,Bed & Breakfast,http://www.miramarerooms.it,348 721 2025,"Via Miramare, 3",Avola,,,https,Squarespace,No,"Amazon.com, Inc.",56,76,100.00,Sì,No
B&B La Terrazza sul mare,Bed & Breakfast,https://laterrazzasulmare.com,0931 823973,"Via Pietro Metastasio, 6",Avola,,info.laterrazzasulmare@gmail.com,https,WordPress,No,OVH ISP,70,88,85.00,Sì,No
Fiandaca Attilio,Bed & Breakfast,,0921 642045,"Contrada Maimone, Castellana Sicula, PA 90020",Castellana Sicula,,,,,,,,,,,
B&B Stella del Sud,Bed & Breakfast,http://www.avolastelladelsud.eu,391 333 8676,"Via D'Agata Micale, 102",Avola,,veraorstelladelsud@hotmail.com,https,WordPress,No,Aruba S.p.A.,56,64,92.00,Sì,No
Locanda di Cadì,Locanda,http://www.lalocandadicadi.it,338 289 0100,Borgo Cipampini,Petralia Soprana,,,http,ASP.NET,No,Aruba S.p.A. Network,100,100,80.00,Sì,No
Zanzi 's Charming Rooms,Bed & Breakfast,https://zanzibarholidayavola.it,347 742 1395,"Via Procida, 77",Avola,,info@zanzibarholidayavola.it,https,WordPress,No,Aruba S.p.A.,64,86,85.00,Sì,No
Baroon - Bistrot & B&B,Ristorante,,0921 994590,"Via Itria, 3",Polizzi Generosa,,,,,,,,,,,
Casa in affitto Casa e Putia,Bed & Breakfast,http://www.casaeputia.it,333 147 6972,"C.so Giuseppe Fedele Vitale, 113",Gangi,,,https,Joomla,No,Host SpA,65,90,92.00,Sì,No
Magico Appartamenti Scafa,Bed & Breakfast,https://www.casevacanzacapodorlando.it,351 888 5869,Magico Appartamenti Scafa Ss113 Km 101 accanto casello ANAS,Capo d'Orlando,,info@magicoappartamenti.it,https,WordPress,Sì,Aruba S.p.A.,65,89,100.00,Sì,No
Antico Resort Cerasella,Sala eventi,http://www.anticoresortcerasella.it,380 383 8907,Contrada Cerasella,Petralia Soprana,,info@anticoresortcerasella.it,https,WordPress,Sì,"Cloudflare, Inc.",56,72,85.00,Sì,No
Residence Bianca Lancia Brolo,Residence,,393 978 0781,"Via Onorevole A. Germanà, 27",Brolo,,,,,,,,,,,
Le Vele Residence&Pool,Residence,https://le-vele-resort.hotelpreferito.top,392 057 9222,Via Santa Barbara,Brolo,,,https,React,No,Contabo GmbH,59,87,85.00,Sì,No
AL 136 Bed and Breakfast,Bed & Breakfast,,371 652 2793,"Via Trazzera Marina, 136/Piano terra",Capo d'Orlando,,,,,,,,,,,
B&B Il Girasole,Bed & Breakfast,http://www.ilgirasolecapodorlando.com,0941 957480,"Contrada Tavola Grande, 90",Capo d'Orlando,,info@ilgirasolecapodorlando.com,http,React,Sì,Aruba S.p.A.,56,80,85.00,Sì,No
Albergo Diffuso Quisquina,Alloggi al coperto,,328 100 6962,"Via Libero Attardi, 54",Santo Stefano Quisquina,,,,,,,,,,,
Casa vacanze villa Misita,Bed & Breakfast,https://villa-misita.bedsandhotels.com,338 879 6727,SS188,Prizzi,,,https,React,No,Hetzner Online GmbH,66,88,91.00,Sì,No
B&B Cortile Aurora,Bed & Breakfast,,329 735 2750,"Via Sacerdote Vincenzo Schilirò, 36",Bronte,,,,,,,,,,,
B&B Planet Rooms,Bed & Breakfast,,333 227 7553,"Via Roma, 30",Bronte,,,,,,,,,,,
In Riva al Mare Bed & Breakfast - Codice CIN: IT083009C17OGTBKMP,Bed & Breakfast,https://www.inrivaalmare.net,345 932 5511,"Via Trazzera Marina, 264",Capo d'Orlando,,info@inrivaalmare.net,https,Angular,No,Aruba S.p.A. Network,54,84,100.00,Sì,No
B&B Da Francesca,Bed & Breakfast,http://www.bedandbreakfastdafrancesca.it,328 878 5348,"Contrada Scaldamosche, Via Nazionale Sud, 72",Bivona,,,https,WordPress,No,Keliweb S.R.L,57,82,92.00,Sì,No
Edera Bed & Breakfast,Bed & Breakfast,,340 367 1702,"Via Sicilia, 15",Nicolosi,,,,,,,,,,,
La Casa Sui Nebrodi,Hotel,https://www.lacasasuinebrodi.com,095 690746,"Corso Margherito, 61",Maniace,,lacasasuinebrodi@yahoo.it,https,ASP.NET,No,Aruba S.p.A.,56,91,91.00,Sì,No
B&B U Puzzu Ranne,Bed & Breakfast,http://www.bedandbreakfastbuseto.com,339 646 5081,"Via Firenze, 124",Buseto Palizzolo,,info@bedandbreakfastbuseto.com,https,WordPress,No,Armada WAN,68,85,100.00,Sì,No
Azienda Agricola Cuntarati,Bed & Breakfast,http://www.aziendagricolacuntarati.com,328 846 6502,"Via Plutone, 7",Bronte,,info@aziendagricolacuntarati.com,http,WordPress,No,SEEWEB s.r.l.,67,97,83.00,Sì,No
Fronte Etna,Bed & Breakfast,https://fronteetna.it,327 159 6654,Contrada Borgonovo,Bronte,,,,WordPress,Non trovato,IT.Gate S.p.A.,63,67,92.00,,No
B&B,Bed & Breakfast,,338 837 6173,"Via Palermo, 62",Buseto Palizzolo,,,,,,,,,,,
La Pergola B&B Custonaci.,Bed & Breakfast,http://www.minaudoaffitti.it,349 560 0510,"Via Scucina 88, Via Catania, 1",Custonaci,,,http,ASP.NET,Sì,Aruba S.p.A.,41,55,85.00,Sì,No
"Oleaster, Rooms & Apartments - Bolognetta",Bed & Breakfast,,347 413 2252,"Via Roma, 145",Bolognetta,,,,,,,,,,,
B&B LA MIA ISOLA,Bed & Breakfast,http://www.lamiaisola.net,328 197 8943,"Via Amba Alagi, 157",Castelluzzo,,,https,Shopify,No,Server Plan S.r.l.,70,94,100.00,Sì,No
Makella locazione turistica,Bed & Breakfast,,388 382 2342,"Via Triolo, 5",Marineo,,,,,,,,,,,
Hotel Terra Degli Elimi,Hotel,https://www.hotelterradeglielimi.it,0923 855059,"Via Palermo, 69",Buseto Palizzolo,,info@trekandkids.it,,Joomla,Sì,Aruba S.p.A. Network,37,76,92.00,Sì,No
Caffetteria Luca,Caffetteria,https://www.caffetterialuca.com,095 772 4188,"Via Messina, 273",Bronte,,info@caffetterialuca.com,https,Shopify,No,"Cloudflare, Inc.",57,84,100.00,Sì,No
B&B Aurora Trapani - Bed & Breakfast Custonaci,Hotel,http://aurorabeb.it,0923 198 7345,"Via la Spezia, 3",Custonaci,,aurora.beb@hotmail.com,https,WordPress,No,TransIP BV,56,87,92.00,Sì,No
Sharazan B&B,Bed & Breakfast,,320 466 4138,"Via Medaglia D'oro Portalone, 6",Canicattì,,,,,,,,,,,
Bed and Breakfast Albarosa,Bed & Breakfast,,340 937 7484,"Via Dante Alighieri, 38",Montedoro,,,,,,,,,,,
B&b Trabia (PA) - Click Art & Room,Casa per vacanze,http://www.click98.com,351 988 6312,"Via Ettore Maiorana, 74",Trabia,,info@click98.com,https,Joomla,No,Serverplan S.r.l.,48,67,92.00,Sì,No
Agriturismo Masseria Rossella,Agriturismo,http://www.masseria-rossella.com,366 469 3129,"S.P. 5 Km 28,900","Rossella, Piana degli albanesi",,info@masseria-rossella.com,https,React,Sì,Aruba S.p.A. Network,57,65,92.00,Sì,No
Area Sud Affittacamere,Bed & Breakfast,https://areasudcanicatti.com,392 786 0106,"Via Maiorana, 20",Canicattì,,info@areasudcanicatti.com,https,WordPress,Sì,Hetzner Online GmbH,64,97,92.00,Sì,No
Oscar dei Sapori,Bed & Breakfast,,324 802 8001,"Contrada Calcara, 90033",Chiusa Sclafani,,,,,,,,,,,
mamarita,Bed & Breakfast,,339 835 7364,"Via Indipendenza, 5",Sambuca di Sicilia,,,,,,,,,,,
Antico Frantoio Sas / Cantina Murgia Lamanno,Azienda vinicola,https://www.anticofrantoiosas.com,334 381 9339,"Contrada Purcaria Mendolazza, Sambuca Di Sicilia, AG 92017, SP44",Sambuca di Sicilia,,info@oliovivo.com,https,Wix,No,Google LLC,68,90,100.00,Sì,No
Esmaralda's House of Love,Bed & Breakfast,,+45 40 88 87 77,"Via Seneca, 3",Terrasini,,,,,,,,,,,
B&B QUATTRO TESORI,Bed & Breakfast,https://bb-quattro-tesori.camerainitalia.top,334 191 8999,"Via Umbria, 4",Canicattì,,,https,WordPress,No,Contabo GmbH,51,85,85.00,Sì,No
ROOMS PARRINELLI,Bed & Breakfast,,380 201 0705,Contrada Parrinelli,Partinico,,,,,,,,,,,
Kalsa sicilian rooms,Bed & Breakfast,http://kalsasicilianrooms.com,349 409 7624,"Via Vittorio Emanuele Orlando, 7",Partinico,,,https,React,No,"Amazon.com, Inc.",56,89,100.00,Sì,No
Hotel Rose Garden Giuseppe Gorizia,Hotel,,091 878 4360,"Via Circonvallazione, 120",Montelepre,,,,,,,,,,,
Da rosy,Hotel,https://da-rosy.bedsandhotels.com,327 179 8879,"Via Frisella, 57/57",Partinico,,,https,React,No,Hetzner Online GmbH,78,95,91.00,Sì,No
B&B VILLA MARINETTI,Bed & Breakfast,,0933 909155,"VIA DEI TRIFOGLI, 6 C/DA MANFRIA",Gela,,,,,,,,,,,
Hotel Ristorante Castello di Giuliano,Hotel,http://www.hotelcastellodigiuliano.it,388 193 9153,"Via Pietro Merra, 50",Montelepre,,info@hotelcastellodigiuliano.it,https,WordPress,No,Aruba S.p.A.,42,55,85.00,Sì,No
Affittacamere Manì,Bed & Breakfast,,347 570 2666,"Via Butera, 75",Gela,,,,,,,,,,,
Beb Menta E Peperoncino,Bed & Breakfast,https://bb-menta-peperoncino.percorsiitaliani.top,347 298 4207,"Sp63 Km 2,8",Partinico,,,http,React,No,Contabo GmbH,53,83,85.00,Sì,No
Affittacamere Il Cortile,Bed & Breakfast,https://www.bebilcortile.it,339 634 3004,"Corso Vittorio Emanuele, 142",Mazzarino,,bebilcortile@gmail.com,https,Joomla,No,Aruba S.p.A.,46,59,92.00,Sì,No
Uliwood,Bed & Breakfast,,392 179 9801,"V.le Stefano Candura, 58",Caltanissetta,,,,,,,,,,,
Borgo Manfria,Bed & Breakfast,https://bb-borgo-manfria.hotelperiviaggi.top,351 412 7661,115 Strada statale,Gela,,,https,WordPress,No,Contabo GmbH,54,87,92.00,Sì,No
Villa Ginevra,Villa,https://villaginevra.it,+44 7460 152499,"Via Benevento, 29",Partinico,,,https,Shopify,No,"Amazon.com, Inc.",56,82,100.00,Sì,No
‘A Minnula Short - Term Rentals San Cataldo Caltanissetta CIN:IT085016C28Z2OITXP,Bed & Breakfast,,0934 975263,"Via Mimiani, 23",San Cataldo,,,,,,,,,,,
Bed & Breakfast Sant' ELIA,Bed & Breakfast,http://www.bandbsantelia.it,334 300 1856,Contrada Babbaurra,Caltanissetta,,,https,React,No,Google LLC,65,93,100.00,Sì,No
Bed & Breakfast Soleil Caltanissetta,Bed & Breakfast,http://www.bebsoleil.it,329 927 9800,"Via Redentore, 48",Caltanissetta,,info@bebsoleil.it,https,WordPress,No,Server Plan S.r.l.,65,90,92.00,Sì,No
B&B Pian del Lago,Bed & Breakfast,http://www.bbpiandellago.it,328 724 8644,"V.le Stefano Candura, 56",Caltanissetta,,info@bbpiandellago.it,http,WordPress,No,Aruba S.p.A.,45,55,100.00,Sì,No
Lussuosamente Luxury B&B - CIN IT085004C1UTDZDTSU,Bed & Breakfast,http://www.lussuosamentebb.com,320 794 0880,"Viale della Regione, 204",Caltanissetta,,lussuosamentebb@gmail.com,https,React,Sì,Google LLC,63,83,100.00,Sì,No
Agriturismo ALPA Mazzarino,Agriturismo,http://www.agriturismoalpa.it,324 056 9074,C.da Contrasto,Mazzarino,,agriturismoalpa@gmail.com,https,Shopify,Sì,Google LLC,0,71,100.00,Sì,No
Qal’at Apart Hotel,Bed & Breakfast,http://www.qalataparthotel.it,393 684 6279,"Via John F. Kennedy, 16",Caltanissetta,,qalataparthotel@gmail.com,https,React,No,"DigitalOcean, LLC",34,45,92.00,Sì,No
Agriturismo Cicala Giuseppe Faso,Agriturismo,http://www.agriturismocicala.it,091 812 2043,Contrada Misa,Caccamo,,info@agriturismocicala.it,https,WordPress,No,Serverplan S.r.l.,56,73,58.00,Sì,No
B&B Villa Fenice,Bed & Breakfast,https://www.bbvillafenice.it/it,331 866 6131,Contrada Ognibene,Termini Imerese,,,https,WordPress,No,"Amazon.com, Inc.",73,95,100.00,Sì,No
La casa di Francesca,Bed & Breakfast,https://di-francesca.bedsandhotels.com,329 887 4294,"Via Rosa Balistreri, 33",Campobello di Licata,,,https,React,No,Hetzner Online GmbH,82,98,91.00,Sì,No
Marconi Rooms and Apartaments,Bed & Breakfast,,338 788 3444,"Piazza Guglielmo Marconi, 3",Campobello di Licata,,,,,,,,,,,
B&B Nicole,Bed & Breakfast,,328 557 7515,Viale Moire,Palma di Montechiaro,,,,,,,,,,,
Corte Antica Luxury,Bed & Breakfast,,331 357 9591,"Corso Giuseppe Garibaldi, 237",Ravanusa,,,,,,,,,,,
B&B Giardino dei Cedri,Bed & Breakfast,https://www.giardinodeicedri.com,379 235 9505,"Via Giardini 1, a",Trabia,,giardinodeicedritrabia@gmail.com,https,Shopify,Sì,Hetzner Online GmbH,51,72,92.00,Sì,No
Casa Vacanze Francy House,Bed & Breakfast,https://www.francyhouse.it,351 410 9274,"Via la Rocca, 4",Termini Imerese,,francyhouse2013@gmail.com,https,WordPress,No,Hetzner Online GmbH,56,68,92.00,Sì,No
B&B Casa Degli Ulivi,Bed & Breakfast,,331 873 7776,"C/da Torre, snc",Ribera,,,,,,,,,,,
NicaDomus B&B,Bed & Breakfast,http://www.nicadomus.it,334 177 6830,"Via S. Elia, 13",Licata,,info@nicadomus.it,https,React,No,Aruba S.p.A. Network,50,46,85.00,Sì,No
Agriturismo Baglio Làuria,Agriturismo,http://www.bagliolauria.com,330 362 766,Contrada Cicccobriglio,Campobello di Licata,,,https,Joomla,No,Aruba S.p.A.,65,94,92.00,Sì,No
B&B Capinera,Bed & Breakfast,,328 636 7829,SS 115 Sud Occidentale Sicula,Agrigento,,,,,,,,,,,
Bed and Breakfast Terranostra,Bed & Breakfast,,0922 175 6178,"contrada Borangio sp, 29 B",Cattolica Eraclea,,,,,,,,,,,
Jenka,Bed & Breakfast,https://www.jenka.it,320 610 3810,"Via della Regione, 1D",Caltabellotta,,,https,WordPress,Sì,Aruba S.p.A. Network,55,74,92.00,Sì,No
B&B Del Centro,Bed & Breakfast,,327 746 0800,"Via Sant'Agata, 104",Enna,,,,,,,,,,,
Sicily Center rooms,Bed & Breakfast,,339 314 8191,"Via Annunziata, 53",Calascibetta,,,,,,,,,,,
B&B Enna Inn Centro,Bed & Breakfast,,329 578 8692,"Via Sant'Agata, 49",Enna,,,,,,,,,,,
Agriturismo Le Zarafe,Agriturismo,http://www.lezarafe.com,320 760 5133,Contrada Giraffe,Caltabellotta,,,http,ASP.NET,No,Aruba S.p.A. Network,45,71,82.00,Sì,No
B&B Le Mangiatoie Del Cavaliere,Bed & Breakfast,http://www.lemangiatoiedelcavaliere.it,320 689 6437,"Via Piemonte, 15",Montallegro,,,https,React,No,Google LLC,61,90,91.00,Sì,No
VeraLuce B&B,Bed & Breakfast,https://www.veralucebb.it/it,333 632 9727,"Via Vittorio Emanuele, 25",Caltavuturo,,,https,React,No,"Amazon.com, Inc.",56,95,100.00,Sì,No
B&B A Casa dei Nonni,Bed & Breakfast,http://www.bbacasadeinonni.com,366 500 4468,"Via Sant'Agata, 127",Enna,,,https,Joomla,No,Aruba S.p.A. Network,60,81,83.00,Sì,No
Masseria Xireni,Agriturismo,http://www.masseriaxireni.it,380 197 5352,Contrada Xireni,Contrada Xireni,,,http,React,No,Aruba S.p.A.,85,100,83.00,Sì,No
Nahar home casa vacanze,Bed & Breakfast,,320 051 6991,"Via Sabella, 18",Naro,,,,,,,,,,,
B&B Terra del Gattopardo,Bed & Breakfast,,327 479 4143,Via Berlino,Palma di Montechiaro,,,,,,,,,,,
B&B Caltart,Bed & Breakfast,http://bb-caltart.italianeisole.it,333 448 4469,"Via N. Machiavelli, 12",Caltavuturo,,,http,Shopify,No,OVH SAS,54,97,83.00,Sì,No
STONE HOUSE,Bed & Breakfast,https://stonehouse.bedsandhotels.com,338 899 2438,"Via Scuole, 22",Montemaggiore Belsito,,,https,React,No,Hetzner Online GmbH,68,98,91.00,Sì,No
La Zagara,Bed & Breakfast,,320 861 1454,"Via Zanella, 2",Favara,,,,,,,,,,,
Terrazze Chiaramontane Exclusive Resort,Albergo benessere,,329 239 5771,"Via Lipari, 21",Marina di Palma,,,,,,,,,,,
Wundergarten Dimora dei frati,Bed & Breakfast,http://www.wundergarten.it,339 206 5625,"Via Borgognone, 22",Gratteri,,info@wundergarten.it,https,Shopify,No,Aruba S.p.A. Network,37,62,85.00,Sì,No
Amuka B&B,Bed & Breakfast,http://www.amuka.it,350 181 5322,"Via Giacomo Leopardi, 9",Santo Stefano di Camastra,,info@amuka.it,https,WordPress,No,Google LLC,51,81,100.00,Sì,No
Affittacamere vistuta di vua,Bed & Breakfast,,0922 665835,"Via Teatro, 33",San Giovanni Gemini,,,,,,,,,,,
Paradise House,Bed & Breakfast,,350 069 8040,"Via Giuseppe Macherione, 62",Calatabiano,,,,,,,,,,,
B&B I Colori Del Sole,Bed & Breakfast,,347 017 6902,"Via Giuseppe La Farina, 15",Fiumefreddo Sicilia,,,,,,,,,,,
B&B Domus Candida,Bed & Breakfast,http://www.domuscandida.com,329 272 4753,"V. Umberto I, 122",Calatabiano,,info@domuscandida.com,https,Shopify,Sì,Web Site Source,62,72,100.00,Sì,No
Adamo,Bed & Breakfast,,340 977 0205,"Via Francesco Crispi, 33",Calatafimi-Segesta,,,,,,,,,,,
Agriturismo Oasi del Fiumefreddo,Alloggi al coperto,http://www.oasidelfiumefreddo.it,391 497 6759,"SP71i, 29",Fiumefreddo di Sicilia,,info@oasidelfiumefreddo.it,https,ASP.NET,No,Aruba S.p.A. Network,81,99,91.00,Sì,No
Bed and breakfast Alcantara,Bed & Breakfast,,328 374 1920,Via Zoi,Calatabiano,,,,,,,,,,,
Villa Seta Bed & Breakfast,Bed & Breakfast,https://www.villaseta.com,371 687 5320,"Via della Seta, 2",Chianchitta-pallio,,info@villaseta.com,https,WordPress,No,Aruba S.p.A. Network,61,90,92.00,Sì,No
Villa delle Vacanze,Bed & Breakfast,http://www.villadellevacanze.com,095 646646,"Via Salvatore Calandruccio, 2",Fiumefreddo Sicilia,,,https,WordPress,No,Netsons s.r.l.,88,99,69.00,Sì,No
B&B Baglio Ferlito,Alloggio completo di servizi,http://www.baglioferlito.com,0923 855023,"Via Pietro Randazzo Sindaco, 55",Buseto Palizzolo,,,http,ASP.NET,No,Aruba S.p.A. Network,0,0,90.00,Sì,No
B&B Helimos,Bed & Breakfast,https://helimos.com,392 474 3546,Contrada Barbaro,Calatafimi,,john@doe.com,https,WordPress,No,"Cloudflare, Inc.",60,86,100.00,Sì,No
B&B Pelagos,Bed & Breakfast,,333 667 1580,"Contrada Intavolata, 100",Castellammare del Golfo,,,,,,,,,,,
Corleone bed and breakfast,Bed & Breakfast,,331 599 9237,"Via Ravenna, 6",Corleone,,,,,,,,,,,
La casa di Bia,Bed & Breakfast,,331 250 3877,Via Giuseppe Impastato,Corleone,,,,,,,,,,,
Hotel Eliseo,Hotel,http://www.hoteleliseo.biz,0942 573975,"Via Consolare Valeria, 1",Giardini Naxos,,,https,WordPress,No,Aruba S.p.A.,77,97,83.00,Sì,No
Il Gattopardo Bed & Breakfast,Bed & Breakfast,,388 103 0025,"Via Sant'Agostino, 21",Corleone,,,,,,,,,,,
B&B Donna Vittoria,Bed & Breakfast,http://www.donnavittoria.eu,338 905 6719,"Corso Garibaldi, 228",Calatafimi,,,https,WordPress,No,Aruba S.p.A.,56,69,92.00,Sì,No
Kòre B&B,Bed & Breakfast,http://www.bbkore.it,338 567 6165,Contrada Intavolata,Castellammare del Golfo,,info@bbkore.it,https,Joomla,No,Server Plan S.r.l.,35,90,92.00,Sì,No
Il Cortile del Marchese Beccadelli,Bed & Breakfast,http://www.cortilebeccadelli.it,392 643 5060,"Corso Umberto I, 144",Sambuca di Sicilia,,,https,WordPress,No,Hetzner Online GmbH,56,84,85.00,Sì,No
Il Bevaio di Corleone,Agriturismo,http://www.ilbevaiodicorleone.it,333 427 8623,"SS188dir/c, 13",Campofiorito,,info@ilbevaiodicorleone.it,http,React,No,Aruba S.p.A.,35,54,92.00,Sì,No
Gianni House,Ostello,http://giannihouse.com,338 238 3732,"Via Pergusa, 47",Taormina,,giannihouse@gmail.com,https,WordPress,No,"Newfold Digital, Inc.",55,0,92.00,Sì,No
Masseria Pernice,Bed & Breakfast,http://www.masseriapernice.com,334 275 6783,SP 71 km 1,Monreale,,,https,Shopify,Sì,Hetzner Online GmbH,77,97,85.00,Sì,No
Le Casette del Porto,Hotel,https://www.casettedelporto.com,320 832 0192,"Lungomare Cristoforo Colombo, 23",Sciacca,,info@sciaccacase.it,https,Wix,No,Google LLC,71,85,100.00,Sì,No
Il Casello Country House,Villa,https://casellocountryhouse.it,351 991 0561,G23P+V6P,Sciacca,,,https,WordPress,No,"Cloudflare, Inc.",62,84,100.00,Sì,No
Locanda al Moro HOTEL,Bed & Breakfast,https://locandaalmoro.com,393 946 4367,"Via Liguori, 44",Sciacca,,,https,React,No,"Cloudflare, Inc.",70,98,92.00,Sì,No
Kasbah San Francesco,Bed & Breakfast,,347 733 5575,"Via S. Francesco, 6",Mazara del Vallo,,,,,,,,,,,
Casa di Marta,Bed & Breakfast,https://42do.it/wp/bnb-100/2022,347 870 4102,"Strada Statale 115, 100",Marinella,,,https,Angular,No,Server Plan S.r.l.,63,99,92.00,Sì,No
Isolabella b&b,Bed & Breakfast,,327 610 7305,"Via Garibaldi, 49",Mazara del Vallo,,,,,,,,,,,
Il Marchese Hotel & Spa,Hotel,https://www.hotelilmarchese.it,0925 992446,"Via Fratelli Lo Boj, 10",Sciacca,,info@hotelilmarchese.it,https,React,No,Netsons s.r.l.,55,74,100.00,Sì,No
B&B Brunelli,Bed & Breakfast,http://www.brunelliresidence.com,349 217 4382,"Via Cesenatico, 15",Mazara del Vallo,,info@brunelliresidence.com,https,ASP.NET,No,Aruba S.p.A. Network,99,100,91.00,Sì,No
Hotel La Rosa,Hotel,https://larosahotel.eu,0924 46024,"Via Pigafetta, 2",Marinella,,info@larosahotel.eu,https,Shopify,No,Serverplan S.r.l.,57,79,92.00,Sì,No
Agriturismo Sant'Agata,Agriturismo,http://www.santagatagriturismo.it,338 459 8654,Contrada Sant'Agata,Piana degli Albanesi,,info@santagatagriturismo.it,https,Basekit,No,Aruba S.p.A.,59,28,100.00,Sì,No
Bed and Breakfast San Giovanni,Bed & Breakfast,http://www.bbsangiovanni.it,338 144 0789,Via XXIV Maggio,Castelvetrano,,,http,WordPress,No,SEEWEB s.r.l.,61,85,92.00,Sì,No
L'ANGOLO DI ROSA,Bed & Breakfast,,348 392 0024,"Cell:3483920024, Via Rodolfo D'Anna, N°10",Campofelice di Roccella,,,,,,,,,,,
B&B Da Nina,Bed & Breakfast,https://da-nina.bedsandhotels.com,328 621 0120,"Via Libertà, 92",Lascari,,,https,React,No,Hetzner Online GmbH,75,96,91.00,Sì,No
b&b Caravella Mezzojuso,Hotel,https://bb-caravella.italyexperience.top,347 880 2412,"Corso Vittorio Emanuele 46, Via Ugo Bassi, 1",Mezzojuso,,,https,React,No,Contabo GmbH,57,85,92.00,Sì,No
Il Vittoria Lascari,Bed & Breakfast,https://apservice.kross.travel,334 860 6036,"Via Gugliuzza Croce, 34",Lascari,,,https,Shopify,No,"Cloudflare, Inc.",56,94,85.00,Sì,No
L’Oasi del Tirreno,Bed & Breakfast,,320 771 4401,"Via S. Chiaramonte, 30",Lascari,,,,,,,,,,,
Limen Wellness Hotel,Hotel,https://limenhotel.it,0921 997394,"Contrada Pistavecchia, snc",Campofelice di Roccella,,info@limenhotel.it,https,React,No,Aruba S.p.A. Network,56,47,82.00,Sì,No
B&B Roomantic,Bed & Breakfast,,320 119 1167,Via dei Mirtilli,Cefalù,,,,,,,,,,,
Belvedere Rent Rooms,Bed & Breakfast,http://www.belvederecampofelice.it,0921 601482,"Via Imera, 4",Campofelice di Roccella,,,https,Shopify,Sì,Aruba S.p.A. Network,76,99,92.00,Sì,No
Caltagirone Casa Serena,Hotel,http://caltagirone-casa-serena.italianeisole.it,339 362 6940,"Via Circonvallazione, 136",Caltagirone,,,http,Shopify,No,OVH SAS,55,99,83.00,Sì,No
Affittacamere La Piazzetta - B&B a Caltagirone,Bed & Breakfast,https://www.affittacamerelapiazzetta.com,0933 25975,"Via Luigi Sturzo, 147",Caltagirone,,lapiazzettarentrooms@tiscali.it,https,Shopify,Sì,Netsons Network,65,88,75.00,Sì,No
Affittacamere Santiago rooms Caltagirone,Bed & Breakfast,,379 272 9964,"Via Luigi Sturzo, 139",Caltagirone,,,,,,,,,,,
Guest House al Viale Affittacamere,Bed & Breakfast,https://www.guesthousecaltagirone.com,351 599 2290,"Via Giuseppe Mazzini, 5",Caltagirone,,santomnovella@gmail.com,https,WordPress,No,"Cloudflare, Inc.",35,57,92.00,Sì,No
San Giorgio Rooms,Bed & Breakfast,http://www.sangiorgiorooms.com,333 590 6738,"Via SS. Salvatore, 90",Caltagirone,,contatti@sangiorgiorooms.com,https,WordPress,No,Aruba S.p.A.,80,89,92.00,Sì,No
B&B RONCO ZAFFARANA,Bed & Breakfast,https://www.roncozaffarana.com,338 611 4590,"Via Nigido, 5",Caltagirone,,,https,Joomla,Sì,Aruba S.p.A.,60,87,85.00,Sì,No
beb a Caltagirone regina carolina,Bed & Breakfast,https://bebreginacarolina.it,333 972 9078,"Via Roma, 60",Caltagirone,,,https,React,No,Google LLC,65,81,92.00,Sì,No
I Colori della SICILIA - Affittacamere a Caltagirone (CT) B&B e appartamenti in affitto cin:IT087011B4S3UP2VNC,Bed & Breakfast,,338 390 7855,"Piazza Umberto I, n. 19",Caltagirone,,,,,,,,,,,
"Casa Francesca | B&B | Affittacamere a Caltagirone, Sicilia.",Bed & Breakfast,https://casafrancesca.vip,335 584 0056,"Via Ragona, 85",Caltagirone,,,https,React,No,"GoDaddy.com, LLC",68,84,92.00,Sì,No
Casa di Luca,Bed & Breakfast,,0922 605888,"Via Barone Lamberto Montaperto, 3",Agrigento,,,,,,,,,,,
Bed & Breakfast Piazza,Bed & Breakfast,https://bedandbreakfastpiazza.it,0934 954125,Contrada Fosse,Sutera,,info@bedandbreakfastpiazza.it,https,ASP.NET,No,Aruba S.p.A. Network,44,61,100.00,Sì,No
Casa Salvaggio,Hotel,http://www.grottevacanze.com,335 134 3705,"Via Giovanni Meli, 79",Grotte,,salvaggio@grottevacanze.com,http,ASP.NET,No,Aruba S.p.A. Network,73,100,82.00,Sì,No
TACCO E PUNTA Bed&breakfast,Bed & Breakfast,,347 727 7062,"SP39, 5 km",Grisì,,,,,,,,,,,
B&B Troisi,Bed & Breakfast,http://bebtroisi.com,338 957 1182,"Contrada Casalvecchio, snc",Racalmuto,,,https,React,No,"Cloudflare, Inc.",70,95,92.00,Sì,No
B&B DEL CORSO,Bed & Breakfast,,328 179 4350,"Corso VI Aprile, 21",Alcamo,,,,,,,,,,,
B&B Le Due E,Bed & Breakfast,https://sites.google.com/view/bandb-leduee/home-page,327 375 1448,"Via Principe di Camporeale, 39",Camporeale,,,https,Angular,No,Google LLC,43,85,75.00,Sì,No
Terre di Gratia,Negozio di vini,https://www.terredigratia.com,328 645 2411,"Via Principe di Camporeale, 19",Camporeale,,,https,WordPress,No,Netsons Network,59,71,92.00,Sì,No
Emy&Gio B&B,Bed & Breakfast,https://beb.it/preview/index.cfm,380 349 6236,"Via Lo Monaco, 14",San Cipirello,,,https,Laravel,No,"Amazon.com, Inc.",93,100,50.00,Sì,No
B&B Dove nasce il Sole,Alloggio completo di servizi,,366 308 1655,"Via Somma, 15",Nicolosi,,,,,,,,,,,
Etna Country,Bed & Breakfast,,347 065 8090,"Via Etnea, 396",Tremestieri Etneo,,,,,,,,,,,
B&B SAN MARTINO,Bed & Breakfast,https://bbsanmartino.it,393 992 2891,"Via Roma, 356",Misterbianco,,,https,Vue,No,"Amazon.com, Inc.",62,85,100.00,Sì,No
Enny Camere,Hotel,http://www.ennycamere.com,329 049 4245,"Via 182 in Contrada Palmeri, 16/b, Contrada S. Gaetano, 16",Alcamo,,ennyrooms@gmail.com,https,React,No,Serverplan S.r.l.,70,93,100.00,Sì,No
B&B - Althea Etna Garden,Bed & Breakfast,http://www.altheaetnagarden.it,328 142 5566,"Via Nuova, 8",Nicolosi,,prenotazioni@altheaetnagarden.it,https,React,No,Aruba S.p.A.,55,75,77.00,Sì,No
Casa Sofia Catania,Bed & Breakfast,http://www.casasofiacatania.it,342 315 2407,"Via Giambattista Impallomeni, 10",Catania,,casasofiacatania@gmail.com,https,WordPress,No,Aruba S.p.A.,73,90,92.00,Sì,No
ETNEA SUITE 270,Bed & Breakfast,http://etneasuite.com,340 072 0525,"Via Etnea, 270",Catania,,etneasuite270@gmail.com,https,WordPress,Sì,SEEWEB s.r.l.,56,67,92.00,Sì,No
B&B Etna D'Or,Bed & Breakfast,https://etnador.com,349 760 4161,"Via Roma, 107C",Camporotondo Etneo,,info@etnador.com,https,WordPress,No,Servereasy Srl,70,94,77.00,Sì,No
Beatus B&B,Bed & Breakfast,https://beatusbb.it,0922 857763,"Via Lepanto, 282",Canicattì,,,https,Joomla,No,Simply Transit Ltd,59,68,92.00,Sì,No
Hotel Collina del Faro S. R. L.,Hotel,http://www.collinadelfaro.it,0922 853062,"Via Giacomo Puccini, 29",Canicattì,,,https,Joomla,No,SEEWEB s.r.l.,94,100,91.00,Sì,No
Areacafè - Affittacamere,Bed & Breakfast,https://bebareacafe.it,0922 830557,Viale Giudice Antonio Saetta,Canicattì,,info@mbclick.it,https,WordPress,No,Server Plan S.r.l.,54,71,85.00,Sì,No
B&B Aquila,Bed & Breakfast,,320 361 1113,"Via L'Aquila, 27",Canicattì,,,,,,,,,,,
B&B La Collina,Bed & Breakfast,,340 543 9682,Contrada Cugno Lupo snc,Canicattini Bagni,,,,,,,,,,,
B&B Sunrise Avola,Bed & Breakfast,http://sunrisebbsiciliaavola.it,328 732 4640,"Via San Paolo, 26",Avola,,sunrisesicilia@gmail.com,https,WordPress,No,"Automattic, Inc",56,59,92.00,Sì,No
Corte dei Monaci,Hotel,https://corte-dei-monaci.albergatore.top,337 894 965,"C.da Cannarozzo. Strada Prov. 78, km 1, direzione diga di Naro., Prosecuzione via Sen. Sammartino",Canicattì,,,https,WordPress,No,Contabo GmbH,53,85,85.00,Sì,No
Hybla Major B&B,Bed & Breakfast,http://www.hyblamajor.com,345 845 5204,"Via Baracca, 8",Avola,,,https,Angular,No,"Amazon.com, Inc.",80,92,100.00,Sì,No
Sikelia Bed & Breakfast,Bed & Breakfast,,371 159 6800,"parco degli ulivi 1, Via Teseo, 9",Carini,,,,,,,,,,,
B&B Villa Salvatore,Bed & Breakfast,,327 057 0499,"Via S. Giuseppe Maria Tomasi, 35",Torretta,,,,,,,,,,,
Casa Di Mitri,Bed & Breakfast,,392 174 9545,"Via Nazionale, 335",Carini,,,,,,,,,,,
B&B case vacanze House Orlando,Bed & Breakfast,,340 837 2880,"Via Dammuso, 21",Palermo,,,,,,,,,,,
Agriturismo Val Di Noto,Agriturismo,https://agriturismovaldinoto.com,320 696 7130,"Cda Piano Della Pace, 96012",Avola,,agrivaldinoto@libero.it,https,ASP.NET,No,Server Plan S.r.l.,60,90,85.00,Sì,No
Villa Maria Affittacamere,Bed & Breakfast,http://www.artesiavacanze.it,346 672 4261,"Contrada Garofalo, 125",Canicattini Bagni,,info@artesiavacanze.it,https,Angular,No,Aruba S.p.A.,39,48,85.00,Sì,No
B&B Villa le Due Palme,Bed & Breakfast,https://beb.it/villaleduepalme,327 427 6812,"Via Vittorio Pozzo, 19",Isola delle Femmine,,,https,Typo3,No,"Amazon.com, Inc.",56,95,100.00,Sì,No
B&B Vittorio Emanuele,Bed & Breakfast,,345 071 8643,"Corso Vittorio Emanuele, 81",Capaci,,,,,,,,,,,
AR Palace Hotel - Palermo,Hotel,http://www.argrouphotels.com,091 274 7925,"Viale dei Saraceni, 75A",Isola delle Femmine,,info@argrouphotels.com,https,WordPress,No,"Squarespace, Inc.",56,65,77.00,Sì,No
Il Dammuso,Bed & Breakfast,https://www.ildammusopalermo.com,328 793 1640,"Via Dammuso, 64",Palermo,,,https,WordPress,No,Aruba S.p.A.,61,69,92.00,Sì,No
Lo Scoglio della Formica b&b Capo D'Orlando (Me),Bed & Breakfast,http://www.loscogliodellaformica.it,389 603 1183,"Via Nino Mancari, 13",Capo d'Orlando,,loscogliodellaformica@gmail.com,https,WordPress,No,Aruba S.p.A.,67,88,85.00,Sì,No
B&B Il Capitano,Bed & Breakfast,http://bbilcapitano.com,327 837 5765,"Via Trazzera Marina, 294",Capo d'Orlando,,,https,Angular,No,"Amazon.com, Inc.",66,95,100.00,Sì,No
Hotel La Tartaruga,Hotel,http://www.hoteltartaruga.it,0941 955421,"S. Gregorio, 70",Capo d'Orlando,,,https,ASP.NET,No,Aruba S.p.A. Network,85,66,91.00,Sì,No
Villa Mancuso De Gaetani & SPA,Villa,http://www.villamancusodegaetani.it,0941 901899,"Via Trazzera Marina, 685",Capo d'Orlando,,info@villamancusodegaetani.it,https,WordPress,No,HOSTINGER DE,60,78,85.00,Sì,No
Agriturismo La Stragola,Servizio agricolo,,320 782 2677,Contrada Mercadante,Nicosia,,,,,,,,,,,
Ristorante - Hotel - Sala Ricevimenti Antica Filanda,Ristorante,http://www.anticafilanda.me,0941 919704,"Contrada da Raviola, SP157",Capri Leone,,info@anticafilanda.net,https,Squarespace,No,"Squarespace, Inc.",51,63,100.00,Sì,No
B&B Al Centro Storico,Bed & Breakfast,,389 427 4727,"Via Napoli Bracconeri, 44",Troina,,,,,,,,,,,
B&b Le Tre Stelle,Bed & Breakfast,,0935 931209,"Via Giuseppe Garibaldi, 2",Cerami,,,,,,,,,,,
Renda36,Bed & Breakfast,,351 653 8258,"Via Renda, 36",Carini,,,,,,,,,,,
Agriturismo Monte Soprano,Agriturismo,https://agriturismo-monte-soprano.miglioriviaggi.top,351 490 2716,"Contrada Cipolluzzi, snc",Cerami,,,,React,No,Contabo GmbH,55,83,85.00,Sì,No
Hotel Costellazioni,Hotel,https://hotel-costellazioni.albergatore.top,0935 653966,Contrada San Michele,Troina,,,https,React,No,Contabo GmbH,55,87,85.00,Sì,No
B&B San Francesco,Bed & Breakfast,,320 685 9491,"Via Santa Elia, 39",Nicosia,,,,,,,,,,,
Sicily rooms appartamenti,Alloggio turistico,,331 734 5034,"Unnamed Road, 90044",Carini,,,,,,,,,,,
Stanzina della Baronessa,Bed & Breakfast,http://stanzina-della-baronessa.italianeisole.it,392 369 8559,"Via Torquato Tasso, 13",Carini,,,http,React,No,OVH SAS,56,97,83.00,Sì,No
CasaBlanc b&b,Bed & Breakfast,,348 223 1519,"Via Leonardo Sciascia, 44",Santa Teresa di Riva,,,,,,,,,,,
Il Moro,Bed & Breakfast,,389 586 5127,"Via Stella, 30",Carini,,,,,,,,,,,
La Locanda degli amici,Agriturismo,https://lalocandadegliamici.it,334 190 4529,CONTRADA SAN GAETANO,Santa Teresa di Riva,,info@lalocandadegliamici.it,https,WordPress,Sì,Serverplan s.r.l.,55,74,85.00,Sì,No
Dolce Casa n 41,Bed & Breakfast,http://www.dolcecasan41.it,340 746 4802,"Contura Inferiore, 41",Savoca,,,http,Shopify,Sì,Aruba S.p.A. Network,46,62,92.00,Sì,No
Da 'Nfacci affittacamere,Bed & Breakfast,http://www.danfacciaffittacamere.com,328 163 5985,"Via Nazionale, 158",Carini,,danfacci158@gmail.com,https,WordPress,No,"Cloudflare, Inc.",51,59,92.00,Sì,No
My Place holidays and events,Bed & Breakfast,https://myplacebeb.it,389 962 8119,"Via Creta, 22",Carini,,info@myplacecarini.it,https,Shopify,No,Register networks in Belgium,55,64,92.00,Sì,No
Nnakkara Guest House,Bed & Breakfast,,320 721 8325,"Via Libero Grassi, 5",Santo Stefano di Camastra,,,,,,,,,,,
NUOVA AURORA Rent Rooms,Hotel,http://www.nuovaaurora.it,347 038 0652,"Corso Umberto I, 32",Roccalumera,,mauparisi@hotmail.com,https,Webflow,No,Aruba S.p.A.,59,69,85.00,Sì,No
Casa Vacanze Camastra,Bed & Breakfast,http://www.casavacanzecamastra.it,337 661 272,"Via Leonida, 37",Santo Stefano di Camastra,,casavancanzecamastra@gmail.com,https,WordPress,No,Aruba S.p.A. Network,57,78,85.00,Sì,No
THE PALACE b&b and apartments,Bed & Breakfast,http://www.bebthepalace.it,338 631 6006,"Via Vittorio Emanuele, 22/A",Santo Stefano di Camastra,,,https,Shopify,No,Aruba S.p.A.,56,89,67.00,Sì,No
Agriturismo Porta Pantalica,Agriturismo,http://www.agriturismoportapantalica.eu,338 372 6613,c.da Mascà,Cassaro,,,https,Shopify,Sì,Aruba S.p.A,57,69,85.00,Sì,No
Cassaro 261,Bed & Breakfast,https://www.cassaro261.it,335 102 9093,"Via Vittorio Emanuele, 261",Palermo,,immobiliaresm@gmail.com,https,React,No,Aruba S.p.A. Network,37,59,92.00,Sì,No
Agorà Akrai,Bed & Breakfast,http://www.agorakrai.com,338 454 9069,"Via Vampitella, 17",Palazzolo Acreide,,,https,React,No,Google LLC,73,97,100.00,Sì,No
Cozzo Spadaro B&B,Bed & Breakfast,,327 542 2905,Carrubella,Pachino,,,,,,,,,,,
Casale Bibbinello,Bed & Breakfast,https://casale-bibbinello.italyexperience.top,339 369 5280,Contrada Bibbinello s.n,Palazzolo Acreide,,,https,React,No,Contabo GmbH,51,87,85.00,Sì,No
Antico Borgo,Bed & Breakfast,,328 481 5459,"Via Regina Margherita, 91",Castiglione di Sicilia,,,,,,,,,,,
Bahal Dell'Etna,Ristorante,http://www.bahaldelletna.it,333 417 3377,https://maps.app.goo.gl/vr16677PRhGeGUzb6,Ramacca,,bahal.delletna@gmail.com,https,React,No,Aruba S.p.A.,59,83,91.00,Sì,No
B.& B. Cavour,Bed & Breakfast,,346 101 4420,"Via Camillo Benso Conte di Cavour, 53",Carlentini,,,,,,,,,,,
Alloggio Lentini,Alloggio completo di servizi,,329 008 9462,"Via Etnea, 18",Carlentini,,,,,,,,,,,
Masseria Militti,Bed & Breakfast,,338 820 1587,"Via Bandiera Fratelli, 18",Lentini,,,,,,,,,,,
i Santuzzi BeB,Bed & Breakfast,http://www.isantuzzi.com,334 366 9164,"V. Antonio Gramsci, 52",Carlentini Nord,,info@isantuzzi.com,https,WordPress,No,Aruba S.p.A. Network,64,90,92.00,Sì,No
Albergo Hotel Castel Miralago,Hotel,http://www.hotelcastelmiralago.it,0935 72810,"Via Pettoruta S.s 211, Regalbuto, En 94017",Regalbuto,,info@hotelcastelmiralago.it,https,React,No,Aruba S.p.A. Network,62,87,92.00,Sì,No
Bed and breakfast Kalinka,Bed & Breakfast,https://www.bizweek.it/index.php/it/ads/5d79d53003807/No-parent/B%26B-Kalinka---Bed-and-Breakfast-Motta-Sant%27Anastasia,338 221 5050,Contrada Monzello Di Cuti,Motta Sant'Anastasia,,kalinkasicilia@gmail.com,https,Shopify,No,Unlimited Web Hosting UK LTD,56,90,92.00,Sì,No
bed and breakfast Sicily inn,Bed & Breakfast,http://sicilyinn.it,392 642 0145,"Via Favignana, 2",Piano Tavola,,,https,WordPress,No,"Amazon.com, Inc.",78,88,100.00,Sì,No
B & B Il Palazzo,Bed & Breakfast,http://www.ilpalazzobeb.it,095 945039,"Via Conte Alaimo, 73",Lentini,,info@ilpalazzobeb.it,https,ASP.NET,No,Aruba S.p.A. Network,70,77,91.00,Sì,No
L'ULIVO,Bed & Breakfast,,339 207 1314,Unnamed Road 2,via Garipoli,,,,,,,,,,,
Heart of Sicily,Bed & Breakfast,http://www.heartofsicily.it,339 210 6375,"Via Prillo, 6",Mistretta,,,https,ASP.NET,No,Aruba S.p.A. Network,97,100,91.00,Sì,No
Bed & Breakfast B&B Villa Calagioli,Bed & Breakfast,http://www.villacalagioli.it,0921 676153,Via R,Castelbuono,,,https,Joomla,No,Server Plan S.r.l.,44,82,92.00,Sì,No
Viglianti Dino,Agriturismo,https://www.lacasettacasteldilucio.it,349 661 0653,"Contrada Frassini, 5",Castel di Lucio,,dinoviglianti@virgilio.it,https,WordPress,Sì,Aruba S.p.A.,59,88,92.00,Sì,No
Tus'Hotel,Hotel,http://www.tushotel.it,0921 334527,"Contrada Torrazza Porto Marina Lotarello, ss113 SS 113 - Km. 163",Castel di Tusa,,,http,Joomla,No,Aruba S.p.A.,57,97,83.00,Sì,No
B&B Villa Letizia,Bed & Breakfast,http://www.bebvillaletizia.it,0921 673247,"Via Isnello, snc",Castelbuono,,,https,WordPress,No,Aruba S.p.A.,70,96,100.00,Sì,No
B&B Maia House,Bed & Breakfast,https://bb-maia-house.comeviaggiare.top,328 665 5422,"Via la Farina, 24",Santo Stefano di Camastra,,,https,WordPress,No,Contabo GmbH,53,85,85.00,Sì,No
B&B 4 cannola,Bed & Breakfast,,0921 671587,"Via Umberto I, 40",Castelbuono,,,,,,,,,,,
Casa Nicole CIR n.19082022C214880,Alloggio completo di servizi,,327 318 9583,"Via Cap. Pietro di Garbo, 4",Castelbuono,,,,,,,,,,,
Chiazzannintra,Bed & Breakfast,,351 686 1409,"Via Roma, 22",Castelbuono,,,,,,,,,,,
B&B Il Miglio In Più,Bed & Breakfast,https://www.ilmiglioinpiu.com,348 779 6288,"Via Nazionale, 107",Castel di Tusa,,ilmiglioinpiu@yahoo.it,https,WordPress,No,Keliweb S.R.L,55,56,85.00,Sì,No
Baglio Bonomo,Bed & Breakfast,,389 677 4455,"Piazza Tenente Schicchi, 5",Castelbuono,,,,,,,,,,,
B&B TULIP LOTUS CASTELBUONO,Bed & Breakfast,http://www.bbtuliplotus.it,348 814 1349,"Via Roma, 18",Castelbuono,,info@bbtuliplotus.it,https,WordPress,Sì,Hetzner Online GmbH,39,75,85.00,Sì,No
Casa vacanze Sicilia,Alloggio completo di servizi,,324 554 7970,contrada saraceni,Casteltermini,,,,,,,,,,,
B&B Panorama,Bed & Breakfast,http://www.bbcastelbuono.com,0921 672291,"Via Isnello, 34",Castelbuono,,,,Joomla,No,Aruba S.p.A.,62,64,92.00,Sì,No
Da Franco il Conte,Hotel,http://www.oliveri1964.it,091 966815,"Via Vallone de Spuches, 29/31",Bagheria,,info@oliveri1964.it,https,Joomla,Sì,IT.Gate S.p.A.,55,76,92.00,Sì,No
Villa Buscemi,Bed & Breakfast,,371 477 4413,"Vicinale Parisi IV, 5",Bagheria,,,,,,,,,,,
Villa Edera Rental Rooms,Bed & Breakfast,https://www.villaederabnb.it,340 318 4451,"Via Alcide De Gasperi, 17",Santa Flavia,,info@villaederabnb.it,https,Shopify,No,"Cloudflare, Inc.",41,63,100.00,Sì,No
Solus B&B,Bed & Breakfast,http://www.solusbnb.com,334 818 5959,"via della rotonda, 2",Casteldaccia,,solusbnb@gmail.com,https,Wix,No,Google LLC,72,95,92.00,Sì,No
Agriturismo Gelso,Agriturismo,https://agriturismogelsoit.wordpress.com,334 389 9201,Loc. catalani Castellana Sicula,Castellana Sicula,,,https,WordPress,No,"Automattic, Inc",66,75,92.00,Sì,No
Il Castello Ristorante - Pizzeria - Albergo,Ristorante,http://www.il-castello.net,0921 641250,"Via Generale di Maria, 27",Petralia Sottana,,info@il-castello.net,https,WordPress,No,OVH SAS,96,94,100.00,Sì,No
Alle Scale,Bed & Breakfast,,328 986 2209,"Via Giovanni Bovio, 87",Castellammare del Golfo,,,,,,,,,,,
Dream House Castellana,Bed & Breakfast,https://www.dreamhousecastellana.eu,338 125 4077,"Via Catania, 9",Castellana Sicula,,info@dreamhousecastellana.eu,https,Joomla,No,Server Plan S.r.l.,54,83,85.00,Sì,No
VERDIROOMS158,Bed & Breakfast,,338 240 5459,"Via Trento, 130",Castellammare del Golfo,,,,,,,,,,,
Villa Padura,Ristorante,,0921 642087,"Via Giacomo Matteotti, 33",Castellana Sicula,,,,,,,,,,,
Sole di Castellammare,Bed & Breakfast,,349 566 9799,"Via Generale Michele di Gaetano, 64",Castellammare del Golfo,,,,,,,,,,,
B&B La Meridiana,Bed & Breakfast,http://www.lameridianarooms.com,366 970 6175,"V. Guglielmo Marconi, 130",Castellammare del Golfo,,info@lameridianarooms.com,http,WordPress,No,Aruba S.p.A. Network,56,62,85.00,Sì,No
Bed and Breakfast Castellammare del Golfo Crimiso,Bed & Breakfast,,328 275 4771,"Via Rosario Livatino, 30",Castellammare del Golfo,,,,,,,,,,,
Affittacamere Nanà,Bed & Breakfast,,329 334 2515,"Via Trento, 90",Castellammare del Golfo,,,,,,,,,,,
B&b Iris,Hotel,https://iris.bedsandhotels.com,345 738 9025,"Piazza S. Pancrazio, Talio,61",Taormina,,,https,React,No,Hetzner Online GmbH,66,99,91.00,Sì,No
Casa Blandano B&B,Bed & Breakfast,http://www.casablandano.com,0942 28009,"Via Papa Pio IX, 27",Castelmola,,info@casablandano.com,https,WordPress,Sì,Aruba S.p.A.,55,45,85.00,Sì,No
Bed & Breakfast Casa Famiani,Bed & Breakfast,http://www.casafamiani.it,347 753 1113,"CIR: 19083038C100301-CIN: IT083038C19YSKRBXO, Via Millo, 4",Letojanni,,,https,Drupal,No,WIIT AG,98,95,92.00,Sì,No
Villa Regina Castelmola,Bed & Breakfast,https://www.camerevillareginataormina.com,0942 23980,Via San Giorgio,Castelmola,,info@ristorantelagrigliataormina.com,https,Shopify,Sì,i3D.net B.V,59,88,92.00,Sì,No
B&B SELENE BEACH,Bed & Breakfast,http://www.selenebeach.it,389 476 6784,"Via Umberto Iᵒ, 415",Giardini Naxos,,info@selenebeach.it,https,ASP.NET,No,Aruba S.p.A. Network,73,100,100.00,Sì,No
B&B Le 2 Cantine,Bed & Breakfast,https://le2cantine.bedsandhotels.com,339 325 2927,"Via S. Pietro, 9",Castroreale,,,https,React,No,Hetzner Online GmbH,65,97,91.00,Sì,No
Th Luxury Rooms,Bed & Breakfast,https://www.thluxuryrooms.com,320 771 6695,"Via Marconi, 5",Giardini Naxos,,thluxuryrooms@gmail.com,https,Shopify,No,"DigitalOcean, LLC",53,0,92.00,Sì,No
Green Manors Di Jannelli Pierangela,Agriturismo,,339 500 0394,"Via Porticato, 70",Castroreale,,,,,,,,,,,
Bookbreakfast,Bed & Breakfast,,339 437 9704,Largo Stazione,Terme,,,,,,,,,,,
B&B Il Gelso Rooms,Bed & Breakfast,http://www.ilgelsorooms.it,388 482 8838,"Via Stretto Badia, 26",Terme,,info@ilgelsorooms.it,https,WordPress,No,Aruba S.p.A.,64,55,77.00,Sì,No
B&B Via Nazionale,Bed & Breakfast,http://bbvianazionale.it,333 920 1524,"Via Archi Nazionale, 16",Olivarella-Corriolo,,,https,Typo3,No,"Amazon.com, Inc.",67,93,100.00,Sì,No
L'Antica Quercia B&B,Bed & Breakfast,,371 4205 0539,Contrada Colamarco snc,Castelll'Umberto,,,,,,,,,,,
Case Vacanze Castelvetrano Bitti,Bed & Breakfast,,0924 932325,"Via Vito Lipari, 23",Castelvetrano,,,,,,,,,,,
Agriturismo Fontanapietra,Agriturismo,http://www.agriturismofontanapietra.it,339 767 8428,"Contrada Colla, 8",Tortorici,,fontanapietra@gmail.com,https,WordPress,No,Aruba S.p.A.,61,60,77.00,Sì,No
Garibaldi Suite,Bed & Breakfast,,328 972 8318,"Via Giuseppe Garibaldi, 142",Castelvetrano,,,,,,,,,,,
Palazzo al Carmine Dimora Storica,Bed & Breakfast,http://www.palazzoalcarmine.it,392 042 5019,"Via Giacomo Leopardi, 25",Castelvetrano,,,https,WordPress,No,Contabo GmbH,45,64,85.00,Sì,No
B&B CHAMPAGNERIA,Bed & Breakfast,https://www.espertitalia.it/esperto/bb-champagneria,347 211 6964,"Piazza Ciaccio Montalto, 38/40",Castelvetrano,,vitodep1@gmail.com,https,React,Sì,Server Plan S.r.l.,55,63,92.00,Sì,No
B&B Santa Teresa - Marinella di Selinunte,Bed & Breakfast,http://www.bbsantateresa.it,0924 902867,C.da Santa Teresa Latomie S.S. 115 snc,Castelvetrano,,info@bbsantateresa.it,https,React,No,Servereasy Srl,69,83,100.00,Sì,No
La Classica,Bed & Breakfast,,379 274 4059,"Via Abate Coniglio, 40",Castiglione di Sicilia,,,,,,,,,,,
Affittacamere Bellavista,Hotel Resort,,340 651 9103,Via S. Francesco,Castiglione di Sicilia,,,,,,,,,,,
Garibaldi beb,Hotel,,347 558 8558,"Via Giuseppe Garibaldi, 61",Castelvetrano,,,,,,,,,,,
Oikos Selinunte Guest House,Bed & Breakfast,http://www.oikosbeb.it,375 551 5131,"Via Alceste, 10",Marinella,,oikosbeb@gmail.com,https,Joomla,No,Seeweb srl,54,70,100.00,Sì,No
B&B Il Tempio di Hera,Bed & Breakfast,http://www.iltempiodihera.com,328 194 9796,"S.S. 115, C/Da Garraffo, 16",Castelvetrano,,info@iltempiodihera.com,https,WordPress,No,Aruba S.p.A.,61,82,92.00,Sì,No
Hotel Florio,Hotel,https://hotel-florio.italyforever.top,345 599 4972,"Via Biblioteca Villadicanense, 10",Castiglione di Sicilia,,,https,WordPress,No,Contabo GmbH,60,88,85.00,Sì,No
B&B Babilonia,Bed & Breakfast,https://babilonia.ag.it,379 235 5581,"V G Leopardi, 7",Castrofilippo,,babilonia.ag.it@gmail.com,https,React,Sì,Server Plan S.r.l.,63,81,100.00,Sì,No
Cortile Zero,Bed & Breakfast,,329 047 3490,Cortile Bentivegna,Favara,,,,,,,,,,,
A Casa Vostra Bed & Breakfast,Bed & Breakfast,,331 453 2120,"Via Giovanni Falcone, 19",Aragona,,,,,,,,,,,
Nonno Agostino Casa Vacanze,Hotel,http://www.casadelnonno.net,0922 825262,Via dello Sport,Castrofilippo,,info@casadelnonno.net,https,ASP.NET,Sì,Aruba S.p.A. Network,70,96,91.00,Sì,No
White House R&B,Bed & Breakfast,,389 939 2605,Contrada Giangaragano,Campobello di Licata,,,,,,,,,,,
Il Glicine,Bed & Breakfast,http://www.etnaglicine.it,347 447 6014,"Via S. Giuseppe, 8",Piedimonte Etneo,,,https,Shopify,No,"Amazon.com, Inc.",0,89,100.00,Sì,No
B&B Pergole,Bed & Breakfast,https://www.hotelscheck-in.com/bnbpergolerealmonte/it,329 693 5306,"Contrada Pergole, 31",Realmonte,,,https,Shopify,No,"Cloudflare, Inc.",94,76,85.00,Sì,No
Bianca di Navarra House,Bed & Breakfast,,389 682 2438,"Via Brescia, 32",Biancavilla,,,,,,,,,,,
B&B Panoramic,Bed & Breakfast,,328 341 1690,"Via Enrico Fermi, 8",Valguarnera Caropepe,,,,,,,,,,,
Case al Borgo-Albergo Diffuso,Residence,https://www.casealborgo.it,0935 691565,"Via Diodorea, 316",Agira,,info@casealborgo.it,https,Basekit,No,Aruba S.p.A.,53,59,92.00,Sì,No
Adriano's rooms,Bed & Breakfast,,366 265 5718,"Via Plebiscito, 661",Catania,,,,,,,,,,,
Bed & Breakfast Via Venezia,Bed & Breakfast,,339 877 4857,"Via Venezia, 10",Regalbuto,,,,,,,,,,,
Al Mare...in città,Bed & Breakfast,http://www.almareincitta.com,095 370031,"Via Messina, 268",Catania,,info@almareincitta.com,https,ASP.NET,No,Aruba S.p.A. Network,69,86,73.00,Sì,No
Mirage B&B,Bed & Breakfast,,347 412 6815,"P.za dei Martiri, 3",Catania,,,,,,,,,,,
Stella del sud,Bed & Breakfast,,347 554 5184,"Via Antonino di Sangiuliano, 118",Catania,,,,,,,,,,,
Catania Etnea Bed and breakfast,Bed & Breakfast,,095 311343,"Via Etnea, 196",Catania,,,,,,,,,,,
Mamà B&B,Bed & Breakfast,https://mamabnb.it,328 232 4959,"Via Luigi Sturzo, 1",Agira,,agiramama@gmail.com,https,WordPress,No,Servereasy Srl,0,67,77.00,Sì,No
Catania Central Rooms,Bed & Breakfast,http://www.velacatania.it,347 174 0761,"Via Giuseppe Verdi, 81",Catania,,info@velacatania.it,https,Shopify,No,Netsons Network,56,83,100.00,Sì,No
Eco Hostel,Ostello,http://ecohostel.it,095 723 3077,"Via Fornai, 44",Catania,,,https,WordPress,No,IT.Gate S.p.A.,60,95,92.00,Sì,No
B&B Lungomare,Bed & Breakfast,https://beb.it/lungomaredicatania,349 239 2238,"Via del Rotolo, 46",Catania,,,https,Angular,No,"Amazon.com, Inc.",72,95,100.00,Sì,No
Bed & Breakfast Eraclea Minoa Mare,Bed & Breakfast,http://www.eracleaminoamare.com,338 413 0246,"Viale Eracle, 6",Eraclea Minoa,,bberacleaminoamare@gmail.com,https,WordPress,No,Netsons s.r.l.,40,82,92.00,Sì,No
Antico Borgo dei Templi,Bed & Breakfast,https://www.anticoborgodeitempli.it,351 749 4767,"Via Roma Giardina Gallotti, 14",Agrigento,,anticoborgodeitempli@gmail.com,https,Odoo,No,IONOS SE,56,98,92.00,Sì,No
Nonno Francesco Rooms,Bed & Breakfast,https://www.nonnofrancescorooms.com,331 604 1870,"Via Regina Bianca, 111",Catania,,nonnofrancescoct@gmail.com,https,Wix,No,Google LLC,59,88,100.00,Sì,No
Bed and Breakfast dei Templi,Bed & Breakfast,,329 459 5533,"Via Callicratide, 164",Agrigento,,,,,,,,,,,
Oasi del Borgo,Appartamenti,https://oasidelborgo.it,333 255 1335,"Piazza dei Pini, 9",Borgo Bonsignore,,,https,Magento,No,"Amazon.com, Inc.",64,91,100.00,Sì,No
Le Coccole,Bed & Breakfast,http://www.lecoccolebb.it,095 341450,"Via Juvara, 9",Catania,,,https,WordPress,No,Hostinger International Limited,82,97,83.00,Sì,No
Casa Paradiso - Ospitalità Diffusa,Hotel,http://casaparadiso.cloud,377 098 5550,"Via Carracchia di Sopra, 24",Castronovo di Sicilia,,casaparadiso2017@gmail.com,https,WordPress,No,Amazon Technologies Inc.,55,65,100.00,Sì,No
B&B L'Eden di Capo Bianco,Hotel,https://bb-l-eden-di-capo-bianco.com,349 342 2544,SP87,Montallegro,,celeste-coppola@hotmail.com,https,WordPress,No,"Automattic, Inc",69,92,100.00,Sì,No
La Tana del Lupo,Hotel,,331 646 5005,"Via Nuova, 1",San Giovanni Gemini,,,,,,,,,,,
Archi di San Giacomo,Bed & Breakfast,,328 734 6041,"Via San Giacomo, 3",Cammarata,,,,,,,,,,,
Sweety House,Bed & Breakfast,,320 784 9281,"Via S. Luigi Gonzaga, 24",San Giovanni Gemini,,,,,,,,,,,
Palazzo Melnis,Bed & Breakfast,https://melnis.bedsandhotels.com,393 619 8230,"Via Salvatore Spinuzza, 39",Cefalù,,,https,React,No,Hetzner Online GmbH,77,94,91.00,Sì,No
Ma&Mi Guest House,Bed & Breakfast,http://www.maemi.it,366 173 5337,"Via del Giubileo Magno, 97",Cefalù,,,https,WordPress,Sì,Hetzner Online GmbH,53,85,100.00,Sì,No
La Terrazza di Gadia,Bed & Breakfast,,377 377 5981,"Via Candeloro, 16",Cefalù,,,,,,,,,,,
Alla Finestra sul Parco,Hotel,http://www.lafinestrasulparco.it,389 080 3447,"Via S. Biagio, 25",Cefalù,,,https,ASP.NET,No,Aruba S.p.A. Network,73,100,82.00,Sì,No
Casa Cinema Paradiso,Bed & Breakfast,,339 432 5354,"Via Nicola Botta, 31",Cefalù,,,,,,,,,,,
Liolà Camere Cefalù,Bed & Breakfast,https://www.liolacefalu.it,333 444 0020,"Via Nino Martoglio, 8",Cefalù,,,https,Angular,No,OVH SAS,63,94,92.00,Sì,No
B&B Pepito,Bed & Breakfast,http://www.bebpepito.it,389 553 0216,"Via Antonello da Messina, 9",Cefalù,,,http,Joomla,No,SEEWEB s.r.l.,62,96,100.00,Sì,No
B&B Benvenuti al Sud,Bed & Breakfast,,340 140 9658,"Via Roccazzo, 11",Trabia,,,,,,,,,,,
B&B Al Conte Ruggero di giuseppe calabrese,Bed & Breakfast,,340 429 0164,"Via Conte Ruggero, 43",Troina,,,,,,,,,,,
Stella Vì,Bed & Breakfast,https://www.stellavi.it,320 187 9873,"Via Maestro Pintorno, 4",Cefalù,,info@stellavi.it,https,ASP.NET,Sì,Server Plan S.r.l.,61,87,85.00,Sì,No
B&B Delle Rose - PagineMobile,Bed & Breakfast,http://www.cefaludellerose.com,0921 421885,"Via del Giubileo Magno -H, 2",Cefalù,,,http,Joomla,No,Aruba S.p.A. Network,56,81,83.00,Sì,No
Elipa,Bed & Breakfast,,351 853 9115,"Via Alloro, 1",Trabia,,,,,,,,,,,
Villa Carola Altavilla,Bed & Breakfast,https://www.villacarolaaltavilla.it,340 091 7381,Via Chiesazza - Sperone XXVIII,Torre Colonna-Sperone,,contacts@palmeria.com,https,WordPress,Sì,Aruba S.p.A.,72,99,92.00,Sì,No
B&B Al Borgo di Lucia Spalletta,Bed & Breakfast,http://www.bbalborgo.net,320 562 4035,"Via Marino, 12",Troina,,bbalborgo@virgilio.it,http,React,No,Amazon.com,46,72,83.00,Sì,No
SIVillage,Villaggio di casette da campeggio,,392 293 2220,Contrada Agnelleria,Belpasso,,,,,,,,,,,
Kento Park Hotel,Hotel,,379 224 0884,"Contrada Tagliacasse, sn",Centuripe,,,,,,,,,,,
Agriturismo Gianferrante,Agriturismo,http://www.gianferrante.it,328 913 2504,Contrada Gianferrante,Paternò,,,https,Weebly,No,"Amazon.com, Inc.",80,93,100.00,Sì,No
Affittacamere Palazzo Galifi,Bed & Breakfast,https://www.palazzogalifi.it,320 603 9641,"Piazza Armando Diaz, 1",Paternò,,s.durso@gmail.com,https,WordPress,No,HOSTINGER DE,51,61,100.00,Sì,No
Casa filu’,Bed & Breakfast,,331 851 0084,"C.da Giglia -Francesco, 2",Chiaramonte Gulfi,,,,,,,,,,,
Southeast Hotel,Hotel,http://southeasthotel.it,0932 929096,s/n,Coffa,,info@southeasthotel.it,https,WordPress,No,OVH ISP,48,74,92.00,Sì,No
La Bella Vita Agriturismo,Bed & Breakfast,http://www.labellavita.online,342 625 0747,Contrada Pantanelle,Chiaramonte Gulfi,,info@labellavita.onnline,https,Angular,No,Strato AG,59,57,100.00,Sì,No
Hotel Grel,Hotel,http://www.hotelgrel.com,0932 922296,Contrada Pezze,Chiaramonte Gulfi,,hotelgrel@hotelgrel.com,,React,No,Aruba S.p.A.,39,80,100.00,Sì,No
Ronnavona Casa Vacanze B&B,Bed & Breakfast,http://www.ronnavona.it,338 941 5331,"Contrada Donnagona, 122",Chiaramonte Gulfi,,,https,WordPress,No,SEEWEB s.r.l.,75,99,85.00,Sì,No
Piccola Azzurra Branch,Bed & Breakfast,https://piccola-azzurra.bedsandhotels.com,338 611 6656,"Via Principe di Napoli, 133",Comiso,,,https,React,No,Hetzner Online GmbH,84,98,91.00,Sì,No
Blu Mare Bed and Breakfast,Bed & Breakfast,https://blu-mare.wixsite.com/milazzo-bb,320 889 3409,"Via del Marinaio d' Italia Vico 1, 10",Milazzo,,blumaremilazzo@gmail.com,https,Wix,No,Google LLC,70,93,100.00,Sì,No
Agriturismo Parra,Ristorante,http://www.agriturismoparra.it,090 935764,Contrada Baiamonte,Santa Lucia del Mela,,vini@agriturismoparra.it,http,React,No,Aruba S.p.A. Network,28,64,82.00,Sì,No
Al Castello B&B,Bed & Breakfast,http://www.alcastellomilazzo.it,345 475 5337,"Via Federico di Svevia, 16",Milazzo,,info@alcastellomilazzo.it,http,Basekit,No,Aruba S.p.A.,57,73,100.00,Sì,No
La Casetta B&B,Bed & Breakfast,http://lacasettabedandbreakfast.net,348 699 5311,"Via Piave, 35",Milazzo,,lacasettamilazzo@gmail.com,https,WordPress,Sì,Aruba S.p.A.,70,76,85.00,Sì,No
B&B Don Gaspano,Bed & Breakfast,http://www.dongaspano.com,090 933534,"Via Antonino Torre, 27",Pace del Mela,,info@dongaspano.com,https,Shopify,No,IONOS SE,61,79,92.00,Sì,No
Driade B&B,Bed & Breakfast,http://www.bbdriade.it,380 687 7160,"Via Minniti Tenente, 62",Milazzo,,driadebandb@gmail.com,http,React,No,Aruba S.p.A. Network,69,84,91.00,Sì,No
Villa Bona,Location per matrimoni,,347 626 8623,XM9H+M37,Termini Imerese,,,,,,,,,,,
B&B BluViRo,Bed & Breakfast,,388 180 4642,"Via Ustica, 10",Bronte,,,,,,,,,,,
Agriturismo Lo Scudiero Di San Teodoro,Agriturismo,http://www.loscudiero.it,320 874 8058,Contrada Fondachello,San Teodoro,,info@loscudiero.it,https,WordPress,No,Aruba S.p.A.,51,53,85.00,Sì,No
Sea Life Terrasini,Bed & Breakfast,,328 754 1508,"Via G. Meli, 1",Terrasini,,,,,,,,,,,
B&b San Procopio,Hotel,https://www.sanprocopioholiday.it,338 626 0444,"Via Conte Ruggero, 180",Troina,,,https,ASP.NET,No,Aruba S.p.A.,38,68,92.00,Sì,No
Tri Re e'na Regina,Bed & Breakfast,,340 864 7405,"Via Salvatore Badalamenti, 10",Cinisi,,,,,,,,,,,
Kunesias B&B Cinisi,Bed & Breakfast,http://www.kunesias.com,380 771 6432,"Via Salvatore Badalamenti, 246",Cinisi,,kunesias@live.it,https,WordPress,No,Aruba S.p.A. Network,61,89,92.00,Sì,No
B&B La Trinacria,Bed & Breakfast,,388 604 2197,"Via G. Pitre, 146",Terrasini,,,,,,,,,,,
ARIA B&B,Bed & Breakfast,,327 580 7283,"Via R. Ruffino, 2",Terrasini,,,,,,,,,,,
Bed & Breakfast Casa Manzella,Bed & Breakfast,http://bb-casa-manzella.webnode.it,340 145 9806,"Piazza Titi, Piazzetta Consiglio, 13",Terrasini,,info@casamanzella.it,https,React,No,Amazon Technologies Inc.,62,93,100.00,Sì,No
Agriturismo Rurale Oro Verde,Bed & Breakfast,http://www.agriturismoruraleoroverde.it,095 691389,"Via Messina, 275",Bronte,,,http,ASP.NET,No,Aruba S.p.A. Network,93,100,91.00,Sì,No
Cinisi 89 B&B,Bed & Breakfast,http://cinisi89bandb.wix.com/cinisi-89,339 105 1013,"Via Luigi Einaudi, 89",Cinisi,,,,Wix,Non trovato,Google LLC,79,98,36.00,No - Pagina Non Trovata (404),No
B&B Good Morning Etna,Bed & Breakfast,http://good-morning-etna.com.es,388 178 9514,"Via Giudice Falcone, 29",Bronte,,,,WordPress,No,arsys.es,70,97,92.00,Sì,No
Agriturismo Dispenza,Agriturismo,,320 152 8051,SP9,Collesano,,,,,,,,,,,
Foresteria Mongerrati,Ristorante,https://www.foresteriamongerrati.com,0921 997353,"contrada Mongerrati, snc",Isnello,,info@foresteriamongerrati.com,https,Angular,No,Aruba S.p.A. Network,56,85,82.00,Sì,No
la TerrazzaSPA B&B,Bed & Breakfast,http://www.laterrazzaspa.com,0932 197 0214,"Via Generale Amato, 102 II° e III° Piano",Comiso,,laterrazzaspa@gmail.com,https,Shopify,No,"Cloudflare, Inc.",55,59,85.00,Sì,No
Oasi Iblea Affittacamere Bed and Breakfast Casa Vacanze Hotel Ragusa,Bed & Breakfast,http://www.oasiibleainn.it,338 377 9754,"Corso Italia, 380",Ragusa,,,https,Typo3,No,"Amazon.com, Inc.",65,94,100.00,Sì,No
Sulfurea B&B ***,Bed & Breakfast,https://sulfurea.bedsandhotels.com,345 682 1632,"Via Apollo XI, 52",Comitini,,,https,React,No,Hetzner Online GmbH,77,98,91.00,Sì,No
mary Affittacamere,Alloggi al coperto,http://www.maryaffittacamere.com,0932 197 0012,"Corso Vittorio Emanuele, 325",Comiso,,,https,Shopify,No,"Cloudflare, Inc.",34,36,100.00,Sì,No
Il Vespro,Bed & Breakfast,https://il-vespro.italiapaesaggiviaggi.top,333 917 0151,"Via Puglie, Viale della Resistenza, 43",Comiso,,,https,React,No,Ipxo LLC,53,86,92.00,Sì,No
El Homs Palace Hotel,Hotel,http://www.elhomspalace.it,0932 967140,"Via Generale Girlando, 49",Comiso,,info@elhomspalace.it,https,WordPress,No,Hetzner Online GmbH,50,62,92.00,Sì,No
Terrazzani Suite,Bed & Breakfast,https://www.hotelscheck-in.com/terrazzanisuitecomiso/it,391 412 4931,"Via Matrice, 24",Comiso,,,https,React,No,"Cloudflare, Inc.",36,75,85.00,Sì,No
B&B Enna Cerere,Bed & Breakfast,,392 456 2872,"Via P. Rindone, 31",Enna,,,,,,,,,,,
B&B Casa Contessa,Bed & Breakfast,,338 965 6488,Cortile B2,Cefalù,,,,,,,,,,,
Agriturismo Ridocco,Agriturismo,http://www.ridocco.com,349 152 7971,"contrada Ridocco. s.s, 188c/km 15,500",Corleone,,,http,ASP.NET,No,Aruba S.p.A. Network,97,99,91.00,Sì,No
Don Giovanni Hotel,Hotel,http://www.dongiovannihotel.it,333 125 2608,Contrada Pandolfina,Sambuca di Sicilia,,,https,WordPress,Sì,Aruba S.p.A.,56,88,85.00,Sì,No
B&B Da Mercurio,Bed & Breakfast,,366 818 5514,"Via Dante Alighieri, 4",Santa Cristina Gela,,,,,,,,,,,
Azienda Agricola La Torre,Bed & Breakfast,,334 335 5597,Contrada S. Gandolfo,Corleone,,,,,,,,,,,
Chiosi Country Club (Turismo rurale),Bed & Breakfast,http://chiosicountryclub.com,327 582 4026,"Via del Pino, snc",Contrada Chiosi,,chiosicountryclub@gmail.com,https,Wix,Sì,wix com inc,56,93,100.00,Sì,No
B&B Castiglione Custonaci,Bed & Breakfast,http://www.bbcastiglione-custonaci.it,328 842 5369,"piano terra, Via Piemonte, 4",Custonaci,,,http,WordPress,No,Aruba S.p.A. Network,59,64,85.00,Sì,No
IL CORTILE | HOTEL & RESTAURANT,Hotel,http://www.hotelilcortile.it,0923 971750,"Via Padre Francesco Randazzo, 33B",Custonaci,,info@hotelilcortile.it,https,Joomla,No,Aruba S.p.A. Network,60,68,85.00,Sì,No
Leon d'Oro Corleone,Residence,http://www.leondorocorleone.it,091 846 4287,"Via Madre Teresa Cortimiglia, 2",Corleone,,,,WordPress,Non trovato,Aruba S.p.A.,100,100,45.00,,No
Raggi di Sole,Bed & Breakfast,https://raggidisoleholiday.com,340 474 8602,"Via Arezzo, 18",Custonaci,,info@raggidisoleholiday.com,https,Basekit,No,Aruba S.p.A.,50,57,100.00,Sì,No
Hotel Timpe Bianche Castelluzzo - San Vito Lo Capo,Bed & Breakfast,http://www.timpebianche.com,333 763 5483,"Viale C. Colombo, 13",San Vito Lo Capo,,info@timpebianche.com,https,WordPress,No,Aruba S.p.A.,46,73,85.00,Sì,No
Imera B&B,Bed & Breakfast,http://www.bbimerafavignana.it,389 018 5863,"Via Ugdulena, 41",Favignana,,info@bbimerafavignana.it,https,Shopify,Sì,Aruba S.p.A. Network,56,51,91.00,Sì,No
B&B Sicilia in Versi,Bed & Breakfast,http://www.bbsiciliainversi.com,329 034 0883,"Via S. Remo, 3",Cornino,,,https,WordPress,No,"Cloudflare, Inc.",30,34,92.00,Sì,No
Masseria Il Passo,Bed & Breakfast,,328 383 7306,Strada Provinciale Punta Sottile,Favignana,,,,,,,,,,,
Casa Maja,Bed & Breakfast,http://majafavignana.it,0923 194 1502,"Via Archimede, 3",Favignana,,info@majafavignana.it,https,Shopify,No,Aruba S.p.A.,56,59,83.00,Sì,No
Nà Nonna affittacamere,Bed & Breakfast,https://n-nonna.enjoyitalia.top,379 116 8021,"Via A. Vespucci, 2",Favignana,,,https,WordPress,No,Ipxo LLC,61,87,85.00,Sì,No
La Casa del Limoneto,Bed & Breakfast,http://www.lacasadellimoneto.it,331 343 0654,"Vicolo Domenico Cimarosa, Snc",Favignana,,,https,Joomla,Sì,Aruba S.p.A.,64,69,92.00,Sì,No
Insula Hotel,Hotel,http://www.insulahotel.it,0923 925437,"Via Daniele Manin, 2",Favignana,,info@insulahotel.it,https,React,No,Hetzner Online GmbH,56,44,77.00,Sì,No
Villaggio l'Oasi,Hotel,http://www.loasifavignana.it,0923 921635,"Contrada Camaro, 19",Favignana,,,https,React,No,"Cloudflare, Inc.",52,69,85.00,Sì,No
B&B l'Isola Felice Favignana,Bed & Breakfast,https://beb.it/lisolafelicefavignana/it,348 827 5863,"Via Roma, 43",Favignana,,,https,WordPress,No,"Amazon.com, Inc.",68,96,100.00,Sì,No
B&B DELLE ZOLFARE,Bed & Breakfast,http://www.bebdellezolfare.it,380 533 6849,Contrada Maccarrone,Sommatino,,info@bebdellezolfare.it,http,ASP.NET,No,Aruba S.p.A. Network,86,99,92.00,Sì,No
B&B The Liberty Palace,Bed & Breakfast,https://thelibertypalacecampobello.com,333 869 8433,"Via Libertà, 50",Campobello di Licata,,info@thelibertypalacecampobello.com,https,Joomla,No,IONOS SE,65,88,92.00,Sì,No
Albergo Villa San Giovanni,Hotel,https://hotel-villa-san-giovanni.albergatore.top,0923 869171,"Viale Nunzio Nasi, 12",Erice,,,https,WordPress,No,Contabo GmbH,52,88,85.00,Sì,No
Il Carmine,Hotel,http://www.ilcarmine.com,0923 869089,"Piazza Carmine, 23",Erice,,info@ilcarmine.com,https,Shopify,No,Aruba S.p.A.,43,56,82.00,Sì,No
B&B Le Chiavi,Bed & Breakfast,http://www.casevacanzeerice.it,389 637 9206,"Viale Conte Pepoli, 7",Erice,,sanmartinoresidenceerice@gmail.com,https,React,No,OVH SAS,92,96,58.00,Sì,No
Camere di Ulisse - Affitta Camere/Alloggi Erice,Alloggi al coperto,https://www.camerediulisse.it,0923 198 6148,"Via Santa Lucia, 2",Erice,,info@camerediulisse.it,https,WordPress,No,Aruba S.p.A.,61,97,85.00,Sì,No
PARCO DEGLI AROMI RESORT e SPA,Hotel,http://www.hoteltrapaniparcodegliaromi.it,0923 892806,Viale Ignazio Buttitta,Valderice,,info@parcodegliaromi.it,https,Angular,No,myLoc managed IT AG,43,71,92.00,Sì,No
Bed And Breakfast Il Cavaliere,Bed & Breakfast,http://www.bebilcavaliere.com,349 637 8715,"Via Pompeo Zuccalà, 19",Trapani,,info@bebilcavaliere.com,https,ASP.NET,Sì,Aruba S.p.A. Network,63,77,82.00,Sì,No
Orlando Vacanze Camere,Alloggi al coperto,http://www.orlandovacanzecamere.it,338 990 4945,"Via Polidoro, 12",Pizzolungo,,orlandovacanze@live.it,https,WordPress,No,Aruba S.p.A. Network,66,89,92.00,Sì,No
B&B La Gatta Bianca,Bed & Breakfast,http://www.beblagattabianca.it,334 309 9258,"Via Giacomo Matteotti, 8",Oliveri,,info@beblagattabianca.it,https,Joomla,No,Serverplan S.r.l.,85,99,100.00,Sì,No
Agriturismo Mama Lina,Bed & Breakfast,http://agriturismomamalina.it,0941 193 5287,"SP119, 90",Patti,,,https,React,No,"Cloudflare, Inc.",56,71,92.00,Sì,No
BED & BREAKFAST ONEIRATOS,Bed & Breakfast,,328 294 8448,"Via Soldato Schifano, 1",Favara,,,,,,,,,,,
URBAN RELAX B&B,Bed & Breakfast,http://www.beburbanrelax.it,351 840 0681,"Viale Aldo Moro, 234/AF",Favara,,info@beburbanrelax.it,https,WordPress,No,Servereasy Srl,41,90,92.00,Sì,No
“ Donna Rosa “ e “ Donna Rosa Home “,Ristorante,http://www.ristorantedonnarosa.it,0941 314074,"Via Roma, 27",Oliveri,,donnarosa.home@gmail.com,https,React,No,SEEWEB s.r.l.,65,75,75.00,Sì,No
Community Rooms,Bed & Breakfast,,338 256 9029,"Cortile Bentivegna, 20",Favara,,,,,,,,,,,
Umberto I - Affitti brevi,Bed & Breakfast,https://umberto-i.bedsandhotels.com,368 956 681,"Via Umberto, 35",Favara,,,https,React,No,Hetzner Online GmbH,53,98,91.00,Sì,No
La Mela di Venere Agriturismo,Agriturismo,http://www.agriturismolameladivenere.com,333 639 0331,"contrada fondi vecchi, Contrada Famelio",Palazzolo Acreide,,info@agriturismolameladivenere.com,https,WordPress,Sì,Aruba S.p.A.,46,64,100.00,Sì,No
La Ginestra,Bed & Breakfast,https://ginestra.bedsandhotels.com,333 219 1449,Via Vittorio Emanuele,Ferla,,,https,React,No,Hetzner Online GmbH,83,98,91.00,Sì,No
Afena rent bedRooms,Bed & Breakfast,,388 797 0921,Via Gallina,Agrigento,,,,,,,,,,,
B&B Sicilia Etna mare,Bed & Breakfast,,095 826 7001,"Via Antonio Gramsci, 106",Riposto,,,,,,,,,,,
Bedbreakfastdinastia,Bed & Breakfast,https://bedbreakfastdinastia.dormireinitalia.top,339 710 1476,"Piazza S. Giovanni, 29",Monterosso Almo,,,https,React,No,Contabo GmbH,57,88,85.00,Sì,No
B&B Villa San Leonardo,Bed & Breakfast,http://www.villasanleonardospa.it,348 543 3106,"Via S. Biagio, 20",Mascali,,,http,WordPress,No,WIIT AG,57,69,85.00,Sì,No
Hotel San'Anna,Hotel,https://santanna.bedsandhotels.com,0941 662067,"Via Vittorio Emanuele, 109",Floresta,,,https,React,No,Hetzner Online GmbH,52,94,91.00,Sì,No
Hostel Beach House,Ostello,,328 369 3113,"Lungomare Regina Margherita, 73",Giardini-Naxos,,,,,,,,,,,
B&B Le Poiane,Bed & Breakfast,http://www.lepoianebb.com,320 035 6297,"Contrada Manganello, 2",San Piero Patti,,,https,WordPress,No,Aruba S.p.A.,62,96,85.00,Sì,No
Villa il Vecchio Abete,Bed & Breakfast,,320 184 6777,"SP138, 16",San Piero Patti,,,,,,,,,,,
Domus Aurea,Bed & Breakfast,,333 260 3958,Via Mastropaolo,Montalbano Elicona,,,,,,,,,,,
B&B Nonna Francesca,Bed & Breakfast,http://www.nonnafrancesca.it,333 827 6822,"Via Fratelli Cervi, 58",Patti,,cofissrl@pec.it,https,React,No,Aruba S.p.A. Network,72,97,85.00,Sì,No
MammaCristina Food&Relax,Ristorante,https://www.mammacristina.com,393 939 7330,"Contrada Carasi, 13",Patti,,ordini@mammacristina.com,https,Basekit,No,Aruba S.p.A.,41,53,100.00,Sì,No
St.Michele B&B,Bed & Breakfast,https://stmichelebeb.it,320 189 5470,Via Porta S. Michele,Patti,,info@stmichelebeb.it,https,WordPress,No,"A2 Hosting, Inc.",55,72,92.00,Sì,No
B&B Liolà Patti,Bed & Breakfast,https://bbliolapatti.com,349 168 7559,"Via Lucania, 11",Patti,,,https,React,No,"Cloudflare, Inc.",60,84,85.00,Sì,No
VERDELLO HOME,Hotel,https://www.verdelloh.it,327 357 1903,"Via Scorsonello, 3",Savoca,,,https,Joomla,No,"Amazon.com, Inc.",68,94,100.00,Sì,No
'A Nuciara Park Hotel & Wellness Center,Hotel,http://www.anuciara.com,0942 798088,"Via Portella, 88","Grotte, Furci Siculo",,info@anuciara.com,https,React,No,IT.Gate S.p.A.,68,77,85.00,Sì,No
Il Belvedere,Bed & Breakfast,https://www.ilbelvederevillabnb.it,393 167 3737,Via Botte,Savoca,,,https,React,Sì,Aruba S.p.A.,55,87,100.00,Sì,No
B&B Archimede | bed & breakfast Floridia,Bed & Breakfast,,392 800 7623,"Via Archimede, 305",Floridia,,,,,,,,,,,
B&B Stazione,Bed & Breakfast,,338 260 4725,"Viale Vittorio Veneto, 31",Floridia,,,,,,,,,,,
B&B Semu a Mari,Bed & Breakfast,http://www.semuamari.it,392 097 2864,V. Giovanni Falcone,Santa Teresa di Riva,,info@semuamari.it,http,Joomla,No,IT.Gate S.p.A.,62,85,54.00,Sì,No
La Taverna,Bed & Breakfast,http://www.latavernasr.com,338 135 8097,"Traversa Taverna, 6",Floridia,,,http,ASP.NET,No,Aruba S.p.A. Network,100,100,82.00,Sì,No
Il Veliero,Bed & Breakfast,https://il-veliero.miglioriviaggi.top,329 383 5089,"Via Risorgimento, 239",Rocchenere,,,http,React,No,Contabo GmbH,59,86,85.00,Sì,No
Il Giardino di Sicilia,Alloggio turistico,http://www.ilgiardinodisicilia.com,347 880 4030,"Via per Canicattini, 65",Siracusa,,info@ilgiardinodisicilia.com,https,React,No,Aruba S.p.A. Network,67,85,83.00,Sì,No
Crispi 10,Bed & Breakfast,https://crispi-10.italyhotelguide.top,333 658 4607,"Via Francesco Crispi, 12",Floridia,,,https,WordPress,No,Ipxo LLC,51,73,92.00,Sì,No
Olivia Rooms Eurialo,Hotel,,376 080 3342,"Via Siracusa, 13 C",Belvedere,,,,,,,,,,,
B&B Villa Zia Febronia,Bed & Breakfast,https://villaziafebronia.it,347 095 5132,"Contrada S. Paolo, 3",Patti,,,https,Joomla,No,"Cloudflare, Inc.",45,64,77.00,Sì,No
Agriturismo La Quercia,Agriturismo,,338 162 1431,"Unnamed Road,98050 37°58'59.2N 15°11'39.2E",Fondachelli-Fantina,,,,,,,,,,,
Turismo Rurale Borgo San Francesco,Residence,http://www.borgosanfrancesco.it,0941 38493,"Contrada S. Francesco, 105",Gioiosa Marea,,info@borgosanfrancesco.it,https,Shopify,No,"Cloudflare, Inc.",55,65,100.00,Sì,No
B&B Il Gattopardo,Bed & Breakfast,,339 811 8820,"Piazza Pirandello, 13",Novara di Sicilia,,,,,,,,,,,
Grand Hotel La Rosa Dei Venti,Ristorante,http://www.larosadeiventihotel.it,0941 801020,"Via Giuseppe Garibaldi, 1",Campogrande,,larosadeiventihotel@tiscali.it,https,React,No,Netsons Network,57,89,75.00,Sì,No
La Casa di Mariù,Bed & Breakfast,https://la-casa-di-mariu.miglioriviaggi.top,331 214 9483,"Contrada S. Filippo, 1",Furnari,,,https,WordPress,No,Contabo GmbH,55,82,85.00,Sì,No
B&B Villa Rosa,Hotel,,392 157 6648,"Corso Italia, 37/C",Bagheria,,,,,,,,,,,
Albergo Diffuso Borgo Santa Caterina Vintage,Hotel,http://www.alcantaratravel.it,347 441 7473,"Via Archimede, 37",Castiglione di Sicilia,,info@alcantaratravel.it,https,WordPress,Sì,Aruba S.p.A. Network,59,68,92.00,Sì,No
B&B Villa Belvedere,Bed & Breakfast,,345 212 2219,"Corso Umberto I, 291",Ficarazzi,,,,,,,,,,,
La Martinica Srl,Hotel,http://www.hotel-lamartinica.it,091 636 0997,"Viale Europa, 9",Ficarazzi,,info@lamartinica.it,https,WordPress,No,Aruba S.p.A. Network,65,85,92.00,Sì,No
B&B La dimora di Poseidone,Bed & Breakfast,https://www.bebladimoradiposeidone.it,375 831 9064,"Via Gabriele D'Annunzio, 14",Bagheria,,immobiliaresofocle@gmail.com,https,WordPress,No,Oracle Corporation,56,67,54.00,Sì,No
Villa due Scale,Bed & Breakfast,,380 245 7791,"Via Messina Montagne, 30",Palermo,,,,,,,,,,,
Room Galletti-Inguaggiato,Bed & Breakfast,https://roomgallettiinguag.wixsite.com/room-in-villa-gallet,338 856 1713,"Corso Butera, 116",Bagheria,,roomgallettiinguaggiato@gmail.com,https,React,No,Google LLC,72,93,100.00,Sì,No
Militello Albergo Diffuso,Hotel,,095 811885,"Corso XX Settembre, 82",Militello In Val di Catania,,,,,,,,,,,
B&B BELLAVISTA,Hotel,,349 689 9953,"Via Mentana, 5",Francofonte,,,,,,,,,,,
B&B Il mare degli Dei,Alloggi al coperto,http://www.ilmaredeglidei.com,331 379 9540,"Via Roma, 81",Letojanni,,info@ilmaredeglidei.com,http,WordPress,No,Register.IT S.p.A,63,75,85.00,Sì,No
La Terrazza di Cirico',Bed & Breakfast,https://laterrazzadicirico.com,339 684 1807,"Contrada Ciricò, snc",Carlentini,,,https,WordPress,Sì,Hostinger International Limited,57,80,92.00,Sì,No
Palazzo Ruisi,Alloggio turistico,http://www.palazzoruisi.altervista.org,328 731 6943,"Corso Vittorio Emanuele, 216/218",Scordia,,,https,WordPress,No,Hetzner Online GmbH,81,64,92.00,Sì,No
B&B Le Tre Gemme Junior,Bed & Breakfast,http://www.bb-letregemme.it,320 066 6325,"Via Conte Alaimo, 166",Lentini,,,https,React,Sì,Aruba S.p.A. Network,62,98,92.00,Sì,No
La Via del Carretto - B&B,Bed & Breakfast,http://www.laviadelcarretto.com,338 291 6773,"Via Risorgimento, 28",Capri Leone,,viadelcarretto@gmail.com,https,WordPress,No,Aruba S.p.A.,41,72,100.00,Sì,No
Il Mandarino B&B,Bed & Breakfast,http://www.ilmandarino.eu,0942 794605,"Via della Luce, 46",Furci Siculo,,info@ilmandarino.eu,https,ASP.NET,No,Aruba S.p.A. Network,74,100,91.00,Sì,No
B&B Fragolina CIN IT083027C1HOBUL5AM,Bed & Breakfast,http://www.bbfragolina.it,0942 792951,"Via IV Novembre, 9",Furci Siculo,,info@bbfragolina.it,https,WordPress,No,Aruba S.p.A.,57,40,54.00,Sì,No
Atlantis Portorosa,Bar,,370 129 2159,"Via Prestipaolo, 1",Furnari,,,,,,,,,,,
Hotel La Piramide Di Puglisi Cosimo,Hotel,http://www.hotellapiramide.com,0942 744596,"Via Piccolo Torrente Pagliara, 20",Roccalumera,,,https,React,No,Google LLC,94,87,100.00,Sì,No
Brezza Marina,Bed & Breakfast,,349 639 4615,Via Torre Forte 62 n. 62 primo piano,Tonnarella,,,,,,,,,,,
Tenuta Pietravera,Ristorante,http://www.tenutapietravera.it,0941 336714,"Contrada Condurso, 16",Furnari,,,https,React,No,Google LLC,66,92,100.00,Sì,No
Agriturismo SOLE DI SICILIA,Agriturismo,http://www.soledisicilia.info,327 775 5000,"s.n, C.da Calderara",Randazzo,,,https,React,No,Google LLC,68,92,100.00,Sì,No
Les Barriques,Ristorante,,389 031 9945,SS185 km62+600,Gaggi,,,,,,,,,,,
Quarto Paradiso,Bed & Breakfast,,327 426 8336,"SS185, 161",Gaggi,,,,,,,,,,,
B&B Civico 115 - Gaggi (ME),Bed & Breakfast,https://beb.it/civico115/it,371 469 6989,"Via Umberto, 115",Gaggi,,,https,React,No,"Amazon.com, Inc.",74,95,100.00,Sì,No
B&B Al Palmento Galati Mamertino,Bed & Breakfast,,389 266 2548,"Vico Abate Crimi, 6",Galati Mamertino,,,,,,,,,,,
Joe & Sal Di Cocuzza Salvatore,Ristorante,,0935 693325,"Via Giovanni Verga, 13",Gagliano Castelferrato,,,,,,,,,,,
"Agriturismo La Corte, Gagliano Castelferrato",Ristorante,https://www.agriturismolacorte.it,328 948 3222,C.da Corte,Gagliano Castelferrato,,,https,React,Sì,Aruba S.p.A.,63,96,77.00,Sì,No
Sogni d'Oro B&B,Hotel,,328 918 3451,"Corso Umberto I, 19",Longi,,,,,,,,,,,
Hotel Fernanda,Hotel,,339 294 6020,"Via Roma, 69",Letojanni,,,,,,,,,,,
Albergo Diffuso Borgo Gallodoro,Hotel,,342 561 1059,"Via Porticato, 2",Gallodoro,,,,,,,,,,,
"Gira, vota e furria",Bed & Breakfast,,334 118 6980,"Via Vittorio Emanuele, 54",Giardini-Naxos,,,,,,,,,,,
B&B Ai Due Pini,Bed & Breakfast,,349 499 5700,"Contrada Caperone, 1",Letoianni,,,,,,,,,,,
Bed and Breakfast Alcantara Natura,Agriturismo,https://www.alcantaranaturaresort.it,334 907 9120,"Contrada Cupparo, 7",Graniti,,info@alcantaranaturaresort.it,https,WordPress,No,Server Plan S.r.l.,55,78,85.00,Sì,No
B&B il Galletto r…,Bed & Breakfast,https://il-galletto-r.bedsandhotels.com,349 763 9538,"Via Rocca Castello, 13",Gangi,,,https,React,No,Hetzner Online GmbH,76,98,91.00,Sì,No
AGRITURISMO SAN PIETRO,Agriturismo,,380 703 6609,Contrada S. Pietro,Gangi,,,,,,,,,,,
Villa Portelle,Bed & Breakfast,,349 879 9980,Ctrda Portelle,Gangi,,,,,,,,,,,
Bed And Breakfast Nonna Grazia Palermo,Bed & Breakfast,https://nonna-grazia-palermo.alberghiinitalia.top,320 284 7442,Contrada Comunello,Gangi,,,https,WordPress,No,Contabo GmbH,59,87,85.00,Sì,No
Donna Vì Hotel,Hotel,http://www.donnavi.it,370 156 7134,"Via della Libertà, 11",Geraci Siculo,,,https,WordPress,Sì,Google LLC,67,92,100.00,Sì,No
Santa Lucia B&B,Bed & Breakfast,http://www.bebsantaluciagangi.it,393 777 7825,"Via S. Lucia, 5",Gangi,,info@bebsantaluciagangi.it,http,WordPress,No,Aruba S.p.A.,56,59,92.00,Sì,No
B&B Sole Nascente,Bed & Breakfast,,351 992 5172,"SS 113 Settentrionale Sicula, 59",Terrasini,,,,,,,,,,,
B&B e SPA Del Centro,Bed & Breakfast,http://www.bbdelcentro.eu,375 715 7505,"Via Crupi, 37",Partinico,,,https,Odoo,No,HOSTINGER DE,60,77,100.00,Sì,No
BED AND BREAKFAST CASE SANIELA,Bed & Breakfast,https://saniela.tripcombined.com,328 535 4502,"Via Monsignore Evola, 22",Terrasini,,,https,React,No,Contabo GmbH,57,81,92.00,Sì,No
B&B CENTRALE,Bed & Breakfast,,349 269 6479,"Via Navarra Bresmes, 5",Gela,,,,,,,,,,,
B&B Torre Turrisi,Bed & Breakfast,,328 413 5937,Contrada Turrisi,Partinico,,,,,,,,,,,
B & B In Riva al Mare Gela,Bed & Breakfast,,346 802 0626,"Lungomare Federico II di Svevia, 104",Gela,,,,,,,,,,,
B&B A due Passi dal Mare Gela,Bed & Breakfast,,348 811 7783,"Via Istria, 15",Gela,,,,,,,,,,,
Palazzo Gioffrè,Bed & Breakfast,http://www.palazzogioffre.it,347 819 6075,"Via Ventura, 24",Gela,,info@palazzogioffre.it,https,Shopify,No,"Cloudflare, Inc.",36,50,92.00,Sì,No
"B&B Aria di Mare - Pollina,Sicilia",Bed & Breakfast,,320 707 0202,"Via Camillo Benso Conte di Cavour, 46",Finale,,,,,,,,,,,
B&B Porta Baciamano,Bed & Breakfast,http://www.portabaciamano.it,338 530 7343,"Via Porta Baciamano, 11",Geraci Siculo,,baciamano11@gmail.com,https,Joomla,No,Server Plan S.r.l.,63,75,83.00,Sì,No
Affittacamere Duomo,Bed & Breakfast,https://www.hotelscheck-in.com/affittacameregela/it,0933 907444,"Corso Vittorio Emanuele, 248",Gela,,,https,React,No,"Cloudflare, Inc.",36,74,85.00,Sì,No
Bed & Breakfast Arcobaleno Cefalù,Bed & Breakfast,https://www.arcobalenocefalu.it,0921 921498,Via dei Francescani,Cefalù,,info@arcobalenocefalu.it,https,WordPress,No,Keliweb S.R.L,50,62,92.00,Sì,No
TERRE IBLEE RESORT,Hotel Resort,http://www.terreibleeresort.it,338 807 8040,C/da sperlinga,Chiaramonte Gulfi,,,https,Joomla,No,"Amazon.com, Inc.",77,93,100.00,Sì,No
Ta' Marie B&B,Bed & Breakfast,,344 497 7574,"Ta' Marie, Contrada Piante, 27",Roccazzo,,,,,,,,,,,
Lues Rooms,Hotel,http://www.luestay.com,351 467 0232,"Via dei Sospiri, 6",Ragusa,,info@luestay.com,https,Shopify,No,Netsons s.r.l.,54,36,92.00,Sì,No
Iblea Paradise - Affittacamere in Ragusa,Bed & Breakfast,http://www.ibleaparadise.it,333 905 3487,"Via Giambattista Odierna, 61",Ragusa,,legalmail@pec.ibleaparadise.it,https,ASP.NET,No,Aruba S.p.A. Network,70,90,91.00,Sì,No
Oikos Ibla,Bed & Breakfast,,338 477 7804,"Via Torrenuova, 152",Ragusa,,,,,,,,,,,
B&B Al Sole di Sicilia,Bed & Breakfast,https://www.alsoledisicilia.it,324 872 4650,"Piano 2°, Via Pancrazio De Pasquale, 113/b",Giardini Naxos,,robert@broofa.com,https,Drupal,No,Serverplan s.r.l.,50,79,100.00,Sì,No
B&B Marina Blu,Bed & Breakfast,https://www.bbmarinablu.it,349 628 4784,"Via Cristoforo Colombo, 10",Giardini Naxos,,,https,WordPress,No,Aruba S.p.A.,83,99,92.00,Sì,No
SALVONE'S HOUSE B&B,Bed & Breakfast,http://www.salvoneshousebeb.it,329 854 5050,"Via Umberto Iᵒ, 33",Giardini Naxos,,siligato65@live.it,https,Basekit,No,Aruba S.p.A.,53,72,100.00,Sì,No
Bed & Breakfast Miramare,Bed & Breakfast,,340 865 5275,"via Umberto I°, 24",Giardini-Naxos,,,,,,,,,,,
B&B Il Muro Vecchio,Bed & Breakfast,https://book.octorate.com/octobook/site/ota/result.xhtml,0942 436211,"Via V. Brig. Calabrò Giovanni Medaglia D'Oro al V. M., 2",Giardini Naxos,,info@ilmurovecchiostudios.it,https,React,No,Aruba S.p.A.,60,87,91.00,Sì,No
Casabella Bed E Breakfast,Bed & Breakfast,http://www.bandbcasabella.it,349 327 5877,"Via Circonvallazione, 77",Riposto,,,https,Typo3,No,"Amazon.com, Inc.",86,93,100.00,Sì,No
B&B - La Dimora degli Scrittori Siciliani,Bed & Breakfast,,393 011 8277,"Via Garibaldi, 11",Giarre,,,,,,,,,,,
Alex Rooms,Hotel,https://alex-rooms.bellaitaliaholidays.top,347 365 7292,"Via Lentini, 13-15",Ragusa,,,https,React,No,Contabo GmbH,62,87,92.00,Sì,No
B&B MISTRAL di Lizzio Salvatore,Bed & Breakfast,https://mistral.bedsandhotels.com,347 261 2880,Via Antonino Di Sangiuliano n17,Giarre,,,https,React,No,Hetzner Online GmbH,66,98,91.00,Sì,No
Casa del Marchese B&B,Bed & Breakfast,http://www.casadelmarchese.it,320 283 6577,"Via Guglielmo Marconi, 20",Riposto,,,https,WordPress,No,Aruba S.p.A.,62,86,92.00,Sì,No
B&B del Corso,Bed & Breakfast,,331 731 0453,"Via Alessandro Manzoni, 4",Santa Ninfa,,,,,,,,,,,
AGRO SICILY,Bed & Breakfast,https://www.agrosicily.com,095 873 0124,"Via Stazione Carrabba, 59D",Mascali,,info@agrosicily.com,https,Wix,Sì,Google LLC,49,68,100.00,Sì,No
Bed and Breakfast CasAnsaldo,Bed & Breakfast,http://www.casansaldo.it,347 954 5107,"Via Carlo Collodi, 30",Carruba,,,https,React,No,"Amazon.com, Inc.",68,90,100.00,Sì,No
Floriana B&B,Bed & Breakfast,,320 698 7926,"Viale Belice, 38",Nuova Gibellina,,,,,,,,,,,
B&B Casa dei Vespri,Bed & Breakfast,http://www.casadeivespri.it,366 635 5377,"Viale Vespri Siciliani, 31",Nuova Gibellina,,info@casadeivespri.it,http,ASP.NET,No,Aruba S.p.A. Network,100,100,82.00,Sì,No
ANTICA DIMORA CUTRUFELLI,Residence,,347 220 6065,"Via Archimede, 39",Graniti,,,,,,,,,,,
Il Noceto dell'Etna,Ristorante,http://www.ilnocetodelletna.it,350 028 3589,"Via Duccio Galimberti, 4",Giarre,,info@ilnocetodelletna.it,https,Joomla,No,SEEWEB s.r.l.,57,95,85.00,Sì,No
Il Pozzo Antico,Agriturismo,http://www.agriturismoilpozzoantico.it,328 703 0146,"Via Carrata, 9",Mascali,,info@agriturismoilpozzoantico.it,https,WordPress,No,Aruba S.p.A.,55,63,85.00,Sì,No
Bed and Breakfast Il Vicolo,Bed & Breakfast,,333 367 1235,"Via Roma, 98",Graniti,,,,,,,,,,,
Palace Bed & Breakfast,Hotel,,320 539 4476,"Via Giovanni Pascoli, 47",Salaparuta,,,,,,,,,,,
B&B Teodora,Hotel,,392 792 5082,"Contrada, n, 8",Muscianò-cupparo,,,,,,,,,,,
La Terrazza di Harmakhis,Bed & Breakfast,https://www.beblaterrazzadiharmakhis.it,320 114 2295,"Bivio Cappuccini, Snc, 91028",Partanna,,,https,WordPress,Sì,Aruba S.p.A.,59,76,92.00,Sì,No
Il Principe Bed & Breakfast,Bed & Breakfast,https://il-principe-bed-breakfast.italiadestinazioni.top,392 653 7204,"Via Ignazio II, 9",Calatabiano,,,https,React,No,Contabo GmbH,49,88,85.00,Sì,No
Light Blue Room,Bed & Breakfast,,327 179 2568,"Contrada Fico, 42",Scordia,,,,,,,,,,,
Al Saliceto Hotel,Hotel,,0941 193 0623,"SS113, 45-53, contrada Saliceto FINE LUNGOMARE",Marina di Patti,,,,,,,,,,,
Casetta nel Bosco,Bed & Breakfast,,333 162 5383,"Via del Littorio, 29",Ficuzza,,,,,,,,,,,
Albergo Belvedere con ristorante e pizzeria,Hotel,,366 422 9640,"Viale Scanderbeg, 2",Santa Cristina Gela,,,,,,,,,,,
Bed and Breakfast Talìa,Servizio di ricerca di compagni di stanza,,0933 944462,"Via Giambattista Vico, 142",Grammichele,,,,,,,,,,,
Casa Libertini,Bed & Breakfast,http://www.casalibertini.it,333 634 6226,"Via Sandro Pertini, 4",Grammichele,,,https,WordPress,No,Aruba S.p.A.,49,85,85.00,Sì,No
B&B Gualtiero,Bed & Breakfast,,0933 34222,"Piazza S. Francesco D'Assisi, 20",Caltagirone,,,,,,,,,,,
Valle Verde Di Paolo E Maria Teresa Filia Snc,Hotel,http://www.valleverde.biz,0933 946714,"Via Falcone e Borsellino, 32",Grammichele,,info@valleverderistorante.it,https,WordPress,Sì,Aruba S.p.A.,55,62,85.00,Sì,No
Agriturismo Casale Valle Agnese,Ristorante,https://www.agriturismocasalevalleagnese.it,379 127 6351,"Contrada Biviere, snc",Godrano,,casalevalleagnese@gmail.com,https,Basekit,No,Aruba S.p.A.,45,52,100.00,Sì,No
MAGMA sharing,Hotel,,327 337 2597,via costanza d'altavilla 7 7,Grammichele,,,,,,,,,,,
Hotel Villa Sturzo,Hotel,http://www.hotelvillasturzo.it,0933 27196,"Via Mons. Francesco Fasola, 3",Caltagirone,,info@hotelvillasturzo.it,https,WordPress,Sì,Aruba S.p.A. Network,42,74,92.00,Sì,No
B&B la Pilozza Infiorata a Caltagirone,Bed & Breakfast,http://bb-la-pilozza-infiorata.italianeisole.it,0933 22162,"Via SS. Salvatore, 97",Caltagirone,,,http,React,No,OVH SAS,56,97,83.00,Sì,No
B&B Girosa CIN IT087011B4M48LSCB7,Bed & Breakfast,http://www.affittacameregirosa.it,333 506 8816,"Via Circonvallazione, 245",Caltagirone,,info@affittacameregirosa.it,https,React,Sì,Aruba S.p.A. Network,66,82,85.00,Sì,No
G&G Hotel,Hotel,https://gghotel.it,350 538 8249,"Viale Raffaele Failla, 90a",Grammichele,,,https,Joomla,Sì,Servereasy Srl,0,92,92.00,Sì,No
B&b AURORA,Bed & Breakfast,,347 097 6343,"V.le dell'Autonomia, 74b/4° piano",Gravina di Catania,,,,,,,,,,,
B&B Selene policlinico catania,Bed & Breakfast,https://beb.it/selenepoliclinicocatania,328 371 0058,"Via Madonna di Fatima, 59",Gravina di Catania,,,https,WordPress,No,"Amazon.com, Inc.",68,100,100.00,Sì,No
B&B Policlinico,Bed & Breakfast,https://www.hotelsitalo.com/bb-policlinico,347 644 1604,"Via Madonna di Fatima, 54A",Gravina di Catania,,,https,Shopify,No,"Cloudflare, Inc.",89,98,92.00,Sì,No
Ottomood,Bed & Breakfast,http://www.ottomood.it,347 143 7272,"Via Tenente A. Malerba, 5",Tremestieri Etneo,,info@russogiuseppe.it,https,WordPress,No,OVH SAS,0,0,0.00,Sì,No
I Mori Holiday Rooms,Bed & Breakfast,http://www.imoriholidayrooms.it,328 363 0120,"Via Giuseppe Mazzini, 22",Lascari,,imorilascari@gmail.com,https,React,No,"Cloudflare, Inc.",43,44,83.00,Sì,No
Hysnara Affittacamere,Hotel,http://www.la-brace.it/ristorante/hysnara-casa-vacanze,328 909 6457,Via di Maria,Isnello,,ristorante-labrace@libero.it,https,WordPress,No,Aruba S.p.A. Network,70,90,92.00,Sì,No
B&b Appiddaveru,Bed & Breakfast,,370 373 2909,"Via Barletta, 1",Catania,,,,,,,,,,,
BORGO VIGNALE LANA @nd MARY,Locanda,http://www.borgovignale.com,348 996 2210,Contrada Vignale,Cefalù,,svitlana9600@live.it,https,Shopify,No,"Cloudflare, Inc.",27,48,92.00,Sì,No
B&B Arnaldo Grotte,Bed & Breakfast,,338 197 5589,"Via A. da Brescia, 66",Grotte,,,,,,,,,,,
Gratteri Resort,Spa,http://www.gratteriresort.com,377 373 9549,Via Parisea,Gratteri,,gratteriresort@gmail.com,https,WordPress,No,Aruba S.p.A. Network,0,56,92.00,Sì,No
Bed & Breakfast Messina Break 2,Bed & Breakfast,,328 068 0130,"Via Maddalena, 3",Messina,,,,,,,,,,,
B&B Kairos,Bed & Breakfast,,351 828 8296,"Via Roma, 49",Itala Marina,,,,,,,,,,,
La Dymora,Bed & Breakfast,,391 727 9046,"Via Marco Polo, 73",Messina,,,,,,,,,,,
B&B Borgo Camicia IN,Bed & Breakfast,http://borgocamiciain.it,389 116 7262,"Via, Stretto Crocevia, 27",Barcellona Pozzo di Gotto,,,https,ASP.NET,No,Aruba S.p.A. Network,88,95,100.00,Sì,No
Bed & Breakfast Maredomusmilazzo,Bed & Breakfast,http://www.maredomusmilazzo.it,090 928 7332,"Via Marina Garibaldi, 185",Milazzo,,info@maredomusmilazzo.it,https,React,Sì,"Interserver, Inc",64,78,92.00,Sì,No
Garden House Alla Torre,Bed & Breakfast,,333 291 4506,"Via Ragusa, 8",Isola delle Femmine,,,,,,,,,,,
Affittacamere Ternulla,Alloggio completo di servizi,,338 310 5399,"Via sant'alessandria, 4°km",Rosolini,,,,,,,,,,,
B & B del centro storico ***,Bed & Breakfast,,366 455 9140,"Via Gonzaga, 27",Rosolini,,,,,,,,,,,
Palazzo Gambuzza,Hotel,http://www.palazzogambuzza.it,0932 950834,"Via Meli, 6",Ispica,,info@palazzogambuzza.it,https,WordPress,No,Aruba S.p.A.,78,97,82.00,Sì,No
B&B Agramonte,Bed & Breakfast,http://www.agramonte.it,324 098 0146,SP46,Ispica,,info@agramonte.it,http,Angular,No,Aruba S.p.A.,60,77,85.00,Sì,No
Essence B&B,Bed & Breakfast,https://www.essenceispica.it,0932 159 1064,"Via Ruggero Settimo, 1",Ispica,,info@essenceispica.it,https,Joomla,Sì,Hetzner Online GmbH,64,79,92.00,Sì,No
Il Gheppio Bed & Breakfast,Bed & Breakfast,http://www.ilgheppio.com,339 653 8530,Contrada Graffetta,Ispica,,info@ilgheppio.com,https,Shopify,No,Aruba S.p.A. Network,55,40,92.00,Sì,No
"A Detached Country House, With a Splendid View",Hotel,,+41 44 274 30 80,"Contrada, Via Ciricò, 4",Carlentini,,,,,,,,,,,
Indipendence's House,Bed & Breakfast,https://indipendencehouse.wordpress.com,338 716 1794,"Via Indipendenza, 69",Ispica,,rositasolarino@gmail.com,https,WordPress,No,"Automattic, Inc",64,92,100.00,Sì,No
Il Crepuscolo Mar Ispica,Hotel,https://www.ilcrepuscolomarispica.com,333 467 0361,Via dell'Abete,Santa Maria del Focallo,,,,WordPress,Non trovato,Server Plan S.r.l.,56,76,92.00,No - Pagina Non Trovata (404),No
B&B L'Infiorescenza,Bed & Breakfast,https://bb-linfiorescenza6.webnode.it,392 032 0771,"Piazza Santa Lucia, 14",Siracusa,,danielestoraci1982@gmail.com,https,React,No,Amazon Technologies Inc.,60,97,100.00,Sì,No
B&B MONTEMARE,Bed & Breakfast,,347 537 6498,"Via Pola, 92",Agrigento,,,,,,,,,,,
B&B Villa Kairos,Bed & Breakfast,http://bb-villa-kairos.com.es,339 143 5119,"Via Platone, 17",Joppolo Giancaxio,,,http,WordPress,No,arsys.es,0,97,92.00,Sì,No
B&B La Casa di Pino,Bed & Breakfast,,331 258 5481,"Via e la Loggia, 36",Lampedusa e Linosa,,,,,,,,,,,
Bed and Breakfast Le Cale,Bed & Breakfast,http://www.lecalelampedusa.it,333 946 9272,"Via Ludovico Ariosto, 38",Lampedusa e Linosa,,info@lecalelampedusa.it,https,Shopify,Sì,Aruba S.p.A. Network,57,55,91.00,Sì,No
Blu Mare Lampedusa,Bed & Breakfast,,339 290 0386,"Via Enrico La, Via e la Loggia, 56",Lampedusa e Linosa,,,,,,,,,,,
Hotel Mir Mar,Hotel,https://www.lampedusamirmar.it,0922 971008,Via Lido Azzurro,Lampedusa e Linosa,,info@lampedusamirmar.it,https,React,Sì,Aruba S.p.A.,83,98,100.00,Sì,No
Residence La Salina,Residence,,0922 970733,"Via delle Grotte, 4",Lampedusa,,,,,,,,,,,
Incanto Luxury Rooms,Bed & Breakfast,https://www.incantoluxuryrooms.it,331 635 3367,"Via dell'Eolie, 1",Lampedusa e Linosa,,,https,Joomla,No,Aruba S.p.A.,76,93,100.00,Sì,No
Puesta De Sol,Hotel,https://www.hotelscheck-in.com/puestadesollampedusa/it,333 158 5526,"Lungomare Luigi Rizzo, 99",Lampedusa,,,https,React,No,"Cloudflare, Inc.",38,76,85.00,Sì,No
Hotel i Dammusi di Borgo Cala Creta,Hotel,http://www.calacreta.com,0922 970394,"Contrada Cala Creta, SN",Lampedusa,,info@calacreta.com,https,React,No,Seeweb srl,67,88,85.00,Sì,No
Bed and Breakfast Siciliamuri Lampedusa,Bed & Breakfast,https://siciliamurilampedusa.it,329 302 6261,"Contrada, Via Tacceri, 4",Lampedusa e Linosa,,info@siciliamurilampedusa.it,https,React,No,OVH SAS,60,71,100.00,Sì,No
B&B Diamante,Bed & Breakfast,http://bnb-diamante.com.es,0935 903520,Località Contrada Cannolo-Picinosi snc,Nissoria,,,http,WordPress,No,arsys.es,0,98,92.00,Sì,No
AMMUNTATA,Bed & Breakfast,,349 122 0191,"Via Monte Carmelo, 24/24",Lascari,,,,,,,,,,,
Bed and Breakfast LA PRAIA DI RINELLA di Francesco Iannello,Bed & Breakfast,https://www.bed-and-breakfast.it/it/sicilia/la-praia-di-rinella-leni/4627,342 011 2277,"Via Rombo, 41",Rinella,,,https,Vue,Sì,"Amazon.com, Inc.",47,48,92.00,Sì,No
Casa Vacanze Papiro a Lipari - APPARTAMENTI per VACANZE vista MARE a Lipari con NOLEGGIO bici per ESCURSIONI Isola di LIPARI,Bed & Breakfast,http://www.bblipari.it,331 321 5737,"Via Marina Garibaldi, 22",Canneto,,info@bblipari.it,https,Angular,No,Aruba S.p.A. Network,54,59,91.00,Sì,No
bed and breakfast Eoliano,Bed & Breakfast,https://hotelscheck-in.com/eoliano/it,090 984 4025,"Via Vittorio Emanuele, 34",Malfa,,,https,Shopify,No,"Cloudflare, Inc.",39,79,85.00,Sì,No
Al Belvedere Salina,Hotel,http://www.belvederesalina.com,090 738 5433,"via Santa Lucia, 11",Leni,,info@belvederesalina.com,http,Joomla,Sì,Aruba S.p.A. Network,53,65,85.00,Sì,No
Villa Mariella Pittorino B&B e Case Vacanze,Bed & Breakfast,http://www.salinabb.it,335 459 189,"Via pittorino, 2",Leni,,maria.valentini2013@libero.it,https,Shopify,No,Aruba S.p.A,59,76,83.00,Sì,No
Solemar Hotel,Alloggi al coperto,https://www.hotelscheck-in.com/solemarhotelmessina/it,090 980 9445,Via S. Giuseppe,Leni,,,https,WordPress,No,"Cloudflare, Inc.",37,76,85.00,Sì,No
Hotel Arcangelo - Salina,Hotel,https://www.hotelarcangelosalina.com,090 984 3260,"Via Roma, 62",Santa Marina Salina,,,https,Angular,No,Aruba S.p.A. Network,70,96,92.00,Sì,No
Halgoduria,Bed & Breakfast,,327 936 7605,"via tagliamento, 4",Santa Marina Salina,,,,,,,,,,,
Hotel Sylesia,Hotel,http://www.hotelsylesia.it,0942 376120,"Via Vittorio Emanuele, 301",Letojanni,,booking@hotelsylesia.it,https,WordPress,No,IONOS SE,76,96,85.00,Sì,No
Hotel L'Ariana - Una | Esperienze - Borgo di Rinella,Hotel,https://eolie.guide/ariana,090 980 9075,"Via Rotabile, 11",Rinella,,ariana@eolie.guide,https,React,No,"Namecheap, Inc.",57,72,92.00,Sì,No
Casa Vacanza Da Rosa,Hotel,https://beb.it/casavacanzadarosa,328 662 3609,Via Montebianco,Letojanni,,,https,WordPress,No,"Amazon.com, Inc.",52,99,100.00,Sì,No
Palazzo Durante,Hotel,http://www.palazzodurante.it,0942 36135,"Piazza Durante, 14",Letojanni,,,https,React,No,Google LLC,0,90,83.00,Sì,No
Park Hotel Silemi,Hotel,http://www.parkhotelsilemi.com,0942 36228,"Via Sillemi, 28",Letojanni,,reservation@parkhotelsilemi.com,https,Shopify,Sì,i3D.net B.V,56,71,100.00,Sì,No
Hotel Olimpo - Le Terrazze,Hotel,http://www.hotelolimpoletojanni.it,0942 640131,"Via Fiumara, 11",Letojanni,,,https,WordPress,Sì,"Cloudflare, Inc.",64,90,92.00,Sì,No
Borgo Maisale,Agriturismo,http://www.borgomaisale.it,346 420 8155,"Contrada Maisale, Via Carlo Alberto dalla Chiesa",Librizzi,,,https,WordPress,No,WHG Hosting Services Ltd,77,82,100.00,Sì,No
Casa Pizzino,Bed & Breakfast,,327 922 1807,C/da Maisale,Italia,,,,,,,,,,,
Residence Da Concettina,Bed & Breakfast,http://www.taorminaappartamenti.com,333 282 2960,"Viale Alcide De Gasperi, 11",Mazzeo,,,http,WordPress,No,Aruba S.p.A. Network,47,63,85.00,Sì,No
Casa vacanze L'ulivo Burgio,Villa,,327 047 9471,C.da Cifota,Villafranca Sicula,,,,,,,,,,,
B&B Tommaso Fazello Sciacca,Bed & Breakfast,,327 445 2415,"Corso Vittorio Emanuele, 232",Sciacca,,,,,,,,,,,
Rocco Forte Private Villas,Hotel,https://www.roccofortehotels.com/private-villas/rocco-forte-private-villas-sicily,0925 020120,S.S. 115 Km 131,Sciacca,,,https,React,Sì,Akamai Technologies,51,40,85.00,Sì,No
Marranzanu Rooms,Bed & Breakfast,https://www.bbmarranzanu.com,320 023 4804,"Piazzale Stazione, 20",Santa Teresa di Riva,,info@marranzanubb.it,https,Wix,No,Google LLC,71,96,92.00,Sì,No
Casa Vacanze Etna - Linguaglossa,Bed & Breakfast,,347 171 2780,"Via Gorizia, 26",Linguaglossa,,,,,,,,,,,
B&B Mauro Home,Bed & Breakfast,https://www.casamauro.it/it/maurohome,347 862 4870,"Via Largo dei Procuratori, 5",Linguaglossa,,bbmaurohome@gmail.com,https,Joomla,Sì,Netsons s.r.l.,80,98,75.00,Sì,No
B&B ANTHEA,Bed & Breakfast,,349 673 4093,"Vico delle Orfanelle, 3",Linguaglossa,,,,,,,,,,,
Palazzo Previtera Museum - Rooms and Cottages,Pensione,http://www.palazzoprevitera.com,329 687 6372,"Via D. Alighieri, 24",Linguaglossa,,,https,React,No,Google LLC,59,94,83.00,Sì,No
I Tre Campanili/La Casa di ChiAle,Bed & Breakfast,,331 593 8821,"Vico I S. Salvatore, 7",Longi,,,,,,,,,,,
B&B Villa REFE,Hotel,https://bb-villa-refe.comeviaggiare.top,095 643926,"Via Mareneve, 56",Linguaglossa,,,https,WordPress,No,Contabo GmbH,56,84,85.00,Sì,No
''Mariolo house '' bb cesarò - affitta camere,Bed & Breakfast,,330 848 546,"Via Trieste, 68",Cesarò,,,,,,,,,,,
Fratelli Mazzurco,Ristorante,https://www.ristorantefratellimazzurco.it,095 773 2100,"S.S. 120, Via Conceria",Cesarò,,info@ristorantefratellimazzurco.it,https,React,No,Netsons Network,57,82,85.00,Sì,No
B&B Edelweiss,Bed & Breakfast,https://bb-edelweiss.italiacongusto.top,347 626 2821,"Via Duca degli Abruzzi, 233",Randazzo,,,https,WordPress,No,Ipxo LLC,52,87,92.00,Sì,No
B&B Licata SottoLeStelle,Bed & Breakfast,,371 339 2064,"Via Gaetano de pasquali, 16A",Licata,,,,,,,,,,,
Lory Luxury B&B,Bed & Breakfast,,351 736 7334,Piazza Attilio Regolo,Licata,,,,,,,,,,,
Baglio Sant'Angelo,Bed & Breakfast,https://www.bagliosantangelo.it,338 162 1865,"Via Sant'andrea, 55",Licata,,info@bagliosantangelo.it,https,WordPress,No,Aruba S.p.A.,62,90,85.00,Sì,No
B&B Ippocampo,Bed & Breakfast,,328 935 4292,"Via Gaetano Salvemini, 7",Licata,,,,,,,,,,,
B&B ANTICO BORGO S. FRANCESCO,Bed & Breakfast,http://www.anticoborgosanfrancesco.com,347 704 0907,"Contrada Zimmi, 1",Stazzone-crocetta,,,https,React,No,Google LLC,61,87,100.00,Sì,No
Hotel Cutimare Lipari - Aeolian Charme,Hotel,https://www.hotelcutimare.com,090 982 1088,Via Giuseppe Mazzini,Lipari,,,https,React,No,Simply Transit Ltd,88,80,92.00,Sì,No
" Diana Brown  Bed & Breakfast Affittacamere Monolocali",Bed & Breakfast,https://www.dianabrown.it,090 981 2584,"Vico Himera, 3",Lipari,,info@dianabrown.it,https,WordPress,No,Servereasy Srl,79,89,92.00,Sì,No
Lo Nardo Accommodation,Appartamenti,https://www.lonardo.it,090 988 0431,"vico ulisse 32-34, Via Francesco Crispi, 20",Lipari,,info@lonardo.it,https,React,Sì,Signet B.V,93,95,92.00,Sì,No
Benvenuti al Sud B&B,Bed & Breakfast,http://www.bnblicata.it,347 540 9519,"Corso Vittorio Emanuele, 63",Licata,,info@bnblicata.it,https,Jimdo,No,Aruba S.p.A.,56,72,85.00,Sì,No
Casa tra Cielo e Mare,Bed & Breakfast,https://beb.it/casatracieloemare,339 569 9113,"Località Vizzini, Salita Santa Margherita",Lipari,,,https,Shopify,No,"Amazon.com, Inc.",44,61,100.00,Sì,No
Villa Fiorentino Residence Hotel,Residence,,090 981 1387,"via G. Franza, 9",Lipari,,,,,,,,,,,
Odysseus Hotel Lipari - CIN: IT083041A1S57DZWOM,Hotel,https://www.odysseushotel.it,090 981 7277,Via Giuseppe Franza,Lipari,,info@odysseushotel.it,https,WordPress,No,IT.Gate S.p.A.,67,79,92.00,Sì,No
Residence Oltremare,Residence,https://www.hotelscheck-in.com/oltremaremessina/it,090 988 0567,SP180,Canneto,,,https,Shopify,No,"Cloudflare, Inc.",38,74,85.00,Sì,No
Residence Marina Corta Di Fonti Maria Teresa E C.S.A.S. - Cin: IT083041B44RMOYHIT,Residence,http://www.residencemarinacorta.it,090 988 0403,"Vico Aretusa, 9",Lipari,,info@residencemarinacorta.it,https,WordPress,Sì,Aruba S.p.A.,57,0,85.00,Sì,No
La Zagara Hotel,Hotel,https://www.hotelscheck-in.com/lazagarahotelmessina/it,090 981 1064,Via T.Aurora,Canneto,,,https,Shopify,No,"Cloudflare, Inc.",41,75,85.00,Sì,No
Hotel Res. La Villetta - CIN IT083041A1TIXPG7NI,Hotel,http://www.lavilletta.it,090 981 3000,"Via Calandra, n.1",Canneto,,info@lavilletta.it,https,WordPress,No,Aruba S.p.A.,41,62,100.00,Sì,No
B&B Home Maletto,Bed & Breakfast,https://home-maletto.jimdofree.com,091 877 6824,"Via Maletto, 4",Palermo,,,https,React,Sì,"Cloudflare, Inc.",63,95,92.00,Sì,No
Bed and Breakfast Et.Ma. Sant'Alfio,Bed & Breakfast,http://www.bedandbreakfastetma.it,095 968113,"Via Capuana, 54",Sant'Alfio,,,https,ASP.NET,No,Seeweb srl,62,87,77.00,Sì,No
Turkiscu,Bed & Breakfast,https://turkiscu-room-breakfast-salina.comeviaggiare.top,090 984 4462,"Via Scalo, 21",Malfa,,,https,WordPress,No,Contabo GmbH,52,84,85.00,Sì,No
Principe di Salina,Hotel,http://www.principedisalina.it,090 984 4415,"SP182, 3",Salina,,info@principedisalina.it,https,Shopify,No,"Cloudflare, Inc.",56,89,85.00,Sì,No
Hotel Santa Isabel,Hotel,https://www.santaisabel.it,090 984 4018,"Via Scalo, 12",Malfa,,info@santaisabel.it,https,Shopify,Sì,Contabo GmbH,73,0,92.00,Sì,No
R&B Casa Milioti Salina,Bed & Breakfast,https://guidamilazzo.com/rb-casa-milioti-salina,331 294 7256,"Via Cimitero, 9",Malfa,,rbcasamiliotisalina@gmail.com,https,Laravel,No,Hostinger International Limited,97,90,85.00,Sì,No
Hotel Punta Scario,Hotel,https://hotelpuntascario.it,090 984 4139,"Via Scalo, 8",Malfa,,hotelpuntascario@gmail.com,https,Joomla,No,Server Plan S.r.l.,48,82,85.00,Sì,No
B&B Profumi di Sicilia,Bed & Breakfast,,340 220 3539,"C/da San Leonardo Snc, Sp42 Direction Marianopoli",San Cataldo,,,,,,,,,,,
B&B Tanarizzi,Bed & Breakfast,,328 618 9336,MRRP+56,Vallelunga Pratameno,,,,,,,,,,,
Le sette perle R&B,Bed & Breakfast,http://www.setteperle.it,334 149 2503,"Via Roma, 157/a",Malfa,,lesetteperle@gmail.com,https,Shopify,No,"Cloudflare, Inc.",38,52,92.00,Sì,No
Bed & Breakfast Vanessa Caltanissetta,Bed & Breakfast,http://www.bebvanessa.it,349 634 1238,"Contrada Fontanelle, 33",Caltanissetta,,info@bebvanessa.it,https,WordPress,No,Server Plan S.r.l.,61,65,77.00,Sì,No
Agriturismo Feudo Tudia,Ristorante,http://www.tudia.it,0934 673029,"Strada Provinciale, 121",Tudia,,info@tudia.it,https,Angular,No,Google LLC,57,85,92.00,Sì,No
Ai Monachelli,Bed & Breakfast,,338 451 5200,"Via Monachelli, 8",Bolognetta,,,,,,,,,,,
"VILLA AGATA - Agriturismo Tùdia, prodotti tipici tradizionali",Agriturismo,http://www.tudiaziendagricola.it,0934 676054,Contrada Tudia,Petralia Sottana,,,http,WordPress,Sì,Aruba S.p.A. Network,56,77,92.00,Sì,No
B&B Marsala d'aMare,Bed & Breakfast,http://bbmarsaladamare.it,324 058 2143,"Via Edoardo Alagna, 114",Marsala,,info@bbmarsaladamare.it,https,WordPress,No,Aruba S.p.A.,70,85,61.00,Sì,No
Porta Nuova Room and breakfast Marsala,Bed & Breakfast,http://www.bedandbreakfastportanuova.it,327 157 0277,"Via Armando Diaz, 26",Marsala,,info@bedandbreakfastportanuova.it,https,WordPress,No,Aruba S.p.A.,70,89,100.00,Sì,No
Villa Favorita,Hotel,http://www.villafavorita.com,0923 989100,"Via Favorita, 27",Marsala,,info@villafavorita.com,https,Wix,Sì,Google LLC,65,94,100.00,Sì,No
Storie di mare,Bed & Breakfast,https://di-mare.bedsandhotels.com,347 139 4490,Piazzetta sant'oliva n.8,Marsala,,,https,React,No,Hetzner Online GmbH,76,90,91.00,Sì,No
Il Sogno Apartments Marsala,Hotel,https://www.ilsognocasavacanze.it,342 675 6664,"Via Castello, 29",Marsala,,ilsognovacanze@gmail.com,https,WordPress,No,Aruba S.p.A. Network,44,31,85.00,Sì,No
B&B Etna - Monte - Mojo,Bed & Breakfast,https://bbetnamontemojo.it,371 479 3471,"Via Vittorio Veneto, 17",Moio Alcantara,,info@bbetnamontemojo.it,https,WordPress,No,Server Plan S.r.l.,52,76,85.00,Sì,No
A casa di Coso B&B,Bed & Breakfast,https://acasadicosobandb.top,334 842 5139,"Contrada Dara, 90",Marsala,,,https,WordPress,Sì,"Cloudflare, Inc.",69,88,92.00,Sì,No
B&B - Country house- Il Tanaceto,Bed & Breakfast,http://www.iltanaceto.it,328 932 2693,Contrada Nemmi,Castiglione di Sicilia,,info.iltanaceto@gmail.com,https,WordPress,No,"Cloudflare, Inc.",55,56,92.00,Sì,No
La Corte del Fante - Premium Guest House,Bed & Breakfast,http://www.lacortedelfante.it,328 737 9189,"Via del Fante, 27",Marsala,,lacortedelfante@gmail.com,https,WordPress,No,HOSTINGER DE,56,66,92.00,Sì,No
B&B Due Passi dal Centro - MARSALA,Bed & Breakfast,http://www.duepassidalcentro.it,320 383 3239,"Vicolo Cavazza, 19",Marsala,,,https,React,No,Google LLC,62,95,92.00,Sì,No
Agriturismo Borgo San Nicolao,Agriturismo,http://www.borgosannicolao.it,329 380 9496,"Contrada Calderaro, Randazzo, CT 95036",Randazzo,,,https,WordPress,Sì,Serverplan S.r.l.,54,61,92.00,Sì,No
The Best - Suites & Rooms,Bed & Breakfast,,327 400 7037,"Via Pisa, 11",Mazara del Vallo,,,,,,,,,,,
B&B Zaccaria,Bed & Breakfast,,388 845 6015,"Via Sant'Agostino, 5",Mazara del Vallo,,,,,,,,,,,
Sicilia Bella,Residence,,342 759 9211,"Via India, 13",Mazara del Vallo,,,,,,,,,,,
Affitta Camere Prestige B&B,Bed & Breakfast,http://www.prestigemazara.it,0923 932126,"Corso Armando Diaz, 100",Mazara del Vallo,,,https,WordPress,No,Aruba S.p.A.,99,100,92.00,Sì,No
B&B Antiche Dimore,Bed & Breakfast,,320 412 1421,"Via Salemi, 70",Mazara del Vallo,,,,,,,,,,,
Agriturismo Kikajon,Agriturismo,http://www.kikajon.it,342 719 7948,Contrada Sciaramanica,Linguaglossa,,kikajon@kikajon.it,https,WordPress,No,Netsons Network,54,50,85.00,Sì,No
Il Sogno Siciliano,Bed & Breakfast,https://www.ilsognosiciliano.it,351 491 0027,"Via XX Settembre, 6",Mazara del Vallo,,,https,WordPress,No,Aruba S.p.A.,78,94,100.00,Sì,No
Serena Palace Superior Rooms,Bed & Breakfast,http://www.serenapalace.com,329 309 2335,"Via Adria Gian Giacomo, 34",Mazara del Vallo,,,https,Shopify,Sì,SEMPLIFY-SRL,90,88,92.00,Sì,No
Street Rooms,Bed & Breakfast,,342 166 5784,"Via Samperi, 28",Mazzarino,,,,,,,,,,,
B&B Russo,Bed & Breakfast,,347 679 5530,SP26,Mazzarino,,,,,,,,,,,
Bed & Breakfast Largo San Biagio,Bed & Breakfast,,328 078 1562,"Via Vincenti, 20",Gela,,,,,,,,,,,
Cortile Sant'Agostino Suites & Rooms,Bed & Breakfast,https://www.cortilesantagostino.it,320 669 2930,"Piazza S. Michele, n.25",Mazara del Vallo,,,https,Weebly,No,"Amazon.com, Inc.",71,99,100.00,Sì,No
Guest House Ornella,Hotel,,328 552 8587,SP 27 KM 5 (contrada Liperni snc),Mazzarino,,,,,,,,,,,
Casa Makarina,Bed & Breakfast,,346 223 5866,"Piazza Vittorio Veneto, 29",Mazzarino,,,,,,,,,,,
Sud 12 - Case Vacanze,Residence,http://www.sud12.it,340 737 7658,"Via Formia, 58",Mazara del Vallo,,sud12villesulmediterraneo@gmail.com,https,Angular,Sì,Aruba S.p.A. Network,53,64,92.00,Sì,No
B&B Maria Pia,Bed & Breakfast,,333 395 4770,"Via I Maggio, 144",Riesi,,,,,,,,,,,
B&B San Michele,Bed & Breakfast,http://www.bbsmichele.it,333 577 7575,"Via Goti, 59",Mazara del Vallo,,info@bbsmichele.it,https,Joomla,Sì,Aruba S.p.A. Network,37,47,92.00,Sì,No
Villa dei Marchesi Carrozza,Villa,https://villa-dei-marchesi-carrozza.dormireinitalia.top,340 873 5664,"Via Roma, 56",Santa Teresa di Riva,,,https,WordPress,No,Contabo GmbH,51,81,92.00,Sì,No
B&B Villa Morgante,Hotel,https://beb.it/villamorgantepedara,345 152 8370,"Via Empedocle, 21",Pedara,,,https,Squarespace,No,"Amazon.com, Inc.",69,95,100.00,Sì,No
Il Giardino di Agata,Hotel,https://ilgiardinodiagata.it,347 574 3102,"Via Roma, 258",Mascalucia,,info@ilgiardinodiagata.it,https,WordPress,No,HOST-VDC,69,91,92.00,Sì,No
BeB Welcome,Bed & Breakfast,https://beb-welcome.miglioriviaggi.top,392 422 5538,"Via Grazia Deledda, 18",Pedara,,,https,React,No,Contabo GmbH,52,86,85.00,Sì,No
Scirocco House,Alloggio completo di servizi,https://sciroccohouse.weebly.com,348 699 0317,"Via Salvatore Quasimodo, 2",Oliveri,,,https,Weebly,Sì,"Weebly, Inc.",63,93,83.00,Sì,No
Vittoria Colonna,Bed & Breakfast,,393 586 7683,"Via Magenta, 419",Vittoria,,,,,,,,,,,
Casa Goel,Bed & Breakfast,,392 054 0384,trav strada provinciale 3 Contrada Piraino snc,Piraino,,,,,,,,,,,
Villa Salisà - Hotel Lido Fiori - Menfi,Hotel Resort,https://villasalisa.com,388 771 1358,"Via dei Salici, n. 10",Menfi,,info@villasalisa.com,https,React,Sì,OVH ISP,70,96,100.00,Sì,No
Baglio Maragani Ristorante e B&B,Bed & Breakfast,http://www.baglio-maragani.it,320 057 8196,via selinunte contrada maragani,Sciacca,,bagliomaragani@gmail.com,http,WordPress,No,Aruba S.p.A.,66,79,85.00,Sì,No
Una Vita In Vacanza Butique Hotel,Bed & Breakfast,http://www.vitainvacanza.com,349 782 7488,"Contrada Quaglio, 148",Quaglio,,,https,Joomla,No,"GoDaddy.com, LLC",59,81,77.00,Sì,No
Dimora SIQU,Hotel,https://www.dimorasiqu.com,333 182 7107,"Via Camillo Benso Conte di Cavour, 60",Menfi,,info@dimorasiqu.com,https,Angular,Sì,OVH SAS,52,73,92.00,Sì,No
Hotel Donna Carmela Sede Unica a Sciacca,Hotel,http://www.hoteldonnacarmela.it,342 167 3863,"Via Selinunte, snc",Sciacca,,hoteldonnacarmela@libero.it,https,ASP.NET,No,Aruba S.p.A. Network,70,88,82.00,Sì,No
Il Vigneto Resort,Ristorante,http://www.ristoranteilvigneto.com,0925 195 5191,Contrada Gurra di Mare,Menfi,,info@ristoranteilvigneto.com,https,Shopify,No,Keliweb S.R.L,32,46,83.00,Sì,No
Torre Bonera Green Resort,Hotel Resort,http://www.torrebonera.it,0925 195 5662,"Unnamed Road, 92013",Menfi,,wedding@torrebonera.it,https,WordPress,No,Aruba S.p.A.,62,82,92.00,Sì,No
The Loft,Bed & Breakfast,,340 404 8016,Via Migliavacca,Milazzo,,,,,,,,,,,
Casa Mirabile Relais Menfi - Agrigento,Hotel,https://www.casamirabilerelais.it,345 461 6300,"contrada Agareni, snc",Menfi,,info@casamirabilerelais.it,https,Wix,Sì,Google LLC,43,93,100.00,Sì,No
Maharìa,Enoteca,https://mahariasicilia.com,0925 442635,"Via Santi Bivona, 13",Menfi,,info@mahariasicilia.com,https,WordPress,No,Aruba S.p.A.,57,83,92.00,Sì,No
Idria B&B,Bed & Breakfast,http://idriabnb.it,347 109 0325,"Via Catili, 130",Barcellona Pozzo di Gotto,,idriabnb@gmail.com,https,WordPress,Sì,Register networks in Belgium,67,77,100.00,Sì,No
B&B Garden Holiday,Bed & Breakfast,http://www.gardenholiday-bb.it,335 658 7996,"Viale Edoardo Garrone, 14",Città Giardino,,info@gardenholiday-bb.it,http,React,No,Aruba S.p.A. Network,63,97,83.00,Sì,No
Milazzo: La porta delle eolie,Bed & Breakfast,https://milazzo-la-porta-delle-eolie.guideditalia.top,331 990 1713,"Via Colonnello F. Bertè, 29",Milazzo,,,https,React,No,Contabo GmbH,53,83,92.00,Sì,No
B&B Il Siciliano,Bed & Breakfast,https://www.hotelsitaloweb.com/bb-il-siciliano,389 495 4712,"Via Ciane, 6",Siracusa,,,https,Shopify,No,"Cloudflare, Inc.",100,100,85.00,Sì,No
Rooms Graziella,Bed & Breakfast,,328 243 5167,"Via Giuseppe Logoteta, 18",Siracusa,,,,,,,,,,,
B&B Mare di Augusta - La finestra sul porto,Bed & Breakfast,,349 845 4028,"Via Adua, 2",Augusta,,,,,,,,,,,
Charme Rooms Siracusa,Bed & Breakfast,,338 157 0241,"Via Po, 24",Siracusa,,,,,,,,,,,
Bed & Breakfast La Terra di Archimede Siracusa,Bed & Breakfast,http://www.laterradiarchimede.it,320 789 0561,"Via Pindaro, 11",Siracusa,,laterradiarchimede@gmail.com,https,WordPress,No,Aruba S.p.A. Network,54,67,85.00,Sì,No
Beb I Delfini Di Casa Paola,Bed & Breakfast,,348 963 0224,"Via Carrata, 6",Mascali,,,,,,,,,,,
La Terra Dei Sogni Country Hotel,Hotel,https://www.laterradeisogni.com,095 641725,"Via Catania Messina, 14",Fiumefreddo di Sicilia,,hotel@laterradeisogni.com,https,React,Sì,Servereasy Srl,63,88,92.00,Sì,No
Tortugas Bed and Breakfast,Alloggio turistico,,393 426 7835,"Via Giovanni Meli, 66",Giarre,,,,,,,,,,,
Elysium B&B,Bed & Breakfast,http://www.elysiumbnb.com,346 530 0031,"Via Sant'Elia, 11",Messina,,elysiumbnb@gmail.com,http,Angular,No,Aruba S.p.A.,35,66,91.00,Sì,No
Ciauru Design B&B e Sala Meeting,Bed & Breakfast,http://www.ciauru.it,090 345730,"Viale della Libertà, 251",Messina,,info@ciauru.it,https,WordPress,Sì,Aruba S.p.A. Network,48,69,85.00,Sì,No
b&b Casa Althea,Bed & Breakfast,,347 052 7436,"Corso Italia, 49",Milo,,,,,,,,,,,
B&B Bellini,Bed & Breakfast,https://bellini.bedsandhotels.com,348 581 9489,"Via Vincenzo Bellini, 41",Milo,,,https,React,No,Hetzner Online GmbH,67,98,91.00,Sì,No
Miti dello Stretto B&B,Bed & Breakfast,https://mitidellostretto.com,351 997 1218,"Via G. Garibaldi, 128/B",Messina,,,https,Weebly,No,"Amazon.com, Inc.",62,95,100.00,Sì,No
B&B La Ginestra,Bed & Breakfast,http://www.residenzenicotra.it,347 785 3797,"Via Acque del Vescovo, 2",Milo,,residenzenicotra@gmail.com,http,Basekit,No,Aruba S.p.A.,63,72,92.00,Sì,No
"B&B Dimora dell'Etna, Alloggi",Bed & Breakfast,http://www.dimoradelletna.it,095 955305,"via crisafulli, 21, 37.7181623, 15/1289128",Milo,,bbdimoradelletna@gmail.com,https,WordPress,No,Aruba S.p.A.,57,73,92.00,Sì,No
Milomax,Hotel,http://www.hotelmilomax.it,095 955177,"Via Vincenzo Bellini, 74",Milo,,booking@hotelmilomax.it,https,Shopify,No,"Cloudflare, Inc.",49,52,92.00,Sì,No
Le Tre rose dell'Etna,Bed & Breakfast,https://beb.it/letrerosedelletna,347 858 5904,"Via delle Rose, 25",Zafferana Etnea,,,https,Typo3,No,"Amazon.com, Inc.",64,89,100.00,Sì,No
Il Vicolo B&B,Bed & Breakfast,http://www.ilvicolobeb.it,349 504 6851,"Via Salemi, 14",Milazzo,,info@ilvicolobeb.it,https,React,Sì,Serverplan S.r.l.,93,100,91.00,Sì,No
Atto Primo - Bed And Breakfast,Bed & Breakfast,http://www.bbattoprimo.it,351 975 0318,"Via Trifiletti, 9",Milazzo,,attoprimobnb@gmail.com,https,WordPress,Sì,Keliweb S.R.L,38,83,77.00,Sì,No
Perle di Sicilia B&B,Bed & Breakfast,https://www.perledisiciliabb.it,388 991 0327,"Via Felice Cavallotti, 8",Milazzo,,perledisicilia-bb@virgilio.it,https,Basekit,No,Aruba S.p.A.,55,70,100.00,Sì,No
Marina Inn,Bed & Breakfast,https://marina-inn.bedsandhotels.com,338 742 5868,"Via Riccardo D'amico, 1",Milazzo,,,https,React,No,Hetzner Online GmbH,66,99,91.00,Sì,No
Alterego B&B,Bed & Breakfast,http://www.alteregomilazzo.it,348 225 6797,"Via del Sole, 95",Milazzo,,info@alteregomilazzo.it,https,React,Sì,Aruba S.p.A. Network,46,55,77.00,Sì,No
B&B BorgiaRooms,Bed & Breakfast,http://www.borgiarooms.it,353 422 4795,"Via Cumbo Borgia, 8",Milazzo,,info@borgiarooms.it,,WordPress,No,Servereasy Srl,100,89,100.00,Sì,No
L' Antico Borgo B&B,Bed & Breakfast,http://www.beblanticoborgo.com,349 337 2945,"Salita Castello, 12",Milazzo,,info@beblanticoborgo.com,https,Angular,Sì,Serverplan S.r.l.,56,86,92.00,Sì,No
SESIMA turismo rurale,Agriturismo,http://www.sesimaturismorurale.it,0921 993753,"Via Nazionale, 76",Mistretta,,sesimaturismorurale@gmail.com,https,Wix,Sì,Google LLC,63,77,100.00,Sì,No
B&B Principe,Bed & Breakfast,http://www.bebprincipe.it,335 143 7643,"Piazza Carlo Maria Carafa, 48",Grammichele,,info@bebprincipe.it,https,Joomla,No,Aruba S.p.A.,50,59,85.00,Sì,No
Paradiso della zagara,Ristorante,http://www.paradisodellazagara.it,095 653279,"Piazza Tenente di Fazio, 8",Ramacca,,info@paradisodellazagara.it,https,WordPress,No,Aruba S.p.A.,63,74,92.00,Sì,No
Palazzo Sant'Elia,Hotel,http://www.casavacanze-palazzosantelia.it,377 201 7475,"Via S. Pietro, 7",Caltagirone,,,http,WordPress,No,Aruba S.p.A.,34,56,85.00,Sì,No
B&B RocHouse La Rotonda,Bed & Breakfast,,391 496 0979,"Piazza Aldo Moro, 1",Mirabella Imbaccari,,,,,,,,,,,
Affittacamere Imakara,Hotel,http://www.affittacamereimakara.com,338 595 1310,"Largo Santa Lucia, 5",Mirabella Imbaccari,,,http,React,No,Aruba S.p.A. Network,68,78,91.00,Sì,No
Bed and Breakfast BAOBAB Piazza Armerina,Bed & Breakfast,http://www.bb-baobab.it,333 828 5730,"Salita Sant Antonio, 16",Piazza Armerina,,info@bb-baobab.it,https,ASP.NET,Sì,Hetzner Online GmbH,59,77,100.00,Sì,No
Parco degli Ulivi Ricevimenti Hotel,Location per matrimoni,https://www.parcoulivi.it,0933 993438,Via Vecchia Ferrovia,Mirabella Imbaccari,,info@parcodegliulivi.it,https,WordPress,Sì,Aruba S.p.A.,64,87,100.00,Sì,No
B&B Milicia,Bed & Breakfast,,346 187 2931,"Via Luigi Pirandello, 50",Misterbianco,,,,,,,,,,,
Bed and Breakfast La Civetta,Bed & Breakfast,,340 124 7741,"Via Madonna degli Ammalati, 129",Misterbianco,,,,,,,,,,,
b&b trigona,Bed & Breakfast,,379 262 6815,"Via Antonio Gramsci, 16",Misterbianco,,,,,,,,,,,
B&B Mariposa,Bed & Breakfast,,339 276 7967,Strada Marausa,Misiliscemi,,,,,,,,,,,
b&b Caliu,Bed & Breakfast,https://beb.it/caliumarausa,329 424 6572,"Via Brisciano, 2/A",Misiliscemi,,,https,Angular,No,"Amazon.com, Inc.",64,95,100.00,Sì,No
B&B Mauripe,Bed & Breakfast,https://bb-mauripe.alberghiinitalia.top,327 327 8497,"Via Camillo Benso Conte di Cavour, 174",Misterbianco,,,https,WordPress,No,Contabo GmbH,47,82,92.00,Sì,No
Disio Naro,Bed & Breakfast,,329 802 9201,"Piazza Cesare Battisti, 15",Naro,,,,,,,,,,,
Agriturismo Raffo,Agriturismo,http://www.agriturismoraffo.it,349 821 1163,S.P. 12 Naro - Campobello di Licata,"C.da Bongiorno, Naro",,,https,React,No,Serverplan s.r.l.,56,77,92.00,Sì,No
Villa Panorama - B&B Scala dei Turchi,Bed & Breakfast,http://villapanoramasuite.it,389 631 2274,"Via Noci, 10",Porto Empedocle,,,http,Angular,Sì,Server Plan S.r.l.,54,60,100.00,Sì,No
Hotel Pomara,Hotel,https://www.hotelpomara.it,0933 978143,"Via Vittorio Veneto, 84",San Michele di Ganzaria,,info@hotelpomara.it,https,Angular,No,Aruba S.p.A.,34,34,77.00,Sì,No
Giardino di Sicilia,Giardino,http://www.giardinodisicilia.com,328 707 4615,Contrada Contura,Sant'Agata di Militello,,home@giardinodisicilia.com,https,React,Sì,Aruba S.p.A. Network,56,68,85.00,Sì,No
villa amico bed & breakfast agrigento ag,Bed & Breakfast,https://www.hotelscheck-in.com/bbagrigentovillaamicovillaggiomose/it,349 834 6639,"Via delle Azalee, 6",Villaggio Mosè,,,https,Joomla,No,"Cloudflare, Inc.",38,75,85.00,Sì,No
B&B Il Castelletto,Bed & Breakfast,,347 388 5488,"Via del Mare, 22",Oliveri,,,,,,,,,,,
Residence Miljunka,Residence,http://www.residencemiljunka.it,0941 721916,"Contrada Giancola, 48",Sant'Agata di Militello,,residencemiljunka@gmail.com,http,WordPress,No,Keliweb S.R.L,51,60,100.00,Sì,No
Palazzo Fortunato S.R.L.,Hotel,http://www.hotelpalazzofortunato.com,0941 721418,"Via Peschiera, 16",Sant'Agata di Militello,,info@hotelpalazzofortunato.com,https,Concrete5,No,Google LLC,56,73,82.00,Sì,No
Sea Elegance Home Holiday,Hotel,http://www.seaelegance.it,340 391 6423,"Via Diodoro, 16",Oliveri,,,,Angular,Non trovato,Google LLC,88,99,36.00,No - Pagina Non Trovata (404),No
Il Giardino dei Mandarini,Bed & Breakfast,http://www.ilgiardinodeimandarini.it,333 454 7587,"Corso Nino Barone, 82",Modica,,info@ilgiardinodeimandarini.it,http,ASP.NET,No,Aruba S.p.A. Network,100,99,82.00,Sì,No
Bed and Breakfast Luna Blu,Bed & Breakfast,https://luna-blu.bedsandhotels.com,0932 763812,"Via Nazionale, 44",Modica,,,https,React,No,Hetzner Online GmbH,65,94,91.00,Sì,No
Modica Garden Resort,Bed & Breakfast,https://modica-garden-resort.italiabella.top,366 898 8219,"Corso Sandro Pertini, 24",Modica,,,https,React,No,Contabo GmbH,52,86,92.00,Sì,No
Stanze Barocche,Bed & Breakfast,https://barocche.tripcombined.com,334 287 9360,"Via Santa, 12",Modica,,,https,React,No,Contabo GmbH,57,83,92.00,Sì,No
Correri 125 B&B,Bed & Breakfast,http://www.ragusaweb.com/maltese16,380 365 0312,Vico Buscema,Modica,,enricomaltese@gmail.com,https,ASP.NET,No,Aruba S.p.A. Network,69,73,83.00,Sì,No
I tetti di Siciliando,Bed & Breakfast,https://www.siciliando.com/it,0932 942843,"accesso da, Via G. Cannata, 24, Corso Giuseppe Garibaldi, 81",Modica,,,https,Joomla,No,"Amazon.com, Inc.",94,95,100.00,Sì,No
Palazzo Il Cavaliere B&B De Charme,Bed & Breakfast,https://palazzoilcavaliere.com,389 532 7000,"Corso Umberto I, 259",Modica,,palazzoilcavaliere@gmail.com,https,React,Sì,Server Plan S.r.l.,59,77,100.00,Sì,No
B&B da Francesco,Bed & Breakfast,https://francesco.bedsandhotels.com,368 746 4940,"Via Marchesa Tedeschi, 90",Modica,,,https,React,No,Hetzner Online GmbH,64,98,91.00,Sì,No
B&B Gloria,Bed & Breakfast,https://www.bbgloria.it,389 925 1863,"335 Corso Vittorio Emanuele piano primo, Piazza della Regione",Villabate,,,https,WordPress,Sì,Aruba S.p.A. Network,67,92,92.00,Sì,No
B&B Le Palme,Bed & Breakfast,http://www.osteriadellepalme.it,0941 961970,Via A.Giuffrè,Naso,,info@osteriadellepalme.it,https,React,No,Keliweb S.R.L,94,100,82.00,Sì,No
Barone Montefeo,Agriturismo,,0941 630956,Via Pio la Torre,Colla Maffone,,,,,,,,,,,
Antica Dimora Marinelli,Hotel,http://anticadimoramarinelli.it,0941 054293,"Via Garibaldi, 97",Ficarra,,direzione@anticadimoramarinelli.it,https,React,No,Contabo GmbH,55,55,91.00,Sì,No
Alll,Bed & Breakfast,,350 583 0691,"Corso dei Mille, 109",Palermo,,,,,,,,,,,
FRAMAMIRED B&B,Bed & Breakfast,,379 230 8048,"Corso Camillo Finocchiaro Aprile, 165",Palermo,,,,,,,,,,,
A un passo dal centro,Bed & Breakfast,http://www.aunpassodalcentro.it,347 541 7277,"Via Mariano Stabile, 118 B",Palermo,,aunpassodalcentrosrls@gmail.com,https,Basekit,No,Aruba S.p.A.,48,61,100.00,Sì,No
Bed and Breakfast Vivaldi,Bed & Breakfast,http://www.bbvivaldi.it,331 447 3732,"Via Maqueda, 407",Palermo,,info@bbvivaldi.it,https,Joomla,No,Netsons s.r.l.,61,71,100.00,Sì,No
Datacom House,Lodge,,+357 99 459331,Angelou Vlachou 1,Strovolos,,,,,,,,,,,
Bougainvillea Garden,Hotel,,+90 533 864 90 92,"Ayyıldız Mahallesi, Marmara Sokak, No:33, North Nicosia, Cyprus, 3344",Northern,,,,,,,,,,,
Nicosia Eagle Eye Boutique Hotel,Hotel,https://cyprioteagleeye.com,+90 542 853 66 42,Celaliye Sk 16,Nicosia,,nicosiaeagleeye@gmail.com,https,WordPress,No,"DigitalOcean, LLC",66,68,75.00,Sì,No
B&B IL POETA,Bed & Breakfast,https://www.hotelsitalian.com/bb-il-poeta,392 366 6323,"Via Catania, 17",Palermo,,,https,WordPress,No,"Cloudflare, Inc.",75,94,92.00,Sì,No
Kipros Accomodation,Hotel,https://sites.google.com/view/kipros-accomodation,+357 96 299435,Vasiliou Voulgaroktonou,Nicosia,,,https,Angular,No,Google LLC,59,92,82.00,Sì,No
Asty Hotel Nicosia,Hotel,http://www.astyhotel.com,+357 22 773030,Prigkipos Karolou 12,Agios Dometios,,,https,React,No,Google LLC,56,98,100.00,Sì,No
Villa Joele,Bed & Breakfast,,392 349 1109,"Via Enna, 48",Nicolosi,,,,,,,,,,,
Martina Paradise b&b,Bed & Breakfast,,347 554 1449,"Via Cesare Battisti, 133i/133",Nicolosi,,,,,,,,,,,
Bed and Breakfast Tomaselli,Bed & Breakfast,http://www.bebtomaselli.it,095 914445,"Via Giovanni Verga, 39",Nicolosi,,,https,React,No,Google LLC,28,89,92.00,Sì,No
Hotel alle Pendici,Hotel,https://www.hotelallependici.com,095 791 4310,"Viale della Regione, 18",Nicolosi,,info@hotelallependici.com,https,WordPress,Sì,Aruba S.p.A.,59,85,92.00,Sì,No
B&B Fiori di Lava Nicolosi,Bed & Breakfast,https://fioridilava.com,095 328 8440,"Via Guglielmo Marconi, 91",Nicolosi,,fioridilava@gmail.com,,WordPress,Sì,Signet B.V.,47,81,100.00,Sì,No
La Madonnina,Alloggio completo di servizi,http://www.grandipgroup.com,333 967 7440,Via Sant'Agata,Nicosia,,,https,Shopify,No,HOSTINGER FR,96,98,100.00,Sì,No
Appartamento In Paese,Bed & Breakfast,,392 314 1947,"Via Ippolito Nievo, 23",Niscemi,,,,,,,,,,,
EtnaSpecial,Bed & Breakfast,https://etnaspecial.italiavacanzeindimenticabili.top,347 878 1301,"Via Martiri d'Ungheria, 73",Nicolosi,,,https,WordPress,No,Ipxo LLC,53,86,92.00,Sì,No
B&B/Affittacamere Dai Nonni / Casa Vacanze,Bed & Breakfast,,329 492 8097,"Via dei Mille, 27",Niscemi,,,,,,,,,,,
Bed & Breakfast 21,Bed & Breakfast,,348 794 5736,Viale Indipendenza Coop. 21 Giugno pal.G,Gela,,,,,,,,,,,
B & B La Favara di Salemi Agostino,Bed & Breakfast,,328 915 8114,"Strada statale 190 al km 45, 4",Mazzarino,,,,,,,,,,,
Vecchia Carrucola,Bed & Breakfast,,347 845 1598,"P.za San Francesco, 2",Carini,,,,,,,,,,,
Hypnos by bed N' mix,Hotel,https://hypnosbh.com,+357 22 424244,Κανάρη 3 Άγιος Δομέτιος,Agios Dometios,,,https,Shopify,No,"GoDaddy.com, LLC",55,47,92.00,Sì,No
Feudi del Pisciotto Wine Relais,Hotel,http://feudidelpisciotto.it,0933 193 5186,"Contrada Pisciotto, S.P. 31 km 2 Casella di posta n",Niscemi,,info@feudidelpisciotto.it,https,ASP.NET,Sì,Aruba S.p.A. Network,55,71,92.00,Sì,No
Il melograno,Bed & Breakfast,,327 165 1424,"Via Padre Pietro Migliore, 11",Carini,,,,,,,,,,,
Il Giardino B&B Caltagirone,Bed & Breakfast,,334 861 1863,"Via Piersanti Mattarella, 29",Caltagirone,,,,,,,,,,,
Noa Bed & Breakfast,Bed & Breakfast,,0941 650974,"Via Nazionale, 410 - C.A.P.: 98058",Novara di Sicilia,,,,,,,,,,,
b&b Maison Blanche,Bed & Breakfast,http://www.maisonblanchect.com,334 917 7370,"SS124, km13",Caltagirone,,maisonblanche.ct@gmail.com,https,Site123,No,Amazon Technologies Inc.,70,97,85.00,Sì,No
Antica Cisterna,Lodge,http://www.anticacisterna.com,340 326 2024,C.da Rinazzo,Moio Alcantara,,ranerisandro1980@libero.it,http,ASP.NET,No,Aruba S.p.A. Network,82,98,91.00,Sì,No
L’ Arco dei Sogni,Bed & Breakfast,http://www.arcodeisogni.com,331 367 0080,"Via Posta Vecchia, 1",Malvagna,,affittacamerearcodeisogni@gmail.com,https,React,Sì,Google LLC,45,73,92.00,Sì,No
La Trinacria Rooms,Bed & Breakfast,http://www.latrinacriarooms.com,345 595 2455,"Via Corallai, 49",Trapani,,latrinacriarooms@gmail.com,https,Wix,No,Google LLC,53,89,100.00,Sì,No
B&B Raggio di Sale,Bed & Breakfast,,342 141 7232,"Via Dante Alighieri, 11",Nubia,,,,,,,,,,,
Vento di Mare,Bed & Breakfast,,327 887 7911,"Via Passo Enea, 70",Trapani,,,,,,,,,,,
Le Macine 1868,Bed & Breakfast,https://www.paceca.com,331 901 3358,"Via Castelvetrano, 51",Paceco,,info@paceca.com,https,React,Sì,Google LLC,57,77,100.00,Sì,No
Residenza Porta delle Botteghelle,Bed & Breakfast,http://www.portadellebotteghelle.it,388 835 9288,"Via Serisso, 29/31",Trapani,,info@portadellebotteghelle.it,https,React,Sì,Aruba S.p.A.,80,97,100.00,Sì,No
Casale Verderame Residence,Bed & Breakfast,http://www.casaleverderame.it,388 933 4374,"Str. Pietretagliate, 25",Pietretagliate,,casaleverderame@gmail.com,https,WordPress,No,Aruba S.p.A.,57,68,85.00,Sì,No
Baglio Caruana,Agriturismo,https://www.bagliocaruana.com,0922 847739,Contrada Torre Salsa,Montallegro,,,https,Squarespace,No,Sampling Line,64,91,92.00,Sì,No
B&B Don Angelo Miramare,Bed & Breakfast,,338 224 0587,"Via Miramare, 15",Realmonte,,,,,,,,,,,
B&B Figli dei Fiori da Leo e Ginella,Bed & Breakfast,https://b-b-as-a-flower-child-leo-and-ginella.comeviaggiare.top,328 811 3992,"Via Stazione, 22",Realmonte,,,https,React,No,Contabo GmbH,51,84,85.00,Sì,No
Andrea Case Vacanze L'Ancora,Hotel,https://www.casevacanzelancora.it,348 240 5624,"Via Lungomare Nettuno, 28 A",Porto Empedocle,,,https,WordPress,No,Aruba S.p.A.,61,91,92.00,Sì,No
Baia dei Turchi locazione turistica,Hotel,http://www.baiadeiturchi.com,328 377 1589,"Contrada Scavuzzo, 143",Realmonte,,f.sanfilippomonachino@hotmail.com,https,React,No,Google LLC,57,96,100.00,Sì,No
Relais Briuccia,Hotel,https://www.ristorantecapitoloprimo.it,339 759 2176,"Via Trieste, 1",Montallegro,,info@capitolo-primo.it,http,Joomla,No,Aruba S.p.A. Network,56,79,100.00,Sì,No
Villa Argimusco,Bed & Breakfast,,346 285 5880,"Via Placido Fiore, 11",Montalbano Elicona,,,,,,,,,,,
Helikon - la dimora del viandante -,Alloggio con uso cucina,http://www.helikonladimoradelviandante.it,339 571 6181,"Via Duca degli Abruzzi, 12",Montalbano Elicona,,info@helikonladimoradelviandante.it,http,Webnode,No,Aruba S.p.A. Network,61,91,100.00,Sì,No
B&B Casa Lilla,Bed & Breakfast,,329 447 2834,"Via A. Veneziano, 112",Monreale,,,,,,,,,,,
Casa Sofia Vacanze A Montalbano Elicona,Bed & Breakfast,,328 923 2711,"Via Federico II, 1",Montalbano Elicona,,,,,,,,,,,
Al Duomo Suites,Bed & Breakfast,,327 621 4316,"Salita Sant'Antonio, 5",Monreale,,,,,,,,,,,
B&B Casa Normanna,Bed & Breakfast,https://bb-casa-normanna.alberghiinitalia.top,346 406 0050,"Via Venero, 186",Monreale,,,https,React,No,Contabo GmbH,52,86,92.00,Sì,No
B&B Monreale,Bed & Breakfast,,328 825 1437,"Chiasso Santo Rocco, 243",Monreale,,,,,,,,,,,
A Casa Vecchia,Hotel,,091 834 8716,Vicolo Cartiera,Palazzo Adriano,,,,,,,,,,,
B&B Monreale Locanda Re Ruggero,Bed & Breakfast,http://www.locandareruggero.it,348 524 1341,"Via Arcivescovado, 9",Monreale,,info@locandareruggero.it,https,React,No,Server Plan S.r.l.,35,56,100.00,Sì,No
Villamontereale Bed & Breakfast,Bed & Breakfast,https://www.villamontereale.com,333 921 1794,"C.so Calatafimi, 1096",Mezzomonreale,,info@villamontereale.com,https,React,No,Aruba S.p.A. Network,60,71,91.00,Sì,No
bed & breakfast Sant' Agostino,Bed & Breakfast,,336 685 471,"Via Sant'Agostino, 41",Corleone,,,,,,,,,,,
Casa Lachesi a Caccamo PA,Villa,,327 221 9834,"Contrada Santa Nicola s, n.c- 21",Caccamo,,,,,,,,,,,
Palazzo Liberty,Bed & Breakfast,https://palazzo-liberty.bedsandhotels.com,333 300 3572,"Via Miceli, 20",Monreale,,,https,React,No,Hetzner Online GmbH,79,99,91.00,Sì,No
B&B civico 51,Bed & Breakfast,,340 823 3826,"Corso Palmiro Togliatti, 51 A",Cattafi,,,,,,,,,,,
B&B LO&G,Bed & Breakfast,https://log.bedsandhotels.com,339 873 2114,"Via Piane Nuove, 12",Gorgo Lungo,,,https,React,No,Hetzner Online GmbH,76,96,91.00,Sì,No
Karma Resort,Hotel,http://www.resortkarma.com,090 369 3773,"Lungomare Nauloco, 22",Venetico Marina,,reservation@palmeria.com,https,WordPress,No,Aruba S.p.A. Network,59,96,85.00,Sì,No
Casa del Mela Bed & Breakfast,Bed & Breakfast,,329 454 0848,"Via Archi Nazionale, C.da Crocecaruso, 42",San Filippo del Mela,,,,,,,,,,,
Santu Petru (Antica Cuntrada),Bed & Breakfast,,327 703 7088,"Via Regina Margherita, 117",Pace del Mela,,,,,,,,,,,
Alla Casa di Antonio,Bed & Breakfast,,346 871 0689,"Via Dante Alighieri, 5",Locadi,,,,,,,,,,,
B&B Le terrazze tra le zagare,Bed & Breakfast,https://beb.it/leterrazzetralezagare,338 598 3612,Contrada Gazzana fosse,Serradifalco,,,https,Squarespace,No,"Amazon.com, Inc.",71,96,100.00,Sì,No
B&B Il Sole Nascente,Bed & Breakfast,https://www.hotelscheck-in.com/bbilsolenascentemessina/it,379 154 8112,"Via S. Antonio, 10",Furci Siculo,,,https,Shopify,No,"Cloudflare, Inc.",37,70,85.00,Sì,No
La Dimora del Duca,Bed & Breakfast,https://www.ladimoradelduca.com,328 474 8373,"Via Abate Meli, 28",Palma di Montechiaro,,anapoli72@yahoo.it,https,WordPress,No,"Cloudflare, Inc.",54,67,92.00,Sì,No
La Collina sul Mare,Hotel,https://collina-sul-mare.bedsandhotels.com,331 730 9050,"Viale Gibildolce, 125",Palma di Montechiaro,,,https,React,No,Hetzner Online GmbH,78,98,91.00,Sì,No
B&B MEDITERRANEO mare e sole,Bed & Breakfast,http://www.mediterraneobb.com,388 115 2670,"Viale Gibildolce, 73",Marina di Palma,,,https,ASP.NET,No,Aruba S.p.A. Network,81,92,91.00,Sì,No
Blu in,Bed & Breakfast,,331 200 2729,"Via Germania, 9",Palma di Montechiaro,,,,,,,,,,,
Falco in Pietra B&B,Bed & Breakfast,https://falcoinpietraa.com,338 862 5824,"Via Egadi, 18",Palma di Montechiaro,,info.falcoinpietra@gmail.com,https,Shopify,No,"Cloudflare, Inc.",64,97,85.00,Sì,No
B&B Le Casette di Marilena Pantelleria,Bed & Breakfast,http://www.lecasettedimarilenapantelleria.it,329 654 2218,contrada Kazzen,Pantelleria,,marilenadesantis69@gmail.com,https,ASP.NET,No,Aruba S.p.A. Network,60,75,82.00,Sì,No
Suvaki Resort,Hotel,http://www.suvakiresort.it,0923 916663,"Via Cimillia, 6",Località Punta Fram,,info@suvakiresort.it,https,Shopify,No,OVH SAS,64,94,92.00,Sì,No
B&B Paris,Bed & Breakfast,http://www.bbparispantelleria.com,0923 913222,"Via Edmondo de Amicis, 39",Pantelleria,,,https,Basekit,No,Aruba S.p.A.,55,64,100.00,Sì,No
Dammusi al mare,Lodge,http://www.affittopantelleria.com,0923 918166,Località Suachi,Pantelleria,,dammusialmare@gmail.com,https,WordPress,Sì,Aruba S.p.A.,68,69,92.00,Sì,No
B&b Le Mareddre,Bed & Breakfast,http://www.lemareddre.it,347 906 6002,"Via delle Mareddre, n°4",Pantelleria,,,https,React,No,OVH ISP,72,86,82.00,Sì,No
Don Mario Resort,Bed & Breakfast,http://www.donmarioresort.com,333 305 5995,"Contrada Madonna delle Grazie, 30",Pantelleria,,donmarioresortpantelleria@gmail.com,https,WordPress,Sì,Netsons s.r.l.,78,93,100.00,Sì,No
Pantelleria Agriresort Le Ballute - B&B Agriturismo,Agriturismo,http://www.pantellerialeballute.com,339 334 3975,"Salita Mueggen, 8",Khamma,,info@pantellerialeballute.com,https,React,Sì,Explorer Servizi S.R.L,66,75,92.00,Sì,No
B&B Casa Nunna,Bed & Breakfast,https://www.hotelscheck-in.com/casanunnaitaly/it,338 356 1457,SP55,Fumaloro,,,https,WordPress,No,"Cloudflare, Inc.",37,73,85.00,Sì,No
Agriturismo Horizon Pantelleria,Agriturismo,https://agriturismo-horizon-pantelleria.guideditalia.top,366 971 5101,Str. Panoramica Pantelleria Sicilia Italia,Pantelleria,,,https,WordPress,No,Contabo GmbH,49,81,92.00,Sì,No
Villa Alba appartamenti - Pantelleria,Bed & Breakfast,https://www.affittodammusipantelleria.it,393 905 0887,"Via Khamma, 177",Pantelleria,,dammusidipuntakarace@libero.it,https,WordPress,No,Aruba S.p.A.,38,83,92.00,Sì,No
B&B La Giara,Bed & Breakfast,,333 523 4904,"Via Salerno, n. 15a",Piedimonte Etneo,,,,,,,,,,,
Il Giardino degli Ovali,Bed & Breakfast,https://www.giardinodegliovali.com/it,328 965 6380,"SP72ii, 19a",Fiumefreddo di Sicilia,,,https,Shopify,No,"Cloudflare, Inc.",68,94,92.00,Sì,No
L'AURORA,Bed & Breakfast,https://laurora.italiacongusto.top,328 747 4060,"Via Difesa, N° 185",Piedimonte Etneo,,,https,React,No,Ipxo LLC,52,84,92.00,Sì,No
B&B Tifeo,Bed & Breakfast,http://www.bebtifeo.it,389 129 0951,"Via Marina, 146",Villafranca Tirrena,,info@bebtifeo.it,http,Joomla,No,Aruba S.p.A.,59,64,100.00,Sì,No
Hotel Redebora,Hotel,http://www.hotelredebora.it,090 998 1182,"Via Siracusa, 7",Torregrotta,,,https,WordPress,No,"Cloudflare, Inc.",54,67,100.00,Sì,No
Agriturismo Valle degli Agrumi,Agriturismo,http://www.valledegliagrumi.it,090 997 5884,Contrada Passo Lanza,San Pier Niceto,,info@valledegliagrumi.it,http,React,No,Aruba S.p.A. Network,59,71,82.00,Sì,No
B&B Rometta Beach,Bed & Breakfast,http://bbromettabeach.it,349 812 8373,"Via Caterina Carbone, 82",Rometta Marea,,,https,Joomla,No,"Amazon.com, Inc.",67,61,100.00,Sì,No
La Lanterna Hotel,Hotel,http://www.lalanternahotel.com,090 996 5181,Via Risorgimento,Rometta Marea,,info@lalanternahotel.com,https,Angular,No,Aruba S.p.A.,69,95,100.00,Sì,No
Agriturismo Pattina,Agriturismo,http://www.agriturismopattina.it,334 302 3949,c.da Pattina,Motta d'Affermo,,iinfo@agriturismopattina.it,http,WordPress,No,Aruba S.p.A. Network,56,76,85.00,Sì,No
Le due querce,Agriturismo,https://www.le2querce.eu,320 566 5278,"Contrada Arvani, snc",Pettineo,,info@le2querce.eu,https,WordPress,Sì,Hetzner Online GmbH,59,78,85.00,Sì,No
b&b Giulio a Noto,Bed & Breakfast,http://www.giuliobbnoto.it,0931 587777,contrada faldino,Noto,,,https,ASP.NET,No,Aruba S.p.A. Network,78,97,92.00,Sì,No
B&B Il Sole Del Mediterraneo Noto,Bed & Breakfast,http://www.ilsoledelmediterraneo.eu,339 360 7314,"Vico Luigi Barzini, 4",Noto,,,https,Shopify,Sì,One.com A/S,57,81,92.00,Sì,No
La casa del barocco - affittacamere,Bed & Breakfast,,331 230 3244,"Via Giavanti, 8",Noto,,,,,,,,,,,
La Perla Di Noto,Bed & Breakfast,,351 798 3770,"Piazza Calatafimi, 19",Noto,,,,,,,,,,,
Incanto Siciliano,Bed & Breakfast,https://www.incantosiciliano.it/it,324 861 5179,Vico Sparviero,Noto,,,https,Magento,No,"Amazon.com, Inc.",71,96,100.00,Sì,No
B&B BaRock,Bed & Breakfast,https://www.barocknoto.it/it,333 218 9257,"Via Giovanni Aurispa, 174",Noto,,,https,Typo3,No,"Amazon.com, Inc.",71,99,100.00,Sì,No
Marla's boutique rooms,Bed & Breakfast,http://www.marlasboutiquerooms.it,329 421 5448,"Piazza Simon Bolivar, 18",Noto,,massiperricone@gmail.com,https,WordPress,Sì,Aruba S.p.A.,59,67,92.00,Sì,No
A Due Passi Dal Centro,Bed & Breakfast,https://www.bbaduepassidalcentro.it,349 503 8386,"Via Tortora Filippo, 8",Noto,,,https,React,No,"Amazon.com, Inc.",73,99,100.00,Sì,No
Due Passi Dal Mare,Pensione,https://beb.it/duepassidalmare,351 458 6773,Contrada Eloro,Noto,,,https,Typo3,No,"Amazon.com, Inc.",74,95,100.00,Sì,No
B&B Centro Benessere Solaria,Bed & Breakfast,https://bb-centro-benessere-solaria.italiadestinazioni.top,0924 921922,"Via Piersanti Mattarella, 17",Partanna,,,https,React,No,Contabo GmbH,59,85,85.00,Sì,No
Agriturismo Duca di San Martino (villa Bianco),Agriturismo,http://www.ducadisanmartino.com,340 483 3829,Via Baraccopoli Santa Lucia,Partanna,,ducadisanmartino@gmail.com,https,WordPress,Sì,Aruba S.p.A. Network,56,82,85.00,Sì,No
Halicyae B&B,Bed & Breakfast,https://halicyaebeb.it,376 142 7759,Via Padre Maurizio Damiani,Salemi,,halicyae@gmail.com,https,Shopify,No,OVH SAS,62,72,100.00,Sì,No
Bed and Breakfast San Domenico,Bed & Breakfast,,370 137 7487,"Piazza Regina Margherita, 30",Castelvetrano,,,,,,,,,,,
Affittacamere Nonna Maria,Bed & Breakfast,,339 696 0100,"Via Selinunte, 48",Castelvetrano,,,,,,,,,,,
Terme Acqua Pia,Terme,http://www.termeacquapia.it,0925 39026,Localita' Acque Calde,Montevago,,termeacquapia@termeacquapia.it,https,WordPress,Sì,Aruba S.p.A. Network,56,0,85.00,Sì,No
B&B CryAgo,Bed & Breakfast,https://beb.it/affittacamerecryago,327 754 2000,"Ronco Montone, 6",Noto,,,https,Squarespace,No,"Amazon.com, Inc.",75,87,100.00,Sì,No
B&B Casa La Dolce Vita,Alloggi al coperto,http://www.casaladolcevita.it/web/index.php,338 704 2894,"Viale Empedocle, 50",Nuova Gibellina,,,https,Joomla,No,Aruba S.p.A.,78,96,91.00,Sì,No
Vitachiara apartments,Bed & Breakfast,,329 351 9120,"Via S. Vito, 114",Santa Ninfa,,,,,,,,,,,
La Casa di Ro - Petralia Sottana,Bed & Breakfast,,320 634 5043,"Via Rampa, 1",Petralia Sottana,,,,,,,,,,,
Feudo del Biviere - Sicilian Country Retreat,Bed & Breakfast,https://www.feudodelbiviere.it/it,371 613 8408,"Km 40 - Papa Vince Farm- Sicilian Nonni, Contrada Biviere, SS119",Santa Ninfa,,info@feudodelbiviere.it,https,React,No,Aruba S.p.A. Network,35,61,83.00,Sì,No
L'Agrifoglio,Hotel,,0921 641872,"Via Giuseppe Garibaldi, 236",Petralia Sottana,,,,,,,,,,,
Cas'Antica Soprana B&B,Bed & Breakfast,http://www.casanticasoprana.it,339 487 1621,"Via Rizzo, 8",Petralia Soprana,,,https,WordPress,Sì,Hetzner Online GmbH,57,74,92.00,Sì,No
La Casa del Pittore di Petralia,Bed & Breakfast,http://www.lacasadelpittorepetralia.it,335 137 0296,"C.so Umberto I, 127",Petralia Soprana,,info@lacasadelpittorepetralia.it,https,Shopify,No,Aruba S.p.A. Network,0,74,85.00,Sì,No
I colori delle Madonie,Hotel,http://www.lasiciliadeicolori.it,366 686 2230,"Via Nizza, 9",Petralia Sottana,,info@lasiciliadeicolori.it,https,Angular,Sì,Aruba S.p.A.,56,66,92.00,Sì,No
Antico Albergo Italia,Bed & Breakfast,,329 432 2080,"Via Ronchi, 2",Pietraperzia,,,,,,,,,,,
Gioia di Casa,Hotel,https://gioiadicasa.wordpress.com,348 706 4468,"Via della Libertà, 39",Paternò,,gioiadicasa24@gmail.com,https,WordPress,No,"Automattic, Inc",73,86,92.00,Sì,No
B&B Casa Torre Chimera,Bed & Breakfast,https://www.casatorrechimera.it,328 438 5046,"V. Savatteri, 33",Sommatino,,casatorrechimera@gmail.com,https,Canva Websites,No,"Cloudflare London, LLC",55,67,82.00,Sì,No
Antichi Ricordi Hotel di Charme & SPA,Hotel,http://antichi-ricordi-2.italianeisole.it,0934 541197,"Via Villaglori, 45",Caltanissetta,,,http,React,No,OVH SAS,56,97,83.00,Sì,No
B&B Villa Casablanca,Bed & Breakfast,http://www.villacasablanca.it,338 634 2642,"Via Diana, 8",Pergusa,,ufficio.casablanca@gmail.com,https,WordPress,No,Hetzner Online GmbH,68,90,92.00,Sì,No
Hotel Marconi,Hotel,http://www.hotelmarconi.sicilia.it,0934 461983,"Via John Fitzgerald Kennedy, 5",Pietraperzia,,info@hotelmarconi.sicilia.it,http,ASP.NET,Sì,Aruba S.p.A,79,99,92.00,Sì,No
L'Antica Trebbia - Rooms,Bed & Breakfast,https://l-antica-trebbia-rooms.scopertahotels.top,327 453 8589,"Contrada Pescazzo, snc",Caltanissetta,,,https,React,No,Ipxo LLC,50,85,92.00,Sì,No
Motta Residence Hotel,Hotel,http://www.mottaresidencehotel.it,095 309918,"Via Ruggero II, 14",Motta Sant'Anastasia,,mottaresidence@yahoo.it,http,ASP.NET,No,Aruba S.p.A. Network,73,81,91.00,Sì,No
Aura Club - Valle degli Ulivi,Hotel,http://www.hotelvalledegliulivi.it,095 308100,"Via Andrea Caponnetto, 13",Motta Sant'Anastasia,,info@hotelvdu.com,https,Webflow,Sì,"Amazon.com, Inc.",67,92,91.00,Sì,No
Affittacamere La finestra sull'etna,Alloggio completo di servizi,https://affittacamere-la-finestra-sulletna.hotelpreferito.top,366 448 7944,"Via Valcorrente, 49",Piano Tavola,,,https,WordPress,No,Contabo GmbH,51,84,92.00,Sì,No
Reale Guest House,Bed & Breakfast,,392 254 2789,"Via Torre Ombra, 67",Mascalucia,,,,,,,,,,,
B&B Ruota di Carretto,Bed & Breakfast,http://www.ruotadicarretto.it,380 109 7800,"Viale della Regione, 72/C/int.1",Nicolosi,,,https,React,No,"Amazon.com, Inc.",68,94,100.00,Sì,No
Villa Sicily in Love,Villa,,351 563 1463,"Via Etnea, 58a",Pedara,,,,,,,,,,,
B&B La Scaletta di Petra,Bed & Breakfast,https://la-scaletta-di-petra.hotelperiviaggi.top,328 540 4500,"Piazza S. Michele, 9",Petralia Soprana,,,https,WordPress,No,Contabo GmbH,62,89,85.00,Sì,No
B&B Rifugio SHIVA,Bed & Breakfast,,334 170 7441,B&B Rifugio SHIVA,Petralia Soprana,,,,,,,,,,,
Fiore di sambuco,Alloggio completo di servizi,,331 743 9074,"C.so Umberto I, n.171",Petralia Soprana,,,,,,,,,,,
Bed & Breakfast la perla del golfo,Bed & Breakfast,,334 930 2447,"Via Trieste, 62",Patti,,,,,,,,,,,
Palazzo Sciacca,Bed & Breakfast,,0941 368535,"Via Cristoforo Colombo, 123",Patti,,,,,,,,,,,
Le Fornaci Bed and Breakfast,Pensione,,0941 361317,"Via Luca della Robbia, 51",Patti,,,,,,,,,,,
Seacily House,Bed & Breakfast,https://sites.google.com/view/seacilyhouse/home-page,345 977 6363,"Via Santa Maria di Gesù, 120",Mazara del Vallo,,,https,Angular,No,Google LLC,56,75,75.00,Sì,No
Villa fronte mare La Scogliera,Bed & Breakfast,,320 744 4119,"Via Chianu Savalla, 61",Petrosino,,,,,,,,,,,
B & B Da Rosa,Bed & Breakfast,,329 828 9387,"Via Vito Pipitone, 9",Petrosino,,,,,,,,,,,
B&B Signorino,Bed & Breakfast,https://bbsignorino.it,351 600 3781,"Contrada Fossarunza, 230",Marsala,,,https,React,No,"Amazon.com, Inc.",70,93,100.00,Sì,No
Sicania,Bed & Breakfast,https://www.bedsicania.com,340 383 6383,"Via XX Settembre, 68",Patti,,info@bedsicania.com,,Shopify,No,OVH ISP,75,0,100.00,Sì,No
Sweet Home di Raccuglia Alessandra,Bed & Breakfast,,351 997 2981,"Via Emanuela Loi, snc",San Giuseppe Jato,,,,,,,,,,,
Il filo di perle,Villa,http://ilfilodiperle.com,348 887 1857,"Contrada Fossarunza, 171",Marsala,,,https,Duda,No,OVH SAS,31,39,85.00,Sì,No
Baglio Spanò,Agriturismo,http://www.bagliospano.com,348 882 2095,"Via Baglio Spano, int 2",Petrosino,,bagliospano@outlook.com,https,Shopify,No,Contabo GmbH,54,75,100.00,Sì,No
Sun Tower beach apartments - Residence,Hotel,http://suntower.it,393 945 8119,"Via Bessarione, 193",Mazara del Vallo,,torredelsolemazara@gmail.com,https,Shopify,No,velia.net,60,56,73.00,Sì,No
B&B Eolo,Bed & Breakfast,http://www.bebeolo.it,389 837 1172,"Contrada Berbaro, 396",Marsala,,info@bebeolo.it,http,WordPress,No,Aruba S.p.A.,54,71,85.00,Sì,No
Casa Vacanze Bella Giulia,Bed & Breakfast,http://www.bellagiulia.com,348 726 0997,"Via Giovanni Verga, 47",Ragusa,,info@bellagiulia.com,http,WordPress,No,Aruba S.p.A. Network,50,72,69.00,Sì,No
Casale Mon Rahal,Hotel,http://www.casalemonrahal.com,327 056 9961,"strada vicinale Passo Femmina 28, 2",Monreale,,info@casalemonrahal.com,https,WordPress,No,Server Plan S.r.l.,59,69,85.00,Sì,No
La Peonia B&B Ragusa,Bed & Breakfast,,375 807 6644,"Via dell'Olivo, 27",Ragusa,,,,,,,,,,,
Casavacanze Cappuccini,Alloggio turistico,,333 653 1485,"Via Vincenzo Picardi, 7",Ragusa,,,,,,,,,,,
B&B Margherita - Randazzo - Sicily,Bed & Breakfast,,346 372 3901,"Via Regina Margherita, 39",Randazzo,,,,,,,,,,,
La dimoro,Bed & Breakfast,,328 148 6806,"Via Carcioppo, 18",Randazzo,,,,,,,,,,,
B&B L'Orto sul Tetto,Bed & Breakfast,http://www.lortosultetto.it,0932 247785,"Via Ten. Distefano, 56",Ragusa,,,https,WordPress,No,Serverplan s.r.l.,60,61,85.00,Sì,No
Case Francesco,Bed & Breakfast,http://www.casefrancesco.it,339 814 2617,"Via Cesareo, 18",Ragusa,,info@casefrancesco.it,https,Joomla,No,SEEWEB s.r.l.,65,72,92.00,Sì,No
B&B Terrazza Dei Sogni,Bed & Breakfast,http://www.terrazzadeisogni.it,333 493 9521,"Vico Domenico Morelli, 8",Ragusa,,info@terrazzadeisogni.it,https,Drupal,No,Tiscali Italia SpA,56,82,92.00,Sì,No
scala dei turchi,Bed & Breakfast,,339 238 8250,"Via Grande, 171",Realmonte,,,,,,,,,,,
Etna Oasi Randazzo,Hotel,,389 210 5138,"Via Giuseppe Bonaventura, 199",Randazzo,,,,,,,,,,,
Villa Maria Sofia scala dei turchi Realmonte Agrigento,Bed & Breakfast,,334 186 5090,"SP68, 169",Realmonte,,,,,,,,,,,
B&B Home Scala dei Turchi,Bed & Breakfast,,328 023 0556,"Via Aldo Moro, 32",Realmonte,,,,,,,,,,,
B&B La Scala dei Turchi Beach,Bed & Breakfast,,0922 814648,"Via Lampedusa, 9",Realmonte,,,,,,,,,,,
Bed &Breakfast Scavuzzo,Bed & Breakfast,,340 557 5130,"Contrada Scavuzzo, 189",Realmonte,,,,,,,,,,,
La Bianca Scogliera,Bed & Breakfast,https://la-bianca-scogliera.comeviaggiare.top,329 188 6588,SP68,Realmonte,,,https,WordPress,No,Contabo GmbH,57,84,85.00,Sì,No
Contea Di Wagner,Hotel,,329 242 9870,"Ss 288 Km 12, 500 C.de Tenutella - Mendolo",Ramacca,,,,,,,,,,,
I Portici Village,Ristorante,http://www.iporticivillage.it,095 795 2850,SP132,Palagonia,,,https,WordPress,No,Serverplan s.r.l.,70,94,92.00,Sì,No
B&B Milici,Bed & Breakfast,,338 970 2672,Strada Statale 557,Campobello di Licata,,,,,,,,,,,
Il Covo degli Artisti,Bed & Breakfast,http://www.covoartistibeb.it,334 777 6640,"Via Falcone e Borsellino, 22",Campobello di Licata,,,https,WordPress,No,Serverplan s.r.l.,63,88,92.00,Sì,No
Agriturismo Conte Ruggero Regalbuto,Agriturismo,http://www.agriturismoconteruggero.it,349 403 6322,SS121,Regalbuto,,,https,Angular,No,Netsons s.r.l.,62,77,92.00,Sì,No
Madonie Park Gates - Casa in C.da Donalegge,Alloggio completo di servizi,,346 364 2213,"C.Da Donalegge, s.n.c",Castellana Sicula,,,,,,,,,,,
Bonita Cora,Bed & Breakfast,,351 972 7072,"Via Municipio, 180",Pachino,,,,,,,,,,,
B&B Vendicari,Alloggi al coperto,,327 398 8194,"Via Caracciolo, 103",Pachino,,,,,,,,,,,
B&B Andasì,Bed & Breakfast,,328 282 6666,"Via Caracciolo, 2",Pachino,,,,,,,,,,,
IMama' Rooms,Bed & Breakfast,,347 796 8132,"Via Durando, 191",Pachino,,,,,,,,,,,
B&B La Terra dei Mari,Bed & Breakfast,,338 254 1678,"Viale Aldo Moro, 113/I",Pachino,,,,,,,,,,,
Palace Mediterraneo - Luxury Affittacamere,Hotel,https://www.palacemediterraneo.it,380 201 1625,Via Giovanni Pascoli,Pachino,,info@palacemediterraneo.it,https,Angular,No,Server Plan S.r.l.,67,96,100.00,Sì,No
B&B Stella Polare,Bed & Breakfast,https://bb-stella-polare.amolitalia.top,389 186 3087,"Via Simeto, 45",Portopalo di Capo Passero,,,https,WordPress,No,Contabo GmbH,51,86,92.00,Sì,No
B&B Torrefano,Bed & Breakfast,http://www.torrefano.it,327 201 4348,"c/da Torrefano ,S.P. 21 Pachino-Portopalo",Pachino - Portopalo,,,https,Shopify,No,"Amazon.com, Inc.",54,93,100.00,Sì,No
CasaMastra,Hotel,,339 421 8794,C.da Mastra snc,Mazzarino,,,,,,,,,,,
Palace Veneziano,Bed & Breakfast,http://www.palacebebveneziano.com,389 197 1981,"Via Principe Umberto, 40",Riesi,,info@palacebebveneziano.com,https,WordPress,No,Aruba S.p.A.,70,98,92.00,Sì,No
B&B Suliccenti,Bed & Breakfast,http://www.suliccentimarzamemi.it,347 578 2779,"Viale Paolo Calleri, 97",Marzamemi,,,https,ASP.NET,Sì,Aruba S.p.A. Network,71,99,91.00,Sì,No
Flyhouse Sicilia,Hotel,,347 625 8177,Via Gioacchino Rossini,Santa Cristina Gela,,,,,,,,,,,
Tenuta Palladio,Villa,,0934 193 8883,"Contrada, Viadotto Palladio",Riesi,,,,,,,,,,,
SummaMontis,Bed & Breakfast,https://www.summamontis.it,328 259 8730,"Via Francesco Petrarca, 75",Sommatino,,info@summamontis.it,https,WordPress,Sì,OVH ISP,56,77,92.00,Sì,No
Agriturismo - Ristorante Valle Himara,Hotel Resort,http://www.vallehimara.it,091 856 1020,"SP5, 113",Piana degli Albanesi,,info@vallehimara.it,https,WordPress,Sì,Aruba S.p.A.,55,46,100.00,Sì,No
B&b Sidibousaid,Bed & Breakfast,,324 668 8031,Vicolo Francipane,Sciacca,,,,,,,,,,,
Hotel Pizzeria Miravalle,Hotel,http://www.hotel-miravalle.it,0925 544777,"Via Circonvallazione, 2",Ribera,,,http,Shopify,No,Aruba S.p.A.,53,73,92.00,Sì,No
Al faro,Bed & Breakfast,,346 418 0505,Via Pier Santi Mattarella,Realmonte,,,,,,,,,,,
Petraleuka B&B,Bed & Breakfast,http://stefanobttc.wixsite.com/petraleuka,324 835 1888,Via Pier Santi Mattarella,Realmonte,,,,React,Non trovato,Google LLC,84,98,45.00,No - Pagina Non Trovata (404),No
L'ulivo short lets,Hotel,,346 186 6409,"Via Muzio Scevola, 19",Ribera,,,,,,,,,,,
"B&B President Palace, Bed and Breakfast Riposto, Affittacamere, Dormire a Riposto, Hotel Riposto Hotel,",Bed & Breakfast,,331 490 4222,"Via Francesco Baracca, 21",Riposto,,,,,,,,,,,
Agriturismo La Grevillea,Agriturismo,https://www.lagrevillea.it,339 568 5154,"Via Strada 23, 16",Riposto,,info@lagrevillea.it,https,React,No,Web Site Source,86,82,91.00,Sì,No
Bed and Breakfast Baglio delle Rose,Bed & Breakfast,,347 784 9071,"Via delle Rose, 44",Giarre,,,,,,,,,,,
Torre Archirafi Resort,Agriturismo,http://www.torrearchirafiresort.com,329 616 5250,Strada 14 Archi Calanna 6,Riposto,,info@torrearchirafiresort.com,https,Angular,No,Seeweb srl,84,81,92.00,Sì,No
La Vie Fuille B&B,Bed & Breakfast,https://www.beblaviefuille.it,353 388 5690,"Via la Vie Fuille, 4",Riposto,,laviefuille@gmail.com,https,React,No,Aruba S.p.A.,70,76,85.00,Sì,No
B&B Aquila Reale,Bed & Breakfast,http://www.aquilarealeportopalo.it,0931 842411,"via Ludovico Ariosto, 1",Portopalo di Capo Passero,,bedandbreakfastaquilareale@gmail.com,http,ASP.NET,No,Aruba S.p.A. Network,100,100,91.00,Sì,No
Lalena's Garden,Bed & Breakfast,https://www.lalenasgarden.it,0931 184 5102,Via Vincenzo Bellini,Portopalo di Capo Passero,,info@lalenasgarden.it,https,React,No,Aruba S.p.A.,60,68,92.00,Sì,No
PortopaloSuite Boutique Hotel | Rooms and Suites | Portopalo di Capo Passero |,Hotel,http://www.portopalosuite.com,0931 842299,"Via Giosuè Carducci, 38",Portopalo di Capo Passero,,,https,Angular,No,"Amazon.com, Inc.",44,67,100.00,Sì,No
B&B Al Tramonto Portopalo,Bed & Breakfast,http://www.bebaltramontoportopalo.it,333 998 9923,c/da Corridore Campana,Portopalo di Capo Passero,,,http,WordPress,No,SEEWEB s.r.l.,98,99,92.00,Sì,No
B&B L'Artista,Bed & Breakfast,https://bb-lartista.amolitalia.top,392 553 6951,"V. Annibale Giardina, 30",Portopalo di Capo Passero,,,https,React,No,Contabo GmbH,56,85,92.00,Sì,No
Alba tra i Pini,Bed & Breakfast,http://www.albatraipini.it,333 545 4008,Via dei Casali,Cefalù,,,http,ASP.NET,No,Aruba S.p.A. Network,99,100,91.00,Sì,No
MareBlu Bed & Breakfast,Bed & Breakfast,http://www.mareblubeb.it,0921 922065,Km 183 SS113,Cefalù,,info@mareblubeb.it,https,React,No,Hetzner Online GmbH,47,76,92.00,Sì,No
Albanese luxury rooms,Bed & Breakfast,,392 566 3307,"Via IV Novembre, 4",Porto Empedocle,,,,,,,,,,,
B&b Ninni,Bed & Breakfast,https://www.bebninni.com,320 482 2820,"Via Padre Giuseppe Puglisi, 47",Castelbuono,,,https,WordPress,Sì,"Cloudflare, Inc.",61,88,92.00,Sì,No
B&B I Parrini,Bed & Breakfast,,328 751 0179,"Via Abramo Lincoln, 2",Porto Empedocle,,,,,,,,,,,
Baglio Santa Croce BB,Bed & Breakfast,http://www.bagliosantacrocebb.it,331 472 3075,"Via Spinola, 120",Porto Empedocle,,info@bagliosantacrocebb.it,https,Angular,No,Aruba S.p.A.,56,73,100.00,Sì,No
B&B Raggio di Sole Porto Empedocle,Bed & Breakfast,https://raggiodisolebedandbreakfast.it,345 460 9683,"Via Roma, 21",Porto Empedocle,,,https,WordPress,No,Register networks in Belgium,77,93,85.00,Sì,No
B&B in residence...a due passi dalla scala dei turchi,Bed & Breakfast,https://bb-in-a-due-passi-dalla-scala-dei-turchi.camerainitalia.top,393 891 8037,"Via dei Pini, 1",Porto Empedocle,,,https,React,No,Contabo GmbH,53,76,85.00,Sì,No
B&B Abies,Bed & Breakfast,,329 459 6805,"Via Dogana, 40",Polizzi Generosa,,,,,,,,,,,
Happy Glamping Madonie,Villaggio di casette da campeggio,https://happyglampingmadonie.com,328 277 2541,Contrada Piscazzi,Polizzi Generosa,,info@happyglampingmadonie.com,https,ASP.NET,Sì,Host SpA,47,93,85.00,Sì,No
La Bolla di MAG,Bed & Breakfast,,391 175 8370,"Via Monachella, 78",San Pietro,,,,,,,,,,,
B&B Attico del Sole,Bed & Breakfast,,392 493 0267,"V. Nazionale, 345",Rometta Marea,,,,,,,,,,,
B&B Castelluccio,Bed & Breakfast,http://www.bebcastelluccio.it,349 849 2867,"Via S. Giuseppe Calasanzio, 134",Villafranca Tirrena,,,https,Joomla,No,"Amazon.com, Inc.",68,97,100.00,Sì,No
Villa Quiete,Bed & Breakfast,http://villaquiete.org,348 313 7771,"Via Serro Puntale, 82",San Martino,,,https,React,No,Google LLC,63,97,83.00,Sì,No
B&B La Camelia,Bed & Breakfast,,349 384 0928,"V. Nazionale, 121",Villafranca Tirrena,,,,,,,,,,,
Bed & Breakfast Girasole di Sicilia,Bed & Breakfast,,349 088 2191,Via Mezzasalma secon traversa n.3 ultimo incrocio in direzione mare svoltare dx,Rometta Marea,,,,,,,,,,,
Splash Spadafora,Hotel,https://splashrooms.albergo.top,090 994 2098,"Lungomare Nauloco, 65",Torregrotta,,,https,WordPress,No,Contabo GmbH,60,89,92.00,Sì,No
La Sirena Bed & Breakfast,Bed & Breakfast,https://www.lasirenabedandbreakfast.it,349 577 6794,"Via dell'Agro, 1",Santa Teresa di Riva,,info@lasirenabedandbreakfast.it,https,Joomla,No,Aruba S.p.A.,59,89,92.00,Sì,No
Gigi B&B,Bed & Breakfast,,0942 792119,"Via IV Novembre, 38",Furci Siculo,,,,,,,,,,,
SOL Y MAR,Bed & Breakfast,https://www.solymarcasevacanze.it,346 241 9388,"V. Guglielmo Marconi, 217",Castellammare del Golfo,,info@solymarcasevacanze.it,https,Joomla,No,Aruba S.p.A. Network,56,71,92.00,Sì,No
GUEST HOUSE PIANA DEGLI ALBANESI,Hotel,,345 340 5915,"Via Umberto I, 37",Piana degli Albanesi,,,,,,,,,,,
Suite Borgo 74,Bed & Breakfast,https://www.suiteborgo74.it,334 381 0606,"Via Francesco Crispi, 74",Piana degli Albanesi,,saviopao@gmail.com,https,ASP.NET,No,Aruba S.p.A. Network,66,96,100.00,Sì,No
Agriturismo Valle Del Torto,Ristorante,https://agriturismo-valle-del-torto.camerainitalia.top,333 529 5790,Unnamed Road,Caccamo,,,https,WordPress,No,Contabo GmbH,54,81,85.00,Sì,No
La Giara,Bed & Breakfast,http://www.bedandbreakfast-lagiara-roccavaldina-me-sicilia.it,339 357 3484,"Via XX Settembre, 24",Roccavaldina,,grillonicola432@gmail.com,http,Basekit,No,Aruba S.p.A.,48,59,100.00,Sì,No
Agriturismo Valle dell'Etna,Agriturismo,http://www.agriturismovalledelletna.it,331 900 8666,C.da Buonvassallo - Grotticelli,Roccella Valdemone,,,https,WordPress,No,IT.Gate S.p.A.,95,99,100.00,Sì,Sì
Antica Sena,Agriturismo,http://www.anticasena.it,328 004 8095,Contrada Case Bruciate,Rodì,,info@anticasena.it,https,WordPress,Sì,Serverplan S.r.l.,60,54,100.00,Sì,No
Etna Catania Center,Bed & Breakfast,,392 307 9438,"Viale Marco Polo, 60",Catania,,,,,,,,,,,
Beb Etna Sicula,Bed & Breakfast,,349 379 7739,"Via S. Lucia, 28",San Giovanni la Punta,,,,,,,,,,,
B&B Villa Esmeralda,Bed & Breakfast,,342 813 8521,Via Olivarella Nazionale,Milazzo,,,,,,,,,,,
B&B Cortile Suez,Bed & Breakfast,,328 725 1185,"Via Suez, 46",San Giovanni Gemini,,,,,,,,,,,
Idilliaco inn B&B,Bed & Breakfast,https://www.idilliacoinn.it,338 293 6158,"Via Turati, 13",Motta Sant'Anastasia,,idilliacoinn@gmail.com,https,WordPress,No,Aruba S.p.A. Network,56,95,77.00,Sì,No
Casale Margherita,Location per matrimoni,https://www.casalemargherita.eu,0922 906188,Contrada Malandrino,Cammarata,,info@website.com,https,WordPress,Sì,Aruba S.p.A.,57,66,85.00,Sì,No
Agriturismo Masseria Portiere Stella,Agriturismo,http://www.masseriaportierestella.it,339 337 8809,Contrada Portiere Stella,Paternò,,portierestella@hotmail.it,https,WordPress,No,Aruba S.p.A.,54,59,69.00,Sì,No
Agriturismo Serre,Hotel,,329 367 9809,"Contrada Serre, 14",Sant'Agata di Militello,,,,,,,,,,,
Casa di Carlo,Bed & Breakfast,https://casa-di-carlo.amolitalia.top,320 724 7904,"Via Palermo, 9",San Fratello,,,https,WordPress,No,Contabo GmbH,54,77,92.00,Sì,No
La Dea Bendata,Hotel,https://dea-bendata.bedsandhotels.com,320 080 4164,"Via Sette Cantoni, 27",Piazza Armerina,,,https,React,No,Hetzner Online GmbH,79,97,91.00,Sì,No
agriturismo masseria santa mamma,Agriturismo,http://www.santamamma.it,347 679 2228,C.da Santa Mamma,Caronia,,,https,React,No,Amazon Technologies Inc.,66,82,82.00,Sì,No
Brezza di Mare,Bed & Breakfast,,334 594 2774,"Via Grazia Deledda, snc",San Teodoro,,,,,,,,,,,
B & B Serena,Bed & Breakfast,https://beb.it/bebserenasanteodoro,348 729 2430,Largo Cristoforo Colombo,San Teodoro,,,https,React,No,"Amazon.com, Inc.",71,95,100.00,Sì,No
InCentro,Bed & Breakfast,,351 547 4339,Via Toscana,San Teodoro,,,,,,,,,,,
Hotel B&B Il Viandante - San Teodoro centro - Sardegna,Hotel,http://www.ilviandantehotel.com,0784 865407,"Via Cala D'Ambra, 8",San Teodoro,,info@isuladev.com,https,Angular,Sì,Aruba S.p.A.,36,81,92.00,Sì,No
MarMè Affittacamere,Hotel,https://www.marmesanteodoro.it,331 625 0968,"Via Cala D'Ambra, 14",San Teodoro,,,https,React,Sì,Aruba S.p.A,61,86,85.00,Sì,No
B&B QUADRIFOGLIO,Bed & Breakfast,http://www.quadrifogliosanteodoro.it,349 356 1003,"V. Nazionale, 14",San Teodoro,,ilquadrifogliosanteodoro@gmail.com,https,WordPress,Sì,Server Plan S.r.l.,60,80,85.00,Sì,No
Nacional B&B,Bed & Breakfast,http://www.nacionalhotel.it,349 244 1496,"V. Nazionale, 53/A",Monforte Marina,,,https,WordPress,No,"Cloudflare, Inc.",83,86,100.00,Sì,No
Al castello San Piero Patti,Bed & Breakfast,https://alcastellosanpieropatti.com,327 287 4179,"Via Francesco Crispi, 18",San Piero Patti,,,https,Joomla,No,"Cloudflare, Inc.",32,46,85.00,Sì,No
B&B Le Tre Stelle San Pietro Clarenza,Bed & Breakfast,http://www.letrestellesicilia.com,328 846 4237,"Vico Squillaci, 3/A",San Pietro Clarenza,,g.santonocito61@gmail.com,https,WordPress,No,Contabo GmbH,64,73,100.00,Sì,No
Agriturismo Giannavi',Agriturismo,http://www.giannavi.it,0931 881776,Contrada Giannavi' sp 23,Palazzolo Acreide,,,https,React,Sì,Aruba S.p.A.,53,45,100.00,Sì,No
Agriturismo La Vedetta dei Nebrodi,Agriturismo,http://www.lavedettadeinebrodi.it,0941 421977,"Contrada Bufana, 101",San Salvatore di Fitalia,,info@lavedettadeinebrodi.it,http,WordPress,Sì,Aruba S.p.A.,56,51,85.00,Sì,No
BeB PENTEFUR via borgo 4 SAVOCA,Bed & Breakfast,,342 705 0480,"Via Borgo, 4",Savoca,,,,,,,,,,,
La Punta,Bed & Breakfast,https://www.lapuntabb.it,328 962 1392,"Via Imola, 10",San Giovanni la Punta,,info@lapuntabb.it,https,React,No,Aruba S.p.A. Network,57,78,92.00,Sì,No
Bed & Breakfast Ramo Fiorito CT Nord,Bed & Breakfast,http://www.ramofiorito.it,333 451 6616,"V.le dell'Autonomia, 61",Sant'Agata li Battiati,,info@ramofiorito.it,https,Drupal,No,myLoc managed IT AG,60,89,85.00,Sì,No
B&B Il Rifugio - Caltanissetta - Sant'Elia,Bed & Breakfast,http://www.ilrifugiobeb.com,339 321 4746,Via Giuseppe Mulè,Caltanissetta,,,https,WordPress,No,Aruba S.p.A,99,99,91.00,Sì,No
B&B I Colori dell'Etna,Bed & Breakfast,http://www.icoloridelletnabb.it,340 340 1981,"Viale Giovanni Caboto, Via Portopalo, 5/7",San Giovanni la Punta,,info@icoloridelletnabb.it,https,WordPress,No,Netsons s.r.l.,56,75,83.00,Sì,No
Agriturismo Il Sole,Bed & Breakfast,,389 624 4739,"Contrada Scarapulli, 5",Sant'Angelo di Brolo,,,,,,,,,,,
ABT L'AURA cin IT082053C2QNDZ4C9K,Bed & Breakfast,http://www.abtlaura.it,379 163 8907,"Piazza S. Francesco Saverio, 4",Palermo,,info@laserenissimahotel.it,https,Basekit,No,Aruba S.p.A.,48,51,100.00,Sì,No
Agriturismo Antico Casale di Lisycon,Agriturismo,http://www.lisycon.com,329 494 2045,"Contrada Annunziata, 28",Sant'Angelo di Brolo,,,https,ASP.NET,No,Aruba S.p.A. Network,99,100,91.00,Sì,No
Marezè,Bed & Breakfast,,339 857 5473,"Via Torre di Mezzo, 181",Santa Croce Camerina,,,,,,,,,,,
Casale Romano eco hotel,Hotel,https://www.casaleromano.it,0942 989062,"ss 185 km 55, 6",Motta Camastra,,info@casaleromano.it,https,WordPress,No,Aruba S.p.A.,61,52,85.00,Sì,No
Agriturismo Valle Alcantara,Agriturismo,https://agriturismo-valle-alcantara.miglioriviaggi.top,0942 985294,"Localita' Villa Savoja, 1",Motta Camastra,,,https,React,No,Contabo GmbH,57,88,85.00,Sì,No
"Agriturismo, Bedandbreakfast, Ghiritina",Bed & Breakfast,https://ghiritina.albergatore.top,333 451 5678,Contrada Ghiritina,Francavilla di Sicilia,,,https,React,No,Contabo GmbH,55,79,85.00,Sì,No
La Casa di Montalbano,Bed & Breakfast,http://www.lacasadimontalbano.com,345 062 9047,"Corso Aldo Moro, 44",Punta Secca,,mail@lacasadimontalbano.com,https,Shopify,No,OVH SAS,69,77,92.00,Sì,No
Bed and Breakfast Villa Francesco,Bed & Breakfast,http://www.bbvillafrancesco.it,349 420 5683,"Località, Casuzze",Pescazze,,info@bbvillafrancesco.it,https,Joomla,No,SEEWEB s.r.l.,56,57,92.00,Sì,No
A Casa Di Nonna Emma,Bed & Breakfast,,388 051 6578,"Via Roma, 112",Santa Croce Camerina,,,,,,,,,,,
B&B Punta Di Mola,Bed & Breakfast,https://www.bbpuntadimola.it,338 962 6069,"Via Cavaliere Luigi Bisani, 7",Marina di Ragusa,,,https,Vue,No,"Amazon.com, Inc.",69,99,100.00,Sì,No
dammuso romantico e romantic room con vasca idromassaggio,Bed & Breakfast,http://www.dammusoromantico.it,328 599 8422,"Corso Umberto I, 142",Scicli,,,https,Squarespace,No,"Amazon.com, Inc.",73,95,100.00,Sì,No
Sole e Girasoli,Bed & Breakfast,,393 646 8398,"Via Roma, 49",Santa Croce Camerina,,,,,,,,,,,
Hotel MareSol,Hotel,http://www.hotel-maresol.it,0932 915445,"Via Lampedusa, sn",Santa Croce Camerina,,info@hotel-maresol.it,https,WordPress,No,Hetzner Online GmbH,57,68,92.00,Sì,No
B&B TURTLE ISLAND,Bed & Breakfast,https://www.hotelscheck-in.com/turtleislandragusa/it,349 247 8107,97017 Pellegrino 236,Santa Croce Camerina,,,https,Joomla,No,"Cloudflare, Inc.",96,74,85.00,Sì,No
Tenuta Zannafondo,Bed & Breakfast,http://www.tenutazannafondo.it,339 695 4470,"Contrada Zannafondo, snc",Ragusa,,,http,ASP.NET,No,Aruba S.p.A. Network,100,100,92.00,Sì,No
L'Attico di Kely,Alloggio turistico,https://lattico.tripcombined.com,333 595 6450,"Via Cattedrale, 8",Santa Elisabetta,,,https,React,No,Contabo GmbH,57,90,92.00,Sì,No
Tenuta Biddemi B & B,Bed & Breakfast,https://tenutabiddemi.it,338 212 7875,"SP36, 159",Santa Croce Camerina,,info@tenutabiddemi.it,https,WordPress,Sì,Server Plan S.r.l.,77,98,92.00,Sì,No
B&B Villa Carmen,Bed & Breakfast,https://bb-carmen.camerainitalia.top,340 565 1438,"Via Consolare Valeria, 2",Sant'Alessio Siculo,,,,WordPress,No,Contabo GmbH,57,83,85.00,Sì,No
Hotel Borgo di Ciàula,Hotel,https://borgodiciaula.com,334 713 5042,"Via Roma, 113",Santa Flavia,,hotelborgodiciaula@gmail.com,https,React,No,Aruba S.p.A. Network,31,42,92.00,Sì,No
B&B Siciliò,Bed & Breakfast,https://bbsicilio.wixsite.com/sicilio,328 882 9698,"Via Gumina, 1A",Santa Flavia,,bbsicilio@gmail.com,https,Wix,No,Google LLC,79,90,100.00,Sì,No
Beb Gemma Dei Nebrodi,Alloggi al coperto,,338 130 4800,"Via Libertà, 330",Santa Domenica Vittoria,,,,,,,,,,,
B&B DomusVerdiana,Bed & Breakfast,http://www.domusverdiana.it,348 700 1359,"Via Amedeo di Savoia, 4",Ragalna,,,https,Weebly,Sì,"Weebly, Inc.",56,85,92.00,Sì,No
Casa Mendolito,Agriturismo,https://www.mendolito.com,347 187 6508,SP85,Santa Maria di Licodia,,info@mendolito.com,https,WordPress,Sì,Aruba S.p.A. Network,57,87,83.00,Sì,No
Hotel Paradise,Residence,http://hotelristoranteparadise.it,095 629497,"Via Alcide De Gasperi, 39",Santa Maria di Licodia,,,https,Shopify,Sì,Aruba S.p.A. Network,64,91,100.00,Sì,No
Corten Hotel,Hotel,http://www.cortenhotel.com,320 870 5770,"Via Aldo Moro, 38",Santa Maria di Licodia,,cortenhotel@gmail.com,https,Shopify,No,Hetzner Online GmbH,56,68,92.00,Sì,No
B&B Casa Vittorio - Camere e Appartamenti a Lipari,Bed & Breakfast,https://www.casavittorio.it,090 981 1523,Vicolo Sparviero,Lipari,,infocasavittorio@gmail.com,https,Shopify,No,Contabo GmbH,54,93,83.00,Sì,No
Antica Dimora Santa Marina Salina,Bed & Breakfast,https://www.bbanticadimorasalina.it,338 502 4517,"Via Rando, 3",Santa Marina Salina,,,https,React,No,Google LLC,67,82,83.00,Sì,No
La Goletta di Salina,Bed & Breakfast,http://www.lagolettadisalina.it,348 069 8956,"Via Barone, 16",Santa Marina Salina,,,https,Joomla,No,"Cloudflare, Inc.",65,73,83.00,Sì,No
Da Sabina,Bed & Breakfast,http://bbsalina.it,333 272 6025,"Via Risorgimento, 5 C",Santa Marina Salina,,info@bbsalina.com,https,ASP.NET,No,Irideos Spa,72,100,91.00,Sì,No
Villa Anna Salina,Bed & Breakfast,,388 628 5896,"Via Rotabile Lingua, 10",Santa Marina Salina,,,,,,,,,,,
B&B Sunrise,Bed & Breakfast,https://www.bbsunrise.it,389 937 7054,"Via Belvedere, 82",Santa Marina Salina,,info@bbsunrise.it,https,WordPress,Sì,GENESYS,59,90,100.00,Sì,No
Le Sette Vele da Riccardo b&b,Bed & Breakfast,http://www.lesettevele.it,090 984 3191,"Via Sanità, 36/38",Santa Marina Salina,,,http,React,No,OVH SAS,54,72,77.00,Sì,No
Note di Salina,Bed & Breakfast,https://www.hotelscheck-in.com/notedisalinamessina/it,338 484 1936,"Via Francesco Crispi, 24",Santa Marina Salina,,,https,Shopify,No,"Cloudflare, Inc.",42,74,85.00,Sì,No
Hotel A Cannata,Hotel,http://www.acannata.it,090 984 3057,"Via Pantano, 1",Lingua,,info@acannata.it,http,ASP.NET,No,Aruba S.p.A. Network,79,99,92.00,Sì,No
La finestra sul limone,Bed & Breakfast,,346 846 2014,"Via Partanna, Contrada Grazia, 129",Castelvetrano,,,,,,,,,,,
'A Alera Room & Breakfast,Bed & Breakfast,http://www.alerasalina.it,339 757 1714,"Via Roma, 10/12",Malfa,,info@alerasalina.it,https,WordPress,Sì,Hetzner Online GmbH,59,76,92.00,Sì,No
Western Sicily Home,Bed & Breakfast,http://www.westernsicilyhome.com,0924 529607,"Via Solunto, 2",Salemi,,info@westernsicilyhome.com,https,Joomla,Sì,Server Plan S.r.l.,34,53,54.00,Sì,No
Rosa's House Bed & Breakfast,Bed & Breakfast,https://rosas-house.it,329 596 9383,Via Genova,Santa Margherita di Belice,,booking@rosas-house.it,https,React,No,Aruba S.p.A.,56,66,100.00,Sì,No
Agriturismo Carbona,Agriturismo,http://www.agriturismocarbona.it,0924 906919,"Via Caduti di Nassirya, SNC",Castelvetrano,,info@agriturismocarbona.it,https,WordPress,No,Aruba S.p.A.,37,22,92.00,Sì,No
TorreVarata - Guest Rooms,Bed & Breakfast,,377 086 2389,"VIA MONSIGNORE ANTONINO CELONA, N. 3",Santa Teresa di Riva,,,,,,,,,,,
Bed and Breakfast Riva del Sol Santa Teresa di Riva,Bed & Breakfast,http://www.rivadelsol.com,0942 436430,"V. Lungomare Bucalo Centro, 100",Santa Teresa di Riva,,,http,WordPress,No,Aruba S.p.A. Network,52,65,100.00,Sì,No
Bed & Breakfast Villa Lidia Acireale,Bed & Breakfast,https://bb-villa-lidia-acireale.albergo.top,340 680 6377,"Via Marche, 10",Acireale,,,https,WordPress,No,Contabo GmbH,43,85,85.00,Sì,No
B & B Villa Dagala,Bed & Breakfast,https://www.hotelscheck-in.com/villadagalacatania/it,340 499 5876,"Via Duccio Galimberti, 152",Santa Venerina,,,https,React,No,"Cloudflare, Inc.",37,74,91.00,Sì,No
B&B Portagibli,Bed & Breakfast,,328 644 9794,"Via Orlando Filippo, 6",Salemi,,,,,,,,,,,
Dal Barone Rooms,Bed & Breakfast,,333 946 0717,"Traversa II Ettore Scimemi, 13",Salemi,,,,,,,,,,,
B&b Alicia,Bed & Breakfast,,388 168 8595,"Via Garibaldi, 60",Salemi,,,,,,,,,,,
B&B La Casa di Pippinitto,Bed & Breakfast,http://www.lacasadipippinitto.it,333 972 5658,"Via Pennisi, 44",Santa Venerina,,info@lacasadipippinitto.it,https,ASP.NET,No,Aruba S.p.A. Network,75,79,82.00,Sì,No
La Giummara,Ristorante,https://la-giummara-rooms.albergatore.top,0924 983398,"Via Favara Alberto, 163/7",Salemi,,,https,React,No,Contabo GmbH,65,84,85.00,Sì,No
La casa di Mussiù,Bed & Breakfast,https://ladimussiu.hotelt1.top,320 046 3448,"Via Salomone Marino, 8",Salemi,,,https,React,No,"Cloudflare, Inc.",63,71,85.00,Sì,No
Agriturismo Clementi - Salemi,Bed & Breakfast,http://www.agriturismoclementi.it,334 766 0320,Contrada Sinagia,Salemi,,info@agriturismoclementi.it,https,WordPress,No,Contabo GmbH,56,93,100.00,Sì,No
B&B Incantevole Vicolo,Hotel,http://www.bbincantevolevicolo.it,329 413 8562,"Via Umberto I, 3",Piraino,,,http,ASP.NET,No,Aruba S.p.A. Network,70,95,91.00,Sì,No
B&B Piano del Re,Bed & Breakfast,,389 582 5022,"SS 113 Settentrionale Sicula, 00",Partinico,,,,,,,,,,,
RIVIERA DEL SOLE,Hotel,http://www.rivieradelsole.com,0941 535111,"Via del Mare, 39/A",Piraino,,info@rivieradelsole.com,https,WordPress,Sì,Aruba S.p.A.,53,55,100.00,Sì,No
AmarMare Bed & Breakfast,Bed & Breakfast,https://www.amarmare.it,347 580 1079,Via Panorama,Partinico,,info@amarmare.it,https,React,No,Amazon Technologies Inc.,63,96,100.00,Sì,No
Miss Sicily B&B,Bed & Breakfast,http://www.miss-sicilybb.it,329 202 4756,"Strada Statale 113 Km 295,5 snc",Terrasini,,miss.sicilybb@gmail.com,https,WordPress,Sì,Aruba S.p.A.,60,75,92.00,Sì,No
Pescheto Tenuta Chimenti,Ristorante,http://www.tenutachimenti.it,347 959 9045,"Via Madonna del Ponte Km 1, 2 C.da Pacino, snc",Partinico,,info@tenutachimenti.it,http,WordPress,No,Netsons s.r.l.,71,91,92.00,Sì,No
B&B Camagna Country House,Bed & Breakfast,http://www.camagnacountryhouse.com,347 802 1347,"camagna country house, Strada Provinciale Partanna - Gibellina",Partanna,,,https,Nuxt.js,No,Google LLC,44,47,100.00,Sì,No
B&B da Donna Carmela,Bed & Breakfast,,333 701 7583,"Via Paternò, 58",Rosolini,,,,,,,,,,,
Di Stefano (Nuova gestione da Settembre 2019),Bed & Breakfast,,345 662 5419,"Ciao, Via Giotto, 34",Rosolini,,,,,,,,,,,
Ciccannina,Bed & Breakfast,,334 152 6688,"Via Argentina, 41",Rosolini,,,,,,,,,,,
Cantunera Sicilian Room,Bed & Breakfast,,331 718 4343,"Via S. Principato, 14",Piazza Armerina,,,,,,,,,,,
B&B Principe Giardinelli,Bed & Breakfast,https://www.principegiardinelli.com,345 931 2403,"Via Garibaldi, 13",Piazza Armerina,,info@principegiardinelli.com,https,WordPress,Sì,Hetzner Online GmbH,83,97,92.00,Sì,No
Villa dei Principi,Bed & Breakfast,http://www.villadeiprincipi.it,377 093 0033,Vicolo II Via Rosmarino,Torrenova,,villadeiprincipi@gmail.com,http,Angular,No,OVH SAS,44,71,42.00,Sì,No
La Casa Dello Scrittore,Hotel,https://scrittore.bedsandhotels.com,337 883 047,"Via San Giuseppe contrada Rosmarino, snc",Sant'Agata di Militello,,,https,React,No,Hetzner Online GmbH,64,97,91.00,Sì,No
Trinakria Residence,Alloggio turistico,,0941 701118,"Via Carlo Alberto, 7",Sant'Agata di Militello,,,,,,,,,,,
B&B del corso,Bed & Breakfast,,349 802 8426,"Corso Umberto I, 86",Sambuca di Sicilia,,,,,,,,,,,
Bed and Breakfast New Triscele,Bed & Breakfast,http://www.bbtriscele.com,320 634 4461,"Via dei Cappuccini, 154/C",Sciacca,,bbnewtriscele@libero.it,https,WordPress,Sì,"New Dream Network, LLC",74,93,92.00,Sì,No
b&b villa Gatto,Bed & Breakfast,,346 946 8059,"via filari, 27",Rometta,,,,,,,,,,,
Agriturismo Tenuta San Giovanni,Hotel,,329 029 2191,Contrada Ex Feudo San Giovanni 92020,Sant'Angelo Muxaro,,,,,,,,,,,
Club vacanze la baia di ulisse,Residence,https://labaiadiulisse.it,090 994 3592,"Lungomare Nauloco, 15",Venetico,,info@labaiadiulisse.it,,Joomla,No,Netsons s.r.l.,59,67,92.00,Sì,No
Agriturismo Rifugio di Dedalo,Agriturismo,http://www.agriturismorifugiodidedalo.it,335 643 5480,Contrada Giardino,Sant'Angelo Muxaro,,info@agriturismorifugiodidedalo.it,https,WordPress,Sì,Serverplan s.r.l.,63,87,92.00,Sì,No
B&B Sant'Angelo,Bed & Breakfast,http://bebsantangelolicata.it,333 336 9292,"Piazza Sant'Angelo, 7",Licata,,,https,WordPress,No,Servereasy Srl,48,81,92.00,Sì,No
B&B Antonio's House,Bed & Breakfast,http://www.bebantoniohouse.it,329 274 8167,"Via Imera, 85",Agrigento,,,https,WordPress,No,Aruba S.p.A.,76,95,92.00,Sì,No
Casa la Carrubbazza,Hotel,http://www.casalacarrubbazza.com,095 717 8411,"Via Raffaello Sanzio, 38",San Gregorio di Catania,,info@casalacarrubbazza.it,https,Angular,No,OVH SAS,74,61,83.00,Sì,No
B&B ETNA EUROPA,Alloggio completo di servizi,http://www.etnaeuropa.it,351 702 3355,"Viale Europa, 79/scala B, piano 1",San Gregorio di Catania,,info@etnaeuropa.it,https,WordPress,No,"Automattic, Inc",64,77,92.00,Sì,No
Mawi Holidays B&B,Bed & Breakfast,,351 729 0812,Contrada Gianvicario,San Cipirello,,,,,,,,,,,
Villa Cusenza,Bed & Breakfast,,380 144 1479,SP2 (Partinico - San Giuseppe Jato,Partinico,,,,,,,,,,,
B&B Aria di Mare,Bed & Breakfast,http://www.ariadimaresanvito.it,0923 972903,"Via del Mulino, 45",San Vito Lo Capo,,,https,Magento,No,"Amazon.com, Inc.",85,94,100.00,Sì,No
Rivazzurra Beach Rooms,Bed & Breakfast,https://www.rivazzurrasanvito.it,0923 198 6680,"Via Dante Alighieri, 74",San Vito Lo Capo,,info@rivazzurrasanvito.it,https,WordPress,Sì,Server Plan S.r.l.,59,77,92.00,Sì,No
B&B Armonie,Bed & Breakfast,https://www.bebarmonie.com,0923 780562,"Via Piano di Sopra, 24",San Vito Lo Capo,,,https,Weebly,No,"Amazon.com, Inc.",71,95,100.00,Sì,No
Bed and Breakfast Diamond,Bed & Breakfast,https://www.bbdiamond.it,340 570 3387,Via Monsignor Rinaldi,San Vito Lo Capo,,info@bbdiamond.it,https,ASP.NET,No,Aruba S.p.A. Network,63,85,82.00,Sì,No
Alba Chiara B&B,Bed & Breakfast,,320 247 5877,"Via Faro, 37",San Vito Lo Capo,,,,,,,,,,,
B&B SanVito,Bed & Breakfast,http://www.bbsanvito.com,360 409 905,"Via S. Vito, 26",San Vito Lo Capo,,franco.barraco@alice.it,https,Basekit,No,Aruba S.p.A.,35,67,92.00,Sì,No
B&B A casa di Sery,Bed & Breakfast,,0934 931617,Contrada Banduto 424,Serradifalco,,,,,,,,,,,
Isule Rooms & Breakfast,Bed & Breakfast,http://www.isulesanvito.com,0923 198 6964,"Via Pier Santi Mattarella, 40",San Vito Lo Capo,,info@isulesanvito.com,https,Magento,Sì,Semplify Srl,55,66,83.00,Sì,No
"B&B Attinia - Bed And Breakfast vicino al mare, Oasi di relax con giardino",Bed & Breakfast,http://www.attinia.it,0923 972900,"Via Savoia, 308",San Vito Lo Capo,,info@attinia.it,https,Angular,Sì,OVH SAS,56,57,100.00,Sì,No
B&B SIKELIA,Bed & Breakfast,,342 580 4594,Contrada vassallaggi,San Cataldo,,,,,,,,,,,
Kéramos Luxury Rooms - b&b,Bed & Breakfast,https://www.keramosbb.it,389 277 8019,"Via Tumolieri, n°4",Sciacca,,info@keramosbb.it,https,ASP.NET,No,Aruba S.p.A. Network,64,99,91.00,Sì,No
NottInCentro Guest House,Bed & Breakfast,,388 348 9718,"Via Conzo, 45",Sciacca,,,,,,,,,,,
HOTEL ARTE MARE,Hotel,http://www.hotelartemare.it,0923 185 8814,"Via del Mulino, 42",San Vito Lo Capo,,hotelartemare@gmail.com,https,WordPress,Sì,OVH SAS,56,61,85.00,Sì,No
Fazio Bed & Breakfast,Bed & Breakfast,http://www.faziobb.com,0925 85972,"Via Conzo, 9",Sciacca,,,https,Joomla,No,Netsons s.r.l.,66,85,85.00,Sì,No
B&B Epipoli,Bed & Breakfast,https://bebepipoli.com,344 065 9324,"Viale Epipoli, 55",Siracusa,,info@bebepipoli.com,https,WordPress,No,Register networks in Belgium,65,79,92.00,Sì,No
B&B Porta Bagni,Bed & Breakfast,https://www.portabagni.com,339 629 7870,"Vicolo S. Lorenzo, 13",Sciacca,,portabagni@gmail.com,https,Shopify,Sì,Aruba S.p.A.,67,78,82.00,Sì,No
B&B Il Campanile,Bed & Breakfast,http://www.bebilcampanile.it,328 170 8000,"Piazza Inveges, 15",Sciacca,,bebilcampanile@gmail.com,,WordPress,Non trovato,Aruba S.p.A. Network,0,0,0.00,Sì,No
B&B MELIBLEO,Bed & Breakfast,https://bb-melibleo.camerainitalia.top,371 301 0601,"Via Prazio, 9",Melilli,,,https,WordPress,No,Contabo GmbH,53,82,85.00,Sì,No
Villa Giusy Rooms Bed&Breakfast,Bed & Breakfast,http://www.villagiusybnb.com,327 681 6911,C.da Spalla,Città Giardino,,,http,ASP.NET,No,Aruba S.p.A. Network,99,100,91.00,Sì,No
Terra Mia Affittacamere,Bed & Breakfast,https://terramiaaffittacamere.com,328 616 0434,"Via Parma, 36/B",Città Giardino,,goodrestaurantsrl@hotmail.com,https,Joomla,No,Fastweb SpA,42,53,92.00,Sì,No
LA CASA DEL VIALE,Hotel,http://le3sorelle.it,346 089 3966,"Viale Ragusa, 3",Solarino,,linabarb@libero.it,https,Shopify,No,Amazon Technologies Inc.,51,60,100.00,Sì,No
B&B Scicli La Casuzza,Bed & Breakfast,,338 888 2090,"Via Musso, 16",Scicli,,,,,,,,,,,
B&B Mormina,Bed & Breakfast,,392 653 8678,"Via Cardaci, 12",Scicli,,,,,,,,,,,
Casa di hilde Affittacamere,Bed & Breakfast,http://civicoventiquattro.com,329 665 5092,"Via Bixio, 24",Scicli,,info@civicoventiquattro.com,https,WordPress,No,Serverplan s.r.l.,61,95,100.00,Sì,No
Il Cortile 1940,Bed & Breakfast,,339 128 1006,"Via Senia, 17",Scicli,,,,,,,,,,,
Villa Giummarito B&B,Bed & Breakfast,http://www.villagiummarito.com,391 470 7859,"Via degli Assiri, 1",Scicli,,,https,Angular,No,Google LLC,68,91,80.00,Sì,No
PALAZZO MONTALBANO,Hotel,https://sciclialbergodiffuso.it/house/palazzo-montalbano,392 820 7857,"Via Cardaci, 8",Scicli,,info@sciclialbergodiffuso.it,https,WordPress,No,Aziende Italia S.r.l,53,51,77.00,Sì,No
Bed & Breakfast SCICLI,Bed & Breakfast,https://www.sciclibeb.com/it,327 947 8329,"Via Castillett, 17",Scicli,,,https,Laravel,No,"Amazon.com, Inc.",37,63,100.00,Sì,No
B&B Casa Vittoria,Bed & Breakfast,,351 994 8748,"Via Vittoria, 59",Santo Stefano di Camastra,,,,,,,,,,,
B&B Kleos,Bed & Breakfast,,329 184 7156,"V. Nazionale, 385",Rometta Marea,,,,,,,,,,,
villetta sul mare,Bed & Breakfast,,340 673 0639,"Via A. Gramsci, 24",Rometta Marea,,,,,,,,,,,
Villa Ruggeri b&b,Bed & Breakfast,,347 926 9565,"Via Secondo Giampaolo, 9",Rometta Marea,,,,,,,,,,,
Le Case di Cardellino - AgriSpa,Agriturismo,http://www.lecasedicardellino.it,334 311 3834,"Statale SS 120, KM 18+700",Sclafani Bagni,,prenotazioni@lecasedicardellino.it,https,WordPress,No,Aruba S.p.A.,55,88,77.00,Sì,No
A Casa Di Nella,Bed & Breakfast,https://beb.it/acasadinella,329 080 4044,"Via Enrico Berlinguer, 9",Scordia,,,https,Angular,No,"Amazon.com, Inc.",72,95,100.00,Sì,No
Dimora di Catullo - Ospitalità di Charme,Bed & Breakfast,http://www.dimoradicatullo.it/chi-siamo,327 291 8860,"Via Carlo Alberto, 42/44",Palazzolo Acreide,,,https,WordPress,Sì,Netsons Network,66,91,77.00,Sì,No
"Il Galletto Viola, luxury room & suite",Bed & Breakfast,https://www.ilgallettoviola.it,353 319 8881,"Via Duca D'Aosta, 8",Palazzolo Acreide,,info@ilgallettoviola.it,https,WordPress,Sì,Aruba S.p.A. Network,39,49,83.00,Sì,No
Akrai Bed and Breakfast,Bed & Breakfast,http://www.akrai.it,393 441 6373,"Piazza del Popolo, 3",Palazzolo Acreide,,leonardo.giliberto@gmail.com,https,WordPress,No,Aruba S.p.A. Network,60,89,92.00,Sì,No
Casa Agorà,Bed & Breakfast,http://www.casaagora.it,320 858 2370,"Via Nicolò Zocco, 4",Palazzolo Acreide,,peluso.p89@gmail.com,https,Shopify,Sì,Hetzner Online GmbH,62,76,100.00,Sì,No
B&B Arte Oscar,Bed & Breakfast,https://www.bizweek.it/index.php/it/ads/5c3737f14d0b6/bed_and_breakfast/BandB-Arte-Oscar,333 864 8407,"Via Nicosia Ronco, 15",Palazzolo Acreide,,rossellabologna@yahoo.it,https,Shopify,No,Unlimited Web Hosting UK LTD,68,90,92.00,Sì,No
B&B AkreMonte,Bed & Breakfast,,320 450 6330,"Via Purbella, 22",Palazzolo Acreide,,,,,,,,,,,
Le Stanze,Bed & Breakfast,http://www.lestanzediandrea.it,338 851 9092,"Via Padre Girolamo, 15",Palazzolo Acreide,,info@ristoranteandrea.it,https,ASP.NET,No,Aruba S.p.A. Network,65,72,73.00,Sì,No
B&B Balcone Crimaldi,Bed & Breakfast,http://www.lacollinadeinebrodi.it,388 636 0216,Via Risorgimento,San Marco d'Alunzio,,info@lacollinadeinebrodi.it,http,React,No,Hetzner Online GmbH,47,73,77.00,Sì,No
Casa Liperni,Bed & Breakfast,,329 806 8768,C.da Fossochiodo,Raccuja,,,,,,,,,,,
Villa Greco,Bed & Breakfast,,333 489 7263,"Via Belgio, 48",Santa Elisabetta,,,,,,,,,,,
Bed and Breakfast Pastello,Bed & Breakfast,https://book.octorate.com/octobook/site/reservation/index.xhtml,340 501 9026,"Via Napoli, 15",Giardina Gallotti,,alongedaniela@gmail.com,https,Angular,No,Aruba S.p.A.,0,0,82.00,Sì,No
B&B PietraRossa,Bed & Breakfast,https://www.bed-and-breakfast.it/it/sicilia/bb-pietrarossa-raffadali/4311,339 271 5003,"sp17, Contrada Pietra Rossa, 5",Raffadali,,,https,Magento,Sì,BellSouth.net Inc.,42,54,100.00,Sì,No
Villombrosa,Agriturismo,,339 643 3651,"Contrada Bufana, 105",San Salvatore di Fitalia,,,,,,,,,,,
Bed And Breakfast Agorà,Bed & Breakfast,,389 693 3623,"Via Francesco Crispi, 27",Agrigento,,,,,,,,,,,
Bed And Breakfast Roba degli Ulivi,Bed & Breakfast,http://www.robadegliulivi.it,335 662 5700,"Contrada Giuranella, 7",Montaperto,,info@robadegliulivi.it,https,WordPress,No,Aruba S.p.A.,48,66,85.00,Sì,No
"Valle Maira, Agriturismo nel Parco dei Nebrodi",Agriturismo,http://www.agriturismovallemaira.it,0941 497189,"Contrada Casitti, 152",Tortorici,,vallemaira@tiscali.it,https,WordPress,No,Google LLC,57,70,75.00,Sì,No
A Vanedda,Pensione,,389 640 3805,"Via G. Patiri, 6/8",Termini Imerese,,,,,,,,,,,
Belvedere Suite Termini Imerese,Bed & Breakfast,https://www.bookingtermini.it,333 362 1903,"Via Principe di Piemonte, 56",Termini Imerese,,,https,WordPress,No,Aruba S.p.A.,44,61,92.00,Sì,No
B&B Villa Loriana,Bed & Breakfast,https://bb-villa-loriana.albergo.top,347 964 0431,"Via Salice, 5",Milo,,,https,React,No,Contabo GmbH,49,84,85.00,Sì,No
B&B Odeon,Bed & Breakfast,https://odeon.bedsandhotels.com,334 860 6744,"Salita Giafari, 13",Taormina,,,https,React,No,Hetzner Online GmbH,65,98,91.00,Sì,No
Sicitaly Taormina,Bed & Breakfast,,349 666 1212,Via Roberto Rimini,Taormina,,,,,,,,,,,
B&B Ninetta,Hotel,https://ninetta.tripcombined.com,320 765 3742,"Piazza del Plebiscito, 21",Solarino,,,https,React,No,Contabo GmbH,57,87,92.00,Sì,No
Hotiday Room Collection - Taormina,Hotel,,02 8294 1859,"Via Nazionale, 248",Taormina,,,,,,,,,,,
Casa di Suele Esclusiva,Bed & Breakfast,,335 657 1185,"Viale Ragusa, 60",Solarino,,,,,,,,,,,
Antares Bed and Breakfast,Bed & Breakfast,http://www.antaresbedandbreakfast.it,346 289 6873,"Via Eumelo, 80",Siracusa,,,https,Joomla,No,Netsons s.r.l.,72,96,92.00,Sì,No
Bed and Breakfast San Cristofero,Bed & Breakfast,https://san-cristofero.bedsandhotels.com,327 385 8822,"Via S. Cristofero, 129",Valguarnera Caropepe,,,https,React,No,Hetzner Online GmbH,80,98,91.00,Sì,No
B&B Bella Vista,Bed & Breakfast,http://www.bedandbreakfastbellavista.it,338 212 0205,"V. Medaglia D'Oro, 6",Valguarnera Caropepe,,info@bedandbreakfastbellavista.it,https,Shopify,No,Aruba S.p.A.,48,59,91.00,Sì,No
Villa delle Stelle,Bed & Breakfast,,+34 658 05 04 44,Strada Provinciale 45,Cassaro,,,,,,,,,,,
LARANDA ROOMS,Bed & Breakfast,,328 375 7689,"Via Nino Bixio, 31",Milazzo,,,,,,,,,,,
B&B PonteMuto,Bed & Breakfast,,347 824 3974,Via Nazionale 3 primo piano,San Pier Niceto,,,,,,,,,,,
Lci Deluxe Rooms,Bed & Breakfast,,327 557 6089,"Via Portella Bifuto, 20",San Cataldo,,,,,,,,,,,
Ortosalato agricamping,Villaggio di casette da campeggio,http://www.ortosalato.it,347 883 1695,Terza Traversa,Torregrotta,,,http,ASP.NET,No,Aruba S.p.A. Network,0,0,90.00,Sì,No
B&B Bianca,Bed & Breakfast,,329 489 4159,"Corso Sicilia, 87",San Cataldo,,,,,,,,,,,
B&B San Cataldo,Alloggio turistico,http://www.bebsancataldo.it,351 443 2728,"Via Babbaurra, 245",San Cataldo,,info@bebsancataldo.it,http,WordPress,No,Aruba S.p.A. Network,43,69,92.00,Sì,No
B&B Dolce Dormire Sommatino,Bed & Breakfast,,338 330 2616,"Viale Carlo Marx, 13",Sommatino,,,,,,,,,,,
Little Moon B&B,Bed & Breakfast,,331 591 4813,"Via Contardo Ferrini, 5",San Cataldo,,,,,,,,,,,
B&B Sikelia,Bed & Breakfast,https://bb-sikelia.bedsandhotels.com,0941 784222,"Via Torino, 10",Torrenova,,,https,React,No,Hetzner Online GmbH,60,98,91.00,Sì,No
B&B Vicolo Garibaldi,Bed & Breakfast,https://www.vicologaribaldi.it,320 454 9049,"Via Indipendenza, 3",Valguarnera Caropepe,,info@vicologaribaldi.it,https,Shopify,No,Aruba S.p.A.,56,44,100.00,Sì,No
B&B Casa O Canal,Bed & Breakfast,,371 356 4234,"Via Mazzini, 46",Valguarnera Caropepe,,,,,,,,,,,
B&b Nicole Valguarnera,Bed & Breakfast,,335 543 0711,"Piazza S. Giuseppe, 19",Valguarnera Caropepe,,,,,,,,,,,
Affittacamere Lido Marchesana,Bed & Breakfast,https://www.lidomarchesana.it,090 978 1211,"Via Lungomare Marchesana, 155",Terme Vigliatore,,,https,Magento,No,"Amazon.com, Inc.",68,99,100.00,Sì,No
Sait Hotel,Hotel,http://www.saithotel.it,090 978 2615,"Via Nazionale Terme, 309",Terme,,info@saithotel.com,https,React,Sì,Armada WAN2,47,62,100.00,Sì,No
Ancora Bianca,Residence,https://www.ancorabianca.it,090 974 0389,"Via Lungomare Marchesana, 124",Terme,,,https,WordPress,No,OVH SAS,56,76,100.00,Sì,No
Hotel IL Gabbiano,Hotel,http://www.gabbianohotel.com,090 978 2343,"Via Lungomare Marchesana, 4",Terme,,info@gabbianohotel.com,https,ASP.NET,Sì,Armada WAN2,55,69,100.00,Sì,No
Castello di Sabbia B&B,Bed & Breakfast,https://www.castellodisabbia.com,091 275 6401,"Via Litoranea Piani, 131",Trabia,,info@castellodisabbia.com,https,Joomla,No,Aruba S.p.A.,57,92,85.00,Sì,No
B&B Teresa Mare,Hotel,,389 011 8215,Litoranea Giardini n°39,Trabia,,,,,,,,,,,
ALLA MARINA - BED AND BREAKFAST,Bed & Breakfast,https://www.beballamarina.it,0923 21153,"Viale Regina Elena, 4",Trapani,,info@beballamarina.it,https,ASP.NET,No,Aruba S.p.A.,82,100,91.00,Sì,No
B&B Il profumo del porto,Bed & Breakfast,https://www.ilprofumodelporto.it,328 549 7965,"Via Ammiraglio Staiti, 15",Trapani,,info@ilprofumodelporto.it,https,WordPress,No,Aruba S.p.A.,57,62,92.00,Sì,No
B&B Erice Mare,Bed & Breakfast,http://www.ericemare.it,328 277 2037,"Via Darete, 47 Pizzolungo rinominata, via Leda, 11",Erice,,,https,Typo3,No,"Amazon.com, Inc.",85,93,100.00,Sì,No
B&B Monteserra,Bed & Breakfast,,339 420 5129,"Via Giuseppe Garibaldi, 279",Viagrande,,,,,,,,,,,
ROOM33,Bed & Breakfast,,340 365 8768,"Piazza Urna, 5",Viagrande,,,,,,,,,,,
B&B Villa S .Andrea,Bed & Breakfast,,340 304 6004,"Via Sant'Andrea, 61",Trecastagni,,,,,,,,,,,
Bed and Breakfast Mariclà - Viagrande,Bed & Breakfast,,333 788 8467,"Via A. Cabane', 10",Viagrande,,,,,,,,,,,
Bed & Breakfast delle Palme,Bed & Breakfast,,347 608 9271,"Via Luigi Capuana, 28",Trapani,,,,,,,,,,,
Kantunè Bed & Breakfast,Bed & Breakfast,http://www.kantune.it,328 362 5554,"Via Aperta, 21",Trapani,,info@kantune.it,https,React,No,Netsons Network,35,0,92.00,Sì,No
Bed and Breakfast Il Quadrifoglio a Trapani - Casa Vacanze Trapani,Bed & Breakfast,http://www.ilquadrifogliobb.it,392 951 4411,"Via Nettuno, 26",Trapani,,info@ilquadrifogliobb.it,,WordPress,Sì,Aruba S.p.A. Network,36,56,83.00,Sì,No
Il Tiglio,Bed & Breakfast,http://www.iltigliocasavacanze.it,349 242 1411,"Via Petrone, 55",Viagrande,,,http,Basekit,No,Aruba S.p.A.,50,66,100.00,Sì,No
La Finestra Sul Mare,Bed & Breakfast,,339 135 5384,Via Marina,Piano Inferno Marina,,,,,,,,,,,
La Balestra B&B,Bed & Breakfast,https://www.labalestrabb.eu,388 790 3538,"Via V. Emanuele Orlando, 24",Balestrate,,info@labalestrabb.eu,https,Mobirise,No,Aruba S.p.A.,64,99,91.00,Sì,No
Agriturismo Rinella,Agriturismo,https://agriturismo-rinella.hotelperiviaggi.top,388 127 6107,Contrada Rinella,Valledolmo,,,https,React,No,Contabo GmbH,57,87,77.00,Sì,No
B&B Stanze del Mare,Bed & Breakfast,,366 528 5028,"Via Libertà, 38",Balestrate,,,,,,,,,,,
B&B A Mare,Bed & Breakfast,https://www.vacanzedelgolfo.it,335 875 6243,"V. Guglielmo Marconi, 195",Castellammare del Golfo,,,https,WordPress,Sì,Aruba S.p.A.,50,83,85.00,Sì,No
B&B Aria dell' Etnea - Camere vicino al vulcano Etna,Bed & Breakfast,http://www.bebariadelletna.it,349 316 2268,"Via Nipitelli, 10A",Zafferana Etnea,,info@bebariadelletna.it,http,ASP.NET,No,Aruba S.p.A. Network,63,77,82.00,Sì,No
B&B Etna En Vie,Bed & Breakfast,http://www.etnaenvie.it,348 373 2849,"Via Alessandro Manzoni, 1/F",Zafferana Etnea,,info@etnaenvie.it,http,ASP.NET,No,Aruba S.p.A. Network,63,92,82.00,Sì,No
Etnante,Bed & Breakfast,,391 741 8056,"Via Vecchia Sarro, 46/A",Zafferana Etnea,,,,,,,,,,,
At Armando’s home B&B,Bed & Breakfast,,327 770 8166,"Via delle Ginestre, 28",Zafferana Etnea,,,,,,,,,,,
Bee Happy-Bed and Breakfast,Bed & Breakfast,https://beehappybeb.it,347 725 2218,"Via Poggiofelice, 9",Zafferana Etnea,,,https,WordPress,No,Serverplan s.r.l.,71,56,92.00,Sì,No
Etna Dream b&b,Bed & Breakfast,,347 782 7371,"Via delle Ginestre, 11",Zafferana Etnea,,,,,,,,,,,
B&B Villa Hirschen,Bed & Breakfast,https://www.villahirschen.com,095 708 1077,"Via delle Ginestre, 38",Zafferana Etnea,,info@villahirschen.com,https,WordPress,Sì,Aruba S.p.A.,56,56,100.00,Sì,No
"B&B Boutique Di Charme Etna-Relax-Natura Villa Con Giardino e Piscina,Funivia Dell'Etna Rifugio Sapienza Escursioni Etna",Bed & Breakfast,http://www.boutiquedicharmebb.it,388 834 8212,"Via Enrico Fermi, 4",Zafferana Etnea,,info@boutiquedicharmebb.it,https,WordPress,No,Aruba S.p.A. Network,46,54,100.00,Sì,No
megaron hotel,Hotel,,0932 799661,"Via C. Colombo, 166",Pozzallo,,,,,,,,,,,
Alta Marea,Bed & Breakfast,http://www.altamareapozzallo.com,333 895 8499,"Via M. Rapisardi, 30",Pozzallo,,,https,WordPress,No,"Cloudflare, Inc.",81,97,75.00,Sì,No
B&B Brezza Marina,Bed & Breakfast,http://www.brezzamarinapozzallo.it,333 319 5454,"Via Marco Polo, 2",Pozzallo,,,https,React,No,"Amazon.com, Inc.",80,85,100.00,Sì,No
Mare Nostrum Petit Hôtel,Hotel,https://www.marenostrumpozzallo.it,0932 958769,"Via Enrico Giunta, 12",Pozzallo,,info@marenostrumpozzallo.it,https,Shopify,Sì,Server Plan S.r.l.,62,52,92.00,Sì,No
MariMare B&B Pozzallo,Bed & Breakfast,https://www.marimarepozzallo.it,389 169 5878,"Via Londra, 25",Pozzallo,,info@marimarepozzallo.it,https,React,No,WHG Hosting Services Ltd,64,87,100.00,Sì,No
Villa Margherita,Bed & Breakfast,http://www.villamargheritapozzallo.it,0932 954088,"Viale Orsa Maggiore, 4",Pozzallo,,info@villamargheritapozzallo.it,https,WordPress,Sì,Serverplan s.r.l.,56,71,92.00,Sì,No
La casa di Gabry,Bed & Breakfast,,335 827 4797,Via Enna,Villabate,,,,,,,,,,,
Dimora di campagna,Bed & Breakfast,,329 696 4327,"Via L. 20, 43 i",Portella di Mare,,,,,,,,,,,
00 Cabrera House,Bed & Breakfast,http://www.cabrerahouse.it,0932 958961,"Via M. Rapisardi, 113/115",Pozzallo,,info@cabrerahouse.it,https,React,No,Aruba S.p.A. Network,60,75,92.00,Sì,No
Hotel Villa Ada,Hotel,https://beb.it/hotelvillaadapozzallo,0932 954022,"Corso Vittorio Veneto, 3",Pozzallo,,,https,Angular,No,"Amazon.com, Inc.",63,95,100.00,Sì,No
S&S Bed & Breakfast,Bed & Breakfast,,329 606 5350,"Piazzale Enrico Cosenz, 3",Palermo,,,,,,,,,,,
Agriturismo Rajata,Agriturismo,http://www.agriturismorajata.it,091 967338,"SP127, 88",Bagheria,,info@agriturismorajata.it,http,ASP.NET,No,Aruba S.p.A. Network,64,73,100.00,Sì,No
Domus Fysi,Bed & Breakfast,https://www.palermodomus.it,328 266 3792,"Via Messina Marine, 445",Palermo,,domuspalermo100@gmail.com,https,WordPress,No,"Cloudflare, Inc.",33,57,100.00,Sì,No
Mediterraneo,Alloggi al coperto,,0932 795015,"Via Londra, 25",Pozzallo,,,,,,,,,,,
Hotel Villa D'Amato,Hotel,http://www.mmhotels.it,091 621 2767,"Via Messina Marine, 180",Palermo,,,https,Joomla,No,Aruba S.p.A. Network,36,70,85.00,Sì,No
B&B FraeFe,Bed & Breakfast,,324 581 2666,"Str. 18Bis Est, 6",Arborea,,,,,,,,,,,
HUB Rooms,Bed & Breakfast,https://www.hubcoworkingandrooms.com,333 396 2646,"Corso Italia, 198",Carini,,hubcoworking24@gmail.com,https,WordPress,No,"Cloudflare, Inc.",51,57,100.00,Sì,No
"ABAS - Ristorante, pizzeria, affittacamere",Ristorante,http://abas.sardegna.it,0783 098393,"Corso Cattedrale, 62",Ales,,info@abas.sardegna.it,https,React,Sì,Server Plan S.r.l.,66,70,92.00,Sì,No
B&B Catedda,Bed & Breakfast,,339 603 4422,"Via S. Pietro, 46",Sedilo,,,,,,,,,,,
B&B Domenico Paulis,Bed & Breakfast,,340 829 3246,"Via Barone Melis, 10",Tuili,,,,,,,,,,,
Deiana,Bed & Breakfast,,348 682 6822,"Viale Azuni, 86",Santu Lussurgiu,,,,,,,,,,,
Perdanoa - Appartamenti vacanze,Hotel,https://www.perdanoa.it,351 976 8668,"Via C. Battisti, 17",Ghilarza,,perdanoa@aruba.it,https,Basekit,No,Aruba S.p.A.,64,61,100.00,Sì,No
B&B Il Melograno Paulilatino,Bed & Breakfast,,348 276 7377,"Via Giovanni Caboto, 1/a",Paulilatino,,,,,,,,,,,
Anninnìa Guest House B&B - Ghilarza,Bed & Breakfast,,379 278 9802,"Via C. Battisti, 34",Ghilarza,,,,,,,,,,,
Domo Achenza Guesthouse,Bed & Breakfast,http://www.domoachenza.it,345 500 2681,"Via Roma, 70",Terralba,,,https,Angular,Sì,Aruba S.p.A.,52,68,77.00,Sì,No
B&B Linu Ruiu,Bed & Breakfast,,340 774 2739,"Via Giovanni Maria Angioi, 79",Santu Lussurgiu,,,,,,,,,,,
B&B Baddesalighes,Bed & Breakfast,,389 796 1888,"Via Badde Salighes, 77",Bolotana,,,,,,,,,,,
B&B Il Lupo Rosso,Bed & Breakfast,,366 670 2082,"Via Roma, 52",Santu Lussurgiu,,,,,,,,,,,
B&B Ianam,Bed & Breakfast,,320 378 0423,"Via L. Einaudi, 14C",Ghilarza,,,,,,,,,,,
Agriturismo Su Sattisceddu,Hotel,https://www.hotelscheck-in.com/agriturismosusattiscedduitaly/it,347 541 3615,Strada provinciale 47 Uras-S.N.d'Arcidano,Uras,,,https,React,No,"Cloudflare, Inc.",41,74,85.00,Sì,No
B&B Bitulera,Bed & Breakfast,https://www.bitulera.it,349 395 0656,"Via Valle D'Aosta, 9",Ghilarza,,bitulera@gmail.com,https,ASP.NET,No,Aruba S.p.A. Network,87,100,91.00,Sì,No
B&B Sa Domu de Palla,Bed & Breakfast,http://www.sadomudesapalla.com,349 363 3046,"via Duminigheddu Atza, 17",Bauladu,,info@sadomudesapalla.com,http,ASP.NET,No,SEEWEB s.r.l.,96,100,77.00,Sì,No
B&B Daddanca,Bed & Breakfast,http://bebdaddanca.it,346 154 6547,"Via Funtana Bella, 14",Ales,,,https,WordPress,No,Tiscali Italia SpA,79,94,92.00,Sì,No
B&B di Luisa Ledda,Bed & Breakfast,,346 674 6649,"Vico Terzo, Corso Cattedrale, 3",Ales,,,,,,,,,,,
Albergo Diffuso Il Mandorlo,Hotel,https://www.albergodiffusoilmandorlo.com,351 709 1881,"Via Is Tellaias, 13",Baressa,,info@albergodiffusoilmandorlo.com,https,Joomla,No,Aruba S.p.A.,56,51,92.00,Sì,No
B&B Alba Chiara,Bed & Breakfast,,345 463 1697,"Piazza Mariano, 21",Oristano,,,,,,,,,,,
I Faraglioni b&b,Hotel,,324 924 1406,"Via Vincenzo Madonia, 38",Terrasini,,,,,,,,,,,
B&B S'Omu Antiga,Bed & Breakfast,,379 189 9133,"Via Conte Toufani, 1",Nureci,,,,,,,,,,,
Amantea Monument Terrasini,Bed & Breakfast,,392 838 4230,"Viale C. Alberto dalla Chiesa, 38",Terrasini,,,,,,,,,,,
Zabbàra B&B Terrasini,Bed & Breakfast,,338 751 2432,"di fronte spiaggia Calarossa (Sea club, Via Calarossa, 85",Terrasini,,,,,,,,,,,
B&B da Annabarbara,Bed & Breakfast,https://bb-da-annabarbara.italiadestinazioni.top,340 476 0743,"Via Oristano, 4",Abbasanta,,,,WordPress,No,Contabo GmbH,0,0,0.00,Sì,No
B&B Casa Olla,Bed & Breakfast,https://bb-casa-olla.percorsiitaliani.top,349 321 7273,"Via Liguria, 9",Sardara,,,https,React,No,Contabo GmbH,56,85,85.00,Sì,No
TerraSole Bakery B&B,Bed & Breakfast,http://www.terrasolebb.it,360 866 775,"Via Francesco Crispi, 90",Terrasini,,info@terrasolebb.it,http,Joomla,Sì,Aruba S.p.A. Network,66,78,83.00,Sì,No
Tra le braccia di Morfeo,Bed & Breakfast,http://www.tralebracciadimorfeo.eu,393 908 8212,"Via Carlo, Viale C. Alberto dalla Chiesa, 41/A",Terrasini,,,https,WordPress,No,Aruba S.p.A. Network,55,75,92.00,Sì,No
Bio Agriturismo Serra Pernice,Agriturismo,,371 578 9589,"Contrada Capraria, 2",San Biagio Platani,,,,,,,,,,,
Vacanze in Sicilia,Bed & Breakfast,,389 940 3414,"Via dell'Olivo, 4",Siculiana,,,,,,,,,,,
B&B Le Palme Terrasini,Bed & Breakfast,http://www.bnblepalmeterrasini.it,329 715 0681,"Viale C. Alberto dalla Chiesa, 50",Terrasini,,info@bnblepalmeterrasini.it,https,React,No,Hetzner Online GmbH,56,73,77.00,Sì,No
La Ruota B&B,Bed & Breakfast,https://la-ruota-bb.percorsiitaliani.top,389 000 4547,"Lungomare Peppino Impastato, 19",Terrasini,,,https,React,No,Contabo GmbH,55,87,85.00,Sì,No
Al Quadrifoglio,Bed & Breakfast,,328 841 1616,"Via G. Pitre, 150",Terrasini,,,,,,,,,,,
CASA DORIANA,Bed & Breakfast,https://www.casadoriana.it,0922 815179,"Via Castello, 7",Siculiana,,,https,Joomla,No,SEEWEB s.r.l.,63,56,92.00,Sì,No
Bed and Breakfast La Torre,Bed & Breakfast,,329 604 5829,"Via Pergola, 1",Realmonte,,,,,,,,,,,
La Corte di Sofia - affitta camere,Ristorante,https://www.lacortedisofia.it,328 219 2769,Contrada Fauma Caruana,Realmonte,,,https,WordPress,No,Aruba S.p.A.,57,81,69.00,Sì,No
B&B Multaiola,Bed & Breakfast,https://www.lamultaiola.it,333 543 7516,Località Multaiola,Sant'Antonio di Gallura,,multaiola2017@gmail.com,https,WordPress,No,Aruba S.p.A.,77,91,92.00,Sì,No
B&B Sa Vinza,Bed & Breakfast,,328 483 5369,"Via Padre Demelas, 15",Lodine,,,,,,,,,,,
Bed and Breakfast Salighes,Bed & Breakfast,,328 611 4679,"Regione Salighes, 5",Ozieri,,,,,,,,,,,
Case Vacanze Baia,Bed & Breakfast,http://www.casevacanzebaia.com,0922 816120,"Via dell'Orsa Maggiore, 1",Realmonte,,,http,ASP.NET,No,Aruba S.p.A. Network,47,73,91.00,Sì,No
B&B 500 Miglia,Bed & Breakfast,http://bbcinquecentomiglia.com,328 855 1191,"N, Via Mezaustu, 26",Tempio Pausania,,,http,Jimdo,No,Aruba S.p.A. Network,0,0,90.00,Sì,No
B&B Maison et Charme,Bed & Breakfast,http://www.aggiuscomunitaospitale.it/dove-dormire/bb-maison-et-charme,393 821 8975,loc pustogliu,Aggius,,tutor@aggiuscomunitaospitale.it,http,WordPress,No,Aruba S.p.A. Network,68,82,85.00,Sì,No
Agriturismo Calavrina,Agriturismo,https://agriturismo-calavrina.comeviaggiare.top,329 431 0749,Str. Calavrina,Bitti,,,https,React,No,Contabo GmbH,57,83,85.00,Sì,No
B&B La Tasgia,Bed & Breakfast,https://beblatasgia.com,342 912 6624,Loc,Bonaita,,,https,WordPress,No,"Automattic, Inc",75,98,100.00,Sì,No
Affitta Camere Monte Grappa,Pensione,,+39 4536950111,"Via Monte Grappa, 3",Tempio Pausania,,,,,,,,,,,
B&B Il Gallo di Gallura,Bed & Breakfast,https://bedbreakfast-rooster-of-gallura.comeviaggiare.top,079 412 8887,"Corso Giacomo Matteotti, 28",Tempio Pausania,,,https,WordPress,No,Contabo GmbH,52,79,85.00,Sì,No
Stazzu Coiga,Agriturismo,http://www.stazzucoiga.it,340 307 3011,"Località Coiga, 1",Aggius,,,https,WordPress,No,Aruba S.p.A.,53,56,92.00,Sì,No
La Vignaredda Residenza di Charme,Hotel,https://www.lavignaredda.it,079 620818,"Via Gallura, 14",Aggius,,,https,WordPress,No,Host SpA,28,71,92.00,Sì,No
B&B Le Gemelle,Bed & Breakfast,http://www.legemelleluras.it,348 893 8814,"Via Vittorio Emanuele, 8",Luras,,,https,React,No,Unified Layer,37,56,100.00,Sì,No
Domo Mia B&B,Bed & Breakfast,http://www.domomia.casa,320 073 6794,"Via tempio pausania nr 49 int 2 telti 40.920056,9.374566",Telti,,,https,WordPress,No,"Automattic, Inc",,,,Sì,No
The Smerald 2,Pensione,http://www.thesmerald.it,340 883 6194,"Viale Europa, 6a",Alghero,,losmeraldoaffittacamere@hotmail.com,https,React,Sì,"Cloudflare, Inc.",60,80,92.00,Sì,No
Aba Maya,Hotel,https://www.abamaya.it,349 719 2079,"Via Nazioni Unite, 12",Alghero,,,https,React,No,"Amazon.com, Inc.",69,94,100.00,Sì,No
Boipeba Guest House,Bed & Breakfast,,338 148 3411,"Via L. Canepa, 12",Alghero,,,,,,,,,,,
Big Fish Guesthouse Alghero Centro,Bed & Breakfast,https://www.algherobb.it,340 866 8278,"Via L. Canepa, 24",Alghero,,,https,Laravel,No,"Amazon.com, Inc.",54,95,100.00,Sì,No
Bed and breakfast San Nicola,Bed & Breakfast,https://www.estateinsardegna.it/dove-dormire/nuoro/bb-san-nicola,379 297 0018,"Corso Umberto, 49",Ortueri,,info@estateinsardegna.it,https,WordPress,Sì,OVH SAS,,,,Sì,No
B&B Madau,Bed & Breakfast,,348 833 7559,"Via Vitt. Emanuele, 36A",Samugheo,,,,,,,,,,,
Alghero Butterfly Accommodation,Bed & Breakfast,http://www.butterflyalghero.it,339 233 3018,"Via degli Orti, 7",Alghero,,info@butterflyalghero.it,https,ASP.NET,Sì,Aruba S.p.A,,,,Sì,No
The Templars Guesthouse,Bed & Breakfast,https://thetemplarsguesthouse.com,379 292 6805,"Via Agostino Obinu, 36",Santu Lussurgiu,,,https,WordPress,No,WHG Hosting Services Ltd,,,,Sì,No
Lichitu,Bed & Breakfast,,347 092 5736,"Via Sant'Elena, 5",Sedilo,,,,,,,,,,,
B&B Filomena,Bed & Breakfast,http://www.bbfilomena.it,349 094 2669,"Via Gioacchino Rossini, 7",Santa Giusta,,info@bbfilomena.it,http,WordPress,No,Aruba S.p.A. Network,,,,Sì,No
B&B Is Janas,Bed & Breakfast,,346 663 1241,"Via Ipsitani, 147",Fordongianus,,,,,,,,,,,
B&B Elclacà,Bed & Breakfast,http://www.elclaca.it,329 405 3599,"Via Catalogna vic. A, n° 7",Alghero,,info@elclaca.it,https,Shopify,No,"DigitalOcean, LLC",,,,Sì,No
B&B Tatti,Bed & Breakfast,,328 800 7845,"Via Regina Elena, 17",Nughedu Santa Vittoria,,,,,,,,,,,
Three Rooms Alghero,Bed & Breakfast,http://www.fourroomsalghero.com,328 746 6976,"Via Sassari, 132",Alghero,,info@fourroomsalghero.com,https,Shopify,No,Keliweb S.R.L,,,,Sì,No
BOSS guest house ( IUN E7243 ),Bed & Breakfast,http://www.bossguesthouse.it,349 216 7356,"Via Guglielmo Marconi 38, primo piano",Alghero,,,https,Angular,No,"Amazon.com, Inc.",,,,Sì,No
B&B Bassu,Bed & Breakfast,,328 033 1316,"Via D. Vivaldi, 18",Bosa,,,,,,,,,,,
Piccolo Catalunya Hostel,Ostello,https://www.piccolocatalunya.it,351 857 4510,"Via Vittorio Emanuele II, 113D",Alghero,,hostel@piccolocatalunya.it,https,React,Sì,"Cloudflare, Inc.",,,,Sì,No
Abakainon,Bed & Breakfast,https://abakainon.it,333 852 9954,Via Steropea,Tripi,,,https,WordPress,No,Aruba S.p.A. Network,,,,Sì,No
Actinia Accommodation Alghero,Bed & Breakfast,http://www.actiniabb.com,392 941 6333,"Via Sant'Agostino, 25",Alghero,,info@actiniabb.com,https,WordPress,Sì,Aruba S.p.A.,54,73,85.00,Sì,No
Bisos ospitalità diffusa ecosostenibile,Bed & Breakfast,https://www.bisos.it,349 689 2197,"Via Roma, 1",Paulilatino,,,https,WordPress,No,Aruba S.p.A.,55,71,85.00,Sì,No
F53 Kevin's charming houses,Hotel,http://www.f53algheroholidays.com,349 170 7383,"Via Ugo Foscolo, 53",Alghero,,info@f53algheroholidays.com,https,Joomla,Sì,Keliweb S.R.L,,,,Sì,No
b&b Saint Michel,Bed & Breakfast,,339 391 8197,"Corso Vittorio Emanuele II, 190",Troina,,,,,,,,,,,
History Hotel,Hotel,http://www.historyhotel.it,0923 892815,"Via Salemi, 5",Valderice,,,http,WordPress,No,Aruba S.p.A. Network,,,,Sì,No
Bed & Breakfast Val di Erice,Bed & Breakfast,,351 908 3864,"Via Antonino Carollo, 7",Valderice,,,,,,,,,,,
Agriturismo Ponte Due Archi,Agriturismo,http://www.ponteduearchi.it,328 718 2465,c/da Gridà,Raccuja,,,https,WordPress,No,Aruba S.p.A.,,,,Sì,No
Albergo Baglio Santacroce,Hotel,http://www.bagliosantacroce.it,0923 891111,"S.S. 187, km 12, 300",Valderice,,hotel@bagliosantacroce.it,https,Shopify,No,OVH SAS,,,,Sì,No
CasaVacanze Uroborus,Bed & Breakfast,,0921 330272,"Via S. Giovanni, 18",Tusa,,,,,,,,,,,
Bed and breakfast l'isola del sole,Bed & Breakfast,https://lisola-del-sole.gotoitalia.top,328 177 0087,"Viale C. Colombo, 243",Castelluzzo,,,https,WordPress,No,Ipxo LLC,,,,Sì,No
Case Vacanza Il Giardino degli Agrumi,Bed & Breakfast,http://www.ilgiardinodegliagrumi.it,0923 971716,"Via Assieni, 28",Custonaci,,info@ilgiardinodegliagrumi.it,https,WordPress,No,Aruba S.p.A.,,,,Sì,No
Affittacamere Antico Borgo Erice,Bed & Breakfast,http://www.ericeanticoborgo.com,349 838 0344,"Via Gian Filippo Guarnotti, 12",Erice,,ericeanticoborgo@gmail.com,https,Shopify,No,"Cloudflare, Inc.",,,,Sì,No
B&B Dove sorge il sole,Alloggio completo di servizi,https://bb-dove-sorge-il-sole.alberghiinitalia.top,328 112 6059,"Via del Pacecoto, 38g",Custonaci,,,,React,No,Contabo GmbH,,,,Sì,No
Sogni Nel Blu - case vacanza,Alloggi al coperto,http://www.sogninelblu.com,338 741 4970,"Via della Vittoria, 9 - 11",Ustica,,info@sogninelblu.com,https,WordPress,No,Server Plan S.r.l.,,,,Sì,No
Belvedere Tramontana,Alloggio turistico,,328 161 8895,"Via Petriera, 16",Ustica,,,,,,,,,,,
Hotel Giulia,Hotel,http://www.giuliahotel.com,091 844 9007,"V. San Francesco, 16",Ustica,,info@giuliahotel.com,https,React,No,"Amazon.com, Inc.",,,,Sì,No
Agriturismo Pagliuzzo - Ustica/ villette indipendenti,Agriturismo,https://www.agriturismopagliuzzo.it,329 601 2386,c.da Tramontana snc,Ustica,,info@agriturismopagliuzzo.it,https,Joomla,Sì,Aruba S.p.A.,,,,Sì,No
La Cernia Bruna Case Vacanza,Alloggio con uso cucina,http://www.lacerniabruna.it,091 844 9060,"Contrada, Via Petriera, 16",Ustica,,info@lacerniabruna.it,https,WordPress,No,Netsons Network,,,,Sì,No
B&B Agave Sinagra,Bed & Breakfast,,335 417 947,"Piazza Salvatore Quasimodo, 4",Sinagra,,,,,,,,,,,
Hotel La Quiete,Hotel,,0941 594915,Contrada Rolletta,Sinagra,,,,,,,,,,,
Residence Timeo,Alloggi al coperto,https://www.residencetimeo.com,091 844 9040,Vicolo Terzo della Chiesa Vecchia,Ustica,,,,WordPress,No,Aruba S.p.A,,,,Sì,No
Sicily Rooms Enna,Bed & Breakfast,http://www.sicilyroomsenna.it,328 288 2879,"Via Vulturo, 3",Enna,,,https,React,No,Google LLC,,,,Sì,No
B&B Resort dell'Artista,Bed & Breakfast,https://bb-resort-dellartista.touritaliani.top,347 171 3139,"Via Siracusano, 57",Venetico,,,,React,No,Contabo GmbH,,,,Sì,No
B&B Torre,Bed & Breakfast,,345 788 2494,"SP54, 14",Rometta,,,,,,,,,,,
Al Palmento B&B,Bed & Breakfast,,347 077 5650,"Via Bologna 10, Saponara Marittima",Bauso,,,,,,,,,,,
LE CAMERE DI BEA,Bed & Breakfast,,338 245 6290,"Via Trento, 62",Villalba,,,,,,,,,,,
Casadei24,Alloggio completo di servizi,,389 580 8353,"Via A. Casadei, 4",Guidonia Montecelio,,,,,,,,,,,
Babbo maison,Bed & Breakfast,,338 360 8922,"V.le Roma, 127",Guidonia Montecelio,,,,,,,,,,,
Casa di Cinzia,Bed & Breakfast,,339 479 2717,"Via Montottone, 109",Roma,,,,,,,,,,,
L'ORCHIDEA DI ALE,Bed & Breakfast,http://www.lorchideadiale.it,345 935 0944,"Via Papa Pio IX, 25",Tivoli Terme,,info@lorchideadiale.it,https,WordPress,No,Aruba S.p.A. Network,,,,Sì,No
B&B Green Universe,Bed & Breakfast,http://www.greenuniverse.it,351 989 8775,"Via Dell Universo, 22",Guidonia Montecelio,,,https,Squarespace,No,"Amazon.com, Inc.",,,,Sì,No
Il Colle b&b,Bed & Breakfast,http://il-colle-bb.com.es,334 292 9837,"Via del Colle, 65",Tivoli,,,http,React,No,arsys.es,,,,Sì,No
Gu Hotel,Hotel,https://www.guhotel.it,0774 378823,"Via dei Tigli, 7",Guidonia Montecelio,,info@guhotel.it,https,ASP.NET,Sì,Server Plan S.r.l.,,,,Sì,No
Maximo Hotel,Hotel,https://maximo-hotel.hotelperiviaggi.top,0774 030072,"Via Leon Battista Alberti, 4",Tivoli Terme,,,https,WordPress,No,Contabo GmbH,,,,Sì,No
Boscoscuro,Agriturismo,http://www.boscoscuroetna.com,392 875 9322,Via Monte Arso,Ragalna,,,https,Angular,Sì,Aruba S.p.A.,,,,Sì,No
Magma Guest House,Bed & Breakfast,http://www.magmaguesthouse.com,347 859 3189,"Via Luigi Cadorna, 1/a",Ragalna,,riccardo.lanzafame@gmail.com,https,WordPress,No,Contabo GmbH,,,,Sì,No
Villa Casina dell'Etna,Agriturismo,http://www.villacasinadelletna.com,329 643 0893,"Via Rosario, 49",Ragalna,,villacasinaetna@hotmail.com,https,React,Sì,Aruba S.p.A,,,,Sì,No
Turismo Rurale Al Benefizio,Bed & Breakfast,https://turismo-rurale-al-benefizio.mipiacelitalia.top,335 843 9012,Via Benefizio,Marina,,,https,React,No,Contabo GmbH,,,,Sì,No
B&B Il Pomo d'oro,Bed & Breakfast,,338 880 5628,LOC. Su Launasci Snc,Assemini,,,,,,,,,,,
B&B & VITA con piscina,Bed & Breakfast,,392 690 9278,"Via Bulgaria, 17",Mirto,,,,,,,,,,,
The Orange House,Bed & Breakfast,,349 269 9123,"Via Toscana, 3",Assemini,,,,,,,,,,,
Arbol bed&breakfast,Bed & Breakfast,,349 508 4048,"Via Belli, 6",Assemini,,,,,,,,,,,
TS Rooms - Guest House Deidda B&B San Sperate - Cagliari,Bed & Breakfast,https://www.tsciolarooms.com/deiddaguesthouse,320 953 8778,"Via Concordia, 53",San Sperate,,info@tsciolarooms.com,https,WordPress,Sì,Google LLC,,,,Sì,No
Aer Sana Locazione Turistica,Bed & Breakfast,,347 960 1599,"Via Don Bosco, 12",Arzana,,,,,,,,,,,
B&B Martina - Assemini - vicino Aeroporto Cagliari,Bed & Breakfast,https://www.bebmartina.it/it,339 719 4251,"Via Oslo, 25",Assemini,,info@bebmartina.it,https,Joomla,Sì,SEEWEB s.r.l.,,,,Sì,No
Villa Mostallino Affittacamere,Bed & Breakfast,http://www.villamostallino.com,347 938 7704,"Via Principe di Piemonte, 6",Assemini,,villamostallino@gmail.com,https,React,No,Google LLC,,,,Sì,No
Bed & Breakfast Casa Bea Tortolì Sardinia,Bed & Breakfast,,347 690 5082,"Corso Umberto, 13 a",Tortolì,,,,,,,,,,,
Bed and Breakfast Villa Tancau,Bed & Breakfast,http://homelidaysardegna.com,346 217 3664,"Via Monviso, 4",Lotzorai,,,https,React,No,Server Plan S.r.l.,,,,Sì,No
HOTEL MARIE CLAIRE,Hotel,https://hotelmarieclaire.com,379 284 5867,Via dei Ciclamini,Lanusei,,,https,Shopify,No,Armada WAN,,,,Sì,No
G&E Bed & Breakfast,Hotel,,348 557 2080,"Via Trieste, 15",Austis,,,,,,,,,,,
B&B La Pavoncella Tortolì,Bed & Breakfast,http://www.lapavoncella.it,327 321 0952,"Via Sassari, 14",Tortolì,,,https,Joomla,No,Aruba S.p.A.,,,,Sì,No
Affittacamere Sa Mariola,Bed & Breakfast,,346 672 5734,"Via Lombardia, 4",Sorgono,,,,,,,,,,,
B&B La Corte Dei Baroni,Bed & Breakfast,http://www.lacortedeibaroni.it,348 449 2457,"Via Ferdinando Podda, 4",Loceri,,lacortedeibaroni@gmail.com,https,Shopify,Sì,Google LLC,,,,Sì,No
B&B Santu Giuvanni Un Tuffo nel Passato,Bed & Breakfast,,340 644 4396,"Campanello in, Via Monte Spada, 18, Via Monte Spada, 16",Fonni,,,,,,,,,,,
B&B Niu Susu,Bed & Breakfast,http://bbniususu.it,328 749 2819,"Via Giuseppe Siccardi, 9",Lanusei,,bbniususu@gmail.com,https,Joomla,No,"Amazon.com, Inc.",,,,Sì,No
B&B Entula,Bed & Breakfast,http://www.entula.com,329 348 1855,"Via Sindaco Lorrai, 6",Tortolì,,,https,Magento,No,"Amazon.com, Inc.",,,,Sì,No
Bed & Breakfast Is Murdegus,Bed & Breakfast,http://www.bbismurdegus.info,345 912 6336,Via Is Murdegus,Tortolì,,,https,React,No,"Cloudflare, Inc.",,,,Sì,No
Locanda Sighimi,Locanda,https://www.locandasighimi.it,0782 630007,"Via Indipendenza, 43",Lanusei,,,https,Joomla,Sì,IT.Gate S.p.A.,,,,Sì,No
Affittacamere Funtanedda,Bed & Breakfast,,391 174 5541,"Via Paolo Dettori, 13",Teti,,,,,,,,,,,
Agriturismo Da Valore,Agriturismo,https://sites.google.com/view/da-valore,0784 67333,Località Sa Paule,Austis,,,https,Angular,No,Google LLC,,,,Sì,No
Da laura,Bed & Breakfast,,347 094 5384,"Via Funtana Etza, 8",Bottidda,,,,,,,,,,,
Bed and Breakfast Casa Masini Fonni,Bed & Breakfast,http://www.casamasini.it,346 956 5511,"Via Alfonso Lamarmora, 4",Fonni,,info@casamasini.it,https,WordPress,Sì,Aruba S.p.A.,,,,Sì,No
Bed and Breakfast - La Baita di Aritzo,Bed & Breakfast,http://www.labaita.eu,327 127 7738,"Via Bigna e Mariccu, 4",Aritzo,,labaitaaritzo@yahoo.it,https,Shopify,No,"Cloudflare, Inc.",,,,Sì,No
Bed & Breakfast Sa Lumenaria,Bed & Breakfast,https://bed-breakfast-sa-lumenaria.viaggiareconstile.top,349 620 5182,"Viale Stazione, n°5",Sorgono,,,https,React,No,Ipxo LLC,,,,Sì,No
Cuccumiao affittacamere,Bed & Breakfast,https://www.affittacamerecuccumiao.com,334 729 5020,"Via Azuni, 8",Sorgono,,sorgonocuccumiao@gmail.com,https,React,Sì,OVH SAS,,,,Sì,No
Hotel Ristorante Le Tre Rose,Hotel,https://www.letrerose.it,349 764 1288,Via Aldo Moro,Bono,,info@letrerose.it,https,WordPress,Sì,WIIT AG,,,,Sì,No
Hotel Monte Pirastru,Ristorante,https://www.montepirastru.it,338 778 6477,Loc,Nughedu di San Nicolo',,booking@montepirastru.it,https,React,Sì,Amazon Technologies Inc.,,,,Sì,No
Sa domu arrubia,Bed & Breakfast,,349 421 6632,"Via Cristoforo Colombo, 47",Maracalagonis,,,,,,,,,,,
Azienda Agricola Serranello,Bed & Breakfast,http://www.serranello.it,02 3675 2240,"Via Cesare Battisti, 26A",Bono,,info@serranello.it,http,ASP.NET,No,Aruba S.p.A. Network,,,,Sì,No
Mater - Rooms Nuragus,Bed & Breakfast,,388 772 9681,"Via Campi, 10",Nuragus,,,,,,,,,,,
B&B La Casa sui Tetti,Bed & Breakfast,https://mammainsardegna.com/bed-breakfast-a-ozieri-la-casa-sui-tetti,345 063 1855,"Via Monserrato, 16",Ozieri,,scrivimi@mammainsardegna.com,https,Shopify,Sì,Aruba S.p.A.,,,,Sì,No
Il Nido dell'aquila,Bed & Breakfast,https://il-nido-dellaquila.italiacongusto.top,340 226 2594,"Via Regina Margherita, 32",Sardara,,,https,React,No,Ipxo LLC,,,,Sì,No
De Ajala - B&B de Charme - Antica Dimora Laconese,Bed & Breakfast,,351 830 5081,"Via Cavour, 3",Laconi,,,,,,,,,,,
B&B da Marianna,Bed & Breakfast,,349 298 2661,"Via Vittorio Alfieri, 7",Samugheo,,,,,,,,,,,
Sa Domu De Don Ninnu,Bed & Breakfast,http://www.sadomudedonninnu.com,344 222 5296,"Via Funtana Noa, 18",Gesturi,,,https,Angular,No,"Automattic, Inc",,,,Sì,No
S'Apprigu,Bed & Breakfast,https://www.hotelscheck-in.com/bbsapprigucabras/it,347 556 5246,"Via Roma, 34",Cabras,,,https,React,No,"Cloudflare, Inc.",,,,Sì,No
Agriturismo Cuaddus e Tellas,Agriturismo,https://www.cuaddusetellas.com,347 651 0485,SP16bis,Genoni,,,https,Wix,No,Google LLC,,,,Sì,No
B&B Sa Madalena,Bed & Breakfast,,347 863 6545,"Via Giosuè Carducci, n° 16",Dorgali,,,,,,,,,,,
Maison Belle Époque & suites,Bed & Breakfast,https://www.maisonbelleepoque.it,328 887 8886,"Via Santa Chiara, 8",Oristano,,maisonbelleepoqueoristano@gmail.com,https,WordPress,No,"Cloudflare, Inc.",,,,Sì,No
B&B da Angela,Bed & Breakfast,https://casa-vacanze-da-angela.italyadventures.top,338 644 2263,"Via Alessandro Volta, 20",Alghero,,,,WordPress,No,Contabo GmbH,,,,Sì,No
B&B Oltremare,Bed & Breakfast,https://bboltremare.it,348 064 3540,Via Lu Puntiddoni,Arzachena,,,https,Angular,No,LeaseWeb Netherlands B.V.,,,,Sì,No
Le Sei Palme,Bed & Breakfast,,334 262 3500,"Strada a Mare, 6",Arborea,,,,,,,,,,,
Sa Domu e Crakeras BeB,Bed & Breakfast,,340 790 0003,"Via Giovanni Maria Angioy, 49",Oristano,,,,,,,,,,,
Bed & Breakfast Gi & Giò,Bed & Breakfast,,0783 290227,"Via Tharros, 187",Cabras,,,,,,,,,,,
Dimora Arborea,Bed & Breakfast,,346 147 3497,"Strada 6 Ovest, 30, SP69",Arborea,,,,,,,,,,,
B&b Casa Casti Horse trekking,Bed & Breakfast,https://www.bebcasacasti.it,346 575 1782,località osu donigala,Sant'Antonio di Santadi,,,https,Shopify,No,"Amazon.com, Inc.",,,,Sì,No
Locanda del Gallo Bianco,Hotel,https://www.hotelscheck-in.com/locandadelgallobiancosardegna/it,0783 800241,"Piazza Maria Ausiliatrice, 8/10",Arborea,,customer.service@booking.com,https,Odoo,Sì,"Cloudflare, Inc.",,,,Sì,No
Sardinia For you Guests house,Bed & Breakfast,http://www.sardiniaforyou.it,339 322 2136,"Via Sardegna, 79",Oristano,,,http,WordPress,No,Aruba S.p.A. Network,,,,Sì,No
Casagioieni,Bed & Breakfast,,392 105 8674,Via Pietra dell'Ova,Canalicchio,,,,,,,,,,,
Relais de Charme - B&B Short Lets La Casa di Francesca,Bed & Breakfast,http://www.bblacasadifrancesca.it,095 213041,"Via Roma, 47/49",Sant'Agata li Battiati,,,https,WordPress,No,Aruba S.p.A.,,,,Sì,No
Agriturismo Aradoni' di Antonello Manca Mameli - Agriturismo Aritzo,Agriturismo,,339 506 8834,"SS295, Snc",Aritzo,,,,,,,,,,,
bed breakfast sa jinta,Bed & Breakfast,,339 814 1642,"Via Alfonso Lamarmora, n8",Belvì,,,,,,,,,,,
Affittacamere Sa Burra Guesthouse,Bed & Breakfast,,347 811 4079,"Umberto I, n3",Gadoni,,,,,,,,,,,
hotel la capannina,Hotel,http://www.hotelcapanninaritzo.it,0784 629121,"Via Antonio Maxia, 78",Aritzo,,capanninaaritzo@gmail.com,https,Shopify,Sì,OVH SAS,,,,Sì,No
Hotel Gabbiano,Hotel,,079 694101,"Via Vigna Veccia, 40",Isola Rossa,,,,,,,,,,,
Hotel Sa Muvara,Hotel,http://www.samuvarahotel.com/it,0784 629336,"Viale John Fitzgerald Kennedy, 33",Aritzo,,,,WordPress,Non trovato,Aruba S.p.A.,,,,No - Pagina Non Trovata (404),No
B&B lugori di Murgia Stefania,Bed & Breakfast,https://bb-lugori-di-murgia-stefania.italiavacanzeindimenticabili.top,339 736 2099,località Taccu,Seulo,,,https,React,No,Ipxo LLC,,,,Sì,No
Sa Stiddiosa Guesthouse,Bed & Breakfast,http://www.sastiddiosa.it,380 464 6337,"Via Umberto I, 17",Gadoni,,,https,Basekit,No,Aruba S.p.A.,,,,Sì,No
Chalet su Foxile,Alloggi al coperto,http://www.sufoxile.it,0784 629251,Loc. Gidilau,Aritzo,,,https,WordPress,No,"Cloudflare, Inc.",,,,Sì,No
Guest House Il Tramonto,Alloggio completo di servizi,,349 294 7664,"Via Cagliari, 16C",Castelsardo,,,,,,,,,,,
B&B Benjamin,Bed & Breakfast,,339 230 2822,"Via D. Alighieri, 18",Badesi,,,,,,,,,,,
B&B L'umbra di lu soli,Bed & Breakfast,http://www.lumbradilusoli.com,079 470883,"Via dei Mille, 7B",Castelsardo,,info@lumbradilusoli.com,http,ASP.NET,No,Aruba S.p.A. Network,,,,Sì,No
Bed & Breakfast Al piano di sopra,Bed & Breakfast,,340 256 8290,"Piazza Porcu, 1",Abbasanta,,,,,,,,,,,
B&B da Donatella,Bed & Breakfast,,339 147 3763,"Viale Sardegna, 262",Santa Maria Coghinas,,,,,,,,,,,
Villa Agnese,Bed & Breakfast,http://grussu.com,335 165 4343,"Via Riu Balbaru, 24",Badesi,,grussua@alice.it,https,WordPress,Sì,Televideocom Srl,,,,Sì,No
Affittacamere La piazzetta,Bed & Breakfast,,0784 67139,"Corso V. Emanuele, 64",Austis,,,,,,,,,,,
Sa domo de su re,Bed & Breakfast,,371 112 4040,"Via Carlo Felice, 55",Torralba,,,,,,,,,,,
B&B Stazzi di Gallura,Bed & Breakfast,http://www.bb-stazzidigallura.it,320 605 8743,strade vicinale cilvara,Badesi,,info@digallura.it,https,WordPress,No,Aruba S.p.A.,,,,Sì,No
Bed & Breakfast IL NIDO di Caterina A. Manca,Bed & Breakfast,,329 908 6272,"Via Umberto, 48",Thiesi,,,,,,,,,,,
Badde Cubas,Bed & Breakfast,https://www.baddecubas.com,346 786 1818,"Località Baddulesos, SNC",Usini,,baddecubas@gmail.com,https,WordPress,No,Aruba S.p.A.,,,,Sì,No
B&B Antas,Bed & Breakfast,https://antas.donhotel.net,320 062 9949,"Via Roma, 98",Mara,,,https,React,No,"Cloudflare, Inc.",,,,Sì,No
La fragola,Bed & Breakfast,,338 926 9432,"Località lu rotu, Via vagliola, 48",Arzachena,,,,,,,,,,,
Uddastri Retreat,Bed & Breakfast,https://www.uddastriretreat.it,370 157 3709,"Via Lu Ciaccaru, 6",Arzachena,,booking@uddastriretreat.it,https,WordPress,Sì,Amazon Technologies Inc.,,,,Sì,No
Villa Ilma Luxury Room B&B,Bed & Breakfast,https://www.villailma.it,334 231 4349,"Via Ippolito Nievo, 1",Arzachena,,booking@villailma.it,https,React,Sì,Amazon Technologies Inc.,,,,Sì,No
B&B gallo di rena,Bed & Breakfast,https://beb.it/gallodirena,347 315 1106,"Via Rena, 16",Arzachena,,,https,Shopify,No,"Amazon.com, Inc.",,,,Sì,No
Bed And Breakfast Il Giardino degli Aranci di Gianna Marras,Bed & Breakfast,http://www.ilgiardinodegliaranci.eu,079 707 9922,"Via S. Giovanni, 37",Mores,,,https,Joomla,No,Hetzner Online GmbH,,,,Sì,No
Bed and Breakfast S’Intrada,Bed & Breakfast,http://bnbsintrada.com.es,338 107 7186,"Via Fratelli L. P. Chessa, 7",Thiesi,,,http,React,No,arsys.es,,,,Sì,No
B&B Su Semucu,Bed & Breakfast,,070 957361,"Via Margherita, 3",Ballao,,,,,,,,,,,
B&B Il Mirto,Bed & Breakfast,https://www.ilmirtobajasardinia.it,389 269 5784,"Via La Rocca, Località Pulicinu",Arzachena,,info@ilmirtobajasardinia.it,https,Joomla,No,Register networks in Belgium,,,,Sì,No
B&B Ziu Anacletu,Bed & Breakfast,,348 255 1496,"Via V. Sulis, 54",Villaputzu,,,,,,,,,,,
AFFITTACAMERE-B&B Pop Art Exclusive Rooms (Arzachena),Bed & Breakfast,,340 479 7816,"Via Filippo Turati, 8",Arzachena,,,,,,,,,,,
B&B I Fenicotteri,Bed & Breakfast,,328 935 7986,"Via Roma, 349",Muravera,,,,,,,,,,,
B&B Il Mandorlo,Bed & Breakfast,,349 510 5560,Vicolo B Lamarmora,San Vito,,,,,,,,,,,
B&B Casa Licheri,Bed & Breakfast,,340 413 2716,"Via La Marmora, 59",San Vito,,,,,,,,,,,
B&B Sa Specula IT111066C1000E4404,Bed & Breakfast,https://beb.it/saspecula,349 711 1676,"B&B Sa Specula, Via La Marmora, 61",San Vito,,,https,Typo3,No,"Amazon.com, Inc.",,,,Sì,No
Turismo rurale Cudacciolu di Carta Marianna,Alloggio completo di servizi,http://www.t-r-cudacciolu.it,338 116 1590,SP14,Arzachena,,info@t-r-cudacciolu.it,https,WordPress,Sì,Keliweb S.R.L,,,,Sì,No
B&B Piazza Municipio,Bed & Breakfast,,347 179 2864,"Piazza Municipio, 27",San Vito,,,,,,,,,,,
B & B Rena Majore,Bed & Breakfast,,340 749 1696,"Via Nettuno, 55",Rena Majore,,,,,,,,,,,
La Soffitta di EmmaSofia,Bed & Breakfast,https://la-soffitta-di-emmasofia.bellaitaliatrips.top,348 045 2150,"Via Leonardo da Vinci, 19",San Vito,,,https,WordPress,No,Contabo GmbH,,,,Sì,No
B&B Zia Chiarina,Bed & Breakfast,https://bb-zia-chiarina.bellaitaliatrips.top,070 950058,"Via Umberto 1°, 25",San Nicolò Gerrei,,,https,WordPress,No,Contabo GmbH,,,,Sì,No
B&B Le Maschere,Bed & Breakfast,https://beb.it/lemaschereruoni,348 090 6548,"Via Marco Polo, 48",Santa Teresa Gallura,,,https,Squarespace,No,"Amazon.com, Inc.",,,,Sì,No
Villamarina Garden Relais,Bed & Breakfast,http://www.relaisvillamarina.it,340 478 6853,"Str. Naracu Nieddu, 07020",Aglientu,,villamarinagr@gmail.com,http,Joomla,No,Aruba S.p.A. Network,,,,Sì,No
B&B Domus de Janas,Bed & Breakfast,http://www.bbdomusdejanas.it,338 499 0221,"Via Carlo Felice, 20",Santa Teresa Gallura,,rivara@hotmail.it,http,WordPress,No,Aruba S.p.A.,,,,Sì,No
B&B La Chicca di Francesca,Bed & Breakfast,http://www.lachiccadifrancesca.com,0789 754691,"Via Basilicata, 4",Santa Teresa Gallura,,info@lachiccadifrancesca.com,http,WordPress,No,Reevo S.P.A.,,,,Sì,No
Club Esse Shardana,Hotel,https://www.clubesse.it/strutture/hotel-shardana,06 4543 9344,Via Orsa Minore,Santa Reparata,,,https,Angular,No,"Cloudflare, Inc.",,,,Sì,No
B&B San Francesco di Paola,Bed & Breakfast,,333 206 8161,"Via Goito, n° 8/10",Vittoria,,,,,,,,,,,
La casa di Jo,Bed & Breakfast,,0932 992005,"Via San Giuseppe lo Sperso, 35",Vittoria,,,,,,,,,,,
VILLA ADRIANA B&B,Bed & Breakfast,http://www.villaadrianabandb.it,335 529 8532,"Via Panama, 37",Vittoria,,,http,WordPress,No,Aruba S.p.A. Network,,,,Sì,No
La Casa Del Liberty B&B,Bed & Breakfast,https://lacasadelliberty.com,334 120 7092,"Via Caporale degli Zuavi, 27",Vittoria,,,https,Shopify,No,"Cloudflare, Inc.",,,,Sì,No
BRAMASOLE Charming House,Bed & Breakfast,,393 877 7857,Contrada Torrevecchia,Vittoria,,,,,,,,,,,
La Casa del Poeta,Bed & Breakfast,http://casadelpoeta.eu,339 762 8889,Lu Corru Biancu,Aglientu,,,,Angular,Non trovato,LeaseWeb Netherlands B.V.,,,,,No
Bed & Breakfast In Centro,Bed & Breakfast,http://www.bbterradelsole.it,346 153 2571,"Via Calatafimi, 19",Vittoria,,terradelsoleibla@gmail.com,https,Shopify,Sì,Google LLC,,,,Sì,No
Furrìa - bed & breakfast,Bed & Breakfast,https://xn--furra-wsa.it,333 490 5739,Vizzini Scalo,Vizzini,,,https,WordPress,No,Hostinger International Limited,,,,Sì,No
Casa donna rosa,Alloggio turistico,,388 856 5709,"Via Vincenzo Greco, 2",San Mauro Castelverde,,,,,,,,,,,
Antico Borgo Buonanotte,Hotel Resort,http://www.anticoborgobuonanotte.it,335 134 2247,Contrada Buonanotte,San Mauro Castelverde,,borgobuonanotte@libero.it,https,Webnode,No,Amazon Technologies Inc.,,,,Sì,No
40º Parallelo Affittacamere/GuestHouse,Alloggio completo di servizi,https://40-parallelo-affittacamereguesthouse.mondoinviaggio.top,340 787 6634,"Via Tiziano Vecellio, 11",Riola Sardo,,,https,WordPress,No,Contabo GmbH,,,,Sì,No
B&B Rita & Renzo,Bed & Breakfast,http://www.bebritaerenzo.it,340 077 4053,"Via Roma, 11A",Riola Sardo,,lecalle1@yahoo.it,http,Joomla,Sì,Aruba S.p.A,,,,Sì,No
B&B Mony e Nico,Bed & Breakfast,,349 702 5541,"Via Regina Margherita, 38",Riola Sardo,,,,,,,,,,,
B&B - Il Mirto - a pochi minuti da Oristano,Bed & Breakfast,http://www.il-mirto.it,349 727 3249,"Via Giuseppe CAO, 8",Donigala Fenughedu,,,https,Laravel,No,"Amazon.com, Inc.",,,,Sì,No
B&B Is Tanas,Bed & Breakfast,,339 477 9669,"Corso Repubblica, 323",Dolianova,,,,,,,,,,,
Agriturismo La Cantina,Agriturismo,,0783 410791,"Via Chiesa, 54",Baratili San Pietro,,,,,,,,,,,
Garden Hotel,Hotel,http://www.gardenhotelnuraminis.it,070 912798,strada provinciale 33 km 2 Strada provinciale Nuraminis /Samatzai,Nuraminis,,gardenhotelnuraminis@gmail.com,https,WordPress,No,Aruba S.p.A. Network,,,,Sì,No
B&B Al Rimedio,Bed & Breakfast,http://www.alrimedio.it,389 267 9948,"Via delle Grazie, 2",Oristano,,info@alrimedio.it,http,WordPress,Sì,Aruba S.p.A.,,,,Sì,No
Corte Arrubia - Bed and Breakfast,Bed & Breakfast,https://www.cortearrubia.com,340 558 9114,"Via S. Sperate, 13",Monastir,,cortearrubia@gmail.com,https,WordPress,No,"A2 Hosting, Inc.",,,,Sì,No
Hotel Sagittario,Hotel,http://www.hotelsagittario.net,070 960 0789,"Via Cottolengo, 3",San Sperate,,info@hotelsagittario.net,https,WordPress,No,IT.Gate S.p.A.,,,,Sì,No
Prima Luna,Bed & Breakfast,,379 203 0737,Via Pietro Micca,Bari Sardo,,,,,,,,,,,
à la maison,Bed & Breakfast,http://la-maison.italianeisole.it,329 678 1535,"Via Gaetano Donizetti, 4",Acireale,,,http,React,No,OVH SAS,,,,Sì,No
Bed and Breakfast Sant'Antini,Alloggi al coperto,,340 420 4725,"Via Cagliari, 103",Bari Sardo,,,,,,,,,,,
Acquazzurra Guest House di Orrù Fabiola,Bed & Breakfast,http://www.acquazzurraholidays.com,389 796 4381,"Viale Europa, 21",Arbatax,,,https,Typo3,No,"Amazon.com, Inc.",,,,Sì,No
Is Seddas B&B,Bed & Breakfast,,346 664 8328,"Via Galileo Galilei, 30",Bari Sardo,,,,,,,,,,,
Resort Baia Cea,Hotel,http://www.baiacea.com,329 432 3689,Via del Muflone,Bari Sardo,,info@baiacea.com,https,WordPress,No,"Cloudflare, Inc.",,,,Sì,No
Bed And Breakfast IL Leccio,Bed & Breakfast,http://www.il-leccio-bb.it,328 812 2267,"Via Monsignor Virgilio, 56",Tortolì,,info@il-leccio-bb.it,http,ASP.NET,No,Aruba S.p.A. Network,,,,Sì,No
Raphael Hotel Arbatax,Hotel,https://www.raphaelhotelarbatax.com,0782 450358,"Piazza Colombo, 16",Arbatax,,booking@raphaelhotelarbatax.com,https,WordPress,Sì,Amazon Technologies Inc.,,,,Sì,No
B&B Villa Martina,Bed & Breakfast,,347 442 3841,"Via Regina Margherita, 44",Sardara,,,,,,,,,,,
B&B Da Andreina,Bed & Breakfast,,328 279 0333,"Via VIII Marzo, 2",Guspini,,,,,,,,,,,
B&B Su Strintu,Bed & Breakfast,https://www.bnbtuilisustrintu.it,347 042 9291,"Via Sa Giara, 1",Tuili,,bedandbreakfastsustrintu@gmail.com,https,WordPress,Sì,Aruba S.p.A. Network,,,,Sì,No
"B&B da Mari N° iun E6654 Via Arruga Dominigheddu Atza,29 Bauladu OR",Bed & Breakfast,,371 159 4963,"Via Arruga Dominigheddu Atza, 29",Bauladu,,,,,,,,,,,
B&B Pudzones,Bed & Breakfast,,329 425 1175,"Via della Pace, 5",Santu Lussurgiu,,,,,,,,,,,
La Casa Rossa,Locanda,,340 669 8687,"via roma, 15",Riola Sardo,,,,,,,,,,,
Sa Lolla Hotel Ristorante Pizzeria,Hotel,,070 936 8419,"V Cavour, 49",Barumini,,,,,,,,,,,
Bed & Breakfast Sa Bettua,Bed & Breakfast,http://www.bebsabettua.it,0783 391990,"Via Gabriele D' Annunzio, 2",Cabras,,info@bebsabettua.it,https,ASP.NET,No,Aruba S.p.A. Network,,,,Sì,No
Tra storia e realtà,Bed & Breakfast,,335 616 9777,"Via Vittorio Emanuele III, 34",Sardara,,,,,,,,,,,
"Is Perdas Agriturismo, Rural Retreat & Spa",Agriturismo,https://www.isperdas.it,347 061 7836,Località Motti,Escolca,,info@isperdas.it,https,WordPress,Sì,Aruba S.p.A.,,,,Sì,No
Art action room,Bed & Breakfast,http://artactionroom.com,348 184 6714,"Via Isonzo, 30",Villanovafranca,,nicolaperra85@outlook.it,https,WordPress,Sì,Aruba S.p.A.,,,,Sì,No
Hotel S'Astore,Hotel,http://www.sastore.it,079 796620,"Via Giorgio la Pira, 9",Benetutti,,,https,React,Sì,Google LLC,,,,Sì,No
DOMO Silvia e Paolo,Bed & Breakfast,http://www.silviaepaolo.it,0784 31280,"Corso Giuseppe Garibaldi, 58",Nuoro,,,https,Vue,No,"Amazon.com, Inc.",,,,Sì,No
Domos Antigas,Bed & Breakfast,http://www.domosantigas.it,347 313 7757,"Via R. Elena, 57",Bottidda,,,https,Weebly,No,"Amazon.com, Inc.",,,,Sì,No
Domu Antiga,Hotel,https://www.domuantiga.it,347 921 0309,Via IV Mori,Gergei,,,https,WordPress,No,Aruba S.p.A. Network,,,,Sì,No
B&B Mes'Agustu,Bed & Breakfast,,349 578 1631,Via Cedrino,Galtellì,,,,,,,,,,,
BedBike Baunei,Bed & Breakfast,,349 153 2166,"Via Canonico Sanna, 28",Baunei,,,,,,,,,,,
Bed and room a Baunei,Hotel,,327 975 4884,"Via Napoli, 1",Baunei,,,,,,,,,,,
Tarsis Guest House,Hotel,https://www.tarsisguesthouse.it,0782 209700,"Via della Pineta, 1",Baunei,,info@tarsisguesthouse.it,https,React,No,Google LLC,,,,Sì,No
La torre dei colombo,Bed & Breakfast,,329 487 3335,"Vico Archimede, 4",Baunei,,,,,,,,,,,
B&B Sa Clarera Baunei - Bed & Breakfast Ogliastra,Bed & Breakfast,http://www.saclarera.it,0782 610273,"Via Orientale Sarda, 228",Baunei,,,http,WordPress,No,Aruba S.p.A.,,,,Sì,No
B&B Armony,Bed & Breakfast,https://bbarmonybono.com,340 305 5211,"Via Parrocchia, 29",Bono,,info@bbarmonybono.com,https,WordPress,No,"Automattic, Inc",,,,Sì,No
Sa Scala Bed&Terrace,Bed & Breakfast,https://sascala.com/cosa-aspetti,347 936 0027,"Via Roma, 151",Baunei,,,,WordPress,Non trovato,"Automattic, Inc",,,,No - Pagina Non Trovata (404),No
Elune B&B,Bed & Breakfast,https://www.elunebb.it,328 088 0716,"Via Roma, 52",Baunei,,elunebb@gmail.com,https,WordPress,No,Aruba S.p.A.,,,,Sì,No
Hotel Goloritzè,Hotel,http://www.hotelgoloritze.it,0782 611039,"Via Dante Alighieri, 7",Baunei,,booking@hotelgoloritze.it,https,WordPress,No,Amazon Technologies Inc.,,,,Sì,No
Carrales Guest•House,Bed & Breakfast,http://www.carrales.it,392 200 3210,"Via Giampiero Chironi, 84",Nuoro,,info@carrales.it,https,Shopify,Sì,Server Plan S.r.l.,,,,Sì,No
Agriturismo Cugumia,Agriturismo,,320 217 8794,SS131bis,Bessude-thiesi,,,,,,,,,,,
L'Agrifoglio di Emy,Bed & Breakfast,,328 213 2501,"Via VIII Marzo, 15",Guspini,,,,,,,,,,,
La casa delle fate,Bed & Breakfast,,334 320 7759,"Via Vincenzo Gioberti, 14",Giave,,,,,,,,,,,
Agriturismo Costa Verde,Agriturismo,http://www.agriturismocostaverde.com,347 108 3355,Località Pitzuamu,Arbus,,agricostaverde@tiscali.it,https,Joomla,No,Netsons s.r.l.,,,,Sì,No
B&B Annalù,Bed & Breakfast,,328 909 1069,"Via Armando Diaz, 78",Guspini,,,,,,,,,,,
L'Ispusada B&B,Agriturismo,http://www.lispusada.com,379 135 2067,R678+F5,Sassari,,lispusada@gmail.com,https,React,No,"Cloudflare, Inc.",,,,Sì,No
B&B Monte Arana di Fernanda Puggioni,Bed & Breakfast,,346 223 3420,"Via Monte Arana, 16",Bonnanaro,,,,,,,,,,,
Bed And Breakfast Profumo di Mirto,Bed & Breakfast,http://www.profumodimirto.com,340 075 9739,"Via Enrico Fermi, 6",Arbus,,info@profumodimirto.com,http,ASP.NET,No,Aruba S.p.A. Network,,,,Sì,No
L'OLEANDRO Room's - Suite & Spa da Giuseppe - Affittacamere,Bed & Breakfast,https://www.oleandrorooms.it,328 937 8407,"via Nino Bixio, 7",Gonnosfanadiga,,info@oleandrorooms.it,https,WordPress,No,Server Plan S.r.l.,,,,Sì,No
Vermentino in Jazz,Bed & Breakfast,,335 314 137,Via del Vermentino,Berchidda,,,,,,,,,,,
B&B Ba.Lù.,Bed & Breakfast,https://www.hotelscheck-in.com/balusudsardegna/it,370 135 1490,"Via Gioacchino Rossini, 1",Guspini,,,https,WordPress,No,"Cloudflare, Inc.",,,,Sì,No
Da Anatolia,Bed & Breakfast,https://da-anatolia.amolitalia.top,328 337 3691,"Via Attilio Deffenu, 27",Thiesi,,,,React,No,Contabo GmbH,,,,Sì,No
B&b Da Silvestro,Bed & Breakfast,,328 095 3191,"Via Belluno, 53",Tempio Pausania,,,,,,,,,,,
Il Quinto Moro di Pisu Tomaso,Bed & Breakfast,http://www.ilquintomoro.it,070 975 9943,"Vico I Costituzione, 4",Arbus,,info@ilquintomoro.it,http,WordPress,No,Aruba S.p.A. Network,,,,Sì,No
Giobo Rooms,Bed & Breakfast,https://www.giobosardinia.com,329 656 2069,"Via Volta, 88",Siniscola,,jane.smith@domain.com,https,React,No,"Cloudflare, Inc.",,,,Sì,No
B&B Arbus S'apposentu,Bed & Breakfast,https://bb-arbus-sapposentu.dormireinitalia.top,345 769 6808,"Via Repubblica, 217",Arbus,,,,WordPress,No,Contabo GmbH,,,,Sì,No
B&B Aquas,Bed & Breakfast,,328 896 0714,"Via Giosuè Carducci, 25",Sardara,,,,,,,,,,,
HOTEL SOS CHELVOS,Hotel,https://hotel-sos-chelvos.italiadestinazioni.top,079 704935,"Via Umberto I, 52",Berchidda,,,,React,No,Contabo GmbH,,,,Sì,
B&B Casa La Robbia | Mandrolisai,Bed & Breakfast,https://www.larobbia.com/bb,347 006 7735,"Via S. Antonio, 6",Atzara,,,https,Shopify,Sì,Aruba S.p.A.,,,,Sì,No
Antica Potecarìa,Bed & Breakfast,https://antica-potecara.bellaitaliatrips.top,327 636 5463,"Via XX Settembre, 70, Via Peppino Mereu, 17",Tonara,,,https,React,No,Contabo GmbH,,,,Sì,No
B&B Tredomus,Bed & Breakfast,http://www.3domus.it,347 050 7772,"Via Roma, 9",Tresnuraghes,,dotnetnuke@xd.com.au,http,ASP.NET,No,Aruba S.p.A. Network,,,,Sì,No
Agriturismo Pranu Cucina Naturale,Agriturismo,https://agriturismo-pranu-cucina-naturale.comeviaggiare.top,347 000 3988,"Puddu Michele & Family, Corso Vittorio Emanuele",Sorgono,,,https,React,No,Contabo GmbH,,,,Sì,No
Hotel Ristorante Pizzeria su Pititeri,Pizzeria,http://www.supititeri.com,0785 20406,"Via Mannironi, 4",Macomer,,info@supititeri.com,https,Joomla,No,Aruba S.p.A.,,,,Sì,No
B&B Le Querce,Bed & Breakfast,,320 766 9833,"Località Serbagusa, 1",Macomer,,,,,,,,,,,
B&B Fiori di Fiori Andreina,Bed & Breakfast,,349 517 9819,"Via Giacomo Matteotti, 14",Bonorva,,,,,,,,,,,
B&B Le Fresie - Cossoine,Bed & Breakfast,,349 490 5722,"Piazza Sardegna, 6",Cossoine,,,,,,,,,,,
Le Ortensie,Bed & Breakfast,,349 841 2058,"B&Bleortensie, via, Via Giosuè Carducci, 17",Bono,,,,,,,,,,,
B&B Ferdinando' s House,Bed & Breakfast,,347 146 3581,"Via Concordia, 19/e",Pozzomaggiore,,,,,,,,,,,
Nicolhaus,Bed & Breakfast,,349 178 7087,"C/so bar Mario, Corso Cocco Ortu",Benetutti,,,,,,,,,,,
B&b sa sartoria,Bed & Breakfast,,347 074 4768,"Piazza Corte Bella, 1",Bolotana,,,,,,,,,,,
Bed and Breakfast - MATTARIGHE,Bed & Breakfast,,0785 84671,"Loc. Mattarighe, sn",Silanus,,,,,,,,,,,
Terme Aurora,Hotel,https://www.termeaurora.it,079 797013,Località San Saturnino,Benetutti,,,https,ASP.NET,No,Aruba S.p.A. Network,,,,Sì,No
B&B La Vallata,Bed & Breakfast,,335 767 1617,"Via Cesare Beccaria, 9",Ghilarza,,,,,,,,,,,
Hotel Ristorante Badde Rosa,Hotel,https://www.hotelbadderosa.com,0785 42355,Localita' Minadorzu,Bolotana,,luigilai.palai@gmail.com,https,Joomla,Sì,OVH SAS,,,,Sì,No
B&B Bonesu,Agriturismo,https://www.hotelscheck-in.com/bnbbonesucabras/it,340 743 2783,"Via Giacomo Leopardi, 85",Cabras,,,https,React,No,"Cloudflare, Inc.",,,,Sì,No
Il Cortiletto di Via Minniti,Bed & Breakfast,https://cortiletto.bedsandhotels.com,328 471 2001,"Via Mario Minniti, 5",Siracusa,,,https,React,No,Hetzner Online GmbH,,,,Sì,No
B&B Marina di Ortigia,Bed & Breakfast,http://www.marinadiortigia.com,375 731 0487,"Via Mario Gemellaro, 37",Siracusa,,,https,React,Sì,Seeweb srl,,,,Sì,No
B&B Residenza Magnolia,Bed & Breakfast,,0931 21454,"Ronco Bentivegna, 18",Siracusa,,,,,,,,,,,
Ciclamino Siracusa（仙客来华夏旅馆）,Hotel,http://www.ciclaminosiracusa.it,389 556 6886,"Via Tagliamento, 7/Scala C FLOOR A",Siracusa,,,https,Vue,No,"Amazon.com, Inc.",,,,Sì,No
Appartamento Astrea,Bed & Breakfast,https://www.bed-and-breakfast.it/it/sicilia/astrea-siracusa/5758,340 710 3903,"Via Basento, 18",Siracusa,,,https,Vue,Sì,"Amazon.com, Inc.",,,,Sì,No
Casa Cristina,Bed & Breakfast,http://www.casacristinasr.it,0931 62205,"Via Salvatore Chindemi, 8",Siracusa,,,http,ASP.NET,No,Aruba S.p.A. Network,,,,Sì,No
Bed & Breakfast Dolce Sorriso,Bed & Breakfast,https://beb.it/dolcesorriso,351 535 6026,"Viale Tica, 185",Siracusa,,,https,Typo3,No,"Amazon.com, Inc.",,,,Sì,No
Central Perk | SR,Bed & Breakfast,http://www.centralperksr.it,376 202 8700,"Via Antioco, 13",Siracusa,,info@centralperksr.it,https,React,Sì,Seeweb srl,,,,Sì,No
Agriturismo Bonu Suile,Hotel,,346 229 8862,"Località Caramarzos, 08017",Silanus,,,,,,,,,,,
B&B Roseddu,Bed & Breakfast,,346 948 4410,"Via Brigata Reggio, 6",Bitti,,,,,,,,,,,
B&B Il rifuGio Delle parole,Bed & Breakfast,https://www.ilrifugiodelleparole.com,379 197 8224,"Vico Parini, 4",Nuoro,,info@mysite.com,https,WordPress,Sì,Google LLC,,,,Sì,No
B&B Littu,Bed & Breakfast,https://www.bblittu.com/%20%20%20%20%20%20IT091017C1000E6427,342 729 6316,Loc littu,Dorgali,,bblittu@hotmail.com,https,React,No,"Cloudflare, Inc.",,,,Sì,No
Hotel Valle del Cedrino,Hotel,http://www.lavalledelcedrino.net,348 478 5704,"Strada Statale 129 Trasversale Sarda, Km 13",Galtellì,,delcedrino@gmail.com,https,WordPress,Sì,Google LLC,,,,Sì,No
Acquamarina Luxury Rooms,Bed & Breakfast,,328 927 8781,"Via Toscana, 26",Budoni,,,,,,,,,,,
B&B La Quercia,Bed & Breakfast,https://www.beblaquercia.it,328 075 6102,"Via Su Puntu, 9",Tanaunella,,sardi.graziaste@hotmail.com,https,WordPress,No,Aruba S.p.A.,,,,Sì,No
Agriturismo Irghitula,Agriturismo,https://www.agriturismoposada.it,328 035 1425,"Località Irghitula, Snc",Posada,,agriturismoirghitula@gmail.com,https,Angular,No,Aruba S.p.A. Network,,,,Sì,No
B&B Baia Turchese,Bed & Breakfast,,329 733 4739,"Via Caboto, 7",Agrustos,,,,,,,,,,,
Hotel Pedra Niedda,Hotel,http://www.hotelpedraniedda.com,0784 837164,"Via Porto Ainu, 1",Tanaunella,,booking@hotelpedraniedda.com,https,WordPress,Sì,Amazon Technologies Inc.,,,,Sì,No
Affittacamere Bellavista Posada,Hotel,http://www.affittacamerebellavistaposada.it,340 239 0455,Via Palmiro Togliatti,Posada,,affittacamerebellavistaposada@gmail.com,https,Webnode,No,Amazon Technologies Inc.,,,,Sì,No
Casa del Mare Guest House,Alloggio completo di servizi,,0785 910363,"Via Spano, 12",Bosa,,,,,,,,,,,
Sa Domo ’e Giuanne e Giuanna,Bed & Breakfast,,334 367 8900,"Viale G. Marconi, 8",Bosa,,,,,,,,,,,
Sardinian Gallery,Hotel,https://www.sardiniangallery.com,380 384 8706,"Corso Vittorio Emanuele II, 37",Bosa,,info@sardiniangallery.com,https,WordPress,No,"Cloudflare, Inc.",,,,Sì,No
La Terrazza del Sole Guest House,Hotel,,327 063 9080,"Viale della Repubblica, 2",Bosa,,,,,,,,,,,
B&B Bomarosa,Bed & Breakfast,http://www.bomarosa.it,347 615 9482,"Via Efisio Cugia, 25",Bosa,,bomarosabandb@gmail.com,http,ASP.NET,No,OVH SAS,,,,Sì,No
Park Garden Guest House,Pensione,http://www.parkgardenbosa.com,338 907 0834,"Via degli Artigiani, 3",Bosa,,parkgardenbosa@gmail.com,https,Angular,No,Google LLC,,,,Sì,No
Hotel Moderno,Hotel,https://hotel-moderno.italiacongusto.top,0784 629229,"Viale Kennedy, 6",Aritzo,,,https,WordPress,No,Ipxo LLC,,,,Sì,No
Agriturismo S'Armidda,Agriturismo,,339 658 6281,Località Bauasei,Seulo,,,,,,,,,,,
Cucina Tipica Hotel Ristorante Edera di Cadau Marianna,Ristorante,http://www.hotelederabelvi.it,0784 629898,"Via Roma, 40",Belvì,,hotelederabelvi@tiscali.it,https,WordPress,Sì,Aruba S.p.A.,,,,Sì,No
Il Timone B&B Buggerru,Bed & Breakfast,,345 836 0182,"Via Pietro Nenni, 28",Buggerru,,,,,,,,,,,
Bosa Queen House,Hotel,http://www.bosaqueenhouse.it,0785 373058,"Via del Carmine, 125",Bosa,,info@bosaqueenhouse.it,https,WordPress,No,Aruba S.p.A. Network,,,,Sì,No
S'archiotta Bed and Breakfast,Bed & Breakfast,https://www.sarchiotta.com,328 861 2950,Località San Nicolò,Buggerru,,f.degortes@gmail.com,https,WordPress,No,SEEWEB s.r.l.,,,,Sì,No
BED and BREAKFAST Domus de Janas,Bed & Breakfast,https://www.domusdejanas.org,392 384 9012,"Via Grazia Deledda, 59",Gonnesa,,info@domusdejanas.org,https,WordPress,No,Server Plan S.r.l.,,,,Sì,No
Mille Soli Bed and Breakfast,Bed & Breakfast,http://www.millesolibuggerru.com,342 050 1530,"Via Roma, 420/2",Buggerru,,,https,React,No,Google LLC,,,,Sì,No
Hotel La Rosa dei Venti by LVG Hotel Collection,Hotel,https://www.larosadeiventibuggerru.com,0781 188 8321,"Via Roma, 11",Buggerru,,info@larosadeiventibuggerru.com,https,Shopify,Sì,Netsons s.r.l.,,,,Sì,No
B&B Oasi,Bed & Breakfast,http://www.bboasi.com,348 378 4624,Via Alessandria,Bacu Abis,,,https,WordPress,No,B-Host.it Internet Services,,,,Sì,No
B&B Su Trabì,Bed & Breakfast,http://www.sutrabi.it,347 180 6373,Località Su Trabì,Fluminimaggiore,,,http,ASP.NET,No,Aruba S.p.A. Network,,,,Sì,No
Anima Sardinia,Ristorante,http://animahotel.it,377 082 0627,"LOC. Gutturu Mandara S.P. 83 33,840 km 09010 Fluminimaggiore",fluminimnaggiore,,animahotelsardinia@gmail.com,https,Shopify,No,Amazon Technologies Inc.,,,,Sì,No
Casa MADE',Bed & Breakfast,,349 242 9914,"Via Ciro Menotti, 69",Iglesias,,,,,,,,,,,
Bed and Breakfast EosRooms,Bed & Breakfast,http://www.eosrooms.com,320 618 3780,"Via Valverde, 1",Iglesias,,info@eosrooms.com,https,React,Sì,Servereasy Srl,,,,Sì,No
B&B la collina dei ciliegi.,Bed & Breakfast,http://www.bblacollinadeiciliegi.it,377 466 1962,"Vico Gonare, 4",Sarule,,info@bblacollinadeiciliegi.it,https,Joomla,No,Aruba S.p.A. Network,,,,Sì,No
L'arcobaleno,Bed & Breakfast,,342 780 0602,"Via Antonio Gramsci, 12",Valledoria,,,,,,,,,,,
B&B Janas Country House,Bed & Breakfast,,349 845 5518,Strada Statale 134 di Castel Sardo,Castelsardo,,,,,,,,,,,
B&B Domus De Janas,Bed & Breakfast,,328 232 3555,"Via Vittorio Emanuele, 72",Sedini,,,,,,,,,,,
Agriturismo Carrucana,Bed & Breakfast,https://agriturismo-carrucana.amenitiz.io/it/booking/room,349 437 8460,Strada Statale 127 Settentrionale Sarda,Laerru,,info@agriturismocarrucana.it,https,Shopify,No,"Cloudflare, Inc.",,,,Sì,No
Residenza nel borgo L'Appusentu,Bed & Breakfast,,328 705 2187,Via Regina Margherita,Castelsardo,,,,,,,,,,,
B&b La Pura Vida Castelsardo,Bed & Breakfast,http://www.bblapuravidacastelsardo.it,377 025 2318,"Via Vittorio Alfieri, 11",Castelsardo,,,https,Typo3,No,"Amazon.com, Inc.",,,,Sì,No
Hotel Tartaruga Bianca,Hotel,https://www.hotel-tartarugabianca-sardegna.it,079 584074,"Via Cristoforo Colombo, 43",Valledoria,,info@hotel-tartarugabianca-sardegna.it,https,WordPress,No,Aruba S.p.A.,,,,Sì,No
Abbaidda Hotel,Hotel,https://www.abbaiddahotel.com,079 676 5100,Via A. Diaz,La Muddizza,,,https,ASP.NET,No,Aruba S.p.A.,,,,Sì,No
Bedroom da Zio Tore - Affitti Brevi,Bed & Breakfast,,347 368 0188,Via Mattei,Ottana,,,,,,,,,,,
Guest House Andrea e Valentina,Bed & Breakfast,https://www.bnbandreaevalentina.com,349 823 9483,"Corso Josto, snc",Torre del Pozzo,,info@bnbandreaevalentina.com,https,WordPress,No,"A2 Hosting, Inc.",,,,Sì,No
Agriturismo Usurtala,Agriturismo,http://www.usurtala.com,348 859 7341,Località Usurtala,Orani,,,https,WordPress,Non trovato,OVH SAS,,,,Sì,No
Hotel Is Benas Country Lodge,Hotel,http://www.isbenaslodge.com,0783 528022,"Loc. Benetudi, Strada Mare, Ex Strada Provinciale, 10",Putzu Idu,,,https,Wix,Sì,Google LLC,,,,Sì,No
Trattoria de sos disizzos,Ristorante,,347 338 6353,"Via Antonio Gramsci, 10",Orani,,,,,,,,,,,
B&B Didova,Bed & Breakfast,,328 276 0898,"Via A. De Gasperi, 32",Gavoi,,,,,,,,,,,
B&B Palazzo Delogu,Bed & Breakfast,,348 744 6136,"Via Mazzini, 4",Osidda,,,,,,,,,,,
B&B La Quercia IUN E4444,Bed & Breakfast,,328 703 0631,"Via dei Gerani, 14",Villaggio delle Mimose,,,,,,,,,,,
b&b Il Veliero,Bed & Breakfast,https://www.bbilveliero.it,340 231 0803,"Via P.S. Mattarella, 29 - 31",Maracalagonis,,,https,Typo3,No,"Amazon.com, Inc.",,,,Sì,No
A Casa di Zia,Bed & Breakfast,,375 602 4124,"Via Giosuè Carducci, 14",Oschiri,,,,,,,,,,,
Old Rooms,Bed & Breakfast,,340 128 3101,"Via Sicilia, 37",Quartu Sant'Elena,,,,,,,,,,,
B&B Villa Teresa,Bed & Breakfast,https://www.bebvillateresa.it,340 409 5167,"Viale Italia, 30",Oschiri,,villateresa2024@gmail.com,https,WordPress,Sì,Server Plan S.r.l.,,,,Sì,No
Hotel Ristorante su Lithu,Hotel,http://www.sulithu.it,0784 413012,Strada Statale 389 di Buddusò e del Correboi,Bitti,,info@sulithu.it,https,WordPress,No,Aruba S.p.A.,,,,Sì,No
MARE VACANZE B&B,Bed & Breakfast,,344 591 8793,"Via Genova, 23",Quartu Sant'Elena,,,,,,,,,,,
La Pirata Capitana,Bed & Breakfast,http://www.lapiratacapitana.it,389 604 4165,"Via delle Fresie, 2 A",Quartu Sant'Elena,,,https,WordPress,No,Aruba S.p.A. Network,,,,Sì,No
Bnb le Janas,Bed & Breakfast,,351 137 1462,Via Mariano IV D'Arborea,Cabras,,,,,,,,,,,
Maddrigga di Luna,Bed & Breakfast,https://www.maddriggadiluna.it,340 677 6705,"Via Rosselli, 23",Selargius,,,https,Shopify,No,Aruba S.p.A. Network,,,,Sì,No
Bed and Breakfast Fiori e Limoni,Bed & Breakfast,http://www.bbfiorielimoni.it,349 847 4587,"Via Quartu, 79",Quartucciu,,bbfiorielimoni@gmail.com,http,ASP.NET,No,Aruba S.p.A. Network,,,,Sì,No
Sustai,Bed & Breakfast,http://www.sustai.it,371 134 2111,"Via Firenze, 5",Cabras,,,https,WordPress,No,"Amazon.com, Inc.",,,,Sì,No
B&B La Perla Bianca via Sicilia 14 Cabras,Bed & Breakfast,,379 143 1999,"Via Sicilia, 14",Cabras,,,,,,,,,,,
B&B Su Pottai,Bed & Breakfast,http://www.bbsupottai.it,0783 031037,"Via Giuseppe Garibaldi, 37",Cabras,,bbsupottai@gmail.com,http,WordPress,No,Aruba S.p.A.,,,,Sì,No
Lo scrigno b&b,Bed & Breakfast,,349 430 6662,"Via Tiziano, 15",Cabras,,,,,,,,,,,
Residence Sa Pintadera,Bed & Breakfast,https://www.sapintadera.it,340 775 1781,"Via Leonardo Da Vinci, 33",Cabras,,,https,WordPress,Sì,One.com A/S,,,,Sì,No
B&B Meladormo,Bed & Breakfast,,349 665 7139,Località Lu Curosu,Tempio Pausania,,,,,,,,,,,
Li Manni,Locanda,http://www.limanni.it,079 620160,"Via Pasquale Paoli, 10",Aggius,,info@limanni.it,https,WordPress,Sì,Aruba S.p.A.,,,,Sì,No
B&B Dell' Abbaddu,Alloggio turistico,https://www.hotelsitaloweb.com/bb-dell-abbaddu,348 846 7128,"Via Abbadu, 13",Sassari,,,https,WordPress,No,"Cloudflare, Inc.",,,,Sì,No
B&B casetta al mare,Bed & Breakfast,https://www.bebcasettaalmare.com,351 718 8669,"Lungomare Dettori, 23",Isola Rossa,,bbcasettaalmare@gmail.com,https,Joomla,No,Aruba S.p.A.,,,,Sì,No
Morfeo Bed and Breakfast,Bed & Breakfast,https://www.morfeobedandbreakfast.com,333 211 1542,"Viale Pasquale Stanislao Mancini, 17",Sassari,,morfeo.bnb@gmail.com,https,WordPress,No,"Cloudflare, Inc.",,,,Sì,No
Casa Ariston,Hotel,https://casaariston.com/it_it,349 308 0641,"Viale Trento, 5",Sassari,,,https,WordPress,No,"Cloudflare, Inc.",,,,Sì,No
Cagliari d'Amare,Hotel,,070 757 6144,"Via Roma, 167",Cagliari,,,,,,,,,,,
B&B La Perla Bianca,Bed & Breakfast,http://www.bblaperlabianca.it,340 683 5873,"Via Salvo D'Acquisto, 10",Li Punti,,mic_pintus@hotmail.it,https,Shopify,No,"Cloudflare, Inc.",,,,Sì,No
Domus Karalis,Bed & Breakfast,http://www.domuskaralis.com,340 747 5198,"Via Giuseppe Garibaldi, 61",Cagliari,,,https,WordPress,No,Netsons Network,,,,Sì,No
Kalbia Apartment,Bed & Breakfast,,327 627 1134,"Via Robert Koch, 12",Cagliari,,,,,,,,,,,
B&B Domus Regis,Bed & Breakfast,,349 125 5810,"Via Enrico Gianturco, 13",Cagliari,,,,,,,,,,,
Approdo Rooms - Eja Sardinia,Hotel,http://www.ejasardinia.it,392 469 9697,"Via Giuseppe Manno, 51",Cagliari,,info@ejasardinia.it,https,React,Sì,Server Plan S.r.l.,,,,Sì,No
Affittacamere Da Laura,Bed & Breakfast,,393 074 5004,"Via Dalmazia, 27",Cagliari,,,,,,,,,,,
Les Suite Royales,Bed & Breakfast,https://www.lessuiteroyales.com,393 773 6582,"Piazza d'Italia, 28",Sassari,,info@lessuiteroyales.com,http,WordPress,Sì,Aruba S.p.A,,,,Sì,No
BluLassù Rooms & Apartments,Hotel,https://www.blulassu.com,380 181 7506,"Via Pola, 16",Cagliari,,,https,WordPress,Sì,Aruba S.p.A.,,,,Sì,No
Le Dimore del Sole,Bed & Breakfast,,340 603 8484,"Viale Poetto, 32",Cagliari,,,,,,,,,,,
Arcobaleno Rooms,Bed & Breakfast,http://www.arcobalenorooms.it,070 684 8325,"Via Sardegna, 38",Cagliari,,info@arcobalenorooms.it,https,WordPress,No,Keliweb S.R.L,,,,Sì,No
Bed and Breakfast Cuore di Gallura,Bed & Breakfast,http://www.bbcuoredigallura.it,349 091 5347,"Località Milizzana, 29",Tempio Pausania,,,https,React,Sì,Aruba S.p.A. Network,,,,Sì,No
B&B Country House,Bed & Breakfast,,339 176 5296,Localita piscina sa Teula,Capoterra,,,,,,,,,,,
Bed and breakfast SU PRESCIU,Bed & Breakfast,,347 245 7715,"Via Armando Diaz, 25",Capoterra,,,,,,,,,,,
Bed and Breakfast Villa Rosanna,Hotel,https://sites.google.com/view/hotel-villa-rosanna-capoterra/home,346 408 0733,Località torre degli ulivi settore b.100,Capoterra,,,https,Angular,No,Google LLC,,,,Sì,No
S'Imbragu B&B,Bed & Breakfast,,389 457 6630,"Via S. Barbara, 13",Capoterra,,,,,,,,,,,
Bed and breakfast da nuccia,Bed & Breakfast,https://bb-da-nuccia-villasimius.amenitiz.io/it,392 568 0035,"Via Michelangelo, 41",Villasimius,,benibenius2020@gmail.com,https,WordPress,No,"Cloudflare, Inc.",,,,Sì,No
B&B Casa Delfina,Bed & Breakfast,,340 393 9290,"Via Trento, 45",Capoterra,,,,,,,,,,,
Monte Gruttas,Bed & Breakfast,http://www.montegruttas.com,070 994 9145,Loc,Monte Gruttas,,info@montegruttas.com,http,Angular,No,Aruba S.p.A.,,,,Sì,No
B&B Soleluna,Bed & Breakfast,http://www.solelunacastiadas.it,320 782 2529,"Via Pranu Sitò, 35",Castiadas,,info@solelunacastiadas.it,https,WordPress,No,Aruba S.p.A.,,,,Sì,No
B&B Casale Diletta,Bed & Breakfast,http://www.casalediletta.it,338 199 1528,Via Masone Pardu,Castiadas,,,http,ASP.NET,No,Aruba S.p.A. Network,,,,Sì,No
B&B I Graniti Sardi,Bed & Breakfast,http://www.bedandbreakfastigraniti.com,339 845 8802,"Viale dei Carrubi, 10",Villasimius,,info.igranitibb@tiscali.it,https,ASP.NET,No,Aruba S.p.A. Network,,,,Sì,No
Nina B&B,Bed & Breakfast,,320 751 5258,"Via Sebastiano Satta, 65",Carbonia,,,,,,,,,,,
Affittacamere Rosanna,Bed & Breakfast,,349 640 9384,"113 09040, Località",Masone Pardu,,,,,,,,,,,
Lu' Hotel - Carbonia,Hotel,http://www.luhotel.it,0781 665020,"Via Costituente, snc",Carbonia,,info@luhotel.it,https,React,Sì,"Cloudflare, Inc.",,,,Sì,No
Affittacamere Calabisso,Bed & Breakfast,http://www.calabisso.it,340 505 0136,"Via Savoia, 19",Calasetta,,,https,WordPress,Sì,Aruba S.p.A.,,,,Sì,No
Casa vacanza Asfodelo,Bed & Breakfast,,328 463 6404,"Via N. Sauro, 74",Calasetta,,,,,,,,,,,
Hotel Luci del Faro,Hotel,https://www.hotelucidelfaro.com,0781 810089,Località Spiaggia Grande,Calasetta,,booking@hotelucidelfaro.com,https,WordPress,Sì,Amazon Technologies Inc.,,,,Sì,No
B&B Four Seasons,Bed & Breakfast,,334 301 2434,"Via Str. Vecchia, 63",Calasetta,,,,,,,,,,,
B&b Paolo e Daniela,Bed & Breakfast,https://www.hotelscheck-in.com/b-amp-b-paolo-e-daniela-carbonia-italy/it,338 757 2408,"Via Sebastiano Satta, 1021",Carbonia,,,https,WordPress,No,"Cloudflare, Inc.",,,,Sì,No
B&B Ca' Margò,Bed & Breakfast,https://ca-margo-bb.bellaitaliatrips.top,351 980 5571,"Piazza Villanova, 34",Calasetta,,,https,React,No,Contabo GmbH,,,,Sì,No
B&B Villa Acquamarina,Bed & Breakfast,http://www.villacquamarina.it,349 701 2383,"Via Bonifacio, 11",Calasetta,,info.villa.acquamarina@gmail.com,https,Nicepage,No,Aruba S.p.A. Network,,,,Sì,No
Bed and Breakfast Dolly,Pensione,http://www.tuttosantantioco.it/pubblicita/Dolly/index.htm,348 462 9428,"Via della Rinascita, 26",Sant'Antioco,,,https,ASP.NET,No,Aruba S.p.A. Network,,,,Sì,No
MaVi Mare,Bed & Breakfast,https://www.mavimarecalasetta.it,328 056 9729,"Via della Costiera, 39",Calasetta,,,https,WordPress,No,Aruba S.p.A.,,,,Sì,No
Perdepera Resort,Hotel,http://www.perdeperaresort.it,0782 24081,Località Perd'e Pera,Cardedu,,info@perdeperaresort.it,https,React,Sì,"Cloudflare, Inc.",,,,Sì,No
Maestrale,Bed & Breakfast,,331 810 6539,"Via Roma, 110",Tertenia,,,,,,,,,,,
B&B Cardedu,Bed & Breakfast,http://bbcardedu.org,350 092 3284,"Via Amsicora, 11",Cardedu,,,https,Angular,No,"Automattic, Inc",,,,Sì,No
Naturhotel Tanca,Hotel,http://www.naturhoteltanca.com,388 775 6437,Loc Su Scusorgiu,Cardedu,,info@naturhoteltanca.com,https,React,No,Server Plan S.r.l.,,,,Sì,No
B&B Al Vecchio Casale,Bed & Breakfast,,347 054 6836,Loc. Perdupili,Cardedu,,,,,,,,,,,
B&B Villa Marina,Bed & Breakfast,,340 092 5806,"Via G. M. Angioy, 7",Cardedu,,,,,,,,,,,
B&B Anninnìa,Hotel,,339 245 4387,"Via Trento, 1",Castelsardo,,,,,,,,,,,
MaLuNa Affittacamere,Hotel,,339 128 0814,"Via Roma, 104",Castelsardo,,,,,,,,,,,
The sisters B&B Castelsardo,Bed & Breakfast,https://www.bbcastelsardo.com,349 398 0966,"Via Amerigo Vespucci, 6",Castelsardo,,info@bbthesisters.com,https,WordPress,No,Serverplan s.r.l.,,,,Sì,No
Hotel Meli 3 Stelle | Fronte mare Castelsardo,Hotel,https://melihotel.it,079 479097,"Via, Lungomare Anglona, 15",Castelsardo,,info@melihotel.it,https,Angular,No,Aruba S.p.A.,,,,Sì,No
B&B L'alba Nel Golfo,Bed & Breakfast,,329 838 2871,"Via Malta, 6",Castelsardo,,,,,,,,,,,
B&B La Colbula,Bed & Breakfast,,347 973 6414,"Via Giovanni Pascoli, 5",Castelsardo,,,,,,,,,,,
Le Saline Suites,Hotel,https://carlofortesuites.kross.travel,379 202 0187,"Via Berlinguer, 12",Carloforte,,,https,WordPress,No,"Cloudflare, Inc.",,,,Sì,No
Lu' Hotel Carloforte,Hotel,http://www.hotelriviera-carloforte.com,0781 853234,"Corso Battellieri, 26",Carloforte,,info@hotelriviera-carloforte.com,https,React,Sì,"Cloudflare, Inc.",,,,Sì,No
Diaspro B&B Diaspru,Bed & Breakfast,http://www.carlofortebedandbreakfast.it/bb-diaspro,333 740 3583,"Via Garibaldi, 71",Carloforte,,info@carlofortebedandbreakfast.it,https,WordPress,No,Aruba S.p.A. Network,,,,Sì,No
Ristorante 1° Maggio hotel paola,Ristorante,https://www.hotelpaolacarloforte.it/ristorante-1-maggio,0781 850098,"strada Punta, km 2",Tonnare,,,https,WordPress,No,Aruba S.p.A.,,,,Sì,No
B&B Il Ghiro,Bed & Breakfast,http://www.carlofortebedandbreakfast.it,338 205 0553,"P.za Repubblica, 7",Carloforte,,,https,WordPress,No,Aruba S.p.A. Network,,,,Sì,No
Bed and breakfast Sas Damas,Residence,,340 324 6420,Loc. Sas Damas,Chiaramonti,,,,,,,,,,,
Agriturismo Spinalva,Agriturismo,http://www.agriturismospinalva.com,344 237 7141,"Loc. Spinalva s.s. sassari tempio, n. 672 km. 22",Martis,,agriturismo.spinalva@live.it,https,React,Sì,OVH SAS,,,,Sì,No
Hotel Villa Pimpina,Hotel,https://www.villapimpina.it,0781 854180,"Via Genova, 106/108",Carloforte,,,https,React,Sì,OVH SAS,,,,Sì,No
I Cappuccini B&B,Bed & Breakfast,https://sites.google.com/view/icappuccini/home,351 307 8338,"Via Cappuccini, 1/3",Sorso,,bebicappuccini@gmail.com,https,Angular,No,Google LLC,,,,Sì,No
B&B LUGHERA,Bed & Breakfast,,342 555 2086,"Via S. Sebastiano, 5",Tula,,,,,,,,,,,
Royal Suite,Bed & Breakfast,https://royalesuite.wordpress.com,392 351 4393,"Via Aldo Moro, 6",Tissi,,,https,WordPress,No,"Automattic, Inc",,,,Sì,No
Antica Casa Liori,Bed & Breakfast,http://www.anticacasaliori.it,348 434 5029,"Via Trieste, 17",Dolianova,,,https,React,No,Google LLC,,,,Sì,No
B&B Laura,Bed & Breakfast,https://dante-alighieri.donhotel.net,342 876 1787,"Viale Dante Alighieri, 17",Dolianova,,,https,React,No,"Cloudflare, Inc.",,,,Sì,No
BB Doliahouse,Bed & Breakfast,https://www.bbdoliahouse.it,338 855 7873,"Via C. Battisti, 26",Dolianova,,bbdoliahouse@gmail.com,https,WordPress,Sì,Aruba S.p.A.,,,,Sì,No
Bed&Breakfast Il Castello,Bed & Breakfast,http://www.bbilcastello.com,320 301 8097,P.za del Rosario,Sassari,,,https,Joomla,No,Aruba S.p.A.,,,,Sì,No
Casamureddu,Alloggio turistico,http://www.casamureddu.it,070 749146,"Via Sant’Anna, 3",Soleminis,,,http,ASP.NET,No,Aruba S.p.A. Network,,,,Sì,No
La Casetta Colorata,Bed & Breakfast,,331 814 1512,"Via Don Giovanni Minzoni, 38",Dolianova,,,,,,,,,,,
Funtana Noa,Hotel,http://www.hotelfuntananoa.it,070 933 1020,"Via Vittorio Emanuele III, 66",Villanovaforru,,booking@hotelfuntananoa.it,https,WordPress,Sì,Amazon Technologies Inc.,,,,Sì,No
B&B Ottoulivi,Bed & Breakfast,https://bb-ottoulivi.italiapaesaggiviaggi.top,392 172 1497,"Via Vienna, 16",Sardara,,,https,WordPress,No,Ipxo LLC,,,,Sì,No
B&B Vicolo VI,Bed & Breakfast,,340 121 6289,"Vico VI di, Via Fontana Nuova, 3",Sardara,,,,,,,,,,,
B&B Sa Rocca,Bed & Breakfast,,0785 39639,"Piazza Cubeddu, 11",Cuglieri,,,,,,,,,,,
Piccolo Feudo,Hotel,https://www.piccolofeudo.it,070 733 5400,"Vico Umberto I, 42",Sanluri,,booking@piccolofeudo.it,,ASP.NET,Sì,Aruba S.p.A,,,,Sì,No
Guesthouse di Giuseppe,Cottage,http://www.bnbbosa.com,327 717 3761,"Via Montenegro, 81A",Bosa,,contact@bnbbosa.com,http,WordPress,No,manitu GmbH,,,,Sì,No
Don Pedro 53,Bed & Breakfast,http://www.donpedro53.com,320 714 6593,"Via G. Manno, 4",Tresnuraghes,,,https,Weebly,No,"Amazon.com, Inc.",,,,Sì,No
La Corte degli Ulivi | Albergo Rurale,Hotel,https://www.lacortedegliulivi.it,393 872 4450,Localita' Puntone,Tresnuraghes,,info@lacortedegliulivi.it,https,React,No,Aruba S.p.A.,,,,Sì,No
B&B Mariella,Bed & Breakfast,,345 720 2425,"Via U. la Malfa, 25",Decimoputzu,,,,,,,,,,,
Villa Petrarca,Bed & Breakfast,,334 545 9731,"Via Petrarca, 15",Siliqua,,,,,,,,,,,
B&B Del Viale,Bed & Breakfast,http://www.delviale.com,328 724 2187,"Viale Della Libertà, 1",Bacu Abis,,,https,WordPress,No,B-Host.it Internet Services,,,,Sì,No
La Panoramica B&B,Bed & Breakfast,,348 390 1022,"Via Pineta, 138",Villacidro,,,,,,,,,,,
Agriturismo Su Niu di Jan D'hallewin,Agriturismo,,347 701 4250,Località Pughedda,Uta,,,,,,,,,,,
Quinto Tronco Affittacamere,Bed & Breakfast,,347 034 2573,"Piazza Vecchia Stazione, Via Giordano Bruno",Elini,,,,,,,,,,,
B&B Ramses,Bed & Breakfast,https://bb-ramses.hotelperiviaggi.top,349 265 5542,"Via Stazione, 124/primo piano",Uta,,,https,React,No,Contabo GmbH,,,,Sì,No
Domo San Leone,Bed & Breakfast,,379 197 3735,"Via S. Leone, 27",Uta,,,,,,,,,,,
Vista d'Ogliastra,Bed & Breakfast,,327 140 8240,"Via Nazionale, 11",Gairo Sant'Elena,,,,,,,,,,,
Albergo Ristorante La Nuova,Hotel,,347 705 7310,"Via Lamarmora, 45",Desulo,,,,,,,,,,,
Amistade B&B,Bed & Breakfast,,349 612 4673,"Via Ospitone, 7",Seulo,,,,,,,,,,,
B&B Affittacamere Karama,Bed & Breakfast,https://www.affittacamerekarama.com,348 841 1274,"Corso Umberto I, 23",Dorgali,,info@affittacamerekarama.com,https,WordPress,No,Aruba S.p.A. Network,,,,Sì,No
B&B Dorgali,Bed & Breakfast,https://dorgali.donhotel.net,333 276 4085,Via Molise,Dorgali,,,https,Shopify,No,"Cloudflare, Inc.",,,,Sì,No
Bed and Breakfast Goritto,Bed & Breakfast,http://www.bedandbreakfastgoritto.com,348 743 9797,"Via De Gasperi, 30",Dorgali,,info@bedandbreakfastgoritto.com,https,React,No,Aruba S.p.A. Network,,,,Sì,No
S'Erbei Niedda Guesthouse,Bed & Breakfast,https://serbeiniedda.com,340 805 9196,"Via Amsicora, 4",Seulo,,serbeiniedda@gmail.com,https,Canva Websites,No,"Cloudflare London, LLC",,,,Sì,No
Grazia Deledda,Bed & Breakfast,,347 087 7089,"Via Nazionale, 233",Galtellì,,,,,,,,,,,
Il Roseto Affitti Brevi,Bed & Breakfast,,328 392 7387,"Via Campidano, 20",Assemini,,,,,,,,,,,
B&B CITY BAR Uta,Bed & Breakfast,,348 751 6907,"Vico I IV Novembre, 4",Uta,,,,,,,,,,,
Palazzo Cherchi,Bed & Breakfast,https://www.palazzocherchi.it,377 591 6262,"Via Roma, 49",Dorgali,,booking@palazzocherchi.it,https,WordPress,Sì,Amazon Technologies Inc.,,,,Sì,No
Bed and Breakfast Da Rosy Cagliari,Bed & Breakfast,,342 390 8653,"Via Vittorio Emanuele, 38",Decimomannu,,,,,,,,,,,
B&B da Zietto - Affittacamere Dorgali,Bed & Breakfast,https://www.bedandbreakfastdazietto.com,342 560 2183,"Via La Marmora, 180",Dorgali,,info@bedandbreakfastdazietto.com,https,WordPress,No,Aruba S.p.A. Network,,,,Sì,No
TerraDome,Hotel,https://sites.google.com/view/terradome-uta,338 725 1569,"Via Santa Maria, 23",Uta,,,https,Angular,No,Google LLC,,,,Sì,No
AdagioStay,Bed & Breakfast,https://beb.it/adagiorooms/it,334 247 3745,"Via S. Maria Navarrese, 12",Elmas,,,https,Shopify,No,"Amazon.com, Inc.",,,,Sì,No
Sa domu de sa Contissa,Bed & Breakfast,http://www.sadomudesacontissa.com,333 489 8301,"Vico I Conte Cao, 5",Selegas,,sadomudesacontissa@gmail.com,https,WordPress,No,Aruba S.p.A.,,,,Sì,No
B&B Il Borgo Delle Emozioni,Bed & Breakfast,,392 841 5570,"Via Trieste, 14",Dolianova,,,,,,,,,,,
La Villetta,Bed & Breakfast,http://www.bbpula.com,340 590 3179,"Strada dei Pianeti, 50",Fox E Sali-monte Agumu,,beb.sardegna@gmail.com,https,WordPress,No,Server Plan S.r.l.,,,,Sì,No
B&B Rio Launaxi Teulada,Bed & Breakfast,http://www.riolaunaxiteulada.it,327 589 6613,"Via Tuveri, 26 A",Teulada,,riolaunaxiteulada@libero.it,https,WordPress,No,Aruba S.p.A. Network,,,,Sì,No
Bed and Breakfast Sogno di Mare,Hotel,http://www.sognodimare.it,392 701 7344,Lottizzazione S'olivariu de su baroni,Pula,,info@sognodimare.it,https,WordPress,No,Contabo GmbH,,,,Sì,No
B&B L'Onda Blu,Bed & Breakfast,https://hotelscheck-in.com/londablu/it,340 929 5410,"Via Provinciale, 26",Domus De Maria,,,https,WordPress,No,"Cloudflare, Inc.",,,,Sì,No
LeCalleBed-Breakfast,Bed & Breakfast,http://www.lecallebed-breakfast.it,349 054 5819,"Chia-Domusdemaria IT, Via Giovanni Pascoli, 25",Loc,,info@lecallebed-breakfast.it,,Shopify,No,Aruba S.p.A.,,,,Sì,No
Giglio di Chia,Bed & Breakfast,https://gigliodichia.it,347 727 7115,"vico secondo Dante, 1",Domus de Maria,,ismolashotel@ismolas.it,https,WordPress,Sì,Hetzner Online GmbH,,,,Sì,No
La Rosa dei Venti B&B,Bed & Breakfast,https://chialarosadeiventi.it,347 703 1646,"Viale Chia, 52",Chia,,ignazia.fadda@tim.it,http,WordPress,Sì,Hetzner Online GmbH,,,,Sì,No
Next Rest B&B,Bed & Breakfast,,391 739 0151,"Via Lorenzo De Medici, 27",Selargius,,,,,,,,,,,
A un passo da...B&B,Bed & Breakfast,,392 169 4734,"Via Sulcitana, 88E",Elmas,,,,,,,,,,,
Resort natura e relax,Bed & Breakfast,https://www.hotelitaliaweb.com/resort-natura-relax,393 991 5787,"Ex ss 131 km 7, 500",Sestu,,,https,Shopify,No,"Cloudflare, Inc.",,,,Sì,No
Sorres Home & Relax,Bed & Breakfast,,348 526 4496,"Via Umberto, 24",Codrongianos,,,,,,,,,,,
B&B Colori di Chia,Hotel,https://www.icoloridichia.it,347 450 5427,"Via Giovanni Pascoli, 16",Chia,,,,WordPress,Sì,Contabo GmbH,,,,Sì,No
B&B Le Tre Civette,Bed & Breakfast,,339 673 4995,"Via G. Perantoni Satta, 14",Sassari,,,,,,,,,,,
Borgo Lu Puleu,Hotel,http://www.borgolupuleu.it,331 251 5282,Loc. Su Puleu,Perfugas,,borgolupuleu@libero.it,https,Shopify,Sì,Netsons s.r.l.,,,,Sì,No
Agriturismo Pentuma,Agriturismo,https://www.agriturismopentuma.it,339 113 7727,Localita' Biliu,Chiaramonti,,,https,React,No,Google LLC,,,,Sì,No
Anacleto BnB,Bed & Breakfast,http://www.anacletobnb.com,331 962 7303,"Località Bulbuseddu, 162A",Luogosanto,,info@anacletobnb.com,https,WordPress,No,IT.Gate S.p.A.,,,,Sì,No
Antas b&b Orroli,Bed & Breakfast,,328 875 0751,"Vico II Giuseppe Mazzini, 4",Orroli,,,,,,,,,,,
B&B Belvedere,Bed & Breakfast,,339 342 7139,"Via Belvedere, 1",Perdasdefogu,,,,,,,,,,,
Signorida b&b,Bed & Breakfast,,327 445 9635,"Via 4 Novembre, 20",Perdasdefogu,,,,,,,,,,,
Bed & Breakfast Balloi Cecilia,Bed & Breakfast,,070 982158,"Via Roma, 15",Goni,,,,,,,,,,,
Sa Pardina,Bed & Breakfast,http://www.sapardina.it,340 596 5663,"Via E. D'Arborea, 41",Orroli,,informazioni@sapardina.it,https,ASP.NET,No,Aruba S.p.A.,,,,Sì,No
Monti e Mare BB,Bed & Breakfast,,348 554 6461,"Via Antonio Gramsci, 6",Lanusei,,,,,,,,,,,
Le Case del Folletto,Bed & Breakfast,http://www.lecasedelfolletto.it,347 709 9150,"Via Roma, 10",Sadali,,daniela@lecasedelfolletto.it,https,Joomla,No,SEEWEB s.r.l.,,,,Sì,No
B&B Gennarcu,Bed & Breakfast,http://www.gennarcu.it,328 086 6786,"Via Nazionale, 92",Ussassai,,info@gennarcu.it,http,WordPress,No,Aruba S.p.A. Network,,,,Sì,No
Bungalows CORONAS,Bed & Breakfast,,392 208 2579,Località Coronas,Bonorva,,,,,,,,,,,
B&B Il giardino degli aranci,Bed & Breakfast,https://beb.it/giardinomodolo,347 482 7864,"Via Roma, 46",Modolo,,,https,React,No,"Amazon.com, Inc.",,,,Sì,No
B&B Ammentos,Alloggio completo di servizi,,328 538 4357,"Via Vittorio Emanuele, 39",Magomadas,,,,,,,,,,,
Abba Mala Green Village,Parco vacanze,http://www.abbamala.it,0785 375565,località Abba Mala,Bosa,,abbamala@tiscali.it,https,ASP.NET,Sì,Aruba S.p.A. Network,,,,Sì,No
Hotel Maison Tresnuraghes,Hotel,http://www.maisontresnuraghes.com,0785 35566,"Via Cagliari, 5",Tresnuraghes,,booking@maisontresnuraghes.com,https,ASP.NET,Sì,Amazon Technologies Inc.,,,,Sì,No
B&B Gennargentu,Bed & Breakfast,https://sites.google.com/view/byb-gennargentu/inicio,340 294 3599,"Viale del Lavoro, 131",Fonni,,,https,Angular,No,Google LLC,,,,Sì,No
Inno’e bistrot b&b,Bed & Breakfast,,348 060 7815,"Corso Carlo Alberto, 2",Fonni,,,,,,,,,,,
Pizzeria 88- Affittacamere,Pizzeria,,0784 58543,"Via Bruncuspina, 4",Fonni,,,,,,,,,,,
B&b Domus De Janas Fonni,Bed & Breakfast,,345 782 2398,SS389 dir/B,Fonni,,,,,,,,,,,
Hotel Cualbu,Hotel,http://www.hotelcualbu.com,0784 57054,"Viale del Lavoro, 19",Fonni,,info@hotelcualbu.com,https,WordPress,Sì,Amazon Technologies Inc.,,,,Sì,No
B&B L Agrifoglio di Rita Loddo,Bed & Breakfast,https://www.bbfonni.com,340 249 7662,"Via V.Gioberti, 18",Fonni,,lagrifogliodiritaloddo@gmail.com,https,Joomla,No,Aruba S.p.A.,,,,Sì,No
Locanda 130,Bed & Breakfast,,346 673 8858,"Via G. Deledda, 130",Fonni,,,,,,,,,,,
Agriturismo Muggiana,Agriturismo,http://www.agriturismomuggiana.it,0784 57579,Strada Provinciale Le Fonni Desulo,Fonni,,,https,Drupal,No,Aruba S.p.A.,,,,Sì,No
B&B L'Asfodelo,Bed & Breakfast,,371 492 3612,"Via Antas, 40",Fluminimaggiore,,,,,,,,,,,
Agriturismo Perdaba,Agriturismo,,346 231 9868,"Vicolo III Vittorio Emanuele, 15",Fluminimaggiore,,,,,,,,,,,
B&B La Genuina,Bed & Breakfast,,328 621 3907,"Via G.Mazzini, 29",Guspini,,,,,,,,,,,
Agriturismo Antichi Sapori da Speranza,Agriturismo,https://www.agriturismodasperanza.com,0784 52021,"Via Cagliari, 168",Gavoi,,saporiantichi@tiscali.it,https,WordPress,Sì,Aruba S.p.A. Network,,,,Sì,No
Osini Ecciu Home,Bed & Breakfast,,345 439 2603,SP11,Osini,,,,,,,,,,,
centro di turismo equestre Shangrila',Bed & Breakfast,http://www.bebshangrila.com,340 334 9570,"Loc, Via San Giovanni, snc",Fluminimaggiore,,,https,Wix,Sì,Google LLC,,,,Sì,No
Da Riccardo,Bed & Breakfast,,329 952 7237,"Via Umberto I', 229",Jerzu,,,,,,,,,,,
B&B Gairu Nou,Bed & Breakfast,https://bb-gairu-nou.italiabella.top,320 701 9538,"Via Vittorio Emanuele, 62",Gairo Sant'Elena,,,https,WordPress,No,Contabo GmbH,,,,Sì,No
Le Petunie,Bed & Breakfast,http://www.lepetunie.it,339 173 0333,"Via Cagliari, 91",Bari Sardo,,,http,WordPress,No,OVH SAS,,,,Sì,No
Hotel Dei Tacchi,Hotel,https://hoteldeitacchi.net,377 089 1705,"Vico III' Dante, 7",Osini,,,https,React,Sì,Hetzner Online GmbH,,,,Sì,No
B&B A Sa Posada di Ibba Lorella,Bed & Breakfast,https://bb-a-sa-posada-di-ibba-lorella.italiabella.top,328 613 8540,"Viale Repubblica, 121",Gavoi,,,https,React,No,Contabo GmbH,,,,Sì,No
bed and breakfast il portico orgosolo,Bed & Breakfast,,338 468 4385,Via Giovanni XXIII,Orgosolo,,,,,,,,,,,
La ManSarda B&B,Bed & Breakfast,http://www.la-man-sarda.it,349 736 9547,"Via Camillo Benso Conte di Cavour, 3",Gavoi,,,https,React,No,"Cloudflare, Inc.",,,,Sì,No
La Plaza Affittacamere Ollolai,Bed & Breakfast,http://laplazaaffittacamereollolai.it,338 703 4270,"Piazza Guglielmo Marconi, 4",Ollolai,,laplazaollolai@gmail.com,https,WordPress,Sì,TransIP BV,,,,Sì,No
Canne al Vento,Bed & Breakfast,,351 551 5581,"Via Nazionale, 239",Galtellì,,,,,,,,,,,
Domo Incantos,Hotel,http://sardegnaincantos.com,0784 167 0086,"Via Nazionale, 71",Galtellì,,info@sardegnaincantos.com,https,Shopify,No,Amazon Technologies Inc.,,,,Sì,No
Casa Saba,Bed & Breakfast,http://www.bbcasasaba.it,349 574 4945,"Via Eleonora D'Arborea, 9/14",Orosei,,,https,Vue,No,"Amazon.com, Inc.",,,,Sì,No
B & B l'antica locanda .,Bed & Breakfast,http://www.anticalocandadigesturi.it,351 500 9891,"Via Nazionale, 33",Gesturi,,anticalocandadigesturi@gmail.com,https,Joomla,No,Aruba S.p.A. Network,,,,Sì,No
Perd'e fogu,Bed & Breakfast,,392 846 3279,"Via Galliano, 14",Domusnovas,,,,,,,,,,,
Biora Hospitality,Bed & Breakfast,http://biorabnb.com,351 740 7137,"Via Umberto I, 22",Serri,,biorabnb@gmail.com,https,WordPress,No,WHG Hosting Services Ltd,,,,Sì,No
Le Calle,Bed & Breakfast,,371 127 3337,"Regione Martiadas, snc",Iglesias,,,,,,,,,,,
B&B Le Casette Isili,Bed & Breakfast,https://bnblecasetteisili.wixsite.com/bnblecasette,328 311 2504,"Via Umberto I', n°69",Isili,,,https,Wix,No,Google LLC,,,,Sì,No
IL GIRASOLE,Bed & Breakfast,,347 538 7827,"Via delle Palme, 1",Iglesias,,,,,,,,,,,
Il Terrazzino GuestHouse Iglesias,Bed & Breakfast,,388 830 7357,"Via Cagliari, 26",Iglesias,,,,,,,,,,,
Sa Domu de Ladiri B&B,Bed & Breakfast,,340 555 6343,"Via V. Emanuele, 7",Musei,,,,,,,,,,,
B&B Su Maimoni,Bed & Breakfast,http://www.bbsumaimoni.it,339 787 4203,"Via Martini, 8",Iglesias,,,http,ASP.NET,No,Aruba S.p.A. Network,,,,Sì,No
Aurora Paba,Bed & Breakfast,,329 554 3478,"Via Margherita, 16",Aritzo,,,,,,,,,,,
Bed & Breakfast Murales,Bed & Breakfast,,340 484 9960,"Via Azuni, 40",Villamar,,,,,,,,,,,
B&B Belli come il sole,Bed & Breakfast,,338 881 4321,"Via Roma, 2",Serri,,,,,,,,,,,
Agriturismo con Camere Le Vigne Ducali Ristorante,Agriturismo,http://www.levigneducali.it,349 132 8060,"localita bau is ceas, 10",Mandas,,levigneducali@gmail.com,https,React,No,Aruba S.p.A.,,,,Sì,No
B&B Terranova,Bed & Breakfast,,349 885 2271,"Via Solari, 15",Olbia,,,,,,,,,,,
B&B A Casa di Monica,Bed & Breakfast,http://www.acasadimonica.it,340 170 3687,"Via Brindisi, 37",Olbia,,,https,Shopify,No,"Amazon.com, Inc.",,,,Sì,No
B&B Dessole,Bed & Breakfast,https://www.bedandbreakfastdessole.com,0789 598543,"Via Lamberti, 58",Olbia,,,https,Typo3,No,"Amazon.com, Inc.",,,,Sì,No
Hotel Tabby,Hotel,http://www.hoteltabby.it,0789 46378,"Via Vasco de Gama, 8",Golfo Aranci,,info@hoteltabby.it,https,React,No,Aruba S.p.A.,,,,Sì,No
Brezza B&B,Bed & Breakfast,http://brezzabnb.it,340 918 5936,"Via Armando Diaz, 6/C",Golfo Aranci,,brezzabb@gmail.com,https,WordPress,Sì,Signet B.V.,,,,Sì,No
Affittacamere Ciro’s House,Bed & Breakfast,http://www.bbolbia.com,339 721 4435,"Via Aspromonte, 7",Olbia,,info@bbolbia.com,https,Joomla,Sì,Aruba S.p.A.,,,,Sì,No
Punta Sirenella Guest House,Bed & Breakfast,http://puntasirenella.weebly.com,349 619 9183,"Via Libeccio, 60",Pittulongu,,,https,Weebly,Sì,"Weebly, Inc.",,,,Sì,No
B&B Pinna de Cresia,Bed & Breakfast,,349 082 5267,"Via Lepanto, 10",Suelli,,,,,,,,,,,
L'Elicriso Affittacamere,Bed & Breakfast,,350 123 3732,"Via Guglielmo Marconi, 1",Gonnosfanadiga,,,,,,,,,,,
Bed and Breakfast Santa Barbara di Mattia Sibiriu,Bed & Breakfast,,328 735 0418,"Viale Kennedy, 1",Gonnosfanadiga,,,,,,,,,,,
L'Abete,Bed & Breakfast,https://www.hotelscheck-in.com/labetesardegna/it,329 210 9464,"Viale Giuseppe di Vittorio, 73",Guspini,,,https,WordPress,No,"Cloudflare, Inc.",,,,Sì,No
B&B The Bikers,Bed & Breakfast,,348 734 3036,"Viale Giuseppe di Vittorio, 87",Guspini,,,,,,,,,,,
Il Pozzo dei Desideri,Bed & Breakfast,https://www.hotelscheck-in.com/ilpozzodeidesiderisardegna/it,320 069 4286,"Via Giosuè Carducci, 1",Arbus,,,https,Joomla,No,"Cloudflare, Inc.",,,,Sì,No
Bed and Breakfast Su Nuraxi,Bed & Breakfast,,0782 847343,"Via Amsicora, 6",Orroli,,,,,,,,,,,
La Maison B&B,Bed & Breakfast,http://www.lamaisongonnesa.it,392 342 3504,"Corso Giacomo Matteotti, 132",Gonnesa,,,http,ASP.NET,No,Aruba S.p.A. Network,,,,Sì,No
Bed & Breakfast Piedra Del Sol Di Casula Maria Laura,Alloggi al coperto,,0781 36394,"km 26800, Strada Statale 126, Gonnesa, Ci 09010",Gonnesa,,,,,,,,,,,
B&B La Baita del Sud,Bed & Breakfast,https://bb-la-baita-del-sud.italiabella.top,347 668 6073,Via Giorgio Amendola,Gonnesa,,,https,WordPress,No,Contabo GmbH,,,,Sì,No
B&B L'Elicriso,Alloggio completo di servizi,,339 355 5003,"SS 126, Localita' S'Ortu De Coccu",Gonnesa,,,,,,,,,,,
S'Anninnia,Locanda,https://www.sanninnia.it,0781 45132,"Via Iglesias, 107",Gonnesa,,info@sanninnia.it,https,Shopify,Sì,IT.Gate S.p.A.,,,,Sì,No
BeB Il Tramonto,Bed & Breakfast,,389 993 7641,"Via Amsicora, 52",Giba,,,,,,,,,,,
B&B Domu Delunas,Bed & Breakfast,,328 459 9308,"Via Vittorio Emanuele, 23",Giba,,,,,,,,,,,
Il Vecchio Oliveto Bed & Breakfast,Bed & Breakfast,https://www.hotelscheck-in.com/ilvecchioolivetobnbitaly/it,340 323 4381,Is Bangius,Marrubiu,,,https,Shopify,No,"Cloudflare, Inc.",,,,Sì,No
Hotel Ristorante Locanda Rosella,Hotel,https://www.locandarosella.it,340 313 4376,"Via P. di Piemonte, 139",Giba,,la.rosella.giba@tiscali.it,https,WordPress,No,Hetzner Online GmbH,,,,Sì,No
Bed & Breakfast Gli Ulivi Porto Pino,Bed & Breakfast,https://bbgliuliviportopino.it,371 347 1456,"Via Is Serras, 23",Sant'Anna Arresi,,info@bbgliuliviportopino.it,https,WordPress,Sì,Hetzner Online GmbH,,,,Sì,No
Agriturismo Su Meurreddu,Agriturismo,http://agriturismosumeurreddu.it,347 123 0391,"Località Su Nuraxi, 12",Tratalias,,michele.pirosu@yahoo.it,https,React,No,Amazon Technologies Inc.,,,,Sì,No
Lu' Hotel Porto Pino - Sant'Anna Arresi,Hotel,http://www.luhotel-portopino.it,0781 966105,"Vico 2 Sa Carrubedda, 18",Sant'Anna Arresi,,info@luhotel-portopino.it,https,React,Sì,"Cloudflare, Inc.",,,,Sì,No
B&B SAS Coltes,Bed & Breakfast,,347 264 8274,"Via Leopardi, 8",Bonorva,,,,,,,,,,,
Bed&Breakfast I Girasoli Sorso,Bed & Breakfast,,328 646 9216,"Via Piave, 57",Sorso,,,,,,,,,,,
B&B Martina Senorbì,Bed & Breakfast,http://www.bbmartinasenorbi.com,379 226 1435,"Via Brigata Sassari, 51",Senorbì,,bbmartinasenorbi3@gmail.com,https,Wix,No,Google LLC,,,,Sì,No
Bed & Breakfast Le Roverelle,Bed & Breakfast,,328 937 3112,Strada Statale 198 di Seui e Lanusei,Lanusei,,,,,,,,,,,
B&B Scerì,Bed & Breakfast,,333 341 4849,"Via Roma, 143",Ilbono,,,,,,,,,,,
Oasi del benessere,Agriturismo,,348 374 1906,"Località Tullargius, 1",Ilbono,,,,,,,,,,,
Albergo Villa Selene,Hotel,http://www.hotelvillaselene.net,0782 42471,Coroddis,Lanusei,,info@hotelvillaselene.net,https,WordPress,No,Server Plan S.r.l.,,,,Sì,No
B&B Libellula Iglesias,Bed & Breakfast,,320 687 6284,"Via Leonardo Da Vinci, 2",Iglesias,,,,,,,,,,,
B&b Aloysia,Bed & Breakfast,http://www.bebaloysiaiglesias.it,347 744 2486,"Via Sette Fratelli, 59",Iglesias,,info@bebaloysiaiglesias.it,http,Joomla,No,Aruba S.p.A.,,,,Sì,No
DoMe Affittacamere,Bed & Breakfast,,379 196 3228,"Via Cagliari, 23",Iglesias,,,,,,,,,,,
Domos La Corte Ghibellina,Hotel,https://domos-la-corte-ghibellina.percorsiitaliani.top,375 614 9701,"Via Cagliari, 61",Iglesias,,,https,React,No,Contabo GmbH,,,,Sì,No
B&B Quintino Sella (Iglesias),Bed & Breakfast,https://docs.google.com/presentation/d/e/2PACX-1vRXw7uXL1rFeWiGwhN1Zfp965jkubhKAAVqlepX2UbC6HUPlDomhiV5jog1ZalFUiwXy9PbsfC6qe_c/pub,328 326 6539,"Vico Maccioni, 11",Iglesias,,sardegnatoujours@gmail.com,https,Angular,No,Google LLC,,,,Sì,No
B&B DaNonna,Bed & Breakfast,,338 990 9006,"Via Azuni, 13",Ittiri,,,,,,,,,,,
B&B Su Nuraghe,Bed & Breakfast,,079 440162,"Via Aldo Moro, 7",Ittiri,,,,,,,,,,,
Sweet Dreams Affitta Camere,Bed & Breakfast,http://sweetdreamsardegna.it/index.htm#.WV4ZFIjyiUk,333 942 3402,"Corso Vittorio Emanuele, 98",Ittiri,,sdittiri@gmail.com,http,ASP.NET,No,Simply Transit Ltd,,,,Sì,No
Affittacamere Su Padru,Bed & Breakfast,https://www.supadru.it,334 784 0138,"Via Petrarca, 70",Ittiri,,antoniocasiddu@hotmail.it,https,WordPress,No,Aruba S.p.A.,,,,Sì,No
B&B Sa Figu,Bed & Breakfast,,366 814 888,Località Sa Piberi,Ittiri,,,,,,,,,,,
B&B Il Cortile del Sole,Bed & Breakfast,,338 913 6894,"Via Roma, 14",Olmedo,,,,,,,,,,,
Palas de Serra Country resort,Agriturismo,,348 142 1205,Località Palas de Serra,Onifai,,,,,,,,,,,
B&B Sa Pedra Longa,Bed & Breakfast,,340 646 3498,"Via Francesco Ciusa, 8",Uri,,,,,,,,,,,
Agriturismo SuRecreu,Agriturismo,https://www.agriturismosurecreu.it,345 053 2570,SP28bis,Ittiri,,info@agriturismosurecreu.it,https,React,No,OVH SAS,,,,Sì,No
MICALI,Hotel,https://oroseivacanze.wixsite.com/micali,339 119 6336,"Via Venezia, 14",Orosei,,info@oroseivacanze.it,https,Wix,Sì,Google LLC,,,,Sì,No
Castello Malicas Antico Borgo,Hotel,https://castello-malicas-antico-borgo.bellaitaliatrips.top,340 798 9291,"Via Grazia Deledda, 52",Galtellì,,,https,React,No,Contabo GmbH,,,,Sì,No
Dori d'Oro Hotel,Hotel,,348 611 3023,"Via S. Stefano, 21",Irgoli,,,,,,,,,,,
Residence Marina Palace,Hotel,http://www.residencemarinapalace.it,079 097 7632,"Via del Mare, 38",Orosei,,info@residencemarinapalace.it,https,WordPress,No,Amazon Technologies Inc.,,,,Sì,No
Casa Mian,Bed & Breakfast,https://www.casamian.it,350 020 8444,"V. Vincenzo Gioberti, 2",Orosei,,booking@casamian.it,https,WordPress,No,Aruba S.p.A.,,,,Sì,No
B&B Casa Ghiani,Bed & Breakfast,http://www.casaghiani.it,340 121 3380,"Via Giuseppe Verdi, 19",Isili,,info@pintas.it,https,WordPress,No,Netsons s.r.l.,,,,Sì,No
B&B La Siesta,Bed & Breakfast,,329 397 3631,"Via Amendola, 2",La Maddalena,,,,,,,,,,,
Villa le Bougainvillea,Bed & Breakfast,,342 104 1956,"Via Cala Chiesa, 26",La Maddalena,,,,,,,,,,,
Controvento,Bed & Breakfast,http://www.controventolamaddalena.com,340 467 8404,"Via Domenico Millelire, 62",La Maddalena,,controvento.lamaddalena@gmail.com,https,WordPress,Sì,Keyweb AG IP Network,,,,Sì,No
La Casa di Dario,Bed & Breakfast,,380 529 9259,"Via Cairoli, 32",La Maddalena,,,,,,,,,,,
Hotel Villa Marina La Maddalena,Hotel,http://www.hotelvillamarina.it,0789 738340,"Via Ammiraglio Magnaghi, 12",La Maddalena,,,https,Shopify,No,Aruba S.p.A.,,,,Sì,No
Domo Silvia,Hotel,,346 360 6292,Via ILVA 8 Primo piano,La Maddalena,,,,,,,,,,,
Guest House Villabianca,Bed & Breakfast,https://www.villabiancalamaddalena.com,0789 727441,"Via Indipendenza, 40",La Maddalena,,,http,WordPress,No,Aruba S.p.A. Network,,,,Sì,No
B&B Isola Mia,Bed & Breakfast,http://bb-isola-mia.com.es,340 115 9615,"Regione Mongiardino, 22",La Maddalena,,,http,React,No,arsys.es,,,,Sì,No
Hotel Excelsior,Hotel,http://www.excelsiormaddalena.com,0789 721047,"Via Amendola, 7",La Maddalena,,,https,Shopify,Sì,Amazon Technologies Inc.,,,,Sì,No
Le stanze di Gaia,Bed & Breakfast,https://le-stanze-di-gaia.donhotel.net,347 633 1580,"Via Primo Longobardo, 23",La Maddalena,,,https,Shopify,No,"Cloudflare, Inc.",,,,Sì,No
Il Ginepro,Agriturismo,http://www.valledoria-ilginepro.it,347 367 7166,"Via Regina Elena, 111",Valledoria,,info@valledoria-ilginepro.it,http,ASP.NET,No,Aruba S.p.A. Network,,,,Sì,No
Bed & Breakfast Lucrezia,Bed & Breakfast,,320 778 0862,"/A, Via Mascia A., 3",Tortolì,,,,,,,,,,,
B&B Pani Silvio,Bed & Breakfast,http://bbpanisilvio.weebly.com,347 750 7492,"Via Giacomo Leopardi, 6",Perfugas,,,https,Weebly,Sì,"Weebly, Inc.",,,,Sì,No
Bar Trattoria La Roccia dell'elefante,Bar,https://www.larocciadellelefante.com,079 470298,Strada Statale 134 di Castel Sardo,Castelsardo,,larocciaelefante@gmail.com,https,Wix,No,Google LLC,,,,Sì,No
B&B Pratza Ballus,Bed & Breakfast,http://www.mogoro-pratzaballus.it,330 664 522,"Via Nuova, 45",Mogoro,,bb.pratzaballus@tiscali.it,http,React,No,Aruba S.p.A. Network,,,,Sì,No
Casa Magnani,Hotel,,340 471 5135,"Via G. Garau, 23",Mogoro,,,,,,,,,,,
B&B Ventuno,Bed & Breakfast,,351 666 5069,"Via Cagliari, 21",Barumini,,,,,,,,,,,
B&B La Vecchia Dimora,Bed & Breakfast,,377 343 3792,"Via Piave, 2",Marrubiu,,,,,,,,,,,
Marrubiu,Bed & Breakfast,,347 066 7597,"Via Piave, 2",Marrubiu,,,,,,,,,,,
Casa Da'Ca',Alloggio turistico,,349 530 4567,"Viale Friuli, 13",Marrubiu,,,,,,,,,,,
B&B La Casa Musteddina,Bed & Breakfast,,347 461 8083,"Via Cagliari, 19",Loceri,,,,,,,,,,,
Vacanze a Loceri,Bed & Breakfast,https://vacanzealoceri.traveleto.com,333 629 4467,"Via Funtanaeccia, 8",Loceri,,,https,Shopify,No,"Cloudflare, Inc.",,,,Sì,No
Agriturismo Le Mimose,Agriturismo,https://www.hotelscheck-in.com/agriturismolemimoseitaly/it,339 799 1339,Str. 24 Ovest,Arborea,,,https,Joomla,No,"Cloudflare, Inc.",,,,Sì,No
B&B AniMo di Katia Mameli,Bed & Breakfast,,347 118 6519,"Via Roma, n.94",Loceri,,,,,,,,,,,
Hotel Antica Posada,Hotel,http://www.anticaposada.com,389 129 6025,"Via Vittorio Emanuele, 7",Loceri,,,https,WordPress,No,Armada WAN,,,,Sì,No
B&B Rita and family,Bed & Breakfast,http://www.ritaandfamily.it,366 630 8648,"Via F. Podda, 16",Loceri,,bandbritaandfamily@gmail.com,http,Joomla,No,Aruba S.p.A.,,,,Sì,No
Su Pitiolu,Bed & Breakfast,,328 427 2072,località Biancone,Laconi,,,,,,,,,,,
BAITA MAORE,Albergo benessere,http://www.baitamaore.it,339 215 6270,VIA FUNTANA E MAORE,Laconi,,info@baitamaore.it,https,WordPress,Sì,Aruba S.p.A.,,,,Sì,No
Is Cogas,Bed & Breakfast,https://is-cogas.italiavacanzeindimenticabili.top,348 728 9642,"Via Quintino Sella, 44",Masainas,,,https,React,No,Ipxo LLC,,,,Sì,No
La Tavernetta,Bed & Breakfast,https://locandalatavernetta.com,0781 964200,"Via Trieste, 19",Masainas,,,https,React,No,Contabo GmbH,,,,Sì,No
Agriturismo il Ruscello,Agriturismo,https://sites.google.com/view/il-ruscello,377 041 7577,Loc,Foxi,,,https,Angular,No,Google LLC,,,,Sì,No
Borgo dei Centenari B&B,Bed & Breakfast,,339 508 3440,"Via Gioacchino Rossini, 10",Orgosolo,,,,,,,,,,,
A casa di Anna,Bed & Breakfast,,328 563 5253,"Via Manno, 69",Mamoiada,,,,,,,,,,,
B&b Su ponte,Bed & Breakfast,,349 414 0643,Corso Repubblica,Orgosolo,,,,,,,,,,,
B&B Il Giardino della Scuncerta,Bed & Breakfast,http://www.ilgiardinodellascuncerta.it,376 179 9920,"Via Giovanni Andrea Coppola, 38",Lecce,,info@ilgiardinodellascuncerta.it,https,WordPress,No,Combell NV,,,,Sì,No
Dragoni B&B,Bed & Breakfast,,348 544 1788,"Via Unità D'Italia, 43",Lequile,,,,,,,,,,,
Andrea House Lecce,Appartamento per vacanza in affitto,,320 042 3599,"Via Ada Cudazzo, 103",Lecce,,,,,,,,,,,
Terrae Hydrunti,Bed & Breakfast,http://www.terraehydrunti.it,328 134 9208,"Via Cota, 20",Lecce,,info@terraehydrunti.com,https,Shopify,Sì,OVH SAS,,,,Sì,No
Dimora Vico dei Nohi B&B,Bed & Breakfast,https://www.hotelsitalic.com/dimora-vico-dei-nohi,320 480 3120,"Vico dei Nohi, 7",Lecce,,,https,Shopify,No,"Cloudflare, Inc.",,,,Sì,No
Distinto Suite & Rooms B&B,Bed & Breakfast,http://distintolecce.it,348 565 7673,"Via G. Oberdan, 43",Lecce,,info@distintolecce.it,http,React,Sì,Servereasy Srl,,,,Sì,No
Vico dell'Elce,Bed & Breakfast,http://www.vicodellelce.eu,0832 406361,"Via Andrea Mantegna, 3d",Lecce,,info@vicodellelce.eu,https,WordPress,Sì,Servereasy Srl,,,,Sì,No
Bed & Breakfast DONNA TERESA Guest House Lecce,Bed & Breakfast,http://www.donnateresabedandbreakfast.com,348 153 0091,"Via Giuseppe Libertini, 41",Lecce,,donnateresabedandbreakfast@gmail.com,https,Shopify,Sì,Server Plan S.r.l.,,,,Sì,No
B&b Il Giardinetto,Bed & Breakfast,,349 866 8401,"Via Milano, 27",Selargius,,,,,,,,,,,
Sun&Sardinia Bed And Breakfast,Bed & Breakfast,http://www.sunandsardinia.it,345 595 3592,"Via dell'Argine, 57",Monserrato,,info@sunandsardinia.it,https,WordPress,No,Aruba S.p.A.,,,,Sì,No
B&b Casa Spano,Bed & Breakfast,https://bandbcasaspano.it,379 253 3728,"Viale Trieste, 131",Selargius,,info@bandbcasaspano.it,https,React,Sì,Aruba S.p.A. Network,,,,Sì,No
Da Manuela,Bed & Breakfast,https://www.hotelitaliaweb.com/bb-da-manu,342 4840 26565,"Via Giulio Cesare, 74",Monserrato,,,https,Shopify,No,"Cloudflare, Inc.",,,,Sì,No
Su Sonetto,Bed & Breakfast,,347 936 2825,"Via Roma, 11",Meana Sardo,,,,,,,,,,,
La cittadella rooms,Bed & Breakfast,https://www.hotelitaliaweb.com/la-cittadella-rooms,351 892 9751,"Località Terra e Teula, 25",Monserrato,,,https,WordPress,No,"Cloudflare, Inc.",,,,Sì,No
Casa ortu,Bed & Breakfast,,347 015 1281,"Via Oristano, 6",Milis,,,,,,,,,,,
B&B Domus Maria,Bed & Breakfast,,347 906 5252,"Via Diaz, 17",Milis,,,,,,,,,,,
La Corte di Lucina Hotel,Hotel,https://www.hotelscheck-in.com/lacortedilucinasardegna/it,393 948 1968,"Via Baccelli, 11",Terralba,,,https,Shopify,No,"Cloudflare, Inc.",,,,Sì,No
B&B Sa Soliana,Bed & Breakfast,,339 461 3824,"Via Su Piattone, 29",Monti,,,,,,,,,,,
S'Ommu Ezza,Hotel,,348 034 2826,"Via Vittorio Emanuele III, 25",Narbolia,,,,,,,,,,,
B&B ANTICHE TERRE di GALLURA,Bed & Breakfast,,328 223 5223,"Via Giuseppe Garibaldi, 7",Monti,,,,,,,,,,,
Olbia Home,Bed & Breakfast,,379 112 2375,"Via Antonio Gramsci, 42",Olbia,,,,,,,,,,,
Agriturismo I Graniti,Agriturismo,http://www.igraniti.com,328 712 4469,"Via Nuoro, 2",Monti,,,https,Angular,No,Google LLC,,,,Sì,No
Isole di Pietra Bed and Breakfast,Bed & Breakfast,,339 157 0696,località Taddei,Telti,,,,,,,,,,,
Domo De Enas,Bed & Breakfast,,328 381 8662,Via Caminu Muntagninu,Olbia,,,,,,,,,,,
"Domo Minnannu Miriu - Camere per vacanze a Porto San Paolo, San Teodoro, Olbia, Tavolara",Bed & Breakfast,https://www.minnannumiriu.it,0789 41315,"Castagna Via del Castagno, SP87",Loiri Porto San Paolo,,,https,Weebly,No,"Amazon.com, Inc.",,,,Sì,No
Affittacamere Olbia | Bed and Breakfast Olbia | City Garden Guest House |,Hotel,https://www.citygardenolbia.it,371 392 0924,"Via Friuli, 5",Olbia,,info@citygardenolbia.it,https,WordPress,Sì,Aruba S.p.A. Network,,,,Sì,No
Domo Badde Dolza,Bed & Breakfast,,331 936 0200,Complanare Nord,Monti,,,,,,,,,,,
Agriturismo il Vermentino - Cantina Tani Vini,Azienda vinicola,http://www.cantinatani.com,335 472 221,Località Conca Sa Raighina,Monti,,info@cantinatani.it,https,WordPress,Sì,Aruba S.p.A. Network,,,,Sì,No
La Tinaia Country House Bed & Board,Bed & Breakfast,http://www.latinaia.eu,345 633 4099,località Turudas,Magomadas,,,https,Vue,No,"Amazon.com, Inc.",,,,Sì,No
B&B S'Ena,Bed & Breakfast,http://www.s-ena.it,0785 34705,"Via Francesco Ciusa, n. 25",Suni,,,http,ASP.NET,No,Aruba S.p.A. Network,,,,Sì,No
Sa Pruninca,Bed & Breakfast,,351 858 4458,Via Sassari,Villanova Monteleone,,,,,,,,,,,
B&B Iris,Bed & Breakfast,,340 776 0202,"Via Amsicora, 73",Villanova Monteleone,,,,,,,,,,,
Bed and breakfast Logu d'Oro,Bed & Breakfast,,366 218 8535,"Via Europa, 18",Villanova Monteleone,,,,,,,,,,,
Hotel Locanda Minerva,Hotel,http://www.monteminervaexperience.com,328 432 6017,SP88,Villanova Monteleone,,locanda.minerva@gmail.com,https,Shopify,Sì,Netsons s.r.l.,,,,Sì,No
La casa di Francesco,Bed & Breakfast,,377 947 8943,"Via Giuseppe Manno Carreia 'Esu Rettore, 13b",Putifigari,,,,,,,,,,,
Nonna Dora,Bed & Breakfast,,329 107 2683,"Via IV Novembre, 17",Muros,,,,,,,,,,,
Palazzo Pilo,Bed & Breakfast,https://www.hotelsitaloweb.com/palazzo-pilo,348 695 1663,"Corso Margherita di Savoia, 9",Sassari,,,https,Shopify,No,"Cloudflare, Inc.",,,,Sì,No
Guest House Tzia Udroni,Bed & Breakfast,,328 977 3863,"Via Litterai, 28",Ossi,,,,,,,,,,,
Le Stanze di Vallí,Bed & Breakfast,,345 966 2250,"Piazza Castello, 11",Sassari,,,,,,,,,,,
sadomupinna,Bed & Breakfast,,340 399 1756,"Via Caprera, 8",Narbolia,,,,,,,,,,,
Mare Lughente,Bed & Breakfast,http://www.marelughente.com,0785 38060,"Via dei Tamerici, 31",S'Archittu,,asacsrls@pec.it,https,WordPress,No,Aruba S.p.A.,,,,Sì,No
Hotel Ristorante Marghine di Mura Luigi & C. S.N.C.,Hotel,http://www.hotelmarghine.it,0785 70737,"Via Vittorio Emanuele II, 3",Macomer,,info@hotelmarghine.it,https,Shopify,No,Aruba S.p.A. Network,,,,Sì,No
B&B Somiar,Bed & Breakfast,http://www.bnbsomiar.it,339 531 3714,"Piazzetta lù Mulinu, 5 LOC",Suaredda-traversa,,,https,WordPress,No,"DigitalOcean, LLC",,,,Sì,No
B&B Soledigallura,Bed & Breakfast,,340 573 4061,"Via Torquato Tasso, 1",Loiri,,,,,,,,,,,
B&B Il Borgo,Hotel,https://bosa.imposta-soggiorno.it/promozione/il-borgo,347 694 9031,"Via Gioberti, 8",Bosa,,bnbilborgo@gmail.com,https,React,No,Naquadria - Housing Services,,,,Sì,No
Casa Vacanze Monte Inni,Appartamenti,,347 090 7024,Reg.monte inni,Ozieri,,,,,,,,,,,
Affittacamere La Casa in Collina,Bed & Breakfast,http://www.lacasaincollina.eu,339 478 9256,SP110,San Teodoro,,lacasaincollina21@gmail.com,https,React,No,"DigitalOcean, LLC",,,,Sì,No
B&B dal Cardinale,Bed & Breakfast,https://bb-dal-cardinale.italyexperience.top,347 061 0520,"Via Cirenaica, 8",Ozieri,,,https,React,No,Contabo GmbH,,,,Sì,No
Agriturismo B&B Sa domo de s'Olia,Bed & Breakfast,,340 627 3798,Strada statle 199 Ozieri Monti,Ozieri,,,,,,,,,,,
Via Romani,Buffet di dolci e dessert,,348 258 8745,"Via Roma, 23",Ozieri,,,,,,,,,,,
B&B Su Entulzu,Bed & Breakfast,,338 576 0542,"Via Vittorio Emanuele III, 68",Magomadas,,,,,,,,,,,
Domus Deiana,Bed & Breakfast,,349 569 8037,"Via Camillo Benso Conte di Cavour, 4",Mamoiada,,,,,,,,,,,
Villa Barone (B&B),Hotel,,0784 56065,"Via V. Emanuele II, 124",Mamoiada,,,,,,,,,,,
Su Hantaru Vetzu,Bed & Breakfast,,320 079 5781,"Via Tola, 14",Mamoiada,,,,,,,,,,,
Le Rose di santina affittacamere,Alloggio completo di servizi,,377 437 2855,"Via fratelli bandiera 10, Via Fratelli Bandiera, 12",Mamoiada,,,,,,,,,,,
Affittacamere Le Statue del Sinis,Bed & Breakfast,https://lestatuedelsinis.traveleto.com,320 041 5227,"Via Nuoro, 12",Cabras,,,https,React,No,"Cloudflare, Inc.",,,,Sì,No
Selene Domus,Bed & Breakfast,https://selene-domus.italyfun.top,349 569 1012,"Via S. Lucia, 10",Nurachi,,,https,WordPress,No,Contabo GmbH,,,,Sì,No
Casa Mediterranea,Bed & Breakfast,https://www.lacasamediterranea.com,0783 205916,"Via Dante Alighieri, 6",Nurachi,,,https,Shopify,No,Aruba S.p.A.,,,,Sì,No
Micri,Hotel,,327 358 1194,"Via Verdi, 6",Nurachi,,,,,,,,,,,
Gioia Guest House,Pensione,http://www.gioiaguesthouse.it,334 796 0497,"6/A Via Salvator Anjelo de Castro, Via Regina Elena, 28",Cabras,,,https,WordPress,No,Aruba S.p.A.,,,,Sì,No
Agriturismo Monte Alma,Agriturismo,,340 389 9316,Strada Statale 127 Settentrionale Sarda,Nulvi,,,,,,,,,,,
B&b nonna dedda,Bed & Breakfast,,348 528 4761,"Via Alessandro Volta, 18",Oristano,,,,,,,,,,,
B&B SHARDANA,Bed & Breakfast,https://bb-shardana.alberghiinitalia.top,380 209 1937,"Via Roma, 92",Sennori,,,https,React,No,Contabo GmbH,,,,Sì,No
Agriturismo Da Patrizia,Agriturismo,,345 690 7853,Strada prov.le marmilla,Simaxis,,,,,,,,,,,
Il Giglio,Agriturismo,https://www.agriturismoilgiglio.com,329 453 9688,SP9,Massama,,info@agriturismoilgiglio.com,https,Shopify,Sì,"Cloudflare, Inc.",,,,Sì,No
B&B L'onda,Bed & Breakfast,https://www.hotelscheck-in.com/bnblondaoristano/it,328 676 4975,"Via Sassari, 12",Oristano,,,https,Joomla,No,"Cloudflare, Inc.",,,,Sì,No
Casa Gioconda,Bed & Breakfast,,327 066 2621,"Via S. Pietro, 38",Nuxis,,,,,,,,,,,
Casa Janas affittacamere b&b,Bed & Breakfast,,320 938 3725,"Via Campagna, 2",Piscinas,,,,,,,,,,,
Casa Arcobaleno,Bed & Breakfast,,+33 7 61 31 97 22,"35 Via Nazionale, fraz",Rio Murtas,,,,,,,,,,,
Villa INN Ristorante Pizzeria & rooms,Ristorante italiano,https://villa-inn-ristorante-pizzeria-rooms.comeviaggiare.top,0781 188 4546,"Via Cagliari, 26",Villaperuccio,,,https,React,No,Contabo GmbH,,,,Sì,No
Villaggio Antichi Ovili,Hotel,http://www.antichiovili.com,345 718 3424,Loc. Taccu,Orroli,,antichi.ovili@tiscali.it,https,WordPress,Sì,Aruba S.p.A. Network,,,,Sì,No
Albergo Istellas,Hotel,http://www.istellas.it,0782 812014,Localita' Pitzu Tuvudu,Nurri,,info@istellas.it,http,WordPress,No,Aruba S.p.A.,,,,Sì,No
Albergo Omu Axiu - Ristorante tipico - Agriturismo e Museo,Ristorante,http://www.omuaxiu.it,0782 845023,"Via Roma, 82",Orroli,,info@omuaxiu.it,https,WordPress,No,"Cloudflare, Inc.",,,,Sì,No
Domo Nora,Alloggio turistico,,333 202 5648,"Via Petrucci, 25",Olbia,,,,,,,,,,,
Affittacamere Olbia Summer House,Hotel,https://summerhouseolbia.com,333 543 3546,"Via Alessandro Volta, 5",Olbia,,info@tourismservices.it,https,WordPress,No,Aruba S.p.A.,,,,Sì,No
BARRILE'S - guest rooms - affittacamere,Bed & Breakfast,https://ispileroomsolbia.com,346 573 4716,"Via Armando Diaz, N° 11",Olbia,,info@ispileroomsolbia.com,https,Joomla,Sì,Aruba S.p.A.,,,,Sì,No
GP 34 Affittacamere,Bed & Breakfast,,388 908 1840,"Via Benevento, 34",Olbia,,,,,,,,,,,
B&B Kenzia,Bed & Breakfast,http://www.breakfastolbia.it,392 970 8029,"Via Santorre di Santarosa, 57",Olbia,,,https,ASP.NET,No,Aruba S.p.A. Network,,,,Sì,No
Hotel de Plam,Hotel,http://www.hoteldeplam.it,0789 25777,"Via de Filippi, 51",Olbia,,info@hoteldeplam.it,https,Shopify,No,Aruba S.p.A.,,,,Sì,No
B&B Notte al Museo,Bed & Breakfast,,348 526 7957,Via Goffredo Mameli,Bitti,,,,,,,,,,,
Domo Peonia Bianca,Hotel,https://www.peoniabianca.it,370 131 1000,"Via Roma, 4",Nuoro,,info@peoniabianca.it,https,Shopify,No,"Cloudflare, Inc.",,,,Sì,No
Gli olivi,Bed & Breakfast,,351 548 4951,"Via Alghero, 6",Oliena,,,,,,,,,,,
La Casa di Giò in Centro,Bed & Breakfast,https://lacasadigioolbia.it,339 670 6306,"Via Enrico Toti, 17",Olbia,,info@lacasadigioolbia.it,https,WordPress,Sì,Aruba S.p.A.,,,,Sì,No
Hotel Ristorante S'Enis Monte Maccione,Hotel,http://www.coopenis.it,0784 288363,Località Monte Maccione,Oliena,,coopenis@tiscali.it,https,Shopify,No,Amazon Technologies Inc.,,,,Sì,No
Managheri Bed&Breakfast Wine Bar,Bed & Breakfast,http://managheriwinebar.it,345 585 3938,"Via Galiani, 41",Oliena,,,https,Joomla,No,Netsons s.r.l.,,,,Sì,No
B&B Oliena,Bed & Breakfast,https://www.oliena.eu,0784 285075,"Via Alghero, 12",Oliena,,oliena.it@gmail.com,https,WordPress,Sì,Aruba S.p.A.,,,,Sì,No
B&B Antica Villa,Bed & Breakfast,http://www.bbanticavilla.com,342 733 1919,"Via Giuseppe Garibaldi, 42",Quartu Sant'Elena,,infobed.anticavilla@gmail.com,http,WordPress,No,Aruba S.p.A. Network,,,,Sì,No
B&B L'aranceto del mare,Bed & Breakfast,,392 455 6342,"Via dei Mille, 36",Maracalagonis,,,,,,,,,,,
Villa Maria Sardegna,Bed & Breakfast,http://www.villamariasardegna.it,350 112 2451,"SP, 2500",Sinnai,,info@villamariasardegna.it,https,WordPress,No,Aruba S.p.A.,,,,Sì,No
Il mare b&b,Bed & Breakfast,,340 263 9460,"Via Fratelli Rosselli, 19",Quartu Sant'Elena,,,,,,,,,,,
Casa Orrù,Bed & Breakfast,,379 155 5105,"Via Isonzo, 3/5",Nuoro,,,,,,,,,,,
B & B Coros,Bed & Breakfast,,331 861 7847,"Via Salvatore Mannironi, 39",Nuoro,,,,,,,,,,,
Bed & Breakfast Giardini e Mare,Bed & Breakfast,https://giardiniemare.com,340 550 1867,"Via Bulgaria, 21",Quartu Sant'Elena,,,https,Angular,Sì,Aruba S.p.A.,,,,Sì,No
Da Tore,Bed & Breakfast,,0784 231175,"Via Monsignor Giuseppe Melas, 34/34",Nuoro,,,,,,,,,,,
Erbas Bed and Breakfast,Bed & Breakfast,,347 645 3129,"Via Nicolò Paganini, 12",Nuoro,,,,,,,,,,,
Le Porte del Sole,Hotel,,348 902 3752,"Via Nazionale, 41",Girasole,,,,,,,,,,,
Beb La casa di marco,Bed & Breakfast,,388 436 6843,Vico del pozzo15,Nuoro,,,,,,,,,,,
B&B Il Centro,Bed & Breakfast,,389 342 8699,"Via Massimo d'Azeglio, 48",Nuoro,,,,,,,,,,,
Hotel Plammas,Hotel,https://www.hotelplammas.com,379 292 4881,"Viale Plammas, 59",Santa Maria Navarrese,,info@hotelplammas.com,https,WordPress,No,Aruba S.p.A.,,,,Sì,No
Domo Biriala,Bed & Breakfast,,328 348 4307,"Via Plummare, 3",Santa Maria Navarrese,,,,,,,,,,,
Hotel Ogliastra,Residence,https://www.hotelogliastra.com,0782 669459,"Via Dante Alighieri, 47",Lotzorai,,booking@hotelogliastra.com,https,Joomla,Sì,Amazon Technologies Inc.,,,,Sì,No
Affittacamere Elianto,Bed & Breakfast,https://affittacamere-elianto.amolitalia.top,333 432 2607,"Viale Pedras, 24",Santa Maria Navarrese,,,https,React,No,Contabo GmbH,,,,Sì,No
B & B Al Centro - Ossi,Bed & Breakfast,,346 969 9890,"Via Statuto, 6",Ossi,,,,,,,,,,,
B&B Badde Tale,Bed & Breakfast,,347 908 4953,"Loc badde tale, snc",Ossi,,,,,,,,,,,
Hotel Marini,Hotel,http://www.hotelmarini.com,079 277282,"Via Pietro Nenni, 2",Sassari,,booking@hotelmarini.com,http,WordPress,No,Amazon Technologies Inc.,,,,Sì,No
Sa Crai B&B - Sardinian Experience,Bed & Breakfast,http://www.sacraisardinia.com,329 126 0430,"Via Vittorio Emanuele, 10",Lotzorai,,,http,Angular,No,Servereasy Srl,,,,Sì,No
Casa Mannoni,Bed & Breakfast,,338 842 5441,"Località la China, 20",Luogosanto,,,,,,,,,,,
Hotel Ristorante San Trano,Hotel,http://www.hotelsantrano.com,079 657 3026,"Via Caprera, 19",Luogosanto,,info@hotelsantrano.com,https,WordPress,No,Amazon Technologies Inc.,,,,Sì,No
La Quercia della Gallura,Agriturismo,http://www.laquerciadellagallura.com,340 405 1440,"Strada Provinciale SP, 14",Luogosanto,,,https,Shopify,No,One.com A/S,,,,Sì,No
Aldiola Country Resort,Hotel,https://www.aldiolacountry.com,079 668026,SP49,Arzachena,,aldiolainfo@gmail.com,https,React,Sì,Signet B.V,,,,Sì,No
Agriturismo Canu,Agriturismo,https://agriturismo-canu.amolitalia.top,368 346 1216,località Canu,Luogosanto,,,https,WordPress,No,Contabo GmbH,,,,Sì,No
Agua Dorada boutique hotel,Bed & Breakfast,https://www.aguadorada.it,327 798 8903,"Via Berlinguer, 7",Lula,,info@aguadorada.it,https,Joomla,No,Server Plan S.r.l.,,,,Sì,No
Domu Elvira Sardinian Guest House,Hotel,http://www.domuelvira.com,388 117 4738,"Via Speranza, 8",Muravera,,info@domuelvira.it,https,ASP.NET,Sì,Aruba S.p.A. Network,,,,Sì,No
Casa Camboni - Dimora Storica,Bed & Breakfast,https://casa-camboni.amenitiz.io/it/booking/room,328 022 2762,"Via Nazionale, 187 a",San Vito,,casacamboni.info@gmail.com,https,React,No,"Cloudflare, Inc.",,,,Sì,No
TUFFUDESU Guest House,Bed & Breakfast,http://www.tuffudesu.com,379 178 9397,"Via Roma, 13",Osilo,,tuffudesubb@gmail.com,https,Wix,Sì,Google LLC,,,,Sì,No
Su Cunventu,Bed & Breakfast,https://su-cunventu.comeviaggiare.top,340 893 7241,"Via Sarrabus, 17",Muravera,,,https,React,No,Contabo GmbH,,,,Sì,No
Guesthouse Vittorina's home,Bed & Breakfast,,342 106 3639,"Via Santa Maria, 13",Sorso,,,,,,,,,,,
B&B Villa Vittoria,Bed & Breakfast,https://villavittoriarooms.it,392 993 1770,"Via Tiziano, 2",Sorso,,info@villavittoriarooms.it,https,WordPress,Sì,Aruba S.p.A,,,,Sì,No
L'Agnata di De André,Hotel,http://www.agnata.com,079 634125,Località L'Agnata | San Bachisio,Tempio Pausania,,info@agnata.com,https,Shopify,Sì,OVH SAS,,,,Sì,No
Agriturismo S'Orgiola,Agriturismo,,327 717 0428,"Località, Via is Carcuris",Osini,,,,,,,,,,,
Hotel Funtana 'e Donne,Hotel,https://sites.google.com/view/hotel-funtana-e-donne,0784 75431,Loc. Funtana E Donne,Ottana,,,https,Angular,No,Google LLC,,,,Sì,No
Hotel Il Platano,Ristorante,https://www.hotelilplatano.com,0784 75564,"Viale Ghitti, 83",Ottana,,hotelilplatano@virgilio.it,https,WordPress,Sì,Aruba S.p.A.,,,,Sì,No
B&B il Giardino del Barone,Bed & Breakfast,,347 784 4344,"via e, Via Carboni, 12",Pozzomaggiore,,,,,,,,,,,
Pizzeria Domus La Roccia,Pizzeria,https://www.domuslaroccia.it,348 794 8413,"Via Bonaria, 29/d",Pozzomaggiore,,domuslaroccia@gmail.com,https,WordPress,No,Aruba S.p.A. Network,,,,Sì,No
Osa rooms,Bed & Breakfast,https://bb-osa.dormireinitalia.top,329 797 1900,"Via Chiassuolo, 15",Bosa,,,https,React,No,Contabo GmbH,,,,Sì,No
Agriturismo Casteddu,Agriturismo,https://agriturismocasteddu.com,334 644 1822,SP110,Padru,,info@agriturismocasteddu.com,https,Joomla,Sì,Aruba S.p.A,,,,Sì,No
Nonnu e Nonna,Bed & Breakfast,https://www.nonnuenonnapadru.it,345 363 4152,"Via J. F. Kennedi, 5",Padru,,,https,WordPress,Sì,HOSTINGER FR,,,,Sì,No
Agriturismo Boltei,Alloggio turistico,https://www.agriturismoboltei.com,0789 454014,"Strada Padru - San Teodoro, Km 1",Padru,,info@agriturismoboltei.com,https,WordPress,Sì,Netsons s.r.l.,,,,Sì,No
Bed & Breakfast Petite Maison,Bed & Breakfast,https://beb.it/petitemaison,347 699 1045,"Via de Gasperi, 38",Posada,,,https,WordPress,No,"Amazon.com, Inc.",,,,Sì,No
Dar Hénani,Pensione,,+216 56 816 868,Rue Hédi Khéfacha,Monastir,,,,,,,,,,,
Corniche Hotel & Restaurant,Hotel,,+216 73 461 451,place 3 Août,Monastir,,,,,,,,,,,
Marina Cap Monastir - Appart Hôtel,Appartamento vacanze,http://www.marinamonastir.tn,+216 73 462 305,Port Marina Monastir,Monastir,,capitaineriemarinacapmonastir@gmail.com,https,Joomla,No,TOPNET,,,,Sì,No
Hotel Regency,Hotel,http://www.shdthotels.com,+216 73 460 033,QRHJ+R59 Cap Marina,Monastir,,reservation@hotel-soussepalace.com,http,Joomla,No,OVH SAS,,,,Sì,No
Villa Mara,Bed & Breakfast,,393 477 6891,"Contrada Camere, snc",Ostuni,,,,,,,,,,,
Galleria Roma Art Guesthouse,Bed & Breakfast,http://www.galleriaromaartguesthouse.it,328 543 7864,"Galleria Felice Porcella, 4",Oristano,,info@galleriaromaartguesthouse.com,https,React,Sì,Server Plan S.r.l.,,,,Sì,No
Domo All'Antico Borgo,Hotel,,349 551 5124,"Via Palmas, 5",Oristano,,,,,,,,,,,
Dar Benti,Bed & Breakfast,http://www.darbenti.com,+216 25 020 036,Beb El Gharbi- Avenue Mahmoud Bourguiba Monastir,Monastir,,2062d0a4929b45348643784b5cb39c36@sentry.wixpress.com,https,Wix,No,Google LLC,,,,Sì,No
TH collection rooms,Bed & Breakfast,,340 656 8370,"Via Tharros, 40",Oristano,,,,,,,,,,,
B&B I Gerani rossi,Bed & Breakfast,,0785 55558,"Via Merello, 19",Paulilatino,,,,,,,,,,,
Iride Guesthouse,Residence,https://www.irideguesthouse.com,347 481 7976,"Via Vincenzo Bellini, 29",Oristano,,iridesrl10@gmail.com,https,WordPress,No,Aruba S.p.A.,,,,Sì,No
La Casetta Guest House,Bed & Breakfast,https://www.lacasettaguesthouse.com,389 454 0055,"Via Azuni, 55",Oristano,,info@lacasettaguesthouse.com,https,Duda,Sì,Aruba S.p.A. Network,,,,Sì,No
Sa Mola Hotel Ristorante,Alloggi al coperto,https://www.villamariafrancesca.net,0783 56588,Via Superga,Bonarcado,,info@villamariafrancesca.net,https,Drupal,Sì,Hetzner Online GmbH,,,,Sì,No
IsostreetHouse,Bed & Breakfast,,349 295 8919,Via Siotto Pintor,Orani,,,,,,,,,,,
B&b Baroi Orgosolo,Bed & Breakfast,,349 568 2485,"Via Giosuè Carducci, 2",Orgosolo,,,,,,,,,,,
Civico 49 Bed And Breakfast,Bed & Breakfast,,328 662 1660,"Via Duca degli Abruzzi, 49",Lecce,,,,,,,,,,,
B&B Casamì,Bed & Breakfast,,333 504 8076,"Via Armando Diaz, 79",Boscoreale,,,,,,,,,,,
Napoli Museo Bed and breakfast,Bed & Breakfast,http://www.napolimuseo.com,081 019 6760,"Vico I Gagliardi, 12",Napoli,,,https,WordPress,Sì,Aruba S.p.A.,,,,Sì,No
WePuglia La Maison-D B&B,Bed & Breakfast,https://www.wepuglia.com/la-maison-d-bb,344 273 6585,"Contrada Cristo Re, 113",Cristo Re,,info@wepuglia.com,https,Angular,Sì,Aruba S.p.A. Network,,,,Sì,No
B&B Cateum,Bed & Breakfast,https://www.chez-cannons.com/bebcateum,371 699 0725,"Via Nicolò Montenegro, 40",Andria,,info@bebcateum.it,https,Wix,Sì,Google LLC,,,,Sì,No
AbbaNive,Alloggio completo di servizi,https://www.abbanive.it,347 923 6329,"Via Tagliamento, 17",Mamoiada,,abbanive@gmail.com,https,WordPress,No,Seeweb srl,,,,Sì,No
Affittacamere da Antonella,Bed & Breakfast,,349 721 7343,"Viale Mario Melis, 21",Posada,,,,,,,,,,,
Hotel Donatella Posada,Hotel,https://www.hoteldonatella.it,0784 178 6690,"Via A. Gramsci, 66",Posada,,booking@hoteldonatella.it,https,React,Sì,Amazon Technologies Inc.,,,,Sì,No
Affittacamere Santu Paulu,Bed & Breakfast,,347 640 3348,Località,Santu Paulu,,,,,,,,,,,
B&b La piccola maison,Bed & Breakfast,,348 558 2134,"Via Regina Elena, 19",Ploaghe,,,,,,,,,,,
Velis B&B,Bed & Breakfast,http://www.velis.it,351 565 8119,"Via Nazionale, 144",Posada,,info@velis.it,https,WordPress,No,Aruba S.p.A. Network,,,,Sì,No
Affittacamere Blue Sea,Bed & Breakfast,,329 040 8750,"Via Nazionale, 198",Posada,,,,,,,,,,,
L'EPICERIE,Bed & Breakfast,,+33 6 81 99 71 40,20 AVENUE BELLEVUE 64000,Pau,,,,,,,,,,,
"Villa Dampierre, Chambres d'hôtes, chez Sophie de GINESTET et Gilles TAILLEBRESSE",Bed & Breakfast,,+33 6 87 85 00 08,39 Av. Dufau,Pau,,,,,,,,,,,
ici64,Bed & Breakfast,,+33 6 09 07 14 81,6 All. du Hondais,Bizanos,,,,,,,,,,,
Bed and Breakfast Shiva Sassari,Bed & Breakfast,,366 320 0570,"Via Giacomo Leopardi, 6",Olmedo,,,,,,,,,,,
Menhir,Bed & Breakfast,,320 476 4312,"Via Giovanni Pascoli, 9",Olmedo,,,,,,,,,,,
Bed&Breakfast La Coccinella,Bed & Breakfast,http://www.bblacoccinella.it,079 902510,"Via E. d'Arborea, 12",Olmedo,,info@bblacoccinella.it,http,ASP.NET,No,Aruba S.p.A,,,,Sì,No
B&B ANDREA,Bed & Breakfast,,347 494 5963,"Via Alcide De Gasperi, 20",Alghero,,,,,,,,,,,
Atteros,Bed & Breakfast,http://www.atterosalghero.it,351 966 6953,"Via L. Canepa, 82",Alghero,,,https,Joomla,No,"Amazon.com, Inc.",,,,Sì,No
Affittacamere Sabbia&Mare,Bed & Breakfast,,327 491 6360,"Via Ettore Sacchi, 114 B/Interno B",Porto Torres,,,,,,,,,,,
Re Barbaro,Bed & Breakfast,,392 421 5218,"Via Fontana Vecchia, 22",Porto Torres,,,,,,,,,,,
Il Vicolo Bed and Breakfast,Bed & Breakfast,http://bbilvicolo.com,340 467 8076,"Vicolo Colonia Romana, 1/a",Porto Torres,,info@texile.it,http,ASP.NET,No,Aruba S.p.A,,,,Sì,No
B&B Diana's,Hotel,,346 307 9013,"Via Cala D'Oliva, 10",Stintino,,,,,,,,,,,
Casa al Porto,Bed & Breakfast,,393 425 4738,"Via Libio, 77",Porto Torres,,,,,,,,,,,
B&B La Casa di Ambra,Bed & Breakfast,https://la-casa-di-ambra.italygetaway.top,351 444 4309,"Via Principe di Piemonte, 50",Porto Torres,,,https,WordPress,No,Contabo GmbH,,,,Sì,No
Domo Sul Porto,Bed & Breakfast,https://www.domosulporto.it,392 386 0048,"Via Fornelli, 2",Stintino,,,https,Angular,No,"Amazon.com, Inc.",,,,Sì,No
B&B Il Porto Vecchio,Bed & Breakfast,https://hotelscheck-in.com/bbstintino/en,079 523212,"Via Tonnara, 69",Stintino,,,https,WordPress,No,"Cloudflare, Inc.",,,,Sì,No
Il Corbezzolo,Bed & Breakfast,http://www.ilcorbezzolo.it,349 881 0537,"Via Antonio Gramsci, 2",Palmas Arborea,,info@ilcorbezzolo.it,https,React,No,Hetzner Online GmbH,,,,Sì,No
MAMAS,Bed & Breakfast,,347 480 9628,"Piazza Roma, 3",Oristano,,,,,,,,,,,
NIU Rooms,Bed & Breakfast,,346 560 5691,"Via Tirso, 95",Oristano,,,,,,,,,,,
Hotel Piccada,Hotel,https://www.hotelpiccada.com,0789 709344,"Via dei Asfodeli, 6",Palau,,,https,WordPress,Sì,Netsons Network,,,,Sì,No
B&B Le Farfalle,Bed & Breakfast,https://www.lefarfalle-palau.it,351 970 9640,"Via Gallura, 5",Palau,,prenotazioni@lefarfalle-palau.it,https,WordPress,Sì,Aruba S.p.A.,,,,Sì,No
Azienda Agricola Gennemari,Servizio agricolo,,391 090 7529,Loc. Is Ergois,Perdaxius,,,,,,,,,,,
B&B Il Sogno di Mario,Bed & Breakfast,https://bb-il-sogno-di-mario.camerainitalia.top,320 092 8577,"Via Lubiana, 186",Carbonia,,,https,React,No,Contabo GmbH,,,,Sì,No
Affittacamere Su Maistu e'linna,Bed & Breakfast,,389 024 8169,"Via Municipio, 4",Cardedu,,,,,,,,,,,
Agriturismo Lerno,Alloggi al coperto,,340 934 5801,Loc. Nuraghe Lerno Circumlacuale,Pattada,,,,,,,,,,,
B&B Teresina,Bed & Breakfast,https://www.hotelitaliaweb.com/bb-teresina,070 857 1386,"Via Milano, 3",Villasalto,,,https,Shopify,No,"Cloudflare, Inc.",,,,Sì,No
Casa Mira Affittacamere,Bed & Breakfast,,070 939706,"Vico IV Vittorio Emanuele III, 23",Lunamatrona,,,,,,,,,,,
Casa Ziranu,Bed & Breakfast,https://www.casaziranu.com,329 131 0389,"Via Gonare, 29",Orani,,,https,Wix,No,Google LLC,,,,Sì,No
B&B Luce Viola,Bed & Breakfast,https://bb-luce-viola.vederelitalia.top,0784 95058,"Viale E. Fermi, 5",Dorgali,,,https,React,No,Contabo GmbH,,,,Sì,No
A Su Mulinu - Locazione turistica,Alloggio completo di servizi,,328 541 0157,"Via Santa Croce, III Trav. n°3, angolo, Via Grande, 100",Pozzomaggiore,,,,,,,,,,,
B&B Murichessa(Il Gelso),Bed & Breakfast,http://www.bebmurichessaorosei.it,345 892 3152,"Piazza del Popolo, 20",Orosei,,bebmurichessa@gmail.com,https,React,No,Aruba S.p.A. Network,,,,Sì,No
bed and breakfast Arcobaleno,Bed & Breakfast,,347 457 9835,"Via Grande, 141",Pozzomaggiore,,,,,,,,,,,
Affittacamere Villa Francesca,Bed & Breakfast,,345 720 9588,"Via Luigi Einaudi, 25",Pula,,,,,,,,,,,
Bed and Breakfast Domu Mea,Bed & Breakfast,https://hotelscheck-in.com/domumea/it,070 901109,"Via Trieste, 20",Sarroch,,,https,React,No,"Cloudflare, Inc.",,,,Sì,No
Villamereu,Bed & Breakfast,,342 184 1480,"Via Caprera, 32",Pula,,,,,,,,,,,
Villa Alberta Hotel,Hotel,http://www.villa-alberta.com,070 924 5447,"Viale Segni, 76",Pula,,prenotazioni@villa-alberta.com,https,WordPress,No,Aruba S.p.A. Network,,,,Sì,No
Camerepula,Bed & Breakfast,http://www.camerepula.it,346 875 5003,"Via Nora, 142",Pula,,info@camerepula.it,https,Shopify,No,"Cloudflare, Inc.",,,,Sì,No
Marin Hotel,Hotel,http://www.marinhotel.it,070 920 8059,"Viale Segni, 58",Pula,,info@marinhotel.it,https,WordPress,Sì,Server Plan S.r.l.,,,,Sì,No
bed and breakfast Pula,Bed & Breakfast,,349 643 1151,"Via Caprera, 32",Pula,,,,,,,,,,,
Domus Laetitiae Quartu Rooms & Apartment,Bed & Breakfast,https://www.domuslaetitiaequartu.it,349 137 6452,"Via Brigata Sassari, 56",Quartu Sant'Elena,,domusquartu@gmail.com,https,Shopify,No,Aruba S.p.A. Network,,,,Sì,No
B&B Sardinia del Sud,Bed & Breakfast,https://www.sardiniadelsud.it,333 745 1899,"Via Marco Polo, 20",Perd'e Sali,,info@sardiniadelsud.it,https,Webflow,Sì,Aruba S.p.A. Network,,,,Sì,No
Bed and breakfast stentadi,Bed & Breakfast,http://www.stentadi.it,338 771 7774,"Via Antonio Ballero, n°13",Quartucciu,,info@stentadi.it,https,WordPress,No,Aruba S.p.A.,,,,Sì,No
Bed and breakfast Al Sole di Pula,Bed & Breakfast,http://www.alsoledipula.it,349 286 4992,località su forru e sa teula,Pula,,info@alsoledipula.it,https,WordPress,Sì,OVH SAS,,,,Sì,No
B&B Domuseo,Bed & Breakfast,https://www.domuseo.it,345 237 6068,"Via Gadames, 3",Quartucciu,,,https,WordPress,No,"Amazon.com, Inc.",,,,Sì,No
Corte Cristina,Hotel,http://www.cortecristina.com,333 859 3818,Vicolo IV Nazionale,Quartucciu,,info@cortecristina.com,http,Angular,Sì,Seflow S.N.C. Di Marco Brame' & C.,,,,Sì,No
Canduleri,Bed & Breakfast,,392 629 6149,"Via Lazio, 6",Orgosolo,,,,,,,,,,,
Santu Bustianu,Bed & Breakfast,,345 839 3390,"Via Ennio Porrino, 52",Orgosolo,,,,,,,,,,,
Echoes of Pleasure,Bed & Breakfast,,346 520 2091,Via Chiesa,Putifigari,,,,,,,,,,,
B&B S'Orgosa,Bed & Breakfast,https://www.beborgosolo.it,340 224 9173,"Vico Foscolo, 2",Orgosolo,,,https,React,No,Netsons Network,,,,Sì,No
Tea House Alghero,Bed & Breakfast,https://www.teahousealghero.it,340 694 7376,"40.587673, 8.353801",Alghero,,,https,React,No,"Amazon.com, Inc.",,,,Sì,No
Affittacamere-Valverde,Bed & Breakfast,,079 973 6072,"regione Vessus, Str. Vicinale Valverde, 114, ingresso B/numero 23",Loc. Vessus,,,,,,,,,,,
B&b Peonia orgosolo,Bed & Breakfast,,348 539 1139,"Via Goffredo Mameli, 14",Orgosolo,,,,,,,,,,,
Piccola Locanda S'Ausentu,Hotel,http://www.ausentu.it,079 419229,Via Salvo d'Acquisto,Uri,,,https,Joomla,Sì,LeaseWeb Netherlands B.V.,,,,Sì,No
B&B Veranos,Bed & Breakfast,https://bb-veranos.tipsitaly.top,347 157 6715,"Via Trieste, n. 22",Orgosolo,,,https,WordPress,No,Contabo GmbH,,,,Sì,No
Alghero Resort Country Hotel,Hotel,http://www.algheroresort.it,079 986555,Str. Vicinale Carrabuffas,Alghero,,info@algheroresort.it,https,Shopify,No,OVH SAS,,,,Sì,No
Spacebility Beach,Alloggio completo di servizi,http://www.spacebility.com,371 599 7533,"Via Neapolis, 12",Quartu Sant'Elena,,,https,Shopify,No,"Cloudflare, Inc.",,,,Sì,No
Albergo Ristorante Pizzeria Sa ‘e Jana,Hotel,https://www.saejanaorgosolo.it,0784 402437,"Via Emilio Lussu, 17",Orgosolo,,,https,ASP.NET,Sì,OVH SAS,,,,Sì,No
B&B Onde Beach,Bed & Breakfast,,320 195 6247,"Via Leonardo Da Vinci, 48",Quartu Sant'Elena,,,,,,,,,,,
Villa delle Gazanie-Camera con panorama sul Golfo IUN Q8024,Villa,,347 882 8576,"CIN IT092051C2000Q8024, Via dei Ginepri, 23",Quartu Sant'Elena,,,,,,,,,,,
Albergo Bittu,Hotel,,349 068 3890,"Via Vitt. Emanuele, 39",Samugheo,,,,,,,,,,,
Unplug b&b,Bed & Breakfast,https://www.unplugbnb.it,376 225 2154,"Via S. Benedetto, 116",Quartu Sant'Elena,,unplugbnb@gmail.com,https,Shopify,No,velia.net,,,,Sì,No
Bed & Breakfast La Rosa,Bed & Breakfast,,351 538 1611,"Via Giasone, 29",Roma,,,,,,,,,,,
CINEROMA Bed & Breakfast,Hotel,https://www.cineroma.it,329 631 5327,"Via Nomentana, 316",Roma,,info@cineroma.it,https,Angular,No,Aruba S.p.A. Network,,,,Sì,No
Tiberius Suite Roma,Bed & Breakfast,https://beb.it/mikasaroma/it,351 947 7890,"Via Carlo Caneva, 42",Roma,,,https,React,No,"Amazon.com, Inc.",,,,Sì,No
B&B Di Leo,Bed & Breakfast,,320 339 4215,"Via Giuseppe Spada, 12",Roma,,,,,,,,,,,
Bed &Breakfast Roma,Bed & Breakfast,http://bbromebb.wix.com/roma,06 9887 7319,"Via Romolo Gigliozzi, 133",Roma,,,,Wix,Non trovato,Google LLC,,,,No - Pagina Non Trovata (404),No
B&B Alle Mura di San Giovanni,Bed & Breakfast,http://www.allemuradisangiovanni.com,333 377 4932,"Via Veio, 20",Roma,,info@allemuradisangiovanni.com,https,WordPress,No,Aruba S.p.A.,,,,Sì,No
B&B Marco e Laura - Affittacamere,Bed & Breakfast,http://www.marcoelaura.it,320 814 1414,"V. Aurelia, 232",Roma,,info@marcoelaura.it,https,WordPress,Sì,Hetzner Online GmbH,,,,Sì,No
Guest House DOMO Villacidro B&B,Bed & Breakfast,https://www.domorooms.com,392 576 2362,"Via S. Gavino Monreale, 22",Villacidro,,,https,WordPress,No,SEEWEB s.r.l.,,,,Sì,No
B&B L' Oleandro,Bed & Breakfast,https://bb-l-oleandro.camerainitalia.top,392 311 7894,"Via San Leonardo, 38",Serramanna,,,https,WordPress,No,Contabo GmbH,,,,Sì,No
Domu Odilia L'Esoerienza che RiSuona,Bed & Breakfast,,340 556 1920,"Via Nazionale, 185",Serrenti,,,,,,,,,,,
Acquamarina B&B (IUN E5714),Bed & Breakfast,http://www.bed-and-breakfast.it/it/sardegna/bb-acquamarina-valledoria/22599,347 382 2340,"Via Filippo Brunelleschi, 3",Valledoria,,,https,Joomla,Sì,"Amazon.com, Inc.",,,,Sì,No
Agriturismo Nuraghe Putzu Canu,Agriturismo,https://agriturismo-nuraghe-putzu-canu.mondoinviaggio.top,328 986 7464,"Loc. Putzu Canu, 07034",Perfugas,,,https,React,No,Contabo GmbH,,,,Sì,No
Albergo Antico Borgo di Lisci,Hotel,,0781 959177,"Via Villaperuccio, 23",Narcao,,,,,,,,,,,
Ristorante Pizzeria Albergo L'Antico Borgo,Ristorante,http://www.anticoborgonarcao.it,0781 959745,Via Villaperuccio,Narcao,,,http,ASP.NET,No,Aruba S.p.A.,,,,Sì,No
Agriturismo Punta Su Cunventu,Agriturismo,,340 240 9847,Località Su Cunventu,Narcao,,,,,,,,,,,
Hotel Crocus,Residence,http://www.hotelcrocus.it,070 235 4053,"Via Umberto I', 54",San Gavino Monreale,,,https,WordPress,No,Aruba S.p.A.,,,,Sì,No
Dimora B&B,Bed & Breakfast,http://www.dimorabnb.it,380 475 1522,"P.za C. Battisti, 29",San Gavino Monreale,,ladimorabedandbreakfast@gmail.com,https,WordPress,Sì,Aruba S.p.A. Network,,,,Sì,No
Roma Talenti Fucini,Bed & Breakfast,https://romatalenti.kross.travel,351 191 0101,"Via Renato Fucini, 270",Roma,,,https,Shopify,No,"Cloudflare, Inc.",,,,Sì,No
Ada Garden House - Tyron Home,Alloggio completo di servizi,,379 214 9999,Via Elena Brandizzi Gianni,Roma,,,,,,,,,,,
Bed And Breakfast Roma,Bed & Breakfast,,335 537 0955,"Via Giacomo Ciamician, 73",Roma,,,,,,,,,,,
Aniene Home Roma,Bed & Breakfast,https://www.anienehome.it,335 631 5210,"Via Fermo Corni, 11",Roma,,prenotazioni@anienehome.it,https,WordPress,No,"Cloudflare, Inc.",,,,Sì,No
Hotel Torre di Pratolungo,Hotel,https://www.torrepratolungo.it,06 4140 9235,"Via Gianni Nazareno, 2",Roma,,hotel@torrepratolungo.it,https,ASP.NET,No,Aruba S.p.A.,,,,Sì,No
B&B Orzinai Oristano,Bed & Breakfast,,339 401 4013,Via case sparse Loc. Orzinai,San Vero Milis,,,,,,,,,,,
B&B da Sandra,Bed & Breakfast,https://www.bebdasandra.it,366 215 7927,"Via Margherita di Savoia, 144",San Vero Milis,,,https,Magento,No,"Amazon.com, Inc.",,,,Sì,No
Eleonora Holiday Home 10 min from beaches,Bed & Breakfast,,351 685 0657,"Via Eleonora D'Arborea, 42",San Vero Milis,,,,,,,,,,,
Sa Domu Sarda,Bed & Breakfast,,0781 964434,"Via Piemonte, 6",Piscinas,,,,,,,,,,,
B&B Carla,Bed & Breakfast,,0781 964125,"Via Salazar, 6",Piscinas,,,,,,,,,,,
B&B Is Pabis,Bed & Breakfast,,338 343 1057,"loc. Is Pabis, 4",San Giovanni Suergiu,,,,,,,,,,,
B&B Il Mirto Bianco San Giovanni Suergiu,Bed & Breakfast,http://www.bb-ilmirtobianco.com,346 064 7934,"Via Is Langonis, 30",San Giovanni Suergiu,,bb.ilmirtobianco@gmail.com,https,React,No,Google LLC,,,,Sì,No
MuMA Hostel,Ostello,http://www.mumahostel.it,391 137 7062,"Lungomare Cristoforo Colombo, 25",Sant'Antioco,,booking@mumahostel.it,https,WordPress,Sì,Amazon Technologies Inc.,,,,Sì,No
B&B Il Sentiero - San Sperate paese museo,Bed & Breakfast,,338 212 1145,"Via Cedrino, 20",San Sperate,,,,,,,,,,,
B&B Le Terrazze isola di Sant'Antioco,Bed & Breakfast,http://www.leterrazzesantantiocobb.com,347 962 6992,"Via Giovanni Gentile, 29",Sant'Antioco,,,https,Joomla,No,Aruba S.p.A.,,,,Sì,No
B&b su neulagi,Bed & Breakfast,,340 003 9833,"Viale Italia, 7",Triei,,,,,,,,,,,
B&B Capo Altano,Bed & Breakfast,https://www.hotelscheck-in.com/bnbcapoaltanosardegna/it,338 821 1785,"Viale Sardegna, 34",Portoscuso,,,https,Shopify,No,"Cloudflare, Inc.",,,,Sì,No
"Moon's Tower | Affittacamere a Portoscuso, Sardegna",Hotel,https://www.moonstower.com,351 854 6539,"Via Torre, 6",Portoscuso,,info@moonstower.com,https,WordPress,Sì,Aruba S.p.A. Network,,,,Sì,No
B&B L'Albero dei Limoni,Bed & Breakfast,http://www.alberodeilimoni.com,347 865 1902,"V. Galileo Galilei, 14",Portoscuso,,info@alberodeilimoni.com,https,WordPress,Sì,Aruba S.p.A.,,,,Sì,No
Alba B&B,Bed & Breakfast,,347 942 8364,"Via Umbria, 57",Portoscuso,,,,,,,,,,,
Hotel Lido degli Spagnoli,Hotel,https://www.lidodeglispagnoli.com,0781 508453,"Viale Adriatico, 32",Portoscuso,,booking@lidodeglispagnoli.com,https,WordPress,Sì,Amazon Technologies Inc.,,,,Sì,No
B&B Le Ginestre,Bed & Breakfast,https://beb.it/leginestrebb,340 121 0390,"Via delle Ginestre, 6",Portoscuso,,,https,Shopify,No,"Amazon.com, Inc.",,,,Sì,No
Victoria Rooms Cagliari - LT - CIN: IT092009C2000Q8787,Bed & Breakfast,https://www.victoriarooms.com,373 520 1708,"Via Carlo Goldoni, 4",Cagliari,,,https,WordPress,Sì,SEEWEB s.r.l.,,,,Sì,No
B&B Il Porticciolo,Bed & Breakfast,http://bbilporticciolo.wixsite.com/ilmiosito,339 462 4615,"Via Garibaldi, 3",Portoscuso,,,https,React,No,Google LLC,,,,Sì,No
Hotel Don Pedro,Hotel,http://www.hotel-donpedro.com,0781 510002,"Via Amerigo Vespucci, 15",Portoscuso,,prenotazioni@hotel-donpedro.com,http,WordPress,No,Amazon Technologies Inc.,,,,Sì,No
Villa il Vento e il Mare,Bed & Breakfast,,366 532 4228,"Via Sant'Agostino, 36",Selargius,,,,,,,,,,,
B & B Il Mirto 2,Bed & Breakfast,,379 189 4512,"Via Giovanni XXIII', n° 17/A",Sant'Antioco,,,,,,,,,,,
Bed & breakfast HISTORIA MAGISTRA,Bed & Breakfast,,328 011 0025,"Lungomare Amerigo Vespucci, n4",Sant'Antioco,,,,,,,,,,,
Agriturismo B&B Lu Rotu,Bed & Breakfast,http://www.agriturismolurotu.com,335 601 4359,Strada Statale 427 della Gallura Centrale,Sant'Antonio di Gallura,,,https,WordPress,No,Aruba S.p.A. Network,,,,Sì,No
B&B La Chintina,Bed & Breakfast,,338 334 9124,Località Priatu,Priatu,,,,,,,,,,,
La Pitraia - Ristorante Bed & Breakfast,Ristorante,http://www.lapitraia.it,079 669381,"Via Calangianus, 22",Sant'Antonio di Gallura,,,https,WordPress,No,Aruba S.p.A. Network,,,,Sì,No
B&B La Casa di Pier,Bed & Breakfast,https://www.lacasadipier.it,347 791 5334,"Via S. Simplicio, 1",Olbia,,piermarioserra@gmail.com,https,WordPress,Sì,Aruba S.p.A.,,,,Sì,No
Hotel Villa Rosa,Hotel,http://www.hotelvillarosaweb.it,347 192 6249,"Via Cagliari, 53",Sarroch,,,https,Joomla,Sì,Aruba S.p.A. Network,,,,Sì,No
Villa Wunjo,Bed & Breakfast,,351 541 9544,"Viale Centrale, 5",Capoterra,,,,,,,,,,,
Pedra de Mari,Bed & Breakfast,http://www.pedrademari.com,349 002 4331,"Localita' San Barbara, 11 S.S. 195 km 24,9 direz.Pula 09018 Strada Statale 195 km 24,9",Pula,,info@pedrademari.com,https,React,Sì,OVH ISP,,,,Sì,No
Sole d'oro I.U.N. S4354,Alloggio completo di servizi,,329 565 3938,"Via delle Rose, 7",La Maddalena,,,,,,,,,,,
Coru e Mari,Hotel,https://coruemari.com,070 800 6929,"Via Monte Santo, 33",Pula,,info@coruemari.com,https,WordPress,Sì,Netsons s.r.l.,,,,Sì,No
Bed and Breakfast Gassa d’Amante,Bed & Breakfast,http://www.gassadamantebb.it,348 342 4088,"Via Europa, 27",La Maddalena,,info@gassadamantebb.it,https,Odoo,Sì,Server Plan S.r.l.,,,,Sì,No
Antica Dimora del Gruccione,Hotel,http://www.anticadimora.com,0783 552035,"Via Michele Obinu, 31",Santu Lussurgiu,,booking@anticadimora.com,https,WordPress,Sì,Amazon Technologies Inc.,,,,Sì,No
Country & Beach B&B,Bed & Breakfast,https://www.countryandbeachbnb.com,347 041 1142,loc is Piscinas,Capoterra,,crispi1340@gmail.com,https,Shopify,No,"Cloudflare, Inc.",,,,Sì,No
B&B Casa Santa Maria,Bed & Breakfast,,348 596 0815,"Via Nuoro, 1",Santu Lussurgiu,,,,,,,,,,,
Girasole Boutique B&B,Bed & Breakfast,https://girasoleboutique.com/girasole-boutique,342 529 5087,"Via Vittorio Emanuele III', 24",Riola Sardo,,girasoleboutiquebb@gmail.com,https,Canva Websites,No,"Cloudflare London, LLC",,,,Sì,No
Villa Valeria,Alloggi al coperto,,346 748 2907,"Via Emilio Lussu, 8",Riola Sardo,,,,,,,,,,,
Agriturismo Su Lau,Agriturismo,https://beb.it/sulauriolasardo,349 076 8576,"Via Luigino Bellu, 24",Riola Sardo,,,https,WordPress,No,"Amazon.com, Inc.",,,,Sì,No
L'Araucaria GuestHouse,Bed & Breakfast,http://www.araucariaguesthouse.it,328 813 6705,"Via Regina Margherita, 39",Riola Sardo,,araucaria@tiscali.it,https,Angular,No,Google LLC,,,,Sì,No
B&B S'Arrosa Antiga,Bed & Breakfast,http://www.sarrosantiga.com,347 863 8706,Via Is Lois de Susu n°15/B,Santadi,,barpor@tiscali.it,https,WordPress,Sì,Aruba S.p.A.,,,,Sì,No
Hotel Villa Santadi,Hotel,,388 989 0600,"Via Carcere, 24",Santadi,,,,,,,,,,,
B&B Cuccuru e Portu,Bed & Breakfast,,347 804 6281,"Via Bellini, 74",Santa Giusta,,,,,,,,,,,
B&B Nuraximannu,Bed & Breakfast,http://www.nuraximannu.it,331 480 0446,"Via Teulada, 69",Loc. Barrua de Basciu,,info@nuraximannu.it,http,WordPress,Sì,Aruba S.p.A. Network,,,,Sì,No
B&B Fassoi,Bed & Breakfast,https://www.hotelscheck-in.com/bbfassoisardegna/it,388 992 3962,"Via Giovanni XXIII, 399",Santa Giusta,,,https,Shopify,No,"Cloudflare, Inc.",,,,Sì,No
B&B Il Quadrifoglio VERDE E7330,Bed & Breakfast,,320 639 0770,"Via Sa Corona, 2",Senorbì,,,,,,,,,,,
B&B Le Dune,Bed & Breakfast,http://www.ledunebedandbreakfast.com,328 411 8619,"Via Italia, 303",Sant'Anna Arresi,,ledunebedandbreakfast@gmail.com,https,WordPress,No,Servereasy Srl,,,,Sì,No
Juniperus,Bed & Breakfast,,347 875 7312,"Via Torino, 72",Sant'Anna Arresi,,,,,,,,,,,
Duos apposentos bed and breakfast,Bed & Breakfast,http://www.duosapposentos.it,347 689 8522,"Via Umberto I, 27",Ozieri,,info@duosapposentos.it,http,React,No,Aruba S.p.A. Network,,,,Sì,No
B&B Casa d'Artista,Bed & Breakfast,http://www.bbcasadartista.it,339 133 3188,"Località Sa Cuighina Presso strada, Via Sos Ortos",Ozieri,,,http,React,No,Aruba S.p.A. Network,,,,Sì,No
b&b Copenaghen House,Bed & Breakfast,,351 448 4502,"Via Copenaghen, 3",Sassari,,,,,,,,,,,
B&B Antica Botte Sassari,Bed & Breakfast,,327 633 8994,"Str. Vicinale Runcu, 4",Sassari,,,,,,,,,,,
L'Accademia dei Sogni,Bed & Breakfast,https://www.hotelsitaloweb.com/laccademia-dei-sogni,340 289 2006,"Via Turritana, 41",Sassari,,,https,Shopify,No,"Cloudflare, Inc.",,,,Sì,No
B&B Viale San Pietro,Bed & Breakfast,https://www.bbvialesanpietro.it,329 016 7396,"Via Padre Manzella, 19",Sassari,,info@bbvialesanpietro.it,https,WordPress,No,Serverplan s.r.l.,,,,Sì,No
Il Vecchio Casale,Bed & Breakfast,https://www.ilvecchiocasalebnb.com,340 811 0193,"Regione l'Ena di Preddi Larentu, 44",Sedini,,,,Wix,Non trovato,Google LLC,,,,No - Pagina Non Trovata (404),No
Sa Domu Aiaia Luxury Bed and Breakfast,Bed & Breakfast,,347 632 1429,"Via Barone Melis, 15",Tuili,,,,,,,,,,,
Il borgo dell'Arcangelo,Agriturismo,http://ilborgodellarcangelo.com,340 592 4236,"Via Amsicora, 10",Tuili,,info@ilborgodellarcangelo.com,https,React,Sì,wix com inc,,,,Sì,No
Sa domu de ziu Antoneddu,Bed & Breakfast,,349 282 8599,"Via Barone Melis, n°5",Tuili,,,,,,,,,,,
B&B Sunny Residence,Bed & Breakfast,,349 479 7526,"Via Sardegna, 22",Siddi,,,,,,,,,,,
Locanda La Rosa di Sanna Fabiano,Hotel,http://www.locandalarosa.it,070 934 1057,"Via S. Agostino, 27",Pauli Arbarei,,postmaster@pec.locandalarosa.it,https,ASP.NET,No,Aruba S.p.A. Network,,,,Sì,No
Bed&Breakfast Casa Martis,Bed & Breakfast,,347 115 7969,"Via Roma, 137",Terralba,,,,,,,,,,,
Bidd'e Majori b&b,Bed & Breakfast,,340 856 5735,"Località Corr'e cani, Feraxi",San Priamo,,,,,,,,,,,
B&B Villa Luisella,Bed & Breakfast,http://tap.bio/@VillaLuisella,348 855 8515,"Via dei Ginepri, 12",L'annunziata,,,https,Shopify,No,"Fastly, Inc.",,,,Sì,No
Villa Corrias,Bed & Breakfast,https://villacorrias.wixsite.com/bbvillacorrias,347 241 0877,"Viale Marconi, 63",Siliqua,,villacorrias@gmail.com,https,React,No,Google LLC,,,,Sì,No
B&b Villa Geron,Bed & Breakfast,,340 557 0554,Via Flumendosa,San Teodoro,,,,,,,,,,,
Agriturismo Sa Murta (Sennariolo-Oristano),Agriturismo,http://www.agriturismosamurta.it,329 219 5902,Localita Peddio,Sennariolo,,info@agriturismosamurta.it,http,React,No,Aruba S.p.A,,,,Sì,No
Hotel l'Esagono,Hotel,http://www.hotelesagono.com,0784 865783,"Via Cala D'Ambra, 141",San Teodoro,,,https,React,Sì,Netsons Network,,,,Sì,No
B&B Suite Charme Porto Turistico,Hotel,,0789 754444,"Condominio il Chiostro - La Piazza del Tempo int. C021 Porto Turistico, Strada Muzzeddu, Piazza del Chiostro, 3",Santa Teresa Gallura,,,,,,,,,,,
Suite Cornelia Gallura,Bed & Breakfast,,371 658 8114,"Via Capo Testa, 21",Santa Teresa Gallura,,,,,,,,,,,
Affittacamere Angelique,Hotel,,388 352 7218,"Via del Porto, 10",Santa Teresa Gallura,,,,,,,,,,,
B&B Romeo & Juliet,Bed & Breakfast,,340 497 1174,"Via Carlo Felice, 34",Santa Teresa Gallura,,,,,,,,,,,
IsadeMar,Bed & Breakfast,https://isademar.italiavacanzeindimenticabili.top,347 627 2720,"Via Tevere, 11",Santa Teresa Gallura,,,https,WordPress,No,Ipxo LLC,,,,Sì,No
B&B da Chiara,Bed & Breakfast,,340 665 4842,"Corso Umberto, 25",Tortolì,,,,,,,,,,,
B&B Agata e gli altri,Bed & Breakfast,http://www.agataeglialtri.com,349 496 2330,"Via Papa Giovanni Paolo II, 15/A",Tortolì,,,https,WordPress,No,Aruba S.p.A. Network,,,,Sì,No
Locanda degli Artisti,Locanda,https://www.locandadegliartisti.net,347 444 7544,"Via Alghero, 10",Tortolì,,,https,WordPress,No,Aruba S.p.A.,,,,Sì,No
UMBERTO'S ROOMS,Bed & Breakfast,,334 736 9451,"Via Umberto I', 206",Jerzu,,,,,,,,,,,
Bed and Breakfast Antico Borgo,Bed & Breakfast,,0782 54365,"Via Cavour, 38",Seui,,,,,,,,,,,
On the road,Bed & Breakfast,,392 151 5329,"Via Alessandro Manzoni, 4",Telti,,,,,,,,,,,
Stalla B&B,Bed & Breakfast,https://sites.google.com/view/stalla-petra-manna/startseite,+41 79 697 57 00,Strada Statale 127 Settentrionale Sarda,Telti,,hans.thurnheer@gmail.com,https,Angular,No,Google LLC,,,,Sì,No
Piano Piano Guesthouse,Alloggio turistico,http://www.pianopianoguesthouse.it,333 505 5164,Località li Ruini 38 E,Telti,,pianopianoguesthouse@gmail.com,https,Wix,No,Google LLC,,,,Sì,No
B&B L'amaca della Felicità,Bed & Breakfast,,0789 167 0162,"Via Vittorio Emanuele, 32",Monti,,,,,,,,,,,
Casa solmes B&B affittacamere,Bed & Breakfast,http://www.casasolmes.com,348 199 4303,"Via Lombardia, 13",Olbia,,info.casasolmes@gmail.com,http,Joomla,No,Aruba S.p.A.,,,,Sì,No
RoRo Home Via Del Mare,Alloggio completo di servizi,,389 078 4510,"Via del Mare, 108",Orosei,,,,,,,,,,,
Agenzia Dessena l'Immobiliare,Agenzia immobiliare,https://www.agenziadessena.com,0784 91084,"Viale Calaliberotto, 24/26",Sos Alinos,,info@dessena.com,https,Joomla,Sì,HOSTINGER FR,,,,Sì,No
Domo Pro Vois,Bed & Breakfast,http://www.provois.it,366 340 4670,"Via Roma, 7",Orosei,,info@provois.it,https,WordPress,No,SEEWEB s.r.l.,,,,Sì,No
Hotel Gli Ulivi,Hotel,http://www.hotel-gliulivi.it,0784 98584,"Via Giacomo Matteotti, 17/F",Orosei,,booking@hotel-gliulivi.it,https,Shopify,No,Amazon Technologies Inc.,,,,Sì,No
Albergo Diffuso Mannois,Hotel,http://www.mannois.it,0784 991040,"Via La Marmora, 4",Orosei,,info@mannois.it,https,WordPress,Sì,Amazon Technologies Inc.,,,,Sì,No
Hotel Maria Rosaria,Hotel,https://www.hotelmariarosaria.it,0784 98657,"Via Grazia Deledda, 13",Orosei,,booking@hotelmariarosaria.it,https,ASP.NET,No,Hetzner Online GmbH,,,,Sì,No
Calycanto guest house,Bed & Breakfast,,347 539 2621,"Viale Valentino, 1",Tempio Pausania,,,,,,,,,,,
B&B l'Eden di Tempio Pausania,Bed & Breakfast,,333 970 4414,"Viale S. Lorenzo, 67",Tempio Pausania,,,,,,,,,,,
Affittacamere Faber,Agenzia di affitto di case per vacanze,https://www.affittacamerefaber.it,348 695 6141,"Via Nigra, 2",Tempio Pausania,,,https,WordPress,No,Aruba S.p.A. Network,,,,Sì,No
B&B Sole e Luna,Bed & Breakfast,http://bbsoleluna.com,392 298 7276,"Via Paolo Careddu, 14",Tempio Pausania,,info@bbsoleluna.com,https,ASP.NET,Sì,Aruba S.p.A. Network,,,,Sì,No
B&B Letto&Latte,Bed & Breakfast,https://www.bblettolatte.com,328 354 5022,"Via Marsala, 11",Tempio Pausania,,antonellarussino@tiscali.it,https,WordPress,No,Aruba S.p.A.,,,,Sì,No
Hammam,Ristorante,http://www.hammamrooms.com,070 980 8578,"Via Giuseppe Atzeni, 25",Senorbì,,info.hotelhammam@gmail.com,https,React,No,"Cloudflare, Inc.",,,,Sì,No
B&B Orrosica,Bed & Breakfast,,338 950 7852,"Via Roma, 254",Tertenia,,,,,,,,,,,
Hotel Punta Moros,Hotel,http://www.puntamoros.it,0782 90135,Torre San Giovanni di Sarrala s.n,Tertenia,,info@puntamoros.it,https,ASP.NET,Sì,Aruba S.p.A. Network,,,,Sì,No
Tranquillità in sardegna,Bed & Breakfast,,348 806 6484,"Via Sebastiano Melis, 56",Tertenia,,,,,,,,,,,
Domu Dina,Hotel,,340 862 8149,"Via Roma, 141",Tertenia,,,,,,,,,,,
voce del mare,Bed & Breakfast,http://suitesvocedelmare.com,350 199 5442,località dispensa 6,Tertenia,,5d1795a2db124a268f1e1bd88f503500@sentry.wixpress.com,https,Wix,No,wix com inc,,,,Sì,No
Bed and Breakfast D.e G.,Bed & Breakfast,http://www.danigianfry.it,340 909 8269,"Via Enrico Berlinguer, 6",Settimo San Pietro,,lukap69@yahoo.it,http,ASP.NET,No,Aruba S.p.A. Network,,,,Sì,No
Hotel Ristorante Janas,Hotel,http://www.hoteljanas.it,0782 909005,"Località Ante, Via Sarrala",Tertenia,,booking@hoteljanas.it,https,WordPress,Sì,Amazon Technologies Inc.,,,,Sì,No
Villa Noga Rooms,Bed & Breakfast,,334 925 3413,"Via Sant'Anna, 5",Selargius,,,,,,,,,,,
B&b la Fenice,Bed & Breakfast,,349 560 0782,"Via Giuseppe Verdi, 47",Terralba,,,,,,,,,,,
B&B Terre del Sinis,Bed & Breakfast,https://www.bebterredelsinis.com,346 324 3700,"Via Galileo Galilei, 49",Cabras,,bebterredelsinis@gmail.com,https,React,No,Google LLC,,,,Sì,No
Villa Vìvì affitta camere,Bed & Breakfast,,338 126 9842,Loc. Sa Stoas,Siniscola,,,,,,,,,,,
Sisinedda affittacamere,Hotel,,346 966 0776,"Via Iglesias, 6",Siniscola,,,,,,,,,,,
Affittacamere,Bed & Breakfast,https://www.beblarosa.it,392 374 8752,"Via Isola di Budelli, 6",La Caletta,,,https,React,No,"Amazon.com, Inc.",,,,Sì,No
Il Canarino affittacamere,Bed & Breakfast,,348 549 5461,"Via Salerno, 5",La Caletta,,,,,,,,,,,
Sardama B&B Affittacamere,Bed & Breakfast,,340 733 7307,Via Monte Nurres,Torpè,,,,,,,,,,,
Hotel L'Aragosta,Hotel,https://www.laragostahotel.it,0784 810046,"V. Ciusa, 33",La Caletta,,info@laragostahotel.it,https,Shopify,No,Aruba S.p.A,,,,Sì,No
Borgo Albador Rooms,Hotel,http://www.borgoalbador.com,0784 191 0057,SP24 LOC.Binzarena,Torpè,,borgoalbador@gmail.com,https,ASP.NET,No,"DigitalOcean, LLC",,,,Sì,No
B&B Corti Froría,Bed & Breakfast,,340 076 7883,"Via E. D'Arborea, 12a",Sinnai,,,,,,,,,,,
White House & B.,Bed & Breakfast,,342 725 0411,"Via L. Alagon, 3A",Sinnai,,,,,,,,,,,
Caletta sul mare,Bed & Breakfast,http://www.calettasulmare.it,347 700 6318,"Piazza dei Mille, 23",La Caletta,,calettasulmare@gmail.com,https,WordPress,No,Aruba S.p.A.,,,,Sì,No
Cagliari Magica Holiday Home,Bed & Breakfast,,348 340 0843,"Via Costituzione, 1",Sinnai,,,,,,,,,,,
B&B Canne al Vento E4053,Bed & Breakfast,,334 882 3330,"Via Sulcis, 20",Teulada,,,,,,,,,,,
B&B Tanca is Torus,Bed & Breakfast,,327 189 9306,"via, Via Tuveri, 29",Teulada,,,,,,,,,,,
B&B Su Frascu Segau Teulada,Bed & Breakfast,http://www.frascusegauteulada.it,345 241 5084,Loc. Su Frascu Segau,Teulada,,,https,React,No,Aruba S.p.A.,,,,Sì,No
Hotel Jasmine,Hotel,https://www.hotel-jasmine-teulada.it,333 979 5358,"Via Francesco Ciusa, 30",Teulada,,,https,WordPress,No,Aruba S.p.A.,,,,Sì,No
S'Apposentu Teuladesu,Hotel,https://www.ristorantedastefanoteulada.com,349 819 1608,"Via Regina Elena, 2",Teulada,,,https,React,Sì,Aruba S.p.A.,,,,Sì,No
AMARIS,Bed & Breakfast,,338 252 0831,"Via del Mercatino, 24",Tortolì,,,,,,,,,,,
Harmony Affittacamere,Bed & Breakfast,http://harmonyaffittacameresardegna.com,379 252 4583,"Via Pirastu, 15",Tortolì,,info@wix.com,https,React,No,wix com inc,,,,Sì,No
Villa teresina Boutique Hotel,Bed & Breakfast,https://www.villateresinaboutiquehotel.it/index.html,320 053 6376,"Via S. Martino, 9",Tortolì,,villateresina9@gmail.com,https,React,No,Aruba S.p.A.,,,,Sì,No
B&B Il Castello di Modolo,Bed & Breakfast,https://il-castello-di-modolo.dormireinitalia.top,377 696 0116,"Via Roma, 79",Modolo,,,https,React,No,Contabo GmbH,,,,Sì,No
B&B Su Giardìnu,Bed & Breakfast,https://sugiardinu.com,347 087 5665,"Via Giacomo Puccini, 28A",Sorso,,info@sugiardinu.com,https,React,Sì,Aruba S.p.A. Network,,,,Sì,No
bed & brekfast 4 mori,Bed & Breakfast,,079 353293,"Via S. D'Acquisto, 11",Sorso,,,,,,,,,,,
B&B La Bicocca-Via Umberto 15,Bed & Breakfast,http://bblabicocca.webnode.it,349 865 1594,"Via Umberto I, 15",Sorso,,bblabicocca@hotmail.com,https,React,No,Amazon Technologies Inc.,,,,Sì,No
Romeo & Giulietta - Affittacamere,Hotel,https://www.hotel-sardegna24.it/romeo-giulietta-rooms,328 771 6201,"Via Franzina, 10",Bosa,,,https,Shopify,No,"Cloudflare, Inc.",,,,Sì,No
Residenza “La Vecchia Ancora”,Bed & Breakfast,,328 337 3623,"Via Lombardia, 65",Castelsardo,,,,,,,,,,,
B&B Lago Mulargia,Bed & Breakfast,http://lagomulargia.com.es,349 113 4477,"Via Tirso, Via roma168, 25",Siurgus Donigala,,,,ASP.NET,Non trovato,arsys.es,,,,Stato Non Determinato,No
Hotel Affittacamere Garibaldi,Hotel,,329 372 2723,"Via Giuseppe Garibaldi, 6",Villasor,,,,,,,,,,,
B&B Domu Mena,Bed & Breakfast,,347 467 3661,"Via Giuseppe Verdi, 3F",Villasor,,,,,,,,,,,
B&B Casa Mascia,Bed & Breakfast,,070 743481,"Via A. Manzoni, 7",Dolianova,,,,,,,,,,,
B&B Raggio di sole,Bed & Breakfast,https://bb-raggio-di-sole.italyexperience.top,349 894 1804,"Via Trieste, 31",Dolianova,,,https,WordPress,No,Contabo GmbH,,,,Sì,No
DOMOS LORU,Bed & Breakfast,,348 756 9466,"Via Ottaviano Augusto, 3",Sestu,,,,,,,,,,,
Secrète suites,Bed & Breakfast,,379 237 5356,Via Parigi,Sestu,,,,,,,,,,,
B&B Climy,Bed & Breakfast,,345 502 6468,"Via Velio Spano, 31",Sestu,,,,,,,,,,,
B&B Le Api Cagliari,Bed & Breakfast,https://bb-le-api-cagliari.miglioriviaggi.top,349 133 3273,"Via delle Api, 12",Cagliari,,,https,React,No,Contabo GmbH,,,,Sì,No
B&B Piazza San Pantaleo,Bed & Breakfast,http://www.piazzasanpantaleo.it,340 936 0245,"Piazza S. Pantaleo, 14",Sorso,,info@piazzasanpantaleo.it,https,Joomla,No,Host SpA,64,71,92.00,Sì,No
Albergo Campidano,Hotel,,070 915 9021,"Via Antonio Gramsci, 38",Serrenti,,,,,,,,,,,
Villa Malvasio Guest House,Bed & Breakfast,https://www.villamalvasio.com,320 415 4474,"Via Giuseppe de Martini, 46c",Sassari,,info@villamalvasio.com,https,ASP.NET,No,Aruba S.p.A.,41,52,100.00,Sì,No
B&B L'ANTICA CANTINA,Hotel,,334 138 2445,"Via Dante Alighieri, 22",Usini,,,,,,,,,,,
Casa di Livia B&B,Bed & Breakfast,,0781 966491,"Via Porto Pino, 10",Sant'Anna Arresi,,,,,,,,,,,
Tiazicca B&B,Bed & Breakfast,https://www.tiazicca.com,346 012 3114,"Via Galusè, 2",Tonara,,,https,WordPress,No,"Automattic, Inc",60,75,92.00,Sì,No
Agriturismo Mattalè,Agriturismo,,339 127 4819,"Mattalè, Loc",Tonara,,,,,,,,,,,
Ristorante albergo SU TONI,Hotel,,0784 63420,"Via Italia, 19",Tonara,,,,,,,,,,,
Villa Verde,Alloggio con uso cucina,,366 866 7510,"Via Piave, 12",Tramatza,,,,,,,,,,,
B&B Sa Domo de Nonna,Bed & Breakfast,,340 370 4535,"Via Logudoro, 7",Tula,,,,,,,,,,,
B&B Mideri,Bed & Breakfast,,347 406 7354,"Via Antonio Gramsci, 3",Urzulei,,,,,,,,,,,
Gorropu Hotel _ trekking Supramonte hotel,Hotel,http://www.hotelgorropu.com,329 337 6026,"Località Ghenna Silana, SS 125-Orientale Sarda_ km 183",Urzulei,,info@hotelgorropu.com,https,WordPress,No,Amazon Technologies Inc.,57,80,92.00,Sì,No
Hotel Agugliastra,Hotel,http://www.hotelagugliastra.it,0782 615005,"Piazza Principessa di Navarra, 27",Santa Maria Navarrese,,info@hotelagugliastra.it,https,Shopify,Sì,Aruba S.p.A.,61,89,100.00,Sì,No
Montiruju Hotel,Appartamenti,http://www.montirujuhotel.com,079 585400,"Viale delle Terme, 1",Santa Maria Coghinas,,,https,WordPress,Sì,OVH SAS,57,75,92.00,Sì,No
HOTEL ARIADIMARI,Hotel,http://www.ariadimari.it,079 583119,"Via Regina Elena, 78",Valledoria,,,https,Joomla,Sì,Aruba S.p.A.,55,61,92.00,Sì,No
villa delle torri,Bed & Breakfast,,339 671 4009,loc. santu miali 3,Villa San Pietro,,,,,,,,,,,
B&B Cornelia,Bed & Breakfast,,070 907137,"Via Giacomo Puccini,, 7",Villa San Pietro,,,,,,,,,,,
Irilor Luxury B&B,Bed & Breakfast,https://irilor-luxury-bb.comeviaggiare.top,349 400 0435,"Via Piemonte, 16",Valledoria,,,https,WordPress,No,Contabo GmbH,52,83,85.00,Sì,No
L’Oasi di Franco B&B,Bed & Breakfast,http://www.oasidifranco.it,348 993 1424,"Via Cimarosa, 42",Villa San Pietro,,oasidifranco@gmail.com,https,WordPress,Sì,Aruba S.p.A.,51,82,77.00,Sì,No
Nora Guesthouse Bed and breakfast Villa Villetta Apartments,Bed & Breakfast,http://www.noraguesthousesardinia.com,320 607 4119,"Vico Sant Efisio, 25",Pula,,info@noraguesthousesardinia.com,https,WordPress,Sì,Netsons s.r.l.,56,65,92.00,Sì,No
Villa Cavalieri Country Hotel,Hotel,http://www.hotelvillacavalieri.it,070 309 9031,Baustella,Pula,,reservation@hotelvillacavalieri.it,https,WordPress,Sì,Amazon Technologies Inc.,47,69,92.00,Sì,No
B&B Gaanu Place,Bed & Breakfast,https://gaanuplace.com,348 768 3873,"Via Alghero, 5",Uri,,gaanuplce@gmail.com,https,WordPress,No,"Akamai Technologies, Inc.",57,65,92.00,Sì,No
Bed and Breakfast Villa Palma,Bed & Breakfast,,334 726 3606,"Via Principe Amedeo, 61",Pezze di Greco,,,,,,,,,,,
B&B Su Stabi Becciu,Hotel,,0783 938411,"Via Eleonora d’Arborea, 49",Usellus,,,,,,,,,,,
Agriturismo su ponti biancu,Agriturismo,,377 134 7141,"sp 48 km 8,6",Ales,,,,,,,,,,,
Sa domu de su poeta,Bed & Breakfast,https://www.supoeta.com,329 326 0693,"Via Giuseppe Garibaldi, 40",Villacidro,,info@supoeta.com,https,Shopify,Sì,Server Plan S.r.l.,63,84,92.00,Sì,No
Villa Rosanna Isola Rossa,Bed & Breakfast,https://www.isolarossa.com/case-vacanza,334 790 5618,"Corso Trinità, 80",Isola Rossa,,booking@isolarossa.com,https,WordPress,Sì,Amazon Technologies Inc.,48,76,100.00,Sì,No
"Les Lauriers, chambre d’hôtes",Bed & Breakfast,,346 365 4462,"Via Antioco Casula, 38",Siamanna,,,,,,,,,,,
Villa Asfodeli Hotel De Charme,Hotel,http://www.asfodelihotel.com,0785 315052,"Piazza Giovanni XXIII', 4",Tresnuraghes,,info@asfodelihotel.com,https,WordPress,Sì,Amazon Technologies Inc.,56,66,85.00,Sì,No
B&B Oasi di Padru,Bed & Breakfast,http://oasidipadrubnb.com.es,347 834 5647,Lungomare Alabe,Porto Alabe,,,,Odoo,Non trovato,arsys.es,59,92,85.00,Stato Non Determinato,No
Goloritzè Room and Breakfast,Bed & Breakfast,http://www.coopgoloritze.com/goloritze-room-and-breakfast,379 281 2472,"Via Orientale Sarda, 133",Baunei,,info@coopgoloritze.com,https,React,No,Hetzner Online GmbH,56,69,85.00,Sì,No
Fund e monte,Bed & Breakfast,https://fundemonte.netsons.org,346 785 2425,"Via Mazzini, 39",Baunei,,,https,WordPress,No,Netsons Network,76,98,92.00,Sì,No
Giaminera Rooms & Art Studio,Artista,,344 468 8785,"Via S. Pietro, 12",Baunei,,,,,,,,,,,
Serraenna Bedroom,Hotel,https://serraenna-bedroom.italiatips.top,379 213 9348,"Via Vittorio Emanuele, 5",Baunei,,,https,WordPress,No,Contabo GmbH,47,82,92.00,Sì,No
Monte Forru Bedrooms,Bed & Breakfast,https://www.monteforru.it,340 490 1825,"Via Canonico Sanna, 14",Baunei,,monteforru@gmail.com,https,Joomla,No,Aruba S.p.A.,61,67,92.00,Sì,No
B&B I Ciliegi Santa Maria Coghinas,Bed & Breakfast,https://bb-i-ciliegi-santa-maria-coghinas.italiadestinazioni.top,334 175 2042,"Via Gioacchino Rossini, 6",Santa Maria Coghinas,,,https,WordPress,No,Contabo GmbH,56,83,77.00,Sì,No
B&B La Pavoncella,Bed & Breakfast,,388 376 0618,"Vico I Roma, 73",Villamar,,,,,,,,,,,
Il Vecchio Ulivo Sa Tanca,Bed & Breakfast,https://il-vecchio-ulivo-sa-tanca.italydreams.top,339 712 8480,"Via Foscolo, 30",Ussassai,,,https,WordPress,No,Contabo GmbH,51,84,92.00,Sì,No
La Baita Del Cervo,Bed & Breakfast,,366 564 6908,R4F3+88,Castel di Sangro,,,,,,,,,,,
Bed & Breakfast 1421,Bed & Breakfast,http://1421.it,339 641 4721,"Via Nicola Mosca, 2",Capracotta,,,https,Joomla,No,Aruba S.p.A.,60,76,92.00,Sì,No
Il Pero Ateleta,Bed & Breakfast,https://www.ilperoateleta.it,329 449 4399,"Via Marconi, 60",Ateleta,,booking@ilperoateleta.it,https,WordPress,No,Aruba S.p.A.,56,85,92.00,Sì,No
Rifugio Sant'Elena,Bed & Breakfast,,335 744 7101,"Frazione Sant'Elena, 4",Ateleta,,,,,,,,,,,
GUEST HOUSE IN PIAZZETTA,Bed & Breakfast,,346 309 9704,Piazza Duca degli Abruzzi,Ateleta,,,,,,,,,,,
B&B Tre Raggi di Sole,Bed & Breakfast,,329 066 0082,"Vico III S. Sebastiano, 11",Villaspeciosa,,,,,,,,,,,
Agriturismo Bed & Breakfast La Casetta,Bed & Breakfast,https://bb-la-casetta.viaggiareconstile.top,347 321 1933,"Contrada Poggio, 11",Villa Santa Maria,,,https,WordPress,No,Ipxo LLC,49,84,92.00,Sì,No
Uta Bed & Breakfast Hotel di Gianluca Concu,Hotel,,392 094 8759,Via Carbonia,Uta,,,,,,,,,,,
La Stella Marina,Bed & Breakfast,,347 388 1053,"Via Roma, 12",Valledoria,,,,,,,,,,,
Hotel La Ciaccia,Hotel,http://hotellaciaccia.com,347 560 0190,"Via Cristoforo Colombo, 28",Valledoria,,info@laciaccia.it,https,Shopify,No,Hetzner Online GmbH,33,46,92.00,Sì,No
Sardinia Eco Vegan House,Bed & Breakfast,,347 747 9913,"Piazza Chiesa, 15",Zeddiani,,,,,,,,,,,
Why Not B&B,Bed & Breakfast,,340 945 1547,Contrada Fonteiaova 38bis,San Polo Matese,,,,,,,,,,,
Maison Brunetti,Bed & Breakfast,,328 574 7466,"Località Pulsone, 30",Bojano,,,,,,,,,,,
B&B Nelle stanze del Matese,Bed & Breakfast,http://www.nellestanzedelmatese.com,329 544 0287,"via Taddeo, 50",Bojano,,nellestanzedelmatese@gmail.com,https,WordPress,No,Aruba S.p.A.,56,92,100.00,Sì,No
Il Tratturo,Pizzeria,,0874 52112,SS87 Sannitica,Campolieto,,,,,,,,,,,
Il Palazzetto dei Briganti,Bed & Breakfast,https://the-palace-of-briganti.guideditalia.top,347 520 1520,"Via Roma, 10",Guardiaregia,,,https,WordPress,No,Contabo GmbH,56,73,92.00,Sì,No
B&S,Bed & Breakfast,,328 126 8633,"Contrada Monteverde, 3",Vinchiaturo,,,,,,,,,,,
B&B Campobasso Il girasole - A casa di Ale,Bed & Breakfast,,371 421 4878,"Contrada Peschiatura, n.29",Oratino,,,,,,,,,,,
B&B Colle sul mare,Bed & Breakfast,,389 249 5805,"N., Via G. Ungaretti, 2",Termoli,,,,,,,,,,,
B&B Novantatrè,Bed & Breakfast,http://www.novantatre.net,329 253 8005,"Via Giuseppe Garibaldi, 93",Campobasso,,novantatrecb@gmail.com,https,WordPress,No,"Cloudflare, Inc.",28,43,100.00,Sì,No
Hostel San Mercurio,Bed & Breakfast,,320 303 6492,"vicolo del piano, 2",Toro,,,,,,,,,,,
Dimora rurale Valerio,Bed & Breakfast,,351 904 0022,"Via Galardi, 30",Cercemaggiore,,,,,,,,,,,
ILBE bed & breakfast,Bed & Breakfast,,333 224 7382,"Via Luigi D'Amato, 13h",Campobasso,,,,,,,,,,,
B&B Cherry House Bed&Breakfast,Bed & Breakfast,http://www.cherryhousecb.com,0874 441710,"Via San Giovanni dei Gelsi, 102/A",Campobasso,,,https,Duda,No,"Cloudflare, Inc.",30,35,100.00,Sì,No
Residence Nettuno,Alloggi al coperto,https://residence-nettuno.com,320 067 0245,"Via E. Vanoni, 248",Campomarino Lido,,,https,React,No,Aruba S.p.A. Network,56,80,100.00,Sì,No
B&B Rosemary Charming Rooms,Bed & Breakfast,http://www.rosemarycharmingrooms.com,349 611 0212,"Via XXIV Maggio, 31",Termoli,,,https,Shopify,No,Aruba S.p.A. Network,60,85,77.00,Sì,No
Albadido B&B,Bed & Breakfast,https://albadido.it,348 331 1904,"Via Papa Giovanni XXIII, 9",Campomarino,,info@albadido.it,https,WordPress,No,OVH SAS,71,96,92.00,Sì,No
Residenza Glave,Hotel,https://www.residenzaglave.it,0875 530233,"Via XXIV Maggio, 7",Campomarino,,info@residenzaglave.it,https,Shopify,Sì,Host SpA,64,85,100.00,Sì,No
B&B Largo Alighieri,Bed & Breakfast,http://www.largoalighieri.it,347 658 3635,"Via Alighieri, 6",Schiavi di Abruzzo,,info@largoalighieri.it,https,WordPress,No,Aruba S.p.A.,62,80,85.00,Sì,No
La Dimora del Sergente,Bed & Breakfast,https://beb.it/dimoradelsergente,333 278 4957,"Largo del Carmelo, 9, Via V. Veneto, 14",Carovilli,,,https,Typo3,No,"Amazon.com, Inc.",75,100,100.00,Sì,No
Agriturismo Guado Cannavina,Agriturismo,https://www.agriturismoguadocannavina.it,0865 949135,"Contrada Macchia, 11",Capracotta,,info@agriturismoguadocannavina.it,https,ASP.NET,No,Aruba S.p.A. Network,64,91,73.00,Sì,No
Hotel Monte Campo,Hotel,http://www.hotelmontecampo.com,0865 945374,C.da Santa Lucia,Capracotta,,info@hotelmontecampo.com,https,Joomla,Sì,Aruba S.p.A.,53,62,85.00,Sì,No
Palumba' Di Giuliano Cesare & C. Snc,Bed & Breakfast,https://www.biancaneve.info,0865 943120,Via Giovanni Paolo II',Capracotta,,info@biancaneve.info,https,Wix,No,Google LLC,59,86,100.00,Sì,No
Albergo Conte Max,Hotel,https://albergocontemax.com,0865 221206,via Vallesorda,Capracotta,,,https,WordPress,No,"Cloudflare, Inc.",68,97,85.00,Sì,No
Masseria Monte Pizzi,Agriturismo,http://www.masseriamontepizzi.it,333 351 9849,"Via Vaglie, 40, 40",Carovilli,,info@masseriamontepizzi.it,https,WordPress,Sì,Aruba S.p.A.,51,57,92.00,Sì,No
Nel verde di Carinci,Bed & Breakfast,http://www.nelverdedicarinci.it,351 715 9756,"Via Coniglio, 45",Indiprete,,info@nelverdedicarinci.it,https,ASP.NET,No,Aruba S.p.A. Network,53,88,91.00,Sì,No
B & B L'ABBRACCIO AGNONE,Bed & Breakfast,,339 430 5025,"Corso Vittorio Emanuele, 185",Agnone,,,,,,,,,,,
Il Piccolo Principe B&B,Bed & Breakfast,https://soggiornimolise.com,338 482 3633,"Viale dei Pentri, 187",Isernia,,soggiornimolise@hotmail.com,https,Shopify,No,Amazon Technologies Inc.,51,61,100.00,Sì,No
B&B Il Tomolo,Alloggio con uso cucina,https://www.iltomoloagnone.it/BampB.htm,329 108 5057,"Via Beato Antonio Lucci, 36",Agnone,,info@iltomoloagnone.it,https,React,Sì,WeservIT,64,98,92.00,Sì,No
B&B Donna Livia,Bed & Breakfast,https://bb-donna-livia.guideditalia.top,339 863 2717,"Piazza Garibaldi, 3",Cantalupo nel Sannio,,,https,React,No,Contabo GmbH,50,84,92.00,Sì,No
Le Canoniche nel Matese,Bed & Breakfast,https://www.lecanonichenelmatese.it,328 756 0444,Località Canonica s.n,San Massimo,,lecanonichenelmatese@virgilio.it,https,WordPress,No,Aruba S.p.A.,59,87,92.00,Sì,No
Bed & Breakfast Il Girasole,Bed & Breakfast,https://bbilgirasole.wordpress.com,339 423 8411,"Via Gaetano Filangieri, 26",Santa Maria del Molise,,bbilgirasole@gmail.com,https,WordPress,No,"Automattic, Inc",93,98,100.00,Sì,No
B&B hotel La Villa,Bed & Breakfast,http://www.lavillapozzilli.it,347 610 0470,"Traversa1, Via Atinense, 9/11",Pozzilli,,lavillapozzilli@gmail.com,https,WordPress,No,"Cloudflare, Inc.",47,54,100.00,Sì,No
Locanda degli Illustri,Hotel,https://locanda-degli-illustri.mondoinviaggio.top,338 777 2273,"Corso Antonio Cardarelli, 11",Civitanova del Sannio,,,https,React,No,Contabo GmbH,63,88,85.00,Sì,No
Alla Contrada degli Asinelli,Bed & Breakfast,,329 016 6767,Contrada Costa Casale 16,Colle d'Anchise,,,,,,,,,,,
La Dimora del Passato,Bed & Breakfast,,327 582 2961,"via Chiovitti, 34",Castellone,,,,,,,,,,,
B&B MR Living,Bed & Breakfast,https://mrlivingbeb.wixsite.com/mrlivingbeb,347 378 2034,"Via Colonno, 90",Bojano,,mrliving.bojano@gmail.com,https,Wix,No,Google LLC,70,96,100.00,Sì,No
La Piana dei Mulini,Ristorante italiano,http://www.lapianadeimulini.it,0874 787330,"Strada Statale 647 Fondo Valle del Biferno, km 7",Colle d'Anchise,,info@lapianadeimulini.it,https,WordPress,No,Netsons s.r.l.,40,65,85.00,Sì,No
B&B Le Quercigliole,Bed & Breakfast,,339 773 9268,"Contrada Quercigliole, 2",Ripalimosani,,,,,,,,,,,
BnB acasaconme,Bed & Breakfast,,327 834 4583,"Via Vigna del, Signore",Lucito,,,,,,,,,,,
B&B Fuori Borgo,Bed & Breakfast,,391 724 4457,"Contrada Colle delle Api, 136",Campobasso,,,,,,,,,,,
B&B Santo Stefano,Bed & Breakfast,http://bandbsantostefano.it,0874 191 9515,"Via Moscatelli, 38",Santo Stefano,,info@bandbsantostefano.it,https,Shopify,No,Aruba S.p.A.,30,55,92.00,Sì,No
B&B Ripahome,Bed & Breakfast,,320 487 9414,"Via S. Rocco, 23",Ripalimosani,,,,,,,,,,,
B&B Albachiara,Bed & Breakfast,,348 855 1624,Contrada Pozzello,Casacalenda,,,,,,,,,,,
Suebi Rooms and apartament,Hotel,http://suebirooms.it,345 927 2548,"Corso Umberto I, 81",Termoli,,suebi2017@gmail.com,https,Shopify,No,Televideocom Srl,35,31,100.00,Sì,No
B&B Il Belvedere HOME RESTAURANT Guardialfiera,Ristorante,https://bb-il-belvedere-guardialfiera.amolitalia.top,348 962 1338,"Via Piano dei Santi, 58",Guardialfiera,,,https,React,No,Contabo GmbH,50,76,92.00,Sì,No
Art & Breakfast B&B,Bed & Breakfast,http://www.artandbreakfast.it,377 954 6955,"Corso Vittorio Emanuele, 50",Ripabottoni,,karin@artandbreakfast.it,https,WordPress,No,One.com A/S,67,73,92.00,Sì,No
Bed and Breakfast da Tina,Bed & Breakfast,http://www.bbdatina.com,340 763 2548,"Corso Umberto I, 22",Guardialfiera,,nfo@bbdatina.com,https,Angular,No,Google LLC,62,87,73.00,Sì,No
B&B Le Cinque Spighe,Bed & Breakfast,http://www.lecinquespighebb.it,0874 848223,"via Cristoforo Colombo, 20",Morrone del Sannio,,angelomastromonaco73@gmail.com,http,ASP.NET,No,Aruba S.p.A. Network,100,100,82.00,Sì,No
B&B Solelunamare,Bed & Breakfast,https://solelunamare-guest-house.itinerariitaliani.top,079 973 4127,"Viale Sardegna, 13",Alghero,,,https,React,No,Ipxo LLC,55,86,92.00,Sì,No
Villa Dama Luxury,Villa,https://www.villadamalghero.com,348 891 6327,"Unnamed Road, 07041",Alghero,,villadamaluxury@gmail.com,https,React,No,"Amazon.com, Inc.",71,90,85.00,Sì,No
Il Fabbro Chambre,Bed & Breakfast,,327 246 9584,"Viale delle Acacie, 22",Castelmauro,,,,,,,,,,,
B&B I-relais,Bed & Breakfast,http://bed-and-breakfast-europa.com.es,342 951 3529,"Contrada Serra, 1",Montefalcone nel Sannio,,,http,React,No,arsys.es,90,98,0.00,Sì,No
Agriturismo Colle Bianco,Ristorante,http://www.agriturismocollebianco.it,338 638 5424,"Contrada Colle Bianco, 2/A",Mafalda,,info@agriturismocollebianco.it,https,WordPress,No,Aruba S.p.A.,50,71,46.00,Sì,No
Hotel San Giorgio,Hotel,http://www.hotelsangiorgiocampobasso.com,0874 493619,"Via Insorti d'Ungheria, 38",Campobasso,,info@hotelsangiorgiocampobasso.com,http,WordPress,No,Hetzner Online GmbH,63,82,85.00,Sì,No
Locazione Turistica Arcobaleno “Appartamento Superior”,Bed & Breakfast,https://locazioneturisticarcobaleno.it,338 263 6770,"Via Armando Diaz, 18/F e 18/G",Roccavivara,,info@locazioneturisticarcobaleno.it,https,Shopify,No,Virtual Solution,27,36,0.00,Sì,No
Locanda Belvedere da Stefano,Ristorante,http://www.locandabelvedere.eu,338 173 0892,Località Pratola snc in frazione,Castelnuovo Al Volturno,,info@locandabelvedere.eu,https,WordPress,Sì,Aruba S.p.A.,59,75,77.00,Sì,No
B&B Gocciaverde,Bed & Breakfast,http://www.bnbgocciaverde.it,371 173 0883,Via Olmo,Rocchetta Alta,,pierluiginucci@gmail.com,https,React,Sì,HOSTINGER FR,60,60,92.00,Sì,No
Giosam Bed & Breakfast,Bed & Breakfast,https://giosam-bed-breakfast.miglioriviaggi.top,329 303 7615,"Via Atinense, 14",Pozzilli,,,https,React,No,Contabo GmbH,57,83,85.00,Sì,No
B&B Noce Spagnola,Bed & Breakfast,http://www.nocespagnola.com,389 109 3933,"Via Garibaldi, 9",Rocchetta a Volturno,,,https,WordPress,No,Aruba S.p.A.,72,67,85.00,Sì,No
Antica Neviera House,Bed & Breakfast,https://www.anticaneviera.it/it,320 869 7551,"Via Pietro da Morrone, 7",Castel di Sangro,,,https,Shopify,No,"Cloudflare, Inc.",50,60,73.00,Sì,No
Dimora Cavaliere Scioli,Bed & Breakfast,https://www.bnbmonteroduni.it,392 241 1006,"Salita del Seggio, 6",Monteroduni,,studioluigilombardi@gmail.com,https,React,No,"Cloudflare, Inc.",46,48,100.00,Sì,No
B&B La Girandola,Bed & Breakfast,,329 238 4462,"Via Cesare Battisti, 25",Villamassargia,,,,,,,,,,,
B&B Il Castello di Gioiosa Guardia,Bed & Breakfast,http://www.gioiosaguardia.it,0781 75011,"Via XXV Aprile, 15",Villamassargia,,,http,ASP.NET,No,Aruba S.p.A. Network,100,100,100.00,Sì,No
B&B La Coccinella,Bed & Breakfast,,340 816 5896,"Location.Su Muregu, 1",Villamassargia,,,,,,,,,,,
B&B La Magia,Bed & Breakfast,,340 268 6410,"via dei Pesci, 6",Iglesias,,,,,,,,,,,
Borgo La Forgia,Bed & Breakfast,http://www.borgolaforgia.it,349 420 7597,Piazzetta Mario Funaro 2,Roccasicura,,info@borgolaforgia.it,https,WordPress,No,Aruba S.p.A.,52,66,92.00,Sì,No
Hotel Palazzo Della Città,Hotel,https://palazzodellacitta.it,328 083 7306,"CIN: IT094002B4TRNA6EQU, Via Vittorio Alfieri, 1",Agnone,,,,WordPress,Sì,Server Plan S.r.l.,55,55,85.00,Sì,No
A.F. 1892 Rooms,Bed & Breakfast,https://www.af1892rooms.it,338 406 1985,"Via S. Salvatore, 3",Filignano,,,https,React,Sì,Host SpA,65,88,92.00,Sì,No
B&B 1646 Centro Storico,Bed & Breakfast,,0865 925408,"Via Giuseppe Mazzini, 20",Pozzilli,,,,,,,,,,,
A Casa di Jessi- B&B a Pozzilli,Bed & Breakfast,,339 757 2300,"Vicolo Cavaliere, 4",Pozzilli,,,,,,,,,,,
B&B Casa Tua Venafro,Bed & Breakfast,,334 250 3033,"Via Giovanni Boccaccio, 8",Venafro,,,,,,,,,,,
B&B Ambrosia,Bed & Breakfast,https://affittacamere-ambrosia.touritaliani.top,338 562 6192,"Via Cairoli, 18",Pozzilli,,,https,React,No,Contabo GmbH,46,72,92.00,Sì,No
B&B San Nazzaro,Bed & Breakfast,,347 800 2326,Via,San Nazzaro,,,,,,,,,,,
B&B La Montagnarosa,Bed & Breakfast,https://www.montagnarosa.it,329 264 9114,Via Mainarde,Castelnuovo A Volturno,,,https,React,No,DEFT.COM,66,94,92.00,Sì,No
Affittacamere Varone,Bed & Breakfast,https://varone.tripcombined.com,339 698 0957,"Via Carpinete, 13",Montaquila,,,https,React,No,Contabo GmbH,57,86,92.00,Sì,No
La Sorgente,Bed & Breakfast,https://la-sorgente.amolitalia.top,339 644 6445,"Viale Sandro Pertini, 12",Rocchetta Alta,,,https,WordPress,No,Contabo GmbH,47,81,92.00,Sì,No
Dimora Nobile,Bed & Breakfast,,389 645 3130,"Corso Vittorio Emanuele III, 28",Cercepiccola,,,,,,,,,,,
Casale Cipriani,Ristorante,http://www.casalecipriani.com,351 718 4478,"Località Molinello, Contrada Cerri",Casalciprano,,casalecipriani@gmail.com,https,React,No,"Cloudflare, Inc.",46,47,92.00,Sì,No
La Dimora di Isabella,Hotel,,335 531 9600,"Via Spartaco, 1",Cercemaggiore,,,,,,,,,,,
B&B Campobasso 30E,Bed & Breakfast,,331 315 3536,"Viale Duca d'Aosta, 30E",Campobasso,,,,,,,,,,,
Campo della Corte,Bed & Breakfast,http://www.campodellacorte.it,0824 935388,"Nucleo di Stefano, 1",Castelpagano,,,https,WordPress,No,Serverplan S.r.l.,74,94,85.00,Sì,No
Jolie Suite b&b,Bed & Breakfast,,371 628 3249,"Via Boccaccio, 5",Villasimius,,,,,,,,,,,
B&B Simius Bay,Bed & Breakfast,http://www.simiusbay.it/home-it.html,070 792 8172,"Via G. Mazzini, 42",Villasimius,,info.simiusbay@gmail.com,http,ASP.NET,No,Aruba S.p.A. Network,64,88,91.00,Sì,No
Bed and Breakfast La Rosa dei Venti,Bed & Breakfast,http://www.bedandbreakfastvillasimius.it,348 869 7130,"Via Michelangelo, 54",Villasimius,,info@bedandbreakfastlarosadeiventi.it,https,Shopify,No,Server Plan S.r.l.,67,91,92.00,Sì,No
B&B Il Piccolo Giardino,Bed & Breakfast,https://beb.it/ilpiccologiardino,349 534 6461,"Via Michelangelo, 19",Villasimius,,,https,React,No,"Amazon.com, Inc.",73,40,100.00,Sì,No
Hotel Domu Noa,Hotel,http://www.domunoahotel.it,070 792627,"Via Regina Margherita, 5",Villasimius,,info@domunoahotel.it,https,Joomla,No,Aruba S.p.A.,52,56,100.00,Sì,No
Hotel Regina Simius,Hotel,http://www.hotelreginasimius.it,070 791061,"Via Regina Elena, 34",Villasimius,,booking@hotelreginasimius.it,https,WordPress,Sì,Amazon Technologies Inc.,56,76,92.00,Sì,No
Su Mari Rooms - Guest House,Hotel,https://www.giacosrooms.it/guest-house,351 400 1025,"Via Vittorio Emanuele II, 130a",Villasimius,,info@giacosrooms.it,https,WordPress,No,Aruba S.p.A.,64,92,85.00,Sì,No
Domu Ajaju Guest House,Hotel,,351 793 8091,"Via Regina Elena, 6",Villasimius,,,,,,,,,,,
Admayora Guest House,Bed & Breakfast,http://www.admayora.com,371 415 4613,"Via Umberto I, 89A",Villasimius,,info@admayora.com,https,WordPress,No,Aruba S.p.A.,56,75,92.00,Sì,No
Hotel Sa Cralla,Hotel,http://www.hotelsacralla.it,070 887 6582,"Via Gaetano Donizetti, 2",Villasimius,,info@hotelsacralla.it,https,Angular,No,Aruba S.p.A.,56,57,75.00,Sì,No
B&B Il tramonte,Bed & Breakfast,https://www.iltramonte.it,348 523 7647,"Contrada Monteverde, 60",Monteverde,,,https,React,No,Google LLC,71,96,83.00,Sì,No
Antica Taverna del Principe - Country House,Alloggio turistico,http://www.anticatavernadelprincipe.com,351 552 8369,"Contrada Piana d'Olmo, 3",Sepino,,info@anticatavernadelprincipe.com,https,WordPress,No,Netsons s.r.l.,71,80,92.00,Sì,No
B&B Casa Nonna Vida,Bed & Breakfast,,331 724 4918,"Via Giardini, 7",Villaputzu,,,,,,,,,,,
Affittacamere Belvedere La Peonia,Bed & Breakfast,https://www.belvederelapeonia.it/it,347 938 6869,"Via delle Peonie, 12",Villaputzu,,,https,Typo3,No,"Amazon.com, Inc.",70,99,100.00,Sì,No
L'Iperico,Bed & Breakfast,http://www.monicazunicaiperico.com,328 662 1163,"Via Coste, 8",Cerro al Volturno,,1eeb89147c984dc6bc3ffafd9e6cd089@sentry.wixpress.com,https,WordPress,No,Google LLC,83,91,100.00,Sì,No
Palazzo De' Farrocco,Bed & Breakfast,http://www.palazzodefarrocco.com,345 531 2246,"Piazza S. Anna, 1",Cerro al Volturno,,palazzodefarrocco@gmail.com,https,WordPress,No,Aruba S.p.A.,55,74,92.00,Sì,No
Bactaria - Bed and Breakfast,Bed & Breakfast,https://bactariabb.wordpress.com,320 943 9014,Via Madonna delle Grotte,Rocchetta a Volturno,,,https,WordPress,No,"Automattic, Inc",61,73,75.00,Sì,No
Borgo Donna Teresa,Bed & Breakfast,https://www.borgodonnateresa.it,393 387 3576,"Localita, Via S. Nicola",Castel San Vincenzo,,info@borgodonnateresa.it,https,Angular,No,Google LLC,56,71,73.00,Sì,No
Il Giardino Dei Gelsi,Alloggi al coperto,http://www.ilgiardinodeigelsi.it,0874 761010,"Via Roma, 2",Duronia,,danygreco@libero.it,http,ASP.NET,No,Aruba S.p.A. Network,99,100,83.00,Sì,No
L'angolo fiorito,Bed & Breakfast,https://fiorito.tripcombined.com,388 363 4301,"Via Nazionale dei Pentri, 47",Castelpetroso,,,https,React,No,Contabo GmbH,57,87,92.00,Sì,No
B&B I Mulini,Bed & Breakfast,https://rafcusano.wixstudio.io/bebimulini,335 706 9171,G9XF+FW,Santa Maria del Molise,,,https,Wix,No,Google LLC,51,98,82.00,Sì,No
Residenza Sant'Andrea,Bed & Breakfast,,339 100 1100,Vico II Sant'Andrea,Campobasso,,,,,,,,,,,
BBSavoia Affittacamere Campobasso Centro,Bed & Breakfast,http://bbsavoia.com,370 724 7251,"P.za Gabriele Pepe, 13",Campobasso,,info@bbsavoia.com,http,WordPress,Sì,Aruba S.p.A. Network,30,54,77.00,Sì,No
A Casa di Gio B&B,Bed & Breakfast,,328 689 5862,"Viale Giuseppe Grassi, 138",Lecce,,,,,,,,,,,
Beautiful Lecce B&B,Bed & Breakfast,http://www.beautifullecce-beb.com,338 672 8280,"Via Lequile, 163d",Lecce,,info@beautifullecce-beb.com,http,React,No,Aruba S.p.A. Network,45,72,54.00,Sì,No
B&B Palazzo Massari Rooms,Bed & Breakfast,,337 109 1278,"Viale Oronzo Quarta, 18",Lecce,,,,,,,,,,,
San Andreas B&B,Bed & Breakfast,,342 754 9563,"Via Abruzzi, 2/A",Lecce,,,,,,,,,,,
Nonna Jole B&B,Bed & Breakfast,http://www.nonnaiole.it,347 638 0695,"Via Guglielmo Paladini, 26",Lecce,,info@nonnaiole.it,http,React,No,Aruba S.p.A.,80,65,91.00,Sì,No
Dimora ORU,Bed & Breakfast,https://www.dimoraoru.it,388 625 6444,Via Antonio Lenio,Lecce,,info@palazzosansonetti.it,,Joomla,No,Server Plan S.r.l.,60,80,85.00,Sì,No
Madigans Rooms B&B,Bed & Breakfast,http://www.madigansrooms.it,0832 238599,"Via Rudiae 2, Viale Giuseppe Grassi, 69",Lecce,,info@madigansrooms.it,http,WordPress,No,Aruba S.p.A.,22,56,85.00,Sì,No
Palazzo Bignami B&B,Bed & Breakfast,http://www.palazzobignami.com,348 361 6186,"Via Lombardia, 6",Lecce,,info@palazzobignami.com,https,React,Sì,Google LLC,66,67,100.00,Sì,No
Le Mura di Lecce B&B,Bed & Breakfast,http://www.lemuradilecce.it,338 388 5596,"Via Don Bosco, 25",Lecce,,,https,WordPress,No,Aruba S.p.A. Network,50,66,77.00,Sì,No
B&B Kalurya,Bed & Breakfast,,392 842 8250,"Via Don Bosco, 47",Lecce,,,,,,,,,,,
Antiche Volte B&B,Bed & Breakfast,http://www.antichevoltelecce.com,333 382 5226,"Via Antonello Coniger, 22",Lecce,,booking@antichevoltelecce.com,http,WordPress,Sì,Servereasy Srl,35,67,92.00,Sì,No
Belmonte-Holiday,Bed & Breakfast,,348 917 5506,"Via Cardarelli, 8",Belmonte del Sannio,,,,,,,,,,,
B&B Tirassegno,Bed & Breakfast,,328 154 1304,"Via Pasquale e Ettore Marinelli, 11",Agnone,,,,,,,,,,,
La Locanda del Buongustaio,Locanda,http://www.locandalalli.it,0874 733168,"Via Piè la Terra, 32",Bonefro,,locandalalli@libero.it,http,ASP.NET,No,Aruba S.p.A. Network,99,100,100.00,Sì,No
Pizzeria Pub 17,Pizzeria,https://pizzeria-pub-17.bellaitaliatrips.top,0874 191 9447,"Piazza Municipio, 96",Bonefro,,,https,React,No,Contabo GmbH,50,85,85.00,Sì,No
Bed and Breakfast Casale la Civetta,Bed & Breakfast,,328 807 6903,RW7V+7V,Larino,,,,,,,,,,,
Agriturismo Torre di Magliano,Agriturismo,,0874 728536,"86047, Provincia di Campobasso, Contrada Torre Magliano, snc",Santa Croce di Magliano,,,,,,,,,,,
Solelago,Ristorante di pesce,http://www.solelago.com,0874 840198,Contrada Difesa delle Camerelle,Guardialfiera,,info@solelago.com,http,Basekit,No,Aruba S.p.A.,47,60,92.00,Sì,No
Antica Fonte,Bed & Breakfast,,347 186 7290,"Via S. Bartolomeo, 330",Bojano,,,,,,,,,,,
The River House Bojano,Bed & Breakfast,https://www.theriverhouse.it,349 846 0967,"Via Fiumicello, 25",Bojano,,antoniostaniscia79@gmail.com,https,Joomla,No,Aruba S.p.A. Network,66,75,92.00,Sì,No
Boutique Hotel Palazzo Corso Umberto,Bed & Breakfast,http://www.palazzocorsoumberto.it,389 570 8265,"Corso Umberto I, 19",Bojano,,,,WordPress,Non trovato,Aruba S.p.A.,100,100,73.00,,No
Dimora il Tartufo Relax e Benessere Spa,Spa,http://www.dimorailtartufo.it,328 096 3870,"Via Alessandro Manzoni, 53",Busso,,,https,React,No,Google LLC,71,56,83.00,Sì,No
BED AND BREAKFAST ACANTO,Bed & Breakfast,,338 203 7923,"via nazionale, Via nazionale",Macchia d'Isernia,,,,,,,,,,,
La Masseria di Antonio e Teresina,Hotel,https://lamasseria.tripcombined.com,339 288 5527,"via fonticelle, 44",Colli a Volturno,,,https,React,No,Contabo GmbH,57,87,92.00,Sì,No
B&B Contea Sannita,Bed & Breakfast,http://www.conteasannita.it,333 744 6141,"Via Eustachio, 99",Gambatesa,,ange.testa@gmail.com,http,ASP.NET,No,Aruba S.p.A. Network,65,99,91.00,Sì,No
Bed and Breakfast IL CAVALIERE,Bed & Breakfast,https://cavaliere.tripcombined.com,338 145 1331,"Via Foglia, 1",Pozzilli,,,https,React,No,Contabo GmbH,57,88,92.00,Sì,No
Antica Trattoria Bacco H&W,Hotel,http://www.anticatrattoriabacco.it,0824 937344,"Corso Municipio, 121/a",Circello,,,https,React,Sì,Aruba S.p.A.,28,76,82.00,Sì,No
Agriturismo La Ginestra,Agriturismo,https://www.laginestra.info,333 717 4388,"C.da Galardi, 57",Cercemaggiore,,,https,Angular,No,Aruba S.p.A.,56,71,77.00,Sì,No
B&B La Marella,Bed & Breakfast,,338 690 7132,C.da Rigaini 79 - Località Marella,Agnone,,,,,,,,,,,
BB/Casavacanze Corneto,Bed & Breakfast,https://www.bbcorneto.it,340 239 2427,Contrada Corneto,Bomba,,,https,Laravel,No,"Amazon.com, Inc.",68,93,100.00,Sì,No
Casa Natale di Vincenzo Cuoco,Hotel,,349 868 7335,"Via Vincenzo Cuoco, 9",Civitacampomarano,,,,,,,,,,,
Hotel Lo Smeraldo,Hotel,https://hotelricevimentilosmeraldo.it,333 618 2267,"Contrada Canneto, 1",Roccavivara,,,https,WordPress,No,"Cloudflare, Inc.",63,95,92.00,Sì,No
Bed & Breakfast Il Riparo,Bed & Breakfast,https://bed-breakfast-il-riparo.viaggiareconstile.top,347 661 0936,Contrada Pizzica,Guardialfiera,,,https,React,No,Ipxo LLC,47,80,92.00,Sì,No
B&B Selvaggio Blu,Bed & Breakfast,http://www.bbselvaggioblu.com,338 951 3132,"Via Galileo Galilei, 23",Baunei,,,,WordPress,Non trovato,Aruba S.p.A.,,,,,No
Bed & Breakfast Sa Mangaliana,Bed & Breakfast,,338 481 1669,"Via Cesare Battisti, 145",Villagrande Strisaili,,,,,,,,,,,
Residenza Skanderbeg,Bed & Breakfast,https://residenza-skanderbeg.touritaliani.top,338 542 0284,"Via Roma, 39",Montecilfone,,,https,WordPress,No,Contabo GmbH,51,67,92.00,Sì,No
Hotel Ristorante Il Nido Dell'Aquila,Hotel,http://www.ilnidodellaquila.com,320 352 8096,Località su settili,Villanova Strisaili,,,https,React,No,Google LLC,78,95,69.00,Sì,No
Hotel Orlando Experience,Hotel,http://www.hotelorlandosardegna.com,0782 32823,Localita Santa Barbara,Villagrande Strisaili,,info@hotelorlandosardegna.com,https,React,No,Simply Transit Ltd,56,69,85.00,Sì,No
Villa Augusta Ristorante,Ristorante,,333 309 8436,"Viale Arciprete Emilio Battista, 61",Civitanova del Sannio,,,,,,,,,,,
Bed & Breakfast L'Eglise,Bed & Breakfast,,333 853 9437,"Via G. Sanchez, 1",Montefalcone nel Sannio,,,,,,,,,,,
B&B Il Melograno,Bed & Breakfast,,346 412 9270,"P.zza Mazzini, 6",Celenza sul Trigno,,,,,,,,,,,
B&B La Rosa,Bed & Breakfast,https://bnblarosa.it,338 307 1503,"Via Parri, 2",San Salvo,,info@bnblarosa.it,https,WordPress,Sì,"Cloudflare, Inc.",54,61,100.00,Sì,No
Radices Bed & Breakfast,Bed & Breakfast,https://www.radices.it,350 001 9764,"ingresso su, 83A Contrada Coste di Oratino, Via Santa Lucia",Campobasso,,,https,Shopify,No,"Amazon.com, Inc.",86,88,100.00,Sì,No
B&B In Piazza,Bed & Breakfast,,333 231 7270,"P.za della Libertà, 13",Mafalda,,,,,,,,,,,
B&B Sapore di Mare Beach,Bed & Breakfast,,345 659 1267,"Piazzale Verrazzano, 22",San Salvo Marina,,,,,,,,,,,
Agriturismo ESSENTIA Dimora Rurale camere,Agriturismo,http://www.agriturismoessentia.com,329 862 6004,"Contrada Bosco, 21",Larino,,info@agriturismoessentia.com,https,WordPress,Sì,Server Plan S.r.l.,56,65,85.00,Sì,No
B&b La casa dei nonni,Bed & Breakfast,https://lacasadeinonnibnb.it,327 993 9110,"Via Tevere, 6",San Salvo,,lacasadeinonni2023@gmail.com,https,React,No,"Cloudflare, Inc.",60,77,92.00,Sì,No
Al Settimo Cielo,Ristorante,http://www.alsettimocielo.com,0875 967456,SP163,Montenero di Bisaccia,,,http,ASP.NET,No,Ting Fiber Inc.,99,99,91.00,Sì,No
Residence Piccolo Marte,Hotel,https://residence-piccolo-marte.camerainitalia.top,388 046 1054,"Via Alcide De Gasperi, 18",Montenero di Bisaccia,,,https,WordPress,No,Contabo GmbH,51,84,85.00,Sì,No
Corte Reale Luxury B&B,Bed & Breakfast,https://www.cortereale.com,348 190 8557,"Via Stingi, 41",San Salvo,,info@cortereale.com,https,WordPress,No,Server Plan S.r.l.,64,85,100.00,Sì,No
Affittacamere Il Colle,Hotel,https://affittacamere-il-colle.dormireinitalia.top,351 638 6094,"Via Colle, 3",Faicchio,,,https,WordPress,No,Contabo GmbH,48,82,92.00,Sì,No
B&B Valle di Gioia,Bed & Breakfast,https://www.valledigioia.it,339 126 0413,"Via Monte Antico - Contrada Valle di Gioia, 8",Guglionesi,,,https,WordPress,No,SEEWEB s.r.l.,54,71,91.00,Sì,No
Cairoly Rooms,Bed & Breakfast,https://www.cairolyrooms.com,334 648 3700,"Via Cairoli, 9",Termoli,,,https,React,No,Google LLC,66,80,83.00,Sì,No
Villa Angiolina Molise,Bed & Breakfast,http://www.villaangiolina.com,320 271 1360,"Contrada S. Vito, 6",Guglionesi,,info@villaangiolina.com,https,React,No,Leaseweb Canada Inc.,45,67,82.00,Sì,No
B&B La Corte dei Morra,Bed & Breakfast,https://bb-la-corte-dei-morra.touritaliani.top,347 853 9044,"Via Anfiteatro, 15",Venafro,,,https,React,No,Contabo GmbH,56,84,92.00,Sì,No
Bed and Breakfast Airone,Bed & Breakfast,http://www.affittacamereairone.com,328 717 2414,Via Le Foci,Villetta Barrea,,,http,ASP.NET,No,Aruba S.p.A. Network,95,99,92.00,Sì,No
Bed Breakfast La Casa del Mastro,Bed & Breakfast,,339 672 1543,Via Molino Vecchio,Scontrone,,,,,,,,,,,
Hotel Il Tiglio,Hotel,http://www.hoteliltiglio.com,0864 847276,"Via XX Settembre, 132/136",Castel di Sangro,,info@hoteliltiglio.com,https,WordPress,No,Aruba S.p.A. Network,62,80,77.00,Sì,No
B&B La Fortezza dei Sanniti,Bed & Breakfast,http://www.lafortezzadeisanniti.it,347 375 2463,"Via Fontanelle, 18",Isernia,,,https,Joomla,No,Hetzner Online GmbH,42,82,91.00,Sì,No
Agriturismo Masseria Testa Ciruglio,Agriturismo,,329 865 6291,Contrada Grotte,Jelsi,,,,,,,,,,,
Pizzeria Antichi Sapori - Roxy Bar,Bar,https://pizzeria-antichi-sapori-roxy-bar.metadaesplorare.top,0874 710355,"Piazza Umberto I, 22",Jelsi,,,https,React,No,Ipxo LLC,60,83,85.00,Sì,No
Residenza Marcelli,Bed & Breakfast,,328 215 5049,"Corso Marcelli, 300",Isernia,,,,,,,,,,,
B&B La Finestra sulle Mainarde,Bed & Breakfast,,339 236 3743,"Vico Campagnale, 24",Isernia,,,,,,,,,,,
B&B La piazzetta,Bed & Breakfast,https://bb-la-piazzetta.italiavacanzeindimenticabili.top,348 266 5234,"Vico Annunziata, 4",Isernia,,,https,WordPress,No,Ipxo LLC,48,84,92.00,Sì,No
B&B Villa Maria Paola Isernia,Bed & Breakfast,,340 734 4047,"Contrada Pezzelle, Via Colle Roseto, 10",Isernia,,,,,,,,,,,
B&B La Contessa,Bed & Breakfast,https://contessa.bedsandhotels.com,328 958 9761,"Viale dei Pentri, 239",Isernia,,,https,React,No,Hetzner Online GmbH,48,94,91.00,Sì,No
B&B SoleLuna,Bed & Breakfast,https://beb.it/solelunaisernia,388 114 2660,"IS, Via Ramiera Vecchia, 23",Isernia,,,https,Joomla,No,"Amazon.com, Inc.",72,99,100.00,Sì,No
PARK HOTEL CAMPITELLI,Hotel,https://www.parkhotelcampitelli.it,0874 823541,"Via S. Benedetto, 1",Larino,,,https,WordPress,No,Server Plan S.r.l.,83,95,83.00,Sì,No
Agriturismo Sorgente di Luna,Agriturismo,http://www.sorgentediluna.it,320 617 7697,"Contrada Guardiola, 2",Larino,,contatti@sorgentediluna.it,http,React,No,Aruba S.p.A. Network,62,64,100.00,Sì,No
Albergo Diffuso Borgo delle Fonti,Hotel,https://www.molisewow.com/borgodellefonti,334 785 7284,"Via Trento, 3",Acquaviva Collecroce,,pardo@molisewow.it,https,Wix,Sì,Google LLC,60,95,100.00,Sì,No
"perbacco ristorante, b&b & spa",Bed & Breakfast,http://www.xbacco.net,340 534 5128,"Via Municipio, 1/a",Sant'Angelo Limosano,,contacts@esbnyc.com,https,Nicepage,No,Aruba S.p.A. Network,56,93,91.00,Sì,No
Country House Il Casale del Barone,Bed & Breakfast,https://country-house-il-casale-del-barone.italiacongusto.top,0865 427091,"Via Vigne del Signore, 17",Sant'Agapito,,,https,WordPress,No,Ipxo LLC,50,89,0.00,Sì,No
Paradise rooms,Bed & Breakfast,,331 702 7108,SP105,Ripabottoni,,,,,,,,,,,
Re Di Cuori Hotel,Hotel,http://www.hotelredicuori.it,0823 922676,"Via Ceraselle, 156",Caianello,,info@hotelredicuori.it,https,React,No,Aruba S.p.A.,59,85,100.00,Sì,No
B&B Marilù,Bed & Breakfast,https://bebmarilu.jimdofree.com,348 160 3399,"Via Fratelli Ruffini, 19",Termoli,,,https,React,No,"Cloudflare, Inc.",57,87,92.00,Sì,No
Bed And Breakfast La Neviera,Bed & Breakfast,,328 787 0070,"Via Ciurcia, 16",Macchiagodena,,,,,,,,,,,
Rambling Rooms,Bed & Breakfast,http://campomarino.com.es,375 686 7179,"Via G. Di Vittorio, 29",Campomarino,,,,ASP.NET,Non trovato,arsys.es,52,89,85.00,Stato Non Determinato,No
Zio Tonino B&B Country House,Bed & Breakfast,http://www.ziotonino.it,334 844 4943,"Via Mincio, 100",Termoli,,info@ziotonino.it,https,WordPress,No,Netsons Network,43,91,85.00,Sì,No
B&B da Manuela,Bed & Breakfast,,346 150 4330,"Contrada Santo Janni, 72",Macchiagodena,,,,,,,,,,,
La Taverna - Case Albergo - Noleggio e-bike,Hotel,,335 825 3568,"Via Guglielmo Marconi, 8",Frosolone,,,,,,,,,,,
B&B La Torre,Bed & Breakfast,,388 196 8097,"Via Torre, 36",Frosolone,,,,,,,,,,,
Agriturismo Aia Della Foresta,Agriturismo,,339 765 2012,Contrada Foresta,Macchia Valfortore,,,,,,,,,,,
B&B Fontana Vecchia,Bed & Breakfast,,333 305 6007,"Piazza Fontana Vecchia, 2",Sant'Elia a Pianisi,,,,,,,,,,,
Il Portale B&B,Bed & Breakfast,,0874 817656,Vico Colle del Rosso IV,Pietracatella,,,,,,,,,,,
B&b Il Castello,Bed & Breakfast,,379 260 2956,"Via coste lunghe, 7",Castel di Sangro,,,,,,,,,,,
Masseria D'Achille,Bed & Breakfast,https://www.masseriadachille.it,338 976 5393,Località Colle Rotondo,Castel di Sangro,,masseriadachille@gmail.com,https,WordPress,Sì,Netsons Network,79,83,92.00,Sì,No
Gerberarooms,Alloggio completo di servizi,https://www.gerberarooms.it,0865 708014,"Via Atinense, 27/A",Pozzilli,,gerberaaffittacamere@gmail.com,https,WordPress,Sì,Aruba S.p.A.,64,87,92.00,Sì,No
B&B Al Borgo antico Pozzilli,Bed & Breakfast,https://bb-al-borgo-antico-pozzilli.dormireinitalia.top,351 400 4052,"Via Fontanavecchia, snc",Pozzilli,,,https,WordPress,No,Contabo GmbH,52,85,85.00,Sì,No
B&b Sud e Magia,Bed & Breakfast,,328 555 7522,Via Lecine,San Vittore del Lazio,,,,,,,,,,,
B&B Re Umberto,Bed & Breakfast,http://www.reumberto.com,388 887 4544,"Contrada Montalfano, 53",Cupello,,info@reumberto.com,https,React,No,Server Plan S.r.l.,56,82,100.00,Sì,No
Villa Angela,Bed & Breakfast,http://www.bebvillaangela.it,338 415 9590,"Via Polercia, 18",San Salvo,,,http,ASP.NET,No,Aruba S.p.A. Network,89,100,91.00,Sì,No
B&B UN PASSO DAL MARE San Salvo Marina,Bed & Breakfast,,348 637 8556,"SS16, SS 16, 202",San Salvo Marina,,,,,,,,,,,
Castello di Ripa,Alloggi al coperto,http://www.castellodiripa.it,0874 64748,"Piazza del Popolo, 1",Ripalimosani,,info@castellodiripa.it,http,ASP.NET,No,WIIT AG,94,98,82.00,Sì,No
B&B Ciocca,Bed & Breakfast,http://www.bedandbreakfastciocca.com,393 838 8873,"Contrada Sambuco, 13B",Ferrazzano,,info@bedandbreakfastciocca.com,https,WordPress,Sì,OVH SAS,56,86,92.00,Sì,No
Dimora Donna Dora,Albergo benessere,http://www.dimoradonnadora.it,327 187 4847,"Strada Porta S. Martino, 14",San Martino in Pensilis,,info@dimoradonnadora.it,https,WordPress,No,Netsons s.r.l.,70,88,92.00,Sì,No
Baita Pavo',Bed & Breakfast,https://www.baitapavo.com/it,329 628 6222,Contrada Maiella,Trivento,,,https,ASP.NET,No,IONOS SE,44,44,75.00,Sì,No
B&B Il Gatto Pescatore,Bed & Breakfast,http://www.bed-and-breakfast.it/pagina.cfm,333 241 8369,Via Lungomare C. Colombo 101/a,Stintino,,,https,React,Sì,Amazon Technologies Inc.,57,84,92.00,Sì,No
B&B Al Martin Pescatore,Bed & Breakfast,http://www.almartinpescatore.it,079 520060,"Via Tonnara, 30",Stintino,,info@almartinpescatore.it,https,ASP.NET,No,Aruba S.p.A. Network,90,98,92.00,Sì,No
Ancòramare,Hotel,https://www.ancoramare.com,348 718 3683,"Via la Cruzitta, 81",Stintino,,,https,Joomla,No,Aruba S.p.A.,59,87,82.00,Sì,No
Hotel Geranio Rosso,Hotel,,079 523292,"Via XXI Aprile, 8",Stintino,,,,,,,,,,,
Residence Hotel La Pelosetta,Appartamenti,https://www.stintinohotels.com/residence-hotel-la-pelosetta,079 527188,"Viale la Pelosa, 35",Stintino,,commerciale@stintinohotels.com,https,Angular,Sì,Aruba S.p.A.,33,50,85.00,Sì,No
B&B Sa Corte,Bed & Breakfast,,348 858 5496,"SP57, 14",Palmadula,,,,,,,,,,,
Hotel Cala Reale,Hotel,http://www.calareale.it,079 523127,"Via Cala di Rena, 1",Stintino,,info@calareale.it,https,React,Sì,"Cloudflare, Inc.",47,60,92.00,Sì,No
Casa Lory,Appartamenti,http://www.holidaycasalory.it,380 234 5678,"Via Giuseppe Fiorante, 8",Civitanova del Sannio,,,https,Joomla,No,Host SpA,84,97,83.00,Sì,No
Agriturismo Monte Cesima,Agriturismo,,348 149 2106,Strada Comunale per Cesima - C.da Pianella Rotonda,Sesto Campano,,,,,,,,,,,
Villa Rosanna b&b,Bed & Breakfast,,333 732 0425,"Via Santo Spirito, 2",Caianello,,,,,,,,,,,
A Uardia,Bed & Breakfast,,351 375 9988,"Via Roma, 20 Bis",Tora e Piccilli,,,,,,,,,,,
Masseria Mastrangelo,Agriturismo,,334 572 4343,"via portelle, 17",Prata Sannita,,,,,,,,,,,
Country House Salisu' Di Bartolomeo De Petrillo,Agriturismo,http://www.countryhousesalisu.it,338 455 1342,"km 159, strada statale casilina, Via pozzaccio, 3",Mignano Monte Lungo,,,,WordPress,Non trovato,Aruba S.p.A.,99,99,36.00,,No
Soffio di Mare - Camogli,Bed & Breakfast,https://www.soffiodimare.it,348 382 3056,"Scalinata Martiri delle Foibe, 21/1",Camogli,,info@soffiodimare.it,https,Shopify,Sì,"Amazon.com, Inc.",68,73,100.00,Sì,No
Albergo Bandoni,Hotel,http://www.albergobandoni.it,0185 187 0900,"Via Marsala, 24",Rapallo,,albergo.bandoni@libero.it,https,Webflow,Sì,Aruba S.p.A. Network,60,67,91.00,Sì,No
B&B La Gioia,Bed & Breakfast,,339 148 8253,"Via S. Fortunato, 5",Camogli,,,,,,,,,,,
Stella Marina,Bed & Breakfast,http://www.stellamarinacamogli.com,0185 774462,"Via Gio Bono Ferrari, 16",Camogli,,info@stellamarinacamogli.com,https,Contiki CMS,Sì,Equinix (EMEA) Acquisition Enterprises B.V.,55,66,85.00,Sì,No
Gatetothewild,Bed & Breakfast,,340 429 0112,Via Dezerega 122 Coreglia ligure,Genova,,,,,,,,,,,
Hotel Mignon Posta,Hotel,http://www.hotelmignonposta.it,0185 230230,"Via Mons. Cesare Boccoleri, 12/1",Rapallo,,info@hotelmignonposta.it,https,WordPress,No,"Cloudflare, Inc.",57,72,85.00,Sì,No
Portico del Barone,Bed & Breakfast,,338 686 0761,"Via Regina Margherita, 66",Montorio nei Frentani,,,,,,,,,,,
B&B Creta Rossa,Bed & Breakfast,,333 139 2285,"Via Coriolano, 6",Larino,,,,,,,,,,,
Hotel San Desiderio,Hotel,http://www.hotelsandesiderio.com,0185 66717,"Via Privata S. Desiderio, 4",Rapallo,,,https,Joomla,No,Aruba S.p.A.,38,46,92.00,Sì,No
Hotel Don Giovanni,Hotel,https://www.hoteldongiovanni.it,328 127 2608,"Via Camillo Benso Conte di Cavour, 1",Ururi,,,https,Weebly,Sì,"Cloudflare, Inc.",59,73,100.00,Sì,No
Hotel B&B Ristorante La Cona,Hotel,http://www.lacona.info,0865 832241,"Via Garibaldi, 199",Pescolanciano,,mail@lacona.info,http,React,No,Register.IT S.p.A,67,89,82.00,Sì,No
La Locanda,Ristorante,https://la-locanda.mipiacelitalia.top,331 236 8082,Località Il Parco,Carovilli,,,http,React,No,Contabo GmbH,57,83,85.00,Sì,No
Pozzilli Affittacamere Appartamenti,Hotel,https://pozzilli-affittacamere-appartamenti.blogspot.com,339 222 7763,"III, Traversa di Via Atinense, 3A",Pozzilli,,,https,React,No,Google LLC,89,99,92.00,Sì,No
Bed and Breakfast Il Gregge,Bed & Breakfast,http://www.laportadellemeraviglie.com,347 638 9913,"Via Colle Della Fonte, 2",Borrello,,,http,ASP.NET,No,Aruba S.p.A. Network,97,80,73.00,Sì,No
Villa Mammarè,Bed & Breakfast,,327 286 9220,"Via Sandro Pertini, 52",Sant'Agapito,,,,,,,,,,,
B&B La Palma,Bed & Breakfast,https://beb.it/lapalma,329 085 3586,"Via Marinelli, 5",Petacciato Marina,,,https,Magento,No,"Amazon.com, Inc.",56,94,100.00,Sì,No
B&B Colle Selvotta,Bed & Breakfast,http://www.bebcolleselvotta.it,347 243 0648,"Via Selvotta, 11",Vasto,,info@bebcolleselvotta.it,https,React,No,Aruba S.p.A. Network,64,93,0.00,Sì,No
Villa Alba,Villa,https://www.villaalbapetacciato.it,377 156 4972,"Piazza della Comunità Europea, 13",Petacciato,,info@villaalbapetacciato.it,http,React,No,Netsons s.r.l.,70,88,100.00,Sì,No
Casetta Margret,Bed & Breakfast,https://margret.tripcombined.com,328 711 3611,"Tratturo Contrada, Via Porcareccia, 15",Bojano,,,https,React,No,Contabo GmbH,57,91,92.00,Sì,No
Residenza Ortensia - Petacciato -,Bed & Breakfast,http://www.residenzaortensia.it,328 043 9391,"Italia, 59",Petacciato,,,https,WordPress,No,Aruba S.p.A.,25,51,100.00,Sì,No
Campanile Affitta Camere - Trivento,Bed & Breakfast,,324 686 4734,"Salita Cattedrale, 17",Trivento,,,,,,,,,,,
Al Melograno - Bed&Breakfast,Bed & Breakfast,https://al-melograno-bedbreakfast.mipiacelitalia.top,347 493 7269,"Via M. Terenzio Varrone, 5",Venafro,,,https,WordPress,No,Contabo GmbH,54,84,85.00,Sì,No
Dimora delPrete di Belmonte Residenza d'Epoca,Bed & Breakfast,https://www.dimoradelprete.com,366 174 9108,"Via Cristo, 49",Venafro,,info@dimoradelprete.it,https,WordPress,No,Aruba S.p.A.,59,76,92.00,Sì,No
Venafro Palace Hotel,Hotel,http://www.venafropalacehotel.it,0865 904437,SS 85 Venafrana,Venafro,,,https,WordPress,No,Server Plan S.r.l.,61,84,92.00,Sì,No
Bed and breakfast SAN LORENZO,Bed & Breakfast,http://bbsanlorenzo.com,328 455 1061,"Contrada S. Lorenzo, SP16",Albano di Lucania,,,https,Joomla,Sì,Aruba S.p.A.,56,49,85.00,Sì,No
B&B Cielo Stellato,Bed & Breakfast,,366 663 9053,"Via Torretta, 134",Possidente,,,,,,,,,,,
Fenì Home Bed & Breakfast Tricarico,Bed & Breakfast,http://www.fenihome.it,338 742 7320,"Via Scotellaro Rocco, 68",Tricarico,,,https,Joomla,Sì,Aruba S.p.A.,34,80,92.00,Sì,No
LA ROSA DEL BARONE,Bed & Breakfast,https://rosabarone.tripcombined.com,392 884 9833,"Via Vittorio Emanuele III, 29",Cancellara,,,https,React,No,Contabo GmbH,57,84,92.00,Sì,No
La Locanda di Castromediano,Hotel,http://www.beccodellacivetta.it,0971 986249,"Via Michele Volini, 50",Castelmezzano,,,https,Joomla,No,Aruba S.p.A.,51,77,92.00,Sì,No
Locanda Di Eolo,Alloggi al coperto,https://locanda-di-eolo.touritaliani.top,329 074 4245,Localita' Rubavento,Vaglio Basilicata,,,https,WordPress,No,Contabo GmbH,61,87,85.00,Sì,No
Il Palazzo del Barone,Bed & Breakfast,https://www.ilpalazzodelbarone.com,339 586 9343,"Via Giuseppe Garibaldi, 8",Pietrapertosa,,,https,WordPress,No,HOST-VDC,78,96,85.00,Sì,No
Basilicata Al Volo,Hotel,http://www.basilicatalvolo.com,344 109 6261,"L.go San Giacomo, 1",Brindisi Montagna,,,https,Angular,No,Google LLC,65,87,73.00,Sì,No
Villa almelia,Bed & Breakfast,,349 555 6755,"c.da Vonzi, 6",Vinchiaturo,,,,,,,,,,,
bed and breakfast VALLECHIARA,Bed & Breakfast,,328 883 8234,"Contrada Coste, 6",Vinchiaturo,,,,,,,,,,,
affitta camere Ravenna BLU DARSENA,Bed & Breakfast,,353 464 8822,"Via Magazzini Anteriori, 27",Ravenna,,,,,,,,,,,
Luna City,Bed & Breakfast,https://www.hotelitaliaweb.com/luna-city,353 424 3041,"Circonvallazione Piazza D'Armi, 2",Ravenna,,,https,Shopify,No,"Cloudflare, Inc.",85,96,92.00,Sì,No
Antica Loggetta,Bed & Breakfast,http://www.anticaloggetta.com,366 376 6508,"Via Destra Canale Molinetto, 57",Ravenna,,,https,Angular,No,"Amazon.com, Inc.",85,95,100.00,Sì,No
Bed & Breakfast Bondi,Bed & Breakfast,,347 542 9541,"Viale Giorgio Pallavicini, 7",Ravenna,,,,,,,,,,,
QuarantaVasi B&B,Bed & Breakfast,http://www.quarantavasi.it,370 154 4133,"Via Podgora, 40",Ravenna,,,https,ASP.NET,No,Aruba S.p.A. Network,98,100,85.00,Sì,No
Alice's Home Bed & Breakfast,Bed & Breakfast,http://aliceshome.com,339 803 3130,"Via Rocca Brancaleone, 29",Ravenna,,,http,ASP.NET,No,Aruba S.p.A. Network,95,100,82.00,Sì,No
B&B Petra CIN: IT070023C17U2IBLWX,Bed & Breakfast,,347 939 6030,"Via Roma, 13",Ferrazzano,,,,,,,,,,,
Residenza Cesare,Bed & Breakfast,http://www.residenzacesare.it,393 887 7025,"Via Conte Rosso, 56",Campobasso,,info@residenzacesare.it,https,Joomla,No,Aruba S.p.A. Network,65,87,92.00,Sì,No
B&B Clarentia,Bed & Breakfast,,339 366 4731,Via Roma,Pizzoferrato,,,,,,,,,,,
Hotel Villa Danilo,Hotel,http://www.villadanilo.it,0872 946220,"Contrada Stazione, 1",Gamberale,,,https,Shopify,Sì,Aruba S.p.A. Network,53,70,83.00,Sì,No
Bed and Breackfast La Vracia Rocchetta a Volturno,Bed & Breakfast,,389 698 3460,"Via Madonna delle Grotte, 84",Rocchetta Nuova,,,,,,,,,,,
La Foresteria,Bed & Breakfast,,329 036 8266,SS158,Rocchetta a Volturno,,,,,,,,,,,
Room and Breakfast Luciana Sant'Elia a Pianisi CB,Bed & Breakfast,,320 172 7710,"Corso Umberto Iº, 73",Sant'Elia a Pianisi,,,,,,,,,,,
Agriturismo e Bed and Breakfast San Benedetto,Agriturismo,https://agriturismo-e-bed-and-breakfast-san-benedetto.bellaitaliatrips.top,320 865 9109,Contrada San Benedetto,S. Elia a Pianisi,,,https,WordPress,No,Contabo GmbH,57,87,85.00,Sì,No
Dimora Cifelli B&B,Bed & Breakfast,,349 773 9543,"Via Mazzini, 54",Macchia Valfortore,,,,,,,,,,,
Bellavista B&B di Charme,Bed & Breakfast,https://bellavista-beb-dicharme.it,348 322 2488,Salita Vittorio Veneto,Macchiagodena,,info.bellavistabebdicharme@gmail.com,https,WordPress,No,"Cloudflare, Inc.",33,56,100.00,Sì,No
Residenza Leonina,Bed & Breakfast,,347 817 6581,"Largo S. Maria, 10A",San Martino in Pensilis,,,,,,,,,,,
B&B La Terrazza,Bed & Breakfast,,347 030 7614,"Traversa Via Umberto I, 1",Pietrabbondante,,,,,,,,,,,
La Casa di Lelè,Bed & Breakfast,https://lacasadilele.com,335 587 1681,"Via delle Lampare, 8",Termoli,,info@lacasadilele.com,https,WordPress,Sì,Host SpA,31,41,100.00,Sì,No
Bellavista,Bed & Breakfast,,327 991 0451,"Via Vittorio Veneto, 46",Roccavivara,,,,,,,,,,,
Bed&Breakfast La Caruscia,Bed & Breakfast,https://www.lacaruscia.it,331 216 2889,"Contrada Maiella, 22",Trivento,,,https,React,Sì,Aruba S.p.A. Network,39,63,92.00,Sì,No
Colonna Country Home,Bed & Breakfast,http://www.marinacolonna.it,0875 603009,"Masseria, Contrada Bosco Pontone",San Martino in Pensilis,,info@marinacolonna.it,,ASP.NET,Sì,SEEWEB s.r.l.,26,60,92.00,Sì,No
B&B Casa di Laura,Bed & Breakfast,,347 058 5666,"Via Lammia, num. 16",Benevento,,,,,,,,,,,
B&B Agriturismo Grandola,Bed & Breakfast,,333 443 3029,C.DA. Cerreta 6,Montecalvo Irpino,,,,,,,,,,,
Agatea b&b,Hotel,,375 868 6561,Via Benevento,Montesarchio,,,,,,,,,,,
b&b emozione,Bed & Breakfast,,389 895 4934,"Via Francesco Fede, 6",Campobasso,,,,,,,,,,,
La Gregna Inn,Bed & Breakfast,,328 005 4931,"Corso Umberto I, 1",Campomaggiore,,,,,,,,,,,
B&B da Rosario,Bed & Breakfast,,347 496 9096,Via della Pineta n. 4,Campomaggiore,,,,,,,,,,,
B&B Al Vico Pepe,Bed & Breakfast,,351 788 1375,"Vico Storto Pepe, 17",Castelmezzano,,,,,,,,,,,
La Casa di Penelope & Cirene,Bed & Breakfast,https://penelope.tripcombined.com,338 313 2196,"Via Giuseppe Garibaldi, 32",Pietrapertosa,,,https,React,No,Contabo GmbH,57,90,92.00,Sì,No
B&B Vianova,Bed & Breakfast,,347 726 7108,"Via Mario Pagano, 2",Pietrapertosa,,,,,,,,,,,
Eureka Room & Breakfast,Bed & Breakfast,https://www.eurekapietrapertosa.it,334 319 6154,"Via Mario Pagano, 44",Pietrapertosa,,info@eurekapietrapertosa.it,https,Joomla,No,Aruba S.p.A.,64,68,92.00,Sì,No
B&B Pagliarelle,Bed & Breakfast,http://www.bed-and-breakfast.it/pagina.cfm,328 777 2504,Via Circonvallazione San Bonifacio 1,Oratino,,,https,WordPress,Sì,BellSouth.net Inc.,62,86,92.00,Sì,No
B&B Affittacamere 3B,Bed & Breakfast,https://affittacamere3b.it,338 473 5594,"Via Vittorio Emanuele II, 5",Acerenza,,affittacamere.3b@gmail.com,https,WordPress,No,Server Plan S.r.l.,64,92,92.00,Sì,No
Juppi bed,Bed & Breakfast,,350 093 4867,Via Nazionale,Possidente,,,,,,,,,,,
Agriturismo La Dimora dei Cavalieri,Agriturismo,http://www.dimoracavalieri.it,340 374 5730,"c.da Tataseppe, n, 1",Vaglio Basilicata,,agriturismo@dimoracavalieri.it,https,ASP.NET,No,Aruba S.p.A. Network,66,53,92.00,Sì,No
B&B Villa Le Arcate,Bed & Breakfast,,338 342 4177,"Via Luigi Einaudi, 15",Corleto Perticara,,,,,,,,,,,
Agriturismo La Loggia Del Monaco,Agriturismo,,331 211 0633,Contrada Loggia del Monaco,Acerenza,,,,,,,,,,,
B&b Mamì,Bed & Breakfast,http://bbmamipotenza.it,335 623 1807,"Via Ponte Sant'Antonio, 58",Potenza,,bb.mami.potenza@gmail.com,http,React,Sì,TransIP BV,41,64,100.00,Sì,No
B&B La casa di Giulietta,Bed & Breakfast,http://www.lacasadigiulietta.net,333 488 4579,"Via Giuseppe Garibaldi, 18",Castelmezzano,,info@lacasadigiulietta.net,https,ASP.NET,No,Aruba S.p.A. Network,57,73,83.00,Sì,No
Hotel Ristorante Mariano,Ristorante,http://www.hotelristorantemariano.it,0835 561196,"Via principe di Napoli, 65",Stigliano,,,https,ASP.NET,No,Aruba S.p.A.,61,93,91.00,Sì,No
B&B A Voir,Bed & Breakfast,,331 439 4321,"Via Cesare Beccaria, 11",Anzi,,,,,,,,,,,
Hotel Croccia Accettura,Hotel,http://www.hotelcroccia.it,0835 675747,"Via Salita Bastione, 34",Accettura,,info@hotelcroccia.it,https,WordPress,No,Netsons Network,44,55,92.00,Sì,No
Country B&B Piani del Mattino,Bed & Breakfast,,331 624 2395,"Via delle Mattine, 187/a",Potenza,,,,,,,,,,,
B&B Rifugio della luna,Bed & Breakfast,https://www.rifugiodellaluna.it,348 864 2610,"Contrada Santa Lucia, 15",Satriano di Lucania,,info@rifugiodellaluna.it,https,React,No,Server Plan S.r.l.,56,59,92.00,Sì,No
Ostello Villafranca,Bed & Breakfast,http://www.ostellovillafranca.com,349 003 1089,"Via Neviera, 8",Pignola,,info@ostellovillafranca.com,https,Shopify,No,"DigitalOcean, LLC",55,65,92.00,Sì,No
Bed & Breakfast Albachiara,Bed & Breakfast,,392 340 2519,Via Mercato,Senise,,,,,,,,,,,
Borgo Lamurese,Bed & Breakfast,https://asudbeb.it,393 261 3408,"Contrada Cefalo, 19",Avigliano,,asudbeb@gmail.com,https,React,No,Aruba S.p.A.,56,74,92.00,Sì,No
B&B Viviani Potenza,Bed & Breakfast,https://www.bbvivianipotenza.it,320 810 6043,"Piazzale Luigi Rizzo, 11",Potenza,,,https,WordPress,No,Aruba S.p.A.,69,96,85.00,Sì,No
Casa castello,Bed & Breakfast,,388 899 8407,"Via Federico Svevo, 29",Rocca Imperiale,,,,,,,,,,,
Bed and Breakfast All in Basilicata,Bed & Breakfast,https://allinbasilicata.com,320 189 9660,"piazza Plebiscito, Via S. Rocco, Piazza Plebiscito, 11",Baragiano,,allinbasilicata@gmail.com,https,Shopify,No,HOSTINGER US,65,88,100.00,Sì,No
B&B Soprattutto,Bed & Breakfast,,340 914 5184,"P.za Cirillo, 12",Montalbano Jonico,,,,,,,,,,,
Agriturismo Il Pago,Agriturismo,https://www.ilpago.eu,388 471 2023,Str. Piano del Forno,Rotondella,,info@ilpago.eu,https,Shopify,No,Aruba S.p.A. Network,53,72,92.00,Sì,No
Nirvana Bed and Breakfast Experience,Bed & Breakfast,https://www.nirvanahotelpollino.com,329 916 4357,"Via Roma, 166",Noepoli,,nirvanabeb@gmail.com,https,React,No,Google LLC,65,83,92.00,Sì,No
Dolcedorme Bed And Breakfast,Bed & Breakfast,https://www.dolcedormebb.com,335 731 2263,"Via Dante Alighieri, 135",Terranova di Pollino,,dolcedorme2011@gmail.com,https,WordPress,Sì,Aruba S.p.A.,66,81,85.00,Sì,No
Caporella Dimora della via Appia,Bed & Breakfast,,0971 156 0335,"Via Caporella, 28",Potenza,,,,,,,,,,,
BioAgriSalute di Ianniello Emiliano,Agriturismo,http://www.bioagrisalute.it,0971 942005,Contrada da Carpine,Cancellara,,,http,ASP.NET,No,Aruba S.p.A.,100,100,82.00,Sì,No
Casa Normanna,Bed & Breakfast,,349 316 0305,"Via N. Sole, 9",Acerenza,,,,,,,,,,,
Bed & Breakfast del Corso,Bed & Breakfast,,347 348 8640,"Via Croce, 9",San Martino D'agri,,,,,,,,,,,
B&B a casa di Carla,Bed & Breakfast,,320 148 0338,"Via Giacinto Albini, 3",Castelsaraceno,,,,,,,,,,,
Affittacamere Il Portale,Bed & Breakfast,https://www.affittacamereilportale.com/it,339 172 2504,"Via G. B. Romano, 32",Spinoso,,affittacamereilportale@gmail.com,https,React,No,"Cloudflare, Inc.",35,43,100.00,Sì,No
B&B Il Mercantello,Bed & Breakfast,http://www.ilmercantello.it,391 147 6208,via Antonio Lauria,Teana,,,https,WordPress,No,Combell NV,63,83,92.00,Sì,No
A Casa di Nonna,Bed & Breakfast,,338 713 6809,"Via Mazzini, 4",Castelsaraceno,,,,,,,,,,,
Villa Ulivi - Bubble Glamping - B&B,Bed & Breakfast,http://villaulivi-bb-bubbleroom.it,331 930 5437,contrada carciuso 2,Filiano,,,https,React,Sì,wix com inc,39,64,100.00,Sì,No
La Selva Resort Ristorante Pizzeria,Ristorante,,0973 577367,"Località Scala Magnano-Pietrapica, direzione San Severino Lucano",Chiaromonte,,,,,,,,,,,
I fiori del Pollino - Guest House,Alloggio completo di servizi,http://www.ifioridelpollino.com,392 924 8484,"C.da Celani, n° 33",San Severino Lucano,,ifioridelpollino@gmail.com,https,WordPress,No,Aruba S.p.A.,54,61,92.00,Sì,No
BioAgriturismo Tenuta Montenuovo,Agriturismo,http://www.montenuovo.com,338 636 8133,C.da Montenuovo snc,Calvera,,info@montenuovo.com,http,Joomla,No,Google LLC,56,86,92.00,Sì,No
B&b Antica Dimora,Bed & Breakfast,,379 270 7154,"Piazza Garibaldi, 37",Chiaromonte,,,,,,,,,,,
B&B Il giardino di Vincenzina,Bed & Breakfast,http://www.bbgiardinodivi.it,379 188 4779,"Contrada Sant'Alfonso, 228",Lauria,,info@bbgiardinodivi.it,https,React,No,Server Plan S.r.l.,69,93,92.00,Sì,No
Hotel Ricciardi,Hotel,,0973 571031,"Via Calvario, 27",Chiaromonte,,,,,,,,,,,
B&B Zio Domenico,Bed & Breakfast,,338 806 5933,"Contrada La Marmora, 7",Grumento Nova,,,,,,,,,,,
B&B del Borgo di Mariangelica De Luca,Bed & Breakfast,,339 190 2396,"s/ta, Salita S. Sebastiano, trav.1/n 16",Laino Borgo,,,,,,,,,,,
BnB. Piter Pan,Bed & Breakfast,,351 767 0895,"per arrivare al parcheggio, Via Largo santa Maria della Rupe, Largo S. Lorenzo, 4",San Martino d'Agri,,,,,,,,,,,
B&b Mille e una Notte,Bed & Breakfast,https://mille-e-una-notte.guideditalia.top,328 452 9673,"Contrada Taverna Magnano, 20",San Severino Lucano,,,https,WordPress,No,Contabo GmbH,53,84,92.00,Sì,No
B&B A Casa Di Mario,Bed & Breakfast,http://www.acasadimario.it,340 571 0126,"Contrada Pomaretti, 122",Cropani Pomaretti,,,https,Joomla,No,IONOS SE,33,49,100.00,Sì,No
La Sterpina,Hotel,http://www.lasterpina.com,349 878 5133,"contrada la Sterpina, snc",San Brancato,,info@lasterpina.com,https,Shopify,No,SEEWEB s.r.l.,56,70,91.00,Sì,No
L'Affresco di Mobilia Massimo,Bed & Breakfast,http://www.laffresco.it,333 312 1711,"Via Bebiana, 6",Campolattaro,,info@laffresco.it,https,Angular,Sì,Aruba S.p.A. Network,56,71,85.00,Sì,No
VittoNico,Bed & Breakfast,https://www.vittonico.it,388 115 4351,"Via dei Mugnai, 2",Morcone,,,https,Joomla,No,Aruba S.p.A. Network,62,74,100.00,Sì,No
Scardalano Resort,Bed & Breakfast,https://www.scardalanoresort.it/it,342 508 3856,"Via degli Italici, Snc",Morcone,,,https,WordPress,No,Serverplan s.r.l.,71,76,85.00,Sì,No
Casa vacanze villa lalli,Alloggio completo di servizi,https://casa-vacanze-villa-lalli.italiavacanzeindimenticabili.top,333 423 9278,Vicende,Salcito,,,https,WordPress,No,Ipxo LLC,51,81,92.00,Sì,No
Casa di Heidi,Hotel,https://diheidi.hotelt1.top,339 373 4435,Via lupariello 10,Cerreto Sannita,,,https,Shopify,No,"Cloudflare, Inc.",68,79,85.00,Sì,No
Dimora Rurale Mainarde,Alloggi al coperto,,0865 199 8350,"Via Moricone, 1",Rocchetta Nuova,,,,,,,,,,,
Hotel Di Nardo,Hotel,http://www.hoteldinardo.com,0875 678720,"Via Pier Paolo Pasolini, 7",Petacciato,,info@hoteldinardo.com,https,Shopify,Sì,Aruba S.p.A.,56,69,92.00,Sì,No
Cala di Rio,Bed & Breakfast,,340 912 0764,"Via Rio Vivo, 128 G",Termoli,,,,,,,,,,,
Gallo's City Rooms,Bed & Breakfast,http://www.galloscityrooms.it,347 428 1025,"Via Argentina, 62",Termoli,,,https,Shopify,Sì,Televideocom Srl,60,76,100.00,Sì,No
B&B Primo a destra,Bed & Breakfast,http://primoadestra.it,338 712 3589,"Via Monfalcone, 6/1° piano",Campobasso,,info@primoadestra.it,https,WordPress,Sì,Seflow S.N.C. Di Marco Brame' & C.,56,78,100.00,Sì,No
Residenza Angioina,Bed & Breakfast,,333 170 5825,"Largo Angioino, 2",Colletorto,,,,,,,,,,,
Scuderie del Peschio,Ristorante,https://www.scuderiedelpeschio.it,0874 797217,Strada Comunale,Fontana Cappella,,,https,Basekit,No,Aruba S.p.A.,57,71,100.00,Sì,No
Antico borgo Rinaldi,Agriturismo,http://www.anticoborgorinaldi.it,388 456 8146,"Via c/da Cuffiano, 406",Morcone,,info@anticoborgorinaldi.it,https,WordPress,No,Server Plan S.r.l.,49,66,85.00,Sì,No
Palazzo Scelzi,Alloggio completo di servizi,https://palazzo-scelzi.guideditalia.top,338 361 5728,"Piazza S. Luigi Gonzaga, 1/A",Aliano,,,https,WordPress,No,Contabo GmbH,52,84,92.00,Sì,No
Taverna La Contadina Sisina,Ristorante,https://www.lacontadinasisina.com,0835 568239,Via Stella,Aliano,,lacontadinasisina@libero.it,https,WordPress,Sì,Serverplan s.r.l.,87,98,100.00,Sì,No
L&B Bed and Breakfast,Bed & Breakfast,http://lbpollino.com,329 417 3498,"Via Convento, 1",Terranova di Pollino,,bedandbreakfastlb@gmail.com,https,WordPress,No,"Automattic, Inc",75,77,100.00,Sì,No
B&B Il Picchio Parlante,Bed & Breakfast,,334 360 8567,via Nazario Sauro 6,Brindisi Montagna,,,,,,,,,,,
B&B Villa Damiani,Bed & Breakfast,http://www.villadamiani.eu,340 223 5111,"Contrada Molinello, 1",Brindisi Montagna,,,http,React,No,OVH SAS,59,67,100.00,Sì,No
Gianmaria B&B,Bed & Breakfast,,320 814 1596,"Via Fratelli Cervi, 1",Tricarico,,,,,,,,,,,
Locanda Pezzolla,Ristorante,http://www.ristorantepezzolla.it,0835 675008,"Via Roma, 21",Accettura,,ristpezzolla@libero.it,http,ASP.NET,No,Aruba S.p.A. Network,71,97,82.00,Sì,No
B&B IL Sogno,Bed & Breakfast,https://bbilsogno.tripcombined.com,0835 200987,"Via Fiume, 37",Montescaglioso,,,https,React,No,Contabo GmbH,57,90,92.00,Sì,No
La Bella Lecce Apartments,Bed & Breakfast,http://www.labellalecce.it,333 422 2610,"Via Egidio Reale, 1",Lecce,,info@labellalecce.it,https,Joomla,No,Serverplan S.r.l.,59,68,92.00,Sì,No
JOHN'S ROOMS,Bed & Breakfast,,377 595 1945,"Via Nazionale, 245",Marsicovetere,,,,,,,,,,,
L' Antico Gelso,Bed & Breakfast,https://l-antico-gelso.bellaitaliatrips.top,328 632 3976,SP11bis,Viggiano,,,https,WordPress,No,Contabo GmbH,44,82,85.00,Sì,No
Blue Iris Home,Bed & Breakfast,,333 224 7131,"Viale delle Sirene, 55",Lido di Metaponto,,,,,,,,,,,
B&B Bosco Ralle,Bed & Breakfast,http://www.boscoralle.it,333 767 6033,"SC Ciciriello, 1",Satriano di Lucania,,cip43210@gmail.com,https,WordPress,No,Aruba S.p.A.,75,89,92.00,Sì,No
B&B VILLA DEGLI ANGELI,Bed & Breakfast,,351 919 9833,Via Madonna degli Angeli,Bernalda,,,,,,,,,,,
B&B La dodicesima Notte,Bed & Breakfast,https://bed-breakfast-la-dodicesima-notte.comeviaggiare.top,377 470 2800,"Via Regina Elena, 19",Viggiano,,,https,React,No,Contabo GmbH,68,82,85.00,Sì,No
B&B Casa Venezia,Bed & Breakfast,https://www.bbcasavenezia.it,335 637 5704,"Via Trieste, 10",Bernalda,,,https,Nicepage,No,"Amazon.com, Inc.",59,83,91.00,Sì,No
Hotel Giardino Giamperduto,Hotel,http://www.giamperduto.com,0835 542462,"Via Giamperduto, 37",Bernalda,,info@giamperduto.com,https,Joomla,Sì,Netsons s.r.l.,66,88,92.00,Sì,No
Domus Dams B&B,Bed & Breakfast,https://domus-dams-bb.hotelperiviaggi.top,392 986 2372,"Via Giambattista Gattini, 1",Montescaglioso,,,https,WordPress,No,Contabo GmbH,55,86,92.00,Sì,No
La Carrera - Camere & Spa,Bed & Breakfast,https://www.lacarrera.it,351 498 8541,"Via Pitagora, 46",Bernalda,,info@lacarrera.it,https,Shopify,No,Aruba S.p.A.,41,43,85.00,Sì,No
B&B La Cannalia,Bed & Breakfast,,0973 572338,CONTRADA CANNALIA,Teana,,,,,,,,,,,
Clarus Mons Affittacamere,Bed & Breakfast,https://www.clarusmons.it,0973 030154,"Via Roma, 2",Chiaromonte,,,https,React,No,Aruba S.p.A.,61,95,100.00,Sì,No
Il sospiro,Bed & Breakfast,,327 107 0922,"Contrada Policeta, 5",Satriano di Lucania,,,,,,,,,,,
La Giara Bed & Breakfast,Bed & Breakfast,,0975 384105,"Via Pagano Mario, 29",Brienza,,,,,,,,,,,
La Voce del Fiume | B&B a Brienza,Bed & Breakfast,http://www.lavocedelfiume.it,339 229 0630,"Vico del Carmine, 5",Brienza,,info@lavocedelfiume.it,https,Django,No,Aruba S.p.A. Network,56,59,92.00,Sì,No
Guarda Che Luna - Basilicata,Bed & Breakfast,https://www.guardachelunabasilicata.it,320 041 8102,"Via S. Nicola, 18",Sasso di Castalda,,info@guardachelunabasilicata.it,https,WordPress,No,"Cloudflare, Inc.",35,32,100.00,Sì,No
Il sottobosco casa vacanze,Bed & Breakfast,,351 694 8162,SC della Spinosa,Satriano di Lucania,,,,,,,,,,,
Hotel La Marchesina Resort Teggiano (SA),Ristorante,http://marchesinaresort.it,0975 70380,Via Pantano,Teggiano,,info@marchesinaresort.it,https,WordPress,No,Netsons s.r.l.,43,50,77.00,Sì,No
Hotel Imperial,Hotel,http://www.hotelimperial.net,0975 381070,"Terza Traversa Via Nazionale, 1",Brienza,,info@hotelimperial.net,,Joomla,No,Aruba S.p.A. Network,38,47,50.00,Sì,No
Villetta Collazzo,Bed & Breakfast,,388 112 1235,Contrada Visciglieta,Brienza,,,,,,,,,,,
Affittacamere Rezzo,Bed & Breakfast,https://affittacamererezzo.hotelitalia.top,0975 75395,"Piazza Sandro Pertini, 1",Monte San Giacomo,,,https,Shopify,No,OVH SAS,56,81,85.00,Sì,No
Dimore dell'Olmo - Ospitalità Diffusa,Bed & Breakfast,,339 692 8794,"Via Paschiere, 18",Castelmezzano,,,,,,,,,,,
Ercole,Bed & Breakfast,https://ercole.tripcombined.com,328 443 8239,"Via Nazionale, 12",Pietrapertosa,,,https,React,No,Contabo GmbH,59,86,92.00,Sì,No
SERATON B&B Castelmezzano,Bed & Breakfast,,366 469 2202,"Vico III Spinalva, 5",Castelmezzano,,,,,,,,,,,
B&B ORSA MAGGIORE,Bed & Breakfast,https://ladimoradelcontadino.it,347 795 0276,"Via Giuseppe Garibaldi, 56",Pietrapertosa,,,https,Joomla,No,Keliweb S.R.L,67,95,92.00,Sì,No
B&B Erminia,Bed & Breakfast,http://bberminia-lainoborgo.it,333 720 0476,"Piazzale della Repubblica, 7",Laino Borgo,,,http,ASP.NET,No,Aruba S.p.A. Network,85,86,92.00,Sì,No
Hotel Il Beccaccino,Hotel,,0973 663173,"Via Roma, 87",Castelluccio Inferiore,,,,,,,,,,,
Hotel Mercure Di Sproviero,Hotel,https://hotel-mercure.vacanzeinitalia.top,0973 663054,"Via Roma, 34",Castelluccio Inferiore,,,https,WordPress,No,Contabo GmbH,51,71,85.00,Sì,No
B&B L'Antico Portale,Bed & Breakfast,http://bebanticoportale.it,335 171 2931,"Corso Garibaldi, 32",Rotonda,,,https,Angular,No,"Cloudflare, Inc.",55,79,100.00,Sì,No
Happy Family B&B,Bed & Breakfast,http://www.happy2b.it,350 089 0682,"Via Carella, 53",Viggianello,,,https,WordPress,Sì,SEEWEB s.r.l.,49,70,77.00,Sì,No
B&B IL Pettirosso,Bed & Breakfast,https://beb.it/ilpettirossorotonda/it,333 477 5613,"Contrada S. Lorenzo, 8",Rotonda,,,https,React,No,"Amazon.com, Inc.",75,96,100.00,Sì,No
Bed and breakfast Ruoti 1885,Bed & Breakfast,,379 190 5309,"Str. Ponte, 7",Ruoti,,,,,,,,,,,
Hotel Ristorante Summa,Ristorante,https://hotel-ristorante-summa.migliorhotel.top,0971 82420,"Via delle Ginestre, 6",Avigliano,,,https,React,No,Contabo GmbH,60,90,85.00,Sì,No
B&B Tra I Castelli,Bed & Breakfast,https://www.traicastelli.it,337 901 255,"Fraz. Dragonetti via, Largo Pitagora, 2",Filiano,,info@traicastelli.it,https,Angular,No,SEEWEB s.r.l.,41,46,100.00,Sì,No
B&B Potenza.it,Bed & Breakfast,https://bbpotenza.it,344 486 4526,"V.le Guglielmo Marconi, 122",Potenza,,bbpotenza@gmail.com,https,WordPress,No,Aruba S.p.A. Network,56,76,100.00,Sì,No
Albergo Le Rose,Hotel,,0971 963911,"Piazza Plebiscito, 15",Corleto Perticara,,,,,,,,,,,
Il Castello,Hotel,https://castello.tripcombined.com,389 100 4989,"III, Vico I Castello, 10",Viggiano,,,https,React,No,Contabo GmbH,65,89,92.00,Sì,No
B&B La Pigna,Bed & Breakfast,http://bblapigna.it,348 015 1158,Via Carabiniere Giovanni Ferullo,Filiano,,info@bblapigna.it,https,React,No,Amazon Technologies Inc.,24,34,100.00,Sì,No
Guest House Antichi Splendori,Hotel,,348 801 9090,Contrada Santa Maria del Sauro,Guardia Perticara,,,,,,,,,,,
B&B Casa Magaldi,Bed & Breakfast,http://www.casamagaldi.it,342 957 8927,"Via Roma, 81 A",Corleto Perticara,,info@casamagaldi.it,http,WordPress,No,SEEWEB s.r.l.,67,84,92.00,Sì,No
Il Sospiro B&B,Bed & Breakfast,https://www.ilsospirobb.com,388 380 7030,"Via Cavour, 11",Spinoso,,info@ilsospirobb.com,https,WordPress,Sì,Aruba S.p.A.,63,71,85.00,Sì,No
Agriturismo Masseria Pinto,Agriturismo,https://agriturismo-masseria-pinto.italiabella.top,0971 964244,contrada Scalella /SP 103 km 86,Guardia Perticara,,,https,WordPress,No,Contabo GmbH,57,87,85.00,Sì,No
Convil Hotel,Hotel,https://www.convilhotel.it,0971 963376,Localita' Conche,Corleto Perticara,,info@convilhotel.it,https,Angular,Sì,"Akamai Technologies, Inc.",56,87,77.00,Sì,No
Domus Arsia,Bed & Breakfast,https://arsia.tripcombined.com,333 246 2029,"Via S. Angelo, 22",Irsina,,,http,React,No,Contabo GmbH,57,90,92.00,Sì,No
B&B Lucania di De Filippis Michele,Bed & Breakfast,http://www.bblucania.it,0835 629716,"Via Gorki Massimo, 4",Irsina,,info@bblucania.it,https,WordPress,Sì,Aruba S.p.A. Network,71,79,85.00,Sì,No
Antiche Mura,Bed & Breakfast,,349 576 4184,"Via Ascensione, 2",Irsina,,,,,,,,,,,
Villa Signoriello,Hotel,https://villa-signoriello.amolitalia.top,0835 518847,C.da Gazzetta,Irsina,,,https,React,No,Contabo GmbH,61,86,85.00,Sì,No
Hotel Ristorante Pino Loricato,Hotel,https://loricato.tripcombined.com,0973 663806,"Via Nazionale, 11",Castelluccio Inferiore,,,https,React,No,Contabo GmbH,57,90,92.00,Sì,No
Masseria Straziuso La Vaccariccia,Agriturismo,http://www.masseriastraziuso.it,393 943 1259,SP38,Contrada Valle della Lamia,,,,WordPress,Non trovato,Netsons s.r.l.,100,100,45.00,,No
Le Chalet del Pollino,Bed & Breakfast,https://www.lechaletdelpollino.it,0973 667873,Contrada S. Lorenzo,Rotonda,,info@lechaletdelpollino.it,https,WordPress,No,Aruba S.p.A.,53,63,100.00,Sì,No
B&B A Taverna,Bed & Breakfast,,328 836 9414,"Via Carlo Alberto, 4",Lauria,,,,,,,,,,,
Vicoletto B&B,Bed & Breakfast,,329 971 6942,Vicolo dei Vitelli,Laino Borgo,,,,,,,,,,,
Hotel Edelweiss,Hotel,,0981 82188,"Corso Umberto I, 96",Laino Borgo,,,,,,,,,,,
Albergo Mango,Hotel,,320 042 6820,"Via Gasperi, 46",Francavilla In Sinni,,,,,,,,,,,
Agriturismo L'Agrifoglio,Agriturismo,https://agriturismo-lagrifoglio.bellaitaliatrips.top,340 584 0407,C /Da Bruscata,Francavilla in Sinni,,,https,React,No,Contabo GmbH,57,89,85.00,Sì,No
"Bed & Breakfast DeA ApartRooms, Termoli",Bed & Breakfast,,345 821 8053,"Via Ruffini Cleofino, 52",Termoli,,,,,,,,,,,
