Nome Attività,Categoria,Sito Web,Telefono,Indirizzo,Comune,Provincia,Email,Protocollo,Tecnologia,Cookie Banner,Hosting Provider,Mobile Performance,Desktop Performance,Punteggio SEO,Disponibilità Sito,Stato Manutenzione
B&B La Rosa,Bed & Breakfast,,347 330 8578,"Via Treviso, 26",Gioia dei Marsi,,,,,,,,,,,
B&B LE GRETTE,Bed & Breakfast,,331 573 5008,"Via Gretta, 24",Gioia dei Marsi,,,,,,,,,,,
B&B Casale La Selva,Bed & Breakfast,,388 056 2304,"via Selva Alta, 61",Mosciano Sant'Angelo,,,,,,,,,,,
Nella Torre Bed & Breakfast,Bed & Breakfast,,338 163 4009,"Via Delle Donne, 10",Ascoli Piceno,,,,,,,,,,,
LA VILLA IN CAMPAGNA,Bed & Breakfast,,388 370 7261,"Via Crocifisso, 17",Città Sant'Angelo,,,,,,,,,,,
la fattoria delle coccinelle,Bed & Breakfast,,329 941 0537,"Contrada Marciano, 2",Montefino,,,,,,,,,,,
VILLA MARGHERITA,Bed & Breakfast,,347 919 5174,"Via Cerrano, °94",Pratola Peligna,,,,,,,,,,,
B&B I Tre Ulivi,Bed & Breakfast,,388 451 7127,"Via Santa Maria di Propezzano, 36",Morro d'Oro,,,,,,,,,,,
B&B Famiglia nel vento,Bed & Breakfast,,350 024 6866,Contrada San Nicolao 23,Caramanico Terme,,,,,,,,,,,
Agriturismo Agrifoglio,Hotel,,333 846 5630,"Via Roma, 28",Cansano,,,,,,,,,,,
La Baita Del Cervo,Bed & Breakfast,,366 564 6908,R4F3+88,Castel di Sangro,,,,,,,,,,,
Agriturismo Capriccio di Giove,Bed & Breakfast,,393 096 3120,"Via della stazione, n 8",Cansano,,,,,,,,,,,
Il Casolare,Bed & Breakfast,http://www.agriturismoilcasolare.com/,338 203 0908,"Via Fonte a Collina, 421",Floriano,,info@agriturismoilcasolare.com,http,ASP.NET,No,Aruba S.p.A,100,100,100.00,Sì,No
B&B Marta,Bed & Breakfast,,347 905 1634,"Ciafette, 19",Cellino Attanasio,,,,,,,,,,,
Agriturismo Il Quadrifoglio,Agriturismo,http://www.agriturismoilquadrifoglio.com/,0871 63400,"Str. Licini, 22",Chieti,,info@agriturismoilquadrifoglio.com,http,Joomla,No,Aruba S.p.A. Network,61,85,91.00,Sì,No
Le Tre Conche,Alloggi al coperto,,0872 941349,"Contrada Casale Stazione, 1",Gamberale,,,,,,,,,,,
B&B Ascoli antica,Bed & Breakfast,http://www.ascolianticabb.it/,0736 251607,"Corso Trento e Trieste, 6",Ascoli Piceno,,info@ascolianticabb.it,http,ASP.NET,No,Aruba S.p.A. Network,100,100,82.00,Sì,No
B&B Arco dei Sogni,Bed & Breakfast,,327 118 3075,SS 696 del Parco Regionale Sirente-Velino,Celano,,,,,,,,,,,
Casale dei Ciliegi,Bed & Breakfast,http://www.casaledeiciliegi.it/,335 740 6495,Via Case Sparse,Floriano,,info@casaledeicilieg.it,https,WordPress,No,Aruba S.p.A.,59,93,100.00,Sì,No
B&B Lory,Bed & Breakfast,,345 444 3244,"Strada comunale collina, 8",Elice,,,,,,,,,,,
Bed & Breakfast Mafi,Bed & Breakfast,,347 336 0173,"Via Ortonese, 97",Orsogna,,,,,,,,,,,
Albergo Due Monti,Hotel,https://www.hotelduemonti.com/,0864 65405,"Via Sangrina, 11",Ateleta,,,https,ASP.NET,No,Aruba S.p.A. Network,97,100,82.00,Sì,No
B&B La Casa dei Nonni,Bed & Breakfast,https://beb.it/lacasadeinonniscanno,349 634 1948,"Vico 2 Strada Silla, 1",Scanno,,,https,Angular,No,"Amazon.com, Inc.",62,96,100.00,Sì,No
B&B l'armonica di nonno Sandro,Bed & Breakfast,,349 216 5565,"Via del Decurionato, 7",Corfinio,,,,,,,,,,,
Albergo Rinascente,Hotel,,0872 946100,"4, Contrada Piano D'ischia, Gamberale, CH 66040",Gamberale,,,,,,,,,,,
B&B Stella,Bed & Breakfast,https://www.stellabb.it/,348 499 2871,"Via Urbino, 16",Ascoli Piceno,,,https,Weebly,No,"Amazon.com, Inc.",66,94,100.00,Sì,No
B&B Casa Cicone,Bed & Breakfast,,350 096 3434,"Piazza S. Nicola, 2",Pettorano sul Gizio,,,,,,,,,,,
B&B Nontiscordardime,Bed & Breakfast,,348 185 0612,"Corso Umberto I, 5",Orsogna,,,,,,,,,,,
Il Bucaneve,Hotel,http://www.hotelbucaneve.net/contattibucaneve.html,0863 910098,"Via Colli dell'Oro, 17",Pescasseroli,,h.bucaneve@tin.it,https,Joomla,Sì,Aruba S.p.A. Network,78,91,83.00,Sì,No
Regina Elena Rooms,Bed & Breakfast,,347 755 3727,"Viale Regina Elena, 28",Pescara,,,,,,,,,,,
"Agriturismo Le Macine- Poggio Cono,TE",Agriturismo,http://www.agrilemacine.it/index.asp,339 617 9311,Frazione,Poggio Cono,,info@agrilemacine.it,http,ASP.NET,No,Aruba S.p.A. Network,75,99,73.00,Sì,No
Il Miglio Country House di Perrotta Sandra,Bed & Breakfast,,347 769 0337,"Via Albanese, 22",Pettorano sul Gizio,,,,,,,,,,,
Ospitati - B&B Le Tre Chiavi,Bed & Breakfast,https://www.ospitati.it/castelfrentano/,349 080 6000,"Corso Roma, 64",Castel Frentano,,info@ospitati.it,https,React,No,Host SpA,77,95,85.00,Sì,No
Il Casale Degli Ulivi B&B,Bed & Breakfast,http://www.ilcasaledegliulivi.com/,388 358 0405,"Frazione abbazia di rosara, 125",Ascoli Piceno,,,https,ASP.NET,No,Aruba S.p.A. Network,99,100,91.00,Sì,No
Hotel Abruzzo,Hotel,http://www.hotelabruzzo.it/,0864 40105,"Viale Sulmona, 40",Campo di Giove,,,https,Django,No,"Amazon.com, Inc.",76,95,92.00,Sì,No
B&B Margarita D'Austria,Bed & Breakfast,http://www.margaritadaustria.it/,340 582 2967,"Via Claudio Ferrucci, 10",Campli,,info@margaritadaustria.it,http,React,No,Aruba S.p.A. Network,86,82,82.00,Sì,No
Agriturismo Il Parco,Agriturismo,http://www.ilparcoagriturismo.it/,0872 946419,Localita' Casale Colle Peruno,Pizzoferrato,,info@ilparcoagriturismo.it,http,ASP.NET,No,Aruba S.p.A. Network,100,100,82.00,Sì,No
IL SALICE Hotel Ristorante Pizzeria,Pizzeria,https://www.hotelristoranteilsalice.it/,0861 917488,"Viale Vibrata, 13/A",Civitella del Tronto,,ilsalicehotel@gmail.com,https,React,No,Aruba S.p.A. Network,70,72,82.00,Sì,No
Hotel Garni del Lago,Hotel,https://hotelgarnidellago.it/,0864 74343,"Viale del Lago, 202",Scanno,,info@hotelgarnidellago.it,https,WordPress,No,Server Plan S.r.l.,99,92,92.00,Sì,No
L'Orsa,Bed & Breakfast,,345 645 2433,"Strada Provinciale 82, Riviera, 20",Villalago,,,,,,,,,,,
Country House Villa Elster,Agriturismo,,085 820 7877,"Strada degli Ulivi, 10",Collecorvino,,,,,,,,,,,
B&B Villa Grace,Bed & Breakfast,,338 724 6552,"Via Matrino, 96",Città Sant'Angelo,,,,,,,,,,,
B&B Il labirinto,Bed & Breakfast,,349 685 1083,"Via Gran Sasso, 58/B",Sulmona,,,,,,,,,,,
B&b la Casa dei Nonni,Bed & Breakfast,,335 731 4915,"Contrada S. Silvestro, 97",Silvi,,,,,,,,,,,
Il Parco dei Poeti Bed & Breakfast,Bed & Breakfast,https://www.bbilparcodeipoeti.it/,320 673 7567,"Contrada, SP23a",Stampalone,,info@ilparcodeipoeti.it,https,Shopify,No,Aruba S.p.A.,56,59,92.00,Sì,No
Villa Marusia,Bed & Breakfast,,342 577 8327,"Contrada Santa Lucia, 3b",Tollo,,,,,,,,,,,
B&B Angels,Bed & Breakfast,http://www.bebangels.it/,320 674 8425,"Via Verso Tollo, 72",Canosa Sannita,,,http,React,No,Aruba S.p.A.,60,92,82.00,Sì,No
B&B Il Girasole,Bed & Breakfast,https://www.ilgirasoleabruzzo.it/,388 372 2668,"Frazione Villa Frio, 13",Basciano,,info@ilgirasoleabruzzo.it,https,WordPress,Sì,Aruba S.p.A. Network,55,70,100.00,Sì,No
La casetta di Nerina Agripark,Agriturismo,,388 473 6792,"Strada Comunale della Difesa, 1",Cansano,,,,,,,,,,,
B&B San Marco,Bed & Breakfast,https://www.bbsanmarcopacentro.com/,347 480 1758,"Via S. Marco, 8",Pacentro,,emanueleranalli@msn.com,https,Shopify,No,Aruba S.p.A.,45,63,100.00,Sì,No
B&B Conca del Pretore,Bed & Breakfast,http://www.concadelpretore.it/,338 200 2561,"Contrada Pretore, 20",Loreto Aprutino,,,https,React,No,SEEWEB s.r.l.,59,81,92.00,Sì,No
Mare e Monti B&B,Bed & Breakfast,,334 320 9724,"località Carloni, 30",Arielli,,,,,,,,,,,
B&B Tre Fiori,Bed & Breakfast,http://www.bbtrefiori.it/,328 132 7052,"V. Castello, 2",Taranta Peligna,,trefiori@blu.it,https,React,No,Sconosciuto,71,94,92.00,Sì,No
B&B BellaVista,Bed & Breakfast,,339 334 1100,"Via Gran Sasso, n°4",Popoli,,,,,,,,,,,
B&B La casa di Giuliana,Bed & Breakfast,https://bb-la-casa-di-giuliana.walkingitaly.top/,327 008 6591,C.da Case Gerardi 2,Cermignano,,,https,React,No,Contabo GmbH,55,87,92.00,Sì,No
B&B Radici,Bed & Breakfast,,320 353 1333,"Via Progresso, 50",Bussi sul Tirino,,,,,,,,,,,
Agriturismo Col Morino,Agriturismo,https://www.agriturismocolmorino.it/,085 836159,"Contrada, Via Colle Morino, 30",Pineto,,info@agriturismocolmorino.it,https,Canva Websites,No,Aruba S.p.A. Network,83,77,77.00,Sì,No
Tenuta Mastro,Bed & Breakfast,http://tenutamastro.it/,348 378 2822,"Via Montenero, 9",Sulmona,,,https,WordPress,No,"Cloudflare, Inc.",66,83,54.00,Sì,No
Bed & Breakfast Terravecchia,Bed & Breakfast,,338 346 1909,"Via Portella, 4",Pizzoferrato,,,,,,,,,,,
Hotel Ristorante Fortezza,Hotel,https://www.hotelfortezza.it/,0861 91321,"Corso Giuseppe Mazzini, 24",Civitella del Tronto,,hotelfortezza@virgilio.it,https,WordPress,Sì,Netsons s.r.l.,56,80,92.00,Sì,No
Ristorante Hotel Filippone,Hotel,https://hotelristorantefilippone.com/,351 922 3850,"Via Duca degli Abruzzi, n.173",Gioia dei Marsi,,info@filippone.it,https,React,No,SEEWEB s.r.l.,56,67,92.00,Sì,No
Hotel Miami - Ristorante a Civitella del Tronto,Hotel,http://www.hotelmiami.it/,0861 919183,"Viale Vibrata, 2",Villa Lempa,,,https,Angular,Sì,Sconosciuto,39,62,83.00,Sì,No
Bed e Breakfast LA DOTE,Bed & Breakfast,,349 749 7106,"Piazza Cristoforo Colombo, 12",Santo Stefano di Sessanio,,,,,,,,,,,
Country House Il Piacere,Agriturismo,http://www.ilpiacere.biz/,0861 919204,Via Ugo La Malfa,Civitella del Tronto,,,https,Shopify,No,Netsons Network,56,79,92.00,Sì,No
B&B Cala Chiara,Bed & Breakfast,http://www.bedandbreakfastcalachiara.com/,393 837 4100,"Viale Europa, 14",Lido Riccio,,,https,React,Sì,SEEWEB s.r.l.,56,77,85.00,Sì,No
Dal Barone B&b,Bed & Breakfast,,350 144 2451,"Via Zappannotte, 23",Sulmona,,,,,,,,,,,
Casa Vacanze Il Castello,Hotel,http://casavacanzebebilcastello.it/,349 808 8393,"Via Umbrone, 45",Pescina,,,https,WordPress,No,Aruba S.p.A,68,79,100.00,Sì,No
B&B Villa dei Desideri - Bed and Breakfast Chieti,Bed & Breakfast,https://villadesideri.it/,339 298 7945,"Strada Pila, 1",Chieti,,info@villadesideri.it,https,React,No,Sconosciuto,52,87,92.00,Sì,No
Panfilo Farmhouse,Agriturismo,https://www.panfilofarmhouse.com/,333 868 9013,"Via Astelina, 1",Cellino Attanasio,,info@panfilofarmhouse.com,https,Squarespace,No,"Squarespace, Inc.",51,39,100.00,Sì,No
B&B Il Risveglio del Cavaliere,Bed & Breakfast,http://www.ilrisvegliodelcavaliere.it/,349 058 3141,"Via Generale Manthonè, 5",Gioia dei Marsi,,info@ilrisvegliodelcavaliere.it,https,WordPress,Sì,Aruba S.p.A.,66,84,92.00,Sì,No
B&B La Terrazza Sul Borgo,Bed & Breakfast,https://www.ortonarooms.com/,347 231 7295,"Via Della Fonte, 16",Villa Caldari,,ortonarooms@gmail.com,https,Shopify,No,"Cloudflare, Inc.",55,36,92.00,Sì,No
Bed and Breakfast Villa Alba,Bed & Breakfast,https://www.bedandbreakfastvillaalba.it/,349 333 8278,"Via Leonardo da Vinci, 11",Controguerra,,bedandbreakfastvillaalba@gmail.com,https,Joomla,Sì,Aruba S.p.A.,72,73,100.00,Sì,No
Il viandante,Bed & Breakfast,,346 187 5653,"Vico dell'Ospedale, 26",Sulmona,,,,,,,,,,,
Villa Patrizia,Bed & Breakfast,https://villapatrizia.traveleto.com/,331 809 6547,contrada vallarola s.n,Cellino Attanasio,,,https,React,No,Sconosciuto,56,79,92.00,Sì,No
La Villa,Bed & Breakfast,http://www.lavillaelacasetta.it/,327 541 8280,"Via Giuseppe di Loreto, 6",Pratola Peligna,,info@lavillaelacasetta.it,https,WordPress,No,Sconosciuto,53,62,92.00,Sì,No
Hotel Garnì Astoria,Hotel,http://www.hotelastoriaroccaraso.it/,0864 62707,"Via Roncone, 8/A",Roccaraso,,info@hotelastoriaroccaraso.it,https,Shopify,Sì,Sconosciuto,55,75,83.00,Sì,No
Hotel Villa Danilo,Hotel,http://www.villadanilo.it/,0872 946220,"Contrada Stazione, 1",Gamberale,,,https,Shopify,Sì,Sconosciuto,55,72,83.00,Sì,No
Casa Dell'arciprete B&B,Bed & Breakfast,https://casa-dellarciprete-bb.bellaitaliatrips.top/,347 372 7602,"Via Roma, 60",Arielli,,,https,WordPress,No,Contabo GmbH,57,87,85.00,Sì,No
B&B Clarentia,Bed & Breakfast,,339 366 4731,Via Roma,Pizzoferrato,,,,,,,,,,,
B&B La Collina degli Ulivi,Bed & Breakfast,,328 178 5058,Via per Teramo/Contado 1/A,Civitella del Tronto,,,,,,,,,,,
i tre falchi Bed & Breakfast,Bed & Breakfast,http://www.itrefalchi.eu/,347 904 2078,"Contrada Tutoglio, 14",Pennadomo,,,https,WordPress,Sì,Netsons,65,88,92.00,Sì,No
BB/Casavacanze Corneto,Bed & Breakfast,https://www.bbcorneto.it/,340 239 2427,Contrada Corneto,Bomba,,,https,Squarespace,No,Sconosciuto,56,94,100.00,Sì,No
Alexander’s Home | B&B,Bed & Breakfast,http://www.alexandershome.it/,333 175 5665,"via Milano, 32",Collecorvino,,info@alexandershome.it,https,React,No,Sconosciuto,45,59,100.00,Sì,No
Hotel Il Fortino,Hotel,http://hotelilfortino.com/,320 300 9335,42°04'13.3N 13°33'10.7E,Aielli,,,https,Shopify,No,Amazon Technologies Inc.,44,56,92.00,Sì,No
House Nonna Nina,Bed & Breakfast,,349 270 6639,"Via Oreste Ranelletti, 98",Celano,,,,,,,,,,,
B&B Al San Francesco,Bed & Breakfast,http://www.alsanfrancesco.it/contatti/,324 792 2808,"Via Alta Civita, 57",Castel di Sangro,,sanfrabb@g.mail.com,https,WordPress,No,Sconosciuto,87,100,92.00,Sì,No
Villa Grace Tombolato,Bed & Breakfast,http://www.villatombolato.com/,085 73151,"Via Lago Trasimeno, 12",Montesilvano,,,https,WordPress,No,Sconosciuto,63,83,85.00,Sì,No
Casa di Carmine 1915,Bed & Breakfast,,371 429 2555,"Via San Lorenzo, 11",Gamberale,,,,,,,,,,,
B&B Villa Luja,Bed & Breakfast,,329 337 3257,S.S. Marrucina 27,Arielli,,,,,,,,,,,
Antica Neviera House,Bed & Breakfast,https://www.anticaneviera.it/it,320 869 7551,"Via Pietro da Morrone, 7",Castel di Sangro,,,https,WordPress,No,Sconosciuto,49,55,73.00,Sì,No
Casale il Baronetto - Bed and Breakfast ecofriendly - LUNA & SOLE - IT067013C2ZEVJ4T6R,Bed & Breakfast,http://www.casaleilbaronetto.it/,339 532 9524,"s. vincenzo, 4",Piani,,hello@casaleilbaronetto.it,https,WordPress,Sì,Netsons s.r.l.,60,75,100.00,Sì,No
B&B Villa Malù,Bed & Breakfast,,366 978 3814,"Via Tirino, 24",Città Sant'Angelo,,,,,,,,,,,
B&B del Castello,Bed & Breakfast,https://bb-del-castello.alberghiinitalia.top/,366 424 6846,"Via Duca degli Abruzzi, 18",Roccascalegna,,,https,React,No,Sconosciuto,56,87,92.00,Sì,No
Albergo b&b La Rua Pescocostanzo,Hotel,https://larua.it/,0864 640083,Via Rua Mozza,Pescocostanzo,,,https,Joomla,No,Aruba Hosting,56,66,83.00,Sì,No
B&B Il Vecchio Lupo Campo di Giove,Bed & Breakfast,http://beb.it/ilvecchiolupo/it/,345 390 1915,"Via Ricciardi, 3",Campo di Giove,,,https,Typo3,No,Sconosciuto,60,96,100.00,Sì,No
B&B La Margherita,Bed & Breakfast,,351 550 3876,"Piazza XX Settembre, 32",Ateleta,,,,,,,,,,,
Casale905,Hotel,http://www.casale905.it/,331 282 9610,"SS538, 84",Crecchio,,casale905@gmail.com,https,Shopify,No,Sconosciuto,55,54,100.00,Sì,No
Hotel Ristorante Pizzeria Nido delle Rondini,Ristorante,http://www.nidodellerondini.net/,0872 940610,"Corso Umberto I, numero 60",Fallo,,,http,WordPress,Sì,Sconosciuto,60,90,92.00,Sì,No
B&B “La Ginestra”,Bed & Breakfast,,380 186 7457,"Contrada Colle di gotte, 1 bis, 65020",Abbateggio,,,,,,,,,,,
B&B Come a Casa,Bed & Breakfast,,348 104 8320,"Via Walter Mascaretti, 2/2 piano",Città Sant'Angelo,,,,,,,,,,,
Corte dei Tini Relais & Ristorante,Ristorante,http://www.cortedeitini.com/,0861 319510,SS81,Villa Vomano,,info@cortedeitini.com,https,Shopify,Sì,Sconosciuto,71,71,91.00,Sì,No
Valemare Bed and Breakfast,Bed & Breakfast,https://valemare.it/,346 379 8029,"C.da Villa Rogatti, 23",Ortona,,,https,Shopify,Sì,Seeweb srl,64,88,100.00,Sì,No
Residence Praetorium Maiella Park- CIN IT069069B45KOR2IPG,Hotel,,340 299 0921,"Via la Valle, 8",Pretoro,,,,,,,,,,,
B&B Flavia 21,Bed & Breakfast,https://www.flavia21.com/,333 186 5145,"Str. Collina, 21/primo piano",Elice,,viasani21@gmail.com,https,React,No,Sconosciuto,74,93,100.00,Sì,No
Bed & Breakfast il Girasole,Hotel,,335 161 5964,"Località, Contrada Piana Santa Liberata",Castel di Sangro,,,,,,,,,,,
B&B Azienda Perconti,Alloggio completo di servizi,http://www.aziendaperconti.it/,329 461 1527,Via San Martino,Cellino Attanasio,,info@aziendaperconti.it,https,WordPress,No,Aruba S.p.A.,55,41,85.00,Sì,No
Hotel Ristorante Concorde,Hotel,https://www.hconcorde.it/,0861 840470,"Viale J. F. Kennedy, 197",Sant'Egidio alla Vibrata,,,https,Shopify,Sì,Semplify Srl,84,97,100.00,Sì,No
La Pretèra,Bed & Breakfast,http://www.lapretera.com/foto.html,338 662 5253,"Via Dante, 28",Campo di Giove,,,,WordPress,Non trovato,Hostinger,50,81,42.00,No - Pagina Non Trovata (404),No
B&b Dolce Risveglio,Bed & Breakfast,,347 622 9880,"Via Cavone, 108",San Valentino in Abruzzo Citeriore,,,,,,,,,,,
Pennadomo Climbing House,Bed & Breakfast,https://www.pennadomoclimbinghouse.com/,351 762 8533,Via Orientale,Pennadomo,,,https,React,Sì,Sconosciuto,51,54,77.00,Sì,No
Hotel Parco degli Ulivi,Hotel,http://www.parcodegliulivi.net/,085 946 1500,"SS 16, 92",Scerne,,info@parcodegliulivi.net,https,Angular,Sì,CoreTech,56,47,92.00,Sì,No
B&B Gli amici del Tubarello,Bed & Breakfast,http://www.gliamicideltubarello.it/,329 373 1035,contrada Sorbo 6,Roseto degli Abruzzi,,,http,WordPress,No,Aruba S.p.A.,60,89,77.00,Sì,No
B&B Luca,Bed & Breakfast,http://www.casadiluca.it/,338 315 9137,"Via Vomano, 4/c",Montesilvano,,,https,Typo3,No,"Amazon.com, Inc.",49,92,100.00,Sì,No
Affittacamere L'Annunziata,Locanda,https://annunziata.bedsandhotels.com/,338 949 4940,"Via Paolina, 17",Sulmona,,,https,React,No,Sconosciuto,63,97,91.00,Sì,No
Agriturismo Bed & Breakfast La Casetta,Bed & Breakfast,https://bb-la-casetta.viaggiareconstile.top/,347 321 1933,"Contrada Poggio, 11",Villa Santa Maria,,,https,WordPress,No,Sconosciuto,47,82,92.00,Sì,No
B&B La casa del nonno,Bed & Breakfast,,327 565 6103,"Via Silvio Pellico, 12",Spoltore,,,,,,,,,,,
La Masseria di Villa Giulia,Bed & Breakfast,https://la-masseria-di-villa-giulia.comeviaggiare.top/,346 805 1610,"C.da Osservanza, 1",Tocco da Casauria,,,https,WordPress,No,Sconosciuto,56,84,85.00,Sì,No
Mama Maja,Bed & Breakfast,https://mamamaja.it/,388 766 0798,"Corso Umberto I, 4",Vacri,,info@mamamaja.it,http,WordPress,Sì,Aruba S.p.A.,54,73,85.00,Sì,No
B&B Casa Antonetti,Bed & Breakfast,http://www.casaantonetti.info/,377 121 5600,"Via Largo Colle, 21",Campo di Giove,,casantonetti@gmail.com,https,WordPress,No,Sconosciuto,63,95,100.00,Sì,No
B&B Da Nonna Concetta,Bed & Breakfast,,335 656 8446,Contrada Olivuccia 2,San Valentino in Abruzzo Citeriore,,,,,,,,,,,
B&B Mosca Bianca,Bed & Breakfast,http://www.bebmoscabianca.it/,331 252 8568,"Località Castel Trosino, 9",Ascoli Piceno,,info@bebmoscabianca.it,http,WordPress,No,Aruba S.p.A. Network,55,84,92.00,Sì,No
Bed and Breakfast “Pastore Abruzzese”,Bed & Breakfast,http://bbpastoreabruzzese.it/,349 181 1721,"Via Alessandro Volta, 4",Campo di Giove,,info@bbpastoreabruzzese.it,https,WordPress,Sì,Server Plan S.r.l.,71,93,77.00,Sì,No
65012 House,Bed & Breakfast,,350 030 3742,"Via Duca degli Abruzzi, 31",Cepagatti,,,,,,,,,,,
B&B La Maison de Martine,Bed & Breakfast,https://www.lamaisondemartine.it/,085 799 3332,"Via di Sopra, 18",Bolognano,,,https,WordPress,No,Server Plan S.r.l.,61,72,85.00,Sì,No
B&B Tirino,Bed & Breakfast,https://www.bebtirino.it/,339 328 3643,"Via della Repubblica, 126",Bussi sul Tirino,,info@bebtirino.it,https,React,No,Sconosciuto,56,70,92.00,Sì,No
B&b La Baronata - Pescosansonesco (Pe),Bed & Breakfast,,366 452 9804,"Via Municipio, 4",Pescosansonesco,,,,,,,,,,,
CASALE DEL SOLE,Bed & Breakfast,https://casale.bedsandhotels.com/,391 433 1348,"Contrada Piano di Coccia, 26",Rosciano,,,https,React,No,Hetzner Online GmbH,77,98,91.00,Sì,No
Magnificat Hotel&Resort,Hotel,http://www.magnificathotel.it/,0871 937049,"Via Verso Tollo, 232/b",Canosa Sannita,,info@magnificathotel.it,https,WordPress,Sì,Sconosciuto,48,41,100.00,Sì,No
B&B La Gardenia,Bed & Breakfast,https://www.lagardeniabeb.it/,333 726 7945,Via Giuseppe Palozzi,Villavallelonga,,,https,Shopify,No,Aruba S.p.A.,63,65,100.00,Sì,No
B&B La grotta di nonno Vittorio,Bed & Breakfast,https://la-grotta-di-nonno-vittorio.italiavacanzeindimenticabili.top/,349 119 9758,"Via Carapelle, 5",San Pio delle Camere,,,https,React,No,Ipxo LLC,51,82,92.00,Sì,No
Hotel Tre Monti,Hotel,http://www.tremontihotel.it/,085 987 5059,"Via Tiburtina Valeria, 1",Popoli,,info@cerasolihotel.it,https,WordPress,No,Aruba S.p.A. Network,47,45,92.00,Sì,No
B&B Le City,Bed & Breakfast,http://www.lecity.it/,338 929 1267,"Via Lugano, 25",Montesilvano,,,https,Shopify,No,"Amazon.com, Inc.",87,98,100.00,Sì,No
Il Gufetto Bed&Breakfast,Bed & Breakfast,https://il-gufetto-bedbreakfast.italyfun.top/,327 543 8580,"Via Pietro Nenni, 1",Scafa,,,https,WordPress,No,Contabo GmbH,64,88,85.00,Sì,No
Affitta Camere Al Vecchio MulinoSott la Forma,Bed & Breakfast,https://www.alvecchiomulinocelanobnb.it/,375 613 6826,"Via Giotto, 42",Celano,,laformacelano@gmail.com,https,React,Sì,Aruba S.p.A.,55,73,92.00,Sì,No
Snowake House,Bed & Breakfast,http://www.snowake.it/,334 822 6594,"Via Sangro, 23",Castel di Sangro,,snowakehouse@gmail.com,https,React,No,Sconosciuto,44,52,92.00,Sì,No
B&B Il Girasole / CIN: IT066030C2GHMBEQDO,Bed & Breakfast,,340 820 1214,"Via Roma, 90B",Castelvecchio Calvisio,,,,,,,,,,,
Mediterranea Sea House,Bed & Breakfast,,340 303 1518,"Via Chieti, 1",Montesilvano,,,,,,,,,,,
B&B Sissy,Bed & Breakfast,,333 102 9672,"Via Silvio Pellico, 24",Manoppello Scalo,,,,,,,,,,,
B&B Il Paradiso,Bed & Breakfast,https://www.bed-and-breakfast.it/it/abruzzo/bb-il-paradiso-cappelle-sul-tavo/57920?refresh,335 354 380,"Contrada Barbone, 20",Cappelle sul Tavo,,,https,Angular,Sì,Sconosciuto,44,37,92.00,Sì,No
Albergo Ma.Re,Alloggi al coperto,http://www.albergomare.net/,085 986287,"Via Nerino Fracasso, 4",Popoli,,info@albergomare.net,https,WordPress,Sì,Combell NV,56,64,77.00,Sì,No
B&B CASA ANACETA,Bed & Breakfast,,338 175 3168,"Via Roma, 48",Villalago,,,,,,,,,,,
Hotel gemma,Hotel,http://www.hotel-gemma.it/,0863 850014,"Via Giuseppe Garibaldi, 52",Bisegna,,,http,ASP.NET,No,Aruba S.p.A. Network,100,100,0.00,Sì,No
Bed & Breakfast 4 Parchi,Bed & Breakfast,http://www.4parchi.it/,348 332 8044,"Strada Vic.le Angela Corte, 5",Corfinio,,,https,ASP.NET,No,Aruba S.p.A. Network,100,100,91.00,Sì,No
Affittacamere Centro Storico Di Di Biase Elena,Bed & Breakfast,,329 707 8683,"Via Palazzo, 3",Raiano,,,,,,,,,,,
B&B Goriano Valli,Bed & Breakfast,http://gorianovalli.it/,349 094 5341,"Via Principale, 13",Goriano Valli,,info@gorianovalli.it,https,React,Sì,Servereasy Srl,65,88,0.00,Sì,No
B&B Luce,Bed & Breakfast,,392 212 5695,"Via della Repubblica, 111",Bussi sul Tirino,,,,,,,,,,,
Agriturismo Il Pozzo dei Desideri,Agriturismo,https://www.il-pozzo-dei-desideri.it/,342 043 6465,Via della Torre,San Pio delle Camere,,ilpozzodeidesideri20@gmail.com,https,WordPress,No,Sconosciuto,50,59,100.00,Sì,No
B&B Sacca,Bed & Breakfast,,347 464 3820,"Via Giuseppe Garibaldi, 82",Lanciano,,,,,,,,,,,
B&B GabrielMary',Bed & Breakfast,https://gratis-5519356.webadorsite.com/,334 733 6381,"Via Bellavista, 29",Scafa,,assistenza@webador.it,https,React,No,Google LLC,92,100,100.00,Sì,No
Hotel San Berardo,Hotel,http://www.hotelsanberardo.it/,0863 867730,"Via Borgo Unrra Casas, snc",Pescina,,,https,ASP.NET,No,Aruba S.p.A.,64,78,92.00,Sì,No
Pensione Ristorante Belvedere,Ristorante,,0864 40115,"via berardino de vincentiis, 36",Campo di Giove,,,,,,,,,,,
Albergo Seggiovia Ristorante Scanno,Hotel,https://albergoseggioviasc.wixsite.com/albergo-seggiovia,351 639 8937,"Via Domenico Tanturri, 42",Scanno,,,https,Wix,No,Sconosciuto,65,90,100.00,Sì,No
L'Antico Borgo B&B,Bed & Breakfast,https://lanticoborgo.it/,320 316 9756,"Via Risorgimento, 78/A",Villalago,,lanticoborgo2020@libero.it,,WordPress,No,Netsons,67,96,92.00,Sì,No
B&B Landhaus Fonte Pecorale,Bed & Breakfast,http://www.fontepecorale.com/,339 721 0972,Contrada Muraglie 24,Montefino,,,http,ASP.NET,No,Aruba S.p.A. Network,97,100,82.00,Sì,No
BioAgriturismo Colle San Giorgio,Agriturismo,https://www.bioagriturismocollesangiorgio.it/,338 275 3715,"Contrada Colle San Giorgio, 5",Castiglione Messer Raimondo,,,https,React,No,Aruba S.p.A.,44,67,85.00,Sì,No
Hotel Roma,Hotel,http://www.hotelromascanno.it/,0864 74313,"Viale della Pineta, 6",Scanno,,,https,Shopify,No,Google LLC,59,92,100.00,Sì,No
villa majella,Hotel,http://villavistamonti.com/,389 895 5026,Santa Maria del Monte 1,Bolognano,,p.a.byvoet@gmail.com,https,React,No,Wix,62,85,92.00,Sì,No
B&B Toma,Bed & Breakfast,https://www.bebtoma.it/,329 311 8599,"Via Palermo, 9",Pagliare,,info@bebtoma.it,https,WordPress,Sì,Aruba S.p.A.,53,68,92.00,Sì,No
Albergo Andromeda,Hotel,http://www.albergoandromeda.it/,0863 912821,"Via Colli dell'Oro, 15",Pescasseroli,,hotelandromeda@virgilio.it,http,WordPress,No,Aruba S.p.A.,61,76,67.00,Sì,No
Ostello Fiume Tirino,Ostello,https://www.ilbosso.com/,085 980 8009,"Via Antonio Gramsci, snc",Bussi Sul Tirino,,,https,Joomla,Sì,OVH SAS,13,26,83.00,Sì,No
Agriturismo Trivilini,Agriturismo,,328 334 3573,"Contrada Torre Sansone, 154",Lanciano,,,,,,,,,,,
La Villetta sul Mavone,Bed & Breakfast,,320 071 2033,"Via Casette, 11",Villa Petto,,,,,,,,,,,
Halanus Hotel & Resort,Hotel,http://www.halanus.com/,085 854 2272,"Via Paolo Borsellino, 16",Alanno Scalo,,info@halanus.com,https,WordPress,Sì,Server Plan S.r.l.,47,78,85.00,Sì,No
Hotel Giardino dei Principi Abruzzo,Hotel,https://giardinodeiprincipiabruzzo.it/,085 795 2681,"Via Leonardo Petruzzi, 30",Città Sant'Angelo,,info@giardinodeiprincipiabruzzo.it,https,Joomla,Sì,ABDns-Hosting,67,49,100.00,Sì,No
Agriturismo San Giovanni Ad Insulam,Agriturismo,,368 735 8552,Contrada S. Giovanni,Isola del Gran Sasso D'italia,,,,,,,,,,,
Abruzzo Segreto bed & breakfast,Bed & Breakfast,https://www.abruzzo-segreto.it/,338 399 7221,"Via S. Girolamo, 3",Navelli,,,https,WordPress,Sì,Sconosciuto,14,38,92.00,Sì,No
B&B La Tana Dell'Orso,Bed & Breakfast,https://bb-la-tana-dellorso.viaggiareconstile.top/,338 872 8067,"Via Risorgimento, 78",Villalago,,,https,React,No,Sconosciuto,52,81,85.00,Sì,No
B&B Il Minotauro,Bed & Breakfast,https://bed-and-breakfast-il-minotauro.vederelitalia.top/,338 337 0166,"Via Ricasso, 75",Vittorito,,,https,React,No,Contabo GmbH,60,88,85.00,Sì,No
Corte Blu,Bed & Breakfast,,338 268 3028,"Via Vasto Piano, 2",Tocco Da Casauria,,,,,,,,,,,
"Terrae Eremis: Ristorante, Bar, B&B",Ristorante,https://terrae-eremis-ristorante-bar-bb.touritaliani.top/,329 633 3293,52MW+J6,Roccamorice,,,https,React,No,Sconosciuto,49,86,92.00,Sì,No
B&B la cascata,Bed & Breakfast,https://bb-la-cascata.italytravelblog.top/,324 923 3059,"Viale dei Colli, 65",Bolognano,,,https,WordPress,No,Sconosciuto,56,86,92.00,Sì,No
B&B MARA E MONTI,Bed & Breakfast,,347 828 2206,Fraz. Case Vaddino-Chiarino. snc,Tossicia,,,,,,,,,,,
B&B Borgo del Marchese,Bed & Breakfast,http://www.borgodelmarchese.it/,377 341 6086,"Via Marchese, 22",Ortona,,info@borgodelmarchese.it,https,Shopify,No,Netsons s.r.l.,73,76,92.00,Sì,No
Bed and Breakfast La Campanula,Bed & Breakfast,https://bedandbreakfastlacampanula.traveleto.com/,333 993 1213,"Vicolo Lozzi, 4",Vittorito,,,https,Shopify,No,"Cloudflare, Inc.",56,70,92.00,Sì,No
Hotel La Pieja,Hotel,http://www.lapieja.it/,0863 910772,"Via Salita la Croce, 1",Opi,,,https,WordPress,Sì,Aruba S.p.A.,59,62,85.00,Sì,No
B&B La Casa di Giò,Bed & Breakfast,https://sites.google.com/view/lacasadigiolanciano,360 304 752,"Via della Pace, 9",Lanciano,,giovannarapino@gmail.com,https,Shopify,Sì,Google LLC,56,82,83.00,Sì,No
Bed and Breakfast Colle Acquabella,Bed & Breakfast,https://www.colleacquabella.com/,349 368 4510,Contrada San Donato n 67,Ortona,,info@colleacquabella.com,https,Joomla,No,Netsons Network,71,70,75.00,Sì,No
Bed & Breakfast Arcobaleno,Alloggi al coperto,,085 960 9327,"Via Tevere, 25",Quattro Strade,,,,,,,,,,,
B&B Il Brucaliffo,Bed & Breakfast,https://bb-il-brucaliffo.touritaliani.top/,349 391 6680,"Via Eduardo de Filippo, 14",Raiano,,,https,WordPress,No,Sconosciuto,63,86,85.00,Sì,No
B&B dai pescatori,Bed & Breakfast,,389 542 8951,"Via Giambattista Pergolesi, 1",Borgo Santa Maria Immacolata,,,,,,,,,,,
Country House Case Catalano,Agriturismo,https://countryhousecasecatalano.com/,348 096 9353,Via delle Valli,Abbateggio,,info@casecatalano.it,https,React,Sì,Keliweb S.R.L,60,65,85.00,Sì,No
MA.DI,Bed & Breakfast,https://www.madibeb.it/,347 913 0767,"Contrada Santa Calcagna, 69",Rocca San Giovanni,,,https,WordPress,No,Aruba S.p.A. Network,63,85,100.00,Sì,No
Bambù Affittacamere & Residence,Hotel,http://www.bambuaffittacamere.it/,366 284 4219,"Via Don Odorico Paolini, 14",Teramo,,info@bambuaffittacamere.it,https,React,No,Google LLC,74,96,100.00,Sì,No
BED& BREAKFAST,Hotel,,348 570 3041,"Via sp1, vanifica, Contrada Piane Tronto, 34",Controguerra,,,,,,,,,,,
ReGenzio Affittacamere,Bed & Breakfast,,351 772 6030,"Villa Pizzicato, 31",Colledara,,,,,,,,,,,
B&B La Casetta,Bed & Breakfast,https://bb-la-casetta.camerainitalia.top/,339 189 1672,"Contrada Santa Lucia, Snc",Ortona,,,https,WordPress,No,Contabo GmbH,63,84,85.00,Sì,No
La casa di Gioia Ateleta,Alloggio completo di servizi,,347 573 8211,"Frazione Sant'Elena, 2 p.co Tereselle",Ateleta,,,,,,,,,,,
B&B Il Giardino del Sangro,Bed & Breakfast,,328 542 7936,"Via Stazione, 31",Ateleta,,,,,,,,,,,
mela__bii,Bed & Breakfast,https://melabii.italiacongusto.top/,348 793 0386,"Via Torrone, 88",Sulmona,,,https,React,No,Ipxo LLC,52,84,92.00,Sì,No
Bed and Breakfast Angolo Antico,Bed & Breakfast,http://www.bebvallepeligna.com/,0864 272504,"Via Antonio Gramsci, 100",Pratola Peligna,,,https,Weebly,No,"Amazon.com, Inc.",63,76,100.00,Sì,No
LOCANDA DEL PARCO Hotel,Hotel,https://www.ericsoft.biz/it/BookingEngine/Book?idh=A48BBAE387493B90&beta=true&arrival=2024-06-17&departure=2024-06-18&cur=EUR&guests=6401_6401,0861 698986,"Fraz, Via San Giorgio s, n.c",Ornano Grande,,,https,Angular,No,Microsoft Corporation,43,55,75.00,Sì,No
Tenuta Testarossa,Agriturismo,http://www.tenutatestarossa.it/,392 947 5461,"Contrada Peschiera, 69",Pescosansonesco Nuovo,,info@tenutatestarossa.it,https,ASP.NET,Sì,Aruba S.p.A.,28,37,85.00,Sì,No
Il Gigante che dorme - Bed and Breakfast,Bed & Breakfast,,329 825 4025,"Contrada Corazzano, 4",Castel Castagna,,,,,,,,,,,
B&B La Vela,Bed & Breakfast,,351 859 9810,"Via Risorgimento, 29",Villa Rosa,,,,,,,,,,,
Colibrì B&B Lanciano,Bed & Breakfast,http://www.colibrilanciano.it/,327 541 2174,"Via Goffredo Mameli, 28",Lanciano,,colibrilanciano@gmail.com,http,Shopify,No,Sconosciuto,49,59,100.00,Sì,No
Agriturismo Colle della Selva,Bed & Breakfast,,340 733 6650,"Contrada Selva, 6",Abbateggio,,,,,,,,,,,
B&B La Casa in Campagna,Bed & Breakfast,,331 831 7216,"Contrada Santa Maria, 35",Collecorvino,,,,,,,,,,,
B&B Corso Roma,Bed & Breakfast,https://bbcorsoroma.com/,347 375 4851,"Corso Roma, 103",Lanciano,,ristoranteaivecchisapori@gmail.com,https,WordPress,No,WordPress.com-DNS,72,96,92.00,Sì,No
B & B L'ABBRACCIO AGNONE,Bed & Breakfast,,339 430 5025,"Corso Vittorio Emanuele, 185",Agnone,,,,,,,,,,,
B&B Latteletto,Hotel,,0861 787499,"Via Provinciale Fontanelle, 27c",Tortoreto,,,,,,,,,,,
B&B Colle Tarigni,Bed & Breakfast,,333 507 6911,"Via Cappuccini, 26",Manoppello,,,,,,,,,,,
Bed And Breakfast Torretta,Bed & Breakfast,http://www.bedebreakfast-torretta.com/Bedebreakfast_Torretta/Benvenuto.html,388 472 9040,"Strada Comunale Torretta, 24",Controguerra,,,https,ASP.NET,No,Sconosciuto,63,57,83.00,Sì,No
Rosso Di Sera,Bed & Breakfast,https://rosso-di-sera.hotelpreferito.top/,085 95891,"Via S. Martino, 2",Citta' Sant'Angelo,,,https,WordPress,No,Contabo GmbH,57,82,92.00,Sì,No
Hotel Europa Gran Sasso,Hotel,http://www.hoteleuropagransasso.it/,366 388 0822,Prati bassi,Pietracamela,,,https,Shopify,Sì,Sconosciuto,60,93,92.00,Sì,No
Le margherite,Bed & Breakfast,https://bb-le-margherite-montesilvano-2.webnode.it/,335 611 7196,"Via Giovanni Boccaccio, 8",Montesilvano,,sofia.fernandez.dibattista@gmail.com,https,Webnode,No,Amazon Technologies Inc.,69,92,69.00,Sì,No
Resort Regis,Alloggi al coperto,https://www.resortregis.it/,085 854 3118,Via Pescarina,Turrivalignani,,caratteri@caratteri.dominio,https,ASP.NET,Sì,Tiscali Italia S.P.A.,75,97,75.00,Sì,Sì
Bed and breakfast Giardino Agritourist,Bed & Breakfast,http://www.bbabruzzo.com/,334 873 5669,"Via San Fedele, zona Via Gabriele D'Annunzio, 2",Controguerra,,,https,Joomla,No,Aruba S.p.A.,71,90,100.00,Sì,No
Hotel Michelangelo,Hotel,https://www.hotelmichelangeloteramo.it/,0861 415551,"Viale A. de Paulis Fedele, 9",Teramo,,,https,Odoo,Sì,Sconosciuto,14,35,73.00,Sì,No
B&B La pineta by la Capannina,Bed & Breakfast,,380 384 5699,"Via Aldo Moro, 44",Roccaraso,,,,,,,,,,,
Il Pero Ateleta,Bed & Breakfast,https://www.ilperoateleta.it/,329 449 4399,"Via Marconi, 60",Ateleta,,booking@ilperoateleta.it,https,WordPress,No,Aruba S.p.A.,55,80,92.00,Sì,No
Albergo Pensione Fonte Romana,Hotel,https://albergo-pensione-fonte-romana.italiacongusto.top/,0864 40111,"Via Caramanico, 9",Campo di Giove,,,https,WordPress,No,Ipxo LLC,62,88,85.00,Sì,No
Guest House il Faro,Bed & Breakfast,http://www.guesthouseilfaro.it/,353 464 9234,"Via del Correggio, 27",San Benedetto del Tronto,,ghilfaro@gmail.com,https,WordPress,No,Serverplan S.r.l.,45,82,85.00,Sì,No
Appartamenti sul lungomare ad Alba Adriatica,Alloggio turistico,,338 117 6977,"Via Rovigo, 3",Alba Adriatica,,,,,,,,,,,
Hotel Miramare,Hotel,https://miramarepineto.com/,085 949 0513,"Via Giotto, 2",Pineto,,info@miramarepineto.com,https,WordPress,Sì,Host SpA,60,76,100.00,Sì,No
Albergo Ristorante Bar Anna & Ninocc,Ristorante,,347 891 5575,"SP48, 39",Rocca Santa Maria,,,,,,,,,,,
La Casa dei Nonni B&B,Bed & Breakfast,,320 878 5505,"Via Fonte Baiano, 82",Teramo,,,,,,,,,,,
GUEST HOUSE IN PIAZZETTA,Bed & Breakfast,,346 309 9704,Piazza Duca degli Abruzzi,Ateleta,,,,,,,,,,,
Il Giardino Di Maria - Pizzeria - Piadineria - Bed and Breakfast,Pizzeria,https://www.ilgiardinodimaria.it/,0861 970686,"SP37a, 6",Colledoro,,info@ilgiardinodimaria.it,https,React,Sì,Google LLC,68,94,100.00,Sì,No
B&B Diana,Bed & Breakfast,,0861 955239,Via delle Coste,Intermesoli,,,,,,,,,,,
Vecchio Frantoio - Hotel,Hotel,,329 436 5301,"Via del Semaforo, snc",Martinsicuro,,,,,,,,,,,
Desy B&B,Bed & Breakfast,,351 580 1688,"Via dei Vestini, 70/A",Chieti,,,,,,,,,,,
B&B Cantù,Bed & Breakfast,,366 805 1254,Via Santa Lucia,Nerito,,,,,,,,,,,
Agriturismo Bellavista,Agriturismo,,347 155 7980,Via degli Angeli,Ronzano,,,,,,,,,,,
La Casetta Di Via Fara,Bed & Breakfast,https://fara.bedsandhotels.com/,346 830 9345,"Vico I Rione Fara, 5",Manoppello,,,https,React,No,Hetzner Online GmbH,64,95,91.00,Sì,No
CONTADO SAN LORENZO - AGRITURISMO GIGLIO ROSSO,Bed & Breakfast,http://www.contadosanlorenzo.it/,0861 999325,"Contrada Casabianca, 21",Castilenti,,info@contadosanlorenzo.it,https,WordPress,No,Netsons s.r.l.,60,80,85.00,Sì,No
Residenza di Campagna Fiorano,Agriturismo,,085 205 6432,"SP19 - Contrada Fiorano, 91",Loreto Aprutino,,,,,,,,,,,
Il Gruccione,Bed & Breakfast,https://gruccione.tripcombined.com/,345 401 5685,"Via Santa Maria ad Cellas, 18",Sant'Omero,,,https,React,No,Contabo GmbH,57,87,92.00,Sì,No
B&b Il Castello,Bed & Breakfast,,379 260 2956,"Via coste lunghe, 7",Castel di Sangro,,,,,,,,,,,
Casa dello Yoga Suite & Private Spa,Bed & Breakfast,https://casadelloyoga.com/,327 443 5788,"Contrada Vallecupa, Via Fosso Castagna, 5",Colonnella,,info@casadelloyogabb.it,https,React,No,1&1-IONOS,38,38,85.00,Sì,No
Locanda Camilla,Hotel,http://www.locandacamilla.it/,0864 408447,Piazza G. Del Mastro,Campo di Giove,,info@locandacamilla.it,http,ASP.NET,No,Sconosciuto,99,100,91.00,Sì,No
Pantorano rooms,Alloggi al coperto,http://www.pantorano.it/,347 849 0387,"Piazzetta delle Volte, 6",Pagliare del Tronto,,maxssimiliano74@gmail.com,http,Basekit,No,Aruba S.p.A.,52,68,92.00,Sì,No
La Locanda Del Brigante,Ristorante,,339 191 7931,"Via Colli, 59",Farindola,,,,,,,,,,,
Villa Lidia Teramo B&B,Bed & Breakfast,http://www.villalidiateramo.it/,347 698 7834,"Via Cona, 93",Teramo,,info@villalidiateramo.it,https,React,Sì,Aruba S.p.A. Network,94,97,83.00,Sì,No
La Dimora del Sergente,Bed & Breakfast,https://beb.it/dimoradelsergente,333 278 4957,"Largo del Carmelo, 9, Via V. Veneto, 14",Carovilli,,,https,Weebly,No,"Amazon.com, Inc.",74,99,100.00,Sì,No
B&B Nonna Gina,Bed & Breakfast,,320 758 2129,Piazza Castello,Manoppello,,,,,,,,,,,
Country House Casale Centurione,Agriturismo,http://www.casalecenturioneabruzzo.it/,349 539 4136,"Via Santa Maria Arabona, 2",Manoppello,,giulia@casalecenturioneabruzzo.it,https,WordPress,Sì,SEEWEB s.r.l.,55,66,100.00,Sì,No
Hotel Lanka,Hotel,https://www.hotellanka.it/,345 774 5385,"Via Risorgimento, 1",Martinsicuro,,info@hotellanka.it,https,Shopify,Sì,Aruba S.p.A. Network,63,86,100.00,Sì,No
Agriturismo Terra dei Falchi,Agriturismo,http://www.terradeifalchi.com/,389 294 1441,Contrada Colle Della morte,Castilenti,,info@terradeifalchi.com,https,React,No,Netsons,57,17,92.00,Sì,No
Casa del Pellegrino,Hotel,http://www.lacasadelpellegrinomanoppello.it/,085 859828,"Via Cappuccini, 26",Manoppello,,,https,WordPress,No,Aruba S.p.A. Network,54,59,100.00,Sì,No
Best Western Hotel Parco Paglia,Hotel,http://www.parcopagliahotel.it/,0871 574300,"Via Erasmo Piaggio, snc",Chieti,,parcopaglia.ch@bestwestern.it,https,Angular,Sì,Amazon Technologies Inc.,43,59,85.00,Sì,No
B&B La Casita,Bed & Breakfast,,393 530 7932,"Via Gabriele Rossetti, 19",Chieti,,,,,,,,,,,
B&B Casa Gavenniae,Bed & Breakfast,,347 097 4097,"Contrada Fonteschiavo, 36",Nocciano,,,,,,,,,,,
Bed & Breakfast Colle Sisto,Bed & Breakfast,,366 375 7372,"Via Conte di Torino, 3A",Ateleta,,,,,,,,,,,
B&B Forca del Gran Sasso,Bed & Breakfast,,348 640 0548,SP63,Forca di Valle,,,,,,,,,,,
Agriturismo Piccolo Albero,Agriturismo,,331 457 4390,"Contrada Castelluccio, 6d",Loreto Aprutino,,,,,,,,,,,
Altrocanto,Ristorante italiano,http://altrocanto.it/,342 363 3138,"Via San Rocco, 4, SP72",Farindola,,informazioni@altrocanto.it,https,ASP.NET,Sì,Netsons,50,51,85.00,Sì,No
B&B Chieti - B&B Torre dei Monaci,Bed & Breakfast,http://www.torredeimonaci.it/,320 157 6090,Str. S. Donato,Chieti,,,https,React,No,Sconosciuto,68,93,92.00,Sì,No
Bed and Breakfast Verdi Colline,Bed & Breakfast,https://www.bebverdicolline.it/,345 329 3940,"Contrada Commenda, 11",Controguerra,,info@bebverdicolline.it,https,ASP.NET,No,Aruba S.p.A. Network,66,84,100.00,Sì,No
Il Palazzotto d'Abruzzo,Agriturismo,,331 765 3305,Str. Fontana,Loreto Aprutino,,,,,,,,,,,
Ristorante Albergo Villa Pardi,Ristorante,http://www.villapardi.it/,085 859 0049,Via Cappuccini,Manoppello,,info@villapardi.it,https,Shopify,Sì,"Cloudflare, Inc.",56,75,85.00,Sì,No
B&B I Poeti,Bed & Breakfast,http://www.ipoetibeb.it/,334 621 1252,"Contrada Santa Maria, 2",Collecorvino,,info@ipoetibeb.it,https,React,Sì,Aruba S.p.A. Network,62,97,83.00,Sì,No
B&B L'Oleandro,Bed & Breakfast,,347 584 8893,"Contrada Fontemaggio, 6",Loreto Aprutino,,,,,,,,,,,
B&B Pensione Garni Ciasa Blancia,Pensione,,0471 836296,"Strada Sassongher, 52",Corvara in Badia,,,,,,,,,,,
Hotel Costa Verde,Hotel,http://www.hotel-costaverde.com/,0861 787096,"Lungomare Sirena, 356",Tortoreto Lido,,,https,Shopify,Sì,Sconosciuto,86,95,100.00,Sì,No
B&B Merò Room,Bed & Breakfast,https://bb-mero-room.italiatips.top/,347 363 6795,"Via Morrice, 6",Spinetoli,,,https,React,No,Sconosciuto,50,84,92.00,Sì,No
Hotel Gran Sasso,Hotel,http://www.hotelgransassoteramo.it/,0861 245747,"Via Luigi Vinciguerra, 12",Teramo,,info@hotelgransassoteramo.it,https,Shopify,Sì,Sconosciuto,61,76,100.00,Sì,No
Bed & Breakfast Prato Nuovo,Bed & Breakfast,,340 383 5669,"V. Roma, 113",Madonna della Strada,,,,,,,,,,,
B&B La Portella,Bed & Breakfast,,327 166 7514,"V. 4, 4",Piano delle Castagne,,,,,,,,,,,
Le Cromie Bed & Breakfast,Bed & Breakfast,http://www.lecromie.it/,348 559 2783,"Via dell'Industria, 12",Catignano,,,https,WordPress,No,Netsons s.r.l.,72,59,92.00,Sì,No
Podere VignaLago,Hotel,,351 451 6695,"Contrada Poggioragone, 10",Loreto Aprutino,,,,,,,,,,,
B&B Le Stagioni,Bed & Breakfast,,346 084 7924,"Contrada Saletto, 3",Loreto Aprutino,,,,,,,,,,,
Albergo La Pineta,Hotel,https://albergo-la-pineta.italiapaesaggiviaggi.top/,0861 64122,Contrada Palombo,"Pagliaroli, Cortino",,,https,React,No,Ipxo LLC,64,88,85.00,Sì,No
b&b Il Lavatoio Dimora Storica,Bed & Breakfast,http://www.lavatoio.com/,0864 847009,"Via Paradiso, 18",Castel di Sangro,,info@lavatoio.com,https,Joomla,No,Aruba S.p.A.,49,80,100.00,Sì,No
Hotel Smeraldo,Hotel,https://www.hotelsmeraldotortoreto.it/,0861 787792,"via g, Via Pepe, 58",Tortoreto Lido,,prenotazioni@hotelsmeraldotortoreto.it,https,Shopify,No,Sconosciuto,56,59,73.00,Sì,No
Garni Villa Linda,Bed & Breakfast,http://www.garnivillalinda.it/,0471 836161,"Str. Col Alt, 14",Corvara in Badia,,,https,Shopify,No,Aruba S.p.A. Network,70,94,83.00,Sì,No
Albergo Reale,Hotel,https://www.albergorealeroccaraso.com/,0864 602349,"Via Roma, 50",Roccaraso,,direzione@hotelreale.com,https,Angular,No,Server Plan S.r.l.,50,65,83.00,Sì,No
Albergo Ristorante Val Vomano,Hotel,https://valvomano.hotelitalia.top/,0861 651047,"Via Nazionale, 18",Val Vomano,,,https,React,No,OVH SAS,56,81,85.00,Sì,No
Residence Hotel Alba Palace,Hotel,https://www.albapalace.it/,0861 282919,"Via Molise, 3",Alba Adriatica,,info@albapalace.it,https,Shopify,Sì,Semplify Srl,48,51,100.00,Sì,No
"Dai Nonni, Bed and Breakfast a Chieti",Bed & Breakfast,http://bbdainonnichieti.it/,331 973 9312,"Via Nicola da Guardiagrele, 25",Chieti,,,https,React,No,Aruba S.p.A.,59,92,85.00,Sì,No
Glamping Abruzzo,Bed & Breakfast,,392 552 5257,C.da Grotte,Cappuccini,,,,,,,,,,,
Hotel Pina,Hotel,https://www.hotelpina.it/,0861 976125,"Contrada S. Gabriele, 183",Isola del Gran Sasso d'Italia,,info@hotelpina.it,https,WordPress,Sì,Sconosciuto,54,76,92.00,Sì,No
Hotel Ristorante La Bilancia,Hotel,http://www.hotellabilancia.it/,085 828 9321,"contrada palazzo, 11",Loreto Aprutino,,info@hotellabilancia.it,https,WordPress,Sì,Netsons s.r.l.,73,90,100.00,Sì,No
Garni Tofana di Piai Luigi e Co. S.a.s.,Bed & Breakfast,http://www.garnitofana.it/,0471 836008,"Str. Agà, 34",Corvara in Badia,,info@garnitofana.it,https,React,No,Retelit Digital Services S.p.A.,70,94,83.00,Sì,No
Bed & Adventure Tramontana en Wellness Resort,Bed & Breakfast,http://www.bedandadventure.com/,376 094 7612,"Contrada Torrette, 3",Castilenti,,info@bedandandadventure.com,http,React,No,Duocast B.V.,56,64,92.00,Sì,No
B&B La Casetta Teramo Due,Bed & Breakfast,https://flacasetta.wixsite.com/lacasettateramo,389 786 2496,"Via Trento e Trieste, 15",Teramo,,f.lacasetta@libero.it,https,Wix,No,Google LLC,39,75,100.00,Sì,No
AMA B&B,Bed & Breakfast,https://amabb2023.wixsite.com/amabb,347 858 4590,"Via Vestina, 11",Montesilvano,,amabb2023@gmail.com,https,Wix,No,Google LLC,68,85,92.00,Sì,No
Agriturismo il Portico,Agriturismo,http://www.ilportico.eu/,085 821 0904,"Contrada Colle Serangelo, 26",Penne,,info@ilportico.eu,https,WordPress,No,Aruba S.p.A.,60,72,92.00,Sì,No
B&B Granada,Bed & Breakfast,http://www.garnigranada.it/contatti.html,0471 836028,"Str. Col Alt, 66",Corvara in Badia,,info@garnigranada.it,http,React,No,Konverto SPA,72,99,100.00,Sì,No
Country House Lo Scoiattolo,Ristorante,https://www.countryhouseloscoiattolo.it/,349 761 5561,Frazione Cusciano,Montorio Al Vomano,,info@countryhouseloscoiattolo.it,https,WordPress,Sì,Netsons s.r.l.,57,85,85.00,Sì,No
Il Casino di Remartello,Agriturismo,http://www.ilcasinodiremartello.it/,085 820 8802,"Contrada Remartello, 7/8",Loreto Aprutino,,,https,Shopify,No,Sconosciuto,55,56,83.00,Sì,No
B&B Dimora Amina Loreto Aprutino,Bed & Breakfast,http://www.dimoraamina.com/,392 995 6579,"Via dei Mille, 24",Loreto Aprutino,,,https,WordPress,No,Aruba S.p.A. Network,46,60,85.00,Sì,No
Masseria Monte Pizzi,Agriturismo,http://www.masseriamontepizzi.it/,333 351 9849,"Via Vaglie, 40, 40",Carovilli,,info@masseriamontepizzi.it,https,React,Sì,Aruba S.p.A.,51,59,92.00,Sì,No
Agriturismo B&B La Collina Delle Rose,Agriturismo,http://www.agriturismolacollinadellerose.eu/,366 421 5495,"Via Defenza, 13",Manoppello,,,https,WordPress,No,"HIVELOCITY, Inc.",56,63,100.00,Sì,No
Garni' Margherita,Alloggi al coperto,http://www.garnimargherita.it/,0471 836019,"Strada Sassongher, 15",Corvara in Badia,,info@garnimargherita.it,https,Joomla,No,Hetzner Online GmbH,56,40,85.00,Sì,No
Garni Aquila,Bed & Breakfast,https://www.garniaquila.it/,333 293 0586,"Str. Col Alt, 24",Corvara in Badia,,info@garniaquila.it,https,Joomla,No,Hetzner Online GmbH,67,77,92.00,Sì,No
Castello Chiola,Hotel,http://www.disipiowine.com/,331 902 0080,"Via degli Aquino, 12",Loreto Aprutino,,,https,Angular,No,Netsons s.r.l.,46,71,100.00,Sì,No
Borgo Majella,Agriturismo,,328 687 8793,Via Col di Gotte 20,Abbateggio,,,,,,,,,,,
Locanda Dell'Asino D'Oro,Locanda,,351 606 3592,Via Piè Tassito,Introdacqua,,,,,,,,,,,
B&B Country Dreams,Bed & Breakfast,,328 965 0219,"Via Albanese, 11",Sulmona,,,,,,,,,,,
B&B Villaggio Sole,Alloggio turistico,,349 685 0568,"S.p. Introdacqua, 24",Sulmona,,,,,,,,,,,
B&B Cuore Verde,Alloggio completo di servizi,https://bbcuoreverde.altervista.org/,393 426 0240,"Via Prati, 51, 65020",Alanno,,cuoreverdebb@gmail.com,https,WordPress,No,Hetzner Online GmbH,68,95,85.00,Sì,No
Garni Karin,Alloggi al coperto,https://garnikarin.it/,0471 836282,"Str. Agà, 7",Corvara in Badia,,info@garnikarin.it,https,Shopify,Sì,Retelit Digital Services S.p.A.,66,70,100.00,Sì,No
Garni' Rusada,Bed & Breakfast,http://www.garnirusada.it/,0471 836000,"Str. Col Alt, 98",Corvara in Badia,,info@lafontana.com,https,Joomla,No,Hetzner Online GmbH,51,61,100.00,Sì,No
Garni Cinzia,Bed & Breakfast,https://www.garnicinzia.it/,0471 836158,"Str. Agà, 46",Corvara in Badia,,,https,React,No,Hetzner Online GmbH,51,67,75.00,Sì,No
LA SORGENTE,Hotel Resort,http://casasorgente-naturismo.it/,335 805 0697,"Contrada Sterpara, 56",Catignano,,,https,WordPress,No,Aruba S.p.A. Network,21,47,100.00,Sì,No
Monti Pallidi Apartments,Bed & Breakfast,http://www.montipallidi.net/,0471 836081,"Str. Col Alt, 75",Corvara in Badia,,info@montipallidi.net,https,Typo3,Sì,Limitis s.r.l.,54,65,100.00,Sì,No
B&B Villa I Due Pini,Bed & Breakfast,,389 693 9006,"Via San Giacomo, 22",Collecorvino,,,,,,,,,,,
Bed and Breakfast Garni Edera,Bed & Breakfast,http://www.garniedera.it/,0471 836061,"Str. Agà, 15",Corvara in Badia,,,http,Joomla,No,Hetzner Online GmbH,60,76,85.00,Sì,No
Oasi Macerina,Alloggi al coperto,,347 170 8007,"Via Macerino, 16",Alanno,,,,,,,,,,,
B&B Ciadin,Bed & Breakfast,https://www.ciadin.com/,0471 836358,"Str. Sciuz, 11",Corvara in Badia,,info@ciadin.com,https,Joomla,Sì,Sconosciuto,30,52,85.00,Sì,No
Affittacamere Montepiano - Day USE,Bed & Breakfast,https://www.affittacameremontepiano.com/,389 468 4372,"Via Montepiano, 36",San Rocco,,info@mysite.com,https,React,Sì,Google LLC,63,0,0.00,Sì,No
B&B La Ciammaruca,Bed & Breakfast,,333 737 3164,"Via Coste D'uschio, 19",Pollutri,,,,,,,,,,,
Garnì Oskar,Bed & Breakfast,http://www.garnioskar.it/,328 547 9267,"Str. Agà, 5",Corvara in Badia,,info@garnioskar.it,https,React,Sì,Retelit Digital Services S.p.A.,60,85,83.00,Sì,No
Note d'Acqua B&B,Bed & Breakfast,,333 779 4642,"Piazza S. Cecilia, 10/11",Introdacqua,,,,,,,,,,,
B&B IL GIRASOLE,Bed & Breakfast,http://www.bebilgirasole.com/,347 615 0855,"Viale Fiume, 60",Introdacqua,,info@bebilgirasole.com,https,React,No,Telweb s.r.l.,100,100,80.00,Sì,No
Villa Linda Bed and Breakfast,Bed & Breakfast,http://www.villalinda-bb.it/,333 356 3634,"SR, 479, 1 67039 Sulmona",Introdacqua,,,https,WordPress,Sì,Server Plan S.r.l.,71,78,85.00,Sì,No
Villa Istonia,Bed & Breakfast,http://www.villaistonia.it/,389 997 5614,"Via Ugo Foscolo, 1",Cupello,,,https,WordPress,No,Aruba S.p.A.,89,95,100.00,Sì,No
Dimora Dana,Bed & Breakfast,,320 059 8172,"C.Da Filichieri, 8",Pollutri,,,,,,,,,,,
B&B Veneranda,Bed & Breakfast,https://www.pensioneveneranda.it/,0471 836127,"Str. Col Alt, 89",Corvara in Badia,,info@pensioneveneranda.it,https,Joomla,No,Hetzner Online GmbH,62,0,0.00,Sì,No
Fisolare Suite romantica per due,Bed & Breakfast,https://fisolare.bedsandhotels.com/,347 676 1404,"Via Lago quartiere, Via Vallone, 3",Capestrano,,,https,React,No,Hetzner Online GmbH,64,97,91.00,Sì,No
Campanile Affitta Camere - Trivento,Bed & Breakfast,,324 686 4734,"Salita Cattedrale, 17",Trivento,,,,,,,,,,,
B&B Villa Melania,Bed & Breakfast,,349 724 9551,"S.S. 524 Lanciano-Fossacesia Ovest 39, 66022",Fossacesia,,,,,,,,,,,
B&B San Salvo,Bed & Breakfast,http://www.bebsansalvo.com/,380 343 8837,"Via dei Platani, 14",San Salvo,,,https,React,No,Google LLC,85,99,100.00,Sì,No
Bed&Breakfast La Caruscia,Bed & Breakfast,https://www.lacaruscia.it/,331 216 2889,"Contrada Maiella, 22",Trivento,,,https,ASP.NET,Sì,Aruba S.p.A. Network,33,63,92.00,Sì,No
Hotel Ristorante Vittoria,Ristorante italiano,,0873 953259,"Largo Taverna, 14",Carunchio,,,,,,,,,,,
B&B Villa Iolanda,Bed & Breakfast,,389 831 8896,"Via Colle Belvedere, 9",Fossacesia,,,,,,,,,,,
Hotel Lo Smeraldo,Hotel,https://hotelricevimentilosmeraldo.it/,333 618 2267,"Contrada Canneto, 1",Roccavivara,,,https,WordPress,No,"Cloudflare, Inc.",68,96,92.00,Sì,No
B&B I-relais,Bed & Breakfast,http://bed-and-breakfast-europa.com.es/,342 951 3529,"Contrada Serra, 1",Montefalcone nel Sannio,,,http,React,No,arsys.es,79,83,92.00,Sì,No
Agriturismo Via Del Campo,Agriturismo,https://agriturismo-via-del-campo.hotelperiviaggi.top/,333 642 6980,"Contrada Le Monache, 9",Pianella,,,https,WordPress,No,Contabo GmbH,56,85,92.00,Sì,No
La Rocca sui Trabocchi B&B,Bed & Breakfast,,328 315 5560,"Via Ettore Croce, 11",Rocca San Giovanni,,,,,,,,,,,
Il Ciavattone Bed and Bike,Bed & Breakfast,https://www.ilciavattone.it/,334 103 6964,Via santa Maria Frascati,Introdacqua,,ilciavattonebeb@gmail.com,,Joomla,Sì,Netsons s.r.l.,61,87,85.00,Sì,No
B&B Casa Milà,Bed & Breakfast,http://www.bebmila.it/,334 992 5508,"Via Roma, 10",Pretoro,,info@bebmila.it,https,React,No,Netsons s.r.l.,50,82,100.00,Sì,No
Garnì La Tranquillitè,Hotel,http://www.garnicorvara.it/,0471 836249,"Str. Burjé, 12",Corvara in Badia,,info@garnicorvara.it,https,WordPress,No,Aruba S.p.A,83,89,92.00,Sì,No
B&B La Postale,Bed & Breakfast,http://www.lapostalesansalvo.it/,345 097 9751,"Via Roma, 51",San Salvo,,info@lapostalesansalvo.it,https,WordPress,No,Aruba S.p.A.,56,91,100.00,Sì,No
B&B Casa della Ventricina Scerni,Alloggio completo di servizi,,339 308 6378,"Via Ragna, 61",Scerni,,,,,,,,,,,
B&B UN PASSO DAL MARE San Salvo Marina,Bed & Breakfast,,348 637 8556,"SS16, SS 16, 202",San Salvo Marina,,,,,,,,,,,
Garni Granval,Bed & Breakfast,http://www.granval.it/it/,0471 836064,"Str. Col Alt, 64",Corvara in Badia,,info@granval.it,https,Shopify,Sì,Sconosciuto,56,78,100.00,Sì,No
Locanda Maja B&B,Bed & Breakfast,,331 474 7764,"Via S. Giovanni, 33",Guardiagrele,,,,,,,,,,,
B&B A La Tavern,Bed & Breakfast,,338 278 6345,"Via Porta Murella, 13",Torrebruna,,,,,,,,,,,
Grelios stanze preziose,Bed & Breakfast,,333 112 4031,Vicolo Zulli,Guardiagrele,,,,,,,,,,,
Palazzo Tour D'Eau - Abruzzo Cibus,Hotel,https://www.abruzzocibus.com/,329 985 4121,"Via Monte, 8",Carunchio,,info@abruzzocibus.com,https,React,No,Server Plan S.r.l.,50,71,77.00,Sì,No
Le Pagliare del Gran Sasso,Bed & Breakfast,http://www.lepagliaredelgransasso.it/,347 294 2970,Via delle Ville,Assergi,,,http,WordPress,No,Sconosciuto,,,,Sì,No
Residenza Skanderbeg,Bed & Breakfast,https://residenza-skanderbeg.touritaliani.top/,338 542 0284,"Via Roma, 39",Montecilfone,,,https,WordPress,No,Contabo GmbH,54,87,92.00,Sì,No
Villa Emilia - Bed & Breakfast,Bed & Breakfast,http://www.bbvillaemilia.it/,329 946 9193,Strada Statale 524 Lanc. Fossacesia Ovest,Fossacesia,,info@bbvillaemilia.it,https,WordPress,Sì,Sconosciuto,60,78,85.00,Sì,No
B&B Sotto Le Volte,Bed & Breakfast,https://bb-sotto-le-volte.italiapaesaggiviaggi.top/,333 489 4216,"15bis, Via del Municipio",Navelli,,,https,React,No,Sconosciuto,,,,Sì,No
Agriturismo Colle Bianco,Ristorante,http://www.agriturismocollebianco.it/,338 638 5424,"Contrada Colle Bianco, 2/A",Mafalda,,info@agriturismocollebianco.it,https,WordPress,No,Sconosciuto,50,74,46.00,Sì,No
Hotel Villa Alessandra,Alloggi al coperto,https://hotel-villa-alessandra.mipiacelitalia.top/,085 857 3108,"Via Gabriele d'Annunzio, 15",Alanno,,,https,WordPress,No,Contabo GmbH,55,75,100.00,Sì,No
B&B Largo Alighieri,Bed & Breakfast,http://www.largoalighieri.it/,347 658 3635,"Via Alighieri, 6",Schiavi di Abruzzo,,info@largoalighieri.it,https,WordPress,No,Sconosciuto,63,84,85.00,Sì,No
B&B Residenza Aragonese,Bed & Breakfast,https://residenzaaragonese.it/,370 308 4076,"Corso Plebiscito, 21",Vasto,,residenzaaragonesevasto@gmail.com,https,Shopify,No,Aruba-Hosting-(Technorail),51,45,91.00,Sì,No
B&B Garni L'Alpina,Bed & Breakfast,https://www.dolomites-lodgings.it/garni-alpina/,333 594 0789,"Str. Burjé, 17",Corvara in Badia,,info@dolomites-lodgings.it,https,Joomla,No,Sconosciuto,71,93,77.00,Sì,No
B&B Dimora Rossipinti,Hotel,,339 299 8188,"Contrada Calvario, 37",Filetto,,,,,,,,,,,
Criscaria bed and breakfast,Bed & Breakfast,,328 374 5275,"Frazione Cerchiara, via fosso della ripa, 6",Isola del gran sasso,,,,,,,,,,,
Guest House Dei Raselli,Bed & Breakfast,https://www.lagrottadeiraselli.it/il-bed--breakfast,0871 808292,"Località Raselli, 36",Comino,,,https,Angular,Sì,OVH SAS,,,,Sì,No
B&b La casa dei nonni,Bed & Breakfast,https://lacasadeinonnibnb.it/,327 993 9110,"Via Tevere, 6",San Salvo,,lacasadeinonni2023@gmail.com,https,Shopify,No,Keliweb,57,81,92.00,Sì,No
B&B In Piazza,Bed & Breakfast,,333 231 7270,"P.za della Libertà, 13",Mafalda,,,,,,,,,,,
La tenuta di panfilo,Hotel,,333 171 8811,"Contrada Colle Martino, 10",Paglieta,,,,,,,,,,,
Piazza Verdi B&B,Bed & Breakfast,,327 271 4433,"Via Bari, 8",Vasto,,,,,,,,,,,
Agriturismo La Fattoria Di Maria Donata,Agriturismo,https://agriturismolafattoriadimariadonata.com/,085 857 6124,Contrada Cesura,Cugnoli,,s.sergiampietri@virgilio.it,https,React,No,"DigitalOcean, LLC",57,65,92.00,Sì,No
Tre Monti B&B,Bed & Breakfast,,339 213 7951,"Marrucina, 57/A",Guardiagrele,,,,,,,,,,,
La Majelletta Bed & Breakfast | Guardiagrele,Bed & Breakfast,https://prenotaora.net/attivita/la-majelletta-bed-breakfast/,333 837 1754,"Via Ghetto, 4",Guardiagrele,,,https,Angular,No,OVH SAS,,,,Sì,No
Bed And Breakfast Case Bonomini,Bed & Breakfast,http://www.bedandbreakfastcasebonomini.com/,0864 52308,"Via Giovanni Quatrario, 71",Sulmona,,gianlucadicamillo@libero.it,https,WordPress,No,Aruba S.p.A.,,,,Sì,No
Hotel Altevie,Hotel,https://www.hotelaltevie.it/,0871 478100,"Via Bocca di Valle, 115",Guardiagrele,,info@hotelaltevie.it,https,Shopify,No,OVH SAS,,,,Sì,No
MISTER BED Bed & Breakfast - Guardiagrele (Abruzzo),Bed & Breakfast,https://www.mrbedabruzzo.it/,0871 84730,"Largo Dietro l'Ospedale, 20",Guardiagrele,,info@mrbedabruzzo.it,https,WordPress,Sì,SEEWEB s.r.l.,,,,Sì,No
B&B OASI SUL MARE San Salvo Marina CH,Bed & Breakfast,http://www.oasisulmare.it/,376 052 5526,S.S. 16 n,San Salvo,,,https,WordPress,No,Sconosciuto,65,91,92.00,Sì,No
Domus Tripiana Appartamenti per vacanze,Residence,,0871 82328,"Via Tripio, 155",Guardiagrele,,,,,,,,,,,
La Casa Di Fedora,Alloggio completo di servizi,https://la-casa-di-fedora.guideinitalia.top/,328 366 4917,Via Vallone,Capestrano,,,https,React,No,Ipxo LLC,,,,Sì,No
Villa Caravaggio,Bed & Breakfast,http://www.villacaravaggio.com/,348 547 9587,"Via Piano Favaro, 243",Rocca San Giovanni,,,https,React,Sì,Aruba S.p.A.,,,,Sì,No
Azienda Agrituristica Capo d'Acqua di Ursini Alfredo,Agriturismo,https://azienda-agrituristica-capo-dacqua-di-ursini-alfredo.italiacongusto.top/,328 962 4982,nucleo Capodacqua 37,Capestrano,,,https,WordPress,No,Ipxo LLC,61,89,85.00,Sì,No
Locazione Turistica Arcobaleno “Appartamento Superior”,Bed & Breakfast,https://locazioneturisticarcobaleno.it/,338 263 6770,"Via Armando Diaz, 18/F",Roccavivara,,info@locazioneturisticarcobaleno.it,https,Shopify,No,Virtual Solution,,,,Sì,No
Agricasa Caprafico,Bed & Breakfast,https://agricasacaprafico.com/,380 740 4583,"Contrada Caprafico, 10",Casoli,,,https,React,No,HOSTINGER DE,,,,Sì,No
B&B Bellavista,Bed & Breakfast,,328 964 5690,"Via Benedetto Croce, 35",Celano,,,,,,,,,,,
B&B Re Umberto,Bed & Breakfast,http://www.reumberto.com/,388 887 4544,"Contrada Montalfano, 53",Cupello,,info@reumberto.com,https,React,No,Server Plan S.r.l.,,,,Sì,No
Albergo Ristorante Teresa,Hotel,https://albergo-ristorante-teresa.guideditalia.top/,0861 976246,"Borgata Pagliara Vecchia, 50",Isola del Gran Sasso D'italia,,,https,WordPress,No,Contabo GmbH,,,,Sì,No
B&B Costa d'Abruzzo,Bed & Breakfast,http://www.costadabruzzo.it/,338 974 8230,"Via Lanciano, 194",Fossacesia,,,https,Vue,No,Sconosciuto,84,92,100.00,Sì,No
Hotel Holiday,Hotel,https://www.holidaymagliano.it/,0863 51203,"Via Massa d'Albe, 11",Magliano de' Marsi,,hotelholiday3@gmail.com,https,ASP.NET,No,Aruba S.p.A. Network,,,,Sì,No
Casa di Tatone,Hotel,http://www.casaditatone.it/,393 422 4869,Aceto,Casalincontrada,,costantinoaceto@hotmail.it,http,ASP.NET,No,Aruba S.p.A. Network,,,,Sì,No
Residenza Duomo B&B,Bed & Breakfast,http://www.residenzaduomoavezzano.com/,327 226 8951,"Via Giuseppe Mazzini, 72",Avezzano,,,https,React,No,Sconosciuto,,,,Sì,No
Antica Dimora del Tratturo Magno,Bed & Breakfast,https://www.anticadimoradeltratturomagno.it/,347 484 2453,"Via della Fonte, 1",Tussio,,info@anticadimoradeltratturomagno.it,https,Angular,Sì,Serverplan S.r.l.,,,,Sì,No
Palazzo D'Alessandro Wunderkammer & Suites,Bed & Breakfast,https://www.palazzodalessandro.it/,335 599 4204,"Via Vicinato Grande, 13",Caporciano,,info@palazzodalessandro.it,https,WordPress,Sì,ServerPlan,,,,Sì,No
Locanda Corte Dé Guasconi,Ristorante,http://www.ristorantecortedeguasconi.com/,0863 413678,"Via da Monte, 23",Antrosano,,cortedeiguasconi@gmail.com,https,WordPress,No,Sconosciuto,,,,Sì,No
Relais del borgo,Bed & Breakfast,https://www.relaisdelborgo.net/,347 671 0013,"Via Tripio, 126",Guardiagrele,,,https,React,No,Google LLC,,,,Sì,No
Sweet Home,Bed & Breakfast,,351 631 1339,"Via Amiternum, n. 32",L'Aquila,,,,,,,,,,,
B&B LA ROSA,Bed & Breakfast,http://beblarosa.sitoup.com/,328 458 2791,"Via P. Gatti, 6",Avezzano,,infolarosa23@gmail.com,https,Shopify,No,Sconosciuto,,,,Sì,No
Al Faraone Pizzeria Country House B&B,Pizzeria,http://www.alfaraonepizzeria.com/,0862 80103,"Strada Statale 17, 2",Poggio Picenze,,,,WordPress,No,Sconosciuto,,,,Sì,No
B&B C’era una Volta San Giovanni,Bed & Breakfast,http://ceraunavoltasangiovanni.com/,347 678 8902,"Viale San Giovanni in Venere, 13",Fossacesia,,,https,React,No,wix com inc,,,,Sì,No
Il Risorgimento Avezzano,Bed & Breakfast,,329 438 2189,"Via Guglielmo Marconi, 46",Avezzano,,,,,,,,,,,
B&B Dimora Belvedere,Bed & Breakfast,,349 100 9557,"Via Belvedere, 12",Barisciano,,,,,,,,,,,
Az. Agrituristica Cherubini D.,Agriturismo,,333 169 2308,Viale delle Fiamme Gialle,L'Aquila,,,,,,,,,,,
Il Palazzo delle Rondini,Bed & Breakfast,https://palazzorondini.tripcombined.com/,346 239 9102,"Calata Sant'Antonio, 18",Magliano de' Marsi,,,https,React,No,Contabo GmbH,,,,Sì,No
M Boutique Suite,Bed & Breakfast,https://mboutiquesuite.com/,346 768 1827,"Via XXIV Maggio, 23",Avezzano,,mboutiquesuite@gmail.com,https,Angular,No,Combell NV,,,,Sì,No
Albergo Ristorante Monte Selva,Hotel,http://www.albergomonteselva.it/,0862 899100,SS. 17 Km 53,Barisciano,,ale@albergomonteselva.it,https,WordPress,Sì,Sconosciuto,,,,Sì,No
Mary B&B,Bed & Breakfast,,320 607 0407,San Nicolò via Cameli 15 tel 3206070407,San Nicolò A Tordino,,,,,,,,,,,
B&B Teramo - La Locanda - Ristorante,Bed & Breakfast,,337 666 399,"Via Paolo Cugnini, 205/b",Teramo,,,,,,,,,,,
B&B Elizabeth's House,Bed & Breakfast,,344 064 3978,Via Del Lavoro 7/9,Moscufo,,,,,,,,,,,
IL QUERCETO DELLE MARINE,Bed & Breakfast,https://www.ilquercetodellemarine.it/,340 466 0652,Via Martin Luther King,L'Aquila,,,https,Shopify,No,"Amazon.com, Inc.",,,,Sì,No
il casaletto,Bed & Breakfast,http://www.ilcasaletto.org/,351 393 9391,Via Valle S. Giovanni,Scurcola Marsicana,,,https,WordPress,Sì,Aruba S.p.A. Network,,,,Sì,No
B&B Le Gemme,Bed & Breakfast,,327 408 2891,"Via Vestina, 402",Montesilvano,,,,,,,,,,,
Affittacamere Borgocapo,Bed & Breakfast,http://www.borgocapo.it/,0871 370505,"Via Maiella, 151",Casalincontrada,,info@borgocapo.it,http,WordPress,Sì,Aruba S.p.A. Network,,,,Sì,No
La Vecchia Fornace,Hotel,,392 296 0669,"SS16bis, 60",Monte,,,,,,,,,,,
Casale Giordano,Bed & Breakfast,https://casale-giordano.bedsandhotels.com/,389 512 8382,"Contrada Piano Scancello, 70",Scerni,,,https,React,No,Hetzner Online GmbH,79,96,91.00,Sì,No
postAielli B&B,Bed & Breakfast,,376 257 5410,"Piazza Regina Margherita, 10",Aielli,,,,,,,,,,,
La Casa di Angizia,Hotel,,371 381 7293,"Via Fara, 33",Gagliano Aterno,,,,,,,,,,,
Masseria Majella,Bed & Breakfast,http://masseriamajella.it/,377 962 8024,"Contrada S. Martino, 25",Abbateggio,,,,Joomla,Non trovato,Aruba-Hosting-(Technorail),84,98,91.00,,No
Belmonte-Holiday,Bed & Breakfast,,348 917 5506,"Via Cardarelli, 8",Belmonte del Sannio,,,,,,,,,,,
Casa Isabella - Bed & Breakfast,Bed & Breakfast,http://www.casaisabellacharme.it/,335 755 9888,"Corso Garibaldi, 27",Rocca San Giovanni,,,,WordPress,No,Sconosciuto,,,,Sì,No
Scaccia pensieri,Bed & Breakfast,,351 927 6679,"Via Campanile, 3",Cerchio,,,,,,,,,,,
B&B IL Glicine Carpineto Sinello CH medio Vastese,Bed & Breakfast,,349 144 5579,"Piazza Guglielmo Marconi, 3",Carpineto Sinello,,,,,,,,,,,
B&B Zaraca,Bed & Breakfast,,338 402 5120,Piazza Giuseppe Garibaldi,Teramo,,,,,,,,,,,
Bed & Breakfast La Solagna,Bed & Breakfast,http://beblasolagna.it/,340 823 4301,"Via Capo S. Lorenzo, 1",Acciano,,,https,WordPress,No,Aruba Hosting,,,,Sì,No
Rifugio del Cinghiale Ristorante Albergo,Ristorante italiano,https://www.rifugiodelcinghiale.it/,0873 978833,"Contrada S. Maria Del Monte, 1",Castiglione Messer Marino,,,https,Joomla,No,Aruba S.p.A.,,,,Sì,No
Bed and Breakfast Villa Passero,Bed & Breakfast,https://www.villapasserobeb.it/,339 108 6889,"Strada Comunale Olivata, Snc",Torricella Sicura,,,https,Squarespace,No,"Squarespace, Inc.",,,,Sì,No
"Podere degli Asinelli - Ristorante, Piscina, b&b, Location Città Sant'Angelo (Pescara)",Ristorante,,328 142 0783,"Contrada piano Di Sacco, 10",Città Sant'Angelo,,,,,,,,,,,
B&B L'Aquila del Parco,Bed & Breakfast,,340 359 8390,"Via Colle Rosso, 26",Pizzoli,,,,,,,,,,,
B & B CASALE FREZZINI,Bed & Breakfast,,338 121 0721,"CONTRADA COLLI, N 6",Scurcola Marsicana,,,,,,,,,,,
BED AND BREAKFAST MAGIONE DEI MARSI,Bed & Breakfast,,347 101 0638,"Via Della Casetta, 7",Cerchio,,,,,,,,,,,
Trattoria La Grotta Farnese,Ristorante,,0861 56803,"Via Piceno Aprutina, 1",Campli,,,,,,,,,,,
La Dimora di Ziella,Agriturismo,,320 072 7274,"Via Parisse, 3",Barisciano,,,,,,,,,,,
B&b why not,Bed & Breakfast,https://www.whynotaq.it/,344 583 5690,"Via Belgio, 3",L'Aquila,,,https,ASP.NET,No,Aruba S.p.A. Network,,,,Sì,No
Natour l'Ostello per i camminatori,Bed & Breakfast,,329 413 0840,Via Provinciale,Barisciano,,,,,,,,,,,
Il Vico b&b,Bed & Breakfast,,379 164 1721,"Vico S. Flaviano, 5",L'Aquila,,,,,,,,,,,
B&B Collemaggio,Bed & Breakfast,,328 484 2935,Via Celano,L'Aquila,,,,,,,,,,,
B&B da nonna lucia,Bed & Breakfast,,366 311 9679,"Contrada S. Pancrazio, 8",Roccascalegna,,,,,,,,,,,
Affittacamere Calbi di Calcagni e Bianchi,Bed & Breakfast,http://calbiaffittacamere.myadj.it/v/calbiaffittacamere,347 131 8171,Via Fonte,Castelvecchio Subequo,,,https,React,No,"Cloudflare, Inc.",,,,Sì,No
Antica Interamnia,Bed & Breakfast,http://www.anticainteramnia.com/,0861 413445,"Via dei Mosaici, 12",Teramo,,info@anticainteramnia.com,https,Wix,No,Sconosciuto,,,,Sì,No
B&B Palazzo la Loggia,Bed & Breakfast,http://www.palazzolaloggia.it/,348 313 6682,Via Barisciano,Barisciano,,info@palazzolaloggia.it,http,WordPress,No,Aruba S.p.A. Network,,,,Sì,No
LE VILLETTE,Casa per vacanze,https://levillettepescara.top/,366 500 9695,"Via Fontanelle, 112",Pescara,,,https,WordPress,Sì,Cloudflare,,,,Sì,No
Fulé Affittacamere,Alloggi al coperto,http://www.fule.it/,0862 85156,Via Fuleana (Contrada Murata),Fontecchio,,info@fule.it,https,WordPress,No,OVH SAS,,,,Sì,No
B&B Strada facendo,Bed & Breakfast,,347 739 3842,Piazza Giudea,Collebrincioni,,,,,,,,,,,
La finestra sul cortile,Bed & Breakfast,,334 671 7989,"Portico tre case, 14",Atri,,,,,,,,,,,
B&B Raffaello a Mare,Bed & Breakfast,https://www.bebraffaelloamare.it/,392 583 9730,"Via Raffaello Sanzio, 6",Montesilvano,,,https,Joomla,No,Aruba S.p.A.,,,,Sì,No
B&B VILLA MARIA,Bed & Breakfast,http://www.bbvillamaria.it/,335 236 125,"Via Danubio, 79",Montesilvano,,villamariamontesilvano@gmail.com,https,Joomla,Sì,Aruba S.p.A. Network,,,,Sì,No
Bed and Breakfast Del Palazzo,Bed & Breakfast,https://www.bebdelpalazzo.it/,338 681 6219,"Vico Palazzo, 19",Monteodorisio,,info@bebdelpalazzo.it,https,Shopify,Sì,SEEWEB s.r.l.,,,,Sì,No
B&B Vieni a casa mia,Bed & Breakfast,,333 886 4813,Contrada Vicenne,Aielli,,,,,,,,,,,
Casale Mammarella,Hotel,http://www.casalemammarella.com/,347 579 5643,"Via Porta Napoli, 28",L'Aquila,,miriamzingarelli@gmail.com,https,Shopify,No,Hostinger,,,,Sì,No
Le Farine Del Maestro - Mulino di Riolitto e Cavalli F.,Mulino ad acqua,https://www.lefarinedelmaestro.it/,345 042 6549,"STRADA PROVINCIALE 29, N.1",Barete,,,https,React,No,"Cloudflare, Inc.",,,,Sì,No
alloggio taddei,Hotel,https://taddei.bedsandhotels.com/,348 074 3475,"S.da Provinciale Barisciano Caste de Monte, 5",Barisciano,,,https,React,No,Hetzner Online GmbH,,,,Sì,No
Il Castello,Bed & Breakfast,https://ilcastellodiatessa.it/,388 487 3398,"Largo Castello, 4",Atessa,,,https,WordPress,No,Datasource AG,,,,Sì,No
B&B Art Silvi,Bed & Breakfast,,328 550 5745,"Contrada Santo Stefano, 103",Silvi,,,,,,,,,,,
B&B La Citavella,Bed & Breakfast,,392 628 9133,"Via Amerigo Giuliani, 21",Rosciolo dei Marsi,,,,,,,,,,,
Hotel Felicioni,Hotel,http://www.felicionihotel.com/,085 915 6670,"Via della Rampa, 30",Pineto,,info@felicionihotel.com,https,Joomla,Sì,Sucuri,,,,Sì,No
Giusy's Bed & Breakfast,Bed & Breakfast,,329 618 3046,"Via Maestri del Lavoro, 95",Avezzano,,,,,,,,,,,
Hotel Du Parc,Hotel,https://www.hotelduparcatri.it/,085 77603,"Viale Umberto I, 6",Atri,,info@hotelduparcatri.it,https,React,Sì,Aruba S.p.A.,,,,Sì,No
B&B La Canfora Cin. IT067004C1Z3UJBW9V,Bed & Breakfast,http://lacanforabedb.com/,334 618 0213,SP27a,Stracca,,fabri.965@hotmail.it,https,Angular,No,WordPress.com-DNS,,,,Sì,No
Convento di San Colombo - Dimora Storica,Hotel,http://www.conventodisancolombo.it/,0862 182 3381,"Strada Provinciale km 4,200",Barisciano,,info@conventodisancolombo.it,http,ASP.NET,No,Aruba S.p.A. - Cloud Services,,,,Sì,No
Arco di San Francesco,Bed & Breakfast,http://bb.arcodisanfrancesco.it/,085 87762,Via S. Francesco,Atri,,info@arcodisanfrancesco.it,http,Basekit,No,Aruba-Hosting-(Technorail),,,,Sì,No
La palummara b&b,Hotel,,338 345 2545,"Via Mastrilli, 1",San Panfilo D'ocre,,,,,,,,,,,
Park Hotel Benessere Spa & Sport,Hotel,https://www.ovindoliparkhotel.it/?utm_source=google&utm_medium=organic&utm_campaign=mybusiness,0863 705221,"Via del Ceraso, 178",Ovindoli,,info@ovindoliparkhotel.it,https,WordPress,No,Sconosciuto,,,,Sì,No
Il Roseto,Bed & Breakfast,,331 577 6964,"Via Delle Aie, località, Via delle Aie, Piazza Cansatessa, 17",L'Aquila,,,,,,,,,,,
Alba Nuova B&B,Bed & Breakfast,,328 944 3794,"Via Degli Scavi, 3",Alba Fucens di,,,,,,,,,,,
B&B La Residenza,Bed & Breakfast,http://www.bblaresidenza.it/,340 865 2011,"Via Melchiorre, 15",Rosciolo dei Marsi,,info@bblaresidenza.it,https,WordPress,No,Sconosciuto,,,,Sì,No
Park Hotel Sporting,Hotel,https://www.hotelsportingteramo.it/,0861 739949,"Via Alcide de Gasperi, 41",Teramo,,info@hotelsportingteramo.it,https,Shopify,Sì,Aruba S.p.A.,,,,Sì,No
B&B A casa di Emy,Bed & Breakfast,http://www.acasadiemy.it/,377 234 4345,strada Provinciale per castel del monte 66,Barisciano,,info@acasadiemy.it,https,WordPress,Sì,Aruba S.p.A.,,,,Sì,No
Locanda 3 scalini,Hotel,,345 879 7344,"Via SS, Palentina, 9",Capistrello,,,,,,,,,,,
B&B L'albero di Antonia,Bed & Breakfast,http://www.lalberodiantonia.it/,340 928 7626,"Via Aristotele Pacini, 5",Atri,,info@lalberodiantonia.it,https,React,No,Sconosciuto,,,,Sì,No
Adonis Bar Ristorante Camere,Ristorante,https://www.adonisbarristoro.it/,0862 191 1109,"Via Roma, 8",Castelvecchio Calvisio,,,https,WordPress,No,Sconosciuto,,,,Sì,No
Bed & Breakfast Angel's,Alloggio completo di servizi,,328 684 6288,"Viale Duca degli Abruzzi, 34",Luco dei Marsi,,,,,,,,,,,
Complesso Turistico Aurora - camere & appartamenti,Bed & Breakfast,http://www.camereaurora.it/,328 835 2347,"Via Piedi le Vigne, 22",Poggio Picenze,,,https,Shopify,No,Sconosciuto,,,,Sì,No
B&B Acquaria,Bed & Breakfast,http://bbacquaria.it/,340 927 8563,"Via del Pioppo, 2",Avezzano,,info@bbacquaria.it,http,Joomla,No,Aruba S.p.A. Network,,,,Sì,No
Hotel De Meis,Hotel,http://www.hoteldemeis.com/,0863 531320,"Via Roma, 202",Capistrello,,info@hoteldemeis.com,http,ASP.NET,No,Aruba S.p.A. Network,,,,Sì,No
Il Tesoro Del Lago,Hotel,http://www.iltesorodellago.it/,0863 539372,"Via Carlo Pisacane, 9-11",Capistrello,,info@iltesorodellago.it,https,WordPress,No,Aruba S.p.A.,,,,Sì,No
Chalet Il Camoscio,Hotel,https://www.colonnasuite.it/chalet/it,0862 917249,"Largo Pascualina, Via Franco Nusca",Rovere,,prenotazioni@roburmarsorum.it,https,React,No,Sconosciuto,,,,Sì,No
City View Pescara B&B,Bed & Breakfast,http://www.cityviewpescara.it/,340 951 0073,"Str. Zanni, 64/4",Pescara,,infocityviewpescara@gmail.com,https,React,No,Sconosciuto,,,,Sì,No
Bellavista bed and breakfast,Bed & Breakfast,,389 202 0244,"Via Sant' Agostino, 22",Atri,,,,,,,,,,,
La Taberna di Rocca Calascio,Ristorante italiano,http://www.latabernadiroccacalascio.it/,350 089 9006,Via della Torre,Rocca,,,https,React,Sì,Register.it-Hosting,,,,Sì,No
B&B Tetris,Bed & Breakfast,https://beb.it/tetris,340 286 5628,"V.le della Croce Rossa, 229",L'Aquila,,,https,React,No,"Amazon.com, Inc.",,,,Sì,No
Agriturismo Casa Mia,Agriturismo,,0872 809386,"Contrada Prangiarella, 9",Paglieta,,,,,,,,,,,
B&B 2 Fontane Tornareccio,Bed & Breakfast,,340 934 7482,"Via Pallano, 21",Tornareccio,,,,,,,,,,,
Hotel Domus,Hotel,,0872 983056,"Via Nazionale, 351",Altino,,,,,,,,,,,
B&B Green,Bed & Breakfast,https://www.bbgreencoppito.it/,334 884 8848,"Via Giovanni Falcone, 3A",Coppito,,,https,Typo3,No,"Amazon.com, Inc.",,,,Sì,No
Residenza La Torre,Hotel,http://www.residenza-latorre.it/,0862 899083,"Via del Castello, 1",Santo Stefano di Sessanio,,info@residenza-latorre.it,https,WordPress,No,Hetzner Online GmbH,,,,Sì,No
La Pennichella,Bed & Breakfast,https://la-pennichella.italiabella.top/,349 067 8041,"Via della Molinella, SNC 67015",Piedicolle,,,https,React,No,Contabo GmbH,,,,Sì,No
Rifugio della Rocca - Albergo Diffuso,Hotel,http://www.rifugiodellarocca.it/,338 805 9430,Localita' Rocca Calascio,Calascio,,reservation@rifugiodellarocca.it,https,React,No,Amazon Technologies Inc.,,,,Sì,No
Podere S. Anna,Hotel,https://sanna.tripcombined.com/,391 430 1636,C.da Montagnola 21,Atri,,,https,React,No,Sconosciuto,,,,Sì,No
Casale Virginia,Hotel,http://www.casalevirginia.com/,346 305 8021,Località San Matteo,Montereale,,casalevirginiasrl@gmail.com,http,WordPress,No,Sconosciuto,,,,Sì,No
B&Be_Home,Bed & Breakfast,,329 564 2577,"Via Perruna, 55",Tollo,,,,,,,,,,,
Hotel Ristorante Al Duca,Hotel,http://www.hotelalduca.it/,0872 865866,"Viale Duca degli Abruzzi, 26",Atessa,,,https,WordPress,No,Sconosciuto,,,,Sì,No
Affittacamere Uvaspina,Bed & Breakfast,,349 145 6139,Frazione Bivio di Pizzoli,Pizzoli,,,,,,,,,,,
Residence Principessa Maria,Residence,,335 817 2699,"Viale Principessa Maria, 49",Schiavi di Abruzzo,,,,,,,,,,,
Casa del Vecchio Volante,Bed & Breakfast,,328 662 9775,Via Santa Chiara 2,Montereale,,,,,,,,,,,
ANTICA TENUTA C.I.N. IT066007B5HVCQT3EV,Agriturismo,http://www.anticatenuta.it/,333 750 9142,Case Sparse,Balsorano,,anticatenuta@gmail.com,https,Mobirise,Sì,Aruba S.p.A. Network,67,79,100.00,Sì,No
Bar Ristorante Serena - Campotosto,Ristorante,http://www.ristoranteserenacampotosto.it/,0862 900213,"Via Rio Fucino, 7",Campotosto,,,https,WordPress,No,Sconosciuto,,,,Sì,No
Nonno Peppe B&B,Bed & Breakfast,,351 562 1218,"Via Maligni, 6",Perano,,,,,,,,,,,
Aribri Bed & Breakfast,Bed & Breakfast,https://aribri-bed--breakfast.percorsiitaliani.top/,338 458 4834,"Via Osanna, 3",San Pancrazio Salentino,,,https,WordPress,No,Sconosciuto,64,86,85.00,Sì,No
b&b La casa delle stagioni,Bed & Breakfast,http://www.lacasadellestagioni.it/,392 546 8481,"Via Ponte Rasarolo, 6",L'Aquila,,lacasadellestagioni@gmail.com,https,Angular,Sì,SEEWEB s.r.l.,,,,Sì,No
La Rondine,Bed & Breakfast,https://larondine.tripcombined.com/,348 047 8504,"Via Borgo Nuovo, 22",Tagliacozzo,,,https,React,No,Contabo GmbH,57,89,92.00,Sì,No
B&B ex Albergo Centrale Atessa,Bed & Breakfast,https://www.bnbghellirossi.it/,348 649 1294,"Via Roma, 7",Atessa,,,https,Shopify,Sì,Sconosciuto,65,70,92.00,Sì,No
I Templi Italici,Bar,https://i-templi-italici.touritaliani.top/,0873 976173,"Schiavi d'Abruzzo, Via per Taverna, 1",Schiavi di Abruzzo,,,https,WordPress,No,Contabo GmbH,66,88,85.00,Sì,No
Residenza Storica LE CIVETTE,Bed & Breakfast,https://www.residenzastoricalecivette.it/,349 179 2121,"Via S. Angelo, 7/9",Castel del Monte,,,https,WordPress,Sì,Sconosciuto,,,,Sì,No
Affittacamere il Bucaneve,Bed & Breakfast,,338 117 4587,"Via Rione Orientale, 48",Barrea,,,,,,,,,,,
"Grand Hotel delle Rocche, Ristorante Le Terrazze",Hotel,http://www.grandhoteldellerocche.it/,0862 917144,"Via Comunale per Secinaro, 220",Rocca di Mezzo,,,https,WordPress,No,Server Plan S.r.l.,,,,Sì,No
Il Giardinotto Bed&Breakfast,Bed & Breakfast,http://www.giardinotto.it/it/,339 527 9750,"Via Supportico, 15",Altino,,info@giardinotto.it,http,WordPress,No,Sconosciuto,,,,Sì,No
RG Maison,Bed & Breakfast,https://www.rgmaison.it/,338 839 1897,Via della Vittoria,La Grancia,,info@rgmaison.it,https,React,No,Simply Transit Ltd,46,80,83.00,Sì,No
Baita Pavo',Bed & Breakfast,https://www.baitapavo.com/it/,329 628 6222,Contrada Maiella,Trivento,,,https,ASP.NET,No,Sconosciuto,,,,Sì,No
B&B Giallo Siena,Bed & Breakfast,,338 626 0330,Via Casali,Colli a Volturno,,,,,,,,,,,
Bellavista,Bed & Breakfast,,327 991 0451,"Via Vittorio Veneto, 46",Roccavivara,,,,,,,,,,,
Ristorante Paneolio,Ristorante,,0862 80101,"Via Umberto I, 89/91",Poggio Picenze,,,,,,,,,,,
B&B Il Rifugio Nel Parco,Bed & Breakfast,https://www.ilrifugionelparco.it/,329 986 6250,Via Benedetto Virgilio,Villetta Barrea,,info@ilrifugionelparco.it,https,WordPress,No,Sconosciuto,48,56,85.00,Sì,No
Bed & Breakfast Sweet Home,Bed & Breakfast,http://www.bbsweethome.it/,328 289 7743,"Via Filippo Corridoni, 41",Sora,,info@ale.it,http,Joomla,No,Aruba S.p.A.,93,100,100.00,Sì,No
CASETTA MIA,Bed & Breakfast,,327 267 4342,"CIN IT066017C2RSBHSX9U, Via Serafino D'Andrea, 55",Canistro Superiore,,,,,,,,,,,
IN CENTRO - Rooms and Apartments,Hotel,https://book.incentro.biz/,333 803 5038,"Via Giuseppe Verdi, 4",Isola del Liri,,,https,Basekit,No,Aruba S.p.A.,32,64,92.00,Sì,No
Hotel Holidays,Hotel,http://www.hotel-holidays.it/,0864 88370,"Via Palombara, 3",Barrea,,info@hotel-holidays.it,https,WordPress,Sì,Sconosciuto,45,98,77.00,Sì,No
Bed and Breakfast Airone,Bed & Breakfast,http://www.affittacamereairone.com/,328 717 2414,Via Le Foci,Villetta Barrea,,,http,ASP.NET,No,Aruba S.p.A. Network,95,100,92.00,Sì,No
R&B Il Parco,Bed & Breakfast,,340 712 1425,"SS17bis, km 18/200",Assergi,,,,,,,,,,,
Albergo Ristorante La Poiana,Hotel,http://www.albergolapoiana.it/,0864 88106,Localita' Masseria,Barrea,,info@albergolapoiana.it,https,WordPress,Sì,Sconosciuto,62,93,92.00,Sì,No
Green Land B&B Boutique,Alloggio completo di servizi,http://www.greenlandabruzzo.it/,334 198 1706,"Contrada Fino Ruote, 3",Castilenti,,info@greenlandabruzzo.it,https,ASP.NET,No,Netsons s.r.l.,56,76,77.00,Sì,No
Agriturismo di charme erbadoro,Agriturismo,http://www.erbadoro.com/,392 468 4271,"Via Antica Molito, 12",Alvito,,,http,WordPress,No,Aruba S.p.A.,59,42,0.00,Sì,No
La Valle del Gran Sasso Hotel - Residence,Hotel,http://www.lavalledelgransasso.it/,0862 191 1003,SS17bis,Assergi,,,https,WordPress,No,IT.Gate S.p.A.,60,57,92.00,Sì,No
Moi Moi B&B,Bed & Breakfast,http://www.moimoibnb.com/,320 848 1924,"S.S, SS80, 18/N",L'Aquila,,,,WordPress,Sì,SEEWEB s.r.l.,0,0,0.00,Sì,No
Domus Hotel Resort & Spa,Hotel,https://www.domushotelbagnoli.it/,0874 870510,Variante Esterna,Bagnoli del Trigno,,info@domushotelbagnoli.it,https,React,Sì,Sconosciuto,62,97,92.00,Sì,No
Locanda Belvedere da Stefano,Ristorante,http://www.locandabelvedere.eu/,338 173 0892,Località Pratola snc in frazione,Castelnuovo Al Volturno,,info@locandabelvedere.eu,https,WordPress,Sì,Sconosciuto,47,80,77.00,Sì,No
Locanda Del Ponte,Alloggio con uso cucina,http://www.locandadelponte11.it/,339 784 5961,Località Ponte Collepiano 11,Balsorano,,locanda.delponte@gmail.com,http,WordPress,No,Aruba S.p.A.,77,97,83.00,Sì,No
B&B La casetta di Nonna Cecilia,Bed & Breakfast,https://beb.it/lacasettadinonnacecilia,338 449 6601,"Via del Carmine, 24","San Vincenzo Valle Roveto, Fraz. Roccavivi",,,https,Joomla,No,Sconosciuto,67,84,100.00,Sì,No
Nel verde di Carinci,Bed & Breakfast,http://www.nelverdedicarinci.it/,351 715 9756,"Via Coniglio, 45",Indiprete,,info@nelverdedicarinci.it,https,ASP.NET,No,Aruba S.p.A. Network,62,89,91.00,Sì,No
B&B Alba D'Abruzzo,Bed & Breakfast,http://bbalbadabruzzo.it/,339 230 9144,"CIN IT067001C1I2TBB3DB, Via Abruzzo, 21",Alba Adriatica,,,http,Joomla,Sì,Aruba S.p.A,79,92,91.00,Sì,No
Il Fabbro Chambre,Bed & Breakfast,,327 246 9584,"Viale delle Acacie, 22",Castelmauro,,,,,,,,,,,
Bed and Breakfast La Suite Alba Adriatica,Bed & Breakfast,http://www.bblasuite.it/,327 139 9222,"Via Duca d'Aosta, 93",Alba Adriatica,,info@bblasuite.it,https,WordPress,No,Netsons Network,67,87,83.00,Sì,No
Hotel Flora Alba Adriatica,Hotel,https://www.hotelfloraalbaadriatica.it/,338 589 9833,"Viale Guglielmo Marconi, 32",Alba Adriatica,,info@hotelfloraalbaadriatica.it,https,Joomla,Sì,Aruba S.p.A.,81,96,100.00,Sì,No
Hotel Fattoria Mare Snc fi Iencinella C. & C.,Hotel,http://www.fattoriamare.com/,0861 714041,"Via Malta, 5",Alba Adriatica,,fattoria@fattoriamare.com,https,ASP.NET,Sì,Aruba S.p.A,64,98,82.00,Sì,No
Hotel Lidia Di Diomedi Devis,Hotel,https://hotel-lidia.it/,0861 714441,"Via dei Tigli, 15",Alba Adriatica,,info@hotel-lidia.it,https,ASP.NET,No,Server Plan S.r.l.,69,74,100.00,Sì,No
"Sextantio Albergo Diffuso, Santo Stefano di Sessanio",Hotel,https://www.sextantio.it/santostefano/abruzzo/,0862 899112,Via Principe Umberto,Santo Stefano di Sessanio,,santostefano@sextantio.it,https,Joomla,No,"Cloudflare London, LLC",60,79,92.00,Sì,No
Via col Vento - Bed and Breakfast,Bed & Breakfast,http://viacolvento-abruzzo.it/,389 691 0352,"Str. Madonna della Vittoria, 91",Chieti,,info@viacolvento-abruzzo.it,http,ASP.NET,No,Aruba Hosting,61,94,91.00,Sì,No
Hotel il Casale R.T.A.,Hotel,http://www.hotelilcasale.it/,349 682 1933,"Via F. Filzi, 100",Villa Rosa,,,https,WordPress,Sì,Sconosciuto,66,93,85.00,Sì,No
La Piccola Oasi,Bed & Breakfast,https://www.bblapiccolaoasi.it/,340 466 4755,"Via dei Vestini, 70/b",Chieti,,,https,React,No,Sconosciuto,73,95,100.00,Sì,No
B&B Leonardo Da Vinci,Bed & Breakfast,,328 714 4529,"Via Fontegrande, 103",Celano,,,,,,,,,,,
la casa di andrea,Bed & Breakfast,http://www.lacasadiandrea.it/,331 122 0940,"Str. Rapposelli, 23",Chieti,,,https,Typo3,No,Sconosciuto,63,92,100.00,Sì,No
Hotel Aurea,Hotel,http://www.aureahoteltortoreto.it/,0861 182 8800,"Via Leonardo da Vinci, 46",Tortoreto,,booking@aureahotel.it,https,React,Sì,Aruba S.p.A.,60,75,92.00,Sì,No
La Locanda Sul Lago | Nuova Gestione,Ristorante,,0862 196 6440,Via del Lago,Santo Stefano di Sessanio,,,,,,,,,,,
Destasù Bed & Wellness,Hotel,https://www.destasu.it/,338 350 4027,"V.le dei Pini, 73",Castel del Monte,,info@destasu.it,https,Joomla,No,Aruba S.p.A.,50,62,85.00,Sì,No
B&B Vanessa,Bed & Breakfast,http://www.bbvanessa.com/,349 312 9302,"Via dei Ludi, 9",Alba Adriatica,,vanessabbalba@gmail.com,https,Basekit,No,Aruba S.p.A.,57,54,100.00,Sì,No
Costa di Maggio - Ristorante e Ospitalità,Ristorante,https://www.costadimaggio.com/?utm_source=google&utm_medium=organic&utm_campaign=gbp-listing,345 305 0285,Via del Rio,Fontecchio,,info@costadimaggio.com,https,React,No,MovieMent,43,65,92.00,Sì,No
Agriturismo Statale 17,Alloggio completo di servizi,http://www.agriturismostatale17.it/,0862 196 1742,"Via Strada Statale 17, km 48",Poggio Picenze,,,https,WordPress,No,Aruba S.p.A. Network,32,75,85.00,Sì,No
Azienda Agrituristica Valle del Rio di Tuzi Fabio,Agriturismo,http://www.valledelrio.it/,333 298 0885,"Località Cancavane, 1",San Vincenzo Valle Roveto,,info@valledelrio.it,http,Joomla,No,Sconosciuto,59,75,77.00,Sì,No
GranSasso Dream House,Casa di campagna,https://gransasso.tripcombined.com/,328 975 9358,"Via Vittorio Veneto, 11",Carapelle Calvisio,,,https,React,No,Contabo GmbH,55,92,92.00,Sì,No
Il vicoletto,Bed & Breakfast,,328 068 2008,"Via Capo del Colle, 2",Celano,,,,,,,,,,,
Hotel Vitalba,Hotel,,0862 911184,Via della Chiusa,Rocca di Mezzo,,,,,,,,,,,
La Locanda delle Streghe - Relais Ristorante,Locanda,https://www.locandadellestreghe.it/,0862 938911,"Via della Pineta, 24",Castel del Monte,,info@locandadellestreghe.info,https,WordPress,No,Sconosciuto,70,96,100.00,Sì,No
Hotel Villa Elena,Hotel,http://www.hotelvillaelena.it/,0861 787266,"Via Nazionale Adriatica, 136",Tortoreto Lido,,info@hotelvillaelena.it,https,Shopify,Sì,Aruba S.p.A.,69,95,100.00,Sì,No
Hotel Fiordigigli,Hotel,http://www.fiordigigli.com/,348 306 6259,"Base della Funivia Gran Sasso, Loc. Fonte Cerreto",L´Aquila,,info@fiordigigli.com,https,WordPress,Sì,IONOS SE,50,63,92.00,Sì,No
LA CASA DI ERNINO,Casa per vacanze,http://www.lacasadiernino.com/,346 230 4407,"Via Colle Sant'Angelo, 11",Alba Adriatica,,lacasadiernino@gmail.com,https,Squarespace,No,"Squarespace, Inc.",49,66,85.00,Sì,No
Essentia Rooms & Relax,Bed & Breakfast,https://www.essentiarooms.com/,338 523 1279,"Via Buonanotte, 6",Vasto,,,https,Angular,No,Sconosciuto,28,57,92.00,Sì,No
Bed & Breakfast Le Palme,Bed & Breakfast,http://bblepalme.it/,334 271 6668,"Viale della Unità D'Italia, 560",Chieti,,info@bblepalme.it,https,WordPress,No,Aruba-Hosting,65,92,92.00,Sì,No
B&B Sapore di Mare Beach,Bed & Breakfast,,345 659 1267,"Piazzale Verrazzano, 22",San Salvo Marina,,,,,,,,,,,
Hotel Don Luis,Hotel,https://www.hoteldonluis.it/?utm_source=google&utm_medium=GMB,0864 847061,"Via Sangro, 94",Castel di Sangro,,info@hoteldonluis.it,https,Shopify,Sì,Sconosciuto,88,90,100.00,Sì,No
hotel Cantina Loft,Agriturismo,http://www.cantinaloft.it/,328 714 8770,"Str. la Torre, 7",Chieti,,info@cantinaloft.it,http,ASP.NET,No,Sconosciuto,56,64,82.00,Sì,No
Corte Reale Luxury B&B,Bed & Breakfast,https://www.cortereale.com/,348 190 8557,"Via Stingi, 41",San Salvo,,info@cortereale.com,https,React,No,ServerPlan,63,81,100.00,Sì,No
DISCOVER Tortoreto,Hotel,http://www.discover-tortoreto.com/,327 322 0436,"Via Trieste, 145",Tortoreto Lido,,info@discover-tortoreto.com,https,Webflow,Sì,Sconosciuto,54,85,100.00,Sì,No
La Casa Rossa,Hotel,http://www.hotelristorantecasarossa.it/,0861 711899,"Via Ascolana, 57",Alba Adriatica,,,https,WordPress,Sì,Amazon Technologies Inc.,67,92,77.00,Sì,No
Medi Garden Resort,Hotel,https://www.medigarden.it/,0861 712418,"Via Firenze, 4",Alba Adriatica,,info@medigarden.it,https,Shopify,Sì,Server Plan S.r.l.,57,52,83.00,Sì,No
A Casa Di Nonna B&B,Bed & Breakfast,,345 939 8788,"V. XXIV Maggio, 29",Tortoreto Alto,,,,,,,,,,,
Sydney B&B,Bed & Breakfast,,320 229 1888,"Via Fonte Lava, 21",Castiglione Messer Marino,,,,,,,,,,,
Hotel Ristorante Bellavista,Ristorante,http://www.hotelbellavistacolonnella.com/,0861 70627,"Via dell'Icona, 5",Colonnella,,hotelbellavista@alice.it,https,WordPress,Sì,Netsons s.r.l.,61,88,92.00,Sì,No
Lorenzo il Magnifico,Bed & Breakfast,,320 977 7965,"Via Luigi Giuliani, 66",Celano,,,,,,,,,,,
Azienda turistica faunistico venatoria,Hotel,,388 751 5784,Via santa Maria del monte,Castiglione Messer Marino,,,,,,,,,,,
A casa di Adua,Bed & Breakfast,,333 156 2932,"Via Malatesta, 11",Cupello,,,,,,,,,,,
Aria di Sale,Bed & Breakfast,https://www.ariadisale.it/,346 075 1399,"Via Giuseppe Parini, 1",Martinsicuro,,info@ariadisale.it,https,Angular,No,Aruba S.p.A.,72,94,92.00,Sì,No
Bella Vista B&B,Bed & Breakfast,,368 755 9580,"Via Italia, 158",Gissi,,,,,,,,,,,
B&B I Tufi,Bed & Breakfast,http://www.itufi.it/,349 318 6674,"Via Delle Cerase, 16",Colonnella,,,http,Angular,No,Aruba S.p.A. Network,28,41,85.00,Sì,No
Hotel Lory,Hotel,http://www.loryhotel.it/,0863 793656,"Via Oreste Ranelletti, 335",Celano,,info@loryhotel.it,https,Shopify,Sì,"Amazon.com, Inc.",67,87,100.00,Sì,No
Agriturismo Olive,Ristorante,,0873 42445,"Contrada Fonte Puteo, 3",Lentella,,,,,,,,,,,
B&B Florindo,Bed & Breakfast,,335 803 3128,"Via Marruccina, 12",Cupello,,,,,,,,,,,
La loggia antica,Agriturismo,,0861 995720,Contrada Carbonesca,Arsita,,,,,,,,,,,
Bed and Breakfast Memory,Bed & Breakfast,,340 741 9827,"Via Macera, 16",Canzano,,,,,,,,,,,
Panorama,Bed & Breakfast,,340 809 6176,"Contrada Riomoro, 76",Colonnella,,,,,,,,,,,
Maf b&b,Bed & Breakfast,,391 746 0699,"Via Marruccina, 86",Cupello,,,,,,,,,,,
Foresteria Prima Luce,Bed & Breakfast,https://www.foresteriagiulianova.com/,085 921 7980,"Via Antonio Gramsci, 87",Giulianova,,info@foresteriagiulianova.com,https,Shopify,Sì,Semplify Srl,84,55,100.00,Sì,No
Oltremare Rooms,Bed & Breakfast,,348 883 9185,"Viale della Dalmazia, 3",Marina di Vasto,,,,,,,,,,,
B&B Attico Mare,Bed & Breakfast,,366 275 6010,"Viale Marconi, 60",San Benedetto del Tronto,,,,,,,,,,,
B&B Le Casette Chieti,Bed & Breakfast,http://www.beblecasettechieti.it/,327 675 1928,"Viale B. Croce, 18/a",Chieti,,,https,React,No,Tucows Domains,60,94,92.00,Sì,No
Hotel Ristorante La Sirenetta,Hotel,http://www.hotellasirenetta.it/,0861 787037,"Lungomare Sirena, 160",Tortoreto Lido,,,https,React,No,Sconosciuto,50,24,91.00,Sì,No
Bed and Breakfast SULMARE,Bed & Breakfast,http://www.bnbsulmarealbaadriatica.it/,338 561 1122,"Viale Guglielmo Marconi, 156",Alba Adriatica,,info@bnbsulmarealbaadriatica.it,https,ASP.NET,Sì,Sconosciuto,56,73,92.00,Sì,No
Luxury B&B Villa Tigli,Bed & Breakfast,https://www.villatigli.it/,349 875 4150,"Via dei Tigli, 3",Martinsicuro,,info@villatigli.it,https,React,Sì,"DigitalOcean, LLC",40,37,100.00,Sì,No
B&B San Lorenzo,Bed & Breakfast,https://bedbreakfastvasto.it/,347 505 6640,"Via S. Lorenzo, 112/G",Vasto,,,http,WordPress,No,Netsons,68,94,92.00,Sì,No
Villa Polercia,Bed & Breakfast,,346 579 8863,"Contrada Polercia, 4",Cupello,,,,,,,,,,,
B&B La Seconda Luna,Bed & Breakfast,,349 597 4702,"Via Roma, 37",Pollutri,,,,,,,,,,,
VILLA PENSIERI Bed & Brekfast,Bed & Breakfast,,0861 186 1983,"strada, SP34b, 61",Bisenti,,,,,,,,,,,
d annunziohouse,Bed & Breakfast,https://dannunziohouse.it/,351 063 3313,"Via G. D'Annunzio, 16",Martinsicuro,,danunziohouse@hotmail.com,,Joomla,No,Netsons,51,53,85.00,Sì,No
Country House Ciliegia Rossa,Bed & Breakfast,https://www.ciliegiarossa.com/,334 303 4070,"Via Delle Cerase, 3",Colonnella,,vivianacecere@yahoo.it,https,React,Sì,Aruba S.p.A.,56,61,82.00,Sì,No
B&B Olganna,Bed & Breakfast,http://www.olganna-bb.it/,347 378 3953,"b, Via del Porto, 93/a",Vasto,,info@olganna-bb.it,http,ASP.NET,No,Sconosciuto,68,69,92.00,Sì,No
Hotel Ristorante Mastrodattia,Hotel,https://www.mastrodattia.it/,338 153 9501,"Via Luigi Giuliani, 33",Celano,,,https,React,No,Sconosciuto,48,87,100.00,Sì,No
Bioagriturismo SOFIA,Agriturismo,,347 272 3967,"Via Forno Vecchio, 9",Cocullo,,,,,,,,,,,
Residenza B&B Salge,Bed & Breakfast,https://www.residenzasalge.it/,339 637 5738,"Via Gabriele D'Annunzio, 40",Colonnella,,info@residenzasalge.it,https,React,Sì,SEEWEB s.r.l.,53,63,85.00,Sì,No
Dannunziano Aparthotel,Bed & Breakfast,http://www.dannunziano.it/,351 889 1019,"Viale Abruzzo, 286/b",Chieti,,info@dannunziano.it,https,Shopify,Sì,Sconosciuto,71,94,75.00,Sì,No
B&B Portanuova,Bed & Breakfast,https://www.bbportanuovavasto.it/,339 813 5256,"Via S. Francesco D'Assisi, 80",Vasto,,,https,Typo3,No,Sconosciuto,55,100,100.00,Sì,No
B&B Villa Actea,Bed & Breakfast,http://www.villactea.it/,375 863 9407,"Via Giacomo Puccini, 2",Vasto,,info@villactea.it,https,WordPress,Sì,Aruba S.p.A.,33,37,77.00,Sì,No
Villa Patrizia Ristorante Hotel,Hotel,,335 143 2419,"Via delle Ferriere, 1",La Grancia,,,,,,,,,,,
Tenuta Villa Rosato,Bed & Breakfast,,347 608 6834,"Via Pianconi, 1",Colledimezzo,,,,,,,,,,,
Hotel Bruna,Hotel,https://www.hotelbrunamartinsicuro.it/,0861 796228,"Via G. D'Annunzio, 9",Martinsicuro,,hotelbruna.info@gmail.com,https,React,No,CoreTech,57,60,100.00,Sì,No
ARS de MAR,Bed & Breakfast,,366 501 5880,"Via delle Lampare, 11",Martinsicuro,,,,,,,,,,,
B&B Colle di Mezzo,Bed & Breakfast,,349 853 3803,"Strada Colle di Mezzo n.7 palazzina privata, primo piano",Pescara,,,,,,,,,,,
Hotel Villa Truentum,Residence,https://www.hotelvillatruentum.com/,0861 762191,"Via Dei Colli, 3",Martinsicuro,,info@hotelvillatruentum.com,https,Shopify,Sì,Google LLC,54,80,100.00,Sì,No
Hotel Acquario,Hotel,http://www.hotel-acquario.it/,0873 801986,SS 16,Marina di Vasto,,prenotazioni@hotel-acquario.it,https,React,Sì,Aruba S.p.A.,55,74,85.00,Sì,No
La Dimora di d'Annunzio,Bed & Breakfast,http://www.ladimoradidannunzio.it/,0864 747942,Piazza Santa Maria della Valle,Scanno,,,https,WordPress,No,Aruba S.p.A,62,66,92.00,Sì,No
MONTEBELLO,Bed & Breakfast,https://montebello.mipiacelitalia.top/,331 548 8114,"Via Monte Maiella, 20",Civitella Roveto,,,https,React,No,Contabo GmbH,65,86,85.00,Sì,No
Hotel River,Hotel,http://www.hotel-river.net/,0863 977079,"Via Roma, 4",Civitella Roveto,,info@hotel-river.net,https,WordPress,No,Aruba S.p.A. Network,56,85,100.00,Sì,No
Bed and Breakfast La Siepe,Bed & Breakfast,,347 629 6635,"Via Roma, 77",Trasacco,,,,,,,,,,,
La Casa delle Storie,Bed & Breakfast,https://www.lacasadellestorie.com/,349 224 3813,SS81,Teramo,,lacasadellestorieforcella@gmail.com,https,Angular,No,Sconosciuto,53,76,100.00,Sì,No
Villa Bianca Hotel & Spa,Hotel,https://www.villabiancahotelspa.it/,0873 548615,"Via il Caravaggio, 14/D",San Salvo,,info@villabiancahotelspa.it,https,Shopify,No,Sconosciuto,52,80,92.00,Sì,No
Albergo La Perla Della Valle,Hotel,https://albergo-la-perla-della-valle.mipiacelitalia.top/,0863 97167,"Via dei Santi, 30",Civitella Roveto,,,https,WordPress,No,Contabo GmbH,66,88,85.00,Sì,No
Villa Susanna degli ulivi,Hotel,https://www.villasusannadegliulivi.it/,0861 700211,"contrada civita 39, zona",Prosperi,,hotelspavillasusanna@gmail.com,https,Shopify,No,Sconosciuto,56,91,83.00,Sì,No
B&B Incanto sotto il mare,Bed & Breakfast,http://www.incantosottoilmare.it/,347 541 3263,"Via Maratta, 1",San Benedetto del Tronto,,info@incantosottoilmare.it,http,React,Sì,Sconosciuto,49,79,85.00,Sì,No
Dimora Offidius B&B,Bed & Breakfast,http://www.dimoraoffidius.it/,353 358 8904,"Via 21 Aprile, 3",Bazzano,,info@dimoraoffidius.it,https,WordPress,No,Sconosciuto,62,92,92.00,Sì,No
Cà Luna,Bed & Breakfast,,338 251 5373,"Viale Europa, 14",Gissi,,,,,,,,,,,
Hotel Mocambo,Hotel,https://www.hotelmocambo.it/,0735 659670,"Via Domenico Cimarosa, 4",Porto d'Ascoli,,info@hotelmocambo.it,https,Shopify,Sì,Sconosciuto,63,91,92.00,Sì,No
Residence PEGA B&B,Bed & Breakfast,,393 475 8556,"V. Istonia, 53",Vasto,,,,,,,,,,,
B&B L'Aruccia,Bed & Breakfast,,338 235 3278,"Contrada Colle Zingaro, 130",Torricella Peligna,,,,,,,,,,,
BED AND BREAKFAST AGATA,Bed & Breakfast,,334 748 1168,"di, Via Della Scuola, 3",Casale,,,,,,,,,,,
“IL CUCCO” casa vacanza,Bed & Breakfast,,392 543 1006,"Contrada Valloni, 35",Gessopalena,,,,,,,,,,,
Villa Benice,Bed & Breakfast,http://www.villabenice.com/,333 584 0490,Via Brecciose,Morino,,info@villabenice.com,https,React,No,Simply Transit Ltd,64,78,75.00,Sì,No
Agriturismo Olimpo,Bed & Breakfast,,345 313 4028,"Contrada Montebello, 4",Villa Santa Maria,,,,,,,,,,,
Mancinelli Bed&Breakfast,Bed & Breakfast,,392 901 4185,"Via delle Piane, 56",Canosa Sannita,,,,,,,,,,,
Castello di Fagnano - Albergo Diffuso & SPA,Hotel,,320 263 9335,"via Le Plaie, 8",Fagnano Alto,,,,,,,,,,,
B&B Al Vicoletto,Bed & Breakfast,,333 767 0524,Via Primo Riccitelli,Bellante,,,,,,,,,,,
Gaeta Rooms,Bed & Breakfast,,320 852 9217,"Frazione Camicie, 14",Lanciano,,,,,,,,,,,
Grancia dei Celestini B & B,Bed & Breakfast,https://celestini.bedsandhotels.com/,0864 210616,"Corso Ovidio, 13",Sulmona,,,https,React,No,Hetzner Online GmbH,65,93,91.00,Sì,No
B&B Il Country E Il Mare,Hotel,https://ilcountryeilmare.wixsite.com/bbilcountryeilmare,327 811 3369,"Via delle Lampare, 15",Martinsicuro,,8eb368c655b84e029ed79ad7a5c1718e@sentry.wixpress.com,https,Wix,Sì,Google LLC,82,94,61.00,Sì,No
La Porta dei Parchi,Agriturismo,http://www.laportadeiparchi.it/,0864 49595,"Loc. Fonte di Curzio, via San Carlo",Anversa degli Abruzzi,,info@laportadeiparchi.it,https,WordPress,Sì,Hetzner Online GmbH,46,40,85.00,Sì,No
appartamento turistico il Colle del Nibbio,Bed & Breakfast,,360 768 462,"Contrada Colle Zingaro, 11",Torricella Peligna,,,,,,,,,,,
Dimora dei Baldi - Rooms & Relax,Bed & Breakfast,https://www.dimoradeibaldi.it/?utm_source=google&utm_medium=wix_google_business_profile&utm_campaign=14879711917584106057,377 084 6275,"Via S. Antonio, 5",Ripa,,,https,Wix,Sì,Google LLC,37,61,100.00,Sì,No
Casa Ocra,Bed & Breakfast,https://casa-ocra.italiavacations.top/,371 514 7783,"Via Sant'Anna, 13",Vasto,,,https,React,No,Ipxo LLC,56,81,92.00,Sì,No
B&B Primavera,Bed & Breakfast,http://www.bebprimavera.com/,328 941 1545,"Via S. Leonardo, 11",Canosa Sannita,,info@bebprimavera.com,http,Shopify,No,Aruba S.p.A. Network,43,68,85.00,Sì,No
Villa Monteferrante,Bed & Breakfast,,0873 801809,"Via Francesco Paolo Tosti, 6",Marina di Vasto,,,,,,,,,,,
Hotel Santamaria,Hotel,,0872 944417,"Piazza Guglielmo Marconi, 19",Villa Santa Maria,,,,,,,,,,,
B&B La Cicala,Bed & Breakfast,http://www.bnblacicala.com/,388 077 2808,"Via S. Michele, 138",Vasto,,bnblacicala@gmail.com,https,Shopify,No,"DigitalOcean, LLC",,,,Sì,No
Bed and Breakfast Il Gregge,Bed & Breakfast,http://www.laportadellemeraviglie.com/,347 638 9913,"Via Colle Della Fonte, 2",Borrello,,,http,ASP.NET,No,Aruba S.p.A. Network,,,,Sì,No
B&B Urban Beach,Bed & Breakfast,http://www.urbanbeachbb.it/,375 550 1163,"Viale Nettuno, 72",Francavilla al Mare,,,https,Wix,No,Google LLC,62,80,92.00,Sì,No
Residence La Piazzetta,Residence,http://www.residencelapiazzetta.it/,338 904 3854,"Viale 4 Novembre, sn",Fara San Martino,,,http,ASP.NET,No,Sconosciuto,100,100,82.00,Sì,No
B&B Il Colle,Bed & Breakfast,,392 398 9094,Contrada colle marrollo 41,Scerni,,,,,,,,,,,
B&B La Peschiera,Bed & Breakfast,,338 783 5819,"13/A, S.P. 151 Km 4,5, Scerni",Fontenuova,,,,,,,,,,,
Bed and Breakfast a casa di Valerio,Bed & Breakfast,https://www.bbacasadivalerio.it/,339 629 3120,"Via Pignotti, 31",Corropoli,,info@bbacasadivalerio.it,https,Joomla,No,Sconosciuto,41,82,92.00,Sì,No
b&b pallano,Bed & Breakfast,,348 737 4427,via Alcide de Gaspari 56,Tornareccio,,,,,,,,,,,
B&B Edelwais,Bed & Breakfast,http://www.edelwais.it/,333 842 8514,"Via Collalto, Casale Fortunati",Pizzoferrato,,nicolaedelwais@virgilio.it,http,Joomla,No,Aruba S.p.A. Network,,,,Sì,No
B&B Alive Pollutri,Bed & Breakfast,,333 604 0542,"Contrada da Piano Croce, 34",Pollutri,,,,,,,,,,,
San Barbato 113,Bed & Breakfast,,345 445 5577,"Contrada San Barbato, 113",Pollutri,,,,,,,,,,,
Bed & Breakfast L'Eglise,Bed & Breakfast,,333 853 9437,"Via G. Sanchez, 1",Montefalcone nel Sannio,,,,,,,,,,,
Il Giardino dei Sogni,Bed & Breakfast,,327 165 3692,via dei colli,Vasto,,,,,,,,,,,
La Casa Di Filo’ B&B (CIN IT067037C12EDSYEHH),Bed & Breakfast,http://www.lacasadifilo.it/,366 668 3394,"Via Triboletti, 47",Roseto degli Abruzzi,,,https,Shopify,Sì,Aruba S.p.A.,41,62,92.00,Sì,No
B&B Alexander,Bed & Breakfast,,333 382 5882,Piazza Papa Giovanni Paolo I,Pollutri,,,,,,,,,,,
B&B Solagne,Bed & Breakfast,,366 983 6923,Contrada Solagne di Pennadomo,Torricella Peligna,,,,,,,,,,,
A casa dei nonni B&B,Bed & Breakfast,,347 636 3239,"Via Incoronata, 250",Vasto,,,,,,,,,,,
Relais Piano Valle,Bed & Breakfast,http://www.pianovalle.it/,393 866 3727,"C.da Piano, Via Piano Valle, 25",Pollutri,,,https,WordPress,No,Sconosciuto,,,,Sì,No
B&B Turchi,Bed & Breakfast,,085 810275,"Viale Nettuno, 9",Francavilla al Mare,,,,,,,,,,,
Agriturismo Casale Vidorni,Agriturismo,,349 408 4514,Via Contrada Vidorni,Atessa,,,,,,,,,,,
B&B Corte Rossetti Relax Assoluto | Luxury Urban Spa,Bed & Breakfast,https://www.relaxassoluto.it/,0873 583930,"Vicolo III Roma, 1",Casalbordino,,info@relaxassoluto.it,https,React,Sì,Netsons s.r.l.,,,,Sì,No
Azienda Agricola Villamarea,Bed & Breakfast,,333 329 0598,"Viale dei Pini, 56",Francavilla al Mare,,,,,,,,,,,
Casa Vistaverde · B&B,Bed & Breakfast,http://www.casavistaverde.it/,351 514 2494,Contrada Rascitti,Archi,,info@casavistaverde.it,https,Angular,No,Aruba S.p.A. Network,,,,Sì,No
Valesmeralda Boutique Rooms - Porto Cervo Marina,Bed & Breakfast,https://beb.it/valesmeralda/it/,340 519 4103,Via della Marina,Porto Cervo,,,https,WordPress,No,"Amazon.com, Inc.",,,,Sì,No
B&B La Villetta,Bed & Breakfast,,348 884 0824,"Via Colle Izzano, 95A",Bellante,,,,,,,,,,,
B&B Casa Letizia,Bed & Breakfast,https://casaletizia.tripcombined.com/,347 356 3011,"Via Castello, 47",Montemitro,,,https,React,No,Contabo GmbH,,,,Sì,No
B&B Villa Peppe,Bed & Breakfast,http://www.villapeppe.it/,328 200 5107,"Contrada Villanesi, Via S. Pio, 55/F",Francavilla al Mare,,,https,WordPress,No,Aruba S.p.A.,,,,Sì,No
Casa La Liccia B&B,Bed & Breakfast,https://www.casalaliccia.com/,333 659 4743,"Strada Statale 125 Orientale Sarda, Via Liccia Barria Alta, Km 346, 4",Arzachena,,,https,ASP.NET,Sì,Aruba S.p.A.,,,,Sì,No
B&B Wast-Host by Michelangelo,Bed & Breakfast,,334 711 6137,"Via Vittorio Alfieri, 49",Vasto,,,,,,,,,,,
Hotel Ristorante L'anfora,Hotel,http://www.hotellanfora.com/,0872 897778,"Via Monte Marcone, 40",Atessa,,info@hotellanfora.com,https,WordPress,Sì,Aruba S.p.A.,,,,Sì,No
Agriturismo Fattoria Uliveto,Agriturismo,https://agriturismo-fattoria-uliveto.amolitalia.top/,360 507 662,"Contrada Ragna, 61",Scerni,,,https,WordPress,No,Contabo GmbH,,,,Sì,No
B&B Bontempo Suite,Bed & Breakfast,https://bontempo.bedsandhotels.com/,347 565 3020,Via del Tratturo,Vasto,,,https,React,No,Hetzner Online GmbH,,,,Sì,No
Domus Liscia di Vacca,Appartamento vacanze,https://www.domuslisciadivacca.it/,0789 91323,Via Spargi,Liscia di Vacca,,info@domuslisciadivacca.it,https,Shopify,No,Aruba S.p.A. Network,,,,Sì,No
Osteria di campagna - Casale delle Arti,Ristorante italiano,http://www.osteriadicampagna.eu/,338 243 9944,"Selva alta, snc",Mosciano Sant'Angelo,,,http,ASP.NET,No,Aruba S.p.A. Network,,,,Sì,No
B&B Santa Lucia,Bed & Breakfast,http://www.bbslucia.it/,338 269 3640,"Via Silvio Pellico, 12",Arzachena,,,https,WordPress,No,Aruba S.p.A.,,,,Sì,No
Jake's Place B&B,Bed & Breakfast,http://jakesplace.eu/,+44 7885 388376,"Fontegrugnale (Pili, Contrada Fonte Grugnale, 38",Atessa,,,https,WordPress,No,"Cloudflare London, LLC",,,,Sì,No
B&B L'Orso e Il Mare - Adults Only,Bed & Breakfast,http://www.orsoeilmare.com/,331 222 2000,"Via Armando Diaz, 1",Palau,,1eeb89147c984dc6bc3ffafd9e6cd089@sentry.wixpress.com,https,React,Sì,Google LLC,,,,Sì,No
Hotel Corallo,Hotel,http://www.corallohotel.biz/,085 498 1662,"V.le Alcione, 203",Francavilla al Mare,,info@corallohotel.biz,https,Joomla,Sì,Aruba S.p.A,,,,Sì,No
Hotel Regent,Hotel,http://www.regenthotelpescara.it/,085 60641,"Lungo Mare Colombo Cristoforo, 64",Pescara,,info@rhotels.it,https,Shopify,Sì,Aruba S.p.A.,,,,Sì,No
Selene B&B,Bed & Breakfast,http://www.selenebeb.it/,339 433 2794,"Via Raffaello, 1",Casalbordino,,,https,React,No,Netsons s.r.l.,,,,Sì,No
B&B Sogno di Mare,Bed & Breakfast,,392 599 9383,"Viale Nettuno, 196",Francavilla al Mare,,,,,,,,,,,
Il Magnolia,Pizzeria,,328 978 0366,"Via Santa Maria della Croce, 9",Francavilla al Mare,,,,,,,,,,,
Affittacamere Nonna Laura,Hotel,https://laura.bedsandhotels.com/,349 370 6022,"Via castellata, 275",Brecciaio,,,https,React,No,Sconosciuto,,,,Sì,No
Favola Exclusive B&B,Bed & Breakfast,https://beb.it/favolapescara/it,329 765 5332,"Str. Vicinale Ciafardella, 15",Pescara,,,https,Vue,No,Sconosciuto,,,,Sì,No
B&B Lanciano,Bed & Breakfast,,339 448 8000,"Via Cesare Battisti, 7",Lanciano,,,,,,,,,,,
Bed & Breakfast Le Tre Scimmiette,Bed & Breakfast,,0872 712511,"Corso Roma, 69",Lanciano,,,,,,,,,,,
Amoroso House,Pensione,http://affittacamereamoroso.it/,349 869 8613,"Viale Roma, 2",Caramanico Terme,,vittorioamoroso59@gmail.com,https,Joomla,No,Netsons,,,,Sì,No
Hotel Viola Sas Di Viola Carlo E C.,Hotel,,085 923 1027,"Via Duca degli Abruzzi, 1",Caramanico Terme,,,,,,,,,,,
Ranieri Events and B&B,Bed & Breakfast,https://www.ranieribb.it/,347 817 3266,"Via Colle Crudele, 8",San Martino sulla Marrucina,,info@ranieribb.it,https,Angular,Sì,Sconosciuto,,,,Sì,No
Villa Giò Cristina,Bed & Breakfast,https://www.villaggiocristina.it/,392 735 1507,Contrada Colle delle Querce 1/D,Monteodorisio,,info@villaggiocristina.it,https,Shopify,Sì,Netsons s.r.l.,,,,Sì,No
Villa Martina,Bed & Breakfast,http://www.vasto-agriturismo.it/,335 527 9216,"Via Defenza, 35",Vasto,,villa.martina@yahoo.it,https,Angular,No,Aruba S.p.A. Network,,,,Sì,No
Villa Tropical,Bed & Breakfast,https://www.hotelsitaloweb.com/villa-tropical/,320 952 7923,"Viale dei Pini, 81",Francavilla al Mare,,,https,Shopify,No,Sconosciuto,,,,Sì,No
Agriturismo San Silvestro Agriturismo San Silvestro di Felice De Cinque,Agriturismo,https://agriturismo-san-silvestro-agriturismo.guideditalia.top/,0872 895053,Via Colle S. Silvestro,Monte Marcone,,,https,React,No,Sconosciuto,,,,Sì,No
Hotel Pescofalcone,Hotel,http://www.hotelpescofalcone.it/,085 204 5183,"Viale Roma, 50",Caramanico Terme,,info@hotelpescofalcone.it,https,WordPress,No,Netsons s.r.l.,,,,Sì,No
Albergo Di Piero Di Antonio Di Piero & C. Sas,Hotel,http://www.albergodipiero.it/,085 922234,"Viale Roma, 64",Caramanico Terme,,,https,React,Sì,WeservIT,,,,Sì,No
Albergo Di Fiore,Hotel,,085 922160,"Viale Roma, 15",Caramanico Terme,,,,,,,,,,,
B&B Smeralda,Bed & Breakfast,https://www.bbsmeralda.com/,338 504 7075,Loc. Lu Cumitoni Villaggio Faras,Arzachena,,info@bbsmeralda.com,https,ASP.NET,Sì,OVH SAS,,,,Sì,No
"Marina Gardens Boutique Hotel - Francavilla al mare, Pescara, Abruzzo.",Hotel,https://www.marina-gardens-boutique.com/,331 222 3000,"Via dei Marrucini, 45b",Francavilla al Mare,,hello@marina-gardens-boutique.com,https,WordPress,No,Sconosciuto,,,,Sì,No
Guest House Miro',Bed & Breakfast,,349 508 0371,"Guest House Miro, Corso Umberto I, 41",Caramanico Terme,,,,,,,,,,,
B&B I Cappuccini,Bed & Breakfast,,320 961 3137,"Viale Cappuccini, 52",Lanciano,,,,,,,,,,,
Abruzzo nel cuore,Bed & Breakfast,http://www.abruzzonelcuore.eu/,320 215 5500,"Contrada da Piano Croce, 48",Pollutri,,,https,WordPress,No,Aruba S.p.A.,,,,Sì,No
B&B La Casa Della Nonna,Bed & Breakfast,https://www.lacasadellanonnabb.it/,0871 70425,"Via di Rapino, 40",Fara Filiorum Petri,,,https,Squarespace,No,Sconosciuto,,,,Sì,No
B&B Piccolo Loft del Borgo,Bed & Breakfast,http://www.piccololoftdelborgo.it/,347 495 9625,"C.so Roma, Vico VIII n, 20",Lanciano,,info@piccololoftdelborgo.it,https,React,No,SEEWEB s.r.l.,,,,Sì,No
HOTEL VIOLA & PIZZERIA DAI VIOLA,Pizzeria,http://www.violahotel.it/,388 477 0310,"Via della Libertà, 9",Caramanico Terme,,info@violahotel.it,https,React,Sì,WeservIT,,,,Sì,No
"Palazzo Pulieri, dimora storica del 1500",Hotel,,335 346 996,"Via Roma, 45",Altino,,,,,,,,,,,
Angelucci Agriturismo e Agri Camping,Agriturismo,http://www.agriturismoangelucci.it/,340 341 5654,"Contrada Torre Marino, 54",Lanciano,,,https,React,No,Google LLC,,,,Sì,No
Vuvulà - B&B,Bed & Breakfast,https://www.vuvula.it/,379 192 6020,"Via Santa Maria della Croce, 5",Francavilla al Mare,,,https,Joomla,No,Netsons s.r.l.,,,,Sì,No
Campagna d'amare nuovi appartamenti,Alloggio turistico,https://nuovi-appartamenti-campagna-damare.jimdosite.com/,347 213 2321,"Via degli Orti, 312",Piazzano-piana La Fara,,,,Jimdo,Non trovato,"Cloudflare, Inc.",,,,Stato Non Determinato,No
La Dimora di Pindaro,Hotel,https://www.ladimoradipindaro.com/,391 919 8829,"Via Roma, 54",Colledimacine,,info@ladimoradipindaro.com,https,WordPress,No,Aruba S.p.A. Network,,,,Sì,No
Casa Albergo Tiroasegno IT069045B47YDWLIHF,Hotel,https://beb.it/tiroasegno,0872 916004,"Via Nazionale Frentana, 210",Lama dei Peligni,,,https,React,No,"Amazon.com, Inc.",,,,Sì,No
Hotel Ristorante La Pineta,Hotel,,0872 918135,"Via Colle Veduta, 6",Palena,,,,,,,,,,,
B&B Falcone,Bed & Breakfast,https://beb.it/bbfalcone/it/,329 021 0961,"Via Foro, 227",Ortona,,,https,Laravel,No,"Amazon.com, Inc.",,,,Sì,No
Affittacamere Casapaterra,Bed & Breakfast,,346 317 9471,Via Fontana Terranova,Palena,,,,,,,,,,,
Interstellar,Alloggio completo di servizi,,392 125 4566,"Via Risorgimento, 26",Aielli Stazione,,,,,,,,,,,
Azienda Agricola Terra di Ea,Agriturismo,https://www.terradiea.it/,389 627 9948,"Via Prato, 10",Tortoreto,,info@terradiea.it,https,WordPress,No,Server Plan S.r.l.,,,,Sì,No
Hotel Cercone,Hotel,http://www.hotelcercone.it/,327 686 6150,"Via Torre Alta, 19",Caramanico Terme,,,https,Shopify,Sì,Sconosciuto,,,,Sì,No
B&B Bouquet di fiori,Bed & Breakfast,https://bb-bouquet-di-fiori.italiapaesaggiviaggi.top/,328 902 2095,"Corsa Martiri Pennesi, 1",Penne,,,https,WordPress,No,Ipxo LLC,,,,Sì,No
Hotel Arimannia,Hotel,http://www.hotelarimannia.it/,085 922008,Via Cappuccini,Caramanico Terme,,,https,React,No,Aruba S.p.A.,,,,Sì,No
Hotel Orsini,Hotel,http://www.hotelorsini.com/,085 922161,"Viale Roma, 54",Caramanico Terme,,info@hotelorsini.com,https,React,Sì,WeservIT,,,,Sì,No
Hotel Ede,Hotel,https://www.hotelede.it/,085 922121,"Via della Libertà, 59",Caramanico Terme,,info@hotelede.it,https,Shopify,Sì,Sconosciuto,,,,Sì,No
I Girasoli bed and breakfast,Bed & Breakfast,http://www.igirasoli-bnb.it/,339 479 5915,"Via Nazionale Adriatica Nord, 67",Francavilla al Mare,,,http,WordPress,No,Aruba S.p.A.,,,,Sì,No
Miramonti Bed & Breakfast,Bed & Breakfast,http://www.ristorantemiramonti.com/,0872 981115,"Via Quarto da Capo, 14",Casoli,,info@ristorantemiramonti.com,http,Joomla,No,Sconosciuto,,,,Sì,No
Umi B&B,Bed & Breakfast,,347 798 1482,"Via del Campetto, 22",Giulianova,,,,,,,,,,,
Hotel San Marco,Hotel,http://www.hotelsanmarcofrancavilla.it/,085 498 1677,"Viale Alcione Nord, 203",Francavilla al Mare,,,,WordPress,Non trovato,Sconosciuto,,,,,No
Agriturismo La Solagna,Ristorante,http://www.agriturismolasolagna.it/booking.htm,085 828 6004,Contrada Campo Mirabello,Montebello di Bertona,,lasolagna@agriturismolasolagna.it,http,ASP.NET,No,Aruba S.p.A. Network,,,,Sì,No
Hotel Ristorante Le Gole,Hotel,https://www.hotelristorantelegole.it/,0863 711101,Contrada Sardellino 3,Aielli,,info@hotellegole.it,https,WordPress,No,Netsons s.r.l.,,,,Sì,No
Terrazzo d'Abruzzo,Hotel,http://terrazzodabruzzo.it/,0872 918325,"Via San Antonio Abate, 29",Palena,,info@terrazzodabruzzo.it,https,WordPress,Sì,Aruba S.p.A.,,,,Sì,No
Bed and Breakfast Via Del Mare Lanciano,Bed & Breakfast,http://bedandbreakfastviadelmarelanciano.it/,327 010 8266,"Via del Mare, 154/D",Lanciano,,,https,WordPress,No,Netsons s.r.l.,,,,Sì,No
L’Incontro,Bed & Breakfast,,328 432 5605,"Via Colle Veduta, 62",Palena,,,,,,,,,,,
Rifugio Fonte Tarì,Rifugio di montagna,http://www.rifugiofontetari.it/,328 222 6707,Parco Nazionale della Majella,Lama dei Peligni,,info@rifugiofontetari.it,https,Shopify,Sì,Sconosciuto,,,,Sì,No
Casa Monte Majella B&B,Bed & Breakfast,https://casamontemajella.com/,+46 70 651 36 25,"Via Fraderna, 36",Fara Filiorum Petri,,info@casamontemajella.com,https,Squarespace,Non trovato,"Squarespace, Inc.",,,,Sì - Disponibile (Verificato),No
B&B Li Conchi,Bed & Breakfast,,328 391 4541,"traversa via Righi, 9",Arzachena,,,,,,,,,,,
La Casa di Gemma B&B,Bed & Breakfast,https://www.lacasadigemmabnb.it/it/,348 380 9872,"via Guglielmo Marconi, 16",Villa Vomano,,,https,Magento,No,"Amazon.com, Inc.",,,,Sì,No
B&B La Perla - Teramo,Bed & Breakfast,https://beblaperla.com/,389 254 7850,"Via Basilicata, 3",Casemolino,,alessiacarrozzieri@icloud.com,https,WordPress,Sì,Signet B.V.,,,,Sì,No
Eden Hotel Residence,Hotel,http://www.residence-eden.it/,0872 57588,"Contrada Rosciavizza, 68",Mozzagrogna,,info@residence-eden.it,https,Shopify,Sì,Netsons s.r.l.,,,,Sì,No
Ristorante Hotel Guerrinuccio,Hotel,http://www.guerrinuccio.it/,0863 791471,"Via Sardellino, 4",Aielli,,,,React,Sì,Aruba S.p.A.,,,,Sì,No
B&B Giulianova,Bed & Breakfast,,348 596 3010,"Via per Mosciano, 22",Giulianova,,,,,,,,,,,
B&B Piazza Piè di Corte,Bed & Breakfast,,392 558 2275,"Piazza Piedicorte, 17",Corropoli,,,,,,,,,,,
Casa Borrelli,Bed & Breakfast,,347 241 3693,"Via Giuseppe Borrelli, 5",Casoli,,,,,,,,,,,
Palazzo Tilli,Centro culturale,http://www.palazzotilli.it/,342 550 1354,"Largo del Fiore, 1",Casoli,,,https,Ecwid,No,IT.Gate S.p.A.,,,,Sì,No
B&B Le Maiellane Cin: IT069045C1T2Y6ZJRJ,Alloggi al coperto,https://beblemaiellane.it/,389 689 7959,"Via Centrale, 9",Fonterossi,,lemaiellane@libero.it,https,WordPress,Sì,WIIT AG,,,,Sì,No
Bed and Breakfast Tra Mare e Monti,Bed & Breakfast,https://bed-and-breakfast-tra-mare-e-monti.camerainitalia.top/,320 883 7571,"Via Trento, 19",Zaccheo,,,https,WordPress,No,Contabo GmbH,,,,Sì,No
Bed & Breakfast A casa di Sofy,Bed & Breakfast,,329 786 1673,"Via Luigi Pirandello, 6",Corropoli,,,,,,,,,,,
Agriturismo Gli Olmi,Bed & Breakfast,https://www.agriturismogliolmi.it/,0861 83190,"Via Nicola Rosati, 17",Corropoli,,info@agriturismogliolmi.it,https,Shopify,No,Sconosciuto,,,,Sì,No
Albergo Motel Belvedere,Hotel,,0863 599555,"Via XX Settembre, 484",Avezzano,,,,,,,,,,,
Agriturismo Persichitti,Bed & Breakfast,http://www.agriturismopersichitti.it/,0872 966094,"Località Fallascoso, SP132, 1",Torricella Peligna,,agriturismopersichitti@virgilio.it,https,WordPress,No,Server Plan S.r.l.,,,,Sì,No
B&B Colle sul mare,Bed & Breakfast,,389 249 5805,"N., Via G. Ungaretti, 2",Termoli,,,,,,,,,,,
La locanda degli asinelli,Bed & Breakfast,,0871 381360,"Contrada Cese, 39",Bucchianico,,,,,,,,,,,
B&B Urban beach Sirena,Bed & Breakfast,http://www.urbanbeachsirena.it/,379 138 6372,"Via Duca degli Abruzzi, 31",Francavilla al Mare,,,https,React,No,Google LLC,,,,Sì,No
B&B I Calanchi,Bed & Breakfast,,329 411 9574,"Contrada Colle Marconi, 67",Bucchianico,,,,,,,,,,,
Cappadocia Kepez Hotel,Bed & Breakfast,,+90 536 991 17 50,"Aydınlı, Adnan Menderes Cd. No:10/1",Göreme/Nevşehir Merkez,,,,,,,,,,,
Cordial Cappadocia,Hotel,,+90 505 767 26 77,Ali Yüksel/2 sokak No:10,Ortahisar/Ürgüp,,,,,,,,,,,
Babili Cappadocia Cave,Hotel,,+90 542 154 80 50,"Nar Kasabası, Dere Sk. No: 4",Nar/Nevşehir Merkez,,,,,,,,,,,
Akritis Cappadocia House,Hotel,,+90 536 436 96 50,Nevşehir,Uçhisar/Nevşehir Merkez,,,,,,,,,,,
Casa Vacanza Villa Helvetia,Bed & Breakfast,http://www.nakrent.com/,347 220 4687,"Via Vittorio Bachelet, 3",Corropoli,,nakrent@gmail.com,https,React,No,"Cloudflare, Inc.",,,,Sì,No
B&B La Petite Terrasse,Bed & Breakfast,,353 470 3161,"Via Lago di Garda, 19",Avezzano,,,,,,,,,,,
Grande Albergo Abruzzo,Hotel,https://www.grandealbergoabruzzo.it/,0871 41960,"Via Asinio Herio, 20",Chieti,,grandealbergo@yahoo.it,https,ASP.NET,No,Sconosciuto,61,67,92.00,Sì,No
B&B Casa Ciuffina,Bed & Breakfast,https://casaciuffina.it/,345 360 5065,"Viale Rimembranza, 14",Civitella Casanova,,,https,WordPress,Sì,Cloudflare,77,77,92.00,Sì,No
Almula Cave,Hotel,https://almulacavehotel.com/,+90 543 136 50 50,113.Sokak No:36,Avanos,,,https,WordPress,No,Hosting Dunyam Bilisim Teknolojileri Ticaret Limited Sirketi,98,100,91.00,Sì,No
Castle Panorama House,Hotel,https://www.reseliva.com/booknow/castle-panorama-house/,+90 533 715 36 60,"nevşehir, uçhisar, alaçam sokak no 34/1",Uçhisar/Nevşehir Merkez,,,https,React,No,"Cloudflare, Inc.",72,98,83.00,Sì,No
House Of Cappadocia,Hotel,https://www.houseofcappadocia.com/,+90 384 341 30 55,Barbaros Hayrettin Sk. No:43,Ürgüp,,,https,WordPress,No,Sconosciuto,73,92,91.00,Sì,No
DEDE CAVE KONAK,Hotel,,+90 530 621 49 50,Dereler Sk. No:18,Ürgüp,,,,,,,,,,,
B&B C'era un lago,Bed & Breakfast,https://sites.google.com/view/ceraunlagobedbreakfast,349 535 8467,"Via Vidimari, 34",Avezzano,,,https,Angular,No,Sconosciuto,56,80,83.00,Sì,No
Avezzano 3e60 Guest House,Bed & Breakfast,http://www.avezzano360.com/,331 696 2995,"Via Garibaldi, 7",Avezzano,,avezzano360@gmail.com,https,Wix,Sì,Sconosciuto,80,98,100.00,Sì,No
Il Soffio Di Eolo,Bed & Breakfast,http://www.bbilsoffiodieolo.it/,339 822 4377,"Via Enrico Berlinguer, 63",Popoli,,bbilsoffiodieolo@gmail.com,https,WordPress,Sì,Aruba S.p.A. Network,63,78,100.00,Sì,No
Cappadocia Ihlara Mansions,Hotel,,+90 554 541 14 02,"Kapadokya, Akrapol Sk.",Güzelyurt,,,,,,,,,,,
Adventure Inn Cappadocia,Hotel,https://adventureinncappadocia.com/,+90 533 134 39 38,"Orta Mah. Kuran Kursu Cad, Bilal Eroğlu Cd. No:12",Göreme/Nevşehir Merkez,,info@adventureinncappadocia.com,https,Shopify,No,Veridyen Bilisim Teknolojileri Sanayi ve Ticaret Limited Sirketi,64,92,100.00,Sì,No
Deluna Cappadocia,Hotel,https://lunas.com.tr/,+90 530 959 38 95,Papatya Sk. No:23,Uçhisar/Nevşehir Merkez,,,https,React,No,GNET Internet Telekomunikasyon A.S.,77,89,92.00,Sì,No
Saklı Cave House Butik Otel,Hotel,http://www.saklicavehouse.com/,+90 538 509 44 43,112. Sk No:23,Kapadokya,,,https,WordPress,No,Cizgi Telekomunikasyon Anonim Sirketi,72,93,77.00,Sì,No
Cappadocia Balloon Boutique,Hotel,https://www.cappadociaballoonhouse.com/,+90 539 430 31 50,Uzun Sk. No:2,Ürgüp,,info@balonbutik.com.tr,https,WordPress,No,Hostinger International Limited,57,78,85.00,Sì,No
Cave Hotel Ürgüp İnn,Hotel,,+90 532 387 10 98,Sağır Mescid Sk. No:22,Ürgüp,,,,,,,,,,,
Göreme Guest House,Ostello,,+90 533 190 30 74,Asker Çk. No:8,Göreme/Nevşehir Merkez,,,,,,,,,,,
Bed and Breakfast Villa Algi,Bed & Breakfast,http://www.villaalgi.it/,348 305 8138,"Via Torquato Tasso, 6",Corropoli,,,https,React,No,Tucows Domains,59,81,92.00,Sì,No
Azienda Agrituristica Tenuta dei Sensi,Agriturismo,https://azienda-agrituristica-tenuta-dei-sensi.guideditalia.top/,333 541 3733,"Contrada S. Martino Tella, 62",Bucchianico,,,https,React,No,Contabo GmbH,55,89,85.00,Sì,No
aMare,Bed & Breakfast,,333 114 5027,"Via Quarnaro, 23",Giulianova,,,,,,,,,,,
B&B Da Rossella,Bed & Breakfast,,349 288 5577,Via della Vittoria,Tufo Basso,,,,,,,,,,,
Ristorante hotel Lucia,Ristorante di pesce,http://www.hlucia.it/,349 525 2093,"Via Lampedusa, 12",Giulianova,,info@hlucia.it,https,ASP.NET,No,Aruba S.p.A,66,88,42.00,Sì,No
L'Orso e l'Ape B&B,Bed & Breakfast,http://www.orsoeape.it/,339 851 2963,"Via Colle S. Massimo, 16",Giulianova,,info@orsoeape.it,https,ASP.NET,No,Hetzner Online GmbH,55,92,92.00,Sì,No
Artonin in Cappadocia,Hotel,https://artonincappadocia.com/,+90 539 604 78 50,"Çavuşin köyü, mevki no:36",Çavuşin/Avanos,,info@artonincappadocia.com,https,React,No,Ozkula Internet Hizmetleri Tic. LTD. STI.,64,79,92.00,Sì,No
Sapore di Sale - Bed & Breakfast,Bed & Breakfast,http://www.bnbsaporedisale.it/,320 031 9562,"Via Defense, 70",Cologna Spiaggia,,,https,React,No,OVH ISP,61,79,100.00,Sì,No
Azienda Agrituristica Setteponti,Alloggi al coperto,http://www.agriturismosetteponti.it/,0863 997415,"Km. 74.200 Via Tiburtina Valeria, Carsoli, AQ 67061",Carsoli,,,http,ASP.NET,No,Sconosciuto,67,99,100.00,Sì,No
Locanda Della Casella,Hotel,,327 407 3484,"Via della Casella, 10",Cineto Romano,,,,,,,,,,,
Al Cavaliere Ristorante Albergo,Motel,,0863 996142,"Via Tiburtina Valeria km 67,200",Oricola,,,,,,,,,,,
VENTO DEL SUD,Bed & Breakfast,https://ventosud.tripcombined.com/,333 766 8173,Via Bachelet,Casalbordino,,,https,React,No,Sconosciuto,60,88,92.00,Sì,No
Hotel Solaris,Hotel,http://www.albergosolaris.it/,085 800 0047,"Via Trieste, 32",Giulianova,,info@albergosolaris.it,https,ASP.NET,No,Aruba S.p.A. Network,45,62,91.00,Sì,No
Zultanite Cappadocia Otel,Hotel,,+90 533 567 29 72,2. Küme Mevkii 2. Küme Küme Evleri No:173,Çavuşin/Avanos,,,,,,,,,,,
Grand Hotel Don Juan,Hotel,http://www.grandhoteldonjuan.it/,085 800 8341,"Lungomare Zara, 97",Giulianova,,donjuan@oliverihotels.it,https,WordPress,Sì,Serverplan S.r.l.,73,89,85.00,Sì,No
Hotel Ristorante La Nuova Fattoria,Hotel,http://www.lanuovafattoria.it/,0863 997388,"Via Tiburtina Valeria, km 68/300",Carsoli,,,https,React,No,Aziende Italia S.r.l,55,51,75.00,Sì,No
The Loop Cappadocia,Bed & Breakfast,http://theloop-cappadocia.com/,+90 384 511 20 21,112. Sk No:46,Avanos,,info@theloop-cappadocia.com,https,Shopify,No,Cizgi Telekomunikasyon Anonim Sirketi,57,91,100.00,Sì,No
B&B Lupus in Fabula Civitella Alfedena,Bed & Breakfast,,338 638 8453,"Via delle Gravare, 29",Civitella Alfedena,,,,,,,,,,,
Casa Hotel Civitella,Hotel,https://www.casahotelcivitella.net/,0864 890103,"Via Della Vittoria, 35",Civitella Alfedena,,,https,Wix,Sì,Google LLC,78,95,100.00,Sì,No
B&B Nonna Assunta,Bed & Breakfast,https://www.bebnonnaassunta.org/,393 972 1254,"Via Turanense, Loc. Casali Cervia",Collegiove,,dd0a55ccb8124b9c9d938e3acf41f8aa@sentry.wixpress.com,https,React,Sì,Sconosciuto,74,96,100.00,Sì,No
3 Cannelle b&b e Bike Hotel,Bed & Breakfast,http://www.3cannellebb.it/,339 451 6264,"Via Roma, 24",Sante Marie,,,https,Weebly,Sì,"Weebly, Inc.",56,75,83.00,Sì,No
B&B Il Prugnolo,Bed & Breakfast,,338 359 9770,"Via Chiusette, 8",Castel di Sangro,,,,,,,,,,,
Affittacamere Angela,Alloggi al coperto,http://www.affittacamereangela.it/,334 114 4551,"Via Della Vittoria, 66",Civitella Alfedena,,,http,ASP.NET,No,Aruba S.p.A. Network,100,100,92.00,Sì,No
Hotel 900,Hotel,https://www.hotel900giulianova.it/,085 800 7494,"Via Galileo Galilei, 226",Giulianova,,info@hotel900giulianova.it,https,WordPress,Sì,Aruba S.p.A.,68,85,100.00,Sì,No
Residenza Miramonti Suite,Bed & Breakfast,,338 883 6756,"Via Ponte Nuovo, 32",Castel di Sangro,,,,,,,,,,,
Hotel Corallo Giulianova,Hotel,http://www.corallogiulianova.com/,085 800 2277,"Via Lepanto, 47",Giulianova,,info@corallogiulianova.com,https,Shopify,No,Sconosciuto,59,63,92.00,Sì,No
Cappadocia Cave House,Hotel,http://cappadociacavehouse.com/,+90 531 026 63 43,"Cappadocia Cave House Otel, Barbaros-2. Sk. No:4",Ürgüp,,info@cappadociacavehouse.com,https,Shopify,No,IHS-LIN,45,55,69.00,Sì,No
Albergo Ai Quattro Camosci,Hotel,http://www.ai4camosci.it/,0864 890262,"Via Nazionale, 25",Civitella Alfedena,,,http,ASP.NET,No,Aruba S.p.A. Network,0,0,90.00,Sì,No
Hotel Cesare,Hotel,http://www.hotelcesare.it/,085 800 3398,"Lungomare Spalato, 80",Giulianova,,info@hotelcesare.it,https,React,No,CoreTech,60,84,91.00,Sì,No
Agriturismo La Casetta,Agriturismo,,329 277 2578,C.da Collina San Giovanni snc,Tossicia,,,,,,,,,,,
Hotel Royal Giulianova,Hotel,http://www.hotelroyalgiulianova.com/,085 921 7970,"Lungomare Zara, 103",Lido,,,https,Shopify,Sì,Semplify Srl,91,81,100.00,Sì,No
B&B Il Casale,Bed & Breakfast,https://thetravelinspect.com/il-casale-castel-di-sangro-italy,389 293 6139,Località Vallone Sant'Ilario,Castel di Sangro,,,https,React,No,Sconosciuto,72,95,90.00,Sì,No
Agriturismo La Rustica,Agriturismo,http://www.agriturismolarustica.com/,388 832 4290,"Via Brenta, 645",Pianella,,,https,WordPress,No,"Cloudflare, Inc.",83,98,100.00,Sì,No
Bed & Breakfast del Corso - Giulianova,Bed & Breakfast,http://www.bedandbreakfastgiulianova.it/,085 800 4333,"Via Genova, 45",Giulianova,,delcorsogiulianova.2004@gmail.com,https,React,Sì,IONOS SE,33,63,100.00,Sì,No
Vie Cappadocia - (Adults Only),Hotel,http://www.viecappadocia.com/,+90 543 520 76 77,Ali Reis Sk. No: 43,Ortahisar/Ürgüp,,hello@viehotel.com.tr,https,Shopify,Sì,Cizgi Telekomunikasyon Anonim Sirketi,45,86,82.00,Sì,No
BB Les Chalets,Bed & Breakfast,http://www.bebleschalets.com/,0864 89411,"Via Del Lago, 1",Villetta Barrea,,,https,WordPress,No,Aruba S.p.A,77,98,92.00,Sì,No
affittacamere le rondini,Bed & Breakfast,https://affittacamere-le-rondini.webnode.it/,350 140 7956,"Via Roma, 19",Civitella Alfedena,,contatto@esempio.it,https,Webnode,No,Amazon Technologies Inc.,61,75,100.00,Sì,No
I Maestri B&B,Bed & Breakfast,,327 154 0943,"Via Buon Consiglio, 14",Castel Frentano,,,,,,,,,,,
Hotel Ristorante Leon D'Oro,Ristorante,,0872 56155,"Via Giacomo Matteotti, 3",Castel Frentano,,,,,,,,,,,
Hotel Ristorante Le Morge,Ristorante di pesce,http://www.hotelemorge.com/,0873 911368,"Contrada Palude, 54",Torino di Sangro,,info@hotelemorge.com,http,ASP.NET,No,Aruba S.p.A. Network,49,62,82.00,Sì,No
MonteViste - B&B nel cuore degli Abruzzi,Bed & Breakfast,,351 426 8928,Via della Posta,Torre dei Nolfi,,,,,,,,,,,
Hotel Cristallo Giulianova,Hotel,http://www.hcristallo.it/,085 800 3780,"Lungomare Zara, 73",Giulianova,,info@hcristallo.it,http,Shopify,Sì,SEEWEB s.r.l.,56,80,85.00,Sì,No
Il Cambusiere Nature Relais,Bed & Breakfast,https://sites.google.com/view/il-cambusiere-nature-relais/home-page,349 583 5906,"Via Savini, 91",Ortona,,ilcambusieresas@gmail.com,https,Angular,No,Google LLC,56,76,75.00,Sì,No
Palazzo del Principe,Hotel,https://ilpalazzodelprincipe.com/,331 363 2232,"Via Costa Calda, 3",Castel di Sangro,,,https,Shopify,No,"Cloudflare, Inc.",63,92,100.00,Sì,No
Hotel Valdirose,Hotel,https://www.hotelvaldirose.it/,0864 890100,"Via Della Vittoria, 51",Civitella Alfedena,,info@hotelvaldirose.it,https,WordPress,Sì,Sconosciuto,49,53,85.00,Sì,No
B&B Marinella Farindola,Bed & Breakfast,https://bebmarinella.it/,338 184 8448,Salita delle Scalette,Farindola,,marinellafarindola@virgilio.it,https,WordPress,No,Cloud on The Cloud,55,63,85.00,Sì,No
B&B Fragolina CIN IT083027C1HOBUL5AM,Bed & Breakfast,http://www.bbfragolina.it/,0942 792951,"Via IV Novembre, 9",Furci Siculo,,info@bbfragolina.it,https,WordPress,No,Sconosciuto,49,51,54.00,Sì,No
Villa Olimpia b&b Prati di Tivo Teramo,Bed & Breakfast,,393 501 2700,"SP43, 7",Prati di Tivo,,,,,,,,,,,
Residenza Don Alberto,Hotel,https://www.residenzadonalberto.it/,370 151 5490,"Piazza Del Sole 9, Frazione",Ornano Grande,,info@residenzadonalberto.it,https,Shopify,Sì,Aruba S.p.A.,56,69,92.00,Sì,No
B&B Il Postale,Hotel,http://www.bebilpostale.it/,328 495 7000,"Corso Vittorio Emanuele, 11",Castel di Sangro,,info@bebilpostale.it,https,Joomla,No,Sconosciuto,78,95,85.00,Sì,Sì
AnimAbruzzo,Agenzia per escursioni,http://www.animabruzzo.com/,329 811 0734,"Via Quattroventi, 33",Cepagatti,,,https,WordPress,No,Sconosciuto,26,46,85.00,Sì,No
B&B Zasa,Bed & Breakfast,https://beb.it/zasa,328 822 8089,"Contrada Piana Sant'Angelo, 2",Orsogna,,,https,Shopify,No,"Amazon.com, Inc.",74,95,100.00,Sì,No
Albergo Ristorante S. Eufemia,Hotel,,0871 70154,"Via Sant'Eufemia, 125",Fara Filiorum Petri,,,,,,,,,,,
B&B La Camia,Bed & Breakfast,https://www.lacamia.com/,320 097 0263,"Via Del Lavoro, 40",Castel di Sangro,,info@lacamia.com,https,WordPress,No,"Cloudflare, Inc.",35,51,100.00,Sì,No
B&B Gran Sasso,Bed & Breakfast,https://cesaredicampli.wixsite.com/b-bgransasso,345 803 6751,"Via Gran Sasso, 47",Cepagatti,,cesare.dicampli@libero.it,https,Wix,No,Google LLC,60,87,92.00,Sì,No
River Hotel,Hotel,https://www.river-hotel.it/,328 138 2691,"Via dello Speno, 17/19",Castel di Sangro,,info@river-hotel.it,https,Joomla,Sì,"DigitalOcean, LLC",47,65,100.00,Sì,No
B&B Garni il Concale,Bed & Breakfast,https://www.ilconcalegarni.it/,340 830 4293,Corso Vittorio Emanuele II n. 59,Castel di Sangro,,info@ilconcalegarni.it,https,Shopify,Sì,Aruba S.p.A.,76,63,92.00,Sì,No
B&B Arcobaleno,Bed & Breakfast,,320 077 2306,"Via Benedetto Croce, 23",Penna Sant'Andrea,,,,,,,,,,,
La Voliera B&B,Bed & Breakfast,,339 233 5076,"Viale Stazione Centrale, 46B",Sulmona,,,,,,,,,,,
Hotel Il Tiglio,Hotel,http://www.hoteliltiglio.com/,0864 847276,"Via XX Settembre, 132/136",Castel di Sangro,,info@hoteliltiglio.com,https,WordPress,No,Aruba S.p.A. Network,62,88,77.00,Sì,No
Noctua,Pensione,https://beb.it/noctua,371 493 1135,"Salita Orti, 16 - 18",Penne,,,https,Squarespace,No,"Amazon.com, Inc.",70,99,100.00,Sì,No
Ristorante Bar Albergo Corradetti,Ristorante,,0864 845930,"Via Riviera, 1",Castel di Sangro,,,,,,,,,,,
B&B A Casa di Giulia,Bed & Breakfast,https://bebacasadigiulia.jimdofree.com/,347 396 1662,"Via Costa Calda, 10",Castel di Sangro,,,https,Jimdo,Sì,"Cloudflare, Inc.",64,69,85.00,Sì,No
Hotel Sagittario,Hotel,http://www.hotelsagittario.it/,346 494 8345,"Via Piano Madonna di Loreto, 2",Bugnara,,info@hotelsagittario.it,http,Mobirise,Sì,Aruba S.p.A.,64,88,83.00,Sì,No
La Vecchia Torre Srl,Locanda,,0863 948532,"Piazza S. Rocco, 1",Collelongo,,,,,,,,,,,
Affittacamere Camera a Sud,Bed & Breakfast,,328 679 3223,"Via Casimiro Gentile, 2",Fara San Martino,,,,,,,,,,,
B&B Scacciapensieri,Bed & Breakfast,http://www.bb-scacciapensieri.it/,334 946 1156,Collina di,Bascianella,,,https,WordPress,No,Sconosciuto,59,76,92.00,Sì,No
B&B Casa Tua,Bed & Breakfast,https://www.bebcasatua.it/,329 653 2532,"42°11'38. 14°21'37, Via Nazionale, 27",Castel Frentano,,,https,Typo3,No,"Amazon.com, Inc.",94,95,100.00,Sì,No
Ostello Parco d'Abruzzo,Ostello,http://www.ostelloparcodabruzzo.it/,348 747 9226,"Via Casaline, 26",Collelongo,,,https,React,No,Hetzner Online GmbH,56,90,85.00,Sì,No
Villa Relax,Bed & Breakfast,https://relax.bedsandhotels.com/,333 249 2474,"Via Tre Croci, 5",Cepagatti,,,https,React,No,Sconosciuto,74,96,91.00,Sì,No
B&B La Badia,Bed & Breakfast,https://sitildp.wixsite.com/labadia,346 360 6021,"Via Nazionale, 96E",Fara San Martino,,m.lucchitti@libero.it,https,Wix,No,Google LLC,67,93,100.00,Sì,No
Agriturismo Il Nibbio - Montefino - Abruzzo - Italy,Agriturismo,,328 068 8618,Contrada Croce di Santa Maria di Montefino Muraglie,Montefino,,,,,,,,,,,
B&B Don Antonio,Bed & Breakfast,https://www.bebdonantonio.it/,389 501 1294,"Via Roma, 30",Civitella Casanova,,info@bebdonatonio.it,https,WordPress,No,Aruba S.p.A.,94,100,92.00,Sì,No
Il Prato,Bed & Breakfast,,338 155 2446,"Via Gabantino Signolo, 61",Predappio,,,,,,,,,,,
Villa Ferranti,Alloggio turistico,http://www.villaferranti.com/,+31 6 41334867,"Contrada Floriano, 36",Montefino,,info@villaferranti.com,https,React,No,Eurofiber Cloud Infra B.V.,77,91,92.00,Sì,No
B&B fam. ACCIAI,Bed & Breakfast,http://www.montefumaiolo.it/,329 210 3102,"forlì, cesena, di, Via Campo Madonna, 5",Balze,,,http,WordPress,No,Sconosciuto,100,100,91.00,Sì,No
Da Giovanna,Hotel,,0575 599275,"Viale S. Francesco, 33",Chiusi della Verna,,,,,,,,,,,
Centoquindici Rooms & Suite,Bed & Breakfast,https://www.centoquindici.com/,338 610 9157,"C.so Umberto I, 115",Montesilvano,,info@centoquindici.com,https,Shopify,Sì,Aruba S.p.A.,57,93,92.00,Sì,No
B&B Luna e Stelle,Bed & Breakfast,,333 474 6975,"Via padre pietro leoni, 24",Premilcuore,,,,,,,,,,,
Mulino di Culmolle,Attrazione turistica,http://www.mulinodiculmolle.it/,0543 913039,"Via Mulino di Culmolle, 50",Bagno di Romagna,,,https,Angular,No,Aruba S.p.A. Network,22,42,92.00,Sì,No
Hotel Excelsior,Hotel,https://www.hotelexcelsiorabruzzo.com/,392 338 5059,"Via Bradano, 5",Montesilvano,,info@hotelexcelsiorabruzzo.com,https,Joomla,Sì,Sconosciuto,57,72,92.00,Sì,No
Bed and Breakfast Bianchini,Bed & Breakfast,,085 799 0368,"Via S. Gabriele, 12",Ripoli,,,,,,,,,,,
"Bed & Breakfast Santa Filomena ,Montesilvano",Hotel,https://www.badnbsantafilomena.it/,342 356 8250,"Via Lago di Garda, 25A",Montesilvano,,,https,Angular,Sì,Sconosciuto,36,38,100.00,Sì,No
Ristorante Albergo Ca' Di Veroli,Hotel,https://www.ristorantealbergocadiveroli.it/,0543 190 8168,"Via Ca' di Veroli, 17",Bagno di Romagna,,,https,Shopify,No,Netsons,64,72,100.00,Sì,No
Albergo Roma,Hotel,https://dormirealroma.com/,0543 190 4333,"Via Della Fonte, 2",Bagno di Romagna,,info@dormirealroma.com,https,WordPress,Sì,Register.it-Hosting,74,97,100.00,Sì,No
Casale Santa Maria,Ristorante,http://www.casalesantamaria.net/,085 806 9027,"Contrada Colle Santa Maria, 23",Mosciano Sant'Angelo,,info@casalesantamaria.net,https,Angular,Sì,Aruba S.p.A.,46,89,77.00,Sì,No
Bed and Breakfast Il Melograno Mosciano Sant'Angelo,Bed & Breakfast,http://www.melogranoabruzzo.it/,329 638 7863,"Via A. Moro, 43",Mosciano Sant'Angelo,,,https,WordPress,No,Aruba S.p.A. Network,71,96,91.00,Sì,No
Ristorante La Mandra,Ristorante,http://www.lamandramorino.it/,339 255 1839,Loc. Piano Sacramento,Morino,,agrilamandra@gmail.com,https,React,No,Simply Transit Ltd,,,,Sì,No
Il Vecchio Comune,Bed & Breakfast,,329 730 3653,"Piazza Curiel, 1",Santa Sofia,,,,,,,,,,,
Pensione Giardino,Alloggi al coperto,https://ilovecasentino.it/il-giardino-badia-prataglia.php,0575 559016,"Via Nazionale, 15",Badia Prataglia,,,https,Shopify,Sì,One.com-Hosting,56,83,92.00,Sì,No
Hotel Tosco Romagnolo - Ristorante Paolo Teverini,Hotel,https://www.hoteltoscoromagnolo.it/,0543 911260,"V. del Popolo, 2",Bagno di Romagna,,info@hoteltoscoromagnolo.it,https,ASP.NET,Sì,Semplify Srl,63,83,92.00,Sì,No
Villa Consorti,Bed & Breakfast,http://www.villaconsorti.it/,347 629 7278,"Via Masaccio, 8",Martinsicuro,,info@villaconsorti.it,https,ASP.NET,No,Aruba S.p.A. Network,,,,Sì,No
Ellebi B&B,Bed & Breakfast,http://www.bbellebi.it/,349 535 3729,"SP10, 14",Mosciano Sant'Angelo,,,http,WordPress,No,Aruba S.p.A. Network,,,,Sì,No
Country House Torrenera,Hotel,https://www.torreneracountryhouse.it/,377 027 7147,"Contrada Torrenera, 23",Morro d'Oro,,,https,Shopify,No,Aruba S.p.A.,,,,Sì,No
B&B L’Angolino,Bed & Breakfast,http://www.beblangolino.it/,085 943 6663,"C.so Umberto I, 219/D",Montesilvano,,info@beblangolino.it,https,WordPress,No,Hetzner Online GmbH,54,47,85.00,Sì,No
La Bandiera,Ristorante,http://www.labandiera.it/,085 845219,"Contrada Pastini, 4",Civitella Casanova,,,https,Angular,Sì,Server Plan S.r.l.,33,34,92.00,Sì,No
Ca' Serafina,Bed & Breakfast,http://www.caserafina.it/,0543 911712,"Piazza Ricasoli, 8",Bagno di Romagna,,caserafina@atlantide.net,https,WordPress,Sì,PENSARE-WEB,28,43,92.00,Sì,No
Villa Ma-Ya,Bed & Breakfast,,338 565 7080,"Via Piane, 14",Santa Maria Imbaro,,,,,,,,,,,
Monastero di Sant'Alberico Relais,Hotel,https://www.monasterosantalberico.com/?utm_source=googlemaps&utm_medium=mybusiness&utm_campaign=mybusiness,0543 908073,Località Sant'Alberico,Balze,,,https,Shopify,Sì,Made Network Srl,,,,Sì,No
La Casa di Gloria - B&B Residence,Bed & Breakfast,https://www.lacasadigloria.it/,342 025 2538,"Via Nazionale, 47/B",Badia Prataglia,,,https,Webnode,No,Keliweb S.R.L,,,,Sì,No
Albergo Ristorante Zio Mamo,Ristorante,http://www.ziomamo.it/,0861 82275,"Via Giuseppe Garibaldi, 8",Nereto,,info@ziomamo.it,http,React,Sì,Aruba S.p.A.,,,,Sì,No
Villamontereale Bed & Breakfast,Bed & Breakfast,https://www.villamontereale.com/,333 921 1794,"C.so Calatafimi, 1096",Mezzomonreale,,info@villamontereale.com,https,React,No,Aruba S.p.A. Network,61,71,91.00,Sì,No
Castello di Petecciano Ristorante B&B - Eventi,Ristorante,,388 773 0469,"Via Santa Maria Assunta, 45",Mosciano Sant'Angelo,,,,,,,,,,,
CountryHome Casale #32,Bed & Breakfast,,328 123 5619,"Contrada Fontedoro, 32",Moscufo,,,,,,,,,,,
B&B Da Ronald,Bed & Breakfast,http://bb-ronald.it/,0575 582132,"Via Pian del Papa, 5",Pratovecchio,,sch.600@gmail.com,https,Shopify,No,Amazon Technologies Inc.,,,,Sì,No
Ristorante B&B La Tenuta,Bed & Breakfast,http://www.latenuta.net/,329 838 6745,"Via del Boschetto, 6-8",Mozzagrogna,,,http,ASP.NET,No,Aruba S.p.A. Network,,,,Sì,No
Agriturismo Il Cascinale,Agriturismo,,380 384 0279,Contrada Fonteschiavo 178,Nocciano,,,,,,,,,,,
nAnA',Bed & Breakfast,,349 756 1391,"Via Borgo Romano, 14",Orsogna,,,,,,,,,,,
Casale Ferrantino,Bed & Breakfast,https://www.casaleferrantino.it/,347 905 6684,"Via del Casale, 1",Giulianova,,casaleferrantino@gmail.com,https,Joomla,Sì,Server Plan S.r.l.,65,86,85.00,Sì,No
B&B LUNA PER TE,Bed & Breakfast,http://www.lunaperte.it/,338 242 3575,"Via Collalto, 5",Rocca di Cambio,,info@lunaperte.it,https,Shopify,No,Aruba S.p.A.,,,,Sì,No
Club Hotel Du Park,Hotel,,353 322 6566,"S.R. 83 Marsicana, Km. 50",Opi,,,,,,,,,,,
B&B Mirandolina,Bed & Breakfast,https://www.bbmirandolina.it/,349 615 8172,"Via Trieste, n. 8",Rocca di Cambio,,info@bbmirandolina.it,https,Joomla,Sì,Aruba S.p.A.,,,,Sì,No
Agriturismo De Luca,Agriturismo,,329 650 3286,"SS652, 2",Mozzagrogna,,,,,,,,,,,
Ristorante Bologna Albergo,Ristorante,http://www.hotelristorantebologna.it/,0543 903388,"Via della Speranza, 3",Bagno di Romagna,,,https,WordPress,Sì,Netsons s.r.l.,,,,Sì,No
B&B Bone Novelle,Bed & Breakfast,https://bonenovellelaquilabeb.it/,328 183 5812,"Via Vetusti, 28",L'Aquila,,beb@bonenovellelaquilabeb.it,https,WordPress,Sì,OVH SAS,,,,Sì,No
Casa Ospitalità San Giuseppe - SUORE ZELATRICI DEL S. CUORE FERRARI,Bed & Breakfast,http://casa-ospitalita-san-giuseppe.com.es/,371 339 7027,"Piazzale Pasquale Paoli, 12",L'Aquila,,,http,React,No,arsys.es,,,,Sì,No
Le mignole Agriturismo,Agriturismo,http://www.lemignole.com/,0871 869190,"Contrada Arenale, 8",Orsogna,,,http,Angular,No,Netsons s.r.l.,,,,Sì,No
B&B Lo Chalet di Ocre,Bed & Breakfast,http://www.lochaletdiocre.it/,340 789 4800,"Via della Libertà, 5A",San Felice D'ocre,,,https,Typo3,No,"Amazon.com, Inc.",,,,Sì,No
La Casa In Collina,Bed & Breakfast,,085 847113,"n. 32, Contrada Collina",Nocciano,,,,,,,,,,,
B&B Terra di Aveja,Bed & Breakfast,http://www.terrediaveja.it/,334 847 6476,"Via Monticchio, 29",Fossa,,info@terrediaveja.it,http,React,No,Sconosciuto,,,,Sì,No
Hotel La Valle dell'Aquila,Hotel,http://valleaquila.it/,0862 751385,"Via Fura, 25",L'Aquila,,info@valleaquila.it,https,React,Sì,Hostinger,,,,Sì,No
Il Borgo Degli Ulivi,Agriturismo,,085 893 7247,"Contrada Volpe, 7",Cologna Paese,,,,,,,,,,,
B&B Prato San Lorenzo,Bed & Breakfast,http://www.pratosanlorenzo.com/,329 541 6507,"Contrada Prato S. Lorenzo, 51",Nocciano,,,https,Vue,No,"Amazon.com, Inc.",,,,Sì,No
Il tratturo agriturismo,Ristorante,http://www.iltratturo.com/,085 857 3382,"Contrada Castellano, 1",Cugnoli,,,http,Joomla,No,Aruba S.p.A.,,,,Sì,No
Agriturismo Lu Carre,Agriturismo,https://agriturismo-lu-carre.metadaesplorare.top/,0872 57598,"Contrada Cavezza, 20",Mozzagrogna,,,https,WordPress,No,Sconosciuto,,,,Sì,No
Bacca Blu,Bed & Breakfast,https://baccablu.tripcombined.com/,339 576 0035,"Via Cesare Battisti, 44",Villa Santa Lucia degli Abruzzi,,,https,React,No,Sconosciuto,,,,Sì,No
Loft Terrazza Mare & Monti,Hotel,,338 882 9774,"Via Trento e Trieste, 5",Orsogna,,,,,,,,,,,
Lotus House Boutique B&b,Bed & Breakfast,http://www.lotushouse.it/,378 084 4678,"Contrada Villa Stanazzo, 202",Lanciano,,,https,Vue,No,"Amazon.com, Inc.",,,,Sì,No
Storie d'Abruzzo,Bed & Breakfast,http://www.storiedabruzzo.it/,333 295 6840,"Via Ierafrino, 9",Carrufo,,ste.mucciante@gmail.com,https,WordPress,No,SEEWEB s.r.l.,,,,Sì,No
B&B Il Giglio,Bed & Breakfast,,333 177 1130,SS83,Opi,,,,,,,,,,,
B&B La Pratella,Bed & Breakfast,https://www.lapratella.com/,338 159 7354,SS83,Opi,,amicoserone7@gmail.com,https,WordPress,No,SEEWEB s.r.l.,,,,Sì,No
Don Peppino,Bed & Breakfast,,366 526 6766,"Contrada San Giusto, 33",Montorio al Vomano,,,,,,,,,,,
Hotel Vomano,Hotel,http://www.hotelvomano.it/,0861 598498,"Viale Risorgimento, 113",Montorio al Vomano,,info@hotelvomano.it,https,React,Sì,Aruba S.p.A. Network,,,,Sì,No
B&B La Dolce Vita,Bed & Breakfast,,329 534 7940,"Via del Ceraso, 3",Ovindoli,,,,,,,,,,,
Dimora dell'Arte,Alloggio turistico,https://dimoradellarte.it/,349 699 2199,Via S. Girolamo,Navelli,,info@cantinarte.com,https,Joomla,No,OVH,,,,Sì,No
Bed & Breakfast La Locanda di Alfredo,Bed & Breakfast,http://www.lalocandadialfredo.it/,338 742 6283,"Via San Berardo, 1",Pescina,,,http,WordPress,No,Aruba S.p.A. Network,,,,Sì,No
B&B Villa Elianto,Bed & Breakfast,,328 841 5525,"Via Villa Scapoli, 1",Notaresco,,,,,,,,,,,
B&B Antica Rua,Bed & Breakfast,http://www.anticarua.it/,0863 91856,Via Salita la Croce,Opi,,info@anticarua.it,https,WordPress,No,Sconosciuto,,,,Sì,No
Hotel Lady G,Hotel,https://www.ladyg.it/,0861 788008,"Via Amerigo Vespucci, 21",Tortoreto Lido,,info@ladyg.it,https,Shopify,No,Netsons s.r.l.,,,,Sì,No
Residence La Pinetina,Residence,http://www.lapinetinaovindoli.it/,392 107 7681,Via Pagliai,Ovindoli,,,https,WordPress,No,Sconosciuto,,,,Sì,No
Sunrise,Hotel,,328 339 4506,"Contrada S. Egidio, 37/A",Sant'Egidio,,,,,,,,,,,
B&B Antico Borgo,Bed & Breakfast,http://www.anticoborgoovindoli.com/,333 490 4588,"Via Giuseppe Mazzini, 6",Ovindoli,,,https,WordPress,Sì,One.com A/S,,,,Sì,No
Life Quality B&B,Bed & Breakfast,,375 690 8250,"Via Quarto dei Mille, 14",Pescara,,,,,,,,,,,
B&B Vista Mare,Bed & Breakfast,,375 771 3127,"Lungomare G. Matteotti, 63",Pescara,,,,,,,,,,,
Bed And Breakfast Amerigo Vespucci,Bed & Breakfast,http://dellaquilaluigi.wixsite.com/pescara,389 197 3890,"Viale Amerigo Vespucci, 108",Pescara,,,https,Wix,No,Google LLC,,,,Sì,No
Agriturismo Tenuta Villa Catena,Agriturismo,http://www.tenutavillacatena.it/,0872 592023,"Strada Comunale Casino Catena, C.da Colle Furlano 3",Paglieta,,info@tenutavillacatena.it,https,WordPress,Sì,Aruba S.p.A.,,,,Sì,No
Altea,Bed & Breakfast,,085 294427,"Via Michelangelo Forti, 45",Pescara,,,,,,,,,,,
Bed & Breakfast Sogno D'Amore,Bed & Breakfast,,328 372 6489,"Cavallina, 1",Pacentro,,,,,,,,,,,
Augusto al Mare,Bed & Breakfast,https://www.augustoalmare.it/,393 335 4742,"Via Don Minzoni, 4",Pescara,,info@augustoalmare.it,https,WordPress,No,Keliweb S.R.L,,,,Sì,No
Agriturismo COSTA DEL GALLO B&B,Bed & Breakfast,,328 339 5587,Via Provinciale per Pacentro Km 4+400,Sulmona,,,,,,,,,,,
Hotel Millepini,Hotel,http://www.hotelmillepini.it/,0863 706106,Via del Ceraso,Ovindoli,,info@hotelmillepini.it,https,WordPress,Sì,Sconosciuto,,,,Sì,No
B&B Lo Gnomo,Bed & Breakfast,https://www.bedandbreakfastlognomo.it/,349 195 1131,via Capocciato - via Umberto Primo 43,Pennapiedimonte,,beblognomo@libero.it,https,WordPress,No,OVH SAS,,,,Sì,No
Camere Il Feudo,Bed & Breakfast,http://www.agriturismoilfeudo.com/,339 873 6863,"Contrada Feudo, 36",Pennapiedimonte,,,http,ASP.NET,No,Aruba S.p.A. Network,,,,Sì,No
Bedrooms B&B,Bed & Breakfast,https://www.bedroomspescara.com/,339 456 1580,"Via Monte Pagano, 8",Pescara,,,https,React,Sì,Aruba S.p.A.,,,,Sì,No
B&B Il Belvedere,Bed & Breakfast,,333 882 2192,"Via Madonna dei Monti, 13",Pacentro,,,,,,,,,,,
Casa Dell'Orso,Ristorante italiano,https://casadellorso.wixsite.com/palena,320 197 7193,Via Sant'Antonio,Palena,,marilenacasacchia@gmail.com,https,Wix,No,Sconosciuto,,,,Sì,No
Agriturismo Zà Beata,Agriturismo,,0861 651085,"6 Contrada Centrella, Penna Sant'andrea",PENNA SANT_ANDREA,,,,,,,,,,,
Marini Bed & Breakfast,Bed & Breakfast,http://bbpescara.com/,392 501 9619,"Via del Nuovo Tiro a Segno, 44",Pescara,,info@bbmarini.it,https,Joomla,No,Netsons s.r.l.,,,,Sì,No
La Ginestra Ovindoli,Bed & Breakfast,https://www.laginestraovindoli.it/,338 435 1164,"Via Sirente, 38",Ovindoli,,laginestraovindoli@gmail.com,https,WordPress,Sì,Google LLC,,,,Sì,No
B&B Fra di Noi,Alloggi al coperto,https://bb-fra-di-noi.camerainitalia.top/,328 673 9499,"Via Baracche, 23",Santa Jona di Ovindoli,,,https,WordPress,No,Contabo GmbH,,,,Sì,No
Bettina,Bed & Breakfast,,389 438 8265,"Corso Emilio Alessandrini, 29",Penne,,,,,,,,,,,
La Vigna di Ranco,Villa,https://www.lavignadiranco.com/,327 674 4013,"Contrada Ranco, 49",Paglieta,,info@lavignadiranco.com,https,Wix,Sì,Sconosciuto,,,,Sì,No
B&B Casamia,Bed & Breakfast,https://casamiapenne.wordpress.com/,327 233 0031,"SS81, 28",Penne,,,https,WordPress,No,Sconosciuto,,,,Sì,No
B&B La Nuova Stella,Bed & Breakfast,,334 313 3266,"Via Quadroni, 160",Perano,,,,,,,,,,,
Rocca Lorenizo Country Relais,Bed & Breakfast,,346 399 7718,"Via del Carro, 3",Pacentro,,,,,,,,,,,
Masseria la Rocca di Alessandro Pelini,Agriturismo,https://masseria-la-rocca-di-alessandro-pelini.mondoinviaggio.top/,338 718 8412,Loc. San Pietro,Pacentro,,,https,WordPress,No,Sconosciuto,,,,Sì,No
Hotel Relais Scaffe,Ristorante,https://hotelscaffe.com/,320 293 2801,"Via Balzolo, 15",Pennapiedimonte,,hotelscaffe@gmail.com,https,Shopify,No,Netsons,,,,Sì,No
Hotel Pinguino,Hotel,,0863 912580,"Via Collacchi, 2",Pescasseroli,,,,,,,,,,,
DON FILIPPO,Bed & Breakfast,,338 944 9896,"Via S. Marco, 120",Pacentro,,,,,,,,,,,
Bed & Breakfast La Casa Di Ares San Benedetto Dei Marsi,Bed & Breakfast,http://www.lacasadiares.it/,329 484 9408,"Via Corbella, 8/G",San Benedetto dei Marsi,,,https,React,No,Google LLC,,,,Sì,No
B&B DULCAMARA,Bed & Breakfast,https://www.bbdulcamara.it/,350 121 6520,"Via Benedetto Croce, 45/A",Pescasseroli,,,https,React,No,"Amazon.com, Inc.",69,95,100.00,Sì,No
Sofia Bed & Breakfast,Bed & Breakfast,http://www.bbsofia.com/,329 108 1721,"Via Carlo Goldoni, 7",Pescara,,bbsofia.pescara@gmail.com,https,WordPress,No,Sconosciuto,,,,Sì,No
Hotel Sport Daniel,Hotel,http://www.hoteldaniel.it/,0863 912898,Viale Fausto Grassi,Pescasseroli,,prenotazioni@hoteldaniel.it,https,WordPress,No,Aruba S.p.A.,,,,Sì,No
Albergo Ristorante Bar San Lorenzo,Hotel,https://www.albergosanlorenzo.net/,0861 650000,"Via Nazionale, 27",Val Vomano,,,https,WordPress,No,Aruba S.p.A. Network,,,,Sì,No
B&B Reale Ortona - Bed and Breakfast,Bed & Breakfast,https://reservation.bebreale.it/,328 896 8345,"Via Marina, 25",Ortona,,,https,Shopify,No,"Amazon.com, Inc.",92,98,100.00,Sì,No
B&B La Dimora di Tommaso Apartment - Dimora Storica Bike Friendly,Bed & Breakfast,https://www.ladimoraditommaso.it/,347 694 3407,"Via Morosini, 35",Ortona,,,https,React,No,Google LLC,65,82,83.00,Sì,No
Albergo Del Sangro,Hotel,,324 803 1939,"Via Oppieto, snc",Pescasseroli,,,,,,,,,,,
Hotel Iris,Hotel,http://www.irispescasseroli.it/,0863 91900,"Via Fontana della Difesa, 1",Pescasseroli,,iris@irispescasseroli.it,https,Shopify,Sì,Semplify Srl,85,65,100.00,Sì,No
Hotel Cocoon Garden,Hotel,http://www.hotelcocoon.it/,0863 910477,Viale Fausto Grassi,Pescasseroli,,info@hotelcocoon.it,http,WordPress,No,Aruba S.p.A.,56,60,92.00,Sì,No
B&B La Ricciolina,Bed & Breakfast,http://www.laricciolina.it/,347 112 8164,"Vico I Umberto, 6",Palombaro,,,http,Shopify,No,Sconosciuto,72,48,100.00,Sì,No
Pensione Rifugio Le Chevalier,Alloggi al coperto,,338 873 7069,Strada Statale 17,Roccaraso,,,,,,,,,,,
DOMORA BEDROOMS,Bed & Breakfast,,320 956 9068,"Via Roma, 62",Ortona,,,,,,,,,,,
La Vecchia Casa di Barbara Cutts,Bed & Breakfast,http://lavecchiacasalimiti.com/?utm_source=google&utm_medium=wix_google_business_profile&utm_campaign=13492641580686767363,392 083 1902,"Contrada Limiti di Sotto, 14",Palombaro,,info@lavecchiacasalimiti.com,https,Shopify,Sì,wix com inc,51,86,100.00,Sì,No
Licia B&B,Bed & Breakfast,http://www.liciabeb.it/,333 405 3989,"Via dei Frentani, 10",Ortona,,info@designscapes.it,http,WordPress,No,Sconosciuto,69,81,83.00,Sì,No
Affittacamere Il Peschio,Hotel,http://www.ilpeschio.it/,0864 640082,"Via delle Collicelle, 7",Pescocostanzo,,,http,ASP.NET,No,Aruba S.p.A.,100,100,82.00,Sì,No
B&B In Centro a Pacentro,Bed & Breakfast,http://www.incentroapacentro.it/,349 784 1697,"Via S. Marco, 5",Pacentro,,,https,WordPress,No,Serverplan s.r.l.,,,,Sì,No
Agriturismo L'Uliveto,Agriturismo,http://www.agriturismoluliveto.it/,0871 895201,"Contrada Limiti di Sotto, 38",Palombaro,,info@agriturismoluliveto.it,https,WordPress,No,Aruba S.p.A.,55,91,100.00,Sì,No
Agriturismo Le Ceppete,Agriturismo,http://www.agriturismoleceppete.com/,333 916 2777,"Via Ceppete, 24",Palombaro,,,http,ASP.NET,No,Aruba S.p.A. Network,100,100,92.00,Sì,No
Bed and Breakfast Alle Vecchie Arcate,Bed & Breakfast,https://www.vecchiearcate.com/,331 503 7925,"Via della Chiesa, 57/A",Pescasseroli,,,https,WordPress,No,Sconosciuto,87,99,75.00,Sì,No
Lo Chalet da Ilaria,Bed & Breakfast,http://www.garnilochalet.it/,338 156 7879,Viale Montecassino,Pescocostanzo,,,https,ASP.NET,No,Aruba S.p.A.,73,92,83.00,Sì,No
B & B VILLA ANGELA,Bed & Breakfast,,360 254 304,"Contrada Martorella, 45",Poggiofiorito,,,,,,,,,,,
Casa Carolina,Alloggio in famiglia,,+44 7821 483748,"Via Roma, 30",Pennadomo,,,,,,,,,,,
Hotel Mare Blu,Hotel,http://hotelmareblu.com/,333 488 5690,"64025, Via Francia, 3",Pineto,,info@hotelmareblu.com,https,React,No,Aruba S.p.A.,59,87,92.00,Sì,No
B&B Il Fratino,Bed & Breakfast,https://bbilfratinopescoco.wixsite.com/bbilfratino,392 684 8489,"Vico Della Stracciaria, 12",Pescocostanzo,,bbilfratinopescocostanzo@gmail.com,https,WordPress,No,Google LLC,69,99,100.00,Sì,No
B&B Il Pino,Bed & Breakfast,http://www.bebilpino.it/,0864 641204,"Via Benedetto Rainaldi, 27",Pescocostanzo,,,http,React,No,Aruba S.p.A. Network,50,70,82.00,Sì,No
Torre della Loggia,Bed & Breakfast,http://www.torredellaloggia.it/,085 219 6767,"Via Gabriele D'Annunzio, 9",Ortona,,torredellaloggia@gmail.com,https,Shopify,No,Sconosciuto,56,65,100.00,Sì,No
“Il Viottolo Rooms & Breakfast,Bed & Breakfast,http://www.ilviottoloroccaraso.com/,349 850 4061,"Via San Bernardino, 3",Roccaraso,,viottoloroccaraso@gmail.com,https,Joomla,No,Mister Domain,61,72,69.00,Sì,No
Domus Primavera,Bed & Breakfast,http://www.domusprimavera.it/,328 850 5966,"Via Belvedere, 40",Scerne,,info@domusprimavera.it,http,WordPress,No,Sconosciuto,49,60,92.00,Sì,No
B&B Garni' Il Camoscio,Bed & Breakfast,http://www.garniilcamoscio.it/,329 434 4950,"Via Maiella, 29",Pescocostanzo,,,http,Basekit,No,Sconosciuto,56,66,100.00,Sì,No
IL FIORE DI PESCO...,Bed & Breakfast,http://www.ilfioredipesco.it/,333 260 9839,"Via Monte Rotella, 1",Pescocostanzo,,,https,ASP.NET,No,Aruba S.p.A. Network,99,100,92.00,Sì,No
Locanda e Ristorante Tre Frati,Ristorante,http://www.trefrati.it/,338 116 8591,"Viale Fanzago Cosimo, 4",Pescocostanzo,,,,WordPress,Sì,Sconosciuto,0,0,0.00,Sì,No
Dimora Antica Pianella,Bed & Breakfast,http://www.anticapianella.com/,328 286 6556,"Via Oslavia, 3",Pianella,,info@anticapianella.com,https,WordPress,No,Aruba S.p.A.,62,90,92.00,Sì,No
Agriturismo Ripalta,Agriturismo,,347 815 4966,"Contrada Ripaldi, 12",Pietranico,,,,,,,,,,,
AGRITURISMO LA LINDERA,Agriturismo,,329 398 5506,"VIA LINDERA, 7",Corvara,,,,,,,,,,,
Lo Spillo,Bed & Breakfast,http://bb-lospillo.it/,338 633 7570,"Via Isonzo, 13",Pineto,,,https,WordPress,Sì,Aruba S.p.A,65,78,77.00,Sì,No
Hotel Amorocchi L.P. Vacanze Srl,Hotel,,0861 959603,"10, v. Verbania, Pietracamela, Te 64047",Pietracamela,,,,,,,,,,,
La Locanda di Mariella,Ristorante,http://www.lalocandadimariella.com/,335 537 2504,"Via Umberto I, 95",Poggio Picenze,,,http,ASP.NET,No,Sconosciuto,93,100,91.00,Sì,No
Mario's Garni,Bed & Breakfast,http://www.mariosgarni.it/,0864 661534,"Via Bisanti, 4",Pescocostanzo,,info@mariosgarni.it,https,WordPress,No,Register.IT S.p.A,96,77,69.00,Sì,No
B&B A casa di Lucio & Giuliana,Bed & Breakfast,http://www.acasadilucioegiuliana.com/,349 690 5806,"Via L. Filiani, 6",Pineto,,info@acasadilucioegiuliana.com,https,WordPress,Sì,Aruba S.p.A. Network,56,64,85.00,Sì,No
Hotel Ester Safer a Pineto,Hotel,https://www.estersaferpineto.com/?utm_source=google&utm_medium=mybusiness&utm_campaign=Google+MyBusiness&utm_content=gmb_site_link,085 949 2276,"Via Venezia, 12",Pineto,,info@estersaferpineto.com,https,Shopify,Sì,Semplify Srl,96,88,100.00,Sì,No
Le dimore nel borgo Pescocostanzo,Bed & Breakfast,https://www.ledimorenelborgo.it/,338 747 1518,"Via Vallone, 64/66",Pescocostanzo,,info@ledimorenelborgo.it,https,Joomla,Sì,Sconosciuto,68,91,92.00,Sì,No
Dimora Pizzone 1870,Bed & Breakfast,,347 250 0669,"Via D'Amato, 43",Popoli,,,,,,,,,,,
B&B Il Vicoletto Pratola Peligna,Bed & Breakfast,,327 151 3058,"vico Gorizia, 33/35",Pratola Peligna,,,,,,,,,,,
B&B ALUSEA,Bed & Breakfast,http://bnb-alusea-terano.com.es/,340 294 8338,"Via S. Rocco, 40",Silvi,,,,Duda,Non trovato,arsys.es,56,0,0.00,Stato Non Determinato,No
Hotel CERRANO,Hotel,http://www.cerrano.it/,085 932998,"Via Forcella, 119",Silvi,,info@cerrano.it,https,WordPress,No,Host SpA,76,84,61.00,Sì,No
Residence Gran Sasso,Residence,http://www.hotelresidencegransasso.it/,0861 955109,"Via XXIV Maggio, 8",Pietracamela,,lindamontauti@gmail.com,https,React,Sì,Sconosciuto,57,66,91.00,Sì,No
Il Giardinetto di Pettorano,Bed & Breakfast,,348 321 1345,"Via S. Antonio, 17",Pettorano sul Gizio,,,,,,,,,,,
La Tulè,Bed & Breakfast,,393 127 4338,"Via Gabriele D'Annunzio, 19",Popoli,,,,,,,,,,,
Ponte Rio,Bed & Breakfast,,349 852 6384,"Via Vittorio Monaco, 27",Pettorano Sul Gizio,,,,,,,,,,,
B&B San Nicola,Bed & Breakfast,,389 476 9169,"Via II, Via I Salita S. Nicola",Pretoro,,,,,,,,,,,
Ristorante Antica Locanda,Ristorante,https://www.anticalocanda.eu/,0861 955120,"Vicolo Stretto, 1",Pietracamela,,,https,WordPress,No,Aruba S.p.A. Network,75,97,91.00,Sì,No
B&b Villa Asia,Alloggio completo di servizi,,327 877 3574,"Via Bugnara, 91",Campo di Fano,,,,,,,,,,,
Bed & Breakfast Il Persicano,Bed & Breakfast,,0864 273407,"Via Circonvallazione Orientale, 22",Pratola Peligna,,,,,,,,,,,
La Freccia e il Leone,Bed & Breakfast,https://la-freccia-e-il-leone.italiatravelandtours.top/,380 792 5792,"Via Cerrano, 94",Sulmona,,,https,WordPress,No,Ipxo LLC,56,87,92.00,Sì,No
B&B Tussillo,Bed & Breakfast,,347 913 2422,Via del Forno - Via dei Colombi 67020,Tussillo,,,,,,,,,,,
B&B Il Cardinale,Bed & Breakfast,,328 898 9627,"via diego tiberio, 4",Rocca di Mezzo,,,,,,,,,,,
Hotel Altopiano delle Rocche,Hotel,,0862 917065,Via don Minozzi,Rocca di Mezzo,,,,,,,,,,,
Affittacamere Mirella,Hotel,https://affittacamere-mirella.italiaparaexplorar.top/,349 280 6602,"Via Gabriele d'Annunzio, 47",Pineto,,,https,React,No,Ipxo LLC,62,86,92.00,Sì,No
La Rocca Mia House B&B,Bed & Breakfast,http://laroccamiahouse.com/,388 827 2982,"Strada Provenciale 50, 26 near Sulmona",Roccacasale,,,https,Shopify,Sì,"Weebly, Inc.",44,45,83.00,Sì,No
B&B Gli Scoiattoli,Bed & Breakfast,http://gliscoiattoli.net/,0862 916338,"Via Antonio del Fante, 23",Rocca di Mezzo,,thesquirrels.bedandbreakfast@gmail.com,https,Webnode,No,Register.it-Hosting,56,98,85.00,Sì,No
Albergo Moretto,Hotel,https://albergo-moretto.guideditalia.top/,0864 274723,"Via Nazario Sauro, 100",Pratola Peligna,,,https,React,No,Contabo GmbH,63,88,85.00,Sì,No
B&B Solimo,Bed & Breakfast,http://www.bbsolimo.it/,331 525 5039,"Via Circonvallazione Orientale, 7",Sulmona,,info@bbsolimo.it,https,WordPress,No,Sconosciuto,66,71,92.00,Sì,No
Villa Angelina House - Holidays B&B,Bed & Breakfast,,351 158 4490,"Via Iconicella, 25",Ripa Teatina,,,,,,,,,,,
B&B Il Melograno,Bed & Breakfast,https://www.ilmelograno-bb.it/,329 311 5582,"via della Stazione, 3",Roccacasale,,,https,WordPress,Sì,Aruba S.p.A.,60,91,92.00,Sì,No
La Villa dei Tartufi,Bed & Breakfast,,340 681 7679,"SP 118 Fanesina, 6",Corfinio,,,,,,,,,,,
La Perla d'Abruzzo,Bed & Breakfast,,347 594 5291,Contrada Case Andreasse 2,Cugnoli,,,,,,,,,,,
Taverna Il Portico,Ristorante di pesce,,320 232 5052,"Via del Portico, 8",Rocca San Giovanni,,,,,,,,,,,
Villa Costanza,Bed & Breakfast,,328 635 1700,"Via Iconicella, 19",Ripa Teatina,,,,,,,,,,,
B&B Un'Altra Vita,Bed & Breakfast,http://bbunaltravita.com/,328 949 3039,"Via Gabriele D'Annunzio, 1",Ripa Teatina,,giovamasci97@gmail.com,https,React,No,OVH ISP,72,91,100.00,Sì,No
Domus Sofia,Bed & Breakfast,,345 671 4480,"Via Roma, 8",Ripa Teatina,,,,,,,,,,,
Albergo Miramonti,Hotel,,0862 918185,"SS 696 del Parco Regionale Sirente-Velino, 1",Rocca di Cambio,,,,,,,,,,,
Rocky House,Bed & Breakfast,,320 745 0168,"Stra provinciale per Chieti, 28",Ripa Teatina,,,,,,,,,,,
Osteria della Posta,Ristorante,http://www.osteriadellaposta.com/,348 467 7893,"Via Palombaia, 1",Poggio Picenze,,info@osteriadellaposta.com,https,Joomla,Sì,Sconosciuto,60,77,85.00,Sì,No
Fiori Di Campo b&b,Bed & Breakfast,http://www.fioridicampobb.it/,327 546 2316,"Cda, Via S. Stefano, 120",Ripa Teatina,,info@fioridicampobb.it,http,React,No,Aruba S.p.A.,62,71,92.00,Sì,No
Bed and Breakfast - VillaFiletta,Bed & Breakfast,http://www.villafiletta.it/,320 428 6504,"Str. Casacagnano, 53",Roccafluvione,,info@villafiletta.it,https,Shopify,Sì,Aruba S.p.A.,68,74,85.00,Sì,No
B&B La Casa Sul Corso,Bed & Breakfast,http://www.lacasasulcorso.com/,339 165 9146,"Corso Garibaldi, 26",Rocca San Giovanni,,,https,React,No,OVH-Hosting,70,95,100.00,Sì,No
B&B Trabocchi Cin IT069086C1KO7DOBTV,Bed & Breakfast,https://beb.it/trabocchisanvito/it/,329 934 9221,"San Vito Chietino, SS 16",San Fino,,,https,Typo3,No,"Amazon.com, Inc.",75,95,100.00,Sì,No
Bed & Breakfast Anfiteatro,Bed & Breakfast,,340 088 6080,"Via Vincenzo Irelli, 35",Teramo,,,,,,,,,,,
Bed & Breakfast Il Ghiro Roccaraso,Bed & Breakfast,,328 373 8245,"Viale Napoli, 86",Roccaraso,,,,,,,,,,,
B&B Maufiki,Hotel,http://www.maufiki.com/,335 760 9933,"Via Roma, 98",Rapino,,maufikibeb@gmail.com,https,WordPress,No,SupportHost,62,87,77.00,Sì,No
Hotel le Ginestre CIR066079ALB001,Hotel,http://www.hotel-leginestre.it/,0864 273325,"Via Tavernola, 1",Roccacasale,,info@hotel-leginestre.it,https,ASP.NET,No,Aruba S.p.A. Network,61,77,85.00,Sì,No
Ristorante Hotel IL Dito E la Luna,Hotel,http://www.hotelilditoelaluna.com/,0871 390899,"Via Alento, n3",Ripa Teatina,,,https,WordPress,No,Host SpA,56,94,92.00,Sì,No
Agriturismo Rosso di Sera,Agriturismo,http://www.agriturismorossodisera.com/,328 822 1152,"Contrada Piano S. Giovanni, 3",Cugnoli,,info@agriturismorossodisera.com,https,WordPress,No,Sconosciuto,55,77,92.00,Sì,No
B&B Il Giardino Di Epicuro,Bed & Breakfast,https://bb-il-giardino-di-epicuro.mipiacelitalia.top/,339 761 6597,"Contra Piane Favaro, 77",Rocca San Giovanni,,,https,React,No,Contabo GmbH,59,89,85.00,Sì,No
Bed and Breakfast Villa Celeste,Bed & Breakfast,https://www.villacelesteroccapia.it/,0864 203104,"Via Conte di Torino, 55",Rocca Pia,,,https,WordPress,No,Aruba S.p.A.,,,,Sì,No
Le Stanze di Giò Teramo B&B,Bed & Breakfast,http://le-stanze-di-gio-teramo.com.es/,349 387 0651,"Via Don Luigi Sturzo, 8",Teramo,,,http,WordPress,No,arsys.es,0,0,92.00,Sì,No
Casa Bella - Italiengodferie,Bed & Breakfast,,380 237 7026,Madonna di Loreto,Roccacasale,,,,,,,,,,,
Tenuta Porello,Bed & Breakfast,http://www.tenutaporello.it/,333 965 3165,"Contrada S. Giacomo Novella, 105",Novella II,,info@tenutaporello.it,http,React,No,Sconosciuto,,,,Sì,No
Hotel Villa Medici,Hotel,https://www.hotelvillamediciabruzzo.it/?utm_source=google&utm_medium=organic&utm_campaign=googlemybusiness,0872 717645,"Contrada Santa Calcagna, 71/72",Lanciano,,info@hotelvillamediciabruzzo.it,https,React,Sì,Server Plan S.r.l.,56,86,100.00,Sì,No
Cristall Hotel,Hotel,https://www.cristallhotel.it/,0862 918269,"Via Saas-Fee, 2",Rocca di Cambio,,,https,Shopify,No,Keliweb S.R.L,43,53,85.00,Sì,No
Ristorante Belvedere Di Giardini Pasquale & C.,Bed & Breakfast,https://beb.it/belvedereroccamorice,085 857 2115,"Via Belvedere, 16",Roccamorice,,,https,React,No,"Amazon.com, Inc.",70,99,100.00,Sì,No
B&B La Lunetta,Bed & Breakfast,,371 490 0415,"Via Giannina Milli, 23",Teramo,,,,,,,,,,,
La Capannina,Ristorante,https://ristorante-la-capannina.avventurainitalia.top/,0864 602406,"Via Aldo Moro, 44",Roccaraso,,,https,React,No,Ipxo LLC,63,84,85.00,Sì,No
Affittacamere Cristallo di neve,Bed & Breakfast,http://www.cristallodineve.it/,379 184 3274,"Viale Napoli, 11",Roccaraso,,cristallodineveroccaraso@gmail.com,https,Angular,No,Sconosciuto,50,56,100.00,Sì,No
B&B Le Pietre Ricce - Parco Nazionale Majella - Abruzzo Italy,Bed & Breakfast,http://www.lepietrericce.it/,328 492 1104,"Via Roma, 131",Roccamontepiano,,,https,React,Sì,Google LLC,63,88,100.00,Sì,No
Fiocco di Neve,Bed & Breakfast,https://beb.it/fioccodineve,338 412 0930,"Via Arco di Simone, 4 Centro storico piazza Dei tre Archi",Rocca di Mezzo,,,https,Typo3,No,"Amazon.com, Inc.",,,,Sì,No
Agriturismo Zà Culetta,Agriturismo,https://www.agriturismozaculetta.it/,339 524 9670,"Contrada S. Giacomo Novella, 1",Rocca San Giovanni,,info@agriturismozaculetta.it,https,Angular,No,Aruba S.p.A.,37,46,85.00,Sì,No
Valle Florina,Bed & Breakfast,https://www.valleflorina.com/,389 150 6165,"Via Fosso Capo D'Acqua, 1",Rocca Pia,,,https,WordPress,No,Aruba S.p.A. Network,,,,Sì,No
Casa del Pastore Rosello,Ristorante,https://casapastore.tripcombined.com/,320 693 3602,"Via Della Pineta, snc",Rosello,,,https,React,No,Contabo GmbH,,,,Sì,No
Garnì La Rua Nel Bosco,Bed & Breakfast,http://www.laruanelbosco.it/,0864 641370,"Via Colle, 1",Rivisondoli,,info@laruanelbosco.it,http,ASP.NET,No,Aruba S.p.A. Network,,,,Sì,No
B&B La Torre,Pensione,https://latorre.tripcombined.com/,340 094 6008,"Via Nuova Rotabile, 19",Rosello,,,https,React,No,Contabo GmbH,,,,Sì,No
Snow Village Roccaraso,Villaggio di casette da campeggio,https://www.snowvillageroccaraso.it/,379 203 7704,Piana del Leone,Roccaraso,,,https,Joomla,No,Sconosciuto,48,56,92.00,Sì,No
B&B Casa di Roberto,Bed & Breakfast,,085 894 1882,"Via Napoli, 39",Roseto degli Abruzzi,,,,,,,,,,,
Momacasa bed and breakfast,Bed & Breakfast,https://momacasa.it/,320 291 3365,"via piana degli ulivi, 12",Roseto degli Abruzzi,,beb@momacasa.it,https,Angular,No,Combell NV,,,,Sì,No
B&B Acqua e Sale,Bed & Breakfast,,339 217 7405,"contrada Borsacchio, 18a",Roseto degli Abruzzi,,,,,,,,,,,
Residenza Dei Maestri,Bed & Breakfast,http://www.residenzadeimaestri.eu/,338 297 6706,"Via Circonvallazione, 4",Roccaraso,,nome1@esempio.com,http,ASP.NET,Sì,OVH SAS,,,,Sì,No
San Andreas B&B,Bed & Breakfast,,342 754 9563,"Via Abruzzi, 2/A",Lecce,,,,,,,,,,,
Kalinifta Rooms Apartment,Bed & Breakfast,https://www.myhouseportocesareo.it/kalinifta-rooms-apartment-bb/,392 982 5536,"Via della Resistenza, 19",Torre Lapillo,,,https,WordPress,No,Sconosciuto,,,,Sì,No
Il Gelsomino Bed & Breakfast,Bed & Breakfast,,392 047 4190,"Via Pisa, 10",Roseto degli Abruzzi,,,,,,,,,,,
Casale delle Rose,Bed & Breakfast,http://www.casaledellerosebb.it/,328 679 3175,"Via Colle della Corte, 1 B",Roseto degli Abruzzi,,giuseppe.pietrinferni@gmail.com,https,Joomla,No,Aruba S.p.A.,,,,Sì,No
Le Magnolie B&B,Bed & Breakfast,,328 418 1856,"Via Santa Petronilla, 21",Roseto degli Abruzzi,,,,,,,,,,,
Hotel Narcisi,Hotel,http://www.hotelnarcisi.com/,338 935 7558,"Via Catullo, 2",Roseto degli Abruzzi,,info@hotelnarcisi.com,https,WordPress,No,"Interserver, Inc",,,,Sì,No
Terrazza sul Mare - Ristorante e Banchetti,Ristorante,https://www.terrazzasulmare.eu/,339 620 9957,Località Piana Grande,Roseto degli Abruzzi,,booking@terrazzasulmare.eu,https,WordPress,No,Aruba S.p.A. Network,,,,Sì,No
I Versi del Mare,Bed & Breakfast,,347 345 1233,"Lungomare Trieste, 76",Roseto degli Abruzzi,,,,,,,,,,,
Bed & Breakfast Al Ponte,Bed & Breakfast,,349 636 0147,"Viale del Lago, 30",Scanno,,,,,,,,,,,
Hotel B&B Gianna Roseto degli Abruzzi,Hotel,https://www.hotelgiannaroseto.it/,329 089 9209,"Via Pisa, 9",Roseto degli Abruzzi,,info@hotelgiannaroseto.it,https,WordPress,No,Sconosciuto,,,,Sì,No
Bed and Breakfast Luci a 'mmare,Bed & Breakfast,http://www.luciammare.com/,347 250 9711,"Lungomare Trieste, 32",Roseto degli Abruzzi,,info@luciammare.com,https,WordPress,Sì,Netsons s.r.l.,,,,Sì,No
Executive B&B,Bed & Breakfast,https://www.executiveabruzzobb.com/,327 808 0515,"Via 1 Maggio, 16",Scafa,,info@executiveabruzzobb.com,https,ASP.NET,Sì,Aruba S.p.A. Network,,,,Sì,No
Antica Dimora Fuori Le Mura Ristorante B&B,Ristorante,http://scanno.anticadimorascanno.it/,388 421 1315,Via Don Bosco,Scanno,,info@anticadimorascanno.it,http,Basekit,No,Aruba-Hosting-(Technorail),,,,Sì,No
B&B La Finestra Sui Trabocchi,Bed & Breakfast,http://www.lafinestrasuitrabocchi.it/,0872 320551,"Via Lungomare di Gualdo, 31",Marina di San Vito,,,https,WordPress,No,Sconosciuto,,,,Sì,No
Hotel Margherita,Hotel,http://www.hotelmargheritascanno.com/,0864 74353,"Via Domenico Tanturri, S.da Vincenzo Tanturri, 100",Scanno,,info@hotelmargheritascanno.com,http,ASP.NET,No,Aruba S.p.A.,,,,Sì,No
Palazzo Bruni Relais,Bed & Breakfast,https://www.palazzobrunirelais.com/,333 346 6666,"Via Feltrino, 10",Marina di San Vito,,,https,React,Sì,Sconosciuto,,,,Sì,No
La Chiave dei Trabocchi,Hotel,https://www.lachiavedeitrabocchi.it/,0872 61682,"Contrada Portelle, 77",Marina di San Vito,,info@lachiavedeitrabocchi.it,https,WordPress,Sì,Sconosciuto,,,,Sì,No
B&B Il Nido dell'Oca,Bed & Breakfast,http://www.ilnidodelloca.it/,327 766 6990,"Via Fonte Paduli, 134",Sant'Eusanio del Sangro,,,https,WordPress,No,Sconosciuto,,,,Sì,No
Bed & Breakfast Forconensis,Bed & Breakfast,,0862 810232,"Via del Colle, 6",Sant'Eusanio Forconese,,,,,,,,,,,
B&B Costanza 4,Bed & Breakfast,https://costanza4scanno.it/,350 154 4753,"Viale del Lago, 39",Scanno,,info@costanza4scanno.it,https,Shopify,Sì,Netsons Network,,,,Sì,No
Affittacamere Porta Majella,Alloggi al coperto,https://www.majellando.it/portamajella/,380 345 4075,Piazza del Duomo,San Valentino In Abruzzo Citeriore,,info@majellando.it,https,React,No,Hetzner Online GmbH,,,,Sì,No
Il Nido B&B,Bed & Breakfast,http://www.ilnidocostadeitrabocchi.it/,328 125 8699,"Corso G. Matteotti, 54",San Vito Chietino,,info@ilnidocostadeitrabocchi.it,https,ASP.NET,No,Aruba S.p.A. Network,,,,Sì,No
Affittacamere Locanda Dell Adriatica,Hotel,https://www.locandadelladriatica.it/,388 829 6789,"Largo Olivieri, 5",Marina di San Vito,,info@locandadelladriatica.it,,React,No,Netsons Network,,,,Sì,No
Albergo Centrale Scanno,Hotel,http://www.albergocentralescanno.it/,0864 74332,"Viale del Lago, 1",Scanno,,,https,Shopify,No,"Cloudflare, Inc.",,,,Sì,No
Albergo Belvedere,Hotel,https://albergo-belvedere.comeviaggiare.top/,0864 74314,"Piazza Santa Maria della Valle, 3",Scanno,,,https,WordPress,No,Contabo GmbH,,,,Sì,No
B&B AMERIGO VESPUCCI,Bed & Breakfast,https://www.bbamerigovespucci.it/,327 185 5242,"Via A. Vespucci, 16",Marina di San Vito,,bebvespucci@gmail.com,https,WordPress,No,Aruba S.p.A.,,,,Sì,No
Bed and Breakfast Resort La Valle,Hotel,http://www.resortlavalle.it/index.php/it/,348 439 3753,"Contrada Valle Galelle, 16",Rosciano,,,http,Joomla,No,Aruba S.p.A. Network,,,,Sì,No
Il Rifugio del Lupo Scanno,Ristorante,,0864 238060,SR479,Scanno,,,,,,,,,,,
Villa Carlucci,Intrattenimento e tempo libero,http://www.homeaway.it/,335 841 2439,Via Fontana Vecchia,San Martino Sulla Marrucina,,,https,React,No,Akamai International B.V.,,,,Sì,No
BnB acasaconme,Bed & Breakfast,,327 834 4583,"Via Vigna del, Signore",Lucito,,,,,,,,,,,
La Bouganville di Sante e Rosa,Bed & Breakfast,http://www.bouganville.info/,327 049 5228,"Via Alento, 13",Manoppello Scalo,,,https,WordPress,No,Sconosciuto,,,,Sì,No
B&B Le Masserie,Bed & Breakfast,,0864 87563,"Piazza Umberto I', 3",Villa Scontrone,,,,,,,,,,,
Bed Breakfast La Casa del Mastro,Bed & Breakfast,,339 672 1543,Via Molino Vecchio,Scontrone,,,,,,,,,,,
B&B Andale Suite e Spa,Bed & Breakfast,,334 903 5894,"Via Chieti, 16",Villa San Giovanni,,,,,,,,,,,
B&B Angela,Bed & Breakfast,http://www.bed-and-breakfast-angela.it/,0864 747019,Viale degli Alpini s.n.c.,Scanno,,bbangelascanno@gmail.com,https,React,No,Aruba S.p.A. Network,,,,Sì,No
Agriturismo La Conca (abruzzo)alloggi petfriendly,Agriturismo,http://www.agriturismolaconca.com/,347 334 1208,"SR487, 487",Fonte Santa Croce,,,https,React,No,SystemDNS,,,,Sì,No
Palazzo De Fabritiis,Bed & Breakfast,https://palazzo-de-fabritiis.vederelitalia.top/,347 585 7724,"Via IV Novembre, 3",Rosciano,,,https,React,No,Sconosciuto,,,,Sì,No
Casa Bologna,Ristorante,https://ristorantecasabologna.it/,342 044 7179,Via del Colle,Sant'Eusanio Forconese,,,https,WordPress,No,IONOS SE,,,,Sì,No
Le Focette dell'Orso,Hotel,http://www.lefocette.it/,329 325 1993,"Viale del Lago, 24",Scanno,,,https,Wix,Sì,Sconosciuto,,,,Sì,No
B&B Le Coccinelle,Bed & Breakfast,https://bb-le-coccinelle.italiapaesaggiviaggi.top/,328 123 4574,"via Ennio Flaiano, 15",Rosciano,,,https,React,No,Sconosciuto,,,,Sì,No
Alisma Hotel,Hotel,http://www.alismahotel.it/,0864 870047,Via della Pinetina,Alfedena,,info@alismahotel.it,https,React,No,Aruba S.p.A.,,,,Sì,No
B&B OASI,Bed & Breakfast,http://bnb-oasi-pescara.com.es/,388 342 1390,"Strada Statale 602 Km.45, 450 s.n.c. fraz.Villa Badessa-Cepagatti",Rosciano,,,,Odoo,Non trovato,arsys.es,,,,Stato Non Determinato,No
B&B Villa Tina,Bed & Breakfast,,338 869 9470,"via del Roccolo, 6",Sant'Omero,,,,,,,,,,,
Affittacamere LA PINETA di Angela Spada,Bed & Breakfast,,339 702 3686,"Via Principe di Napoli, 55",Alfedena,,,,,,,,,,,
Il Vicoletto B&B,Bed & Breakfast,http://www.ilvicolettobeb.it/,347 779 1472,Via Casili,Alfedena,,orfeo.colecchi@gmail.com,https,WordPress,No,Sconosciuto,,,,Sì,No
Albergo Leon d'Oro,Hotel,https://albergo-leon-doro.italiavacanzeindimenticabili.top/,0864 87121,"Via Roma, 7",Alfedena,,,https,WordPress,No,Ipxo LLC,,,,Sì,No
Agriturismo Il Casolare Di Nonno Mario.,Agriturismo,http://www.casolarenonnomario.it/,347 931 8785,"Via Santa Maria Arabona, 129",Manoppello,,info@casolarenonnomario.it,https,WordPress,Sì,Sconosciuto,,,,Sì,No
Follow Me B&B,Bed & Breakfast,https://www.followmebedandbreakfast.it/,350 826 4211,"Contrada Piane Sant'Angelo, 116",San Salvo,,followmebedandbreakfast@gmail.com,https,Joomla,Sì,OVH SAS,,,,Sì,No
Monte Bove Home,Bed & Breakfast,,338 398 2670,"Via Monte Bove, 1a",Sante Marie,,,,,,,,,,,
B&B Il Granitino,Bed & Breakfast,,351 578 4475,"Corso Umberto, I 27",Roccacaramanico,,,,,,,,,,,
Dimora Sessanio,Bed & Breakfast,http://www.dimorasessanio.it/,379 237 5791,"Via Benedetta, 5/17",Santo Stefano di Sessanio,,info@dimorasessanio.it,http,WordPress,No,Aruba S.p.A.,56,67,92.00,Sì,No
Ninfea B&B,Bed & Breakfast,,388 256 4751,"Via Chieti, 4",San Giovanni Teatino,,,,,,,,,,,
La Bussola Airport,Bed & Breakfast,,348 192 4227,"Via Amendola, 94/C",San Giovanni Teatino,,,,,,,,,,,
B&B Croft28,Bed & Breakfast,,379 106 8849,"Str. per S. Giovanni Teatino, 28",Chieti,,,,,,,,,,,
Domus Aurea 2.0,Bed & Breakfast,,368 209 026,"Via Vicenza, 7/E",San Giovanni Teatino,,,,,,,,,,,
Villa Elodie,Bed & Breakfast,,347 068 6183,"Via Antonello Da Messina, N.7",Sant'Egidio alla Vibrata,,,,,,,,,,,
Le Case della Posta,Bed & Breakfast,http://www.lecasedellaposta.it/,347 971 6625,"Via Roma, 40",Santo Stefano di Sessanio,,info@lecasedellaposta.it,https,WordPress,No,Netsons,,,,Sì,No
B&B Castellum Furca,Bed & Breakfast,,347 334 2584,"Via Paludi, 25",San Giovanni Teatino,,,,,,,,,,,
B&B Antica Locanda,Bed & Breakfast,,079 194 2445,"Via Giuseppe Garibaldi, 15",Goriano Valli,,,,,,,,,,,
Agricampeggio Colle dei Lupi,Agriturismo,https://www.colledeilupi.it/,333 965 5454,Contrada S.Giacomo,Sant'Eufemia a Maiella,,licia@colledeilupi.it,https,WordPress,No,"Automattic, Inc",76,69,100.00,Sì,No
B&B Bio-Melampo,Bed & Breakfast,https://agriturismo-bio-melampo.guideditalia.top/,371 417 1752,"Str. Vicinale Casette, 19",Ancarano,,,https,WordPress,No,Contabo GmbH,50,85,92.00,Sì,No
Emidio Pepe,Azienda vinicola,http://www.emidiopepe.com/,0861 856493,"Contrada Chiesi, 10",Torano Nuovo,,info@emidiopepe.com,https,WordPress,Sì,Aruba S.p.A.,52,49,85.00,Sì,No
B&B Lu Brihande,Bed & Breakfast,https://www.lubrihande.com/,389 768 4536,Vico Amatuccio,Roccacaramanico,,info@lubrihande.com,https,WordPress,No,Aruba S.p.A. Network,51,63,92.00,Sì,No
B&B Savoia Di Giancarlo Falcucci,Bed & Breakfast,,347 177 9301,Inizio Str. Savoia incrocio con Str. Fontana,San Salvo,,,,,,,,,,,
Albergo Parco della Maiella,Hotel,https://albergoparcodellamaiella.it/,085 73483,"Via Roma, 2",Sant'Eufemia a Maiella,,parcodellamaiella@alice.it,https,WordPress,No,Netsons Network,60,86,92.00,Sì,No
Tenuta Morganti,Vigneto,http://www.tenutamorganti.com/,349 562 0519,"Contrada Frole, 8",Torano Nuovo,,,https,React,No,Google LLC,56,71,83.00,Sì,No
B&B Azzurra,Bed & Breakfast,http://bbazzurra.weebly.com/,328 645 5093,"Strada S. Silvestro, 10",Pescara,,,https,Weebly,Sì,Sconosciuto,75,81,75.00,Sì,No
Agriturismo La Meridiana,Agriturismo,http://www.agriturismolameridiana.it/,338 364 1307,Contrada Santa Maria a Vico,Sant'Omero,,,https,WordPress,Sì,Aruba S.p.A.,53,62,100.00,Sì,No
Le Dimore di Angelo B&B in Maiella,Bed & Breakfast,https://www.bebmaiellaledimorediangelo.it/,348 605 7754,"Via Municipale, 28",Sant'Eufemia A Maiella,,ledimorediangelo@euromense.it,https,Shopify,Sì,ServerPlan,40,78,92.00,Sì,No
Agriturismo Villa Fiore,Agriturismo,https://www.agriturismovillafiore.it/,0861 82103,"Contrada Pretella, 20",Torano Nuovo,,info@villafiore.eu,https,Shopify,Sì,Hetzner,72,99,92.00,Sì,No
B&B Il più bello,Bed & Breakfast,https://bb-il-pi-bello.vacanzeinitalia.top/,340 104 5187,"Via Pier Luigi Nervi, 65",San Salvo,,,https,React,No,Contabo GmbH,60,86,85.00,Sì,No
Locanda del Barone,Ristorante,http://www.locandadelbarone.it/,085 92584,"Contrada Case del Barone, 1",San Vittorino,,info@locandadelbarone.it,https,React,No,Sconosciuto,56,75,85.00,Sì,No
Corte Del Sole,Hotel,http://www.lacortedelsole.com/,0736 812684,Viale dei Mutilati e Invalidi del Lavoro,Ascoli Piceno,,info@lacortedelsole.com,https,Odoo,Sì,Aruba S.p.A.,57,51,100.00,Sì,No
B&B- Il Roma,Bed & Breakfast,,335 769 3071,"Via Roma, 21",Sulmona,,,,,,,,,,,
b&b Il Marchese del grillo,Bed & Breakfast,https://bbilmarchesedelgrillosulmona.top/,327 357 0889,"Via Corfinio, 62",Sulmona,,,https,WordPress,Sì,"Cloudflare, Inc.",72,92,100.00,Sì,No
Lago Verde & Un Letto sul Lago,Ristorante italiano,,333 716 9320,"Scoppito AQ IT, Via Sant'Andrea",Casale,,,,,,,,,,,
La Lanterna. Albergo. Ristorante Specialità Pesce. Pizzeria,Ristorante,https://www.lalanternasilvi.it/,085 935 3322,"Abruzzo, Via S. Antonio, 27",Silvi,,info@lalanternasilvi.it,https,Shopify,Sì,SEEWEB s.r.l.,67,67,83.00,Sì,No
Rifugio Tagliacozzo,Rifugio,,328 302 8622,Via Cappadocia,Tagliacozzo,,,,,,,,,,,
B&B Fonte di Marco,Bed & Breakfast,https://bb-fonte-di-marco.avventurainitalia.top/,329 236 3228,"Corso Umberto, I",Roccacaramanico,,,https,WordPress,No,Ipxo LLC,64,89,85.00,Sì,No
Ospitalità Santo Stefano,Residence,https://ospitalit-santo-stefano.italiavacanzeindimenticabili.top/,0862 931082,"Strada Statale 17, KM 58.285",San Pio delle Camere,,,https,React,No,Ipxo LLC,53,87,92.00,Sì,No
Pecci Ranch,Bed & Breakfast,,347 515 3032,via selve piane,Tagliacozzo,,,,,,,,,,,
B&B Santa Chiara,Bed & Breakfast,http://www.bbsantachiarasulmona.com/,0864 52794,"Via Circonvallazione Orientale, 32",Sulmona,,info@bbsantachiarasulmona.com,http,ASP.NET,No,Aruba S.p.A. Network,100,100,91.00,Sì,No
Albergo Ristorante La Lucciola,Hotel,,0863 6501,"Via Giorgina, 4",Tagliacozzo,,,,,,,,,,,
B&B La Dimora,Bed & Breakfast,http://www.bandbladimora.com/it,0864 567759,"Corso Ovidio, 238",Sulmona,,,https,Joomla,No,"Amazon.com, Inc.",73,77,100.00,Sì,No
Villa Del Poeta,Bed & Breakfast,http://www.villadelpoeta.com/,333 508 7380,"Via Montenero, 20",Sulmona,,,http,Angular,No,Aruba S.p.A. Network,33,49,92.00,Sì,No
B&B Ottocento,Bed & Breakfast,,338 259 1718,"Via del Corso, 10",Spoltore,,,,,,,,,,,
L'Angolo d'Elite,Bed & Breakfast,,366 466 5609,"salita schiavoni, 3",Spoltore,,,,,,,,,,,
B&B Palazzo Antico (Palazzo Iacomini),Bed & Breakfast,,347 363 1000,"Via dei Cordoni, 8, Via G. Matteotti, 13",Tagliacozzo,,,,,,,,,,,
La casa di Flora,Alloggio completo di servizi,,345 225 5480,"Via S. Maria, 11",Spoltore,,,,,,,,,,,
Casa de Campo B&B,Bed & Breakfast,https://casadecampobeb.wordpress.com/,328 711 5971,"Via Trapani, 1",San Giovanni Teatino,,,https,WordPress,No,"Automattic, Inc",79,95,85.00,Sì,No
Villa Francesca,Bed & Breakfast,,349 537 6130,"Via Parini, 25",Spoltore,,,,,,,,,,,
Sei Stelle,Bed & Breakfast,http://www.bbseistelle.com/,320 482 3347,"Piazza Giovanni Minzoni, 8",Sulmona,,,https,React,No,"Squarespace, Inc.",55,60,85.00,Sì,No
B&B Dimora Vico Storella,Bed & Breakfast,,388 115 2910,Vico Storella,Lecce,,,,,,,,,,,
La Pinetina B&B,Alloggi al coperto,,0862 717351,"V. Roma, 123",Scoppito,,,,,,,,,,,
Hotel BluRelda,Hotel,http://www.blurelda.com/,085 930371,"Via Ernesto Romani, 14",Silvi,,info@blurelda.com,https,Shopify,Sì,Semplify Srl,70,97,100.00,Sì,No
B&B La Parigina,Bed & Breakfast,https://www.osterialaparigina.it/?page_id=2,328 745 8342,"Via dei Molini, 1",Tagliacozzo,,,https,WordPress,Sì,Sconosciuto,72,98,92.00,Sì,No
Elena Resort,Hotel,http://www.elenaclubresort.com/,085 935 9900,"Viale Po, 1",Silvi,,info@elenaclubresort.com,https,WordPress,Sì,OVH ISP,55,97,100.00,Sì,No
Ristorante Pizzeria B&B Massari,Ristorante italiano,http://www.ristorantemassari.com/,0862 717216,"Via Roma, 18",Bivio di Scoppito,,,https,WordPress,No,Keliweb S.R.L,49,71,82.00,Sì,No
L'Acero Campestre,Bed & Breakfast,,329 716 8600,"Via S. Fabiano, 5",Scoppito,,,,,,,,,,,
Vico Amato. Residenza,Alloggi al coperto,http://www.vicoamato.it/,348 388 8820,"Vico Amato, 13",Sulmona,,,http,Angular,Sì,"Weebly, Inc.",55,82,83.00,Sì,No
Ostello San Liberatore,Ostello,,327 762 7384,Via Roma,Serramonacesca,,,,,,,,,,,
Osteria la Parigina,Ristorante,http://www.osterialaparigina.it/,0863 68333,"Via dei Molini, 5",Tagliacozzo,,,https,WordPress,Sì,Sconosciuto,64,98,83.00,Sì,No
Casa Pina B&B,Bed & Breakfast,,331 576 1553,"Via Gioacchino di Marzio, 48",Spoltore,,,,,,,,,,,
Dimora Vico dei Nohi B&B,Bed & Breakfast,https://www.hotelsitalic.com/dimora-vico-dei-nohi/,320 480 3120,"Vico dei Nohi, 7",Lecce,,,https,WordPress,No,"Cloudflare, Inc.",100,100,92.00,Sì,No
Hotel Scacco Rosso,Hotel,,0861 843139,"Via Piave, 23",Sant'Egidio alla Vibrata,,,,,,,,,,,
B&B Villa Sofora,Bed & Breakfast,,349 763 0311,"Via Antonio Veneri, 39",Reggio nell'Emilia,,,,,,,,,,,
Affittacamere Dolce Risveglio,Pensione,http://affittacamere-dolce-risveglio.italianeisole.it/,333 133 1281,"Via Roma, 36",Marina,,,http,React,No,Sconosciuto,57,96,83.00,Sì,No
Albergo Ariosto,Hotel,,0522 437320,"Via S. Rocco, 12/D",Reggio nell'Emilia,,,,,,,,,,,
La Tenuta dell' Orta,Agriturismo,http://www.latenutadellorta.it/,085 431 9918,"Via Tufara, 8",Piano D'orta,,,https,Joomla,No,Aruba S.p.A. Network,100,100,100.00,Sì,No
room and breakfast il parco,Bed & Breakfast,,331 215 5219,"Via Martiri di Cervarolo, 11",Reggio nell'Emilia,,,,,,,,,,,
I Casali,Bed & Breakfast,https://beb.it/icasalitagliacozzo,347 926 9790,"Via Camerata, snc",Tagliacozzo,,,https,Typo3,No,Sconosciuto,56,90,100.00,Sì,No
Silver Hotel Residence,Hotel,,0522 953780,"Via Olimpia, 1/R",Bagnolo in Piano,,,,,,,,,,,
Grand Hotel Montesilvano,Hotel,https://www.ghmeurhotels.com/abruzzo/,085 835887,"P.za John Fitzgerald Kennedy, 28",Montesilvano,,info@ghmeurhotels.com,https,Joomla,Sì,Micso s.r.l.,56,59,92.00,Sì,No
B&B Villa Carolina,Bed & Breakfast,,328 844 2820,"Viale della Repubblica, 84",San Valentino In Abruzzo Citeriore,,,,,,,,,,,
Albergo Excelsior,Hotel,http://www.albergoexcelsior.it/,0864 728300,"Via Sacra, 37",Pratola Peligna,,info@albergoexcelsior.it,https,WordPress,No,ServerPlan,55,65,77.00,Sì,No
Albergo Ristorante Gatto D'Oro,Alloggio turistico,https://albergo-ristorante-gatto-doro.dormireinitalia.top/,342 078 4589,"Viale Aldo Moro, 18",Tagliacozzo,,,https,WordPress,No,Sconosciuto,53,90,85.00,Sì,No
B&B Dei Paduli,Bed & Breakfast,https://bebreggioemilia.com/,347 387 8035,"Via Zimella, 77",Reggio nell'Emilia,,info@bebreggioemilia.com,https,React,No,Server Plan S.r.l.,65,69,92.00,Sì,No
Hotel Motel Galaxy Reggio Emilia,Hotel,http://www.hotelmotelgalaxy.it/,0522 950928,"Via Ludwig Van Beethoven, 110/A",Reggio Emilia,,info@hotelmotelgalaxy.it,https,Joomla,Sì,Server Plan S.r.l.,61,70,92.00,Sì,No
B&B Vicoli di Napoli,Bed & Breakfast,http://www.vicolidinapoli.it/,339 871 7765,"Vico Storto Sant' Anna di Palazzo, 21",Napoli,,info@vicolidinapoli.it,https,React,No,Combell NV,50,82,85.00,Sì,No
OLDO AgriPub - Wellness - Agriturismo,Pub,http://www.oldo.it/,351 987 2635,"Via dell'Oldo, 3-1",Cadelbosco di Sopra,,birrificio@oldo.it,https,ASP.NET,Sì,Aruba S.p.A.,37,78,83.00,Sì,No
ARMONIA Bed and Breakfast,Bed & Breakfast,http://www.bbarmonia.it/,335 626 0200,"Via Michele Alboreto, 2",Tortoreto,,bbarmonia@gmail.com,http,WordPress,No,Aruba S.p.A.,56,73,77.00,Sì,No
IL CASALE,Bed & Breakfast,https://ilcasale.tripcombined.com/,328 721 1858,"Via S. Caterina, 210",Vittorito,,,https,React,No,Sconosciuto,57,87,92.00,Sì,No
La Via della Seta B&B,Bed & Breakfast,http://www.laviadellaseta.eu/,333 109 8109,"Via Salvi, 30","Loc. San Tommaso della Fossa, Bagnolo in Piano",,,https,WordPress,Sì,Aruba S.p.A. Network,64,92,92.00,Sì,No
Bed & Basta,Bed & Breakfast,http://www.bedebasta.it/,328 924 1849,"Via Curtatone, 6",Reggio nell'Emilia,,bedebasta@bedebasta.it,https,WordPress,Sì,Sconosciuto,59,74,85.00,Sì,No
Hotel Paradiso,Hotel,http://www.paradisohotel.eu/,333 938 4180,"Viale delle Piane, 62",Torricella Peligna,,,https,Joomla,No,Sconosciuto,65,94,100.00,Sì,No
B&B La Dimora di Maddalena CIN IT067044C1TX3EAT7,Bed & Breakfast,,348 601 5152,"Via Terranova, 19",Tortoreto,,,,,,,,,,,
SoleLuna Trasacco,Bed & Breakfast,https://www.soleluna.info/,338 666 0484,"Via Roma, 40",Trasacco,,,https,WordPress,No,Sconosciuto,69,92,85.00,Sì,No
Residence a Reggio Emilia Pieverossa,Residence,https://www.pieverossa.it/,0522 952573,"Via Str. Vecchia, 13",Bagnolo in Piano,,info@pieverossa.it,https,Shopify,Sì,Aruba S.p.A.,59,63,91.00,Sì,No
La Vedetta Alpina,Hotel,https://vedetta-alpina.bedsandhotels.com/,393 481 2911,Via Sansone,Torricella Peligna,,,https,React,No,Hetzner Online GmbH,76,97,91.00,Sì,No
Villa Mascitti B&B,Bed & Breakfast,https://villamascitti.it/,0861 788168,"Via XX Settembre, 27",Tortoreto,,info@villamascitti.it,https,WordPress,No,Serverplan,64,91,100.00,Sì,No
LaCasaDelleCoseBelle B&B Reggio Emilia,Bed & Breakfast,https://lacasadellecosebel.wixsite.com/lacasadellecosebelle,349 147 0759,"Via Antonio Veneri, 83",Reggio nell'Emilia,,lacasadellecosebelle@gmail.com,https,React,No,Sconosciuto,69,98,92.00,Sì,No
Soleluna,Alloggio per gruppi,https://www.solelunatortoreto.net/,345 169 0909,"Via S. Pellico, 6",Tortoreto Lido,,info@solelunatortoreto.net,https,Shopify,Sì,Sconosciuto,70,95,100.00,Sì,No
CONFIDENCE HOTEL Nova,Hotel,http://www.novahotel.it/,0522 175 1680,"Via Guglielmo Tirelli, 9",Reggio nell'Emilia,,info@novahotel.it,https,WordPress,Sì,Aruba S.p.A. Network,57,70,100.00,Sì,No
Meuble' 21 di Anna,Bed & Breakfast,,333 155 3780,"Viale Risorgimento, 21",Reggio nell'Emilia,,,,,,,,,,,
Agriturismo il Torchio - Vacri Chieti Abruzzo,Agriturismo,http://www.agriturismoiltorchio.com/,0871 720148,"Via Fontanelle, 1",Vacri,,info@agriturismoiltorchio.com,http,ASP.NET,No,Aruba S.p.A. Network,98,91,82.00,Sì,No
B&B Portobello,Bed & Breakfast,,0871 397726,"Via Torre, 202",Torrevecchia Teatina,,,,,,,,,,,
Mé Besito,Bed & Breakfast,,351 996 1638,"Via S. Maria, 130",Ari,,,,,,,,,,,
B&B Villa Lucia,Bed & Breakfast,,380 687 7033,"Via S. Giovanni, 41",Colle San Giovanni,,,,,,,,,,,
Azienda Agrituristica La Giarda,Agriturismo,https://www.lagiarda.it/,328 283 1051,"Via Valeria, km 102/200",Tagliacozzo,,amalia.lagiarda@libero.it,https,Angular,No,Sconosciuto,52,56,92.00,Sì,No
La Valle degli Ulivi,Alloggi al coperto,http://lavalledegliulivi.it/,334 768 3049,"Via Capocroce, 58",Vacri,,info@lavalledegliulivi.it,http,ASP.NET,No,Aruba S.p.A. Network,99,100,82.00,Sì,No
Albergo Ristorante Pizzeria Le Rotte,Ristorante,https://albergo-ristorante-pizzeria-le-rotte.migliorhotel.top/,0522 953317,"Via Provinciale Sud, 9",Bagnolo in Piano,,,https,WordPress,No,Contabo GmbH,63,91,85.00,Sì,No
MOKA,Bed & Breakfast,,389 477 3632,"Frazione Castelferrato, 19",Torrevecchia Teatina,,,,,,,,,,,
B&B Casamelibea,Bed & Breakfast,https://www.casamelibea.it/,392 606 0894,"Via Niccolò, Via Tommaseo, 28",Trasacco,,,https,WordPress,No,Aruba S.p.A.,86,99,92.00,Sì,No
B&B Piagge Di Tornimparte,Bed & Breakfast,http://www.bebpiaggetornimparte.it/,349 852 9895,"Via del Fabbro, 36B",Tornimparte,,,http,ASP.NET,No,Aruba S.p.A. Network,100,100,91.00,Sì,No
AFFITTACAMERE/BEB/ROOMS NANNARE',Bed & Breakfast,https://nannare.it/,347 047 4813,"Rione dei C.L.N, 6 E 7",Reggio nell'Emilia,,nannareggio@gmail.com,https,WordPress,Sì,SEEWEB s.r.l.,63,94,85.00,Sì,No
Ca' da Tollo B&B,Bed & Breakfast,http://www.cadatollo.it/,335 586 0555,"Via degli Ulivi, 49",Cogorno,,cadatollo@gmail.com,https,ASP.NET,No,Sconosciuto,55,55,100.00,Sì,No
Estella Bed & Breakfast,Bed & Breakfast,,388 373 7770,"Via Vaccareccia, 17",Tollo,,,,,,,,,,,
La Cascina per un sogno,Ristorante,http://www.lacascinaperunsogno.com/,0862 728556,"Via Fonte del Papa, 9",Viaro,,reservations@fidalgo.com,https,WordPress,No,Aruba S.p.A.,76,98,85.00,Sì,No
la Casa del Vino - B&B e Appartamenti,Bed & Breakfast,,347 626 7931,"Via Colle della Signora, 10",Tollo,,,,,,,,,,,
B&B Colle Veralli,Bed & Breakfast,http://www.bbcolleveralli.com/,340 344 7852,"Via Acquaviva, 16",Colle Santa Maria,,,https,Shopify,No,"DigitalOcean, LLC",54,55,73.00,Sì,No
B&B a Casa di Manu,Bed & Breakfast,http://acasadimanu.weebly.com/,339 373 8827,"Via Vico II del Corso, 1",Tollo,,,https,Weebly,Sì,Sconosciuto,66,85,83.00,Sì,No
B&B La Vignaiola,Bed & Breakfast,http://lavignaiola.blogspot.com/,0871 360809,"Via dei Frentani, 341",Chieti,,vignaiola@gmail.com,https,React,No,Google LLC,71,94,85.00,Sì,No
Al Convento Bed & Breakfast | Vasto Marina,Bed & Breakfast,,327 364 8736,"Via Alfonso Marchesani, 8",Marina di Vasto,,,,,,,,,,,
Le Stagioni Vasto B&B,Bed & Breakfast,https://lestagionivasto.it/,380 377 2500,"Corso Dante Alighieri, 93",Vasto,,,https,WordPress,No,Aruba S.p.A.,81,96,92.00,Sì,No
Bed & Breakfast Ca' Minarda,Casa di campagna,https://www.caminarda.it/it/,348 792 7641,"Via Minarda, 5",Filetto,,,https,Angular,No,"Amazon.com, Inc.",86,99,100.00,Sì,No
Il Borgo,Hotel,,338 631 8435,Via della Cesa,Fontecchio,,,,,,,,,,,
B&B MAJOR,Bed & Breakfast,,347 479 5525,"Via Ancona, 9",Ascoli Piceno,,,,,,,,,,,
B&B Villa Marianna,Bed & Breakfast,https://www.villamariannavasto.com/,333 549 3461,"Salita Mottagrossa, 1",Vasto,,support@webador.com,https,React,No,Google LLC,71,92,85.00,Sì,No
Villa Giovannozzi,Villa,,+41 76 324 62 37,Strada per Rosara Frazione Monte di,Rosara,,,,,,,,,,,
Dimore D'Avalos Boutique bed & breakfast,Bed & Breakfast,,347 484 5579,"Str. Barbarotta, 47",Vasto,,,,,,,,,,,
B&b Rua dell'Arco 11,Bed & Breakfast,,392 365 6927,"Rua Arco, 11",Ascoli Piceno,,,,,,,,,,,
Le Stanze del Corso,Bed & Breakfast,,345 580 6281,"Corso Giuseppe Mazzini, 203",Ascoli Piceno,,,,,,,,,,,
La Torre Vasto B&B,Bed & Breakfast,https://www.latorrevastobeb.it/,342 199 1906,"Via Sportello, 17",Vasto,,info@latorrevastobeb.it,https,WordPress,No,Server Plan S.r.l.,68,94,100.00,Sì,No
b&b marriett,Hotel,,347 848 4811,"Via S. Angelo, 42",Torino di Sangro,,,,,,,,,,,
CASA VERDE,Hotel,,346 624 5962,"SS5, 13",Tocco da Casauria,,,,,,,,,,,
Poesia d'Abruzzo's apartments and B&B,Bed & Breakfast,,329 236 6077,Contrada Mangiabuono,Tocco Da Casauria,,,,,,,,,,,
Casa Delfico - Ristoro in Famiglia,Ristorante,http://www.casadelfico.it/,0861 554201,"Contrada Piano Delfico, snc, 333, 7009300",Torricella Sicura,,ristorocasadelfico@gmail.com,https,WordPress,No,Sconosciuto,62,91,92.00,Sì,No
B&B Dimora Giosafatti,Bed & Breakfast,https://giosafatti.bedsandhotels.com/,329 156 3223,"Via T.Betuzio Barro, 11",Ascoli Piceno,,,https,React,No,Hetzner Online GmbH,81,99,91.00,Sì,No
B&B La Fontana Dei Cani,Bed & Breakfast,,327 202 8901,"Via Giuseppe Sacconi, 65",Ascoli Piceno,,,,,,,,,,,
Central Vasto Histonium,Bed & Breakfast,https://www.centralapartment.it/property/central-vasto/,371 488 9934,"Via Magnacervo, 3",Vasto,,centralvasto@gmail.com,https,WordPress,No,Google LLC,61,94,85.00,Sì,No
B&B La Capinera,Bed & Breakfast,,328 717 4225,Contrada Fuliana snc,Fontecchio,,,,,,,,,,,
B&B Rocca Ventosa,Bed & Breakfast,https://roccaventosa.it/,375 557 2299,"Via IV Novembre, 6",Tollo,,roccaventosahostel@gmail.com,https,WordPress,Sì,Server Plan S.r.l.,62,75,92.00,Sì,No
B&B Maisonrua,Bed & Breakfast,http://www.bbmaisonrua.it/,320 920 6765,"Rua dei Legnaiuoli, 4",Ascoli Piceno,,maisonruap@gmail.com,https,Shopify,Sì,Aruba S.p.A. Network,43,67,100.00,Sì,No
Bed and Breakfast Casa degli Artisti Poeti,Bed & Breakfast,,327 917 7137,"Via Educandato, 12",Villamagna,,,,,,,,,,,
Cantarelli Bed and breakfast Reggio Emilia,Bed & Breakfast,https://www.cantarellibandb.com/,329 714 9847,"Via Monzermone, 3",Reggio nell'Emilia,,info@cantarellibandb.com,,WordPress,Sì,Aruba S.p.A.,74,49,85.00,Sì,No
bed and breakfast lo scrigno,Bed & Breakfast,,338 640 5992,"Corso Roma, 81",Polinago,,,,,,,,,,,
B&B Canossalpaca,Bed & Breakfast,,338 955 8259,Via Ceredolo dei coppi 149,Canossa,,,,,,,,,,,
Bed & Breakfast Mav Lo Sparviero,Bed & Breakfast,,339 280 2344,"Via case aguzzoli, 6",Baiso,,,,,,,,,,,
B&b la Ca' de ba',Bed & Breakfast,,366 804 5811,"Via savarna bassa, via della bassa, 4a",Savarna,,,,,,,,,,,
Casale Monte Valestra,Bed & Breakfast,http://www.casalemontevalestrabeb.it/,334 180 7978,"Montelago di Valestra, Via Manodori, 1",Carpineti,,,https,WordPress,Sì,Sconosciuto,,,,Sì,No
B&B Des Artistes,Bed & Breakfast,,339 374 0061,"Via E. Zacconi, 19",Albinea,,,,,,,,,,,
Ca' ed Campagna Country House,Hotel,http://www.countryhousegsg.it/,0522 988226,"Via Borgo Visignolo, 92",Baiso,,reservation@countryhousegsg.it,http,WordPress,No,Sconosciuto,,,,Sì,No
Bed & Breakfast Borgo Chiesolina,Bed & Breakfast,,0522 760085,"Via Chiesolina, 2",Viano,,,,,,,,,,,
Luxury B&B '700,Bed & Breakfast,http://www.bedandbreakfast700.it/,347 361 9449,"Via dei Soderini, 10",Ascoli Piceno,,,https,Weebly,No,"Amazon.com, Inc.",40,48,100.00,Sì,No
B&B Valferrara,Bed & Breakfast,,340 156 1417,"Via Valferrara, 3",Carpineti,,,,,,,,,,,
Prà de Mandè,Alloggio turistico,,347 617 9293,"Via Prato Mandeto, 4",Viano,,,,,,,,,,,
B&B La Provenzale,Bed & Breakfast,,342 356 4409,"Via Lusardi, 13",Tornolo,,,,,,,,,,,
B & B Pratopiano,Alloggio completo di servizi,https://b-b-pratopiano.italiatips.top/,339 884 9620,"Località Pratopiano, 5",Toano,,,https,WordPress,No,Contabo GmbH,,,,Sì,No
Cà dei Tigli CIN: IT039014C18ECPMDA8,Bed & Breakfast,https://cadeitigli.it/,340 298 5803,"Via delle Acque, 41",Piangipane,,,https,WordPress,No,Server Plan S.r.l.,,,,Sì,Sì
B&B ANTICA CORTE LUSSINO,Hotel,,339 490 0145,"Loc. Lussino, 1",Campremoldo Sopra,,,,,,,,,,,
B&B il Tartufo,Bed & Breakfast,,393 998 4231,"Case Sozzi, 6",Valmozzola,,,,,,,,,,,
B&B Val Martello,Bed & Breakfast,https://www.valmartello.it/,349 253 9021,"Contrada Val Martello, 12",Villamagna,,info@valmartello.it,https,React,No,Aruba S.p.A.,,,,Sì,No
Albergo Papillon,Hotel,https://www.hotelpapillon.re.it/,0522 241309,"Piazza G. Matteotti, 5",San Polo d'Enza,,infohotelpapillon@gmail.com,https,WordPress,Sì,Sconosciuto,,,,Sì,No
Bed & Breakfast Le Tre Rose,Bed & Breakfast,https://letrerose.tripcombined.com/,324 742 5892,"Strada Comunale, Via Collesecco, 29/C",Tollo,,,https,React,No,Contabo GmbH,,,,Sì,No
La Siesta - Hotel Ristorante,Hotel,http://www.lasiesta-hotel.it/,0873 915363,"Località Caterina Valle, 60",Torino di Sangro,,info@lasiesta-hotel.it,https,Shopify,Sì,Aruba S.p.A. Network,60,56,83.00,Sì,No
Collis Petri Relais,Hotel,https://www.collispetrirelais.com/,388 877 4414,"Via Dietro le Mura, 3",Collepietro,,info@collispetrirelais.it,https,React,Sì,HOSTINGER DE,64,83,92.00,Sì,No
A casa di Elli,Bed & Breakfast,,334 165 4698,"Strada Misano, 11",Piano terra,,,,,,,,,,,
Agriturismo Le Stuoie,Agriturismo,http://www.agriturismolestuoie.it/,0545 58151,"Via Rossetta Sottofiume, 60",Fusignano,,info@agriturismolestuoie.it,http,ASP.NET,No,Aruba S.p.A. Network,,,,Sì,No
B&B La Tana dei Tassi,Bed & Breakfast,http://www.latanadeitassi.it/,331 631 9938,"Via Casette, 115",Castel Trosino,,bb.latanadeitassi@gmail.com,https,Joomla,No,Sconosciuto,,,,Sì,No
Azienda Agrituristica Mandrola,Agriturismo,http://www.agriturismomandrola.it/,0523 952167,"Località Mandrola, 213",Rivergaro,,info@agriturismomandrola.it,http,Mobirise,No,Aruba S.p.A. Network,,,,Sì,No
LIBERTY ROOM AND BREAKFAST,Bed & Breakfast,http://www.libertyroomandbreakfast.it/,0525 193 9176,"Via Montegrappa, 4",Borgo Val di Taro,,libertyborgo@gmail.com,https,React,Sì,Google LLC,,,,Sì,No
La Casa del Sarto - FedericoFarm,Agriturismo,http://www.federicofarm.com/,333 884 1166,Località Grondola Strada Provinciale del Brattello km 8,Pontremoli,,,https,React,Sì,Google LLC,,,,Sì,No
Antico Convento San Francesco,Hotel,https://www.anticoconventosanfrancesco.it/,0545 177 0715,"Via Luigi Cadorna, 10",Bagnacavallo,,info@anticoconventosanfrancesco.it,https,Weebly,Sì,Signet B.V,,,,Sì,No
Agriturismo La Borgaccia,Agriturismo,,0522 843667,"Via, Baiso RE IT",Ca' D'orio,,,,,,,,,,,
B&B Le Glorie,Bed & Breakfast,https://www.bed-and-breakfast.it/it/emilia-romagna/bed-and-breakfast-le-Glorie/36143,0544 521286,"Via Reale, 187",Glorie,,,https,Shopify,Sì,"Amazon.com, Inc.",,,,Sì,No
B&B Valluretta,Bed & Breakfast,https://www.bbvalluretta.it/it/,0523 179826,"Via della Pieve, 8",Momeliano,,,https,React,No,"Amazon.com, Inc.",,,,Sì,No
B&B Costalta,Bed & Breakfast,http://www.costalta.com/,348 511 8531,"Loc. Costalta, 67","Strela, Compiano",,prenotazioni@costalta.com,https,React,Sì,Hetzner Online GmbH,,,,Sì,No
La Vecchia Colonia e La Castagna Matta,Bar,http://www.castagnamatta.it/,0525 999366,"Località Case Mazzetta, 416",Case Mazzetta,,,https,React,No,Google LLC,,,,Sì,No
B&B La Fossa,Bed & Breakfast,https://www.lafossa.eu/,0522 815188,"Via Fossa, 3",Vetto,,bb.la.fossa@gmail.com,https,WordPress,No,Aruba S.p.A.,,,,Sì,No
L'angolo di Betti,Bed & Breakfast,,329 050 7999,"Via Lazzetti, 24",Rivergaro,,,,,,,,,,,
B&B Villa Ciccone,Bed & Breakfast,https://bbvillaciccone.wixsite.com/bbvillaciccone,328 891 3495,"Contrada Sardía, 5",Villamagna,,bbvillaciccone@outlook.it,https,Wix,Sì,Google LLC,,,,Sì,No
R&B Hotel,Hotel,http://www.rbhotel.it/,349 105 3987,"Corso Giacomo Matteotti, 12",Alfonsine,,info@rbhotel.it,https,WordPress,No,Server Plan S.r.l.,,,,Sì,No
Agriturismo l'Angelina,Agriturismo,http://www.langelina.it/,0544 80277,"Via Puglie, 18",Alfonsine,,,https,Joomla,Sì,Aruba S.p.A.,,,,Sì,No
Dimora Decò,Bed & Breakfast,https://www.dimoradeco.it/,333 532 9800,"Corso Giuseppe Garibaldi, 91",Lugo,,info@dimoradeco.it,https,WordPress,No,"DigitalOcean, LLC",,,,Sì,No
Bed and Breakfast da Giulia,Bed & Breakfast,http://www.bbdagiulia.it/,349 752 9700,"Via Luigi Fuschini, 12",Ravenna,,massi@scuoladriftingbologna.it,https,Shopify,No,Aruba S.p.A.,,,,Sì,No
IL CERE,Bed & Breakfast,,379 176 7892,"Strada Salsediana Ovest, 2051",Alseno,,,,,,,,,,,
Bar e Albergo FIORE e Fiocchi,Bar,https://bar-e-albergo-fiore-e-fiocchi.hotelperiviaggi.top/,328 228 2088,"Via Roma, 84",Podenzano,,,https,WordPress,No,Contabo GmbH,,,,Sì,No
B&B Ca' d'Andrea,Bed & Breakfast,,329 168 0537,"Via Provinciale, 48",Valmozzola,,,,,,,,,,,
I Ciliegi B&B,Bed & Breakfast,,347 294 6354,"SP76, 19",Gazzola,,,,,,,,,,,
B&B Casa Mallarino,Bed & Breakfast,http://www.casamallarino.it/,346 025 3507,"Ci troviamo in frazione Campi, 16B",Campi,,info@casamallarino.it,https,WordPress,Sì,Aruba S.p.A,,,,Sì,No
Agriturismo Agronauta,Alloggio con uso cucina,http://www.agronauta.it/,339 130 5679,"Str. Montecanino, 7",Piozzano,,,http,WordPress,No,Sconosciuto,,,,Sì,No
Agriturismo TERRA DEL BOSCO,Agriturismo,,328 715 6667,"Foce d' Agneta, Case sparse n. 22",Sesta Godano,,,,,,,,,,,
Borgo Casale,Bed & Breakfast,http://www.borgocasale.it/,346 965 5397,Località Casale,Albareto,,info@borgocasale.it,https,Wix,No,Sconosciuto,,,,Sì,No
Funghi e Fate,Agriturismo,http://www.funghiefate.com/,328 215 1262,"Gotra, 76",Albareto,,,https,React,Sì,Serverplan s.r.l.,,,,Sì,No
La Maison Deux,Bed & Breakfast,http://www.lamaisondeux.it/,338 659 2528,"Via G. Matteotti, 2",Albinea,,lamaisondeux2@gmail.com,https,Webnode,No,Amazon Technologies Inc.,,,,Sì,No
Bed & Breakfast I Boschi di Fornio,Bed & Breakfast,,349 353 0651,"via fornio, 49",Fidenza,,,,,,,,,,,
Fornace di Montechiaro Bed and Breakfast,Bed & Breakfast,http://www.fornacedimontechiaro.com/,351 859 6371,"Località Fornace di Montechiaro, 85",Rivergaro,,fornacedimontechiaro@gmail.com,https,Wix,Sì,Google LLC,,,,Sì,No
UvaMatta,Agriturismo,https://uvamatta.touritaliani.top/,334 736 3636,"Via Domenico Lusardi, 54",Carmiano,,,https,WordPress,No,Contabo GmbH,,,,Sì,No
Borgo Cadonega Relais & Spa,Hotel,http://www.cadonega.it/,0522 988318,"Via Cadonega, 7",Viano,,info@cadonega.it,https,WordPress,Sì,IONOS SE,,,,Sì,No
Ristorante -Camere La Locanda del Voltigno,Ristorante,,085 846 0003,"Contrada Santa Maria, 10",Villa Celiera,,,,,,,,,,,
Villalfonsina Country House,Hotel,https://www.abruzzoactivities.com/,+46 70 888 26 27,Contrada Campo di Pardo 15,Villalfonsina,,info@abruzzoactivities.com,https,WordPress,No,Sconosciuto,,,,Sì,No
CASA EMILIA B&B Albinea,Bed & Breakfast,,353 472 7615,"Via Giuseppe Garibaldi, 31/1",Albinea,,,,,,,,,,,
B&B Casa Burani,Bed & Breakfast,http://www.casaburani.com/,347 051 7988,"Via A. Motti, 22",Borzano,,info@casaburani.com,https,WordPress,No,Servereasy Srl,,,,Sì,No
B&B Villa Bellaria,Bed & Breakfast,http://www.villabellariabb.it/,338 692 5674,"Strada Fellegara-Mola, 380",Cortina di Alseno,,info@villabellariabb.it,https,React,Sì,Google LLC,,,,Sì,No
Casa del Gigi BnB,Bed & Breakfast,,339 122 1320,"Località Pieve di Campi, 41",Albareto,,,,,,,,,,,
Borgo Sabelli,Bed & Breakfast,https://borgosabelli.wixsite.com/borgosabelli,339 236 7025,"Contrada Piana Sabelli, 22",Casalbordino,,borgosabelli@gmail.com,https,Wix,No,Google LLC,,,,Sì,No
L'Aquilegia B&B,Bed & Breakfast,,0864 89230,"Via Benedetto Virgilio, 141",Villetta Barrea,,,,,,,,,,,
Senza Tempo Room&Breakfast,Bed & Breakfast,http://www.senzatempo-rb.com/,320 278 9442,"Str. del Cantone, 13",Vigolzone,,,https,Wix,Sì,Sconosciuto,,,,Sì,No
VERDENOCE | Bio Agriturismo,Agriturismo,http://www.verdenoce.com/,0522 591184,"Via Venturi, 9",Albinea,,info@verdenoce.com,https,WordPress,No,OVH SAS,,,,Sì,No
Cà le vigne Bed & breakfast,Bed & Breakfast,https://www.calevigne.com/,339 368 4072,"Via Gaetano Bedeschi, 39",Reggio nell'Emilia,,,https,WordPress,No,DA International Group Ltd.,,,,Sì,No
Case Zucchi Bioagriturismo,Agriturismo,http://www.agriturismocasezucchi.it/,0523 182 0774,"Strada Case Zucchi, 218",Castelnuovo Fogliani,,info@agriturismocasezucchi.it,https,WordPress,No,Aruba S.p.A.,,,,Sì,No
Al Gallo Trattoria & Locanda,Hotel,http://www.algalloalfonsine.it/,0544 182 3341,"Piazza Vincenzo Monti, 36/39",Alfonsine,,egalalfonsine@gmail.com,https,WordPress,No,Google LLC,,,,Sì,No
BNBIZ Hotel con Coworking,Hotel,http://www.bnbiz.it/,0523 247274,"Corso Giuseppe Garibaldi, 127",Fiorenzuola d'Arda,,info@bnbiz.it,https,WordPress,No,Aruba S.p.A.,,,,Sì,No
Ca' Restom B&B,Bed & Breakfast,http://www.carestombnb.com/,339 543 1576,"Via Gianbattista Morgagni, 3/5",Reggio nell'Emilia,,,,WordPress,Sì,Aruba S.p.A,,,,Sì,No
B&B New Arcobaleno Ossegna,Bed & Breakfast,https://bb-new-arcobaleno-ossegna.mondoinviaggio.top/,340 290 7027,"Via XXIV Maggio, 5",Ossegna,,,https,WordPress,No,Contabo GmbH,,,,Sì,No
Hotel Stiffe,Hotel,,0862 86218,"67028, Via del Mulino, 3",Stiffe,,,,,,,,,,,
Bed & Breakfast Villa D'Angelo,Bed & Breakfast,http://www.bbvilladangelo.com/,347 785 5285,"Contrada Staffiglione, snc",Montecilfone,,,http,ASP.NET,No,Sconosciuto,,,,Sì,No
Hotel Stella Alpina,Hotel,https://sites.google.com/view/la-stella-di-villalago/home-page,0864 205048,"Via Roma, 8/10",Villalago,,albergostellaalpina23@gmail.com,https,React,No,Sconosciuto,,,,Sì,No
Albergo San Donnino Fidenza,Hotel,,0524 071438,"Via Agostino Berenini, 134",Fidenza,,,,,,,,,,,
Locanda Sant'Ambrogio,Locanda,http://www.locandasantambrogio.eu/,0522 327526,"Via della Tibbia, 2/1",Reggio nell'Emilia,,,http,WordPress,No,Aruba S.p.A.,,,,Sì,No
La Maga del Lago,Bed & Breakfast,,338 785 7625,via Circumlacuale,Villalago,,,,,,,,,,,
B&B Il Ghiro,Bed & Breakfast,https://the-b-b-dormouse.italiapaesaggiviaggi.top/,0864 89493,"Via Benedetto Virgilio, 129",Villetta Barrea,,,https,WordPress,No,Ipxo LLC,,,,Sì,No
Hotel Amica,Hotel,http://hotelamicaparma.com/,0524 758109,"Viale Rimembranze, 6 bis",Salsomaggiore Terme,,info@amicahotel.com,https,React,No,Tilda Publishing Ltd.,,,,Sì,No
"Tolasudolsa Rooms, Breakfast & Mountain Bike",Bed & Breakfast,https://roomsbreakfastmtb.it/,331 294 6881,"Località Sambuceto, 208",Compiano,,info@roomsbreakfastmtb.it,https,Shopify,No,OVH SAS,,,,Sì,No
Borgo dei cervi B&B,Bed & Breakfast,,346 229 2630,"Via Dante Alighieri, 45",Villalago,,,,,,,,,,,
I Laghetti,Bed & Breakfast,,331 417 4975,"Piazza Celestino Lupi, 10",Villalago,,,,,,,,,,,
Room & Breakfast Della Torre,Bed & Breakfast,,342 386 1549,"Via Mazzini, 30",Porretta Terme,,,,,,,,,,,
Hotel Centrale,Hotel,https://www.hotelspretorian.com/hotel-cremona-viale/,0523 835222,Largo Umberto I,Cortemaggiore,,,https,WordPress,No,Sconosciuto,,,,Sì,No
LA CASA DI GIADA Affittacamere uscita autostrada Imola,Bed & Breakfast,,342 554 1754,"V. Bicocca, 16/C",Imola,,,,,,,,,,,
Art Hotel Villetta Barrea,Hotel,http://www.arthotelvillettabarrea.it/,0864 89454,"Via Scanno, 13",Villetta Barrea,,,https,WordPress,No,IT.Gate S.p.A.,,,,Sì,No
L' incrocio,Bed & Breakfast,,377 533 1029,"1°piano: B&B, Via San Vitale, n. 162",Imola,,,,,,,,,,,
B&B La Ca Vecia,Bed & Breakfast,https://www.lacavecia.it/,389 805 1817,"Via S. Pietro, 3",Soragna,,info@lacavecia.it,https,ASP.NET,No,Sconosciuto,,,,Sì,No
Bed & Breakfast “Il Castello di Alberico”,Bed & Breakfast,,371 442 7228,"Via Gesuita, 27/29",Barbiano,,,,,,,,,,,
Il Borgo Del Balsamico s.a.a.s.,Produttore,http://www.ilborgodelbalsamico.it/,0522 598175,"Via Albinea Chiesa, 27",Albinea,,info@ilborgodelbalsamico.it,https,Joomla,Sì,Server Plan S.r.l.,,,,Sì,No
Bruna Bed&Breakfast,Bed & Breakfast,http://www.brunabb.it/,339 879 7614,"Via Tabiano, 26/A",Salsomaggiore Terme,,,https,React,No,Google LLC,,,,Sì,No
B&B I Pioppi,Bed & Breakfast,,347 729 9793,Via Spadarino,Bagnara di Romagna,,,,,,,,,,,
La Cascina Bed & Breakfast,Bed & Breakfast,,338 273 0179,"Via Persicetana, 28",Calderara di Reno,,,,,,,,,,,
B&B Il Glicine Nascosto,Alloggio turistico,,370 372 2537,"Via Celletta, 18",Cotignola,,,,,,,,,,,
Argenta B&B,Bed & Breakfast,,338 271 4885,"Via IV Novembre, 1",Argenta,,,,,,,,,,,
B&B Mulino Marsa,Bed & Breakfast,http://www.mulinomarsa.com/,347 779 9170,Via S. Giuseppe Operaio,Castell'Arquato,,info@mulinomarsa.com,https,WordPress,No,Keliweb,,,,Sì,No
A Casa di Marzia,Bed & Breakfast,https://www.bebreggioemilia.it/,333 858 9115,"Via Medaglie d'Oro della Resistenza, 23",Reggio nell'Emilia,,,https,Angular,Sì,Sconosciuto,,,,Sì,No
LA CASA DAL GIARDINO NASCOSTO,Bed & Breakfast,,333 426 3206,"Via S. Mauro, 18",Solarolo,,,,,,,,,,,
D'Aiano Guest House B&B,Bed & Breakfast,http://www.daianoguesthouse.it/,327 701 5389,"Via Stocchi, 5",Castel d'Aiano,,alberto@daianoguesthouse.it,https,Webnode,No,Amazon Technologies Inc.,,,,Sì,No
Locanda Al Cavaliere,Locanda,,051 690 8686,"Via Fascinata, 2",San Pietro Capofiume,,,,,,,,,,,
Bed & Cooking Ca' Beneventi,Bed & Breakfast,,347 003 5831,"Via A. Piccinini, 4",Crostolo-pareto-ponticelli,,,,,,,,,,,
Hotel degli Olmi,Hotel,http://www.hotel-olmi.it/,0864 89159,"Via Fossato, 33",Villetta Barrea,,info@hotel-olmi.it,https,Shopify,Sì,Aruba S.p.A. Network,,,,Sì,No
Agriturismo La Terzola 3.0,Bed & Breakfast,https://www.laterzola.it/,393 562 5925,"località Terzola, Via S. Protaso",Fiorenzuola d'Arda,,info@laterzola.it,http,WordPress,Sì,Sconosciuto,,,,Sì,No
B&B del Viale,Bed & Breakfast,https://beb.it/delvialeimola,0542 23245,"Viale Andrea Costa, 21",Imola,,,https,Magento,No,"Amazon.com, Inc.",,,,Sì,No
Agriturismo BOSCO DEL FRACASSO,Alloggi al coperto,http://www.boscodelfracasso.com/,0522 856954,"Via Bosco del Fracasso, 20",Scandiano,,info@boscodelfracasso.com,https,ASP.NET,No,Sconosciuto,,,,Sì,No
B&B Ca' Betty,Hotel,,347 783 3604,"Via di Mezzo Ponente, 28",Calderara di Reno,,,,,,,,,,,
Villa Oasi Gran Hotel,Hotel,,051 735264,"Via del Biancospino, 1/1",Anzola dell'Emilia,,,,,,,,,,,
Hotel Italia,Hotel,https://porrettahotelitalia.it/,0534 527758,"Piazza della Libertà, 2",Porretta Terme,,,https,Shopify,No,"Cloudflare, Inc.",,,,Sì,No
B&B La Quercia e il Gelso,Bed & Breakfast,http://laquerciaeilgelso.it/,370 326 6583,"Via Savena Vecchia, 515",San Gabriele-mondonuovo,,laquerciaeilgelso@gmail.com,http,Grav,No,Hetzner Online GmbH,,,,Sì,No
B&B Le Ragazze,Bed & Breakfast,,393 004 7604,"Via dell'Olmo, 13",Sorbara,,,,,,,,,,,
Hotel Parco Fola,Hotel,http://www.hotelparcofola.it/,0522 153 3062,"Via Giuseppe Garibaldi, 17",Albinea,,info@hotelparcofola.it,https,Shopify,No,Sconosciuto,,,,Sì,No
B&B Gabalegra,Bed & Breakfast,,347 222 9007,"Via Piave, 15",Castelluccio,,,,,,,,,,,
B&B Villa Erika,Bed & Breakfast,http://www.villaerikalugo.it/,335 204 427,"Via Provinciale Bagnara, 46",Lugo,,,http,ASP.NET,No,Register.IT S.p.A,,,,Sì,No
Hotel Jolanda,Hotel,https://hoteljolandabellaria.it/,347 910 1898,"Via Merano, 8/10",Bellaria-Igea Marina,,info@hoteljolandabellaria.it,https,WordPress,Sì,Server Plan S.r.l.,,,,Sì,No
B&B Clara's Garden,Bed & Breakfast,https://www.hotelsitalic.com/bb-claras-garden/,349 464 1521,"Strada Provinciale 51, Località Giardino, 3/A",Pavana,,,https,Shopify,No,"Cloudflare, Inc.",,,,Sì,No
agriturismo B&B bed and breakfast Ca' Stanga,Agriturismo,http://www.agriturismocastanga.it/,328 614 4488,"Via Cassoletta, 64a",Calcara,,info@agriturismocastanga.it,https,WordPress,No,NETandWORK s.r.l.,,,,Sì,No
bed and breakfast il giardino,Bed & Breakfast,http://www.bb-ilgiardino.it/,339 450 1441,"Via Savena Vecchia, 95",Baricella,,,https,Squarespace,No,"Amazon.com, Inc.",,,,Sì,No
Hotel Santoli,Hotel,https://www.hotelsantoli.com/,0534 23206,"Via Roma, 3",Porretta Terme,,info@hotelsantoli.com,https,React,Sì,Server Plan S.r.l.,,,,Sì,No
Night&Day Affittacamere di Laura Patuelli,Bed & Breakfast,,347 481 9340,"Via Gaggio, 15",Cotignola,,,,,,,,,,,
JR Hotels Gate7 Bologna,Hotel,https://www.jr-hotels.com/it/collection/jr-hotels-gate-7-bologna,051 720729,"Via G. Garibaldi, 4",Calderara di Reno,,reservation.gate7@jr-hotels.com,https,Joomla,No,Host SpA,,,,Sì,No
Hotel Bertusi,Hotel,http://www.hotelbertusi.it/,0534 22072,"Via Mazzini, 105",Porretta Terme,,info@hotelbertusi.it,https,WordPress,Sì,Server Plan S.r.l.,,,,Sì,No
B&B Garden Loft,Bed & Breakfast,https://housegardenloft.com/,335 824 3717,"Via Europa, 55",Baricella,,,https,Shopify,No,Google LLC,,,,Sì,No
La Corte Del Macero,Bed & Breakfast,http://www.lacortedelmacero.it/,329 372 5619,"Via Emilia Est, 308",Cavazzona,,,https,Joomla,No,Aruba S.p.A.,,,,Sì,No
lassù minihotel home restaurant,Bed & Breakfast,http://www.lassu.org/,344 520 0268,"Loc, Serretto, 32",Alto Reno Terme,,,https,WordPress,No,"Automattic, Inc",,,,Sì,No
Colleverde B&B Zola Predosa,Bed & Breakfast,http://www.colleverdebeb.it/,051 754332,"Via Colleverde, 23/1",Zola Predosa,,,http,WordPress,No,Aruba S.p.A.,,,,Sì,No
Park Hotel,Hotel,http://www.parkhotelscanno.it/,0864 74624,"Viale della Riviera, 6",Villalago,,info@parkhotelscanno.it,https,WordPress,No,Sconosciuto,,,,Sì,No
La Casa di Biba,Bed & Breakfast,,348 659 2671,"Via Schiantamantello, 4",Sant'Agata sul Santerno,,,,,,,,,,,
Cà Gennara bed & breakfast,Bed & Breakfast,http://www.cagennara.com/,338 274 7679,"Località Cà Gennara, 18",Capugnano,,info@cagennara.com,https,Wix,Sì,Google LLC,,,,Sì,No
Agriturismo Ca' Nuova,Agriturismo,http://www.agricanuova.it/,051 661 0482,"Via Canaletto, 46",Minerbio,,info@agricanuova.it,http,React,Sì,Google LLC,,,,Sì,No
Agriturismo Sabidor,Agriturismo,,328 706 8134,"Via Travallino, 34",Baricella,,,,,,,,,,,
B&B La Corte delle Civette,Bed & Breakfast,https://www.lacortedellecivette.it/,340 463 0602,"Via Bassana, 180",Soliera,,lacortedellecivettee@gmail.com,https,React,No,Aruba S.p.A. Network,,,,Sì,No
Il terrazzo sul tramonto - Bastiglia (MO),Pensione,https://ilterrazzosultramonto.it/,345 436 1980,"Via Borsara, 9C",Bastiglia,,info@ilterrazzosultramonto.it,https,Shopify,No,Aruba-Hosting-(Technorail),,,,Sì,No
I Bócci,Bed & Breakfast,https://i-bcci.italiacongusto.top/,391 170 6883,"Via Montefenaro, 21",Castel d'Aiano,,,https,React,No,Ipxo LLC,,,,Sì,No
Bed & Breakfast Anzola,Bed & Breakfast,https://bed-breakfast-anzola.camerainitalia.top/,328 977 1720,"casa singola, Via XXV Aprile, 7",Anzola dell'Emilia,,,https,WordPress,No,Contabo GmbH,,,,Sì,No
B&B Casa Bruzio,Bed & Breakfast,,327 340 7933,"Via Nilde Iotti, 16",San Giorgio di Piano,,,,,,,,,,,
B&B Il Guado,Bed & Breakfast,https://bb-il-guado.camerainitalia.top/,348 911 4791,"Via IV Novembre, 16",Gualdo,,,https,WordPress,No,Contabo GmbH,,,,Sì,No
Hotel Marina,Hotel,http://www.hmarina.it/,0547 85606,"Viale Giulio Cesare, 53",Gatteo a Mare,,info@hmarina.it,https,WordPress,No,Aruba S.p.A.,,,,Sì,No
Bed & Breakfast - Ostello Oasi La Rizza,Bed & Breakfast,,338 471 6668,"Via Bassa degli Albanelli, 7",Bentivoglio,,,,,,,,,,,
MalaMù BnB Eventi,Bed & Breakfast,https://www.malamubnbeventi.com/,334 366 0807,"Via Pepoli, 19",Zola Predosa,,info@malamubnbeventi.com,https,WordPress,No,Aruba S.p.A. Network,,,,Sì,No
B&B Villa dei Cigni Reali,Bed & Breakfast,https://beb.it/villadeicignireali,333 140 8840,"Via Marchiona, 10a",Carpi,,,https,Typo3,No,"Amazon.com, Inc.",,,,Sì,No
Residence Il Villaggio,Appartamento vacanze,http://www.residenceilvillaggio.com/,0541 345284,"Via Umberto Giordano, 3",Bellaria-Igea Marina,,info@residenceilvillaggio.com,https,React,Sì,Sconosciuto,,,,Sì,No
B&B Dolce Vita,Bed & Breakfast,https://beb.it/dolcevita,392 397 0668,"Via Scalone, 1",Malalbergo,,,https,Angular,No,"Amazon.com, Inc.",,,,Sì,No
Maison Rebecca,Bed & Breakfast,,375 843 9991,"Via Curta Santa Chiara, 7",Carpi,,,,,,,,,,,
Hotel Rosy di volpehotels,Hotel,http://www.volpehotelsrimini.com/,346 071 9674,"Via Quinto Orazio Flacco, 31",Bellaria-Igea Marina,,booking@volpehotelsrimini.com,https,React,No,Keliweb,,,,Sì,No
B&B Real Pidkova,Hotel,https://www.bbrealpidkova.com/,333 560 4646,"Via Canaletto, 34",Bastiglia,,pariderebecchi@rgpsrl.it,https,Shopify,No,Register.it-Hosting,,,,Sì,No
Ciccilia B&B,Bed & Breakfast,http://www.ciccilia.it/,338 393 2580,"Via S. Marino, 13",Granarolo dell'Emilia,,info@ciccilia.it,http,React,No,SEEWEB s.r.l.,,,,Sì,No
SEGUZZONE 37 b&b,Bed & Breakfast,,+33 7 70 79 31 61,"Località Seguzzone, 37",Sala Mandelli,,,,,,,,,,,
Hotel Ducale Bellaria Igea Marina,Hotel,,333 931 0561,"Via Tevere, 10",Bellaria-Igea Marina,,,,,,,,,,,
Agriturismo Fondo Gesù,Agriturismo,,051 829320,"Via Matteotti, 37",Sala Bolognese,,,,,,,,,,,
Bell Suite Hotel,Bed & Breakfast,https://www.bellsuitehotel.com/,392 652 0908,"Via Cristoforo Colombo, 11",Bellaria-Igea Marina,,,https,React,No,Google LLC,,,,Sì,No
Appunti Di Viaggio Di Tripodi Rita Room snd breakfast,Bed & Breakfast,http://www.bbappuntidiviaggio.it/,051 281 2527,"Via Beretta, 10",San Giorgio di Piano,,,http,Drupal,No,Sconosciuto,,,,Sì,No
B&B Casale la Decima,Bed & Breakfast,http://www.casaleladecima.it/,347 126 4614,"Via Cantapoiana, 5/b",Budrio,,info@casaleladecima.it,https,WordPress,No,Aruba S.p.A.,,,,Sì,No
B&B La casa di via Appia,Bed & Breakfast,https://b-b-the-house-in-via-appia.dormireinitalia.top/,334 991 4343,"Via Appia, 68",Imola,,,https,React,No,Contabo GmbH,,,,Sì,No
B&B Il Naviglio,Bed & Breakfast,https://bb-il-naviglio.camerainitalia.top/,339 502 5404,"31, Via Borsara",Bastiglia,,,https,React,No,Sconosciuto,,,,Sì,No
Le Cardinal,Ristorante,http://www.lecardinal.it/,059 815460,"Via Canaletto, 23",Modena,,info@lecardinal.it,https,Joomla,No,Sconosciuto,,,,Sì,No
Hotel Graziella,Hotel,http://www.hotel-graziella.com/,0541 331652,"Via D. G. Giovenale, 3",Bellaria-Igea Marina,,info@hotel-graziella.com,https,React,Sì,Sconosciuto,,,,Sì,No
B&B Dimora di Corano,Bed & Breakfast,http://www.dimoradicorano.it/,0523 860067,"Str. Corano, 113",Corano,,info@dimoradicorano.it,http,React,No,Sconosciuto,,,,Sì,No
B&B Dalla Licia,Bed & Breakfast,,339 547 8564,"Via Boves, 2",San Giorgio di Piano,,,,,,,,,,,
Casa vacanze colline Oltrepo',Hotel,,339 562 0152,"di Caminata, Via Canova 1- Cà Nova di Caminata (PC) Strada Provinciale 160, Via Canova 1- Cà Nova",Torre Gandini,,,,,,,,,,,
B&B Le Palme,Bed & Breakfast,,389 993 6429,"Via Rotonda Segnatello, 3/3",Bentivoglio,,,,,,,,,,,
Casa Rachele,Bed & Breakfast,,347 007 2804,"Via Giuseppe Buroni, 18",Pianello Val Tidone,,,,,,,,,,,
Zola Centro,Bed & Breakfast,,327 215 2604,"Via Mameli, 2",Zola Predosa,,,,,,,,,,,
B&B L'Alberone,Bed & Breakfast,https://www.alberone.net/,349 643 3663,"Via Mingarano, 23",Budrio,,info@alberone.net,https,Joomla,Sì,Sconosciuto,,,,Sì,No
B&B Antico Mulino,Bed & Breakfast,http://www.anticomulino-bnb.it/,338 540 5716,"Località Roncorozzo, 73",Camugnano,,info@anticomulino-bnb.it,https,WordPress,Sì,Host SpA,,,,Sì,No
Turismo Ristorazione - Steak House - Bed & Breakfast -,Steakhouse,http://www.ristoranteturismo.com/,059 826774,"Str. Cave di Ramo, 107",Modena,,info@ristoranteturismo.com,https,WordPress,No,Sconosciuto,,,,Sì,No
Dante's House,Bed & Breakfast,https://www.bebdante.it/,351 700 2703,"Piazza Dante Alighieri, 29",Modena,,,https,React,No,"Amazon.com, Inc.",,,,Sì,No
Villa il Selvatico,Bed & Breakfast,http://villailselvatico.it/,333 207 9563,"Via Mascherino, 2",San Giorgio di Piano,,info@villailselvatico.it,https,WordPress,Sì,ServerPlan,,,,Sì,No
B&B La Minella,Bed & Breakfast,,0534 23272,"Località, Minella, 251",Porretta Terme,,,,,,,,,,,
B&B Quattrol,Bed & Breakfast,http://quattrol.eu/,348 590 4535,"Via S. Clemente Valle, 9/B",Bastiglia,,info@quattrol.eu,http,Angular,No,ABDns-Hosting,,,,Sì,No
B&B Pitstop,Bed & Breakfast,,051 734713,"Via Emilia, 22",Anzola dell'Emilia,,,,,,,,,,,
CASTELLO D'ARGILE HOTEL,Hotel,https://www.hotelcastellodargile.it/,051 977814,"Via dei Falegnami, 3",Castello d'Argile,,info@hotelcastellodargile.it,https,ASP.NET,Sì,Semplify Srl,,,,Sì,No
Prati dei Campassi,Bed & Breakfast,,333 390 7082,"Loc. Predario, 26",Bardi,,,,,,,,,,,
Arcadia Agriturismo,Agriturismo,https://www.arcadia-agriturismo.it/,051 813176,"Via Cornetta, 491",San Pietro in Casale,,info@arcadia-agriturismo.it,https,WordPress,No,Aruba S.p.A.,,,,Sì,No
Albergo La Conchiglia,Bed & Breakfast,http://www.laconchigliahotel.it/,0541 347464,"Via Dalmazia, 12",Bellaria-Igea Marina,,info@laconchigliahotel.it,https,React,Sì,Sconosciuto,,,,Sì,No
La Compagnia Bed And Breakfast,Bed & Breakfast,http://www.lacompagniabb.it/,0546 53158,"Via Gaiano Casanola, 123",Solarolo,,,https,WordPress,Sì,Aruba S.p.A.,,,,Sì,No
Porta Mazzini Central Rooms,Bed & Breakfast,,320 749 9824,"Via Giuseppe Mazzini, 39",Bagnacavallo,,,,,,,,,,,
B&B Ca'ssoletta 56,Bed & Breakfast,,051 963011,"Via Cassoletta 56, Calcara","Crespellano, Valsamoggia",,,,,,,,,,,
B&B La Casa di Klida,Bed & Breakfast,,348 305 4331,"Via Bassa Superiore, 4/2",Malalbergo,,,,,,,,,,,
Art Hotel La Perla,Hotel Resort,http://www.laperlahotel.it/,0541 344287,"Via Spalato, 9",Bellaria-Igea Marina,,,https,Shopify,No,OVH ISP,,,,Sì,No
L.ADY HOME,Bed & Breakfast,https://www.bbladyhome.it/?utm_source=google&utm_medium=wix_google_business_profile&utm_campaign=5427899807717404116,333 904 5880,"Via Ermete Zacconi, 1/6",Bologna,,adri_40_adri@yahoo.com,http,React,No,Google LLC,,,,Sì,No
Affittacamere Villa tigli,Bed & Breakfast,https://www.villatigliargelato.it/,348 786 0931,"Via dei Tigli, 42",Argelato,,,https,Magento,No,"Amazon.com, Inc.",,,,Sì,No
Fattoria Corte Roeli,Hotel,https://fattoriacorteroeli.it/,349 220 8048,"Via Nazionale, 387 40051",Pegola,,info@fattoriacorteroeli.it,https,WordPress,Sì,Amazon Technologies Inc.,,,,Sì,No
B&B Casa Berbera,Bed & Breakfast,,339 388 2515,"Località Bocchè di Mezzano Scotti di Bobbio (PC) - SP65 - Strada Banini - Bonelli - Casa Berbera, Località Bocché, 21",Bobbio,,,,,,,,,,,
agriturismo la torre,Hotel,http://www.agriturismolatorre.eu/,051 863374,"Via Storta, 4",Argelato,,latorreorsoni@gmail.com,https,WordPress,No,Aruba S.p.A.,,,,Sì,Sì
Hotel Villa Rossi,Hotel,https://www.hotelvillarossi.it/,0541 330271,"Via P. M. Virgilio, 110",Bellaria-Igea Marina,,info@hotelvillarossi.it,https,WordPress,Sì,Sconosciuto,,,,Sì,No
B&B La Volta,Bed & Breakfast,,347 941 9007,"Località Volta di Gazzo, 91",Bardi,,,,,,,,,,,
Hotel Garden Bologna,Hotel,https://hotelgardenbologna.com/,051 1990 0329,"Via Emilia, 29",Valsamoggia,,info@hotelgardenbologna.com,https,WordPress,No,Shodan: cpcalendars.wwwnl1-sr104.supercp.com,,,,Sì,No
Bed & Breakfast Case Osti,Bed & Breakfast,http://www.bedandbreakfast-caseosti.it/,391 170 0998,"Via Lame, 28/1",Trebbo,,caseosti@gmail.com,https,React,No,Sconosciuto,,,,Sì,No
La Cascina del Balsamico b&b e Acetaia,Bed & Breakfast,https://www.anticamoka.it/,338 705 2776,"Via Olmo, 29",Gaggio,,info@anticamoka.it,https,Joomla,Sì,Aruba S.p.A.,,,,Sì,No
Hotel Villa Claudia,Hotel,https://www.hotelvillaclaudia.it/?utm_source=google&utm_medium=mybusiness&utm_campaign=My%20business,0541 345066,"Via Bolzano, 16",Bellaria-Igea Marina,,,https,WordPress,No,Serverplan s.r.l.,,,,Sì,No
B&B SASSO DI ROCCA,Bed & Breakfast,https://beb.it/preview/index.cfm?ids=63629&tipos=bbit&lingua=it,377 466 2208,"Via 3 Novembre 43, Via Giuliano Giordani, 64",Gaggio Montano,,,https,WordPress,No,Sconosciuto,,,,Sì,No
Agriturismo La Budriola,Agriturismo,http://www.labudriola.it/,051 686 1889,"Via Budriola, 9",Bologna,,info@labudriola.it,https,Shopify,Sì,Semplify Srl,,,,Sì,No
B&B Pietracervara,Bed & Breakfast,,0525 71370,"Loc. Pietracervara, 97",Bardi,,,,,,,,,,,
Casetta 56 - B&B a Bagnacavallo (Ravenna),Bed & Breakfast,,340 341 1405,"Via Chiusa, 56",Bagnacavallo,,,,,,,,,,,
Medieval Village b&b,Bed & Breakfast,http://medievalvillage.it/,339 233 2613,"via Cassagna, 27",Ne,,,https,WordPress,No,Aruba S.p.A.,,,,Sì,No
B&b Boblin blu,Bed & Breakfast,,340 227 5163,"Località Maiolo, 46",Bettola,,,,,,,,,,,
B&B Albachiara,Bed & Breakfast,,347 323 4389,"Localita' Osacca, 247",Bardi,,,,,,,,,,,
Albergo Residence Al Passatore,Hotel,,348 821 3966,"Via Ravarino Carpi, 113",Sorbara,,,,,,,,,,,
B&B Costa di Campello,Bed & Breakfast,http://www.costadicampello.it/,0525 71398,Località Costa di,Bardi,,,https,React,No,Aruba S.p.A. Network,,,,Sì,No
B&B Al Mostarolo,Bed & Breakfast,,333 195 9242,"Località Mostarolo, 23",Berceto,,,,,,,,,,,
Cà bianca affitta camere,Bed & Breakfast,https://bb-ca-bianca.albergo.top/,375 548 8620,"Via Grilli, 3",Lugo,,,https,React,No,Contabo GmbH,,,,Sì,No
B&B Le Ripe,Bed & Breakfast,https://www.bbleripe.it/,338 749 9553,"Via Ripe di Cotignola, 4",Lugo,,,https,Typo3,No,"Amazon.com, Inc.",,,,Sì,No
B&B Dany,Bed & Breakfast,https://bb-dany.alberghiinitalia.top/,335 135 5786,"Via Contarini, 9",Bagnacavallo,,,https,WordPress,No,Contabo GmbH,,,,Sì,No
B&B Tamburini,Bed & Breakfast,http://www.bedandbreakfastcotignola.it/,338 686 9783,"Via Roma, 15",Cotignola,,,http,ASP.NET,No,Aruba S.p.A. Network,,,,Sì,No
Hotel - Albergo - Casa per ferie del Seminario Vescovile di Bedonia,Hotel,https://www.seminariobedonia.it/accoglienza/,0525 824420,"Via Don S.Raffi, 30",Bedonia,,info@seminariobedonia.it,https,WordPress,No,Seeweb s.r.l.,,,,Sì,No
Villa San Donino - Ristorante,Ristorante,http://www.villasandonino.it/,348 497 2337,"Via Centese, 278",Volta Reno,,,https,WordPress,Sì,Netsons Network,,,,Sì,No
Hotel Ala d'Oro,Hotel,https://www.hotelaladoro.it/,0545 22388,"Galleria Giacomo Matteotti, 56",Lugo,,info@aladoro.it,https,WordPress,Sì,Aruba S.p.A.,,,,Sì,No
La Casa di Pilar,Alloggio completo di servizi,,335 587 2668,Via S. Baronzano,Cotignola,,,,,,,,,,,
Hotel Wega,Hotel,https://www.hotelwega.com/,327 328 6816,"Via Mauro Elios, 18",Bellaria-Igea Marina,,,https,Shopify,No,Google LLC,,,,Sì,No
Casa Laderchi - Room & Breakfast,Bed & Breakfast,https://casaladerchi.it/,389 070 2750,"Via Provinciale Prada, 11",Russi,,info@casaladerchi.it,https,WordPress,Sì,Host SpA,,,,Sì,No
La Dama Room&Breakfast,Bed & Breakfast,http://www.ladamaroom.it/,351 894 5515,VIA GIOTTO 3A GODO DI RUSSI 48026,Godo,,ladamaroom@gmail.com,https,Shopify,Sì,OVH SAS,,,,Sì,No
Agriturismo Il Cucco,Ristorante,http://www.ilcucco.it/,051 660 1124,"Via Nazionale, 83",Altedo,,,https,ASP.NET,Sì,NETEN,,,,Sì,No
Ristorante Bue Rosso,Ristorante,,0525 72260,"Piazza Martiri D'Ungheria, 10",Bardi,,,,,,,,,,,
La Casa sul Poggio,Agriturismo,http://www.lacasasulpoggio.it/,347 695 9716,"Via Costigliola, 8",Santo Stefano d'Aveto,,info@lacasasulpoggio.it,https,WordPress,No,Aruba S.p.A. Network,,,,Sì,No
Il pozzo e la macina romantic country-chic b&b,Bed & Breakfast,https://www.bbilpozzoelamacina.it/,347 841 5234,"Località Fornace, 194",Bardi,,info@bbilpozzoelamacina.it,https,WordPress,Sì,Google LLC,,,,Sì,No
Hotel Acquamarina,Hotel,https://www.hotel-acquamarina.it/?utm_source=google&utm_medium=organic&utm_campaign=mybusiness,0541 331882,"Via P. M. Virgilio, 106",Bellaria-Igea Marina,,,https,WordPress,Sì,Sconosciuto,,,,Sì,No
Ca' del Grano,Albergo benessere,https://www.cadelgrano.it/,327 732 2836,"Via S. Francesco, 5",Bardi,,info@cadelgrano.it,https,React,Sì,Hostinger International Limited,,,,Sì,No
B&b Casa Pratina,Bed & Breakfast,,331 729 5205,Viottolo Basso,Campegine,,,,,,,,,,,
Hotel Select - Sant’Ilario d’Enza,Hotel,,0522 902108,"Via Brunetto Ferrari, 7G",Sant'Ilario d'Enza,,,,,,,,,,,
VILLA CANAPA,Bed & Breakfast,,340 877 4877,"Via Madonna, 70",Campogalliano,,,,,,,,,,,
la Brunita,Bed & Breakfast,,366 924 5560,"Via Secchia, 2",Rubiera,,,,,,,,,,,
La Casina B&B,Bed & Breakfast,,351 091 4861,Via dei Navigatori,Schiavonea,,,,,,,,,,,
Borgo BiancoMatilde - Ristorante & Boutique Hotel,Ristorante,,380 777 4120,"Via Graziani, 1",Casina,,,,,,,,,,,
La Locanda dei Cavalieri,Bed & Breakfast,http://www.lalocandadeicavalieri.it/,348 313 1536,"Via Ca Ciani, 1",Lugagnano Val d'Arda,,asdsassonero@gmail.com,http,ASP.NET,Sì,"Soluciones Corporativas IP, SL",,,,Sì,No
Azienda Agrituristica Riserva del Re,Agriturismo,,0522 609854,"Via della Braglia, 1/A",Casina,,,,,,,,,,,
B&B la Grigliata,Bed & Breakfast,https://www.lagrigliata.com/bed-breakfast-lagrigliata/,366 154 5832,"Via Casadio, 31",Casadio,,info@lagrigliata.com,https,React,Sì,Server Plan S.r.l.,,,,Sì,No
La Casetta Di Cotignola di Tiziano Balzarotti,Bed & Breakfast,https://lacasettadicotignola.altervista.org/,377 114 5788,"Via M. D'Azeglio, 28",Cotignola,,,https,WordPress,Sì,Hetzner Online GmbH,,,,Sì,No
RHI Porta Bologna,Hotel,https://www.rhiportabologna.it/,051 686 1070,"Via Ponte Nuovo, 42",Pieve di Cento,,info@rhiportabologna.it,https,WordPress,Sì,Aruba S.p.A.,,,,Sì,No
hotel riviera,Hotel,,0522 668164,"Str. Riviera, 11/13",Novellara,,,,,,,,,,,
Antica Osteria La Colomba,Ristorante,https://www.lacolombahotel.it/,0525 71557,"Località Tolarolo, 206",Varsi,,,https,React,No,Google LLC,81,96,100.00,Sì,No
BorgoGuerzano77,Bed & Breakfast,,346 894 0621,Via Vigo Guerzano 77,Camugnano,,,,,,,,,,,
Bed & Breakfast Le Noci,Bed & Breakfast,,0522 661343,"Via Canolo, 2",Cognento di Campagnola Emilia,,,,,,,,,,,
PALAZZO MINELLI,Bed & Breakfast,http://www.palazzominelli.it/,348 388 1241,"Via Reatti, 7",Bologna,,info@palazzominelli.it,https,React,Sì,VHosting,,,,Sì,No
CASCINA ANTICHE TERRE,Bed & Breakfast,,350 177 5370,"Via Giacomo Matteotti, 47",Case Cocconi,,,,,,,,,,,
Agriturismo La Cascinetta,Agriturismo,http://www.lacascinetta.com/,051 973674,"Via Carbonara, 19",Pieve di Cento,,,https,Joomla,No,"Amazon.com, Inc.",67,97,100.00,Sì,No
Hotel Raffaello,Hotel,https://www.hotel-raffaello.com/,0541 330761,"Via Quinzio Atta, 10",Bellaria-Igea Marina,,info@hotel-raffaello.com,https,WordPress,Sì,ServerPlan,,,,Sì,No
Il Rifugio del Cuore,Bed & Breakfast,,0523 900119,"Località Costa, di",Groppo Ducale,,,,,,,,,,,
Lanterna R&B,Bed & Breakfast,https://www.lanternacarpi.it/,059 867 6353,"Via Giordano Bruno, 31",Carpi,,info@lanternacarpi.it,https,Shopify,Sì,Aruba S.p.A.,59,92,91.00,Sì,No
Albergo Ristorante La Vecchia Quercia,Hotel,http://www.albergolavecchiaquercia.it/,0523 911233,"Via Gino Bianchi, 1",Bettola,,,http,ASP.NET,No,Aruba S.p.A. Network,92,100,92.00,Sì,No
BeB Piano B,Bed & Breakfast,https://www.panevino.pub/beb-piano-b/,338 534 0017,"Via Risorgimento, 28",Pieve di Cento,,beb.pianob@gmail.com,https,WordPress,No,Aruba S.p.A.,68,89,100.00,Sì,No
B&B Casa della Musica,Bed & Breakfast,,338 415 0619,"Via Monte, Loc.Casola di Mezzo, 30",Vezzano sul Crostolo,,,,,,,,,,,
Antico Casale Caroli,Hotel,http://www.anticocasalecaroli.it/,370 341 8529,"Via Canalino, 1",Gattatico,,info@anticocasalecaroli.it,https,Shopify,Sì,Netsons s.r.l.,64,81,100.00,Sì,No
Hotel Sporting,Hotel,https://www.nuovohotelsporting.it/,0522 750006,"Via G. Fontanesi, 2",Campagnola Emilia,,info@nuovohotelsporting.it,https,Joomla,Sì,Server Plan S.r.l.,55,53,92.00,Sì,No
CASA PAOLA,Bed & Breakfast,,348 768 1575,"Via A. Gramsci, 7",Sala Bolognese,,,,,,,,,,,
B&B Ai Prati,Bed & Breakfast,http://www.aiprati.it/,380 208 3404,Stradello Basso,Lesignana,,,https,Magento,No,"Amazon.com, Inc.",70,94,100.00,Sì,No
Best Western Hotel Modena District,Hotel,http://www.modenadistrict.it/,059 851505,"Via del Passatore, 160",Campogalliano,,info@modenadistrict.it,https,ASP.NET,Sì,Amazon Technologies Inc.,37,55,85.00,Sì,No
B&B Villa Rossana,Bed & Breakfast,,339 812 7638,"Via Monchio di Mulazzano, 6",Lesignano de' Bagni,,,,,,,,,,,
Royal - Camere & Colazione,Bed & Breakfast,https://beb.it/royalmodena/it/,059 528768,"Str. Lesignana, 161",Modena,,,https,Typo3,No,"Amazon.com, Inc.",90,99,100.00,Sì,No
Villa Tre Angeli,Bed & Breakfast,http://villatreangeli.com/,329 722 0190,"Via Roma, 37",Bedonia,,villatreangeli@gmail.com,https,React,No,Wix,62,87,100.00,Sì,No
La Villa delle Rose - Affittacamere a Carpi,Bed & Breakfast,http://villa-delle-rose.amenitiz.io/,338 828 8183,"Via Della Rosa Parte Est, 35",Carpi,,dot.mon@tiscali.it,https,React,No,"Cloudflare, Inc.",44,41,83.00,Sì,No
Aden B&B,Bed & Breakfast,,328 342 1820,"Via San Cristoforo, 59D",San Matteo della Decima,,,,,,,,,,,
B&B La Costa,Bed & Breakfast,,0522 607421,"Via Mulino di Cortogno, 21",Casina,,,,,,,,,,,
B&B Monpoupon,Bed & Breakfast,http://www.monpoupon.it/,0523 857411,"Strada provinciale, 19",Groppovisdomo,,,https,Angular,No,"Amazon.com, Inc.",68,92,100.00,Sì,No
Valdenza Hotel,Hotel,http://www.valdenzahotel.it/,0522 676675,"Via P. Nenni, 2",Caprara,,,http,WordPress,Sì,Aruba S.p.A.,72,95,83.00,Sì,No
B&B Camelia,Bed & Breakfast,,320 393 9261,"Capanne Vigaia 13, 17",Camugnano,,,,,,,,,,,
B&B Km 198 - Room&Breakfast,Bed & Breakfast,http://www.bbkm198.it/,351 678 6298,"Via Nazionale, 35",Bomporto,,bbkm198@gmail.com,https,WordPress,No,Sconosciuto,,,,Sì,No
Agriturismo San Giuseppe,Agriturismo,http://www.agriturismosangiuseppe.com/,320 159 7700,"Via L. Bertozzi, 24",Gattatico,,info@agriturismosangiuseppe.com,https,Angular,Sì,Aruba S.p.A.,56,85,66.00,Sì,No
Hotel Commercio,Hotel,,338 220 7928,"Via G. di Vittorio, 14",Campogalliano,,,,,,,,,,,
B&B Luna rubiera via Giacomo Matteotti 13,Bed & Breakfast,https://www.lunabb.it/,349 895 0141,"Viale Giacomo Matteotti, 13",Rubiera,,info@lunabb.it,https,WordPress,Sì,Host SpA,31,43,92.00,Sì,No
Le Ferrerie,Bed & Breakfast,http://fattoriamarchesini.it/,339 850 9205,"Via Fratelli Gennaroli, 43",Gattatico,,alloggi@fattoriamarchesini.it,https,Magento,Sì,Aruba Hosting,70,83,100.00,Sì,No
Green Hotel,Hotel,http://www.greenhotel.re.it/,0522 968950,"Via Parma, 144",Poviglio,,info@greenhotel.re.it,https,React,Sì,Keliweb S.R.L,18,47,91.00,Sì,No
Agriturismo Mulino in Pietra,Ristorante,http://www.mulinoinpietra.com/,0522 607503,"Via Mulino di Cortogno, 1",Casina,,info@mulinoinpietra.com,https,Shopify,No,Server Plan S.r.l.,57,85,85.00,Sì,No
B&B One Nice Room,Bed & Breakfast,,347 236 9229,"Via Canossa, 5",Pecorile,,,,,,,,,,,
Agriturismo Antico Noce,Agriturismo,,051 602 1878,"Via Savena Abbandonato, 5",Granarolo dell'Emilia,,,,,,,,,,,
Hotel Villa Petra,Hotel,http://www.villapetranovellara.com/,0522 594046,"Via della Costituzione, 44",Novellara,,info@villapetranovellara.com,https,Shopify,Sì,Irideos S.P.A.,64,92,83.00,Sì,No
La Perla del Mercante B&B,Bed & Breakfast,https://www.laperladelmercante.it/,340 706 6076,"Via Mercanti, 6",Correggio,,,https,Shopify,No,Sconosciuto,78,98,100.00,Sì,No
B&B Domus Aurea,Bed & Breakfast,,320 389 2581,"Corso Sandro Cabassi, 54",Carpi,,,,,,,,,,,
Casa di paglia Canossa B&B,Alloggio con uso cucina,http://www.casadipagliacanossa.it/,347 851 1957,"Località Castello di Canossa, 8",Canossa,,assunta.nathan@libero.it,https,WordPress,No,Sconosciuto,77,86,92.00,Sì,No
Hotel Trevi,Bed & Breakfast,http://www.hotel-trevi.it/,0541 330463,"Via Alfonso Pinzon, 172",Bellaria-Igea Marina,,info@hotel-trevi.it,https,React,Sì,"Cloudflare, Inc.",43,62,92.00,Sì,No
Agriturismo Podere Caselina,Agriturismo,http://www.poderecaselina.it/,339 394 0571,"loc Brasimone Casellina 79, b",Camugnano,,info@poderecaselina.it,https,ASP.NET,No,Sconosciuto,45,66,100.00,Sì,No
Hotel Fontana,Hotel,https://hotel-fontana.migliorhotel.top/,0522 626506,"VIA MULINO DELLA VALLE, 1",Rubiera,,,https,WordPress,No,Contabo GmbH,66,91,85.00,Sì,No
MONTEBORRE Agriturismo,Bed & Breakfast,http://www.monteborre.it/,340 140 1001,"Via Monteborre, 8",Cento,,info@monteborre.it,https,Shopify,Sì,Aruba S.p.A. Network,33,43,83.00,Sì,No
Agriturismo Campogrande,Agriturismo,http://www.campo-grande.net/,338 205 2142,"Via Valera, 13",Carpaneto Piacentino,,info@campo-grande.com,https,React,No,Mister Domain,60,75,73.00,Sì,No
CONFIDENCE HOTEL Europa,Hotel,https://hoteleuropacento.eu/,051 903319,"Via IV Novembre, 16",Cento,,info@hoteleuropacento.eu,https,WordPress,Sì,Aruba-Hosting,66,85,100.00,Sì,No
Agriturismo Vitae,Agriturismo,http://agriturismovitae.it/,370 369 1626,"Via Naviglio Nord, 11",Fabbrico,,,,WordPress,Non trovato,Hostinger,55,100,50.00,No - Pagina Non Trovata (404),No
Agriturismo Ca' De' Magnani,Agriturismo,http://www.cademagnani.it/,331 754 4203,"Via Ca' dei Bravi, 2",Baragazza,,cademagnani@libero.it,https,WordPress,No,Sconosciuto,67,94,77.00,Sì,No
B&B La Forgia,Bed & Breakfast,http://www.beblaforgia.it/,346 413 6724,Località Negri,Negri,,beblaforgia@gmail.com,https,React,No,Google LLC,75,98,92.00,Sì,No
B&B Il Tempo Ritrovato,Bed & Breakfast,http://www.iltempo-ritrovato.it/,0522 242064,"Località Rossena, 85",Rossena,,,https,React,No,Sconosciuto,66,94,100.00,Sì,No
La Soldanella Bed & Breakfast,Bed & Breakfast,http://www.beblasoldanella.it/,347 550 2864,"Via Santa Rita, 17",Santo Stefano d'Aveto,,lasoldanellabeb@gmail.com,https,Joomla,No,Sconosciuto,,,,Sì,No
Bed & Breakfast La Rocca,Bed & Breakfast,http://www.laroccabed.it/,347 881 3497,"di Gattatico, Via Giuseppe Mazzini, 43",Nocetolo,,,https,Joomla,Sì,Sconosciuto,60,72,83.00,Sì,No
B&B Borgo del Fornello,Bed & Breakfast,https://borgodelfornello.com/,0534 667927,"Via Bologna, 75",Madonna dei Fornelli,,,https,Angular,No,"Automattic, Inc",64,82,100.00,Sì,No
R&B Tana Delle Fate,Bed & Breakfast,https://www.tanadellefate.com/,333 178 7766,SP62,Case Roncacce,,bb.tanadellefate@gmail.com,https,React,Sì,Google LLC,38,76,82.00,Sì,No
B&B L'Uva Fragolina,Bed & Breakfast,http://www.bebluvafragolina.com/,347 305 3898,"Via Leguigno Faggeto, 15",Casina,,bebluvafragolina@gmail.com,https,WordPress,No,Aruba S.p.A. Network,42,56,92.00,Sì,No
Affittacamere Ventisettembre,Bed & Breakfast,,333 861 6102,"Via XX Settembre, 23",Carpi,,,,,,,,,,,
BORGODIECI Camere e Colazione,Bed & Breakfast,http://www.borgodieci.it/,0522 160 7503,"Via Don Pasquino Borghi, 10",Bibbiano,,info@borgodieci.it,http,WordPress,No,Sconosciuto,62,81,54.00,Sì,No
Il Gruccione - Locanda del Tempo Ritrovato,Bed & Breakfast,http://ilgruccione.info/,329 745 1258,"Località Piccoli di Calenzano, 19 bis",Bettola,,ilgruccione.info@libero.it,https,WordPress,No,VHosting,73,86,75.00,Sì,No
B&B La Quercia di Mery,Bed & Breakfast,,333 686 6841,"Via D. Giambi, 2115",La Villa,,,,,,,,,,,
B&B Corte la campanara,Bed & Breakfast,,331 104 8618,"Via Canali e Crociali, 2",Bentivoglio,,,,,,,,,,,
B&B Borgo del Folletto,Bed & Breakfast,http://www.borgodelfolletto.it/,348 763 1890,"Via Crocicchio, 9/1",Casina,,,https,Duda,No,Sconosciuto,63,86,91.00,Sì,No
al civico 73 Bed & Breakfast,Bed & Breakfast,,349 109 8206,"strada statale 413 romana sud, 73",Carpi,,,,,,,,,,,
Casa Luciano Bellaria,Hotel,https://www.casalucianobellaria.it/,393 751 4624,"Viale G. Pascoli, 89",Bellaria-Igea Marina,,,https,Joomla,No,"Amazon.com, Inc.",84,95,100.00,Sì,No
Villa Montemerlo,Hotel,,0532 890062,"Strada Comunale Argine Diversivo, 224",Bondeno,,,,,,,,,,,
Ben Ti Voglio BeB,Bed & Breakfast,http://www.bentivogliobeb.it/,351 809 2470,"Via S. Pertini, 24 Via F.lli Cervi, 13 Vicinanza Ospedale e Interporto",Bentivoglio,,bentivogliobeb@gmail.com,https,WordPress,No,Sconosciuto,67,97,85.00,Sì,No
Affittacamere il fagiano,Hotel,,340 469 0269,"Via Comunale, 89",Bondeno,,,,,,,,,,,
B&B La melagrana rossa,Bed & Breakfast,,338 427 0311,"Via Roma, 17",Quattro Castella,,,,,,,,,,,
B&B LaGranfiorita,Bed & Breakfast,http://www.lagranfiorita.it/,0525 757116,Cantiga di,Pione,,,https,WordPress,No,Sconosciuto,72,94,92.00,Sì,No
Cà di N,Ristorante,http://agriturismocadienne.it/,339 673 0147,"Via Canobbi, 10",Castel D'aiano,,info@agriturismocadienne.it,https,Webnode,No,Register.it-Hosting,64,88,100.00,Sì,No
Covent Garden,Bed & Breakfast,,051 664 1028,"Via Santa Maria in Duno, 82",Bentivoglio,,,,,,,,,,,
Hotel Tricolore,Hotel,http://www.hoteltricolore.com/,0522 944054,"Via I. Newton, 9/A",Villa Gaida,,,https,WordPress,Sì,Google LLC,71,96,100.00,Sì,No
B&B Ronco Oste,Bed & Breakfast,http://www.bbroncooste.com/,347 593 2679,"Str. vecchia SS45, 1",Travo,,,https,Wix,Sì,Google LLC,63,83,100.00,Sì,No
Hotel Bentivoglio,Hotel,https://www.hotelbentivoglio.it/,051 664 1111,"Piazza Carlo Alberto Pizzardi, 1",Bentivoglio,,mail@domain.com,https,Angular,No,Sconosciuto,56,78,85.00,Sì,No
Angolo di Paradiso,Bed & Breakfast,https://www.angolodiparadiso.cloud/,329 227 0201,"Via Orelia, 48/49",Casona,,info@angolodiparadiso.cloud,https,WordPress,No,Sconosciuto,60,97,92.00,Sì,No
IL GINEPRO R & B,Bed & Breakfast,https://www.ilgineprorb.it/,327 069 2785,"Via Paterna, 30",Piamaggio,,info@ilgineprorb.it,https,React,No,Sconosciuto,53,61,100.00,Sì,No
Emilia Suite,Casa per vacanze,https://www.emiliasuite.it/,327 497 1651,"Via Vignolese, 430",Modena,,info@emiliasuite.it,https,WordPress,Sì,"Cloudflare, Inc.",56,80,92.00,Sì,No
B&B La Fenice,Bed & Breakfast,http://bblafenicecarpi.it/,339 182 3557,"Via Guastalla, 70",Carpi,,,https,Weebly,No,"Amazon.com, Inc.",69,91,100.00,Sì,No
B&B I Pioppi Cipressini,Bed & Breakfast,https://beb.it/ipioppicipressini,339 803 4936,"Via degli Orsi, 692/b",Crevalcore,,,https,Shopify,No,"Amazon.com, Inc.",90,94,100.00,Sì,No
Affittacamere R&B Emilia 54,Bed & Breakfast,,351 308 6647,"Via S. Rocco, 2",Cadeo,,,,,,,,,,,
Ca'Os Locanda & Grill,Specialità carne alla griglia,,342 343 3306,"Via C. Cavour, 53",Castell'Arquato,,,,,,,,,,,
Smart Hotel,Hotel,https://smarthotelemilia.it/,375 607 3336,"Via Cesare Battisti, 25",Carpi,,smarthotelcarpi@gmail.com,https,WordPress,No,Hostinger International Limited,72,98,92.00,Sì,No
Il Castagno,Bed & Breakfast,,333 223 0715,"Via Fiera, 46",Castiglione dei Pepoli,,,,,,,,,,,
B&B La Francesa,Bed & Breakfast,http://www.lafrancesa.it/,329 746 8357,"Stradello Fassi, 3",Carpi,,beblafrancesa@gmail.com,https,WordPress,No,Aruba S.p.A.,69,91,85.00,Sì,No
Fattoria Ca' di Fatino,Agriturismo,https://www.cadifatino.com/en,0534 91801,"Via Nazionale Sud, 112",Castiglione dei Pepoli,,fattoria@ca-di-fatino.it,https,React,No,Sconosciuto,45,47,92.00,Sì,No
Residenza il Parco,Bed & Breakfast,,333 626 6848,"Via Marconi, 30",Bentivoglio,,,,,,,,,,,
Agriturismo Poggio d'incanto,Agriturismo,http://www.poggiodincanto.it/,333 575 3787,"Strada del Poggio di San Bernardino, 12",Bettola,,,http,WordPress,No,Sconosciuto,47,71,61.00,Sì,No
Agriturismo Le Gazze,Agriturismo,https://www.agriturismolegazze.it/,0535 87005,"Via Gorzano, 4",Camposanto,,,https,Laravel,No,"Amazon.com, Inc.",74,94,100.00,Sì,No
IVY PARK,Bed & Breakfast,,345 656 5753,"Via Provinciale, 62",Medolla,,,,,,,,,,,
Albergo ristorante Plaza,Bar,http://www.albergoplaza.it/,0525 89128,"Via Provinciale Nord, 1",Tarsogno,,info@albergoplaza.it,https,Joomla,Sì,Sconosciuto,38,54,77.00,Sì,No
I Monti di Matilde B&B,Bed & Breakfast,https://imontidimatilde.com/,345 170 9703,"Via Faieto Alto, 2",Casina,,,https,Wix,No,Wix,66,93,100.00,Sì,No
Locanda Della Fiorina,Ristorante,http://www.locandafiorina.it/,0535 37078,"Via Imperiale, 5044",San Felice sul Panaro,,,https,React,No,Aruba S.p.A. Network,56,79,92.00,Sì,No
B & B Le Sei Dame,Hotel,http://www.leseidame.it/,333 840 9000,"Via Giordani, 18",Bardi,,,https,WordPress,Sì,Aruba S.p.A.,49,64,85.00,Sì,No
Borgo CASE NUOVE Bed and Breakfast,Bed & Breakfast,,328 787 9494,"Stradello Donella, 10A",Carpi,,,,,,,,,,,
B&B Mappamundi,Bed & Breakfast,http://www.bedandbreakfastmappamundi.com/,348 090 1566,"Via Sambulano, 5",San Benedetto Val di Sambro,,,https,Weebly,Sì,"Weebly, Inc.",64,91,83.00,Sì,No
La Casa di Marty B&B,Bed & Breakfast,,340 488 4730,"Via Valenti, 8",Berceto,,,,,,,,,,,
Hotel Motel Fiore,Hotel,https://www.fiorehotel.it/,0523 984922,Localita' Barabasca,Fiorenzuola d'Arda,,info@fiorehotel.it,https,React,Sì,Google LLC,61,93,82.00,Sì,No
agriturismo Ca' del Ciuco,Agriturismo,http://www.cadelciuco.it/,329 157 5914,"Via Case Martini, 6",Vezzano Sul Crostolo,,info@cadelciuco.it,https,Squarespace,No,Sconosciuto,26,43,100.00,Sì,No
La Tavola Rotonda,Ristorante italiano,https://latavolarotonda.info/,0523 836884,"Via Piacenza, 35",Chiavenna Landi,,info@latavolarotonda.info,https,Shopify,No,Unlimited Web Hosting UK LTD,57,75,92.00,Sì,No
B&B Castellaro,Bed & Breakfast,https://bebcastellaro.wordpress.com/,333 393 1748,Località Pianaccia n. 49,Burzanella,,info@riccardofioravanti.com,https,WordPress,No,Sconosciuto,52,66,92.00,Sì,No
Memories B&B,Bed & Breakfast,,347 350 3300,"Via della Misericordia, 20",Ferrara,,,,,,,,,,,
Agriturismo Il Bio Nonno,Agriturismo,https://www.biononno.it/,335 823 6817,"S.Giovanni in Persiceto BO IT, Via Sette Famiglie, 5",San Matteo della Decima,,info@biononno.it,https,React,Sì,Server Plan S.r.l.,56,70,92.00,Sì,No
Le Stanze sul Po,Bed & Breakfast,https://www.hotelsandiamo.com/le-stanze-sul-po/,327 878 0281,"Via Darsena, 2/10",Ferrara,,,https,WordPress,No,Sconosciuto,100,100,92.00,Sì,No
Le Colombaie - Maison de Charme,Bed & Breakfast,http://www.lecolombaie.net/,0523 830279,"Presso cascina Le Colombaie, Via Bersano, 32",Bersano di Besenzone,,info@lecolombaie.net,https,Wix,Sì,Google LLC,69,95,100.00,Sì,No
ADA Bed and Breakfast,Bed & Breakfast,http://www.adabedandbreakfast.com/,0532 62489,"Via XX Settembre, 81",Ferrara,,,https,Squarespace,No,Sconosciuto,66,98,100.00,Sì,No
Antica Casina B&B di charme,Bed & Breakfast,https://anticacasinabeb.it/,348 729 7971,Via Bosco Caggioni,Pulsano,,anticacasina@gmail.com,https,React,No,SupportHost,55,66,100.00,Sì,No
B & B Casa dei Camini,Bed & Breakfast,,366 743 2274,"Via Mahatma Gandhi, 8",Bentivoglio,,,,,,,,,,,
Foresteria Cenacolo - Bed and Breakfast,Bed & Breakfast,,0532 742456,"Via Giuseppe Fabbri, 414",Ferrara,,,,,,,,,,,
R&B Borgofortino CIN:IT036005B4IKNMNKTB,Bed & Breakfast,https://www.borgofortinocarpi.it/,329 457 4875,"Via Borgofortino, 18",Carpi,,,https,WordPress,No,Aruba S.p.A. Network,86,99,92.00,Sì,No
B&B Villa Costanza Bobbio (PC),Bed & Breakfast,,333 751 7488,"Via G. Mazzini, 9",Bobbio,,,,,,,,,,,
B&B Palazzo Filagni,Bed & Breakfast,http://www.palazzofilagni.it/,339 192 2600,"Loc. Filagni, 3",Valmozzola,,,https,WordPress,No,Sconosciuto,97,100,77.00,Sì,No
Artemilland,Bed & Breakfast,https://www.viadellalanaedellaseta.com/camugnano-bb-artemilland,388 605 1406,Località la Lastra,Camugnano,,,https,WordPress,Sì,Sconosciuto,74,97,100.00,Sì,No
Villa Camurana,Bed & Breakfast,https://villacamurana.it/,0535 664486,"Via Camurana, 69",Medolla,,info@villacamurana.it,https,React,No,Amazon Technologies Inc.,62,82,100.00,Sì,No
Locanda e Cucina il Fagiano,Ristorante,https://locanda-e-cucina-il-fagiano.migliorhotel.top/,347 037 2770,"Via Comunale, 89/91",Settepolesini,,,https,WordPress,No,Contabo GmbH,62,88,85.00,Sì,No
B&B Gioli (IT034004C1CYT6UOCW ),Bed & Breakfast,https://sites.google.com/site/bebgioli,0525 64251,"Salita Ripasanta, 5",Berceto,,bebgioli@gmail.com,https,Angular,No,Sconosciuto,48,77,75.00,Sì,No
Transilvania Rockstar Hotel,Hotel,https://transilvaniahotel.it/,334 927 8675,"Via Autostazione, 95",San Benedetto Val di Sambro,,info@transilvaniahotel.it,https,Joomla,No,Aruba S.p.A.,56,94,100.00,Sì,No
Ostello comunale di Palazzo Tamburelli,Ostello,,0523 962804,"D'impianto settecentesco appartenne alla famiglia Tamburelli cui si devono i notevoli interni; passò all'amministrazione di Pavia nel 1883 e nel 1923 a quella di Piacenza seguendo la città di Bobbio nelle sue vicissitudini. L'ostello è composto da 9 camere, da 3/6 posti letto, tutte con servizi privati. È ideale per gruppi e famiglie Attrezzato per disabili., Contrada dell'Ospedale, 12",Bobbio,,,,,,,,,,,
Bed & Breakfast Il Pavone,Bed & Breakfast,https://bb-il-pavone-di-marco-quarantelli.bellaitaliatrips.top/,0524 97451,"Str. Bianca, 39",Busseto,,,https,WordPress,No,Sconosciuto,53,86,85.00,Sì,No
B&B Maison Magnani,Hotel,,348 271 6046,"Via Amerigo Vespucci, 8",Casalecchio di Reno,,,,,,,,,,,
La Lupa e l'Orso,Bed & Breakfast,http://www.lalupaelorso.it/,347 442 5454,"Località la valle, 92 Berceto, PR, Italia",Roccaprebalza,,info@lalupaelorso.it,https,Basekit,No,Aruba-Hosting-(Technorail),56,45,100.00,Sì,No
B&B Galleria del Reno,Hotel,,346 221 4121,"c/o, Via Marconi 51, Galleria del Reno, 3",Bologna,,,,,,,,,,,
Casa dei cuori - B&B - Azienda agricola - Natura e Relax,Bed & Breakfast,https://www.casadeicuori.it/,329 232 1176,"Strada di Tordenaso, 39",Langhirano,,info@casadeicuori.it,https,Shopify,No,Keliweb,56,72,100.00,Sì,No
La Ghiandaia - Casa vacanze B&B - Berceto,Bed & Breakfast,https://laghiandaiaberceto.it/,327 822 9751,"Località Piano di Bilù, 208 bis",Berceto,,laghiandaiaberceto@gmail.com,https,Vue,No,Sconosciuto,52,62,92.00,Sì,No
Hotel Direzionale Carpi,Hotel,http://www.hoteldirezionalecarpi.it/,059 912 8867,"Via Carlo Marx, 95",Carpi,,info@hoteldirezionalecarpi.it,https,ASP.NET,No,Aruba-Hosting-(Technorail),56,90,85.00,Sì,No
Hotel Touring Carpi,Hotel,http://www.hoteltouringcarpi.it/,059 681535,"Viale Darfo Dallai, 1",Carpi,,info@hoteltouringcarpi.it,https,React,Sì,Google LLC,51,80,100.00,Sì,No
Dar Dom l'antica dimora di Nene,Alloggio completo di servizi,,393 784 3840,"P.zza Duomo, 10",Bobbio,,,,,,,,,,,
B&B Le Terrazze,Bed & Breakfast,,333 415 1606,"Via Camillo Ranzani, 13/2",Bologna,,,,,,,,,,,
Orchidea,Bed & Breakfast,,389 182 0459,"Via Kharkov, 11",Bologna,,,,,,,,,,,
B&B Giada - Casalecchio (Bologna),Bed & Breakfast,,349 332 9669,"Via Porrettana, 84",Casalecchio di Reno,,,,,,,,,,,
Le Stanze di Gianmarmo - Via di Mezzo,Bed & Breakfast,https://lestanzedigianmarmo.com/,366 346 9382,"Via di Mezzo, 66",Mirandola,,,https,WordPress,Sì,Netsons s.r.l.,71,93,92.00,Sì,No
Hotel La Voglia,Hotel,https://lalbergolavoglia.webnode.it/,375 725 0235,"Via Repubblica, 50",Villanova sull'Arda,,albergolavoglia@gmail.com,https,Webnode,No,Sconosciuto,68,97,100.00,Sì,No
Albergo Da Giorgio,Ristorante,https://albergo-da-giorgio.hotelpreferito.top/,059 685365,"Via Giuseppe Rocca, 1",Carpi,,,https,React,No,Sconosciuto,55,88,85.00,Sì,No
La Casa dei Nonni - Room & Breakfast,Bed & Breakfast,http://www.lacasadeinonniberceto.it/,333 294 2210,"Via Pier Maria Rossi, 8",Berceto,,info@lacasadeinonniberceto.it,http,Joomla,Sì,Aruba S.p.A,75,99,83.00,Sì,No
Sacreterre Bed&Breakfast e Agriturismo,Bed & Breakfast,http://www.sacreterre.com/,333 173 4800,"Capoponte, Strada di Sciola 61",Tizzano Val Parma,,reservations@sacreterre.com,https,Shopify,Sì,Sconosciuto,75,93,92.00,Sì,No
Christy House,Bed & Breakfast,https://www.christyhouse.it/,338 574 0059,"Via del mulino, 4",Traversetolo,,christyhouseparma@gmail.com,https,Webflow,Sì,Sconosciuto,56,97,100.00,Sì,No
B&B Ca d'Bertula,Alloggi al coperto,,333 327 8194,"Str. Privata Pieve, 25",Varsi,,,,,,,,,,,
Il Giardino della Musica,Bed & Breakfast,https://www.ilgiardinodellamusica.com/,333 779 8908,"Via Gazzino, 1",San Giuliano,,cecimotta@msn.com,https,Wix,No,Sconosciuto,38,55,100.00,Sì,No
B & B Villa dei Calchi,Bed & Breakfast,http://www.villadeicalchi.it/,348 152 9584,"Via degli Estensi, 474",San Felice Sul Panaro,,annamaria1512@libero.it,https,WordPress,Sì,SEEWEB s.r.l.,62,85,85.00,Sì,No
Bed & Breakfast '57,Bed & Breakfast,,366 406 9433,"Via Giacomo Leopardi, 3",Casalecchio di Reno,,,,,,,,,,,
Boutique Hotel Calzavecchio,Hotel,http://www.hotelcalzavecchio.eu/,051 376 1616,"Via Calzavecchio, 1",Casalecchio di Reno,,info@hotelcalzavecchio.eu,https,Shopify,Sì,Semplify Srl,68,73,100.00,Sì,No
B&B Il Boschetto,Bed & Breakfast,http://www.bbilboschetto.it/,0525 528224,"Via Canaletto, 19",Calestano,,gliangoli@libero.it,https,ASP.NET,No,Aruba S.p.A. Network,100,100,91.00,Sì,No
Le stanze del Belriguardo | Bed and breakfast,Bed & Breakfast,https://le-stanze-del-belriguardo--bed-and-breakfast.alberghiinitalia.top/,338 605 8686,"Via Provinciale, 286",Voghiera,,,https,React,No,Contabo GmbH,56,88,92.00,Sì,No
Hotel San Martino Bologna,Hotel,https://nuovohotelsanmartino.it/,051 021 8137,"Via Bazzanese, 7",Casalecchio di Reno,,,https,WordPress,No,Signet B.V.,47,72,85.00,Sì,No
B&B Il Cappon magro Bobbio,Bed & Breakfast,https://bnbilcapponmagro.it/,349 601 6976,"Via G. Mazzini, 33",Bobbio,,,https,WordPress,Sì,Hetzner Online GmbH,66,83,92.00,Sì,No
Ca' Moni,Bed & Breakfast,,328 659 5529,"Via Morine, 3/C",Imola,,,,,,,,,,,
Suites Bobbio,Alloggio completo di servizi,https://www.suitesbobbio.com/,347 961 1929,"Short Lets Apartments - Suite della Contrada - Suite Trebbia, Contrada di Porta Nova, 30",Bobbio,,info@suitesbobbio.com,https,Joomla,No,Aruba S.p.A. Network,53,57,92.00,Sì,No
B&B La Terrazza sul Reno,Bed & Breakfast,,351 510 4613,"Via G. Mazzini, 6",Casalecchio di Reno,,,,,,,,,,,
Bologna Bed Station,Bed & Breakfast,https://bolognabedstation.it/,349 230 9780,"Via Giovanni Amendola, 17",Bologna,,bolognabedstation@gmail.com,https,Joomla,Sì,Infomaniak Network SA,97,100,100.00,Sì,No
Le Stanze di Erika - Bed and Breakfast,Bed & Breakfast,http://www.lestanzedierika.it/default.html,345 510 8376,"Via del Francia, 7",Casalecchio di Reno,,info@lestanzedierika.it,http,ASP.NET,No,Aruba S.p.A. Network,99,98,92.00,Sì,No
Albergo Del Turista srl,Hotel,https://www.hotelspretorian.com/albergo-del-turista-srl/,0523 891261,"Via Guglielmo Marconi, 35",Vernasca,,,https,WordPress,No,"Cloudflare, Inc.",100,100,92.00,Sì,No
All'Ovile,Bed & Breakfast,,388 756 9860,"Str. Vernacchia Montevescovo, 29",Meldola,,,,,,,,,,,
Ladino Room & Breakfast,Bed & Breakfast,,333 832 8402,"Via Ladino, 214",Porotto,,,,,,,,,,,
Bologna Centrale Stanze B&B,Bed & Breakfast,http://beb.it/bolognacentralestanze,388 305 4971,"Via Cesare Boldrini, 5/2",Bologna,,,https,Weebly,No,"Amazon.com, Inc.",70,96,100.00,Sì,No
Le Camere della Piazza,Bed & Breakfast,https://www.cortedirigoso.it/camere-della-piazza/,349 061 0355,"Piazza della Fiera Grossa, 1",Rigoso,,,https,Shopify,Sì,Keliweb S.R.L,62,78,85.00,Sì,No
Hotel Wagon-Lit,Bed & Breakfast,http://wagon-lit.com/?utm_source=gmb&utm_medium=referral,392 000 0078,"Via Giuseppe Massarenti, 125/2",Bologna,,wagonlit19@gmail.com,https,ASP.NET,Sì,Amazon Technologies Inc.,62,73,82.00,Sì,No
La Quercia - BolognaRooms,Bed & Breakfast,https://www.bolognarooms.com/,351 535 4357,"Via Montechiaro, 30/2",Pontecchio Marconi,,checkin@bolognarooms.com,https,Magento,Sì,Netsons s.r.l.,60,79,92.00,Sì,No
Casa Gardel Appartamento per brevi periodi Bed and breakfast,Bed & Breakfast,,347 526 8888,"Via I Maggio, 7",Casalecchio di Reno,,,,,,,,,,,
Ospitalità Rurale Casa Cani,Agriturismo,,349 787 8238,"Via Cambrina, 203",Berceto,,,,,,,,,,,
Casa Garo',Bed & Breakfast,,329 717 5016,"Via Giorgio Vasari, 8",Bologna,,,,,,,,,,,
Hotel Panorama,Hotel,http://www.hotelpanoramabologna.it/,051 221802,"Via Giovanni Livraghi, 1",Bologna,,info@hotelpanoramabologna.it,https,WordPress,No,Server Plan S.r.l.,55,68,100.00,Sì,No
Camere del Castello Carpineti,Locanda,http://www.castellodellecarpinete.it/,0522 160 7930,"Via Castello delle Carpinete, 26",Carpineti,,,https,WordPress,No,Netsons Network,60,73,85.00,Sì,No
Albergo Ristorante Piacentino,Ristorante,http://www.hotelpiacentino.it/,0523 936266,"Piazza S. Francesco, 19",Bobbio,,info@hotelpiacentino.it,https,ASP.NET,Sì,Microsoft Corporation,54,63,77.00,Sì,No
B&B Zvana's - Da Giovanna,Bed & Breakfast,,370 160 9472,"Via Tiro a Segno, 9",Imola,,,,,,,,,,,
The Social Hub Bologna,Hotel,https://www.thesocialhub.co/bologna/?utm_source=googlemybusiness&utm_medium=organic&y_source=1_Mjc4NzI2MTQtNzE1LWxvY2F0aW9uLndlYnNpdGU%3D,051 042 2482,"Via Aristotile Fioravanti, 27",Bologna,,,https,React,No,"Cloudflare, Inc.",32,44,92.00,Sì,No
La Selvatica 50 B&B,Bed & Breakfast,,353 478 2352,"Via Selvatica, 50",Nonantola,,,,,,,,,,,
Corte La Volta B&B,Agriturismo,http://cortelavolta.it/,370 373 3042,"Str. della Mussina, 65",Piacenza,,info@cortelavolta.it,https,WordPress,Sì,Aruba-Hosting,49,57,92.00,Sì,No
attico marsiglie,Bed & Breakfast,,328 636 9369,"Via Marsiglie, 6",Casalfiumanese,,,,,,,,,,,
CONFIDENCE HOTEL San Silvestro,Hotel,https://hotelsansilvestro.eu/,059 912 7014,"Via Canaletto, 129",San Prospero,,info@hotelsansilvestro.eu,https,React,Sì,Aruba S.p.A. Network,61,78,100.00,Sì,No
B&B Elegance,Bed & Breakfast,http://www.elegancebologna.it/,331 418 8952,"Viale Carlo Berti Pichat, 32",Bologna,,societamondofree@gmail.com,https,Shopify,No,"Cloudflare, Inc.",50,41,100.00,Sì,No
Villa Zaira,Bed & Breakfast,,347 343 2627,"Via Ravarino Carpi, 154",Sorbara,,,,,,,,,,,
AZIENDA AGRITURISTICA CAMPO DEL PILLO,Agriturismo,http://www.campodelpillo.it/,338 175 1083,"Via Casolara, 3",Castelnovo ne' Monti,,info@campodelpillo.it,http,WordPress,No,Mister Domain,39,53,77.00,Sì,No
Albergo Motel Villaggio,Hotel,https://sites.google.com/view/motel-villaggio/,0542 783934,"Piazza Romagna, 14",Imola,,,https,React,Sì,Sconosciuto,52,82,50.00,Sì,No
B&B Chiusa di Casalecchio,Bed & Breakfast,https://beb.it/chiusadicasalecchio/it/,353 479 7814,"Via Filippo Turati, 3/piano terra",Casalecchio di Reno,,,https,Weebly,No,"Amazon.com, Inc.",56,95,100.00,Sì,No
la cana dolce,Agriturismo,http://www.lacanadolce.com/,340 480 9508,"Viale Carducci, 151",Bertinoro,,info@lacanadolce.com,http,WordPress,No,Sconosciuto,71,97,92.00,Sì,No
Bed & Breakfast Oltre il Ponte,Bed & Breakfast,http://www.bnboltreilponte.com/,353 442 4940,"Via Martiri Colle Ameno, 14",Casalecchio di Reno,,info@bnboltreilponte.com,https,WordPress,No,Aruba S.p.A.,55,62,85.00,Sì,No
Residenze Rodari Design Suites,Bed & Breakfast,https://www.residenzerodari.it/,335 804 8594,"Via Porrettana, 291",Casalecchio di Reno,,,https,Basekit,No,Aruba S.p.A.,38,34,100.00,Sì,No
Saramar Bed & Breakfast,Bed & Breakfast,https://beb.it/saramar,335 701 7752,"Via Esperanto, 11",Casalecchio di Reno,,,https,Joomla,No,Sconosciuto,72,96,100.00,Sì,No
B&B La Veneziana Ponticelli,Bed & Breakfast,,333 750 3575,"via della Veneziana, 1",Imola,,,,,,,,,,,
Albergo Franca Di Norma Lucia Giordano Raffaele S.N.C.,Hotel,http://www.hotelfranca.biz/,0546 71236,"Via Firenze, 9",Riolo Terme,,info@hotelfranca.biz,https,Drupal,No,Server Plan S.r.l.,60,71,73.00,Sì,No
Il Bordone del Pellegrino - B&B,Bed & Breakfast,https://www.bordonedelpellegrino.it/,339 286 5460,"Strada Castello di Casola, 34",Terenzo,,bordonedelpellegrino@gmail.com,https,WordPress,No,OVH ISP,57,76,92.00,Sì,No
Albergo La Rocca,Hotel,http://www.albergo-larocca.it/,0546 81180,"Via delle Volte, 10",Brisighella,,info@albergo-larocca.it,https,React,Sì,Sconosciuto,62,84,92.00,Sì,No
Bed and Breakfast Chez ZInia a Bertinoro (FC),Bed & Breakfast,,0543 445291,"Via Cappuccini, 801",Bertinoro,,,,,,,,,,,
Agriturismo Sette Colonne,Agriturismo,https://agriturismo7colonne.it/,0543 444155,Via Cantalupo,Bertinoro,,info@agriturismo7colonne.it,https,ASP.NET,No,Aruba S.p.A. Network,68,96,92.00,Sì,No
Bed & Breakfast MaGiC Dozza,Bed & Breakfast,http://www.bbmagic.it/,339 382 5347,"Via Olmo, 1",Dozza,,info@bbmagic.it,https,ASP.NET,No,Serverplan,54,85,92.00,Sì,No
Dormire a Faenza - Locanda del Lupo,Hotel,,0546 621545,"Via Emilia Ponente, 59",Faenza,,,,,,,,,,,
Hotel Fontanelle,Hotel,http://www.hotelfontanelle.it/,0543 460922,"Via Loreta, 271",Bertinoro,,info@hotelfontanelle.it,https,React,Sì,Register.it-Hosting,71,82,92.00,Sì,No
Marconi inn,Bed & Breakfast,https://www.marconiinn.it/,353 448 4503,"Via Guglielmo Marconi, 45",Bologna,,bbmarconiinn@gmail.com,https,Shopify,No,Sconosciuto,54,59,100.00,Sì,No
Euro Hotel,Hotel,,0542 643950,"Via Ugo la Malfa, 10",Imola,,,,,,,,,,,
B&B La Villa,Bed & Breakfast,https://www.hotelsitalian.com/bb-la-villa/,328 677 3367,"Via della Villa, 13",Bologna,,,https,WordPress,No,"Cloudflare, Inc.",77,92,92.00,Sì,No
Bed & Breakfast Ca'Biocco,Bed & Breakfast,,338 285 4547,"Via Ca' Magnani, 5a",Sogliano al Rubicone,,,,,,,,,,,
Hotel Rosso Frizzante,Hotel,http://www.rossofrizzante.it/,059 902931,"Via Falcone e Borsellino, 66",Sorbara,,info@rossofrizzante.it,https,React,No,Aruba S.p.A.,57,92,92.00,Sì,No
B&B Borghi,Bed & Breakfast,,347 324 1701,"Via Fiorentina, 26",Poppi,,,,,,,,,,,
Ristorante Locanda Al Portone,Ristorante,,0522 855985,"Piazza Fiume, 11",Scandiano,,,,,,,,,,,
Bed & Breakfast Lucia,Bed & Breakfast,https://www.bbluciamartini.it/,334 157 9130,"Via Chiesa di Tipano, 189",Cesena,,bb.luciamartini@gmail.com,https,WordPress,No,Aruba S.p.A.,68,77,83.00,Sì,No
Villa Casetti,Bed & Breakfast,http://www.villacasetti.it/,375 729 7916,"Via Casalino, 3",Casalfiumanese,,info@evolutionevents.it,https,WordPress,No,Aruba S.p.A.,69,93,92.00,Sì,No
Villa Montrona,Villa,http://www.villamontrona.it/,338 723 4732,"Via Montrone, 2",Imola,,,https,React,No,Sconosciuto,57,79,85.00,Sì,No
B&B I BORGHI,Alloggio completo di servizi,,324 849 5487,"Via delle Filande zona ind.le lotto 37, 84087",Sarno,,,,,,,,,,,
Everland,Agriturismo,https://www.everlandvarsi.com/,393 835 8092,"Via Contile Montebello, 120",Varsi,,edieffe@ymail.com,https,Wix,No,Sconosciuto,79,98,100.00,Sì,No
B&B Villa Valchero,Bed & Breakfast,https://www.villavalchero.it/,0523 852376,"Via Centro, 36",Chero,,info@villavalchero.it,https,Joomla,No,Keliweb S.R.L,55,71,100.00,Sì,No
Albergo Ristorante Marola,Hotel,https://albergo-ristorante-marola.migliorhotel.top/,0522 813110,"di, Viale Bismantova, 2",Marola,,,https,React,No,Sconosciuto,61,89,85.00,Sì,No
Hotel La Maison de Vi- country house et de charme,Hotel,http://www.lamaisondevi.it/,0523 043394,"Frazione Cimafava, 67",Carpaneto Piacentino,,info@lamaisondevi.it,https,Angular,No,Aruba S.p.A.,53,64,92.00,Sì,No
La Locanda dei 2,Bed & Breakfast,http://www.lalocandadei2.it/,349 100 0206,"Via Pione, 2",Vernasca,,,https,React,No,Tucows Domains,56,92,92.00,Sì,No
Il Profumo dei Tigli R&B,Bed & Breakfast,http://www.ilprofumodeitigli.it/,347 109 2137,"Via Vaccari, 26",Formigine,,info@ilprofumodeitigli.it,https,Shopify,No,"Cloudflare, Inc.",78,95,92.00,Sì,No
Ca' Bevilacqua B&B,Bed & Breakfast,https://www.cabevilacqua.com/,333 817 7783,"Via Santa Croce, 5607",Bertinoro,,info@cabevilacqua.com,https,Shopify,Sì,Sconosciuto,39,82,92.00,Sì,No
Ristorante La Baita d'Oro,Ristorante italiano,http://www.baitadoro.it/,0522 812794,"Via Sparavalle, 83",Castelnovo ne' Monti,,info@baitadoro.it,https,Squarespace,No,Hostinger,56,65,69.00,Sì,No
Podere Baratta,Azienda vinicola,https://www.poderebaratta.it/,347 550 9223,"Via Collinello, 1075",Bertinoro,,,https,ASP.NET,No,"Cloudflare, Inc.",36,73,100.00,Sì,No
Locanda del Sole,Locanda,,333 587 8172,"Piazza Spuntiglia, 1-2-3",Maserno,,,,,,,,,,,
Le Boccede Country House B&B,Bed & Breakfast,http://www.leboccede.it/,329 446 7511,"Via Secchiello, 32-36",Villa Minozzo,,info@leboccede.it,https,React,Sì,ServerEasy,8,16,92.00,Sì,No
Albergo Ristorante Merlino,Pizzeria,,051 1889 6000,"Via Bologna, 65",Castel D'aiano,,,,,,,,,,,
B&B Cadiroggio,Bed & Breakfast,https://www.bbcadiroggio.it/,334 711 2430,Via Cadiroggio,Castellarano,,,https,WordPress,Sì,Critical Case s.r.l,52,70,100.00,Sì,No
Casa Malatesta B&B,Bed & Breakfast,http://www.casamalatesta.it/index.html,349 238 9313,"Via Carlo Pisacane, 13",Cesena,,,http,ASP.NET,No,Sconosciuto,87,78,82.00,Sì,No
Bed & Breakfast Mary's tower,Bed & Breakfast,https://www.hotelsitalian.com/marys-tower/,345 052 9338,"Via Cleto Tomba, 21",Bologna,,,https,WordPress,No,Sconosciuto,79,95,92.00,Sì,No
Dimidium B&B in Emilia,Bed & Breakfast,https://www.dimidiumbnb.it/,333 818 9961,"Via Selvapiana, 99",Canossa,,info@dimidiumbnb.it,https,Shopify,Sì,VHosting,34,39,100.00,Sì,No
Hotel Panorama Bertinoro,Hotel,http://www.hotelpanoramabertinoro.it/?utm_source=google&utm_medium=organic&utm_campaign=mybusiness,0543 807348,"Piazza della Libertà, 11",Bertinoro,,info@hotelpanoramabertinoro.it,https,WordPress,No,PENSARE-WEB,33,62,100.00,Sì,No
Sala dell’Estate Guest House,Hotel,,380 233 8335,"Via Marzaglia, 145",Colombarone,,,,,,,,,,,
Borgo del Priolo B&B,Bed & Breakfast,https://www.borgodelpriolo.it/it,348 669 0440,"Via del Priolo, 640",Cesena,,info@borgodelpriolo.it,https,React,No,"Cloudflare, Inc.",54,63,100.00,Sì,No
Albergo Ostello G. Pedrelli,Hotel,,0534 42778,"Via Poggio di Badi, 35",Poggio di Badi,,,,,,,,,,,
Zeta t rooms,Hotel,http://www.ztrooms.it/,340 530 8931,"Via Radici in Piano, 39",Castellarano,,info@ztrooms.it,https,Shopify,Sì,Server Plan S.r.l.,40,70,85.00,Sì,No
B&B Latordicella,Bed & Breakfast,https://www.latordicella.it/,335 310 970,"Via Chiesuola, 1280",Castel del Rio,,info@latordicella.it,https,WordPress,No,Sconosciuto,54,67,85.00,Sì,No
Agriturismo il Vado,Agriturismo,,392 291 4395,"Via Montanara Nord, 24",Borgo Tossignano,,,,,,,,,,,
Fondo Ca` Vecja,Azienda vinicola,https://www.fondocavecja.it/,0542 665194,"Via Montanara, 333",Imola,,fondocavecja@virgilio.it,https,React,Sì,Google LLC,74,95,100.00,Sì,No
B&b Mark,Bed & Breakfast,,328 468 7304,"Via Torretta, 21",Faenza,,,,,,,,,,,
Hotel Cristallo,Hotel,http://www.cristallohotel.eu/,0546 71160,"Via Firenze, 7",Riolo Terme,,info@cristallohotel.eu,http,Shopify,Sì,IT.Gate S.p.A.,60,68,92.00,Sì,No
Casa Damiano B&B Faenza,Bed & Breakfast,http://www.casadamianofaenza.it/,392 398 0071,"Via Portisano, 46",Faenza,,info@casadamianofaenza.it,https,ASP.NET,Sì,Aruba S.p.A.,53,63,100.00,Sì,No
Casalgrande Hotel,Hotel,http://www.casalgrandehotel.it/,0522 849534,"Via XXV Aprile, 27",Casalgrande,,info@casalgrandehotel.it,https,React,No,Aruba S.p.A. Network,57,86,83.00,Sì,No
Dimora del Podesta’,Bed & Breakfast,https://www.dimoradelpodesta.com/,335 809 0049,"Via Sforza Caolzio, 3",Castell'Arquato,,info@dimoradelpodesta.com,https,WordPress,Sì,Aruba S.p.A. Network,63,77,46.00,Sì,No
Bed&Wine,Bed & Breakfast,http://www.bedwine.com/,333 269 0514,"Via XXIV Maggio, 18",Brisighella,,,https,Joomla,No,Sconosciuto,67,93,100.00,Sì,No
Ristorante Bar Lago Bleu,Ristorante,http://www.ristorantelagoblu.it/,333 437 0278,"Strada Ceriato, 82",Pellegrino Parmense,,,,WordPress,Sì,Contabo GmbH,56,81,100.00,Sì,No
B@B Monte Bibele,Bed & Breakfast,,351 920 7359,"Via Del Borgo, 4",Monterenzio,,,,,,,,,,,
Hotel del Borgo,Hotel,http://www.hoteldelborgo.it/,051 406878,"Via Marco Emilio Lepido, 195",Bologna,,info@hoteldelborgo.it,http,ASP.NET,No,Sconosciuto,56,69,77.00,Sì,No
La Cà di Susano Affittacamere,Bed & Breakfast,https://www.lacadisusanoaffittacamere.it/,346 313 1730,"Loc. la Cà di, N°58",Susano,,info@lacadisusanoaffittacamere.it,https,WordPress,No,Sconosciuto,56,79,85.00,Sì,No
B&B km 70,Bed & Breakfast,https://www.km70.it/,338 246 9379,"Via Pietro Borghesi, 16",Castel Bolognese,,,https,Joomla,No,Sconosciuto,57,99,100.00,Sì,No
Hotel La Colonna,Hotel,http://www.hotellacolonna.it/,0543 445147,"Piazza della Libertà, 8",Bertinoro,,info@hotellacolonna.it,https,ASP.NET,No,Aruba S.p.A. Network,74,89,83.00,Sì,No
Gli Alloggi De il PiccoloBorgo,Bed & Breakfast,,375 816 9109,"Via Giacomo Matteotti, 106/B",Castel Maggiore,,,,,,,,,,,
"B&B Villa Paolida,Aceto Balsamico &Tastings",Bed & Breakfast,https://www.casamalagoli.it/,338 944 0258,"Via Selvatica, 32",Campazzo,,info@casamalagoli.it,https,WordPress,No,"Cloudflare, Inc.",34,39,92.00,Sì,No
La Riserva,Ristorante,http://www.lariserva.org/,329 116 7353,"Via Colatore, 36",Casalgrande,,,https,WordPress,Sì,Server Plan S.r.l.,67,86,92.00,Sì,No
Agriturismo La Prosciutta,Agriturismo,http://www.laprosciutta.it/,339 830 7021,"SS9 via Emilia Ponente, 104 località San Procolo al Ponte",Faenza,,info@laprosciutta.it,https,WordPress,No,Sconosciuto,28,55,85.00,Sì,No
B&B Residenza Gavioli - Parco Navile Castel Maggiore (BO),Bed & Breakfast,,335 671 3644,"Via Angelelli, 6",Castel Maggiore,,,,,,,,,,,
Alla Corte del Picchio Room & Breakfast,Bed & Breakfast,http://www.allacortedelpicchio.it/,333 612 2198,"CIR 037016-AF-00001 - CIN IT037016B4P62OGRTB, Via Picchio, 1",Castel Guelfo di Bologna,,info@allacortedelpicchio.it,https,Joomla,Sì,Aruba S.p.A.,40,59,100.00,Sì,No
B&B Alighieri,Bed & Breakfast,,370 364 9517,"Via D. Alighieri, 10",Castel Maggiore,,,,,,,,,,,
Locanda La Posta - Trattoria e Camere,Ristorante,http://www.locandalaposta.com/,335 666 5402,"Via Bocca Ravari, 9",Castel d'Aiano,,,https,Joomla,No,Aruba S.p.A.,45,66,92.00,Sì,No
Agriturismo La Marletta | Camere e Ristorante,Agriturismo,http://www.lamarletta.it/,348 097 7076,"Via Bergullo, 8",Imola,,info@lamarletta.it,https,Shopify,Sì,Pagine Sì,0,0,92.00,Sì,No
La Pergola B&B,Bed & Breakfast,https://www.hotelsitalic.com/la-pergola-bb/,338 375 4153,"Via Castiglione, 444",Cesena,,,https,Shopify,No,"Cloudflare, Inc.",100,100,85.00,Sì,No
Il Cardello Locanda,Diner,http://www.ilcardellolocanda.it/,0546 73917,"Via Cardello, 11",Casola Valsenio,,,https,WordPress,No,Sconosciuto,31,22,77.00,Sì,No
Porretta Holiday Home,Alloggio con uso cucina,,348 694 5137,"Via Pieve, 11",Ponte della Venturina,,,,,,,,,,,
Nettuno Hotel,Hotel,http://www.nettunohotels.it/,051 704050,"Via Marino Serenari, 13",Bologna,,bologna@hotelbb.com,http,ASP.NET,No,Aruba S.p.A,98,100,82.00,Sì,No
Agriturismo Garuti,Agriturismo,http://garutivini.it/,059 902021,"Via Carlo Testa, 16",Sorbara,,info@garutivini.it,https,React,Sì,"New Dream Network, LLC",73,67,85.00,Sì,No
Ostello dei Gessi,Ostello,http://prolocoborgotossignano.it/ostello-dei-gessi/,333 653 5541,"Piazza Andrea Costa, 13",Tossignano,,prolocoborgot@gmail.com,https,WordPress,No,Armada WAN,59,87,85.00,Sì,No
La Piana dei castagni agrit. ospitalità familiare- CIN IT037013B5HIVZL8K,Bed & Breakfast,https://pianadeicastagni.it/,051 912985,"Via Lusignano, 11",Castel D'aiano,,info@pianadeicastagni.it,https,WordPress,No,Amazon Technologies Inc.,61,86,100.00,Sì,No
B&B Borgo Massovrana,Bed & Breakfast,https://sites.google.com/view/borgomassovrana/home-page,338 372 0469,"Via Massovrana, 57",Badi,,eleonora72vacchi@gmail.com,https,React,No,Sconosciuto,56,75,75.00,Sì,No
Hotel Corticella,Hotel,http://www.hotelcorticella.com/,051 324701,"Via Alessandro Stoppato, 31",Bologna,,info@hotelcorticella.com,http,ASP.NET,No,Aruba S.p.A,80,100,91.00,Sì,No
Monte Cuccolo House,Bed & Breakfast,https://www.montecuccolohouse.com/,366 922 2525,"Via Torre, 14",Fontanelice,,montecuccolohouse@gmail.com,https,Squarespace,No,"Squarespace, Inc.",27,70,100.00,Sì,No
B&B il Bagarello,Bed & Breakfast,,393 251 5088,"Viale degli Ubaldini, 45",Palazzuolo Sul Senio,,,,,,,,,,,
B&B Casale Bondanello,Bed & Breakfast,http://www.casalebondanello.it/,051 712468,"Via Bondanello, 89",Castel Maggiore,,,https,Weebly,No,"Amazon.com, Inc.",85,92,100.00,Sì,No
Hotel Gallo,Hotel,http://www.galloegalletto.it/,0542 95924,"Piazza della Repubblica, 28/30",Castel del Rio,,info@galloegalletto.it,http,WordPress,No,EMIND1,44,37,100.00,Sì,No
La Rocca Albergo Ristorante,Ristorante,,339 812 7890,"Piazza Agnolo, 3",Firenzuola,,,,,,,,,,,
LaMì Room & Apartment,Bed & Breakfast,https://lamiroom.com/,329 428 9848,"Via S. Martino, 92",Castel San Pietro Terme,,info@lamiroom.com,https,Joomla,No,Aruba-Hosting-(Technorail),57,0,92.00,Sì,No
Room & Breakfast Nettuno 29,Bed & Breakfast,https://www.nettuno29.com/,348 295 0667,"Via del Lavoro, 29",Bologna,,,https,WordPress,No,"Amazon.com, Inc.",84,99,100.00,Sì,No
#FortCozzo,Bed & Breakfast,,351 995 5502,"Via Cozzo, 11",Casola Valsenio,,,,,,,,,,,
Albergo Bar Ristorante Luana,Hotel,https://hotel-bar-restaurant-luana-luana-di-cherici.touritaliani.top/,0534 43135,"Via Tramonti Suviana, 32",Suviana,,,https,React,No,Contabo GmbH,66,90,85.00,Sì,No
B&B LE AMARENE,Bed & Breakfast,https://bbsassuolo.it/,331 857 4488,"Viale Giacomo Matteotti, 65",Sassuolo,,bbsassuolo@gmail.com,https,Shopify,No,Aruba-Hosting-(Technorail),52,47,92.00,Sì,No
Azienda Agricola Il Fucorè B&B,Apiario,http://www.ilfucore.it/,347 110 6764,"Str. S. Biagio, 189",Borgonovo Val Tidone,,,https,WordPress,No,Aruba S.p.A.,85,99,100.00,Sì,No
Agriturismo Prato degli Angeli,Agriturismo,http://www.pratodegliangeli.it/,348 231 2034,"Via Sassonero, 2-4",Monterenzio,,info@pratodegliangeli.it,https,WordPress,No,Hetzner Online GmbH,69,63,92.00,Sì,No
Agriturismo La Fine,Agriturismo,http://www.agriturismolafine.it/,339 653 3855,"Via Piancaldoli Panoramica, 1673B",Firenzuola,,,https,WordPress,Sì,Sconosciuto,61,93,92.00,Sì,No
B&B Gan Eden Nature House,Bed & Breakfast,http://www.ganeden.it/,348 234 0443,"Via Chiesa, 16",San Benedetto del Querceto,,info@ganeden.it,https,Shopify,No,"Cloudflare, Inc.",34,34,85.00,Sì,No
B&B il Girasole,Bed & Breakfast,,338 499 3970,"Via Enrico Berlinguer, 36",Castel San Pietro Terme,,,,,,,,,,,
ALBERGO RISTORANTE STELLA,Ristorante,https://albergostella.com/,051 919067,"Via Papa Giovanni XXIII, 67",Tole',,,https,React,Sì,CalliPigia,95,97,85.00,Sì,No
A casa di Sara,Bed & Breakfast,,351 720 4529,"Via Ca' Venturoli, 1160",Castel San Pietro Terme,,,,,,,,,,,
Hotel Parigi,Hotel,,051 694 2027,"Viale Terme, 860",Castel San Pietro Terme,,,,,,,,,,,
Vinco,Alloggio completo di servizi,http://vinco.altervista.org/,349 368 0615,"Via della Casaccia, 1229",Castel del Rio,,leobetta.vinco@gmail.com,http,WordPress,No,Sconosciuto,96,98,92.00,Sì,No
Albergo Elena,Hotel,,334 208 0808,Via Emilia Ovest,Parma,,,,,,,,,,,
La casa della Nonna,Bed & Breakfast,http://www.bb-lacasadellanonna.com/,348 360 7152,"Via Faentina, 120",Brisighella,,,https,Angular,No,Aruba S.p.A. Network,41,26,85.00,Sì,No
Hotel SABO',Hotel,http://www.hotelsabo.it/,051 860553,"Via Galliera, 80",Funo,,info@hotelsabo.it,https,WordPress,No,Virtual Solution,45,63,92.00,Sì,No
Red Wine Country House,Bed & Breakfast,,348 429 7770,"Via Irma Bandiera, 112",Castel San Pietro Terme,,,,,,,,,,,
R&B Apartments Teatro,Bed & Breakfast,https://www.rebteatro.com/,339 206 9048,"Via Giuseppe Verdi, 17",Imola,,info@rebteatro.com,https,Shopify,Sì,Hetzner Online GmbH,63,91,100.00,Sì,No
Agriturismo Mariano,Agriturismo,http://www.agriturismomariano.it/,339 799 0462,"Via Cardello, 81",Casola Valsenio,,info@agriturismomariano.it,http,ASP.NET,No,Aruba S.p.A. Network,100,100,82.00,Sì,No
Villa Liverzano - Boutique Eco-Agriturismo,Agriturismo,http://www.liverzano.it/,0546 80461,"Via Chiesa di Rontana, 10",Brisighella,,info@liverzano.it,https,Squarespace,Non trovato,Sconosciuto,60,67,100.00,Sì,No
Agriturismo Il Corniolo,Agriturismo,http://www.ilcornioloagriturismo.com/,333 138 9507,"Frazione Castelnovo val tidone. Dal ufficio postale di Castelnovo girare a destra e proseguire per 800mt, STRADA DEL CORNIOLO",Borgonovo Val Tidone,,ilcorniolo@hotmail.it,https,React,No,Google LLC,59,83,73.00,Sì,No
HOTEL RISTORANTE FALCO D'ORO,Hotel,https://www.falcodoro.com/,051 919084,"Via Venola, 27",Tole',,info@falcodoro.com,https,Shopify,Sì,Sconosciuto,88,97,100.00,Sì,No
Agriturismo Bosco Del Ciu' Di Monti Davide,Agriturismo,http://www.boscodelciu.it/,0542 96328,"Via Panoramica, 4927",Castel del Rio,,,,WordPress,Non trovato,Server Plan S.r.l.,62,92,92.00,,No
Bed&Breakfast Codivilla cin: IT037021C1NH7XH2RI,Bed & Breakfast,http://www.bedandbreakfastcodivilla.it/,339 102 3767,"Ciao, Via Caduti Per la Liberta', 80",Castenaso,,info@bedandbreakfastcodivilla.it,https,ASP.NET,No,Aruba S.p.A. Network,,,,Sì,No
Alla Curva del Fiume,Bed & Breakfast,http://www.allacurvadelfiume.it/,0521 873604,"Strada Del Porto Vecchio, 1",San Secondo Parmense,,,https,Laravel,No,"Amazon.com, Inc.",69,99,100.00,Sì,No
Albergo Due Portoni,Hotel,https://www.albergodueportoni.it/,392 695 6261,"Via Giuseppe Mazzini, 139",Castel San Pietro Terme,,,https,Angular,Sì,Aruba S.p.A.,,,,Sì,No
Tre Pozzi,Hotel,https://www.hoteltrepozzi.it/,0521 825347,"Via Nazionale Emilia, 129",Fontanellato,,info@hoteltrepozzi.it,https,Shopify,No,Aruba S.p.A.,,,,Sì,No
Affittacamere| La Casa degli Artisti,Bed & Breakfast,https://lacasadegliartisti.flazio.com/,347 278 7506,"Via Galliera, 34",Funo,,,https,React,No,Google LLC,61,81,92.00,Sì,No
Agriturismo I Monti di Salecchio,Agriturismo,https://www.imontidisalecchio.it/,055 804 6850,"Località Salecchio, 7",Palazzuolo Sul Senio,,imontidisalecchio@tiscali.it,https,WordPress,No,SEEWEB s.r.l.,28,74,85.00,Sì,No
bed & breakfast Casa Elsa,Bed & Breakfast,,333 315 7204,"Via Ciottitrentadue, 2/4",Castenaso,,,,,,,,,,,
Al Melograno - Room & Breakfast,Alloggio completo di servizi,https://www.almelograno.it/,051 323752,"Via del Tuscolano, 46",Bologna,,almelograno@gmail.com,https,WordPress,Sì,SEEWEB s.r.l.,74,98,83.00,Sì,No
Agriturismo Corte Ghiara,Agriturismo,,339 447 8185,"Str. Ghiara-Sabbioni, 68",Fontanellato,,,,,,,,,,,
BORGOLAB srl di Borgotaro,Impresa di trasformazione di prodotti alimentari,http://www.borgolab.com/,0525 921132,"Via Campo Fortuna, 1/B",Borgo Val di Taro,,info@borgolab.com,https,Shopify,Sì,Keyweb AG,56,78,92.00,Sì,No
A casa di Lella,Bed & Breakfast,https://acasadilella.it/,338 829 7172,"Via E. Zanardi, 4",Budrio,,acasadilella4@gmail.com,https,React,Sì,Netsons s.r.l.,,,,Sì,No
La Cascina,Ristorante,https://hotellacascina.it/,0521 822235,"Frazione Cannetolo, 25",Cannetolo,,info@hotellacascina.com,https,WordPress,No,OVH SAS,47,78,85.00,Sì,No
Bed and Breakfast Molino Rizzo,Bed & Breakfast,http://www.molinorizzo.it/,339 546 8043,Località Molino Rizzo n.1,Nibbiano,,,http,WordPress,No,WIIT AG,98,100,91.00,Sì,No
Agriturismo La Dondina,Agriturismo,http://www.ladondina.com/,389 203 4263,"Via Dondina, 1",Budrio,,info@ladondina.com,http,React,No,Equinix (EMEA) Acquisition Enterprises B.V.,67,60,91.00,Sì,No
Agriturismo La Sosta dell'Idice,Bed & Breakfast,http://www.lasostadellidice.it/,333 853 9116,"Via 21 Ottobre 1944, 16",Castenaso,,info@lasostadellidice.it,https,Shopify,Sì,Sconosciuto,,,,Sì,No
Agriturismo La Fattoria del Boschetto,Agriturismo,http://www.lafattoriadelboschetto.it/,338 980 2543,"Strada Del Pizzale, 143",Casalbarbato,,info@lafattoriadelboschetto.it,https,React,No,Sconosciuto,,,,Sì,No
Ristorante 12 Monaci,Ristorante,http://www.12monaci.it/,0521 610010,"Via Roma, 1/A",Fontevivo,,info@12monaci.it,https,React,Sì,Aruba S.p.A.,37,31,83.00,Sì,No
"Villa Lenzi, bed & breakfast",Bed & Breakfast,https://villa-lenzi-bed--breakfast.hotelpreferito.top/,333 804 2920,"Via della Repubblica, 67",Castel San Pietro Terme,,,https,WordPress,No,Sconosciuto,,,,Sì,No
Hotel Castello - Congressi Artemide,Hotel,http://www.hotelcastello.com/,051 940138,"Viale Terme, 1010/B",Castel San Pietro Terme,,info@hotelcastello.com,https,WordPress,Sì,Aruba S.p.A.,,,,Sì,No
B&B Rose e Cioccolato,Bed & Breakfast,http://www.rosecioccolato.com/,333 385 0279,"Località Brunelli, 22",Borgo Val di Taro,,,https,WordPress,No,Seeweb s.r.l,63,77,77.00,Sì,No
Agriturismo Villa Laura,Agriturismo,http://www.villalaura-agriturismo.it/,335 630 0023,"Str. Eja, 130",Cocconi,,info@villalaura-agriturismo.it,http,WordPress,No,Aruba S.p.A. Network,72,98,85.00,Sì,No
B&B Marana 14 Casa di Campagna,Bed & Breakfast,https://marana-14-casa-di-campagna.italyexperience.top/,347 510 3137,"Via Marana, 14",Budrio,,,https,React,No,Sconosciuto,,,,Sì,No
La Corte del Mulino,Hotel,http://www.lacortedelmulino.it/,346 493 3712,"Via Nazionale Emilia, 70",Sanguinaro,,info@lacortedelmulino.it,https,Shopify,No,Aruba S.p.A.,57,79,92.00,Sì,No
B&B del Lago,Bed & Breakfast,,333 963 9099,"Via della Ginestra, n. 14",Gragnano,,,,,,,,,,,
The Green House,Appartamenti,https://www.thegreenhousebusseto.it/,366 459 1099,"Via Roma, 111",Busseto,,davidemusini@gmail.com,https,WordPress,Sì,Sconosciuto,,,,Sì,No
Casina Morgana,Bed & Breakfast,,348 760 2561,Frazione Ca’ del Vento 309,Novafeltria,,,,,,,,,,,
B&B La Casa di Graz,Bed & Breakfast,https://www.lacasadigraz.it/,335 171 1964,"Via Emilia Romagna, 5",Reggio nell'Emilia,,,https,WordPress,No,Aruba S.p.A.,,,,Sì,No
Mentore Room&Breakfast,Bed & Breakfast,http://www.mentorerb.com/,333 943 2532,"Via Fratelli Cairoli, 1",Noceto,,,https,WordPress,Sì,Aruba S.p.A.,49,46,92.00,Sì,No
B&B La casa rosa Famiglia Tizzi,Bed & Breakfast,,333 485 2805,"Via della Circonvallazione, 22",Verghereto,,,,,,,,,,,
B&B Cà Bianca,Bed & Breakfast,https://beb.it/cabiancacastelsanpietro,329 448 1910,"Via degli Artigiani, 120",Castel San Pietro Terme,,,https,Weebly,No,Sconosciuto,,,,Sì,No
Tenuta Cà Bassa,Bed & Breakfast,https://www.tenuta-cabassa.it/,339 380 0809,"Via Conventino, 1458",Castel San Pietro Terme,,info@tenuta-cabassa.it,https,Shopify,No,Sconosciuto,,,,Sì,No
Albergo Leon d'oro,Hotel,http://www.albergo-leondoro.it/,0523 849461,"Via Nino Bixio, 35",Castel San Giovanni,,info@albergo-leondoro.it,https,WordPress,Sì,Sconosciuto,,,,Sì,No
Il Fienile,Ristorante,https://www.ilfienileagriturismo.it/,349 736 9409,"Via Corlo, 120",Castel San Pietro Terme,,info@ilfienileagriturismo.it,https,React,No,Sconosciuto,,,,Sì,No
B&B La Barchessa Country House,Bed & Breakfast,https://www.labarchessa.net/,389 421 9052,"Via Marana, 11",Budrio,,,https,React,No,Sconosciuto,,,,Sì,No
LA GRITTA - Ristorante Pizzeria Hotel Specialità di Pesce e Carne,Ristorante,https://lagritta.it/,0523 849612,"Via Emilia Piacentina, 45",Castel San Giovanni,,prenotazioni@lagritta.it,https,React,No,OVH-Hosting,,,,Sì,No
Hotel San Vitale,Hotel,http://www.hotelsanvitale.com/,051 856100,"Via S. Vitale Ovest, 3949",Medicina,,info@hotelsanvitale.com,https,Shopify,No,Semplify Srl,,,,Sì,No
Bed & breakfast Da Nencio,Bed & Breakfast,,333 801 4318,"Via Riparotonda, 4",Villa Minozzo,,,,,,,,,,,
IL CASALE Bed & Breakfast,Bed & Breakfast,http://ilcasal.it/,349 669 2676,"Via Leonardo da Vinci, 23",Cadelbosco di Sotto,,ilcasaleinemilia@gmail.com,http,ASP.NET,No,Aruba-Hosting-(Technorail),,,,Sì,No
La Meridiana House,Bed & Breakfast,http://www.lameridianahouse.com/,393 456 6835,"Via Cassano, 35",Villa di Cassano,,lameridianahouse@gmail.com,https,React,Sì,Google LLC,35,0,0.00,Sì,No
Zanibabbo B&B,Bed & Breakfast,,371 434 7007,"Via Giuseppe Dozza, 40",Castel Maggiore,,,,,,,,,,,
Hotel Mistrello,Hotel,https://www.hotelmistrello.it/,0525 97444,"Via Europa, 2",Borgo Val di Taro,,,,WordPress,Sì,Seeweb s.r.l,,,,Sì,No
Ristorante - Hotel Il Gallo,Ristorante,http://www.hotelilgallo.it/,051 941114,"Via della Repubblica, 32",Castel San Pietro Terme,,info@hotelilgallo.it,https,WordPress,No,Sconosciuto,,,,Sì,No
Agriturismo Il Falco,Agriturismo,http://www.agriturismoilfalco.it/,340 695 4194,"Località Trappola, 7",Alfero,,info@agriturismoilfalco.it,https,ASP.NET,No,Aruba S.p.A. Network,,,,Sì,No
Alle Roncole - Ristorante Con Locanda Busseto,Ristorante,http://www.alleroncole.it/,0524 930015,"Strada Processione, 179",Busseto,,info@alleroncole.it,https,Shopify,No,Host SpA,,,,Sì,No
Casa Flora,Bed & Breakfast,,339 221 0135,"Via Al Prato, 6",Pennabilli,,,,,,,,,,,
Anusca Palace Hotel,Hotel,https://anuscapalacehotel.com/,051 948824,"Viale Terme, 1058",Castel San Pietro Terme,,reception@anuscapalacehotel.it,https,Angular,No,Sconosciuto,,,,Sì,No
Podere Fabbrani,Hotel,https://beb.it/poderefabbrani,351 764 7893,Rovine di Cavedale,Pennabilli,,,https,Magento,No,"Amazon.com, Inc.",,,,Sì,No
B&B Rua del Picchio,Bed & Breakfast,,366 873 8424,"Viale dei Mille, 50",Ziano Piacentino,,,,,,,,,,,
Albergo Ristorante Bismantova,Hotel,http://albergobismantova.com/,0522 811366,"Via Roma, 73",Castelnovo ne' Monti,,,https,WordPress,No,"Automattic, Inc",,,,Sì,No
Guinness Planet,Ristorante,http://www.guinnessplanet.it/,0523 883764,"Via Dogana Po, 19",Castel San Giovanni,,,http,WordPress,No,Sconosciuto,,,,Sì,No
Agriturismo Flabeto,Agriturismo,https://agriturismo-flabeto.albergo.top/,051 693 9305,"Via Bagnarola, 4",Budrio,,,https,WordPress,No,Sconosciuto,,,,Sì,No
SassoErminia B&B Ecosostenibile,Bed & Breakfast,http://www.sassoerminia.it/,349 522 6391,"Via Alessandro Volta, 90",Secchiano,,info@sassoerminia.com,https,WordPress,Sì,Aruba S.p.A.,,,,Sì,No
B&B Il Roseto,Bed & Breakfast,,335 606 2805,"Via Montanara, 3408",Sant'Eusebio,,,,,,,,,,,
Locanda Da Romano,Locanda,https://daromano.com/,339 846 0297,"Via Emilia, 71",Cadeo,,locandadaromano1936@gmail.com,https,Shopify,No,"Cloudflare, Inc.",,,,Sì,No
B&B Podere San Vitale,Bed & Breakfast,,0524 91955,"Strada Bassa de Maj, 271",Roncole Verdi,,,,,,,,,,,
PaeseMio Affittacamere Guest House,Bed & Breakfast,https://www.paesemiocervarezza.com/,335 520 9653,"Via del Barbiere, 12",Ventasso,,paesemio.cervarezza@gmail.com,https,Angular,No,Host SpA,,,,Sì,No
MASTER HOTEL - Reggio Emilia,Hotel,http://www.masterhotel.net/,338 830 3333,"Galleria Giuseppe Carretti, 3/a",Cadelbosco di Sopra,,,https,WordPress,Sì,Aruba S.p.A.,,,,Sì,No
Ca' Lambru B&B,Bed & Breakfast,https://bebcalambru.wixsite.com/ilmiosito,378 413 3756,"Via A. Mantegna, 2",Castelnovo di Sotto,,bebcasalambru@gmail.com,https,Wix,Sì,Google LLC,,,,Sì,No
B&B CIVICO 07,Bed & Breakfast,http://www.civico07fontanellato.com/,345 354 1470,"via luigi sanvitale, 7",Fontanellato,,info@civico07fontanellato.com,https,WordPress,Sì,Aruba S.p.A.,,,,Sì,No
Il Ginepro Ristorante Agriturismo,Ristorante,http://www.ilginepro.coop/,0522 611088,"Via Ginepreto, 7",Castelnovo ne' Monti,,,https,React,No,Server Plan S.r.l.,,,,Sì,No
Foresteria San Benedetto,Ristorante,https://www.foresteriasanbenedetto.it/,0522 611752,"Viale Bismantova, 43/A",Castelnovo ne' Monti,,info@foresteriasanbenedetto.it,https,WordPress,No,Netsons s.r.l.,,,,Sì,No
Locanda da Cines,Hotel,,0522 812462,"Piazzale Rovereto, 2",Castelnovo ne' Monti,,,,,,,,,,,
B&B la Divina Pietra,Bed & Breakfast,,338 333 4406,"Via Carnola, 17",Castelnovo ne' Monti,,,,,,,,,,,
Reno bed and breakfast,Bed & Breakfast,,345 454 2197,"Via Longarola, 82",Longara,,,,,,,,,,,
Castello di Luzzano,Azienda vinicola,http://www.castelloluzzano.it/,0523 863277,"loc. LUZZANO, 5",Rovescala,,,https,WordPress,No,WIIT AG,,,,Sì,No
Mucca Argentina | Ristorante Argentino e Albergo,Ristorante argentino,https://muccaargentina.it/,059 512753,"V. Vandelli, 4/i",Montale,,,https,React,Sì,Hetzner,,,,Sì,No
Andrea Affittacamere e B&B,Bed & Breakfast,,328 576 9223,"Via Statale, 93",Solignano Nuovo,,,,,,,,,,,
B&B Molino Del Gobbo,Bed & Breakfast,http://www.molinodelgobbo.com/,339 142 1460,"Località Campomarzio, 1",Sant'Agata Feltria,,info@molinodelgobbo.com,http,ASP.NET,No,Aruba S.p.A. Network,,,,Sì,No
Casa Cabrini,Bed & Breakfast,,338 857 5544,"Via Maria Melato, 10",Castelnovo di Sotto,,,,,,,,,,,
Villa Costanza Hotel & Gourmet Restaurant,Location per matrimoni,https://www.villacostanzahotel.it/,0523 510823,"Strada Ponteriglio, 27",Pontenure,,info@villacostanzahotel.it,https,Joomla,No,Sconosciuto,,,,Sì,No
Bed and breakfast Monte Ventasso,Bed & Breakfast,,366 417 7979,"Terme, Via Pagani Mentore, 27",Cervarezza,,,,,,,,,,,
Affittacamere Arcobaleno,Hotel,http://arcobalenosanleo.it/,334 300 6686,"Via Montefeltro, 6",San Leo,,arcobalenosanleo@gmail.com,https,Angular,Sì,Aruba S.p.A. Network,,,,Sì,No
Castelnovo Resort,Hotel Resort,http://www.castelnovoresort.it/,0522 812586,"Via Roma, 53/A",Castelnovo ne' Monti,,info@castelnovoresort.it,https,React,No,Sconosciuto,,,,Sì,No
B&B Casadelia,Bed & Breakfast,,328 158 0070,"Via Parco Ugonia, 24",Brisighella,,,,,,,,,,,
Locanda CasaMerló,Ristorante italiano,,051 021 6294,"Via di Mezzo Levante, 28",Calderara di Reno,,,,,,,,,,,
London Cafè,Pizzeria,http://www.london-cafe.it/,0522 611664,"Via Salvador Allende, 17",Castelnovo ne' Monti,,info@london-cafe.it,https,WordPress,No,Aruba S.p.A. Network,,,,Sì,No
Hotel & Loisirs Le Ruote,Hotel,http://www.hotelleruote.com/,0523 500427,"Via Emilia, 204",Roveleto,,,https,ASP.NET,Sì,Netsons s.r.l.,,,,Sì,No
Infinito Bed & Breakfast,Bed & Breakfast,,338 811 3309,"Via per Formigine, 1/a",Castelnuovo Rangone,,,,,,,,,,,
Hotel Arthur,Hotel,http://www.hotelarthur.it/,059 748028,"Via Statale, 204",Solignano Nuovo,,info@hotelarthur.it,https,WordPress,Sì,Sconosciuto,,,,Sì,No
Agriturismo Locanda di Federico,Agriturismo,,0541 925961,"Località Senatello, 11",Senatello,,,,,,,,,,,
Agriturismo Corte Manzini,Agriturismo,http://www.cortemanzini.it/,059 701049,"di Castelvetro, Via Modena, 147",Settecani,,,https,WordPress,No,Sconosciuto,,,,Sì,No
TAWERNA,Bed & Breakfast,https://www.bed-and-breakfast.it/it/emilia-romagna/tawerna-longara/56831,345 448 9300,"Via Longarola, 43",Calderara di Reno,,,https,Vue,Sì,Sconosciuto,,,,Sì,No
B&B Margherita Le Fiabe,Bed & Breakfast,https://www.bebmargheritalefiabe.it/,0541 929123,"Via Guido Tiberti, 3",Sant'Agata Feltria,,info@bebmargheritalefiabe.it,https,WordPress,No,Hetzner Online GmbH,,,,Sì,No
Maison Country,Bed & Breakfast,,338 704 4486,"Via Benazza, 9",Bologna,,,,,,,,,,,
Locanda la campagnola,Locanda,https://mymenuweb.com/int/restaurants/1762712/?utm_source=google_profile&utm_medium=google_profile&utm_campaign=admin,059 771032,"Via Cà de Barozzi, 20",Vignola,,,https,Shopify,No,Sconosciuto,,,,Sì,No
Residence Albergo Tre Re,Hotel,http://www.residencetrere.it/,388 449 2354,"Via Roma, 17",Castelnovo ne' Monti,,apr.snc@gmail.com,https,React,No,Register.it-Hosting,,,,Sì,No
Hotel La Vela,Hotel,https://www.hotelsandiamo.com/hotel-la-vela/,339 238 1193,"Via Montanara, 36",Castelnuovo Rangone,,,https,Shopify,No,Sconosciuto,,,,Sì,No
Insolita Locandiera,Bed & Breakfast,,0546 81268,"Via Montecchio, 23",Brisighella,,,,,,,,,,,
La Casa all'ombra della Chiesa,Alloggio completo di servizi,,347 724 8952,Via M. Nizzoli,Brescello,,,,,,,,,,,
La Corte,Bed & Breakfast,http://www.lacortehomerestaurant.it/,335 628 0620,"Via Quattro Madonne, 22",Castelnuovo Rangone,,,https,React,No,Aruba S.p.A. Network,,,,Sì,No
Bed & Breakfast Podere Merlo,Bed & Breakfast,http://www.poderemerlo.it/,335 772 0191,"Str. Burla, 55",Parma,,info@poderemerlo.it,https,WordPress,Sì,Sconosciuto,,,,Sì,No
Giardino di Mia,Bed & Breakfast,http://www.giardinodimia.com/,348 409 9304,"Via Roma, 108",Calderara di Reno,,info@giardinodimia.com,http,React,No,Aruba S.p.A.,,,,Sì,No
B&B Il Borghetto di DURAZZO Paola Calderara di Reno (Bo)temporaneamente CHIUSO,Bed & Breakfast,,340 576 1193,"Via Longarola, 84",Calderara di Reno,,,,,,,,,,,
Hotel La Fenice,Hotel,http://www.fenicehotel.it/camere.php,059 573344,"Via Gatti, 3/73",Formigine,,info@fenicehotel.it,https,Joomla,Sì,Servereasy Srl,,,,Sì,No
Trattoria Pizzeria Via Larga,Ristorante,,0542 53425,"Via Larga, 1",Via Larga,,,,,,,,,,,
B & B VERDE NATURA,Bed & Breakfast,http://www.verdenaturaspilamberto.it/,327 909 4039,"Via Modenese, 3227/A",Spilamberto,,verdenaturaspilamberto@gmail.com,https,Basekit,No,Aruba S.p.A.,,,,Sì,No
R&B MiDora Montale,Bed & Breakfast,https://roomandbreakfastmidora.webadorsite.com/,342 310 2244,"Via S. Giuseppe, 10",Montale,,info@b-b-hotel-midora.it,https,React,No,Sconosciuto,,,,Sì,No
Agriturismo Ca' di Mezzo,Agriturismo,https://cadimezzo.it/,339 410 8573,"Via Baccagnano, 12",Brisighella,,,https,Shopify,No,Aruba S.p.A. Network,,,,Sì,No
Bottega13 B&B,Bed & Breakfast,http://www.bottega13.online/,349 535 3996,"Vicolo della Bottega, 13",Cereggio,,,https,Squarespace,No,Register.it-Hosting,,,,Sì,No
Casa Flosa B&B,Bed & Breakfast,https://casaflosa.it/,335 705 8499,"Via Flosa, 553",Medicina,,,https,Magento,No,"Amazon.com, Inc.",,,,Sì,No
Il Borgo Casteldelci,Hotel,https://www.ilborgocasteldelci.com/,347 088 8263,"Via Castello, 6",Casteldelci,,info@ilborgocasteldelci.com,https,Shopify,Sì,"DigitalOcean, LLC",,,,Sì,No
Hotel Albergo Locanda la Cavallina ***,Hotel,http://www.locandalacavallina.it/locanda/it/listino-prezzi,0546 609744,"Via Moreda, 6",Brisighella,,locandalacavallina@gmail.com,https,React,No,Aruba S.p.A.,,,,Sì,No
Corte degli Angeli Agriturismo,Bed & Breakfast,https://cortedegliangeli.eu/,335 687 5802,"Str. Piacentine, 112",Roncole Verdi,,,https,Shopify,Sì,"Cloudflare, Inc.",,,,Sì,No
Hotel Don Camillo,Hotel,https://hoteldoncamillobrescello.top/,0522 962167,"Via Strada della Cisa, 60",Brescello,,,https,WordPress,Sì,"Cloudflare, Inc.",,,,Sì,No
Modus Vivendi Hotel & Spa,Albergo benessere,http://www.modus-vivendi.it/,393 880 9684,"Via Roma, 5D",Brisighella,,info@trattoria-lacesetta.it,https,Shopify,No,Amazon Technologies Inc.,,,,Sì,No
La Torre di Longara,Bed & Breakfast,https://www.latorredilongara.it/,370 320 4401,"V. Valli, 44",Longara,,info@latorredilongara.it,https,WordPress,No,Aruba S.p.A.,,,,Sì,No
Room And Breakfast Al Bargello ,Bed & Breakfast,https://room-and-breakfast-al-bargello.italyfun.top/,051 646 3025,"Via del Vivaio, 18/a",Bargellino,,,https,WordPress,No,Contabo GmbH,,,,Sì,No
Agriturismo - Residenza Le Magnolie,Agriturismo,http://www.residenza-lemagnolie.it/,334 330 6588,"Via Barca, 2",Calderara di Reno,,info@residenza-lemagnolie.it,https,React,Sì,Aruba S.p.A,,,,Sì,No
Albergo Zoello Je Suis,Hotel,http://www.zoello.it/,059 702624,"Via Modena, 171",Settecani,,info@zoello.com,https,WordPress,Sì,Servereasy Srl,,,,Sì,No
House Hotel,Hotel,https://hotel-house.migliorhotel.top/,051 786669,"Via Dante Alighieri, 2",Castenaso,,,https,React,No,Contabo GmbH,,,,Sì,No
Il Contado -room and breakfast-,Bed & Breakfast,https://www.ilcontadoroomandbreakfast.com/,392 055 9884,"Via Emilia Est, 705",San Cesario sul Panaro,,info@ilcontadoroomandbreakfast.com,https,Basekit,No,Sconosciuto,,,,Sì,No
B&B Nido sui Laghi,Bed & Breakfast,http://nidosuilaghi.com/,338 161 1588,Stradello Barca,Modena,,info@nidosuilaghi.com,https,ASP.NET,No,Aruba S.p.A. Network,,,,Sì,No
Locanda del Toro,Agriturismo,http://www.locandadeltoro.it/,353 428 6108,"Via Persicetana, 31/2",Calderara di Reno,,info@locandadeltoro.it,https,React,No,Google LLC,,,,Sì,No
La Fornace,Bed & Breakfast,,335 827 9348,"Via S. Pietro, 26",Ozzano dell'Emilia,,,,,,,,,,,
BB Villa al Parco,Bed & Breakfast,http://www.bb-villa-al-parco.it/,348 871 6131,"Via G. Adorni, 2",Sala Baganza,,info@bb-villa-al-parco.it,https,WordPress,No,Sconosciuto,,,,Sì,No
Hotel Poli,Hotel,http://www.hotelpoli.it/,0522 683168,"Via Giacomo Puccini, 1",Castelnovo di Sotto,,,https,React,Sì,Google LLC,,,,Sì,No
Villa Ferrari Oriella,Bed & Breakfast,https://www.villaferrarioriella.com/,320 193 5127,"Via Statale, 89",Solignano Nuovo,,villaferrarioriella@gmail.com,https,Wix,No,Google LLC,,,,Sì,No
Albergo La Meridiana,Hotel,https://lameridianahotel.it/,0546 81590,"Viale delle Terme, 19",Brisighella,,info@lameridianahotel.it,https,React,No,HOSTINGER DE,,,,Sì,No
Monte Pagliaio B&B,Bed & Breakfast,,345 032 0144,"Via Converselle, 7",Castrocaro Terme e Terra del Sole,,,,,,,,,,,
La casa di Maryangel B&B,Bed & Breakfast,https://sites.google.com/view/la-casa-di-maryangel/home-page,339 640 8882,"Via Felice Cavallotti, 30",Medicina,,,https,React,Sì,Google LLC,,,,Sì,No
B&B Locanda nel Vento,Bed & Breakfast,http://www.lalocandanelvento.it/,335 662 1523,"Via Canesano, 4",Calestano,,,http,WordPress,No,Sconosciuto,,,,Sì,No
Hotel Tiberio,Hotel,,0523 149 0862,"Via Piacenza, 30",Lugagnano Val d'Arda,,,,,,,,,,,
Hotel Prati,Hotel,https://www.hotelprati.info/,0543 767531,"Via Antonio Samorì, 6",Castrocaro Terme e Terra del Sole,,info@hotelprati.info,https,Angular,No,Sconosciuto,,,,Sì,No
Castelfranco Hotel,Hotel,http://www.castelfrancohotel.it/,059 925252,"Via Visconti, 6",Castelfranco Emilia,,info@castelfrancohotel.it,https,WordPress,Sì,Sconosciuto,,,,Sì,No
Il Roseto Bed and Breakfast,Bed & Breakfast,,331 484 1464,"Via Emilia Est, 2544",San Cesario sul Panaro,,,,,,,,,,,
Hotel Riverside,Hotel,,059 956065,"Via Emilia Est, 2456/s/P",San Cesario sul Panaro,,,,,,,,,,,
B&B La Vecchia Quercia,Bed & Breakfast,http://www.beblavecchiaquercia.it/,334 354 5492,"Str. Spagnano, 29",Fornovo di Taro,,info@beblavecchiaquercia.it,http,ASP.NET,No,Sconosciuto,,,,Sì,No
Forlì House,Bed & Breakfast,,371 304 8564,Via degli Spalti,Forlì,,,,,,,,,,,
La Corte Del Cavaliere,Bed & Breakfast,http://www.lacortedelcavaliere.it/,347 248 1341,"Via Fornace, 4",Calderara di Reno,,info@lacortedelcavaliere.it,http,Joomla,No,Sconosciuto,,,,Sì,No
Bar Albergo Ristorante Mantovani,Hotel,https://bar-albergo-ristorante-mantovani.italiacongusto.top/,0525 52118,"V. Giuseppe Mazzini, 2",Calestano,,,https,React,No,Ipxo LLC,,,,Sì,No
B&B Villa Dircea,Bed & Breakfast,http://www.villadircea.it/,0523 804150,"Str. Fiorenzuola, 2",Castell'Arquato,,croci@vinicroci.com,http,ASP.NET,No,Aruba S.p.A. Network,,,,Sì,No
Azienda Agricola Tre Rii,Sidreria,https://www.agricolatrerii.it/,349 412 0109,"30, Loc",Tre Rii,,agricolatrerii@gmail.com,https,Joomla,No,Sconosciuto,,,,Sì,No
B&B Avamposto di Alpicella,Bed & Breakfast,,346 325 4370,"Via Canesano, Località Alpicella, 22",Calestano,,,,,,,,,,,
B&B Villa delle Querce,Bed & Breakfast,http://www.villadellequerce.eu/,347 936 8875,"Via del Braldo, 45",Forlì,,,https,Joomla,No,SEEWEB s.r.l.,,,,Sì,No
Bed and Breakfast Le Quattro Querce,Servizio di ricerca di compagni di stanza,https://lequattroquerce.com/,346 092 0412,"Via Pilastrino, 18",Calderara di Reno,,info@lequattroquerce.com,http,Shopify,Sì,FranTech Solutions,,,,Sì,No
Hotel Villa Serena 3 stelle Castrocaro Terme,Hotel,https://www.hotelvillaserena.net/,0543 767341,"Via A. Gramsci, 19",Castrocaro Terme,,,https,Webnode,No,Amazon Technologies Inc.,,,,Sì,No
B&B Easydoro,Bed & Breakfast,,059 932032,"Via Alessandro Tassoni, 24",Castelfranco Emilia,,,,,,,,,,,
Villa Solarola Country House,Hotel,https://www.villasolarola.com/,339 560 5581,"Via Santa Croce, 5",Castel Guelfo di Bologna,,eventi.solarola@gmail.com,https,WordPress,No,Sconosciuto,,,,Sì,No
Bed & Breakfast Il Trovatore Busseto,Bed & Breakfast,https://beb.it/iltrovatorebusseto,333 455 6893,"Via Musini, 36",Busseto,,,https,React,No,"Amazon.com, Inc.",,,,Sì,No
"Rooms & Breakfast, ristorante per eventi Ca' Vincenzona, area welness",Alloggi al coperto,http://www.cavincenzona.it/,351 824 8254,"Via S. Mamante, 125",Faenza,,cavincenzona@gmail.com,https,Shopify,Sì,EhiWeb.it Hosting,,,,Sì,No
Notte Rosa Suites & Relax,Villa,https://www.notterosarelax.com/chisiamo,353 424 7609,"Str. Caselle, 38",Fornovo di Taro,,notterosa.relax@gmail.com,https,WordPress,No,Google LLC,,,,Sì,No
Alla Locanda del Cinquecento,Bed & Breakfast,,320 038 5661,"Via Goffredo Mameli, 13",Terra del Sole,,,,,,,,,,,
Glicine & more,Bed & Breakfast,,328 829 7227,"Via Veclezio, 63E",Forlì,,,,,,,,,,,
B&B La Palazzina Vernasca,Bed & Breakfast,http://www.palazzinavernasca.it/,338 494 7762,"Via Palazzina, 29/A",Vernasca,,july.f@libero.it,https,Angular,No,Host SpA,,,,Sì,No
Master Hotel Castelvetro Piacentino,Hotel,,373 733 0224,Loc Fornace N 1,Castelvetro Piacentino,,,,,,,,,,,
AGRITURISMO MANCASSOLA,Bed & Breakfast,http://www.agriturismomancassola.it/,0523 691046,"Via Milano, 48",Valconasso,,,https,WordPress,No,SEEWEB s.r.l.,,,,Sì,No
b&b da robby,Hotel,,324 553 3740,"Via Emilia Ovest, 224",Parma,,,,,,,,,,,
B&B La Cinghialina,Bed & Breakfast,http://www.lacinghialina.it/,348 780 7607,"Case Sparse Zilioli, 47",Castell'Arquato,,,https,Joomla,No,Keliweb S.R.L,,,,Sì,No
Fondo Giardinetto,Bed & Breakfast,http://www.fondogiardino.it/,331 283 3684,Via Mavora 21a-c Angolo via Emilia Ponte Sant Ambrogio,Bottega Nuova,,,http,ASP.NET,No,Sconosciuto,,,,Sì,No
Al Porretto Castelfranco Emilia (Modena),Bed & Breakfast,https://www.alporretto.com/,333 943 9277,"Via Porretto, 22",Cavazzona,,,https,React,No,Hetzner Online GmbH,,,,Sì,No
Hotel Ambasciatori,Hotel,http://www.villagehotel.it/,0543 768150,"Via L. Cantarelli, 10",Terra del Sole,,info@villagehotel.it,https,React,Sì,Contabo GmbH,,,,Sì,No
Casa,Bed & Breakfast,,333 690 7106,"Via Andrea Rivasi, 93",Cavriago,,,,,,,,,,,
Ayri Hotel,Hotel,http://www.hotel-ayri.it/,0525 422045,"Str. Cornaccina, 53/a",Medesano,,info@hotel-giallo.it,https,WordPress,No,Serverplan s.r.l.,,,,Sì,No
Residenza Chiara,Bed & Breakfast,http://residenzachiaraforli.it/,351 559 8090,"Via Lorenzo Gentili, 25",Forlì,,,https,React,No,Google LLC,,,,Sì,No
Hotel Castello di Vigoleno,Hotel,http://castellodivigoleno.com/,329 308 0213,"P.za IV Novembre, 2",Vigoleno,,info@castellodivigoleno.com,https,Angular,Sì,Aruba S.p.A.,,,,Sì,No
Villa Tartaruga,Bed & Breakfast,http://www.villatartaruga.it/,377 205 1796,"Via Garzolè, 41/43",Castelfranco Emilia,,,https,WordPress,No,Logos S.P.A.,,,,Sì,No
Agriturismo Virano19,Agriturismo,https://www.virano19.it/,351 580 9985,"Via Virano, 19",Castrocaro Terme e Terra del Sole,,info@virano19.it,https,Shopify,Sì,Server Plan S.r.l.,,,,Sì,No
Agriturismo La Lupa,Agriturismo,http://www.lalupa.it/,059 934591,"Via Cassola di Sopra, 22",Castelfranco Emilia,,lalupa@lalupa.it,https,WordPress,No,Critical Case s.r.l,,,,Sì,No
Hotel San Marco & Formula Club,Hotel,http://www.hotelsanmarcoclub.it/,0521 615072,"Via Emilia Ovest, 42",Ponte Taro,,info@hotelsanmarcoclub.it,https,ASP.NET,No,Register.it-Hosting,,,,Sì,No
Naturaliterre B&B - Microfattoria,Bed & Breakfast,http://www.naturaliterre.com/,351 918 8010,"Via Dei Castagneti, 5",Dovadola,,info@naturaliterre.com,https,Joomla,No,OVH ISP,,,,Sì,No
B&B Casa nel Borgo,Bed & Breakfast,http://www.bbcasanelborgo.it/,335 765 4181,Via circonvallazione N3,Golferenzo,,customer.service@booking.com,http,Odoo,Sì,Sconosciuto,,,,Sì,No
A casa mia Bed & Breakfast,Bed & Breakfast,,333 638 6312,"Via Anna Frank, 8",Cavriago,,,,,,,,,,,
Ca Veja B&B Forlì,Bed & Breakfast,https://cavejaforli.it/,334 381 2864,"Via Masetti Antonio, 10",Forlì,,//info@cavejaforli.it,https,Joomla,Sì,Amazon Technologies Inc.,,,,Sì,No
Agriturismo Villa romagna,Agriturismo,https://agriturismovillaromagna.my.canva.site/,328 107 8070,Via colombara,Vernasca,,paola.rocchetta@gmail.com,https,Canva Websites,No,Sconosciuto,,,,Sì,No
B&B Nadine - Forlì,Bed & Breakfast,http://www.bbnadine.it/,349 559 0993,"Via dei Carradori, 14",Forlì,,info@bbnadine.it,https,WordPress,No,"Cloudflare, Inc.",,,,Sì,No
Il Borghetto B&B,Bed & Breakfast,http://www.borghettobnb.it/,333 367 5316,"Via Borghetto, 3",Cavriago,,,,Wix,Non trovato,Sconosciuto,,,,No - Pagina Non Trovata (404),No
Il Sole Bed & Breakfast,Bed & Breakfast,http://www.ilsolebb.com/,0543 479049,"Via Comugno, 21",Forlì,,,https,React,No,"DigitalOcean, LLC",,,,Sì,No
Real Fini Baia del Re Hotel Ristorante,Ristorante,https://www.hotelbaiadelre.com/it/?utm_source=google&utm_medium=organic&utm_campaign=GoogleMyBusiness,059 479 2111,"Str. Vignolese, 1684",Modena,,info@hotelbaiadelre.com,https,WordPress,Sì,OVH SAS,,,,Sì,No
Giardino 34,Bed & Breakfast,http://www.giardino34.it/,350 044 3255,"Via S. Pellegrino Laziosi, 34",Forlì,,info.giardino34@gmail.com,https,WordPress,Sì,Sconosciuto,,,,Sì,No
B&B Un Bacio in Bicicletta,Bed & Breakfast,http://www.bacioinbicicletta.it/,338 871 5657,"Via Decio Raggi, 217",Forlì,,cristina@bacioinbicicletta.it,https,WordPress,No,Sconosciuto,,,,Sì,No
Albergo Visconti,Hotel,https://www.albergovisconti.it/,0372 431891,"Via Giuseppina, 145",Cremona,,info@albergovisconti.it,https,Shopify,Sì,Sconosciuto,,,,Sì,No
BnB Lady,Bed & Breakfast,,333 910 1360,"Via Fabbri, 1",Castelvetro di Modena,,,,,,,,,,,
Cora Hotels Leon d'Oro Castell'Arquato,Hotel,https://www.corahotelsleondoro.com/,0523 340598,"Piazza Europa, 6",Castell'Arquato,,commerciale@corahotels.com,https,Wix,No,Google LLC,,,,Sì,No
B&B Casa Savioli,Bed & Breakfast,https://b-b-casa-savioli.migliorhotel.top/,335 735 9740,"Via Madonna di Genova, 110",Cotignola,,,https,WordPress,No,Contabo GmbH,,,,Sì,No
Albergo Paradise,Hotel,https://albergo-paradise.alberghiinitalia.top/,0522 575308,"Via Ernesto Arduini, 6",Cavriago,,,https,React,No,Contabo GmbH,,,,Sì,No
B&B Le due magnolie,Bed & Breakfast,,339 505 5517,"Via V. Monti, 13",Cotignola,,,,,,,,,,,
Agriturismo - Corte Bebbi,Agriturismo,http://www.cortebebbi.it/,348 560 6321,"Via Lazzaro Spallanzani, 119 - Loc",Barco,,,https,WordPress,No,Serverplan,,,,Sì,No
Le Stagioni Luxury Suite B&B,Bed & Breakfast,http://www.lestagioniluxurysuite.com/,338 779 2709,"Viale V. Veneto, 44",Forlì,,info@lestagioniluxurysuite.com,https,Django,No,Host SpA,,,,Sì,No
Porta merlonia house,Bed & Breakfast,,335 656 5405,"Via Porta Merlonia, 20",Forlì,,,,,,,,,,,
Bed and Breakfast Quattro Colli,Bed & Breakfast,http://www.quattrocolli.it/,340 647 4953,"Via I. Lenin, 81",Quattro Castella,,,https,Wix,No,Google LLC,,,,Sì,No
Una Casa Bottega,Bed & Breakfast,,351 681 2883,"Via Camillo Cavour, 31",Barco,,,,,,,,,,,
Ca' Dei Sogni,Bed & Breakfast,http://www.opera02.it/,059 741019,"Via Celestino Cavedoni, 44",Levizzano Rangone,,info@opera02.it,https,React,Sì,Servereasy Srl,,,,Sì,No
Villa Dacia,Bed & Breakfast,,333 352 8161,"Via Roma, 7",Guiglia,,,,,,,,,,,
La vecchia soffitta,Bed & Breakfast,http://lavecchiasoffitta.flazio.com/,327 328 9660,"Via Roma, 38",Cotignola,,,https,React,No,Sconosciuto,,,,Sì,No
Hotel Galliano,Hotel,http://www.gallianohotel.com/,0543 781930,"V.le Roma, 402",Forlì,,,http,Joomla,No,Aruba S.p.A.,,,,Sì,No
B&B Le Due Gemme,Bed & Breakfast,,333 315 5719,"Via Ponte, 13",Marsaglia,,,,,,,,,,,
Locanda Del Feudo Suites,Locanda,http://www.locandadelfeudo.it/,059 708711,"Via Cialdini, 9",Castelvetro di Modena,,,https,Shopify,Sì,Aruba S.p.A. Network,,,,Sì,No
Tasi apartaments,Bed & Breakfast,,378 412 3675,"Via Giovanni Vicini, 6",Cento,,,,,,,,,,,
Hotel Duardi',Hotel,https://hotel-duardi.guideditalia.top/,0543 448468,"SS 9 Via Emilia, 216",Bertinoro,,,https,WordPress,No,Contabo GmbH,,,,Sì,No
Hotel Cavezzo,Hotel,https://gratis-4710721.webadorsite.com/,0535 652322,"Via Camillo Benso Conte di Cavour, 373",Cavezzo,,hotelcavezzo@gmail.com,https,React,No,Sconosciuto,75,99,100.00,Sì,No
Agrituristica Le Casette,Agriturismo,http://www.lecasettemodena.com/,059 757 0015,"Via Ghiarone, 63",Castelvetro di Modena,,info@lecasette1879.it,http,WordPress,Sì,SEEWEB s.r.l.,,,,Sì,No
Best Western Plus Hotel Modena Resort,Hotel,https://www.modenaresort.it/,059 511151,"Via Giardini Nord, 438",Formigine,,info@modenaresort.it,https,ASP.NET,Sì,Amazon Technologies Inc.,48,56,85.00,Sì,No
Residence La Tartufaia,Bed & Breakfast,,059 867 8208,Via Bassa Paolucci 44 41043,Casinalbo,,,,,,,,,,,
Calicanto b&b,Bed & Breakfast,http://www.calicantobnb.it/,333 831 4332,"Via Antonio Gramsci, 46",Formigine,,info@calicantobnb.it,https,Joomla,No,Aruba S.p.A.,,,,Sì,No
Casa Arduà Bed & Breakfast,Bed & Breakfast,http://www.casardua.it/,334 917 3078,"Via Piretta, 10",Carpena,,info@casardua.it,https,WordPress,No,Netsons Network,,,,Sì,No
il Ristoro di Hemingway,Ristorante,,351 797 6976,"Via Nazionale, 39",Perino,,,,,,,,,,,
R&B Il Melograno,Bed & Breakfast,https://bb-il-melograno.albergo.top/,347 006 8084,"Via Ghiarola, 59",Formigine,,,https,WordPress,No,Sconosciuto,64,91,85.00,Sì,No
B&B Le Gelosie - Affittacamere,Bed & Breakfast,,340 463 1317,"Via Montalbano, 38",Medolla,,,,,,,,,,,
Maison Comtesse,Bed & Breakfast,,335 595 2170,"4 Via Rialto Numero 4, piano 2, interno 9",Bologna,,,,,,,,,,,
Hotel e Residence La Pace,Hotel,https://www.hotelresidencelapace.it/?utm_source=gmb&utm_medium=organic&utm_campaign=click_link,333 681 0997,"Via Concordia, 135",Cavezzo,,hotelresidence.lapace@gmail.com,https,WordPress,Sì,Sconosciuto,61,62,92.00,Sì,No
Locanda alla Mano,Ristorante,http://www.locandaallamano.it/,0543 747108,"Via della Repubblica, 16",Forlimpopoli,,info@locandaallamano.it,https,React,Sì,Serverplan S.r.l.,56,77,92.00,Sì,No
B&B Il Mille,Bed & Breakfast,http://www.bb-ilmille.it/,051 682 6040,"Via Cimitero Vecchio, 17/C",San Matteo della Decima,,info@bb-ilmille.it,https,WordPress,Sì,Sconosciuto,65,92,85.00,Sì,No
B&B Santo Stefano,Bed & Breakfast,http://bebsantostefano.wixsite.com/bebsantostefano,335 101 2274,"Via Luigi Ballardini, 6",Cotignola,,,https,Wix,No,Sconosciuto,71,97,100.00,Sì,No
CIN IT037053C1KPMW5QEK B&B San Matteo,Bed & Breakfast,,338 210 0272,"Via Minezzi, 44",San Matteo della Decima,,,,,,,,,,,
B&B La Pilastrina,Alloggi al coperto,https://lapilastrina.com/,392 670 6925,"Via Cappella, 53",Maranello,,gradepalma@gmail.com,https,React,Sì,Netsons s.r.l.,65,91,100.00,Sì,No
room and breakfast Viale Manzoni,Bed & Breakfast,,331 456 8492,"Viale A. Manzoni, 5",Sassuolo,,,,,,,,,,,
Locanda del re,Hotel,,051 981351,"Via Don Giovanni Minzoni, 101",Crevalcore,,,,,,,,,,,
Stella House Crevalcore,Bed & Breakfast,,328 812 0536,"Via Tommaso Rossi, 61",Crevalcore,,,,,,,,,,,
Il Boschetto di Panzani Brunella,Bed & Breakfast,https://ilboschettocavezzo.it/,333 728 5015,"Via di Mezzo, 39",Cavezzo,,ilboschetto.cavezzo@gmail.com,https,WordPress,No,Register.it-Hosting,91,99,92.00,Sì,No
Locanda San Martino,Ristorante,https://locandasanmartino.org/,338 682 6903,"Strada Roma, 15",Collecchio,,locandasanmartino2023@gmail.com,https,WordPress,No,Aruba-Hosting-(Technorail),32,72,92.00,Sì,No
Il Casale tra i Pioppi,Bed & Breakfast,,327 794 5575,"Via di Mezzo Levante, 4685",Crevalcore,,,,,,,,,,,
LA CASETTA DI PIERLUIGI,Bed & Breakfast,,340 508 6193,"Via Cà di Cangino, 1",Castiglione dei Pepoli,,,,,,,,,,,
B&b Contessa scarselli,Bed & Breakfast,https://contessascarselli.wordpress.com/,320 772 4135,"Via Albergati, 31",Molino Albergati,,bb.contessascarselli@live.it,https,WordPress,No,"Automattic, Inc",64,92,92.00,Sì,No
LA GARROCHA,Bed & Breakfast,,347 095 4994,"Via Vallurbana, 35",Sassuolo,,,,,,,,,,,
Hotel Due Pini,Hotel,http://www.hotelduepini.it/,059 572697,"V. Radici in Piano, 177",Formigine,,info@hotelduepini.it,http,WordPress,Sì,Sconosciuto,56,54,100.00,Sì,No
Hotel & Ristorante sushi Oro,Ristorante,https://emenu-global.sandypos.com/?rid=12228&tid=-1&ver=5,393 934 5678,"Via Giovannina, 57",Cento,,,https,React,No,Sconosciuto,31,41,82.00,Sì,No
Locanda DoReMi,Pensionato,http://www.locandadoremi.it/,051 683 6551,"Via Antonio Meucci, 7",Cento,,,https,Joomla,Sì,Host SpA,81,99,100.00,Sì,No
Hotel Paradise Airport,Hotel,http://www.hotelparadiseairport.com/,0543 781491,"Via Fontanelle, 85",Forlì,,hotelparadiseairport85@gmail.com,https,Shopify,No,OVH SAS,,,,Sì,No
bed & breakfast Da Geppe,Bed & Breakfast,,366 404 8645,"Via IV Novembre, 12",Castiglione dei Pepoli,,,,,,,,,,,
Hotel Residence 4 Passi,Hotel,http://www.hotelresidence4passi.it/,059 747 6650,"Via Guido Rossa, 22",Formigine,,info@hotelresidence4passi.it,https,WordPress,No,Sconosciuto,42,87,92.00,Sì,No
Albergo Ristorante Giannina,Hotel,http://www.hotelgiannina.com/,0543 741215,"Via Emilia per Cesena, 1180",Forlimpopoli,,info@hotelgiannina.com,https,React,No,Aruba S.p.A,64,77,83.00,Sì,No
Villa Messori & Spa,Bed & Breakfast,https://www.villamessori.com/,339 530 6488,"Via Torquato Tasso, 13",Castelvetro di Modena,,francesca@villamessori.com,http,Shopify,Sì,Aruba S.p.A.,48,66,85.00,Sì,No
b&b da Lucia,Bed & Breakfast,,331 924 4774,"Via Fabio Filzi, 156",Ravarino,,,,,,,,,,,
B&B La Stellina,Bed & Breakfast,,338 624 4368,"Via F. Turati, 44",Castenaso,,,,,,,,,,,
B&B La Vedetta,Alloggio turistico,http://www.bb-lavedetta.it/,340 699 7286,"Via Cavalliera, 3",Castelvetro di Modena,,info@bb-lavedetta.it,https,WordPress,No,Aruba S.p.A.,56,61,0.00,Sì,No
Villa Pacchioni,Bed & Breakfast,http://villapacchioni.it/,0535 58347,"Via Ronchi, 39",Cavezzo,,info@villapacchioni.it,https,Joomla,No,Aruba Hosting,56,82,100.00,Sì,No
B&B Ottoemmezzo,Bed & Breakfast,https://bb-ottoemmezzo.mipiacelitalia.top/,370 335 0568,Strada Provinciale 48 (Via Cavecchia 8),Cotignola,,,https,React,No,Contabo GmbH,,,,Sì,No
Agriturismo passo stretto,Agriturismo,https://www.passostretto.com/,339 146 6299,"Via del Ruvinello, 65",Fiorano Modenese,,passostretto@gmail.com,https,WordPress,Sì,Combell NV,70,93,83.00,Sì,No
B & B Cerreto,Bed & Breakfast,,0523 935201,"Località Cerreto, 59 / A",Cerreto,,,,,,,,,,,
B&B Angel - Bed and Breakfast a Meldola vicino IRST,Bed & Breakfast,http://www.bbangel.it/,340 555 2073,"Via Della Gualchiera, 6",Meldola,,info@bbangel.it,https,Angular,No,Aruba S.p.A.,56,81,75.00,Sì,No
Hotel Terme Salvarola,Hotel,https://www.termedellasalvarola.it/hotel/,0536 871788,"Via Salvarola, 109",Salvarola,,accettazione@termesalvarola.it,https,WordPress,No,Hetzner Online GmbH,67,92,100.00,Sì,No
Hotel Ristorante Pizzeria Castello,Ristorante,http://www.hotelristorantecastello.it/,0536 850425,"Via Radici Nord, 27",Castellarano,,info@hotelristorantecastello.it,https,ASP.NET,Sì,Hetzner Online GmbH,79,97,92.00,Sì,No
La casa di Mia,Bed & Breakfast,,328 393 0307,"LOC.VEZZERA, 139",Perino,,,,,,,,,,,
B&B LA PALMA,Bed & Breakfast,,333 184 3499,"Via Dante Alighieri, 937",Ravarino,,,,,,,,,,,
B&B La Piazzetta,Bed & Breakfast,,388 577 7343,"Via Rasora, 24",Castiglione dei Pepoli,,,,,,,,,,,
Bed & Breakfast da Giuseppe vicino stabilimento Ferrari,Bed & Breakfast,https://bed-and-breakfast-da-giuseppe.youritaly.top/,338 876 4013,"Via Mentana, 1",Fiorano Modenese,,,https,WordPress,No,Sconosciuto,50,87,92.00,Sì,No
Hotel Alba,Hotel,http://www.hotelalbareggioemilia.it/,379 278 1075,"Via Fratelli Cervi, 71B",Reggio Emilia,,,https,ASP.NET,No,Microsoft Corporation,,,,Sì,No
La Genzianella Affittacamere,Bed & Breakfast,https://www.affittacamerelagenzianella.it/,340 615 1393,"Via Caduti D'Italia, 48",Santo Stefano d'Aveto,,lagenzianella@outlook.it,https,Canva Websites,No,Aruba S.p.A.,33,53,82.00,Sì,No
Ristorante Hotel Touring,Ristorante di pesce,,0536 830320,"Circondariale S. Francesco, 149",Fiorano Modenese,,,,,,,,,,,
B&B Il Gatto con gli Stivali,Bed & Breakfast,https://www.laluceeventi.com/,349 715 4354,"Via Pescarolo II Tronco, 57",Prignano Sulla Secchia,,,https,Joomla,No,Aruba S.p.A.,46,69,58.00,Sì,No
Hotel Globo,Hotel,https://hotelglobo.it/,059 557131,"V. Radici in Piano, 55",Formigine,,,https,WordPress,Sì,"Cloudflare, Inc.",51,34,100.00,Sì,No
Civico 54 Sassuolo R&B,Bed & Breakfast,https://www.civico54.com/,338 437 4304,"Viale Lorenzo Perosi, 54",Sassuolo,,contatti@civico54.com,https,Angular,No,IT.Gate S.p.A.,56,79,100.00,Sì,No
La Rocchetta B&B - Bed & Breakfast,Alloggio turistico,http://www.la-rocchetta.it/,351 966 2614,"Via Monte Acuto, 59",Rocchetta,,info@la-rocchetta.it,https,WordPress,No,Sconosciuto,61,74,100.00,Sì,No
B&B Casa da Mamy,Bed & Breakfast,http://www.casadamamy.it/,338 870 4899,"Via Muzzonchio, 11",Sant'Agata Bolognese,,cadamamy@gmail.com,http,React,No,Aruba S.p.A. Network,69,96,92.00,Sì,No
B&B Smile,Bed & Breakfast,https://bb-smile.camerainitalia.top/,0536 585666,"Via Statale Ovest, 83",Fiorano Modenese,,,https,WordPress,No,Contabo GmbH,57,86,85.00,Sì,No
Al Sasseto Home Food,Agriturismo,,333 479 2427,"Via Giardini Nord, 7180",Montardone,,,,,,,,,,,
Il ritrovo,Bed & Breakfast,,353 364 0931,"Via Fiera, 40",Castiglione dei Pepoli,,,,,,,,,,,
B&B HOLE6,Bed & Breakfast,,338 381 1163,"Via Chiusa Nuova, 8/4",Castenaso,,,,,,,,,,,
Bar Albergo Ristorante Il Ponte,Hotel,http://albergo-ilponte.it/,334 204 6800,"Via G. Pepoli, 32",Castiglione dei Pepoli,,,https,Joomla,Sì,Host SpA,59,53,100.00,Sì,No
Alloggio Cantalupo,Agriturismo,http://www.agriturismocantalupo.it/,335 842 5571,"Via Giardini Sud, 170",Formigine,,info@balsamicodop.it,https,WordPress,No,Sconosciuto,45,59,92.00,Sì,No
Ca' Ross - Resort a Formigine,Bed & Breakfast,https://ca-ross.it/,339 256 7677,"Via per Sassuolo, 115",Formigine,,info@ca-ross.it,https,React,Sì,Cloudflare,52,47,100.00,Sì,No
Aparthotel B&B Olmo Blu,Bed & Breakfast,https://www.olmoblu.it/,335 638 4196,"Via Calcino, 758",Cà Rossa,,,https,React,Sì,Register.it-Hosting,80,94,100.00,Sì,No
Corte Cantoni,Bed & Breakfast,https://www.residenzecantoni.com/,389 040 8300,"Via Chiesa di Redù, 9/11",Redù,,,https,WordPress,No,Aruba S.p.A.,51,67,92.00,Sì,No
Park Hotel Olimpia,Hotel,http://www.parkhotelolimpia.it/,0383 500177,Località Pregola 58,Brallo di Pregola,,,https,WordPress,Sì,HOSTINGER UK,39,55,92.00,Sì,No
Affittacamere Domus Cesena,Alloggio completo di servizi,,328 083 8403,"Viale Guglielmo Oberdan, 605",Cesena,,,,,,,,,,,
Emma hotel Bologna Fiera,Hotel,http://www.emmahotel.it/,051 1976 1008,"Via S. Donato, 79 A",Bologna,,info@emmahotel.it,https,WordPress,Sì,Sconosciuto,76,98,92.00,Sì,No
B&B Dreams & Coffee,Bed & Breakfast,http://dreamscoffee.blogspot.com/,349 658 6349,"Via Guido Rossa, 56",Cavriago,,,https,ASP.NET,No,Google LLC,98,79,77.00,Sì,No
Hotel Bed & Bike Cesena,Hotel,https://hotelscesena.it/,340 915 0618,"Via Cavalcavia, 743",Cesena,,,https,WordPress,No,Hostinger International Limited,93,100,100.00,Sì,No
Euro B&B Residence,Residence,http://www.cattolicahotelresidence.it/,0541 962791,"Via Trento, 3",Cattolica,,richieste@cattolicahotelresidence.it,https,Angular,Sì,Sconosciuto,56,50,91.00,Sì,No
Hotel Lido,Hotel,http://www.hotellidocattolica.com/,0541 954273,"Via Dante, 95",Cattolica,,info@hotellidocattolica.com,https,WordPress,Sì,Sconosciuto,30,50,85.00,Sì,No
Hotel Aragosta,Hotel,https://www.mlhotelcattolica.com/aragosta/it/index/?utm_source=google&utm_medium=local&utm_campaign=google-business&utm_content=site-link,0541 963748,"Via del Turismo, 7",Cattolica,,aragosta@mlhotelcattolica.com,https,Shopify,Sì,OVH SAS,65,92,92.00,Sì,No
Hotel Pacific,Hotel,https://www.hotelpacificcattolica.com/,0541 962620,"Via Modena, 13",Cattolica,,info@hotelpacificcattolica.com,https,Shopify,No,Sconosciuto,64,96,100.00,Sì,No
Bed and Breakfast Mama Rò,Bed & Breakfast,https://beb.it/mamaro/it/,339 703 0322,"Via S. Tomaso, 880",Cesena,,,https,Joomla,No,"Amazon.com, Inc.",74,95,100.00,Sì,No
Hotel Baltic,Hotel,http://www.hotelbalticgabicce.com/,350 513 8409,"Via I' Maggio, 14",Gabicce Mare,,info@hotelbalticgabicce.com,https,WordPress,No,Serverplan s.r.l.,64,96,92.00,Sì,No
La Bissara B&B,Bed & Breakfast,https://la-bissara-bb.mipiacelitalia.top/,347 542 1177,"Via Maestra, 561",Ravarino,,,https,React,No,Contabo GmbH,54,80,100.00,Sì,No
New Hotel Europa,Hotel,http://www.newhoteleuropa.com/,051 983974,"Viale Libertà, 14",Crevalcore,,,https,React,No,Contabo GmbH,59,69,77.00,Sì,No
B&B La Garampa,Bed & Breakfast,http://www.lagarampa.it/,347 741 4624,"Via Pietro Giordani, 1",Cesena,,info@lagarampa.it,https,Shopify,No,Aruba S.p.A. Network,56,61,100.00,Sì,No
Locanda del Vecchio Mulino,Ristorante,https://locandadelvecchiomulino.com/,376 134 5397,"Via A. Gramsci, 75",Fiorano Modenese,,name@email.com,https,WordPress,No,Aruba S.p.A.,47,86,83.00,Sì,No
Ostello Bar Ristorante le Tre Corone di Marian Rose Slater,Ostello,https://www.trecorone.it/,340 632 2837,"Via Mazzini Nuova, 59",Calendasco,,info@trecorone.it,https,React,No,Sconosciuto,80,93,100.00,Sì,No
bblovebologna,Bed & Breakfast,https://www.bblovebologna.com/,334 207 3099,"Via Dorando Petri, 2",Castenaso,,prenotazioni@bblovebologna.com,https,React,Sì,Aruba S.p.A.,64,82,100.00,Sì,No
B&B Palazzo Malaspina,Bed & Breakfast,https://www.hotelspretorian.com/bb-palazzo-malaspina/,351 918 8091,"Via Borghetto, 7",Piacenza,,,https,WordPress,No,"Cloudflare, Inc.",100,100,92.00,Sì,No
Corte livia - Room & Breakfast,Bed & Breakfast,http://www.cortelivia.it/,0543 165 0336,"Corso della Repubblica, 44/b",Forlì,,info@cortelivia.it,https,Shopify,No,"Cloudflare, Inc.",0,42,100.00,Sì,No
Bed & Breakfast Casa Monte Albano,Bed & Breakfast,,328 216 6158,"Via Monte Albano, 191",Cesena,,,,,,,,,,,
Villetta Belvedere,Bed & Breakfast,https://www.hotelspretorian.com/villetta-belvedere/,329 351 5137,"Via Marco Boscarelli, 16",Piacenza,,,https,Shopify,No,"Cloudflare, Inc.",100,100,92.00,Sì,No
Casimiro Rooms,Bed & Breakfast,http://www.casimirorooms.it/,327 392 3034,"Via Natale dell'Amore, 18",Cesena,,info@casimirorooms.it,https,Joomla,No,Aruba S.p.A.,50,70,100.00,Sì,No
Agriturismo Pradonico,Agriturismo,,339 799 3067,"Unnamed Road,",Calendasco,,,,,,,,,,,
Villa Nuvola Suites,Bed & Breakfast,https://www.villanuvolasuites.it/,392 845 8020,"Via Torquato Tasso, 3",Fiorano Modenese,,italytangshuyun@gmail.com,https,Shopify,No,Google LLC,91,97,92.00,Sì,No
Fasthotel ( nuova gestione da Gennaio 2025),Hotel,https://www.fasthotelcervia.com/,392 074 5512,"Viale Milazzo, 61",Cervia,,hotelalmacervia@libero.it,https,React,No,Google LLC,76,93,92.00,Sì,No
Hotel Alice,Hotel,,375 559 7209,"Via Campania, 10",Cervia,,,,,,,,,,,
c-hotels International Cattolica,Hotel,http://www.hotelinternationalcattolica.it/,0541 961096,"Via Modena, 19",Cattolica,,bookinginternational@c-hotels.it,https,WordPress,Sì,Server Plan S.r.l.,63,78,77.00,Sì,No
Hotel Verde Luna,Hotel,https://www.venus-club.it/hotel-verde-luna/,353 427 1855,"Viale Milazzo, 78",Cervia,,info@venus-club.it,https,Shopify,Sì,Sconosciuto,59,89,92.00,Sì,No
Casa Baroncini,Appartamenti,http://www.casabaroncini.it/,353 473 6340,"Viale Cristoforo Colombo, 58",Cervia,,casabaroncini@gmail.com,https,React,No,Google LLC,63,82,100.00,Sì,No
B&B La Fornasaccia,Bed & Breakfast,http://www.lafornasaccia.it/,0547 384130,"Via Fornasaccia, 330",Cesena,,info@lafornasaccia.it,https,Shopify,Sì,Serverplan S.r.l.,48,65,85.00,Sì,No
Albergo San Lorenzo,Hotel,http://www.albergosanlorenzo.org/,0185 88008,"Via Guglielmo Marconi, 26",Santo Stefano d'Aveto,,,https,WordPress,Sì,Sconosciuto,87,88,92.00,Sì,No
Hotel Corallo Garnì,Hotel,http://www.hotelcorallocattolica.com/,0541 961376,"Via Carducci, 121",Cattolica,,info@hotelcorallo.biz,https,Shopify,Sì,OVH SAS,31,46,85.00,Sì,No
Agriturismo Valchiara,Agriturismo,https://agriturismovalchiara.wixsite.com/agriturismovalchiara,333 322 8730,"Loc, Località Toazzo, snc",Ferriere,,franco.boeri@alice.it,https,Wix,No,Sconosciuto,74,95,100.00,Sì,No
Hotel Eden B&B NUOVA GESTIONE 2023,Hotel,http://www.hoteledencattolica.it/,0541 830344,"Via Trieste, 28",Cattolica,,info@hoteledencattolica.it,https,WordPress,No,IONOS SE,56,76,85.00,Sì,No
Ferretti Hotel Cristallo,Hotel,https://www.hotelcristallocattolica.it/?utm_source=google&utm_medium=local&utm_campaign=google-business&utm_content=site-link,366 158 9596,"Via Giacomo Matteotti, 37",Cattolica,,info@hotelcristallocattolica.it,https,WordPress,No,Sconosciuto,46,54,85.00,Sì,No
B&B Le Bolle,Bed & Breakfast,,334 315 3231,"Via Mentana, 13/17",Fiorano Modenese,,,,,,,,,,,
Hotel Mirabella,Hotel,http://www.hotelmirabella.it/,0541 961068,"Via Firenze, 13",Cattolica,,info@hotelmirabella.it,https,WordPress,Sì,Sconosciuto,56,82,100.00,Sì,No
Locanda Montepaolo,Locanda,,0543 934406,"Via Montepaolo, 10",Dovadola,,,,,,,,,,,
Lu.B&B,Bed & Breakfast,http://www.lucervia.it/,0544 61539,"Lungomare Grazia Deledda, 8",Cervia,,info@lucervia.it,https,Shopify,No,Serverplan,67,94,100.00,Sì,No
Ristorante Portovino Oasi Fluviale di Vannucci Edoardo,Ristorante toscano,,0533 53340,"Via Provinciale, 29",Fiscaglia,,,,,,,,,,,
Hotel La Torre,Hotel,https://latorrehotel.mo.it/,059 580 7345,"Via S. Pietro, 22",Formigine,,,https,Joomla,No,Aruba S.p.A.,49,88,83.00,Sì,No
B&B Casa Olga,Bed & Breakfast,,329 055 4655,"Via Ennio Guaraldi, 49",Fiscaglia,,,,,,,,,,,
Armonie Bed & Breakfast,Bed & Breakfast,http://www.armoniebb.it/,335 630 4912,"Piazza, Piazzetta Isei, 24",Cesena,,info@armoniebb.it,http,ASP.NET,No,Register.IT S.p.A,98,99,91.00,Sì,No
Affittacamere Serena,Bed & Breakfast,http://www.bb-piacenza.it/,349 802 2849,"Via Giacomo Morigi, 35",Piacenza,,info@bb-piacenza.it,https,Shopify,No,Aruba S.p.A. Network,57,92,83.00,Sì,No
Hotel Stella del Mare,Hotel,https://www.hotelstelladelmare.it/,0544 407134,"Viale Sicilia, 84 Tagliata di, V.le Sicilia, 84",Cervia,,info@hotelstelladelmare.it,https,Angular,No,Sconosciuto,28,47,85.00,Sì,No
Hotel Garnì Anna,Bed & Breakfast,http://www.garnianna.it/,0544 71534,"Viale Volturno, 30",Cervia,,info@garnianna.it,https,Shopify,No,Amazon Technologies Inc.,65,93,100.00,Sì,No
Cà Maìna,Bed & Breakfast,http://camaina.com/,335 804 5885,"Località Camposonaldo, 35",Calci,,baf30a2b91654c5a840931f0137bed30@sentry.wixpress.com,https,Wix,Sì,wix com inc,76,96,100.00,Sì,No
Estense Park Hotel,Hotel,,0535 92885,"Via per Modena, 32",Finale Emilia,,,,,,,,,,,
The Match Hotel,Hotel,https://www.thematchcervia.com/,333 880 6780,"Viale Italia, 98",Cervia,,hello@thematchcervia.com,https,WordPress,No,"Cloudflare London, LLC",53,79,100.00,Sì,No
Agriturismo L'Antico Frutto,Agriturismo,http://www.agriturismoanticofrutto.com/,0543 179 6979,"Via Montalto, 122",Montalto,,info@agriturismoanticofrutto.com,https,React,No,Host SpA,60,87,92.00,Sì,No
Hotel Santiago,Hotel,https://www.hotelsantiago.it/,0544 975477,"Viale Due Giugno, 42",Milano Marittima,,info@hotelsantiago.it,https,Shopify,Sì,Sconosciuto,74,83,100.00,Sì,No
Hotel Smart Cervia,Hotel,http://www.cerviasmarthotel.com/,0544 72308,"Via Monreale, 4",Cervia,,,https,Shopify,Sì,Semplify Srl,90,91,92.00,Sì,No
Ferriere Sport Camp (Ostello di Ferriere),Ostello,https://ferriere-sport-camp-ostello-di-ferriere.metadaesplorare.top/,348 392 4627,"Via Aldo Moro, 9",Ferriere,,,https,WordPress,No,Ipxo LLC,63,89,85.00,Sì,No
La Rosa del Rabbi,Caffè,,346 814 1758,"Via Roma, 3",Premilcuore,,,,,,,,,,,
Hotel Diplomat Marine,Hotel,http://www.diplomatmarine.it/,0541 206330,"Via del Turismo, 9",Cattolica,,reservation@diplomatmarine.it,http,Joomla,Sì,Aruba S.p.A,51,68,92.00,Sì,No
Hotel Genzianella,Hotel,http://genzianellahotelcervia.com/,0544 970442,"Viale Roma, 85",Cervia,,,https,Shopify,Sì,Sconosciuto,73,91,100.00,Sì,No
Hotel Antony,Hotel,http://www.hotelantony.com/,0544 987412,"Vle Titano, 114",Cervia,,info@hotelantony.com,https,React,No,Sconosciuto,40,75,100.00,Sì,No
Dimora Il Parco B&B,Bed & Breakfast,https://www.bbbolognametropolitana.it/,351 361 1655,"Via del Carpentiere, 56",Bologna,,hello@bbbolognametropolitana.it,,Shopify,No,Netsons Network,68,88,92.00,Sì,No
B&B IL FIENILE,Bed & Breakfast,,347 076 8522,"Via Ghiarella, 133",Fiorano Modenese,,,,,,,,,,,
Alla Sorgente,Hotel,,0536 73928,"Via Giardini, 134",Dogana Nuova,,,,,,,,,,,
wuhostel,Hotel,https://www.wuhostel.com/,329 924 8540,"Viale Volturno, 17",Cervia,,5d1795a2db124a268f1e1bd88f503500@sentry.wixpress.com,https,React,No,Google LLC,74,95,100.00,Sì,No
Hotel Appennino,Hotel,,0536 73124,"Piazza Iolanda, 21",Fiumalbo,,,,,,,,,,,
Hotel Ristorante Rosa Bianca da Moreno,Ristorante italiano,http://damoreno.net/,349 860 1818,"Via Marzano, 4",Dovadola,,ristorante@damoreno.net,https,Shopify,Sì,Aruba S.p.A. Network,66,92,82.00,Sì,No
Collina del Sole,Bed & Breakfast,http://www.collinadelsolebb.it/,329 953 7777,"Via Rio delle Amazzoni, 11",Fiorano Modenese,,info@collinadelsolebb.it,https,Shopify,Sì,Aruba S.p.A. Network,64,81,92.00,Sì,No
Corte Dossello Ristorante - Albergo,Ristorante,,0533 486164,"Via Briccola, 7",Massa Fiscaglia,,,,,,,,,,,
Albergo Majestic,Hotel,,0547 684156,"Viale Caravaggio, 20",Valverde,,,,,,,,,,,
Castello del Capitano delle Artiglierie,Bed & Breakfast,http://www.castellocapitano.com/,338 196 2298,"Via Felice Cavallotti, 4",Castrocaro Terme,,,,WordPress,Non trovato,Server Plan S.r.l.,91,96,100.00,Stato Non Determinato,No
H5-5H LUXURY ROOM MARANELLO,Hotel,https://h5-5h-luxury-room-maranello.albergo.top/,349 646 7701,"Via Abetone Inferiore, 28",Maranello,,,https,React,No,Contabo GmbH,55,87,92.00,Sì,No
Villa Antonietta Rooms & Coffee,Hotel,,388 307 7327,"Viale E. de Amicis, 64",Cesenatico,,,,,,,,,,,
Le Bighe Room & Breakfast,Hotel,http://www.lebighe.it/,328 546 3898,"Via Castellana, 18",Ferrara,,lebighe@gmail.com,https,ASP.NET,No,Aruba S.p.A.,59,97,92.00,Sì,No
Room&Breakfast Red One,Bed & Breakfast,https://www.redonemaranello.it/,329 071 2931,"Via Baranzona, 8",Maranello,,,https,WordPress,No,Aruba S.p.A. Network,55,69,83.00,Sì,No
B&B Soleluna,Bed & Breakfast,http://www.elenasoleluna.it/,331 753 6598,"Via A. Bulgarelli, 157",Massa Fiscaglia,,,https,Joomla,No,Aruba S.p.A. Network,55,56,92.00,Sì,No
La Locanda Del Pettirosso,Ristorante,,0535 90541,"Via Campodoso, 45",Reno Finalese,,,,,,,,,,,
Fondo Bosco B&B,Bed & Breakfast,,393 809 0998,"Via Albieri, 3",Migliarino,,,,,,,,,,,
Hotel Favorita,Hotel,,375 880 1999,"Viale Venezia, 22",Cesenatico,,,,,,,,,,,
Casa Schiavoni,Bed & Breakfast,https://casaschiavoni.it/,348 697 3845,SP125,Forlì,,acasaschiavoni@gmail.com,https,Shopify,Sì,Server Plan S.r.l.,52,66,92.00,Sì,No
Casa Carpanelli,Agriturismo,https://www.casacarpanelli.com/,348 094 8301,"Via Oppio, 88",Nonantola,,,,WordPress,Non trovato,Netsons s.r.l.,79,98,82.00,,No
Il Mulino dei Boeri,Hotel,https://il-mulino-dei-boeri.bellaitaliatrips.top/,333 788 8390,Localita Boeri,Boeri,,,https,React,No,Sconosciuto,64,85,85.00,Sì,No
La Casa Bianca Rooms & Lounge,Bed & Breakfast,,342 077 3723,"Via Arno, 13",Cesenatico,,,,,,,,,,,
Agriturismo Al Giuggiolo,Bed & Breakfast,http://www.algiuggiolo.com/,370 317 6807,"Via Isacchina, 30",Ostellato,,info@algiuggiolo.com,http,React,No,Aruba S.p.A.,43,64,85.00,Sì,No
IL GUGO,Bed & Breakfast,,051 684 8583,"Via Chiesa, 26",Reno Centese,,,,,,,,,,,
Hotel Astra,Hotel,http://www.albergoastra.it/,0541 962136,"Via Zara, 19",Cattolica,,info@albergoastra.it,https,React,Sì,Sconosciuto,77,56,85.00,Sì,No
Hotel Levante,Hotel,https://hotellevante.unionhotels.it/?utm_source=google&utm_medium=organic&utm_campaign=mybusiness,0544 987257,"Via Piemonte, 14",Cervia,,,https,Shopify,Sì,Semplify Srl,62,99,100.00,Sì,No
Hotel Bed and Breakfast Losanna Cervia,Hotel,https://www.hotellosanna.it/,0544 72375,"Viale Italia, 94",Cervia,,hlosanna@cervia.com,https,Shopify,No,Register.it-Hosting,54,62,83.00,Sì,No
B&B Al Souvenir,Bed & Breakfast,http://www.souvenirdicomacchio.com/,338 883 2347,"Via Edgardo Fogli, 81",Comacchio,,,https,WordPress,No,Sconosciuto,74,90,100.00,Sì,No
Alloggio Agrituristico Dodici Apostoli,Alloggio completo di servizi,https://www.dodici-apostoli.it/,338 636 5235,"Via Ferrarese, 66",Bondeno,,info@dodici-apostoli.it,https,React,No,Sconosciuto,74,94,92.00,Sì,No
Albergo dei Cacciatori di De Micheli Renzo,Hotel,,0523 915131,Località Mareto,Farini,,,,,,,,,,,
Il Bruco,Pizzeria,http://www.ilbruco.eu/,0536 73050,"Via Giardini, 87/a",Fiumalbo,,info@ilbruco.eu,http,ASP.NET,No,Aruba S.p.A. Network,87,100,100.00,Sì,No
Al Ponte Locanda,Ristorante,,328 441 2091,"Via Solferino, 2/6",Fornovo di Taro,,,,,,,,,,,
Agriturismo Case Nuove,Alloggi al coperto,https://www.agriturismocasenuove.it/,331 198 4629,SP21,Modigliana,,scalini@libero.it,https,Shopify,No,"Cloudflare, Inc.",39,35,100.00,Sì,No
I Delfini Natural B&B,Bed & Breakfast,https://www.idelfinicesenatico.it/,335 463 635,"Via Canale Bonificazione, 71",Cesenatico,,info@idelfinicesenatico.it,https,ASP.NET,Sì,Sconosciuto,56,56,83.00,Sì,No
B&B Il Nido,Bed & Breakfast,,348 420 1436,"Via Castello, 17",Riolunato,,,,,,,,,,,
Hotel Stella Marina,Hotel,http://www.stellamarina.biz/,0547 75581,"Via Cristoforo Colombo, 15",Cesenatico,,,http,WordPress,Sì,Sconosciuto,69,92,92.00,Sì,No
B&B Fiume Bianco,Bed & Breakfast,http://www.parks.it/bab/fiume.bianco/,333 529 3621,"Via Trento Trieste, 5",Fiumalbo,,bbfiumebianco@gmail.com,https,React,No,Sconosciuto,55,77,91.00,Sì,No
Ca' Tiraglio Bed and Breakfast,Bed & Breakfast,http://www.catiraglio.it/,339 106 7291,"Via Travaglio, 32",Fiscaglia,,ca.tiraglio@live.it,https,WordPress,No,Sconosciuto,71,90,77.00,Sì,No
Agriturismo Ceriano,Servizio agricolo,https://www.podereceriano.it/,329 391 1115,"Via dei Raggi, 13",Modigliana,,agriturismoceriano@gmail.com,https,ASP.NET,No,Sconosciuto,62,71,92.00,Sì,No
Ca’ Prandini,Bed & Breakfast,http://www.caprandini.it/,339 525 0493,"Via Magellano, 29",Maranello,,info@caprandini.com,https,WordPress,Sì,Serverplan,56,67,92.00,Sì,No
Rubbiano River Cottage,Alloggio in famiglia,,340 890 7468,"Via Centro, 6",Rubbiano,,,,,,,,,,,
Agriturismo Il Cerro,Agriturismo,http://www.agriturismoilcerro.it/,333 643 3635,"Via Cerro, 1",Fiumalbo,,,https,Shopify,No,Sconosciuto,40,80,100.00,Sì,No
Albergo La Carinzia,Hotel,https://albergo-la-carinzia.avventurainitalia.top/,0536 73935,"Via Giardini, 205",Fiumalbo,,,https,WordPress,No,Sconosciuto,64,90,85.00,Sì,No
HOTEL CASA MAGAGNOLI,Hotel,http://www.casamagagnoli.com/,0535 760046,"Piazza Giuseppe Garibaldi, 10",Finale Emilia,,ricevimento@casamagagnoli.com,https,WordPress,No,Sconosciuto,55,57,77.00,Sì,No
B&B Al Ponticello,Bed & Breakfast,http://www.alponticello.it/,0533 314080,"Via Cavour, 39",Comacchio,,alponticello@alponticello.it,https,Joomla,Sì,Serverplan,70,91,92.00,Sì,No
Bed&Breakfast I gelsi di San Bernardino,Alloggio con uso cucina,,331 445 1738,Loc. San Bernardino di Sotto 287,Fiorenzuola d'Arda,,,,,,,,,,,
Trattoria Albergo Pizzeria Veranda Barabasca,Ristorante italiano,,0523 693772,"SP462R, 201",Fiorenzuola d'Arda,,,,,,,,,,,
Villa Belfiore Hotel,Hotel,http://www.villabelfiore.com/,0533 681164,"Via Pioppa, 27",Ostellato,,info@villabelfiore.com,https,Joomla,Sì,"DigitalOcean, LLC",38,45,100.00,Sì,No
B&B La Casa Dei Nonni,Hotel,,347 840 3493,"Via Damiano Chiesa, 7",Felegara,,,,,,,,,,,
Agriturismo Viantiqua,Ristorante,http://www.viantiqua.it/,0524 533068,"Località Fornio, 99",Fidenza,,,https,Shopify,No,Aruba S.p.A. Network,0,0,100.00,Sì,No
Hotel Ristorante Il Laghetto,Hotel,http://www.hotelillaghetto.it/,0536 73108,"Via Versurone, 205",Fiumalbo,,info@hotelillaghetto.it,http,ASP.NET,No,Sconosciuto,52,71,100.00,Sì,No
Agriturismo I Tre Colli,Bed & Breakfast,https://www.agriturismoitrecolli.it/,340 279 0821,"Via Vittorio Veneto, 85",Rubbiano,,,https,WordPress,No,Aruba S.p.A. Network,65,96,85.00,Sì,No
Rosamare,Bed & Breakfast,https://rosamare.vacanzeitalia.top/,338 904 4555,"Via Squero, 22",Cesenatico,,,https,React,No,Sconosciuto,54,89,92.00,Sì,No
Villa Elisa,Bed & Breakfast,http://minihotelvillaelisa.com/,339 443 7863,"Via Roma, 23",Gambettola,,villaelisa2012@gmail.com,,React,Sì,BRAIN TECHNOLOGY 2nd,0,66,85.00,Sì,No
Affittacamere Thomas',Bed & Breakfast,,393 179 2269,"SS12, 32",Astracaccio,,,,,,,,,,,
Appartamenti Brunella,Bed & Breakfast,https://beb.it/appartamentibrunella,338 411 2215,"Via Marino Moretti, 11/a",Cesenatico,,,https,Typo3,No,Sconosciuto,90,95,100.00,Sì,No
Villa Alberta B&B,Bed & Breakfast,http://www.villaalbertacesenatico.it/,0547 80099,"Viale L. da Vinci, 58",Cesenatico,,info@villaalbertacesenatico.it,https,ASP.NET,Sì,Sconosciuto,28,44,82.00,Sì,No
Valle Chiara,Bed & Breakfast,http://www.valle-chiara.it/,391 183 2585,"Via 20 Settembre 1870, 42/47",Ostellato,,,https,Shopify,No,"Cloudflare, Inc.",80,75,92.00,Sì,No
B&B da Roberta,Bed & Breakfast,,338 394 4688,"Via Trento Trieste, 37",Fiumalbo,,,,,,,,,,,
Hotel Residence Ponente,Hotel,http://www.hotelresidenceponente.com/,0547 82190,"Viale A. da Noli, 8",Cesenatico,,preventivi@hotelresidenceponente.com,https,Ecwid,Sì,Sconosciuto,36,53,100.00,Sì,No
Albergo Ristorante Val di Luce,Hotel,http://www.albergovaldiluce.it/,0536 73932,"Via Giardini, 239",Dogana Nuova,,info@albergovaldiluce.it,https,WordPress,Sì,Sconosciuto,83,90,92.00,Sì,No
Hotel B&B Montecarlo,Bed & Breakfast,http://www.hotelmontecarlo26.com/,0544 994213,"Via X Traversa, 26",Milano Marittima,,info@hotelmontecarlo26.com,https,React,Sì,Serverplan,54,77,100.00,Sì,No
Hotel Lungomare,Hotel,https://www.lungomarehotel.com/?utm_source=google&utm_medium=mybusiness&utm_campaign=mybusiness&utm_content=gmb_site_link,0544 973021,"Lungomare Gabriele D'Annunzio, 26",Cervia,,,https,Shopify,Sì,Semplify Srl,100,98,100.00,Sì,No
Agriturismo il Dosso,Agriturismo,http://www.ildossoagriturismo.it/,392 136 1756,"Via per Pomposa Sud, 22",Pontemaodino,,,https,Shopify,Sì,Seeweb s.r.l.,66,65,92.00,Sì,No
Cammino nel Verde,Hotel,,351 956 4563,"Str. Spagnano, 94",Fornovo di Taro,,,,,,,,,,,
Osteria La Fefa,Ristorante,http://www.osterialafefa.it/,338 210 8436,"Via Trento e Trieste, 9/c",Finale Emilia,,info@osterialafefa.it,http,WordPress,No,Sconosciuto,60,66,77.00,Sì,No
Hotel Giardino Cesenatico,Bed & Breakfast,https://www.hotelgiardinocesenatico.net/,340 972 1279,"Viale G. Carducci, 154",Cesenatico,,info@hotelgiardinocesenatico.net,https,Shopify,Sì,Sconosciuto,87,69,100.00,Sì,No
B&B Lo Slittone,Bed & Breakfast,http://www.loslittone.it/,377 087 9714,"Via Brennero, 602",Abetone,,info@loslittone.it,https,WordPress,No,Sconosciuto,31,44,77.00,Sì,No
"R&B Casa Benassi, Rooms, Suite, Apartament, con Piscina , Saune e Jacuzzi",Hotel,https://www.casabenassi.com/,338 645 3109,"Via Statale, 3",Riolunato,,,https,Shopify,No,"Amazon.com, Inc.",54,99,100.00,Sì,No
Corte San Ruffillo,Agriturismo,https://www.cortesanruffillo.it/,348 940 4101,"Via San Ruffillo, Loc. San Ruffillo, 12",Dovadola,,info@cortesanruffillo.it,https,React,Sì,EMIND1,54,71,85.00,Sì,No
Agriturismo del Cimone La Palazza,Agriturismo,https://www.agriturismodelcimone.com/,335 626 6972,"Via Calvanella, 710",Fanano,,info@agriturismodelcimone.com,https,Joomla,No,Sconosciuto,51,65,85.00,Sì,No
B&B Bertina,Bed & Breakfast,http://www.bertina.it/,333 990 3957,"Via Montaletto, 253f",Cesenatico,,,https,Typo3,No,"Amazon.com, Inc.",72,93,100.00,Sì,No
B&B Le Rossi Bed Cesena,Bed & Breakfast,,320 617 1715,"Viale Jacopo Mazzoni, 8",Cesena,,,,,,,,,,,
Dealuna Motel,Motel,http://www.dealunamotel.it/,0524 520226,"Via Federico Fellini, 29D",Fidenza,,,http,React,No,Host SpA,56,75,82.00,Sì,No
Affittacamere Rose Canine,Bed & Breakfast,https://rosecanine.it/,393 336 0964,"Via Canale Bonificazione, 122",Cesenatico,,rosecaninebb@gmail.com,https,Shopify,No,Amazon Technologies Inc.,63,87,100.00,Sì,No
Locanda San Fiorenzo,Ristorante,http://www.locandasanfiorenzo.it/,0523 247924,"Via Antonio Gramsci, 8",Fiorenzuola d'Arda,,info@locandasanfiorenzo.it,https,React,Sì,SEEWEB s.r.l.,80,98,92.00,Sì,No
bed & breakfast antico casale cesenatico,Bed & Breakfast,,370 134 1677,"Via Cannucceto, 14",Cesenatico,,,,,,,,,,,
Hotel Geminus B&B,Bed & Breakfast,http://www.hotelgeminus.it/,0547 86450,"Viale Raffaello Sanzio, 39",Valverde,,info@bagno.giorgio.it,https,React,Sì,Aruba S.p.A.,50,82,73.00,Sì,No
Hotel King Cesenatico,Hotel,https://www.kinghotelcesenatico.it/,333 910 5855,"Viale E. de Amicis, 88",Cesenatico,,info@kinghotelcesenatico.it,https,WordPress,Sì,Aruba S.p.A. Network,41,66,92.00,Sì,No
B&B Lavanda e Timo,Bed & Breakfast,,340 996 0545,"Via Provinciale, 80",Goro,,,,,,,,,,,
B&B Frutti Antichi,Bed & Breakfast,http://www.bbfruttiantichi.it/,0524 62231,"Via Siccomonte, 28/a",Fidenza,,info@bbfruttiantichi.it,https,React,No,Aruba S.p.A.,77,98,100.00,Sì,No
Hotel Ristorante Pizzeria Astoria,Ristorante,https://www.hotelastoriafidenza.it/,0524 527663,"Via Gandolfi, 7",Fidenza,,info@hotelastoriafidenza.it,https,WordPress,Sì,Aruba S.p.A.,72,96,92.00,Sì,No
Bed & Breakfast I Casolari,Bed & Breakfast,,348 605 2545,"Via Alceste Ricciarelli, 195",Ferrara,,,,,,,,,,,
B&B Villa Molinello,Bed & Breakfast,https://www.villamolinello.it/,333 167 3281,"Via Pittarola, 2 C",Dovadola,,info@villamolinello.it,https,Shopify,Sì,Sconosciuto,57,76,82.00,Sì,No
B&B Caminata 415,Bed & Breakfast,https://www.hotelspretorian.com/caminata-415/,334 944 5809,"Loc. Caselle Caminata, 415",Fiorenzuola d'Arda,,,https,Shopify,No,"Cloudflare, Inc.",100,100,92.00,Sì,No
Campello 18,Bed & Breakfast,,345 469 1860,"Str. Zarabotta, 3/A",Codigoro,,,,,,,,,,,
Hotel Arda - Ristorante - Pizzeria,Hotel,https://www.hotelardafiorenzuola.it/,0523 174 0190,"Via Luigi Scapuzzi, 35",Fiorenzuola d'Arda,,direzione@hotelardafiorenzuola.it,https,WordPress,Sì,Aruba S.p.A. Network,67,95,92.00,Sì,No
Fiorenzuola Bed and Breakfast,Bed & Breakfast,https://fiorenzuolabnb.com/,370 331 8905,"Via Edmondo De Amicis, 19",Fiorenzuola di Focara,,,https,WordPress,No,"Cloudflare, Inc.",61,92,85.00,Sì,No
B&B La Cuccagna Meldola,Bed & Breakfast,http://www.bblacuccagna.it/,347 302 3844,"Via Giordano Bruno, 57",Meldola,,,https,Shopify,No,"Amazon.com, Inc.",83,84,100.00,Sì,No
B&B Il Cortile,Bed & Breakfast,,0545 34855,"Via Giulio Fermini Mancini, 29",Lugo,,,,,,,,,,,
agriturismo arte contadina,Agriturismo,http://www.artecontadina.it/,335 623 3364,località battibue,Fiorenzuola d'Arda,,info@artecontadina.it,https,ASP.NET,No,Aruba S.p.A. Network,36,47,100.00,Sì,No
Non ti scordar di me B&B,Alloggio turistico,,0525 401332,Unnamed Rd,Fornovo di Taro,,,,,,,,,,,
B&B Rosis,Bed & Breakfast,http://www.rosis.it/,0523 982878,"Via Giovanni da Fiorenzuola, 32",Fiorenzuola d'Arda,,info@rosis.it,http,WordPress,No,Aruba S.p.A.,60,79,83.00,Sì,No
Tenuta Il Poggio,Bed & Breakfast,https://www.tenutailpoggio.it/,329 669 7688,"Via Garibaldi, 38",Felegara,,info@tenutailpoggio.it,https,Shopify,No,Aruba S.p.A. Network,49,48,100.00,Sì,No
Mathis,Hotel,http://www.mathis.it/,0523 943800,"Viale Giacomo Matteotti, 68",Fiorenzuola d'Arda,,info@mathis.it,https,WordPress,Sì,Serverplan,63,93,92.00,Sì,No
Affittacamere Wanji Cin: IT038006B4OZSLH53R,Bed & Breakfast,http://www.affittacamerewanji.it/,371 477 7403,"Via Romea, 157",Comacchio,,wanji2021@gmail.com,https,WordPress,No,Combell NV,71,75,100.00,Sì,No
B&B L'AIRONE E IL PO,Bed & Breakfast,,347 686 6934,"Via A. Toscanini, 4/N.11",Codigoro,,,,,,,,,,,
B&B Al Re,Bed & Breakfast,http://www.alrebb.com/,335 707 3860,"Via Contrada Chiaramonti, 35",Cesena,,info@alrebb.com,,WordPress,Non trovato,Sconosciuto,56,80,85.00,Stato Non Determinato,No
Bed & Breakfast La Moretta Di Daniela Beltrami,Bed & Breakfast,,0533 311580,"Via Antonio Buonafede, 51",Comacchio,,,,,,,,,,,
B & B Ca’ d’ Olina,Bed & Breakfast,,334 368 8287,Via Ca’ d’ Olina 1,Pavullo nel Frignano,,,,,,,,,,,
Fiordinano B&B,Bed & Breakfast,http://www.bbfiordinano.it/,0543 490370,"Str. S. Lorenzo Fiordinano, 1C",Meldola,,info@bbfiordinano.it,http,WordPress,No,Sconosciuto,39,87,69.00,Sì,No
B & B La Mammola,Bed & Breakfast,,351 320 7890,"Via Lato di Mezzo, 20",Lugo,,,,,,,,,,,
Agriturismo Eutopia,Agriturismo,,0541 926248,"Strada cerella, 15",San Leo,,,,,,,,,,,
Al Palazzo Antico,Lodge,,334 794 6523,"Corso Mazzini, 70",Lugo,,,,,,,,,,,
Color Metropolitan Family Hotel,Hotel,https://www.hotelmetropolitan.it/?utm_source=google&utm_medium=organic&utm_campaign=mybusiness,0547 86266,"Viale A. Mantegna, 26",Cesenatico,,,https,Shopify,Sì,Sconosciuto,73,100,92.00,Sì,No
B&B Corte Vecchi,Bed & Breakfast,https://www.cortevecchi.it/,393 917 7468,"Str. Monticello, 7",Ozzano Taro,,info@cortevecchi.it,https,WordPress,No,Keliweb S.R.L,38,45,92.00,Sì,No
L'Androne B&B,Bed & Breakfast,,333 361 5614,"Piazza Dante Alighieri, 2",San Leo,,,,,,,,,,,
B&B da Teresa,Bed & Breakfast,,339 165 3518,"mteresaparrucci@gmail.com, Via Monte Busca, 6",Portico e San Benedetto,,,,,,,,,,,
Hotel Bravo,Hotel,http://www.hotelbravo.it/,0547 86412,"Viale Bernini, 15",Cesenatico,,,https,Shopify,Sì,Semplify Srl,65,81,85.00,Sì,No
Delta Liberty B&B,Bed & Breakfast,,320 916 8395,"Via Carlo Marx, 11",Codigoro,,,,,,,,,,,
B&B Molino di Sopra Portico di Romagna,Bed & Breakfast,,347 911 3623,Via Molino di Sopra,Portico di Romagna,,,,,,,,,,,
Last Minute,Bed & Breakfast,http://www.lastminuteferrara.it/,391 793 0100,"Corso Porta Po, 106",Ferrara,,,https,React,No,SEEWEB s.r.l.,64,89,83.00,Sì,No
S’incontru a Cà dell'Alpino - Ristorante e Bed & Breakfast,Bed & Breakfast,http://www.cadellalpino.it/,333 543 8351,"Via P. Giardini, 445",Borra,,,http,WordPress,No,Tecnoservizi S.r.l.,98,100,83.00,Sì,No
B&B Al Vecchio Noce,Bed & Breakfast,,347 376 2036,"V. ca' nove, 23",Malborghetto di Correggio,,,,,,,,,,,
L'Albero dei Gufi,Bed & Breakfast,,371 586 4826,"Via Primicello, 38",Copparo,,,,,,,,,,,
Casa Marconi 22,Alloggio turistico,https://beb.it/casamarconi22,339 724 5502,"Via Guglielmo Marconi, 22",Luzzara,,,https,Squarespace,No,"Amazon.com, Inc.",69,96,100.00,Sì,No
B&B da Silvana,Bed & Breakfast,,379 202 1655,"Via Balducci, 9",Ca' Fusino,,,,,,,,,,,
Room & Breakfast - La Finestra sul Mondo,Bed & Breakfast,https://sites.google.com/view/lafinestrasulmondo/,338 479 2998,"Via Rumiana, 1444",Marano sul Panaro,,,https,Angular,No,Google LLC,62,82,75.00,Sì,No
Antica Corte Casa Marini,Ristorante,http://www.anticacortecasamarini.com/,347 271 9320,"Via Roncacciolo, 8",Polinago,,casamarini@legalmail.it,http,React,No,Aruba S.p.A. Network,55,72,92.00,Sì,No
Locanda Zita,Ristorante,http://www.locandazita.com/,0536 64278,"Piazza S. Giorgio, 6",Vesale,,,https,WordPress,Sì,Sconosciuto,59,81,92.00,Sì,No
Locanda Il Varano,Alloggi al coperto,https://locanda-il-varano.hotelpreferito.top/,0533 949135,"Via Valle Oppio, 6",Marozzo,,,https,React,No,Contabo GmbH,67,90,85.00,Sì,No
B&B La Dolce Riva,Bed & Breakfast,,327 676 7882,"Via Canale Superiore Sinistra, 20",Lugo,,,,,,,,,,,
Residence,Hotel,https://www.parkhotelfidenza.com/,350 539 9023,"Via Federico Fellini, 19",Fidenza,,info@parkhotelfidenza.com,https,React,Sì,Signet B.V,75,93,92.00,Sì,No
B&B La Boscara,Alloggi al coperto,http://www.laboscara.it/,0541 916109,"Località Boscara, 336",Maiolo,,,http,WordPress,No,Sconosciuto,78,88,92.00,Sì,No
Affittacamere Sweet dreams,Bed & Breakfast,,345 535 8262,"Via Saraceno, 63",Ferrara,,,,,,,,,,,
BB Villa Magda,Bed & Breakfast,http://www.bbvillamagda.it/,338 265 2879,"Via IV Novembre, 1",Novafeltria,,info@bbvillamagda.it,https,WordPress,No,Aruba S.p.A. Network,63,91,85.00,Sì,No
B&B Adele,Bed & Breakfast,http://www.bbadele.it/,333 913 7155,"Via Trieste, 39",Meldola,,bbadelemeldola@gmail.com,http,ASP.NET,No,Aruba S.p.A. Network,92,99,73.00,Sì,No
Bed & Breakfast Le Campane,Bed & Breakfast,https://bandblecampane.top/,348 729 0903,"Via del Gambero, 6 /A",Ferrara,,,https,WordPress,No,Hostinger,96,100,92.00,Sì,No
B&B Ballallaluna,Bed & Breakfast,http://www.ballallaluna.it/,331 913 0284,"Via Case Gasperoni, 212",Maiolo,,ballallaluna@gmail.com,https,React,No,Sconosciuto,68,86,100.00,Sì,No
Art B&B Gli Aironi,Hotel,https://gliaironi.info/,338 366 0835,"Località Per Volano, 39",Codigoro,,art.beb.gliaironi@gmail.com,https,Shopify,No,IONOS SE,71,98,92.00,Sì,No
Locanda Jolly,Ristorante,,0524 200006,"Via Giacomo Matteotti, 3",Polesine Zibello,,,,,,,,,,,
Il Cavalier Veggiani B&B,Bed & Breakfast,,393 059 4628,"Piazza Giuseppe Mazzini, 34",Mercato Saraceno,,,,,,,,,,,
la corte dei cerri,Bed & Breakfast,http://www.cortedeicerri.eu/,333 167 0752,Via Spervara,Spervara di Sotto,,info@cortedeicerri.eu,https,Joomla,No,Sconosciuto,85,99,92.00,Sì,No
B&B La Torretta,Bed & Breakfast,https://bb-la-torretta.comeviaggiare.top/,339 338 3699,"Via Statale, 97",Riolunato,,,https,React,No,Contabo GmbH,54,87,85.00,Sì,No
B&B EcoAntico casa in Paglia,Bed & Breakfast,http://www.bbecoantico.it/,339 434 1276,"Località Antico Roncale, 43",Maiolo,,,https,Angular,No,Sconosciuto,48,74,92.00,Sì,No
Bar Hotel Ristorante La Rocchetta,Hotel,https://bar-hotel-ristorante-la-rocchetta.viaggiareconstile.top/,388 903 2154,"Via Pieve, 1",Premilcuore,,,http,WordPress,No,Sconosciuto,54,89,85.00,Sì,No
La Casa delle Allodole B&B,Bed & Breakfast,http://www.lacasadelleallodole.it/,347 311 2037,"Via Enzo Dalai, 19",Luzzara,,info@laspingarda.it,https,React,No,Server Plan S.r.l.,61,71,83.00,Sì,No
Hotel Salus,Hotel,http://www.hotelsalus.eu/,0525 431221,"Piazza Ponci, 7",Sant'Andrea Bagni,,info@hotelsalusparma.it,https,Angular,Sì,Sconosciuto,45,60,92.00,Sì,No
Bucaneve Camping - B&B,Bed & Breakfast,http://www.campingbucaneve.com/,333 834 1034,"Via Secchia e del Bicchiere, 102",Abetone,,campingbucaneve@tiscali.it,https,React,No,IONOS SE,36,44,77.00,Sì,No
Borgo Tarapino B&B,Bed & Breakfast,http://www.borgotarapino.com/,333 574 4810,"Via Massafiscaglia, 231",Contrapò,,borgotarapino@gmail.com,https,WordPress,No,"Automattic, Inc",68,84,100.00,Sì,No
B&B Palazzo Mattei - Charming rooms,Bed & Breakfast,https://palazzomatteileresidenze.com/,339 487 7895,"Piazza Vittorio Emanuele, 28",Novafeltria,,palazzomatteicharmingrooms@gmail.com,https,WordPress,No,Netsons Network,61,83,92.00,Sì,No
B&B Nido d'Ape,Bed & Breakfast,,335 833 7475,"Via Montepetra Raggio, 38",Montepetra,,,,,,,,,,,
Locanda Osteria Belvedere San Leo,Ristorante,http://www.belvederesanleo.it/,0541 916361,"Via Pietro Toselli, 19",San Leo,,info@belvederesanleo.it,https,Angular,No,Sconosciuto,67,76,92.00,Sì,No
Cherry House B&B,Bed & Breakfast,http://www.cherryhouseinitaly.com/,366 197 6904,"Via Orazio Vecchi, 22",Polinago,,,https,Shopify,No,Sucuri,61,66,83.00,Sì,No
Magnolia,Ostello,,345 239 0589,"Viale della Resistenza, 16m",Savignano sul Rubicone,,,,,,,,,,,
B&B La Magnolia,Alloggi al coperto,,335 624 4754,"Via Gandolfi, 68",Cà Dé Fabbri,,,,,,,,,,,
Le Mimose Bed & Breakfast,Bed & Breakfast,,349 411 0914,"Via Mimose, 3/b",Poggio Berni,,,,,,,,,,,
Room & Breakfast Il Sole nel Mare - Lido di Volano,Bed & Breakfast,https://www.ilsolenelmare.com/,389 200 6622,"Via Spiaggia, 36",Lido di Volano,,ilsolenelmare@gmail.com,https,Joomla,Sì,Aruba S.p.A.,32,33,85.00,Sì,No
GrigliOsteria Corte Mirola,Ristorante,,331 948 7936,"Via Alta, 105",Copparo,,,,,,,,,,,
Montefeltro B&B,Bed & Breakfast,,339 832 2968,"Via Montefeltro, 10",San Leo,,,,,,,,,,,
Locanda San Giorgio,Ristorante,https://www.locandasangiorgio.com/,0536 64213,Via Serlina,Vesale,,dpo@wordpress.org,https,WordPress,Non trovato,Sconosciuto,77,93,92.00,Sì,No
B&B Valmarecchia,Bed & Breakfast,http://www.bbvalmarecchia.com/,0541 629342,"Via Santarcangiolese, 6140",Poggio Berni,,info@bbvalmarecchia.com,http,ASP.NET,No,Aruba S.p.A. Network,,,,Sì,No
Locanda dei sapori,Locanda,http://www.locandadeisapori.it/,339 438 0204,"Via Valle Oppio, 6",Marozzo,,,https,WordPress,No,Sconosciuto,39,76,100.00,Sì,No
B&B Il Sole nel Verde,Bed & Breakfast,,339 163 6001,"Via Savena Superiore, 80",Minerbio,,,,,,,,,,,
Albergo Soliani,Hotel,https://albergosoliani.blogspot.com/,0522 665915,"Via Giacomo Matteotti, 10",Fabbrico,,,https,React,No,Google LLC,,,,Sì,No
B&B Le Case Rosse,Bed & Breakfast,http://www.tenutaamalia.com/ita/bed-breakfast-case-rosse.htm,0541 670530,"Via Tenuta, 141",Verucchio,,bbcaserosse@gmail.com,http,ASP.NET,Sì,genesys informatica srl,,,,Sì,No
Il Frattiero B&B,Bed & Breakfast,http://www.ilfrattiero.it/,335 529 7724,"COORDINATE : 44.7680636,11.7291981, Via Giotto, 2",Voghiera,,,https,WordPress,Sì,Aruba S.p.A.,57,93,100.00,Sì,No
Ristorante Osteria Del Povero Diavolo,Ristorante,,338 463 8492,"Via Roma, 30",Poggio Torriana,,,,,,,,,,,
B&B L'Orto di Rachele,Bed & Breakfast,https://bb-lorto-di-rachele.touritaliani.top/,0547 91133,"Via Elsa Morante, 2",Mercato Saraceno,,,https,React,No,Contabo GmbH,,,,Sì,No
Blue Hotel Cesenatico,Hotel,https://www.bluehotelcesenatico.it/,0547 401817,"Viale E. de Amicis, 98/A",Cesenatico,,info@bluehotelcesenatico.it,https,WordPress,Sì,Serverplan,32,36,92.00,Sì,No
Claudio Ristorante,Ristorante,http://www.claudioristorante.it/,0522 660065,"Via A. Ferretti, 109",Fabbrico,,,https,React,No,Aruba S.p.A.,,,,Sì,No
"B&B, Bed and Breakfast Le Ginestre",Bed & Breakfast,https://bb-bed-and-breakfast-le-ginestre.mipiacelitalia.top/,348 762 4881,"Via S. Lorenzo, 12A",Poggio Torriana,,,https,WordPress,No,Contabo GmbH,,,,Sì,No
B&B Da la Nada,Bed & Breakfast,,334 338 5334,"Via Nuova, 70",Goro,,,,,,,,,,,
R&B La Via del Volano,Bed & Breakfast,http://www.laviadelvolano.info/,340 798 0958,"Via U. Lenin, 27/29/31",Codigoro,,,https,React,Sì,Google LLC,35,40,100.00,Sì,No
Albergo Hotel San Genesio,Hotel,https://www.hotelsangenesio.it/it/,0522 665240,"Via Piave, 35",Fabbrico,,info@hotelsangenesio.it,https,Shopify,No,Aruba S.p.A. Network,,,,Sì,No
B&B Le due Rocche,Bed & Breakfast,https://www.leduerocche.it/,339 505 4215,"Via Poggio, 287/a",Maiolo,,info@leduerocche.it,https,React,No,"Cloudflare, Inc.",62,92,85.00,Sì,No
Bed&Breakfast Mawa,Bed & Breakfast,https://www.bebmawa.it/,340 418 6673,"Via Pontegradella, 413",Pontegradella,,,https,WordPress,No,Aruba S.p.A.,68,87,92.00,Sì,No
Locanda del Passo Pomposa,Hotel,http://www.locandadelpassopomposa.it/,0533 719131,"Via Provinciale per Volano, 13 Località",Pomposa,,,https,React,Sì,Google LLC,43,75,100.00,Sì,No
All. La Boffalora B&B,Hotel,,339 598 4795,"Loc La Boffalora 1,29028",Ponte dell'Olio,,,,,,,,,,,
Ristorante Campass,Ristorante,http://www.agriturismocampass.it/,0523 825147,"Via Pomello, 32",Castelvetro Piacentino,,,https,Joomla,No,Aruba S.p.A. Network,57,68,83.00,Sì,No
Il Poggianino,Bed & Breakfast,http://poggianino.com/,0541 688131,"Via Collina Italia, 1519 - Loc",Poggio Berni,,,https,React,Sì,Google LLC,,,,Sì,No
ANTICHE VIE B&B,Bed & Breakfast,https://www.antichevie.it/,339 599 3103,"Via Casa Storto, 648",Pompeano,,cinzia@antichevie.it,https,React,Sì,Google LLC,66,60,100.00,Sì,No
Fra Bosco e Cielo,Bed & Breakfast,https://fra-bosco-e-cielo.mipiacelitalia.top/,333 827 6159,"Via Montepetra Fonte, 8",Montepetra,,,https,WordPress,No,Contabo GmbH,,,,Sì,No
Room & Breakfast Brigida,Bed & Breakfast,http://www.brigidaverucchio.it/,340 381 8254,Via Provinciale Sud 1339,Verucchio,,room-brigida@libero.it,http,Shopify,Sì,Sconosciuto,,,,Sì,No
Hotel Montmartre,Hotel,https://www.hotelmontmartre.it/?utm_source=google&utm_medium=organic&utm_campaign=mybusiness,0541 721212,"Viale San Salvador, 36",Torre Pedrera,,,https,WordPress,Sì,ServerPlan,,,,Sì,No
Room & Breakfast Fermo della Guazzona,Bed & Breakfast,https://www.fermodellaguazzona.it/,0524 332137,"Str. Consolatico Superiore, 56",Busseto,,,https,React,Sì,GANDI is an ICANN accredited registrar,59,82,100.00,Sì,No
B&B Le Querce,Alloggio turistico,http://www.lequercebb.eu/,338 635 7427,"Strada Provinciale 15bis, 2000",Bruciato,,,https,ASP.NET,No,Sconosciuto,,,,Sì,No
B&B Casa del Boschetto,Bed & Breakfast,https://www.casadelboschetto.it/,335 741 0386,"Via Colombare, 27",Poggio Torriana,,,https,WordPress,No,Aruba S.p.A. Network,,,,Sì,No
B&B Torre dei Magnani,Bed & Breakfast,http://www.torredeimagnani.com/,340 497 5779,"Via Rallio di Montechiaro, 100B",Rivergaro,,,https,WordPress,Sì,Sconosciuto,,,,Sì,No
B&B La Casetta di Alessia - Agriturismo con camere,Agriturismo,,329 393 5671,"Via Cavalle, 6",Minerbio,,,,,,,,,,,
B&B il maiolo,Bed & Breakfast,,338 165 9949,Via Casaccia Cass SNS 1,Ponte dell'Olio,,,,,,,,,,,
Residence il Ciliegio,Bed & Breakfast,http://www.residenceciliegio.it/,324 996 5474,"Str. Villa Superiore, 93",Luzzara,,,https,Shopify,Sì,Server Plan S.r.l.,32,50,92.00,Sì,No
Farm Stay Italy,Agriturismo,,0542 678188,"Via Valsellustra, 55",Dozza,,,,,,,,,,,
Civico 18 B&B,Bed & Breakfast,https://civico-18-bb.italiahotels.top/,347 689 5116,"Via Alberigo da Barbiano, 18",Montecchio Emilia,,,https,React,No,Sconosciuto,,,,Sì,No
Agriturismo Il Pomo Reale,Agriturismo,http://www.pomoreale.com/,0541 675127,"Via delle Fontane, 17",Poggio Torriana,,,https,Angular,No,Aruba S.p.A. Network,,,,Sì,No
B&B Ripalta,Bed & Breakfast,https://bb-ripalta.italiacongusto.top/,333 803 2190,"Via Bagnolo Ripalta, 60",Sogliano al Rubicone,,,https,WordPress,No,Sconosciuto,,,,Sì,No
Tenuta Saiano,Azienda vinicola,https://tenutasaiano.it/,0541 675515,"Via Casone, 35",Poggio Torriana,,,https,Angular,Sì,Aruba-Hosting-(Technorail),,,,Sì,No
Ca' del Fondo b&b,Bed & Breakfast,,347 464 2935,"Via Nuova Corriera, 153",Bosco Mesola,,,,,,,,,,,
Torretta di Bassano - Affittacamere,Hotel,http://www.torrettadibassano.it/,0523 957352,Loc. Bassano,Rivergaro,,,http,ASP.NET,Sì,Sconosciuto,,,,Sì,No
B&b Olmo Antico,Bed & Breakfast,http://www.olmoantico.net/,328 816 7162,"Via C. Prampolini, 58",Quattro Castella,,gmgosett@gmail.com,https,WordPress,No,Sconosciuto,,,,Sì,No
LA CASA SULLE MURA,Bed & Breakfast,,340 232 0794,"Via Edmondo de Amicis, 4",Montecchio Emilia,,,,,,,,,,,
Rinaldi House Room & Breakfast,Hotel,https://rinaldi-house-room-breakfast.vacanzeinitalia.top/,338 308 6920,"SP14ter, 56",Colombare,,,https,React,No,Contabo GmbH,,,,Sì,No
Bed & Breakfast Marcantonio Country House,Bed & Breakfast,,338 855 4510,"Via Rontagnano, sn",Rontagnano,,,,,,,,,,,
Ristorante I Malardot,Ristorante,,0541 675194,"Via Castello, 35",Poggio Torriana,,,,,,,,,,,
Agriturismo La Rondinella,Agriturismo,http://www.agriturismolarondinella.it/,0542 40108,"Via Monticino, 8",Dozza,,,http,ASP.NET,No,Aruba S.p.A.,,,,Sì,No
B&B Palazzo Turro,Bed & Breakfast,http://www.palazzoturrobnb.it/,324 827 0000,"Località Turro, 29",Piacenza,,,https,Weebly,No,"Amazon.com, Inc.",,,,Sì,No
Alloggio al San Girolamo - Room & Breakfast,Bed & Breakfast,http://www.alloggiosangirolamo.it/,0547 665432,"Via Circonvallazione, 30",Longiano,,,http,WordPress,Sì,Register.IT S.p.A,,,,Sì,No
Rosa Verde Bed and Breakfast,Bed & Breakfast,http://www.bbrosaverde.com/,338 862 0074,"Via Monte, 38",Coriano,,,https,Typo3,No,"Amazon.com, Inc.",,,,Sì,No
Hotel Business Ristopub,Hotel Resort,,339 703 7092,"Piazza Tre Martiri, 9/10",Pontenure,,,,,,,,,,,
Locanda del Musso,Locanda,https://www.locandadelmusso.it/,0426 993054,"Via Curicchi, n.12",Adria,,,https,Angular,No,Aruba S.p.A.,,,,Sì,No
B&B Al Fiume,Bed & Breakfast,http://www.bnbalfiume.it/,393 288 8702,"Via Folegatti Francesco, 27",Mesola,,bebilfiumedimesola@gmail.com,https,WordPress,No,Aruba S.p.A.,,,,Sì,No
Ristorante da Giuseppe,Ristorante italiano,https://mymenuweb.com/it/restaurants/798471/?utm_source=google_profile&utm_medium=google_profile&utm_campaign=admin,0532 860042,"Viale Giosuè Carducci, 26",Copparo,,,https,Shopify,No,Sconosciuto,,,,Sì,No
Hotel Bellini,Hotel,http://www.hotelbelliniriccione.it/,0541 600612,"Viale U. Bassi, 55 47838",Riccione,,,https,Shopify,Sì,Semplify Srl,,,,Sì,No
Bellotta Casa per Ferie,Pensione,https://www.bellotta.net/,370 340 6124,"Strada per Valconasso, 10",Pontenure,,,https,Angular,No,Aruba S.p.A. Network,,,,Sì,No
B&b Cá Del Pesce,Bed & Breakfast,,347 578 6156,"Via Grespine, 1",Montechiarugolo,,,,,,,,,,,
Agriturismo Ca del Sartù,Agriturismo,http://www.cadelsartu.it/,320 051 5799,Località Cà del Sartù,Bobbio,,,https,Squarespace,No,Google LLC,,,,Sì,No
Casa Dei Grilli,Bed & Breakfast,http://www.casadeigrilli.it/,388 757 4808,"Via IV Novembre, 49",Longiano,,,https,ASP.NET,No,Microsoft Corporation,,,,Sì,No
Il Tiglio B&B,Bed & Breakfast,,342 524 4029,"Via Calanco, 76",Dozza,,,,,,,,,,,
Albergo Locanda Michelacci,Locanda,,371 452 1332,"Via Nuova, 8",Corniolo,,,,,,,,,,,
B&B Tenuta Zavaia,Hotel,http://www.tenutazavaia.it/,348 032 8607,"Via San Vito, 434",Santarcangelo di Romagna,,,http,WordPress,No,Aruba S.p.A. Network,,,,Sì,No
"Azienda Agricola Montetermine, Circolo Ippico Horse Riding in the Wild",Bed & Breakfast,http://www.montetermine.it/,333 245 5810,"Via Termine, 11",Marzabotto,,,https,WordPress,Sì,Aruba S.p.A.,,,,Sì,No
Ostello RIO SABBIOSO,Ostello,http://www.riosabbioso.it/,340 614 2526,"Via Nuova Sabbioso, 19",Dozza,,riosabbioso@gmail.com,https,React,No,Google LLC,,,,Sì,No
B&B Paolo e Francesca,Bed & Breakfast,https://bandb-paolo-e-francesca-1.jimdosite.com/,347 954 6483,"Via Covignano, 170",Rimini,,,,Jimdo,Non trovato,"Cloudflare, Inc.",,,,Stato Non Determinato,No
La Modesta,Bed & Breakfast,,051 373445,"Via Ghiaradino, 29",Granarolo dell'Emilia,,,,,,,,,,,
Antico Casale Dei Sogni agriturismo,Agriturismo,http://www.anticocasaledeisogni.com/,393 747 3226,"Via Bastia, 800",Lugo,,,https,Shopify,No,GoDaddy-DNS,,,,Sì,No
Hotel B&B Nizza Riccione,Hotel,http://www.hotelnizzariccione.it/,0541 641493,"Viale Gabriele D'Annunzio, 165",Riccione,,,https,WordPress,No,Server Plan S.r.l.,,,,Sì,No
B&B La Rocchetta dal Sròz,Hotel,http://beblarocchettadalsroz.weebly.com/,320 089 6502,"Via Serrucce, 79",Ripoli,,,https,Shopify,Sì,Sconosciuto,,,,Sì,No
A Casa di Claudia (B&B),Bed & Breakfast,https://beb.it/acasadiclaudiaozzano,339 748 5873,"Via Tolara di Sopra, 74",Ozzano dell'Emilia,,,https,Vue,No,"Amazon.com, Inc.",,,,Sì,No
Hotel Mara,Hotel,http://www.hotelmararimini.it/,0541 382408,"Via Achille Torelli, 1",Rimini,,,https,Shopify,Sì,Server Plan S.r.l.,,,,Sì,No
Cadriano House,Bed & Breakfast,,348 730 2585,"Via Cadriano, 75",Granarolo dell'Emilia,,,,,,,,,,,
B&b Valle Rubicone,Bed & Breakfast,,328 370 8092,Via Giovanni Pascoli,Gatteo,,,,,,,,,,,
Agriturismo Locanda Proni,Bed & Breakfast,https://www.locandaproni.com/,349 354 7373,"Via Madonna di Genova, 1",Lugo,,info@locandaproni.it,https,Wix,Sì,Sconosciuto,,,,Sì,No
G&P Luxury Villa with Pool,Bed & Breakfast,,339 376 3495,"Via Roma, 13/6",Granarolo dell'Emilia,,,,,,,,,,,
Le Macine del Perino,Bed & Breakfast,https://www.lemacinedelperino.it/https://www.lemacinedelperino.it/,351 624 5547,"Unnamed Road, 29021",Farini,,,,WordPress,Non trovato,Sconosciuto,,,,No - Pagina Non Trovata (404),No
Agriturismo Primaluna,Agriturismo,http://www.agriturismoprimaluna.it/,349 156 0153,"Via Marana, 6",Castenaso,,,https,Joomla,Sì,Sconosciuto,,,,Sì,No
Castello Machiavelli B&B,Bed & Breakfast,https://www.castellomachiavelli.com/,346 791 7507,"Via Tomba Forella, 9 B",San Lazzaro di Savena,,,https,WordPress,No,Sconosciuto,,,,Sì,No
Locanda Dolcevita,Locanda,https://www.locandadolcevitadozza.com/,349 743 1349,"Via XX Settembre, 17",Dozza,,,https,WordPress,Sì,Aruba S.p.A. Network,,,,Sì,No
B&B Villa Brizzi,Bed & Breakfast,https://beb.it/bbvillabrizzi,329 429 4503,"Via Benassi, 142",San Lazzaro di Savena,,,https,WordPress,No,Sconosciuto,,,,Sì,No
B&B La Terrazza,Bed & Breakfast,https://www.beblaterrazzaozzano.it/,328 986 7033,"SS 9 Via Emilia, 52",Ozzano dell'Emilia,,,https,WordPress,No,Sconosciuto,,,,Sì,No
Hotel B&B Ardea Rimini,Hotel,https://www.hotelardearimini.it/,327 153 9658,"Viale Brescia, 6",Rimini,,,https,WordPress,No,Server Plan S.r.l.,,,,Sì,No
Albergo Piccolo Hotel Tanamalia,Hotel,http://www.piccolohoteltanamalia.it/,0534 51107,"Piazza Guglielmo Marconi, 4",Lizzano In Belvedere,,,https,WordPress,No,Sconosciuto,,,,Sì,No
Hotel La Cappuccina,Hotel,http://www.hotellacappuccina.com/?utm_source=google&utm_medium=organic&utm_campaign=mybusiness,0541 643338,"Viale Zandonai, 21",Riccione,,info@hotellacappuccina.com,https,WordPress,Sì,PENSARE-WEB,,,,Sì,No
Villa Principi della Spina,Hotel,,371 490 5657,"Via Industria, 5",Montechiarugolo,,,,,,,,,,,
B&B La Casa di Caterina,Bed & Breakfast,,0521 309879,"Viale Libertà, 47",Collecchio,,,,,,,,,,,
B&B Il Bosco dei Cervi,Bed & Breakfast,https://www.ilboscodeicervi.it/,347 912 6506,"Via Cà Gruppi, 34L",Grizzana Morandi,,,https,React,Sì,Aruba S.p.A.,,,,Sì,No
Bed breakfast & Home Restaurant Relais Delta,Bed & Breakfast,http://www.relaisdelta.it/,350 182 6289,"Via Veneto, 11",Taglio di Po,,,https,WordPress,No,Sconosciuto,,,,Sì,No
Hotel Ristorante La Lanterna,Hotel,http://www.hotelanterna.com/,0521 816167,"Strada Provinciale 343 Asolana, 98",Torrile,,,https,React,Sì,Google LLC,,,,Sì,No
Hotel Etna,Hotel,http://hoteletna.com/,328 647 8893,"Via Massimo d'Azeglio, 13",Riccione,,,https,React,No,Google LLC,,,,Sì,No
Hotel Il Crinale,Hotel,http://www.ilcrinalehotel.com/,051 913681,28,Localita' Pietrafitta,,,https,WordPress,No,Sconosciuto,,,,Sì,No
Affittacamere Maria Pia Di Grementieri Pia,Hotel,,0545 45407,"Via S. Vitale, 73",Sant'Agata Sul Santerno,,,,,,,,,,,
La Casa sul Ponte B&B,Bed & Breakfast,http://www.lacasasulponte.it/,375 684 8968,"Via Sant'Antonino, 16",Canova Ponte,,,https,React,Sì,Sconosciuto,,,,Sì,No
Locanda dei Fienili del Campiaro,Ristorante,https://www.locandafienilidelcampiaro.it/,348 660 8847,"Località, Via Campiaro, 112/C",Grizzana Morandi,,,https,WordPress,No,Sconosciuto,,,,Sì,No
Resort Villa Paola - Longiano,Bed & Breakfast,https://www.resortvillapaola-longiano.com/,320 874 7217,"Via Roncofreddo, 379",Longiano,,,https,React,No,Google LLC,,,,Sì,No
Tra I Campi Di Papaveri - Carloni Family Room,Bed & Breakfast,,331 211 8253,Via Varano 53 A 43015,Cella,,,,,,,,,,,
Salotto Corso Garibaldi,Hotel,https://www.salottocorsogaribaldi.it/,392 107 3214,"Corso G.Garibaldi, 45",Piacenza,,,https,WordPress,Sì,BT Italia (formerly Albacom),,,,Sì,No
Agriturismo Ippocastano,Agriturismo,http://www.agriturismoippocastano.it/,339 611 5028,"SP9, 35, angolo, Str. Pio XII",Torrile,,,https,WordPress,No,Server Plan S.r.l.,,,,Sì,No
Hotel Caselle,Hotel,http://www.hotelcaselle.it/,051 461086,"Via Caselle, 113",San Lazzaro di Savena,,,http,Shopify,Sì,Semplify Srl,,,,Sì,No
Casa Due Marie Marano sul Panaro,Hotel,http://duemarie.com/,375 506 3421,"Via Zenzano, 112",Marano sul Panaro,,,https,React,No,Google LLC,,,,Sì,No
Ca'Silvia,Bed & Breakfast,http://www.casilvia.com/,320 097 8893,"Via Roma, 1238",San Savino,,,https,WordPress,No,OVH ISP,,,,Sì,No
B&B Corte Finzi,Bed & Breakfast,http://www.cortefinzi.com/,338 705 1930,"Via G. Marconi, 5",Sala Baganza,,,https,React,No,Google LLC,,,,Sì,No
Room & Breakfast Villa Angela,Bed & Breakfast,http://www.rnbvillaangela.it/,340 095 0303,"Via Remitaggio, 1",Sala Baganza,,,https,WordPress,No,Serverplan s.r.l.,,,,Sì,No
Hotel Ca' di Gali,Hotel,http://www.cadigali.it/,051 317 9034,"Via Rupe, 5",Sasso Marconi,,,https,WordPress,Sì,Server Plan S.r.l.,,,,Sì,No
Room and Breakfast La Torre,Bed & Breakfast,http://www.torreditiorre.com/,338 347 3526,"Via Aurelio Ghirardi, 8","San Michele Tiorre, Felino",,,https,WordPress,No,Aruba S.p.A.,,,,Sì,No
