Nome Attività,Categoria,Sito Web,Telefono,Indirizzo,Comune,Provincia,Email,Protocollo,Tecnologia,Cookie Banner,Hosting Provider,Mobile Performance,Desktop Performance,Punteggio SEO,Disponibilità Sito,Stato Manutenzione
Gruppo Real | Realwood - Edilcolor - Realkasa,Fornitore di porte,http://www.realwoodporte.it,0884 80924,"Contrada Coppa Sant'Agata, Snc",Cagnano Varano,,,https,WordPress,No,Serverplan s.r.l.,70,98,100.00,Sì,No
Mohd Mollura Home Design,Designer d'interni,https://shop.mohd.it,090 625 8945,"S.S. 114, Km 6, 400",Tremestieri,,you@company.com,https,React,No,"Cloudflare, Inc.",66,62,92.00,Sì,No
La Casa del Cuscino e del Materasso,Negozio,,340 981 5749,"Via Nazionale, 610",Villa San Giovanni,,,,,,,,,,,
Eurocalcestruzzi S.R.L.,Fornitore di materiali da costruzione,,0884 8102,"KM. 47.500 STRADA ST. 89, Cagnano Varano, FG 71010",Cagnano Varano,,,,,,,,,,,
Fabbrica Materassi Carboncino Spaziomedical,Negozio di materassi,,081 736 3805,"Via Pio XII, 117",Casoria,,,,,,,,,,,
Quelli della Notte - Fabbrica Materassi,Negozio di materassi,http://www.quellidellanottesnc.it,0881 772642,"Viale Candelaro, 28/H",Foggia,,quellidellanottesnc@gmail.com,https,React,No,Keliweb S.R.L,61,96,92.00,Sì,No
Andrea Il Materassaio - Fabbrica materassi,Negozio di materassi,,380 747 0120,"Via Viviani, 5",Afragola,,,,,,,,,,,
La Fabbrica del materasso,Negozio di materassi,http://lafabbricadelmaterasso.com,340 464 9742,"Via Roma, 59",Cagnano Amiterno,,info@lafabbricadelmaterasso.com,https,WordPress,No,Aruba S.p.A.,55,73,92.00,Sì,No
Veradea Materasso Digital Store - Messina LoveKasa,Negozio di materassi,https://www.veradea-materasso.com,345 459 8786,"Via Maregrosso, 22",Messina,,,https,React,Sì,"Cloudflare, Inc.",49,32,85.00,Sì,No
Fabbrica Materassi Roma,Negozio di materassi,http://www.fabbricamaterassiroma.com,06 2074 4257,"Via Casilina, 1833",Roma,,infomaterassiroma@tiscali.it,https,React,No,Google LLC,68,88,92.00,Sì,No
Pharmatex Materassi Napoli,Negozio di materassi,,347 738 6676,"Via Casa dell'Acqua, 20",Casalnuovo di Napoli,,,,,,,,,,,
Casa del Materasso,Negozio di materassi,http://www.materassimessina.it,090 395581,"V. Consolare Pompea, 1801",Messina,,info@materassimessina.it,https,React,No,Netsons Network,65,85,100.00,Sì,No
Flexdor,Negozio di materassi,http://www.flexdor.it,090 998 1893,"Via Enrico Fermi, 14",Torregrotta,,,https,React,Sì,Infomaniak Network Management,50,59,77.00,Sì,No
Materassi Toscano,Negozio,,329 076 0922,"Corso Umberto I, 99",Casalnuovo di Napoli,,,,,,,,,,,
Sessauto di Sessa Luigi - Centro Revisioni,Officina autoriparazioni,,0881 593103,"Contrada Sterparo Mascia, 22",Biccari,,,,,,,,,,,
Materassificio Aniflex Di Gioia Emma,Negozio di materassi,,0973 663655,Contrada Pietra Sasso,Castelluccio Inferiore,,,,,,,,,,,
Forlife S.r.l.,Negozio di materassi,http://www.farmabed.it,0881 514823,"Via Alfonso Torelli, 38",Foggia,,info@farmabed.it,https,Joomla,No,Aruba S.p.A. Network,40,79,92.00,Sì,No
Hevea Materassi | Sede di Foggia,Negozio di materassi,https://www.heveamaterassi.it,0881 313073,"Viale Manfredi, 86",Foggia,,info@heveamaterassi.it,https,Joomla,Sì,OVH SAS,77,89,92.00,Sì,No
RIPOSO & BENESSERE - Fabbrica materassi - reti - guanciali,Negozio di materassi,http://www.riposoebenessere.com,0881 189 7124,"/C, Viale Candelaro, 8",Foggia,,assistenza@webador.it,https,React,No,Google LLC,80,81,100.00,Sì,No
Frantoio dei Sauri,Oleificio,,334 201 0894,"Villaggio, Via S. Giuseppe Artigiano, snc",Castelluccio dei Sauri,,,,,,,,,,,
Azienda Agricola Marinaccio Angelo,Oleificio,,0881 962371,"Via Foggia, 3",Castelluccio dei Sauri,,,,,,,,,,,
Ceriflex,Negozio di materassi,http://www.ceriflex.it,0885 425410,"SP143, km 0/500",Cerignola,,,http,WordPress,No,Aruba S.p.A.,57,72,85.00,Sì,No
Olio Extravergine Di Cosmo Matteo,Azienda agricola biologica,https://oliodicosmomatteo.com,348 816 6369,"Via Sirena, 20",Cagnano Varano,,,https,React,No,Google LLC,68,0,83.00,Sì,No
Fabbrica di materassi di Giuseppe Crupi,Negozio di materassi,https://www.trovaweb.net/fabbrica-materassi-crupi-messina,090 710234,"Via dei Mille, 138",Messina,,,,Joomla,Non trovato,OVH SAS,63,87,77.00,,No
FABBRICA MATERASSI MERAFLEX,Negozio di materassi,http://www.meraflex.it,0885 442649,"Via Santuario Madonna di Ripalta, 137",Cerignola,,,https,Joomla,No,Aruba S.p.A.,61,78,75.00,Sì,No
Eureka Italia Srl,Costruttore immobiliare,https://eurekacapannoni.it,0881 591094,"C.DA STERPARO MASCIA, 7",Biccari,,info@eurekacapannoni.it,https,WordPress,Sì,Server Plan S.r.l.,30,68,92.00,Sì,No
PUNTO NOTTE di Calabrese Daniele - Materassi e Imbottiti,Negozio di materassi,,0882 222311,"Via Don Minzoni, 62 E/F",San Severo,,,,,,,,,,,
Sogni&Relax,Negozio di materassi,https://www.sognierelax.it,375 613 4108,"Via Paolo Telesforo, 98",Foggia,,sermaterassi@gmail.com,https,WordPress,No,Aruba S.p.A.,54,90,85.00,Sì,No
T. e D. Materassi di Tufariello Donato,Negozio di materassi,http://www.materassited.it,0885 090034,"Viale Ferrovia, 12",Orta Nova,,info@materassited.it,https,WordPress,Sì,HOSTINGER US,57,82,85.00,Sì,No
Dorelan Foggia,Negozio di materassi,https://www.dorelan.com/en/site_search,0881 335058,"Corso del Mezzogiorno, 78",Foggia,,,,WordPress,Non trovato,"Cloudflare, Inc.",55,56,77.00,No - Pagina Non Trovata (404),No
Panzano S.R.L.,Grossista di prodotti agricoli,http://www.panzanosrl.it,0881 592424,Contrada Serra D'ischia,Alberona,,,http,React,No,"New Dream Network, LLC",77,96,91.00,Sì,No
Lavanderia Minò Giuseppe Centro professionale di Lavaggio A Secco,Lavanderia,,346 971 0353,"Via Fratelli Rosselli, 72",Apricena,,,,,,,,,,,
Azienda Usl Fg 1,Servizi medici locali,,0882 200787,"Via II Giugno, 1",Apricena,,,,,,,,,,,
De Filippis dal 1877,Gioielliere,,0882 642064,"Corso Generale Torelli, 48",Apricena,,,,,,,,,,,
MVM Technology srls,Azienda informatica,,0882 707010,"Via Roma, 4",Apricena,,,,,,,,,,,
Solimando Angelo Arredamenti,Negozio di mobili,http://www.solimandoarredamenti.it,0882 641603,"Via P. Giannone, 25",Apricena,,solimandoarredamenti@libero.it,https,WordPress,No,Google LLC,59,72,92.00,Sì,No
Ferramenta Di Benedetto Francesco Sas,Ferramenta,,346 096 3364,"Via S. Giacomo, 84",Apricena,,,,,,,,,,,
Business Center Srl,Servizio di disinfestazione,http://www.businesscentersrl.it,345 319 5775,"Via Monte Grappa, 14",Apricena,,info@businesscentersrl.it,https,WordPress,No,Aruba S.p.A.,59,85,92.00,Sì,No
Angelicchio Arredamenti | Mobili & Materassi,Produttore di mobili,,347 928 5694,"Via del Risorgimento, 42",Vico del Gargano,,,,,,,,,,,
Luceled,Consulente illuminotecnico,https://www.luceled.com,0882 645572,"Via Giuseppe di Vittorio, 129a",Apricena,,info@luceled.com,https,WordPress,No,Hetzner Online GmbH,77,90,100.00,Sì,No
Tato' Paride S.P.A.,Alimentari,,0882 645502,"Km. 8.400 Strada Statale 89, Apricena",Apricena,,,,,,,,,,,
Ortore Mario Felice,Azienda agricola biologica,http://www.ortore.com,339 712 2380,"Via Mazzini, 65",Carpino,,email@domain.com,http,React,No,Aruba S.p.A. Network,50,72,100.00,Sì,No
Conpietra - Consorzio Valorizzazione Marmo Apricena,Ditta specializzata in marmi,https://www.conpietra.it,0882 643644,"Piazzale Andrea Costa, 5",Apricena,,conpietra@gmail.com,https,WordPress,Sì,Server Plan S.r.l.,67,94,85.00,Sì,No
Valentina Passalacqua - Vini e Luce,Azienda vinicola,https://valentinapassalacqua.it,375 748 9922,Località Posta Nuova snc,Apricena,,info@valentinapassalacqua.it,https,WordPress,Sì,Keliweb S.R.L,92,96,92.00,Sì,No
S.A.I.B.A. Snc Di Villani Vincenzo & C.,Fornitore di finestre,https://www.i-nobili.com,0882 199 2764,Strada Statale 89 km 10,Apricena,,,https,Joomla,Sì,"Cloudflare, Inc.",55,64,92.00,Sì,No
Centro Revisioni Veicoli Giambattista Rosa,Officina autoriparazioni,,0884 900480,"Via Padre Pio, SNC",Carpino,,,,,,,,,,,
Domenflex - Fabbrica di Materassi di Caputo Pietro,Negozio di materassi,http://www.domenflex.com,081 064 0327,"Via Pioppaino, 93",Castellammare di Stabia,,,http,React,Sì,Aruba S.p.A.,48,52,77.00,Sì,No
Autoscuola 'Marianna' Di Di Mauro Giovanni,Autoscuola,,0884 992529,"Via Giacomo Matteotti, 67",Carpino,,,,,,,,,,,
Resingomm Fabbrica Materassi,Negozio di materassi,https://www.resingomm.it,06 451 2020,"Via Tiburtina, 852",Roma,,,https,WordPress,No,Aruba S.p.A.,39,60,92.00,Sì,No
DRAICCHIO FILOMENA,Avvocato generico,,0884 992491,"Via Cavour, 15",Carpino,,,,,,,,,,,
A.F.G. Imbottiti Srl - Fabbrica Materassi,Negozio di materassi,https://afgmaterassi.it,0828 52282,"Via Vincenzo Bellini, 45/47",Montecorvino Pugliano,,acquisti@afgmaterassi.it,https,Shopify,No,Netsons s.r.l.,60,76,85.00,Sì,No
Agricola Piano,Azienda agricola biologica,http://www.agricolapiano.com,0882 211266,"S. P. 38, Zona Artigianale, lotto 23",Apricena,,,https,React,No,Aruba S.p.A.,46,56,92.00,Sì,No
Elettrauto Meccanico Gommista Mansolillo Luigi,Servizio componenti elettrici per auto,,0885 795321,"Via Benedetto Croce, 10",Carapelle,,,,,,,,,,,
Non Solo Pane,Fornaio,,0885 795178,"Via Montebello, 73",Carapelle,,,,,,,,,,,
Nobel Materassi | Fabbrica Materassi Poltrone Relax Divani a Galatone (LE),Negozio di materassi,https://www.nobelmaterassi.com,0833 865369,"Via Achille palma, 2",Galatone,,info@nobelmaterassi.it,,Shopify,Sì,METANET AG,54,67,85.00,Sì,No
Var Service srls Agenzia Pratiche auto,Ufficio patenti,https://www.agenziavarservices.it,0882 203845,"Viale Aldo Moro, 41",Apricena,,var.services@tim.it,,Joomla,Sì,Netsons s.r.l.,56,68,85.00,Sì,No
Idea,Caseificio,,0885 795010,"Piazza Dante Alighieri, 26",Carapelle,,,,,,,,,,,
Il Materasso di carrozzo domenico,Negozio di materassi,http://www.ilmaterassosas.it,339 802 0120,"via del Commercio, 16",Torre Santa Susanna,,,https,Angular,No,Aruba S.p.A. Network,33,44,77.00,Sì,No
L.T.S. Manifattura S.R.L.,Negozio di materassi,,0825 449154,"Contrada Laureta, Mirabella Eclano, AV 83036",Mirabella Eclano,,,,,,,,,,,
La Vittoria Materassi,Negozio di materassi,http://www.lavittoria.it,328 321 2196,"Via Pagliara, 78",Pagliara,,,https,WordPress,Sì,Aruba S.p.A.,61,89,85.00,Sì,No
Oleificio Criasia,Oleificio,,328 026 5471,"CONTRADA SANTA LUCIA, 2",Casalvecchio di Puglia,,,,,,,,,,,
De Maio Mobili Sas,Negozio di mobili,http://www.demaiomobili.it,0881 982079,"SP136bis, 8",Anzano di Puglia,,info@demaiomobili.it,http,WordPress,Sì,Aruba S.p.A.,47,41,85.00,Sì,No
Pefran Luxury Comfort di Petracca Elisa,Negozio di materassi,http://www.pefranitalia.it,389 193 5444,"Via delle Industrie, 48",Casarano,,luxurycomfort@libero.it,https,Wix,Sì,Google LLC,79,89,100.00,Sì,No
O.M.P. FIORE S.R.L.S.,Ditta specializzata in campo meccanico,,0881 553737,CONTRADA SANTA LUCIA SNC,Casalvecchio di Puglia,,,,,,,,,,,
DeB Fabbrica di Materassi,Negozio di materassi,,0872 569445,"Via Assunta, 102",Castel Frentano,,,,,,,,,,,
DORMITALIANO di Petracca Fabio,Negozio di materassi,http://www.dormitaliano.com,339 813 5444,"Via delle Industrie, 32",Casarano,,info@dormitaliano.com,https,WordPress,No,Servereasy Srl,31,61,92.00,Sì,No
Puglia Cosmesi,Produttore di cosmetici,https://www.pugliacosmesi.it,380 376 7983,"Corso Udha Giorgio Castriota Skanderbeg, 41",Casalvecchio di Puglia,,commerciale@pugliacosmesi.it,https,Shopify,No,IT.Gate S.p.A.,39,40,92.00,Sì,No
Mickyflex Materassi Evolution - Sede produttiva Capurso,Negozio di materassi,http://www.mickyflex.it,080 455 9996,"Via Casamassima, 20",Capurso,,showroom@mickyflex.it,https,WordPress,Sì,Armada WAN2,69,84,100.00,Sì,No
Edilferro S.R.L.,Fornitore di materiali da costruzione,https://distanziatoriedilferro.it,0881 553732,"Contrada Caprareccia, Casalvecchio Di Puglia, FG 71030",Casalvecchio di Puglia,,info@distanziatoriedilferro.it,https,React,No,Serverplan s.r.l.,46,64,92.00,Sì,No
Molino De Vita,Mulino per macinare il grano,http://www.molinidevita.it,0881 558556,"SP11, Km 14",Casalvecchio di Puglia,,info@molinidevita.it,https,Shopify,No,Aruba S.p.A. Network,79,97,100.00,Sì,No
CAMPERISTA DORMIGLIONE e IL DORMIGLIONE Centro materassi casa - Camper/Roulotte e Camion,Negozio di materassi,http://www.camperistadormiglione.it,320 323 2300,"Via Don Felice Canelli, 42",San Severo,,camperistadormiglion@libero.it,https,WordPress,Sì,OVH ISP,42,90,100.00,Sì,No
AGRIGELO della Az. Agr. DPM srl,Produzione e commercio surgelati,http://www.agrigelo.it,0885 980570,zona industriale Giarnera Grande ASI,Ascoli Satriano,,,https,WordPress,No,Aruba S.p.A. Network,57,94,85.00,Sì,No
Interiors Idea,Negozio di mobili,http://www.interiorsidea.it,0885 662436,Localita' Giarnera Grande,Ascoli Satriano,,info@interiorsidea.it,https,Shopify,No,Aruba S.p.A.,53,80,77.00,Sì,No
Grinta Fabbrica Materassi − Marina di Davoli,Negozio di materassi,https://www.grinta.info,0967 572890,"Viale Cassiodoro, 6",Marina di Davoli,,info@grinta.info,https,ASP.NET,No,Aruba S.p.A.,64,71,92.00,Sì,No
Guardia Medica - Servizio di Continuità Assistenziale,Medico,,0885 651853,"Via Stazione, 17",Ascoli Satriano,,,,,,,,,,,
Roccia,Oleificio,http://www.olioroccia.it,0885 661043,SP88,Ascoli Satriano,,info@olioroccia.it,https,Joomla,Sì,Server Plan S.r.l.,63,72,92.00,Sì,No
Agostino Paciello,Raffineria di petrolio,,0881 981664,Contrada Rochiano,Accadia,,,,,,,,,,,
ASL FG,Servizi medici locali,,0881 980111,"Strada St. 91 Ter, Accadia, FG 71021",Accadia,,,,,,,,,,,
Materasseria Italiana - Produzione e vendita materassi,Negozio di materassi,https://www.materasseriaitaliana.com,0824 316694,"Viale Antonio Mellusi, 178",Benevento,,info@materasseriaitaliana.it,https,WordPress,Sì,Netsons Network,62,89,100.00,Sì,No
VITAFLEX LA FABBRICA DEL MATERASSO,Negozio di materassi,http://www.materassivitaflex.it,392 165 6585,"Via Variante Tiberina, 19",Fiano Romano,,info@materassivitaflex.it,https,WordPress,No,Hetzner Online GmbH,0,100,100.00,Sì,No
Demaflex Dei F.Lli De Marinis S.A.S.,Negozio di materassi,http://www.demaflex.com,080 872 8144,"V. Trani, 17",Corato,,info@demaflex.com,http,ASP.NET,No,IONOS SE,100,100,100.00,Sì,No
Palmieri Luciano Giuseppe,Macelleria,,0881 559015,"Piazza Plebiscito, 39",Castelnuovo della Daunia,,,,,,,,,,,
Duemme Materassi srls,Negozio di materassi,http://www.materassiduemme.it,080 325 5922,"Via Pier Luigi Nervi, 5",Gravina in Puglia,,info@materassiduemme.it,https,Joomla,No,Aruba S.p.A.,54,84,77.00,Sì,No
Fabbrica Materassi Valerflex dal 1988,Negozio di materassi,http://www.materassivalerflex.com,0823 355235,"Via Fulvio Renella, 74",Caserta,,info@materassivalerflex.com,https,WordPress,Sì,Aruba S.p.A. Network,49,89,77.00,Sì,No
Fomas Srl,Ferramenta,,0881 554182,"Via Giardino, 2A",Celenza Valfortore,,,,,,,,,,,
Oleificio Iacaruso,Oleificio,https://www.oleificioiacaruso.it,339 127 2323,"Via Cairoli, 51",Celenza Valfortore,,webmaster@oleificioiacaruso.it,https,React,No,Aruba S.p.A.,56,63,100.00,Sì,No
Co.Ma.Co,Fornitore di materiali da costruzione,,0881 554255,"Contrada Fornaci, Snc",Celenza Valfortore,,,,,,,,,,,
Fidesflex Fabbrica Materassi dal 1979 di sorrentino,Negozio di materassi,http://www.fidesflex.it,333 187 4470,"Via Napoli, 213",Maddaloni,,fidesflex@hotmail.it,https,WordPress,No,Aruba S.p.A.,50,87,92.00,Sì,No
Fabbrica Materassi Idealflex Di Basciano Vincenzo,Negozio di materassi,https://www.fabbricamaterassiidealflex.it,0823 826838,"Via Raffaele Musone, 64",Marcianise,,vincenzobasciano@libero.it,https,WordPress,No,Serverplan s.r.l.,50,86,92.00,Sì,No
Salumificio De Luca,Produttore,https://salumificiodeluca.it,0881 973331,"Via Fontana, 31",Faeto,,info@salumificiodeluca.it,https,Joomla,No,Aruba S.p.A. Network,55,59,92.00,Sì,No
Chinni Rosaria,Negozio di materassi,,0881 967200,"Via Caduti sul Lavoro, 19",Deliceto,,,,,,,,,,,
Lanciaflex Di Luciano E Roberto Lancia & C. S.N.C.,Negozio di materassi,https://www.lanciaflex.it,0875 81235,"Via Corsica, 178/B",Termoli,,lanciaflex@lanciaflex.it,https,WordPress,No,Aruba S.p.A.,67,77,92.00,Sì,No
Materassi Barflex,Negozio di materassi,,0874 016131,"Via Don Luigi Sturzo, 15",Larino,,,,,,,,,,,
ASL Azienda Sicurezza Lavoro,Consulente aziendale,http://www.aslsicurezzalavoro.it,0881 020229,"Via Borgo, Via Gavitelle, 119",Deliceto,,info@aslsicurezzalavoro.it,https,WordPress,No,Aruba S.p.A. Network,60,67,77.00,Sì,No
Materassi & Materassi - Termoli,Negozio di materassi,http://www.materassiematerassi.it,0875 755072,"Viale dei Pini, 46",Termoli,,,https,Angular,Sì,Seeweb srl,28,33,92.00,Sì,No
Azienda Agricola Turco,Negozio di prodotti alimentari italiani,https://www.agricolaturco.it/negozio,348 100 6300,"Contrada Cannella, 713",Lesina,,info@agricolaturco.it,https,Joomla,Sì,Aruba S.p.A. Network,55,90,92.00,Sì,No
Uniflex Materassi s.r.l.s.,Negozio di materassi,,06 9818 6685,"Viale Charles Lenormant, 156",Roma,,,,,,,,,,,
Fioreria Del Corso & Onoranze Funebri Di Maria Grazia Guerra,Fiorista,,0884 564198,"Corso Pietro Giannone, 17",Monte Sant'Angelo,,,,,,,,,,,
Chichino,Fornaio,,0884 937320,"Via Giantommaso Giordani, 25",Monte Sant'Angelo,,,,,,,,,,,
Pastificio Casa Prencipe,Impresa di trasformazione di prodotti alimentari,http://www.casaprencipe.it,0884 561599,SP52b,Monte Sant'Angelo,,info@casaprencipe.it,https,Shopify,No,Aruba S.p.A.,93,99,92.00,Sì,No
Royalflex - Fabbrica Materassi,Negozio di materassi,http://www.royalflex.it,06 263666,"Via dell'Aquila Reale, 52",Roma,,info@royalflex.it,https,WordPress,No,Aruba S.p.A.,64,95,100.00,Sì,No
Il Materasso & co. di Scafi Giorgio,Negozio di materassi,,06 6567 1226,"Via della Casetta Mattei, 142",Roma,,,,,,,,,,,
Casa del Corredo LA VENEZOLANA,Negozio di biancheria,,0884 226571,"Corso Vittorio Emanuele, 73",Monte Sant'Angelo,,,,,,,,,,,
IACONFLEX di Pietro Iacomini,Negozio di materassi,http://www.iaconflex.it,06 943 8388,"Via S. Chiara, 61",Colonna,,info@iaconflex.it,https,WordPress,Sì,Aruba S.p.A.,61,93,85.00,Sì,No
Frantonio Armillotta - Olio EVO del Gargano,Oleificio,https://www.garganolio.it,0884 530900,SS89,Monte Sant'Angelo,,info@garganolio.it,https,Angular,No,Google LLC,52,81,85.00,Sì,No
Masseria Papone,Oleificio,https://www.masseriapapone.com,333 643 8837,SS89,Monte Sant'Angelo,,info@masseriapapone.com,https,Shopify,Sì,Server Plan S.r.l.,68,98,100.00,Sì,No
Tipografia S. Michele Di M. Palumbo Snc,Tipografia digitale,,0884 561365,"Corso Vittorio Emanuele, 190",Monte Sant'Angelo,,,,,,,,,,,
Fabbrica Reti E Materassi Perniconi,Negozio di materassi,https://www.retiortopediche.com,800 864 850,"Via Alessandro Neroni, 62",Roma,,,https,WordPress,No,Aruba S.p.A.,47,35,92.00,Sì,No
Olio EVO del Gargano Tenuta Simone,Oleificio,http://www.oliosimone.it,328 955 9567,Presso Charming Puglia Villa Simone,Monte Sant'Angelo,,tenutasimonepuglia@gmail.com,https,Shopify,Sì,Google LLC,50,86,100.00,Sì,No
Effetto Casa,Negozio di materassi,https://www.offertematerassi.it,06 508 8379,"Viale degli Eroi di Rodi, 230",Roma,,,https,WordPress,Sì,Google LLC,39,67,92.00,Sì,No
Chateau d'Ax,Negozio di mobili,https://www.designchateaudax.it,0881 650123,"Viale degli Aviatori, 19",Foggia,,,https,React,Sì,Aruba S.p.A.,19,56,85.00,Sì,No
New Aligros Market,Alimentari,,0884 995243,"via Giacomo Matteotti, 52",Ischitella,,,,,,,,,,,
Reti E Materassi Mendone,Negozio di materassi,,339 352 7405,"Via Domiziana, 404",Castel Volturno,,,,,,,,,,,
Fausta Munno,Azienda agricola biologica,,0884 965626,Strada Comunale Canneto,Rodi Garganico,,,,,,,,,,,
Avel S.r.l.,Negozio di motori elettrici,http://www.avelsrl.it,0884 995406,Contrada Pozzo Romondato,Ischitella,,info@avelsrl.it,https,ASP.NET,No,Aruba S.p.A. Network,64,77,83.00,Sì,No
della Salandra società cooperativa,Azienda agricola biologica,https://www.lacappelladelconvento.it/it/azienda-agricola,349 271 5260,Contrada Convento,Rodi Garganico,,info@lacappelladelconvento.it,https,Shopify,Sì,Semplify Srl,76,98,100.00,Sì,No
Bimflex,Negozio di materassi,https://w14qzt-vm.myshopify.com,081 712 1198,"Viale Sandro Pertini, 92",Calvizzano,,,https,Shopify,No,"Cloudflare, Inc.",78,98,100.00,Sì,No
Materassi Sensation,Negozio di materassi,,379 102 0603,"Via del Fontanile di, Via Valle Romanella, 13",Monte Compatri,,,,,,,,,,,
Supermercati 3L,Negozio di alimentari,,351 616 5801,Via Alfredo Petrucci,Rodi Garganico,,,,,,,,,,,
TESSILBED,Negozio di materassi,http://www.tessilbed.it,324 909 2669,Via G di Vittorio 42 Forche Puianello Quattro Castella,Reggio Emilia,,info@tessilbed.it,https,Shopify,Sì,Serverplan S.r.l.,31,46,85.00,Sì,No
Agricola Ricucci,Azienda agricola biologica,https://www.agricolaricucci.it,349 371 0833,Contrada Santa Lucia,Rodi Garganico,,info@agrumariaricucci.it,https,Shopify,Sì,OVH SAS,56,62,85.00,Sì,No
Literflex S.r.l.,Negozio di materassi,,081 504 3046,"SP15, 134",Villa di Briano,,,,,,,,,,,
Sudfish S.r.l.,Pescheria,,0882 991296,"Via Ripalta, 45",Lesina,,,,,,,,,,,
Botex,Negozio di biancheria da letto,,327 448 5049,"N, Corso Umberto I° di Savoia, 25",Lesina,,,,,,,,,,,
Veradea Materasso Digital Store - Manfredonia (FG),Negozio di materassi,https://www.veradea-materasso.com/it,0884 195 1729,"Via delle Antiche Mura, 125/127",Manfredonia,,,https,React,Sì,"Cloudflare, Inc.",51,47,85.00,Sì,No
Orthomed S.C.A.,Grossista di frutta e verdura,,0882 992257,"Corso Umberto I° di Savoia, 39",Lesina,,,,,,,,,,,
Gabriele Arredamenti,Negozio di mobili,http://www.gabrielearredamenti.it,0884 581065,"Via Scaloria, 14",Manfredonia,,info@gabrielearredamenti.it,https,Shopify,No,Aruba S.p.A.,44,59,100.00,Sì,No
Dorelan Manfredonia,Negozio di materassi,https://www.dorelan.it/it/punti-vendita/dorelan-manfredonia,0884 662834,"Via Gargano, 45/49",Manfredonia,,,https,Shopify,Sì,"Amazon.com, Inc.",37,28,100.00,Sì,No
"Comodo Relax | Divani, Materassi e Letti",Negozio di divani,,351 123 7198,"Via delle Antiche Mura, 125/127",Manfredonia,,,,,,,,,,,
Webbin - distribuzione prodotti informatici,Azienda informatica,http://www.webbin.it,0884 532150,"Arte del Tessuto, 170",Manfredonia,,,https,Shopify,No,Aruba S.p.A.,36,68,92.00,Sì,No
Gelsomino Home,Negozio di mobili da esterno,http://www.gelsominohome.com,0884 535501,S.P. 58 Le Matine Km 14,Manfredonia,,,https,Shopify,No,"Cloudflare, Inc.",69,80,85.00,Sì,No
Diomede s.r.l.,Impresa di pulizie,http://www.diomedesrl.it,328 004 7826,"Via Seminario, 20",Manfredonia,,,https,WordPress,No,Aruba S.p.A.,62,86,100.00,Sì,No
Cala' Giuseppe & C. Snc,Negozio di elettrodomestici,,0882 991075,"Via Lorizio, 11",Lesina,,,,,,,,,,,
Caseificio De Vita,Caseificio,https://agricoladevita.com,340 455 9299,"Via Don Lorenzo Milani, 16",Mattinata,,info@agricoladevita.com,https,PrestaShop,Sì,Aruba S.p.A.,61,83,100.00,Sì,No
Fabbrica Materassi,Negozio di materassi,,360 934 591,"Via Giovanni Pascoli, 1",Vieste,,,,,,,,,,,
AgriTù di Tucci Antonio,Azienda agricola biologica,https://agrituprodottitipici.com,320 763 9482,"Viale Veneto, 19",Lesina,,,https,WordPress,No,Signet B.V.,56,79,92.00,Sì,No
Oleum Vieste,Servizio di e-commerce,https://www.oleumvieste.com,340 808 6523,"Via Archita, 8",Mattinata,,info@oleumvieste.com,https,WordPress,Sì,Hostpoint AG,63,61,92.00,Sì,No
Macelleria Salumeria da Giuseppe,Macelleria,,348 864 3036,"Corso Matino, 93",Mattinata,,,,,,,,,,,
Greenbed Cisternino,Negozio di materassi,https://green-bed.it,080 567 8777,"Via Francesco Clarizia, 23",Cisternino,,info@green-bed.it,https,WordPress,No,OVH SAS,43,84,100.00,Sì,No
Accessori E Autoricambi Contessa,Meccanico e assistenza automobili,,080 474 4548,"Via Lungara Porto, 40",Mola di Bari,,,,,,,,,,,
Eminflex Bari Triggiano,Negozio di materassi,https://www.eminflex.it,340 452 0048,Via Giannavello localita Cutizza,Triggiano,,info@eminflex.it,https,WordPress,Sì,Aruba S.p.A.,60,61,85.00,Sì,No
Fabbrica del ghiaccio di La Padula Riccardo,Attrezzature per la lavorazione degli alimenti,,349 392 5796,"di Italia, Viale Unità D'Italia",Mola di Bari,,,,,,,,,,,
Stucci jewels & home,Gioielliere,,080 473 3825,"Via Regina Margherita, 4",Mola di Bari,,,,,,,,,,,
Bariflex Materassi Artigianali dal 1926,Negozio di materassi,http://www.bariflexmaterassi.com,080 523 2547,"Via Principe Amedeo, 279",Bari,,bariflexmaterassi@gmail.com,https,React,No,Serverplan S.r.l.,65,73,92.00,Sì,No
Frantoio Oleario Griseta,Oleificio,http://www.frantoiogriseta.com,080 473 3741,"Via Luigi Einaudi, 26",Mola di Bari,,info@frantoiogriseta.com,https,Shopify,Sì,Servereasy Srl,53,68,92.00,Sì,No
Azienda Agricola Masseria Pepe,Azienda agricola biologica,,080 473 3669,"Contrada Spinazzo, Mola Di Bari, BA 70042",Mola di Bari,,,,,,,,,,,
Spazio3 - Le tue porte e finestre,Fornitore di finestre,https://www.spazio3.it,080 597 1504,"Via Vittorio Emanuele II, 88",Mola di Bari,,,https,WordPress,Sì,Server Plan S.r.l.,48,41,85.00,Sì,No
Qualitybed srl,Negozio di materassi,http://www.qualitybed.it,080 455 5660,"Ex s.s. 100 km 11,200, Zona Industriale",Capurso,,commerciale@qualitybed.it,https,Shopify,Sì,Armada WAN2,57,69,85.00,Sì,No
Ceramiche Orion,Negozio di ceramiche,http://www.ceramicheorion.it,080 474 1819,c.da Scannacinque,Mola di Bari,,clienti@ceramicheorion.it,https,Shopify,Sì,Persolvo-IRIDEOS,60,69,100.00,Sì,No
SITAEL S.p.A.,Industria aeronautica e aerospaziale,https://www.sitael.com,080 532 1796,"Via S. Sabino, 21",Mola di Bari,,nicola.galluzzi@sitael.com,https,WordPress,Sì,Google LLC,38,60,85.00,Sì,No
F.I.A.M. Ascensori,Installazione e manutenzione ascensori,https://www.fiamascensori.com,080 471 3150,"Via L, Porto, 39/A",Mola di Bari,,,https,Shopify,No,OVH SAS,61,63,92.00,Sì,No
"AD Relax - Materassi, Guanciali e Reti",Negozio di materassi,https://www.adrelax.it,080 403 7675,"Via Guido Dorso, 28",Bari,,info@adrelax.it,,ASP.NET,Sì,Seeweb srl,56,75,83.00,Sì,No
Nuova Vita Relax,Negozio di materassi,https://nuovavitarelax.it,081 1917 6858,"Via Campana, 367",Quarto,,nuovavitarelax@libero.it,https,Shopify,Sì,Netsons s.r.l.,53,78,92.00,,No
Produzione Materassi e Sommier L.L.C.I.,Negozio di materassi,https://www.materassillci.it,081 899 5642,"Via Circumvallazione, 120/Bis",Somma Vesuviana,,info@materassillci.com,https,WordPress,Sì,Aruba S.p.A. Network,64,81,100.00,Sì,No
Buonassisi Maria,Fiorista,,0881 968218,"Via Vittorio Emanuele, 33",Orsara di Puglia,,,,,,,,,,,
De Panni Arreda,Negozio di mobili,,0423 948635,"Via Asolana, 182",Oné,,,,,,,,,,,
De Panni,Negozio di materassi,,0423 64118,"Via Zona Industriale, 41",Pederobba,,,,,,,,,,,
Panificio Mescia Antonio,Fornaio,,0881 968170,"Via Trento, 11",Orsara di Puglia,,,,,,,,,,,
La Bottega Delle Delizie Di Vannella Antonella,Pasticceria,,0881 555947,"Piazza Martiri del Terrorismo, 16",Pietramontecorvino,,,,,,,,,,,
Carpinelli D'Ambrosio & Figlio,Macelleria,,0881 555167,"Via Lucera, 24",Pietramontecorvino,,,,,,,,,,,
D.BIO Fabbrica Materassi,Negozio di materassi,https://www.dbiomaterassi.com,0833 588447,"Via del Commercio, Snc",Melissano,,info@dbiomaterassi.com,https,Joomla,No,Netsons Network,32,63,92.00,Sì,No
Cetola Spa,Impresa di costruzioni,https://www.cetolaspa.it,0881 519310,"Via Taranto, 37",Pietramontecorvino,,info@cetolaspa.it,https,React,No,Keliweb S.R.L,72,92,77.00,Sì,No
Piacquadio Guido,Fornaio,,0881 555176,"Via de Michele, 24",Pietramontecorvino,,,,,,,,,,,
Project++ Srl,Azienda informatica,http://www.projectpp.it,0881 666679,Contrada Macchia Mulino zona PIP lotto 9,Pietramontecorvino,,,https,ASP.NET,Sì,Microsoft Corporation,32,41,83.00,Sì,No
Frantoio Oleario FRATELLI SARRA,Oleificio,https://oleificiofratellisarra.it,320 083 6890,Località Coppa Montorio,Poggio Imperiale,,frantoiosarra_2022@libero.it,https,Laravel,Sì,Aruba S.p.A,65,83,92.00,Sì,No
IMPERIALFLEX di Sgobba Giuseppe & Figli snc,Negozio di materassi,http://www.imperialflex.it,080 493 1261,"Via Padre G. Lerario, 20/28",Putignano,,info@imperialflex.com,https,React,Sì,"Namecheap, Inc.",67,95,92.00,Sì,No
Marinozzi,Oleificio,https://oleificiomarinozzi.it,0882 199 1272,"Via Paolo Borsellino, 11",Poggio Imperiale,,info@oleificiomarinozzi.it,https,WordPress,Sì,Aruba S.p.A,54,50,100.00,Sì,No
Prima Bio,Azienda agricola biologica,https://www.primabio.farm,0882 820876,Contrada Villanova,Rignano Garganico,,,https,WordPress,No,Aruba S.p.A.,0,55,85.00,Sì,No
Hypnos,Negozio di materassi,http://hypnos.biz,0761 586155,"Via Flaminia, 58",Rignano Flaminio,,info@hypnos.biz,https,WordPress,No,Aruba S.p.A.,93,98,85.00,Sì,No
Frantoio OLEARIO di Giovanni Russo,Oleificio,,349 189 8151,"Contrada PESCOROSSO, 71010",Rignano Garganico,,,,,,,,,,,
Di Feo Costruzioni Srl,Impresa di costruzioni,,0885 654064,"Via Trieste, 16",Rocchetta Sant'Antonio,,,,,,,,,,,
Garruto Francesco,Falegname,,0885 654674,"Via Gesumunno, 15",Rocchetta Sant'Antonio,,,,,,,,,,,
Simeone S.p.a.,Pianta di depurazione acque reflue,http://www.simeonespa.com,0882 996260,"Piazza Principe Imperiale, 25",Poggio Imperiale,,info@simeonespa.com,https,React,No,Aruba S.p.A. Network,55,74,100.00,Sì,No
Tecnofibre Srl,Fabbrica di tessile,,0827 215050,Via Scalo,Morra De Sanctis,,,,,,,,,,,
Minoflex Materassi dal 1958,Negozio di materassi,,080 496 6969,"Via Putignano, 66",Castellana Grotte,,,,,,,,,,,
Aquinflex Fabbrica Artigiana Materassi Polistena Reggio Calabria,Negozio di materassi,http://www.aquinflex.it,0966 931898,"Via Fausto Gullo, 13",Polistena,,informazioni@aquinflex.it,https,WordPress,Sì,Aruba S.p.A.,72,77,92.00,Sì,No
ASL FG 1,Medico di pronto soccorso,,0884 714111,Via Alfredo Petrucci,Rodi Garganico,,,,,,,,,,,
Azienda Unita' Sanitaria Locale Fg 1,Servizi medici locali,,0884 965026,"Corso Madonna della Libera, 63",Rodi Garganico,,,,,,,,,,,
Macelleria Montemitro di De Luca Rosa,Macelleria,,0882 475657,"Via Antonio Solimando, 1",San Nicandro Garganico,,,,,,,,,,,
Guardia Medica San Nicandro Garganico,Medico di famiglia,,0882 474148,"Via Matteo del Campo, 35",San Nicandro Garganico,,,,,,,,,,,
La Floreale Di Montemitro Vincenzo & C. Snc,Fiorista,,0882 472498,"Via Gian Battista Vico, 16",San Nicandro Garganico,,,,,,,,,,,
Revisioni Auto R.C.A. Di D'Amaro Michele,Officina autoriparazioni,,0882 475880,"Contrada Pilarossa, San Nicandro Garganico, FG 71015",San Nicandro Garganico,,,,,,,,,,,
Delice,Pasticceria,,0882 471293,"Viale Vittorio Veneto, 161",San Nicandro Garganico,,,,,,,,,,,
Gargano Grandi Cucine Srl,Negozio di elettrodomestici,http://www.garganograndicucine.it,0882 471159,"Via Torre Mileto, 75",San Nicandro Garganico,,,https,WordPress,Sì,Hetzner Online GmbH,64,89,85.00,Sì,No
Il Mulino di Puglia,Negozio,http://www.ilmulinodipuglia.it,338 956 8449,"Via Trieste, 35",Rocchetta Sant'Antonio,,info@ilmulinodipuglia.it,,WordPress,No,"New Dream Network, LLC",60,66,85.00,Sì,No
Dreamer Productions Studios,Fotografo,,376 111 2385,"Via Persio, 21",San Nicandro Garganico,,,,,,,,,,,
Fa.s.te.r. italia Srl,Produttore,http://www.lamflexgroup.com,0965 640756,Zona industriale,San Gregorio,,info@lamflexgroup.com,https,WordPress,Sì,SEEWEB s.r.l.,61,78,92.00,Sì,No
Powerteam Group srl,Impianto solare fotovoltaico,http://www.powerteam.it,0882 423453,"Piazza Enzo Fioritto, 9/b",San Nicandro Garganico,,commerciale@powerteam.it,http,WordPress,Sì,IONOS SE,55,89,92.00,Sì,No
Re Mida,Gioielleria,,320 346 0485,"Viale Papa Giovanni XXIII, 50",San Nicandro Garganico,,,,,,,,,,,
Nuova Stenniflex,Negozio di materassi,,085 809 0589,"Via Vincenzo Moretti, 50",Roseto degli Abruzzi,,,,,,,,,,,
Coco Bevande,Grossista di acqua minerale,,0882 491125,"Via Nicola la Porta, 21",San Nicandro Garganico,,,,,,,,,,,
Erreciflex Snc Di Finocchio C&R,Negozio di materassi,,085 800 7800,"Via Galileo Galilei, 384",Giulianova,,,,,,,,,,,
Coppa Rossa,Cooperativa dei produttori di olio di oliva,http://www.copparossa.it,328 655 5533,"Corso Umberto I, 6",Rodi Garganico,,,https,Joomla,No,OVH SAS,56,82,77.00,Sì,No
Agritec,Fornitore di trattori e macchine agricole,http://agritecweb.com,346 068 5276,"SP 40 Lesina, km, 15/9",Torre Mileto,,agritec.vocale@tiscali.it,https,WordPress,No,Aruba S.p.A.,59,73,83.00,Sì,No
Olivieri,Oleificio,http://olivieri-srl.com,329 851 3089,"Via Piazza Vecchia, 10",Roseto Valfortore,,info@olivieri-srl.com,https,WordPress,Sì,wix com inc,60,87,100.00,Sì,No
Pasticceria Rodi S. A. S.,Pasticceria,,0884 965566,"Corso Madonna della Libera, 34",Rodi Garganico,,,,,,,,,,,
Liuzzi Vincenzo,Macelleria,,0882 552452,"Str. S. Nicola, 13",San Paolo di Civitate,,,,,,,,,,,
Mobili Mimmo,Negozio di mobili,,0882 491226,"Via Raffaele Paolucci, 15",San Nicandro Garganico,,,,,,,,,,,
Stenniflex 2 Di Gabriele D'Eustachio,Negozio di materassi,https://www.stenniflex2.com,327 952 4284,Zona industriale sassa,Sassa Scalo,,,https,Wix,Sì,Google LLC,62,91,92.00,Sì,No
Marchesino,Oleificio,http://www.marchesino.com,0882 554333,Strada Vicinale Rovello,San Paolo di Civitate,,info@casaripugliesi.it,https,WordPress,Sì,Aruba S.p.A.,72,94,85.00,Sì,No
Agrileader Srl,Fattoria,,0882 552132,"Via Macallè, 21",San Paolo di Civitate,,,,,,,,,,,
PHISIOCENTER,Clinica di fisioterapia,,0882 553183,"Via Orazio, 26",San Paolo di Civitate,,,,,,,,,,,
R&G Distribution S.r.l.,Servizio di distribuzione,http://www.regdistribution.com,0882 420856,"SP31, Snc",San Paolo di Civitate,,info@regdistribution.com,https,Shopify,No,One.com A/S,38,41,77.00,Sì,No
Reflex Di D'Arcangelo Davide,Negozio di materassi,https://www.materassireflex.com,085 468 3404,"Via Piceni, 43",Montesilvano,,info@materassireflex.com,https,Shopify,Sì,Aruba S.p.A. Network,57,69,85.00,Sì,No
Apulum - Olio Extravergine Pregiato,Azienda di imbottigliamento dell'olio di oliva,http://www.apulum.it,389 646 1454,Via D'Anzi,San Paolo di Civitate,,apulum.info@gmail.com,https,WordPress,Sì,Google LLC,45,62,100.00,Sì,No
𝙊𝙡𝙚𝙞𝙛𝙞𝙘𝙞𝙤 𝙋𝙪𝙜𝙡𝙞𝙚𝙨𝙚 - Nodí,Oleificio,https://www.oleificiopugliese.com,0882 551082,C.da Pozzacchi,San Paolo di Civitate,,,https,React,Sì,Google LLC,66,40,83.00,Sì,No
Il Negozietto da Simona,Negozio di alimentari,,389 796 3574,"Via Bari, 3",Serracapriola,,,,,,,,,,,
Di Nunzio Srl,Negozio di frutta e verdura,http://www.dinunziosrl.it,0882 552061,"Km. 42.770, Strada St. 16 Per S. Severo, San Paolo Di Civitate, FG 71010",San Paolo di Civitate,,info@dinunziosrl.it,http,WordPress,No,Microsoft Corporation,47,52,91.00,Sì,No
Azienda Agricola Roberto Cordisco,Azienda agricola biologica,https://www.apulio.it,0882 552267,"Via Orazio, 22",San Paolo di Civitate,,,https,React,Sì,Aruba S.p.A. Network,40,67,92.00,Sì,No
Azienda Agricola Antonio Cordisco,Azienda agricola biologica,https://www.cordiscolive.com,0882 432750,"Via Unità D'Italia, 8",San Paolo di Civitate,,,https,WordPress,Sì,Hetzner Online GmbH,59,84,92.00,Sì,No
Olio LeVi - Olio Extravergine di Oliva Pugliese,Oleificio,https://www.oliolevi.com,338 918 3483,SC Gallucci,San Paolo di Civitate,,info@oliolevi.com,https,WordPress,Sì,Google LLC,54,85,100.00,Sì,No
Vomer società cooperativa agricola,Azienda agricola biologica,,0885 434072,"Via La Menola, 15",Stornara,,,,,,,,,,,
Di Siro Francesco | Officina Meccanica,Officina autoriparazioni,,0882 680022,"Contrada Colle Castrato, Serracapriola, FG 71010",Serracapriola,,,,,,,,,,,
VALLILLO,Azienda agricola biologica,http://www.vallillo.it,0882 682565,"contrada casale, Via Defensa",Serracapriola,,,https,WordPress,Sì,OVH SAS,53,26,92.00,Sì,No
Fiordelisi s.r.l.,Produttore di alimenti,https://www.fiordelisisrl.it,0885 437024,SP88,Stornarella,,,https,Joomla,Sì,Aruba S.p.A.,32,50,85.00,Sì,No
Gruppo Maiorflex,Produttore,https://www.gruppomaiorflex.com,0833 832129,Zona Industriale,Galatone,,info@gruppomaiorflex.it,https,React,Sì,Aruba S.p.A.,47,62,100.00,Sì,No
Ellegiesse stock e fallimenti,Centro commerciale,,0885 431562,"Via Tenente Maggiore Vincenzo, 29",Stornara,,,,,,,,,,,
Idea Antony Srl,Negozio,,0885 432920,"Via Dei Cinque Reali Siti, Stornarella, FG 71048",Stornarella,,,,,,,,,,,
Ingross Tecnology S.A.S.,Negozio di computer,http://www.ingrosstecnology.it,0885 431958,"Via Iolanda, 100",Stornara,,info@ingrosstecnology.it,https,WordPress,No,Aruba S.p.A.,56,62,92.00,Sì,No
Desvio Di Miele Giovanni Abbigliamento,Negozio di abbigliamento,,0885 252088,"Corso Vittorio Emanuele III, 18",Stornarella,,,,,,,,,,,
Home Design Ferri Mario,Negozio di abbigliamento,,324 797 1454,"Via Sacco E Vanzetti, 128",Torremaggiore,,,,,,,,,,,
Edil Costruzioni Srl,Impresa di costruzioni,,0885 438107,"Viale delle Attività Produttive, sn 71048",Stornarella,,,,,,,,,,,
Lavanderia Espresso Silvana,Lavanderia,,0882 391338,"Via Cavour, 55",Torremaggiore,,,,,,,,,,,
Angelicola Domenico Pio,Oleificio,,0882 391977,"Via Don T. Leccisotti, 6",Torremaggiore,,,,,,,,,,,
Azienda agricola LE DUE C,Produttore di alimenti,http://www.aziendaagricolaleduec.it,320 773 5961,"Via Don Giovanni Minzoni, 75",Torremaggiore,,,https,React,No,Google LLC,63,89,92.00,Sì,No
Costanzelli Arredamenti S.A.S.,Negozio di mobili,http://www.costanzelli.com,0882 382628,"SP30, Via San Severo, Km.1.400",Torremaggiore,,info@costanzelli.com,https,WordPress,Sì,Aruba S.p.A.,57,74,85.00,Sì,No
ORTOPEDIC SANITAS DI TELLERI M. CRISTINA,Negozio di calzature ortopediche,,0882 393084,"Corso Giacomo Matteotti, 134",Torremaggiore,,,,,,,,,,,
Centro Revisione Dei Fratellialberta Di Alberta Leonardo E C.Sas,Officina autoriparazioni,,0882 383644,"Km. 1.500 Via S. Severo, Torremaggiore, FG 71017",Torremaggiore,,,,,,,,,,,
Studio Ing. Di Mase Giuseppe,Ingegnere,,0882 391315,"Via Marsala, 15",Torremaggiore,,,,,,,,,,,
Carni Più,Macelleria,http://www.myadj.it,0882 391985,"Via San Giuseppe Moscati snc, Via Giuseppe Moscati, 1",Torremaggiore,,,https,Angular,No,"Cloudflare, Inc.",82,100,83.00,Sì,No
Torrefazione Simiele srl,Pasticceria,http://www.simielecakedesign.com,0882 604499,"Via Marsala, 12",Torremaggiore,,robertosimiele@virgilio.it,https,React,No,Server Plan S.r.l.,56,54,85.00,Sì,No
Abbigliamento Trentuno10,Negozio di abbigliamento,,0882 602170,"Via Gian Battista Vico, 25",Torremaggiore,,,,,,,,,,,
Frantoio Agricola De Cesare Srl,Oleificio,http://www.agricoladecesare.it,0882 393264,"Via Casalvecchio, km. 1,500",Torremaggiore,,info@agricoladecesare.it,https,React,No,Server Plan S.r.l.,57,93,77.00,Sì,No
C.A.B. Centro Assistenza Bollette - Torremaggiore,Centro di consulenza per i consumatori,https://cabtutela.it,320 223 2789,"Corso Giacomo Matteotti, 178",Torremaggiore,,info@cabtutela.it,https,WordPress,Sì,OVH SAS,26,30,77.00,Sì,No
AZIENDA AGRICOLA PANNARALE,Oleificio,http://agricolapannarale.it,338 155 0013,"Viale Aldo Moro, 142",Torremaggiore,,info@agricolapannarale.it,https,WordPress,Sì,Aruba S.p.A.,64,80,77.00,Sì,No
Canfora Arredamenti Di Canfora Mario,Negozio di mobili,http://www.arredamenticanfora.it,0881 557361,"Via Farace Tenente, 8",Volturara Appula,,,https,WordPress,Sì,Aruba S.p.A. Network,57,90,92.00,Sì,No
Carabinieri Comando Stazione Volturara Appula,Arma dei Carabinieri,,0881 557172,"Via Tenente Farace, SP369",Volturara Appula,,,,,,,,,,,
Notte & Sofà,Mobiliere,,345 382 7011,Località Mannarelle (Zona Artigianale,Vico del Gargano,,,,,,,,,,,
Worldflex Procacci Home,Negozio di materassi,,080 898 1982,"Via Ruvo, 54",Corato,,,,,,,,,,,
PizzAria lafabrika89,Pizzeria,,0885 796810,"Via Raffaello, 9/a",Ordona,,,,,,,,,,,
Mastropasqua International Spa,Azienda vinicola,,0884 520011,"SP66, Km. 13.300",Trinitapoli,,,,,,,,,,,
APULIA FLEX FABBRICA DI MATERASSI DIVANI & POLTRONE RELAX OCEAN GROUP di Massimo Oceano a Galatone (LE),Negozio di materassi,https://www.oceangroup-relax.store,366 787 4665,"Via Luigi, Via Riccardi, 1",Galatone,,oceangroup.galatone@gmail.com,https,React,No,Google LLC,49,72,85.00,Sì,No
LabaSoft s.r.l.,Negozio di materassi,http://www.labasoft.it,320 028 6062,"SP231, km 32, 000",Corato,,,https,React,Sì,Server Plan S.r.l.,67,87,92.00,Sì,No
Sogni & Relax Srl,Negozio di materassi,,080 898 4991,"Contrada Polvere di Rose, 3/A",Corato,,,,,,,,,,,
Tekno Foam,Produttore di gommapiuma,http://www.teknofoam.it,0833 832200,"Zona Industriale, SS101",Galatone,,info@teknofoam.it,https,Basekit,No,Aruba S.p.A.,51,71,100.00,Sì,No
Marflex Materassi Divani e PoltroneGalatone (Lecce),Negozio di materassi,https://www.materassimarflex.it,0833 861508,"Via Minghetti, 14",Galatone,,info@materassimarflex.it,https,WordPress,Sì,Server Plan S.r.l.,71,68,100.00,Sì,No
Matarrese Srl,Negozio di arredamento per bar e ristoranti,https://www.matarrese.it,080 432 3431,"nc, Contrada Popoleto",Alberobello,,matarrese@matarrese.it,https,React,No,"Amazon.com, Inc.",60,99,92.00,Sì,No
Azienda Agricola Caseificio La Stalla di Mastronardi Giovanni,Caseificio,,320 898 5161,"Via Indipendenza, numero 32",Alberobello,,,,,,,,,,,
Mastrangelo Giuseppe,Negozio di elettrodomestici,,080 432 1048,"Via Vittime del Fascismo, 14",Alberobello,,,,,,,,,,,
Naturalflex,Negozio di materassi,,338 326 5556,"Corso Vittorio Emanuele II, 29",Altamura,,,,,,,,,,,
Itria Materassi di Maggiolini Antonella,Negozio di materassi,,393 901 5531,"Via Piave 12, Via Giovanni Papini, 40",Cisternino,,,,,,,,,,,
KUCITA STORE ALBEROBELLO,Negozio di mobili per cucina,http://www.kucita.it,080 432 2960,"Via Domenico Aversa, 40",Alberobello,,,https,WordPress,No,Aruba S.p.A.,85,99,92.00,Sì,No
Ristorin - Distribuzione alimentare,Produzione e commercio surgelati,https://www.ristorin.net,080 432 6083,Via Mottola,Alberobello,,info@ristorin.net,https,WordPress,Sì,Aruba S.p.A. Network,71,89,77.00,Sì,No
Permaflex Altamura,Negozio di materassi,,330 984 822,"Via dei Mille, 62",Altamura,,,,,,,,,,,
Myflex,Negozio di materassi,,080 314 0153,Sp235 Contrada Pontrelli,Altamura,,,,,,,,,,,
Altaflex,Negozio di materassi,https://www.altaflex.it,080 310 1268,"Parco Calia, Altamura, BA 70022",Altamura,,segreteria@altaflex.it,https,WordPress,No,Aruba S.p.A. Network,56,83,85.00,Sì,No
Dormi Strato,Negozio di materassi,,345 903 1355,"Via dei Mille, 59",Altamura,,,,,,,,,,,
Euro Divani Di Abrescia Onofrio,Produttore di mobili,,080 310 1549,"Via del Fragno, 80",Altamura,,,,,,,,,,,
Sga S.r.l.,Produttore di strutture metalliche,http://www.sgasoluzioni.com,328 249 6260,S.s. 172 dei Trulli per Locorotondo. 12,Alberobello,,,https,Laravel,No,Simply Transit Ltd,74,93,83.00,Sì,No
Albasana,Negozio di materassi,http://www.albasana.it,080 205 4331,"Via Tinella, 119",Fasano,,info@albasana.it,https,Joomla,No,Server Plan S.r.l.,55,65,92.00,Sì,No
FABBRICA DIVANI ANGOLARI SU MISURA AD ALTAMURA,Produttore,,080 311 5388,"Via della Paglia, 12",Altamura,,,,,,,,,,,
Boheme Salotti,Produttore,https://www.bohemesalotti.it,080 914 0992,"Via Filomena Loporcaro, 12-14",Altamura,,info@bohemesalotti.it,https,Shopify,Sì,Cicorella srl,62,56,73.00,Sì,No
Oleificio Abbracciavento,Oleificio,http://www.extraverginepugliese.com,080 432 1376,"Via Provinciale Locorotondo, 3",Alberobello,,info@abbracciavento.it,https,WordPress,No,SEEWEB s.r.l.,55,76,92.00,Sì,No
Agrusti & C. Ingrosso,Magazzino all'ingrosso,https://www.agrusti.eu,080 432 0011,"Via Tito Schipa, 9",Alberobello,,,https,ASP.NET,No,Alessandro Coratelli trading as CODEMA,26,27,83.00,Sì,No
manifatture italiane,Negozio di divani,https://www.manifattureitaliane.it,080 311 4442,"Via della Rucola, 12 14 16",Altamura,,info@manifattureitaliane.it,https,React,Sì,Interoute Telecommunications (UK) Ltd,30,61,92.00,Sì,No
Dormy,Negozio di materassi,,848 808 988,"Via Canosa di Puglia, 59",Altamura,,,,,,,,,,,
Sogni Blu,Negozio di materassi,http://www.sogniblu.net,080 530 9011,"Via Vincenzo Aulisio, 21",Bari,,info@sogniblu.net,https,Joomla,Sì,Aruba S.p.A.,54,78,85.00,Sì,No
MATERASSI & Sofà Bari,Negozio di materassi,,080 926 2698,"Viale Unità d'Italia, 22",Bari,,,,,,,,,,,
D'Oria Arredi,Negozio di mobili per cucina,http://www.doriaarredi.it,080 432 5246,"Via Domenico Morea, 29",Alberobello,,shop@doriaarredi.it,https,React,Sì,Hetzner Online GmbH,56,82,83.00,Sì,No
Far.Bed,Negozio di materassi,https://www.farbed.it,080 321 8162,"Via Camillo Rosalba, 47/E2",Bari,,info@farbed.com,https,WordPress,Sì,Aruba S.p.A. Network,55,75,92.00,Sì,No
Flexar Fabbrica Materassi,Negozio di materassi,http://www.flexar.it,080 375 8278,"Viale delle Nazioni, 1",Bitonto,,,,WordPress,Sì,Aruba S.p.A,63,83,92.00,Sì,No
Dorelan Bari Carrassi,Negozio di materassi,https://www.dorelan.it/it/punti-vendita/negozio-dorelan-bari,080 542 4677,"Viale Papa Giovanni XXIII, 127",Bari,,,,WordPress,Non trovato,"Amazon.com, Inc.",54,51,85.00,No - Pagina Non Trovata (404),No
MARY SOFÀ,Fabbrica di tessile,,329 186 1263,SP44,Binetto,,,,,,,,,,,
Pan Tende Di Calia Maria,Fabbricazione e vendita tende,,080 535 4137,"Viale G. Tatarella, 14/a",Bitetto,,,,,,,,,,,
Load Sistemi,Assistenza computer,http://www.loadsistemi.com,02 9285 4167,"Via Giuseppe Degennaro, 28",Bitetto,,info@loadsistemi.it,https,React,Sì,Aruba S.p.A.,57,46,77.00,Sì,No
DormiLattice Materassi | Sede Legale,Negozio di materassi,https://www.dormilattice.it,080 455 1096,"Via Papa Paolo VI, 42",Capurso,,info@dormilattice.it,https,React,No,Amazon Technologies Inc.,71,97,100.00,Sì,No
Arketicom,Produttore,https://it.arketicom.com,327 621 5070,"SP92, km 1",Bitritto,,info@arketicom.com,https,Shopify,No,"Cloudflare, Inc.",46,78,100.00,Sì,No
RIPOSO SANO,Negozio di materassi,,080 453 0136,"Via Sammichele, 57",Casamassima,,,,,,,,,,,
DormiBed,Negozio di materassi,,347 607 2586,"Centro Commerciale IL BARICENTRO, Lotto 4B, Modulo 1",Casamassima,,,,,,,,,,,
Moderna Materassi,Negozio di materassi,,080 896 5213,"Via Pier Paolo Pasolini, 3",Casamassima,,,,,,,,,,,
Sanflex Srl,Negozio di materassi,,080 302 3005,"Via Simone Peppino, 17",Santeramo In Colle,,,,,,,,,,,
I.v.o.m. (S.r.l.),Azienda vinicola,,080 775863,"Via Grumo, 7",Cassano delle Murge,,,,,,,,,,,
Gordon Confezioni Srl,Produttore di maglieria,,080 763611,Via Grumo,Cassano delle Murge,,,,,,,,,,,
FB Sistemi,Produttore,http://www.fbsistemi.it,080 967 3775,"Via Scaletta, snc",Cassano delle Murge,,fbsistemisrl@pec.it,https,ASP.NET,No,Aruba S.p.A.,57,92,83.00,Sì,No
Azienda Agricola Vivaistica di Pichichero Pasquale - Cassano Murge,Vivaio,,080 775789,"Via per Acquaviva, Km 1",Cassano delle Murge,,,,,,,,,,,
Iardoni Materassi,Negozio di materassi,https://www.iardoni.com,0331 281093,"Via A. De Gasperi, 9",Cassano Magnago,,,https,Basekit,No,Aruba S.p.A.,40,66,92.00,Sì,No
Ro.Ma. Ingrosso e Dettaglio Mobili e Divani Luce Anna,Negozio di mobili,,080 307 2119,"Via Carmelo Colamonico, 12",Cassano delle Murge,,,,,,,,,,,
FRECCIA BLU SHOPPING SRLS,Negozio di casalinghi orientali,,080 404 7921,"Via Grumo, 13",Cassano delle Murge,,,,,,,,,,,
Frantoio Oleario Le Murge,Oleificio,http://www.lemurge.it,080 764367,"Via Grumo, 5",Cassano delle Murge,,,https,WordPress,No,Aruba S.p.A.,69,97,92.00,Sì,No
Arredamenti Maiorano,Negozio di mobili,http://www.arredamentimaiorano.it,080 631350,"Via Caduti Sul Lavoro, 15",Bitritto,,info@arredamentimaiorano.it,http,PrestaShop,Sì,Aruba S.p.A,36,57,92.00,Sì,No
Oleificio Sociale di Cassano delle Murge Soc.Coop.,Oleificio,http://www.oleificiodellemurge.it,080 775077,"Via Grumo, 1",Cassano delle Murge,,,,Vue,Sì,Aruba S.p.A. Network,69,89,100.00,Sì,No
Capricci delle Badesse,Negozio di mobili,,080 495 3170,"Via Ronchi, 38",Conversano,,,,,,,,,,,
Az. Ag. Agroali Bio Di Lanzolla Felice,Oleificio,https://www.agroali.it,347 691 8198,"Via G. Pascoli, 44",Cassano delle Murge,,,https,React,Sì,Google LLC,61,88,92.00,Sì,No
Rifà & Sofà,Fornitore di tende,,080 495 9534,"Via Europa Unita, 14",Conversano,,,,,,,,,,,
Centro PERMAFLEX Conversano,Negozio di materassi,,392 307 8900,"Via Castellana, 96",Conversano,,,,,,,,,,,
Dinamica Srls,Impresa edile,,080 765669,"Str. Panoramica, 17",Cassano delle Murge,,,,,,,,,,,
Antonio De Girolamo Divani,Negozio di divani,https://www.degirolamodivani.it,340 605 6342,"Via Benedetto Croce, 5",Conversano,,,https,Shopify,No,Aruba S.p.A. Network,53,67,85.00,Sì,No
Cantina Sociale Luca Gentile Soc. Coop.,Azienda vinicola,https://www.cantinagentile.com,080 763294,"Via Grumo, 1",Cassano delle Murge,,info@cantinagentile.it,https,Joomla,Sì,Google LLC,56,53,85.00,Sì,No
Cartonlegno Group S.R.L.,Azienda di confezionamento,https://www.cartonlegnogroup.it,080 495 9359,"Via Complanare PIP Zona Annonaria, Conversano, BA 70014",Conversano,,,https,WordPress,Sì,Server Plan S.r.l.,68,64,92.00,Sì,No
Linea Pelle Di Ripa Margherita,Pelletteria,,080 495 1928,"Via Giacomo Matteotti, 35",Conversano,,,,,,,,,,,
Di Palma Donato & Figli S.r.l.,Azienda di import-export,https://www.dipalma.it,080 495 4605,"Via delle More, 10",Conversano,,,https,WordPress,Sì,Server Plan S.r.l.,51,73,85.00,Sì,No
Michele Carrieri Arredamenti,Negozio di mobili,,080 495 6938,"Via S. Lorenzo, 87",Conversano,,,,,,,,,,,
Frantoio Ciriello,Oleificio,http://www.frantoiociriello.it,377 383 8757,"Viale Unità D'Italia, 59",Cassano delle Murge,,,http,React,Sì,Google LLC,55,56,77.00,Sì,No
D'Ambruoso Import Export prodotti ortofrutticoli,Azienda di import-export,http://www.dambruoso.com,080 495 8260,"12, Via dell'Ulivo, 8",Conversano,,info@dambruoso.com,https,React,Sì,Aruba S.p.A. Network,56,70,85.00,Sì,No
D'Ambruoso Arredamenti S.N.C,Negozio di mobili,http://www.dambruosoarredamenti.it,080 495 5146,"Via Divisione Aqui, 25",Conversano,,info@dambruosoarredamenti.it,https,WordPress,Sì,Hetzner Online GmbH,61,82,85.00,Sì,No
Agricon Srl di Magistà Cosmo,Magazzino all'ingrosso,,080 495 5362,"Via del Ciliegio, nc",Conversano,,,,,,,,,,,
Fisiomat - Il Materasso della Fisioterapista,Negozio di materassi,http://www.fisiomatmaterassi.com,080 321 0591,"Via Padre Andrea Scalimoli, 27",Castellana Grotte,,fisiomatmaterassi@gmail.com,https,React,Sì,Google LLC,69,87,92.00,Sì,No
MATERASSI TEMPUR | Kirò Comfort,Negozio di materassi,https://www.kirodesign.it,080 859 4678,"Via Giuseppe Capruzzi, Via Giovanni Amendola, 2",Bari,,info@kirodesign.it,https,WordPress,Sì,Aruba S.p.A. Network,53,71,92.00,Sì,No
Pegaso srl outlet Permaflex Tempur - Esperti del riposo,Negozio di materassi,http://www.pegasoonline.it,360 963 065,"Via Mario Pagano, 12",Castellana Grotte,,info@pegasoonline.it,https,WordPress,No,Network Sistemi S.R.L.S.,54,56,100.00,Sì,No
Red Divani Srl,Negozio di divani,https://www.rd-divani.com,080 535 5471,"Caduti In Servizi Snc, Via Vigili del Fuoco Caduti in Servizio",Modugno,,,https,PrestaShop,No,Simply Transit Ltd,70,98,100.00,Sì,No
emozioni corredi,Negozio,,393 128 1837,"Via Toscana, 28",Modugno,,,,,,,,,,,
Divani Per Te S.r.l.,Negozio di divani,,080 536 5200,"S.S. 96 Km 119, 900",Modugno,,,,,,,,,,,
Dorelan Modugno,Negozio di materassi,https://www.dorelan.it/pages/dorelan-modugno,080 850 5089,SS96,Modugno,,,https,WordPress,Sì,"Amazon.com, Inc.",31,43,100.00,Sì,No
Fradi Group srl,Negozio di mobili,http://www.fradigroup.com,320 675 4226,Contrada campolieto 115,Modugno,,,https,Shopify,Sì,Netsons s.r.l.,55,68,85.00,Sì,No
Soft Line SPA,Negozio di divani,,080 535 4750,"Km. 3 Strada Provinciale Bari-modugno, Modugno, BA 70026",Modugno,,,,,,,,,,,
ITALIA LIVING,Negozio di divani,http://www.italialiving.it,080 964 0188,"Via degli Oleandri, 37",Modugno,,info@italialiving.it,,React,No,Fastweb SpA,56,67,92.00,Sì,No
Il Sogno Di Zorzato Marta,Negozio di materassi,,099 971 3544,"Via del Fossato, 25",Manduria,,,,,,,,,,,
MODAFLEX MATERASSI,Negozio di materassi,,349 782 5423,"VIA TENENTE FIORINO 60 (MOLFETTA VIA MOLFETTA 61 (GIOVINAZZO, Via Tenente Michele Fiorino, 60",Molfetta,,,,,,,,,,,
DreamRelax,Negozio di materassi,http://www.dreamrelax.it,327 158 0503,"Via Roma, 32 G",Modugno,,,https,React,Sì,Google LLC,63,74,100.00,Sì,No
Alfrus Srl - Sede di Modugno (BA),Alimentari,http://www.alfrus.it,080 530 8411,Via degli Oleandri,Modugno,,,https,Angular,No,Armada WAN2,44,82,85.00,Sì,No
Ellesseci - Benessere e Mobilità,Fornitore di ausili per la mobilità,http://www.ellesseci.com,328 790 9912,"Via Papa Giovanni Paolo Ⅱ, 1",Modugno,,,https,ASP.NET,No,Aruba S.p.A.,44,52,92.00,Sì,No
LUXFLEX materassi - reti - poltrone relax - divani - letti,Negozio di materassi,http://www.luxflex.net,348 415 9964,"Via Madonna dei Martiri, 109/111",Molfetta,,,https,React,No,Google LLC,77,97,100.00,Sì,No
Produttori Vini Manduria,Azienda vinicola,http://www.produttoridimanduria.it,099 973 5332,"Via Fabio Massimo, 19",Manduria,,info@produttoridimanduria.it,https,WordPress,Sì,Hetzner Online GmbH,44,41,92.00,Sì,No
"Clemente Giuseppe rivenditore ufficiale Dorelan, Permaflex, Morfeus, Pininfarina, Il Benessere, Dunlopillo",Negozio di materassi,http://www.clementematerassi.it,349 327 6323,"Via Edoardo Germano, 31/33",Molfetta,,,https,React,No,Aruba S.p.A.,54,64,92.00,Sì,No
Ferrarese Contract S.R.L.,Fabbricazione e vendita tende,http://www.ferraresecontract.it,080 338 2085,"Via Cosimo Sancilio, 4",Molfetta,,info@ferraresecontract.it,https,WordPress,No,Aruba S.p.A.,59,62,92.00,Sì,No
intessutoitalia - Nuova Pugliatex S.r.l. - tessuti per divani,Negozio di tessuti,http://www.intessutoitalia.it,080 497 7274,"Via Repubblica, 36/F",Noci,,info@inpelleitalia.it,https,Shopify,Sì,Aruba S.p.A.,53,20,92.00,Sì,No
CAMP S.r.l. - Industria Chimica,Produttore di prodotti chimici,https://campitalia.it,080 478 2768,"Viale Gerardo Decaro Sindaco, lotto nr. 18-19-20",Noicattaro,,servizioclienti@campitalia.it,https,Shopify,Sì,"Cloudflare, Inc.",48,47,85.00,Sì,No
Spazio Casa Bavaria - Materassi Doghe Poltrone,Negozio di materassi,,330 530 066,"Via Cavour, 80",Monopoli,,,,,,,,,,,
SOFARM Show Room,Negozio di materassi,https://sofarm.it,800 967 039,"VIALE SINDACO, Viale Agostino Dipierro, 70016",Noicattaro,,,https,WordPress,Sì,Aruba S.p.A.,56,73,85.00,Sì,No
Planet Flex Outlet...materassi,Negozio di materassi,,080 332 3294,"Via Vittorio Veneto, 279/B",Monopoli,,,,,,,,,,,
Aline - Profumeria - Abbigliamento Noicattaro,Negozio di abbigliamento,http://www.alinegroup.it,080 479 3393,"Via Principe Umberto, 64",Noicattaro,,info@alinegroup.it,https,Shopify,No,"Cloudflare, Inc.",37,39,92.00,Sì,No
Prestige di Maria Galantino,Showroom,,347 736 5993,"Piazza Dante Alighieri, 22",Palo del Colle,,,,,,,,,,,
MATLA srl,Impianto solare fotovoltaico,https://www.matlasrl.it,339 623 1182,"Viale della Resistenza, 35",Noicattaro,,,https,Angular,No,Aruba S.p.A. Network,11,38,92.00,Sì,No
Trucco di Saracino Vincenza,Profumeria,,080 381 1855,"Piazza Armando Diaz, 47",Palo del Colle,,,,,,,,,,,
DEFLORIO Boutique UOMO & DONNA dal 1948,Negozio di abbigliamento,https://deflorio1948.it,080 479 6789,Via Roberto da Noja,Noicattaro,,info@deflorio1948.it,https,Shopify,Sì,Hetzner Online GmbH,24,44,83.00,Sì,No
Lonigro Group,Lavorazione di frutta e verdura,http://www.lonigrofruit.com,334 534 5129,Viale Delle Provincie,Noicattaro,,info@lonigrofruit.com,https,WordPress,No,Aruba S.p.A. Network,54,64,50.00,Sì,No
ArtSofà srl,Negozio di divani,http://artsofa.it,080 849 4843,"Via Neviera, 66/C",Capurso,,info@artsofa.it,https,WordPress,No,Aruba S.p.A. Network,56,68,92.00,Sì,No
Produzione Olio e Carrelli Elevatori Sblano,Fornitore di macchine per la movimentazione di merci,,080 626816,"Via Nicola Gaeta Sergente, 25",Palo del Colle,,,,,,,,,,,
Dulciar - Fabbrica di Cioccolato a Noci,Fabbrica di cioccolato,https://www.dulciar.com,080 497 9358,Strada Provinciale Noci Alberobello,Noci,,,https,Magento,Sì,Aruba S.p.A.,32,36,83.00,Sì,No
Cartolibreria L'Abbecedario di Pagliarulo Giuseppe,Cartoleria,http://www.cartolibreriabbecedario.com,080 478 0088,"Via Carmine, 197/199",Noicattaro,,pagliarulogiuseppe@tiscali.it,https,Joomla,Sì,Keliweb S.R.L,37,49,92.00,Sì,No
Il Tarallo di Palo,Produttore di alimenti,,377 096 1572,"Via Auricarro, 14",Palo del Colle,,,,,,,,,,,
BIELLEBI -Tarallificio,Produzione e vendita di scorte alimentari,http://www.biellebi.net,080 627199,"S.P. 87 Palo-Bitetto, Km 0, 200",Palo del Colle,,info@biellebi.net,https,WordPress,Sì,WIIT AG,53,85,92.00,Sì,No
Birrificio Degli Ostuni,Birrificio,http://www.birrificiodegliostuni.it,389 603 8892,"Via Giuseppe Mazzini, 9",Poggiorsini,,caffeedintorni@libero.it,https,WordPress,No,Aruba S.p.A.,57,65,92.00,Sì,No
Eurolegno srl Bari,Magazzino all'ingrosso,https://eurolegnosrlbari.com,080 991 1796,3P9H+238,Palo del Colle,,,https,Joomla,Sì,"Cloudflare, Inc.",55,44,92.00,Sì,No
Frantoio Calemma,Oleificio,,346 362 5070,"contrada, Via Ciavriello, SN",Palo del Colle,,,,,,,,,,,
Tecnoespansi S.n.c. di Chieco D. - Mazzone S.,Produzione e lavorazione materie plastiche,http://www.tecnoespansi.it,080 628232,"Stp, Via Bitetto, 51",Palo del Colle,,,https,WordPress,No,"Cloudflare, Inc.",84,97,92.00,Sì,No
Gioielleria Bellipario di Francesco Bellipario,Gioielleria,http://www.bellipario.it,080 626462,"Corso Garibaldi, 59",Palo del Colle,,,https,Shopify,Sì,Netsons s.r.l.,54,62,100.00,Sì,No
LIANTONIO AGROALIMENTARE sas,Oleificio,http://www.liantonio.it,080 991 1000,"Via San Pio da Pietrelcina, 18",Palo del Colle,,,https,Shopify,Sì,"Cloudflare, Inc.",57,85,100.00,Sì,No
Siciliani Spa - Industria Lavorazione Carne,Grossista di carni,http://www.sicilianispa.it,080 381 5111,Strada Provinciale Palo del Colle Bitonto,Palo del Colle,,,https,WordPress,No,OVH SAS,64,87,100.00,Sì,No
Repos Sistemi di Riposo e Relax,Negozio di materassi,http://www.repos.it,080 325 2846,"Via Genova, 8",Gravina in Puglia,,info@repos.it,https,WordPress,No,Aruba S.p.A. Network,60,79,92.00,Sì,No
Azienda Merolladivani s.r.l.,Negozio di divani,https://www.merolladivani.com,080 325 5823,"Via Enrico Fermi, 17",Gravina in Puglia,,info@merolladivani.com,https,WordPress,Sì,Keliweb S.R.L,60,94,92.00,Sì,No
Acqua Orsini - Sorgenti Italiane Regionali S.p.a.,Acqua minerale e bevande naturali e gassate - produzione,http://www.acquaorsini.it,080 995 8553,Contrada Filieri,Poggiorsini,,info@acquaorsini.it,https,React,Sì,Server Plan S.r.l.,54,63,92.00,Sì,No
D'Introno Domenico Srl,Arredo bagno,http://www.dintrono.it,080 424 3336,"Via Gandhi, 135",Polignano a Mare,,,https,WordPress,Sì,IONOS SE,64,89,100.00,Sì,No
Oleificio Il Polignanese,Oleificio,http://www.oleificioilpolignanese.weebly.com,080 424 0551,"Via Grazia Deledda, 7",Polignano a Mare,,,http,Weebly,Sì,"Weebly, Inc.",64,80,83.00,Sì,No
Messa Pasquale,Negozio di articoli per la fotografia,,080 424 8518,"P.zza Giuseppe Garibaldi, 44",Polignano a Mare,,,,,,,,,,,
Misura Divani | Produzione salotti su misura,Negozio di divani,http://www.misuradivani.it,333 949 9869,"Via Umberto Saba, 1",Monopoli,,marcobarletta56@gmail.com,https,WordPress,Sì,Servereasy Srl,67,86,100.00,Sì,No
DI.F.S.,Produzione e ingrosso alimentari,,080 424 3211,Loc. Grottole San Vito snc,Polignano a Mare,,,,,,,,,,,
DD Home,Negozio,,080 236 0597,Via Francesco di Bari,Polignano a Mare,,,,,,,,,,,
Cartarredo Se.Ma S.r.l.,Azienda di confezionamento,http://www.cartarredosema.it,080 424 0690,Strada Provinciale 121 Conversano Polignano,Polignano a Mare,,info@cartarredo.com,https,WordPress,No,Aruba S.p.A.,34,45,92.00,Sì,No
Puglialimentari S.r.l.,Produzione e vendita di scorte alimentari,http://www.puglialimentari.it,080 425 1047,C.da Ponte del Cane,Polignano a Mare,,info@cdmfood.it,https,WordPress,Sì,Server Plan S.r.l.,39,70,85.00,Sì,No
Puglia Medical Srl,Fornitore di attrezzature mediche,https://www.pugliamedical.it,080 424 0072,"Via Basile Vito Cosimo, 111",Polignano a Mare,,info@pugliamedical.it,https,React,No,Telecom Italia S.p.A.,40,60,67.00,Sì,No
Domytrans Srl,Spedizioniere marittimo,,080 425 1007,"Contrada Pozzo Vivo, Polignano A Mare, BA 70044",Polignano a Mare,,,,,,,,,,,
Fabrizio Ribatti Handmade design,Negozio di tende,,080 361 5861,"Via S. Barbara, 42",Ruvo di Puglia,,,,,,,,,,,
Su Misura il divano artigianale,Negozio di divani,,348 533 8278,"Corso Piave, 30",Ruvo di Puglia,,,,,,,,,,,
Medisan Di Campanelli Giuseppe,Negozio di calzature ortopediche,,080 362 8492,"Via Aldo Moro, 13/A",Ruvo di Puglia,,,,,,,,,,,
Giuseppe Laruccia Srl,Arredo bagno,https://laruccia.it,080 424 9362,"KM.838, S.S.16, Strada Comunale Pozzovivo",Polignano a Mare,,info@laruccia.it,https,React,Sì,Servereasy Srl,55,89,100.00,Sì,No
Jago S.r.l.,Negozio di articoli per l'illuminazione,http://www.jagosrl.com,080 360 1720,"Viale Orazio Flacco, 17",Ruvo di Puglia,,,https,OpenCart,No,"Cloudflare, Inc.",63,72,91.00,Sì,No
Evolution Outlet,Negozio di abbigliamento,http://www.evolutionboutique.it,080 424 9997,Contrada Quintavalle,Polignano a Mare,,info@evolutionboutique.com,https,Angular,Sì,Google LLC,37,48,83.00,Sì,No
KAIROS Il senso sacro delle cose,Negozio di articoli religiosi,,080 209 3729,"Corso Carafa E., 69",Ruvo di Puglia,,,,,,,,,,,
Azienda Agricola Lippolis,Azienda vinicola,http://www.aziendagricolalippolis.it,340 850 0156,"Via Pompeo Sarnelli, 66",Polignano a Mare,,,https,WordPress,No,Server Plan S.r.l.,53,76,85.00,Sì,No
Azienda agricola Mazzone,Azienda vinicola,http://www.aziendamazzone.it,348 259 1858,"Strada Provinciale 22 Ruvo Palombaio, 460/A",Ruvo di Puglia,,,https,WordPress,Sì,Hetzner Online GmbH,48,51,92.00,Sì,No
Bimardivise srl - Abbigliamento Professionale Divise e Uniformi - Ruvo di Puglia - Bari,Negozio di abiti da lavoro,https://www.bimardivise.com,080 360 0125,"Via A. Scarlatti, 24 D/E",Ruvo di Puglia,,info@bimardivise.com,https,React,No,Interoute Telecommunications (UK) Ltd,33,72,100.00,Sì,No
Di Modugno Arredamenti,Negozio di mobili,http://www.dimodugno.net,080 361 3910,"Viale Orazio Flacco, 7",Ruvo di Puglia,,,https,React,No,Aruba S.p.A. Network,62,39,91.00,Sì,No
La Fabbrica dei Lumi,Negozio di artigianato tipico,https://www.lafabbricadeilumi.it,375 661 2673,"Strada provinciale, 19",Ruvo di Puglia,,,https,Shopify,No,"Cloudflare, Inc.",75,89,92.00,Sì,No
La Vera Materasseria,Negozio di materassi,https://laveramaterasseria.it,349 527 8754,"Via Capitano F. Gentile, 20",Bisceglie,,lamaterasseria@libero.it,https,WordPress,Sì,Netsons s.r.l.,56,57,100.00,Sì,No
Dolce Fiore,Produttore di alimenti,http://www.dolce-fiore.it,080 698 2020,"Via Sen. G. Gramegna, 2/c",Ruvo di Puglia,,,https,Shopify,No,Aruba S.p.A. Network,26,41,83.00,Sì,No
L'Agraria S. R. L.,Oleificio,,080 633922,"Contrada Lago, Sannicandro Di Bari, BA 70028",Sannicandro di Bari,,,,,,,,,,,
Outlet Divani Santeramo,Negozio di divani,,335 699 0474,"Via Umbria, 12",Santeramo In Colle,,,,,,,,,,,
M.C. Frutta Secca S.r.l,Grossista,,080 633186,"KM. 14.476 STRADA ST. 271, Sannicandro Di Bari, BA 70028",Sannicandro di Bari,,,,,,,,,,,
Creazioni Sofas,Negozio di divani,http://www.creazionisofas.com,080 303 7948,"Via Calabria, 5",Santeramo in Colle,,,https,ASP.NET,Sì,"Cloudflare, Inc.",59,66,100.00,Sì,No
Delta Salotti,Produttore,https://deltasalotti.com,080 302 3660,"ZONA P.I.P. LOTTI H4 - H5 - H6 70029, VIA LAZIO",Santeramo in Colle,,info@deltasalotti.com,https,React,Sì,Aruba S.p.A. Network,59,88,100.00,Sì,No
Apuliasofà,Negozio di divani,https://www.apuliasofa.it,080 968 8206,"Via Basilicata, 28",Santeramo in Colle,,info@apuliasofa.it,https,WordPress,No,Aruba S.p.A.,40,57,92.00,Sì,No
OLEIFICIO COOPERATIVO IL SANNICANDRESE,Oleificio,http://www.ilsannicandrese.it,080 632886,1ᵒ traversa Cotrada Picone,Sannicandro di Bari,,,https,WordPress,No,Aruba S.p.A,56,83,92.00,Sì,No
ANNAMARIA BRINDICCI srl,Designer d'interni,http://www.annamariabrindicci.it,080 218 0300,"Via Italo Balbo, 6",Terlizzi,,info@annamariabrindicci.it,https,Shopify,Sì,Simply Transit Ltd,60,72,73.00,Sì,No
Mandorlificio Boragine,Negozio di frutta secca,,340 729 2637,Via Piscina Nuova angolo Via Rimini,Terlizzi,,,,,,,,,,,
Azienda Flortec Tricarico,Azienda agricola biologica,,347 592 1131,"km 0, Via Favale, 800",Terlizzi,,,,,,,,,,,
Fabbrica D’Aniello di Angelica D’Aniello,Produttore di articoli in ceramica,https://www.fabbricadaniello.com,347 796 7119,"Z.I. Ctr. Pozzo S. Giorgio, Str, SP231",Terlizzi,,fabbricadaniello.srl@gmail.com,https,Joomla,Sì,Server Plan S.r.l.,63,97,100.00,Sì,No
AZIENDA AGRICOLA IANNELLI,Azienda agricola biologica,,346 245 3588,"Via Spaventa Bertrando, 7",Terlizzi,,,,,,,,,,,
macelleria carni e delizie,Macelleria-gastronomia,,080 351 1385,"Via La Spezia, 16",Terlizzi,,,,,,,,,,,
Green Generation,Negozio di sigarette elettroniche,,320 865 6516,"Corso Dante Alighieri, 122",Terlizzi,,,,,,,,,,,
Divaneria Artigiana,Negozio di divani,http://divaneriartigiana.it,080 967 8402,"Via Duca Degli Abruzzi, 29",Santeramo In Colle,,,https,ASP.NET,No,Aruba S.p.A.,59,84,92.00,Sì,No
Ortofrutticola F. Italia Srl,Fattoria,,080 891 7988,"2 Via Madre Teresa Di Calcutta, Sammichele Di Bari, BA 70010",Sammichele di Bari,,,,,,,,,,,
Istituto Vigilanza Apulia,Servizio di vigilanza,,080 351 7139,"Via Antonio Salandra, 19",Terlizzi,,,,,,,,,,,
Matteucci Azienda Florovivaistica,Ufficio aziendale,http://matteuccipiante.it,080 876 7601,C.da Piscina degli Zingari,Terlizzi,,,http,ASP.NET,No,Aruba S.p.A.,60,91,91.00,Sì,No
Divani Living,Negozio di divani,http://www.divaniliving.it,080 885 3150,Via Umbria,Santeramo in Colle,,info@divaniliving.it,https,Shopify,Sì,Keliweb S.R.L,53,68,100.00,Sì,No
Ceramiche D'Aniello Tradizioni,Produttore di articoli in ceramica,http://www.daniellotradizioni.com,392 189 7914,"c.da pozzo san giorgio, snc",Terlizzi,,info@daniellotradizioni.com,https,Odoo,Sì,Google LLC,56,66,92.00,Sì,No
Cici | Ingrosso e Dettaglio Carni,Macelleria,,080 891 8271,"Via Cavalieri di Vittorio Veneto, 1",Sammichele di Bari,,,,,,,,,,,
Alfatex Italia S.R.L.,Negozio di mobili,https://www.alfatex.it,080 302 2696,Via Liguria,Santeramo In Colle,,info@alfatex.it,https,React,Sì,Server Plan S.r.l.,63,82,92.00,Sì,No
Klinè Riposo e Benessere,Negozio di materassi,,335 768 6338,"Via Flora, 53",Gioia del Colle,,,,,,,,,,,
MATERASSI PERMAFLEX -IPNOS,Negozio di materassi,,080 237 5695,"Corso Vittorio Emanuele, 103",Triggiano,,,,,,,,,,,
Officine Natale S.r.l.,Fornitore di finestre,http://www.officinenatale.com,080 891 7760,"zona P.I.P. - Lotto 42, Strada Statale 100, 31",Sammichele di Bari,,amministrazione@officinenatale.com,https,WordPress,Sì,Netsons s.r.l.,44,87,77.00,Sì,No
Confezioni Angelo di huang jin huo,Fabbrica di tessile,,348 999 8102,"Via Marco Polo, 17",Turi,,,,,,,,,,,
Macelleria Di Giosa Mauro,Macelleria,,080 601328,"Corso Armando Diaz, 4",Toritto,,,,,,,,,,,
Azienda Agricola Tricarico,Negozio di prodotti agricoli,https://www.agricolatricarico.it,320 199 2520,"Via Piccinni, 3/7",Grumo Appula,,info@agricolatricarico.it,https,Shopify,Sì,"Cloudflare, Inc.",52,89,77.00,Sì,No
Di Giosa Carni Srl,Grossista di carni,,080 603577,"C.da, Via Lago Vecchio, snc",Toritto,,,,,,,,,,,
Sette Cuscini B&B,Bed & Breakfast,https://sette-cuscini-bb.italiapaesaggiviaggi.top,347 283 3568,"Via Milite Ignoto, 1",Toritto,,,https,WordPress,No,Ipxo LLC,48,83,92.00,Sì,No
Spazio Enel Partner Valenzano,Azienda fornitrice di energia elettrica,,080 467 3680,"Via Montrone, 33",Valenzano,,,,,,,,,,,
L' ORAFO di Caringella Domenica,Gioielleria,,080 467 2987,"Via Capurso, 34",Valenzano,,,,,,,,,,,
Sud Cofani Dei F.Lli Pacucci Srl,Produttore,http://www.sudcofani.com,080 467 3873,"Prov.le per, Via Casamassima, km. 3.5",Valenzano,,info@sudcofani.com,https,WordPress,No,Netsons s.r.l.,42,70,77.00,Sì,No
Termoacustica Pugliese Srl,Fornitore di materiali da costruzione,http://www.termoacusticapugliese.it,080 467 2065,"Via Bari(Complanare Sinistra), 403",Valenzano,,info@termoacusticapugliese.it,https,React,No,Aruba S.p.A. Network,52,63,100.00,Sì,No
Awitalia - gruppo Zantap srl,Negozio di zanzariere,https://www.awitalia.it,080 897 6563,"Piazza 2 Giugno, 9",Valenzano,,,https,React,No,Server Plan S.r.l.,69,85,100.00,Sì,No
Cantina Bosco,Azienda vinicola,http://www.depadovaexperience.com,099 970 4083,Via Piave,Avetrana,,info@oliodepadova.it,https,React,Sì,Aruba S.p.A.,64,74,100.00,Sì,No
Minò Manufatti,Fornitore di materiali da costruzione,,349 891 1062,"Via Sicilia, 37",Avetrana,,,,,,,,,,,
Olio Chiera srl,Oleificio,https://www.oliochiera.it,099 970 8146,"Via Niccolò Machiavelli, 2",Avetrana,,infochiera@gmail.com,https,Shopify,Sì,Aruba S.p.A.,56,75,100.00,Sì,No
Flexlana,Negozio di materassi,http://www.flexlana.com,0831 745029,"Via Provinciale per Erchie, 97",Torre Santa Susanna,,,https,React,No,"Cloudflare, Inc.",65,94,100.00,Sì,No
Azienda Agricola Cavicchi Stefano,Azienda agricola biologica,https://www.oliocavicchi.com,335 709 2442,Via Lago d'Iseo,Avetrana,,info@oliocavicchi.com,https,React,Sì,Seeweb s.r.l.,63,86,83.00,Sì,No
FABAS S.r.l.,Negozio,,0831 667285,"Via Taranto, 135",San Pancrazio Salentino,,,,,,,,,,,
Angeliflex Srl,Produttore,http://www.angeliflex.it,099 777 1524,"Via Brigantini, 1b",Taranto,,info@angeliflex.it,https,WordPress,Sì,Aruba S.p.A. Network,51,74,100.00,Sì,No
Infissi Ingrosso di Ingrosso Oronzo C. S. A. S.,Fornitore di finestre,http://www.infissiingrosso.it,099 970 7345,"Z.I. Lotto n, 3",Avetrana,,,http,React,No,Aruba S.p.A.,73,96,100.00,Sì,No
PM Arredobagni di Matichecchia Ivana,Arredo bagno,,328 920 6376,"Via N. Sauro, n° 16",Carosino,,,,,,,,,,,
Intimo Fior di Pelle Carosino,Negozio di intimo,,349 434 4766,"C.so Umberto, 91",Carosino,,,,,,,,,,,
Samaflex Fabbrica Materassi,Negozio di materassi,http://www.samaflexmaterassi.com,099 735 1405,"Via Umbria, 88/90",Taranto,,info@samaflexmaterassi.com,https,WordPress,No,"Automattic, Inc",59,73,92.00,Sì,No
Tonno Colimena,Produttore,https://www.tonnocolimena.com,099 970 7955,Via Piave,Zona Industriale,,colimenalafabbricadeltonnosrl@pec.it,https,React,No,Aruba S.p.A. Network,63,74,92.00,Sì,No
Macelleria Fratelli Grossi,Macelleria,,099 590 0047,"C.so Umberto, 169",Carosino,,,,,,,,,,,
Sognando... Centro Materassi,Negozio di mobili,,393 236 4379,"Via Cesare Battisti, 129/G",Taranto,,,,,,,,,,,
Sibilla Salvatore & .C. S.N.C.,Tappezziere,,099 591 8599,"Via A. Gramsci, 1",Carosino,,,,,,,,,,,
Bp Milena Arredamenti S.R.L.,Negozio di mobili,,099 592 6422,"C.so Umberto, 227/229",Carosino,,,,,,,,,,,
Baldaro arredamenti,Negozio di mobili,http://www.baldaroarredamenti.it,099 591 9144,Via Salvo D'Acquisto,San Giorgio Ionico,,baldaroarredamenti@hotmail.it,https,ASP.NET,No,Aruba S.p.A,56,90,100.00,Sì,No
Creazioni Pregiate Intimo e Biancheria per la casa Crispiano (TA),Negozio di biancheria,,099 811 0870,"Via Martina Franca, 12 a/b",Crispiano,,,,,,,,,,,
Materassi e Materassi - Taranto,Negozio di materassi,https://www.materassiematerassi.it,099 779 6146,"Via Cesare Battisti, 382",Taranto,,,https,ASP.NET,Sì,Seeweb srl,16,53,92.00,Sì,No
Offerte Divani | MioDivano,Negozio di divani,https://www.offerte-divani.it,334 208 9797,"Via Aldo Moro, 11",San Pancrazio Salentino,,,https,React,Sì,Google LLC,38,55,92.00,Sì,No
Leonardi Materassi,Negozio di materassi,http://www.leonardimaterassi.com,099 731 0707,"Viale Europa, 6",Talsano,,utente@dominio.com,https,Squarespace,No,"Squarespace, Inc.",45,87,92.00,Sì,No
Home Design srl,Negozio di mobili,,329 495 0000,"Ufficio :, Magazzino : Via Manzoni 1, Faggiano, Via lorenzo il Magnifico, snc",San Giorgio Ionico,,,,,,,,,,,
AutoCrew PNEUS EXPRESS SRL - Arval Center,Officina per macchine,,099 612885,"V.le Unità d' Italia, 100",Crispiano,,,,,,,,,,,
Spazio Enel Partner Castellaneta,Azienda fornitrice di energia elettrica,,099 953 1046,"Via Roma, 56",Castellaneta,,,,,,,,,,,
Arredamenti Pontrelli di Pontrelli Pierluigi,Negozio di tende,http://www.arredamentipontrelli.it,099 616515,"Via Martina Franca, 80",Crispiano,,,https,Joomla,No,Aruba S.p.A.,57,67,92.00,Sì,No
Macelleria Tonino Bello,Macelleria,,339 160 5900,"Via della Gravina, 40",Crispiano,,,,,,,,,,,
Caseificio Laco Lat S.r.l.,Caseificio,,099 616963,"Via S. Pio da Pietrelcina, 18",Crispiano,,,,,,,,,,,
Piemy,Produttore di mobili,https://piemy.com,099 613227,"Contrada Alezza, Snc",Crispiano,,,https,WordPress,Sì,Google LLC,57,95,100.00,Sì,No
San Services srl,Servizio di logistica,https://www.sanservices.it,348 591 3067,"Via Montemerlo, 80",Crispiano,,amministrazione@sansrl.it,https,WordPress,No,Aruba S.p.A.,38,43,92.00,Sì,No
DEBAS.IT SRL,Produzione e lavorazione materie plastiche,,375 872 6428,"Via Trilussa, 8",Crispiano,,,,,,,,,,,
Zincherie Meridionali,Lavorazione dei metalli,http://www.zincheriemeridionalisrl.it,099 591 9274,Contrada Curezze,Carosino,,info@zincheriemeridionali.it,https,WordPress,Sì,Server Plan S.r.l.,56,39,100.00,Sì,No
Marraffa Donato C. R. M. S.R.L.,Centro per la revisione tecnica delle auto,,099 811 0727,"Via Matera, 3",Crispiano,,,,,,,,,,,
Spazio Enel Partner Crispiano,Azienda fornitrice di energia elettrica,http://www.carolielettronica.it,099 987 9413,"Corso Vitt. Emanuele III, 154",Crispiano,,info@carolielettronica.com,https,React,Sì,OVH SAS,56,78,100.00,Sì,No
Sungrit - Porte e Finestre,Fornitore di finestre,https://www.sungrit.it,331 979 1220,"Via Caravaggio, 14",Crispiano,,contact@mysite.com,https,React,Sì,One.com A/S,55,75,92.00,Sì,No
Baux,Produttore di mobili,http://www.bauxcucine.com,099 591 9387,"Via Augusto Righi, 2",Faggiano,,info@bauxcucine.com,https,Joomla,No,Host SpA,54,75,85.00,Sì,No
Fabbrica di materassi,Negozio di materassi,,328 645 9088,"Via Appia, 477",Minturno,,,,,,,,,,,
Proline S.R.L.,Negozio di zanzariere,http://www.prolineurope.com,099 563 9399,"via G. Peano, snc z.i.",Faggiano,,info@prolineitalia.it,https,Vue,No,Server Plan S.r.l.,50,65,83.00,Sì,No
Fuochi d’artificio Friscira Fireworks srl,Negozio di fuochi d'artificio,http://www.fuochionline.it,368 581 805,Contrada Putrano,Faggiano,,,https,WordPress,No,Aruba S.p.A.,31,49,100.00,Sì,No
Cantina e Oleificio Sociale Soc.Coop.a.r.l,Azienda vinicola,,099 956 1233,Via Taranto-Lecce,Fragagnano,,,,,,,,,,,
Cannito Soluzioni per il riposo,Casalinghi,,348 470 4479,"via cherubini angolo, Viale Ionio",Marina di Ginosa,,,,,,,,,,,
DIVINCASA,Mobiliere,,389 248 7819,"Via Taranto-Lecce, 36",Fragagnano,,,,,,,,,,,
Sofar Design by Bs Salotti,Negozio di divani,,333 168 4586,"Via Taranto-Lecce, 22A",Fragagnano,,,,,,,,,,,
Azienda Agricola Dimaggio Elena,Azienda vinicola,https://www.vinidimaggio.it,368 726 3172,"Via per Lizzano n°, 5",Fragagnano,,,https,WordPress,Sì,Aruba S.p.A. Network,71,98,100.00,Sì,No
Tecnologie per Dormire - Milone Maria,Negozio di materassi,http://www.tecnologieperdormire.it,0831 811428,"Via Barbaro Forleo, 35",Francavilla Fontana,,info@tecnologieperdormire.it,https,Joomla,No,Netsons s.r.l.,56,69,85.00,Sì,No
Vibrotek Pavimenti per esterno ultra resistenti,Ditta specializzata in pavimentazioni,http://www.vibrotek.it,099 592 1667,Contrada Baronia,Faggiano,,info@vibrotek.it,https,WordPress,Sì,Serverplan S.r.l.,56,57,100.00,Sì,No
Sannelli Detergenti Di Sannelli Domenico,Negozio,,099 829 2890,"Via Solferino, 3",Ginosa,,,,,,,,,,,
Tarantini Giunti S.R.L.,Fornitore di attrezzature per l'irrigazione,http://www.tarantinigiunti.com,099 946 0779,Strada Statale 580 Km. 10,Ginosa,,,http,ASP.NET,No,Aruba S.p.A. Network,100,100,82.00,Sì,No
Diman s.r.l.,Magazzino all'ingrosso,https://www.dimancasa.it,099 956 1128,Via per Torricella Z.I,Fragagnano,,ordini@dimansrl.it,https,React,Sì,Aruba S.p.A. Network,67,91,75.00,Sì,No
Euro Commerce Di Bitetti Vincenzo,Negozio di materiali da costruzione,,099 829 4041,"Via G. Matteotti, 202",Ginosa,,,,,,,,,,,
Commercial New Gross Srl,Cartoleria,,099 829 4880,"Via G. Rotunno, 3",Ginosa,,,,,,,,,,,
Note di Puglia s.r.l.,Azienda di imbottigliamento dell'olio di oliva,,334 215 9865,"Via Teano, 12",Ginosa,,,,,,,,,,,
Eurocotra Societa' Cooperativa,Fornitore di materiali da costruzione,,099 450 2259,Via Montescaglioso,Ginosa,,,,,,,,,,,
Centro Persiane,Produttore,https://www.centropersiane.it,375 884 0672,Contrada Bandiera,Ginosa,,info@centropersiane.it,https,Shopify,No,Aruba S.p.A. Network,59,94,85.00,Sì,No
BIOENUTRA SRL,Azienda di biotecnologia,https://www.bioenutra.it,099 450 2234,IV Traversa dx Strada Provinciale Bandiera,Ginosa,,info@bioenutra.com,https,Shopify,No,"Cloudflare, Inc.",60,94,85.00,Sì,No
ST Materassi -Sistemi di Riposo,Negozio di materassi,,320 871 9476,"Piazza Giuseppe Verdi, 22",Grottaglie,,,,,,,,,,,
Metronotte S.R.L. - Istituto Di Vigilanza,Servizio di vigilanza,http://www.metronotteist.com,099 829 2575,"Via Francesco Ricciardi, 2",Ginosa,,info@metronotteist.com,https,Shopify,Sì,Host Europe GmbH,46,35,100.00,Sì,No
L'Inventarredo Mobili e Complementi,Negozio di mobili,https://www.linventarredo.it,328 974 0010,"Via G. Matteotti, 263",Ginosa,,linventarredo@gmail.com,https,Joomla,No,Aruba S.p.A. Network,64,94,100.00,Sì,No
Ceramiche la Grotta,Produttore,,335 572 5358,"Via Leone XIII, 9",Grottaglie,,,,,,,,,,,
Pasticceria Dolci Voglie Di Bitetti,Pasticceria,,099 219 2667,"Viale Martiri d'Ungheria, 117",Ginosa,,,,,,,,,,,
Materassi D. L. G.,Negozio di bricolage,,328 214 3864,"Viale Antonio Gramsci, 25c",Grottaglie,,,,,,,,,,,
Pierri Arreda Permaflex,Negozio di mobili,https://www.cofidis.it/soluzioni/pagodil,338 893 1475,"Via Madonna di Pompei, 31",Grottaglie,,,https,React,No,Credit Mutuel group's public,59,47,92.00,Sì,No
DELFINO INFISSI srl,Fornitore di finestre,https://www.delfinoinfissi.it,099 829 1987,S.S. 580 KM. 5,Ginosa,,,,WordPress,Non trovato,Netsons s.r.l.,100,100,45.00,,No
Macelleria Bruno Di Bongermino Nunzio & C. S.N.C.,Macelleria,,099 821 3014,"Piazza Vittorio Emanuele, 14",Laterza,,,,,,,,,,,
2g. Snc Di M. E F. Giacoia,Stamperia,,099 821 6229,"Via Cesare Battisti, 2",Laterza,,,,,,,,,,,
Sonno Dolce Sonno,Negozio di materassi,http://www.sonnodolcesonno.it,0831 854117,"Via Umberto Salerno, 82",Francavilla Fontana,,info@sonnodolcesonno.it,https,WordPress,Sì,Server Plan S.r.l.,73,94,92.00,Sì,No
FINESTRENURITH - Sede produttiva SUD,Fornitore di finestre,http://www.nurith.it,099 821 7111,Contrada S. Maria D'Attoli,Ginosa,,info@nurith.it,https,Drupal,Sì,arsys.es,57,48,92.00,Sì,No
D'Amore Auto Moto s.n.c,Officina autoriparazioni,https://damoreautomoto.it,320 665 4030,Via Taranto-Lecce,Fragagnano,,info@damoreautomoto.it,https,React,No,Keliweb S.R.L,42,40,0.00,Sì,No
Martex e Patrizia Sweet Home,Negozio di biancheria,https://patriziahome.com,099 829 6103,"Via Benedetto Croce, 35",Laterza,,,https,Shopify,No,"Cloudflare, Inc.",77,91,100.00,Sì,No
Zanzar Sistem,Negozio di tende avvolgibili,https://zanzar.it,099 562 8177,"Via per Montemesola, 20900",Grottaglie,,,https,React,Sì,Host SpA,43,66,85.00,Sì,No
Carlucci Arredi 1958 - Carlucci Kitchens Stosa Cucine Store,Negozio di mobili,,392 222 1479,"Via Giuseppe Parini, 50, Via A. de Gasperi, 108",Grottaglie,,,,,,,,,,,
Oleificio De Biasi,Oleificio,,099 821 6441,Via Appia S.S. 7 Laterza (Taranto),Laterza,,,,,,,,,,,
Parisi Giuseppe,Macelleria,,099 821 6164,"Via Dante Alighieri, 64",Laterza,,,,,,,,,,,
Frantoio Oleario Russo,Oleificio,,099 821 6235,SS580,Laterza,,,,,,,,,,,
Perrone Cereali 2,Fattoria,,099 829 7843,"Via Matera, 52",Laterza,,,,,,,,,,,
Clemente infissi,Negozi di artigianato,,099 829 6882,"Via Salvatore Fitto, 12",Laterza,,,,,,,,,,,
Lomastro Cosimo,Officina autoriparazioni,,099 821 3906,"Via Vito Larizza, 2",Laterza,,,,,,,,,,,
Iacobellis Arredamenti,Negozio di mobili,http://www.iacobellisarredamenti.com,099 821 6038,"Via Cadorna, 12",Laterza,,,http,React,Sì,OVH SAS,59,74,91.00,Sì,No
Conservificio Lattarulo,Conservificio,,333 338 8667,Via Vito Larizza,Laterza,,,,,,,,,,,
Nutergen Di Gentile Ernesto,Casa farmaceutica,http://www.nutergen.it,099 221 6438,"Via Dante Alighieri, 60",Laterza,,,http,ASP.NET,No,Aruba S.p.A. Network,76,99,91.00,Sì,No
Apps Assistance & Services,Azienda informatica,,099 400 2521,"Via Tenente G. Natile, 10",Laterza,,,,,,,,,,,
Bernardi cioccolato,Fabbrica di cioccolato,http://www.bernardicioccolato.it,099 562 3723,"Viale Ionio, 18",Grottaglie,,servizioclienti@bernardicioccolato.it,https,React,No,Aruba S.p.A.,52,72,100.00,Sì,No
Loforese Group,Impresa edile,http://www.isolarsi.it,380 206 8615,"Via Giuseppe Montrone, 28/30",Laterza,,info@isolarsi.it,https,WordPress,Sì,Aruba S.p.A.,56,67,100.00,Sì,No
Dell'Orco S.r.l.,Impresa di costruzioni,http://www.dellorcosrl.it,339 874 1835,Via Giovanni Papini,Laterza,,,https,WordPress,No,Netsons s.r.l.,69,79,85.00,Sì,No
Primed Srl,Negozio di zanzariere,http://www.primed.it,099 562 3969,"Corso Europa, 9",Grottaglie,,,https,WordPress,Sì,"Cloudflare, Inc.",31,60,85.00,Sì,No
Futurmac Di Lappo Vittorio,Negozio di materassi,,099 731 2057,"Via Caravaggio, 17",Taranto,,,,,,,,,,,
Centro Edile srl Laterza,Fornitore di attrezzature per l'edilizia,http://www.centroedilesrl.com,099 821 6333,"Via Matera, Snc",Laterza,,info@centroedilesrl.com,https,React,No,Hetzner Online GmbH,41,60,92.00,Sì,No
Co.tra.l. S.c. A R.l.,Servizi di trasporto,,099 821 6326,"Via Monte Faiti, 9",Laterza,,,,,,,,,,,
Semeraro,Negozio di materassi,,099 739 2315,"Via Cesare Battisti, 155/157",Taranto,,,,,,,,,,,
L.A.VALENTINI S.R.L LEPORANO,Legna da ardere e pellet,,388 301 4466,Via la Pigna,Leporano Marina,,,,,,,,,,,
Caseificio La Masseria Srl,Negozio di alimentari,,329 460 7209,"Via Cormons, 5",Laterza,,,,,,,,,,,
Mazzei Ceramiche Show Room Lizzano,Negozio di bricolage,,099 955 2178,"Viale Antonio Gramsci, 131",Lizzano,,,,,,,,,,,
Steel Autoricambi di Salatino Vito,Negozio,,340 334 0277,"Via Mascagni Pietro, 82",Lizzano,,,,,,,,,,,
Azienda Vinicola e Olearia Giannico,Azienda vinicola,http://www.aziendagiannico.com,099 821 6457,"SS580,Loc, SS7, Km 603",Laterza,,giannico@aziendagiannico.it,,React,Sì,Aruba S.p.A. Network,59,44,92.00,Sì,No
DODI ASSICURAZIONI,Agenzia di assicurazioni,,392 358 5856,"Via Toscana, 70, 74020",Lizzano,,,,,,,,,,,
VB Materassi,Negozio di materassi,,327 317 5912,"Via Santa Sabina, 97",Carovigno,,,,,,,,,,,
"Gigantiello Gaetano, A. & C. snc - Serramenti e Infissi",Finestra di alluminio,,099 955 2381,"Via Maria Margotti, 24",Lizzano,,,,,,,,,,,
Emporio del Materasso e del Relax,Negozio di materassi,,388 758 5512,"Viale Foggia, 23",Carovigno,,,,,,,,,,,
Soluzioni Casa Relax,Negozio di materassi,http://www.soluzioni-casa.com,324 152 6708,"Viale della Libertà, 146",Martina Franca,,info@soluzioni-casa.com,https,React,No,Aruba S.p.A. Network,61,88,100.00,Sì,No
Feudi Salentini srl,Azienda vinicola,http://www.feudisalentini.com,099 531 5370,"Via Amendola, 36",Leporano,,,https,Shopify,Sì,"Cloudflare, Inc.",14,20,100.00,Sì,No
DORELAN MARTINA FRANCA,Negozio di mobili,,080 247 0653,"Via Pietro del Tocco, 10",Martina Franca,,,,,,,,,,,
Sistema Riposo Permaflex,Negozio di materassi,,380 868 5684,"Via G. Fanelli, 64",Martina Franca,,,,,,,,,,,
Edilmacotek,Negozio,http://www.edilmacotekshop.it,099 955 2179,"Via Ezio Vigorelli, 18",Lizzano,,edilmacoteksrl@libero.it,https,Shopify,Sì,Server Plan S.r.l.,66,94,92.00,Sì,No
Guardia Medica Maruggio,Centro medico,,099 675458,"Piazza Marconi, 16",Maruggio,,,,,,,,,,,
Masseria Borgo dei Trulli,Azienda vinicola,http://www.masseriaborgodeitrulli.com,346 181 2119,"SP130, Loc. Roselle, SN",Maruggio,,info@masseriaborgodeitrulli.com,https,ASP.NET,No,Aruba S.p.A.,57,74,77.00,Sì,No
Arredamenti Perrucci,Negozio di mobili,http://www.arredamentiperrucci.it,099 974 2499,"Via S. Pietro, 71",Manduria,,arredamentiperrucci@libero.it,https,React,Sì,Google LLC,62,86,100.00,Sì,No
Deco Mobili srl,Negozio di mobili,https://www.decomobili.com,080 485 6519,"Via Mottola, Km 2",Martina Franca,,clienti@decomobili.com,https,WordPress,No,Aruba S.p.A. Network,51,41,92.00,Sì,No
"L'Angolo dei Sogni | Dorsal Point - Reti, materassi, letti, divani e poltrone relax",Negozio di materassi,,347 419 7154,"Via Napoli, 28",Massafra,,,,,,,,,,,
Pastificio Fedele Produzione Artigianale,Negozio di pasta fresca,,099 590 1850,"Via XXV Luglio 1943, 94",Monteiasi,,,,,,,,,,,
Cervellera Marco Valerio,Macelleria,,099 590 1424,"Via G. Marconi, 67",Monteiasi,,,,,,,,,,,
Olio Birtolo - Agrimont Srl,Oleificio,http://www.oliobirtolo.it,099 590 7276,"Viale A. De Gasperi, 113",Monteiasi,,,https,WordPress,No,Easyname GmbH,56,96,58.00,Sì,Sì
Framelibea,Negozio di biancheria,,346 962 1565,"Via Roma, 161",Monteiasi,,,,,,,,,,,
Redorà,Negozio di mobili,http://www.redora.it,080 485 8960,Via Mottola,Martina Franca,,,https,WordPress,Sì,Serverplan S.r.l.,43,69,92.00,Sì,No
Ditta Margherita Cosimo,Officina autoriparazioni,http://www.assoservice.net/it/rete-assistenza,099 599 3658,"Via S. Maria di Camera, 66",Monteparano,,info@assoservice.net,https,React,No,Irideos Spa,33,61,83.00,Sì,No
Fabbrica del Ghiaccio di Mongelli Francesco,Produzione e commercio surgelati,,333 472 4552,Contrada Lupini senza numero civico,Palagiano,,,,,,,,,,,
Pavone Casa S.r.l.,Arredo bagno,,099 886 2807,"Via Santo Stefano, 3",Mottola,,,,,,,,,,,
Salumeria DOC di Di Pierro Armando,Alimentari,,099 844 4514,"Via Roma, 28",Palagianello,,,,,,,,,,,
Olio Pavone,Oleificio,http://www.oliopavone.it,099 849 3959,"Strada Provinciale 13, km. 1.2",Castellaneta,,,https,WordPress,No,Aruba S.p.A.,62,91,92.00,Sì,No
Arredamenti Dalena s.r.l.,Negozio di mobili,,099 886 5149,"Via Risorgimento, 307",Mottola,,,,,,,,,,,
Bioeco shop,Negozio di cosmetici,https://www.bioeco-shop.it,345 171 8386,"Corso Gramsci, 13",Palagianello,,johndoe@domain.com,https,React,Sì,"Cloudflare, Inc.",33,38,85.00,Sì,No
Guardia Medica Montemesola,Ospedale,,099 566 4547,"Piazza IV Novembre, 12",Montemesola,,,,,,,,,,,
La Veneziana,Pasticceria,,348 422 0988,"Piazza Vittorio Emanuele, 2",Palagianello,,,,,,,,,,,
Frantoio D'Erchie,Oleificio,http://www.olioderchie.com,099 566 0096,"Viale degli Ulivi, 1/A",Montemesola,,,https,ASP.NET,Sì,Netsons Network,79,91,85.00,Sì,No
Romanelli Srl - Lavorazione Marmi,Ditta specializzata in marmi,,333 408 6761,Strada Provinciale per Castellaneta,Mottola,,,,,,,,,,,
Paresteta,Negozio di prodotti di bellezza,http://www.paresteta.com,099 844 4048,"Via Giacomo Matteotti, 91",Palagianello,,info@paresteta.com,https,PrestaShop,Sì,Netsons Network,54,49,83.00,Sì,No
Cito Group,Produttore di mobili,http://www.citogroup.it/artigianato,099 886 3316,"Via Giovanni Falcone, 14",Mottola,,,http,WordPress,No,Genesys Informatica S.r.l,62,86,100.00,Sì,No
Linea Ufficio,Negozio di mobili per ufficio,,099 886 4526,"Via Giosuè Carducci, 7",Mottola,,,,,,,,,,,
Macelleria Gourmet Salamida,Macelleria-gastronomia,,388 807 6010,"Via Cesare Battisti, 14",Mottola,,,,,,,,,,,
Az. Agr. Biologica Notaristefano,Grossista di prodotti agricoli,,099 886 1013,"Via Salvatore Allende, 32",Mottola,,,,,,,,,,,
Cosmo-Bio Az. Agr. di Fazzeni Giovanna,Azienda agricola biologica,https://www.cosmo-bio.it,391 149 9208,"Contrada Sterpina, SS7, snc",Palagianello,,info@cosmo-bio.it,https,Joomla,Sì,Server Plan S.r.l.,55,54,100.00,Sì,No
Cooperativa Agricola Della Collina,Macelleria,,099 886 7020,"Via Alcide De Gasperi, 30",Mottola,,,,,,,,,,,
TECNO ELITE,Negozio di telefoni cellulari,,099 221 6385,"Via Giuseppe di Vittorio, 4",Mottola,,,,,,,,,,,
Bradascio SRL,Falegname,,099 886 1005,"Via Salvatore Allende, 22",Mottola,,,,,,,,,,,
Mobilcomm S.r.l. - SpazioSogno,Negozio di materassi,http://www.spaziosogno.com,0831 379313,"Via degli Emigranti, 15",Ceglie Messapica,,info@spaziosogno.it,https,WordPress,Sì,Server Plan S.r.l.,53,75,85.00,Sì,No
Romanelli Lorenzo,Fornitore di finestre,,099 886 7167,"Via Giovanni Falcone, Mottola, TA 74017",Mottola,,,,,,,,,,,
I Sapori Del Casaro srl,Caseificio,,099 886 4309,"Via Giacomo Matteotti, 75/77",Mottola,,,,,,,,,,,
Mandorino Group s.r.l.s.,Negozio di computer,http://www.mandorinogroup.com,099 886 1671,"via della libertà, 22",Mottola,,,https,ASP.NET,No,Aruba S.p.A. Network,72,95,100.00,Sì,No
Pastificio Intini Srl,Produttore di alimenti,,099 886 3722,"Via Alcide De Gasperi, 41",Mottola,,,,,,,,,,,
D'Onghia Maria Concetta,Caseificio,,099 888 2225,"Via Filangieri, 31",Palagiano,,,,,,,,,,,
Lorelux® – By Niteko,Negozio di articoli per l'illuminazione,https://www.lorelux.eu,099 567 1219,"Viale della libertà, 8",Montemesola,,info@lorelux.eu,https,React,Sì,Netsons s.r.l.,54,55,85.00,Sì,No
Schiavone Group S.r.l.,Azienda di import-export,http://www.schiavonegroupsrl.com,099 888 9012,"Via Extramurale, 12",Palagiano,,,http,Joomla,No,Aruba S.p.A.,61,97,83.00,Sì,No
Ceramiche Montanaro Srl,Negozio di ceramiche,,099 886 7139,"Via Gerolamo Gerloni, 38",Mottola,,,,,,,,,,,
Azienda Agricola Vetrère,Azienda vinicola,https://www.vetrere.com,340 297 7870,"sp, km 16",Montemesola,,info@vetrere.it,https,WordPress,No,Serverplan s.r.l.,50,59,92.00,Sì,No
Brico Montemurro,Negozio di bricolage,https://www.bricomontemurro.it,099 888 5906,"C.da Pozzo dell'Usura s.n, Viale Chiatona",Palagiano,,web@bricomontemurro.it,https,WordPress,Sì,Servereasy Italy,56,61,85.00,Sì,No
Stampa Sud Spa,Stamperia,http://www.stampa-sud.it,099 886 5382,"Via Paolo Borsellino, 7",Mottola,,info@stampa-sud.it,https,WordPress,Sì,Google LLC,30,34,100.00,Sì,No
Unicalce Spa Palagiano,Produttore,https://www.unicalce.it/azienda/stabilimenti,099 888 3911,"Contrada Lupini, Palagiano, TA 74019",Palagiano,,emas@unicalce.it,https,Joomla,Sì,Server Plan S.r.l.,53,69,85.00,Sì,No
Vietato Fumare,Negozio di sigarette elettroniche,,099 222 1901,"Corso Lenne, 153/155",Palagiano,,,,,,,,,,,
Lavanderia Gisonna,Lavanderia,,099 888 9189,"Corso Vittorio Emanuele, 51",Palagiano,,,,,,,,,,,
Style & Arredo Di La Volpe Carmelo & C. Srl,Negozio di mobili per ufficio,http://www.stylearredo.it,099 592 7664,Contrada Baronia,San Giorgio Ionico,,,https,Shopify,Sì,Hetzner Online GmbH,50,73,100.00,Sì,No
Casarredo Caiazzo - Marco Caiazzo,Negozio di mobili,http://www.casarredocaiazzo.com,099 400 7866,"Via Roma, 84",San Giorgio Ionico,,,https,React,No,ITNET,57,94,92.00,Sì,No
MiniFlex Negozio di materassi e poltrone,Negozio di materassi,,099 400 6876,"Via Vittorio Emanuele III, 80",San Marzano di San Giuseppe,,,,,,,,,,,
Tout Le Monde,Negozio di pasta fresca,,099 533 8986,"Via Edmondo de Amicis, 6",Pulsano,,,,,,,,,,,
New Dimitex S.R.L.,Negozio di biancheria,,099 533 0280,"Via C. G. Viola, 26",Pulsano,,,,,,,,,,,
Soccorso Stradale Taranto | Auto Jolly di Andrea Musio,Servizio di traino,https://www.autojolly.org,099 533 8917,SP109,Pulsano,,info@autojolly.org,https,WordPress,No,Aruba S.p.A. Network,59,76,92.00,Sì,No
Fabglass srls,Soffiatore di vetro,https://fabglass.it,099 400 2720,"SP109, 196",Pulsano,,,https,Shopify,Sì,IONOS SE,66,92,92.00,Sì,No
Fitness Nutrition | Integratori ed Alimenti per lo sport ed il benessere,Negozio di integratori per lo sport,,333 230 1975,"Via Roma, 17",San Giorgio Ionico,,,,,,,,,,,
Erbofarmasan Sud Di Di Ceglie Elena & C. S.A.S.,Erboristeria,,099 591 8584,"5 Piazza S. Maria Del Popolo, San Giorgio Jonico, TA 74027",San Giorgio Ionico,,,,,,,,,,,
Puglia Sistemi S.r.l.,Agenzia di pubblicità,http://www.pugliasistemi.com,099 591 6808,Via Costantinopoli,Pulsano,,info@pugliasistemi.it,http,React,Sì,Server Plan S.r.l.,32,39,100.00,Sì,No
La Scatola Magica Di Imperio Veronica,Cartoleria,,099 592 7699,"Via IV Novembre, 50",San Giorgio Ionico,,,,,,,,,,,
Caiazzo Design,Negozio di mobili,http://www.caiazzodesign.it,099 592 1288,"Via Roma, 166-164",San Giorgio Ionico,,arredamentifratellicaiazzo@gmail.com,https,WordPress,No,Aruba S.p.A.,48,63,85.00,Sì,No
Studio Prudenzano Consulenza&Formazione,Sicurezza e salute sul lavoro,https://www.prudenzanoformazione.it,099 991 5382,"Via Roma, 71",San Giorgio Ionico,,info@prudenzanoformazione.it,https,React,No,Aruba S.p.A.,63,81,92.00,Sì,No
StilCucine Franchini Arredamenti,Negozio di mobili per cucina,http://www.stilcucine.com,348 357 3099,"Via Regina Elena, 1",San Giorgio Ionico,,info@email.com,https,React,No,Aruba S.p.A.,42,64,92.00,Sì,No
Edilizia Gigante Show-room,Arredo bagno,http://ediliziagigantematerialiedili.it,099 591 6001,Via Tiziano Vecellio,San Giorgio Ionico,,amministrazione@ediliziagigante.it,https,React,Sì,Google LLC,59,79,92.00,Sì,No
Soffice centro esclusivo Permaflex,Negozio di materassi,,349 171 2091,"Via Vittorio Continelli, 90",Ostuni,,,,,,,,,,,
Dormoflex S R L,Negozio di materassi,,338 784 0980,"Contrada Grisiglio, Ostuni, BR 72017",Zona Sisri,,,,,,,,,,,
Reumax salute& benessere,Negozio di articoli ortopedici,,+39 831 302 076,"Via Duca Castromediano, 40",Ostuni,,,,,,,,,,,
Bioforma Benessere per Dormire,Negozio di mobili,http://www.bioformaitaly.com,327 026 3328,"Via Monte Sarago, 10",Ostuni,,info@bioformaitaly.com,https,Shopify,No,Aruba S.p.A.,62,88,92.00,Sì,No
Spazio Casa Arredamenti By S & S Mobili,Negozio di mobili,,099 474 4190,"Via Armando Diaz, 41",Statte,,,,,,,,,,,
Dorelan Taranto,Negozio di materassi,https://www.dorelan.it/it/mondo-dorelan/azienda/chi-siamo#,099 994 2296,"Via Lucania Angolo, Via Medaglie d'Oro",Taranto,,,https,WordPress,Sì,"Amazon.com, Inc.",,,,Sì,No
Mobilcomm,Negozio di bricolage,,0831 379360,"Via Sacerdote Mastro, 9",Ceglie Messapica,,,,,,,,,,,
Supermercato dok,Alimentari,,099 474 2493,"Via Pergolesi, 48",Statte,,,,,,,,,,,
Gruppo Jolly Officine jolly,Officina metallurgica,http://www.gruppojollyofficine.com,099 474 4745,Contrada Feliciolla,Statte,,info@gruppojollyofficine.com,https,Shopify,Sì,Host SpA,56,78,85.00,Sì,No
Magazzino Donato,Negozio,,099 4641 1380,"Corso Vittorio Emanuele III, 80",Statte,,,,,,,,,,,
Punto Casa Materassi,Negozio di materassi,http://www.puntocasarelax.it,0831 514538,"Via Appia, 285",Brindisi,,,https,React,No,Server Plan S.r.l.,56,90,92.00,Sì,No
Punto Casa Srl,Negozio di materassi,http://www.puntocasarelax.it,0831 571223,"Via Mohandas Gandhi, 12",Brindisi,,,https,WordPress,No,Server Plan S.r.l.,60,90,92.00,Sì,No
Cioccolato Vitale,Fabbrica di cioccolato,https://cioccolatovitale.com,0831 377354,Via Francavilla km 0.500,Ceglie Messapica,,info@cioccolatovitale.com,https,Joomla,Sì,Aruba S.p.A,54,55,83.00,Sì,No
Centro Revisioni Solazzo Giuseppe,Servizio componenti elettrici per auto,,0831 619633,"Via Venezia, 18",Cellino San Marco,,,,,,,,,,,
Redorà | Progettazione Arredamento per la Casa | Vendita Complementi d'arredo | Statte - Taranto,Negozio di mobili,http://www.redora.it,099 474 1437,"Via per Taranto, Via Zandonai",Statte,,,https,WordPress,Sì,Serverplan S.r.l.,38,69,92.00,Sì,No
Linea Due Emme srl,Negozio di materassi,http://www.lineaduemme.it,099 450 0789,"Via Vittorio Emanuele III, 194/A",San Marzano di San Giuseppe,,lineaduemme@virgilio.it,https,WordPress,No,myLoc managed IT AG,63,24,85.00,Sì,No
Erario Interni - MATERASSI RETI GUANCIALI,Negozio di materassi,https://www.erariointerni.it,0831 525043,"Via Cesare Braico, 44",Brindisi,,,https,ASP.NET,No,Aruba S.p.A,54,70,91.00,Sì,No
Allegrini Confezioni,Azienda di confezionamento,,392 959 2799,"Via G. Galilei, 85",Cellino San Marco,,,,,,,,,,,
Cantina Sociale Cellinese,Azienda vinicola,https://www.cantinacellinese.it,0831 619100,"Via S. Pietro, 204",Cellino San Marco,,info@cantinacellinese.it,https,React,No,COLT Internet IT,57,73,83.00,Sì,No
Nazionale Materassi - YuMe,Negozio di materassi,https://www.nazionalematerassi.it,333 200 8572,"Viale Nino di Palma, 102",Campi Salentina,,,https,WordPress,Sì,Combell NV,50,38,100.00,Sì,No
Compagnia Mediterranea del Vino S.r.l.,Azienda vinicola,,0831 619965,"Via Rafi, snc",Cellino San Marco,,,,,,,,,,,
"Qualitalia Puglia, Srl",Negozio di prodotti alimentari all'ingrosso,http://www.viarafi1.it,0831 617872,"Via Raffaele Iozzino, 10",Cellino San Marco,,info@viarafi1.it,https,React,No,Server Plan S.r.l.,53,60,85.00,Sì,No
Notti da Sogno srl,Produttore di mobili,https://www.nottidasognosrl.it,0832 606199,Via Novoli,Carmiano,,info@nottidasogno.it,https,Joomla,No,Aruba S.p.A.,75,93,83.00,Sì,No
Pignatelli Materassi,Negozio di materassi,http://www.pignatellimaterassi.it,0832 720050,"Viale Nino di Palma, 3",Campi Salentina,,pignatellimaterassi@libero.it,https,WordPress,Sì,OVH SAS,86,99,100.00,Sì,No
Tenute Riovini,Azienda vinicola,https://www.tenuteriovini.it,0831 617727,c.da Chiurizzi snc,Cellino San Marco,,direzione@tenuteriovini.it,https,Shopify,Sì,Aruba S.p.A. Network,65,78,100.00,Sì,No
Gamma Group S.R.L.,Installatore di impianti di condizionamento,,0831 616717,C.da Pagliarella SNC,Cellino San Marco,,,,,,,,,,,
Le Vigne di Sammarco,Azienda vinicola,http://www.levignedisammarco.it,0831 617776,"Via N. Tommaseo, 15/19",Cellino San Marco,,contatti@levignedisammarco.com,http,Joomla,No,Aruba S.p.A. Network,55,69,100.00,Sì,No
Edil Ma.Co.Cer. S.R.L. F.lli Miglietta,Fornitore di materiali da costruzione,,0831 617145,"Via Bari, 69",Cellino San Marco,,,,,,,,,,,
Masseria Li Veli,Azienda vinicola,https://www.liveli.it,0831 618259,"S.P. Cellino-Campi, Km 1",Cellino San Marco,,info@liveli.it,https,React,Sì,Albedo S.r.l.,55,71,92.00,Sì,No
Tipografia Martina Di Adriano Chisena,Stamperia,,0831 724535,"Via Raffaele Mustich, 7",Latiano,,,,,,,,,,,
Sogni Bio - Fabbrica Materassi,Negozio di materassi,http://www.sognibio-materassi.it,327 354 4160,"Via Trepuzzi ang, Via li Stretti",Novoli,,sognibiomaterassi@gmail.com,https,Joomla,Sì,Aruba S.p.A.,50,50,100.00,Sì,No
Olio Arsieni,Azienda di imbottigliamento dell'olio di oliva,http://www.olioarsieni.it,347 306 6666,"Via Nazario Sauro, 5",Cellino San Marco,,info@olioarsieni.it,https,React,No,Aruba S.p.A.,44,56,91.00,Sì,No
Il Matitone di Danilo Giannotto,Cartoleria,,327 563 7190,"s.n., Via Sicilia",Latiano,,,,,,,,,,,
Cartufficio di De Michele Rossella,Cartoleria,,349 454 6177,"Via Roma, 3",Latiano,,,,,,,,,,,
Lamarina Mobili S.R.L.,Negozio di mobili,http://www.lamarinamobili.it,389 236 3730,SS7,Zona P.i.p.,,lamarinamobili@libero.it,https,Shopify,No,OVH SAS,37,34,75.00,Sì,No
Cooperativa Soc. L'Agricola Latianese,Cooperativa dei produttori di olio di oliva,https://www.agricolalatianese.it,0831 721951,Via Torre,Latiano,,,https,Shopify,No,Netsons s.r.l.,60,89,100.00,Sì,No
Cooperativa Sociale Europa A R.L.,Traslocatore,,0831 726870,"Via Vincenzo Bellini, 18",Latiano,,,,,,,,,,,
Vendita Auto Usate Fratelli Pugliese Brindisi,Rivenditore di auto usate,https://www.puglieseauto.com,0831 721083,ctr. Moscasn SS7 Taranto-Brindisi uscita Latiano est,Latiano,,info@puglieseauto.com,https,ASP.NET,No,Aruba S.p.A. Network,56,56,75.00,Sì,No
Frame Studios,Fotografo,https://www.framestudios.it,375 569 6172,"Via Francavilla, 34",Latiano,,,https,Shopify,Sì,Hetzner Online GmbH,47,56,100.00,Sì,No
Punto Express - Spedizioni e Servizi Postali,Corriere,,0831 816287,"Via Martiri di Belfiore, 1",Oria,,,,,,,,,,,
Pipino Walter elettrodomestici,Negozio di elettrodomestici,,0831 840004,"Via Torre Santa Susanna, 243",Oria,,,,,,,,,,,
Ufficio Sanitario di Oria,Servizi medici locali,,0831 845170,"Via Frascata, SN",Oria,,,,,,,,,,,
Lu.ma.fr. S.r.l.,Ferramenta,,0831 816907,Via Achille Spezi,Oria,,,,,,,,,,,
Flor F.lli Sagace,Vivaio,,339 188 8739,"Via G. C. Abba, 33",Oria,,,,,,,,,,,
Ideal System,Negozio di zanzariere,https://www.ideal-system.it,0831 985550,"Viale Germania, Snc",San Vito dei Normanni,,info@ideal-system.it,https,WordPress,Sì,Netsons Network,59,79,92.00,Sì,No
Le Sommier Arredamenti & Infissi,Negozio di mobili,http://www.lesommierarredamenti.it,349 241 1779,"Via Fratelli Bandiera, 125/A",Oria,,info@esommierarredamenti.it,https,Shopify,Sì,OVH SAS,46,66,85.00,Sì,No
Legno e Ingegno - Falegnameria Grassi Arredamento per interni su Misura,Falegnameria,https://www.legnoeingegnofalegnameria.it,320 837 9990,"Via Manduria, 64",Oria,,grassigiuseppe@hotmail.it,https,ASP.NET,No,Aruba S.p.A,54,65,100.00,Sì,No
Ditta Erario Maurizio,Legna da ardere e pellet,,339 130 5833,Contrada Preti S.N,Oria,,,,,,,,,,,
Sud Elettronic S.R.L.,Negozio di elettronica,https://www.sudelettronic.com,0831 847143,"Piazza Ippocrate, 18",Oria,,info@sudelettronic.com,https,WordPress,No,Aruba S.p.A.,42,39,92.00,Sì,No
TETESI ARREDAMENTI su misura | Art Innovation,Negozio di mobili per cucina,,0831 966367,"Contrada San Michele, 85",San Michele Salentino,,,,,,,,,,,
Arredo Life,Negozio di mobili,,327 945 7906,"Via Germania, 4",San Donaci,,,,,,,,,,,
Antonio Serio prodotti chimici,Azienda di import-export,,0831 635613,"Via Germania, 31",San Donaci,,,,,,,,,,,
APRUZZI HOME BY FRAMA ARREDA,Negozio di mobili,http://www.framarreda.it,0831 964007,"Via Pio la Torre, 6",San Michele Salentino,,appuntamentiframa@yahoo.com,https,Mobirise,No,ITNET,86,94,100.00,Sì,No
"Chimica Del Salento Srl: prodotti chimici per industria, l'enologia e l'agroalimentare",Negozio di forniture per la vinificazione,http://www.chimicadelsalento.it,0831 681466,"Via Trieste, 116",San Donaci,,info@chimicadelsalento.it,https,React,No,Hetzner Online GmbH,63,86,92.00,Sì,No
Antico Oleificio Pennetta,Oleificio,,0831 652324,Via Contrada Pana snc,San Pietro Vernotico,,,,,,,,,,,
Holera srl,Lavorazione di frutta e verdura,,320 633 8867,Via Potenza,San Pietro Vernotico,,,,,,,,,,,
Agricola Rucco,Azienda vinicola,,0831 671076,"Via Brindisi, 230",San Pietro Vernotico,,,,,,,,,,,
Eurospin Puglia S.p.A.,Magazzino all'ingrosso,,0831 657011,S.P. per Torchiarolo Contrada Cornacchia Zona PIP,San Pietro Vernotico,,,,,,,,,,,
Azienda Agricola Marzano Corrado,Fattoria,http://www.agricolamarzano.it,0831 653882,"Via Pier Giovanni Rizzo, 42",San Pietro Vernotico,,info@agricolamarzano.it,https,ASP.NET,No,Aruba S.p.A. Network,70,94,100.00,Sì,No
Punto Luce Di Ingrosso Antonio,Negozio di forniture elettriche,,0831 368003,"Via Galileo Galilei, 32",San Pietro Vernotico,,,,,,,,,,,
CAPONE GIOVANNI,Riparazione antenne,,0831 655560,"Via Rossini, 49",San Pietro Vernotico,,,,,,,,,,,
Frantoio L'Ulivo,Oleificio,https://frantoiolulivo.it,349 448 0229,"Via Maternità Infanzia, 20",San Pietro Vernotico,,info@frantoiolulivo.it,https,React,No,"Amazon.com, Inc.",84,100,100.00,Sì,No
RE.CHEM.AN. di Vincenzo Cagnazzo e C. Sas,Laboratorio chimico,,0831 652290,"Via Brindisi, 208",San Pietro Vernotico,,,,,,,,,,,
Domus & Relax - Materassi e Guanciali ortopedici per il tuo Relax,Negozio di materassi,http://www.domuserelax.it,0832 387091,"Via Salesiani, 33",Lecce,,,https,Shopify,No,Google LLC,65,44,100.00,Sì,No
Casa Del Materasso & Comodita' Galatone,Negozio di materassi,http://casadelmaterassogalatone.it,338 286 1500,"Via del Mare, 115",Galatone,,casadelmaterasso2014@libero.it,https,React,No,METANET AG,68,94,92.00,Sì,No
Cantine Paololeo,Azienda vinicola,https://www.paololeo.it,0831 635073,"Via Tuturano, 21",San Donaci,,info@paololeo.it,https,React,Sì,COLT Internet IT,56,35,92.00,Sì,No
Sand Plast Di Bagnardi Luigi E C. S.N.C.,Produzione e lavorazione materie plastiche,http://www.sandplast.it,0831 635861,"Via Salice Salentino, snc",San Donaci,,sandplast@libero.it,https,ASP.NET,No,OVH SAS,56,86,85.00,Sì,No
Fino Arredamenti Snc,Negozio di mobili,https://www.finoarredamenti.it,0831 676500,"Via Lecce, 264",San Pietro Vernotico,,info@finoaredamenti.it,https,React,No,Amazon Technologies Inc.,44,67,83.00,Sì,No
La Casa di Carta,Cartoleria,http://kasadikarta.com,0831 367394,"Via Lecce, 107",San Pietro Vernotico,,info@kasadikarta.com,https,React,No,WHG Hosting Services Ltd,65,84,100.00,Sì,No
Officine Bene,Produttore di macchine utensili,,0831 668234,"Via Dei Gigli, 8",San Pancrazio Salentino,,,,,,,,,,,
Scazzi Armando,Ferramenta,,0831 666375,"Via Cialdini, 53",San Pancrazio Salentino,,,,,,,,,,,
Mcm Di Conte Antonio,Torneria,,0831 667054,"Via Pietro Nenni, 23",San Pancrazio Salentino,,,,,,,,,,,
Cantina Sampietrana - Stabilimento (per acquisti e visite verificare gli orari dell'Enoteca),Azienda vinicola,http://www.cantinasampietrana.com,0831 671120,"Via Mare, 38",San Pietro Vernotico,,,http,React,Sì,Aruba S.p.A. Network,44,14,92.00,Sì,No
D.l.g. Di Gravante Adriano E C Sas,Negozio di materassi,https://www.dlgitalia.it,0833 690089,"Via Thomas Alva Edison, 3",Ruffano,,info@dlgitalia.it,https,Joomla,No,Aruba S.p.A. Network,48,48,85.00,Sì,No
Azienda Agricola Luigi Pirelli,Oleificio,,0833 722089,"Via don Bosco, 21",Acquarica del capo,,,,,,,,,,,
Materassi A Prezzi Di Fabbrica,Negozio di materassi,https://romartecnologieshop.company.site,0836 424440,Via Circolone,Maglie,,romartecnologie@gmail.com,https,Ecwid,No,Amazon Technologies Inc.,60,91,83.00,Sì,No
Sistema 90 Srl,Ferramenta,http://sistema90.com,0831 665202,"Via Taranto, 98",San Pancrazio Salentino,,,https,WordPress,No,OVH SAS,31,41,100.00,Sì,No
Centro Relax Salentino Galatone - Fabbrica Materassi Poltrone Relax Divani a Galatone (LE),Negozio di materassi,https://www.centrorelaxsalentino.it,388 723 3740,"Via Gallipoli, 10",Galatone,,,https,Shopify,Sì,METANET AG,80,94,85.00,Sì,No
Cantine San Pancrazio,Azienda vinicola,http://www.cantinesanpancrazio.it,0831 666064,SP109,San Pancrazio Salentino,,,https,Joomla,Sì,Host SpA,46,70,100.00,Sì,No
Sanasi Cucine,Produttore,http://www.sanasicucine.it,0831 666924,"Via Taranto, 100",San Pancrazio Salentino,,info@sanasicucine.it,https,React,Sì,Aruba S.p.A.,57,61,77.00,Sì,No
Oleificio D'Urso Giuseppe Cataldo,Oleificio,,0831 606610,Zona artigianale,Villa Castelli,,,,,,,,,,,
Mulino Felle di G.Felle,Mulino per macinare il grano,,339 838 6871,"c.da Battaglia, 46",Villa Castelli,,,,,,,,,,,
Arcomobili,Negozio di mobili,,0831 860150,"provinciale per Grottaglie, 7, 72029",Villa Castelli,,,,,,,,,,,
Pastificio Sapori Di Casa,Negozio di pasta fresca,,338 107 8260,"Via I Maggio, 63",Villa Castelli,,,,,,,,,,,
Pietro,Macelleria,,0831 860026,"Via Giovanni Verga, 27",Villa Castelli,,,,,,,,,,,
RE.MA. srl Villa Guardia,Negozio di materassi,https://www.remamaterassicomo.it,031 505089,"Via Varesina, 46",Villa Guardia,,re.ma.it@tiscali.it,https,React,Sì,Netsons s.r.l.,42,71,85.00,Sì,No
Martinucci Acquarica - Stabilimento Produttivo,Alimentari,http://shop.martinuccilaboratory.it,0833 726097,"Via Vincenzo Bellini, 3",Presicce-Acquarica,,,https,WordPress,No,Netsons Network,54,84,92.00,Sì,No
Cantine Oleificio D'Urso Srl,Azienda vinicola,https://cantine-oleificio-durso.my.canva.site/azienda-vinicola,330 525 529,Via Prov.le per Grottaglie Km 0,Villa Castelli,,cantine.durso@libero.it,https,Canva Websites,No,"Cloudflare London, LLC",56,78,91.00,Sì,No
Regal Materassi Srl,Negozio di materassi,,0836 550474,"Via Neviano, 21",Seclì,,,,,,,,,,,
EFFEPI RETI E MATERASSI,Negozio di materassi,https://www.effepimaterassi.it,338 909 6813,"Via Madonna della Scala, 88",Casamassella,,arcangelopitardi@gmail.com,https,ASP.NET,No,IONOS SE,65,88,91.00,Sì,No
Edilizialó,Fornitore di materiali da costruzione,https://www.edilizialo.it,0831 860691,"Via Provinciale Per Grottaglie, km 1",Villa Castelli,,info@edilizialo.it,https,React,No,Google LLC,57,81,100.00,Sì,No
Pc System Di Emanuele Serinelli,Negozio di computer,,340 236 1951,"Via Giacomo Leopardi, 9",Torchiarolo,,,,,,,,,,,
Materassi Alfredo Carbone,Negozio di materassi,https://alfredocarbonematerassi.com,349 293 5207,"Via Giuseppe Mazzini, 64",Casarano,,info@alfredocarbonematerassi.com,https,WordPress,Sì,Host SpA,61,87,100.00,Sì,No
Autofficina Serinelli S.n.c. dei F.lli Serinelli F. & M,Officina autoriparazioni,,328 408 7551,Via del Lavoro,Torchiarolo,,,,,,,,,,,
ORIAN FLEUR e LA CROCE,Fiorista,,349 636 9634,"Via Giovanni Pascoli, 13",Torchiarolo,,,,,,,,,,,
TESSITURA ARTIGIANALE Bleve Lucia,Negozio di artigianato tipico,http://www.tessiturablevelucia.com,0833 522464,"SS 275 Km 25,420 73031",Alessano,,info@tessiturablevelucia.com,http,WordPress,No,Aruba S.p.A. Network,99,100,91.00,Sì,No
Matermico,Negozio di materassi,,0833 789589,"Contrada Matine, 89",Alessano,,,,,,,,,,,
Artigiani del Sonno Materassi,Negozio di materassi,,328 876 0816,"Via Regina Margherita, 267",Taviano,,,,,,,,,,,
ADR Srl Alimenti Surgelati,Produzione e commercio surgelati,,327 775 8787,"Via I. Maggio, 86",Alliste,,,,,,,,,,,
Mecflex srl | Materassi made in Italy,Negozio di materassi,https://www.mecflex.eu,0833 581778,"Via M.Te Bianco, 4",Melissano,,info@mecflex.it,https,WordPress,Sì,Hetzner Online GmbH,56,98,85.00,Sì,No
De Marco Reti,Negozio di letti,http://www.demarcoreti.it,0833 985215,"19 Zona Industriale, SP350",Ugento,,info@demarcoreti.it,https,WordPress,No,Netsons Network,44,77,92.00,Sì,No
Profumeria Gemma,Profumeria,,0833 584917,"Via Rettifilo, 17/B",Alliste,,,,,,,,,,,
Arcasud,Negozio di articoli per l'illuminazione,http://www.arcasudlampadari.com,0833 781443,s.s.275 alessano- maglie,Alessano,,arcasudsnc@aruba.it,https,Joomla,Sì,Netsons s.r.l.,60,72,92.00,Sì,No
Tessitura Tre Campane,Grossista di tessuti,https://tessituratrecampane.it,0833 781049,"Strada St, 275",Alessano,,info@tessituratrecampane.it,,WordPress,Sì,METANET AG,43,56,92.00,Sì,No
Agrilevante Soc. Coop. A.R.L.,Oleificio,,0836 925639,Via della Resistenza,Andrano,,,,,,,,,,,
Nohasi Palace Hotel & SPA,Hotel Resort,https://www.nohasipalace.com,0836 210616,"Via Castello, 19",Noha,,info@nohasipalace.com,https,WordPress,Sì,Hetzner Online GmbH,52,74,100.00,Sì,No
Ciemme Materassi SRLS,Negozio di materassi,,0833 503986,"Via dei Prati Verdi, 3",Matino,,,,,,,,,,,
Purocotone,Fabbrica di tessile,http://www.purocotone.it,0836 195 5455,s.s. 275 Km 12,Surano,,info@purocotone.it,https,OpenCart,Sì,Hetzner Online GmbH,39,78,85.00,Sì,No
Galateoflex,Negozio di materassi,,338 235 2963,"Viale Aldo Moro, 50",Galatone,,,,,,,,,,,
Relax D'amico,Negozio di materassi,,360 964 473,"Via di Leuca, 86",Castromediano,,,,,,,,,,,
Dorelan Lecce,Negozio di materassi,https://www.dorelan.it/it/punti-vendita/negozio-dorelan-lecce,0832 152 0828,"Viale Gioacchino Rossini, 48",Lecce,,,https,Shopify,Sì,"Amazon.com, Inc.",33,54,100.00,Sì,No
Cancelli Remolo,Negozio di mobili,,327 094 7143,"Via Roma, 115",Bagnolo del Salento,,,,,,,,,,,
NEGOZIO MATERASSI E BIANCHERIA,Negozio di materassi,http://www.ricciatomaterassi.it,320 214 9130,"Via Marche, 11",Novoli,,info@ricciatomaterassi.it,http,React,Sì,Aruba S.p.A. Network,85,96,83.00,Sì,No
Interarreda Arredamenti - Bagnolo del Salento,Negozio di mobili,,0836 318464,"V. Vincenzo Papaleo, 84",Bagnolo del Salento,,,,,,,,,,,
D'Andrea Arredamenti,Negozio di mobili,https://www.dandreamobili.it,0836 318190,"Via Aldo Moro, 8",Bagnolo del Salento,,,https,WordPress,No,Google LLC,0,0,0.00,Sì,No
Fracap,Calzaturificio,http://www.fracap.it,0832 321996,"Via Salvatore Fitto, snc",Arnesano,,info@fracap.it,https,Joomla,No,Hetzner Online GmbH,24,46,85.00,Sì,No
Casa del Salotto | Fabbrica Artigiana,Tappezziere,http://www.casadelsalotto.it,0836 544724,"73020, Corigliano d'otranto Via case sparse",Cutrofiano,,info@casadelsalotto.it,https,WordPress,No,Server Plan S.r.l.,61,96,92.00,Sì,No
Menhir Salento S.p.A.,Ufficio aziendale,http://www.menhirsalento.it,0836 818199,Via Salvatore Negro,Bagnolo del Salento,,commerciale@menhirsalento.com,https,Shopify,Sì,Keliweb S.R.L,65,81,92.00,Sì,No
Goffredo Salotti,Negozio di divani,http://www.goffredosalotti.it,0836 483157,"Via Fratelli Piccinno, 84/86",Maglie,,info@goffredosalotti.it,https,WordPress,Sì,Netsons s.r.l.,54,55,77.00,Sì,No
COMFORT ZONE,Negozio di materassi,,0836 212132,"Viale Santa Caterina Novella, 88",Galatina,,,,,,,,,,,
GIOIELLI TARANTINO di Massimo Tarantino,Gioielliere,http://gioielleriatarantino.it,0836 553131,"Via Tripoli, 30",Aradeo,,info@gioielleriatarantino.it,https,React,Sì,Aruba S.p.A,44,52,92.00,Sì,No
CENTRO TENDAGGI DI SERRA FABBRIZIO,Fabbricazione e vendita tende,https://www.aziendepugliesi.it/lecce/lecce/175-centro-tendaggi-fabrizio-serra.html,339 815 1017,"Via Scalfo, 14",Aradeo,,,https,Joomla,No,Aruba S.p.A. Network,39,72,92.00,Sì,No
FRATA,Arredo bagno,http://www.frata.it,0836 192 3150,"SS16 Lecce-Maglie Km 977, 5",Corigliano D'otranto,,info@edilfrata.it,http,React,No,Server Plan S.r.l.,59,82,69.00,Sì,No
Al Vecchio Mulino di GIANNACHI Andrea,Mulino,,338 359 6849,"Via Padulana, 34",Corigliano D'otranto,,,,,,,,,,,
Mariano Cucine e Arredi su Misura,Negozio di mobili per cucina,http://www.marianocucine.com,0836 320501,"SS 16, Km 978",Corigliano d'Otranto,,info@marianocucine.com,https,WordPress,Sì,Google LLC,73,93,100.00,Sì,No
Mondo Materasso,Negozio di materassi,http://www.ilmobilierearredocasa.it,328 329 6929,"Via Provinciale, 75/77",Corigliano Scalo,,info@ilmobilierearredocasa.it,https,React,Sì,Aruba S.p.A,49,50,92.00,Sì,No
Matress Marvel Fabbrica Materassi E Guanciali,Negozio di materassi,https://www.matressmarvel.com,0321 825214,"Via Sant'Agata, 16",Carpignano Sesia,,,https,Joomla,No,Host SpA,68,94,92.00,Sì,No
MarmoArredo di Marsella Luigi,Ditta specializzata in marmi,https://marmo-arredo.it,339 160 3195,Via I Maggio,Carpignano Salentino,,info@marmo-arredo.com,https,React,Sì,Netsons s.r.l.,85,94,100.00,Sì,No
Azienda Zacheo - vendita di vino e olio di oliva pugliese,Azienda vinicola,http://www.aziendazacheo.it,0836 580300,"Via I Maggio, snc - Zona Industriale",Carpignano Salentino,,aziendazacheo@gmail.com,https,Joomla,Sì,OVH SAS,70,97,92.00,Sì,No
Ekuberg Pharma S.u.r.l,Casa farmaceutica,http://www.ekubergpharma.com,0836 574512,"Via Tito Schipa, 6",Carpignano Salentino,,,https,WordPress,Sì,IONOS SE,53,62,85.00,Sì,No
AZIENDA AGRARIA GRECO del Dott. Pantaleo Greco,Oleificio,http://www.aziendaagrariagreco.it,380 209 9782,"Via Giacomo Matteotti, 22",Caprarica di Lecce,,info@aziendaagrariagreco.it,https,React,No,Aruba S.p.A.,35,59,85.00,Sì,No
Pasticceria Ingrosso,Pasticceria,,340 627 8475,"Via Dott. Vito Lolli, Snc",Castri di Lecce,,,,,,,,,,,
Azienda Agricola Le Saittole,Azienda di imbottigliamento dell'olio di oliva,http://www.lesaittole.com,0832 826606,"Via Giacomo Brodolini, 2",Castri di Lecce,,info@lesaittole.com,https,WordPress,No,GENESYS,0,0,83.00,Sì,No
Tappezzeria Morciano Cosimo,Fornitore di impianti industriali,,349 086 3239,"Via Bologna, 15",Castrignano del Capo,,,,,,,,,,,
Marinotex Srl,Negozio di tessuti,https://www.marinotexshop.com,0836 583257,"Via M.Arnesano, 2",Castrignano De' Greci,,info@marinotexshop.com,https,React,Sì,Aruba S.p.A.,22,78,92.00,Sì,No
Frassiflex - Fabbrica Materassi,Negozio di materassi,https://www.frassiflex.it,0429 690145,"Viale delle Industrie, 6",Sant'Elena,,info@frassiflex.it,https,WordPress,Sì,Server Plan S.r.l.,40,60,100.00,Sì,No
Tecnomat,Negozio di materiali da costruzione,,02 8390 5463,Via Vecchia S. Donato,Cavallino,,,,,,,,,,,
Artea Srl,Produttore di arredi per negozi e supermercati,,0833 342070,Zona Ind.le Tronco D,Collepasso,,,,,,,,,,,
Salco Erbe Del Dr. Colazzo Salvatore,Produttore,http://www.salcoerbe.it,0833 346103,"Via Ugo Bassi, 107",Collepasso,,info@salcoerbe.it,https,WordPress,No,SEEWEB s.r.l.,60,0,92.00,Sì,No
Vecchia Fabbrica Apartments,Residence,http://www.vecchiafabbricaapartments.it,0836 583897,Via Cesare Battisti,Castrignano De' Greci,,,https,WordPress,No,Aruba S.p.A. Network,37,68,85.00,Sì,No
Terabyte Computer,Negozio di computer,,0833 750199,"Via Vittorio Veneto, 9",Castrignano del Capo,,,,,,,,,,,
TOCCO D'ARTE DI FUSARO EMANUELA,Designer d'interni,,329 800 6443,"Via Cesare Battisti, 129",Copertino,,,,,,,,,,,
Oleificio Ciccarese - Produzione e Vendita Olio EVO estratto a freddo,Oleificio,https://oleificiociccarese.it,333 142 8234,Via Est Nardo’ Loc,Li Tumi,,info@oleificiociccarese.it,https,React,No,Aruba S.p.A. Network,65,95,92.00,Sì,No
Pelletteria Madì,Pelletteria,https://www.pelletteriamadi.com,392 347 7566,"Via Don Rosario Trono, 18",Copertino,,info@pelletteriamadi.com,https,React,No,Aruba S.p.A. Network,66,100,83.00,Sì,No
Sd Arreda,Negozio di mobili,https://www.sdarreda.com,333 344 1200,"Piazza Antonio Venturi, 42",Copertino,,,https,Wix,Sì,Google LLC,43,87,100.00,Sì,No
"DPR Confezione di biancheria da letto, da bagno, da tavola - Bedding, table and bath linen",Negozio di biancheria,,0833 531556,"Via S. Giovanni Bosco, 36",Corsano,,,,,,,,,,,
Biagio Santo,Fabbrica di tessile,http://www.biagiosanto.com,0833 790231,"Via Umbria, 3",Corsano,,info@biagiosanto.it,http,React,Sì,Aruba S.p.A. Network,38,54,83.00,Sì,No
ASL Le,Servizi medici locali,,0833 540111,"Corso Umberto I, 1",Gagliano del Capo,,,,,,,,,,,
Albano Florestano Antonio,Macelleria,,0833 548223,"Piazza Immacolata, 4",Gagliano del Capo,,,,,,,,,,,
Bianco Igiene Ambientale,Servizio di gestione dei rifiuti,,0833 548483,"Via Vicinale Serra, Gagliano Del Capo, Le 73034",Gagliano del Capo,,,,,,,,,,,
Forestaforte - Frantoio Oleario MELCARNE Giovanni,Oleificio,https://www.forestaforte.com,388 639 4295,"Via Panoramica, 2",Gagliano del Capo,,info@forestaforte.it,https,WordPress,No,Hetzner Online GmbH,38,38,92.00,Sì,No
Giaquinto Tessitura Artigianale,Fabbrica di tessile,https://www.tessituragiaquinto.com,0833 548269,"Via RediPuglia, 8",Gagliano del Capo,,info@tessituragiaquinto.com,https,React,No,Amazon Technologies Inc.,45,85,100.00,Sì,No
M.T. Infissi di Massimiliano Torsello,Fornitore di finestre,http://www.mtinfissi.it,329 371 2204,"Via Lecce, 7",Gagliano del Capo,,mtinfissi20@gmail.com,https,WordPress,Sì,Hetzner Online GmbH,53,79,92.00,Sì,No
Filtrex S.r.l.,Manifattura tessile,https://www.corderieitaliane.com,0833 547523,Via del Commercio Zona P.I.P,Gagliano del Capo,,info@corderieitaliane.com,https,PrestaShop,No,Google LLC,52,52,92.00,Sì,No
Sud Salento,Calzaturificio,,0833 548603,"Via dell’Artigianato – Zona Industriale, Gagliano del Capo (LE)",Gagliano del Capo,,,,,,,,,,,
Piana del Lentisco - Frantoiani dal 1856,Oleificio,http://www.pianadellentisco.it,328 727 0509,"Via della Repubblica, 12",Gagliano del Capo,,info@pianadellentisco.it,https,WordPress,Sì,Hetzner Online GmbH,45,53,92.00,Sì,No
CHEMICAL INDUSTRY - Produttori e distributori di detergenti professionali e detersivi alla spina,Fornitore di prodotti per la pulizia,http://www.chemicalindustry.it,348 794 7633,"Via Santa Caterina da Siena, 14",Gagliano del Capo,,amministrazione@chemicalindustry.it,https,Shopify,No,Aruba S.p.A. Network,50,61,100.00,Sì,No
La Casa del Fico,Bed & Breakfast,http://www.lacasadelfico.it,377 310 1645,Litoranea Leuca-Novaglie km 44,Gagliano del Capo,,info@lacasadelfico.it,http,React,Sì,Keliweb S.R.L,40,43,100.00,Sì,No
Modernissima Lavanderia Negro,Lavanderia,,0836 549074,"Via Palermo, 37A",Cutrofiano,,,,,,,,,,,
"Mesciu Metal Luigi Bleve - Lamiere, infissi, ferro battuto",Fabbro,,345 931 4536,Via Filippo Turati,Gagliano del Capo,,,,,,,,,,,
Isoffici - Materassi e Letti Italiani - Dalla fabbrica a casa tua.,Negozio di materassi,,0966 57349,"Via Nazionale, 19",Gioia Tauro,,,,,,,,,,,
La Fabbrica del Cornetto,Bar caffè,,389 293 6098,"Via della Provvidenza, 4",Gallipoli,,,,,,,,,,,
Disoflex Fabbrica Materassi Di Paolo Diso,Negozio di materassi,http://www.disoflex.com,06 202 3746,"Via Casilina, 1292",Roma,,,http,React,No,Aruba S.p.A.,56,56,100.00,Sì,No
Borgese Arredamenti,Negozio di mobili,,0833 274516,"Via Giovanni Pascoli, 24",Gallipoli,,,,,,,,,,,
Security Service srl,Negozio di allarmi e sistemi di sicurezza,http://www.secser.it,0833 275041,"Corso Italia, 69",Gallipoli,,secser@secser.it,https,Joomla,No,Aruba S.p.A.,57,83,92.00,Sì,No
Terre D'arneo Societa' Cooperativa Agricola,Oleificio,,339 449 1534,"Via Vicinale Bardi, 1",Gugnano,,,,,,,,,,,
Boutique della ceramica - Pavimenti e arredo bagno,Arredo bagno,http://boutiquedellaceramica.info,348 352 2356,"Via Provinciale, 231",Guagnano,,,https,WordPress,No,Amazon Technologies Inc.,65,88,92.00,Sì,No
Salottificio La Piuma,Negozio di divani,https://www.salottificiosalento.it,0832 704947,"S.da del Petraro, Snc",Guagnano,,info@salottificiolapiuma.net,https,Joomla,No,Aruba S.p.A. Network,31,35,85.00,Sì,No
Nazionale Salotti - Divani,Negozio di divani,http://www.nazionalesalotti.it,0832 260728,"Via Lecce, Km 3",Campi Salentina,,info@nazionalesalotti.it,https,Shopify,No,Momit SRL,56,73,92.00,Sì,No
Azienda Agricola Cosimo Taurino,Azienda vinicola,http://www.taurinovini.it,0832 706490,SP365,Guagnano,,,https,Shopify,Sì,Server Plan S.r.l.,65,78,85.00,Sì,No
Feudi di Guagnano srl,Azienda vinicola,http://www.feudiguagnano.it,351 703 0606,"Via Cellino, 3",Guagnano,,sales@feudiguagnano.it,https,WordPress,Sì,Aruba S.p.A. Network,59,73,100.00,Sì,No
Legna Da Ardere Di Ulivo (Lattante Luigi) €10/qntl,Legna da ardere e pellet,,339 206 2301,"Via Bellini, 31",Lizzanello,,,,,,,,,,,
CANTELE,Azienda vinicola,https://www.cantele.it,0832 705010,S.P. 365 Km 1,Guagnano,,,https,Shopify,No,Aruba S.p.A. Network,52,47,100.00,Sì,No
Fiera del mobile di Colizzi - Cucine & Arredamenti,Negozio di mobili per cucina,http://www.colizzicucine.it,0833 162 4455,"Via Provinciale, 6",Miggiano,,,http,Basekit,No,Aruba S.p.A.,70,65,100.00,Sì,No
Il Mulino Calogiuri,Mulino per macinare il grano,http://www.ilmulinocalogiuri.it,0832 651037,"Via Circonvallazione, 32",Lizzanello,,,https,WordPress,Sì,Seeweb srl,56,80,92.00,Sì,No
Sogni & Sofá arredamenti,Negozio di mobili,,0832 632913,"Via S. Pietro in Lama, 87",Lequile,,,,,,,,,,,
La Tecnologia Del Riposo,Negozio di materassi,,349 589 2667,"Via G. D' Amely, 4",Melendugno,,,,,,,,,,,
Progetto Arredi Di Dentoni Teresa,Negozio di materassi,,0832 831004,"Via G. D' Amely, 4",Melendugno,,,,,,,,,,,
ITALZIP - FABBRICA DI CHIUSURE LAMPO,Produzione e lavorazione materie plastiche,,0832 493917,"Via Formoso Lubello, 2",Lecce,,,,,,,,,,,
Arredo Casa Point - HOME DESIGN,Designer d'interni,https://arredocasapoint.it,320 753 4014,"Viale Luigi Einaudi, 22",Melendugno,,,https,Weebly,No,Google LLC,55,75,92.00,Sì,No
Fa.Mo.Sa. Fabbrica Mobili Salotti,Negozio di mobili,https://www.famosamobili.it,0832 363465,"Via Austria, 10",Lecce,,info@famosamobili.it,https,WordPress,Sì,Google LLC,62,81,85.00,Sì,No
Bianco Cave,Produttore,http://www.biancocave.it,0836 471227,"S.S. 16, Km 978",Melpignano,,biancocave@biancocave.it,https,React,Sì,Aruba S.p.A.,55,69,92.00,Sì,No
Poltronesofà,Negozio di divani,,0836 330005,"SS16, km 980",Melpignano,,,,,,,,,,,
Gastrosystem - Attrezzature per la ristorazione,Negozio di forniture per ristoranti,,0836 194 6639,"Via Nizza, 26",Martano,,,,,,,,,,,
N&B srl Società Benefit,Produttore di cosmetici,https://www.nbnaturalisbetter.com,0836 575042,Via Provinciale Martano Soleto,Martano,,,https,Squarespace,No,Serverplan S.r.l.,56,96,100.00,Sì,No
Merino Service Linea Natura snc di Scordari D.B. & C,Industria cosmetica,,0836 571336,via provinciale Martano Soleto,Martano,,,,,,,,,,,
Tensomax,Costruttore di tettoie e pergole,http://tensomax.it,0836 502144,Via Soleto,Martano,,info@tensomax.it,https,WordPress,Sì,Server Plan S.r.l.,60,54,100.00,Sì,No
Spagnoletti Fabbrica Occhiali,Ottico,https://www.fabbricaocchialispagnoletti.it,0836 571944,"Via Calimera, 22",Martano,,spagnolettitricase@outlook.it,https,React,Sì,Eurologon S.r.l,52,72,100.00,Sì,No
Azienda Coricciati,Azienda agricola biologica,http://olioalea.it,0836 574491,Via Zaca,Martano,,info@olioalea.it,https,WordPress,Sì,Google LLC,54,69,85.00,Sì,No
Tremolizzo dal 1970,Negozio,http://www.tremolizzo1970.it,328 337 8087,"Via Soleto, 264",Martano,,tremolizzo.emanuele@tiscali.it,https,React,No,Armada WAN,50,87,100.00,Sì,No
Spazio Enel Partner - Martano - Gruppo Vincenti,Fornitore di energia,http://www.gruppovincenti.it,0836 575403,"Via Soleto, 58",Martano,,,https,React,No,Aruba S.p.A.,97,100,85.00,Sì,No
Anguillara Materassi,Negozio di materassi,https://anguillaramaterassi.it,393 629 8566,"Via Anguillarese, 16",Anguillara Sabazia,,anguillaramaterassi@gmail.com,https,React,Sì,OVH SAS,55,92,92.00,Sì,No
SPRECH,Costruttore di tettoie e pergole,http://www.sprech.com,0836 571416,"Prov.le Martano-Soleto, km 1, 5",Martano,,info@sprech.com,https,WordPress,Sì,SEEWEB s.r.l.,36,48,92.00,Sì,No
Prodotti tipici del salento,Fornitore di prodotti alimentari,http://prodottitipicidelsalento.com,388 890 6151,"Via Alessandro Volta, 15",Martano,,,https,React,Sì,wix com inc,36,46,100.00,Sì,No
Federaziende Monteroni,Ufficio aziendale,,0832 169 3141,"Via Alcide de Gasperi, 38",Monteroni di Lecce,,,,,,,,,,,
Gioielleria Maniglia,Gioielliere,,0832 327176,"Via Roma, 91",Monteroni di Lecce,,,,,,,,,,,
Inden Cucine Sede Monteroni di Lecce,Negozio di mobili,http://www.indencucine.it,0832 326424,"SP119, Km 3,5",Monteroni di Lecce,,,https,Joomla,Sì,Aruba S.p.A.,50,53,92.00,Sì,No
Euroarredi,Negozio di mobili,,0832 911076,"Via E. Berlinguer, 5",Leverano,,,,,,,,,,,
Leverpack srl,Negozio di materiali da imballaggio,http://www.leverpack.it,0832 910258,"Loc.Signora Porzia,1 (Str. Prov. Lecce Porto Cesareo",Leverano,,leverpack@tiscali.it,http,ASP.NET,No,Aruba S.p.A. Network,100,100,82.00,Sì,Sì
MIRINFISSI s.a.s.,Fornitore di finestre,,0832 925023,Via Carmine Erroi,Leverano,,,,,,,,,,,
Ceramiche Persano | Arredo bagno - Pavimenti e rivestimenti,Negozio di piastrelle ceramiche,,0832 409404,Via Veglie,Leverano,,,,,,,,,,,
Martina - Impresa di pulizie e servizi dal 1984,Impresa di pulizie,,392 266 3599,"Via Filippo Turati, 10",Leverano,,,,,,,,,,,
Lavanderia ecodry aea,Lavanderia,,380 461 7750,Via Enrico Fermi,Leverano,,,,,,,,,,,
Durante Massimo,Grossista di frutta e verdura,,0832 910611,Via Lecce,Leverano,,,,,,,,,,,
Azienda Vivaistica Zecca Fabio,Vivaio,,333 105 0057,Via Emanuela Loi,Leverano,,,,,,,,,,,
RL Porte Interne Industriali e Artigianali - Lecce - Taranto - Brindisi,Fornitore di porte,https://www.rlporteinterne.it,0832 923321,"Via Otranto, 22",Leverano,,rlporteinterne.srl@libero.it,https,ASP.NET,No,Aruba S.p.A,54,23,100.00,Sì,No
Ricamcenter Arredo tessile - Corredo neonato-Tendaggi,Azienda di confezionamento,https://www.ricamcenter.it,0832 183 4287,"Via 2 Giugno, 33",Leverano,,info@ricamcenter.it,https,WordPress,No,Hetzner Online GmbH,59,93,100.00,Sì,No
GHIACCIO SALENTO ICE COMPANY a LEVERANO Ghiaccio Alimentare dal 2012,Fornitore di ghiaccio,https://www.ice-company.net,324 955 8185,"Via Ancona, snc",Leverano,,,https,React,No,Google LLC,61,94,100.00,Sì,No
ITALRICAMBI,Negozio di ricambi per auto,,0832 921484,"Via Lenin, 46",Leverano,,,,,,,,,,,
Conti Zecca,Azienda vinicola,http://contizecca.it,0832 925613,Via Cesarea,Leverano,,info@contizecca.it,https,React,No,Host SpA,60,86,100.00,Sì,No
MEBIMPORT SpA,Distributore di birra,http://www.mebimport.com,0832 921368,Via Carmiano,Leverano,,infobari@mebimport.com,https,Joomla,Sì,Aruba S.p.A.,53,66,92.00,Sì,No
Mulino Dell'Anna,Fornitore di prodotti alimentari,https://mulinodellanna.it,320 413 9848,"Via XXIV Maggio, n.8",Leverano,,mulinodellanna@gmail.com,https,Shopify,No,Aruba S.p.A.,44,63,92.00,Sì,No
Affreschi & Affreschi | Carta da parati artigianale - soluzioni di Design | infoaffreschi.com,Negozio di carta da parati,https://www.infoaffreschi.com,0836 891054,Zona Pip,Minervino di Lecce,,,https,Shopify,Sì,Server Plan S.r.l.,48,56,92.00,Sì,No
Gruppo T.n.t. S.r.l.,Calzolaio,,0836 818142,"Via Scarciglia, 29",Minervino di Lecce,,,,,,,,,,,
Vizzino - Conserve Alimentari Orto Buono Soc. Coop. Agricola,Conservificio,http://www.vizzino.it,0836 818069,SP62 Via Giuggianello snc,Minervino di Lecce,,commerciale@vizzino.it,https,React,No,OVH ISP,63,80,85.00,Sì,No
Colluto Mobili,Negozio di mobili,,0836 901105,"Via de Dominicis, 38",Poggiardo,,,,,,,,,,,
Dolci Pensieri,Negozio di articoli da regalo,,328 567 5874,"Via Vittorio Veneto, 30",Poggiardo,,,,,,,,,,,
Gioielleria Sunna,Gioielleria,,0836 904618,"Viale Giovanni Capreoli, 14",Poggiardo,,,,,,,,,,,
Mr.Sciocco S.r.l.,Fabbrica di cioccolato,https://www.mrsciocco.com,348 223 7957,"Via Gabriele d'Annunzio, 34/a",Poggiardo,,,https,React,No,"Amazon.com, Inc.",69,100,92.00,Sì,No
Macelleria Marzo,Macelleria,,0833 743422,"Via IV Novembre, 35",Morciano di Leuca,,,,,,,,,,,
"Viale degli Eroi, 56",Oleificio,https://www.olioleo.com,351 904 5436,"Viale degli Eroi, 56",Morciano di Leuca,,info@olioleo.com,https,React,Sì,Google LLC,62,71,92.00,Sì,No
Leone de Castris,Azienda vinicola,http://leonedecastris.com,0832 731112,"Via Senatore De Castris, n.26",Salice Salentino,,info@leonedecastris.com,https,React,Sì,Aruba S.p.A.,39,56,77.00,Sì,No
ArredOggi,Negozio di mobili,,0832 732069,"Via Senatore De Castris, 69",Salice Salentino,,,,,,,,,,,
Sano Riposo Srls,Negozio di materassi,,370 350 4715,"Via Santa Croce, 24",San Giovanni la Punta,,,,,,,,,,,
Negozio illuminazione Lecce - Lampadari e Lampade - Euroluce Bax,Negozio di articoli per l'illuminazione,https://www.eurolucebaxshop.com,0832 723809,"Via Cavour, 10",Salice Salentino,,info@eurolucebax.com,https,WordPress,No,IONOS SE,26,31,92.00,Sì,No
Morfeo Home & Relax,Negozio di materassi,https://morfeohomerelax.it,0965 613879,"Via Ravagnese Superiore, 259/b",Reggio di Calabria,,info@morfeohomerelax.it,https,Shopify,Sì,Google LLC,32,65,100.00,Sì,No
"Bed & Comfort San Giovanni La Punta - Letti, Materassi cuscini Dorelan, Epeda, Bultex, V.& Nice, poltrone relax divani letto",Negozio di materassi,http://www.bedecomfort.com,095 617 8267,"Via della Regione, 275",San Giovanni la Punta,,info@bedecomfort.com,https,Shopify,Sì,MyCore Milan Location,23,42,100.00,Sì,No
Dermosistemi - Isopharma Cosmetics Srl,Industria cosmetica,http://www.dermosistemi.com,0833 233038,"Via Braccianti dell'Arneo, 2",Sannicola,,,https,React,Sì,OVH SAS,63,86,92.00,Sì,No
Pappada' 1948 - Ho.Re.Ca. & Home solutions - Muro Leccese,Negozio di forniture per ristoranti,http://www.pappada1948.it,0836 343498,"Via Malta, 102",Muro Leccese,,,https,WordPress,No,IT.Gate S.p.A.,77,85,83.00,Sì,No
Oleificio F.lii Colizzi,Oleificio,,0836 444034,"Via Enrico Fermi, 57",Muro Leccese,,,,,,,,,,,
Classe A s.r.l.,Negozio di elettrodomestici,,0836 342157,"Via Malta, 201",Muro Leccese,,,,,,,,,,,
PEDIO ARREDAMENTI,Negozio di mobili,http://www.pedioarredamenti.it,0836 343495,"VIA UGO FOSCOLO 5, Via Malta, 181, 73036",Muro Leccese,,,https,React,No,Aruba S.p.A. Network,41,59,100.00,Sì,No
Bruno Patella S.r.l.,Fornitore di materiali da costruzione,,0836 342153,"Via Roma, 53",Muro Leccese,,,,,,,,,,,
Arredamenti Due Palme - Progetto 46,Negozio di mobili,http://www.duepalmearredamenti.it,346 313 1349,"Via Diso, 123/129",Spongano,,info@duepalmearredamenti.it,https,WordPress,No,Netsons s.r.l.,55,91,100.00,Sì,No
Perrotta Luminarie,Produttore di illuminazione,https://perrottaluminarie.com,0832 784826,"Via dei Muratori, 78",Squinzano,,,https,Shopify,No,Servereasy Srl,50,71,100.00,Sì,No
The People,Pasticceria,,347 181 5100,"Via Tagliamento, 23/25",Squinzano,,,,,,,,,,,
Ma.Ni di Maggio Nicola,Fornitore di abbigliamento,,347 827 0524,Via dei Falegnami,Squinzano,,,,,,,,,,,
PARTICOLARI Cris Brand,Boutique,,0832 785512,"Via Brindisi, 195",Squinzano,,,,,,,,,,,
Mobilificio Squinzanese Sas Di Marco Zingarello & C.,Negozio di mobili,,0832 785492,"Via Brindisi, 21",Squinzano,,,,,,,,,,,
Gielle Gioielli,Gioielliere,https://www.giellegioielli.it,0832 781671,"Via Brindisi, 183",Squinzano,,gioielligielle@gmail.com,https,PrestaShop,Sì,Server Plan S.r.l.,30,63,100.00,Sì,No
Azienda Agricola Taurino Donato&Rosaria,Oleificio,http://www.agricolataurino.it,0832 787541,"Via per Torchiarolo, Km 1",Squinzano,,info@agricolataurino.it,https,Joomla,Sì,Aruba S.p.A. Network,38,71,92.00,Sì,No
Frara Preziosi,Gioielleria,https://frarapreziosi.it,0832 784412,"Via Lecce, 12",Squinzano,,,https,WordPress,No,Aruba S.p.A.,,,,Sì,No
Giotimar Lo Stile della tua Casa - Squinzano - Lecce,Negozio di articoli da regalo,http://giotimar.com,0832 787139,"Via Raffaello Sanzio, 108",Squinzano,,giotimar@libero.it,https,WordPress,No,Aruba S.p.A.,56,65,92.00,Sì,No
Magnolo Mobili Sas Di Paolo Francesco Magnolo & C.,Negozio di mobili,http://www.magnolomobili.com,0836 544376,"Via Galatina, 182",Sogliano Cavour,,magnolomobili@alice.it,https,WordPress,Sì,Aruba S.p.A. Network,,,,Sì,No
POVATEX S.a.s.,Negozio di articoli per bambini,http://www.povatex.it,0833 622801,"Via A. Manzoni, 58",Taurisano,,info@povatex.it,https,WordPress,Sì,Aruba S.p.A.,,,,Sì,No
AZIENDA AGRICOLA AGROSÍ BIO | TASTE OLIVE OIL ORGANIC,Azienda agricola biologica,http://olioagrosi.com/shop,328 891 2212,"Via Vittorio Emanuele, 103",Supersano,,info@agrosi.it,https,React,Sì,Netsons s.r.l.,,,,Sì,No
Notte Casa,Negozio di biancheria da letto,,0836 939126,SS275,Surano,,,,,,,,,,,
Leva S.r.l.,Produttore di mobili,,0836 936743,"Strada St. 275, Surano, Le Km 12",Surano,,,,,,,,,,,
Stamin S.r.l.,Produttore di macchine utensili,https://www.staminsrl.it,0832 365970,"Zona Industriale, Surbo, Le 73010",Zona Industriale 1,,,https,WordPress,No,"Amazon.com, Inc.",,,,Sì,No
Fabbrica Pavimenti De Filippi,Produttore di piastrelle,https://www.pavimentidefilippi.it,0832 361564,Viale Francesco Marzano,Lecce,,info@pavimentidefilippi.it,https,Shopify,Sì,Aruba S.p.A.,,,,Sì,No
OLEIFICIO AGRO TARANTINI & RUSSO,Oleificio,http://www.agrosalento.it,328 223 1622,Via Appia Antica,Surbo,,info@olioagro.it,https,Wix,Sì,Google LLC,,,,Sì,No
La nuova fenice arredamenti,Negozio di mobili,http://www.lanuovafeniceshop.it,0832 755793,"Via John Fitzgerald Kennedy, 55",Trepuzzi,,cavaliere9632@hotmail.it,http,React,No,Aruba S.p.A. Network,,,,Sì,No
Smile Relax,Negozio di divani,https://smilerelax.it,377 361 9277,"Via Giuseppe Guerrieri, 93",Trepuzzi,,smilerelax2024@gmail.com,https,Shopify,Sì,Google LLC,,,,Sì,No
Manifattura,Negozio di materassi,,346 010 9408,Via Majorana,Taviano,,,,,,,,,,,
F&P Occhiali Veglie,Ottico,,0832 970654,"Via Bosco, 239",Veglie,,,,,,,,,,,
Rollo,Azienda di imbottigliamento dell'olio di oliva,,0832 969488,"Via della Libertà, 29",Veglie,,,,,,,,,,,
Fattoria La Vegliese,Fornitore di uova,https://www.lavegliese.it,338 308 2359,località Gavoti,Veglie,,info@lavegliese.it,https,ASP.NET,No,Aruba S.p.A,,,,Sì,No
MACELLERIA GRAN RISPARMIO | D'amato Pasquale veglie,Macelleria,,338 810 9820,Via Vincenzo Monti,Veglie,,,,,,,,,,,
Demagel,Produttore di alimenti,https://www.demagel.com,389 189 6701,Via Martiri delle Fosse Ardeatine,Veglie,,demagel.veglie@gmail.com,https,WordPress,No,Aruba S.p.A.,,,,Sì,No
Autolavaggio /CAR WASH di Giuseppe Filieri,Autolavaggio,,327 759 6777,"Via Fratelli Cervi, 4",Porto Cesareo,,,,,,,,,,,
Fabbrica77,Bar,,393 503 8736,"Via Collodi, 12",Veglie,,,,,,,,,,,
Caseificio e Macelleria (Torre Lapillo) Porto Cesareo - Masseria Donata,Caseificio,,328 531 7752,"Via Tancredi, Nardò",Nardò,,,,,,,,,,,
Amaro Salento srl,Produzione distillati e liquori,http://www.amarosalento.it,0832 966222,"Via B.Croce, 17",Veglie,,info@amarosalento.it,http,Joomla,Sì,Aruba S.p.A.,,,,Sì,No
Piante e Fiori di Rizzello Giuseppa,Agenzia funebre,,0836 958331,"Via Castro, 69",Ortelle,,,,,,,,,,,
Profumeria Bianca - Porto Cesareo,Profumeria,http://www.profumeriabianca.com,0833 169 4699,"Via Giuseppe Garibaldi, 75",Porto Cesareo,,info@profumeriabianca.com,https,React,No,OVH SAS,,,,Sì,No
CMC di Castrovinci MariaCristina,Negozio di materassi,,0941 957515,"Via Giovanni Amendola, 27",Capo d'Orlando,,,,,,,,,,,
Sud Emalux S.r.l.,Produttore,,0832 202752,"Via Aldo Calò, 26",San Cesario di Lecce,,,,,,,,,,,
Divani e Tendaggi Divanarte,Negozio di mobili,,0832 205566,"Strada Provinciale 362, 37",San Cesario di Lecce,,,,,,,,,,,
Divani Barletta Andria Trani Divani fior di pelle,Negozio di divani,,368 386 0346,"Via Omero, 17",Canosa di Puglia,,,,,,,,,,,
Show-room del materasso via imbriani n 120,Negozio di materassi,,344 161 2630,Via Matteo Renato Imbriani,Canosa di Puglia,,,,,,,,,,,
Deltaflex Di Zucaro Francesco,Negozio di materassi,,080 395 8293,"Via Finizia, 45",Bisceglie,,,,,,,,,,,
MariaVita Ferrarese Materassi&Casa,Negozio di materassi,,339 524 1618,"Via Aldo Moro, 110",Bisceglie,,,,,,,,,,,
Officine DEGHI,Arredo bagno,https://officine.deghi.it,0832 156 0529,"Via Lecce, Km 3",San Cesario di Lecce,,,https,Shopify,No,Microsoft Corporation,,,,Sì,No
Tappezzeria Materassi Primavera,Negozio di materassi,,345 070 3585,"Via Fragatella, 3",Bisceglie,,,,,,,,,,,
LA FABBRICA DEL GHIACCIO DA ANTONIO - PORTO DI BISCEGLIE,Fornitore di ghiaccio,,346 631 3888,"Via Nazario Sauro, 56",Bisceglie,,,,,,,,,,,
Matarrese Arredamenti,Negozio di mobili,http://www.matarresearredamenti.it,0883 661085,"Via M. R. Imbriani, 21",Canosa di Puglia,,info@matarresearredamenti.it,https,WordPress,Sì,Aruba S.p.A. Network,,,,Sì,No
Medical Sud,Produttore,http://www.medicalsud.it,0883 615390,"Via Moscatello, 1",Canosa di Puglia,,,https,React,Sì,Keliweb S.R.L,,,,Sì,No
Artigiani del Pigiama di Cosmai Giuseppe,Fabbrica di tessile,,333 959 3336,"Via Finizia, 45",Bisceglie,,,,,,,,,,,
Etichettificio Omniatex S.r.l.,Fabbrica di tessile,http://www.omniatex.it,080 395 1480,"Via Copenaghen, 19",Bisceglie,,info@omniatex.it,https,WordPress,No,SEEWEB s.r.l.,,,,Sì,No
Piemme Fabbrica Lampadari,Negozio di articoli per l'illuminazione,http://www.piemmeilluminazione.it,080 532 5524,"Via Mauro Contò, 13",Bisceglie,,,https,PrestaShop,Sì,Aruba S.p.A.,,,,Sì,No
Arredamenti Barbarossa,Negozio di mobili,https://arredabarbarossa.wixsite.com/mobilibarbarossa,0883 613725,"Via Corsica, 100",Canosa di Puglia,,,https,Wix,No,Google LLC,,,,Sì,No
Permaflex Store Messina,Negozio di materassi,,090 369 2929,"Via Ettore Lombardo Pellegrino, 22",Messina,,,,,,,,,,,
Q.R. Di Quacquarelli Felice & C. S.A.S.,Magazzino all'ingrosso,,0883 541194,"Via Gioacchino Poli, 120",Andria,,,,,,,,,,,
Gemitex,Fabbrica di tessile,http://www.gemitex.it,0883 555269,"Via N. Barbato, 2",Andria,,info@gemitex.it,https,WordPress,Sì,Aruba S.p.A. Network,,,,Sì,No
Dorelan Andria,Negozio di materassi,https://www.dorelan.com/it-it/pages/dorelan-andria,0883 954024,"Via Bari, 67",Andria,,,https,Shopify,Sì,Sconosciuto,,,,Sì,No
Il Materasso di Pastore,Negozio di materassi,,327 702 8739,"Via Brunforte, 27",Andria,,,,,,,,,,,
SOFT Arte Imbottiti & Design - Centro Divani + Centro Tendaggi,Negozio di divani,https://www.softandria.it,0883 291443,"Viale della Costituzione, 185",Andria,,softdivanitendaggi@gmail.com,https,React,Sì,Sconosciuto,,,,Sì,No
Macelleria Coop. Carmine Giorgio,Macelleria,,0883 691252,"Corso Giacomo Matteotti, 33",Minervino Murge,,,,,,,,,,,
Erma S.r.l.,Azienda di confezionamento,,0883 692386,"Via Orto Borrelli, 20/c",Minervino Murge,,,,,,,,,,,
Dorelan Trani,Negozio di materassi,https://www.dorelan.it,0883 484865,"Via Avvocato Vittorio Malcangi, 106",Trani,,,https,WordPress,Sì,"Amazon.com, Inc.",,,,Sì,No
Vinetti Vincenzo,Macelleria,,0883 692854,"Via Matteo Renato Imbriani, 121",Minervino Murge,,,,,,,,,,,
Macelleria di Rizzi Luigi,Macelleria,,0883 691041,"Piazza XX Settembre, 22",Minervino Murge,,,,,,,,,,,
Oleificio Renna s.r.l.,Oleificio,https://oleificiorenna.it,0883 693153,"Via I traversa Mingone, 15",Minervino Murge,,info@oleificiorenna.it,https,WordPress,Sì,Netsons s.r.l.,,,,Sì,No
Cooperativa Vitivinicola San Michele,Azienda vinicola,https://sanmichelevitivinicola.it,0883 691287,"SP230, km 12.2",Minervino Murge,,,https,WordPress,No,Servereasy Srl,,,,Sì,No
O.M.P. srl Officine Meccaniche di Precisione,Lavorazione dei metalli,https://www.ompsrl.com,0883 693023,"Via 1ª Traversa Mingone, 1",Minervino Murge,,info@ompsrl.com,https,React,No,Aruba S.p.A.,,,,Sì,No
Edonè Scarpe & Borse,Negozio di scarpe,,0883 656127,"Corso Nunzio Ricco, 2",Margherita di Savoia,,,,,,,,,,,
Sai - Sali Alimentari e Industriali,Impianto chimico,http://www.saisali.it,0883 654677,SP15,Margherita di Savoia,,saisali@saisali.it,https,WordPress,Sì,Sconosciuto,,,,Sì,No
La Vera Agricoltura,Negozio di alimentari all’ingrosso,,0883 655048,Contrada Giardino,Margherita di Savoia,,,,,,,,,,,
Saline srl,Produzione e vendita di scorte alimentari,http://www.salineitalia.it,0883 655338,Via delle Saline contrada Torretta Zona Industriale,Margherita di Savoia,,info@salineitalia.it,https,React,No,Aruba S.p.A,,,,Sì,No
Azienda Usl Bat Distretto Socio Sanitario Nr.1 Margherita Di Savoia Trinitapoli San Ferdinando,Ambulatorio medico,,0883 577111,"Corso Luigi Vanvitelli, 1",Margherita di Savoia,,,,,,,,,,,
Autoscuola Del Sole Di Amoruso E Lollino S .D.F. (scuola nautica),Autoscuola,,0883 656213,"Via Maggiore Galliano, 37",Margherita di Savoia,,,,,,,,,,,
Autoscuola Marotta Di Marotta Marcello,Autoscuola,,0883 655067,"Corso Nunzio Ricco, 66",Margherita di Savoia,,,,,,,,,,,
La Casa del Materasso di Raco Modafferi,Negozio di materassi,,349 196 0319,"Viale Matteotti, 12",Locri,,,,,,,,,,,
Frontino Ortofrutticoli Soc. Agricola Srl,Grossista,http://www.frontinortofrutticoli.it,0883 652014,"SP5, Km 41,100",Margherita di Savoia,,support@mobirise.com,http,Mobirise,No,Register S.P.A.,,,,Sì,No
Sa.De.Ri Debenedetto G. & C. S.N.C.,Fornitore di finestre,,0883 656761,"Via Curie Pierre e Marie, 4",Margherita di Savoia,,,,,,,,,,,
Guerriero S.r.l.,Casa farmaceutica,https://www.guerriero.it,0883 652832,"Via Vittorio Veneto, 85/87",Margherita di Savoia,,info@guerriero.it,https,React,Sì,Server Plan S.r.l.,,,,Sì,No
Piazzolla Sali s.r.l.,Azienda di confezionamento,http://www.piazzollasali.it,0883 654009,Contrada Torretta,Margherita di Savoia,,info@piazzollasali.com,https,WordPress,Sì,Keliweb S.R.L,,,,Sì,No
Azienda Agricola F.lli Vartuli,Oleificio,http://www.agricolavartuli.com,0963 353458,Via degli Oleifici,Acquaro,,michele@agricolavartuli.com,http,Joomla,No,Aruba S.p.A. Network,,,,Sì,No
Cascella Fratelli S.N.C.,Macelleria,,0883 656649,"Via Garibaldi, 148",Margherita di Savoia,,,,,,,,,,,
Pentafood Srl,Grossista di frutta e verdura,http://www.pentafood.com/fruit-logistica-2011,0883 651018,"Via Barletta, 15",Margherita di Savoia,,pentafood@pentafood.com,https,WordPress,No,Host SpA,,,,Sì,No
Industria Alimentare Carazita,Produttore di alimentari,http://www.pastificiocarazita.it,0883 682212,"Via Roma, 57",Spinazzola,,,https,React,Sì,Aruba S.p.A.,,,,Sì,No
Alessandro Pagano il divano italiano,Negozio di divani,https://www.alessandropagano.com,0963 355673,c/da Bivieri,Arena,,info@alessandropagano.com,https,Joomla,No,Aruba S.p.A. Network,,,,Sì,No
Daunia Plast,Produzione e lavorazione materie plastiche,https://www.dauniaplast.it,0883 632034,"Via Degli Artigiani, 15",Trinitapoli,,,https,React,Sì,Server Plan S.r.l.,,,,Sì,No
Agri World Srl,Negozio di frutta e verdura,,0883 634278,"Strada Provinciale 63, Km. 1",Trinitapoli,,,,,,,,,,,
Antica Fabbrica di Divani 1949 (Parente Group),Negozio di divani,,0883 334055,"Via della Repubblica, 118, Via dei Muratori, 4",Barletta,,,,,,,,,,,
Materflex,Negozio di materassi,http://www.materflex.it,0966 45267,"SS 18 Tirrena Inferiore, km 485",Palmi,,,https,WordPress,No,Aruba S.p.A. Network,,,,Sì,No
Ideal Tende di De Martino Teresa,Negozio di tende,,0883 631605,"Corso Garibaldi, 92",Trinitapoli,,,,,,,,,,,
PL Relax di Piccolo Ruggiero Reti Materassi Cuscini Centro Dorelan,Negozio di materassi,http://www.plrelax.it,0883 513236,"Via Regina Margherita, 274/B",Barletta,,info@plrelax.it,https,React,Sì,OVH SAS,,,,Sì,No
OLEIFICIO LABIANCA SAS di LABIANCA SAVINO LORETO & C.,Oleificio,http://www.oliolabianca.it,0883 631442,"Via della Transumanza, 25",Trinitapoli,,info@oliolabianca.it,http,Joomla,Sì,Aruba S.p.A. Network,,,,Sì,No
Caseificio Andriese,Caseificio,,0883 252351,"Via Aldo Moro, 16",Trinitapoli,,,,,,,,,,,
Mele Arredamenti,Mobiliere,http://www.arredamentimele.it,0883 631306,"Via Barletta, 53",Trinitapoli,,info@arredamentimele.it,https,React,No,SiteGround,,,,Sì,No
Fomac Sistemi per il riposo,Negozio di materassi,,377 081 1356,"Via Lia, 2",Reggio di Calabria,,,,,,,,,,,
Electronic System Car Di Giovanni Vitobello,Servizio componenti elettrici per auto,,0883 634503,"Via Don Luigi Sturzo, 10",Trinitapoli,,,,,,,,,,,
Natalicchio Service Trinitapoli,Autocarrozziere,https://www.natalicchio.it,0883 632300,"76015, Via della Transumanza",Trinitapoli,,,https,WordPress,No,Sconosciuto,,,,Sì,No
Permaflex Barletta,Negozio di materassi,https://www.permaflex.it,0883 198 3437,"Via Monfalcone, 11",Barletta,,info@permaflex.it,https,WordPress,No,Sconosciuto,,,,Sì,No
Materassificio Woolflex,Negozio di materassi,,0973 624232,"Contrada Galdo, Snc",Lauria,,,,,,,,,,,
LAB UFFICIO,Fornitore di attrezzature per l'ufficio,,0883 630756,"Corso Garibaldi, 131",Trinitapoli,,,,,,,,,,,
Materassificio Amendolara,Negozio di materassi,http://amendolaramaterassi.altervista.org,0973 826606,"SS 585 Fondo valle del Noce km9, Trecchina, PZ 85049",Trecchina,,,https,WordPress,No,"Cloudflare, Inc.",,,,Sì,No
Miro',Negozio di souvenir di matrimonio,https://www.mirohomedesign.it,0883 631675,"Corso Garibaldi, 41",Trinitapoli,,contact@support.com,https,React,No,SEEWEB s.r.l.,,,,Sì,No
InForma Materassi Cosenza,Negozio di materassi,http://www.informamaterassi.com,0984 404452,"Via Sant'Umile da Bisignano, 25 Contrada Conciostocchi (Zona Industriale",Rende,,,https,React,Sì,IT.Gate S.p.A.,,,,Sì,No
Dorelan Cosenza,Negozio di materassi,https://www.dorelan.it/it/punti-vendita/negozio-dorelan-cosenza,0984 190 6298,"angolo con, Via Don Minzoni, Via Fellini, 20",Rende,,,https,WordPress,Sì,"Amazon.com, Inc.",,,,Sì,No
SOGNI D'ORO DA RE materassi Reggio Calabria,Negozio di materassi,http://www.sognidorodare.it,334 756 6370,"Corso Giuseppe Garibaldi, 619",Reggio Calabria,,sognidorodarecorso@gmail.com,https,ASP.NET,Sì,OVH SAS,,,,Sì,No
Sharonflex dal 1974,Negozio di materassi,https://sharonflex.com,377 369 1763,"Via Fiume Lao, 51",Scalea,,info@sharonflex.com,https,PrestaShop,Sì,Aruba S.p.A.,,,,Sì,No
Gli Artigiani del Riposo,Negozio di materassi,https://www.gliartigianidelriposo.it,0981 931051,Contrada Scalapitta,Oriolo,,info@gliartigianidelriposo.it,https,Magento,Sì,Keliweb S.R.L,,,,Sì,No
Karmeflex,Negozio di materassi,,349 579 4061,Contrada Amica,Amica,,,,,,,,,,,
Sogni D'Oro,Negozio di materassi,https://sognidorocosenza.it,0984 29431,"Via Domenico Milelli, 54/56 / 58",Cosenza,,sognidoro.oa@libero.it,https,WordPress,No,Combell NV,,,,Sì,No
TAILOR’S confezioni,Fabbrica di tessile,,0833 571792,"Via Maddalena Umberto, 45",Nardò,,,,,,,,,,,
Sud Comfort Srl,Arredo bagno,,0833 572606,"Via Incoronata, 15",Nardò,,,,,,,,,,,
Perdormire,Negozio di materassi,https://www.perdormire.com/negozi/cosenza,0984 175 8130,"Viale della Resistenza, 96",Rende,,cosenza@perdormire.com,https,Magento,Sì,"Fastly, Inc.",,,,Sì,No
"Falconieri Tendaggi, accessori e biancheria per la casa - di Bruno Falconieri",Negozio di tende,http://www.falconieritendaggi.com,328 186 3729,"Via Palermo, 36",Nardò,,,https,WordPress,No,WordPress.com-DNS,,,,Sì,No
Azienda Sanitaria Provinciale Di Cosenza,Servizi medici locali,,0982 999145,"Via Vittorio Emanuele, 3",Acquappesa,,,,,,,,,,,
Borel Srl,Negozio di elettrodomestici,https://www.borelsrl.it,0833 579059,"Via Due Aie, 100e",Nardò,,mario@rossi.it,https,Squarespace,No,Gamgroup Srls,,,,Sì,No
Gio.Ma. Porte Srl,Fornitore di porte,http://www.giomaportesrl.com,0982 94196,Via Pantana,Acquappesa,,,https,WordPress,No,Aruba S.p.A.,,,,Sì,No
Doorwin Srl - Fabbrica Infissi,Produttore di porte,http://www.door-win.it,379 234 0936,"Via SC Copertino, 29",Nardò,,,https,WordPress,No,GoDaddy-DNS,,,,Sì,No
ForBed Evolution Materassi Memory Firtechnology Katanè Gravina di Catania,Negozio di materassi,,371 320 6010,"Via Salvatore Quasimodo, 1",Sant'Agata li Battiati,,,,,,,,,,,
Martinucci Spaccio Aziendale Specchia,Produzione e commercio surgelati,http://www.martinucci1950.com,388 936 6343,Via Provinciale,Specchia,,commerciale@martinucci1950.com,https,WordPress,No,Aruba S.p.A.,,,,Sì,No
MELL SrL semplificata,Fabbrica di tessile,http://www.baroccotnt.it,0833 832303,"Via Lecce, 3",Nardò,,ufficiovendite@baroccotnt.it,http,React,No,Aruba S.p.A.,,,,Sì,No
Distretto n° 3 - Azienda Calabria Verde,Ufficio aziendale,,0984 953582,"Piazza Principessa di Piemonte, 2",Acri,,,,,,,,,,,
Acri-Plast Di Capalbo Costantino - Serramenti e Infissi,Negozio di articoli per finestre,,328 725 2208,"Via Filippo Tommaso Marinetti, 30",Acri,,,,,,,,,,,
Pastificio Il Mulino,Negozio di alimentari,,0984 953522,"Via La Pira Giorgio, 51",Acri,,,,,,,,,,,
Il Quadrifoglio - Ritacco Luigi Giuseppe,Negozio di abbigliamento,,0984 953558,"Via della Resistenza, Snc",Acri,,,,,,,,,,,
Macelleria Mustica Federico,Macelleria,,0984 955337,"Via Regina Elena, 19",Acri,,,,,,,,,,,
S4 Supermercato Srl,Alimentari,,0984 941737,"Via Enrico Fermi, 47",Acri,,,,,,,,,,,
Oreficeria Fiamma Giacinto Luca,Gioielliere,,0984 941884,"Piazza della Democrazia, 3",Acri,,,,,,,,,,,
Manfredi S.R.L,Negozio di vendita di legname da costruzione,,0984 942322,"Via Bruno Pontecorvo, 9",Acri,,,,,,,,,,,
Mondial Camini Di Ferraro Angelo,Produttore di camini,http://www.mondialcamini.it,0984 950235,"Via Pietremarine, 63/A",Acri,,sample@mail.com,https,Joomla,No,Aruba S.p.A.,,,,Sì,No
Riclam Di Scaglione Vincenzo - Marmeria Rivestimenti Camini,Ditta specializzata in marmi,http://www.riclam.it,0984 941224,Contrada Finocchio 101,Acri,,,,Shopify,No,Server Plan S.r.l.,,,,Sì,No
Coges Srl Divisione Infissi Acri,Fornitore di finestre,http://www.cogesinfissi.it,0984 941205,"Via Aldo Moro, 360",Acri,,info@cogesinfissi.it,https,React,Sì,netcup GmbH,,,,Sì,No
Siciliano Gioielli - Gioielleria,Gioielleria,http://www.sicilianogioielli.it,0984 954729,"Via Luigi Einaudi, 3",Acri,,sicilianogioielli.srl@pec.it,https,Shopify,No,"Cloudflare, Inc.",,,,Sì,No
Arredonotte centro materassi,Negozio di materassi,,0968 442962,"Via Aldo Moro, 29",Lamezia Terme,,,,,,,,,,,
ROMIX,Negozio di materiali da costruzione,,0984 941318,"Via Filippo Maria de Simone, 105",Acri,,,,,,,,,,,
PERMAFLEX ROSSANO,Negozio di materassi,,0983 500125,"Via Conca d'Oro, 2M/A.U",Rossano Stazione,,,,,,,,,,,
Gioielli Curto,Gioielleria,http://www.curtogioielli.com,0984 953229,"Via Vincenzo Padula, 202",Acri,,,https,Shopify,No,"Cloudflare, Inc.",,,,Sì,No
La fabbrica dell'occhiale di I.O.M. srl,Ottico,,0984 961993,"Via Eugenio Altomare, 132/P1",Rogliano,,,,,,,,,,,
Turco L'arredamento,Negozio di mobili,http://www.turcolarredamento.it,0982 46089,"Via Europa, 84",Campora San Giovanni,,ariccardi@mtncompany.it,https,React,No,Aruba S.p.A. Network,,,,Sì,No
Dormire Sano,Negozio di materassi,http://www.dormisano.eu,0984 77770,"Via XXIV Maggio, 16",Cosenza,,,https,WordPress,No,Aruba S.p.A.,,,,Sì,No
Carmeflex,Negozio di materassi,,328 391 2338,Contrada Amarelli,Rossano,,,,,,,,,,,
Lanificio Leo,Fabbrica di tessile,http://www.lanificioleo.it,0968 662027,"Via Cava, 43",Soveria Mannelli,,,https,Joomla,Sì,"Cloudflare, Inc.",,,,Sì,No
La Bambola di Stanca Flavio,Magazzino all'ingrosso,,0836 667153,"Largo Osanna, 15",Soleto,,,,,,,,,,,
Artea arredamenti,Negozio di mobili,https://www.artea-arredamenti.com,393 329 4382,"Via Alcide De Gasperi, 19",Rogliano,,,https,React,No,Register.it-Hosting,,,,Sì,No
Materax Materassi - Pisolo Artigiana Materassi,Negozio di materassi,http://www.materax.it,0131 325358,"Corso Giuseppe Romita, 38",Alessandria,,,https,WordPress,Sì,OVH SAS,,,,Sì,No
reti e materassi,Negozio di materassi,https://www.materassiematerassi.it/it/reti,0131 266223,"Via Santa Caterina Da Siena, 19",Alessandria,,,https,Shopify,Sì,Seeweb srl,,,,Sì,No
Citytex,Negozio di tessuti,http://www.citytex.store,0836 308856,"Via Lecce, 273",Soleto,,,https,WordPress,Sì,Google LLC,,,,Sì,No
Dorelan Alessandria,Negozio di materassi,https://www.dorelan.it/it/punti-vendita/negozio-dorelan-alessandria,0131 443467,"Spalto Marengo, 73",Alessandria,,,https,Shopify,Sì,"Amazon.com, Inc.",,,,Sì,No
Centro Arredo Casa,Negozio di materassi,https://www.centroarredocasa.com,0131 225945,"Via Giordano Bruno, 2",Alessandria,,info@centroarredocasa.com,https,Shopify,Sì,Google LLC,,,,Sì,No
Materax Pisolo Di Andrea Colasurdo,Negozio di materassi,,334 234 5951,"Via S. Lorenzo, 44",Alessandria,,,,,,,,,,,
Liquore Moliterno,Produzione distillati e liquori,,0981 948753,"Via Giacobini, 133",Altomonte,,,,,,,,,,,
Materasso Flex,Negozio di materassi,,331 177 2291,"V.le Cassiodoro, 213/215",Catanzaro,,,,,,,,,,,
Stylflex - Reti e Materassi,Negozio di mobili,http://www.stylflex.com,0143 80368,"Str. Rocca Grimalda, 48/A",Ovada,,cavanna_bedding@libero.it,https,React,Sì,Google LLC,,,,Sì,No
Materassi & Materassi - Alessandria,Negozio di materassi,https://sognirealisrl.it,0131 383627,"Via Giordano Bruno, 168",Alessandria,,,https,Shopify,No,"Cloudflare, Inc.",,,,Sì,No
IL MATERASSAIO l'antica fabbrica artigiana dal 1920,Negozio di materassi,http://www.ilmaterassaiomolare.com,347 012 9622,"Via Circonvallazione, 4",Molare,,,https,React,No,"Cloudflare, Inc.",,,,Sì,No
Pianeta Riposo,Negozio di materassi,https://pianetariposo.com,0961 745272,"Via Mario Greco, 1",Catanzaro,,info@pianetariposo.com,https,WordPress,No,Hostinger,,,,Sì,No
Farneto Del Principe,Azienda vinicola,http://www.farnetodelprincipe.it,340 828 4016,"Contrada Corvo, 113",Altomonte,,info@farnetodelprincipe.it,https,WordPress,Sì,Google LLC,,,,Sì,No
Oliva Materiali da Costruzione,Fornitore di impianti di riscaldamento,,339 769 1599,Contrada Boscari,Altomonte,,,,,,,,,,,
Astor Casa - Centro del Materasso,Negozio di materassi,http://www.astorcasa.it,0143 833448,"Str. Voltri, 27L",Ovada,,astorcasa1@gmail.com,https,WordPress,No,Aruba S.p.A.,,,,Sì,No
Oleificio Boscari Di Iantorno & Gualano S.N.C.,Oleificio,,0981 946518,"Contrada Boscari, 1",Altomonte,,,,,,,,,,,
Autofficina De Rosa Giuseppe E C. S.n.c.,Officina autoriparazioni,,0981 946333,"Contrada Corvo, 94",Altomonte,,,,,,,,,,,
Notti da sogno Amantea,Negozio di materassi,,345 772 3836,"Corso Vittorio Emanuele, 34",Amantea,,,,,,,,,,,
F R U N Z I S.R.L. Fabbrica Rinomata Unica Nella Zona Ionica,Negozio di mobili,,0981 22243,"Corso Calabria, 190",Castrovillari,,,,,,,,,,,
Centro Permaflex Amantea,Negozio di materassi,https://www.centropermaflexcalabria.it,0982 642191,"Corso Vittorio Emanuele, 44/48",Amantea,,,https,WordPress,No,OVH ISP,,,,Sì,No
Royal Fruit srl,Grossista di frutta e verdura,,0883 671367,"S.P. Ponte di Canosa, km 0,700",San Ferdinando di Puglia,,,,,,,,,,,
AURORA D'AGOSTINO EROGATORI ACQUA - DEPURATORI ACQUA - MATERASSI IN LATTICE - SANIFICATORI AMBIENTE,Impianto depurazione acque,http://www.auroradagostino.it,0984 825316,"Via M. Ricci, 2",Rende,,info@auroradagostino.it,https,Joomla,Sì,OVH SAS,,,,Sì,No
Mara Arredamenti,Negozio di mobili,,0964 620045,"Via Ugo Foscolo, 46L",Ardore Marina,,,,,,,,,,,
Efal - Esposito Fabbrica Arredamenti Locri,Negozio di mobili,http://www.efalarredo.com,0964 390241,"Via Riposo, 2",Locri,,,http,ASP.NET,No,Aruba Hosting,,,,Sì,No
Quirino Srl,Produzione e lavorazione materie plastiche,,0883 620907,"Via Spagna, San Ferdinando Di Puglia, BT 76017",San Ferdinando di Puglia,,,,,,,,,,,
Lube Store Amantea,Negozio di mobili,https://www.lubestoreamantea.it/home,0982 640719,"SS 18 Tirrena Inferiore, Snc",Amantea,,,https,React,No,Google LLC,,,,Sì,No
Nuovafertex,Fabbrica di tessile,https://albertoferreri2107.wixsite.com/ilmiosito,329 566 8812,"Via Giovanni Bovio, 46",San Ferdinando di Puglia,,info@mysite.com,https,Wix,No,Google LLC,,,,Sì,No
Mobili Mancuso,Negozio di mobili,,0984 423892,"Contrada San Nicola, SS 178, SNC",Aprigliano,,,,,,,,,,,
Materassi Logoteta,Negozio di materassi,http://www.materassilogoteta.it,320 656 1255,"Via Gaspare del Fosso, 3",Reggio Calabria,,,https,Joomla,Sì,OVH SAS,,,,Sì,No
Dormi Sano Cosenza,Negozio di materassi,https://www.dormisano.eu,0984 152 4877,"Piazza Loreto, 30",Cosenza,,,https,WordPress,No,Aruba S.p.A.,,,,Sì,No
Max Relax - Rende,Negozio di divani,https://maxrelax.info,388 586 3249,"Via Don Minzoni, 39",Rende,,info@maxrelax.info,https,React,Sì,Google LLC,,,,Sì,No
Agenzia EDC Pubblicità,Agenzia di marketing,https://www.roccovigna.it,328 141 6459,"Via Isidoro Piro, n. 4",Aprigliano,,info@roccovigna.it,https,Angular,No,"Amazon.com, Inc.",,,,Sì,No
Belcastro 1930 - Nicola Belcastro SRL,Negozio di biancheria da letto,,0964 415120,"Via Carlo Maria, 27/29/31",Marina di Gioiosa Ionica,,,,,,,,,,,
Confort Line Fabbrica Salotti,Designer d'interni,,338 995 6658,S.da Statale 106 Jonica,Cropani Marina,,,,,,,,,,,
Belcastro Home,Negozio,https://www.belcastrohome.com,0964 344155,"Via Nazionale, 100",Siderno,,info@belcastrohome.com,https,PrestaShop,No,Aruba S.p.A.,,,,Sì,No
Vigorflex materassi,Negozio di materassi,http://vigorflex.it,0962 865347,"Via Enrico Mattei, 8",Torre Melissa,,info@vigorflex.it,https,React,Sì,Contabo GmbH,,,,Sì,No
Outlet Divani Sogni d'oro da Re,Negozio di divani,,351 385 1864,"Viale Aldo Moro, 67",Reggio di Calabria,,,,,,,,,,,
Procopioflex Snc,Negozio di materassi,https://www.procopioflex.it,090 710989,"Via Risorgimento, 219",Messina,,,https,WordPress,No,Aruba S.p.A.,,,,Sì,No
Ceramiche il Falco s.a.s. di Marino,Negozio di ceramiche,http://www.ilfalcoceramiche.it,0966 337058,"Via Nazionale c.da Dora, 29",Bagnara Calabra,,info@ilfalcoceramiche.it,http,ASP.NET,No,Aruba S.p.A.,,,,Sì,No
Progetto Benessere s.a.s.,Negozio di materassi,http://www.progettobenesseremessina.it,090 344410,"Via G. Garibaldi, 317-319",Messina,,,http,WordPress,Sì,Aruba S.p.A.,,,,Sì,No
Alcaro Srl,Negozio di mobili,https://www.alcarosrl.it,0967 546059,"Via Zona Industriale, Isca Sullo Ionio, CZ 88060",Lampi,,info@alcarosrl.it,https,WordPress,No,WHG Hosting Services Ltd,,,,Sì,No
Gitto soluzioni per il riposo,Negozio di materassi,http://www.gittoletto.it,090 293 5373,"Via Cesare Battisti, 280",Messina,,info@gittoletto.it,https,Shopify,Sì,Keliweb S.R.L,,,,Sì,No
La fabbrica del gelato - Made with Love,Gelateria,,0967 225577,"Corso Umberto I, 152",Badolato,,,,,,,,,,,
Iaria Materassificio,Negozio di materassi,,329 826 3758,"Parco Commerciale Le Ninfee, Viale Calabria, 310",Reggio di Calabria,,,,,,,,,,,
Azienda Agricola Vitetta Reggio Calabria,Azienda agricola biologica,,327 878 0888,"via amusa, 4",Bagaladi,,,,,,,,,,,
Dorelan Reggio Calabria,Negozio di materassi,https://www.dorelan.it/it/punti-vendita/dorelan-reggio-calabria,350 523 8630,"Via San Pietro, 14",Reggio di Calabria,,,https,Shopify,Sì,"Amazon.com, Inc.",,,,Sì,No
Colavolpe,Negozio di artigianato tipico,http://www.colavolpe.com,0982 47017,"Piazzale Nicola Colavolpe, 3",Belmonte Calabro,,shop@colavolpe.com,https,React,No,Aruba S.p.A. Network,,,,Sì,No
Sogni D'oro Samele,Negozio di materassi,,0968 438262,"Via Guglielmo Marconi, 331",Lamezia Terme,,,,,,,,,,,
Decorfood Cafè,Pasticceria,,349 153 5457,via Piazzale stazione,Belmonte Calabro,,,,,,,,,,,
La Sartoria del Materasso,Negozio di materassi,http://lasartoriadelmaterasso.it,366 132 6998,"Viale delle Medaglie D'Oro, 40",Catania,,,https,Shopify,No,"Cloudflare, Inc.",,,,Sì,No
Materassi Silvestro,Negozio di materassi,http://www.materassisilvestro.com,095 749 4271,"Via Morandi, 15",Fiumefreddo Sicilia,,info@materassisilvestro.com,https,WordPress,No,Aruba S.p.A. Network,,,,Sì,No
A13 Alba Sud Italia / materassi ortopedici / materassi / cuscini per cervicale / Salute e benessere,Negozio di materassi,,368 394 2626,Via Lauro,Scalea,,,,,,,,,,,
Si Dormire by Nudian srl - Divani e Letti Contenitore,Negozio di letti,https://www.sidormire.it,344 184 4577,"ss 114, 1° Piano Centro Commerciale Tremestieri, km 6.200",Tremestieri,,info@sidormire.it,https,WordPress,Sì,Aruba S.p.A. Network,,,,Sì,No
Soccorsostradale Soccorso Stradale Sostituzione Batterie H24 Carrozzeria Autofficina Gommista,Meccanico e assistenza automobili,http://www.sosfiorillo.it,349 323 1206,"Via Giuseppe Fiorillo, 4",Belvedere Marittimo,,,https,WordPress,No,"Cloudflare, Inc.",,,,Sì,No
Cosentino carni srl,Grossista di carni,http://gcs.altervista.org,0985 778960,SP13,Aieta,,info@demolink.org,http,WordPress,No,Hetzner Online GmbH,,,,Sì,No
Tutto Casa,Casalinghi,,0985 82270,Via Antonio Pepe,Belvedere Marittimo,,,,,,,,,,,
Fidarredo Srl - Tende da sole SELECTION,Fabbricazione e vendita tende,http://www.fidarredo.it,0985 84278,Contrada Campominore - Zona Industriale Località La Chiana,Belvedere Marittimo,,info@fidarredo.it,https,WordPress,No,Keliweb S.R.L,,,,Sì,No
Europerizie Cetraro S.R.L.,Agenzia di assicurazioni,,0985 804841,Via Giuseppe Fiorillo,Belvedere Marittimo,,,,,,,,,,,
RIZZO FRANTOIO OLEARIO,Oleificio,,333 129 7597,C.DA MALAFARINA,Belvedere Marittimo,,,,,,,,,,,
Spatera & Belmonte,Officina autoriparazioni,,0985 84028,"Via Giuseppe Fiorillo, 118",Belvedere Marittimo,,,,,,,,,,,
Maulicino Srls,Finestra di alluminio,,0985 802283,"Viale della Repubblica, Contrada Vetticello, Snc",Belvedere Marittimo,,,,,,,,,,,
Caifel S.R.L.,Ufficio aziendale,http://caifel.it,0985 82214,"Via Giuseppe Fiorillo, 31",Belvedere Marittimo,,info@caifel.it,http,WordPress,No,Aruba S.p.A.,,,,Sì,No
Liporace S.r.l.,Carrozzeria,,0985 88493,"Contrada Castromurro, 200",Belvedere Marittimo,,,,,,,,,,,
Carrozzeria Borrelli Luigi snc di Borrelli Francesco,Carrozzeria,,339 339 5564,"Corso Europa, 4",Belvedere Marittimo,,,,,,,,,,,
Farmacia Bossio,Farmacia,,0983 92023,Piazza del Popolo,Bocchigliero,,,,,,,,,,,
B.F.C. Materassi,Negozio di materassi,,339 488 1475,"Via Fucini, 40",Cirò Marina,,,,,,,,,,,
Martinoro - Frantoio oleario a freddo,Oleificio,,339 0151 6752,Contrada Barretta,Belvedere di Spinello,,,,,,,,,,,
INmaterassi,Negozio di materassi,https://www.inmaterassi.it/it,0828 212632,"Via Belvedere, 44",Battipaglia,,info@inmaterassi.it,https,PrestaShop,Sì,Keliweb S.R.L,,,,Sì,No
Idea Legno,Negozio di vendita di legname da costruzione,,0985 84862,"Via Valle, Belvedere Marittimo, CS 87021",Belvedere Marittimo,,,,,,,,,,,
Filadel S. R. L.,Produzione e lavorazione materie plastiche,http://www.filadel.it,0985 84682,"Località Campominore, La Chiana snc, 87021",Belvedere Marittimo,,,,Joomla,Non trovato,Aruba S.p.A.,,,,,No
Amarelli Fabbrica di Liquirizia,Negozio di dolciumi,http://www.amarelli.it,0983 511219,Contrada Amarelli,Rossano Stazione,,amarelli@amarelli.it,https,React,No,"DigitalOcean, LLC",,,,Sì,No
Favela'S Photo Di Antonio Gallo,Fotografo,,377 488 4480,"Via Roma, 79",Bocchigliero,,,,,,,,,,,
Amato Materassi,Negozio di materassi,,334 771 1696,"Via S. Marco, 13",Marina di Ascea,,,,,,,,,,,
Polytex srlu,Fabbricazione e vendita tende,http://www.polytexsrl.it,0984 654310,C.da Succiommo,Bisignano,,,https,Basekit,No,Aruba S.p.A.,,,,Sì,No
Mobilificio Ferraro Industria Mobili Componibili S.R.L.,Negozio di mobili,http://www.mobilificioferraro.it,0984 949192,"Via Noce Cara, Contrada Forestella",Bisignano,,informazioni@mobilificioferraro.it,https,WordPress,Sì,Aruba S.p.A.,,,,Sì,No
Fabbrica Tessile Vincenzo Bossio,Fabbrica di tessile,http://www.fabbricatessilebossio.it,0983 44246,"Via Pietro Mancini, 3",Marina di Calopezzati,,info@fabbricatessilebossio.it,http,Joomla,Sì,Aruba S.p.A. Network,,,,Sì,No
Arredo Home Bisignano,Negozio di mobili,http://www.arredohome.net,0984 306284,"Via Delle Querce, Snc",Bisignano,,,https,React,No,OVH SAS,,,,Sì,No
Azienda Agricola Scrivano Vincenzo S.A.S. di Scrivano V. & C.,Azienda agricola biologica,https://aziendascrivanovincenzo.company.site,0984 659898,"Contrada Succiommo, 43",Bisignano,,aziendascrivano@gmail.com,https,Ecwid,No,"Amazon.com, Inc.",,,,Sì,No
Oleificio F.lli Portaro S.R.L.,Oleificio,https://gruppoportaro.it,0962 52176,"Via Buozzi, 37",Belvedere di Spinello,,,,WordPress,Non trovato,Servereasy Srl,,,,,No
ennepieffe,Negozio di materassi,http://www.ennepieffe.it,0961 968281,Via Assisi,Sellia Marina,,info@ennepieffe.it,https,Shopify,Sì,Aruba S.p.A. Network,,,,Sì,No
Ceramica Scuro,Produttore di articoli in ceramica,http://www.ceramicascuro.it,0984 958004,Via Mastro D'Alfio,Bisignano,,,https,Wix,Sì,Google LLC,,,,Sì,No
Azienda Vitivinicola Tenuta Merico,Azienda vinicola,http://www.tenutamerico.it,333 719 0074,Via Azienda,Frassanito,,info@website.com,https,Joomla,No,Keliweb S.R.L,,,,Sì,No
Corredi Due Emme di Mazza Maurizio,Negozio di biancheria,,0961 967590,"Via Piave, 69",Botricello,,,,,,,,,,,
P.R. Design S.r.l.,Grossista di materiali da costruzione,http://www.russocasa.it,0961 967242,"Via Nazionale, 25",Botricello,,info@russocasa.it,https,React,Sì,Serverplan s.r.l.,,,,Sì,No
Brescia Gavino,Legna da ardere e pellet,,0961 967193,Via per Botricello Superiore,Botricello,,,,,,,,,,,
In Casa Arredamenti,Negozio di mobili,http://www.incasaarredamenti.it,0961 967110,"Via Nazionale, 561",Botricello,,info@incasaarredamenti.it,https,PrestaShop,No,Serverplan s.r.l.,,,,Sì,No
Macelleria Vitello D'Oro di Greco Antonio,Macelleria,,0961 967494,"Vico Nazionale, 225",Botricello,,,,,,,,,,,
Parafarmacia Di Porco Patrizia,Negozio di prodotti di bellezza e per il benessere,,0961 355913,"Vico Nazionale, 307",Botricello,,,,,,,,,,,
SC performance,Negozio di ricambi per motociclette,http://www.scperformance.it,329 304 1068,"Via Nazionale, 466",Botricello,,info@scperformance.it,https,React,Sì,Serverplan s.r.l.,,,,Sì,No
ROCCA S.N.C. DI ROCCA RAFFAELEE FIGLI Fiat,Meccanico e assistenza automobili,,+800 3428 0000,"Via Nazionale, 428",Botricello,,,,,,,,,,,
"Papà Mesiti Bistrot La Fabbrica Pane, Pizza, Dolci e Caffè",Pasticceria,,0964 670577,"Via degli Oleandri, 3",Bovalino,,,,,,,,,,,
Centergross,Negozio di articoli da cucina,,0964 931246,"Strada St. 106, Bovalino, RC 89034",Bovalino,,,,,,,,,,,
Corapi Maria Grazia Frantoio e Azienda Agricola,Oleificio,,0961 952189,Via Paolo VI,Borgia,,,,,,,,,,,
La Cart S.A.S. Di Pelle Bruno,Cartoleria,,0964 66915,"Via XXIV Maggio, 139",Bovalino,,,,,,,,,,,
Ruffo Tommaso,Profumeria,,0964 236612,"Corso Umberto I, 137",Bovalino,,,,,,,,,,,
Parafarmacia Farmastore SAS,Parafarmacia e drogheria,,0964 389205,"Via Aldo Moro, 2",Bovalino,,,,,,,,,,,
Style Arredamenti di Patrizia Nastasi,Negozio di mobili,,331 830 0519,S.da Statale 106 Jonica,Bovalino,,,,,,,,,,,
Azienda Agricola Frammartino,Alimentari,http://www.bergold.it,347 268 3477,Via Sandrechi,Bovalino,,,https,ASP.NET,No,Aruba S.p.A. Network,,,,Sì,No
Gioielleria Iemma di Nastasi Giuseppa e Figli SNC,Gioielleria,,0964 61548,"Via Giuseppe Garibaldi, 92A",Bovalino,,,,,,,,,,,
Fabbrica Lampadari FLAB LINE,Negozio di articoli per l'illuminazione,http://www.flablampadari.it,392 785 3597,Contrada Grotteria Mare,Grotteria,,,https,React,No,Google LLC,,,,Sì,No
Centro Revisioni Calabro N.S. Di Lourdes Di Maria Carmen Pelle E C.Sas,Meccanico e assistenza automobili,,0964 679713,"Via Oliveto, 6",Bovalino,,,,,,,,,,,
Il dormire,Negozio di materassi,http://ildormire.it,392 119 1388,Via Della Industria,Siderno,,,https,Shopify,No,"Cloudflare, Inc.",,,,Sì,No
Foderauto Jonica Pedullà,Tappezziere,http://www.fjp.it,0964 381977,"Via Bifera, 42",Siderno,,ordini@fjp.it,https,WordPress,Sì,Servereasy Srl,,,,Sì,No
Giuseppe Napoli,Società di networking aziendale,https://giuseppenapoli.network,380 478 7422,"Via Giuseppe Garibaldi, 168",Bovalino Marina,,,https,WordPress,No,"Namecheap, Inc.",,,,Sì,No
Copy Center di Pascale Angelo,Tipografia digitale,http://www.copycentershop.com,0964 66464,"Via XXIV Maggio, 16",Bovalino,,ecom-swiper@11.css,https,Shopify,No,"Cloudflare, Inc.",,,,Sì,No
Vincenzo Adduci,Fornitore di porte,,333 755 0051,Contrada Tarantino,Albidona,,,,,,,,,,,
Tipolitografia Foti Carmelo,Stamperia,,0965 761867,"Via Monte Pasubio, 13",Bova Marina,,,,,,,,,,,
Mitel Telefonia Cellulare,Negozio di elettronica,,0965 761671,"Corso Umberto I, 13",Bova Marina,,,,,,,,,,,
Bergamel - ingrosso e dettaglio prodotti a base di Bergamotto,Fornitore di prodotti alimentari,https://ilbergamotto.shop,347 223 9288,"Via Fondo Vivo, 1",Bova Marina,,info@ilbergamotto.shop,https,Shopify,No,Netsons Network,,,,Sì,No
Format Di Ciccione Caterina & C. SAS,Cartoleria,,0964 935134,"corso umberto, 70",Brancaleone,,,,,,,,,,,
Mediati Giuseppe,Officina autoriparazioni,,0964 934612,Via Zelante,Brancaleone,,,,,,,,,,,
Bergamotto - Azienda Agricola Ceravolo - Bergamotto Calabria / Vendita Bergamotto online,Azienda agricola biologica,,351 513 5269,Contrada Pantano Grande,Brancaleone,,,,,,,,,,,
AZIENDA AGRICOLA PATEA,Azienda agricola biologica,http://essenzabergamotto.com,0964 195 5245,Contrada Caldara,Brancaleone Marina,,,https,Joomla,No,Aruba S.p.A.,,,,Sì,No
Bianchi Materassi - Illuminazione e Benessere del Dormire dal 1948.,Negozio di materassi,https://bianchi-casa.it,010 740 3060,"Via Pasquale Pastorino, 152/R",Genova,,info@bianchi-casa.it,https,Shopify,Sì,Google LLC,,,,Sì,No
Bottega del Materasso,Negozio di materassi,http://www.bottegadelmaterasso.com,010 731 5111,"Via Renata Bianchi, 44",Genova,,info@bottegadelmaterasso.com,https,Angular,No,OVH ISP,,,,Sì,No
Autocarrozzeria Gommista Gaudioso,Carrozzeria,,349 337 9984,"Via Campo, Snc",Briatico,,,,,,,,,,,
Zoofarm Calabra Sas Di Vangeli Antonio,Casa farmaceutica,,0963 260078,Strada Statale 18,Vibo Valentia,,,,,,,,,,,
Fiorillo Detergenza,Produttore,https://www.fiorillodetergenza.com,0963 265550,Zona Industriale Aeroporto,Vibo Valentia,,,https,Squarespace,No,Sconosciuto,,,,Sì,No
Briatico Raffaele,Pelletteria,https://www.raffaelebriatico.com/%20%20%20https://www.profumeriabriatico.it,0963 534171,"a fianco Hotel Marinella, Via Riviera Prangi, snc",Pizzo,,,,WordPress,Non trovato,Serverplan s.r.l.,,,,No - Pagina Non Trovata (404),No
Autonoleggio & Noleggio con Conducente e di Landro Leone Briatico,Agenzia di noleggio auto,http://www.landroautomobili.it,0963 395874,Via Provinciale San Leo,Briatico,,landro.leone@libero.it,https,React,No,Hetzner Online GmbH,,,,Sì,No
Boncoddo Marmi Snc di Salvatore Boncoddo | UNICA SEDE,Ditta specializzata in marmi,https://www.boncoddomarmi.com,090 293 8000,"Via Antonio Bonsignore, 28",Messina,,,http,WordPress,No,Keliweb S.R.L,,,,Sì,No
Valenti Per Arredare Di Valenti Pasquale & C. Sas,Negozio di mobili,https://www.valentiperarredare.it,0964 731067,"Via XXIV Maggio, 38",Bivongi,,info@valentiperarredare.it,,React,Sì,Aruba S.p.A. Network,,,,Sì,No
Consorzio Agricolo Di Saia Amelia,Negozio di articoli per il giardinaggio,,0965 757842,"Via Zona Industriale, Traversa privata, 3",Campo Calabro,,,,,,,,,,,
Linea Cucine S.A.S. Di Furfari Giorgio,Negozio di mobili,,0965 797763,"Via Patera, 2",Campo Calabro,,,,,,,,,,,
Carnepiu',Negozio di prodotti alimentari per gourmet,,0965 757362,"Via Risorgimento, 71",Campo Calabro,,,,,,,,,,,
MI. RO srl,Azienda di confezionamento,,0965 302723,"Via Zona Industriale, 1 D",Campo Calabro,,,,,,,,,,,
Policom,Produttore di alimenti,http://www.policomsrl.it,0965 641607,"Via Zona Industriale, SNC",Campo Calabro,,commerciale@policomsrl.it,https,WordPress,No,Sconosciuto,,,,Sì,No
Trasformazione Agrumi Scarpelli Giuseppe srl,Lavorazione di frutta e verdura,,331 938 6952,"Via dei Monti, 69",Reggio di Calabria,,,,,,,,,,,
Develpack Srl,Azienda di confezionamento,,0965 304356,"Via Zona Industriale, 3",Campo Calabro,,,,,,,,,,,
mila distribuzione,Fornitore di prodotti alimentari,https://miladistribuzione.it,0965 181 6952,"Via Zona Industriale, 1D",Campo Calabro,,,https,WordPress,No,Hostinger International Limited,,,,Sì,No
Trony,Negozio di elettronica,,0965 757125,"via Giudice Nino Scopelliti, 2",Campo Calabro,,,,,,,,,,,
Detercart Lombardo S.r.l.,Negozio di prodotti di bellezza e per il benessere,https://www.splendidisplendenti.it,0965 415111,"Via Zona Industriale, 8/b",Campo Calabro,,,https,ASP.NET,Sì,Microsoft Corporation,,,,Sì,No
Fiasche' Mobili,Negozio di mobili,,0966 774068,"Via Nazionale Sud, 414",Rosarno,,,,,,,,,,,
Fabbrica Materassi Sleep Well s.r.l.,Negozio di materassi,http://www.sleepwellsrl.com,091 670 9737,"Viale Campania, 29g/h",Palermo,,sleep.wellsrl70@gmail.com,https,React,No,Aruba S.p.A. Network,,,,Sì,No
ARFÈ MATERASSI,Negozio di materassi,http://www.arfematerassi.it,331 736 5871,"Via Vincenzo Gemito, 39",Napoli,,tua-email@esempio.com,https,Shopify,No,"Cloudflare, Inc.",,,,Sì,No
Mariflex,Negozio di materassi,,348 198 7927,"Via Nazionale delle Puglie, 256",Napoli,,,,,,,,,,,
Scalzo Arredamenti Snc,Negozio di mobili,,0968 82848,"Via XX Settembre, 3",Carlopoli,,,,,,,,,,,
Conforama Riposto,Negozio di mobili,https://www.conforama.it,095 778 0111,"Strada N 18, 43",Riposto,,conforamawebshop@conforama.it,https,Magento,No,Sucuri,,,,Sì,No
Lacava Arredamenti,Negozio di mobili,http://lacavaarredamenti.it,388 187 0032,S.da 107 Silana Crotonese,Caccuri,,info@lacavaarredamenti.it,https,Shopify,Sì,Aruba S.p.A.,,,,Sì,No
Centro Mobili Di Durante Antonio E Carlo S.A.S.,Negozio di mobili,,0968 82724,Via Bellavista,Carlopoli,,,,,,,,,,,
Casa del Materasso dal 1955 - Napoletano Luigi,Negozio di materassi,https://www.allacasadelmaterasso.com,081 738 2813,"133ABC, Corso Secondigliano",Napoli,,,https,Wix,Sì,Google LLC,,,,Sì,No
Spaccio Carni di Cerminara Piera Costantina,Macelleria,,0968 82614,"Via Bellavista, 111",Carlopoli,,,,,,,,,,,
Alindar | Industria Arredamenti | Falegnameria e produzione artigianale di arredamento su misura,Produttore di mobili,https://www.alindarcucine.it,0968 751152,"ZI Piano delle Forche SP 162/2 Km 0, 2",Maida,,info@alindarcucine.it,https,React,Sì,OVH SAS,,,,Sì,No
Vivere E Natura,Grossista di acqua minerale,,0968 82805,Via delle Ginestre III Trav,Carlopoli,,,,,,,,,,,
Chridesal,Negozio di materassi,,331 139 1250,"Via Cutro, 13",Crotone,,,,,,,,,,,
"Eraclesofà Italia Srl - Produzione Divani, poltrone e letti imbottiti",Negozio di divani,,0962 794167,"Contrada Sovereto, snc",Isola di Capo Rizzuto,,,,,,,,,,,
Bifulco Materassi,Negozio di materassi,https://www.materassibifulco.it,388 957 3589,"Viale delle Industrie, 30",Casavatore,,info@test.materassibifulco.it,,React,No,Telemanapoli S.R.L.,,,,Sì,No
Cristal House Arredamenti,Negozio di mobili,https://lacristalhouse.com,090 979 5484,"Via Papa Giovanni XXIII, 100",Barcellona Pozzo di Gotto,,lacristalhouse@gmail.com,https,WordPress,Sì,Server Plan S.r.l.,,,,Sì,No
GIOVANNI FALCONE ARREDAMENTI,Negozio di mobili,,0984 306484,"Via Enrico Berlinguer, 5",Celico,,,,,,,,,,,
Fiore Salvatore,Azienda vinicola,http://www.vinifiore.it,0984 432167,"Contrada Schiavonea, 11A",Casali del Manco,,,http,WordPress,No,Aruba S.p.A. Network,,,,Sì,No
D.M. Barone,Servizio di logistica,http://dmbarone.com,0984 186 5211,Via Giulia Palazzo SCEA,Cosenza,,,https,WordPress,No,Sconosciuto,,,,Sì,No
San Vincenzo - Salumi di Calabria,Produzione e vendita di scorte alimentari,http://www.sanvincenzosalumi.it,0984 4302,"Contrada Acquacoperta, 24",Spezzano Piccolo,,commerciale@sanvincenzosalumi.it,http,React,No,Aruba S.p.A. Network,,,,Sì,No
A.G.M. Arredamenti Srl,Produttore di mobili,https://www.agmarredamenti.com,0984 443843,Via Feudo,Castrolibero,,informazioni.agm@gmail.com,https,React,No,Google LLC,,,,Sì,No
Edil Fimer Srl,Negozio di materiale da pavimentazione,http://www.edilfimer.it,349 304 2152,"Galleria Piscopani, C.da Episcopani, 23",Cosenza,,edilfimer@gmail.com,https,WordPress,No,Aruba S.p.A. Network,,,,Sì,No
Macelleria Salumeria Gastronomia Turco,Macelleria-gastronomia,,0984 464268,"Via Orto Matera, 6",Castrolibero,,,,,,,,,,,
Pellegrino Automotive Centro Assistenza e Vendita,Concessionario auto,,0984 852630,"Contrada Motta, 35",Castrolibero,,,,,,,,,,,
Spazio Enel Partner Castrolibero,Azienda fornitrice di energia elettrica,https://www.ufficioenergia.it,0984 458517,"Viale della Resistenza, 12",Andreotta,,,https,Shopify,Sì,Aruba S.p.A.,,,,Sì,No
Non Solo Cioccolato di Mascaro Isabella,Pasticceria,https://www.nonsolocioccolato.it,0984 466034,Contrada Ortomatera 9,Castrolibero,,nonsolocioccolato2005@gmail.com,https,React,No,Aruba S.p.A.,,,,Sì,No
Zicarelli Profilsider S.r.l.,Distributore di acciaio,http://www.profilsider.com,0984 461303,Via Pirelli,Castrolibero,,,https,ASP.NET,No,Aruba S.p.A. Network,,,,Sì,No
C.f.c. Casa S.r.l.,Designer d'interni,,0984 454257,"Contrada Motta, 10",Castrolibero,,,,,,,,,,,
Materassi Magniflex Crotone,Negozio di materassi,,0962 22752,"Corso Messina, 82",Crotone,,,,,,,,,,,
Centro Permaflex - Crotone,Negozio di materassi,http://www.centropermaflexcalabria.it,0962 197 1472,"località, Rotonda Loc Passovecchio",Crotone,,,https,Angular,No,OVH ISP,,,,Sì,No
Salumificio Caputo,Macelleria,,0962 191 6416,"Contrada Galici, 7",Casabona,,,,,,,,,,,
A.S.L.9-Guardia Medica,Servizi medici locali,,0964 861008,"Contrada Meschina, Caulonia, RC 89041",Caulonia,,,,,,,,,,,
Salumificio Santa Barbara,Macelleria,http://www.salumificiocasabona.it,0962 82817,"Via Luparella, n°10",Casabona,,info@salumificiocasabona.it,http,Joomla,Sì,IT.Gate S.p.A.,,,,Sì,No
Esse Mobili di Siciliano Leonardo,Negozio di mobili,http://www.essemobili.com,392 411 1748,"S.da Statale 106 Jonica, snc",Aguglia,,,https,Shopify,No,"Amazon.com, Inc.",,,,Sì,No
Andali - edilizia e arredamento,Negozio di ceramiche,http://www.andalisrl.it,0962 431436,"Via Nazionale, 7",Petilia Policastro,,info@andalbagni.it,https,WordPress,No,Aruba S.p.A.,,,,Sì,No
Il Salumiere Di Gallipoli Graziella,Negozio di prodotti alimentari per gourmet,,0981 76636,"Corso Giuseppe Garibaldi, 51",Cassano All’Ionio,,,,,,,,,,,
Gioielli Presta,Gioielliere,,0981 71149,"Via Luigi Praino, 15",Cassano All’Ionio,,,,,,,,,,,
Cartolibreria C.M.T. Di Vignale Ivan,Cartoleria,,0981 76443,"Via Luigi Praino, 3",Cassano All’Ionio,,,,,,,,,,,
Macelleria Serrago Di Serrago Salvatore,Macelleria,,328 671 4721,"Via Papa Giovanni Paolo II, 34",Cassano all'Ionio,,,,,,,,,,,
Varca Gioielli Di Varca Maria Concetta,Gioielliere,,0981 71626,"Corso Giuseppe Garibaldi, 50",Cassano All’Ionio,,,,,,,,,,,
Rango Bontà di Calabria,Negozio di dolciumi,https://www.rango.it,0981 237219,"Via Avv. Francesco Bruno, 33",Cassano All’Ionio,,info@rango.it,https,Duda,No,Aruba S.p.A.,,,,Sì,No
Parafarmacia Pharmalux,Parafarmacia e drogheria,,0981 178 0011,"Via Giovanni Amendola, 150",Cassano all'Ionio,,,,,,,,,,,
Prodotti Tipici Calabresi Le Fresie,Negozio di alimentari,http://www.lefresieconserve.it,333 624 5101,"Via Paolino Chidichimo, 10",Cassano All’Ionio,,info@lefresieconserve.it,https,Angular,Sì,Google LLC,,,,Sì,No
Sybaris Terra Mia Prodotti Tipici Locali,Negozio di prodotti alimentari per gourmet,http://www.sybaristerramia.com,329 543 7752,"Via Papa Giovanni Paolo II, 22",Cassano all'Ionio,,,http,React,No,SEEWEB s.r.l.,,,,Sì,No
Ft Italia srl,Lavorazione metalli,https://www.ftitaliasrl.com,0981 750894,Via Sibari Doria,I Tre Ponti,,amministrazione@ftitaliasrl.com,https,Shopify,Sì,Aruba S.p.A. Network,,,,Sì,No
Agri Center Giovazzini srl,Fornitore di trattori e macchine agricole,,0981 994621,"Contrada Piana Di Cerchiara, Cerchiara Di Calabria, CS 87070",Cerchiara di Calabria,,,,,,,,,,,
Antico forno Mauro,Fornaio,,333 839 0254,"Via Paolo Cappello, 79",Cerchiara di Calabria,,,,,,,,,,,
Gabro S.r.l.,Oleificio,http://www.gabro.it,0981 70339,"Lauropoli, Cassano allo Jonio CS IT, SP169",Fraz,,,https,Shopify,No,"Cloudflare, Inc.",,,,Sì,No
Azienda Agricola Ramundo,Azienda agricola biologica,http://www.agricolaramundo.it,338 460 6607,C.da Balzo di Cristo. 10,Cerchiara di Calabria,,info@agricolaramundo.it,https,WordPress,Sì,Serverplan s.r.l.,,,,Sì,No
Locanda della Quercia,Ristorante,,338 628 3088,Contrada Bifurto,Cerchiara di Calabria,,,,,,,,,,,
Dursi Arredo Design Arredamenti ed Infissi,Negozio di mobili,http://www.dursiarredodesign.it,320 848 8107,"Via Garoccia, 20",Francavilla Marittima,,info@dursiarredodesign.it,,WordPress,No,Aruba S.p.A,,,,Sì,No
La San Carlo Salotti,Rivenditori di mobili per la casa,https://sancarlosalotti.it,340 863 1404,"Via XX Settembre, 59",San Marco Argentano,,fabio.renzelli@icloud.com,https,Shopify,Sì,Netsons s.r.l.,,,,Sì,No
C4 Arredamenti,Negozio di mobili,https://www.c4arredamenti.it,0984 658313,"S.da 107 Silana Crotonese, 20",Cerenzia,,info@c4arredamenti.it,https,WordPress,No,Google LLC,,,,Sì,No
Liquirgam - Fabbrica di liquirizia di Calabria Dop biologica,Produzione e vendita di scorte alimentari,https://www.liquirgam.it,0983 854006,Contrada Torre Bruciata,Villaggio Frasso,,,,Shopify,No,Sharktech,,,,Sì,No
Divani & Co Lattarico a Cosenza e Rende,Negozio di divani,http://www.divanilattarico.com,0984 933431,"Via Vignicella, 14",Lattarico,,divaniecompany.lattarico@gmail.com,https,WordPress,No,"A2 Hosting, Inc.",,,,Sì,No
Mollo Nero di Calabria: braceria/salumeria/macelleria,Azienda di allevamento bestiame,http://www.mollonerodicalabria.it,392 285 9286,"S.S. 283, Galleria S. Lauro",Fagnano Castello,,info@mollonerodicalabria.it,https,React,Sì,IT.Gate S.p.A.,,,,Sì,No
Elettronica Santoro Di Vito Santoro,Negozio di elettronica,,349 407 4201,"Via M .Ceravolo, 65",Chiaravalle Centrale,,,,,,,,,,,
Materiali Edili Fratelli Gulli',Fornitore di materiali da costruzione,,0967 91997,"Contrada Pirivoglia, Chiaravalle Centrale, CZ 88064",Chiaravalle Centrale,,,,,,,,,,,
AGRISUD Di Donato Antonio,Negozio di articoli per il giardinaggio,,0967 991196,"S. Antonio, 25",Chiaravalle Centrale,,,,,,,,,,,
Macri Antonio,Negozio di alimentari,,0967 91681,"S. Antonio, 38",Chiaravalle Centrale,,,,,,,,,,,
G.M.MULTISERVICE S.R.L.,Agenzia di assicurazione moto,,329 339 7954,"Via Maccabei, 92",Chiaravalle Centrale,,,,,,,,,,,
C.i.l.a. Srl,Negozio di materassi,https://www.cilamaterassi.it,0731 207569,"Via Alessandro Ghislieri, 2",Jesi,,cilasrl@gmail.com,https,React,Sì,Aruba S.p.A,,,,Sì,No
Corrado Di Sisinni Maria Antonietta E C. S.A.S.,Tabaccheria,,0967 91446,"Via Maccabei, 57",Chiaravalle Centrale,,,,,,,,,,,
Officina Meccanica Vono Domenico,Meccanico e assistenza automobili,,320 566 6410,"Via Parisi, 4",Chiaravalle Centrale,,,,,,,,,,,
Laboratorio analisi Ippocrate - Armogida Dr. Giuseppe,Laboratorio chimico,http://www.ippocratelab.it,0967 631075,"Corso Gregorio Staglianò, 333",Chiaravalle Centrale,,info@ippocratelab.it,http,WordPress,No,Aruba S.p.A,,,,Sì,No
Fabbrica Materassi Corrado,Negozio di materassi,http://www.corrado.it,02 9039 0316,"Viale Europa, 41",Cusago,,consulenze@corradomaterassi.it,https,WordPress,Sì,Server Plan S.r.l.,,,,Sì,No
Maf Car Srl,Negozio di ricambi per auto,,0984 963410,"Contrada Coraci, Colosimi, CS 87050",Colosimi,,,,,,,,,,,
Panificio Bubbo Brunella srl,Fornaio,http://www.bubbobakery.it,0961 939477,"Via Antonio Gramsci Travesa I, 38",Cerva,,panificiobrunellabubbo@hotmail.it,https,React,Sì,Keliweb S.R.L,,,,Sì,No
Domino S.r.l.,Azienda informatica,http://www.dominosoluzioni.it,0984 963073,"Via Salita Chiesa, 3",Colosimi,,info@dominosoluzioni.it,http,React,No,Passepartout s.a.,,,,Sì,No
COSMARREDI SNC,Negozio di mobili,,0966 653233,"Via Nazionale, 182",Cittanova,,,,,,,,,,,
Carni & salumi Galluccio di Galluccio Antonino & Co,Macelleria-gastronomia,,0966 660798,"Viale Merano, 8",Cittanova,,,,,,,,,,,
Divanità,Negozio di divani,,0966 930204,"Via Antonio Gramsci, 15",Melicucco,,,,,,,,,,,
Legnarte Mobili | Produzione Artigianale - Mobili di ogni stile,Produttore di mobili,https://www.legnartemobili.com,335 486 478,"Contrada Ragonese, 8",Taurianova,,newlegnartesrl@libero.it,https,React,Sì,OVH SAS,,,,Sì,No
Interni D'Autore di Nasso Maria arredamento,Negozio di mobili,http://www.nassogioielli.it,0966 654078,"Via Girolamo Scionti, 39",Cittanova,,,https,Joomla,Sì,Aruba S.p.A. Network,,,,Sì,No
Colazzo Salvatore,Negozio di materassi,,0983 878565,"Viale Riccione, 13",Marina Schiavonea,,,,,,,,,,,
Fedel Materassi - Letti e Materassi Italiani,Negozio di materassi,http://www.fedelmaterassi.it,345 838 0724,"Via Nazionale, 133",Rossano,,info@fedelmaterassi.it,https,WordPress,Sì,Serverplan s.r.l.,,,,Sì,No
Arga Medicali Srl,Rivenditore di attrezzature mediche,,0961 954796,"Localita' Profeta, Caraffa Di Catanzaro, CZ 88050",Caraffa di Catanzaro,,,,,,,,,,,
Ellesse Edilizia di Loprevite Srl,Fornitore di materiali da costruzione,https://www.ellesseedilizia.it,0966 640238,ctr. Vutamo,Cittanova,,ellesse_edilizia@tiscali.it,https,Shopify,Sì,OVH SAS,,,,Sì,No
Azienda Sanitaria Provinciale Di Catanzaro,Servizi medici locali,,0961 953193,"Via dei Mille, 1",Caraffa di Catanzaro,,,,,,,,,,,
Ruberto Mario,Macelleria,,0962 44856,"Via XXV Aprile, 23",Cotronei,,,,,,,,,,,
Oleificio Santa Venere dei F.lli Vaccaro,Oleificio,,0962 492093,Via Santa Venere,Cotronei,,,,,,,,,,,
Dorelan Rossano,Negozio di materassi,https://www.dorelan.it/pages/dorelan-rossano,0983 536850,Via Galileo Ferraris,Rossano Stazione,,,https,Shopify,Sì,"Amazon.com, Inc.",,,,Sì,No
Pulvirenti Home Living,Negozio di materassi,https://pulvirentihome.it,0962 030588,"Via Giovanni Paolo II, 42",Crotone,,info@pulvirentihome.it,https,WordPress,No,UK Dedicated Servers Limited,,,,Sì,No
Fa.Ri. Costruzioni Generali S.A.S. Di Rizzo Geom. Antonio & C.,Impresa di costruzioni,,0962 492937,"Via Laghi Silani, 205",Cotronei,,,,,,,,,,,
Lombardo Automotive Srl Produzione e Vendita limousine e Autofunebri,Fabbrica di automobili,http://www.lombardoautomotive.it,0961 368774,Contrada Difesa Zona Industriale,Caraffa di Catanzaro,,info@lombardoautomotive.it,https,React,No,Aruba S.p.A.,,,,Sì,No
Olio Sud Snc Di Grassi Adolfo E Figli,Oleificio,https://grassifood.it,0962 44777,Via Santa Venere,Cotronei,,,https,WordPress,No,Google LLC,,,,Sì,Sì
Edilcereali dei f.lli Canobbio s.n.c.,Fornitore di attrezzature per l'edilizia,,0962 935656,"Via Circonvallazione, Loc. Giardino",Cotronei,,,,,,,,,,,
Baffa Costruzioni Di Baffa Lodo E Figli S.r.l.,Appaltatore,https://www.baffacostruzioni.com,0962 44620,"Snc, Cnt Polveracchio",Cotronei,,,https,Wix,No,Google LLC,,,,Sì,No
Scopelliti 1887,Negozio di articoli da regalo,https://www.scopelliti.it,0965 24154,"Via Fata Morgana, 52",Reggio Calabria,,listanozze@scopelliti.it,https,WordPress,Sì,Host SpA,,,,Sì,No
"Greco Mobili - Isola Capo Rizzuto - Crotone - Arredamenti Mobili - Cucine, Salotti, Materassi",Negozio di mobili,http://grecomobili.com,0962 791109,"Strada Statale 106 Jonica, Località Ventarola",Isola di Capo Rizzuto,,info@grecomobili.com,https,WordPress,No,Aruba S.p.A.,,,,Sì,No
Le Carni di Berlingò Tommaso,Macelleria,,0961 961400,"Viale Antonio Gramsci, 48",Cropani Marina,,,,,,,,,,,
Baby Center Mazza Di Mazza Luigi,Negozio di abbigliamento per bambini,,0961 961232,"Viale Antonio Gramsci, 1",Cropani Marina,,,,,,,,,,,
Oleificio Lepera,Oleificio,https://www.oleificiolepera.it,0961 965296,"Contrada Erto Grande, Cropani, CZ 88051",Cropani,,info@industriaolearialepera.it,https,WordPress,Sì,Aruba S.p.A.,,,,Sì,No
Casa Ligarò,Azienda agricola biologica,http://www.casaligaro.it,0961 961171,S.da Statale 106 Jonica,Cropani Marina,,,https,WordPress,No,Google LLC,,,,Sì,No
FUNARO S.A.S. di Funaro Pietro & C.,Cartoleria,https://www.funarosas.it,0961 961826,"Viale Antonio Gramsci, 62",Cropani Marina,,info@funarosas.it,https,ASP.NET,Sì,Aruba S.p.A.,,,,Sì,No
Aiello Bio,Produttore di alimenti,http://www.aiellobio.it,0961 960990,"zona P, I.P",Cropani Marina,,info@aiellobio.it,https,Joomla,Sì,Aruba S.p.A. Network,,,,Sì,No
Foderaro Vittoria,Officina autoriparazioni,,0968 76263,"Via Città di Erba, 22",Cortale,,,,,,,,,,,
Chef Cucine & Design Srl,Negozio di mobili per cucina,http://www.chefcucine.com,0968 789803,Zona Industriale Località Callipo 88022,Acconia,,info@chefcucine.com,https,WordPress,Sì,Netsons Network,,,,Sì,No
Lorenzano Elettrodomestici e Casalinghi,Negozio di elettrodomestici,,0962 774305,"Via Marco Polo, 39",Cutro,,,,,,,,,,,
AF Figliucci Arredamenti,Negozio di mobili,https://www.figliucciarredamenti.it,338 150 9866,C.da Laganello 88022,Curinga,,,https,WordPress,No,OVH SAS,,,,Sì,No
Edi.san Gallo S.r.l.,Fornitore di attrezzature per l'edilizia,,334 971 3276,"Via XX Settembre, 105",Cutro,,,,,,,,,,,
Azienda Sanitaria Provinciale Di Crotone,Dipartimento della sanità pubblica,,0962 771211,"Viale Giovanni XXIII, 55",Cutro,,,,,,,,,,,
Cereali Sarcone | Concimi - Mangimi - Legumi - Pellet,Negozio di prodotti agricoli,http://www.cerealisarcone.it,0962 771010,"Via Tumara, 6, Via P. la Torre, 1",Cutro,,info@cerealisarcone.it,https,React,Sì,Keliweb S.R.L,,,,Sì,No
Unioncal S.R.L.,Fornitore di materiali da costruzione,,0962 781120,Via Silana,Cutro,,,,,,,,,,,
Elettrocar Service Di Vescio Tonino,Servizio componenti elettrici per auto,,0968 61504,"Via Piano Delle Rose, 64",Decollatura,,,,,,,,,,,
Scutellà - Antica Pasticceria Artigianale dal 1930,Pasticceria,https://www.scutella.it,0966 963280,"Via Roma, 19",Delianuova,,,https,WordPress,No,Google LLC,,,,Sì,No
azienda agricola Terra di Calabria,Produttore di macchine agricole,,320 795 0361,Via Trieste,Delianuova,,,,,,,,,,,
ARTI GRAFICHE CARDAMONE S.r.l.,Tipografia digitale,,0968 61495,"Via Sorbello, 56",Decollatura,,,,,,,,,,,
Panificio D'Urzo Ivan,Fornaio,,335 721 6223,"Via Risorgimento, 104",Decollatura,,,,,,,,,,,
Autoreventina snc di Gigliotti Pietro,Carrozzeria,,0968 63238,Via Piano Cappuccio,Catanzaro,,,,,,,,,,,
Romano' Nicola Ingrosso Alimentari - Bevande - Detersivi,Magazzino all'ingrosso,,0963 353333,"Via Calvario, 1, Via Calvario, 25",Dasà,,,,,,,,,,,
Centro Materassi - Donato - Dorsal,Negozio di materassi,,327 683 8401,"SP17, 22",Mesiano,,,,,,,,,,,
ALLASIA PLANT MAGNA GRECIA - PRODUZIONE PIANTE FORESTALI E PIOPPI IMBOSCHIMENTI,Vivaio,http://www.allasiaplantmg.it,338 634 5451,Localita,Santa Margherita,,,,ASP.NET,No,"Cloudflare, Inc.",,,,Sì,No
Naso Maria Rosa,Negozio di materiali da costruzione,,0963 545697,"Strada Provinciale, Drapia, VV 89862",Caria,,,,,,,,,,,
Di Domenico Fabbrica d'arredo&riposo,Negozio di materassi,,0863 30268,"Via Uruguay, 7",Avezzano,,,,,,,,,,,
Centro Permaflex Cariati,Negozio di materassi,https://www.centropermaflexcalabria.it,0983 91085,"S.da Statale 106 Jonica, 16",Cariati,,,https,Angular,No,OVH ISP,,,,Sì,No
Legno Parquet,Ditta specializzata in pavimentazioni,http://www.legnoparquet.com,0963 365567,"Via Gromularo, 1",Rombiolo,,user@domain.com,,Joomla,Sì,Aruba S.p.A,,,,Sì,No
Mobili Barbalace Tommaso,Negozio di mobili,,0963 542091,"Via Regina Elena, 49",Limbadi,,,,,,,,,,,
Costa Caria Societa' Cooperativa Agricola,Servizio agricolo,,347 677 2775,"Contrada Fonte Petti, Snc",Drapia,,,,,,,,,,,
Oleificio Terrafiore,Oleificio,,328 848 7958,Via Puccini,Feroleto della Chiesa,,,,,,,,,,,
Casamica Arredamenti,Negozio di mobili,,342 705 0318,"Viale Europa, 36",Martelli,,,,,,,,,,,
Caseificio Pisera’,Negozio di alimentari,,339 399 4275,"Via Pesce snc, Arzona di",Filandari,,,,,,,,,,,
Malito Arcangelo,Alimentari,,0982 71665,"Via Scalo, Fiumefreddo Bruzio, CS 87030",Scalo Ferroviario,,,,,,,,,,,
Cosentino Di Cosentino Antonio,Servizio di traino,,0982 91131,"Contrada, Via Santa Maria di Mare",Cetraro,,,,,,,,,,,
Perri Silvio Tp Mobili,Negozio di mobili,,0982 971546,"Via Carlo Pancaro, 10",Cetraro,,,,,,,,,,,
Pasticceria Guaglianone - Bar90,Pasticceria,,0982 999560,"Corso S. Benedetto, 244",Cetraro,,,,,,,,,,,
M.E.A. Sud S.A.S.,Ferramenta,,0982 970503,"VIA NAZIONALE SS18, N 43",Cetraro,,,,,,,,,,,
Studio Legale Associato Di Pace Mario E Bellomusto Maria,Avvocato,,0982 92023,"Via Libertà, 5",Cetraro Marina,,,,,,,,,,,
Mondello centro revisioni elettrauto e meccanico,Officina autoriparazioni,,0982 91171,SS 18 Tirrena Inferiore,Cetraro Marina,,,,,,,,,,,
Ludo Plast Di De Macceis Daniele & C. Sas,Produzione e lavorazione materie plastiche,,0982 971594,"SS 18 Tirrena Inferiore, 10",Cetraro Marina,,,,,,,,,,,
Cosentino Giorgia,Negozio di ricambi per auto,,0982 91120,"Via Marinella, 49",Cetraro Marina,,,,,,,,,,,
Panificio S. Benedetto Di Massimo Guaglianone,Fornaio,https://fornosanbenedetto.wixsite.com/guaglianone,0982 970139,"Corso S. Benedetto, 140",Cetraro,,8eb368c655b84e029ed79ad7a5c1718e@sentry.wixpress.com,https,React,No,Google LLC,,,,Sì,No
AssiPoint Multiservice Cetraro,Compagnia assicurativa,https://www.assipointservice.it,333 464 8694,"Piazza Gino Iannelli, 19",Cetraro,,info@company.com,https,WordPress,No,Aruba S.p.A.,,,,Sì,No
Materassi MG Cucinotta,Negozio di bricolage,,393 543 4202,"Via Polveriera, 45",Messina,,,,,,,,,,,
Rinascenza Fiorentina Fabbrica di Lampadari,Negozio di articoli per l'illuminazione,,090 943 1317,Via Rosario Livatino,Messina,,,,,,,,,,,
Palazzo del Mobile Limardo,Negozio di mobili,,0963 338121,"Via Aldo Moro, 47",Mileto,,,,,,,,,,,
Lombardi - Materassi Letti e Tende,Negozio,https://storelombardi.it,081 579 8590,"Via Ugo Palermo, 1",Napoli,,info@lombardimaterassi.it,https,WordPress,No,OVH SAS,,,,Sì,No
"'Nduja San Donato, Spilinga",Produttore,http://www.ndujasandonato.it,0963 546289,Località Lariati,Spilinga,,,https,Joomla,Sì,Aruba S.p.A,,,,Sì,No
Fabbridea By Palermo Ferro Battuto,Lavorazione dei metalli,https://fabbridea.com,0968 722809,"Contrada Campo, Snc",Francavilla Angitola,,info@fabbridea.com,https,WordPress,Sì,Hetzner Online GmbH,,,,Sì,No
Arredamenti Loiacono,Negozio di mobili,http://www.arredamentiloiacono.it,0963 665187,"Via Garibaldi, 23",Ricadi,,info@arredamentiloiacono.it,https,Joomla,No,Keliweb S.R.L,,,,Sì,No
Dolciaria Monardo | Il lato dolce della vita,Fabbrica di cioccolato,http://www.dolciariamonardo.com,0963 352920,Località Carromonaco,Soriano Calabro,,info@dolciariamonardo.com,https,React,Sì,OVH SAS,,,,Sì,No
Colora S.r.l.,Negozio di articoli per la pittura,,0984 541905,"Contrada Gidora, 55",L.p.gidora,,,,,,,,,,,
Elettromarket F.Lli Altomare (S.N.C.),Negozio di elettrodomestici,,0984 549025,"3 VIA 087, Luzzi, CS 87040",Luzzi,,,,,,,,,,,
Calabria Gru S.n.c.,Concessionario di gru,,0984 543355,"Contrada Gidora, 55",Luzzi,,,,,,,,,,,
Luzzi (cs),Produttore,https://ctlitalia.net,0984 940899,Contrada Gidora,L.p.gidora,,info@ctlitalia.it,https,ASP.NET,No,Google LLC,,,,Sì,No
ADK SRL,Produttore di acciaio,,0984 543198,C/DA GIDORA,Luzzi,,,,,,,,,,,
GHIRO' SISTEMI PER IL DORMIRE,Negozio di materassi,,0961 060197,"Via Indipendenza, 32",Catanzaro,,,,,,,,,,,
Glorioso in Arte Tessile Srl,Negozio di biancheria,,349 138 1494,"Viale Crotone, ss106",Catanzaro,,,,,,,,,,,
Lavori Fluviali Srl,Impresa di costruzioni,http://www.lavorifluviali.it,0961 926429,"Via Camillo Benso Conte di Cavour, 43",Magisano,,info@lavorifluviali.it,http,ASP.NET,No,Aruba S.p.A. Network,,,,Sì,No
Sole Italia s.r.l. di Prezioso G. & C.,Azienda di confezionamento,,0968 51774,Contrada Quadrati,Lamezia Terme,,,,,,,,,,,
Metalsistem Calabria,Negozio di scaffalature,,388 183 1175,Contrada Serramonda,Maida,,,,,,,,,,,
La Scintilla S.A.S Di Anania Andrea & C.,Legna da ardere e pellet,,333 330 0830,"Contrada Vallini, Maida, CZ 88025",Maida,,,,,,,,,,,
Lucia Mobili - Arredamento su Misura - Vendita Mobili,Negozio di mobili,http://www.luciamobili.it,0968 754019,Contrada Frassà SP 162/1 Km 1,Maida,,nausicalucia@luciamobili.it,https,Joomla,Sì,OVH SAS,,,,Sì,No
Parfois,Negozio di accessori di moda,https://www.parfois.com/it/it/home,0968 754660,Località Comuni Condomini,Maida,,nome@esempio.com,https,Angular,No,"Cloudflare, Inc.",,,,Sì,No
Habitami Raffaele Showroom,Arredo bagno,http://www.habitami.com,0968 752310,"Località Comuni Condomini, snc",Maida,,,https,React,Sì,Genesys Informatica S.r.l,,,,Sì,No
Video NIVA F.lli VARRESE,Fotografo,,333 183 4156,"Via Pietrantonio Sgrò, 141",San Pietro a Maida,,,,,,,,,,,
Bluespirit Maida,Gioielleria,,0968 175 2053,Loc. Comuni Condomini,Maida,,,,,,,,,,,
Axil Cucina,Produttore di mobili,,379 246 6681,Zona Ind.le Papa Benedetto XVI comparto 2,Lamezia Terme,,,,,,,,,,,
Carpisa,Negozio di valigie,https://www.carpisa.it/it_it,0968 355306,"Localita' Comuni Condomini, 1",Maida,,vtex.render-server@8.166.1-hkignore.europe,https,React,Sì,"Amazon.com, Inc.",,,,Sì,No
Mobilificio Madera Saverio,Negozio di mobili,,0983 994295,Via Nazionale,Mandatoriccio,,,,,,,,,,,
DEVI srl,Ufficio aziendale,http://www.devisrl.com,0983 90845,"Via Nazionale, 124",Marina di Pietrapaola,,info@devisrl.com,https,Wix,No,Google LLC,,,,Sì,No
Impresa Agricola Tenute Pacelli,Azienda vinicola,http://www.tenutepacelli.it,338 478 3678,"Contrada Rose Snc, INSEGNA/BILLBOARD: PACELLI, SP123",Malvito,,info@tenutepacelli.it,https,React,Sì,Aruba S.p.A.,,,,Sì,No
FAMMISPAZIO,Servizi di trasporto,https://www.fammispazio.it,0984 526326,"Piazza Alfonso Splendore, 10",Fagnano Castello,,info@fammispazio.it,https,ASP.NET,Sì,Aruba S.p.A. Network,,,,Sì,No
Trotta Marmi Srl Di Trotta Giovanni Unipersonale,Ditta specializzata in marmi,,0984 525600,"Via S. Francesco di Paola, 42",Fagnano Castello,,,,,,,,,,,
Idrotermoelettrico,Ferramenta,http://www.idrotermoelettrico.it,0984 655502,"P.za Aldo Moro, 16",Fagnano Castello,,info@idrotermoelettrico.it,https,React,Sì,IT.Gate S.p.A.,,,,Sì,No
Igea Calabra (S.A.S.),Produzione e commercio surgelati,,0961 996492,"Contrada Zona Industriale, Marcellinara, CZ 88044",Marcellinara,,,,,,,,,,,
VISA SPORT - VI.SA. SRL,Produttore,http://www.visasport.it,800 926 491,"LOC.SERRAMONDA, ZONA INDUSTRIALE",Marcellinara,,info@visasport.it,https,React,No,Aruba S.p.A. Network,,,,Sì,No
Tuttocalabria S.r.l.,Produttore di alimenti,http://www.tuttocalabria.com,0961 996685,"Contrada Mandarano, 1",Marcellinara,,customer.tuttocalabria@gmail.com,https,WordPress,Sì,Google LLC,,,,Sì,No
Guardia Medica - Servizio di continuità assistenziale,Medico,,0968 99065,"Via G. Colosimo, 1",Martirano Lombardo,,,,,,,,,,,
Mobili Catalano,Designer d'interni,,0964 415162,"Str. Torre Vecchia, 20",Marina di Gioiosa Ionica,,,,,,,,,,,
Centro Materassi Il Quadrifoglio di Grupico,Negozio di materassi,,0964 190 1271,"Via Carlo Maria, 66",Marina di Gioiosa Ionica,,,,,,,,,,,
Magniflex Store di Crotone,Negozio di materassi,https://www.magniflex.com/italy,0962 911509,"Via Nicoletta Mario, 281",Crotone,,info@magniflex.com,https,React,No,Aruba S.p.A.,,,,Sì,No
Azienda Agricola Fazzolari,Oleificio,http://aziendafazzolari.it,334 214 7180,"Via Palermo, 7",Marina di Gioiosa Ionica,,info@aziendafazzolari.it,https,WordPress,No,Aruba S.p.A. Network,,,,Sì,No
Zenone Graziano,Alimentari,https://www.grazianozenone.it/wp-login.php,0964 411637,"Via Montezemolo, 85",Marina di Gioiosa Ionica,,,https,WordPress,No,Netsons Network,,,,Sì,No
La Francesina Di Belluzzi Umberto,Negozio di biancheria,,0964 732465,Strada Provinciale 9,Monasterace Marina,,,,,,,,,,,
Casa Chic Di Marisa Comito,Negozio di articoli da regalo,,0964 732647,Lambrosi-sottopassaggio,Monasterace Marina,,,,,,,,,,,
Centro Arredo Porte Origlia,Designer d'interni,https://www.centroarredoporteoriglia.it,0964 735727,"Contrada Campo Marzo, Snc",Monasterace,,,https,Angular,No,Google LLC,,,,Sì,No
Effemme Ortopedia - Sanitaria - Esame Baropodometrico - Carrozzine Disabili,Servizi ortesici e protesici,https://www.effemmeortopedia.com,0964 735959,Via Nazionale,Monasterace,,info@effemmeortopedia.it,http,React,No,Server Plan S.r.l.,,,,Sì,No
Sogni Tranquilli,Negozio di materassi,,0966 930990,"Via Antonio Gramsci, 6",Melicucco,,,,,,,,,,,
Marcapiuma - Natale Nardello & Figli Srl,Negozio di materassi,http://www.marcapiumamaterassi.it,0423 621674,"Via Montello, 7",Venegazzù di Volpago del Montello,,info@marcapiumamaterassi.it,https,PrestaShop,Sì,Hetzner Online GmbH,,,,Sì,No
Parafarmacia Di Greco Santino,Farmacia,,0984 637100,"Via della Solidarietà, 40",Mendicino,,,,,,,,,,,
Marcelliflex,Negozio di materassi,http://www.manifatturaitalianamaterassi.com,0776 814064,"Via dell'Industria, 13",Sora,,grafica@mimaterassi.com,https,Joomla,No,Aruba S.p.A. Network,,,,Sì,No
RE.MA. Fabbrica Materassi,Negozio di materassi,http://www.rema.market,0587 422916,"Via N. Casarosa, 29",Fornacette,,info@re-ma.eu,https,React,No,Aruba S.p.A. Network,,,,Sì,No
Motoforniture Di Mazzacuva Patrizia - Ricambi e Accessori Moto,Negozio di ricambi per motociclette,,0965 781182,"Via Roma, 30/32",Melito di Porto Salvo,,,,,,,,,,,
BUFFARDI,Negozio di materassi,,081 711 2341,"Via Roma, 517",Melito di Napoli,,,,,,,,,,,
A.M. Computer Di Zema Francesco,Negozio di computer,,0965 189 3960,"Via Andrea Costa, 8",Melito di Porto Salvo,,,,,,,,,,,
Pansera Mobili,Negozio di mobili,http://www.panseramobili.com,0965 781893,Statale 106 km. 30,Melito di Porto Salvo,,panseramobili@libero.it,https,WordPress,Sì,Aruba S.p.A. Network,,,,Sì,No
NaturextraLab,Consulente aziendale,https://www.naturextralab.it,353 349 6595,"Viale della Concordia, 79",Pasquali,,,https,WordPress,No,Aruba S.p.A.,,,,Sì,No
Linea Legno S.r.l,Negozio di mobili per cucina,,0965 781423,"Via Tenente Minicucci, 76",Melito di Porto Salvo,,,,,,,,,,,
Farmacia Galenica Medicamenta,Casa farmaceutica,,0965 883356,"Via Antonio Orlando, 83",Melito di Porto Salvo,,,,,,,,,,,
Azienda Vinicola Malaspina,Azienda vinicola,https://www.aziendavinicolamalaspina.com,392 440 0307,"Via Pallica, 67",Melito di Porto Salvo,,info@aziendavinicolamalaspina.com,https,WordPress,No,Aruba S.p.A.,,,,Sì,No
Laboratorio di ceramica Vico Condotti,Negozio di ceramiche,http://www.ceramichevicocondotti.it,346 313 3544,"Via Basso la Motta, 101",Mendicino,,,http,React,Sì,Aruba S.p.A. Network,,,,Sì,No
Crea Carmelo,Negozio,,0965 771134,"Via Pallica, 38",Melito di Porto Salvo,,,,,,,,,,,
I.n.a.s. CISL,Sindacato,,0965 771128,"Via Roma, 50",Melito di Porto Salvo,,,,,,,,,,,
Visalli Diego Cantina&Molini,Azienda vinicola,http://cantinavisalli.it,0965 781166,"Via Pallica, 50",Melito di Porto Salvo,,cantinavisalli@gmail.com,https,React,Sì,wix com inc,,,,Sì,No
Patamia s.r.l.,Negozio,http://patamia.org,331 480 8407,"Via Milano, 15",Melito di Porto Salvo,,patamiasrl@gmail.com,http,WordPress,No,Aruba S.p.A. Network,,,,Sì,No
Grazia Gioielli Fratelli Lipari & C. S.N.C.,Gioielliere,,0965 783793,"Via Filippo Turati, 86",Melito di Porto Salvo,,,,,,,,,,,
L'Auto Srl Di Molinaro Gianfranco Mario,Rivenditore di auto,,0984 630726,"Viale della Concordia, 29",Mendicino,,,,,,,,,,,
Ospedale Mesoraca,Ospedale pubblico,,0962 498111,Via Campizzi,Mesoraca,,,,,,,,,,,
Giuseppe Saporito Mobili,Negozio di mobili,,0962 48463,"Via Nazionale, 27",Mesoraca,,,,,,,,,,,
FRANTOIO OLEARIO MANFREDA,Oleificio,,388 792 7656,Contrada San Soste,Mesoraca,,,,,,,,,,,
Marrazzo Store,Arredo bagno,https://marrazzostore.it,0962 45731,"Via Picula, Snc",Mesoraca,,,https,PrestaShop,Sì,Google LLC,,,,Sì,No
Serravalle Domenico,Architetto,,0962 48816,"Via S. Teresa, 2",Mesoraca,,,,,,,,,,,
Grano Gioielleria,Gioielleria,https://www.granogioielleria.it,0962 489048,"Via Progresso, 1",Mesoraca,,granogioielleria@outlook.com,https,WordPress,No,Aruba S.p.A.,,,,Sì,No
Sharon Cuscini Di Luccisano Antonietta,Negozio di materassi,,0963 282247,"Via Nicola Lombardi, 60",Mileto,,,,,,,,,,,
Sirio Srl,Mattatoio,,0963 336103,"Contrada S. Elia, Mileto, VV 89852",Mileto,,,,,,,,,,,
Pasticceria Golose Tentazioni Di Raffaele Alessandro,Pasticceria,,0963 336087,"Via Conte Ruggero, 108",Mileto,,,,,,,,,,,
Fabbrica Occhiali,Negozio di occhiali da sole,http://fabbricaocchialisrl.it,0966 766557,"1a Zona Industriale ASI SG, 98",San Ferdinando,,,https,React,Sì,Netsons Network,,,,Sì,No
Enotre Olio Extravergine di Oliva,Azienda agricola biologica,http://www.enotre.it,327 853 1886,"Via Campizzi, 27",Mesoraca,,,,React,Sì,Aruba S.p.A,,,,Sì,No
Azienda Agricola Longo,Azienda agricola biologica,,347 624 1523,"Corso Regina Margherita, 45",Molochio,,,,,,,,,,,
Incal Srl,Servizio di recupero dati,http://www.incal.it,0966 625002,Via Circonvallazione,Molochio,,info@tedescoliquori.it,https,WordPress,No,Google LLC,,,,Sì,No
Officina Noleggio Gommista Revisioni Lacquaniti,Officina autoriparazioni,,328 410 6234,"Via Cesare Comerci, 6",Francica,,,,,,,,,,,
Bustine di Zucchero Cartagine,Produttore di alimentari,,388 187 3265,Contrada Pirgo,Grotteria,,,,,,,,,,,
Euro Reti Srl Di Commisso Vincenzo & C,Ditta specializzata in recinzioni,http://www.euroretisrl.com,0964 415553,"Via Grotteria Mare, snc",Grotteria Mare,,,https,PrestaShop,No,Aruba S.p.A.,,,,Sì,No
Fmc Fabbriche Musicali Calabresi Lucà Giuseppe A.,Negozio di strumenti musicali,http://www.fabbrichemusicalicalabresi.it,328 898 0618,"Via Grotteria Mare, sn",Grotteria,,,https,WordPress,No,SEEWEB s.r.l.,,,,Sì,No
D'Alia Samuele | Tappezzeria per auto - nautica - moto - poltrone,Tappezziere,,327 913 1799,"Via Molino, 1",Fuscaldo,,,,,,,,,,,
Un Dolce Sogno - Pasticceria - Cornetteria e Gelateria Artigianale,Pasticceria,,328 034 4893,Via Maggiore Alfonso Vaccari,Fuscaldo,,,,,,,,,,,
Logistica e Trasporti Fratelli Mammolenti,Traslocatore,https://www.mammolentitrasporti.it,327 969 4515,"Via E. Berlinguer, 37",Grotteria,,mammolentisrls@gmail.com,https,ASP.NET,Sì,OVH SAS,,,,Sì,No
Italbacolor,Fornitore di alluminio,https://italbacolor.it,0982 618025,Contrada Valle Santa Maria,Marina di Fuscaldo,,commerciale@italbacolor.it,https,WordPress,Sì,Keliweb S.R.L,,,,Sì,No
Calabria Liquori,Produzione distillati e liquori,https://calabrialiquori.com,393 170 1919,"C.da Folini, 11",Fuscaldo,,,http,WordPress,No,Servereasy Srl,,,,Sì,No
F.lli Cassano guidosimplex e Stem per la provincia di Cosenza,Officina autoriparazioni,https://www.fllicassano.com,379 278 6259,"Contrada Le, Contrada Linze, 10",Fuscaldo,,fratellicassano@gmail.com,https,React,No,Google LLC,,,,Sì,No
"Deminflex - Materassi, Reti e Biancheria",Negozio di materassi,,06 7263 2412,"Via Gasperina, 177",Roma,,,,,,,,,,,
Frantoio Braile Alfredo,Oleificio,,0981 32497,"Corso della Resistenza, 153",Frascineto,,,,,,,,,,,
Azienda Vitivinicola Casalnuovo Del Duca,Azienda vinicola,,329 179 4232,"Via Parapugna, 5",Frascineto,,,,,,,,,,,
Arco Spedizioni S.p.A.,Corriere,https://www.arcospedizioni.it,0981 32083,Contrada Brego s.n,Frascineto,,info@arcospedizioni.it,https,Shopify,No,Microsoft Corporation,,,,Sì,No
GRUPPO FAM MOBILI CASTROVILLARI,Produttore di mobili,http://www.mobilifam.com,0981 483095,"Viale del Lavoro, 39",Castrovillari,,centrocamerette@mobilifam.com,https,WordPress,Sì,Aruba S.p.A.,,,,Sì,No
Cantina Rizzo,Azienda vinicola,https://www.cantinarizzo.it,340 064 3254,Via Fontana Grande,Frascineto,,,https,WordPress,No,"Automattic, Inc",,,,Sì,No
Aligys s.r.l.,Agenzia di marketing,https://www.aligys.com,351 567 1980,"Via della Montagna, 42",Frascineto,,,https,WordPress,Sì,"Akamai Technologies, Inc.",,,,Sì,No
Camodeca Giuseppe,Azienda di autotrasporti,,0981 32404,"Largo Giacomo Matteotti, 6",Frascineto,,,,,,,,,,,
G. & F. Confezioni S.R.L.,Negozio di materassi,,089 865522,"loc. Zona Industriale, lotto 11",Giffoni Valle Piana,,,,,,,,,,,
Marmi Mittica,Ditta specializzata in marmi,,0964 356266,"Contrada Merici, 10",Gerace,,,,,,,,,,,
Azienda Agricola Marturano,Negozio di prodotti agricoli,https://marturanoolio.it,346 581 7221,Contrada Zarioti,Gerace,,,https,WordPress,No,Serverplan S.r.l.,,,,Sì,No
Barone G. R. Macrì,Agriturismo,http://www.baronemacri.it,335 128 3052,Contrada Modi,Gerace,,info@baronemacri.it,https,React,No,Servereasy Srl,,,,Sì,No
Liquorificio Pirozzi Srl,Produzione distillati e liquori,,0968 453537,"Via delle Palme, 51",Gizzeria,,,,,,,,,,,
Batal Sas,Serigrafia,,0968 51009,"Via del Mare, 157",Lamezia Terme,,,,,,,,,,,
Bernardi Gelateria Artigianale,Gelateria,,351 447 0666,"Via Cristoforo Colombo, 24",Gizzeria Lido,,,,,,,,,,,
U' Fhalignami dei F.lli Cefalà - Infissi | Arredamenti su Misura | Arte Sacra | Porte e Portoni,Falegnameria,https://www.ufhalignami.it,0968 436550,"Zona industriale Papa Benedetto XVI, comparto, numero 2",Lamezia Terme,,info@ufhalignami.it,http,WordPress,Sì,OVH SAS,,,,Sì,No
ZEUS INFISSI in PVC controtelai -cassonetti -avvolgibili,Fornitore di finestre,https://sites.google.com/view/zeusinfissi,380 475 3070,"Via Francesco Blaganò, 19",Lamezia Terme,,zeusinfissi@gmail.com,https,React,No,Google LLC,,,,Sì,No
GRUPPO VRV AUTO&SERVICE SRL ( CARROZZERIA- AUTOLAVAGGIO-AUTONOLEGGIO-CENTRO VETROCAR),Carrozzeria,,392 375 6084,"Via Fiumicello, 125",Grisolia,,,,,,,,,,,
Mavi Medical srl,Casa farmaceutica,http://mavimedical.it,0968 355792,"Via Matarazzo, 24",Lamezia Terme,,info@mavimedical.it,https,WordPress,Sì,One.com A/S,,,,Sì,No
PUNTO JOLLY MARIO SCANSIR,Negozio di abbigliamento,https://www.rcvideo.it/punto-jolly-mario-scansir-svuota-tutto,391 729 5661,Via Variante SS18 II Traversa,Grisolia,,,,Angular,Non trovato,Aruba S.p.A.,,,,No - Pagina Non Trovata (404),No
Pasticceria Il Golosone di Anna & DARIO,Pasticceria,,333 673 5189,"Corso Garibaldi, 43",Girifalco,,,,,,,,,,,
MGR Preziose Creazioni,Orafo,https://mgrpreziosecreazioni.it,0968 741035,"Via Antonio Migliaccio, 182",Girifalco,,,https,WordPress,No,Keliweb S.R.L,,,,Sì,No
La casa del Telefono di Carmelo Chillà,Negozio di telefoni cellulari,,0968 748917,"Viale Antonio Migliaccio, 109",Girifalco,,,,,,,,,,,
ASP Girifalco - Ambulatori,Servizi medici locali,,0968 741131,"Contrada Serra, Girifalco, CZ 88024",Casa di Cura Ex O.p.p.,,,,,,,,,,,
Calabria Acqua Minerale di Salvatore Vittorio Cristofaro C. S. A. S.,Acqua minerale e bevande naturali e gassate - produzione,http://www.acquacalabria.com,0968 749679,Via Montecovello,Girifalco,,,https,WordPress,No,Aruba S.p.A.,,,,Sì,No
Azienda agricola Giardilio,Azienda agricola biologica,,340 470 3164,"Via Nuova Rota, 38",Rota Greca,,,,,,,,,,,
Benvenuto Mobili,Produttore di mobili,https://www.benvenutomobili.it,0985 763807,"Largo Stazione, 3",Scalo Ferroviario,,,https,Joomla,No,Sconosciuto,,,,Sì,No
BigMat F.lli Crusco,Negozio di materiali da costruzione,https://fratellicrusco.bigmat.it,0985 801231,"Via Litoranea Tirrenica, 32",Grisolia,,crusco@bigmat.it,https,Joomla,Sì,Vodafone,,,,Sì,No
Dolci Pascoli Sas Di Barletta Giuseppe F.Llo,Fattoria di produzione di latticini,,348 912 1943,"Contrada Carbonara, 9",Morano Calabro,,,,,,,,,,,
L'Arca Di Schifino Fedele & C. Snc,Agenzia di assicurazioni,,0981 31335,"Via Nazionale, 57",Morano Calabro,,,,,,,,,,,
B&B Dintorni di Filomena De Franco - Camere dove dormire nel cuore del Parco del Pollino,Bed & Breakfast,http://www.bbdintorni.it,333 393 8433,"Via S. Biase, 178",Mormanno,,info@bbdintorni.it,https,WordPress,No,"A2 Hosting, Inc.",,,,Sì,No
La Casa del Materasso,Negozio di materassi,,328 321 2121,"Via C. Alvaro, 44",Praia a Mare,,,,,,,,,,,
Campolo Michelangelo & C. s.a.s.,Ferramenta,,0965 711136,"Via Abenavoli, n15",Motta San Giovanni,,,,,,,,,,,
Cal. Almonds S.R.L.,Negozio di frutta e verdura,,0965 712044,"4 Via Fucilari, Motta San Giovanni, RC 89065",Motta San Giovanni,,,,,,,,,,,
Coinas S.r.l.,Salumeria,http://www.salumificiocoinas.it,0981 81000,"Via Filippo Turati, 16",Mormanno,,,https,WordPress,Sì,Aruba S.p.A.,,,,Sì,No
Mangiasti - Sapori Genuini - Prodotti Tipici Calabresi CalabriaBox,Alimentari,,335 150 2213,"Via Benedetto Messana, snc",Motta San Giovanni,,,,,,,,,,,
"M.A.D. SRL SERRAMENTI IN ALLUMINIO, PVC E LAVORAZIONI IN FERRO",Lavorazione metalli,,347 545 1528,"Via Delle Sirene Riace Capo, 41",Motta San Giovanni,,,,,,,,,,,
Euro S.P.I.D. srl,Produttore,https://eurospid.it,0965 713084,"Via Nino Bixio, 12",Motta San Giovanni,,eurospid@eurospid.it,https,WordPress,Sì,Aruba S.p.A,,,,Sì,No
Piragino Srl,Fornitore di materiali da costruzione,http://www.piragino.eu,0981 81002,"Via S. Biase, 115",Mormanno,,,,WordPress,Non trovato,Aruba S.p.A.,,,,,No
Dical Srl,Deposito,,0981 81762,"Contrada S. Pietro, Mormanno, CS 87026",Area P.i.p.,,,,,,,,,,,
Casa Comerci sarl,Azienda vinicola,http://www.casacomerci.it,349 531 3133,"Contrada Comerci, 6",Nicotera,,info@casacomerci.it,https,WordPress,No,Hetzner Online GmbH,,,,Sì,No
Tomeo Shop Service,Negozio di bricolage,,333 241 3763,"Contrada Timpa, Snc",Nicotera,,,,,,,,,,,
Tenuta Mancini 1656,Azienda agricola biologica,https://tenutamancini.com,351 774 5792,SP93,Nocera Terinese,,info@tenutamancini.com,https,WordPress,No,Server Plan S.r.l.,,,,Sì,No
Magniflex Nocera Inf. by ARREDIAMOCI,Negozio di materassi,http://www.arrediamoci.com,393 857 7990,"Via Eduardo Astuti, 13/15,17",Nocera Inferiore,,info@arrediamoci.com,https,Joomla,No,Aruba S.p.A. Network,,,,Sì,No
Nuova Geca Di Pontieri Vincenzo,Macelleria,,0968 93040,"Viale Stazione, 213",Nocera Terinese,,,,,,,,,,,
Dorelan Nocera,Negozio di materassi,https://www.dorelan.it/pages/dorelan-nocera,081 1882 0413,"Via Giuseppe Atzori, 6",Nocera Inferiore,,,https,Shopify,Sì,"Amazon.com, Inc.",,,,Sì,No
Oleificio MENDICINO NATALINA,Oleificio,,0968 95132,Contrada Favali,Falerna,,,,,,,,,,,
Consorzio Campodorato,Oleificio,,389 921 5666,Contrada Campodorato,Nocera Terinese,,,,,,,,,,,
Azienda Agricola La Chioccia,Azienda avicola,,0982 46777,"Via Rubano, 1",Campora San Giovanni,,,,,,,,,,,
Cantine Odoardi,Azienda vinicola,http://www.cantineodoardi.it,351 831 5120,"Contrada Campodorato, 35",Nocera Terinese,,,https,Joomla,Sì,Aruba S.p.A.,,,,Sì,No
Azienda Sanitaria Provinciale Di Reggio Calabria,Ambulatorio di zona,,0966 613882,"Piazza S. Rocco, 11",Oppido Mamertina,,,,,,,,,,,
AZIENDA AGRICOLA FANGIANO,Agriturismo,http://www.fangiano.it,329 273 3721,"Contrada Fangiano, 16",Nocera Terinese,,,http,Angular,No,Aruba S.p.A. Network,,,,Sì,No
Rustico Snc Di Mazzagatti Francesca E Feliciano Antonina,Centro commerciale,,0966 870331,"Corso Aspromonte, 60",Oppido Mamertina,,,,,,,,,,,
Raccosta Rocco,Negozio,,0966 870390,"Via Carbone Domenico Grio, 79",Oppido Mamertina,,,,,,,,,,,
LipariMotors,Officina autoriparazioni,,0966 870231,"Via Carbone Domenico Grio, 104",Oppido Mamertina,,,,,,,,,,,
OLEARIA MAMERTO,Oleificio,http://www.oleariamamerto.com,338 201 7840,"LOCALITA' MAZZANOVA, VICINO CENTRALE ENEL, SP2bis",Oppido Mamertina,,oleariamamerto@gmail.com,https,Shopify,Sì,HOSTINGER DE,,,,Sì,No
MULTIMEDIA PRESS SRL Fabbrica di CD e DVD,Produttore di articoli elettronici,http://www.multimediapress.it,0985 24379,"C.da Molina, 27",Orsomarso,,,https,WordPress,No,Aruba S.p.A. Network,,,,Sì,No
Azienda Agricola Altomonte,Azienda vinicola,,338 496 5032,C.da Gunì,Palizzi,,,,,,,,,,,
Lg Materassi,Negozio di materassi,,0942 794097,"Via IV Novembre, 277",Furci Siculo,,,,,,,,,,,
Grassadonia Luigi Salvatore,Negozio di materassi,,095 701 2055,"Via Nocilla, 157",Aci Sant'Antonio,,,,,,,,,,,
Materassi Catania Munzone,Negozio di materassi,https://www.munzone.it,095 445023,"Corso delle Province, 140",Catania,,materassimunzone@gmail.com,https,Joomla,No,Armada WAN,,,,Sì,No
Gruppo randis fabbrica,Negozio,,327 876 8454,"Via Antonio Gramsci, 50-52",Gravina di Catania,,,,,,,,,,,
Stefanflex,Negozio di materassi,https://www.stefanflex.it,095 573779,"Via Zia Lisa, 57",Catania,,info@stefanflex.it,https,React,No,Aruba S.p.A.,,,,Sì,No
Materassi Paola Manera Ada,Pediatra,https://asugi.sanita.fvg.it/it/medici/dettaglio,040 368793,"Via Domenico Rossetti, 53",Trieste,,asugi@certsanita.fvg.it,https,ASP.NET,No,Insiel- Informatica per il sistema degli enti locali S.p.A,,,,Sì,No
Sagi Materassi,Negozio di materassi,https://sagimaterassi.it,349 286 5683,"Via Dante Alighieri, 9",Valverde,,,https,PrestaShop,No,Servereasy Srl,,,,Sì,No
Centro Permaflex Acireale,Negozio di materassi,https://www.permaflexcatania.it,095 1693 2879,"Corso Savoia, 201",Acireale,,permaflex.catania@virgilio.it,https,WordPress,Sì,Aruba S.p.A. Network,,,,Sì,No
EgoLab| Arredamenti,Falegnameria,http://www.egolab-business.com,338 743 8139,"Via Capo Monte, 10",Papasidero,,info.egolab@gmail.com,https,Angular,No,"Cloudflare, Inc.",,,,Sì,No
Dorelan Acireale,Negozio di materassi,https://www.dorelan.it/it/punti-vendita/negozio-dorelan-acireale,095 764 9816,"Viale Regina Margherita, 66",Acireale,,,https,WordPress,Sì,"Amazon.com, Inc.",,,,Sì,No
C.M.D. Di Di Marco Agatino Francesco,Negozio di materassi,,347 805 0273,"Piazza Alberto Carlo, 36",Paternò,,,,,,,,,,,
infissi cosenza,Fornitore di finestre,,328 056 6625,paterno calabro cs località taverna via felice gennasio,Paterno Calabro,,,,,,,,,,,
Stile Relax,Negozio di materassi,http://www.stilerelax.com,095 506544,"Via Zia Lisa, 46",Catania,,,https,React,Sì,Google LLC,,,,Sì,No
Materassi Per te,Negozio di materassi,http://www.materassiperte.com,345 041 7449,"Via delle Gemme, 147",Catania,,,https,React,No,Google LLC,,,,Sì,No
Imperatore Materassi&Sofà,Negozio di materassi,http://www.imperatorematerassi.com,379 181 8385,"Via Zia Lisa, 44",Catania,,,https,WordPress,Sì,Google LLC,,,,Sì,No
"Azienda Sanitaria Provinciale Di Catanzaro, Continuità Assistenziale",Servizi medici locali,,0961 925041,"Corso de Laurenzi Reverendo V, 49",Pentone,,,,,,,,,,,
Elettronica Duesse Di Sama Jessica,Negozio di elettrodomestici,,0962 431163,"Piazza S. Francesco, 14",Petilia Policastro,,,,,,,,,,,
Soluzioni di Lapenna Luigi,Negozio di materassi,http://www.soluzionilapennaluigi.it,347 390 6749,"Viale Crotone, 196",Catanzaro,,info@soluzionilapennaluigi.it,https,React,No,Aruba S.p.A.,,,,Sì,No
Il Frantoio di Vona Salvatore,Oleificio,,338 542 2240,"Via Dei Ciclamini, 49",Petilia Policastro,,,,,,,,,,,
Londino Legnami Srl,Negozio di vendita di legname da costruzione,,0962 433229,"Via Mattia Preti, 28",Foresta,,,,,,,,,,,
Marrazzo Gioielli,Gioielleria,,0962 431377,"Corso Roma, 122",Petilia Policastro,,,,,,,,,,,
Serravalle Legnami S.r.l.,Segheria,,0962 431732,Via Anita,Petilia Policastro,,,,,,,,,,,
Tabaccheria Il Quadrifoglio Di Saporito Domenico,Tabaccheria,,0962 434432,"Via Enrico Berlinguer, 10",Petilia Policastro,,,,,,,,,,,
BagnoSan,Ristrutturatore di bagni,http://www.bagnosan.com,320 835 1811,"Via delle Tessitrici, 41",Petilia Policastro,,info@bagnosan.com,https,WordPress,Sì,Google LLC,,,,Sì,No
Creo Store Petilia Policastro,Negozio di mobili,,328 872 6654,"Via Nazionale, 113",Petilia Policastro,,,,,,,,,,,
NUOVA OLEARIA SRL CUDA,Oleificio,https://www.nuovaoleariasrl.it,0962 431900,"Via Nazionale, 2",Petilia Policastro,,,https,WordPress,Sì,Aruba S.p.A. Network,,,,Sì,No
Apicoltura Mirabelli,Apiario,http://www.apicolturamirabelli.it,328 119 7285,"Corso Giove, 40",Petilia Policastro,,,https,WordPress,No,Sconosciuto,,,,Sì,No
Frantoio Oleario Nicolazzi,Oleificio,,333 715 2963,Via G.Garibaldi,Petilia Policastro,,,,,,,,,,,
Laboratorio Analisi Cliniche Rodio Pasquale Srl,Laboratorio medico,https://www.laboratorioanalisirodio.it,0962 433415,"Via S. Sebastiano, 10/43",Petilia Policastro,,info@laboratorioanalisirodio.it,https,WordPress,Sì,Aruba S.p.A. Network,,,,Sì,No
Uila,Sindacato,http://www.italuil.it/jsps/233/ALTRE_VOCI/234/Sedi_IT.jsp,0962 431293,"Corso Giove, 54",Petilia Policastro,,calabria@pec.italuil.it,http,ASP.NET,No,Hetzner Online GmbH,,,,Sì,No
F.E.T.M. S.r.l.,Produttore di caldaie,http://www.fetm.it,335 843 5355,"LOC.Comito, Z.I",Petilia Policastro,,,https,React,Sì,Google LLC,,,,Sì,No
BFG srl,Negozio di utensili,,0968 340391,"SP80, 64",Spranico,,,,,,,,,,,
Materassi Dolce Vita,Negozio di materassi,http://www.materassidolcevita.com,095 491654,"Via Giampaolo la Rocca, 2",Catania,,,https,React,No,Google LLC,,,,Sì,No
Hospital Service Srl,Azienda di biotecnologia,,0963 534475,"Via Nazionale, 2",Pizzo,,,,,,,,,,,
Hi-Tech Store,Negozio di telefoni cellulari,http://bit.ly/2qOcfqL,0963 546330,Via Nazionale,Pizzo,,,https,Shopify,No,Google LLC,,,,Sì,No
Giacinto Callipo Conserve Alimentari,Produzione e vendita di scorte alimentari,http://www.callipo.com,0963 996 2404,"Via Riviera Prangi, 156",Pizzo,,callipoconserve@pec.it,https,WordPress,No,Server Plan S.r.l.,,,,Sì,No
Azienda Agricola Giampa Giuseppe & Co,Mercato ortofrutticolo,https://fratelligiampa.it,0963 264382,St.statale 18 c.da speziale km 417+400,Pizzo,,info@fratelligiampa.it,https,WordPress,No,WIIT AG,,,,Sì,No
La Commerciale Napitina s.a.s.,Magazzino all'ingrosso,,0963 533366,Via Nazionale VII traversa,Pizzo,,,,,,,,,,,
Fiorillo srl,Apicoltore,http://www.fiorillo.it,0963 594802,SP5,Maierato,,commerciale@fiorillo.it,https,WordPress,No,OVH SAS,,,,Sì,No
Gelateria Callipo,Gelateria,http://www.gelateriacallipo.com,0963 996 2403,"Via Riviera Prangi, 156",Pizzo,,infogelateria@callipogroup.com,https,WordPress,Sì,Server Plan S.r.l.,,,,Sì,No
Marten srl | Prodotti Chimici Industriali di base,Impianto chimico,https://www.martensrl.com,0963 255840,"Zona Industriale, Contrada Casalinuovo",Maierato,,info@martensrl.com,https,Joomla,Sì,OVH SAS,,,,Sì,No
Spi Finestre: Serramenti e infissi in pvc Calabria,Negozio di finestre in PVC,http://www.spifinestre.it,0963 255814,Zona Industriale,Maierato,,info@spifinestre.it,https,Joomla,Sì,OVH SAS,,,,Sì,No
Magazzino Agricolo di Capone Nicola,Magazzino all'ingrosso,https://magazzinoagricolocapone.it,0964 771101,"Via Nazionale, Snc",Riace,,info@magazzinoagricolocapone.it,https,Shopify,No,Aruba S.p.A.,,,,Sì,No
Salumificio Chillino Riace Antonio & Figlie - Prodotti tipici calabresi,Alimentari,http://www.salumificioriace.com,0964 771190,"Via Nazionale, S.da Statale 106 Jonica",Riace Marina,,info@salumificioriace.com,https,WordPress,Sì,Aruba S.p.A.,,,,Sì,No
Expert Rizziconi,Negozio di elettrodomestici,,0966 593004,"Centro Commerciale Porto degli Ulivi, Strada Provinciale 1 di Gioia Tauro e Locri, 111",Rizziconi,,,,,,,,,,,
Acanfora Sas,Centro per la revisione tecnica delle auto,,0963 669460,Contrada Punzolo,Santa Domenica,,,,,,,,,,,
Marando Girolamo,Macelleria,,0966 54690,"Via Savoia, 1",Rizziconi,,,,,,,,,,,
Profumeria Douglas,Profumeria,,0966 59201,Località Sandali,Rizziconi,,,,,,,,,,,
Aquinflex Home Biancheria e Corredo Polistena Reggio Calabria,Negozio di biancheria da letto,http://www.aquinflex.it,0966 472933,"via Onorevole, Via Pietro Nenni, 2",Polistena,,,https,WordPress,Sì,Aruba S.p.A.,,,,Sì,No
Macelleria Muggeri Giuseppe,Macelleria,,347 014 1058,Via dei Gesuini,Ricadi,,,,,,,,,,,
Di Gioia Group Arredamenti,Negozio di mobili,https://www.digioiagrouparredamenti.it,0966 580347,Contrada Spina,Rizziconi,,info@digioiagrouparredamenti.it,https,Shopify,Sì,OVH SAS,,,,Sì,No
Lentini Srl | Vendita fertilizzanti e prodotti per l'agricoltura,Fornitore di fertilizzante,https://www.lentinisrl.com,0966 580395,Contrada Margi,Rizziconi,,info@lentinisrl.it,https,Shopify,Sì,OVH SAS,,,,Sì,No
Molinaro Gioielli,Gioielliere,,0962 80256,via Aldo Moro,Rocca di Neto,,,,,,,,,,,
Gioielleria Benevento,Gioielliere,,0962 80238,Viale Aldo Moro,Rocca di Neto,,,,,,,,,,,
Arcuri Cereali Di Arcuri Margherita Angelina & C. Sas,Allevatore di bestiame,,0962 80392,"Viale Aldo Moro, 220",Rocca di Neto,,,,,,,,,,,
La Vie En Roses Di Raffaella Amato Centro Estetico,Centro estetico,,0962 376807,"62, Via Fragala', Rocca Di Neto, KR 88821",Rocca di Neto,,,,,,,,,,,
De Grazia Vincenzo S.R.L.,Fornitore di materiali da costruzione,,0962 84054,"Contrada Fondo Barco, Rocca Di Neto, KR 88821",Blocchiera,,,,,,,,,,,
BigMat Edil Solai S.r.l.,Fornitore di materiali da costruzione,https://edilsolai.bigmat.it,0963 663271,"Via Provinciale, 28",Ricadi,,edilsolai@bigmat.it,,PrestaShop,Sì,Vodafone,,,,Sì,No
Fragomeni G.R. Srl,Negozio di letti,,0962 84400,"Viale Aldo Moro, 333",Rocca di Neto,,,,,,,,,,,
Arti Grafiche MARAGRAF Di Marazzita Francesco,Stamperia,,0962 56863,"Via dello Stadio, s.n.c, MARAGRAF",Roccabernarda,,,,,,,,,,,
Ormin S.r.l,Fornitore di fertilizzante,http://www.ormin.it,0962 84542,loc. Torre del Pero,Rocca di Neto,,,https,React,No,Aruba S.p.A. Network,,,,Sì,No
Dattolo Stella,Gioielliere,,0962 80308,"Viale Aldo Moro, 33",Rocca di Neto,,,,,,,,,,,
Paduano Annita,Cartoleria,,0984 658352,"Via Vittorio Emanuele II, 26",Roggiano Gravina,,,,,,,,,,,
Caravelli Remo,Grossista di frutta e verdura,,0984 502506,"Contrada Acqua Fabbricata, Roggiano Gravina, CS 87017",Roggiano Gravina,,,,,,,,,,,
Ro Farm Di De Maio Salvatore & C Sas,Casa farmaceutica,,0984 502413,"Viale Olimpico, Roggiano Gravina, CS 87017",Roggiano Gravina,,,,,,,,,,,
San Gallo S.r.l.,Negozio di abbigliamento,,0984 503834,"Contrada Cardosa, Roggiano Gravina, CS 87017",Roggiano Gravina,,,,,,,,,,,
Farinella Antonio,Oleificio,,0984 502841,"Contrada S.lucia, Roggiano Gravina, CS 87017",Roggiano Gravina,,,,,,,,,,,
Terre Rugiani,Oleificio,http://www.terrerugiani.com,379 242 6834,"Contrada Santa Lucia, 21",Roggiano Gravina,,info@terrerugiani.com,https,Shopify,Sì,Keliweb S.R.L,,,,Sì,No
Office 2000,Cartoleria,,0984 451936,"Via Amedeo, 7",Roggiano Gravina,,,,,,,,,,,
Tipografia Santa Lucia Di Genzano Vincenzo,Stamperia,,0984 502017,"Via Vittorio Emanuele II, 154",Roggiano Gravina,,,,,,,,,,,
Azienda Agricola Brittelli,Produttore di alimenti,https://www.agribrittelli.it,333 926 9073,Via Giocatori,Roccabernarda,,aziendabrittellielisabetta@gmail.com,https,WordPress,No,Aruba S.p.A.,,,,Sì,No
Azienda Agricola Tibaldi Antonietta,Azienda vinicola,,347 095 8154,"Via Vittorio Emanuele II, 266",Roggiano Gravina,,,,,,,,,,,
Karlvinz Srl,Produzione e commercio surgelati,,0964 85919,"Contrada Melissari, 1B",Roccella Ionica,,,,,,,,,,,
Puliflash Srl,Servizio di pulizia,,0964 863305,"Via Trastevere, 167",Roccella Ionica,,,,,,,,,,,
Coluccio Giuseppina,Alimentari,,0964 866302,"Via Orlando, 86",Roccella Ionica,,,,,,,,,,,
Piscioneri Nicola srl Legnami,Negozio di forniture per la lavorazione del legno,https://nuovamatic.wixsite.com/piscionerilegnami,0964 84543,"Via Cannolaro, 14",Roccella Ionica,,dd0a55ccb8124b9c9d938e3acf41f8aa@sentry.wixpress.com,https,Wix,No,Google LLC,,,,Sì,No
Franco Giuseppe Srl,Impresa di costruzioni,http://www.francogiuseppesrl.it,0964 85036,"Via Sonnino, 13",Roccella Ionica,,,https,ASP.NET,No,Aruba S.p.A. Network,,,,Sì,No
Assiel Computer | Negozio di Informatica,Azienda informatica,http://assielcomputer.mycityol.com/it,0964 85831,"Via E. Fermi, 41",Roccella Ionica,,info@assielcomputer.it,http,React,No,Hostinger International Limited,,,,Sì,No
Imperial Frutta Srl,Grossista di frutta e verdura,,0981 936384,"1, Contrada Cesine, Rocca Imperiale, CS 87074",Rocca Imperiale,,,,,,,,,,,
FABBRICA LIQUORI DI PADULA,Produzione distillati e liquori,,0981 553201,"Via Giacomo Leopardi, 23",Rocca Imperiale Marina,,,,,,,,,,,
Co. Fer. Al. S.r.l.,Fornitore di finestre,http://www.coferal.net,0981 937872,"Via dell'Artigianato, 1",Rocca Imperiale,,,https,ASP.NET,No,Aruba S.p.A. Network,,,,Sì,No
Industria Ottica Multiservice s.r.l.,Produttore,http://www.iomsrl.it,0984 961265,"Via Eugenio Altomare, 132",Rogliano,,,https,Angular,No,Aruba S.p.A.,,,,Sì,No
Zurzolo Leonardi Srl,Fornitore di materiali da costruzione,,0966 773062,Contrada Alimastro,Rosarno,,,,,,,,,,,
General vivaio di Consiglio Francesco,Vivaio,,338 748 7023,Via Zippone,Rosarno,,,,,,,,,,,
Crisafulli Carmelo,Vivaio,,0966 774002,Via Nazionale,Rosarno,,,,,,,,,,,
Agri Medma S.A.S.,Produzione e vendita di scorte alimentari,https://www.agrimedma.it,349 536 7334,"Via Nazionale N., 155",Rosarno,,agrimedma82@gmail.com,https,Shopify,No,Aruba S.p.A. Network,,,,Sì,No
C.M. SUD S.a.S,Negozio di materiali da imballaggio,,0966 713692,Via Alfred Bernard Nobel,Rosarno,,,,,,,,,,,
Profumeria Barbara Parfums,Profumeria,https://www.barbaraparfums.com,0966 379195,"Piazza Vignaioli, 60",Rosarno,,barbaraprofumeria@gmail.com,https,React,No,OVH SAS,,,,Sì,No
Centrosud Vetro S.R.L.,Grossista di articoli in vetro,https://www.centrosudvetro.com,0966 712269,Via Amedeo Modigliani,Rosarno,,,https,React,No,Google LLC,,,,Sì,No
Poliart S.a.s. Di Dagostino Marino E C.,Negozio,https://www.poliartsas.it,0966 712328,"Via Serricella, Snc",Rosarno,,pardinii.francesco@hotmail.com,https,WordPress,No,Aruba S.p.A. Network,,,,Sì,No
Euroceramica Di Galati Rocco Cosma,Ditta specializzata in pavimentazioni,,0966 713657,"SS 18 Tirrena Inferiore, 78",Rosarno,,,,,,,,,,,
Campisi Gioielli Di Campisi Salvatore,Gioielliere,,0966 774100,"Via Nazionale, 293",Rosarno,,,,,,,,,,,
Mediterranea Agrumi Srl,Produttore di alimenti,,0966 713560,"Via Provinciale, 54",Rosarno,,,,,,,,,,,
Idrochem Srls,Laboratorio chimico,,0984 305292,Via Palazzello,San Vincenzo La Costa,,,,,,,,,,,
Condoleo Porte,Ufficio aziendale,https://www.condoleoporte.com,0966 716616,"SP52, 31",Rosarno,,,https,WordPress,Sì,Aruba S.p.A. Network,,,,Sì,No
Point Service Autofficina Perla Antonio,Meccanico e assistenza automobili,,0981 913348,"Via Umbria, 11",Roseto Capo Spulico,,,,,,,,,,,
Lineaflex Di Boccia Andrea,Negozio di materassi,,081 827 4560,"Via Delle Rose, 28",San Giuseppe Vesuviano,,,,,,,,,,,
Materassi Ergodorm,Negozio di materassi,http://www.ergodorm.it,0828 211740,Via R. Jemma,Battipaglia,,info@ergodorm.it,https,WordPress,No,Aruba S.p.A.,,,,Sì,No
Spacciostampa by Puntoprom,Negozio di articoli per stampa serigrafica,https://www.spacciostampa.com,0966 774913,"Via Provinciale, 268",Rosarno,,,https,Shopify,No,Aruba S.p.A.,,,,Sì,No
Perri Serramenti,Fornitore di finestre,,346 871 9972,"Via Prato, 1a",San Vincenzo La Costa,,,,,,,,,,,
Industria del Mobile,Magazzino all'ingrosso,http://www.industriadelmobile.com,0984 152 5842,"Via Riforma Conicelle, snc",Rovito,,info@industriadelmobile.com,https,Shopify,Sì,Google LLC,,,,Sì,No
Dorelan San Benedetto del Tronto,Negozio di materassi,https://www.dorelan.it/pages/dorelan-san-benedetto-del-tronto,0735 585220,"Corso Giuseppe Mazzini, 279",San Benedetto del Tronto,,,https,Shopify,Sì,"Amazon.com, Inc.",,,,Sì,No
Materassi & Materassi - San Benedetto del Tronto,Negozio di materassi,https://www.materassiematerassi.it,0735 198 1907,"Via Piave, 62",San Benedetto del Tronto,,,https,Angular,Sì,Seeweb srl,,,,Sì,No
Samo Reti e Materassi,Negozio di materassi,https://www.samomaterassi.it,071 720 6590,"Via Che Guevara, 83",Castelfidardo,,info@samomaterassi.it,https,WordPress,No,Aruba S.p.A.,,,,Sì,No
BMS SRLS (Rivenditore Autorizzato Sogno Veneto),Negozio di materassi,https://www.bmsteramo.it,0861 587199,Via Galileo Galilei,San Nicolò A Tordino,,bmsteramo@gmail.com,https,WordPress,No,Aruba S.p.A.,,,,Sì,No
Koils ltd Materassi Sartoriali ...(Su Appuntamento),Produttore,http://www.koils.it,0861 82257,"Via John Fitzgerald Kennedy, 9",Corropoli,,,https,ASP.NET,No,Server Plan S.r.l.,,,,Sì,No
Azienda Agricola di Mazzitelli Pasquale,Oleificio,,327 424 7068,"Località Marcotorto, snc",San Calogero,,,,,,,,,,,
SonnoConfort Fabbrica Materassi,Negozio di materassi,,095 779 9959,"Via Luminaria, 62-64-66",Giarre,,,,,,,,,,,
Mobili 2emme Arredo Srl,Negozio di mobili,,0963 361505,"Localita, Via Licciardo",San Calogero,,,,,,,,,,,
Agri Art,Agriturismo,http://www.agriart.it,351 589 9212,"Località S. Fili, 17-4",San Benedetto Ullano,,,https,WordPress,No,Google LLC,,,,Sì,No
Azienda Agricola Minisci Antonietta,Fattoria,,0983 84275,Via Santuario,San Cosmo Albanese,,,,,,,,,,,
Europa Sud Srl,Impresa di costruzioni,,0963 331878,"Via Lico, 73",San Costantino Calabro,,,,,,,,,,,
Tabaccheria Via Roma 71 Di Maria Beatrice Valente,Tabaccheria,,0963 332921,"Via Roma, 71",San Costantino Calabro,,,,,,,,,,,
Agricola Conforti - Tenute Conforti Olio,Oleificio,https://www.agricolaconforti.it,0983 854319,"Contrada Colucci, 93",San Giorgio Albanese,,agricolaconforti@gmail.com,https,WordPress,Sì,Server Plan S.r.l.,,,,Sì,No
Olio Del Crisomallo,Oleificio,,351 848 6628,"Giorgio castriota, 93",San Demetrio Corone,,,,,,,,,,,
Ams Mobili Di Sarpa Luigino Sas,Negozio di mobili,,0984 956566,"87069, 3, Vicolo VII, Corso Dante Alighieri",San Demetrio Corone,,,,,,,,,,,
Madeo Industria Alimentare Srl,Alimentari,http://www.filieramadeo.it,0984 956850,Contrada Filla,San Demetrio Corone,,info@filieramadeo.it,https,Joomla,Sì,OVH SAS,,,,Sì,No
Azienda Agricola Gabriele,Azienda agricola biologica,https://oliogabriele.it,333 630 7381,"Contrada Buttorino, 7",San Demetrio Corone,,,https,React,No,"Fastly, Inc.",,,,Sì,No
Gioia Succhi S.r.l.,Produzione e vendita di scorte alimentari,https://gioiasucchi.com/home,0966 713586,Str. I' Zona Industriale,San Ferdinando,,,https,Joomla,No,Keliweb S.R.L,,,,Sì,No
Op Spagnolo - Produttori e Distributori della migliore frutta calabrese,Grossista di frutta e verdura,https://opspagnolo.com,0966 773863,Str. Zona Industriale II,San Ferdinando,,info@opspagnolo.com,https,React,Sì,Critical Case s.r.l,,,,Sì,No
Olio de bellis - biologico prodotto in calabria,Azienda agricola biologica,https://www.oliodebellis.it,329 105 3476,"Via Strigari, 3",San Demetrio Corone,,info@oliodebellis.it,https,React,Sì,Google LLC,,,,Sì,No
Azienda Agricola Siviglia,Azienda agricola biologica,http://www.aziendasiviglia.com,328 674 1565,"Contrada Ogliastretto, 1",San Demetrio Corone,,info@aziendagricolasiviglia.it,https,WordPress,No,Keliweb S.R.L,,,,Sì,No
Sud Plast s.r.l.,Negozio di materiali da imballaggio,http://www.sudplastsrl.com,348 383 5871,Str. Zona Industriale II,San Ferdinando,,sudplastsrl@libero.it,https,Wix,No,Google LLC,,,,Sì,No
Scaramuzzo Alfredo,Agenzia di assicurazioni,,0983 86076,"Piazza Guglielmo Marconi, 15",San Giorgio Albanese,,,,,,,,,,,
Allera Costruzioni Metalmeccaniche s.r.l. - Porto di Gioia Tauro,Officina metallurgica,http://www.allera.it,0966 767809,"Str. I' Zona Industriale, 1°",San Ferdinando,,,https,React,No,Google LLC,,,,Sì,No
Dolci Pensieri di Calabria,Negozio di frutta e verdura,https://dolcecalabria.it,0984 446018,"2, Contrada Profico, San Fili, CS 87037",San Fili,,dolcecalabria.it@gmail.com,https,Shopify,No,"Cloudflare, Inc.",,,,Sì,No
Centro MATERASSI & Mobili,Negozio di materassi,,328 915 5330,SS 18 Tirrena Inferiore,San Lucido,,,,,,,,,,,
Birreria Indipendente,Pub,http://www.birreriaindipendente.com,345 886 9780,"Via XX Settembre, 28",San Fili,,,https,Magento,Sì,Aruba S.p.A.,,,,Sì,No
La Meridionale Industria Pirotecnica Di Carello Nazareno E Figlio,Negozio,,0963 261537,"Via Monteverde, 3",San Gregorio d'Ippona,,,,,,,,,,,
Olio sud di razionale Maria,Oleificio,,324 631 3565,LOC. Matarise,San Gregorio d'Ippona,,,,,,,,,,,
Settebello S.a.s. di Barile Ivan,Fornitore di materiali da costruzione,,346 525 2759,"Via Antonio Gramsci, 78",San Giovanni in Fiore,,,,,,,,,,,
Tiano Arredamenti,Negozio di mobili,http://www.tianoarredamenti.it,0984 970924,Contrada Olivaro,San Giovanni in Fiore,,info@tianoarredamenti.it,https,WordPress,No,ITNET,,,,Sì,No
Cose di Casa F.lli Gallo Snc,Negozio di articoli da regalo,,0984 975016,"Via Re di Sole, 52",San Giovanni in Fiore,,,,,,,,,,,
Exige Perfumes - Carpentieri fabbrica artigianale fragranze profumi naturali,Fornitore di prodotti di bellezza,https://www.exigeperfumes.com,0966 946436,"Via Melia, 10",San Giorgio Morgeto,,,http,React,Sì,IT.Gate S.p.A.,,,,Sì,No
Kreando S.R.L.,Produttore di arredi per negozi e supermercati,,0984 970662,"Via Gabriele D'Annunzio, 6",San Giovanni in Fiore,,,,,,,,,,,
Marra Biagio,Negozio di mobili,,0984 991623,"Via S. Francesco D'Assisi, 136",San Giovanni in Fiore,,,,,,,,,,,
jurefarm,Vivaio,https://jurefarm.it,377 088 0503,"Loc. Iacoi, s, n c",San Giovanni in Fiore,,info@jurefarm.it,https,Joomla,Sì,Amt Services,,,,Sì,No
Decor Srl,Ufficio aziendale,http://www.decorsrl.eu,0984 991923,Località Difesa della Serra,San Giovanni in Fiore,,info@newdecorsrl.eu,https,Shopify,No,Google LLC,,,,Sì,No
La Boschiva Dei F.Lli Bitonti Sas,Legna da ardere e pellet,,0984 999544,"Via Pian del Carmine, 25",San Giovanni in Fiore,,,,,,,,,,,
Talarico Franco & C. Snc - Macelleria Salumificio SilaSole,Macelleria-gastronomia,http://www.silasole.it,0984 993883,"Via Savelli, 1/3",San Giovanni in Fiore,,info@silasole.it,http,ASP.NET,No,Aruba S.p.A. Network,,,,Sì,No
Cantina Mascaro ®,Azienda vinicola,http://www.cantinamascaro.it,329 778 1098,"Via Duca Abruzzi, 3",San Giovanni in Fiore,,,,React,No,"Cloudflare, Inc.",,,,Sì,No
Silan Camini di Laratta Francesco,Fornitore di impianti di riscaldamento,http://www.silancamini.com,393 874 2777,"Viale della Repubblica, 110",San Giovanni in Fiore,,info@graphicvision.eu,http,Joomla,No,Aruba S.p.A.,,,,Sì,No
A.Co.S. Olearia Srl,Oleificio,,0981 954745,Contrada Serralto,San Lorenzo del Vallo,,,,,,,,,,,
GF ABBIGLIAMENTO,Negozio di abbigliamento,,349 406 1595,Via Duca Degli Abruzz,San Marco Argentano,,,,,,,,,,,
N.oil srl,Oleificio,,331 243 4753,Viale Antonio la Falce,San Lorenzo del Vallo,,,,,,,,,,,
Showroom del Materasso ... e altro,Negozio di materassi,http://www.mobililagorga.it,348 583 5565,"Via Stefano Passaro, 63/65",Vallo della Lucania,,italolagorga@alice.it,http,Shopify,Sì,Aruba S.p.A. Network,,,,Sì,No
Happy Casa Store San Marco Argentano,Casalinghi,,0984 173 0074,Via Alcide De Gasperi,Corso,,,,,,,,,,,
Sogni d'oro da Re - Materassi,Negozio di materassi,http://www.sognidorodare.it,377 947 4833,"Viale Aldo Moro, 63",Reggio Calabria,,,https,Angular,Sì,OVH SAS,,,,Sì,No
De Filippo Andrea,Oleificio,,0981 954143,"Via Pipana, 7",San Lorenzo del Vallo,,,,,,,,,,,
Mobili Siciliano,Negozio di mobili,,0984 511545,Contrada Pezze,San Marco Argentano,,,,,,,,,,,
Mauro Spadafora Ignazio Francesco,Oleificio,,0962 53569,"Via Manile, San Mauro Marchesato, KR 88831",San Mauro Marchesato,,,,,,,,,,,
Azienda Agricola Agrituristica Il Peperone Rosso di Petrassi Filomena,Agriturismo,https://www.ilmelogranoagricoltura.it,0984 429830,"Contrada Scarniglia, 53",San Marco Argentano,,,http,WordPress,No,Keliweb S.R.L,,,,Sì,No
Cadis srl - Ottimo Casidea,Azienda di confezionamento,http://www.cadis.it,0984 522482,"Via Alcide De Gasperi, 31",Corso,,info@cadis.it,https,React,Sì,Passepartout s.a.,,,,Sì,No
Fabbrica materassi osimo,Negozio di materassi,https://www.fabbricamaterassiosimo.it,071 710 9306,"Via Alessandro Volta, 9",Osimo,,info@fabbricamaterassiosimo.it,https,WordPress,No,Serverplan s.r.l.,,,,Sì,No
Val d'Esaro srl,Servizio di e-commerce,https://www.valdesaro.it,320 447 8278,C/da Lupara snc,San Lorenzo del Vallo,,ordini@valdesaro.it,https,Shopify,No,Netsons s.r.l.,,,,Sì,No
IKEA Cosenza Rende plan and order point,Negozio di mobili,,02 3602 0069,"Via Kennedy, 4",Rende,,,,,,,,,,,
FUEGO,Fornitore di impianti di riscaldamento,http://www.fuegosrl.com,0968 96173,C.da Pruno,San Mango D'aquino,,,https,Shopify,No,Server Plan S.r.l.,,,,Sì,No
Mobilcasa,Negozio di mobili,,320 633 8211,"Via San Mango, 2/2",San Mango d'Aquino,,,,,,,,,,,
Berardelli SAS di Francesco Berardelli,Fornitore di materiali da costruzione,http://www.berardellistore.it,348 824 0695,Via Carlo Alberto Dalla Chiesa,San Mango d'Aquino,,info@berardellistore.it,https,React,Sì,Passepartout s.a.,,,,Sì,No
FRATELLI MELE S.R.L.,Negozio di materiali da costruzione,https://www.fratellimele.it,0985 3117,Contrada Profondiero,San Nicola Arcella,,info@fratellimele.it,https,WordPress,Sì,Netsons Network,,,,Sì,No
Ungaro Srl,Lavorazione metalli,http://www.caldoungaro.it,0968 926838,"via S.Mango, 2",San Mango d'Aquino,,ungaroservice@ungarosrl.com,https,Shopify,Sì,Aruba S.p.A.,,,,Sì,No
Le.co. Gen,Impresa di costruzioni,,0963 73339,"Via Roma, 7",San Nicola Da Crissa,,,,,,,,,,,
Oleificio Diaco,Oleificio,,0968 79476,"Via G. la Pira, 120",San Pietro a Maida,,,,,,,,,,,
Oleificio De Sando Nicola Evaristo,Oleificio,,327 211 9684,"Via Martin Luther King, 2",San Pietro a Maida,,,,,,,,,,,
Oleificio Olio De Sando,Oleificio,,0968 79075,"Via G. la Pira, 98",San Pietro a Maida,,,,,,,,,,,
Grinta Fabbrica Materassi - vendita materassi Catanzaro,Negozio di materassi,https://www.grinta.info,0961 741742,"Viale Crotone, 37/e",Catanzaro,,,https,ASP.NET,No,Aruba S.p.A.,,,,Sì,No
dormisanotessile,Negozio di materassi,https://dormisanotessile.it,339 571 7728,"Piazza S. Tommaso, 26",Aquino,,,https,WordPress,Sì,Google LLC,,,,Sì,No
Grinta Fabbrica Materassi Vendita materassi,Negozio di materassi,https://www.grinta.info,0961 551631,"Via Vittorio Pugliese, 26",Catanzaro,,,https,PrestaShop,No,Aruba S.p.A.,,,,Sì,No
AZIENDA AGRICOLA MANCUSO PRODOTTI TIPICI OLIO VINI SALUMI,Negozio di prodotti agricoli,,0982 46986,Contrada Gallo,San Pietro in Amantea,,,,,,,,,,,
Autodemolizione Carriere Franco S.R.L.,Autodemolitore,,0984 401759,Via Padula Inferiore,San Pietro In Guarano,,,,,,,,,,,
2Erre,Ferramenta,,0981 61489,Via Piano della Fiera,San Sosti,,,,,,,,,,,
Reflex Fabbrica di Materassi,Negozio di materassi,,0862 65427,"V.le della Croce Rossa, 149",L'Aquila,,,,,,,,,,,
Star Flex Fabbrica Materassi,Negozio di materassi,http://www.star-flex.it,02 9640 0054,"Via Cesare Battisti, 424",Cislago,,,https,Joomla,No,Aruba S.p.A.,,,,Sì,No
La Smed di Davide Perronace,Negozio di mobili,,0967 86497,"Via Nazionale, 193",Guardavalle Marina,,,,,,,,,,,
Fabbrica materassi bergamo - Night and Day,Negozio di materassi,https://www.fabbrica-materassi.it,335 694 3158,"Via Ingegner G. Caproni, 9",Ponte San Pietro,,,https,React,Sì,Netsons s.r.l.,,,,Sì,No
Giflex - Materassi,Negozio di materassi,http://www.giflexmaterassi.it,031 280375,"Via per Montorfano, 639",Lipomo,,,https,Shopify,Sì,Google LLC,,,,Sì,No
Grinta Fabbrica Materassi - vendita materassi,Negozio di materassi,https://www.grinta.info,0961 878132,"Viale Emilia, 8",Catanzaro,,,https,PrestaShop,No,Aruba S.p.A.,,,,Sì,No
Eredi Folino Silvana S.A.S. Di Pisano Alessandra & C.,Fornaio all'ingrosso,,0982 94024,"Via Colletta, 1",Guardia Piemontese,,,,,,,,,,,
Laboratorio di tessura Le Tramontane Guardiole,Associazione di artigiani,,347 546 5546,Piazza della Strage,Guardia Piemontese,,,,,,,,,,,
Graficartoplast Snc Fabbrica Astucci,Azienda di confezionamento,,0963 263401,"Localita' Donna Fina, Jonadi, VV 89851",Jonadi,,,,,,,,,,,
My House,Casalinghi,,0963 545282,SS 18 Tirrena Inferiore nazionale,Jonadi,,,,,,,,,,,
Audiomed Centro Sordità Di G. Iannello,Negozio di apparecchi acustici,,0963 301447,"Via Dante Alighieri, 28",Vibo Valentia,,,,,,,,,,,
Castagna Mobili Di Castagna Pasqualino.,Negozio di mobili,http://www.castagnamobili.it,0963 43098,"Traversa I a Viale Bucciarelli, snc",Vibo Valentia,,castagna.mobili@virgilio.it,http,ASP.NET,Sì,Aruba S.p.A. Network,,,,Sì,No
Colacchio Filippo S.r.l.,Fornitore di materiali da costruzione,http://www.colacchiofilippo.it,0963 263120,Strada Statale 18 km 442,Vibo Valentia,,,https,React,Sì,Combell NV,,,,Sì,No
Frantoio CHIERA dr GIUSEPPE,Oleificio,,333 717 0271,"Località lampi zona ind., 88060",Isca sullo Ionio,,,,,,,,,,,
Porte Signoretta,Fornitore di porte,https://www.portesignoretta.it,350 164 3789,SS 18 Tirrena Inferiore,Jonadi,,portesignoretta@hotmail.com,https,React,Sì,OVH SAS,,,,Sì,No
Corsaro Francesco,Caseificio,,0963 883779,"Contrada Montalto, Località Monte Poro, 89863",Joppolo,,,,,,,,,,,
Bosch Car Service - Santise Motors,Officina autoriparazioni,https://www.santisemotors.it,0982 975858,"SS 18 Tirrena Inferiore, 45",Sangineto Lido,,,https,React,No,Microsoft,,,,Sì,No
Foto Ricordo di Isabella De Masi,Fotografo per matrimoni,,366 712 4549,"Via Roma, 105",San Vito Sullo Ionio,,,,,,,,,,,
Parafarmacia Dott.ssa Silvia Carello,Parafarmacia e drogheria,,0967 829781,"Corso Umberto I, 168",San Vito sullo Ionio,,,,,,,,,,,
Sestito Autoricambi,Negozio di ricambi per auto,,0967 96603,Piazza M. Polerà,San Vito Sullo Ionio,,,,,,,,,,,
Music - Reparto Dischi,Studio di registrazione,,328 103 7782,Piazza Campo,Santa Severina,,,,,,,,,,,
Ruiya s.r.l.,Negozio,,0985 42829,"VIA VARIANTE, SS 18 Tirrena Inferiore, 139/143",Santa Maria del Cedro,,,,,,,,,,,
Papa Gina Oleificio - Santa Maria Del Cedro,Oleificio,,327 976 6752,"Via degli Ulivi, 83",Santa Maria del Cedro,,,,,,,,,,,
Iaquinta Macchine Agricole Srl,Fornitore di trattori e macchine agricole,,388 430 8950,"Località Cafieri, SNC",Santa Severina,,,,,,,,,,,
Oleificio orchidea,Oleificio,,0985 5469,"Via Sotto Casale, 71A",Santa Maria del Cedro,,,,,,,,,,,
Officine dei cedri,Negozio,https://officinedeicedri.it,0985 5543,"Via Arco Piccolo, 18",Santa Maria del Cedro,,info@officinedeicedri.it,https,WordPress,Sì,Aruba S.p.A,,,,Sì,No
DM Commerciale srl,Produttore,,0985 43888,"Via degli Olmi, 1",Santa Maria del Cedro,,,,,,,,,,,
Dormiflex,Negozio di materassi,https://www.dormiflex.it,342 996 1070,"Via Achille Grandi, 7",Santa Maria di Sala,,info@dormiflex.it,https,React,Sì,Google LLC,,,,Sì,No
Oleificio Baffa Stefania Cosenza,Oleificio,,389 151 1246,"Contrada Serra di Cicco, Snc",Santa Sofia d'Epiro,,,,,,,,,,,
Grosso Atanasio,Alimentari,,0984 957590,"Largo Vescovi, 13",Santa Sofia D'epiro,,,,,,,,,,,
Fabbricatore Falegnameria,Falegname,,339 834 1635,Via Trieste,Santa Sofia D'epiro,,,,,,,,,,,
Consorzio Produttori Olio Extravergine d'Oliva Colline di Cosenza,Associazione / Organizzazione,http://collinedicosenza.wix.com/consorzio,389 151 1245,"Via degli Ulivi, 2",Santa Sofia D'epiro,,,,Angular,Non trovato,Google LLC,,,,No - Pagina Non Trovata (404),No
Azienda Agricola Paolo Chimento,Agricoltura,,0984 957733,Contrada Mustica,Santa Sofia d'Epiro,,,,,,,,,,,
Azienda Agricola Paldino Loredana - Frantoio Oleario Famiglia Chimento (Ex Olearia Sofiota),Oleificio,,0984 957721,"Contrada Mustica, 8",Santa Sofia d'Epiro,,,,,,,,,,,
Olio Extravergine di Oliva Biologico - IGP di Calabria 100% Italiano - MIRACCO,Azienda agricola biologica,http://www.agricolamiracco.it,340 369 5910,"contrda arlino, 17",Santa Sofia d'Epiro,,info@agricolamiracco.it,https,Basekit,No,Aruba S.p.A.,,,,Sì,No
Linea verde - Legname da ardere di Greco Francesco,Legna da ardere e pellet,,328 956 5111,Via Nazionale,Santo Stefano di Rogliano,,,,,,,,,,,
Metaflex | Vendita materassi e sistemi letto,Negozio di materassi,https://www.materassi-metaflex.it,02 9727 0705,"Via Leonardo da Vinci, 7",Santo Stefano Ticino,,,https,WordPress,Sì,Netsons Network,,,,Sì,No
Elettrauto Scaglione Franco Emilio,Servizio componenti elettrici per auto,,0984 969762,"Via Nazionale, 17",Santo Stefano di Rogliano,,,,,,,,,,,
Giodà,Conservificio,https://www.giodashop.it,0984 171 7344,"Via Aldo Moro, 1",Santo Stefano di Rogliano,,info@giodashop.it,https,Basekit,No,Aruba S.p.A.,,,,Sì,No
F.lli Domanico Snc di Angela Domanico,Officina autoriparazioni,http://www.fratellidomanico.it,0984 980843,"Via Nazionale, 48",Santo Stefano di Rogliano,,,https,React,No,Aruba S.p.A. Network,,,,Sì,No
Eco Edil Trivieri S.r.l.,Appaltatore,,0962 54077,"Via Giacomo Puccini, 44",Scandale,,,,,,,,,,,
Boccia Casalinghi,Negozio di materassi,,089 520380,"Via Lauro, 212",Scalea,,,,,,,,,,,
Azienda Agricola Maida,Oleificio,http://www.aziendamaida.it,335 610 8364,"Via S. Nicola, 213",Scandale,,,https,React,No,Keliweb S.R.L,,,,Sì,No
Savelli Gian Luca,Negozio di materassi,,393 956 9409,"Via Voltella, 62",Sinalunga,,,,,,,,,,,
Alimentari Aquila Market,Negozio di alimentari,,0984 966074,"Via Guglielmo Marconi, 82",Scigliano,,,,,,,,,,,
Materassi Manzi,Negozio di materassi,http://www.materassimanzi.com,081 519 8511,"Via Liberato Spiezia, 6",San Vitaliano,,materassificiomanzi@pec.it,https,React,No,Google LLC,,,,Sì,No
Mitidieri Franco,Fornitore di trattori e macchine agricole,,393 991 4987,"Contrada S. Primo, 7",Laino Borgo,,,,,,,,,,,
Point Service Autofficina L.G. di Laino Gregorio,Meccanico e assistenza automobili,,0981 82093,Contrada Pianette,Laino Borgo,,,,,,,,,,,
Caseificio Delizie Del Pollino Di Russo Cherubina & C.,Caseificio,,0981 85691,"Contrada S. Primo, 70",San Primo,,,,,,,,,,,
Demarauto di De Mare Giuseppe,Concessionario auto,http://demarautolainoborgo.myadj.it,353 365 9809,"Contrada S. Primo, 30/a",Laino Borgo,,,https,Shopify,No,"Cloudflare, Inc.",,,,Sì,No
Prossomariti - Edilizia Termoidraulica Ferramenta -,Negozio,,0966 991594,"Via Beato Luigi Guanella, 11",Laureana di Borrello,,,,,,,,,,,
Dorelan Lamezia Terme,Negozio di materassi,https://www.dorelan.it/it/punti-vendita/negozio-dorelan-lameziaterme,0968 200773,"Via Aldo Moro, 28",Lamezia Terme,,,https,WordPress,Sì,"Amazon.com, Inc.",,,,Sì,No
Olearia Di Cavallaro Giuseppe,Oleificio,,0966 901383,"Via Roma, 2",Laureana di Borrello,,,,,,,,,,,
IQOS PARTNER - Laureana di Borrello,Tabaccheria,,0966 991045,Via Sant'Anna,Laureana di Borrello,,,,,,,,,,,
Azienda Agricola Carbone - Olio extravergine di oliva,Oleificio,http://www.aziendaagricolacarbone.it,327 560 5566,Contrada Torre,Laureana di Borrello,,info@aziendaagricolacarbone.it,https,React,Sì,Server Plan S.r.l.,,,,Sì,No
Centro Permaflex Lamezia Terme,Negozio di materassi,https://www.centropermaflexcalabria.it,0968 448370,"Viale dei Mille, 52",Lamezia Terme,,,https,WordPress,No,OVH ISP,,,,Sì,No
A.C.M. Antincendio Catizone Molinaro S.R.L.,Antinfortunistica,,0968 97661,"Viale della Libertà, 4",Falerna Marina,,,,,,,,,,,
Ceramiche Artistiche Di Giuseppe Ferraro,Negozio di ceramiche,,0966 317643,"Via Luzzatti, 4",Seminara,,,,,,,,,,,
Solution,Agenzia di assicurazioni,,342 800 6665,"Via Taureana, 31",Seminara,,,,,,,,,,,
Azienda Sanitaria Provinciale Di Vibo Valentia,Servizi medici locali,,0963 65495,Viale della Resistenza,Spilinga,,,,,,,,,,,
Tutto Per L'Agricoltura Di Bruzzese Annunziata,Ferramenta,,340 706 0674,"Via piani corona, N 73",Seminara,,,,,,,,,,,
M.D.M. Segnaletica Stradale Di Maruca Carmelo,Negozio di segnaletica,,0968 81322,Contrada Macchie,Serrastretta,,,,,,,,,,,
Salumificio Latteria Monte Poro S.r.l.,Salumeria,http://www.monteporo-spilinga.it,0963 65238,Via Provinciale,Spilinga,,info@monteporo-spilinga.it,https,React,No,IT.Gate S.p.A.,,,,Sì,No
KiFà S. A. S. di Aiello Angelo C.,Negozio di arredamento per bar e ristoranti,,351 581 0268,C.da Macchia,Serrastretta,,,,,,,,,,,
Lordflex's,Produttore,https://www.lordflex.com,0731 879466,"S.s. 360, Via Carrara, 11/Km. 23,00",Serra de' Conti,,info@yourdomain.com,,WordPress,Sì,OVH SAS,,,,Sì,No
Care' Luigi,Autoscuola,http://www.dat.de,0963 70768,Via Scendamo,Serra San Bruno,,,https,Typo3,No,Akamai Technologies,,,,Sì,No
Stirparo S.R.L.,Produttore di porte,https://www.stirparo.com,0961 998391,"Via Acqua degli Ulivi, 2",Settingiano,,info@stirparo.com,https,WordPress,Sì,Aruba S.p.A. Network,,,,Sì,No
Vellone carbone di Calabria,Fornitore di carbone,http://www.vellonecarbonedicalabria.com,324 074 7501,"Via Serra dei Monaci, 22",Serra San Bruno,,vellonelegnami@libero.it,https,WordPress,Sì,TransIP BV,,,,Sì,No
Principe Srl,Negozio di articoli per finestre,https://www.principepro.it,0967 9450,"Via Carfella', 14",Settingiano,,info@principepro.it,https,Shopify,Sì,Aruba S.p.A.,,,,Sì,No
Cotto Cusimano,Ditta specializzata in pavimentazioni,http://www.cottocusimano.com,0961 998239,"Via Campo, 21",Settingiano,,commerciale@cusimano.it,https,React,Sì,Passepartout s.a.,,,,Sì,No
Menniti & Mercuri srl,Produttore di mobili,http://www.mennitimercuri.com,339 225 1448,Zona Industriale Località Difesa.8,Caraffa di Catanzaro,,,https,React,Sì,Hostinger International Limited,,,,Sì,No
Personal Factory S.p.A.,Fornitore di attrezzature per l'edilizia,http://www.personalfactory.eu,0963 74257,"101 Viale F, Via Ceniti A.",Simbario,,info@personalfactory.eu,https,Joomla,No,Google LLC,,,,Sì,No
RMT Arredo s.r.l.,Negozio di mobili,,0963 341060,"Snc, Via I Maggio, Soriano Calabro, VV 89831",Soriano Calabro,,,,,,,,,,,
Manila Di Raffaele S.R.L.,Negozio di mobili,https://www.manilavimini.it,0963 351766,"Via I Maggio, Snc",Soriano Calabro,,,https,Joomla,No,Aruba S.p.A.,,,,Sì,No
Varì Vimini,Negozio di mobili,http://www.varivimini.com,0963 352859,"Contrada Mesima, snc",Soriano Calabro,,,https,WordPress,Sì,Servereasy Srl,,,,Sì,No
Vari' Pasquale Sas Di V.P.&C.,Produttore di mobili,,0963 351947,"Via della Libertà, 60",Soriano Calabro,,,,,,,,,,,
Calcestruzzi San Domenico Srl,Fornitore di materiali da costruzione,,0963 352862,Contrada Morani,Soriano Calabro,,,,,,,,,,,
Oleificio Sabolio,Oleificio,http://oleificiosabolio.myadj.it/v/oleificiosabolio,0963 352697,"Contrada Mesima, Snc",Soriano Calabro,,,https,React,No,"Cloudflare, Inc.",,,,Sì,No
Arpaia Di Arpaia Generoso E C. S.A.S.,Azienda di confezionamento,,0964 381142,"Via Spalato, 9",Siderno,,,,,,,,,,,
AW LAB,Negozio di scarpe,,0964 347952,"S.da Statale 106 Jonica, KM 106",Siderno,,,,,,,,,,,
OTR ORTOPEDIA SANITARIA - SEDE OPERATIVA SIMERI CRICHI,Negozio di articoli ortopedici,http://www.ottierre.it,0961 022529,Località S. Francesco Zona Industriale,Simeri Crichi,,,https,Joomla,Sì,OVH ISP,,,,Sì,No
Elia Industrie Metalmeccaniche Srl,Produttore di strutture metalliche,,0961 790804,Zona Ind.le Petrara,Simeri Crichi,,,,,,,,,,,
Artigianato Tessile Calabrese & Intimo di...,Camera dell'artigianato,,329 404 9571,"Corso Garibaldi, 227",Soveria Mannelli,,,,,,,,,,,
CAR SORACE SRL - Driver Center Pirelli,Negozio di pneumatici,https://www.drivercenter.eu/it-it/gommisti-e-officine/IT0008070493.html,0963 342825,"SP73, 73",Soriano Calabro,,,https,Contiki CMS,Sì,"Cloudflare, Inc.",,,,Sì,No
Calabria Conserve,Produttore,https://www.calabriaconserve.it,0961 799533,"Contrada Apostolello, 43",Simeri Crichi,,info@calabriaconserve.it,https,Joomla,Sì,Netsons Network,,,,Sì,No
Will Moda Di Villella Antonello,Negozio di abbigliamento,,0968 666202,"Corso Garibaldi, 290",Soveria Mannelli,,,,,,,,,,,
Casa Idea,Negozio di materassi,,0967 530350,"Via G. Bruno, 40",Soverato,,,,,,,,,,,
Satip S.r.l.,Archivio,http://www.satip.digital,0968 63330,"Via Rosario Rubbettino, 9",Soveria Mannelli,,,https,WordPress,Sì,Keliweb S.R.L,,,,Sì,No
Camillo Sirianni S.A.S,Produttore di mobili,http://www.sirianni.it,0968 662147,"Località Scaglioni, 30",Soveria Mannelli,,info@sirianni.it,https,Joomla,No,Aruba S.p.A.,,,,Sì,No
Profiltek Srl,Impresa edile,http://www.profiltek.it,0968 662840,"Via M. Cervantes, 17",Soveria Mannelli,,,https,React,No,Passepartout s.a.,,,,Sì,No
Ariete Materassi Dello Zodiaco Di Marcantonio Ignazio,Negozio di materassi,,095 779 2286,"54, Via Finocchiaro Aprile, Giarre, CT 95014",Giarre,,,,,,,,,,,
Morrone - Specialisti del Riposo,Negozio di materassi,http://www.morronematerassi.com,346 422 2192,"Contrada Santa Loja, Snc",Tito,,,https,WordPress,No,Server Plan S.r.l.,,,,Sì,No
G.A. Racing Spezzano della Sila,Officina autoriparazioni,,0984 434947,"Via Stazione, 47/49",Spezzano della Sila,,,,,,,,,,,
Fratelli Perri,Negozio di forniture per la lavorazione del legno,,0984 435656,"Via Dante Alighieri, 69",Spezzano Piccolo,,,,,,,,,,,
Magna Graecia,Azienda vinicola,http://www.magnagraeciavini.it,347 192 7214,"S.da 107 Silana Crotonese, 169",Spezzano della Sila,,,https,WordPress,No,Google LLC,,,,Sì,No
Mastro Gabriele Sas di Tassone Antonio Bruno e C.,Negozio di bricolage,http://www.tashop.it,0963 74287,Contrada S. Ruggero,Spadola,,lanuino@libero.it,https,Shopify,No,Aruba S.p.A. Network,,,,Sì,No
"Scrivano Terre d'Altopiano | Produzione artigianale di formaggi e derivati, yogurt e gelati",Caseificio,https://www.terredaltopiano.it,337 236 457,Ponte Vaccarizzo,Spezzano della Sila,,info@terredaltopiano.it,https,ASP.NET,Sì,IP VDF,,,,Sì,No
Azienda Sanitaria Provinciale Di Cosenza - Ospedale Civile G.Chidichimo,Ospedale,,0981 509111,Via Pierre e Marie Curie,Trebisacce,,,,,,,,,,,
I Sogni di Minù,Negozio di ceramiche,,348 993 1004,"Via Peschiera, 12",Trebisacce,,,,,,,,,,,
Jonica Revisioni Di Ferraro Domenico & C. Sas,Officina autoriparazioni,,0981 507439,E90,Trebisacce,,,,,,,,,,,
Autoscuola Napoli,Autoscuola,,0981 507372,"Via Prima Piana, 6",Trebisacce,,,,,,,,,,,
American Fast Food BeerHouse di Capraro,Birreria,,0981 500575,"Via Don Giovanni Bosco, 3",Trebisacce,,,,,,,,,,,
Agrisana Agricoltura e Giardinaggio,Negozio di articoli per il giardinaggio,,349 807 6393,"Viale dell'Industria, Snc",Trebisacce,,,,,,,,,,,
Rizzo Nicola,Pescheria,,0981 57293,"Viale della Libertà, 137",Trebisacce,,,,,,,,,,,
Cartolibreria ANTHOS,Cartoleria,https://sites.google.com/view/cartolibrerianthos/home-page,0981 500340,"Via Galileo Galilei, 41",Trebisacce,,,https,Angular,No,Google LLC,,,,Sì,No
Li Riparo di Gianluca Ambrogio,Negozio di telefoni cellulari,,389 435 9593,"Via Alfredo Lutri, 33",Trebisacce,,,,,,,,,,,
Fischiettomania,Negozio di abbigliamento sportivo,http://www.fischiettomania.com,373 526 1270,"Via Enrico Mattei, 5",Trebisacce,,info@fischiettomania.com,https,Joomla,Sì,Serverplan s.r.l.,,,,Sì,No
PoliSoft s.r.l,Azienda informatica,https://www.polisoft.net,0981 500486,"Via Dublino, 22",Trebisacce,,,https,Basekit,No,Aruba S.p.A.,,,,Sì,No
Bioagrumi di M.Pizzini - Solefrutta,Produzione e ingrosso alimentari,http://www.solefrutta.it,0981 57322,Via Carlo Pisacane,Trebisacce,,info@solefrutta.it,https,React,Sì,Serverplan s.r.l.,,,,Sì,No
Tic Tac Di Landro Francesco,Gioielliere,,0963 666746,"Via Vittorio Veneto, 30",Tropea,,,,,,,,,,,
Hotel Parnaso,Hotel,https://hotelparnaso.it,0981 070400,"Via Longo, 3",Trebisacce,,info@hotelparnaso.it,https,WordPress,No,Google LLC,,,,Sì,No
Gioielleria La Vicentina,Gioielliere,,0981 51446,"Via Alfredo Lutri, 121",Trebisacce,,,,,,,,,,,
Permaflex Store,Negozio di materassi,https://www.permaflex.it,349 410 0905,"Via A. De Gasperi, 64",Vibo Valentia,,,https,Joomla,No,Aruba S.p.A.,,,,Sì,No
Enjoy,Gelateria,,349 860 9662,"Corso Vittorio Emanuele, 40",Tropea,,,,,,,,,,,
DIPERspesa,Negozio di alimentari,http://www.diper.it,0963 195 0333,"Viale Don Mottola, SP20",Tropea,,,https,WordPress,Sì,Keliweb S.R.L,,,,Sì,No
MARCHISA VINI,Azienda vinicola,https://www.marchisa.it,348 116 8776,"Via Libertà, 4",Tropea,,info.marchisa@gmail.com,https,WordPress,No,Aruba S.p.A. Network,,,,Sì,No
Proran S.N.C. Di Procopio & Ranieli,Servizio componenti elettrici per auto,,0963 508101,"Viale Kennedy J. F., 15",Stefanaconi,,,,,,,,,,,
Prodotti tipici L'isola dei sapori,Negozio di prodotti alimentari italiani,http://www.isoladeisapori.net,349 247 9759,"Via Umberto I, 73",Tropea,,,https,React,Sì,Google LLC,,,,Sì,No
Oleificio Rubino Sas,Oleificio,,0963 262933,"Via S. Croce, 18",Stefanaconi,,,,,,,,,,,
Farmacia Fiamingo E Cristofalo,Farmacia,,0963 664064,"Via F. Campanella, 9",Zungri,,,,,,,,,,,
F. C. Arredamenti Sas di Cacciatore Michele,Negozio di materassi,,0963 664001,"Via Umberto Iº, 112",Zungri,,,,,,,,,,,
Fabbrica enoteca ristorante,Ristorante,http://www.enotecafabbrica.com,320 112 1531,"Via Francesco Fiorentino, Salita Cappuccini, snc",Vibo Valentia,,,https,WordPress,No,Server Plan S.r.l.,,,,Sì,No
Santo Damiano,Lavorazione di frutta e verdura,http://www.santodamiano.com,0983 80575,c/da mezzofato,Mezzofato II,,info@santodamiano.com,https,WordPress,Sì,Aruba S.p.A.,,,,Sì,No
Olio Lento | Frantoio Oleario,Oleificio,http://www.oliolento.it,348 939 4582,"Contrada Canna, 23",Tarsia,,info@oliolento.it,https,WordPress,Sì,Serverplan s.r.l.,,,,Sì,No
Guardia Medica,Ambulatorio di zona,,0981 952741,"Via Padre Callisto Lopinot, 2/12",Tarsia,,,,,,,,,,,
Agricola 2000 srl,Fornitore di trattori e macchine agricole,http://www.agricola2000.srl,0981 952151,Contrada Cona,Tarsia,,info@agricola2000.srl,https,WordPress,Sì,Aruba S.p.A.,,,,Sì,No
Ferramenta F.Lli Mercurio,Negozio di materiali da costruzione,,0961 919717,"Via Edmondo De Amicis, 2",Vallefiorita,,,,,,,,,,,
O.M.G. - Officine Metalmeccaniche Generali,Impresa di costruzioni,http://www.omgkr.it,0962 88021,"Contrada Frasso, 6",Marina di Strongoli,,info@multiprojects.it,http,React,No,Aruba S.p.A.,,,,Sì,No
Ditta Cetraro - Artigiani dei motori elettrici,Officina per la riparazione di motori elettrici,https://www.dittacetraro.it,0981 952684,Contrada Ferramonti,Tarsia,,info@dittacetraro.it,https,WordPress,Sì,Aruba S.p.A.,,,,Sì,No
Mondolegno,Negozio di arredamento da giardino,http://www.mondolegnostore.com,353 407 5260,Contrada Malapezza,Giammoro,,info@mondolegnostore.com,https,React,Sì,Amazon.com,,,,Sì,No
Prodotti tipici calabresi Scarfò,Negozio di alimenti naturali,https://prodottitipiciscarfo.it,320 252 5208,"Splendidi Splendenti, Via Circonvallazione sud 202 R Vicino negozio, Via Circonvallazione Nord, 202",Taurianova,,,https,WordPress,Sì,Google LLC,,,,Sì,No
CENTRO MATERASSI - BAVA Solutions,Negozio di letti,http://www.falegnameriabava.com,0963 365086,"LUBE STORE - BAVA Solutions, SP17, 26",Mesiano,,,http,Angular,No,Aruba S.p.A. Network,,,,Sì,No
Incal Agricola S.r.l. - Produzione succhi d'arancia,Fornitore di prodotti alimentari,http://www.incalagricola.com,0966 874030,Via Lisello,Varapodio,,,https,React,No,Google LLC,,,,Sì,No
Deposito Agricolo La Madre Terra,Deposito,,347 891 5594,"Via Pietro Mancini,14",Verzino,,,,,,,,,,,
Falegnameria Verbicarese S.R.L.,Falegname,,0985 60275,Contrada Mosito,Verbicaro,,,,,,,,,,,
Silvestri V. Sas Di Silvestri Francesco G.& C.,Ferramenta,,0985 60099,"Via Roma, 30",Verbicaro,,,,,,,,,,,
Verbicaro Viti E Vini Srl,Azienda vinicola,https://www.verbicarovitievini.it,0985 197 0002,"87020, Contrada S. Francesco",Verbicaro,,info@verbicarovitievini.it,https,React,No,Google LLC,,,,Sì,No
Discovering Presila,Produttore di alimentari,http://www.discoveringpresila.com,345 043 2141,"Via Torino, 23",Zagarise,,,https,React,No,"Cloudflare, Inc.",,,,Sì,No
San Carlo Snc,Oleificio,,0961 937028,"Contrada Mastro, Zagarise, CZ 88050",Zagarise,,,,,,,,,,,
Status materassiedivani,Negozio di divani,,371 341 5140,"Via Cavallerizza, 9",Lamezia Terme,,,,,,,,,,,
Duelle Distribution Srl,Magazzino all'ingrosso,https://duelledistribution.com,0984 924171,"Via Pantoni, 4",Montalto Uffugo,,info@duelledistribution.com,https,WordPress,No,Aruba S.p.A. Network,,,,Sì,No
Premac Srl,Laboratorio chimico,http://www.premac.it,0968 453848,"Viale Santuario Di Dipodi VI Trav., 1",Feroleto Antico,,info@pec.premac.it,https,Joomla,No,Host SpA,,,,Sì,No
Mediemme Srl,Negozio di calzature ortopediche,,0984 937531,Via Piana S. Francesco,Lucchetta,,,,,,,,,,,
Melalisia Lavorazione Polistirolo di Chiappetta Ornella,Negozio di artigianato tipico,http://www.melalisia.it,335 787 2973,Via Bologna,San Nicola,,melalisia@gmail.com,https,Joomla,No,Aruba S.p.A.,,,,Sì,No
La Commerciale Montaltese (Taverna),Fornitore di prodotti per la pulizia,https://www.lacommercialemontaltese.it,0984 938167,"Via P. Borsellino, 10",Montalto Uffugo,,,https,Angular,Sì,Aruba S.p.A. Network,,,,Sì,No
Pasqua Srl Pizzi E Merletti,Grossista di tessuti,,0984 937182,"Via dell'industria, 30",Montalto Uffugo,,,,,,,,,,,
Garritano 1908,Cioccolateria,http://www.garritano1908.com,0984 939154,"Via Aristide de Napoli, 17",Montalto Uffugo,,info@millenovecentotto.it,http,ASP.NET,No,Aruba S.p.A. Network,,,,Sì,No
JYSK Zumpano,Negozio di mobili,https://jysk.it/stores-locator,0984 145 4454,Via Beato Francesco Marino 25 Loc,Malavicina,,,https,Drupal,No,Akamai Technologies,,,,Sì,No
De Luca Arredamenti Commerciali Srl,Negozio di arredamento per bar e ristoranti,,0984 391010,Via Beato Francesco Marino,Zumpano,,,,,,,,,,,
Regina Srl,Negozio di alimentari,,0984 828001,Via Beato Francesco Marino,Zona Industriale Menna,,,,,,,,,,,
Tufaro Marmi,Ditta specializzata in marmi,,340 850 4043,"Via Beato Francesco Marino, 53",Zumpano,,,,,,,,,,,
Elefante Cash&Carry,Grossista cash & carry,,0984 828 0124,"Via Beato Francesco Marino, snc",Zumpano,,,,,,,,,,,
MEDIA CONTRACT S.A.S. DI CUCCURULLO G. & C.,Ditta specializzata in pavimentazioni,https://www.mediacontract.it,0984 408344,"Via Beato Francesco Marino, 77/79",Zumpano,,info@mediacontract.it,https,React,No,Aruba S.p.A. Network,,,,Sì,No
Fdr Autoricambi,Negozio di ricambi per auto,http://www.fdrautoricambi.com,0984 464719,"Via Beato Francesco Marino, n, 1",Zumpano,,,https,ASP.NET,No,Aruba S.p.A. Network,,,,Sì,No
For Design Arredamenti (LUBE COSENZA),Negozio di mobili,https://www.fordesignarredamenti.it,0984 390379,"Via Panebianco, 293",Cosenza,,info@fordesignarredamenti.it,https,Wix,Sì,Google LLC,,,,Sì,No
Calabria Legno Srl,Taglialegna,,0963 311053,"Corso Vittorio Emanuele III, 1",Mongiana,,,,,,,,,,,
Reali ferriere ed Officine di Mongiana,Attrazione turistica,http://www.museorealiferrieremongiana.it,0963 311087,"Via Madonnella, 12",Mongiana,,,http,React,No,Aruba S.p.A.,,,,Sì,No
"Alessandro Pagano - Il Divano Italiano - Store Rende, Cosenza",Negozio di divani,https://www.alessandropagano.com,0984 181 0755,"Via Giuseppe Verdi, 44",Rende,,,https,React,No,Aruba S.p.A. Network,,,,Sì,No
Parafarmacia Chiappetta Della Dottoressa Filomena Chiappetta,Parafarmacia e drogheria,,0984 304687,"Via S. Sebastiano, 14",Torano Castello,,,,,,,,,,,
Greco Ecology,Servizio di gestione dei rifiuti,,0984 506020,SP 241,Torano Castello,,,,,,,,,,,
NEW FANTASY DI RIZZUTO ROSALBA - Articoli da regalo e bomboniere,Negozio di articoli da regalo,http://www.newfantasydiamant.it,338 714 4300,via Nazionale,Stazione di Torano,,,https,WordPress,No,Aruba S.p.A. Network,,,,Sì,No
Boutique Luana,Boutique,,0984 904119,"Viale S. Marco, 112",Torano Castello,,,,,,,,,,,
GMC Store,Negozio di abbigliamento,,0984 457824,"Via S. Sebastiano, 8",Torano Castello,,,,,,,,,,,
Prugne dei frati di Terranova - Az. Crinò Greco,Azienda agricola biologica,,329 934 2403,"Piazza XXIV Maggio, 8",Terranova Sappo Minulio,,,,,,,,,,,
Il Ghiro - Materassi,Negozio di materassi,http://www.ghiromaterassi.it,0789 376619,SS 125 Orientale Sarda,Olbia,,info@ghiromaterassi.it,https,Shopify,Sì,Netsons s.r.l.,,,,Sì,No
Salumificio F.lli Rastella',Macelleria,,0963 889821,"Via delle Fosse Ardeatine, 43",Limbadi,,,,,,,,,,,
Distilleria F.lli Caffo S.r.l.,Produzione distillati e liquori,http://www.caffo.com,0963 85025,"Via Nicholas Green, 47",Limbadi,,,https,ASP.NET,No,OVH SAS,,,,Sì,No
Surprise Fireworks!!,Negozio di fuochi d'artificio,,345 790 9100,Via delle Fosse Ardeatine,Limbadi,,,,,,,,,,,
Mulino Tripaldi,Mulino,,0963 89041,"Via Guido Rossa, 5",Caroni,,,,,,,,,,,
L'Agricola Sud Sas Di Zipparri Maria,Ferramenta,,0981 992575,"Contrada vigne, Via Nazionale, n 6",Francavilla Marittima,,,,,,,,,,,
PowerSafe Srl,Ufficio aziendale,https://www.powersafe.eu,0963 85454,"Via Palmiro Togliatti, 11",Limbadi,,info@powersafe.eu,https,Shopify,Sì,Google LLC,,,,Sì,No
Dolci Notti,Negozio di materassi,,350 100 2222,"Via Adriatica, 315",Francavilla al Mare,,,,,,,,,,,
Calabria Dreams,Negozio di materassi,,346 803 9960,"Via Mulinello, 19",Brognaturo,,,,,,,,,,,
Antonio Oleario Cerchiara,Oleificio,,0981 902334,"Via Giuseppe Mazzini, 42",Francavilla Marittima,,,,,,,,,,,
Dolceflex,Negozio di materassi,http://www.dolceflex.it,085 491 4442,"Via Costanza D'Avalos, 81",Francavilla al Mare,,info@dolceflex.it,https,Angular,Sì,OVH SAS,,,,Sì,No
dreaming s.c.arredamenti centro materassi,Negozio,,320 188 6132,"Via Kennedy, 288-290",Barcellona Pozzo di Gotto,,,,,,,,,,,
Market edicola di Aferdita Marashi,Edicola,,351 786 7995,"Via della Conciliazione, 4/a",Montegiordano,,,,,,,,,,,
Apicoltura Terranovese Sdf Di Romeo & Faillace,Apiario,,0981 956377,"Corso Regina Margherita, Terranova Da Sibari, CS 87010",Terranova Da Sibari,,,,,,,,,,,
CTNS,Oleificio,,0981 957330,"Corso Margherita, 468",Terranova Da Sibari,,,,,,,,,,,
Leonetti Damiano,Oleificio,,0981 955201,"Via Repubblica, 10",Terranova da Sibari,,,,,,,,,,,
Frantoio Oleario Miracolo Domenico,Oleificio,,338 183 9789,contrada don angelo,Terranova Da Sibari,,,,,,,,,,,
Materassi Dolce Riposo Ruggiero,Negozio di materassi,http://www.dolceriposoruggiero.com,089 878688,"Via S. Severino Tommaso, 79",Baronissi,,info@dolceriposoruggiero.com,https,WordPress,Sì,Google LLC,,,,Sì,No
Aloe Store - L'Angolo dell'Aloe,Erboristeria,http://www.aloestore.it,327 582 1965,"V. Orto di Mele, 9",Terranova da Sibari,,info@aloestore.it,https,Shopify,Sì,Serverplan s.r.l.,,,,Sì,No
Di Paola Maria Lucia,Negozio di materassi,,0962 901740,"Via XXV Aprile, 189",Crotone,,,,,,,,,,,
Senza filo shop,Fabbrica di tessile,,349 792 7074,Via Firenze,Crotone,,,,,,,,,,,
Sud Center,Negozio di mobili,,0962 930664,"Via Enrico Fermi, 18",Crotone,,,,,,,,,,,
Alecce S.r.l.,Negozio di articoli per bambini,,0962 376950,"Via Torino, 89",Crotone,,,,,,,,,,,
Industria Casearia S.r.l. di Cimino & Ioppoli,Caseificio,,0962 930084,via G. Donegani,Crotone,,,,,,,,,,,
Facino Srl - Prodotti Gastronomici - Crotone,Conservificio,http://www.facino.it,0962 931698,Via Enzo Ferrari,Crotone,,amministrazione@facino.it,https,WordPress,Sì,Amazon Technologies Inc.,,,,Sì,No
Mobili Mungo,Negozio di mobili,http://mobilimungo.it,0984 969077,"Via Nazionale, S.da Statale 19 delle Calabrie, 76",Mangone,,,https,PrestaShop,No,Aruba S.p.A. Network,,,,Sì,No
Liquorificio Lacinio - Amaro Milone & Milone Nero,Produzione distillati e liquori,http://www.amaromilone.it,0962 937186,"Via Giuseppe Mercalli, 16",Crotone,,info@amaromilone.it,http,React,Sì,Keliweb S.R.L,,,,Sì,No
Calabria Food,Produzione e vendita di scorte alimentari,http://www.calabriafoodstore.it,0984 969121,Zona Industriale,Mangone,,info@calabriafood.it,https,React,No,Passepartout s.a.,,,,Sì,No
Tessilart,Negozio di abbigliamento,,338 921 1234,"P.za Italia, 9",Tiriolo,,,,,,,,,,,
P. S. Serramenti di Luigi Pace,Fornitore di finestre,,0983 42257,"Via Francia, 50",Crosia,,,,,,,,,,,
Azienda Sanitaria Provinciale Di Cosenza - Guardia Medica - Poliambulatorio,Servizi medici locali,,0983 42719,"Via P. Togliatti, 35",Mirto,,,,,,,,,,,
AUTOCENTRO,Meccanico e assistenza automobili,,0983 43734,"Via Nazionale, 2",Mirto,,,,,,,,,,,
Madreterra,Oleificio,http://www.madreterra.calabria.it,335 132 9187,via Muzio Crotone località Crisettello,Calopezzati,,,https,WordPress,Sì,Retelit Digital Services S.p.A.,,,,Sì,No
Azienda Agricola e Agriturismo Vulcano - Mirto Crosia - Calabria,Agriturismo,https://agriturismovulcano.com,0983 42185,"Via dei Mirtilli, 8",Crosia,,info@agriturismovulcano.com,https,React,No,Server Plan S.r.l.,,,,Sì,No
D'ambrosio Ricambi S.R.L.,Negozio di ricambi per auto,,0885 651654,"Via Cerignola, 35",Ascoli Satriano,,,,,,,,,,,
Duetto Srl,Torrefazione,https://caffeduetto.it,0885 660918,Contrada Giarnera Grande,Ascoli Satriano,,,https,WordPress,No,Servereasy Srl,,,,Sì,No
Quelli Della Notte - Fabbrica Materassi,Negozio di materassi,http://www.quellidellanottesnc.it,0881 637552,"Viale Ofanto, 173",Foggia,,,https,Shopify,No,Keliweb S.R.L,,,,Sì,No
"Lav System, Fabbrica Materassi e Rivenditore Tempur Sealy",Negozio di materassi,https://www.lavsystem.it,035 926980,"Via Martiri delle Foibe, 1",Villongo,,,https,Shopify,No,OVH ISP,,,,Sì,No
Materassi Roma - Idea Notte di Catarinelli,Negozio di materassi,https://www.ideanotteroma.it,06 780 0685,"Via Tuscolana, 440",Roma,,info@ideanotteroma.it,https,Laravel,No,Server Plan S.r.l.,,,,Sì,No
Materassi Reti e Letti Fedelflex Di Amantia Andrea,Negozio di materassi,http://www.fedelflex.it,06 7690 7805,"Via Papiria, 8a/8b/10",Roma,,info@fedelflex.it,http,WordPress,No,Servereasy Srl,,,,Sì,No
Fabbrica Materassi Iazzetta Marco,Negozio di materassi,,333 922 6521,"Via Riccardo Russo, 10",Afragola,,,,,,,,,,,
Inve.Comm. Srl Fabbrica Materassi,Negozio di materassi,http://www.invecomm.com,06 9008 0329,"Via Salaria, 108A",Monterotondo,,cristianosbarbati@gmail.com,https,WordPress,Sì,OVH ISP,,,,Sì,No
Pegaso Flex,Negozio di materassi,http://pegasoflex.it,06 910 4359,"Via Pontina, Km. 31/500",Pomezia,,,https,Shopify,Sì,"Cloudflare, Inc.",,,,Sì,No
Artigiana Materassi,Negozio di materassi,https://www.artigianamaterassi.com,06 2180 3126,"Viale Palmiro Togliatti, 901",Roma,,info@artigianamaterassi.com,https,React,No,Aruba S.p.A.,,,,Sì,No
La Fabbrica Delle Candele,Negozio di candele,https://candeleshop.com,+378 0549 995194,"Contrada del Collegio, 34",Città di San Marino,,,https,Shopify,No,"Cloudflare, Inc.",,,,Sì,No
Em.An. S.r.l.,Negozio di materassi,http://www.emanroma.com,06 8858 8191,"Via Salaria, 108/A",Monterotondo Scalo,,shop@emanroma.com,https,WordPress,Sì,OVH ISP,,,,Sì,No
Carpinone Olio Extravergine di Oliva,Vivaio,http://www.oliocarpinone.com,388 142 1851,"Via Parco delle More, 24",Traversa,,info@oliocarpinone.com,https,WordPress,Sì,Google LLC,,,,Sì,No
Control Alt Canc,Negozio di computer,https://www.controlaltcanc.it,0881 319031,"Via Giardino, 240",Biccari,,info@controlaltcanc.it,https,React,No,Aruba S.p.A.,,,,Sì,No
D'Aries srl | Prodotti e Conserve Biologici della Puglia,Produttore di alimenti,https://www.daries.it,0881 542309,Zona INDUSTRIALE DI LUCERA - Lotto 37/39,Lucera,,info@fornacioniche.it,https,Shopify,Sì,Aruba S.p.A,,,,Sì,No
Fabbrica Materassi MTA Group,Negozio di materassi,https://www.mtamaterassi.it,011 286788,"Str. Fornacino, 91",Leini,,info@mtamaterassi.it,https,React,Sì,Google LLC,,,,Sì,No
Marlintremiti,Negozio di attrezzature per immersioni,https://www.marlintremiti.com,336 829 746,"Viale Amerigo Vespucci, snc",Isole Tremiti,,,https,React,Sì,Google LLC,,,,Sì,No
BUON FLEX PRODUZIONE E VENDITA MATERASSI,Negozio di materassi,http://www.buonflex.it,0163 450733,Regione Torame,Borgosesia,,buonflex@libero.it,https,Shopify,Sì,"A2 Hosting, Inc.",,,,Sì,No
Fabbrica materassi e letti - Materax Pisolo Torino,Negozio di materassi,https://www.materax.it,347 116 6563,"Via Luigi Cibrario, 73",Torino,,,,React,Sì,OVH SAS,,,,Sì,No
Master Ingross Di Armillotta Valentina,Azienda informatica,,0884 585976,"Via Giovanni Pascoli, 6",Manfredonia,,,,,,,,,,,
Centro Mercerie Di Rignanese Anna & C. Sas,Merceria,,0884 538023,"Piazza S. Michele, 3",Manfredonia,,,,,,,,,,,
MasseriaRodiano,Oleificio,,338 331 2899,"Via S. Lorenzo, 119",Manfredonia,,,,,,,,,,,
Nardella Interni,Designer d'interni,,0882 834374,"SS272, KM 13,200",San Marco in Lamis,,,,,,,,,,,
Di Gennaro Domenico,Officina autoriparazioni,,0882 551585,"Via Vittorio Emanuele, 53",San Paolo di Civitate,,,,,,,,,,,
Tabaccheria Delle Vergini,Tabaccheria,,339 636 8906,"Corso 20 Settembre, 5",San Paolo di Civitate,,,,,,,,,,,
Mongelluzzi Srl,Fornitore di materiali da costruzione,,0884 964257,"Contrada Citrigni, Peschici, FG 71010",Peschici,,,,,,,,,,,
Azienda Agricola Masella - Produzione e Vendita di Olio Extravergine di Oliva Pugliese,Azienda agricola biologica,https://azienda-agricola-masella.jimdosite.com,377 398 4054,Loc.Citrigni sn,Peschici,,,,Jimdo,Non trovato,"Cloudflare, Inc.",,,,Stato Non Determinato,No
Modamare Di Marino Vincenzo Rocco & C. S.A.S.,Negozio di abbigliamento sportivo,,0884 964 0394 ext. 4,"Corso Garibaldi, 10",Peschici,,,,,,,,,,,
Azienda Usl Fg3,Servizi medici locali,,0885 654273,"Corso Principe Umberto, 1",Rocchetta Sant'Antonio,,,,,,,,,,,
Studio Commercialista Prencipe,Ufficio aziendale,,0882 391038,"Via della Costituente, 130",Torremaggiore,,,,,,,,,,,
Agricola Carlucci Di Francesco Carlucci - Farmacia Agricola,Fornitore di fertilizzante,,0882 391884,"Via Federico II, 4",Torremaggiore,,,,,,,,,,,
MATERASSI FOGGIA,Negozio di materassi,http://www.riposoebenessere.com,373 536 8978,"Viale Candelaro, 8",Foggia,,,https,React,No,Google LLC,,,,Sì,No
Quelli Della Notte Fabbrica Materassi - Stabilimento di Produzione,Negozio di materassi,https://quellidellanottesnc.it,0881 310363,Via Camporeale,Foggia,,,https,Shopify,No,Keliweb S.R.L,,,,Sì,No
Iviso Lab,Azienda informatica,,388 922 9126,"Via Laudati Diego, 36",Cassano delle Murge,,,,,,,,,,,
Quelli Della Notte - Fabbrica Materassi (BARLETTA),Negozio di materassi,https://www.quellidellanottesnc.it,0883 018336,"Via Pier delle Vigne, 42",Barletta,,,https,React,No,Keliweb S.R.L,,,,Sì,No
"️ Permaflex Official Store Bari - Materassi, Letti, Divani",Negozio di materassi,http://bariflexmaterassi.com,080 527 5745,"Via Sagarriga Visconti, 16/18",Bari,,,https,Joomla,No,Serverplan S.r.l.,,,,Sì,No
Edil Narracci di Narracci Francesco,Negozio di materiali da costruzione,,080 495 5314,"Str. Vicinale Vecchia Monopoli, 29",Conversano,,,,,,,,,,,
Scardino F.Lli Srl,Grossista di frutta e verdura,,080 495 0596,Contrada San Donato Box 5/9,Conversano,,,,,,,,,,,
Master Italy S.r.l.,Fornitore di finestre,http://www.masteritaly.com,080 495 9823,"SP37, Km 0,5",Conversano,,a.carpino@masteritaly.com,https,React,No,Hetzner Online GmbH,,,,Sì,No
Di Palma Food Srl,Azienda di import-export,http://www.dipalmafood.it,080 495 0333,Via del Ciliegio,Conversano,,,http,Joomla,No,Aruba S.p.A.,,,,Sì,No
Greenbed Locorotondo,Negozio di materassi,https://green-bed.it,080 896 0939,"Via Martina Franca, 44-46",Locorotondo,,,https,WordPress,No,OVH SAS,,,,Sì,No
Greenbed Martina Franca,Negozio di materassi,https://green-bed.it,080 300 5098,"Via Giuseppe Toniolo, 8",Martina Franca,,,https,React,No,OVH SAS,,,,Sì,No
Rafaschieri Relax,Produttore di mobili,,080 416 3609,"Via Napoli, 333/L",Bari,,,,,,,,,,,
Di Fino Girolamo,Azienda di confezionamento,,080 478 2969,"Via S. Vincenzo, 38",Noicattaro,,,,,,,,,,,
Elettroluce - Innamorato Group Srl,Negozio di forniture elettriche,http://www.luxama.com,080 478 5006,"Via Carmine, 167",Noicattaro,,,https,WordPress,No,Google LLC,,,,Sì,No
SR SOLUTION RETAIL,Azienda informatica,http://www.srtecnologie.com,080 478 2213,"Via Incoronata, 67",Noicattaro,,info@srtecnologie.it,https,React,No,Aruba S.p.A. Network,,,,Sì,No
Polleria Porrelli,Negozio di prodotti alimentari per gourmet,,080 478 5188,"Corso Roma, 48",Noicattaro,,,,,,,,,,,
Gi.Ca. Di Giangaspero Pierluigi E Cagnetta Nunzio & C. S.N.C.,Produzione e ingrosso alimentari,,080 351 6500,"Viale del Lilium, 11",Terlizzi,,,,,,,,,,,
Centro Vettori Meridionali Srl,Servizi di trasporto,,080 384 8913,Via Italo Balbo,Terlizzi,,,,,,,,,,,
Zero & Company,Manifattura tessile,http://www.zeroecompany.com,080 351 7474,"Strada Provinciale Mariotto, 70038 Contrada Pozzo Dello Russo",Terlizzi,,,https,WordPress,Sì,Google LLC,,,,Sì,No
Hevea Materassi | Sede di Bari,Negozio di materassi,https://www.heveamaterassi.it,080 914 6870,"Viale Papa Giovanni XXIII, 181",Bari,,,https,WordPress,Sì,OVH SAS,,,,Sì,No
Eminflex Bari,Negozio di materassi,https://www.eminflex.it,349 883 6118,"Viale Papa Giovanni XXIII, 47/49/51",Bari,,,https,WordPress,Sì,Aruba S.p.A.,,,,Sì,No
L'Arte del Casaro - Caseificio,Caseificio,,351 911 8315,"Via Pietro Pedone, 15",Turi,,,,,,,,,,,
Fisiodecamed - Turi,Centro di riabilitazione,,080 451 4126,"Via Matilde de Robertis, 11",Turi,,,,,,,,,,,
Ortofrutticoli Tateo,Grossista di frutta e verdura,http://www.tateogroup.it,080 451 4210,SS 172 dei trulli,Turi,,,http,React,Sì,Aruba S.p.A. Network,,,,Sì,No
Fabbrica Antico Materassificio Italiano,Negozio di materassi,http://www.anticomaterassificioitaliano.it,366 145 2100,"Via De Spuches, 40",Carini,,arimondi@anticomaterassificioitaliano.com,https,Shopify,Sì,Google LLC,,,,Sì,No
San Giorgio Srl,Azienda vinicola,http://www.cantinesangiorgio.it,099 592 4445,"Via Pitagora, 1",Faggiano,,info@tinazzi.it,https,Contiki CMS,Sì,Serverplan s.r.l.,,,,Sì,No
cantina nistri srl,Azienda vinicola,https://www.cantinanistri.it,328 015 8981,"via G. Verdi, Via Vittorio Emanuele, 16",Faggiano,,info@cantinanistri.it,https,React,Sì,Host SpA,,,,Sì,No
Materassi Leonardi,Negozio di materassi,http://www.leonardimaterassi.com,099 452 7829,"Via Duca Degli Abruzzi, 23",Taranto,,,https,Squarespace,No,"Squarespace, Inc.",,,,Sì - Disponibile (Verificato),No
MM - Soluzioni d'arredamento,Negozio di tende,,328 136 3625,"Via Toscana, 26",Laterza,,,,,,,,,,,
Happy Casa Store S.R.L.,Casalinghi,,080 485 3700,"Via G. Cassano Km. 2,200 Z.I",Martina Franca,,,,,,,,,,,
DOCOS SRL EUROLEGNAMI,Negozio di vendita di legname da costruzione,http://www.eurolegnamicaramia.it,080 485 6559,"VIA MOTTOLA KM 2,200 Z. INDUSTRIALE",Martina Franca,,info@eurolegnamicaramia.it,https,Shopify,No,Servereasy Srl,,,,Sì,No
Fashion Team,Manifattura tessile,https://fashion-team.eu,388 371 6100,"Traversa I Via Alessandro Fighera, 31",Martina Franca,,marinocarriero@libero.it,https,WordPress,No,SEEWEB s.r.l.,,,,Sì,No
Cristall Moda - Vetreria,Produttore,,080 480 1219,Via Mottola,Martina Franca,,,,,,,,,,,
Confezioni Lerario,Azienda di confezionamento,http://www.lerario.it,080 485 7175,"Via Mottola, Km 2.200 Zona Industriale , 74015",Martina Franca,,info@tagliatore.com,https,Shopify,Sì,Aruba S.p.A. Network,,,,Sì,No
Soluzioni Casa - Centro Cucine - Centro Camerette,Negozio di mobili per bambini,http://www.soluzioni-casa.com,080 485 7285,"Corso dei Mille, 188",Martina Franca,,,https,WordPress,No,Aruba S.p.A. Network,,,,Sì,No
Industrie Confezioni Acquaviva S.R.L.,Azienda di confezionamento,http://www.acquaviva.it,080 485 5611,"Strada Chiancaro Zona D, 1",Martina Franca,,,,Angular,Non trovato,Google LLC,,,,No - Pagina Non Trovata (404),No
Asta Mobili Design Martina Franca,Negozio di mobili,http://www.astamobilidesign.it,080 214 8407,"Via Mottola, Km 2",Martina Franca,,,https,React,No,Aruba S.p.A.,,,,Sì,No
Officine Palmisano Francesco,Negozio di artigianato tipico,,328 702 9016,"Via Massafra, n 1",Martina Franca,,,,,,,,,,,
Cappella della Divina Misericordia,Chiesa cattolica,,349 143 3754,"Contrada Fabbriche, Maruggio, SP130",Maruggio,,,,,,,,,,,
Leonardi Materrassi,Negozio di materassi,http://www.leonardimaterassi.com,099 880 2304,"Via Colonnello Scarano, 47",Massafra,,,https,Squarespace,Non trovato,"Squarespace, Inc.",,,,Sì,No
Foel Group dal 1984 - Lucefutura - Materiale elettrico,Negozio di forniture elettriche,http://www.foel.it,099 591 9126,"Via Amilcare Cipriani, Contrada Baronia, Zona Industriale",San Giorgio Ionico,,,https,React,No,"Cloudflare, Inc.",,,,Sì,No
Amanflex Materassi Dorelan e Tempur,Negozio di materassi,https://www.amanflex.it,06 7981 9112,"Via dei Sette Metri, 56 - 56A -56B -58",Roma,,info@amanflex.it,https,Angular,No,OVH SAS,,,,Sì,No
Altakuota Dream Di Salvioli Francesco,Negozio di materassi,https://www.altakuota.com,0376 928399,"Via I Maggio, 12",San Martino dall'Argine,,info@altakuota.com,https,React,Sì,Cyber_Folks SRL,,,,Sì,No
Redorà | Progettazione Arredamento per la Casa | Vendita Complementi d'arredo | Taranto,Negozio di mobili,https://www.redora.it,099 464 7931,"Viale Magna Grecia, 112",Taranto,,clienti@redora.it,https,Angular,Sì,Serverplan S.r.l.,,,,Sì,No
Linea Ombra - Produzione coperture da esterno & cuscineria da esterno,Negozio di tende avvolgibili,http://lineaombra.com/tende-coperture/contatti,080 332 2231,"Traversa di Via De Deo, 24",Fasano,,lineaombr@libero.it,http,WordPress,No,Servereasy Srl,,,,Sì,No
L'antica Pasticceria,Pasticceria,,329 636 3945,"Via Attilio Spinelli, 100",Latiano,,,,,,,,,,,
Fabbrica di Materassi Fratelli Doneddu,Negozio di materassi,http://www.dormicisu.com,06 259 3655,"Via dei Gordiani, 389/395",Roma,,,https,React,No,Aruba S.p.A,,,,Sì,No
L' ANGOLO FIORITO,Fiorista,,0831 692124,"Via Palma, 25",Torchiarolo,,,,,,,,,,,
Miglietta Agroalimentari,Negozio di alimentari,,329 691 6622,"Via Bellotti, 50",Torchiarolo,,,,,,,,,,,
Amal Di Pizzolante Andy,Fabbrica di tessile,,0833 901183,"Via F. Quarta, 71",Racale,,,,,,,,,,,
Artex Filati Racale,Fabbrica di tessile,http://www.artexfilati.com,0833 552962,Via Donatori Volontari,Racale,,info@artexfilati.com,https,Joomla,No,Netsons Network,,,,Sì,No
F.lli Accoto,Fornitore di trattori e macchine agricole,,0836 926012,"Via Provinciale, 196",Andrano,,,,,,,,,,,
Motofficina Di Albino Barba E Francesco Quarta S.N.C.,Lavorazione dei metalli,,0832 322445,"Via Monte Grappa, 25",Monteroni di Lecce,,,,,,,,,,,
Non Solo Fumo,Tabaccheria,,0832 323847,"Viale Trieste, 131",Monteroni di Lecce,,,,,,,,,,,
Casina Spezzaferri,Azienda vinicola,https://www.casinaspezzaferri.com,351 777 8312,"Via Taurino Brillo, 8",Arnesano,,,https,React,No,Keliweb S.R.L,,,,Sì,No
Emme Ci Tex S.r.l.,Laboratorio,https://www.emmecitex.it,0832 321108,"Via Giovanni Boccaccio, 12",Rione Riesci,,,https,Joomla,No,Aruba S.p.A.,,,,Sì,No
Frantoio Fratelli Palma,Oleificio,http://www.frantoiofratellipalma.it,0836 332535,Via Bagnolo,Cursi,,info@tenutapalma.it,https,WordPress,No,Netsons s.r.l.,,,,Sì,No
Azienda Agricola Sciglio - Le api del Parco Paduli,Apiario,https://www.aziendaagricolasciglio.it,335 764 5335,"Via XXIV Maggio, 100",Botrugno,,esempio@nomedominio.dominio,https,WordPress,Sì,Aruba S.p.A. Network,,,,Sì,No
Pignatelli e Tempur - Vendita Materassi,Negozio di materassi,http://www.pignatellimaterassi.it,0832 238314,"Viale G. Leopardi, 27",Lecce,,,https,WordPress,Sì,OVH SAS,,,,Sì,No
M.M.C. Metalmeccanica Srl,Lavorazione dei metalli,http://www.mmcmetalmeccanica.it,0836 433018,"Lotti 91, 92, 93, 94",Area Industriale,,amministrazione@mmcmetalmeccanica.it,https,React,Sì,Aruba S.p.A.,,,,Sì,No
Cantina Vecchia Torre,Azienda vinicola,http://www.cantinavecchiatorre.it,0832 925053,"Via Ancona Circonvallazione Lecce - Porto Cesareo, Via Marche, 1",Leverano,,,https,Joomla,Sì,Host SpA,,,,Sì,No
"Geus ,General Utility Service Srl",Servizi di ristrutturazione,,0833 548316,"Via Margherita di Savoia, 81",Gagliano del Capo,,,,,,,,,,,
Zanzar Service,Negozio di zanzariere,http://www.zanzarservice.com,347 342 6200,via Provinciale per castri,Lizzanello,,,https,React,No,Google LLC,,,,Sì,No
Officina e soccorso stradale h24 Mario Bleve,Meccanico e assistenza automobili,,320 061 1789,"Via Margherita di Savoia, 85",Gagliano del Capo,,,,,,,,,,,
Azienda Agricola Romano - Olio extravergine di oliva di produzione propria,Oleificio,https://www.antichemacine.com/olio-oliva-salento.html,329 317 8952,"Via Alessandro Manzoni, 44",Ruggiano,,,https,React,Sì,Aruba S.p.A.,,,,Sì,No
Il Principe Dei Secondi Di Pasca,Produzione e ingrosso alimentari,,0836 428474,"Via Vittorio Emanuele, 262",Maglie,,,,,,,,,,,
Continuità Assistenziale (Guardia Medica),Servizi medici locali,,0836 342304,"Via Dante Alighieri, 20",Muro Leccese,,,,,,,,,,,
Cotec One srl,Elettricista,http://www.cotec.srl,0836 212091,"Via Corsica, 133",Muro Leccese,,,https,WordPress,Sì,Google LLC,,,,Sì,No
To.Ma. Spa,Lavorazione dei metalli,http://www.tomalluminio.it,0836 444085,"Strada Statale 275 Maglie-Leuca (Km 2, 9",Muro Leccese,,info@tomalluminio.it,https,WordPress,No,Aruba S.p.A.,,,,Sì,No
De Pascali Vittorio,Fornitore di finestre,,0836 342100,"Via Venezia, 26",Muro Leccese,,,,,,,,,,,
Materassi & Materassi - Novoli,Negozio di materassi,http://www.materassiematerassi.it,055 330259,"Via della Villa Demidoff, 105/107",Firenze,,,https,ASP.NET,Sì,Seeweb srl,,,,Sì,No
Vendita Materassi Roma,Negozio di materassi,,348 808 9479,"Via Pier Vittorio Aldini, 4/6",Roma,,,,,,,,,,,
LINEAZETA,Negozio di divani,https://www.lineazeta.it,0774 631299,"Via Salaria, Km 31/500",Montelibretti,,,https,React,Sì,Google LLC,,,,Sì,No
Matt Bel S.r.l.,Negozio di materassi,http://www.mattbel.it,0421 482171,"Via Iseo, 24",San Donà di Piave,,,http,WordPress,No,Aruba S.p.A.,,,,Sì,No
Showroom del riposo - Mercatino dell'usato,Negozio di materassi,,328 334 7454,"Via Sabatella, 18",Sabatella,,,,,,,,,,,
NARDINI ARREDAMENTI srl,Produttore di mobili,http://www.nardiniarredamenti.it,0761 827011,"s.s. Cassia, km 93.800",Montefiascone,,,https,React,Sì,Google LLC,,,,Sì,No
SOMNIUM BY IMAFLEX,Negozio di materassi,http://www.somnium.it,049 556 6488,"Via Straelle, 135",Campodarsego,,imaflex@legalmail.it,https,WordPress,Sì,Aruba S.p.A.,,,,Sì,No
Oliè Arredo,Negozio di mobili,http://www.oliearredo.it,0832 631660,"Via Lequile, 7",San Pietro in Lama,,,https,React,Sì,Aruba S.p.A.,,,,Sì,No
Eminflex Trani,Negozio di materassi,https://www.eminflex.it,340 116 2057,"Corso Vittorio Emanuele, 303",Trani,,,https,WordPress,Sì,Aruba S.p.A.,,,,Sì,No
Albiflex S.N.C.,Negozio di materassi,http://www.albiflex.it,0434 758598,"Viale Europa, 60",Albina,,,https,ASP.NET,No,Aruba S.p.A. Network,,,,Sì,No
Point Service Autofficina Vito Pietro,Meccanico e assistenza automobili,,0981 994224,Contrada Piana 37- Via Provinciale,Cerchiara di Calabria,,,,,,,,,,,
Animal Farma - Farmacia Veterinaria,Farmacia veterinaria,,0964 196 0442,"Viale Giovanni Pascoli, 23",Ardore Marina,,,,,,,,,,,
Centro Permaflex Catanzaro Lido,Negozio di materassi,https://www.centropermaflexcalabria.it,0961 32888,"Viale Crotone, 37",Catanzaro,,,https,WordPress,No,OVH ISP,,,,Sì,No
Euromedia Global Service,Agenzia di pubblicità,,0965 882163,"Via Trieste, 33",Bova Marina,,,,,,,,,,,
Outlet Del Materasso Di Tommaso Marsilia,Negozio di materassi,,351 293 0637,"Via Giovanni Merliani, 164",Napoli,,,,,,,,,,,
Bisniflex Materassi e Reti,Negozio di materassi,https://www.bisniflex.it,0577 979388,"Via dei Lecci, 2",Poggibonsi,,,https,ASP.NET,Sì,genesys informatica srl,,,,Sì,No
Miglior Materasso Srl,Negozio di materassi,https://www.migliormaterasso.it,06 628 2336,"Via Sisto IV, 4",Roma,,,https,React,No,Server Plan S.r.l.,,,,Sì,No
Notti Magiche,Negozio di materassi,,06 521 1520,"Via di Macchia Saponara, 64",Roma,,,,,,,,,,,
Materassi Reti e Accessori Tarquinia,Negozio di materassi,,345 970 0743,"Via Domenico Sensi, 1",Tarquinia,,,,,,,,,,,
Max Relax,Negozio di divani,https://www.maxrelax.info,0962 799613,"Localita, Contrada Sovereto, Snc",Isola di Capo Rizzuto,,,https,React,Sì,Google LLC,,,,Sì,No
RF Materassi Roma,Negozio di materassi,https://www.fabbricamaterassiroma.com,06 5987 5523,"Via Tiburtina, 527",Roma,,,https,WordPress,No,Google LLC,,,,Sì,No
Mondo Notte (Centocelle) - Centro Materassi Dorelan,Negozio di materassi,http://www.mondonotteroma.com,06 9208 0684,"Via delle Betulle, 7",Roma,,,https,WordPress,Sì,Google LLC,,,,Sì,No
Comoflex Materassi,Negozio di materassi,http://www.comoflexmaterassi.it,0761 660026,"Viale dell'Artigianato, 3",Capranica,,,http,React,No,Aruba S.p.A.,,,,Sì,No
Trevignano Relax,Negozio di materassi,https://www.trevignanorelax.it,06 9991 9936,"Via della Rena, 16",Trevignano Romano,,,https,React,No,Hetzner Online GmbH,,,,Sì,No
Cieffematerassi,Negozio di materassi,https://www.cieffematerassi.it,339 740 2888,"Via Bruno Buozzi, 83",Castiglione del Lago,,,https,React,No,SEEWEB s.r.l.,,,,Sì,No
Di Paolo Centro Del Materasso,Negozio di materassi,,06 304 7251,"Via Anguillarese, 105",Osteria Nuova,,,,,,,,,,,
Casa del Materasso Trieste,Negozio di materassi,https://www.casadelmaterassotrieste.it,040 761761,"Via Giosuè Carducci, Via Francesco Crispi, 22",Trieste,,,https,Angular,Sì,Hetzner Online GmbH,,,,Sì,No
Ninfea Italia Salotti,Negozio di mobili,http://www.alessandropassafaro.it,0961 730615,"Viale Crotone, 210/V",Catanzaro,,,https,WordPress,No,Aruba S.p.A.,,,,Sì,No
Materassaio Palermi,Negozio di materassi,,06 574 6598,"Piazza di S Maria Liberatrice, 36",Roma,,,,,,,,,,,
LA COSTA affittacamere ristorante b&b,Bed & Breakfast,https://www.affittacamerelacosta.com,331 212 1318,Località Costa Del Mulino,Orsomarso,,email@yoursite.com,https,WordPress,No,Hetzner Online GmbH,,,,Sì,No
Cooperativa Agricola LA FARA GIARDINO s.c. - Lesina (FG),Fattoria,http://www.lafaragiardino.it,0882 991642,SP37,Lesina,,,http,ASP.NET,No,Aruba S.p.A. Network,,,,Sì,No
Federico di Biase - notaio,Notaio pubblico,,0882 422627,"Corso Umberto I° di Savoia, 4/C",Lesina,,,,,,,,,,,
Macelleria Meomartino Leonardo,Macelleria,,0881 558108,"Corso Giuseppe Garibaldi, 18",Casalnuovo Monterotaro,,,,,,,,,,,
GI.FA.,Negozio di materassi,http://www.gifa2.com,06 407 5702,"Via Tiburtina, 856-858",Roma,,,https,WordPress,No,GENESYS,,,,Sì,No
Tabaccheria Del Corso Di Saracino Anna,Tabaccheria,,0885 433075,"Corso Vittorio Emanuele III, 59",Stornarella,,,,,,,,,,,
Somec srl,Negozio,,0885 433391,Via Duca d'Aosta,Stornarella,,,,,,,,,,,
La Vigilante Caporaso s.r.l.,Servizio di vigilanza,,336 820 044,"Contrada Muscio, 5",Alberobello,,,,,,,,,,,
DaMati Prodotti Artigianali Tipici Pugliesi,Negozio di prodotti alimentari per gourmet,https://www.damati.store/en,327 026 7662,"Via Monte S. Marco, 27/A-29",Alberobello,,,https,Shopify,No,Aruba S.p.A. Network,,,,Sì,No
Azienda Agricola Vitivinicola Masciulli di Masciulli Pietro,Azienda vinicola,,080 432 2758,"Via Colombo, 48",Alberobello,,,,,,,,,,,
Erboristeria Floriana Carluccio,Erboristeria,,0833 597618,"Piazza Giuseppe Garibaldi, 35",Tuglie,,,,,,,,,,,
Calosm Di Calo' Tommaso E Giuseppe & C. Snc,Azienda vinicola,,0833 598051,"Via Pietro Siciliani, 8",Tuglie,,,,,,,,,,,
Michele Calò & Figli,Azienda vinicola,http://www.michelecalo.it,0833 596242,"Via Masseria Vecchia, 1",Tuglie,,,http,React,No,Aruba S.p.A,,,,Sì,No
G.F.N. Zanzariere Di De Luca Giovanni,Produttore,,338 378 4523,"Via Tassoni, 23",Veglie,,,,,,,,,,,
Micron s.r.l.,Consulente informatico,,0832 970482,"Via Giovanni Verga, 13",Veglie,,,,,,,,,,,
Oleificio Coop. Salento - Olio Extravergine di Oliva,Cooperativa dei produttori di olio di oliva,http://www.olioextraverginedioliva.org,0832 969366,Via Salice,Veglie,,info@oleificiocooperativoveglie.it,https,Shopify,No,IONOS SE ber.de,,,,Sì,No
Giusto Elettrauto,Officina per la riparazione di motori elettrici,,0832 970269,"Via Ludovico Ariosto, 7",Veglie,,,,,,,,,,,
Mondial Ceramiche F.lli Fai S.n.c. di Fai Andrea & Cosimo,Negozio di piastrelle ceramiche,,0832 966272,"Via Leverano, 154",Veglie,,,,,,,,,,,
S.C. Petroli,Benzinaio,,0962 888892,Via Fondo Galice - Zona Industriale,Casabona,,,,,,,,,,,
Laboratorio Artigianale Casa Del Materasso,Negozio di materassi,,06 581 9194,"Viale dei Quattro Venti, 146/b",Roma,,,,,,,,,,,
Romeo Group Fotovoltaica Srl - Uffici di Cosenza | Impianti fotovoltaici per privati aziende | Comunità Energetiche,Impianto solare fotovoltaico,http://www.romeogroup.it,0984 152 3349,"Via Monte Grappa, 49",Cosenza,,segreteria@romeogroup.it,https,Shopify,Sì,OVH SAS,,,,Sì,No
grenn,Fabbrica di juta,,349 052 3955,Contrada Coscarella,Cosenza,,,,,,,,,,,
Paolo Carbone Autoaccessori,Negozio di ricambi per auto,,0831 729234,"Via Aristodemo de Guida, 8",Latiano,,,,,,,,,,,
Autocarrozzeria F.lli Tarantini Snc,Carrozzeria,,0831 652020,contrada pucciarruto,San Pietro Vernotico,,,,,,,,,,,
Officina autorizzata Fiat Leone Cosimo,Officina autoriparazioni,,0831 671720,"via Paolo Ancora, 1",San Pietro Vernotico,,,,,,,,,,,
Macelleria La Nuova Bottega,Macelleria,,340 808 3391,"Via Lecce, 209",San Pietro Vernotico,,,,,,,,,,,
ABITAREarreda.it,Negozio di mobili,https://www.abitarearreda.it,0831 983949,"Via Milo, 17",San Vito dei Normanni,,shop@abitarearreda.it,https,OpenCart,Sì,Aruba S.p.A.,,,,Sì,No
Forme Italia,Negozio di mobili,https://formeitalia.net/it,0836 543719,Via Monte Grappa,Sogliano Cavour,,commerciale@formeitalia.net,https,Shopify,No,Serverplan S.r.l.,,,,Sì,No
MIOOLIO Frantoio Oleario Cassese Domenico,Oleificio,http://www.frantoiomioolio.com,388 892 1162,"S.p per Grottaglie Km 1,700",Villa Castelli,,info@frantoiomioolio.com,https,React,No,Aruba S.p.A. Network,,,,Sì,No
Oleificio F.Lli D' Urso,Oleificio,,0831 866873,"Via Giovanni Verga, 4",Villa Castelli,,,,,,,,,,,
Frantoio Oleario Donato Gallone,Oleificio,http://www.oliogallone.it,0831 866101,"Via Grottaglie, Villa Castelli, BR 72029",Villa Castelli,,oliogallone@libero.it,https,React,No,OVH SAS,,,,Sì,No
Azienda Agricola Melillo,Azienda vinicola,https://www.agrimelillo.com,320 477 8420,"Strada Masseria Tagliavanti, 1",Villa Castelli,,info@agrimelillo.com,https,Angular,No,OVH SAS,,,,Sì,No
Lavanderia MI. DA.,Servizio di lavanderia,,328 801 4965,"Via Cappuccini, 24",Alessano,,,,,,,,,,,
SALENTOCAR SNC DI SERRANO FILIPPO CACCIOPPOLA SALVATORE-MELCARNE,Carrozzeria,,334 145 6542,"Via Gonfalone, 53",Alessano,,,,,,,,,,,
Moroni Infissi,Fornitore di finestre,http://www.moroniinfissi.it,0833 522159,"SS275, 147",Alessano,,,https,Basekit,No,Aruba S.p.A.,,,,Sì,No
Elegant Serramenti s.r.l.,Fornitore di finestre,https://www.elegantserramenti.it,0833 522911,Via Gonfalone,Alessano,,info@elegantseramenti.it,https,WordPress,Sì,Hetzner Online GmbH,,,,Sì,No
Bello Antonio,Oleificio,,0833 781709,Contrada Matine,Alessano,,,,,,,,,,,
Ex Manifattura Tabacchi,Produttore,,0833 182 5438,W89H+F2,Alessano,,,,,,,,,,,
Isolp,Fornitore di prodotti alimentari,http://isolpsrl.it,0833 781923,"Via Gonfalone, 61",Alessano,,info@isolpsrl.it,http,WordPress,Sì,Aruba S.p.A. Network,,,,Sì,No
D.M. Bioedilizia,Costruttore di tettoie e pergole,http://www.dmbioedilizia.com,328 202 9031,"Via Kennedy, 16",Castri di Lecce,,dm.bioedilizia@libero.it,https,ASP.NET,Sì,OVH SAS,,,,Sì,No
Ingrosso Porte e Finestre Premium Partner Oknoplast,Fornitore di finestre,https://ingrossofinestre.it,389 052 7303,"Viale Risorgimento, 8",Castri di Lecce,,,https,React,No,Aruba S.p.A.,,,,Sì,No
SC Materassi,Negozio di materassi,https://www.scmaterassi.it,0734 224748,"Via Camillo Benso Cavour, 169",Porto Sant'Elpidio,,info@scmaterassi.it,https,React,Sì,Aruba S.p.A.,,,,Sì,No
Duemme S.a.s.,Fornitore di abbigliamento,,0832 732102,"Via Angelo Vito Frassanito, 6",Salice Salentino,,,,,,,,,,,
Rives Colors & Decorations s.r.l.,Negozio di articoli per la pittura,https://www.rives.it,392 958 7677,Strada Provinciale 17 Salice - Veglie Km1,Salice Salentino,,rives@rives.it,https,React,Sì,Aruba S.p.A.,,,,Sì,No
Duriplastic,Negozio di articoli per la pittura,http://www.dpcolorshop.it,0832 731840,"SP17, Snc",Salice Salentino,,info@dpcolorshop.it,https,React,Sì,GENESYS,,,,Sì,No
Auto Doc di Papa Federica,Rivenditore di auto usate,,0832 731733,"Via XX Settembre, 47",Salice Salentino,,,,,,,,,,,
Casilli Daniele,Azienda vinicola,https://www.terradarneo.it/aziende/azienda-agricola-casilli,320 676 5209,Via Umberto I,Salice Salentino,,aziendacasilli@libero.it,https,Angular,Sì,Aruba S.p.A. Network,,,,Sì,No
Barbetta Cosimo,Macelleria,,080 473 6068,"Via Giacomo Matteotti, 2",Mola di Bari,,,,,,,,,,,
BERARDI SRL,Servizio agricolo,http://www.agriberardi.it,080 473 3147,"Via Don Milani, 4",Mola di Bari,,,https,Magento,No,Contabo GmbH,,,,Sì,No
Centro Revisioni 5,Officina autoriparazioni,,080 473 7154,"Via della Croce, 12/14",Mola di Bari,,,,,,,,,,,
Crg Informatica Di Caragiulo Pietro,Negozio di computer,http://www.crginformatica.it,080 403 2588,"Via Enrico Toti, 62/a",Mola di Bari,,,http,ASP.NET,No,Sconosciuto,,,,Sì,No
ASL,Ospedale,,080 584 7765,"70042 di, Corso Italia, 21",Mola di Bari,,,,,,,,,,,
Autofficina di Copertino Giuseppe,Officina autoriparazioni,,338 583 5331,"Vicinale del Conte, 6",Mola di Bari,,,,,,,,,,,
Profumeria Ines,Profumeria,,099 533 0581,"Via C. G. Viola, 20",Pulsano,,,,,,,,,,,
Outlet Del Materasso Srl,Negozio di materassi,,0832 344623,"Via G. C. Vanini, 18",Lecce,,,,,,,,,,,
Con.Fin. Sud Sas Di Benito Giannone & C.,Consulente aziendale,,0832 654127,"Corso della Repubblica, 12",Lizzanello,,,,,,,,,,,
IDROTERM di Mingiano Stefano (idrotermstore),Negozio di forniture idrauliche,https://www.idrotermstore.it,0832 654056,"Via Caserta, 8",Lizzanello,,info@idrotermstore.it,https,Joomla,Sì,Hetzner Online GmbH,,,,Sì,No
Abra'flex Produzione Materassi di Ripa Michela,Negozio di materassi,,0828 673913,"Via Belvedere, 290",Battipaglia,,,,,,,,,,,
NOTTE & RELAX | Materassi - Reti - Letti - Poltrone - Divani,Negozio di materassi,https://notterelax.com/promozioni,06 9349 6211,"Via Nettunense, 179/181",Cecchina,,,https,React,No,Aruba S.p.A.,,,,Sì,No
Samor,Negozio di materassi,http://www.samor.it,06 6156 1695,"Via di Boccea, 728",Roma,,%69n%66o@samor.it,https,WordPress,Sì,Server Plan S.r.l.,,,,Sì,No
"GommaResina Materassi, Gommapiuma, Tappezzeria",Fornitore di gommapiuma,,366 719 3750,"P.za Marianna Benti-Bulgarelli, 31",Roma,,,,,,,,,,,
C.C. Cover S.r.l.,Negozio di materassi,http://www.cccover.it,081 1895 8594,"Via Gorga Zona Industriale Isola C lotto 26, 80036",Palma Campania,,info@cccover.it,https,WordPress,Sì,Iomart Hosting,,,,Sì,No
Edil Cheminee Fabbrica Camini Su Progettazione E Su Misura,Negozio di caminetti,http://www.edilchemineeraiano.it,0864 72459,15 SP10,Raiano,,edilcheminee@gmail.com,https,React,No,Keliweb S.R.L,,,,Sì,No
Montalese Spa,Negozio di materassi,http://www.materassificiomontalese.com,0573 382781,Via di S. Pierino Casa Al Vescovo,Pistoia,,info@perdormire.com,https,Magento,Sì,"Amazon.com, Inc.",,,,Sì,No
Fabbrica Ghiaccio Eredi Pansini,Fornitore di ghiaccio,,080 395 1429,"Via Imbriani, 403",Bisceglie,,,,,,,,,,,
Azienda Agricola Dott. Simone,Oleificio,https://www.olioextraverginedipuglia.it,392 005 6441,"Via Sant'Andrea, 45",Bisceglie,,info@olioextraverginedipuglia.it,https,PrestaShop,Sì,Hetzner Online GmbH,,,,Sì,No
Mobili Fracassa Centro Reti e Materassi,Negozio di materassi,https://www.mobilifracassa.it/materassi,0766 540516,"Via Fernando Barbaranelli, 16",Civitavecchia,,,https,WordPress,No,Aruba S.p.A.,,,,Sì,No
Seminario Vescovile di Locri Gerace,Convento,,0964 390729,"Via Caprera, 46",Locri,,,,,,,,,,,
Spazio Libero,Negozio di mobili,,0968 521798,"Corso Eroi di Sapri, 61/63",Lamezia Terme,,,,,,,,,,,
Disoflex Fabbrica di Materassi Roma,Negozio di materassi,http://www.disoflex.com,393 900 6485,"Via Tuscolana, 740",Roma,,,http,React,No,Aruba S.p.A.,,,,Sì,No
Colorificio Tomaino Attilio,Fornitore di ricambi per la carrozzeria dell'auto,,345 779 1246,Via Nazionale,Ionadi,,,,,,,,,,,
SalvoPneus - Autofficina Gommista Noleggio Auto,Officina autoriparazioni,,320 402 8210,"Via Maria Pisa, 35",Jonadi,,,,,,,,,,,
Mazzeo Antonio,Falegname,,0963 263614,"Strada St. 18, Jonadi, VV 89851",Vena,,,,,,,,,,,
Benidorm materassi,Negozio di materassi,http://www.benidorm.store,335 446 965,"Via Lucio Mariani, 57",Roma,,info@benidorm.store,https,Shopify,Sì,OVH SAS,,,,Sì,No
Officina Francesco gomme di fabbricatore Francesco,Meccanico,,339 414 9425,Via,Joppolo-Siroto,,,,,,,,,,,
Pizzetti Luca Materassi e Trapunte,Negozio di materassi,,0761 456757,"Strada Castrense, Snc",Latera,,,,,,,,,,,
Materassaio Lippi Snc di Lippi Daniele Tiziano,Negozio di materassi,https://www.materassaiolippi.it,0761 625744,"Zona Artigianale Lungara,",Ronciglione,,info@materassaiolippi.it,https,WordPress,No,Aruba S.p.A. Network,,,,Sì,No
EURODOGHE DI CARUSO ROSARIO Fabbrica Materassi,Negozio di materassi,http://eurodoghe.it,338 612 4273,"Contrada Chiusa delle Bufale, 25",Altavilla Silentina,,,https,WordPress,No,Server Plan S.r.l.,,,,Sì,No
MATERASSI DI ROBERTO IAMOTTI,Negozio di materassi,,06 5987 4998,"Via Settevene Palo, 48",Cerveteri,,,,,,,,,,,
Ecoshark Igiene Ambientale Srl,Servizio di raccolta rifiuti,,0963 665742,"Strada Comunale Gurna, snc",Ricadi,,,,,,,,,,,
Arte del Materasso di Ricci Maurizio,Negozio di materassi,http://www.artedelmaterasso.it,06 3973 4484,"Circonvallazione Trionfale, 51",Roma,,artedelmaterasso@tiscali.it,https,Shopify,Sì,Aruba S.p.A.,,,,Sì,No
Falegnameria Raffa Srl,Negozio di forniture per la lavorazione del legno,https://www.falegnameriaraffa.com,0963 606812,"Contrada Cristicella, Snc",Zungri,,,,Shopify,Sì,Aruba S.p.A. Network,,,,Sì,
AMA azienda materassi artigianali,Negozio di materassi,https://amamaterassi.com,324 749 7467,"Via Don Giovanni Minzoni, 9",Cadriano,,info@amamaterassi.com,https,WordPress,Sì,Google LLC,,,,Sì,No
Costruire S.A.S. Di Pantano Valerio & C.,Fornitore di materiali da costruzione,,0963 663168,"Via Fontana, 5",San Nicolò,,,,,,,,,,,
Outlet Nifral Rizziconi,Negozio di elettrodomestici,,0966 54669,Contrada Parcheria,Rizziconi,,,,,,,,,,,
Napoli Vincenzo,Agenzia di assicurazioni,,0965 761235,"Via Dalmazio D'Andrea, 1",Bova Marina,,,,,,,,,,,
Centro Revisioni Ionico,Officina autoriparazioni,,0964 679445,"Via Crotone, 16",Bovalino,,,,,,,,,,,
CENTRO BENESSERE ITALIA DI ITALIA TERESA,Centro benessere,,0964 61691,"Via XXIV Maggio, 88",Bovalino,,,,,,,,,,,
Parafarmacia Drssa Marcellini Valentina,Parafarmacia,,370 125 7965,"Corso Giosuè Carducci, 138",Ardore Marina,,,,,,,,,,,
Morabito,Bar,,0964 313698,"Corso Giosuè Carducci, 96",Ardore Marina,,,,,,,,,,,
Azienda Agricola Zinurra,Azienda agricola biologica,http://www.zinurra.com,347 104 5571,"Rione San Francesco, 13",Benestare,,,https,WordPress,Sì,"Cloudflare, Inc.",,,,Sì,No
Azienda Agricola Arangara,Azienda agricola biologica,https://www.agricola-arangara.it,338 493 9117,"Contrada Giudeo, 5",Ardore Marina,,,https,Shopify,No,"Cloudflare, Inc.",,,,Sì,No
Studio Medico Pediatrico di D. Ssa Marzano Patrizia,Pediatra,,0963 393051,"Corso Giuseppe Garibaldi, 3",Briatico,,,,,,,,,,,
Cereria S. Antonio Di Giovinazzo Rocco Salvatore & C. Sas,Negozio,,0964 911773,"S.da Statale 106 Jonica, 82",Bianco,,,,,,,,,,,
Marrapodi srl,Fornitore di attrezzature per l'edilizia,http://marrapodisrl.com,0964 911744,"Contrada Sant'Antonio, 18",Bianco,,marrapodi.srl@legalmail.it,https,Angular,No,Server Plan S.r.l.,,,,Sì,No
Quacquarini Materassi dal 1929,Negozio di materassi,http://www.quacquarini.net,0737 640763,"Viale Europa, 23",Castelraimondo,,info@quacquarini.net,https,React,Sì,Server Plan S.r.l.,,,,Sì,No
Materassi Sanitarflex,Negozio di materassi,http://sanitarflex.it,334 281 4276,"Via della Cellulosa, 23",Roma,,,https,WordPress,No,Google LLC,,,,Sì,No
SOGNAFLEX di Menchini Alessia,Negozio di materassi,,06 9724 2531,"Via Settevene Palo, 245",Cerveteri,,,,,,,,,,,
Materassi Roma Centro Ciscidda,Negozio di materassi,http://www.materassiromacentro.it,06 686 4357,"Via dei Falegnami, 16",Roma,,fioramau@tin.it,https,WordPress,Sì,Aruba S.p.A.,,,,Sì,No
Lab.Artig.Casa Del Materasso Snc Di Caselli Giuliano&C.,Negozio di materassi,,06 686 5927,"Vicolo delle Grotte, 11",Roma,,,,,,,,,,,
"Materassi Casà, notti di qualità! SIMMONS , DORSAL , LETTI , POLTRONE",Negozio di materassi,https://www.materassialbano.it,06 9944 8484,"Borgo Garibaldi, 24",Albano Laziale,,materassialbano@gmail.com,https,React,Sì,Google LLC,,,,Sì,No
La Calura Roccella Jonica,Stabilimento balneare,http://www.calura.it,0964 84436,Via Marina,Roccella Ionica,,lacalura@gmail.com,http,WordPress,No,Tiscali SpA,,,,Sì,No
Savuto S.r.l. Apicoltura,Apiario,,0982 44760,"Contrada Ciota, Cleto, CS 87030",Cleto,,,,,,,,,,,
Brandi,Ristorante,http://www.osteriacantinabrandi.it,0883 693624,Via Fratelli Cairoli,Minervino Murge,,info@osteriacantinabrandi.it,http,WordPress,No,SEEWEB s.r.l.,,,,Sì,No
Azienda Agricola Sciarra,Azienda vinicola,,349 510 7143,"Via della Repubblica, 26/B",Minervino Murge,,,,,,,,,,,
Latteria del Corso,Negozio di alimentari,,0883 694541,"Viale Giuseppe di Vittorio, 85",Minervino Murge,,,,,,,,,,,
Cooperativa Agricola De Deo,Fattoria,,0883 692941,"Via Chianche, Minervino Murge, BT 76013",Minervino Murge,,,,,,,,,,,
Azienda Agricola Loiola Di Loiola Oriana,Azienda agricola biologica,http://www.loiola.it,0883 692221,"Via I traversa Mingone, 5",Minervino Murge,,,,WordPress,Non trovato,Aruba S.p.A.,,,,,No
Quelli Della Notte Di Sansone Felicia,Negozio di materassi,,06 991 2078,"Via dei Garofani, 1",Ladispoli,,,,,,,,,,,
Spataro & De Luca s.n.c.,Fornitore di finestre,,338 180 1085,"Via Sadat, 20",Mirto,,,,,,,,,,,
MTG Store,Servizi e assistenza per computer,https://www.mtgstore.it,0968 97092,"Viale della Libertà, 3",Falerna,,,https,React,No,Google LLC,,,,Sì,No
Materassi&Materassi,Negozio di materassi,http://www.novitex.it,06 3032 8905,"Via Giovanni Amendola, 4/6",San Cesareo,,materassimaterassi@pec.it,https,ASP.NET,Sì,SEEWEB s.r.l.,,,,Sì,No
Centralmarket Di Ottobrino Vincenzo & C. S.A.S.,Alimentari,,0964 861305,"Via Carrubbara, 13",Carrubbara-liserà,,,,,,,,,,,
COSMO PALLET,Fornitore di pallet,http://cosmopallet.it,0964 191 0811,Via Cattolica,Caulonia Marina,,,http,ASP.NET,No,Aruba S.p.A. Network,,,,Sì,No
Comune Di Caulonia,Scuola pubblica,,0964 861697,"Via Niutta Vincenzo, 131",Caulonia,,,,,,,,,,,
Eraclesofà Divani Pellaro Reggio Calabria - Showroom Divani,Negozio di divani,,340 902 8418,"S.da Statale 106 Jonica, 121",Pellaro,,,,,,,,,,,
Relaxia Srl - produzione materassi lombardia,Negozio di materassi,http://www.relaxiasrl.com,0362 157 2548,"Via Albert Einstein, 15",Meda,,info@relaxiasrl.com,https,React,No,Aruba S.p.A. Network,,,,Sì,No
Molino Corigliano dal 1990 - Rombiolo,Mulino,https://molinocorigliano.com,0963 367192,"Zona Industriale, C.da Purgatorio, sn",Rombiolo,,,,Shopify,No,"Cloudflare, Inc.",,,,Sì,No
Cooper.Po.Ro.Edile,Impresa di costruzioni,,0963 367171,Contrada Purgatorio,Rombiolo,,,,,,,,,,,
Diesel System,Negozio di ricambi per auto,http://www.dieselsystemspataro.it,0966 774776,Via Nazionale,Rosarno,,info@dieselsystemspataro.it,http,ASP.NET,No,Aruba S.p.A. Network,,,,Sì,No
Varrà Srl,Ditta specializzata nella realizzazione di sistemi di irrigazione per prato,,0966 774320,"Strada Statale 18 Tirreno Inferiore, 86",Rosarno,,,,,,,,,,,
elisir materassi tappezzeria nautica e auto,Tappezziere,,347 140 8182,"Via Corrado del Greco, 178/180",Lido di Ostia,,,,,,,,,,,
Poligrafica Di Montalto Francesco E C. Snc,Editore,,0984 941819,"Via Maria Curie, 12",Acri,,,,,,,,,,,
Ugoflex,Negozio di materassi,http://www.ugoflexgenovamaterassi.com,347 124 7205,"Via Natale Gallino, 49/B",Genova,,,http,Joomla,Sì,Keliweb S.R.L,,,,Sì,No
Dolce Dormire,Negozio di materassi,http://dolcedormiregenova.com,010 844 5496,"Via S. Martino, 85r",Genova,,promobedservicesrl@pec.it,https,WordPress,No,Server Plan S.r.l.,,,,Sì,No
Letti&Materassi Permaflex,Negozio di materassi,http://www.lettiematerassi.it,010 596 0119,"Via della Libertà, 37R",Genova,,info@lettiematerassi.it,https,WordPress,Sì,Keliweb S.R.L,,,,Sì,No
Puppo Valerio Materassi,Negozio di materassi,,010 312296,"Viale Cambiaso, 18r",Genova,,,,,,,,,,,
Materassi & Materassi - Genova,Negozio di materassi,http://www.materassiematerassi.it,010 307 6518,"C.so Europa, 380 a/b",Genova,,,https,ASP.NET,Sì,Seeweb srl,,,,Sì,No
Marcenaro Umberto Materassi,Negozio di materassi,https://www.marcenaromaterassireti.com,010 884963,"Corso Sardegna, 318/R",Genova,,marcenaro.genova@libero.it,https,WordPress,Sì,Keliweb S.R.L,,,,Sì,No
Poggi Shopping,Negozio di materassi,https://www.poggishopping.eu,010 645 9410,"Via Antonio Cantore, 140r",Genova,,info@poggishopping.it,https,WordPress,Sì,Netsons s.r.l.,,,,Sì,No
Dorelan Genova,Negozio di materassi,https://www.dorelan.it/it/punti-vendita/negozio-dorelan-genova,010 543095,"Viale Brigata Bisagno, 66/68",Genova,,,https,WordPress,Sì,"Amazon.com, Inc.",,,,Sì,No
Gatti materassi,Negozio di materassi,http://www.materassigenova.com,010 553 1294,"P.za Borgo Pila, 6",Genova,,info@gattimaterassi.it,https,WordPress,Sì,Netsons s.r.l.,,,,Sì,No
Casa Del Materasso,Negozio di materassi,https://casadelmaterassogenova.it,010 601 1849,"Via Gazzo, 20/22R",Genova,,casadelmaterassogenova@tin.it,https,WordPress,Sì,Netsons s.r.l.,,,,Sì,No
Olearia dell'Aspromonte S.r.L,Oleificio,,0966 88186,"Via Aspromonte, 2",Santa Cristina D'aspromonte,,,,,,,,,,,
Mini Market Di Zumbe'Domenico,Negozio di alimentari,,0966 88293,"Via S. Caterina, 7",Santa Cristina D'aspromonte,,,,,,,,,,,
veronflex mobili e materassi,Produttore di mobili,,06 9101 4163,"Via Laurentina, km 36,00",Ardea,,,,,,,,,,,
SARCON SRL,Negozio di materassi,http://www.materassi-roma.com,06 331 3923,Via Venere,Anzio,,,http,WordPress,No,Hetzner Online GmbH,,,,Sì,No
Showroom Del Materasso,Negozio di materassi,http://www.showroomdelmaterasso.com,06 509 8094,"Viale di Castel Porziano, 434/b",Roma,,,https,Shopify,No,Aruba S.p.A. Network,,,,Sì,No
Sleeping International,Negozio di materassi,,377 966 3482,"Via Andrea Meldola, 194",Roma,,,,,,,,,,,
EUROFLEX DI COLANTONI LORENZO,Produttore,,349 285 4480,"Via S. Manno, SNC",Ceprano,,,,,,,,,,,
Manifattura Falomo Store,Negozio di materassi,http://www.centromaterassifalomo.it,06 4543 2532,"Circonvallazione Orientale, 4629/4669",Roma,,,https,WordPress,No,Aruba S.p.A. Network,,,,Sì,No
Centro Specializzato Materassi,Negozio di materassi,https://mansimaterassi.it,06 988 2368,"Via Cavour, 46",Nettuno,,,https,WordPress,No,Server Plan S.r.l.,,,,Sì,No
PerDormire Giorno&Notte - Materassi - Aprilia,Negozio di materassi,http://www.giornoenotte.net,06 928 2337,"Via Pontina, km 46.200",Aprilia,,servizioclienti@giornoenotte.net,http,WordPress,Sì,Aruba S.p.A.,,,,Sì,No
Scalzo Conserve di Calabria,Produzione e ingrosso alimentari,http://www.scalzo.it,0984 965588,Contrada Pallone,Marzi,,,https,Shopify,Non trovato,"Cloudflare, Inc.",,,,Sì,No
Ruega Materassi 2000,Negozio di materassi,https://www.ruegamaterassi.com,06 8632 1961,"Viale Somalia, 256",Roma,,info@ruegamaterassi.com,https,WordPress,No,Server Plan S.r.l.,,,,Sì,No
Lineaflex S.r.l.,Negozio di materassi,http://www.lineaflexmaterassi.com,0432 674048,"Via Nazionale, 8/H",Buttrio,,info@lineaflexmaterassi.com,,Shopify,Sì,Server Plan S.r.l.,,,,Sì,No
L' angolo del gusto,Negozio di generi vari,,340 515 5136,"Via Bruno Barillari Caporale, 3",Serra San Bruno,,,,,,,,,,,
CASA DEL MATERASSO,Negozio di materassi,https://www.casadelmaterassoappianuova.it,06 786706,"Via Appia Nuova, 545",Roma,,info@casadelmaterassoappianuova.it,https,React,No,OVH ISP,,,,Sì,No
Il Dormiglion - Fabbrica Materassi Reti Cuscini E Poltrone Montecassiano-Macerata,Negozio di materassi,https://ildormiglion.it,0733 715840,"Via Giuseppe Mainini, 51",Montecassiano,,info@ildormiglion.it,https,WordPress,No,Serverplan s.r.l.,,,,Sì,No
COMPATEK srls,Magazzino all'ingrosso,https://www.compateksrls.com,353 334 5006,"Via dei Carri Nord, 13",Sersale,,,https,WordPress,No,Google LLC,,,,Sì,No
"OROCARNI BORELLI | Macelleria, Salumeria, Prodotti tipici",Macelleria-gastronomia,http://www.orocarni.it,0961 934191,"Via Casolini, 43",Sersale,,,https,WordPress,No,Serverplan s.r.l.,,,,Sì,No
Varapodio Bed and Beakfast,Bed & Breakfast,,328 915 1065,"Via S. Biagio, 33",Varapodio,,,,,,,,,,,
Dimaioflex S.N.C.,Negozio di materassi,https://www.dimaioflexmaterassi.it,081 861 3398,"Via di Ruggiero, 43",Trecase,,,https,React,Sì,"Cloudflare, Inc.",,,,Sì,No
