Nome Attività,Categoria,Sito Web,Telefono,Indirizzo,Comune,Provincia,Email,Protocollo,Tecnologia,Cookie Banner,Hosting Provider,Mobile Performance,Desktop Performance,Punteggio SEO,Disponibilità Sito,Stato Manutenzione
FABBRICA MATERASSI MERAFLEX,Negozio di materassi,http://www.meraflex.it/,0885 442649,"Via Santuario Madonna di Ripalta, 137",Cerignola,,,https,Joomla,No,Aruba S.p.A.,66,77,75.00,Sì,No
Giò Home di Giovanna Palandra,Negozio di intimo,,328 346 4077,"Via Pier Santi Mattarella, 32",Accadia,,,,,,,,,,,
Tutto X La casa,Negozio di abbigliamento,,389 002 2999,"Via G. Marconi, 15",Cagnano Varano,,,,,,,,,,,
Abbigliamento Trend La Griffe Di D'Apolito Arcangelo,Negozio di abbigliamento,,0884 80636,"Viale Montegrappa, 13",Cagnano Varano,,,,,,,,,,,
CHIODO FISSO FERRAMENTA,Ferramenta,,0884 8194,"Via A. Moro, 6/C",Cagnano Varano,,,,,,,,,,,
Generoso Casalinghi,Casalinghi,,0882 645806,"Viale Palmiro Togliatti, 7",Apricena,,,,,,,,,,,
RIPOSO & BENESSERE - Fabbrica materassi - reti - guanciali,Negozio di materassi,http://www.riposoebenessere.com/,0881 189 7124,"/C, Viale Candelaro, 8",Foggia,,assistenza@webador.it,https,React,No,Google LLC,80,98,100.00,Sì,No
Gruppo Real | Realwood - Edilcolor - Realkasa,Fornitore di porte,http://www.realwoodporte.it/,0884 80924,"Contrada Coppa Sant'Agata, Snc",Cagnano Varano,,,https,WordPress,No,Serverplan s.r.l.,70,99,100.00,Sì,No
Quelli Della Notte - Fabbrica Materassi,Negozio di materassi,http://www.quellidellanottesnc.it/,0881 637552,"Viale Ofanto, 173",Foggia,,quellidellanottesnc@gmail.com,https,Shopify,No,Keliweb S.R.L,61,94,92.00,Sì,No
Laboratorio Analisi Cliniche Aquilano S.r.l.,Laboratorio medico,,0884 80270,"Corso Pietro Giannone, 164",Cagnano Varano,,,,,,,,,,,
Angelillis Claudio,Negozio di forniture elettriche,,0882 646092,"Via Luigi Galasso, 42",Apricena,,,,,,,,,,,
Cataneo dal 1920 di Pipino Michele,Negozio di articoli da regalo,,0882 641470,"Via Roma, 10",Apricena,,,,,,,,,,,
Veradea Materasso Digital Store - Messina LoveKasa,Negozio di materassi,https://www.veradea-materasso.com/,345 459 8786,"Via Maregrosso, 22",Messina,,,https,Drupal,Sì,"Cloudflare, Inc.",53,47,85.00,Sì,No
Solimando Angelo Arredamenti,Negozio di mobili,http://www.solimandoarredamenti.it/,0882 641603,"Via P. Giannone, 25",Apricena,,solimandoarredamenti@libero.it,https,Joomla,No,Google LLC,55,70,92.00,Sì,No
Fabbrica di materassi di Giuseppe Crupi,Negozio di materassi,https://www.trovaweb.net/fabbrica-materassi-crupi-messina,090 710234,"Via dei Mille, 138",Messina,,,,Joomla,Non trovato,OVH SAS,59,84,77.00,,No
Materiali Edili Guiducci,Fornitore di materiali da costruzione,,0881 982032,"SP136bis, 32",Anzano di Puglia,,,,,,,,,,,
DS3 Serramenti Srl,Fornitore di finestre,https://ds3-serramenti.cms.webnode.it/,389 186 3496,"Via delle Rose, 2",Cagnano Varano,,,https,Webnode,No,Amazon Technologies Inc.,43,78,58.00,Sì,No
Palmieri Fireworks,Negozio di fuochi d'artificio,,345 292 1454,Contrada Coppacchi,Apricena,,,,,,,,,,,
Mem Porte e Arredi di Michele Palumbo,Fornitore di finestre,,320 852 6119,"Via Vittorio Veneto, 1",Apricena,,,,,,,,,,,
Net System Srl - Unipersonale,Negozio di mobili per ufficio,http://www.netsystemshop.it/,0881 234705,"Via Caporale Bonito Antonio, 51",Accadia,,info@netsystemshop.it,https,React,No,Aruba S.p.A.,54,80,85.00,Sì,No
GUIDUCCI CIRIACO MASSIMO,Fornitore di materiali da costruzione,,338 526 7559,"SP136bis, 34",Anzano di Puglia,,,,,,,,,,,
Co.Ma.Co,Fornitore di materiali da costruzione,,0881 554255,"Contrada Fornaci, Snc",Celenza Valfortore,,,,,,,,,,,
Punto Edison Apricena (FG) - ENERLUCE - Business Partner,Azienda fornitrice di energia elettrica,,0882 641721,"Via Avola, 18",Apricena,,,,,,,,,,,
Fomas Srl,Ferramenta,,0881 554182,"Via Giardino, 2A",Celenza Valfortore,,,,,,,,,,,
Casa del Materasso,Negozio di materassi,http://www.materassimessina.it/,090 395581,"V. Consolare Pompea, 1801",Messina,,info@materassimessina.it,https,WordPress,No,Netsons Network,65,87,100.00,Sì,No
La Fabbrica del materasso,Negozio di materassi,http://lafabbricadelmaterasso.com/,340 464 9742,"Via Roma, 59",Cagnano Amiterno,,info@lafabbricadelmaterasso.com,https,Joomla,No,Aruba S.p.A.,55,44,92.00,Sì,No
Chinni Rosaria,Negozio di materassi,,0881 967200,"Via Caduti sul Lavoro, 19",Deliceto,,,,,,,,,,,
Ceriflex,Negozio di materassi,http://www.ceriflex.it/,0885 425410,"SP143, km 0/500",Cerignola,,,http,WordPress,No,Aruba S.p.A.,57,79,85.00,Sì,No
Sinergy Global Tec di Vincenzo Caggese,Negozio di elettrodomestici,https://www.sinergy-store.com/store-locator/global-tec?utm_source=GBP&utm_medium=ORGANIC&utm_campaign=GLOBAL_TEC,0881 530312,"Via Napoleone Battaglia, 90-90/b",Lucera,,sinergylucera@libero.it,https,Shopify,Sì,Infrastructure Italia Colo S.P.A,55,61,54.00,Sì,No
Caseificio Capano Rosaria,Caseificio,,0881 967175,"Via Fontana Nuova, 162",Deliceto,,,,,,,,,,,
Capano Rocco,Fornitore di materiali da costruzione,,0881 963242,Via Gavitelle,Deliceto,,,,,,,,,,,
Reti E Materassi Mendone,Negozio di materassi,,339 352 7405,"Via Domiziana, 404",Castel Volturno,,,,,,,,,,,
Il nuovo corredo GDS,Negozio di biancheria da letto,http://www.ilnuovocorredogds.it/,334 917 8942,"Via Don Giovanni Minzoni, 40",Lucera,,ilnuovocorredogds@gmail.com,https,WordPress,No,Google LLC,40,83,100.00,Sì,No
Botex,Negozio di biancheria da letto,,327 448 5049,"N, Corso Umberto I° di Savoia, 25",Lesina,,,,,,,,,,,
Futura shop,Negozio di climatizzatori,,0882 304217,"Via Colonnella, 21",Lesina,,,,,,,,,,,
Cala' Giuseppe & C. Snc,Negozio di elettrodomestici,,0882 991075,"Via Lorizio, 11",Lesina,,,,,,,,,,,
Hevea Materassi | Sede di Foggia,Negozio di materassi,https://www.heveamaterassi.it/,0881 313073,"Viale Manfredi, 86",Foggia,,info@heveamaterassi.it,https,Joomla,Sì,OVH SAS,79,91,92.00,Sì,No
La Casa del Cuscino e del Materasso,Negozio,,340 981 5749,"Via Nazionale, 610",Villa San Giovanni,,,,,,,,,,,
Euroguanciale Scarl Materassi E Cuscini,Negozio di materassi,,089 863050,"5, Contrada Annunziata, Montecorvino Rovella, SA 84096",Montecorvino Rovella,,,,,,,,,,,
PIAFLEX DI PROCIDA ALBINO STORE DELLA MAGNIFLEX,Negozio di materassi,,0828 195 5761,"Via Papa Pio XI, 91",Bellizzi,,,,,,,,,,,
Apulia Bed&Breakfast,Bed & Breakfast,https://www.apuliabb.it/,347 874 1966,"Corso Matino, 100",Mattinata,,info@apuliabb.it,https,Shopify,No,Serverplan S.r.l.,54,78,91.00,Sì,No
Fabbrica Materassi,Negozio di materassi,,360 934 591,"Via Giovanni Pascoli, 1",Vieste,,,,,,,,,,,
italguanciali,Produttore,http://www.italguanciali.it/,366 977 5094,"traversa campagna, Via Giuseppe Verdi",Terzigno,,italguanciali@gmail.com,http,PrestaShop,No,Aruba S.p.A. Network,42,84,73.00,Sì,No
A.F.G. Imbottiti Srl - Fabbrica Materassi,Negozio di materassi,https://afgmaterassi.it/,0828 52282,"Via Vincenzo Bellini, 45/47",Montecorvino Pugliano,,acquisti@afgmaterassi.it,https,Shopify,No,Netsons s.r.l.,62,77,85.00,Sì,No
Fabbrica Materassi Carboncino Spaziomedical,Negozio di materassi,,081 736 3805,"Via Pio XII, 117",Casoria,,,,,,,,,,,
Sogni&Relax,Negozio di materassi,https://www.sognierelax.it/,375 613 4108,"Via Paolo Telesforo, 98",Foggia,,sermaterassi@gmail.com,https,React,No,Aruba S.p.A.,56,90,85.00,Sì,No
Dorelan Manfredonia,Negozio di materassi,https://www.dorelan.it/it/punti-vendita/dorelan-manfredonia,0884 662834,"Via Gargano, 45/49",Manfredonia,,,https,WordPress,Sì,"Amazon.com, Inc.",0,35,100.00,Sì,No
Domenflex - Fabbrica di Materassi di Caputo Pietro,Negozio di materassi,http://www.domenflex.com/,081 064 0327,"Via Pioppaino, 93",Castellammare di Stabia,,,http,WordPress,Sì,Aruba S.p.A.,47,41,77.00,Sì,No
"Comodo Relax | Divani, Materassi e Letti",Negozio di divani,,351 123 7198,"Via delle Antiche Mura, 125/127",Manfredonia,,,,,,,,,,,
"Arredolegno | Case in legno,Tetti in legno, Gazebo, Infissi, Porte, Parquet, Pergole Bio climatiche, Arredo su misura.",Costruttore di case su misura,https://www.arredolegnofoggia.it/,0881 189 7080,Viale Niccolò Copernico,Manfredonia,,info@arredolegnofoggia.it,https,Shopify,Sì,Aruba S.p.A.,60,91,100.00,Sì,No
Veradea Materasso Digital Store - Manfredonia (FG),Negozio di materassi,https://www.veradea-materasso.com/it,0884 195 1729,"Via delle Antiche Mura, 125/127",Manfredonia,,,https,React,Sì,"Cloudflare, Inc.",51,48,85.00,Sì,No
Taronna G. Di Viola Daniele,Produttore di arredi per negozi e supermercati,http://www.taronna.com/,349 472 9936,"Via Giosuè Carducci, 2",Manfredonia,,info@taronna.com,https,React,No,Aruba S.p.A.,40,51,46.00,Sì,No
Noblesse di Taccardi,Negozio di tende,,0885 782267,"Corso Umberto I, 38",Orta Nova,,,,,,,,,,,
Si Dormire by Nudian srl - Divani e Letti Contenitore,Negozio di letti,https://www.sidormire.it/,344 184 4577,"ss 114, 1° Piano Centro Commerciale Tremestieri, km 6.200",Tremestieri,,info@sidormire.it,https,Shopify,Sì,Aruba S.p.A. Network,56,73,100.00,Sì,No
Permaflex Store Messina,Negozio di materassi,,090 369 2929,"Via Ettore Lombardo Pellegrino, 22",Messina,,,,,,,,,,,
Cifaldi Salvatore,Negozio di mobili,,0885 784063,"Via Alcide De Gasperi, 98",Orta Nova,,,,,,,,,,,
Cifaldi Teresa,Negozio di mobili,,0885 782412,"Via Salvo D'Acquisto, 6",Orta Nova,,,,,,,,,,,
Rosanna Mobili,Negozio di mobili,,0885 782750,"Via Benedetto Di Virgilio, 6",Orta Nova,,,,,,,,,,,
Spagnuolo Ecologia srl,Servizio di gestione dei rifiuti,http://www.spagnuoloecologia.it/,0884 542818,S.p 141 Delle Saline km 0+900,Manfredonia,,amministrazione@spagnuoloecologia.it,https,WordPress,No,Aruba S.p.A. Network,56,74,85.00,Sì,No
Lanciano Felicetta E Figli,Negozio di articoli da regalo,,0885 784828,"Corso Aldo Moro, 55",Orta Nova,,,,,,,,,,,
Interni Arredamenti Cifaldi,Negozio di mobili,,0885 784167,"Via Alcide De Gasperi, 104",Orta Nova,,,,,,,,,,,
T. e D. Materassi di Tufariello Donato,Negozio di materassi,http://www.materassited.it/,0885 090034,"Viale Ferrovia, 12",Orta Nova,,info@materassited.it,https,React,Sì,HOSTINGER US,57,81,85.00,Sì,No
Maiuguale laboratorio artigiano dal 1986,Negozio di artigianato tipico,https://www.maiuguale.it/,338 899 3222,"Maiuguale, Via Castello, 4",Peschici,,info@maiuguale.it,https,ASP.NET,No,Aruba S.p.A. Network,84,82,92.00,Sì,No
Tartaglia Ferramenta Di Tartaglia Sabino,Ferramenta,,0882 393190,"Corso Giacomo Matteotti, 137",Torremaggiore,,,,,,,,,,,
Centro Bonboniere Artemisia - Orta Nova (fg),Negozio di souvenir di matrimonio,http://www.bombonierecerimonia.com/artemisia-orta-nova/,0885 782669,"Largo Filippo Turati, 4",Orta Nova,,,https,WordPress,No,Network Transit Holdings LLC,55,86,92.00,Sì,No
Bar Pasticceria Fabbiano Ignazio,Pasticceria,,0885 845485,"Corso Aldo Moro, 52",Orta Nova,,,,,,,,,,,
Ferramenta & Colori Razionale,Ferramenta,,0882 070379,"Via della Costituente, 26",Torremaggiore,,,,,,,,,,,
Carlucci Food,Negozio di liquori,https://www.oliocarlucci.it/,320 027 8669,"Via Villaglori, 83",Torremaggiore,,,https,Shopify,No,Keliweb S.R.L,68,89,85.00,Sì,No
Longo Pasquale,Negozio di abbigliamento,,0882 386268,"Corso Giacomo Matteotti, 143",Torremaggiore,,,,,,,,,,,
Arredamenti Roggia Di Torchiarella Leonardo & C. S.N.C. a Orta Nova (fg),Negozio di mobili,https://www.arredamentiroggia.it/,0885 781214,"Via Cialdini, 51",Orta Nova,,info@arredamentiroggia.it,https,WordPress,Sì,Seeweb srl,43,63,92.00,Sì,No
Rocchettana Car Soc. Coop.,Fornitore di trattori e macchine agricole,,0885 654276,"SP99, 1",Rocchetta Sant'Antonio,,,,,,,,,,,
Tessuti e merceria Emporio Textiles,Negozio,,347 000 0530,"Via Soldato Ercolino, Viale della Gioventù",San Giovanni Rotondo,,,,,,,,,,,
LG MATERASSI,Negozio di materassi,,0882 441004,"Via Foggia, 130",San Giovanni Rotondo,,,,,,,,,,,
Arredamenti e Regali,Negozio di elettrodomestici,,0882 453586,"Via Gian Lorenzo Bernini, 9",San Giovanni Rotondo,,,,,,,,,,,
Gitto soluzioni per il riposo,Negozio di materassi,http://www.gittoletto.it/,090 293 5373,"Via Cesare Battisti, 280",Messina,,info@gittoletto.it,https,WordPress,Sì,Keliweb S.R.L,50,59,83.00,Sì,No
Garruto Francesco,Falegname,,0885 654674,"Via Gesumunno, 15",Rocchetta Sant'Antonio,,,,,,,,,,,
"Gelsomino Edilizia | Ferro sagomato, Gabbie in ferro per pali di fondazione, Case in legno, Strutture e Tetti in legno.",Azienda di carpenteria metallica,https://www.gelsominoedilizia.com/,0884 582828,Viale Niccolò Copernico,Manfredonia,,info@gelsominoedilizia.com,https,Shopify,Sì,Aruba S.p.A.,64,91,100.00,Sì,No
Torrefazione Simiele srl,Pasticceria,http://www.simielecakedesign.com/,0882 604499,"Via Marsala, 12",Torremaggiore,,robertosimiele@virgilio.it,https,React,No,Server Plan S.r.l.,55,54,85.00,Sì,No
Azienda Agricola Masella - Produzione e Vendita di Olio Extravergine di Oliva Pugliese,Azienda agricola biologica,https://azienda-agricola-masella.jimdosite.com/,377 398 4054,Loc.Citrigni sn,Peschici,,,,Jimdo,Non trovato,"Cloudflare, Inc.",95,96,92.00,Stato Non Determinato,No
Morigerato Carlo,Tappezziere,,0882 333499,"Via Croce Santa, 19",San Severo,,,,,,,,,,,
PUNTO NOTTE di Calabrese Daniele - Materassi e Imbottiti,Negozio di materassi,,0882 222311,"Via Don Minzoni, 62 E/F",San Severo,,,,,,,,,,,
Puglia-Farm,Agriturismo,https://puglia-farm.com/,353 453 1019,Via Ospizio,Rocchetta Sant'Antonio,,info@puglia-farm.com,https,Shopify,Sì,"Amazon.com, Inc.",52,64,85.00,Sì,No
Arredamenti Caposiena Ambienti e Cucine di Caposiena Gianluca & Matteo Snc,Negozio di mobili,,0882 373225,"Via Antonio, Via A. d'Amico, 8/D",San Severo,,,,,,,,,,,
Allutek Di Vicedomini Francesco G,Ferramenta,,0882 476523,"Via Torre Mileto, 154",San Nicandro Garganico,,,,,,,,,,,
Nardella Interni,Designer d'interni,,0882 834374,"SS272, KM 13,200",San Marco in Lamis,,,,,,,,,,,
Mobilarredo di Giuseppe Di Paola (M. L. PAGANO),Negozio di mobili,,338 440 9659,"Via dei Galli, 14",San Nicandro Garganico,,,,,,,,,,,
Mobili Dekarredo,Negozio di mobili,http://www.dekarredo.it/,0882 475738,"Via Torre Mileto, 96, Via Torre Mileto, 98",San Nicandro Garganico,,,http,Jimdo,No,Host SpA,65,95,92.00,Sì,No
Fiori Secchi Guerrieri Armando & Giuseppe Srl,Negozio di fiori secchi,http://www.fiorisecchiguerrieri.it/,0882 496018,"Via Torre Mileto, km. 10",San Nicandro Garganico,,info@fiorisecchiguerrieri.it,https,Joomla,No,Aruba S.p.A. Network,71,87,91.00,Sì,No
Centro Mobili,Negozio di mobili,,0882 472099,"Strada per, Via Torre Mileto, Km 2",San Nicandro Garganico,,,,,,,,,,,
Notte & Sofà,Mobiliere,,345 382 7011,Località Mannarelle (Zona Artigianale,Vico del Gargano,,,,,,,,,,,
Angelicchio Arredamenti | Mobili & Materassi,Produttore di mobili,,347 928 5694,"Via del Risorgimento, 42",Vico del Gargano,,,,,,,,,,,
Gest,Sartoria su misura,http://www.gest-italia.com/,0882 276450,"Via Carlo Cattaneo, 13",San Marco in Lamis,,ecom-swiper@11.css,https,Shopify,No,"Cloudflare, Inc.",59,73,92.00,Sì,No
Ellegiesse stock e fallimenti,Centro commerciale,,0885 431562,"Via Tenente Maggiore Vincenzo, 29",Stornara,,,,,,,,,,,
CAMPERISTA DORMIGLIONE e IL DORMIGLIONE Centro materassi casa - Camper/Roulotte e Camion,Negozio di materassi,http://www.camperistadormiglione.it/,320 323 2300,"Via Don Felice Canelli, 42",San Severo,,camperistadormiglion@libero.it,https,Joomla,Sì,OVH ISP,42,89,100.00,Sì,No
Mobilificio Esseci Mobili D Autore,Negozio di mobili,,0882 491331,"Via Torre Mileto, km 3,500",San Nicandro Garganico,,,,,,,,,,,
ARREDAMENTI DI CATALDO di Michele DI CATALDO,Negozio di mobili,,327 477 1239,"Via della Resistenza, 117/E",Vico del Gargano,,,,,,,,,,,
Ferramenta Laganella,Ferramenta,https://ferramentalaganella.it/,0884 991041,"Via Papa Giovanni XXIII, 35/37",Vico del Gargano,,info@ferramentalaganella.it,https,Joomla,Sì,Aruba S.p.A,49,61,92.00,Sì,No
Campanile Michele,Negozio di biancheria,,328 655 6570,"Via Giovanni XXIII, 93",Vieste,,,,,,,,,,,
Di Salvatore Rocco,Ferramenta,,0885 434381,"Via Regina Elena, 19",Stornara,,,,,,,,,,,
Demaflex Dei F.Lli De Marinis S.A.S.,Negozio di materassi,http://www.demaflex.com/,080 872 8144,"V. Trani, 17",Corato,,info@demaflex.com,http,ASP.NET,No,IONOS SE,100,100,100.00,Sì,No
Pietro Delicio,Costruttore di case,,324 845 0778,S.P.Gianlorenzo s.n.c,Stornara,,,,,,,,,,,
Casalinghi da Riccardo,Negozio di articoli da cucina,,0884 701779,"Via Giovanni XXIII, 107",Vieste,,,,,,,,,,,
Kuoiart Negozio di regali e souvenir - Artigiano cuoio e pelle,Negozio di accessori di moda,http://www.kuoiart.it/,0884 700086,"Corso Umberto I, 29",Vieste,,,,Joomla,No,Aruba S.p.A,73,85,83.00,Sì,No
Silvestro Luigi E C. S.A.S.,Fornitore di finestre,,0881 550172,Via Croce,Volturino,,,,,,,,,,,
Cartolibreria La Bottega dei Sogni,Cartoleria,http://www.cartolibrerialabottegadeisogni.it/,348 113 8750,"Via Vittorio Emanuele, 14",Stornara,,supporto@cartolibrerialabottegadeisogni.it,https,React,No,Aruba S.p.A.,39,43,83.00,Sì,No
Delicio Domenico,Negozio di materiali da costruzione,,0885 434516,"Via Giuseppe Mazzini, 17",Stornara,,,,,,,,,,,
Amoruso Vito & Figli S.N.C.,Negozio,,0885 431533,"Contrada Posticciola, Stornara, FG 71047",Stornara,,,,,,,,,,,
Aqua - Letto e Colazione,Bed & Breakfast,,338 592 9788,"Via Giulio Cafaro 1, Estramurale S. Pietro, 83",Acquaviva delle Fonti,,,,,,,,,,,
Agricola Ricucci,Azienda agricola biologica,https://www.agricolaricucci.it/,349 371 0833,Contrada Santa Lucia,Rodi Garganico,,,https,React,Sì,OVH SAS,52,72,85.00,Sì,No
Agrumaria Ricucci,Fattoria,https://www.agricolaricucci.it/,0884 965043,"Via Cristoforo Colombo, 4",Rodi Garganico,,,https,WordPress,Sì,OVH SAS,55,70,85.00,Sì,No
Magaldi Carmine,Servizio di disinfestazione,,0885 433057,"Via Pietro Mascagni, 23",Stornarella,,,,,,,,,,,
IL Moschettiere SRL,Lavorazione di frutta e verdura,,335 758 7604,"SP133, KM 1/200",Adelfia,,,,,,,,,,,
ItalFoam s.r.l.,Fornitore di gommapiuma,,080 572 2640,"Via Lazio, 110",Acquaviva delle Fonti,,,,,,,,,,,
Michele Burdi srl,Legna da ardere e pellet,http://www.micheleburdisrl.com/,080 459 7489,"Strada Provinciale 70 Adelfia, km 1,6",Adelfia,,,https,WordPress,Sì,SEEWEB s.r.l.,64,80,100.00,Sì,No
DormiBed,Negozio di materassi,,347 607 2586,"Centro Commerciale IL BARICENTRO, Lotto 4B, Modulo 1",Casamassima,,,,,,,,,,,
DormiLattice Materassi | Sede Legale,Negozio di materassi,https://www.dormilattice.it/,080 455 1096,"Via Papa Paolo VI, 42",Capurso,,info@dormilattice.it,https,Webnode,No,Amazon Technologies Inc.,68,97,100.00,Sì,No
Lanera Lino & C. - Finestre - Porte - Cancelli - Adelfia - Bari,Fornitore di porte,https://www.lanerasrl.it/,080 459 6897,"Via Martin Luther King, 1",Adelfia,,officinelanera@gmail.com,https,Shopify,No,Host SpA,48,92,100.00,Sì,No
Mickyflex Materassi Evolution - Sede produttiva Capurso,Negozio di materassi,http://www.mickyflex.it/,080 455 9996,"Via Casamassima, 20",Capurso,,showroom@mickyflex.it,https,Shopify,Sì,Armada WAN2,62,84,100.00,Sì,No
L'Angolo delle Primizie,Negozio di frutta e verdura,,346 828 2483,"Piazza IV Novembre, 10",Adelfia,,,,,,,,,,,
"AD Relax - Materassi, Guanciali e Reti",Negozio di materassi,https://www.adrelax.it/,080 403 7675,"Via Guido Dorso, 28",Bari,,info@adrelax.it,https,React,Sì,Seeweb srl,56,73,83.00,Sì,No
Casa Del Dolce Zambetta Francesco,Caffetteria,https://sites.google.com/view/casadeldolce/home-page,080 459 4502,"Via Dalla Chiesa Generale, Via C. Alberto, 2",Adelfia,,,https,React,No,Google LLC,59,86,83.00,Sì,No
Bariflex Materassi Artigianali dal 1926,Negozio di materassi,http://www.bariflexmaterassi.com/,080 523 2547,"Via Principe Amedeo, 279",Bari,,bariflexmaterassi@gmail.com,https,Joomla,No,Serverplan S.r.l.,65,72,92.00,Sì,No
IMPERIALFLEX di Sgobba Giuseppe & Figli snc,Negozio di materassi,http://www.imperialflex.it/,080 493 1261,"Via Padre G. Lerario, 20/28",Putignano,,info@imperialflex.com,https,React,Sì,"Namecheap, Inc.",66,95,92.00,Sì,No
Far.Bed,Negozio di materassi,https://www.farbed.it/,080 321 8162,"Via Camillo Rosalba, 47/E2",Bari,,info@farbed.com,https,WordPress,Sì,Aruba S.p.A. Network,51,71,92.00,Sì,No
Albasana,Negozio di materassi,http://www.albasana.it/,080 205 4331,"Via Tinella, 119",Fasano,,info@albasana.it,https,React,No,Server Plan S.r.l.,51,59,92.00,Sì,No
Edilizia De Carlo S.R.L.,Fornitore di materiali da costruzione,http://ediliziadecarlo.it/,080 432 2057,"Viale Luigi Einaudi, 61",Alberobello,,info@mcsoftwareitalia.it,http,ASP.NET,No,GENESYS,100,100,73.00,Sì,No
Arketicom,Produttore,https://it.arketicom.com/,327 621 5070,"SP92, km 1",Bitritto,,info@arketicom.com,https,Shopify,No,"Cloudflare, Inc.",38,74,100.00,Sì,No
D'Oria Arredi,Negozio di mobili per cucina,http://www.doriaarredi.it/,080 432 5246,"Via Domenico Morea, 29",Alberobello,,shop@doriaarredi.it,https,Shopify,Sì,Hetzner Online GmbH,49,83,83.00,Sì,No
Agrusti & C. Ingrosso,Magazzino all'ingrosso,https://www.agrusti.eu/,080 432 0011,"Via Tito Schipa, 9",Alberobello,,,https,ASP.NET,No,Alessandro Coratelli trading as CODEMA,26,26,83.00,Sì,No
Naturalflex,Negozio di materassi,,338 326 5556,"Corso Vittorio Emanuele II, 29",Altamura,,,,,,,,,,,
Giannini Alessandro,Negozio di elettrodomestici,,080 622050,"Via D'Erasmo Giovanni, 11",Grumo Appula,,,,,,,,,,,
Sogni Blu,Negozio di materassi,http://www.sogniblu.net/,080 530 9011,"Via Vincenzo Aulisio, 21",Bari,,info@sogniblu.net,https,Joomla,Sì,Aruba S.p.A.,52,63,77.00,Sì,No
MATERASSI & Sofà Bari,Negozio di materassi,,080 926 2698,"Viale Unità d'Italia, 22",Bari,,,,,,,,,,,
Eminflex Bari Triggiano,Negozio di materassi,https://www.eminflex.it/,340 452 0048,Via Giannavello localita Cutizza,Triggiano,,info@eminflex.it,https,WordPress,Sì,Aruba S.p.A.,62,63,85.00,Sì,No
Rafaschieri Relax,Produttore di mobili,,080 416 3609,"Via Napoli, 333/L",Bari,,,,,,,,,,,
Qualitybed srl,Negozio di materassi,http://www.qualitybed.it/,080 455 5660,"Ex s.s. 100 km 11,200, Zona Industriale",Capurso,,commerciale@qualitybed.it,https,WordPress,Sì,Armada WAN2,54,63,92.00,Sì,No
Altaflex - Punto vendita / Showroom,Negozio di materassi,https://www.altaflex.it/,080 314 0616,"Via Giovanni Bovio, 1B",Altamura,,segreteria@altaflex.it,https,WordPress,No,Aruba S.p.A. Network,56,86,85.00,Sì,No
Permaflex Altamura,Negozio di materassi,,330 984 822,"Via dei Mille, 62",Altamura,,,,,,,,,,,
Dorelan Bari Carrassi,Negozio di materassi,https://www.dorelan.it/it/punti-vendita/negozio-dorelan-bari,080 542 4677,"Viale Papa Giovanni XXIII, 127",Bari,,,,Shopify,Non trovato,"Amazon.com, Inc.",51,65,85.00,No - Pagina Non Trovata (404),No
Dormi Strato,Negozio di materassi,,345 903 1355,"Via dei Mille, 59",Altamura,,,,,,,,,,,
Myflex,Negozio di materassi,,080 314 0153,Sp235 Contrada Pontrelli,Altamura,,,,,,,,,,,
Tusleep Srl,Negozio di materassi,,080 880 6473,Via della Lenticchie,Altamura,,,,,,,,,,,
Sofa` Italia S.r.l.,Negozio di divani,,080 237 0605,"Via del Grano, 25 Z.I.",Altamura,,,,,,,,,,,
Maddalena Home Altamura,Negozio di biancheria da letto,http://www.maddalenahome.it/,080 314 9749,"Via Caduti di Via Fani, 16",Altamura,,commerciale@nem-srl.it,https,Shopify,Sì,Google LLC,64,88,92.00,Sì,No
Living Divani Letto,Negozio di divani,https://www.livingdivaniletto.it/,080 311 4442,"Via della Rucola, 12/14/16",Altamura,,livingdivaniletto@libero.it,https,Shopify,Sì,Interoute Telecommunications (UK) Ltd,56,78,92.00,Sì,No
Boheme Salotti,Produttore,https://www.bohemesalotti.it/,080 914 0992,"Via Filomena Loporcaro, 12-14",Altamura,,info@bohemesalotti.it,https,Shopify,Sì,Cicorella srl,62,52,73.00,Sì,No
MATERASSI TEMPUR | Kirò Comfort,Negozio di materassi,https://www.kirodesign.it/,080 859 4678,"Via Giuseppe Capruzzi, Via Giovanni Amendola, 2",Bari,,info@kirodesign.it,https,Joomla,Sì,Aruba S.p.A. Network,52,80,92.00,Sì,No
Giacobbe Salotti,Negozio di divani,https://www.giacobbesalotti.it/,380 507 4503,"Largo F. S. Nitti, 72A",Altamura,,info@giacobbesalotti.it,https,React,No,Aruba S.p.A. Network,60,78,100.00,Sì,No
Euroflex,Accessori per mobili,http://www.euroflexweb.it/,080 310 2945,"Via del Tabacco, 29",Altamura,,,https,React,No,"Cloudflare, Inc.",48,74,92.00,Sì,No
Scalera Giocattoli S.a.s.,Negozio di giocattoli,https://shop.scaleragiocattoli.it/,080 631243,"Via Bachelet, 16",Bitritto,,info@scaleragiocattoli.it,https,ASP.NET,Sì,Aruba S.p.A,82,100,100.00,Sì,No
Ortopedia FUTURA,Fornitore di attrezzature per disabili,https://www.ortopediafutura.it/,080 630309,"Via Pietro Nenni, 9",Bitritto,,info@ortopediafutura.it,https,React,Sì,Aruba S.p.A.,56,46,92.00,Sì,No
Flexar Fabbrica Materassi,Negozio di materassi,http://www.flexar.it/,080 375 8278,"Viale delle Nazioni, 1",Bitonto,,,,WordPress,Sì,Aruba S.p.A,61,85,92.00,Sì,No
Salottificio Italiano,Produttore,http://www.salottificioitaliano.it/,080 314 6173,"Largo F. S. Nitti, 72",Altamura,,info@salottificioitaliano.it,https,React,No,Aruba S.p.A. Network,66,81,92.00,Sì,No
Di Gioia Home Textile,Centro commerciale,,340 260 8973,"Via casamassima ex ss 100 Km 11900, Via Casamassima, 53",Capurso,,,,,,,,,,,
Mito Home,Produttore di mobili,https://www.mitohome.com/,080 914 0790,"Via Leonardo Lorusso, 16",Altamura,,export@mitohome.com,https,WordPress,Sì,digimat ip network,37,48,92.00,Sì,No
A'RTIVITA' DI BITRITTO DAMIANO,Tappezziere,http://bitrittodamiano.it/,327 128 1893,Strada Provinciale,Bitonto,,damiano.bitritto@libero.it,https,WordPress,Sì,TransIP BV,74,76,92.00,Sì,No
Facchino ricambi e accessori auto e moto,Negozio di ricambi per auto,,080 630271,"Via della Resistenza, 6/8",Bitritto,,,,,,,,,,,
RIPOSO SANO,Negozio di materassi,,080 453 0136,"Via Sammichele, 57",Casamassima,,,,,,,,,,,
Moderna Materassi,Negozio di materassi,,080 896 5213,"Via Pier Paolo Pasolini, 3",Casamassima,,,,,,,,,,,
Caseificio artigianale santobianco snc,Caseificio,,080 992 1784,"Piazza Umberto I, 3",Bitetto,,,,,,,,,,,
DEMARREDA,Negozio di materassi,,345 401 5400,"Via Palo, 50A",Bitetto,,,,,,,,,,,
Manifattura Foderami Daddario srl,Grossista di tessuti,http://www.daddariosrl.com/,080 697 0110,"km, Strada Statale 100, 18",Casamassima,,bottoni.daddario@libero.it,http,React,No,Aruba S.p.A.,69,98,92.00,Sì,No
HILLARY SRL,Grossista di tessuti,http://www.hillary.it/,080 457 8263,"km 17, 500, Strada Statale 100",Casamassima,,info@hillary.it,https,React,Sì,Aruba S.p.A. Network,49,72,92.00,Sì,No
Cotonificio Ronghi S.p.A.,Negozio di tessuti,https://www.cotonificioronghi.com/,080 697 7067,"Il Baricentro s.s. 100, Km 18",Casamassima,,fatturazione@cotonificioronghi.com,https,WordPress,No,Hetzner Online GmbH,65,93,61.00,Sì,No
Monaco S.r.l.,Produzione e ingrosso alimentari,http://www.monacosrl.eu/,080 496 2287,Via montelavecchia,Castellana Grotte,,info@monacosrl.eu,https,React,No,Aruba S.p.A.,63,85,100.00,Sì,No
Minoflex Materassi dal 1958,Negozio di materassi,,080 496 6969,"Via Putignano, 66",Castellana Grotte,,,,,,,,,,,
Centro PERMAFLEX Conversano,Negozio di materassi,,392 307 8900,"Via Castellana, 96",Conversano,,,,,,,,,,,
Rifà & Sofà,Fornitore di tende,,080 495 9534,"Via Europa Unita, 14",Conversano,,,,,,,,,,,
Forme Lab di Renzo Russo,Negozio di tende,,368 359 9696,"Via Generale Dalla Chiesa, 31",Conversano,,,,,,,,,,,
Ro.Ma. Ingrosso e Dettaglio Mobili e Divani Luce Anna,Negozio di mobili,,080 307 2119,"Via Carmelo Colamonico, 12",Cassano delle Murge,,,,,,,,,,,
La Vie En Rose,Negozio di biancheria,,380 713 3791,"Via Arringo, 40",Conversano,,,,,,,,,,,
Sogni & Relax Srl,Negozio di materassi,,080 898 4991,"Contrada Polvere di Rose, 3/A",Corato,,,,,,,,,,,
Pegaso srl outlet Permaflex Tempur - Esperti del riposo,Negozio di materassi,http://www.pegasoonline.it/,360 963 065,"Via Mario Pagano, 12",Castellana Grotte,,info@pegasoonline.it,https,WordPress,No,Network Sistemi S.R.L.S.,55,56,0.00,Sì,No
Impervius S.R.L.S.,Impresa edile,https://www.imperviusroccobusco.it/,393 535 6494,"Via delle Forche, 36",Conversano,,impervius.info@gmail.com,https,Joomla,Sì,OVH SAS,86,96,92.00,Sì,No
Worldflex Procacci Home,Negozio di materassi,,080 898 1982,"Via Ruvo, 54",Corato,,,,,,,,,,,
DAROTEX SRL,Fabbrica di tessile,https://www.darotex.com/,080 898 2949,"Via Polvere delle Rose, 8/A",Corato,,,https,WordPress,No,Aruba S.p.A.,91,100,92.00,Sì,No
LabaSoft s.r.l.,Negozio di materassi,http://www.labasoft.it/,320 028 6062,"SP231, km 32, 000",Corato,,,https,React,Sì,Server Plan S.r.l.,66,92,92.00,Sì,No
Fisiomat - Il Materasso della Fisioterapista,Negozio di materassi,http://www.fisiomatmaterassi.com/?utm_source=google&utm_medium=wix_google_business_profile&utm_campaign=2993665997544555421,080 321 0591,"Via Padre Andrea Scalimoli, 27",Castellana Grotte,,fisiomatmaterassi@gmail.com,https,React,Sì,Google LLC,60,65,92.00,Sì,No
TNT GIUSKY Il Tovagliato Monouso a Cinque Stelle,Negozio di forniture per ristoranti,https://tntgiusky.com/,080 917 7467,"Via S. Lorenzo, 9",Conversano,,,https,Magento,No,"Cloudflare, Inc.",57,25,100.00,Sì,No
HomeWear S.r.l.,Ufficio aziendale,http://www.home-wear.it/,080 372 9934,"SP 231 Km. 32,200",Corato,,,https,Wix,Sì,Google LLC,73,92,61.00,Sì,No
Laboratorio Acciai di Alfonso Varesano - Corato,Negozio di finestre in PVC,https://www.laboratorioacciai.it/,328 431 0364,"Via Orlando Vittorio Emanuele, 50",Corato,,info@laboratorioacciai.it,https,React,Sì,Server Plan S.r.l.,54,42,100.00,Sì,No
DD Home,Negozio,,080 236 0597,Via Francesco di Bari,Polignano a Mare,,,,,,,,,,,
Microcosmi,Negozio di ceramiche,,080 426 5540,"P.za F. Miani Perotti, 20",Polignano a Mare,,,,,,,,,,,
Il Trullomasseria Srl,Falegnameria,http://www.iltrullomasseria.com/,080 425 1504,"Via V. Lepore, n. 30",Polignano a Mare,,info@iltrullomasseria.com,https,Wix,Sì,Google LLC,40,73,100.00,Sì,No
Klinè Riposo e Benessere,Negozio di materassi,,335 768 6338,"Via Flora, 53",Gioia del Colle,,,,,,,,,,,
sani&rilassati,Negozio di materassi,,080 964 6153,"Via Camillo Benso Conte di Cavour, 72",Gioia del Colle,,,,,,,,,,,
Ad Hoc Gravina,Negozio di letti,https://adhocgravina.it/,350 916 2400,"Via Archimede, 9",P.i.p.-zona Artigianale,,,https,React,Sì,Servereasy Srl,66,90,85.00,Sì,No
Isoffici - Materassi e Letti Italiani - Dalla fabbrica a casa tua.,Negozio di materassi,,0966 57349,"Via Nazionale, 19",Gioia Tauro,,,,,,,,,,,
Azienda Merolladivani s.r.l.,Negozio di divani,https://www.merolladivani.com/,080 325 5823,"Via Enrico Fermi, 17",Gravina in Puglia,,info@merolladivani.com,https,WordPress,Sì,Keliweb S.R.L,66,96,92.00,Sì,No
L'Angolo Dei Sogni,Negozio di materassi,,347 419 7154,"Via Noicattaro, 143",Rutigliano,,,,,,,,,,,
Repos Sistemi di Riposo e Relax,Negozio di materassi,http://www.repos.it/,080 325 2846,"Via Genova, 8",Gravina in Puglia,,info@repos.it,https,WordPress,No,Aruba S.p.A. Network,59,79,92.00,Sì,No
ARCADORE' di Maria Passeri,Negozio di articoli da regalo,,080 476 1497,via A. Moro ang. via G. Pascoli,Rutigliano,,,,,,,,,,,
Duemme Materassi srls,Negozio di materassi,http://www.materassiduemme.it/,080 325 5922,"Via Pier Luigi Nervi, 5",Gravina in Puglia,,info@materassiduemme.it,https,React,No,Aruba S.p.A.,56,84,77.00,Sì,No
Ottomano,Ferramenta,,080 476 1351,"Via Fabio Filzi, 27, Via Dante, 11/13",Rutigliano,,,,,,,,,,,
Fabrizio Ribatti Handmade design,Negozio di tende,,080 361 5861,"Via S. Barbara, 42",Ruvo di Puglia,,,,,,,,,,,
Aemme Di Bucci Domenico & C. Snc,Tappezziere,,080 360 1372,"4/A Via Meucci Antonio, Ruvo Di Puglia, BA 70037",Ruvo di Puglia,,,,,,,,,,,
Mida | Arredi su Misura,Produttore di mobili,https://www.midadesign.it/,080 403 5918,"Via Noicattaro, 1",Rutigliano,,midaarredamenti@gmail.com,https,Angular,Sì,OVH SAS,55,72,85.00,Sì,No
Dioguardi Regali Sas Di Lamparelli Domenica & C.,Negozio di articoli da regalo,,080 476 2247,"Via Noicattaro, 223",Rutigliano,,,,,,,,,,,
Arrogance S.r.l.,Negozio di abbigliamento,,080 476 2238,"Via Mola, 13",Rutigliano,,,,,,,,,,,
Condor Home Design,Negozio di souvenir di matrimonio,,080 990 6773,"Via Carlo Collodi, 4",Rutigliano,,,,,,,,,,,
Egoitaliano Gallery,Negozio di divani,https://www.dimodugno.net/Centro-Divani,080 361 3910,Viale Orazio Flacco,Ruvo di Puglia,,,https,React,No,Aruba S.p.A. Network,67,81,82.00,Sì,No
Su Misura il divano artigianale,Negozio di divani,,348 533 8278,"Corso Piave, 30",Ruvo di Puglia,,,,,,,,,,,
BUCCI Area Design,Negozio di finestre in PVC,http://www.bucciraffaele.it/,080 362 8364,"Via Carlo Alberto dalla Chiesa, 30/A",Ruvo di Puglia,,,http,ASP.NET,No,Aruba S.p.A. Network,100,100,0.00,Sì,No
"Clemente Giuseppe rivenditore ufficiale Dorelan, Permaflex, Morfeus, Pininfarina, Il Benessere, Dunlopillo",Negozio di materassi,http://www.clementematerassi.it/,349 327 6323,"Via Edoardo Germano, 31/33",Molfetta,,,https,React,No,Aruba S.p.A.,66,66,92.00,Sì,No
ITALSUD Confezioni,Produzione e ingrosso abbigliamento,http://www.italsudconfezioni.it/,080 362 8998,"Via Pietro Ravanas, 27",Ruvo di Puglia,,info@italsudconfezioni.it,https,React,Sì,Aruba S.p.A.,49,52,73.00,Sì,No
modarchia s.r.l.,Negozio di abbigliamento,,080 303 7868,"Via Laterza, 2",Santeramo In Colle,,,,,,,,,,,
Capitonne,Produttore,https://www.capitonne.it/,080 311 5388,"Via della Paglia, 59",Altamura,,info@capitonne.it,https,ASP.NET,No,Aruba S.p.A. Network,100,100,100.00,Sì,No
F.Lli Zeverino F.Ppo E D.Co & C. Sas,Servizio di affilatura,,080 303 9222,"Contrada Lacometana, 6",Santeramo In Colle,,,,,,,,,,,
Summo Cucine,Negozio di articoli da cucina,https://www.summocucine.it/,080 361 4481,"Viale Orazio Flacco, 5",Ruvo di Puglia,,summocucine@virgilio.it,https,Angular,Sì,OVH SAS,56,0,85.00,Sì,No
Giampetruzzi Vincenzo Srl,Arredo bagno,https://www.giampetruzzi.it/,080 302 3500,"Via Acquaviva, 44",Santeramo in Colle,,,https,ASP.NET,Sì,"Cloudflare, Inc.",52,80,82.00,Sì,No
Edil Ruvo Vitale,Negozio di ceramiche,http://www.edilruvovitale.com/,080 841 6745,"Via Pietro Ravanas, 8-12",Ruvo di Puglia,,info@edilruvovitale.com,https,WordPress,No,Aruba S.p.A.,57,85,100.00,Sì,No
RUTA FASHION GROUP srl,Negozio di abbigliamento,http://beboard.it/,080 361 1229,"Via Luigi Galvani, 5",Ruvo di Puglia,,info@beboard.it,https,WordPress,Sì,Aruba S.p.A.,55,60,100.00,Sì,No
Guidaflex Materassi,Negozio di materassi,https://www.guidaflex.it/,0835 263616,"Via della Tecnica, 9",Matera,,info@guidaflex.it,https,WordPress,Sì,Google LLC,51,87,92.00,Sì,No
Sanflex Srl,Negozio di materassi,,080 302 3005,"Via Simone Peppino, 17",Santeramo In Colle,,,,,,,,,,,
Giampetruzzi Srl,Impresa di scavi e demolizioni,http://www.giampetruzzisrl.it/,080 302 4102,"sp 160, SP160, km 5",Santeramo In Colle,,info@famigliasalesiana.org,https,ASP.NET,Sì,"Cloudflare, Inc.",63,76,83.00,Sì,No
Royal Cotton Company Srls,Negozio di abbigliamento,,080 302 6265,"Via Iacoviello, 9",Santeramo In Colle,,,,,,,,,,,
La Matrioska - Merceria Intimo Accessori,Negozio di intimo,,327 693 0160,"Corso Italia, 50",Santeramo In Colle,,,,,,,,,,,
Marinelli Arredamenti di Nicolò Marinelli,Negozio di mobili per ufficio,,347 616 5706,"SP2, 42",Terlizzi,,,,,,,,,,,
Gi.Pi. Collection Ingrosso Bomboniere - Articoli da regalo,Negozio di souvenir di matrimonio,https://gipicollection.com/,080 351 4230,"Viale dei Garofani, 32B",Terlizzi,,gipiterlizzi@libero.it,https,Shopify,No,"Cloudflare, Inc.",64,94,100.00,Sì,No
Sabino Cagnetta Showroom Terlizzi,Fornitore di materiali da costruzione,https://www.cagnetta.it/,080 351 8950,"Via A. de Gasperi, 68/c",Terlizzi,,,https,Shopify,No,"Cloudflare, Inc.",57,74,100.00,Sì,No
MATERASSI PERMAFLEX -IPNOS,Negozio di materassi,,080 237 5695,"Corso Vittorio Emanuele, 103",Triggiano,,,,,,,,,,,
Green Generation,Negozio di sigarette elettroniche,,320 865 6516,"Corso Dante Alighieri, 122",Terlizzi,,,,,,,,,,,
Gi.Ca. Di Giangaspero Pierluigi E Cagnetta Nunzio & C. S.N.C.,Produzione e ingrosso alimentari,,080 351 6500,"Viale del Lilium, 11",Terlizzi,,,,,,,,,,,
Cici | Ingrosso e Dettaglio Carni,Macelleria,,080 891 8271,"Via Cavalieri di Vittorio Veneto, 1",Sammichele di Bari,,,,,,,,,,,
Colorificio Lagioia S.R.L.,Negozio di articoli per la pittura,http://www.lagioia.it/,080 468 1661,"Via delle Mura, 65",Triggiano,,info@lagioia.it,https,WordPress,Sì,Netsons s.r.l.,57,82,85.00,Sì,No
Capocelli Francesco,Produttore di mobili,,080 891 7607,"Via Guglielmo Oberdan, 5",Sammichele di Bari,,,,,,,,,,,
Spinelli Vivai Piante,Vivaio,http://www.vivaispinelli.it/,080 891 0734,"S.P.139 Km 6.5 Contrada Canale, Dom. fiscale via Salgari 7",Sammichele di Bari,,info@vivaispinelli.com,http,WordPress,Sì,Aruba S.p.A.,48,57,92.00,Sì,No
Fratelli Valente,Produttore di arredi per negozi e supermercati,http://www.valente-arredi.it/,080 891 0060,"Km, 31, 800",Sammichele di Bari,,info@valente-arredi.it,https,React,Sì,Netsons Network,63,89,92.00,Sì,No
Dolci Sapori Di Abbinante Giuseppe,Negozio di dolciumi,,080 460 2334,"Via Casamassima, 73",Valenzano,,,,,,,,,,,
ROLL MAISTO,Negozio di tende avvolgibili,,080 467 1988,"angolo circonvallazione, Via Bari, 241",Valenzano,,,,,,,,,,,
Macelleria La Tradizione,Macelleria,https://shop.bracerialatradizione.it/,080 891 7070,"Via Dino Bianco, 37",Sammichele di Bari,,info@bracerialatradizione.it,https,React,Sì,Aruba S.p.A.,0,0,0.00,Sì,No
Lagioia Stucchi Decorativi Srl,Produttore,http://www.fedelelagioia.it/,080 467 3713,"Via Michelangelo Buonarroti, sn",Valenzano,,info@fedelelagioia.it,http,React,No,OVH ISP,64,81,100.00,Sì,No
Mobilificio Battista,Negozio di mobili,https://www.mobilibattista.it/,080 891 7377,"Via Cesare Battisti, 27",Sammichele di Bari,,info@mobilibattista.it,https,React,No,Aruba S.p.A. Network,60,69,83.00,Sì,No
Biessedilizia - Termoidraulica ed edilizia,Fornitore di materiali da costruzione,http://www.biessedilizia.com/,351 704 5344,"Via Casamassima, 76",Valenzano,,info@biessedilizia.com,https,WordPress,No,Aruba S.p.A.,62,87,92.00,Sì,No
Lagioia Stucchi,Produttore,http://www.lagioiastucchi.it/,080 467 3187,"2VVV+PG Valenzano, Città Metropolitana di Bari",Valenzano,,,https,WordPress,Sì,Aruba S.p.A. Network,52,75,92.00,Sì,No
LUXFLEX materassi - reti - poltrone relax - divani - letti,Negozio di materassi,http://www.luxflex.net/,348 415 9964,"Via Madonna dei Martiri, 109/111",Molfetta,,luxflex@yahoo.it,https,React,No,Google LLC,71,95,100.00,Sì,No
Ferrarese Contract S.R.L.,Fabbricazione e vendita tende,http://www.ferraresecontract.it/,080 338 2085,"Via Cosimo Sancilio, 4",Molfetta,,info@ferraresecontract.it,https,WordPress,No,Aruba S.p.A.,56,62,92.00,Sì,No
Maisto & Figli Srl,Fornitore di finestre,https://maistoefiglisrl.com/,080 467 1902,"Via Bari(Complanare Sinistra), 206",Valenzano,,info@maistoefiglisrl.it,https,WordPress,No,Aruba S.p.A.,68,95,100.00,Sì,No
Divani Living,Negozio di divani,http://www.divaniliving.it/,080 337 5371,"Via dei Lavoratori, 1",Molfetta,,info@divaniliving.it,https,WordPress,Sì,Keliweb S.R.L,53,70,100.00,Sì,No
MODAFLEX MATERASSI,Negozio di materassi,,349 782 5423,"VIA TENENTE FIORINO 60 (MOLFETTA VIA MOLFETTA 61 (GIOVINAZZO, Via Tenente Michele Fiorino, 60",Molfetta,,,,,,,,,,,
Spazio Casa Bavaria - Materassi Doghe Poltrone,Negozio di materassi,,330 530 066,"Via Cavour, 80",Monopoli,,,,,,,,,,,
dorelan,Negozio di materassi,,080 645 7989,Via Guglielmo Oberdan,Monopoli,,,,,,,,,,,
"ECOBED - Materassi in lattice naturale, memory foam e guanciali",Negozio di materassi,,080 937 2980,"Via Tenente Vitti, 168",Monopoli,,,,,,,,,,,
Intrex Cucine,Negozio di mobili,https://sites.google.com/view/intrex-ebanisteria/home?authuser=0,080 880 7432,Via Antichi Pastifici,Molfetta,,benvenuti@intrex.it,https,React,No,Google LLC,60,78,75.00,Sì,No
Creo Store di Angelo Bellapianta,Negozio di mobili,https://abarredamenti.com/,080 579 2497,"C.so Umberto I, 151",Molfetta,,info@abarredamenti.com,https,ASP.NET,Sì,Server Plan S.r.l.,47,69,85.00,Sì,No
Planet Flex Outlet...materassi,Negozio di materassi,,080 332 3294,"Via Vittorio Veneto, 279/B",Monopoli,,,,,,,,,,,
Anna Lomuscio Hotellerie Sas,Negozio di arredamento per bar e ristoranti,http://www.lomusciohotellerie.it/,080 937 4038,"Via Baione, 273",Monopoli,,info@lomusciohotellerie.it,https,ASP.NET,Sì,IONOS SE,57,76,92.00,Sì,No
Angeliflex Srl,Produttore,http://www.angeliflex.it/,099 777 1524,"Via Brigantini, 1b",Taranto,,info@angeliflex.it,https,React,Sì,Aruba S.p.A. Network,51,69,100.00,Sì,No
Intimo Fior di Pelle Carosino,Negozio di intimo,,349 434 4766,"C.so Umberto, 91",Carosino,,,,,,,,,,,
PM Arredobagni di Matichecchia Ivana,Arredo bagno,,328 920 6376,"Via N. Sauro, n° 16",Carosino,,,,,,,,,,,
Sibilla Salvatore & .C. S.N.C.,Tappezziere,,099 591 8599,"Via A. Gramsci, 1",Carosino,,,,,,,,,,,
Samaflex Fabbrica Materassi,Negozio di materassi,http://www.samaflexmaterassi.com/,099 735 1405,"Via Umbria, 88/90",Taranto,,info@samaflexmaterassi.com,https,WordPress,No,"Automattic, Inc",51,83,92.00,Sì,No
Creazioni Pregiate Intimo e Biancheria per la casa Crispiano (TA),Negozio di biancheria,,099 811 0870,"Via Martina Franca, 12 a/b",Crispiano,,,,,,,,,,,
Arredamenti Paciulli - Mg Arredamenti Srl,Negozio di mobili,http://www.arredamentipaciulli.it/,099 994 3054,"Via Martina Franca, 21",Crispiano,,mgarredamenti2013@libero.it,https,React,No,OVH SAS,55,65,91.00,Sì,No
Lo Specchio del Reame di Ylenia Simeone,Negozio di intimo,,388 365 0546,"Via 14 Novembre, 11/A",Crispiano,,,,,,,,,,,
Tecnologie per Dormire - Milone Maria,Negozio di materassi,http://www.tecnologieperdormire.it/,0831 811428,"Via Barbaro Forleo, 35",Francavilla Fontana,,info@tecnologieperdormire.it,https,WordPress,No,Netsons s.r.l.,56,70,85.00,Sì,No
M.e.s.a S.r.l.,Fornitore di materiali da costruzione,http://mesasrl.net/,099 843 0514,"Via Mare delle Nubi, 110",Castellaneta Marina,,,https,WordPress,No,OVH SAS,71,90,85.00,Sì,No
Acchiappasogni - Home & Deco,Negozio,,099 400 6716,"Largo Umberto I, n3",Castellaneta,,,,,,,,,,,
Multiservice Arredamenti,Traslocatore,https://www.multiservicearredamenti.com/,340 306 1423,"Via Principe di Napoli, 21",Castellaneta,,,https,React,No,Google LLC,56,78,92.00,Sì,No
Arredamenti Pontrelli di Pontrelli Pierluigi,Negozio di tende,http://www.arredamentipontrelli.it/,099 616515,"Via Martina Franca, 80",Crispiano,,,https,Joomla,No,Aruba S.p.A.,56,68,92.00,Sì,No
Arte Nova Interni,Designer d'interni,http://artenovainterni.it/,099 611856,"Via Foggia, 23",Crispiano,,,https,React,Sì,Aruba S.p.A.,28,36,85.00,Sì,No
Boutique Casa Outlet,Negozio di biancheria,,080 478 5956,"Via Carlo Cattaneo, 2",Noicattaro,,,,,,,,,,,
Merceria Linea Intima Noicattaro,Merceria,,339 244 4704,"Via Torino, 23",Noicattaro,,,,,,,,,,,
Da Giulia,Merceria,,324 954 4384,"Via Vecchia Casamassima, 10",Noicattaro,,,,,,,,,,,
Ferramenta Nisi Color,Ferramenta,,389 117 7675,"Via Alcide de Gasperi, 24",Leporano,,,,,,,,,,,
Cannito Soluzioni per il riposo,Casalinghi,,348 470 4479,"via cherubini angolo, Viale Ionio",Marina di Ginosa,,,,,,,,,,,
Materassi e Materassi - Taranto,Negozio di materassi,https://www.materassiematerassi.it/,099 779 6146,"Via Cesare Battisti, 382",Taranto,,,https,Shopify,Sì,Seeweb srl,28,45,92.00,Sì,No
SOFARM Show Room,Negozio di materassi,https://sofarm.it/,800 967 039,"VIALE SINDACO, Viale Agostino Dipierro, 70016",Noicattaro,,,https,WordPress,Sì,Aruba S.p.A.,54,75,85.00,Sì,No
Materassi Leonardi,Negozio di materassi,http://www.leonardimaterassi.com/,099 452 7829,"Via Duca Degli Abruzzi, 23",Taranto,,utente@dominio.com,https,Squarespace,No,"Squarespace, Inc.",36,90,92.00,Sì,No
Maggiore Corredi Snc Di Maggiore Eduardo & C,Negozio di intimo,,099 829 2806,"Via Quarto, 51",Ginosa,,,,,,,,,,,
dielle edilizia srl,Negozio di bricolage,,099 827 7328,Contrada Stornara,Marina di Ginosa,,,,,,,,,,,
LA BOTTEGA Alimenti e Sentimenti,Negozio di alimentari,,099 652 5373,"Viale Martiri d'Ungheria, 217",Ginosa,,,,,,,,,,,
Bitella Srl - Husqvarna Professional,Negozio di articoli per il giardinaggio,http://www.bitella.it/,393 877 1608,"Strada Provinciale ex SS 580, km 13",Ginosa,,info@bitella.it,https,Basekit,No,Aruba S.p.A.,41,66,100.00,Sì,No
Atelier Re D'Italia,Negozio di abbigliamento elegante,,347 187 2052,"Via Roma, 130",Ginosa,,,,,,,,,,,
viaROMA boutique,Negozio di abbigliamento donna,,342 074 7660,"Via Roma, 122",Ginosa,,,,,,,,,,,
Castellano Abbigliamento,Negozio di abbigliamento,,350 900 0275,"Corso Vittorio Emanuele II, 136",Ginosa,,,,,,,,,,,
eclipsestore,Negozio di abbigliamento,http://www.eclipsestore.it/,345 649 1993,"Via G. Matteotti, 18",Ginosa,,,https,Shopify,No,"Cloudflare, Inc.",62,66,92.00,Sì,No
Prencipedil di Gatti Vincenza,Arredo bagno,http://www.shopedil.it/,099 696 3799,contrada bandiera,Ginosa,,info@shopedil.it,https,PrestaShop,No,Hetzner Online GmbH,73,59,92.00,Sì,No
Gulliver Collection,Negozio di scarpe,http://gullivercollection.it/it/,099 612966,"Corso Vitt. Emanuele III, 65",Crispiano,,,https,Shopify,Sì,"Cloudflare, Inc.",31,89,92.00,Sì,No
Ragno Domenico,Negozio di scarpe,,099 811 0049,"Corso Umberto I, 97",Crispiano,,,,,,,,,,,
L'Inventarredo Mobili e Complementi,Negozio di mobili,https://www.linventarredo.it/,328 974 0010,"Via G. Matteotti, 263",Ginosa,,linventarredo@gmail.com,https,Joomla,No,Aruba S.p.A. Network,68,95,100.00,Sì,No
Idee In,Negozio di articoli da regalo,,099 821 6911,"Via Roma, 64",Laterza,,,,,,,,,,,
Garofoli S.p.A.,Negozio di forniture elettriche,http://www.garofolispa.eu/,080 991 1795,Strada Provinciale Palo-Binetto Z.A.,Palo del Colle,,vendite@garofolispa.eu,https,React,Sì,Server Plan S.r.l.,56,60,100.00,Sì,No
ST Materassi -Sistemi di Riposo,Negozio di materassi,,320 871 9476,"Piazza Giuseppe Verdi, 22",Grottaglie,,,,,,,,,,,
Iris Bed and Breakfast,Bed & Breakfast,http://www.irisbedandbreakfast.com/,348 231 5005,"Via Cristoforo Colombo, 8",Laterza,,,https,WordPress,No,Serverplan S.r.l.,60,86,100.00,Sì,No
Aquaro Carmelo,Macelleria,,099 563 7305,"Viale Antonio Gramsci, 89",Grottaglie,,,,,,,,,,,
Materassi D. L. G.,Negozio di bricolage,,328 214 3864,"Viale Antonio Gramsci, 25c",Grottaglie,,,,,,,,,,,
Ceramiche di Grottaglie,Negozio di ceramiche,https://www.ceramichedigrottaglie.it/,099 964 6611,"Via Guglielmo Marconi, 75/E",Grottaglie,,info@ceramichedigrottaglie.it,https,WordPress,Sì,Aruba S.p.A.,66,65,100.00,Sì,No
L'Imballaggio,Azienda di confezionamento,,0831 819274,"Via Bruno Buozzi, 21",Grottaglie,,,,,,,,,,,
Fratelli Laterza,Arredo bagno,https://www.fratellilaterza.com/,099 880 6141,"Via Orto Della Corte, 7/9",Massafra,,shop@fratellilaterza.com,https,Joomla,Sì,Server Plan S.r.l.,60,74,92.00,Sì,No
De Felice Atelier,Fabbricazione e vendita tende,http://www.defeliceatelier.it/,099 561 0134,"Via Leone XIII, n° 14",Grottaglie,,info@defeliceatelier.it,https,Shopify,Sì,Hetzner Online GmbH,55,64,85.00,Sì,No
FasanoCeramiche srl,Negozio di ceramiche,http://www.fasanocnf.it/,099 566 1037,"Via Francesco Crispi, 6",Grottaglie,,info@fasanocnf.it,https,WordPress,No,OVH SAS,51,62,85.00,Sì,No
Ceramiche la Grotta,Produttore,,335 572 5358,"Via Leone XIII, 9",Grottaglie,,,,,,,,,,,
Cantina E Centrale Ortofrutticola Pruvas Soc.Coop.A.R.L.,Oleificio,http://www.pruvas.it/,099 566 1172,"Via Stazione, 2",Grottaglie,,info@pruvas.it,http,ASP.NET,No,Aruba S.p.A. Network,100,100,82.00,Sì,No
Gaia Cosmesi Srl,Industria cosmetica,https://www.gaiacosmesi.com/,099 563 5019,"Via Molise, 70",Grottaglie,,,https,WordPress,No,Aruba S.p.A. Network,91,98,92.00,Sì,No
Carlucci Arredi 1958 - Carlucci Kitchens Stosa Cucine Store,Negozio di mobili,,392 222 1479,"Via Giuseppe Parini, 50, Via A. de Gasperi, 108",Grottaglie,,,,,,,,,,,
Nogema,Negozio di forniture per la cottura in forno,https://nogema.it/,099 566 8818,"Via Madonna di Pompei, 23",Grottaglie,,info@nogema.it,https,WordPress,No,Google LLC,76,98,100.00,Sì,No
Il Sogno Di Zorzato Marta,Negozio di materassi,,099 971 3544,"Via del Fossato, 25",Manduria,,,,,,,,,,,
Bernardi cioccolato,Fabbrica di cioccolato,http://www.bernardicioccolato.it/,099 562 3723,"Viale Ionio, 18",Grottaglie,,servizioclienti@bernardicioccolato.it,https,OpenCart,No,Aruba S.p.A.,55,68,100.00,Sì,No
Ceramiche Francesco Motolese,Negozio di ceramiche,,347 726 6473,"Via L. da Vinci, 28",Grottaglie,,,,,,,,,,,
Ceramiche Enza Fasano snc,Negozio di ceramiche,https://www.enzafasano.it/,099 562 3849,"Via Caravaggio, 31",Grottaglie,,info@enzafasano.it,https,WordPress,No,Server Plan S.r.l.,77,94,85.00,Sì,No
Manigrasso Safety Solutions | Antincendio e Antinfortunistica a Taranto e in Puglia,Antinfortunistica,http://www.manigrassosafety.com/,099 561 2492,"Via Ennio, 110",Grottaglie,,info@manigrassosafety.com,https,React,Sì,Google LLC,59,79,92.00,Sì,No
Bonfrate,Fornitore di materiali da costruzione,https://www.bonfrate.it/,099 563 5989,"Via Antonio Canova, 20",Grottaglie,,acquisti@bonfrate.it,https,React,No,OVH ISP,65,42,92.00,Sì,No
C.M.M. S.r.l.,Fornitore di metalli,,099 979 4278,Via Circonvallazione Ta/Le,Manduria,,,,,,,,,,,
"Liquidò | Detersivi alla Spina, Casalinghi, Cura della Persona, Pet food.",Casalinghi,https://liquidomanduria.it/,388 803 7203,"Via Gorizia, 35B",Manduria,,,https,React,No,"Cloudflare, Inc.",66,89,100.00,Sì,No
Le Tessere del Mosaico Srl,Produttore di piastrelle,https://www.letesseredelmosaico.com/,347 655 0688,"Via XXV Luglio, 120",Grottaglie,,info@mysite.com,https,Wix,Sì,Google LLC,45,63,100.00,Sì,No
Maggio Arredamenti - Produzione Artigianale Mobili - Complementi D' Arredo - Articoli Da Regalo - Taranto - Brindisi - Lecce,Negozio di mobili,https://www.maggioarredamenti.it/,339 864 8476,"Via Giuseppe Galliano, 40",Manduria,,maggioarredamenti@gmail.com,https,ASP.NET,No,Aruba S.p.A,56,46,100.00,Sì,No
Forte Rosina,Negozio di tessuti,,099 979 5966,"Via per Lecce, 60",Manduria,,,,,,,,,,,
Occhilupo Arredamenti,Negozio di mobili,https://www.occhilupoarredamenti.com/,099 979 5900,"Via Nicola Fabrizi, 1/A",Manduria,,occhilupoarredamenti@libero.it,https,ASP.NET,No,Aruba S.p.A,61,79,100.00,Sì,No
Mazzei Ceramiche Show Room Lizzano,Negozio di bricolage,,099 955 2178,"Viale Antonio Gramsci, 131",Lizzano,,,,,,,,,,,
Caprino Stanislao,Negozio di elettrodomestici,,099 955 2542,"Via Principe Umberto, 115",Lizzano,,,,,,,,,,,
Bottega Ceramica Di Fasano Antonio,Negozio di ceramiche,http://www.bottegaceramicafasano.com/,099 566 1871,"Via Caravaggio, 7",Grottaglie,,info@bottegaceramicafasano.com,https,Nuxt.js,No,Aruba S.p.A. Network,67,75,73.00,Sì,No
Lefada Home by Carrino Design S.R.L.,Rivenditori di mobili per la casa,http://www.lefadahome.com/,099 971 2000,"Via Campo dei Fiori, z.i",Manduria,,,https,Joomla,No,Aruba S.p.A.,76,97,92.00,Sì,No
Purocotone,Fabbrica di tessile,http://www.purocotone.it/,0836 195 5455,s.s. 275 Km 12,Surano,,info@purocotone.it,https,React,Sì,Hetzner Online GmbH,52,64,85.00,Sì,No
R.E.L. RICAMBI DI ELETTRODOMESTICI di Blasi Giuseppe,Negozio di elettrodomestici,,099 955 2887,"Via Roma, 175",Lizzano,,,,,,,,,,,
Maeba Concept Store,Profumeria,,328 176 0804,"Viale Giuseppe Mancini, 18/A",Manduria,,,,,,,,,,,
APULIA FLEX FABBRICA DI MATERASSI DIVANI & POLTRONE RELAX OCEAN GROUP di Massimo Oceano a Galatone (LE),Negozio di materassi,https://www.oceangroup-relax.store/,366 787 4665,"Via Luigi, Via Riccardi, 1",Galatone,,oceangroup.galatone@gmail.com,https,React,No,Google LLC,42,97,85.00,Sì,No
Fantasj Bazar Di Schinai Pietro,Merceria,,099 955 1230,"Via Carlo Poerio, 230",Lizzano,,,,,,,,,,,
D.BIO Fabbrica Materassi,Negozio di materassi,https://www.dbiomaterassi.com/,0833 588447,"Via del Commercio, Snc",Melissano,,info@dbiomaterassi.com,https,WordPress,No,Netsons Network,32,57,92.00,Sì,No
Divani Per Te S.r.l.,Negozio di divani,,080 536 5200,"S.S. 96 Km 119, 900",Modugno,,,,,,,,,,,
Hevea Materassi,Negozio di mobili,https://www.hevea.info/,333 773 1059,Viale della Repubblica,Modugno,,,https,Joomla,Sì,Aruba S.p.A.,57,81,77.00,Sì,No
SM DIVANI GROUP,Negozio di divani,,349 645 5483,"Via degli Ebanisti, 9",Modugno,,,,,,,,,,,
Edilmacotek,Negozio,http://www.edilmacotekshop.it/,099 955 2179,"Via Ezio Vigorelli, 18",Lizzano,,edilmacoteksrl@libero.it,https,Duda,Sì,Server Plan S.r.l.,60,94,100.00,Sì,No
ITALIA LIVING,Negozio di divani,http://www.italialiving.it/,080 964 0188,"Via degli Oleandri, 37",Modugno,,info@italialiving.it,,Shopify,No,Fastweb SpA,56,71,92.00,Sì,No
ARREDOTEC srl,Produttore di arredi per negozi e supermercati,http://www.arredotec.it/,080 512 8357,"S. P. 231 km 0,300",Modugno,,info@arredotec.it,https,Shopify,Sì,Serverplan s.r.l.,18,38,92.00,Sì,No
Skf Industrie Spa,Produttore,,080 539 9111,"Via delle Camelie, 3",Modugno,,,,,,,,,,,
Dorelan Modugno,Negozio di materassi,https://www.dorelan.it/pages/dorelan-modugno,080 850 5089,SS96,Modugno,,,https,Shopify,Sì,"Amazon.com, Inc.",51,62,100.00,Sì,No
Drapperia Tessuti E Lane Stock,Negozio di tessuti,,393 267 2233,G,Martina Franca,,,,,,,,,,,
Casa D'oro,Produttore di mobili,,327 137 6411,"Via Pietro del Tocco, 10",Martina Franca,,,,,,,,,,,
DORELAN MARTINA FRANCA,Negozio di mobili,,080 247 0653,"Via Pietro del Tocco, 10",Martina Franca,,,,,,,,,,,
Raguso Tecnologie,Produttore di arredi per negozi e supermercati,http://ragusotecnologie.it/,080 483 8451,"Via Gaetano Grassi, 20",Martina Franca,,,https,WordPress,No,Aruba S.p.A.,84,99,100.00,Sì,No
Greenbed Martina Franca,Negozio di materassi,https://green-bed.it/,080 300 5098,"Via Giuseppe Toniolo, 8",Martina Franca,,info@green-bed.it,https,React,No,OVH SAS,46,67,100.00,Sì,No
Soluzioni Casa Relax,Negozio di materassi,http://www.soluzioni-casa.com/,324 152 6708,"Viale della Libertà, 146",Martina Franca,,info@soluzioni-casa.com,https,React,No,Aruba S.p.A. Network,60,88,100.00,Sì,No
Spallinificio A & D Srl,Negozio di abbigliamento,,080 485 5118,"Km. 2.200 Via Mottola, Martina Franca, TA 74015",Martina Franca,,,,,,,,,,,
Soffice centro esclusivo Permaflex,Negozio di materassi,,349 171 2091,"Via Vittorio Continelli, 90",Ostuni,,,,,,,,,,,
Tessutiwax.it,Negozio di tessuti,https://www.tessutiwax.it/,338 793 3391,"Vico I Cavour, 21",Martina Franca,,,,Webflow,Non trovato,Amazon Technologies Inc,98,100,90.00,No - Pagina Non Trovata (404),No
News Emporio dal Napoletano,Negozio,,099 676535,Vico Massafra,Maruggio,,,,,,,,,,,
Sistema Riposo Permaflex,Negozio di materassi,,380 868 5684,"Via G. Fanelli, 64",Martina Franca,,,,,,,,,,,
DreamRelax,Negozio di materassi,http://www.dreamrelax.it/,327 158 0503,"Via Roma, 32 G",Modugno,,,https,React,Sì,Google LLC,68,62,100.00,Sì,No
La Bottega degli Infissi,Fornitore di finestre,,339 589 9952,"Via Cavour, 53/a",Maruggio,,,,,,,,,,,
Itria Materassi di Maggiolini Antonella,Negozio di materassi,,393 901 5531,"Via Piave 12, Via Giovanni Papini, 40",Cisternino,,,,,,,,,,,
Kokken showroom cucine,Negozio di mobili,http://www.kokken.it/,339 541 0304,"Via Valle D'Itria, 32",Martina Franca,,dpo-google@google.com,https,React,Sì,Aruba S.p.A.,32,68,91.00,Sì,No
Linea Ufficio,Negozio di mobili per ufficio,,099 886 4526,"Via Giosuè Carducci, 7",Mottola,,,,,,,,,,,
Az. Agr. Biologica Notaristefano,Grossista di prodotti agricoli,,099 886 1013,"Via Salvatore Allende, 32",Mottola,,,,,,,,,,,
Romanelli Srl - Lavorazione Marmi,Ditta specializzata in marmi,,333 408 6761,Strada Provinciale per Castellaneta,Mottola,,,,,,,,,,,
Pavone Casa S.r.l.,Arredo bagno,,099 886 2807,"Via Santo Stefano, 3",Mottola,,,,,,,,,,,
Macelleria Gourmet Salamida,Macelleria-gastronomia,,388 807 6010,"Via Cesare Battisti, 14",Mottola,,,,,,,,,,,
Cooperativa Agricola Della Collina,Macelleria,,099 886 7020,"Via Alcide De Gasperi, 30",Mottola,,,,,,,,,,,
Pastificio Intini Srl,Produttore di alimenti,,099 886 3722,"Via Alcide De Gasperi, 41",Mottola,,,,,,,,,,,
Romanelli Lorenzo,Fornitore di finestre,,099 886 7167,"Via Giovanni Falcone, Mottola, TA 74017",Mottola,,,,,,,,,,,
Carton Piu,Azienda di confezionamento,,099 888 5288,"Via Madonna del Carmine, 45",Mottola,,,,,,,,,,,
I Sapori Del Casaro srl,Caseificio,,099 886 4309,"Via Giacomo Matteotti, 75/77",Mottola,,,,,,,,,,,
Ceramiche Montanaro Srl,Negozio di ceramiche,,099 886 7139,"Via Gerolamo Gerloni, 38",Mottola,,,,,,,,,,,
Vertice Uomo Di Panico Giuseppe,Negozio di abbigliamento uomo,,099 946 8432,"Via Risorgimento, 10",Mottola,,,,,,,,,,,
Home Design srl,Negozio di mobili,,329 495 0000,"Ufficio :, Magazzino : Via Manzoni 1, Faggiano, Via lorenzo il Magnifico, snc",San Giorgio Ionico,,,,,,,,,,,
Cito Group,Produttore di mobili,http://www.citogroup.it/artigianato/,099 886 3316,"Via Giovanni Falcone, 14",Mottola,,,http,WordPress,No,Genesys Informatica S.r.l,62,85,100.00,Sì,No
Pastificio Fedele Produzione Artigianale,Negozio di pasta fresca,,099 590 1850,"Via XXV Luglio 1943, 94",Monteiasi,,,,,,,,,,,
Framelibea,Negozio di biancheria,,346 962 1565,"Via Roma, 161",Monteiasi,,,,,,,,,,,
Kikau Store,Negozio di mobili,https://www.kikaustore.it/,099 880 3864,Via Appia km 632,Massafra,,info@kikaustore.it,https,React,No,Server Plan S.r.l.,48,78,92.00,Sì,No
Fedele tutto per la casa,Casalinghi,,348 307 6165,Via J. Micheli box n. 4,Massafra,,,,,,,,,,,
Olio Birtolo - Agrimont Srl,Oleificio,http://www.oliobirtolo.it/,099 590 7276,"Viale A. De Gasperi, 113",Monteiasi,,,https,WordPress,No,Easyname GmbH,68,96,58.00,Sì,Sì
Cervellera Marco Valerio,Macelleria,,099 590 1424,"Via G. Marconi, 67",Monteiasi,,,,,,,,,,,
Arredamenti Dalena s.r.l.,Negozio di mobili,,099 886 5149,"Via Risorgimento, 307",Mottola,,,,,,,,,,,
Cartonlegno Group Srl,Azienda di confezionamento,https://www.cartonlegnogroup.it/,099 880 9403,"Via Stazione, 34",Massafra,,,https,WordPress,Sì,Server Plan S.r.l.,68,75,92.00,Sì,No
Bradascio SRL,Falegname,,099 886 1005,"Via Salvatore Allende, 22",Mottola,,,,,,,,,,,
Casa Design - Arredo a 360°,Negozio di mobili,http://www.arredo360.it/,099 885 1936,"Viale Magna Grecia, 75",Massafra,,arredo360@libero.it,https,WordPress,No,Aruba S.p.A.,14,47,100.00,Sì,No
Stampa Sud Spa,Stamperia,http://www.stampa-sud.it/,099 886 5382,"Via Paolo Borsellino, 7",Mottola,,info@stampa-sud.it,https,Shopify,Sì,Google LLC,52,41,100.00,Sì,No
Q.M.due srl,Autodemolitore,http://www.autodemolizionequaranta.it/,346 579 8346,"Contrada Pastani, 40",Monteiasi,,,http,ASP.NET,No,Aruba S.p.A,100,96,82.00,Sì,No
GIOIELLI DIFINO MOTTOLA,Gioielleria,https://www.gioiellidifinomottola.it/,099 886 3300,"Via Palagianello, 128g",Mottola,,commerciale@gioiellidifinomottola.it,https,React,No,Aruba S.p.A.,34,45,83.00,Sì,No
Carriero & Lore' Srl,Società,,099 886 1228,"Viale Giuseppe Turi, 129",Mottola,,,,,,,,,,,
De Lorenzo Photo & Film di Peppe De Lorenzo,Fotografo,http://peppedelorenzo.com/,099 464 1712,"Via S. Marco, 8",Monteiasi,,,https,WordPress,Sì,Aruba S.p.A.,57,74,85.00,Sì,No
VILLA FINZI - Distribuzione prodotti tipici in Puglia e Basilicata - Taranto,Fornitore di prodotti alimentari,https://www.villafinzi1980.it/,349 299 1258,"Via Vito Forleo, 2/A",Taranto,,mymail@gmail.com,https,React,No,IT.Gate S.p.A.,55,64,85.00,Sì,No
Vantaggi Sottocasa - Centro Servizi Assistenza Palagiano,Negozio di telefoni cellulari,,099 450 8074,"Via Carella, 1B",Palagiano,,,,,,,,,,,
L'Angolo dei Sogni,Negozio di materassi,,099 400 7501,"Via Parisi, 1",Palagiano,,,,,,,,,,,
Gl Edilizia Di Genco G. E Laera V. & C. Snc,Fornitore di materiali da costruzione,,099 849 5105,Via dello Sport,Palagianello,,,,,,,,,,,
Mondo Casa,Negozio,,393 900 6836,"Via Renato Guttuso, 2",Palagianello,,,,,,,,,,,
La Primula,Agenzia funebre,,099 849 4085,"Corso Gramsci, 30",Palagianello,,,,,,,,,,,
Gasparre Giuseppe,Commercialista abilitato all'esercizio della professione,,099 844 4083,"Via Saverio Mercadante, 17",Palagianello,,,,,,,,,,,
Zincherie Meridionali,Lavorazione dei metalli,http://www.zincheriemeridionalisrl.it/,099 591 9274,Contrada Curezze,Carosino,,info@zincheriemeridionali.it,https,Shopify,Sì,Server Plan S.r.l.,57,75,100.00,Sì,No
Borraccino Guerino,Fabbricazione e vendita tende,,099 533 9597,"Via Roma, 140",Pulsano,,,,,,,,,,,
Proposte,Negozio di abbigliamento donna,,099 849 5135,"Via Mottola, 35",Palagianello,,,,,,,,,,,
Studio Di Consulenza Di Ferdinando Giandomenico,Consulente dell'impiego,,099 849 4310,"Via Giacomo Matteotti, 60",Palagianello,,,,,,,,,,,
New Dimitex S.R.L.,Negozio di biancheria,,099 533 0280,"Via C. G. Viola, 26",Pulsano,,,,,,,,,,,
Futurmac Di Lappo Vittorio,Negozio di materassi,,099 731 2057,"Via Caravaggio, 17",Taranto,,,,,,,,,,,
Ferramenta Casabella,Ferramenta,,099 533 8587,"Via C. G. Viola, 17",Pulsano,,,,,,,,,,,
CGM Manufatti snc,Ditta specializzata in rivestimenti per esterni,https://www.expocgm.it/,099 533 7982,"zona P.I.P, Lotto, 21",Pulsano,,info@cgmmanufatti.com,https,React,Sì,OVH SAS,55,67,92.00,Sì,No
Pulito Leonardo,Negozio di elettrodomestici,,099 533 0559,"VIA VITTORIO EMANUELE II, 144",Pulsano,,,,,,,,,,,
TreM Riparazioni,Servizio di riparazione di elettrodomestici,https://www.tremriparazioni.it/,333 772 9679,"Via Roma, 39",Pulsano,,mimmosss4235@gmail.com,https,WordPress,No,Hetzner Online GmbH,78,99,100.00,Sì,No
Profumeria Ines,Profumeria,,099 533 0581,"Via C. G. Viola, 20",Pulsano,,,,,,,,,,,
Tappezzeria Tendaggi D'Elia,Fabbricazione e vendita tende,http://www.tendaggidelia.com/,347 166 8812,"Via S. Giorgio Jonico, 2",Roccaforzata,,,https,React,No,One.com A/S,70,94,83.00,Sì,No
Galeone s.r.l.,Negozio di tessuti,https://biancheriaetessutigaleone.it/,099 533 0064,"Via Roma, 16",Pulsano,,info@biancheriaetessutigaleone.it,https,React,Sì,Server Plan S.r.l.,53,60,100.00,Sì,No
MiniFlex Negozio di materassi e poltrone,Negozio di materassi,,099 400 6876,"Via Vittorio Emanuele III, 80",San Marzano di San Giuseppe,,,,,,,,,,,
Linea Due Emme srl,Negozio di materassi,http://www.lineaduemme.it/,099 450 0789,"Via Vittorio Emanuele III, 194/A",San Marzano di San Giuseppe,,lineaduemme@virgilio.it,https,WordPress,No,myLoc managed IT AG,49,23,0.00,Sì,No
Puglia Cubicatura,Servizio di verniciatura a polvere,,099 472 2702,"S.S. Taranto/Martina F. Km 11,300",Statte,,,,,,,,,,,
Zonanotte Home Design & Garden,Negozio di materassi,http://www.zonanotte.net/,800 598 060,"Via G. Mazzini, 204",Sava,,info@zonanotte.net,https,WordPress,Sì,Aruba S.p.A. Network,53,61,100.00,Sì,No
Aessegi srl,Negozio di mobili,http://www.aessegisrl.com/,099 972 7342,"Taranto, 14",Sava,,info@aessegisrl.com,https,PrestaShop,No,Google LLC,56,81,92.00,Sì,No
Morfeo Sistemi per dormire e Biancheria per la casa,Negozio,,0831 376044,"Via Fratelli Bandiera, 13",Ceglie Messapica,,,,,,,,,,,
V.B.Materassi Reti Poltrone,Negozio di materassi,,327 317 5912,"Via Santa Sabina, 101",Carovigno,,,,,,,,,,,
"La Maison Carlucci - Tende, Tendaggi, Arredamento - Carovigno Brindisi",Fabbricazione e vendita tende,,0831 996176,"Via Regina Margherita, 36",Carovigno,,,,,,,,,,,
Mobilificio,Produttore di mobili,,0831 994151,"Corso Umberto I, 180",Carovigno,,,,,,,,,,,
Sognando... Centro Materassi,Negozio di mobili,,393 236 4379,"Via Cesare Battisti, 129/G",Taranto,,,,,,,,,,,
Emporio del Materasso e del Relax,Negozio di materassi,,388 758 5512,"Viale Foggia, 23",Carovigno,,,,,,,,,,,
Lube Store Carovigno - Brindisi - Gioia Arredamenti,Negozio di mobili per cucina,https://lubestorecarovigno.it/,0831 990269,"P.za Giovanni XXIII, 10",Carovigno,,gioiaarredi@libero.it,https,Shopify,No,Google LLC,56,80,92.00,Sì,No
S.E.M.E.S. Srl - Asfalto - Inerti - Cava - Rifiuti - BRINDISI -TARANTO - LECCE,Cava,http://www.semes.it/,0831 991083,"Via Santa Sabina, 114",Carovigno,,info@semes.it,https,React,Sì,Serverplan s.r.l.,52,92,92.00,Sì,No
Mobilcomm S.r.l. - SpazioSogno,Negozio di materassi,http://www.spaziosogno.com/,0831 379313,"Via degli Emigranti, 15",Ceglie Messapica,,info@spaziosogno.it,https,WordPress,Sì,Server Plan S.r.l.,45,69,85.00,Sì,No
Punto Casa Srl,Negozio di materassi,http://www.puntocasarelax.it/,0831 571223,"Via Mohandas Gandhi, 12",Brindisi,,,https,React,No,Server Plan S.r.l.,66,91,92.00,Sì,No
Erario Interni - MATERASSI RETI GUANCIALI,Negozio di materassi,https://www.erariointerni.it/,0831 525043,"Via Cesare Braico, 44",Brindisi,,,https,ASP.NET,No,Aruba S.p.A,54,64,91.00,Sì,No
Punto Casa Materassi,Negozio di materassi,http://www.puntocasarelax.it/,0831 514538,"Via Appia, 285",Brindisi,,,https,React,No,Server Plan S.r.l.,68,91,92.00,Sì,No
Conforama Fasano,Negozio di mobili,https://www.conforama.it/?utm_campaign=gbp-listing&utm_content=fasano&utm_medium=organic&utm_source=google,080 438 2111,"Strada Statale 16, Km 8",Fasano,,conforamawebshop@conforama.it,https,React,No,Sucuri,63,40,92.00,Sì,No
Edil Ma.Co.Cer. S.R.L. F.lli Miglietta,Fornitore di materiali da costruzione,,0831 617145,"Via Bari, 69",Cellino San Marco,,,,,,,,,,,
Nazionale Materassi - YuMe,Negozio di materassi,https://www.nazionalematerassi.it/,333 200 8572,"Viale Nino di Palma, 102",Campi Salentina,,,https,WordPress,Sì,Combell NV,41,38,100.00,Sì,No
La bottega del mobile,Negozio di mobili,http://www.labottegadelmobilesrl.it/,080 442 2472,Via Bosi,Fasano,,,https,WordPress,No,"Cloudflare, Inc.",94,98,92.00,Sì,No
Angelini Arredamenti,Negozio di mobili,http://www.angeliniarredamenti.it/,080 442 0675,"Via dell'Industria, 45",Fasano,,info@angeliniarredamenti.it,https,PrestaShop,Sì,Aruba S.p.A.,41,53,83.00,Sì,No
Design Studio srl - MANIFATTURE DEL LUSSO,Produzione e ingrosso abbigliamento,http://designstudiosrl.com/,0831 217404,"Via Foggia, 30",Cellino San Marco,,info@designstudiosrl.com,https,React,No,"Amazon.com, Inc.",59,76,100.00,Sì,No
F.lli Pertoso SRL,Ferramenta,https://shop.latuaferramenta.com/,0831 619260,"Via Europa, 24",Cellino San Marco,,info@latuaferramenta.com,https,WordPress,No,WHG Hosting Services Ltd,73,60,0.00,Sì,No
Mondo Casa Tessilcofano,Negozio di biancheria da letto,,080 441 3132,"Corso Vittorio Emanuele, 33",Fasano,,,,,,,,,,,
Ciemme Materassi SRLS,Negozio di materassi,,0833 503986,"Via dei Prati Verdi, 3",Matino,,,,,,,,,,,
Tenute Al Bano,Hotel,https://www.tenutealbano.com/,0831 619211,"San Giovanni Bosco, 1",Cellino San Marco,,casacarrisi@albanocarrisi.com,https,React,No,Server Plan S.r.l.,45,66,85.00,Sì,No
Centro Relax Salentino Galatone - Fabbrica Materassi Poltrone Relax Divani a Galatone (LE),Negozio di materassi,https://www.centrorelaxsalentino.it/,388 723 3740,"Via Gallipoli, 10",Galatone,,,https,WordPress,Sì,METANET AG,79,94,85.00,Sì,No
Sogni Bio - Fabbrica Materassi,Negozio di materassi,http://www.sognibio-materassi.it/,327 354 4160,"Via Trepuzzi ang, Via li Stretti",Novoli,,sognibiomaterassi@gmail.com,https,React,Sì,Aruba S.p.A.,53,56,100.00,Sì,No
Dormoflex S R L,Negozio di materassi,,338 784 0980,"Contrada Grisiglio, Ostuni, BR 72017",Zona Sisri,,,,,,,,,,,
Nazionale Salotti - Divani,Negozio di divani,http://www.nazionalesalotti.it/,0832 260728,"Via Lecce, Km 3",Campi Salentina,,info@nazionalesalotti.it,https,Shopify,No,Momit SRL,54,74,92.00,Sì,No
Ciccarese Elettrodomestici,Negozio di elettrodomestici,,0831 759158,"Via Provinciale Erchie Torre Santa Susanna, 140",Erchie,,,,,,,,,,,
Domus & Relax - Materassi e Guanciali ortopedici per il tuo Relax,Negozio di materassi,http://www.domuserelax.it/,0832 387091,"Via Salesiani, 33",Lecce,,,https,WordPress,No,Google LLC,65,86,100.00,Sì,No
Il Materasso di carrozzo domenico,Negozio di materassi,http://www.ilmaterassosas.it/,339 802 0120,"via del Commercio, 16",Torre Santa Susanna,,,https,Angular,No,Aruba S.p.A. Network,17,40,77.00,Sì,No
Reumax salute& benessere,Negozio di articoli ortopedici,,+39 831 302 076,"Via Duca Castromediano, 40",Ostuni,,,,,,,,,,,
Maison Blanche Ostuni,Negozio di articoli da regalo,http://www.maisonblanchestore.it/,0831 333113,"Via Tenente Nino Antelmi, 33",Ostuni,,,https,ASP.NET,No,Aruba S.p.A. Network,98,95,82.00,Sì,No
Bioforma Benessere per Dormire,Negozio di mobili,http://www.bioformaitaly.com/,327 026 3328,"Via Monte Sarago, 10",Ostuni,,info@bioformaitaly.com,https,Shopify,No,Aruba S.p.A.,62,94,92.00,Sì,No
Caved Srl - Gruppo CAVED,Impresa di scavi e demolizioni,http://www.cavedsrl.it/,0831 777690,"Via Nino Bixio, 54",Mesagne,,info@cavedsrl.it,https,Joomla,No,SEEWEB s.r.l.,68,95,100.00,Sì,No
Tessuti Donateo di Gabriele Donateo,Negozio di tessuti,http://www.tessutidonateo.com/,320 329 1927,"Via Francesco de Pace, 28",Oria,,info@tessutidonateo.com,http,ASP.NET,No,Aruba S.p.A. Network,92,100,100.00,Sì,Sì
Flexlana,Negozio di materassi,http://www.flexlana.com/,0831 745029,"Via Provinciale per Erchie, 97",Torre Santa Susanna,,,https,React,No,"Cloudflare, Inc.",64,94,100.00,Sì,No
Antelmi Guerrino Shop,Negozio di intimo,,0831 964430,"Via XXIV Maggio, 17",San Michele Salentino,,,,,,,,,,,
Lube Store Mesagne - Brindisi,Negozio di mobili per cucina,https://lubestoremesagne.it/,0831 775990,"Via S.Donaci, 32",Mesagne,,lubestoremesagne@gmail.com,https,WordPress,No,Google LLC,51,95,92.00,Sì,No
Le Sommier Arredamenti & Infissi,Negozio di mobili,http://www.lesommierarredamenti.it/,349 241 1779,"Via Fratelli Bandiera, 125/A",Oria,,info@esommierarredamenti.it,https,Shopify,Sì,OVH SAS,45,65,85.00,Sì,No
Macelletti Rappresentanze Di Macelletti Vito,Negozio di forniture idrauliche,http://www.macellettirappresentanze.it/,371 382 8173,"Via Leopardi, 24",San Michele Salentino,,agenzia@macellettirappresentanze.it,https,React,Sì,Google LLC,64,96,100.00,Sì,No
FABAS S.r.l.,Negozio,,0831 667285,"Via Taranto, 135",San Pancrazio Salentino,,,,,,,,,,,
Lodedo,Ferramenta,,0831 964620,"Via Caduti di Via Fani, 3",San Michele Salentino,,,,,,,,,,,
Arredo Life,Negozio di mobili,,327 945 7906,"Via Germania, 4",San Donaci,,,,,,,,,,,
Sanasi Cucine,Produttore,http://www.sanasicucine.it/,0831 666924,"Via Taranto, 100",San Pancrazio Salentino,,info@sanasicucine.it,https,WordPress,Sì,Aruba S.p.A.,35,52,77.00,Sì,No
Fgm s.r.l.,Distributore di carta,https://www.fgmcarta.it/,0831 664956,"VIA SALVATORE MANISCO, 2",San Pancrazio Salentino,,info@fgmcarta.it,https,Shopify,Sì,Aruba S.p.A.,66,82,92.00,Sì,No
Conte Linda Antonia Onofri,Arredo bagno,,0831 667138,Viale dell' Industria,San Pancrazio Salentino,,,,,,,,,,,
Sistema 90 Srl,Ferramenta,http://sistema90.com/,0831 665202,"Via Taranto, 98",San Pancrazio Salentino,,,https,Shopify,No,OVH SAS,35,40,100.00,Sì,No
Ottica Moderna De Gioia Fabrizio,Negozio,,0831 667060,Via Annunziata,San Pancrazio Salentino,,,,,,,,,,,
APRUZZI HOME BY FRAMA ARREDA,Negozio di mobili,http://www.framarreda.it/,0831 964007,"Via Pio la Torre, 6",San Michele Salentino,,appuntamentiframa@yahoo.com,https,Mobirise,No,ITNET,0,0,0.00,Sì,No
Fino Arredamenti Snc,Negozio di mobili,https://www.finoarredamenti.it/,0831 676500,"Via Lecce, 264",San Pietro Vernotico,,info@finoaredamenti.it,https,React,No,Amazon Technologies Inc.,51,62,83.00,Sì,No
Edicola Piu' Di Morelli Fabio,Edicola,,0831 655240,"Via Brindisi, 285",San Pietro Vernotico,,,,,,,,,,,
Sael Sistem - Profilati e infissi in alluminio,Fornitore di finestre,https://www.saelsistem.it/,0831 653598,F2Q9+F9,San Pietro Vernotico,,,,Shopify,Sì,Aruba S.p.A.,61,81,100.00,Sì,No
Manta & C. Srl,Negozio di arredamento per bar e ristoranti,https://www.arredamentimanta.com/,0833 283000,"Via Giuseppe Garibaldi, 3",Alezio,,info@mantasrl.191.it,https,WordPress,Sì,Aruba S.p.A.,51,77,92.00,Sì,No
MORETTINO MOBILI di Carrozzo Franco,Negozio di mobili,,0831 692405,"Via Del Mare, 20",Torchiarolo,,,,,,,,,,,
Grassi Sergio,Ferramenta,https://lagrassiferramenta.it/,347 612 5135,"Via Lecce, 136",San Pietro Vernotico,,info@lagrassiferramenta.it,https,WordPress,No,Aruba S.p.A.,33,54,100.00,Sì,No
Sofitex S.r.l.,Negozio di materassi,http://www.sofitex.it/,049 945 0433,"Via dell'Artigianato, 28",San Giorgio in Bosco,,info@sofitex.it,https,Webflow,No,Amazon Technologies Inc,63,81,100.00,Sì,No
Caiazzo Design,Negozio di mobili,http://www.caiazzodesign.it/,099 592 1288,"Via Roma, 166-164",San Giorgio Ionico,,arredamentifratellicaiazzo@gmail.com,https,WordPress,No,Aruba S.p.A.,46,60,85.00,Sì,No
Casarredo Caiazzo - Marco Caiazzo,Negozio di mobili,http://www.casarredocaiazzo.com/,099 400 7866,"Via Roma, 84",San Giorgio Ionico,,,https,React,No,ITNET,57,91,92.00,Sì,No
Edilizia Gigante Show-room,Arredo bagno,http://ediliziagigantematerialiedili.it/,099 591 6001,Via Tiziano Vecellio,San Giorgio Ionico,,amministrazione@ediliziagigante.it,https,React,Sì,Google LLC,59,96,92.00,Sì,No
Tratturi Reali,Oleificio,http://www.tratturireali.it/,333 351 9488,SP50,Villa Castelli,,info@tratturireali.it,http,Drupal,No,Register.IT S.p.A,45,89,100.00,Sì,No
Edilizialó,Fornitore di materiali da costruzione,https://www.edilizialo.it/,0831 860691,"Via Provinciale Per Grottaglie, km 1",Villa Castelli,,info@edilizialo.it,https,Shopify,No,Google LLC,61,66,100.00,Sì,No
Caliandro Cosimo,Fattoria,,0831 895002,"1 Via Francavilla, Villa Castelli, BR 72029",Villa Castelli,,,,,,,,,,,
GUARINO GROUP SRL,Servizio di sabbiatura,http://guarinoverniciature.it/,099 592 6027,"C.da Baronia, Via Simone Veil, Zona Industriale, sn",San Giorgio Ionico,,info@guarinoverniciature.it,https,React,Sì,Server Plan S.r.l.,60,91,92.00,Sì,No
La Bottega Di Colaci Sergio,Negozio di tende,,338 939 0988,"Via Scipione Sangiovanni, 116",Alessano,,,,,,,,,,,
Ditta Riso Francesca Confezioni Biancheria,Negozio di biancheria,,0833 781793,"Via Trappeti,31, Contrada",Alessano,,,,,,,,,,,
TESSITURA ARTIGIANALE Bleve Lucia,Negozio di artigianato tipico,http://www.tessiturablevelucia.com/,0833 522464,"SS 275 Km 25,420 73031",Alessano,,info@tessiturablevelucia.com,http,WordPress,No,Aruba S.p.A. Network,100,100,91.00,Sì,No
Ex Manifattura Tabacchi,Produttore,,0833 182 5438,W89H+F2,Alessano,,,,,,,,,,,
Matermico,Negozio di materassi,,0833 789589,"Contrada Matine, 89",Alessano,,,,,,,,,,,
Arcasud,Negozio di articoli per l'illuminazione,http://www.arcasudlampadari.com/,0833 781443,s.s.275 alessano- maglie,Alessano,,arcasudsnc@aruba.it,https,WordPress,Sì,Netsons s.r.l.,57,72,92.00,Sì,No
Cancelli Remolo,Negozio di mobili,,327 094 7143,"Via Roma, 115",Bagnolo del Salento,,,,,,,,,,,
Mecflex srl | Materassi made in Italy,Negozio di materassi,https://www.mecflex.eu/,0833 581778,"Via M.Te Bianco, 4",Melissano,,info@mecflex.it,https,WordPress,Sì,Hetzner Online GmbH,59,98,85.00,Sì,No
DORMITALIANO di Petracca Fabio,Negozio di materassi,http://www.dormitaliano.com/,339 813 5444,"Via delle Industrie, 32",Casarano,,info@dormitaliano.com,http,Shopify,No,Servereasy Srl,56,70,92.00,Sì,No
CANCELLI VIMINI SAS DI BOLOGNESE GIORGINA & C.,Negozio,,0836 318996,"Via Roma, 38",Bagnolo del Salento,,,,,,,,,,,
Isolp,Fornitore di prodotti alimentari,http://isolpsrl.it/,0833 781923,"Via Gonfalone, 61",Alessano,,info@isolpsrl.it,http,WordPress,Sì,Aruba S.p.A. Network,50,71,92.00,Sì,No
A Fior Di Pelle - intimo e accessori moda,Negozio di intimo,,320 958 3652,Via Giuseppe Garibaldi,Arnesano,,,,,,,,,,,
Nobel Materassi | Fabbrica Materassi Poltrone Relax Divani a Galatone (LE),Negozio di materassi,https://www.nobelmaterassi.com/,0833 865369,"Via Achille palma, 2",Galatone,,info@nobelmaterassi.it,,React,Sì,METANET AG,53,60,85.00,Sì,No
Artigianando di Giusy Accogli,Negozi di artigianato,,388 879 1340,"Via Giotto, 36",Andrano,,,,,,,,,,,
Goffredo Salotti,Negozio di divani,http://www.goffredosalotti.it/,0836 483157,"Via Fratelli Piccinno, 84/86",Maglie,,info@goffredosalotti.it,https,WordPress,Sì,Netsons s.r.l.,55,64,77.00,Sì,No
Automazione Ingressi A-Esse,Fornitore di porte,,0832 325221,"KM 0,3 SP119 Prov. Lecce-P.Cesareo / Via Donatello s.n",Arnesano,,,,,,,,,,,
Notti da Sogno srl,Produttore di mobili,https://www.nottidasognosrl.it/,0832 606199,Via Novoli,Carmiano,,info@nottidasogno.it,https,Joomla,No,Aruba S.p.A.,75,92,83.00,Sì,No
Miwa S.r.l.,Negozio di prodotti alimentari all'ingrosso,http://miwasrl.com/,0833 985263,SP67,Alliste,,miwasrl@gmail.com,https,Angular,Sì,Servereasy Srl,19,32,92.00,Sì,No
Interarreda Arredamenti - Bagnolo del Salento,Negozio di mobili,,0836 318464,"V. Vincenzo Papaleo, 84",Bagnolo del Salento,,,,,,,,,,,
D.l.g. Di Gravante Adriano E C Sas,Negozio di materassi,https://www.dlgitalia.it/,0833 690089,"Via Thomas Alva Edison, 3",Ruffano,,,https,Joomla,No,Aruba S.p.A. Network,42,70,85.00,Sì,No
Marflex Materassi Divani e PoltroneGalatone (Lecce),Negozio di materassi,https://www.materassimarflex.it/,0833 861508,"Via Minghetti, 14",Galatone,,info@materassimarflex.it,https,WordPress,Sì,Server Plan S.r.l.,67,94,92.00,Sì,No
Celiachia Home,Negozio di alimentari,,320 895 4621,"Via Dante Alighieri, 56/66",Calimera,,,,,,,,,,,
Alleima Calimera Srl,Produttore,,0832 871087,"Via Circonvallazione, 161",Calimera,,,,,,,,,,,
La Supercornice di Donato Montinaro,Fabbricazione e vendita tende,https://www.lasupercornice.it/,0832 875008,"Viale Bellini, 13",Calimera,,,https,React,No,Aruba S.p.A.,61,72,85.00,Sì,No
Dierre Arredamenti - Arredamento Lecce,Negozio di mobili,http://www.dierrearredamenti.it/,0832 875015,"Via Europa, 135",Calimera,,,https,Joomla,No,Aruba S.p.A.,88,77,75.00,Sì,No
EFFEPI RETI E MATERASSI,Negozio di materassi,https://www.effepimaterassi.it/,338 909 6813,"Via Madonna della Scala, 88",Casamassella,,arcangelopitardi@gmail.com,https,ASP.NET,No,IONOS SE,64,90,91.00,Sì,No
Gruppo Maiorflex,Produttore,https://www.gruppomaiorflex.com/,0833 832129,Zona Industriale,Galatone,,info@gruppomaiorflex.it,https,Shopify,Sì,Aruba S.p.A.,37,62,100.00,Sì,No
Casa Del Materasso & Comodita' Galatone,Negozio di materassi,http://casadelmaterassogalatone.it/,338 286 1500,"Via del Mare, 115",Galatone,,casadelmaterasso2014@libero.it,https,WordPress,No,METANET AG,66,93,92.00,Sì,No
Dorelan Lecce,Negozio di materassi,https://www.dorelan.it/it/punti-vendita/negozio-dorelan-lecce,0832 152 0828,"Viale Gioacchino Rossini, 48",Lecce,,,https,WordPress,Sì,"Amazon.com, Inc.",30,56,100.00,Sì,No
Pignatelli Materassi,Negozio di materassi,http://www.pignatellimaterassi.it/,0832 720050,"Viale Nino di Palma, 3",Campi Salentina,,pignatellimaterassi@libero.it,https,React,Sì,OVH SAS,87,99,100.00,Sì,No
Italia Bed,Negozio di materassi,,380 125 5432,Viale Nino di Palma,Campi Salentina,,,,,,,,,,,
Salottificio Scatigna Salvatore,Tappezziere,,0832 604508,Via Sara Librando,Carmiano,,,,,,,,,,,
Prestige di Franco Rucco,Casalinghi,,0832 602939,"Via Damiano Chiesa, 75",Carmiano,,,,,,,,,,,
Matress Marvel Fabbrica Materassi E Guanciali,Negozio di materassi,https://www.matressmarvel.com/,0321 825214,"Via Sant'Agata, 16",Carpignano Sesia,,,https,React,No,Host SpA,63,94,92.00,Sì,No
Azienda Zacheo - vendita di vino e olio di oliva pugliese,Azienda vinicola,http://www.aziendazacheo.it/,0836 580300,"Via I Maggio, snc - Zona Industriale",Carpignano Salentino,,aziendazacheo@gmail.com,https,WordPress,Sì,OVH SAS,70,89,92.00,Sì,No
In Caso di...,Negozio di articoli da regalo,,320 116 4630,"Largo Pozze, 25",Carpignano Salentino,,,,,,,,,,,
Bodi Danilo,Negozio,,041 968303,"Via Fausta, 308",Cavallino,,,,,,,,,,,
FRISULLI - ARREDI PREGIATI,Falegname,http://www.frisulli.com/,0836 580080,"Via Gaetano Donizetti, SP48",Carpignano Salentino,,,https,Wix,No,Aruba S.p.A. Network,100,100,91.00,Sì,No
Tekno Foam,Produttore di gommapiuma,http://www.teknofoam.it/,0833 832200,"Zona Industriale, SS101",Galatone,,info@teknofoam.it,https,Basekit,No,Aruba S.p.A.,57,68,100.00,Sì,No
Cantiere Tessile | Home&Textiles,Negozio di tende,http://www.cantiere-tessile.it/,328 032 8817,"Via Isonzo, 67",Aradeo,,info@cantiere-tessile.it,https,Joomla,Sì,Servereasy Srl,52,64,85.00,Sì,No
Resta Tendaggi di Resta Francesco,Fabbricazione e vendita tende,https://www.restatendaggi.it/,0836 554258,"Via Circonvallazione, 5",Aradeo,,info@restatendaggi.it,https,Shopify,Sì,"Cloudflare, Inc.",52,67,100.00,Sì,No
Suite 19 Outdoor | Pergole Bioclimatiche - Pergotende - Vetrate panoramiche - Tende da sole - Ombrelloni da esterno - Parquet,Fabbricazione e vendita tende,https://www.suite19outdoor.it/,328 371 3019,"Via Paolo VI, 56",Aradeo,,info@suite19outdoor.it,https,React,Sì,Server Plan S.r.l.,57,80,92.00,Sì,No
Regal Materassi Srl,Negozio di materassi,,0836 550474,"Via Neviano, 21",Seclì,,,,,,,,,,,
Colmac Italia | Produzione e vendita di motocarriole cingolate e mini dumper,Fornitore di attrezzature per l'edilizia,https://www.colmac-italia.com/,347 276 7738,"Via Circonvallazione, 32",Aradeo,,info@colmac-italia.com,https,Magento,Sì,Serverplan S.r.l.,71,96,92.00,Sì,No
Officine Tessili,Negozio di intimo,https://www.officinetessili.com/condizioni-generali-di-vendita/,0833 501595,"Via Nardò, n. 7",Casarano,,,https,Magento,No,OVH SAS,55,53,83.00,Sì,No
Schiavano Srl,Distributore di acciaio,https://www.schiavanosiderurgia.it/,0833 505195,"Zona Industriale Tronco F, 83",Zona Industriale di Casarano,,commerciale@schiavanosrl.it,https,React,Sì,Google LLC,71,93,100.00,Sì,No
Materassi Alfredo Carbone,Negozio di materassi,https://alfredocarbonematerassi.com/,349 293 5207,"Via Giuseppe Mazzini, 64",Casarano,,info@alfredocarbonematerassi.com,https,React,Sì,Host SpA,65,84,100.00,Sì,No
Texdema S.r.l.,Negozio di tessuti,https://www.emanuelehomedesign.com/,0833 501437,"Via Luigi Capozza, 8",Casarano,,,https,React,Sì,Gamgroup Srls,54,78,83.00,Sì,No
Pefran Luxury Comfort di Petracca Elisa,Negozio di materassi,http://www.pefranitalia.it/,389 193 5444,"Via delle Industrie, 48",Casarano,,luxurycomfort@libero.it,https,React,Sì,Google LLC,64,95,100.00,Sì,No
GIUSEPPE PETRACCA Tappezzeria Tendaggi In&outdoor Tessuti Pergole Bioclimatiche Vetrate panoramiche Tappeti Laminati Parquet,Tappezziere,https://www.tappezzeriagpetracca.it/,0833 599476,"Via Vittorio Emanuele IIº, 210",Casarano,,giuseppepetraccasrl@gmail.com,https,React,Sì,Aruba S.p.A.,67,86,92.00,Sì,No
Vecchia Fabbrica Apartments,Residence,http://www.vecchiafabbricaapartments.it/,0836 583897,Via Cesare Battisti,Castrignano De' Greci,,,https,WordPress,No,Aruba S.p.A. Network,37,67,85.00,Sì,No
Giaquinto Tessitura Artigianale (SHOW-ROOM),Negozio di tessuti,http://www.tessituragiaquinto.com/,329 234 5597,"Via Margherita di Savoia, 78",Gagliano del Capo,,info@tessituragiaquinto.com,https,Webnode,No,Amazon Technologies Inc.,46,91,100.00,Sì,No
Il Sogno Nel Cassetto,Negozio di articoli da regalo,,347 789 1953,"Via Francesco Monosi, 43/b",Castrignano De' Greci,,,,,,,,,,,
Modernissima Lavanderia Negro,Lavanderia,,0836 549074,"Via Palermo, 37A",Cutrofiano,,,,,,,,,,,
Casa del Salotto | Fabbrica Artigiana,Tappezziere,http://www.casadelsalotto.it/,0836 544724,"73020, Corigliano d'otranto Via case sparse",Cutrofiano,,info@casadelsalotto.it,https,WordPress,No,Server Plan S.r.l.,62,97,92.00,Sì,No
Filtrex S.r.l.,Manifattura tessile,https://www.corderieitaliane.com/,0833 547523,Via del Commercio Zona P.I.P,Gagliano del Capo,,info@corderieitaliane.com,https,PrestaShop,No,Google LLC,47,57,92.00,Sì,No
Laboratorio Analisi Cliniche Mater Gagliano - Intolleranze alimentari - Infertilità- Genetica,Laboratorio chimico,https://www.laboratoriomater.it/,379 280 0727,"Via Unità d' Italia, 24",Gagliano del Capo,,laboratoriomater@libero.it,https,WordPress,Sì,OVH SAS,57,73,85.00,Sì,No
Elegance Arredo,Negozio di articoli da regalo,,0832 947272,"Via Vittorio Veneto, 54",Copertino,,,,,,,,,,,
Dino Salotti Di Pellegrino Adolfo,Negozio di bricolage,,0832 947442,"Via Nazario Sauro, 11",Copertino,,,,,,,,,,,
Giaquinto Tessitura Artigianale,Fabbrica di tessile,https://www.tessituragiaquinto.com/,0833 548269,"Via RediPuglia, 8",Gagliano del Capo,,,https,Webnode,No,Amazon Technologies Inc.,49,94,100.00,Sì,No
Sud Salento,Calzaturificio,,0833 548603,"Via dell’Artigianato – Zona Industriale, Gagliano del Capo (LE)",Gagliano del Capo,,,,,,,,,,,
LUBE Store,Negozio di mobili,https://www.lubecucinecasarano.it/,0833 193 8624,"Corso XX Settembre, 209",Casarano,,info@lubecucinecasarano.it,https,React,Sì,Aruba S.p.A. Network,61,67,85.00,Sì,No
Marinotex Srl,Negozio di tessuti,https://www.marinotexshop.com/,0836 583257,"Via M.Arnesano, 2",Castrignano De' Greci,,info@marinotexshop.com,https,Angular,Sì,Aruba S.p.A.,37,40,92.00,Sì,No
Ge.r.el. s.n.c.,Negozio di elettrodomestici,,0832 933393,"Via Re Galantuomo, 108",Copertino,,,,,,,,,,,
Copisteria Elisa Di Pinuccia Nestola,Cartoleria,,0832 930269,"Via Raffaello Sanzio, 01",Copertino,,,,,,,,,,,
Sommeil S.R.L.S.,Ufficio aziendale,,0836 192 3454,"Via Pistoia, 34",Galatina,,,,,,,,,,,
COMFORT ZONE,Negozio di materassi,,0836 212132,"Viale Santa Caterina Novella, 88",Galatina,,,,,,,,,,,
Factotum Di Primiceri Enrica,Fabbricazione e vendita tende,,340 669 8443,"Via Arciprete Molloni, ang. Serg. Pellegrino, 85",Collepasso,,,,,,,,,,,
Fersini srl,Ditta specializzata in scale,http://fersinisrl.com/,328 248 0736,Zona Industriale Tronco E,Collepasso,,,https,React,No,"Fastly, Inc.",67,93,92.00,Sì,No
3R Tech - Ricambi e Assistenza Elettrodomestici,Assistenza clienti per elettrodomestici,http://trerretech.it/,0832 933379,"Via Giovanni Amendola, 73",Copertino,,license@prestashop.com,http,PrestaShop,No,Host SpA,44,59,83.00,Sì,No
TECNOLAB Snc di L. Serra e F. Arnò,Azienda informatica,,0833 341093,"Via Cesare Battisti, 11",Collepasso,,,,,,,,,,,
Mondo Casa Di Muscella Alessandro,Negozio di articoli da cucina,,0833 345544,"Via del Bosco, 29",Collepasso,,,,,,,,,,,
Firmarredo Di Paturzo Antonio,Negozio di mobili,,0833 346647,"Via Roma, 252",Collepasso,,,,,,,,,,,
Tek Di Miglietta Angela,Cartoleria,,0833 345959,"Via Umberto I, 9",Collepasso,,,,,,,,,,,
Materassi & Relax di Nitosi Mauro,Negozio di materassi,,345 948 1071,"Via Savoia, 136",Galatone,,,,,,,,,,,
Bisaf Di Mauro Biagio E Salvatore S.N.C.,Negozio di tessuti,,0833 533180,"Via Regina Elena, 102",Corsano,,,,,,,,,,,
Galateoflex,Negozio di materassi,,338 235 2963,"Viale Aldo Moro, 50",Galatone,,,,,,,,,,,
TOCCO D'ARTE DI FUSARO EMANUELA,Designer d'interni,,329 800 6443,"Via Cesare Battisti, 129",Copertino,,,,,,,,,,,
MaCris abbigliamento,Negozio di abbigliamento,,0833 532299,"Via Regina Elena, 39/d",Corsano,,,,,,,,,,,
"DPR Confezione di biancheria da letto, da bagno, da tavola - Bedding, table and bath linen",Negozio di biancheria,,0833 531556,"Via S. Giovanni Bosco, 36",Corsano,,,,,,,,,,,
Corina Salvatore,Negozio di biancheria,http://corinacorredi.it/contatti.asp,368 777 6358,"Via Roma, 188",Collepasso,,info@corinacorredi.it,http,ASP.NET,No,Aruba S.p.A,100,100,91.00,Sì,No
Spagnolo Biancheria e Tessuti Galatone,Negozio di biancheria,http://www.spagnolocasa.it/,328 285 6077,"Via Santa Pacifico Nico, 27",Galatone,,,https,WordPress,Sì,METANET AG,84,94,92.00,Sì,No
Spugnificio Mediterraneo S.A.S,Negozio di materassi,,0833 531299,"Via XXIV Maggio, 179",Tiggiano,,,,,,,,,,,
Tecnoufficio s.n.c.,Cartoleria,,339 335 0343,"Piazza Giovanni XXIII, 10",Gallipoli,,,,,,,,,,,
Euroarredi,Negozio di mobili,,0832 911076,"Via E. Berlinguer, 5",Leverano,,,,,,,,,,,
Castle Toys,Negozio di giocattoli,https://www.castletoys.it/,389 876 3309,"Piazza Imbriani, 5",Gallipoli,,,https,WordPress,Sì,Aruba S.p.A.,56,76,92.00,Sì,No
Ricamcenter Arredo tessile - Corredo neonato-Tendaggi,Azienda di confezionamento,https://www.ricamcenter.it/,0832 183 4287,"Via 2 Giugno, 33",Leverano,,info@ricamcenter.it,https,Shopify,No,Hetzner Online GmbH,60,88,100.00,Sì,No
Perfetto | Mapetek S.r.l.,Produttore,http://www.perfetto.it/,0836 444252,"Via dell' Industria, 3",Giuggianello,,info@perfetto.it,https,Shopify,Sì,Host SpA,63,65,92.00,Sì,No
Salottificio La Piuma,Negozio di divani,https://www.salottificiosalento.it/,0832 704947,"S.da del Petraro, Snc",Guagnano,,info@salottificiolapiuma.net,https,Joomla,No,Aruba S.p.A. Network,30,37,85.00,Sì,No
Sogni & Sofá arredamenti,Negozio di mobili,,0832 632913,"Via S. Pietro in Lama, 87",Lequile,,,,,,,,,,,
Kòmmi s.a.s.,Ufficio aziendale,,0832 631702,"Via Lecce, 45",Lequile,,,,,,,,,,,
Materassi A Prezzi Di Fabbrica,Negozio di materassi,https://romartecnologieshop.company.site/,0836 424440,Via Circolone,Maglie,,romartecnologie@gmail.com,https,Ecwid,No,Amazon Technologies Inc.,71,95,83.00,Sì,No
Global FCM,Negozio di forniture idrauliche,,328 975 7624,"Via gramsci, Via Giacomo Puccini, 6",Lizzanello,,,,,,,,,,,
Piume e Piume Trapuntificio,Negozio di biancheria,,0833 506742,"Viale del Mattino, 34",Matino,,,,,,,,,,,
Progetto Arredi Di Dentoni Teresa,Negozio di materassi,,0832 831004,"Via G. D' Amely, 4",Melendugno,,,,,,,,,,,
La Tecnologia Del Riposo,Negozio di materassi,,349 589 2667,"Via G. D' Amely, 4",Melendugno,,,,,,,,,,,
Sleepy,Negozio di intimo,,338 322 9824,"Via Mazzini angolo, Via IV Novembre",Melendugno,,,,,,,,,,,
Spazi & Forme Srl,Negozio di mobili,,0832 831006,"Via Calimera, 53",Melendugno,,,,,,,,,,,
Cookin By Nocera,Negozio di forniture per ristoranti,https://www.cook-in.it/,0836 572170,"Via Giuseppe Grassi, 24/A",Martano,,info@cook-in.it,https,WordPress,No,Aruba S.p.A.,47,71,100.00,Sì,No
Laudadio Abbigliamento,Negozio di abbigliamento,,0836 571145,"Via Assunta, n.47",Martano,,,,,,,,,,,
La nuova Saracino Group,Impresa edile,,320 464 3545,"Via Cristoforo Colombo, 11",Martano,,,,,,,,,,,
SPRECH,Costruttore di tettoie e pergole,http://www.sprech.com/,0836 571416,"Prov.le Martano-Soleto, km 1, 5",Martano,,info@sprech.com,https,React,Sì,SEEWEB s.r.l.,44,47,92.00,Sì,No
Lube Store Maglie,Produttore di mobili,https://www.lubestoremaglie.it/,0836 180 0011,SS16 km 980,Melpignano,,info@lubestoremaglie.it,https,WordPress,No,Google LLC,60,90,85.00,Sì,No
Focustek,Consulente,http://www.focustek.it/,338 745 4622,"Via S. Vincenzo, 11",Martano,,info@focustek.it,https,ASP.NET,No,OVH ISP,99,97,75.00,Sì,No
Ale' Bakery S.P.A.,Fornaio all'ingrosso,,0833 764211,"Via Monti Del Sala, Miggiano, Le 73035",Miggiano,,,,,,,,,,,
La Madia Salentina,Produzione e commercio surgelati,,0833 764263,Via Monti del Sala - Z.i,Miggiano,,,,,,,,,,,
C.M. Forniture Srl - Forniture Termoidrauliche,Negozio di radiatori,,0836 818392,"Via Podgora, 19/21",Minervino di Lecce,,,,,,,,,,,
Epoque Creazioni Mobili D'Arte Epoque Creazioni Mobili D'Arte Di Carbone Erminio,Negozio di mobili,,0833 764013,"Via Provinciale, 75",Miggiano,,,,,,,,,,,
CATARINO Store,Negozio,,339 640 9552,"Via Aia, 11",Minervino di Lecce,,,,,,,,,,,
Pause Atelier|Arredo Vintage e Relooking,Negozio di usato per l'arredamento e le costruzioni,,329 363 5848,"Via Maria Ausiliatrice, 49",Corigliano d'Otranto,,,,,,,,,,,
Fratelli Gugliersi,Fabbricazione e vendita tende,http://www.gugliersi.it/,0836 320512,"SS 16, Km 978",Corigliano d'Otranto,,info@gugliersi.it,https,ASP.NET,No,Aruba S.p.A. Network,94,99,75.00,Sì,No
LATO,Negozio di elettrodomestici,http://www.latosrl.it/,0836 320001,"SS 16 Km 977, 5",Corigliano D'otranto,,latosrl@pec.it,https,Angular,No,Aruba S.p.A.,66,97,92.00,Sì,No
Pulimeno srl,Elettricista,http://www.pulimeno.it/,0836 471189,"Via Giuseppe Verdi, 23",Corigliano D'otranto,,srl@pulimeno.it,https,Shopify,Sì,Google LLC,57,84,100.00,Sì,No
Colagiorgio Costumi,Negozio di articoli per feste,http://netpollwork.it/azienda/vestiti-carnevale-e-teatrali,333 643 2483,"Via Ferrovia, 43",Corigliano d'Otranto,,info@netpollwork.it,https,WordPress,Sì,Aruba S.p.A. Network,67,73,83.00,Sì,No
Fedel Materassi - Letti e Materassi Italiani,Negozio di materassi,http://www.fedelmaterassi.it/,345 838 0724,"Via Nazionale, 133",Rossano,,info@fedelmaterassi.it,https,WordPress,Sì,Serverplan s.r.l.,74,88,100.00,Sì,No
Tendaggi Resta - Neviano,Fabbricazione e vendita tende,https://tendaggirestaneviano.wixsite.com/tendaggirestaneviano,333 797 9123,"Via Umberto I, 145",Neviano,,tendaggiresta@gmail.com,https,WordPress,No,Google LLC,54,62,100.00,Sì,No
L'Essenza,Negozio di abbigliamento,,328 402 0622,"Via Umberto I, 115",Neviano,,,,,,,,,,,
Promecc Aerospace Srl,Produttore,https://www.promecc-group.it/,0836 329566,S.S. 16 km 976,Corigliano D'otranto,,,https,WordPress,No,Aruba S.p.A.,75,99,92.00,Sì,No
Federaziende Monteroni,Ufficio aziendale,,0832 169 3141,"Via Alcide de Gasperi, 38",Monteroni di Lecce,,,,,,,,,,,
Inden Cucine Sede Monteroni di Lecce,Negozio di mobili,http://www.indencucine.it/,0832 326424,"SP119, Km 3,5",Monteroni di Lecce,,,https,Joomla,Sì,Aruba S.p.A.,25,52,92.00,Sì,No
Lubelli Service s.n.c Centro revisione auto,Officina autoriparazioni,,0832 321159,"Via Tintoretto, 10",Monteroni di Lecce,,,,,,,,,,,
Apollonio Casa Vinicola,Azienda vinicola,http://www.apolloniovini.it/,0832 327182,"Via S. Pietro in Lama, 7",Monteroni di Lecce,,,https,WordPress,No,Aruba S.p.A.,28,51,92.00,Sì,No
NEGOZIO MATERASSI E BIANCHERIA,Negozio di materassi,http://www.ricciatomaterassi.it/,320 214 9130,"Via Marche, 11",Novoli,,info@ricciatomaterassi.it,http,React,Sì,Aruba S.p.A. Network,68,97,83.00,Sì,No
Classico Italiano Arredamenti Cucurachi BLUDIVANI Società Mobilgroup Srls,Negozio di mobili,http://www.arredamenticucurachi.it/,329 470 4552,"Via Rubichi, 67",Monteroni di Lecce,,mobilgroup5@gmail.com,,WordPress,No,Aruba S.p.A.,63,77,85.00,Sì,No
Perdormire,Negozio di materassi,https://www.perdormire.com/negozi/firenze-novoli/?utm_source=google&utm_medium=organic&utm_campaign=localmarketing,055 098 0873,"Via di Novoli, 5/7",Firenze,,fi_novoli@perdormire.com,https,Magento,Sì,"Fastly, Inc.",39,79,83.00,Sì,No
Materassi & Materassi - Novoli,Negozio di materassi,http://www.materassiematerassi.it/,055 330259,"Via della Villa Demidoff, 105/107",Firenze,,,https,ASP.NET,Sì,Seeweb srl,19,32,92.00,Sì,No
Fabbrica Pavimenti De Filippi,Produttore di piastrelle,https://www.pavimentidefilippi.it/,0832 361564,Viale Francesco Marzano,Lecce,,info@pavimentidefilippi.it,https,Shopify,Sì,Aruba S.p.A.,57,77,100.00,Sì,No
Nuovarredo Parabita,Produttore di mobili,http://www.nuovarredo.it/Parabita-(LE).html,0833 593323,"Strada Provinciale per Matino, 7",Parabita,,,,WordPress,Non trovato,Google LLC,63,88,42.00,No - Pagina Non Trovata (404),No
FMT CARUSO srl,Lavorazione metalli,https://www.fmtcaruso.it/,0833 593610,"Zona industriale, lotti 10 - 15",Parabita,,info@fmtcaruso.it,https,Joomla,Sì,Hetzner Online GmbH,72,79,85.00,Sì,No
TELOGY Fashion,Negozio di abbigliamento,,0833 594949,"Via Coltura, 51",Parabita,,,,,,,,,,,
Il Contenitore ristorante,Ristorante,http://www.ilcontenitoreristorante.it/,338 840 2263,"Via dottor, Via Dr. Gaetano Cataldi, 5",Parabita,,,https,React,Sì,Aruba S.p.A.,66,90,92.00,Sì,No
CENTRO CUCINE su MISURA PEDIO ARREDAMENTI,Arredamento casa,http://www.pedioarredamenti.it/,0836 343495,"Via U. Foscolo, 5",Muro Leccese,,,https,React,No,Aruba S.p.A. Network,51,62,100.00,Sì,No
Nocco Materie Plastiche,Negozio di arredamento per bar e ristoranti,http://noccomaterieplastiche.it/,0833 551692,"Via Firenze, 13",Racale,,,http,WordPress,No,Aruba S.p.A. Network,63,62,92.00,Sì,No
Mobilù di Luigi Marrocco,Produttore di mobili,http://mobilu.it/,347 803 1599,"Via Grazia Deledda, 6 (contrada centra",Racale,,,http,React,No,Aruba S.p.A. Network,68,80,85.00,Sì,No
CASA SHOP,Casalinghi,,377 885 2691,"Corso Italia, 1",Morciano di Leuca,,,,,,,,,,,
C.P.Group Sas Di Cimino Rossella & C.,Negozio di materassi,,0833 585387,Via Melissano,Racale,,,,,,,,,,,
Fercolor sas di Russo Guido & co.,Ferramenta,http://www.ferramentafercolor.it/,0833 594686,"Via Zara, 44",Parabita,,fercolor.sas@katamail.com,https,React,Sì,OVH ISP,42,51,92.00,Sì,No
Quaranta Antonio Vittorio Ingrosso casalinghi,Casalinghi,,0833 744024,"Via XXV Aprile, 2",Morciano di Leuca,,,,,,,,,,,
Abitare Pesolino,Negozio di mobili,http://www.abitarepesolino.it/,0833 744017,"Via Santa Lucia, 36",Morciano di Leuca,,info@abitarepesolino.it,https,React,No,Aruba S.p.A.,21,39,92.00,Sì,No
To.Ma. Spa,Lavorazione dei metalli,http://www.tomalluminio.it/,0836 444085,"Strada Statale 275 Maglie-Leuca (Km 2, 9",Muro Leccese,,info@tomalluminio.it,https,WordPress,No,Aruba S.p.A.,90,100,92.00,Sì,No
Morfeo Home & Relax,Negozio di materassi,https://morfeohomerelax.it/,0965 613879,"Via Ravagnese Superiore, 259/b",Reggio di Calabria,,info@morfeohomerelax.it,https,WordPress,Sì,Google LLC,36,61,100.00,Sì,No
Bellucci & Figli,Ditta specializzata in pavimentazioni,http://www.belluccipavimenti.it/,0833 691979,"Via Evangelista Torricelli, 2",Ruffano,,info@belluccipavimenti.it,https,React,Sì,Server Plan S.r.l.,65,77,92.00,Sì,No
La Bottega di Nonna Ia,Negozio di tessuti,,320 089 3829,"Via Santa Maria di Leuca, 187",Ruffano,,,,,,,,,,,
Duemme S.a.s.,Fornitore di abbigliamento,,0832 732102,"Via Angelo Vito Frassanito, 6",Salice Salentino,,,,,,,,,,,
Sanitarias di Andrea Sanzò Sanitaria Convenzionata Asl,Fornitore di ausili per la mobilità,http://www.sanitarias.it/,327 123 3587,"Via Vittorio Emanuele III, 83",San Cesario di Lecce,,sanitarias78@gmail.com,https,WordPress,No,Server Plan S.r.l.,59,73,92.00,Sì,No
OVS Outlet,Outlet,,0832 228410,"Via S. Cesario, 30",San Cesario di Lecce,,,,,,,,,,,
Belliggiano Tiberio,Negozio di ceramiche,,0832 631346,SP16,San Pietro in Lama,,,,,,,,,,,
P.g.a. srl,Fornitore di materiali da costruzione,,0836 544322,"Strada Prov.le 362 per Cutrofiano Km.22,9 Via Gonella, 73010",Sogliano Cavour,,,,,,,,,,,
Forme Italia,Negozio di mobili,https://formeitalia.net/it,0836 543719,Via Monte Grappa,Sogliano Cavour,,commerciale@formeitalia.net,https,Drupal,No,Serverplan S.r.l.,31,41,85.00,Sì,No
Magnolo Mobili Sas Di Paolo Francesco Magnolo & C.,Negozio di mobili,http://www.magnolomobili.com/,0836 544376,"Via Galatina, 182",Sogliano Cavour,,magnolomobili@alice.it,https,WordPress,Sì,Aruba S.p.A. Network,70,83,92.00,Sì,No
"Falconieri Tendaggi, accessori e biancheria per la casa - di Bruno Falconieri",Negozio di tende,http://www.falconieritendaggi.com/,328 186 3729,"Via Palermo, 36",Nardò,,,https,WordPress,No,"Automattic, Inc",49,86,100.00,Sì,No
Piazza di Spagna Outlet grandi firme,Negozio di abbigliamento,http://www.piazzadispagnaoutlet.it/,0836 543841,Zona industriale Sogliano Cavour,Area P.i.p.,,info@piazzadispagnaoutlet.it,https,Shopify,Sì,GENESYS,61,61,92.00,Sì,No
Giuri Store,Negozio di tessuti,http://www.giuritessuti.com/,0833 572216,"Via Adua, 34",Nardò,,contatti@giuritessuti.com,https,React,Sì,Server Plan S.r.l.,36,68,92.00,Sì,No
Caba Srl,Produttore,https://scatolificiocaba.it/,0833 832137,"Viale Giorgio Perlasca, 13",Nardò,,info@scatolificiocaba.it,https,WordPress,No,Hetzner Online GmbH,60,95,92.00,Sì,No
Dinky,Servizio di ricamo,,0833 873289,"Via Marco Colosso, 76",Nardò,,,,,,,,,,,
Trane Giuseppe Snc di Trane Domenico & C.,Ferramenta,,0836 465108,"Via Gabriele D'Annunzio, 151",Scorrano,,,,,,,,,,,
Mani Center Logistica & Distribuzione,Centro uffici,,800 429 614,Via dei Falegnami,Squinzano,,,,,,,,,,,
Chirizzi Teresa,Negozio di mobili,,0832 789073,"Via Raffaello Sanzio, 204",Squinzano,,,,,,,,,,,
Pezzuto Fernando,Produzione e ingrosso alimentari,,0832 789246,"Via Papa Pio XI, 17",Squinzano,,,,,,,,,,,
Presepe di Sabbia 2024-2025 Scorrano (Lecce),Mostra dell'artigianato,,338 864 7544,"Via Agostiniani, 46",Scorrano,,,,,,,,,,,
Mobilificio Squinzanese Sas Di Marco Zingarello & C.,Negozio di mobili,,0832 785492,"Via Brindisi, 21",Squinzano,,,,,,,,,,,
Sciccasa di Valeria e Carlo D'Oria,Negozio di tende,,347 915 1055,"Via Brindisi, 68",Squinzano,,,,,,,,,,,
Tappezzeria House Arredo,Tappezziere,,0832 782632,"Via Macello, 4",Squinzano,,,,,,,,,,,
Favorito s.r.l.,Produzione e commercio surgelati,http://www.favoritosrl.it/,347 370 2219,Strada statale 16 zona PIP salento,Scorrano,,favoritosrl@libero.it,https,React,No,Aruba S.p.A.,56,80,77.00,Sì,No
'Lageco srl' Della Dott.Ssa Lagalla Elena Romina,Consulente ambientale,,0832 781768,"Piazza della Vittoria, 72",Squinzano,,,,,,,,,,,
La Bottega Del Ferro,Fabbro,https://www.ferrobattutosabetta.com/,368 978 572,Via Dei Muratori,Squinzano,,info@ferrobattutosabetta.com,https,React,Sì,Aruba S.p.A.,50,68,85.00,Sì,No
Giotimar Lo Stile della tua Casa - Squinzano - Lecce,Negozio di articoli da regalo,http://giotimar.com/,0832 787139,"Via Raffaello Sanzio, 108",Squinzano,,giotimar@libero.it,https,WordPress,No,Aruba S.p.A.,56,66,92.00,Sì,No
TERMOIDRAULICA DI MIGLIETTA LUCIO,Negozio di forniture idrauliche,https://www.termoidraulicamiglietta.it/commerce/it/,347 624 5980,"Via Raffaello Sanzio, 65B",Squinzano,,info@termoidraulicamiglietta.it,https,PrestaShop,No,Aruba S.p.A.,98,80,100.00,Sì,No
Arte & Forma,Negozio di articoli da regalo,https://www.arte-forma.it/,0836 667438,"Viale Italia, 186",Soleto,,info@arte-forma.it,http,WordPress,Sì,Server Plan S.r.l.,36,52,92.00,Sì,No
Evoluzione Casa Di Angelo Nutricato,Fabbricazione e vendita tende,,0833 632199,"Via Nociglia, 33/A",Supersano,,,,,,,,,,,
Legittimo Srl,Negozio di piastrelle ceramiche,http://www.legittimosrl.it/,0833 631174,"Via Nociglia, 34",Supersano,,info@legittimosrl.it,http,React,No,Seeweb srl,68,94,100.00,Sì,No
Serio Ceramiche Di Serio Emanuele,Arredo bagno,,328 059 0797,"Via A. Diaz, 84",Surbo,,,,,,,,,,,
Tappezzeria Tendaggi Elia,Tappezziere,,347 661 1479,Via Albert Einstein,Surbo,,,,,,,,,,,
ITALZIP - FABBRICA DI CHIUSURE LAMPO,Produzione e lavorazione materie plastiche,,0832 493917,"Via Formoso Lubello, 2",Lecce,,,,,,,,,,,
Eurolive S.p.A.,Produzione e vendita di scorte alimentari,http://www.eurolive.it/,0832 277809,Viale Francia,Surbo,,,https,WordPress,Sì,Google LLC,64,85,92.00,Sì,No
OLEIFICIO AGRO TARANTINI & RUSSO,Oleificio,http://www.agrosalento.it/,328 223 1622,Via Appia Antica,Surbo,,info@olioagro.it,https,Shopify,Sì,Google LLC,36,56,92.00,Sì,No
Il Bottegone Tessile Arredo Casa,Negozio di biancheria da letto,https://ilbottegone.com/,0832 361979,"Via L. Trabucco, 46",Surbo,,info@ilbottegone.com,https,Shopify,Sì,Aruba S.p.A. Network,34,46,92.00,Sì,No
Fa.Mo.Sa. Fabbrica Mobili Salotti,Negozio di mobili,https://www.famosamobili.it/,0832 363465,"Via Austria, 10",Lecce,,info@famosamobili.it,https,React,Sì,Google LLC,62,86,85.00,Sì,No
Maison Magret,Negozio di mobili,,0832 361280,"Via Lecce, 153",Surbo,,,,,,,,,,,
Stamin S.r.l.,Produttore di macchine utensili,https://www.staminsrl.it/,0832 365970,"Zona Industriale, Surbo, Le 73010",Zona Industriale 1,,,https,WordPress,No,"Amazon.com, Inc.",56,75,92.00,Sì,No
Fuori Squadro - Stamperia,Stamperia,http://www.fuorisquadrostamperia.it/,389 347 2987,"Via Ofanto, 137",Surbo,,andrea@fuorisquadro.it,https,WordPress,Sì,Google LLC,60,87,100.00,Sì,No
GALA snc | Produzione Riparazione e Vendita Pallets | Legna da ardere | Lecce,Negozio di materiali da imballaggio,http://www.galapallets.it/,388 358 1087,"Via J. F. Kennedy, 14",Surbo,,alfredoleone1978@libero.it,https,WordPress,No,Aruba S.p.A. Network,59,75,100.00,Sì,No
Calzoleria Marini,Calzaturificio,https://www.calzoleriamarini.com/,0832 364382,"Via Ugo Foscolo, 6",Surbo,,info@calzoleriamarini.it,,React,Sì,OVH SAS,32,35,92.00,Sì,No
Carangelo Arredamenti Taurisano Mobilturi Point,Negozio di mobili,https://graziastor.com/,349 709 6845,"Via Ippolito Nievo, 9",Taurisano,,vendite@carangeloarredi.com,https,Shopify,No,"Cloudflare, Inc.",57,96,100.00,Sì,No
Antiche Tradizioni Di Reho Salvatore Valentino,Negozio di biancheria da letto,https://www.antiche-tradizioni.it/,0833 623322,"Via Raffaello, 1c",Taurisano,,contatti@antiche-tradizioni.it,https,PrestaShop,Sì,Aruba S.p.A. Network,43,50,100.00,Sì,No
Trés Bon,Pasticceria,https://www.pasticceriatresbon.com/,0833 621533,"Via Dispersi in Russia, 5",Taurisano,,,https,React,No,Aruba S.p.A.,45,61,85.00,Sì,No
"Gloc Service - Realizzazione lidi balneari, prefabbricati abitativi",Costruttore immobiliare,http://www.glocservice.it/,0833 622825,"Corso Giuseppe Mazzini, 144",Taurisano,,info@glocservice.it,https,WordPress,No,Aruba S.p.A.,71,96,92.00,Sì,No
Tendaggi e Tappezzeria Ferraro,Negozio,,327 719 2901,"Via della Libertà, 48",Montesano Salentino,,,,,,,,,,,
Agrimaglie,Fornitore di trattori e macchine agricole,http://www.agrimaglie.it/,0833 763087,"Via della Libertà, 103",Montesano Salentino,,info@pec.agrimaglie.it,https,WordPress,No,Aruba S.p.A.,63,91,92.00,Sì,No
Notte Casa,Negozio di biancheria da letto,,0836 939126,SS275,Surano,,,,,,,,,,,
Arredamenti De Rinaldis - Mobili su misura,Negozio di mobili,,335 324 347,S.S. 275 Km 14,Surano,,,,,,,,,,,
Tempesta Home,Negozio di biancheria,https://www.tempestahome.it/,0833 762015,"Via Papa Pio XII, 22",Montesano Salentino,,nome@dominio.com,https,Shopify,Sì,"Cloudflare, Inc.",36,64,100.00,Sì,No
Leva S.r.l.,Produttore di mobili,,0836 936743,"Strada St. 275, Surano, Le Km 12",Surano,,,,,,,,,,,
DFX S.r.l.,Fornitore di alluminio,http://www.dfxalluminio.it/,0836 939114,"strada statale 275, km 14, 400",Surano,,info@dfxalluminio.it,https,Joomla,Sì,Server Plan S.r.l.,56,83,92.00,Sì,No
Arredamenti Totò Piccinni Surano,Negozio di mobili,http://www.magazzinitotopiccinni.it/,0833 185 7400,"km 13.5, SS275",Surano,,johndoe@domain.com,https,React,No,velia.net Internetdienste GmbH,45,32,85.00,Sì,No
La nuova fenice arredamenti,Negozio di mobili,http://www.lanuovafeniceshop.it/,0832 755793,"Via John Fitzgerald Kennedy, 55",Trepuzzi,,cavaliere9632@hotmail.it,http,React,No,Aruba S.p.A. Network,65,52,91.00,Sì,No
Artigiani del Sonno Materassi,Negozio di materassi,,328 876 0816,"Via Regina Margherita, 267",Taviano,,,,,,,,,,,
Manifattura,Negozio di materassi,,346 010 9408,Via Majorana,Taviano,,,,,,,,,,,
Tre.I Srl,Torneria,https://www.treistore.it/,0832 756595,"Via Marshall Zona P, I.P",Trepuzzi,,info@treistore.it,https,React,No,OVH SAS,68,67,92.00,Sì,No
Miglietta,Negozio di alimentari,http://www.oliosalento.com/,0832 757534,"Via Edificio Scolastico, 4",Trepuzzi,,mariorossi@gmail.com,https,Angular,Sì,Aruba S.p.A.,59,71,100.00,Sì,No
Smile Relax,Negozio di divani,https://smilerelax.it/,377 361 9277,"Via Giuseppe Guerrieri, 93",Trepuzzi,,smilerelax2024@gmail.com,https,Shopify,Sì,Google LLC,69,85,100.00,Sì,No
OLIMPIO TESSUTI tendaggi tende da sole zanzariere bioclimatiche pergotende confezione su misura,Negozio di tessuti,,327 613 4981,"Via Lettonia, 60",Taviano,,,,,,,,,,,
Altri Tempi,Negozio di mobili,https://www.altritempitricase.it/,328 800 8865,Via Imperatore Adriano,Tricase,,altritempi@libero.it,https,Angular,No,SEEWEB s.r.l.,38,61,91.00,Sì,No
Tessitura Mattia Giuseppina Di Lazzari Rocco E C. Snc,Negozio di tessuti,,0832 969384,"Via G.di Vittorio, 14",Veglie,,,,,,,,,,,
Vivai Mello - produzione piante - Veglie - Lecce,Vivaio,http://www.melloflorvivai.it/,0832 967698,"Sede legale: Via Verdi 26, sede operativa :strada prov. Veglie - Monteruga",Veglie,,info@melloflorvivai.it,https,WordPress,No,IONOS SE ber.de,67,86,77.00,Sì,No
artigian legno vegliese,Negozio di artigianato tipico,http://www.alvcreazioni.it/,388 441 9232,"Via Nazioni Unite, 18",Veglie,,,https,WordPress,No,Aruba S.p.A. Network,69,90,85.00,Sì,No
Nachira Fiori Uggiano La Chiesa e Palmariggi,Fiorista,,0836 812171,"Via Giulio Cesare, 3",Uggiano La Chiesa,,,,,,,,,,,
La Casetta - Igiene per la casa e la persona,Casalinghi,,393 391 5769,"Via Bosco, 67",Veglie,,,,,,,,,,,
Nuova Ferramenta De Noia Paola,Ferramenta,,0836 817455,"Via Minervino, 97/B",Uggiano la Chiesa,,,,,,,,,,,
Rubrichi Rossano,Ferramenta,,0836 817480,"Via Minervino, 67",Uggiano La Chiesa,,,,,,,,,,,
Carpentry B&B,Bed & Breakfast,,320 851 4761,"Via Cristoforo Colombo, 5",Uggiano La Chiesa,,,,,,,,,,,
maglificio maplex,Produttore di maglieria,,338 767 5771,"Via Verona, 4",Ugento,,,,,,,,,,,
Eimbel,Negozio di biancheria da letto,,329 244 1992,"Via S. Silvestro, 22",Ugento,,,,,,,,,,,
De Marco Reti,Negozio di letti,http://www.demarcoreti.it/,0833 985215,"19 Zona Industriale, SP350",Ugento,,info@demarcoreti.it,https,WordPress,No,Netsons Network,44,56,92.00,Sì,No
Amante Srl,Merceria,,0833 554134,"Via Fratelli Molle, 53",Ugento,,,,,,,,,,,
Intimo Almelis Di Balsamo Michele,Negozio di abbigliamento,,380 681 6091,"Via Trieste, 3",Tuglie,,,,,,,,,,,
Carbone sas,Produzione e vendita di scorte alimentari,,0833 720056,"Via delle Industrie, 7",Ugento,,,,,,,,,,,
Soc. Agr. Oro del Salento - Vendita prodotti tipici pugliesi,Produttore di alimenti,https://www.orodelsalento.com/,0833 556827,"Via S. Antonio, 60",Ugento,,,https,WordPress,Sì,Infomaniak Network Management,96,100,100.00,Sì,No
La Bottega Italiana,Negozio di alimentari,,0833 554526,"Via Napoli, 15",Ugento,,,,,,,,,,,
Olio Congedi - Frantoio dal 1917,Oleificio,https://www.oliocongedi.com/,0833 555263,"SP 65, Via Marina, snc",Ugento,,info@oliocongedi.com,https,Magento,Sì,Hetzner Online GmbH,22,54,85.00,Sì,No
Eurocarni Di Carluccio Giovanni Battista,Macelleria,,0833 556955,"Via Giuseppe Mazzini, 31",Ugento,,,,,,,,,,,
PEZZULLA S.R.L. unip.,Ferramenta,http://www.pezzulla.it/,0833 555548,"Via Capitano Ugo Giannuzzi, 115",Ugento,,info@pezzulla.it,https,Joomla,No,Aruba S.p.A.,45,59,85.00,Sì,No
Pasticceria Alchimia,Pasticceria,,328 561 8775,"Via Stazione, 24",Zollino,,,,,,,,,,,
L'orto dei re,Grossista di frutta e verdura,http://lortodeire.it/,333 362 2618,"Via Mandorle, 51",Ugento,,amministrazione@lortodeire.it,https,React,No,Google LLC,63,96,92.00,Sì,No
Zis Di Paolo Schiavano,Sito archeologico,,0833 555857,"Vicolo Solitario, 16",Ugento,,,,,,,,,,,
iContadini - Ugento,Produzione e vendita di scorte alimentari,https://www.icontadini.it/,0833 555227,"SP290, Km1",Ugento,,info@icontadini.it,https,Vue,No,Serverplan S.r.l.,48,56,92.00,Sì,No
Kuffiari | Bottega dei Sapori,Fornaio,https://www.kuffiari.it/,351 503 9946,"Via Roma, 15",Zollino,,info@kuffiari.it,https,Joomla,Sì,"Amazon.com, Inc.",83,99,92.00,Sì,No
House Collection Di Alfiero Zollino,Casalinghi,,0836 428802,"Viale Madonna Addolorata, 18",Maglie,,,,,,,,,,,
Zollino & Company Turbine - Motori - Ricambi,Negozio di ricambi per auto,https://www.zollinosrl.it/,0836 572640,Via Soleto,Martano,,zollinovito@gmail.com,https,Joomla,No,Aruba S.p.A. Network,38,62,92.00,Sì,No
Minox Srl,Produttore di acciaio,http://www.minoxsrl.it/,0883 694304,Contrada Chianche,Minervino Murge,,info@minoxsrl.it,https,WordPress,No,Aruba S.p.A.,46,61,77.00,Sì,No
Beveroni Jazzin' Club,Pizzeria,,348 594 8806,"Via Nino Bixio, 56",Minervino Murge,,,,,,,,,,,
Terradiva - Azienda Agricola Biologica,Azienda agricola biologica,http://www.terradiva.it/,380 755 1382,"Contrada Madonna del Sabato, snc",Minervino Murge,,info@terradiva.it,https,React,No,Aruba S.p.A. Network,55,71,100.00,Sì,No
Al Labirinto,Ristorante,,0883 691002,"Vico Chiuso Filomeni, 14",Minervino Murge,,,,,,,,,,,
Il Materasso di Pastore,Negozio di materassi,,327 702 8739,"Via Brunforte, 27",Andria,,,,,,,,,,,
Gemitex,Fabbrica di tessile,http://www.gemitex.it/,0883 555269,"Via N. Barbato, 2",Andria,,info@gemitex.it,https,WordPress,Sì,Aruba S.p.A. Network,56,65,100.00,Sì,No
Q.R. Di Quacquarelli Felice & C. S.A.S.,Magazzino all'ingrosso,,0883 541194,"Via Gioacchino Poli, 120",Andria,,,,,,,,,,,
Agenzia L.B. Sportello Telematico Di Lettini G.,Ufficio patenti,,0883 691294,"Corso A. de Gasperi, 58",Minervino Murge,,,,,,,,,,,
Confezioni Simon Di Simone Francesco,Azienda di confezionamento,,0883 898393,"Via Padre Leone Dehon, 188",Andria,,,,,,,,,,,
Giorgio S.R.L.,Fabbrica di tessile,,0883 333980,"Via Barletta, 198/C",Andria,,,,,,,,,,,
Olio Angelino - Frantoio Oleario Gimagri,Oleificio,https://olioangelino.it/,0883 691700,Contrada Sferracavallo S.N,Minervino Murge,,info@olioangelino.it,http,Shopify,Sì,Netsons Network,60,78,100.00,Sì,No
Conf Elle Elle Srl,Azienda di confezionamento,,0883 885510,"Strada Provinciale Andria-Trani,km1,8, Contrada Lamapaola, 76123",Andria,,,,,,,,,,,
Antica Fabbrica di Divani 1949 (Parente Group),Negozio di divani,,0883 334055,"Via della Repubblica, 118, Via dei Muratori, 4",Barletta,,,,,,,,,,,
Dorelan Andria,Negozio di materassi,https://www.dorelan.com/it-it/pages/dorelan-andria,0883 954024,"Via Bari, 67",Andria,,,https,WordPress,Sì,"Cloudflare, Inc.",42,42,100.00,Sì,No
Spagnoletti Fabbrica Occhiali,Ottico,https://www.fabbricaocchialispagnoletti.it/,0833 602780,"Via Capitano Giannuzzi, 30",Ugento,,spagnolettitricase@outlook.it,https,Shopify,Sì,Eurologon S.r.l,53,77,100.00,Sì,No
SOFT Arte Imbottiti & Design - Centro Divani + Centro Tendaggi,Negozio di divani,https://www.softandria.it/,0883 291443,"Viale della Costituzione, 185",Andria,,softdivanitendaggi@gmail.com,https,WordPress,Sì,SEEWEB s.r.l.,56,73,92.00,Sì,No
Packing Lab srls,Azienda di confezionamento,,0883 415593,"Via Callimaco, snc",Andria,,,,,,,,,,,
PL Relax di Piccolo Ruggiero Reti Materassi Cuscini Centro Dorelan,Negozio di materassi,http://www.plrelax.it/,0883 513236,"Via Regina Margherita, 274/B",Barletta,,info@plrelax.it,https,Joomla,Sì,OVH SAS,54,76,92.00,Sì,No
Permaflex Barletta,Negozio di materassi,https://www.permaflex.it/,0883 198 3437,"Via Monfalcone, 11",Barletta,,info@permaflex.it,https,React,No,Aruba S.p.A.,59,90,85.00,Sì,No
Tappezzeria Materassi Primavera,Negozio di materassi,,345 070 3585,"Via Fragatella, 3",Bisceglie,,,,,,,,,,,
Azienda Agricola Sinisi Andria,Oleificio,https://www.agricolasinisi.it/,393 331 9760,"Viale Venezia Giulia, 106",Andria,,info@agricolasinisi.it,https,Joomla,No,Netsons s.r.l.,60,82,92.00,Sì,No
La Fabbrica del Sapere,Corsi di formazione per adulti,http://www.lafabbricadelsapere.it/,0883 825112,"Via Cialdini, 98",Barletta,,,https,React,Sì,Keliweb S.R.L,0,42,92.00,Sì,No
Rotolificio Pugliese S.r.l.,Cartiera,http://www.rotolificiopugliese.it/,0883 595223,"Via Padre Leone Dehon, 140",Andria,,info@rotolificiopugliese.it,https,React,No,Netsons s.r.l.,59,72,92.00,Sì,No
New Wool Cotton Srl,Negozio di materassi,,080 395 1556,"Via Copenaghen, 8/10",Bisceglie,,,,,,,,,,,
Deltaflex Di Zucaro Francesco,Negozio di materassi,,080 395 8293,"Via Finizia, 45",Bisceglie,,,,,,,,,,,
Mondo Materassi,Negozio di materassi,,080 321 9268,"Via Imbriani, 205",Bisceglie,,,,,,,,,,,
IMBAL BIO FOOD PACKAGING BY CEDIPLAST,Negozio di materiali da imballaggio,,0883 611187,Nuova trav. vicinale Moscatello zona Industriale,Canosa di Puglia,,,,,,,,,,,
Show-room del materasso via imbriani n 120,Negozio di materassi,,344 161 2630,Via Matteo Renato Imbriani,Canosa di Puglia,,,,,,,,,,,
Quagliarella Massimo Home Fashion,Negozio di biancheria,,349 319 4246,"Via John Fitzgerald Kennedy, 9",Canosa di Puglia,,,,,,,,,,,
La Vera Materasseria,Negozio di materassi,https://laveramaterasseria.it/,349 527 8754,"Via Capitano F. Gentile, 20",Bisceglie,,lamaterasseria@libero.it,https,Shopify,Sì,Netsons s.r.l.,56,57,100.00,Sì,No
MariaVita Ferrarese Materassi&Casa,Negozio di materassi,,339 524 1618,"Via Aldo Moro, 110",Bisceglie,,,,,,,,,,,
Daunia Plast,Produzione e lavorazione materie plastiche,https://www.dauniaplast.it/,0883 632034,"Via Degli Artigiani, 15",Trinitapoli,,,https,WordPress,Sì,Server Plan S.r.l.,45,81,100.00,Sì,No
Ideal Tende di De Martino Teresa,Negozio di tende,,0883 631605,"Corso Garibaldi, 92",Trinitapoli,,,,,,,,,,,
Agricola Candida,Produzione e vendita di scorte alimentari,,393 318 0454,"Contrada sant'antonio Stazione Candida,",Trinitapoli,,,,,,,,,,,
wood box imballaggi Srl,Negozio di materiali da imballaggio,https://woodboxsrl.it/chi-siamo/,080 392 2505,"Strada Comunale Lama Di Macina, 124",Bisceglie,,woodbox@inwind.it,https,Contiki CMS,No,Host SpA,61,0,91.00,Sì,No
Materassi Sinus Barletta di Balestrucci Rosanna,Negozio di materassi,http://www.sinusitalia.it/,0883 198 3202,"Viale Ippocrate, 7/A",Barletta,,direzione.sinus@gmail.com,https,WordPress,Sì,Netsons s.r.l.,54,71,92.00,Sì,No
Casalinghi Cuor Di Casa Barletta,Negozio di biancheria,http://www.cuordicasa.it/,0883 512393,"Via Canosa, 55",Barletta,,example@domain.com,https,React,Sì,"Cloudflare, Inc.",51,38,92.00,Sì,No
Prisma Store Barletta,Negozio di articoli da regalo,https://www.prismastorebarletta.it/,0883 413453,"Via Renato Coletta, 19",Barletta,,,https,WordPress,Sì,Aruba S.p.A. Network,43,54,92.00,Sì,No
Delizia 2000 Srl,Produzione e vendita di scorte alimentari,http://www.naturalmentedelizia.it/,0883 631345,"Via della Transumanza, 26",Trinitapoli,,info@naturalmentedelizia.it,https,Shopify,Sì,Aruba S.p.A.,56,69,92.00,Sì,No
Dispac,Produzione e vendita di scorte alimentari,http://www.dispacconserve.com/,0883 631790,"Via della Transumanza, 61/63",Trinitapoli,,info@dispacconserve.com,https,React,Sì,Keliweb S.R.L,56,63,92.00,Sì,No
ONDAFLEX TRANI,Negozio di materassi,,0883 885146,"Via Andria, 90",Trani,,,,,,,,,,,
TEMPUR BARLETTA,Negozio di materassi,http://www.nanula.it/,0883 531364,"Via Fernando Chieffi, 3/B",Barletta,,,https,WordPress,No,Aruba S.p.A,62,83,92.00,Sì,No
Finozzi Group,Negozio di forniture per hotel,https://finozzigroup.it/,340 826 5682,"Piazza Giuliano Gradenigo, 3",Trani,,info@finozzigroup.it,https,Shopify,Sì,IONOS SE,56,93,92.00,Sì,No
Aquinflex Fabbrica Artigiana Materassi Polistena Reggio Calabria,Negozio di materassi,http://www.aquinflex.it/,0966 931898,"Via Fausto Gullo, 13",Polistena,,informazioni@aquinflex.it,https,WordPress,Sì,Aruba S.p.A.,81,67,92.00,Sì,No
Fomac Sistemi per il riposo,Negozio di materassi,,377 081 1356,"Via Lia, 2",Reggio di Calabria,,,,,,,,,,,
Dorelan Trani,Negozio di materassi,https://www.dorelan.it/,0883 484865,"Via Avvocato Vittorio Malcangi, 106",Trani,,,https,WordPress,Sì,"Amazon.com, Inc.",40,46,92.00,Sì,No
Bricoutensili,Ferramenta,http://www.bricoutensili.com/,0883 634436,"Via Aldo Moro, 44",Trinitapoli,,,https,React,No,"Cloudflare, Inc.",39,100,92.00,Sì,No
Progetto Benessere s.a.s.,Negozio di materassi,http://www.progettobenesseremessina.it/,090 344410,"Via G. Garibaldi, 317-319",Messina,,,http,WordPress,Sì,Aruba S.p.A.,69,93,85.00,Sì,No
GIFER s.r.l.,Commerciante di articoli in ferro,https://gifersrl.com/,0883 500712,Str. Gesù Maria,Trani,,shop@gifersrl.com,https,Shopify,No,INFOSTRADA,26,55,0.00,Sì,No
Arredamenti Marchese,Negozio di mobili,https://www.arredamentimarchese.com/,0984 946480,"Contrada Montagnola, 299",Acri,,info@arredamentimarchese.com,https,WordPress,Sì,Aruba S.p.A. Network,34,50,85.00,Sì,No
Gli Artigiani del Riposo,Negozio di materassi,https://www.gliartigianidelriposo.it/,0981 931051,Contrada Scalapitta,Oriolo,,info@gliartigianidelriposo.it,https,WordPress,Sì,Keliweb S.R.L,67,92,92.00,Sì,No
InForma Materassi Cosenza,Negozio di materassi,http://www.informamaterassi.com/,0984 404452,"Via Sant'Umile da Bisignano, 25 Contrada Conciostocchi (Zona Industriale",Rende,,,https,React,Sì,IT.Gate S.p.A.,72,98,92.00,Sì,No
Sogni D'Oro,Negozio di materassi,https://sognidorocosenza.it/,0984 29431,"Via Domenico Milelli, 54/56 / 58",Cosenza,,sognidoro.oa@libero.it,https,WordPress,No,Combell NV,75,90,100.00,Sì,No
Oliva Materiali da Costruzione,Fornitore di impianti di riscaldamento,,339 769 1599,Contrada Boscari,Altomonte,,,,,,,,,,,
Lamflex group,Produttore,https://www.lamflexgroup.com/,0965 640756,"Via delle Industrie, n.21",Reggio di Calabria,,info@lamflexgroup.com,https,WordPress,Sì,SEEWEB s.r.l.,69,96,92.00,Sì,No
Spugnificio Meridionale,Produzione e lavorazione materie plastiche,https://www.tittex.com/,0883 509697,"SP130, Km. 5+500",Trani,,info@tittex.com,https,ASP.NET,Sì,Aruba S.p.A.,31,32,83.00,Sì,No
Materflex,Negozio di materassi,http://www.materflex.it/,0966 45267,"SS 18 Tirrena Inferiore, km 485",Palmi,,,https,WordPress,No,Aruba S.p.A. Network,48,65,67.00,Sì,No
G.E.A.,Negozio di articoli da regalo,,081 558 5169,"Viale Michelangelo, 80",Napoli,,,,,,,,,,,
La Gardenia dei Fratelli Amato Srl,Servizio di e-commerce,,081 564 3103,"Salita Porteria San Raffaele, 44",Napoli,,,,,,,,,,,
Egoitaliano Store,Negozio di divani,http://storealtomonte.egoitaliano.com/,0981 948024,SP120,Altomonte,,altomonte@egoitalianostore.it,https,React,No,digimat ip network,54,56,100.00,Sì,No
ANTONIO AMATO Biancheria intimo e neonato,Negozio di biancheria intima,http://antonioamatobiancheria.it/,376 082 8346,Via Aquila 133 134 135,Napoli,,,,Shopify,Non trovato,"Cloudflare, Inc.",98,99,90.00,No - Pagina Non Trovata (404),No
Amato Materassi,Negozio di materassi,,334 771 1696,"Via S. Marco, 13",Marina di Ascea,,,,,,,,,,,
Comune di Alessandria del Carretto,Municipio,,0981 53006,"Piazza Municipio, 5",Alessandria del Carretto,,,,,,,,,,,
Massali Luxury Home | Biancheria per la casa | Articoli da regalo.,Negozio di biancheria,,340 560 3574,Via Gaetano de Santo,Amantea,,,,,,,,,,,
Perna Arredamenti,Negozio di mobili,,0982 428513,"Via Monte Bianco, 27",Amantea,,,,,,,,,,,
Notti da sogno Amantea,Negozio di materassi,,345 772 3836,"Corso Vittorio Emanuele, 34",Amantea,,,,,,,,,,,
Azienda Agricola Amato,Fattoria,http://www.amatoaloe.com/,338 255 8278,"Via Campo Lombardo, 5/B",Fondi,,info@amatoaloe.com,https,WordPress,No,Aruba S.p.A.,56,69,100.00,Sì,No
Sconza Rosetta & C. Sas,Negozio di biancheria,,0982 424854,"Via Verona, 9",Amantea,,,,,,,,,,,
Calabria Reti Srl,Produttore,,0982 46062,Via Marciello,Amantea,,,,,,,,,,,
G.E.A. Dei Fratelli Amato Sas,Negozio di alimentari,,081 544 7038,"Via Marsicano, 9",Napoli,,,,,,,,,,,
Flexdor,Negozio di materassi,http://www.flexdor.it/,090 998 1893,"Via Enrico Fermi, 14",Torregrotta,,,https,WordPress,Sì,Infomaniak Network Management,52,57,77.00,Sì,No
Bova Giuseppe,Avvocato,,0961 913439,"Via Roma, 1",Amaroni,,,,,,,,,,,
Azienda Agricola La Chioccia,Azienda avicola,,0982 46777,"Via Rubano, 1",Campora San Giovanni,,,,,,,,,,,
MASSALI STORE,Bazar,http://www.massalistore.it/,349 457 7052,"V. Mercato Nuovo, 39",Amantea,,,https,Shopify,No,Keliweb S.R.L,69,62,92.00,Sì,No
BRUNI DESIGN ARREDI,Negozio di mobili,https://www.brunidesignarredi.com/,0982 46440,Corso Malta,Amantea,,info@brunidesignarredi.com,http,Shopify,Sì,"Amazon.com, Inc.",52,64,92.00,Sì,No
Centro Permaflex Amantea,Negozio di materassi,https://www.centropermaflexcalabria.it/,0982 642191,"Corso Vittorio Emanuele, 44/48",Amantea,,,https,WordPress,No,OVH ISP,66,97,92.00,Sì,No
Alfano Francesco S.R.L.,Ferramenta,https://trealfa.com/,0982 426075,Via Stromboli,Amantea,,info@trealfa.com,https,Joomla,Sì,HOSTINGER DE,50,46,85.00,Sì,No
Lube Store Amantea,Negozio di mobili,https://www.lubestoreamantea.it/home,0982 640719,"SS 18 Tirrena Inferiore, Snc",Amantea,,,https,React,No,Google LLC,69,81,83.00,Sì,No
La Mesopotamia,Negozio di materiali da costruzione,http://www.lamesopotamia.it/,0982 425659,"Via Etna, 5/b",Amantea,,lamesopotamia@libero.it,https,WordPress,No,Aruba S.p.A.,33,25,85.00,Sì,No
Edil Bagno,Fornitore di materiali da costruzione,,360 997 462,Contrada Colfari Snc,Marina di Amendolara,,,,,,,,,,,
Materassificio Amendolara,Negozio di materassi,http://amendolaramaterassi.altervista.org/,0973 826606,"SS 585 Fondo valle del Noce km9, Trecchina, PZ 85049",Trecchina,,,https,WordPress,No,"Cloudflare, Inc.",79,98,100.00,Sì,No
Mobili Mancuso,Negozio di mobili,,0984 423892,"Contrada San Nicola, SS 178, SNC",Aprigliano,,,,,,,,,,,
Andali - edilizia e arredamento,Negozio di ceramiche,http://www.andalisrl.it/,0962 431436,"Via Nazionale, 7",Petilia Policastro,,info@andalbagni.it,https,WordPress,No,Aruba S.p.A.,61,91,100.00,Sì,No
Alindar | Industria Arredamenti | Falegnameria e produzione artigianale di arredamento su misura,Produttore di mobili,https://www.alindarcucine.it/,0968 751152,"ZI Piano delle Forche SP 162/2 Km 0, 2",Maida,,info@alindarcucine.it,https,React,Sì,OVH SAS,69,84,92.00,Sì,No
Graficlab,Negozio di magliette personalizzate,http://graficlab.com/,800 800 348,"Via Bologna, 18",Amantea,,info@graficlab.com,https,Shopify,Sì,Aruba S.p.A.,76,91,92.00,Sì,No
Società Agricola Bova Srl,Produzione e vendita di scorte alimentari,http://www.oliobova.it/,328 288 9210,"Località Argadi, snc",Amaroni,,info@oliobova.it,https,React,Sì,Google LLC,46,56,77.00,Sì,No
Saracino Antonio,Negozio di mobili,https://arredisaracino.it/,0981 915009,"Strada St. 106, Amendolara, CS 87071",Amendolara,,info@arredisaracino.it,http,WordPress,No,Aruba S.p.A,39,80,83.00,Sì,No
grenn,Fabbrica di juta,,349 052 3955,Contrada Coscarella,Cosenza,,,,,,,,,,,
La fabbrica dell'occhiale di I.O.M. srl,Ottico,,0984 961993,"Via Eugenio Altomare, 132/P1",Rogliano,,,,,,,,,,,
Fratelli Perri,Negozio di forniture per la lavorazione del legno,,0984 435656,"Via Dante Alighieri, 69",Spezzano Piccolo,,,,,,,,,,,
Azienda Avicola F.lli Parise,Azienda avicola,,0984 780721,Contrada S. Elia,Cosenza,,,,,,,,,,,
Badolato Borgo,Luogo di pellegrinaggio,,0967 85000,"Via Scesa Castello, 14",Badolato,,,,,,,,,,,
Agenzia EDC Pubblicità,Agenzia di marketing,https://www.roccovigna.it/,328 141 6459,"Via Isidoro Piro, n. 4",Aprigliano,,info@roccovigna.it,https,Angular,No,"Amazon.com, Inc.",55,68,54.00,Sì,No
San Vincenzo - Salumi di Calabria,Produzione e vendita di scorte alimentari,http://www.sanvincenzosalumi.it/,0984 4302,"Contrada Acquacoperta, 24",Spezzano Piccolo,,commerciale@sanvincenzosalumi.it,https,Shopify,No,Aruba S.p.A. Network,55,68,100.00,Sì,No
"Alessandro Pagano - Il Divano Italiano - Store Rende, Cosenza",Negozio di divani,https://www.alessandropagano.com/,0984 181 0755,"Via Giuseppe Verdi, 44",Rende,,info@alessandropagano.com,https,React,No,Aruba S.p.A. Network,63,75,100.00,Sì,No
La fabbrica del gelato - Made with Love,Gelateria,,0967 225577,"Corso Umberto I, 152",Badolato,,,,,,,,,,,
Azienda Agricola Arangara,Azienda agricola biologica,https://www.agricola-arangara.it/,338 493 9117,"Contrada Giudeo, 5",Ardore Marina,,,https,Shopify,No,"Cloudflare, Inc.",68,99,100.00,Sì,No
Lido Solesi,Stabilimento balneare,http://www.lidosolesi.it/,338 470 9111,Via Aquilia,Badolato Marina,,,https,React,No,Aruba S.p.A.,61,76,100.00,Sì,No
La Casa del Materasso di Raco Modafferi,Negozio di materassi,,349 196 0319,"Viale Matteotti, 12",Locri,,,,,,,,,,,
Grinta Fabbrica Materassi − Marina di Davoli,Negozio di materassi,https://www.grinta.info/,0967 572890,"Viale Cassiodoro, 6",Marina di Davoli,,info@grinta.info,https,React,No,Aruba S.p.A.,56,70,92.00,Sì,No
Artea arredamenti,Negozio di mobili,https://www.artea-arredamenti.com/,393 329 4382,"Via Alcide De Gasperi, 19",Rogliano,,,https,WordPress,No,Combell NV,64,90,92.00,Sì,No
Cardillo Edilizia,Negozio di materiali da costruzione,http://www.ediliziacardillo.it/,0964 310966,"Contrada Pantano, 4",Ardore Marina,,shop@ediliziacardillo.it,https,WordPress,Sì,Google LLC,50,57,100.00,Sì,No
Capogreco Giuseppe,Negozio di scarpe,,0964 629310,"Corso Giosuè Carducci, 33",Ardore Marina,,,,,,,,,,,
Arena Medical,Fornitore di ausili per la mobilità,https://arenamedical.it/,391 735 6087,"Via Gloria, 8",Messina,,info@arenamedical.it,https,Joomla,No,Netsons Network,46,82,92.00,Sì,No
Consorzio Terme Acque Sante,Terme,http://www.acquesante.it/,0964 312040,Contrada Bagni,Antonimina,,terme@acquesante.it,https,WordPress,No,Netsons s.r.l.,61,78,92.00,Sì,No
Barbuto & Co.S.R.L.,Produzione e ingrosso abbigliamento,,0967 91092,"Corso Vittorio Emanuele III, 113",Argusto,,,,,,,,,,,
CONSORZIO DI TUTELA DEL TORRONE DI BAGNARA CALABRA IGP,Associazione / Organizzazione,,+39 966376234,via adiacenze piazza morello,Bagnara Calabra,,,,,,,,,,,
Ernesto Gualtieri srl,Negozio di forniture per ristoranti,http://www.ernestogualtieri.com/,0967 522371,"Corso Umberto I, 251",Soverato,,info@ernestogualtieri.com,https,React,No,Contabo GmbH,73,99,75.00,Sì,No
WABI-SABI Centro Estetico - curativo,Centro estetico,,340 924 2223,"via S.Pietro e Paolo, 15",Bagnara Calabra,,,,,,,,,,,
Coimaf,Negozio di forniture per la cottura in forno,http://www.coimaf.com/it_it/,0967 522303,"Via Piani di Bella, snc",San Sostene,,social@coimaf.com,https,React,Sì,Aruba S.p.A.,59,78,92.00,Sì,No
Dorelan Reggio Calabria,Negozio di materassi,https://www.dorelan.it/it/punti-vendita/dorelan-reggio-calabria,350 523 8630,"Via San Pietro, 14",Reggio di Calabria,,,https,WordPress,Sì,"Amazon.com, Inc.",36,40,100.00,Sì,No
Materassi Logoteta,Negozio di materassi,http://www.materassilogoteta.it/,320 656 1255,"Via Gaspare del Fosso, 3",Reggio Calabria,,,https,Joomla,Sì,OVH SAS,75,91,92.00,Sì,No
Pg Supermarket,Alimentari,,0982 400874,"33 Via Serra, Belmonte Calabro, CS 87033",Belmonte Calabro,,,,,,,,,,,
Decorfood Cafè,Pasticceria,,349 153 5457,via Piazzale stazione,Belmonte Calabro,,,,,,,,,,,
Belcastro 1930 - Nicola Belcastro SRL,Negozio di biancheria da letto,,0964 415120,"Viale John Fitzgerald Kennedy III, Traversa, 8, 13",Rende,,,,,,,,,,,
Cundari 1960,Pasticceria,http://www.cundarivincenzo.it/,0966 372505,"Via Nazionale, 274",Bagnara Calabra,,info@cundarivincenzo.it,http,Joomla,Sì,Aruba S.p.A. Network,46,51,92.00,Sì,No
Belcastro Giancarlo Giancarlo,Negozio di biancheria,,0964 415317,Str. Santa Finis,Marina di Gioiosa Ionica,,,,,,,,,,,
Pasticceria F.lli De Forte,Pasticceria,,0966 371103,"Viale Vittorio Emanuele II, 141",Bagnara Calabra,,,,,,,,,,,
Belcastro Home,Negozio,https://www.belcastrohome.com/,0964 344155,"Via Nazionale, 100",Siderno,,info@belcastrohome.com,https,React,No,Aruba S.p.A.,39,76,75.00,Sì,No
"Belcastro dal 1930, Idee per Abitare - Nicola Belcastro S.r.l.",Negozio di mobili,,0964 416059,"Str. Santa Finis, 43",Marina di Gioiosa Ionica,,,,,,,,,,,
IMPIERI GROUP SRL,Negozio di ceramiche,,388 828 9104,"Contrada Castromurro, 37",Belvedere Marittimo,,,,,,,,,,,
Casa In... Di Bicchieri Pietro,Negozio di materassi,,090 635014,"KM 4, 200, STR. ST., Messina, ME 98100",Messina,,,,,,,,,,,
Centro Diagnostico Impieri | Belvedere Marittimo,Centro diagnostico,https://www.centrodiagnosticoimpieri.it/,0985 849331,Via Gioacchino Greco,Belvedere Marittimo,,info@centrodiagnosticoimpieri.it,https,Joomla,Sì,Aruba S.p.A.,65,95,91.00,Sì,No
Materassi Silvestro,Negozio di materassi,http://www.materassisilvestro.com/,095 749 4271,"Via Morandi, 15",Fiumefreddo Sicilia,,info@materassisilvestro.com,https,ASP.NET,No,Aruba S.p.A. Network,67,51,85.00,Sì,No
Petramale Acciai,Impianto di produzione di acciaio inossidabile,,0984 940314,Contrada Imperatore,Bisignano,,,,,,,,,,,
Polytex srlu,Fabbricazione e vendita tende,http://www.polytexsrl.it/,0984 654310,C.da Succiommo,Bisignano,,,https,Basekit,No,Aruba S.p.A.,56,47,100.00,Sì,No
G.S. Dal 1926 Di Galasso Salvatore,Negozio di articoli per la pittura,,0984 951185,"Corso Vittorio Veneto, 55",Bisignano,,,,,,,,,,,
La Fattoria S.A.S.,Ferramenta,,0984 951949,Corso Italia,Bisignano,,,,,,,,,,,
ALIMEC,Impianto di produzione di acciaio inossidabile,http://alimec.net/,328 267 8121,"Squarcio, 22",Bisignano,,,http,ASP.NET,No,Aruba S.p.A. Network,77,97,73.00,Sì,No
Arredo Home Bisignano,Negozio di mobili,http://www.arredohome.net/,0984 306284,"Via Delle Querce, Snc",Bisignano,,,https,WordPress,No,OVH SAS,59,91,100.00,Sì,No
Rest Line,Negozio di materassi,,388 187 0032,"Loc. La Coni, S.da 107 Silana Crotonese",Caccuri,,,,,,,,,,,
Bi.an.co. snc,Negozio di materassi,http://bianco.it/,081 440502,"Via Foria, 188",Napoli,,,https,React,Sì,"Cloudflare, Inc.",60,88,85.00,Sì,No
Edil Cheminee Fabbrica Camini Su Progettazione E Su Misura,Negozio di caminetti,http://www.edilchemineeraiano.it/,0864 72459,15 SP10,Raiano,,edilcheminee@gmail.com,https,WordPress,No,Keliweb S.R.L,55,61,77.00,Sì,No
Sharonflex dal 1974,Negozio di materassi,https://sharonflex.com/,377 369 1763,"Via Fiume Lao, 51",Scalea,,info@sharonflex.com,https,React,Sì,Aruba S.p.A.,59,67,92.00,Sì,No
Ciavarella,Negozio di caminetti,http://www.ciavarellacamini.it/,389 823 2337,"Via Mandanici, 110",Roma,,,https,WordPress,No,Aruba S.p.A.,57,84,100.00,Sì,No
Stefanflex,Negozio di materassi,https://www.stefanflex.it/,095 573779,"Via Zia Lisa, 57",Catania,,info@stefanflex.it,https,React,No,Aruba S.p.A.,63,99,100.00,Sì,No
Francesco Coniglio Elettrodomestici,Negozio di elettrodomestici,,0964 731865,"Via della Repubblica, 1",Bivongi,,,,,,,,,,,
CONIGLIO ARREDAMENTI SAS DI TULLIO CONIGLIO & C.,Negozio,,0964 731201,"Via Giuseppe Verdi, 22",Bivongi,,,,,,,,,,,
SBA Corporation Fabbrica Materassi Catania,Negozio di materassi,https://sbacorporation.it/,095 1694 4256,"Via Duca Degli Abruzzi, 186",Catania,,info@sbacorporation.it,https,WordPress,No,"Cloudflare, Inc.",82,98,100.00,Sì,No
"Bed & Comfort San Giovanni La Punta - Letti, Materassi cuscini Dorelan, Epeda, Bultex, V.& Nice, poltrone relax divani letto",Negozio di materassi,http://www.bedecomfort.com/,095 617 8267,"Via della Regione, 275",San Giovanni la Punta,,info@bedecomfort.com,https,Shopify,Sì,MyCore Milan Location,28,38,100.00,Sì,No
Il boom degli affari,Negozio di elettrodomestici,,392 276 2234,"c.p.r.c, Via Risorgimento.68.seconda sede via campo piale n9, Via Risorgimento, 68",Campo Calabro,,,,,,,,,,,
Sculli Francesco,Negozio di forniture elettriche,,0964 61747,"Via XXIV Maggio, 119",Bovalino,,,,,,,,,,,
Procopioflex Snc,Negozio di materassi,http://www.procopioflex.it/,090 738 1053,Area Artigianale ASI,Larderia,,,https,ASP.NET,No,Aruba S.p.A.,55,78,85.00,Sì,No
La Cicogna,Negozio di abbigliamento,,347 375 3587,"Via Giuseppe Garibaldi, 147A",Bovalino,,,,,,,,,,,
C&G Bomboniere - Articoli da Regalo,Negozio di articoli da regalo,,0964 61256,"Via Aldo Moro, 7/E",Bovalino,,,,,,,,,,,
C.M. Di Clemente Massimiliano,Servizio di riparazione di piccoli elettrodomestici,,0964 61894,"Via XXIV Maggio, 10",Bovalino,,,,,,,,,,,
LA GALLERIA - PARCO COMMERCIALE,Centro commerciale,https://www.lagalleriaonline.com/,0964 931246,S.S. 106 KM 84,Bovalino,,info@lagalleriaonline.com,https,Shopify,No,Fastweb SpA,62,84,85.00,Sì,No
Centro Moda Tessile S.A.S. Di Signati Domenico & C.,Negozio di tessuti,,0964 61458,"Via XXIV Maggio, 19",Bovalino,,,,,,,,,,,
Azienda Agricola Fratelli Morello,Azienda agricola biologica,,349 232 2765,SP85,Briatico,,,,,,,,,,,
L'Angolo Dei Fiori,Fiorista,,388 121 1808,"Corso Margherita, 12",Briatico,,,,,,,,,,,
Zoofarm Calabra Sas Di Vangeli Antonio,Casa farmaceutica,,0963 260078,Strada Statale 18,Vibo Valentia,,,,,,,,,,,
Briatico Raffaele,Pelletteria,https://www.raffaelebriatico.com/%20%20%20https://www.profumeriabriatico.it,0963 534171,"a fianco Hotel Marinella, Via Riviera Prangi, snc",Pizzo,,,,React,Non trovato,Serverplan s.r.l.,63,92,42.00,No - Pagina Non Trovata (404),No
COF SpA,Produzione e vendita di scorte alimentari,,0963 561285,"S.S. 522, Km 14",Vibo Valentia,,,,,,,,,,,
pensarecasa.it,Negozio di mobili,https://bovalino.pensarecasa.it/,0964 60800,"Strada Statale, 106/km 84",Bovalino,,bovalino@pensarecasa.it,https,WordPress,Sì,"Amazon.com, Inc.",21,62,92.00,Sì,No
"Casabella - Lista Nozze, Bomboniere E Complementi D'arredo",Negozio di articoli da regalo,,0964 670092,"Corso Umberto, 123",Bovalino,,,,,,,,,,,
"Per Sognare materassi ortopedici, memory foam, presidi medici ortopedici",Negozio di materassi,http://www.materassipersognare.com/,095 803 7200,"Via della Regione, 280",San Giovanni la Punta,,,https,WordPress,Sì,Aruba S.p.A.,57,75,83.00,Sì,No
Sano Riposo Srls,Negozio di materassi,,370 350 4715,"Via Santa Croce, 24",San Giovanni la Punta,,,,,,,,,,,
Autonoleggio & Noleggio con Conducente e di Landro Leone Briatico,Agenzia di noleggio auto,http://www.landroautomobili.it/,0963 395874,Via Provinciale San Leo,Briatico,,landro.leone@libero.it,https,React,No,Hetzner Online GmbH,56,85,75.00,Sì,No
G.i.f.e. srl,Negozio di articoli per il giardinaggio,,0961 391002,"Via Palmiro Togliatti, 7",Borgia,,,,,,,,,,,
Cama Snc Di Borgia Dario E Cl,Installazione e manutenzione ascensori,,090 292 1222,"V.le Europa, 32",Messina,,,,,,,,,,,
G.B. Mobili Di M. Guerrieri E F.Lli S.N.C.,Negozio di mobili,,0961 953017,"Via Galileo Galilei, 15",Caraffa di Catanzaro,,,,,,,,,,,
Fiorillo Detergenza,Produttore,https://www.fiorillodetergenza.com/,0963 265550,Zona Industriale Aeroporto,Vibo Valentia,,,https,React,No,"Cloudflare, Inc.",55,61,85.00,Sì,No
Valenti Per Arredare Di Valenti Pasquale & C. Sas,Negozio di mobili,https://www.valentiperarredare.it/,0964 731067,"Via XXIV Maggio, 38",Bivongi,,info@valentiperarredare.it,https,Shopify,Sì,Aruba S.p.A. Network,59,86,100.00,Sì,No
Lg Materassi,Negozio di materassi,,0942 794097,"Via IV Novembre, 277",Furci Siculo,,,,,,,,,,,
Materasso Flex,Negozio di materassi,,331 177 2291,"V.le Cassiodoro, 213/215",Catanzaro,,,,,,,,,,,
Mannarino Srl,Impresa di costruzioni,https://mannarinosrl.it/,0961 953049,"Via Giovanni Pascoli, 1",Caraffa di Catanzaro,,mannarinosrl@pec.it,https,Joomla,No,Google LLC,70,88,100.00,Sì,No
Mannarino Antonio,Fornitore di materiali da costruzione,,0961 953599,"Via Carriera, 63",Caraffa di Catanzaro,,,,,,,,,,,
Pianeta Riposo,Negozio di materassi,https://pianetariposo.com/,0961 745272,"Via Mario Greco, 1",Catanzaro,,info@pianetariposo.com,https,Shopify,No,HOSTINGER DE,78,77,92.00,Sì,No
La Bottega di Canolo,Negozio di alimentari,https://www.labottegadicanolo.it/,388 147 3933,Via Reggio,Siderno,,rosannacaruso1970@gmail.com,https,WordPress,Sì,OVH SAS,56,92,92.00,Sì,No
Salvatori S.r.l.,Negozio di insegne al neon,http://www.salvatoridesign.com/,0961 61796,"Via Bari, Localita' Profeta, 19 -Z.I",Caraffa di Catanzaro,,info@salvatori.info,https,WordPress,Sì,OVH SAS,57,87,92.00,Sì,No
Soluzioni di Lapenna Luigi,Negozio di materassi,http://www.soluzionilapennaluigi.it/,347 390 6749,"Viale Crotone, 196",Catanzaro,,info@soluzionilapennaluigi.it,https,React,No,Aruba S.p.A.,56,50,91.00,Sì,No
Arredo Marmi Di Romeo Daniela S.A.S.,Ditta specializzata in marmi,,0961 963970,"Via Nazionale, 1",Botricello,,,,,,,,,,,
Corredi Due Emme di Mazza Maurizio,Negozio di biancheria,,0961 967590,"Via Piave, 69",Botricello,,,,,,,,,,,
Casanova Multibrand Store,Negozio di articoli da cucina,,0961 963931,"Vico Nazionale, 168",Botricello,,,,,,,,,,,
Arcobaleno Di Stagliano' Francesco Catanzaro,Negozio di giocattoli,,0961 967278,"Vico Nazionale, 300",Botricello,,,,,,,,,,,
Sotto Shock Gina di Giovanni Vonella,Negozio di intimo,,0961 963837,"Via Nazionale, 416",Botricello,,,,,,,,,,,
Viscomi Agostino,Fornitore di trattori e macchine agricole,,0961 963305,"Via Nazionale, 991",Botricello,,,,,,,,,,,
Camastra Francesco,Servizio agricolo,,0961 963254,"Via Tevere, 10",Botricello,,,,,,,,,,,
Macelleria Vitello D'Oro di Greco Antonio,Macelleria,,0961 967494,"Vico Nazionale, 225",Botricello,,,,,,,,,,,
Brico Ok Botricello,Negozio di bricolage,https://www.bricook.it/punto-vendita.php?pv=brico-ok-botricello,0961 184 1122,"Via Nazionale, 25",Botricello,,botricello@bricook.it,https,React,No,Aruba S.p.A.,79,98,91.00,Sì,No
Produzione Mobili Di Condito Domenico,Negozio di mobili,https://conditomobili.it/,0961 967051,"Contrada Botro, per Andali 88070,",Botricello,,conditomobili2003@libero.it,https,WordPress,Sì,IT.Gate S.p.A.,75,92,100.00,Sì,No
In Casa Arredamenti,Negozio di mobili,http://www.incasaarredamenti.it/,0961 967110,"Via Nazionale, 561",Botricello,,info@incasaarredamenti.it,https,PrestaShop,No,Serverplan s.r.l.,34,55,100.00,Sì,No
Scalzo Arredamenti Snc,Negozio di mobili,,0968 82848,"Via XX Settembre, 3",Carlopoli,,,,,,,,,,,
Centro Mobili Di Durante Antonio E Carlo S.A.S.,Negozio di mobili,,0968 82724,Via Bellavista,Carlopoli,,,,,,,,,,,
Comune di Casali del Manco,Municipio,,0984 432000,"Via Antonio Proviero, 9",Casole Bruzio,,,,,,,,,,,
Insalata Vincenzo,Fabbricazione e vendita tende,,0983 91348,Via Gaetano Natale,Cariati,,,,,,,,,,,
Franco Le Rose Corredi,Negozio di abbigliamento,,0983 968137,"Via Bari, 27",Cariati,,,,,,,,,,,
C.f.c. Casa S.r.l.,Designer d'interni,,0984 454257,"Contrada Motta, 10",Castrolibero,,,,,,,,,,,
Eredi Lopez Giuseppe di Lopez Massimo & C. s.n.c,Torneria,http://www.officinelopez.it/,0984 461055,"Via Ciraulo, 5",Ortomatera,,,https,React,No,Aruba S.p.A. Network,56,82,92.00,Sì,No
Dorelan Cosenza,Negozio di materassi,https://www.dorelan.it/it/punti-vendita/negozio-dorelan-cosenza,0984 190 6298,"angolo con, Via Don Minzoni, Via Fellini, 20",Rende,,,https,Shopify,Sì,"Amazon.com, Inc.",47,45,100.00,Sì,No
Applefix.it-Tiltshopping,Negozio di telefoni cellulari,https://applefix.it/,0984 157 5466,"Viale della Resistenza, 3",Castrolibero,,info@applefix.it,https,WordPress,Sì,Servereasy Srl,92,98,100.00,Sì,No
Karmeflex,Negozio di materassi,,349 579 4061,Contrada Amica,Amica,,,,,,,,,,,
Lamac Design,Arredo bagno,,339 497 9712,S.da Statale 106 Jonica,Calopezzati,,,,,,,,,,,
Centro Permaflex Cariati,Negozio di materassi,https://www.centropermaflexcalabria.it/,0983 91085,"S.da Statale 106 Jonica, 16",Cariati,,,https,WordPress,No,OVH ISP,77,98,92.00,Sì,No
Materassificio Woolflex,Negozio di materassi,,393 147 0200,"Viale del Lavoro, 101",Castrovillari,,,,,,,,,,,
Nuova Realtà Linea Sanitaria,Negozio di materassi,https://www.aemmematerassi.it/,346 755 3303,"Via Coscile, 55",Castrovillari,,sedenuovarealta@gmail.com,https,WordPress,No,Server Plan S.r.l.,72,95,54.00,Sì,No
DIESSECI ARREDAMENTI,Negozio di mobili,,350 072 4959,"Viale del Lavoro, 96",Castrovillari,,,,,,,,,,,
GIOVANNI FALCONE ARREDAMENTI,Negozio di mobili,,0984 306484,"Via Enrico Berlinguer, 5",Celico,,,,,,,,,,,
GRUPPO FAM MOBILI CASTROVILLARI,Produttore di mobili,http://www.mobilifam.com/,0981 483095,"Viale del Lavoro, 39",Castrovillari,,centrocamerette@mobilifam.com,https,WordPress,Sì,Aruba S.p.A.,43,52,54.00,Sì,No
Briorex Ingrosso e Dettaglio Profumeria Di Briuolo & C.,Profumeria,https://briorex.com/,0984 454519,"Via Papa Giovanni XXIII, 10",Andreotta,,briorexprofumeria@gmail.com,https,Shopify,No,"Cloudflare, Inc.",56,77,100.00,Sì,No
Arredamenti Duepi,Negozio di mobili,https://www.arredamentiduepi.it/?utm_medium=profile&utm_source=google-my-business&utm_campaign=website,0984 851023,"Via Fausto Gullo, 10",Andreotta,,info@arredamentiduepi.it,https,WordPress,Sì,Keliweb S.R.L,66,56,92.00,Sì,No
Lavorata Porte e Finestre,Fornitore di porte,http://www.lavorata.it/,0964 83195,"Via Pitagora, 45",Caulonia,,,https,React,No,SEEWEB s.r.l.,61,76,91.00,Sì,No
Panza China Prodotti Tipici Calabresi,Alimentari,,327 048 0800,"Via Paolo Orsi, 1/A",Caulonia Marina,,,,,,,,,,,
Centro Materassi Il Quadrifoglio di Grupico,Negozio di materassi,,0964 190 1271,"Via Carlo Maria, 66",Marina di Gioiosa Ionica,,,,,,,,,,,
Malomo Graziano,Negozio,,0981 781175,"Via Giovanni Amendola, 186",Cassano All’Ionio,,,,,,,,,,,
Gaetano Alfano Arredamenti,Negozio di mobili,http://www.gaetanoalfanoarredamenti.it/,0981 71539,"Via IV Novembre, 121",Cassano all'Ionio,,,https,React,Sì,Server Plan S.r.l.,67,95,85.00,Sì,No
Equinox Di Gatto Rosa,Negozio di abbigliamento,,0981 781089,"Via Giovanni Amendola, 64",Cassano All’Ionio,,,,,,,,,,,
PERMAFLEX ROSSANO,Negozio di materassi,,0983 500125,"Via Conca d'Oro, 2M/A.U",Rossano Stazione,,,,,,,,,,,
Esse Mobili di Siciliano Leonardo,Negozio di mobili,http://www.essemobili.com/,392 411 1748,"S.da Statale 106 Jonica, snc",Aguglia,,filler@godaddy.com,https,React,No,"Amazon.com, Inc.",62,43,92.00,Sì,No
Carmeflex,Negozio di materassi,,328 391 2338,Contrada Amarelli,Rossano,,,,,,,,,,,
Mondo Materasso,Negozio di materassi,http://www.ilmobilierearredocasa.it/,328 329 6929,"Via Provinciale, 75/77",Corigliano Scalo,,info@ilmobilierearredocasa.it,https,Shopify,Sì,Aruba S.p.A,50,43,92.00,Sì,No
Dorelan Rossano,Negozio di materassi,https://www.dorelan.it/pages/dorelan-rossano,0983 536850,Via Galileo Ferraris,Rossano Stazione,,,https,Shopify,Sì,"Amazon.com, Inc.",33,42,100.00,Sì,No
Plast Calabra Dei F.Lli Cozzolino S.R.L.,Azienda di confezionamento,,0983 851079,"Contrada Zona Industriale, Corigliano Calabro, CS 87064",Corigliano-Rossano,,,,,,,,,,,
Colazzo Salvatore,Negozio di materassi,,0983 878565,"Viale Riccione, 13",Marina Schiavonea,,,,,,,,,,,
Il Blu Biancheria Di Lina Santoro,Negozio di biancheria,https://www.ilblubiancheria.it/,0983 511864,"Viale Luca de Rosis, 44",Rossano Stazione,,servizioclienti@ilblubiancheria.it,https,Angular,No,OVH ISP,38,49,83.00,Sì,No
Gecostore - Igiene e Sicurezza,Fornitore di prodotti per la pulizia,http://www.gecostore.it/,0983 500268,"Via Antonio Madeo, 15",Rossano,,info@gecostore.it,https,React,No,Contabo GmbH,68,91,92.00,Sì,No
Guerriero Emotion,Fornitore di materiali da costruzione,http://www.guerrieroemotion.it/,0983 510282,"Via Giovanni Gentile, 172",Corigliano-Rossano,,,https,WordPress,Sì,Aruba S.p.A. Network,39,79,92.00,Sì,No
Foderaro Vittoria,Officina autoriparazioni,,0968 76263,"Via Città di Erba, 22",Cortale,,,,,,,,,,,
Graziano S.A.S. DecorazioniperDolci.it,Negozio di articoli per feste,http://decorazioniperdolci.it/,0983 530373,Contrada Pennino,Corigliano-Rossano,,,,PrestaShop,No,Servereasy Srl,0,0,0.00,Sì,No
Italreti Pro - Produzione Reti Metalliche,Negozio di materiali per recinzioni,https://www.italreti.com/,0961 367110,"Viale Lucrezia della Valle, 84",Catanzaro,,info@miarecinzioni.com,https,React,Sì,Google LLC,49,80,92.00,Sì,No
Ludo Plast Di De Macceis Daniele & C. Sas,Produzione e lavorazione materie plastiche,,0982 971594,"SS 18 Tirrena Inferiore, 10",Cetraro Marina,,,,,,,,,,,
Perri Silvio Tp Mobili,Negozio di mobili,,0982 971546,"Via Carlo Pancaro, 10",Cetraro,,,,,,,,,,,
Spaccarotella Eneide,Fornitore di finestre,,0982 972546,"Contrada Motta, Cetraro, CS 87022",Cetraro,,,,,,,,,,,
Terranova SRLS,Ferramenta,,0982 91455,"Via degli oleandri, 14",Cetraro Marina,,,,,,,,,,,
Fontana Srl,Ditta specializzata in marmi,,0982 98143,9 ctr,Acqua degli Angeli,,,,,,,,,,,
Gioielleria FG GRILLO 1918,Gioielleria,,0982 91511,"Via Amalfi, 35",Cetraro,,,,,,,,,,,
Menniti & Mercuri srl,Produttore di mobili,http://www.mennitimercuri.com/,339 225 1448,Zona Industriale Località Difesa.8,Caraffa di Catanzaro,,,https,Shopify,Sì,Hostinger International Limited,56,64,92.00,Sì,No
Axil Cucina,Produttore di mobili,,379 246 6681,Zona Ind.le Papa Benedetto XVI comparto 2,Lamezia Terme,,,,,,,,,,,
DELIZIE DI CALABRIA Srl,Fornitore di prodotti alimentari,http://www.deliziedicalabria.it/,0961 63507,"Via dei Conti Ruffo, 15/B",Catanzaro,,,https,WordPress,Sì,Netsons s.r.l.,39,75,85.00,Sì,No
Prodotti Calabresi,Fornitore di prodotti alimentari,https://www.prodotti-calabresi.it/,335 175 7531,"Corso Umberto I, 93",Montauro,,,https,WordPress,No,Aruba S.p.A. Network,72,95,92.00,Sì,No
Lanificio Leo,Fabbrica di tessile,http://www.lanificioleo.it/,0968 662027,"Via Cava, 43",Soveria Mannelli,,,https,React,Sì,"Cloudflare, Inc.",22,92,100.00,Sì,No
Ruopi,Azienda di imbottigliamento dell'olio di oliva,http://ruopi.it/,334 703 4377,Via Basserughe,Cortale,,,https,React,No,HOSTINGER DE,74,94,92.00,Sì,No
Tuttocalabria S.r.l.,Produttore di alimenti,http://www.tuttocalabria.com/,0961 996685,"Contrada Mandarano, 1",Marcellinara,,customer.tuttocalabria@gmail.com,https,Contiki CMS,Sì,Google LLC,55,81,100.00,Sì,No
Interni D'Autore di Nasso Maria arredamento,Negozio di mobili,http://www.nassogioielli.it/,0966 654078,"Via Girolamo Scionti, 39",Cittanova,,,https,React,Sì,Aruba S.p.A. Network,46,41,92.00,Sì,No
COSMARREDI SNC,Negozio di mobili,,0966 653233,"Via Nazionale, 182",Cittanova,,,,,,,,,,,
Cesare Costanzo Pneumatici,Negozio di pneumatici,,339 363 9510,"Frazione Volponi, 3",Colosimi,,,,,,,,,,,
Ellesse Edilizia di Loprevite Srl,Fornitore di materiali da costruzione,https://www.ellesseedilizia.it/,0966 640238,ctr. Vutamo,Cittanova,,ellesse_edilizia@tiscali.it,https,React,Sì,OVH SAS,50,59,85.00,Sì,No
FONTANA SRL GRUPPO MADE,Fornitore di materiali da costruzione,https://fontanaweb.it/,0982 999542,Via S. Giacomo,Cetraro,,commerciale@fontanaweb.it,https,Shopify,Sì,Aruba S.p.A,57,74,92.00,Sì,No
Caligiuri Menotti,Macelleria,,0984 963041,"Via Roma, 130",Colosimi,,,,,,,,,,,
ACCASA Arredo e Oggettistica,Negozio,https://www.accasashop.it/,329 131 7417,"Via Indipendenza, 15",Cetraro Marina,,info@accasashop.it,https,React,No,Aruba S.p.A.,35,65,92.00,Sì,No
Salumificio Menotti S.r.l.,Macelleria-gastronomia,https://www.salumificiomenotti.eu/,0984 963892,"Via Roma, 2/18",Colosimi,,,https,WordPress,Sì,Aruba S.p.A. Network,64,82,92.00,Sì,No
Gesas Sas di Colaciuri Giuseppe & C.,Agenzia di assicurazioni,,0966 943052,"Viale delle Rimembranze, 8",Cinquefrondi,,,,,,,,,,,
Moda Rosangela Di Rosangela Pascuzzi,Negozio di abbigliamento,,0984 963127,"Via Roma, 29",Colosimi,,,,,,,,,,,
Fabbrica Tende Da Sole Di Notaro Caterina,Fabbricazione e vendita tende,,338 125 2974,Via Massa Carrara,Cirò Marina,,,,,,,,,,,
Domino S.r.l.,Azienda informatica,http://www.dominosoluzioni.it/,0984 963073,"Via Salita Chiesa, 3",Colosimi,,info@dominosoluzioni.it,http,React,No,Passepartout s.a.,60,32,82.00,Sì,No
Dkasa,Casalinghi,https://www.dkasa.it/,0966 943231,"Viale Sandro Pertini, 187",Cinquefrondi,,info@dkasa.it,https,Shopify,Sì,Server Plan S.r.l.,55,70,85.00,Sì,No
MAGNETIC,Negozio di elettronica,http://www.magnetic.computer/,0966 935192,"Viale Sandro Pertini, 1",Cinquefrondi,,,https,Shopify,No,"Cloudflare, Inc.",65,68,92.00,Sì,No
B.F.C. Materassi,Negozio di materassi,,339 488 1475,"Via Fucini, 40",Cirò Marina,,,,,,,,,,,
Centro Permaflex Catanzaro Lido,Negozio di materassi,https://www.centropermaflexcalabria.it/,0961 32888,"Viale Crotone, 37",Catanzaro,,,https,Angular,No,OVH ISP,64,98,92.00,Sì,No
Cuiuki Mobili Ed Elettrodomestici Di Cuiuli Danilo,Negozio di mobili,,0966 941024,"Via Milazzo, 23",Cinquefrondi,,,,,,,,,,,
Centro Materassi - Donato - Dorsal,Negozio di materassi,,327 683 8401,"SP17, 22",Mesiano,,,,,,,,,,,
AD ARREDAMENTI,Mobiliere,https://www.arredidesignad.it/,347 800 3755,"Via Roma, 150",Cirò Marina,,adsrlkr@gmail.com,https,React,No,Aruba S.p.A.,56,80,82.00,Sì,No
Bricoerre Srl,Ferramenta,,0962 373304,"Via Palmiro Togliatti, 48",Cirò Marina,,,,,,,,,,,
Bloomsbury Home Interiors,Negozio di mobili,http://bloomshop.it/,0962 36521,"Via Roma, 170",Cirò Marina,,,https,Shopify,No,"Cloudflare, Inc.",80,98,92.00,Sì,No
Dormi Sano Cosenza,Negozio di materassi,https://www.dormisano.eu/,0984 152 4877,"Piazza Loreto, 30",Cosenza,,,https,WordPress,No,Aruba S.p.A.,65,85,100.00,Sì,No
Il Corredo Del Corso Srl,Negozio di biancheria,,0962 22752,"Corso Messina, 82",Crotone,,,,,,,,,,,
Alecce S.r.l.,Negozio di articoli per bambini,,0962 376950,"Via Torino, 89",Crotone,,,,,,,,,,,
Senza filo shop,Fabbrica di tessile,,349 792 7074,Via Firenze,Crotone,,,,,,,,,,,
Di Paola Maria Lucia,Negozio di materassi,,0962 901740,"Via XXV Aprile, 189",Crotone,,,,,,,,,,,
Dormire Sano,Negozio di materassi,http://www.dormisano.eu/,0984 77770,"Via XXIV Maggio, 16",Cosenza,,,https,WordPress,No,Aruba S.p.A.,61,89,100.00,Sì,No
Chridesal,Negozio di materassi,,331 139 1250,"Via Cutro, 13",Crotone,,,,,,,,,,,
N.O.V.Gel. S.N.C. Di Aceto Salvatore & C.,Produttore di alimenti,,0962 962228,"Contrada S. Giorgio, Crotone, KR 88900",Crotone,,,,,,,,,,,
Industria Casearia S.r.l. di Cimino & Ioppoli,Caseificio,,0962 930084,via G. Donegani,Crotone,,,,,,,,,,,
Vigorflex materassi,Negozio di materassi,http://vigorflex.it/,0962 865347,"Via Enrico Mattei, 8",Torre Melissa,,info@vigorflex.it,https,Laravel,Sì,Contabo GmbH,47,55,92.00,Sì,No
3S PORTE,Negozio di porte,https://www.3sporte.it/,331 129 8039,"Via Rocco Chinnici, 96",Cirò Marina,,tresseporte@gmail.com,https,WordPress,No,Hetzner Online GmbH,50,82,85.00,Sì,No
Ferramenta Tricoli,Ferramenta,,0962 903384,"L.go Sant'Antonio, 1",Crotone,,,,,,,,,,,
BUSCEMA FRANCESCO EREDI,Produzione e vendita di scorte alimentari,http://www.buscema.com/,0962 930095,"197 Localita' Passovecchio, Crotone, KR 88900",Crotone,,info@buscema.com,https,WordPress,Sì,Aruba S.p.A. Network,67,85,54.00,Sì,No
S.A.F. di Aiello Giovanni,Fornitore di finestre,,338 812 3034,"Via Gaetano Scirea, 5",Falerna,,,,,,,,,,,
N.A.R.F. S.a.s,Servizio di affilatura,,0968 93272,Contrada Marevitano,Falerna Marina,,,,,,,,,,,
Centro Permaflex - Crotone,Negozio di materassi,http://www.centropermaflexcalabria.it/,0962 197 1472,"località, Rotonda Loc Passovecchio",Crotone,,,https,WordPress,No,OVH ISP,72,95,92.00,Sì,No
Facino Srl - Prodotti Gastronomici - Crotone,Conservificio,http://www.facino.it/,0962 931698,Via Enzo Ferrari,Crotone,,amministrazione@facino.it,https,WordPress,Sì,Amazon Technologies Inc.,75,96,77.00,Sì,No
Pulvirenti Home Living,Negozio di materassi,https://pulvirentihome.it/,0962 030588,"Via Giovanni Paolo II, 42",Crotone,,info@pulvirentihome.it,http,WordPress,No,UK Dedicated Servers Limited,38,60,92.00,Sì,No
Industria Molitoria di Ioppoli & C.,Mulino per macinare il grano,,0962 930238,"Via A. Avogadro, 10",Crotone,,,,,,,,,,,
Magniflex Store di Crotone,Negozio di materassi,https://www.magniflex.com/italy/,0962 911509,"Via Nicoletta Mario, 281",Crotone,,,https,Shopify,No,Aruba S.p.A.,49,0,92.00,Sì,No
Bassetti e Zucchi Erre Due Corredo,Negozio di materassi,,320 835 0333,"Discesa Marina, 6",Crotone,,,,,,,,,,,
Liquorificio Lacinio - Amaro Milone & Milone Nero,Produzione distillati e liquori,http://www.amaromilone.it/,0962 937186,"Via Giuseppe Mercalli, 16",Crotone,,info@amaromilone.it,http,WordPress,Sì,Keliweb S.R.L,48,63,100.00,Sì,No
Vittoria Carpenterie Metalliche di Giglio Antonino S.r.l.,Fornitore di finestre,https://vittoriainfissi.com/,347 833 2863,SP112,Fagnano Castello,,vittoriacarpenteria1985@gmail.com,https,WordPress,No,"Automattic, Inc",75,96,100.00,Sì,No
Leggiamoci Su,Libreria,,342 881 8418,"Via Don Giovanni Bosco, 56",Fagnano Castello,,,,,,,,,,,
Cucidea srls,Negozio di articoli da cucito,,0984 526305,"Via Mafalda di Savoia, 135/139",Fagnano Castello,,,,,,,,,,,
F.Lli Frustace Snc Industria Cartaria Calabrese,Cartiera,,0962 781057,"Localita' Fondo Nardiello, Cutro, KR 88842",Cutro,,,,,,,,,,,
Sorgente Del Mobile Migale,Negozio di mobili,,0962 030303,"Villaggio Unrra Casa, 37",Cutro,,,,,,,,,,,
Lorenzano Elettrodomestici e Casalinghi,Negozio di elettrodomestici,,0962 774305,"Via Marco Polo, 39",Cutro,,,,,,,,,,,
Azienda Agroturistica Fazzolari Leopoldo,Azienda agricola biologica,,392 462 3922,"Loc. Buffo Santo Janni, 88842",Cutro,,,,,,,,,,,
Confort Line Fabbrica Salotti,Designer d'interni,,338 995 6658,S.da Statale 106 Jonica,Cropani Marina,,,,,,,,,,,
ennepieffe,Negozio di materassi,http://www.ennepieffe.it/,0961 968281,Via Assisi,Sellia Marina,,info@ennepieffe.it,https,React,Sì,Aruba S.p.A. Network,37,51,92.00,Sì,No
L'ANGOLO DELLA CASA,Casalinghi,,331 248 5169,Via Stephenson,Cutro,,,,,,,,,,,
Frame System di Valentino Diletto,Fornitore di finestre,http://www.frame-system.it/,0962 775324,"Via Kennedy, 12",Cutro,,,https,Joomla,Sì,Aruba S.p.A.,57,79,92.00,Sì,No
Unioncal S.R.L.,Fornitore di materiali da costruzione,,0962 781120,Via Silana,Cutro,,,,,,,,,,,
Sharon Cuscini Di Luccisano Antonietta,Negozio di materassi,,0963 282247,"Via Nicola Lombardi, 60",Mileto,,,,,,,,,,,
Bricofer Davoli,Negozio di bricolage,https://www.bricofer.it/storesearch/davoli-marina/,0967 632503,Via Francesco Froiio,Marina di Davoli,,faidate.davoli@bricofer.it,https,Magento,Sì,Server Plan S.r.l.,55,91,92.00,Sì,No
Filice Giovanni Srl,Produzione e commercio surgelati,,0984 980866,"Contrada Felicetta, Figline Vegliaturo, CS 87050",Figline Vegliaturo,,,,,,,,,,,
Fmc Fabbriche Musicali Calabresi Lucà Giuseppe A.,Negozio di strumenti musicali,http://www.fabbrichemusicalicalabresi.it/,328 898 0618,"Via Grotteria Mare, sn",Grotteria,,,https,WordPress,No,SEEWEB s.r.l.,70,90,92.00,Sì,No
Spazio Arreda,Negozio di mobili,http://www.spazioarreda.it/,0968 35352,"Via Madonna di Fatima, 20",Feroleto Antico,,amministrazione@spazioarreda.it,https,Joomla,Sì,Netsons Network,79,97,100.00,Sì,No
Cria Pl S.R.L,Fornitore di trattori e macchine agricole,https://criapl.webnode.it/,0984 969927,Piano Lago z. i. 87050,Figline Vegliaturo,,info@criapl.it,https,React,No,Amazon Technologies Inc.,63,93,100.00,Sì,No
poltronesofà Gioia Tauro,Negozio di divani,,0966 57072,"via Nazionale, 111 c/o Centro Commerciale Annunziata",Gioia Tauro,,,,,,,,,,,
Casa Del Materasso,Negozio di materassi,https://casadelmaterassogenova.it/,010 601 1849,"Via Gazzo, 20/22R",Genova,,casadelmaterassogenova@tin.it,https,React,Sì,Netsons s.r.l.,64,90,92.00,Sì,No
Bassetti Genova Fiumara,Negozio di biancheria,http://www.bassettigenovafiumara.it/,010 415073,"Via alla Fiumara, 15",Genova,,,https,WordPress,Sì,Aruba S.p.A. Network,83,99,100.00,Sì,No
La Valle di Mino Muià Srl - Commercio ingrosso e dettaglio,Macelleria,http://vallediminomuiacarni.myadj.it/,0964 410812,Contrada Dragoni Inferiore,Grotteria,,,https,React,No,"Cloudflare, Inc.",77,97,92.00,Sì,No
Signorelli Marmi Srl,Ditta specializzata in marmi,http://www.marmisignorelli.com/,0968 748472,Via Nazionale,Girifalco,,info@marmisignorelli.com,http,ASP.NET,No,Aruba S.p.A. Network,44,73,100.00,Sì,No
MGR Preziose Creazioni,Orafo,https://mgrpreziosecreazioni.it/,0968 741035,"Via Antonio Migliaccio, 182",Girifalco,,,https,WordPress,No,Keliweb S.R.L,84,99,83.00,Sì,No
PASTICCERIA MILLEFOGLIE,Pasticceria,,0968 748823,"Via Antonio Migliaccio, 108",Girifalco,,,,,,,,,,,
GISA srl,Negozio di arredamento per bar e ristoranti,,0968 442319,"Via del Progresso, 252",Lamezia Terme,,,,,,,,,,,
Marinaro S.r.l. Soluzioni per la Casa e l'edilizia,Fornitore di materiali da costruzione,http://www.marinarohome.it/,0968 748492,"Via Nazionale, 172",Girifalco,,info@marinarohome.it,https,WordPress,Sì,Netsons s.r.l.,56,75,85.00,Sì,No
Quality Frozen Food S.R.L.,Alimentari,,0968 340128,"Viale Stazione, 32",Gizzeria Lido,,,,,,,,,,,
GiDi - Abbigliamento Professionale,Negozio di abiti da lavoro,,0968 24561,"Via Calabria, 58",Lamezia Terme,,,,,,,,,,,
Arredi E Infissi Pellegrino Giuseppe - Serramenti e Infissi - Tende e Tendaggi,Fornitore di finestre,,380 284 6421,"via delle Palme, 29",Mortilla,,,,,,,,,,,
Arredonotte centro materassi,Negozio di materassi,,0968 442962,"Via Aldo Moro, 29",Lamezia Terme,,,,,,,,,,,
For me,Negozio di articoli da regalo,,379 202 4933,"Via Antonio Migliaccio, 156",Girifalco,,,,,,,,,,,
Bernardi Gelateria Artigianale,Gelateria,,351 447 0666,"Via Cristoforo Colombo, 24",Gizzeria Lido,,,,,,,,,,,
Grimaldi S.R.L.,Negozio di intimo,,081 264663,"C.so Umberto I, 290",Napoli,,,,,,,,,,,
Arredamenti Pellegrino srl,Negozio di mobili,https://www.arredamentipellegrino.it/,333 243 0111,Via IV Novembre (3a traversa,Filadelfia,,info@arredamentipellegrino.it,https,Shopify,Sì,Aruba S.p.A.,49,67,100.00,Sì,No
Un Dolce Sogno - Pasticceria - Cornetteria e Gelateria Artigianale,Pasticceria,,328 034 4893,Via Maggiore Alfonso Vaccari,Fuscaldo,,,,,,,,,,,
Punto Tenda - Tende da sole per interni | esterni - Vendita Quadri d'autore,Fabbricazione e vendita tende,,0982 641972,SS 18 Tirrena Inferiore,Fuscaldo,,,,,,,,,,,
Dibi Home,Negozio di mobili,,0984 445335,"Via S. Ianni, 1/A",Dipignano,,,,,,,,,,,
Santoro Francesco,Negozio di bricolage,,0982 686453,"1 Contrada Centacque, Fuscaldo, CS 87024",Fuscaldo,,,,,,,,,,,
PUNTO JOLLY MARIO SCANSIR,Negozio di abbigliamento,https://www.rcvideo.it/punto-jolly-mario-scansir-svuota-tutto/,391 729 5661,Via Variante SS18 II Traversa,Grisolia,,,,Angular,Non trovato,Aruba S.p.A.,74,97,83.00,No - Pagina Non Trovata (404),No
Gorifer Srl,Ferramenta,http://www.gorifer.it/,0985 801881,"Via Palazza, 10",Grisolia,,,https,ASP.NET,No,Aruba S.p.A.,48,85,92.00,Sì,No
Cav. Uff. Pietro Grimaldi Srl,Negozio di prodotti alimentari italiani,http://www.cavuffpietrogrimaldi.it/,081 516 5024,"V. Giuseppe Mazzini, 288",Sant'Egidio del Monte Albino,,info@cavuffpietrogrimaldi.it,https,WordPress,Sì,Aruba S.p.A.,62,84,92.00,Sì,No
CS Srl,Fiorista all'ingrosso,http://www.ciessegroup.it/,0963 502073,"Via Marco Candiotto, 3",Francica,,,https,Joomla,No,Aruba S.p.A,71,84,100.00,Sì,No
Grimaldi ricambi,Negozio di elettrodomestici,https://www.grimaldiricambi.it/,081 976 1475,"V.le delle Industrie, 325",Frattamaggiore,,info@grimaldiricambi.it,https,Shopify,Sì,Server Plan S.r.l.,47,50,92.00,Sì,No
Benvenuto Mobili,Produttore di mobili,https://www.benvenutomobili.it/,0985 763807,"Largo Stazione, 3",Scalo Ferroviario,,,https,Joomla,No,Host SpA,63,93,100.00,Sì,No
Faltec Srl,Consulente per impianti di produzione di energia,,0981 396855,"Via Roma, 46",Frascineto,,,,,,,,,,,
Prodotti tipici calabresi - La bella Italia Frascineto,Negozio di prodotti alimentari italiani,,328 009 4883,"Uscita autostradale, Via Frascineto",Castrovillari,,,,,,,,,,,
Di Domenico Fabbrica d'arredo&riposo,Negozio di materassi,,0863 30268,"Via Uruguay, 7",Avezzano,,,,,,,,,,,
Domanico Arredamenti e Complementi d'arredo in provincia di Cosenza,Negozio di mobili,,393 990 5614,Contrada Mazzolino presso svincolo A2 di Tarsia Nord – direzioneTaranto,Tarsia,,,,,,,,,,,
Tata Car Srl,Meccanico e assistenza automobili,,338 454 5463,Località Campo Sportivo,Francica,,,,,,,,,,,
Stuzzicherie di Calabria - Confetteria d'Autore,Negozio di prodotti alimentari per gourmet,http://www.stuzzicheriedicalabria.com/il-negozio/,329 108 7448,"Via Strada Statale 18, n°25",Guardia Piemontese,,,http,WordPress,Sì,Aruba S.p.A.,65,91,100.00,Sì,No
Fraietta Arredo | Arredamenti e attrezzature per negozi - bar - ristoranti,Produttore di arredi per negozi e supermercati,http://www.fraiettarredo.it/,0967 86758,"Via Fausto Gullo, 9",Guardavalle Marina,,,https,ASP.NET,No,Aruba S.p.A. Network,92,97,91.00,Sì,No
MALÌA LAB,Atelier,https://malialab.com/,389 102 0890,"Via Provinciale, 157",Guardavalle Marina,,malia.naturalcouture@gmail.com,https,Shopify,Sì,"Cloudflare, Inc.",72,91,100.00,Sì,No
My House,Casalinghi,,0963 545282,SS 18 Tirrena Inferiore nazionale,Jonadi,,,,,,,,,,,
BigMat F.lli Crusco,Negozio di materiali da costruzione,https://fratellicrusco.bigmat.it/,0985 801231,"Via Litoranea Tirrenica, 32",Grisolia,,crusco@bigmat.it,,React,Sì,Vodafone,56,64,92.00,Sì,No
Arch. Bruno Mongiardo,Architetto,,349 132 9353,Via San Nicola,Isca sullo Ionio,,,,,,,,,,,
Alcaro Srl,Negozio di mobili,https://www.alcarosrl.it/,0967 546059,"Via Zona Industriale, Isca Sullo Ionio, CZ 88060",Lampi,,info@alcarosrl.it,https,WordPress,No,WHG Hosting Services Ltd,62,93,67.00,Sì,No
CASA Lamezia Terme,Negozio di articoli da regalo,,0968 754036,"c/o Green Shopping Center Loc Licca Garrube, SNC",Feroleto Antico,,,,,,,,,,,
poltronesofà Lamezia,Negozio di divani,,0968 358316,"green shopping center, SP169/2",Feroleto Antico,,,,,,,,,,,
Tessuti Corredo Intimo Dito Francesco,Negozio di intimo,,0966 963108,"Via Antonio, Via A. Frisina, 39",Delianuova,,,,,,,,,,,
"Deminflex - Materassi, Reti e Biancheria",Negozio di materassi,,06 7263 2412,"Via Gasperina, 177",Roma,,,,,,,,,,,
Gaglioti S.R.L.,Arredo bagno,https://www.gaglioticeramiche.it/,0966 410324,"Via Provinciale, snc",Barritteri,,info@gaglioticeramiche.it,https,Joomla,No,Aruba S.p.A.,,,,Sì,No
Ferramenta La Face,Ferramenta,,0962 793325,Via Pietro Nenni,Isola di Capo Rizzuto,,,,,,,,,,,
Isoladicaporizzuto,Negozio di articoli da regalo,,328 654 3131,Via Parma,Isola di Capo Rizzuto,,,,,,,,,,,
Tenute Loria,Servizio agricolo,https://www.tenuteloria.com/,0966 966063,"Via Roma, 97",Delianuova,,info@tenuteloria.com,https,Shopify,Sì,Aruba S.p.A.,,,,Sì,No
Pascuzzi Oreste,Fornitore di materiali da costruzione,,0962 794175,"Via Le Castella, 33",Isola di Capo Rizzuto,,,,,,,,,,,
Showroom Gerace,Arredo bagno,http://www.geraceferramenta.it/,0966 643916,"Via XXIV Maggio, 22",Taurianova,,info@geraceferramenta.it,https,React,Sì,Aruba S.p.A. Network,,,,Sì,No
Cirillo Carmelo,Fornitore di materiali da costruzione,,0966 903754,"Via Diga, 9",Galatro,,,,,,,,,,,
Caseificio Costa,Caseificio,,0966 477559,"Via Antonio Gramsci, 580",Melicucco,,,,,,,,,,,
Shop da Sogno,Negozio di biancheria,,329 087 5266,"Via Ilice, 3",Isola di Capo Rizzuto,,,,,,,,,,,
"Greco Mobili - Isola Capo Rizzuto - Crotone - Arredamenti Mobili - Cucine, Salotti, Materassi",Negozio di mobili,http://grecomobili.com/,0962 791109,"Strada Statale 106 Jonica, Località Ventarola",Isola di Capo Rizzuto,,info@grecomobili.com,https,WordPress,No,Aruba S.p.A.,,,,Sì,No
Azienda Agricola Longo,Azienda agricola biologica,,347 624 1523,"Corso Regina Margherita, 45",Molochio,,,,,,,,,,,
Camera e Colazione - dormire in Calabria,Bed & Breakfast,,377 313 7731,Contrada Santa Croce,Martirano Lombardo,,,,,,,,,,,
Il Regno del Gelato - Il famoso gelato di Jacurso,Gelateria,http://www.ilregnodelgelato.it/,349 730 8305,"Via Nazionale, 81",Jacurso,,info@ilregnodelgelato.it,https,WordPress,Sì,OVH SAS,,,,Sì,No
Voglia Di Dormire S.R.L.,Negozio di materassi,,0761 513388,"Via Corchiano, 40",Civita Castellana,,,,,,,,,,,
Abbigliamento Gianni Foti,Negozio di abbigliamento,https://www.giannifoti.it/,0965 789911,"Via Salvo d'Acquisto, 17",Melito di Porto Salvo,,assistenza@giannifoti.it,https,Shopify,No,"Cloudflare, Inc.",,,,Sì,No
Materassi Catania Munzone,Negozio di materassi,https://www.munzone.it/,095 445023,"Corso delle Province, 140",Catania,,materassimunzone@gmail.com,https,Joomla,No,Armada WAN,,,,Sì,No
Materassi Roma Centro Ciscidda,Negozio di materassi,http://www.materassiromacentro.it/,06 686 4357,"Via dei Falegnami, 16",Roma,,fioramau@tin.it,https,WordPress,Sì,Aruba S.p.A.,,,,Sì,No
Giuseppe Saporito Mobili,Negozio di mobili,,0962 48463,"Via Nazionale, 27",Mesoraca,,,,,,,,,,,
Miglior Materasso Srl,Negozio di materassi,https://www.migliormaterasso.it/,06 628 2336,"Via Sisto IV, 4",Roma,,,https,Shopify,No,ServerPlan,,,,Sì,No
Comoflex Materassi,Negozio di materassi,http://www.comoflexmaterassi.it/,0761 660026,"Viale dell'Artigianato, 3",Capranica,,,http,React,No,Aruba S.p.A.,,,,Sì,No
CELLULAR CENTER di Curcio Patrizia,Negozio di elettronica,,0962 48711,"Vico Giuseppe Garibaldi, 18bis",Mesoraca,,,,,,,,,,,
la casa del colore Rizzuti Romano,Ferramenta,http://www.ferramentarizzuti.it/,0962 48582,"Via S. Paolo, 72",Mesoraca,,,http,ASP.NET,No,Aruba S.p.A. Network,,,,Sì,No
FRANTOIO OLEARIO MANFREDA,Oleificio,,388 792 7656,Contrada San Soste,Mesoraca,,,,,,,,,,,
Marrazzo Store,Arredo bagno,https://marrazzostore.it/?utm_source=GoogleMyBusiness&utm_medium=Scheda-Sito,0962 45731,"Via Picula, Snc",Mesoraca,,,https,Shopify,Sì,Google LLC,,,,Sì,No
Carpisa,Negozio di valigie,http://www.carpisa.it/,0965 783549,"Via Nazionale, 88",Melito di Porto Salvo,,vtex.render-server@8.166.1-hkignore.europe,https,React,Sì,Sconosciuto,,,,Sì,No
NINFEA ITALIA SALOTTI,Negozio di divani,https://www.alessandropassafaro.it/,393 972 0463,COMUNI CONDOMINI DENTRO IL CENTRO COMMERCIALE DUE MARI,Maida,,scrivialwebmaster@gmail.com,https,WordPress,No,Aruba S.p.A.,,,,Sì,No
Marano S.r.l.,Supermercato per l'industria,,0984 404142,"Via R. Amundsen, C.da Lecco, 47",Rende,,,,,,,,,,,
Marrapodi srl,Fornitore di attrezzature per l'edilizia,http://marrapodisrl.com/,0964 911744,"Contrada Sant'Antonio, 18",Bianco,,marrapodi.srl@legalmail.it,https,Angular,No,Server Plan S.r.l.,,,,Sì,No
TECNO GRONDE di Cupi Antonino,Lavorazione metalli,,389 968 9768,"Via Pietro Mascagni, 3",Mileto,,,,,,,,,,,
Elettrosintesi - Bit & Phone di Chilelli Saverio,Negozio di elettrodomestici,,0984 856710,"Via Annunziata, 15",Marano Principato,,,,,,,,,,,
Palazzo del Mobile Limardo,Negozio di mobili,,0963 338121,"Via Aldo Moro, 47",Mileto,,,,,,,,,,,
Azienda Sanitaria Provinciale Di Vibo Val. Poliambulatorio,Servizi medici locali,,0963 339541,"Via Aldo Moro, 1",Mileto,,,,,,,,,,,
Sirio Srl,Mattatoio,,0963 336103,"Contrada S. Elia, Mileto, VV 89852",Mileto,,,,,,,,,,,
Pasticceria Golose Tentazioni Di Raffaele Alessandro,Pasticceria,,0963 336087,"Via Conte Ruggero, 108",Mileto,,,,,,,,,,,
Cantieri Italia S.r.l.,Impresa edile,http://www.demo188014.spazioweb.it/,0963 337274,"Località Donna Masa, snc",Mileto,,,http,ASP.NET,Sì,Aruba S.p.A.,,,,Sì,No
L'infinito,Casalinghi,,388 163 2696,Via boschi,Marano Principato,,,,,,,,,,,
Luccisano Sas Di Luccisano F.e C.,Carrozzeria,,0963 338250,Via Nazionale,Mileto,,,,,,,,,,,
Lux Dei Articoli Religiosi,Negozio di articoli religiosi,http://www.lux-dei.it/,391 319 0174,"Corso Umberto I, 190",Mileto,,info@lux-dei.it,https,Shopify,No,"Cloudflare, Inc.",,,,Sì,No
GIEMME SRLS di Gara Mario,Commerciante di ferramenta,,328 655 2771,"Via Nazionale, 115",Monasterace,,,,,,,,,,,
Sogni Tranquilli,Negozio di materassi,,0966 930990,"Via Antonio Gramsci, 6",Melicucco,,,,,,,,,,,
La Francesina Di Belluzzi Umberto,Negozio di biancheria,,0964 732465,Strada Provinciale 9,Monasterace Marina,,,,,,,,,,,
La Casa Del Bagno 2,Fornitore di attrezzature per l'edilizia,,0966 930401,"Via Fratelli Bandiera, 61",Melicucco,,,,,,,,,,,
Sogni D'oro Samele,Negozio di materassi,,0968 438262,"Via Guglielmo Marconi, 331",Lamezia Terme,,,,,,,,,,,
Effemme Ortopedia - Sanitaria - Esame Baropodometrico - Carrozzine Disabili,Servizi ortesici e protesici,https://www.effemmeortopedia.com/,0964 735959,Via Nazionale,Monasterace,,info@effemmeortopedia.it,https,WordPress,No,Server Plan S.r.l.,,,,Sì,No
Status materassiedivani,Negozio di divani,,371 341 5140,"Via Cavallerizza, 9",Lamezia Terme,,,,,,,,,,,
Dorelan Lamezia Terme,Negozio di materassi,https://www.dorelan.it/it/punti-vendita/negozio-dorelan-lameziaterme,0968 200773,"Via Aldo Moro, 28",Lamezia Terme,,,https,WordPress,Sì,"Amazon.com, Inc.",,,,Sì,No
Centro Permaflex Lamezia Terme,Negozio di materassi,https://www.centropermaflexcalabria.it/,0968 448370,"Viale dei Mille, 52",Lamezia Terme,,,https,WordPress,No,OVH ISP,,,,Sì,No
Divani & Co Lattarico a Cosenza e Rende,Negozio di divani,http://www.divanilattarico.com/,0984 933431,"Via Vignicella, 14",Lattarico,,divaniecompany.lattarico@gmail.com,https,ASP.NET,No,"A2 Hosting, Inc.",,,,Sì,No
Nuova Arredi Negozi Srls Calabria,Negozio di arredamento per bar e ristoranti,https://www.nuovarredinegozi.com/it/,351 531 7113,Contrada Cuturella,Maierato,,info@nuovarredinegozi.com,https,Joomla,No,Aruba S.p.A,,,,Sì,No
Bonaddio Produzione Articoli in Gomma | Manufatti In Gomma - Produzione raccoglitori olive - nocciole e ghiande,Fornitore di prodotti di gomma,https://www.bonaddio.it/azienda/,0968 433325,"Località Ceramidio, 1, zona Savutano, snc",Lamezia Terme,,info@bonaddio.it,https,Joomla,Sì,Netsons Network,,,,Sì,No
Mobili Mungo,Negozio di mobili,http://mobilimungo.it/,0984 969077,"Via Nazionale, S.da Statale 19 delle Calabrie, 76",Mangone,,,https,PrestaShop,No,Aruba-Hosting,,,,Sì,No
Trasparenza S.R.l.,Negozio di abbigliamento,,0963 267352,"Parco Del Sole Centro Commerciale, SP5, 50",Maierato,,,,,,,,,,,
G.L.A. snc di G. Celano & C.,Fornaio,,0966 991026,"Via Tevere, 9",Laureana di Borrello,,,,,,,,,,,
Ditta Di Mondo Di Nicolaci Rosa,Negozio di cornici,,0966 900122,"Via di g, Via di Vagno, 20",Laureana di Borrello,,,,,,,,,,,
La Piana Group S.r.l.,Grossista di prodotti chimici industriali,http://www.lapianagroupsrl.company.site/,0965 650711,"Via Santa Caterina d'Alessandria, 10",Reggio di Calabria,,lapianagroupsrl@gmail.com,http,Ecwid,No,"Amazon.com, Inc.",,,,Sì,No
Prossomariti - Edilizia Termoidraulica Ferramenta -,Negozio,,0966 991594,"Via Beato Luigi Guanella, 11",Laureana di Borrello,,,,,,,,,,,
Olearia Di Cavallaro Giuseppe,Oleificio,,0966 901383,"Via Roma, 2",Laureana di Borrello,,,,,,,,,,,
Manifatture Oriolo S.r.l.,Negozio di materassi,,0981 930883,Contrada Mulinello,Oriolo,,,,,,,,,,,
DE LUGGO CORREDI,Negozio di biancheria,,0966 45507,"Via Antonio Altomonte, 5",Palmi,,,,,,,,,,,
SOGNI D'ORO DA RE materassi Reggio Calabria,Negozio di materassi,http://www.sognidorodare.it/,334 756 6370,"Corso Giuseppe Garibaldi, 619",Reggio Calabria,,sognidorodarecorso@gmail.com,https,ASP.NET,Sì,OVH SAS,,,,Sì,No
Costruzioni Stradali srl,Appaltatore,,0961 996881,Loc. Ganguzza SS. 280 km 19+500,Marcellinara,,,,,,,,,,,
Igea Calabra (S.A.S.),Produzione e commercio surgelati,,0961 996492,"Contrada Zona Industriale, Marcellinara, CZ 88044",Marcellinara,,,,,,,,,,,
Permaflex,Negozio di materassi,,0964 21304,Via Bolzano,Locri,,,,,,,,,,,
ASSITUR S.r.L,Ufficio aziendale,http://assiturship.it/,0961 902101,Località Serramonda Zona Industriale,Marcellinara,,assitur@assitur.it,http,Joomla,No,Aruba S.p.A. Network,,,,Sì,No
Mamut Srl,Fornitore di trattori e macchine agricole,http://www.mamutsrl.com/,0322 749 0798,"26 Contrada Serramonda, Marcellinara, CZ 88044",Marcellinara,,,http,WordPress,No,Aruba S.p.A.,,,,Sì,No
Il dormire,Negozio di materassi,http://www.ildormire.com/,320 112 2486,"centro commerciale le Palme, V.le Francesco Carbone",Palmi,,,http,ASP.NET,No,Aruba S.p.A. Network,,,,Sì,No
Efal - Esposito Fabbrica Arredamenti Locri,Negozio di mobili,http://www.efalarredo.com/,0964 390241,"Via Riposo, 2",Locri,,,http,ASP.NET,No,Aruba S.p.A,,,,Sì,No
BigMat Edil Merici Srl,Negozio di materiali da costruzione,https://edilmerici.bigmat.it/,0964 235172,Contrada Merici,Locri,,info@edilmerici.eu,https,Joomla,Sì,Vodafone,,,,Sì,No
Mammola Funghi,Fornitore di prodotti alimentari,,329 614 1786,"32, Vico Vi Civillo, Mammola, RC 89045",Mammola,,,,,,,,,,,
Antica Forneria I Peppini di Flotta Giuseppe,Fornaio,,0983 524124,"Via Roma, 29",Longobucco,,,,,,,,,,,
Mammola Stocco Valente,Azienda ittica,https://mammolastoccovalente.com/,351 300 8672,"Via Mulino, 46",Mammola,,mammolastoccovalente@gmail.com,https,Squarespace,No,Google-Cloud,,,,Sì,No
MITEI di Brunelli Adriana,Servizio di assistenza domiciliare,,0981 31724,39°51'41.1N 16°09'23.8E,Morano Calabro,,,,,,,,,,,
Salumificio Romano,Produttore,http://www.romanosalumi.it/,388 851 4285,Località pietra cutale,Longobucco,,sasromano@pec.it,https,React,No,Servereasy Srl,,,,Sì,No
Longobucco srl,Negozio di prodotti alimentari all'ingrosso,https://longobucco.shop/,0983 535228,"Via Santa Lucia, 270",Corigliano,,,https,React,No,Google LLC,,,,Sì,No
L'Arca Di Schifino Fedele & C. Snc,Agenzia di assicurazioni,,0981 31335,"Via Nazionale, 57",Morano Calabro,,,,,,,,,,,
Castello di Palizzi Superiore,Sito storico,,0965 763000,"Via Sant'Angelo, 14",Palizzi,,,,,,,,,,,
Iirillo Giovanni,Ferramenta,,0967 576921,"Via Nazionale, 48",Montepaone Lido,,,,,,,,,,,
Eurolagani Calzature,Negozio di scarpe,,0967 819281,Via Nausica c/c Le Vele,Montepaone Lido,,,,,,,,,,,
Centro Commerciale Le Vele,Centro commerciale,,0967 578846,Via Nausica,Montepaone Lido,,,,,,,,,,,
Soprattutto - Ricama le tue idee di Ingarao Stefania,Servizio di ricamo,,0967 736203,"Via M. C. Marcello, 4",Montepaone Lido,,,,,,,,,,,
Arredamenti Rosario Battista,Negozio di arredamento rustico,,360 480 765,Via Rocheti,Palizzi Marina,,,,,,,,,,,
Soverato Dolci Montepaone,Pasticceria,,0967 577635,Via Italo Balbo,Montepaone,,,,,,,,,,,
Punto Sicurezza Calabria Montepaone,Negozio di allarmi e sistemi di sicurezza,https://puntosicurezzacalabria.it/,0967 522451,"Via Camillo Benso Conte di Cavour, SNC",Montepaone Lido,,info@puntosicurezzacalabria.it,https,React,Sì,SEEWEB s.r.l.,,,,Sì,No
Macchine agricole mamertine zaffino,Fornitore di trattori e macchine agricole,,329 280 7388,Via Piliere,Oppido Mamertina,,,,,,,,,,,
La Pochette di Enrico Iemmello,Negozio di borse,https://lapochette94.wixsite.com/my-site,389 232 5174,"Via Mazzini, 48",Montepaone Lido,,,https,React,No,Google LLC,,,,Sì,No
Raccosta Rocco,Negozio,,0966 870390,"Via Carbone Domenico Grio, 79",Oppido Mamertina,,,,,,,,,,,
RR Infissi,Fornitore di finestre,,0966 86214,"Corso Aspromonte, 11",Oppido Mamertina,,,,,,,,,,,
EgoLab| Arredamenti,Falegnameria,http://www.egolab-business.com/,338 743 8139,"Via Capo Monte, 10",Papasidero,,info.egolab@gmail.com,https,React,No,"Cloudflare, Inc.",,,,Sì,No
Salumificio Geca S.R.L,Produttore di alimenti,http://www.salumigeca.it/,0968 939822,Viale Stazione,Nocera Terinese,,info@salumigeca.it,https,React,No,Amazon Technologies Inc.,,,,Sì,No
Sapori Del Mattino Di Cuscina Maddalena & C. Sas,Fornaio all'ingrosso,,090 343011,"Via Alessandro Manzoni, 84",Messina,,,,,,,,,,,
Materassi Nicolardi,Negozio di materassi,http://www.materassinicolardi.com/,338 567 9734,"Via Edoardo Nicolardi, 124",Napoli,,,http,Joomla,No,Aruba S.p.A. Network,,,,Sì,No
Dorelan Villaricca,Negozio di materassi,https://www.dorelan.it/it/punti-vendita/dorelan-villaricca,081 633 9887,"Corso Europa, 422",Villaricca,,,https,Shopify,Sì,"Amazon.com, Inc.",,,,Sì,No
Co.Mec. - di Violi Domenico,Lavorazione dei metalli,,334 160 9658,"Contrada Folari, 2",Oppido Mamertina,,,,,,,,,,,
3S Divani & Materassi,Negozio di divani,,081 1857 4595,"Corso Europa, 563/A",Villaricca,,,,,,,,,,,
Dorelan Curti,Negozio di materassi,https://www.dorelan.it/it/punti-vendita/negozio-dorelan-casapulla?preview=true&mode=edit,0823 266856,"Via Nazionale Appia, 11/A",Curti,,,https,WordPress,Sì,"Amazon.com, Inc.",,,,Sì,No
Azienda Orfei,Produttore,http://orfeizafferano.com/,346 757 7703,"Viale della Pace, 1",Motta San Giovanni,,,https,React,Sì,Netsons s.r.l.,,,,Sì,No
Consorzio Motta S. G.,Fornitore di prodotti alimentari,http://www.consorziomotta.com/,0965 711324,"Viale della Libertà, 4",Motta San Giovanni,,info@consorziomotta.com,https,React,Sì,Aruba S.p.A.,,,,Sì,No
B&B Dintorni di Filomena De Franco - Camere dove dormire nel cuore del Parco del Pollino,Bed & Breakfast,http://www.bbdintorni.it/,333 393 8433,"Via S. Biase, 178",Mormanno,,info@bbdintorni.it,https,WordPress,No,"A2 Hosting, Inc.",,,,Sì,No
Euro S.P.I.D. srl,Produttore,https://eurospid.it/,0965 713084,"Via Nino Bixio, 12",Motta San Giovanni,,eurospid@eurospid.it,https,WordPress,Sì,Aruba S.p.A,,,,Sì,No
Calabrialcubo Agriturismo,Agriturismo,http://www.fangiano.it/,329 273 3721,SP 93 Contrada Pietra di Grotta,Nocera Terinese,,,,Angular,No,Aruba S.p.A. Network,,,,Sì,No
il 12 Cuturello | Casalinghi - Articoli da regalo - Arredi per giardino,Casalinghi,,0963 81001,Via Barriera,Nicotera,,,,,,,,,,,
Negozio IL 12 di Cuturello Roberto | Casalinghi - articoli da regalo - Arredi per giardino,Negozio di articoli da regalo,,0963 548587,Corso Giuseppe Garibaldi,Nicotera,,,,,,,,,,,
La Volpe & Giacumbo S.N.C.,Fornitore di materiali da costruzione,,0981 935024,"250 Corso Della Vittoria, Montegiordano, CS 87070",Marina,,,,,,,,,,,
Maradei Domenico,Fornitore di materiali da costruzione,,0981 932008,"Via Crispi, 19",Montegiordano,,,,,,,,,,,
La Volpe Store,Fiorista,,388 142 1279,"Corso della Vittoria, 196",Montegiordano,,,,,,,,,,,
Negozio Il 12 Di Cuturello Roberto | Casalinghi - Articoli da regalo-Arredi per giardino,Casalinghi,,0963 548023,Contrada Timpa,Nicotera,,,,,,,,,,,
Imperatore Materassi&Sofà,Negozio di materassi,http://www.imperatorematerassi.com/,379 181 8385,"Via Zia Lisa, 44",Catania,,,https,WordPress,Sì,Google LLC,,,,Sì,No
Study & Toys By Gabrieli Patrizia,Cartoleria,,0984 981405,"Via Regina Elena, 94",Rogliano,,,,,,,,,,,
Ritocchi Wedding Planner,Negozio di articoli da regalo,,329 302 9774,Via Alcide De Gasperi,Rogliano,,,,,,,,,,,
Il Bello Del Corredo Di Antonio Viapiana,Negozio di biancheria,,338 347 4870,"Via Antonio Guarasci, 17",Rogliano,,,,,,,,,,,
RR abbigliamento di Remo Renzelli,Negozio di abbigliamento,,0984 981134,"Via Antonio Guarasci, 164",Rogliano,,,,,,,,,,,
Monolocali relax,Bed & Breakfast,,340 776 4825,Via Pier Paolo Pasolini,Rocca Imperiale Marina,,,,,,,,,,,
B&B Il Sogno,Bed & Breakfast,,340 158 2045,"Contrada Tavolaro, 13",Rocca Imperiale,,,,,,,,,,,
Casa castello,Bed & Breakfast,,388 899 8407,"Via Federico Svevo, 29",Rocca Imperiale,,,,,,,,,,,
Tenuta Rocca Imperiale,Produttore,http://www.tenutaroccaimperiale.it/,391 726 4953,"Contrada Carlo Curti, Snc",Corigliano-Rossano,,roccaimperialecompanysrls@pec.it,https,React,No,Servereasy Srl,,,,Sì,No
B&B La Poesia,Bed & Breakfast,,379 148 3894,"Traversa A Via Fornace, 57",Rocca Imperiale,,,,,,,,,,,
C-creation,Negozio di articoli da regalo,,334 956 1131,"Via Nazionale, 107",Petronà,,,,,,,,,,,
L'Oro della Calabria S.R.L.S,Grossista di frutta,https://www.lorodellacalabria.it/,327 565 8382,Contrada Cesine SNC,Rocca Imperiale,,info@lorodellacalabria.it,https,WordPress,Sì,Aruba S.p.A.,,,,Sì,No
Passafaro srl,Negozio di piastrelle ceramiche,http://www.passafaro.net/,0961 730938,"via, Rione Arenacchio, 7",Petronà,,info@passafaro.net,https,WordPress,No,Aruba S.p.A.,,,,Sì,No
SALPA SrL di Capellupo C. & C.,Produzione e vendita di scorte alimentari,http://www.funghiecastagne.it/,0961 933150,"Via Paolo Borsellino, 4",Petronà,,salpa@funghiecastagne.it,https,React,Sì,Sconosciuto,,,,Sì,No
Fragomeni G.R. Srl,Negozio di letti,,0962 84400,"Viale Aldo Moro, 333",Rocca di Neto,,,,,,,,,,,
Inerti Neto Rocca,Fornitore di materiali da costruzione,,0962 886874,"Ss 107 Km 124, 00",Setteporte,,,,,,,,,,,
Sm Arredi e Design di Sestito Felice,Negozio di mobili,,0962 614829,Contrada Topanello,Rocca di Neto,,,,,,,,,,,
De Grazia Vincenzo S.R.L.,Fornitore di materiali da costruzione,,0962 84054,"Contrada Fondo Barco, Rocca Di Neto, KR 88821",Blocchiera,,,,,,,,,,,
Arredamenti Spina,Negozio di mobili,,0983 90087,"Piazza de Mundo, 4",Marina di Pietrapaola,,,,,,,,,,,
Molinaro Gioielli,Gioielliere,,0962 80256,via Aldo Moro,Rocca di Neto,,,,,,,,,,,
Calainbocca,Negozio di alimentari,https://calainbocca.com/,339 639 5173,"Corso Federico II di Svevia, 50",Rocca Imperiale,,info@calainbocca.com,https,Shopify,No,SEEWEB s.r.l.,,,,Sì,No
Calabrian Pasta,Produzione e commercio surgelati,http://www.calabrianpasta.com/,338 684 4708,"via Arenacchio, n. 8",Petronà,,info@calabrianpasta.com,https,React,No,Aruba S.p.A. Network,,,,Sì,No
Minniti Group Gra Srl,Negozio di elettronica,,0962 911935,"Viale Aldo Moro, 44",Rocca di Neto,,,,,,,,,,,
K2 STORE S.R.L,Grande magazzino,,0964 369437,"E90, 28",Roccella Ionica,,,,,,,,,,,
BigMat ETNasso S.r.l.,Fornitore di materiali da costruzione,https://etn.bigmat.it/,0966 941019,"Viale Paolo Borsellino, 2",Polistena,,amministrazione.etnsrl@bigmat.it,https,PrestaShop,Sì,Sconosciuto,,,,Sì,No
PPN TASSONE S.R.L.,Azienda di confezionamento,http://www.ppntassone.it/,0962 80666,"Contrada Gabelluccia, Rocca Di Neto, KR 88821",Rocca di Neto,,info@ppntassone.it,https,WordPress,Sì,Google LLC,,,,Sì,No
PULEURO SRL impresa pulizia crotonese,Impresa di pulizie,,339 327 9278,"via san francesco da paola, n40",Rocca di Neto,,,,,,,,,,,
Euroarredamenti,Negozio di arredamento amish,,0985 72008,"Via delle Industrie, 1",Praia a Mare,,,,,,,,,,,
Cin Srl,Impresa di costruzioni,http://www.cincalcestruzzi.it/,0962 84325,Contrada Topanello,Rocca di Neto,,cinsestito@gmail.com,https,Angular,Sì,IP VDF,,,,Sì,No
La Casa del Materasso,Negozio di materassi,,328 321 2121,"Via C. Alvaro, 44",Praia a Mare,,,,,,,,,,,
B&B Amphisya,Bed & Breakfast,http://www.amphisya.it/,328 963 3557,"Vico Martiri, 34a",Roccella Ionica,,info@powerize.it,https,React,No,Serverplan s.r.l.,,,,Sì,No
Fabbricatore Tende da sole -Tende da interni,Negozio di tende,,338 852 7910,"Via Finlandia, Contrada Cutura, 10",Rende,,,,,,,,,,,
Orizzonte S.R.L.,Negozio di prodotti alimentari all'ingrosso,http://www.orizzontecalabria.com/,331 951 3000,"Contrada Lacchi, 122",Roccella Ionica,,info@orizzonte.org,https,Joomla,Sì,Seeweb srl,,,,Sì,No
Sanitaria Schisano & Co.,Profumeria,https://www.sanitariaschisano.it/,0985 777389,"Via G. Verdi, n°59",Praia a Mare,,sanitaria_schisano@libero.it,https,WordPress,No,Aruba S.p.A. Network,,,,Sì,No
Casa Magic,Negozio di articoli da cucina,,0985 777376,"Via dei Gelsi, 6",Praia a Mare,,,,,,,,,,,
Arredo Cuscino,Negozio di bricolage,,379 213 9599,"CORSO ITALIA, 233, S.da 107 Silana Crotonese",Rende,,,,,,,,,,,
Reggio Ricambi,Negozio di ricambi per auto,https://reggioricambi.it/,320 088 1140,"Via Argine Destro Annunziata, 174",Reggio Calabria,,,https,Angular,No,Aruba S.p.A. Network,,,,Sì,No
Erminia Guarino Ceramic Designer LabGallery,Negozio di ceramiche,https://www.erminiaguarino.it/,340 516 7324,"Via Fratelli Bandiera, 1",Praia a Mare,,info@erminiaguarino.it,https,React,Sì,ServerPlan,,,,Sì,No
Maison d'or,Negozio di biancheria,http://www.maisondor-rg.it/,388 342 9567,"Viale Aldo Moro, 54",Reggio di Calabria,,info@maisondor-rg.it,https,React,No,Sconosciuto,,,,Sì,No
Ricambi Gioffrè,Negozio di ricambi per auto,,0966 774488,"Via Nazionale Sud, 454",Rosarno,,,,,,,,,,,
Rotiles Di Domenico Colloca,Arredo bagno,,0966 774254,Via Nazionale Sud,Rosarno,,,,,,,,,,,
Europa Di Xu Xibiao,Negozio di abbigliamento,,0984 990833,"Via Panoramica, 350",San Giovanni in Fiore,,,,,,,,,,,
Guzzo Luigi,Negozio,,0984 991680,"Via IV Novembre, 28",San Giovanni in Fiore,,,,,,,,,,,
Mobili 2emme Arredo Srl,Negozio di mobili,,0963 361505,"Localita, Via Licciardo",San Calogero,,,,,,,,,,,
Angelica via Turati,Negozio di abbigliamento,,0984 993905,"Via Turati, 13",San Giovanni in Fiore,,,,,,,,,,,
Termica Sila,Fornitore di porte,,328 173 3118,"Via Monte Terminillo, 38",San Giovanni in Fiore,,,,,,,,,,,
Settebello S.a.s. di Barile Ivan,Fornitore di materiali da costruzione,,346 525 2759,"Via Antonio Gramsci, 78",San Giovanni in Fiore,,,,,,,,,,,
Le Antiche Bonta' Di Calabria S.r.l,Ufficio aziendale,,349 867 6579,"Via della Pace, 38",San Cosmo Albanese,,,,,,,,,,,
Mobili Polillo Rovito,Casalinghi,,0984 433289,Via Riforma Conicelle,Rovito,,,,,,,,,,,
Bellucci Vincenzo,Fornaio,http://www.latipicita.it/,0983 849968,"Via Melissa, 8",San Cosmo Albanese,,info@latipicita.it,https,Joomla,No,"A2 Hosting, Inc.",,,,Sì,No
CENTRO MATERASSI - BAVA Solutions,Negozio di letti,http://www.falegnameriabava.com/,0963 365086,"LUBE STORE - BAVA Solutions, SP17, 26",Mesiano,,,http,Angular,No,Aruba S.p.A. Network,,,,Sì,No
Reali ferriere ed Officine di Mongiana,Attrazione turistica,http://www.museorealiferrieremongiana.it/,0963 311087,"Via Madonnella, 12",Mongiana,,prolocomongiana@tiscali.it,http,React,No,Aruba S.p.A.,,,,Sì,No
Excellentia Srl,Consulente aziendale,,800 085 896,"Seconda, Str. I' Zona Industriale, SNC",San Ferdinando,,,,,,,,,,,
San Gallo S.r.l.,Negozio di abbigliamento,,0984 503834,"Contrada Cardosa, Roggiano Gravina, CS 87017",Roggiano Gravina,,,,,,,,,,,
Bianchino Francesco,Negozio di scarpe,,0984 507321,"Viale delle Mimose, 12",Roggiano Gravina,,,,,,,,,,,
Outlet Liparoti,Negozio di abbigliamento,,342 191 0816,"Via Carlo Alberto Dalla Chiesa, 54/4",Roggiano Gravina,,,,,,,,,,,
Naccarato Carmine,Fornitore di materiali da costruzione,,0984 969936,"Zona Industriale, 27",Mangone,,,,,,,,,,,
Centro San Gallo,Negozio di abbigliamento,http://www.sangalloabbigliamento.it/,0984 503885,"Contrada Timpone Mancino, Roggiano Gravina, CS 87017, SP123, 8",Roggiano Gravina,,sgabbigliamento@outlook.it,https,WordPress,Sì,HOSTINGER FR,,,,Sì,No
Onoranze Funebri De Luca Pensieri Fiorati Di De Rose Elmida Monica,Agenzia funebre,,347 666 7219,"Corso Garibaldi, 25",Piane Crati,,,,,,,,,,,
Filippo Lo Preiato Alimenti e Diversi,Produttore di alimentari,,0963 261292,"Via Roma, 216",San Gregorio d'Ippona,,,,,,,,,,,
Centro Camerette Di Gioia Rizziconi,Negozio di mobili per camere da letto,http://www.centrocamerettedg.it/,0966 580188,Contrada Spina,Rizziconi,,info@centrocamerettedg.it,https,Shopify,No,Google LLC,,,,Sì,No
Expert Rizziconi,Negozio di elettrodomestici,,0966 593004,"Centro Commerciale Porto degli Ulivi, Strada Provinciale 1 di Gioia Tauro e Locri, 111",Rizziconi,,,,,,,,,,,
SE.A.TEC SNC DI TRIMARCHI MICHELE,Negozio di elettrodomestici,,0966 503240,"Via Lepre, 12",Rizziconi,,,,,,,,,,,
Il Miracolo dei Prezzi UOMO - Cerimonia Uomo - Abb. Uomo - Abbigliamento Bambino - Accessori - Biancheria per la casa,Negozio di abbigliamento uomo,,328 422 0230,"Via Don Luigi Sturzo, 10",Rizziconi,,,,,,,,,,,
Di Gioia Group Arredamenti,Negozio di mobili,https://www.digioiagrouparredamenti.it/,0966 580347,Contrada Spina,Rizziconi,,info@digioiagrouparredamenti.it,https,Shopify,Sì,OVH SAS,,,,Sì,No
Samo Reti e Materassi,Negozio di materassi,https://www.samomaterassi.it/,071 720 6590,"Via Che Guevara, 83",Castelfidardo,,info@samomaterassi.it,https,WordPress,No,Aruba S.p.A.,,,,Sì,No
CITTA' PULITA SNC,Servizio di gestione dei rifiuti,http://cittapulitasnc.it/,+39 580329,C.da Margi snc - 89016,Rizziconi,,,http,ASP.NET,No,Aruba S.p.A.,,,,Sì,No
Antonio Bellissimo Ingrosso Ferramenta,Ferramenta,http://antoniobellissimo.com/,331 346 1144,"Strada Provinciale 9,",San Nicola Da Crissa,,,https,React,No,"Cloudflare, Inc.",,,,Sì,No
Omniaedil S.R.L.,Fornitore di materiali da costruzione,http://www.omniaedil.net/,0984 507603,"C\DA MANCARELLI SNC, SP113",Roggiano Gravina,,,,ASP.NET,Non trovato,Microsoft Corporation,,,,,No
RSR AMBIENTE SRL,Impresa di pulizie,http://rsrambiente.it/,0966 54657,"Viale Umberto I, 36",Rizziconi,,,https,React,No,Google LLC,,,,Sì,No
San Lorenzo S.R.L.,Produzione e ingrosso abbigliamento,https://sanlorenzogroup.it/,0941 797853,"Via Cappuccini, 125",San Marco D'alunzio,,info@sanlorezogroup.it,https,Joomla,No,GENESYS,,,,Sì,No
Mobili Siciliano,Negozio di mobili,,0984 511545,Contrada Pezze,San Marco Argentano,,,,,,,,,,,
F.Lli Spadafora & C. Snc,Negozio,,0984 511522,Contrada Bonavita,San Marco Argentano,,,,,,,,,,,
Altarredo Srl,Negozio di mobili,,0984 186 8014,"Via della Repubblica, 11",San Marco Argentano,,,,,,,,,,,
Ib tendaggi,Negozio di tende,,328 593 7961,"Zona industriale del Fullone, Km 1.7",San Marco Argentano,,,,,,,,,,,
Morflex Materassi & Cuscini,Negozio di materassi,http://www.morflexstore.it/,327 436 7462,Via Boscofangone Zona ASI,Nola,,info@morflex.it,https,WordPress,Sì,Server Plan S.r.l.,,,,Sì,No
Masellis Boutique (riceve solo per appuntamento),Negozio di abiti da sposa,http://www.masellisboutique.it/,0984 511598,"Via della Repubblica, 81",San Marco Argentano,,masellisboutiquesrl@gmail.com,https,WordPress,Sì,Aruba S.p.A.,,,,Sì,No
STROILI,Gioielleria,https://www.stroilioro.com/it_IT/gioiellerie-stroili/dettagli-negozio/?storeID=0280,0966 59130,"SP 1, C Porto degli Ulivi, 111 C",Rizziconi,,,https,React,Sì,"Cloudflare, Inc.",,,,Sì,No
Centro MATERASSI & Mobili,Negozio di materassi,,328 915 5330,SS 18 Tirrena Inferiore,San Lucido,,,,,,,,,,,
Centro Sistemi,Negozio di mobili,,0982 612484,Via Strada O,San Lucido,,,,,,,,,,,
Mobilcasa,Negozio di mobili,,320 633 8211,"Via San Mango, 2/2",San Mango d'Aquino,,,,,,,,,,,
La San Carlo Salotti,Rivenditori di mobili per la casa,https://sancarlosalotti.it/,340 863 1404,"Via XX Settembre, 59",San Marco Argentano,,fabio.renzelli@icloud.com,https,Shopify,Sì,Netsons s.r.l.,,,,Sì,No
G.E.F. Guarascio elettroforniture,Negozio di forniture elettriche,,0984 165 6028,"Via Nazionale, 7/8",Santo Stefano di Rogliano,,,,,,,,,,,
Al.Ma. Brico Ferramenta Di Mandolito Francesco,Ferramenta,,0984 969391,"Via Nazionale, 4",Santo Stefano di Rogliano,,,,,,,,,,,
CM De Rose S.r.l.,Azienda di costruzioni metalliche,http://cmderose.it/,0984 934190,"Via Pietro Mascagni, 3",Bivio Montalto,,info@cmderose.it,https,React,No,Amazon Technologies Inc.,,,,Sì,No
Kasanova,Negozio di articoli da cucina,,0984 152 7394,"Via Alessandro Manzoni, Snc",Montalto Uffugo,,,,,,,,,,,
Ingrosso (Vecchia Sede),Magazzino all'ingrosso,,0984 938167,"Via Alessandro Manzoni, 84",Montalto Uffugo,,,,,,,,,,,
Gualtieri Giuseppe,Produttore di piastrelle,,0967 572554,Contrada Canace,Davoli,,,,,,,,,,,
Fedele Giuseppina,Fabbricazione e vendita tende,,0966 967003,"Via Arena, 41",Sant'Eufemia D'aspromonte,,,,,,,,,,,
"Occhiuto Ceramiche, bagni e pavimenti",Negozio di ceramiche,http://www.occhiutoceramiche.it/,0966 337012,VIA NAZIONALE S.P.2,Sant'Eufemia D'aspromonte,,,https,React,Sì,Sconosciuto,,,,Sì,No
Agi S.r.l.,Casa di riposo,,0981 64093,"Contrada Pettoruto, San Sosti, CS 87010",San Sosti,,,,,,,,,,,
Salumi Montecorda,Negozio di alimentari,https://salumimontecorda.it/,335 649 8551,"Via Zurigo, 10",San Pietro a Maida,,info@salumimontecorda.it,https,React,No,Google LLC,,,,Sì,No
De Angelis Mobili srl,Negozio di mobili,https://www.deangelismobili.com/,0966 046821,"Corso Vittorio Veneto, 132",Sant'Eufemia D'aspromonte,,,https,WordPress,No,Aruba S.p.A.,,,,Sì,No
Calonico Presta Matilde,Negozio di mobili,,0981 60179,"Via Nazionale, 25",San Sosti,,,,,,,,,,,
SUPERMERCATI Effesette dei F.lli Arbitrio prodotti tipici Calabresi,Negozio di alimentari,http://www.logodivino.it/,0965 754894,"Via Giacomo Matteotti, 31",Scilla,,,https,OpenCart,Sì,Sconosciuto,,,,Sì,No
B&B Le Dolci Notti Bed&Breakfast Scilla Reggio Calabria,Bed & Breakfast,,0965 790490,"Via Nazionale, 1",Scilla,,,,,,,,,,,
DM Commerciale srl,Produttore,,0985 43888,"Via degli Olmi, 1",Santa Maria del Cedro,,,,,,,,,,,
Hotel Le Sirene - Scilla (RC),Hotel,http://www.hotellesirenescilla.com/,348 791 6895,"Via Nazionale, 57",Scilla,,,https,ASP.NET,No,Aruba S.p.A. Network,,,,Sì,No
KiFà S. A. S. di Aiello Angelo C.,Negozio di arredamento per bar e ristoranti,,351 581 0268,C.da Macchia,Serrastretta,,,,,,,,,,,
Supermercato Effesette Scilla - Afrodite Fioreria,Macelleria,http://www.logodivino.it/,380 234 9762,"Via Giacomo Matteotti, 31",Scilla,,,https,OpenCart,Sì,Sconosciuto,,,,Sì,No
Officine dei cedri,Negozio,https://officinedeicedri.it/,0985 5543,"Via Arco Piccolo, 18",Santa Maria del Cedro,,info@officinedeicedri.it,https,Joomla,Sì,Aruba S.p.A,,,,Sì,No
BLG di Nicola Rosi,Ferramenta,,329 791 5234,Via circonvallazione,Simbario,,,,,,,,,,,
A13 Alba Sud Italia / materassi ortopedici / materassi / cuscini per cervicale / Salute e benessere,Negozio di materassi,,368 394 2626,Via Lauro,Scalea,,,,,,,,,,,
Eurocam Sas Di Gennaro Cello & C.,Negozio di biancheria,,0985 90693,"Via Lauro, 189",Scalea,,,,,,,,,,,
Di Giorno Arredi,Negozio di articoli da cucina,http://adigiorno.it/,338 208 5936,"Via Martiri XVI Marzo, 19",Scalea,,,https,Angular,No,Aruba S.p.A. Network,,,,Sì,No
Boccia Casalinghi,Negozio di materassi,,089 520380,"Via Lauro, 212",Scalea,,,,,,,,,,,
Mercatone Macrillò,Negozio di articoli da cucina,,328 613 1390,"Viale della Libertà, 5",Serra San Bruno,,,,,,,,,,,
Centro Arredamenti Carè Giuseppe. Rivenditore autorizzato Scavolini.,Negozio di mobili,,339 543 9786,"Via G. Bruno, 23",Serra San Bruno,,,,,,,,,,,
dormire a serra san bruno,Bed & Breakfast,,320 473 5359,"Corso Umberto I, 37",Serra San Bruno,,,,,,,,,,,
Centrufficio Solutions,Fornitore di attrezzature per l'ufficio,http://www.centrufficio.com/,0985 271032,"Viale Europa, 17",Scalea,,scalea@centrufficio.com,https,WordPress,No,Sconosciuto,,,,Sì,No
LIVING arredamenti,Negozio di mobili,https://www.livingmobili.it/,0985 270227,"Corso Mediterraneo, 475",Scalea,,dd0a55ccb8124b9c9d938e3acf41f8aa@sentry.wixpress.com,https,Wix,Sì,Google LLC,,,,Sì,No
Serfunghi di Calabretta Bruno,Negozio di alimentari,http://www.serfunghi.it/,0963 70698,"Via Giuseppe Maria Pisani, 27",Serra San Bruno,,info@serfunghi.it,https,Shopify,No,Aruba S.p.A.,,,,Sì,No
Serfunghi Calabria di Calabretta Luigi,Mercato ortofrutticolo,https://www.serfunghiluigi.it/,0963 772414,"Corso Umberto I, 294",Serra San Bruno,,info@serfunghicalabria.it,https,WordPress,Sì,Aruba S.p.A. Network,,,,Sì,No
Casa Idea,Negozio di materassi,,0967 530350,"Via G. Bruno, 40",Soverato,,,,,,,,,,,
Ser-Ingros S.A.S. Di Maiolo Antonio&C.,Grossista di acqua minerale,,0963 72064,"Via Corrado Alvaro, 34",Serra San Bruno,,,,,,,,,,,
Montreal Decoration Di Folino Antonio Domenico,Fabbricazione e vendita tende,,0967 25748,"Via S. Giovanni Bosco, 107",Soverato,,,,,,,,,,,
Piumini Danesi pooq dene Napoli,Negozio di biancheria da letto,https://piuminidanesi.com/,081 418617,"Via della, Via Cavallerizza a Chiaia, 62",Napoli,,info@piuminidanesi.com,https,React,Sì,Keliweb S.R.L,,,,Sì,No
Russomanno Pellicce Gruppo My Slot Srl,Pellicceria,,0967 25923,"Via S. Giovanni Bosco, 10",Soverato,,,,,,,,,,,
Big Services Srl,Grossista di frutta e verdura,,0961 998894,"Via delle Betulle, 1",Settingiano,,,,,,,,,,,
Italia Benessere,Negozio di materassi,,800 864 516,Via Croce Rossa,Montale,,,,,,,,,,,
Gieffe S.r.l.,Centro commerciale,,0961 998453,Viale Principessa,Settingiano,,,,,,,,,,,
Nduja e Salumi di Bellantone Gabriella,Negozio di alimentari,,0963 370823,Contrada Saramalloni,Spilinga,,,,,,,,,,,
"'Nduja San Donato, Spilinga",Produttore,http://www.ndujasandonato.it/,0963 546289,Località Lariati,Spilinga,,,https,Joomla,Sì,Aruba S.p.A,,,,Sì,No
Salumificio Livasi,Negozio di alimentari,https://www.livasi.com/,0963 582222,Località Livasì,Spilinga,,,https,Shopify,No,"Cloudflare, Inc.",,,,Sì,No
Caseificio Monteporo di Tommaso Pugliese,Caseificio,https://www.caseificiomonteporo.it/,0963 65059,"Via Provinciale, snc",Spilinga,,info@caseificiomonteporo.it,https,WordPress,Sì,Aruba S.p.A,,,,Sì,No
Salumificio Latteria Monte Poro S.r.l.,Salumeria,http://www.monteporo-spilinga.it/,0963 65238,Via Provinciale,Spilinga,,info@monteporo-spilinga.it,https,React,No,IT.Gate S.p.A.,,,,Sì,No
Comune di Santo Stefano in Aspromonte,Municipio,,0965 740581,"Via D. Morabito, 25",Santo Stefano In Aspromonte,,,,,,,,,,,
Bosco di Gambarie,Riserva naturale,,0965 740601,"Gambarie, Str. Pinema Quarti",Santo Stefano in Aspromonte,,,,,,,,,,,
Exaro Boutique,Negozio di abbigliamento,,328 749 4276,"Via Nazionale, 233",Spezzano Albanese,,,,,,,,,,,
Bimbo Mania Spezzano Albanese,Negozio di abbigliamento,,0981 959868,"Via Nazionale, 150",Spezzano Albanese,,,,,,,,,,,
AMEDEO GIOVANNI SRL - AG The Citrus Company,Produzione e vendita di scorte alimentari,https://www.amedeogiovanni.it/,0965 371675,"Via Anita Garibaldi Variante, 26",Reggio Calabria,,info@amedeogiovanni.it,https,WordPress,Sì,Servereasy Srl,,,,Sì,No
Cundari Arredamenti,Negozio di mobili,,340 915 7428,"Via Nazionale, 1",Spezzano Albanese,,,,,,,,,,,
Falbo Teresa,Negozio di tessuti,,0984 431610,"Corso Europa, 105",Spezzano della Sila,,,,,,,,,,,
Talarico F.lli & C. Caseificio,Caseificio,https://caseificiotalarico.it/,0984 435596,"Corso Europa, 141/143",Spezzano della Sila,,,https,WordPress,No,Server Plan S.r.l.,,,,Sì,No
BABY SHOP DI GRISPINO DOMENICO,Negozio di abbigliamento per bambini,https://babyshopddg.company.site/,338 226 0277,"Via F. Cassiani, n 112",Spezzano Albanese,,babyshop.grispino@yahoo.it,https,ASP.NET,No,"Amazon.com, Inc.",,,,Sì,No
Amelio Fernando,Merceria,,0984 435165,"Corso Umberto, 50",Spezzano della Sila,,,,,,,,,,,
Caseificio Gunnella,Alimentari,,347 838 8568,"Via G. Verdi, 7",Spezzano della Sila,,,,,,,,,,,
Reti Sud Srl,Azienda di costruzioni metalliche,http://www.retisud.it/,0961 799534,"Località San Francesco, 4",Simeri Crichi,,,https,React,No,Aruba S.p.A.,,,,Sì,No
Centro Casa,Negozio di articoli da regalo,,392 416 7013,"Via Greco, 46",Sersale,,,,,,,,,,,
Il Ferro Battuto di Stramondinoli Marco,Designer d'interni,,338 419 6716,"Via Ascuto, 13",Sorianello,,,,,,,,,,,
OTR ORTOPEDIA SANITARIA - SEDE OPERATIVA SIMERI CRICHI,Negozio di articoli ortopedici,http://www.ottierre.it/,0961 022529,Località S. Francesco Zona Industriale,Simeri Crichi,,,https,Shopify,Sì,OVH ISP,,,,Sì,No
La Valle Verde di Bruno Frustace & Figli,Negozio di prodotti agricoli,,0962 88137,S.da Statale 106 Jonica,Strongoli,,,,,,,,,,,
Satriano Srl,Negozio di forniture per ristoranti,https://www.dittasatriano.it/,0971 485162,"Via Sandro Pertini, 21",Tito,,info@dittasatriano.it,https,WordPress,Sì,Aruba S.p.A.,,,,Sì,No
Moto Mercatino dello Stretto S.R.L.,Negozio di ricambi per motociclette,http://motomercatino.it/,090 292 7300,"Via Nino Bixio, 140",Messina,,rvmotomercatino@gmail.com,https,WordPress,No,Aruba S.p.A.,,,,Sì,No
Mandria del dottore Toscano,Bed & Breakfast,,0981 952042,"Contrada canna, via azzarello",Tarsia,,,,,,,,,,,
Esposito Giuseppe vetro soffiato,Vetraio,,0961 798480,"Viale Libertà, 10",Soveria Simeri,,,,,,,,,,,
Effelunga Arredamenti,Negozio di mobili,,0984 504050,"Via R.Curti, 7",Torano Castello,,,,,,,,,,,
Rbc Edile Srl,Fornitore di materiali da costruzione,,0984 506184,"via Nazionale, SNC",Cutura,,,,,,,,,,,
La Cosentina Srls,Negozio di articoli da cucina,,0984 506288,"Contrada Lacone, 3/A",Torano Castello,,,,,,,,,,,
GMC Store,Negozio di abbigliamento,,0984 457824,"Via S. Sebastiano, 8",Torano Castello,,,,,,,,,,,
Blandini Srl,Ditta specializzata in marmi,,0984 506206,"via Nazionale, 7",Torano Castello,,,,,,,,,,,
Lavorazioni Acciaio Inox Bova Domenico,Fornitore di metalli,http://www.bovainox.it/,0984 504101,"Viale S. Marco, 4",Torano Castello,,info@bovainox.it,http,ASP.NET,No,Aruba S.p.A. Network,,,,Sì,No
Convento Santuario di San Domenico,Convento,,0963 351022,"Via S. Domenico, 2",Soriano Calabro,,,,,,,,,,,
Oliva Gioielli Di Giuseppe Oliva,Gioielliere,,0981 956359,"Via Vittorio Emanuele III, 3",Terranova Da Sibari,,,,,,,,,,,
Nicoletti Arredamenti,Negozio di mobili,,327 238 1500,C/da Cutura snc,Torano Castello,,,,,,,,,,,
Siclari Torrone Artigianale-Pasticceria-Gelateria-Caffetteria-B&B,Pasticceria,,0966 645220,"Via Nazario Sauro, 31/33",Taurianova,,,,,,,,,,,
Prodotti tipici calabresi Scarfò,Negozio di alimenti naturali,https://prodottitipiciscarfo.it/,320 252 5208,"Splendidi Splendenti, Via Circonvallazione sud 202 R Vicino negozio, Via Circonvallazione Nord, 202",Taurianova,,,https,React,Sì,Google LLC,,,,Sì,No
Berlingieri Eugenio,Orafo,,0981 955106,"Corso Margherita, 245",Terranova da Sibari,,,,,,,,,,,
Tipolitografia Jonica,Stamperia,,0981 57015,"Via Michelangelo Buonarroti, 20",Trebisacce,,,,,,,,,,,
Unitrevi srl Assicurazioni,Agenzia di assicurazioni,,0981 500620,"Via Ruggero Leoncavallo, 6",Trebisacce,,,,,,,,,,,
Primavera Bimbi S.N.C. Di Garoppo Simona Assunta E Rizzo Domenica Rosa,Negozio di abbigliamento per bambini,,0981 551052,"Viale della Libertà, 126",Trebisacce,,,,,,,,,,,
Longo Srl Volkswagen Service,Meccanico e assistenza automobili,,0981 51520,"VIA XXV APRILE, 198/200",Trebisacce,,,,,,,,,,,
PARUAMODEL Modellismo,Negozio di modellini,http://www.paruamodel.it/,0981 51599,"Viale della Libertà, 14",Trebisacce,,info@paruamodel.it,https,PrestaShop,Sì,Contabo GmbH,,,,Sì,No
Collezione Casa,Negozio di biancheria,https://www.collezionecasa.it/,0981 192 6359,"Via Alfredo Lutri, 105",Trebisacce,,,https,Shopify,Sì,Server Plan S.r.l.,,,,Sì,No
Ditta Ab Mobili,Negozio di mobili,https://www.ab-mobili.it/,0981 500769,"Viale della Libertà, 228",Trebisacce,,info@ab-mobili.it,https,React,Sì,Aruba S.p.A.,,,,Sì,No
Multiservice Di Dramisino Giuseppe,Servizio di riparazione di elettrodomestici,,0981 58026,"Via Principe Umberto, 46",Trebisacce,,,,,,,,,,,
Perestrojka By Zingone,Negozio di abbigliamento,http://www.perestrojkamoda.com/,0981 551002,"Via Ruggero Leoncavallo, 2",Trebisacce,,,https,Angular,No,SEEWEB s.r.l.,,,,Sì,No
Siclari B&B-Rooms&Suite,Bed & Breakfast,https://www.siclaritorrone.it/,346 372 9041,"Via Nazario Sauro, 25/31/33",Taurianova,,siclaritorrone@live.it,,PrestaShop,Sì,Sconosciuto,,,,Sì,No
Manila Di Raffaele S.R.L.,Negozio di mobili,https://www.manilavimini.it/,0963 351766,"Via I Maggio, Snc",Soriano Calabro,,,https,Joomla,No,Aruba S.p.A.,,,,Sì,No
Artigianato Tessile Calabrese & Intimo di...,Camera dell'artigianato,,329 404 9571,"Corso Garibaldi, 227",Soveria Mannelli,,,,,,,,,,,
Chiodo Arredamenti | Stosa Point - Stosa Cucine - Arredamento su Misura,Negozio di mobili,https://www.chiodoarredamenti.it/,0968 662063,"Via Dottore Guido Pellico, 10",Soveria Mannelli,,info@chiodo.it,https,Joomla,Sì,OVH SAS,,,,Sì,No
Giemme Srl - Bartendermania,Magazzino all'ingrosso,http://www.bartendermania.com/,328 674 1216,"di Sopra, Via campo, Loc. Barricello, SS522",Tropea,,info@bartendermania.com,https,Shopify,No,"Cloudflare, Inc.",,,,Sì,No
Ditta Boschiva Vallelonga Bruno,Negozio di vendita di legname da costruzione,,0963 311017,"Via Roma, 46",Mongiana,,,,,,,,,,,
Blue Tropea | Laboratorio Artigianale di Cosmetici,Negozio di prodotti di bellezza,https://www.bluetropea.it/,0963 545425,"Largo S. Michele, 19",Tropea,,info@bluetropea.it,https,Shopify,No,OVH SAS,,,,Sì,No
Varapodio Bed and Beakfast,Bed & Breakfast,,328 915 1065,"Via S. Biagio, 33",Varapodio,,,,,,,,,,,
Vallelonga Giuseppe S.R.L.,Impresa di costruzioni,http://www.vallelongagiuseppesrl.com/,0964 863553,"Via Trastevere, 5",Roccella Ionica,,,https,ASP.NET,No,OVH SAS,,,,Sì,No
BergArte - Laboratorio artigianale di Mosè Diretto,Negozio di artigianato tipico,http://www.bergarte.it/,333 294 6242,"Via Lisello, 107",Varapodio,,,https,WordPress,No,UK Dedicated Servers Limited,,,,Sì,No
Blu Shop Di Costa Rosanna,Industria cosmetica,,0981 56899,"Via dei Narcisi, 3",Villapiana Lido,,,,,,,,,,,
Comune di Verzino,Municipio,,0962 763749,"Via G. Rodari, Verzino, KR 88819",Verzino,,,,,,,,,,,
Associazione Verzino Adventure APS,Agenzia per escursioni,http://www.verzinoadventure.it/,331 436 2996,"c/o Botteghe Artigiane, Piazza Campo",Verzino,,verzinoadventure@gmail.com,https,React,Sì,Aruba S.p.A. Network,,,,Sì,No
Casa del corredo,Negozio di tessuti,,0964 381634,"Piazza Risorgimento, 15",Siderno,,,,,,,,,,,
Kisené,Negozio di biancheria,http://www.kisene.com/,0964 190 2810,"Centro Commerciale La Gru, S.da Statale 106 Jonica",Siderno,,,https,Shopify,No,Sconosciuto,,,,Sì,No
La Sorgente di Ricupero,Negozio di biancheria,,0964 381275,"Via delle Magnolie, 35",Siderno,,,,,,,,,,,
Invento Lab - Stampe personalizzate,Agenzia di pubblicità,,0964 401371,"Contrada Pantanizzi, SNC",Siderno,,,,,,,,,,,
Marzano di Gullaci Marina & C. sas,Negozio di arredamento per bar e ristoranti,http://www.marzanodigullaci.com/,0964 040102,Via del Progresso,Siderno,,,https,WordPress,No,Aruba S.p.A.,,,,Sì,No
Cf Arredamenti - Interior Design - Arredamento - Cucine Componibili - Uffici,Negozio di mobili,https://www.cfarredamentisrls.com/,0964 190 2151,"Contrada Pantanizzi, 51",Siderno,,,https,WordPress,Sì,Aruba S.p.A. Network,,,,Sì,No
G.B. CAI,Negozio di arredamento per bar e ristoranti,,392 297 3924,"E90, 60",Siderno,,,,,,,,,,,
Utensileria CORDI' MARIA,Produttore di utensili,,0964 388297,"Via Della Industria, Snc",Siderno,,,,,,,,,,,
Pasquinucci,Negozi e shopping,,0964 347002,S.da Statale 106 Jonica,Siderno,,,,,,,,,,,
Edil Zambrone di Morello Salvatore,Fornitore di materiali da costruzione,,333 478 3283,Contrada Malavranca,Zambrone,,,,,,,,,,,
Fer Casa,Ferramenta,,0963 394004,Via Corrado Alvaro,Zambrone,,,,,,,,,,,
HABIMAT De Paola,Arredo bagno,https://www.habimat.it/un-portfolio/habimat-depaola/,0981 555105,Via Nazionale,Villapiana Scalo,,esposizione@dittadepaola.it,https,WordPress,Sì,Seeweb s.r.l.,,,,Sì,No
JYSK Zumpano,Negozio di mobili,https://jysk.it/stores-locator,0984 145 4454,Via Beato Francesco Marino 25 Loc,Malavicina,,b2b-it@jysk.com,https,React,No,Akamai Technologies,,,,Sì,No
Sgotto Mobili,Negozio di mobili,https://www.sgottomobili.com/,0964 381254,"Via Cerchietto, 7",Siderno,,info@sgottomobili.it,https,Angular,Sì,OVH SAS,,,,Sì,No
Centro Commerciale la Gru,Centro commerciale,https://www.lagru.it/,0964 344151,"SS106 , La Gru",Siderno,,,https,WordPress,Sì,Aruba S.p.A.,,,,Sì,No
Tessilart,Negozio di abbigliamento,,338 921 1234,"P.za Italia, 9",Tiriolo,,,,,,,,,,,
Punto Edison Tiriolo (CZ) - LUCENTE DOMENICO - Business Partner,Azienda fornitrice di energia elettrica,,333 483 2695,"Viale Pitagora, 7",Tiriolo,,,,,,,,,,,
Amaretti Arredamenti,Negozio di mobili,,0965 795425,"Viale Rocco Larussa, 78",Villa San Giovanni,,,,,,,,,,,
ROLLTEK srl - Teknalsystem,Finestra di alluminio,http://www.rolltek.it/,0961 9011,Via E. Berlinguer,Tiriolo,,info@rolltek.it,https,WordPress,Sì,Hetzner Online GmbH,,,,Sì,No
Farmacia Fiamingo E Cristofalo,Farmacia,,0963 664064,"Via F. Campanella, 9",Zungri,,,,,,,,,,,
F. C. Arredamenti Sas di Cacciatore Michele,Negozio di materassi,,0963 664001,"Via Umberto Iº, 112",Zungri,,,,,,,,,,,
Cucunato Francesco e Figli Srl | Materiale Edile - Pavimenti - Rivestimenti,Negozio di materiali da costruzione,http://www.cucunatofrancescoefigli.com/,0984 404170,"Via Beato Francesco Marino, 137",Zumpano,,,https,Angular,Sì,OVH SAS,,,,Sì,No
VANCALI,Manifattura tessile,,320 643 3626,"Viale G. Mazzini, 36/38",Tiriolo,,,,,,,,,,,
"Violi Ceramiche Arredo Bagno, Idraulica, Sanitari, Infissi Reggio Calabria",Arredo bagno,http://www.violiceramiche.it/,0965 756971,"Via Riviera, 23",Villa San Giovanni,,info@violiceramiche.it,https,WordPress,No,Serverplan s.r.l.,,,,Sì,No
Mi@ Casa arreda,Negozio di mobili,http://www.miacasaarreda.it/,0965 615204,"Viale Umberto Zanotti Bianco, 48",Villa San Giovanni,,info@miacasaarreda.it,https,Shopify,Sì,Aruba S.p.A.,,,,Sì,No
Le Grotte di Zungri: Insediamento Rupestre e Museo della Civiltà Contadina di Zungri,Museo archeologico,,377 441 9886,Via Indipendenza,Zungri,,,,,,,,,,,
La Cicca Riv. N. 11 Di Violano Ciro,Tabaccheria,,0882 645417,"Viale Palmiro Togliatti, 22/c",Apricena,,,,,,,,,,,
Di Virgilio Alimentari S.n.c.,Cash and carry,,0882 552613,SS16ter,San Paolo di Civitate,,,,,,,,,,,
Carpenteria Metallica O.M.M. Officina Metal Manes di Manes Giovanni,Lavorazione metalli,http://www.officinametalmanes.it/,347 364 5450,"SP31 per Ripalta, Km. 1/000",San Paolo di Civitate,,info@officinametalmanes.it,http,React,No,Aruba S.p.A. Network,,,,Sì,No
GaiAppula,Ufficio aziendale,,328 684 6929,"SP36, 71010",San Paolo di Civitate,,,,,,,,,,,
Cilla,Officina autoriparazioni,,331 966 2771,Via Walter Cipriani,San Paolo di Civitate,,,,,,,,,,,
Comune di San Paolo di Civitate,Municipio,,0882 551477,1 Via Matteo Valente,San Paolo di Civitate,,,,,,,,,,,
Emporio Store Boutique,Negozio di abbigliamento uomo,,0882 219101,"Corso 20 Settembre, 24",San Paolo di Civitate,,,,,,,,,,,
La Maison,Casalinghi,,333 336 9032,"Via Sicilia, 77",San Severo,,,,,,,,,,,
Lino Valeri,Negozio di abbigliamento uomo,https://www.linovaleri.it/,0964 411570,"Via Carlo Maria, 90",Marina di Gioiosa Ionica,,info@linovaleri.it,https,Joomla,Sì,Server Plan S.r.l.,,,,Sì,No
LacariaRicami.Store,Negozio,,328 411 6458,"Via Kennedy, 39",Martirano Lombardo,,,,,,,,,,,
Squillacioti Francesco,Negozio di frutta e verdura,,0964 732851,"Contrada Lambrosi, Monasterace, RC 89040",Monasterace Marina,,,,,,,,,,,
Scavi di Kaulon,Sito archeologico,,0964 732557,Strada Statale 106 Ionica,Monasterace,,,,,,,,,,,
Fabe srl - Produzione e Vendita Cuscini,Produttore,https://fabe.it/,0363 906040,"Viale Aldo Moro, 32",Calcio,,,https,ASP.NET,Sì,Explorer Servizi S.R.L,,,,Sì,No
Dorelan Acireale,Negozio di materassi,https://www.dorelan.it/it/punti-vendita/negozio-dorelan-acireale,095 764 9816,"Viale Regina Margherita, 66",Acireale,,,https,WordPress,Sì,"Amazon.com, Inc.",,,,Sì,No
"Max Materassi #Fabbrica Materassi Catania e Misterbianco, Cuscini Guanciali, Topper Materassi, Reti, Complementi per Dormire",Negozio di materassi,https://www.fabbricamaxmaterassi.it/,371 455 0082,KM 79 SS192,Misterbianco,,mario.rossi@mail.it,https,React,Sì,"Amazon.com, Inc.",,,,Sì,No
Creo Store Petilia Policastro,Negozio di mobili,,328 872 6654,"Via Nazionale, 113",Petilia Policastro,,,,,,,,,,,
BFG srl,Negozio di utensili,,0968 340391,"SP80, 64",Spranico,,,,,,,,,,,
Squillace Pietro,Gioielleria,,0964 85841,"Via Roma, 35",Roccella Ionica,,,,,,,,,,,
ARREDOEFFE di Franco Vanessa,Negozio di mobili,,0981 913208,Via Ellade,Roseto Capo Spulico,,,,,,,,,,,
B&B La Piazzetta,Bed & Breakfast,,345 829 4912,"Via delle Rose, 23",Roseto Capo Spulico,,,,,,,,,,,
Industria del Mobile,Magazzino all'ingrosso,http://www.industriadelmobile.com/,0984 152 5842,"Via Riforma Conicelle, snc",Rovito,,info@industriadelmobile.com,https,React,Sì,Google LLC,,,,Sì,No
Sagi Materassi,Negozio di materassi,https://sagimaterassi.it/,349 286 5683,"Via Dante Alighieri, 9",Valverde,,,https,PrestaShop,No,Servereasy Srl,,,,Sì,No
Azienda Agricola Minisci Antonietta,Fattoria,,0983 84275,Via Santuario,San Cosmo Albanese,,,,,,,,,,,
Showroom del Materasso ... e altro,Negozio di materassi,http://www.mobililagorga.it/,348 583 5565,"Via Stefano Passaro, 63/65",Vallo della Lucania,,italolagorga@alice.it,http,Mobirise,Sì,Aruba S.p.A. Network,,,,Sì,No
Omega Gloves,Negozio di abbigliamento,http://www.omegasrl.com/,334 985 2000,"Via Stella, 12",Napoli,,omegagloves1923@gmail.com,https,Shopify,No,"Cloudflare, Inc.",,,,Sì,No
Cat,Assistenza clienti per elettrodomestici,,339 893 7510,"Via Giuseppe Mazzini, 61",Carosino,,,,,,,,,,,
EURODOGHEDUE Srl Produzione- Reti- Materassi- Sommier-guanciali-letti Contenitori,Negozio di materassi,,340 666 9982,Via Provinciale Snc 84044,Matinella,,,,,,,,,,,
Fabbricatore Falegnameria,Falegname,,339 834 1635,Via Trieste,Santa Sofia D'epiro,,,,,,,,,,,
Dolce vita Randis,Negozio di materassi,https://www.dolcevitarandis.it/,095 501023,"Via V. Bellini, 61",Sant'Agata li Battiati,,dolcevitarandis@gmail.com,https,Shopify,Sì,Netsons s.r.l.,,,,Sì,No
F.Lli Nestico Di Nestico Andrea & C. S.A.S.,Negozio di materiali da costruzione,,0967 45137,"Via Nazionale, 162",Sant'Andrea Apostolo dello Ionio,,,,,,,,,,,
L'Arte Orafa Di Burrascano Francesco,Orafo,https://www.burrascanocreazioni.it/,0984 961605,"Via Antonio Guarasci, 40",Rogliano,,larteorafa@tiscali.it,https,React,Sì,Google LLC,,,,Sì,No
Edil Celino Ceramiche di Carovigno (Brindisi),Negozio di piastrelle ceramiche,https://www.edilcelinoceramiche.it/,0831 991550,"Via S. Michele Salentino, 51",Carovigno,,,https,Joomla,No,Server Plan S.r.l.,,,,Sì,No
Gioia Home,Negozio,http://www.gioiahome.it/,333 572 3848,"Via Catullo, 29",Ceglie Messapica,,info@gioiahome.it,https,Shopify,No,"Cloudflare, Inc.",,,,Sì,No
Ifa Group,Fornitore di materiali da costruzione,https://www.ifagroup.it/,099 880 5060,"Strada Statale Appia, Km. 635.000",Massafra,,info@ifagroup.it,https,WordPress,Sì,Servereasy Italy,,,,Sì,No
Fasano Corp. srl Produzione Filati,Produttore,http://www.fasanocorpsrl.com/,379 170 3943,Via Codaglioni,Teggiano,,info@fasanocorpsrl.com,https,Angular,Sì,Google LLC,,,,Sì,No
Group Textiles | Merceria a Lequile,Merceria,http://www.grouptextiles.it/,335 819 9339,"Via Guglielmo Marconi, 33",Lequile,,,https,Nuxt.js,No,"Cloudflare, Inc.",,,,Sì,No
MORELLO RETI SRL FORNITURA DI RETI,Ditta specializzata in recinzioni,http://www.retimorello.it/,0961 969734,"Via Carroccello, 1",Sellia Marina,,,https,Shopify,Sì,Aruba S.p.A.,,,,Sì,No
Saporito - Porte Infissi e Arredamento in Legno di alta qualità,Designer d'interni,,0964 323805,Via Paolo Borsellino,Agnana Calabra,,,,,,,,,,,
Cartufficio Di Lococciolo Pasqua,Cartoleria,,0831 303082,"Via Luisa Sanfelice, n°9",Ostuni,,,,,,,,,,,
CIFO - CASH and Carry,Grossista cash & carry,http://cifoingrosso.it/,0831 332045,Contrada S. Caterina,Ostuni,,,https,ASP.NET,No,Armada WAN2,,,,Sì,No
Gruppo Amato S.r.L.,Servizio di trasloco e magazzinaggio,https://www.gruppoamato.it/,095 503714,"Via Etnea, 547",Catania,,mario.rossi@gmail.com,https,WordPress,No,Aruba S.p.A.,,,,Sì,No
Kyrios Di Calizia Michela,Azienda di confezionamento,,333 627 0962,"Via Giacinto D'Oria, 67",Oria,,,,,,,,,,,
Centro Mobili by Vincenzo Gioia,Mobiliere,,327 176 6320,"Via Bartolo Longo, 100",San Vito dei Normanni,,,,,,,,,,,
Melacca Metalli - Distribuzione e Vendita Materiale Metallico,Ferramenta,http://www.melaccametalli.com/,0831 982248,"Viale Paesi Bassi, Snc",San Vito dei Normanni,,info@melaccametalli.it,https,WordPress,Sì,Netsons s.r.l.,,,,Sì,No
Lavorazione acciaio inox Miliè,Negozi di artigianato,,347 363 0520,"Viale Santa Chiara, 4 Contrada Marincoli, 13",Simeri Crichi,,,,,,,,,,,
OTR Ortopedia Srl,Negozio di scarpe,,+39 961022529,Via Cilea,Simeri Crichi,,,,,,,,,,,
Profumeria Minou'S Di Lucia Giaracuni,Negozio di accessori di moda,,371 157 1010,"Viale della Libertà, 5",Aradeo,,,,,,,,,,,
Maniglio Esposizione,Fornitore di attrezzature per l'edilizia,http://www.maniglio.it/,0836 320033,"S.S. 16, km979",Corigliano D'otranto,,info@maniglio.it,https,Shopify,No,OVH SAS,,,,Sì,No
ARFÈ MATERASSI,Negozio di materassi,http://www.arfematerassi.it/,331 736 5871,"Via Vincenzo Gemito, 39",Napoli,,tua-email@esempio.com,https,Shopify,No,"Cloudflare, Inc.",,,,Sì,No
Bifulco Materassi,Negozio di materassi,https://www.materassibifulco.it/,388 957 3589,"Viale delle Industrie, 30",Casavatore,,info@test.materassibifulco.it,,WordPress,No,Telemanapoli S.R.L.,,,,Sì,No
New Sara Look s.r.l. Lavanderia Industriale,Lavanderia,http://www.lavanderianewsaralook.it/,0833 556969,"Via Taurisano Zona Artigianale, 73059",Ugento,,nbspnewsaralook@gmail.com,https,React,No,OVH ISP,,,,Sì,No
Lube Store Castrovillari - D'Atri Group,Negozio di mobili,http://www.lubestorecastrovillari.it/,0981 480624,Viale Padre Francesco Russo,Castrovillari,,info@lubestorecastrovillari.it,https,React,No,Aruba S.p.A. Network,,,,Sì,No
Impresa Agricola di Lucente Leonardo,Produzione e vendita di scorte alimentari,http://www.impresaagricoladilucenteleonardo.it/,347 059 8207,Via Tesauro,Cerchiara di Calabria,,leonida.lucente@gmail.com,,WordPress,Sì,Aruba S.p.A,,,,Sì,No
C.C. Cover S.r.l.,Negozio di materassi,http://www.cccover.it/,081 1895 8594,"Via Gorga Zona Industriale Isola C lotto 26, 80036",Palma Campania,,info@cccover.it,https,WordPress,Sì,Iomart Hosting,,,,Sì,No
Il Giardino degli Aranci,Bed & Breakfast,http://www.ilgiardinodegliaranci.rc.it/,0964 312498,"Via Regina Margherita, 9",Antonimina,,,http,Squarespace,No,Seeweb srl,,,,Sì,No
Visit.Antonimina | Affittacamere & Home,Tour operator,http://visitantonimina.it/,345 358 6524,"Via Roma, 44/46",Antonimina,,info@visitantonimina.it,https,React,No,Amazon Technologies Inc.,,,,Sì,No
Manifatture S.R.L.,Produzione e ingrosso abbigliamento,,080 348 4580,"Via Francesco Paolo Fasano, 6",Gioia del Colle,,,,,,,,,,,
U' Fhalignami dei F.lli Cefalà - Infissi | Arredamenti su Misura | Arte Sacra | Porte e Portoni,Falegnameria,https://www.ufhalignami.it/,0968 436550,"Zona industriale Papa Benedetto XVI, comparto, numero 2",Lamezia Terme,,info@ufhalignami.it,https,WordPress,Sì,OVH SAS,,,,Sì,No
Gicos Srl,Negozio di abbigliamento,,0967 22295,"Via S. Giovanni Bosco, 8",Soverato,,,,,,,,,,,
Tecno Clean Produzione Detergenti,Produttore,http://www.tecnocleandetergenti.it/,0836 330067,Zona industriale,Melpignano,,info@tecnocleandetergenti.it,https,Joomla,No,Server Plan S.r.l.,,,,Sì,No
Laboratorio Ortopedico Bello S.R.L.,Negozio di calzature ortopediche,http://www.ortopediabello.com/,0833 761177,"Via C.Petri, 4",Miggiano,,info@ortopediabello.com,https,Joomla,Sì,Server Plan S.r.l.,,,,Sì,No
Bruno Patella S.r.l.,Fornitore di materiali da costruzione,,0836 342153,"Via Roma, 53",Muro Leccese,,,,,,,,,,,
Fabbrica Di Materassi di Carmine flex,Negozio di materassi,,351 031 3269,"Via Giuseppe Mazzini, 21",Frattamaggiore,,,,,,,,,,,
Fabbrica Materassi Idealflex Di Basciano Vincenzo,Negozio di materassi,https://www.fabbricamaterassiidealflex.it/,0823 826838,"Via Raffaele Musone, 64",Marcianise,,vincenzobasciano@libero.it,http,WordPress,No,Serverplan s.r.l.,,,,Sì,No
Fonteviva srl (Siamed Srl),Acqua minerale e bevande naturali e gassate - produzione,,0968 455657,"Localita' Malaspina, Feroleto Antico, CZ 88040",Fondaco Frustato,,,,,,,,,,,
B&B Ai Mulini,Bed & Breakfast,,347 305 7223,"Via Ponte, 101",Feroleto Antico,,,,,,,,,,,
Strano s.p.a - Ce.Di,Negozio di forniture elettriche,http://www.strano.it/,0968 189 5510,"Viale Santuario madonna di Dipodi,53",Feroleto Antico,,,https,BigCommerce,Sì,Bigcommerce Inc.,,,,Sì,No
FiloFlex sas di AntonioNicodemo& Co,Negozio,,0871 84670,"Via Campo Sportivo, 56",Guardiagrele,,,,,,,,,,,
Igam spa,Produzione e ingrosso abbigliamento,https://igam.it/,0883 669611,"Via Pozzillo, 25",Canosa di Puglia,,digennaro@igam.it,https,Shopify,Sì,Contabo GmbH,,,,Sì,No
Edilizia Gigante Forniture di Materiali Edili – Arredobagno,Fornitore di materiali da costruzione,https://ediliziagigantematerialiedili.it/,099 590 1134,"via Roma Complanare Nord, 31",San Giorgio Ionico,,,https,React,Sì,Google LLC,,,,Sì,No
Comune di Margherita di Savoia,Municipio,,0883 659111,"Via Duca Abruzzi, 2",Margherita di Savoia,,,,,,,,,,,
Di Lecce Nicola,Produttore di alimentari,https://www.dileccesrl.it/,0883 657402,"Sp141 (Km 42, 950",Margherita di Savoia,,info@dileccesrl.it,https,Shopify,Sì,Host SpA,,,,Sì,No
Mobili Catalano,Designer d'interni,,0964 415162,"Str. Torre Vecchia, 20",Marina di Gioiosa Ionica,,,,,,,,,,,
Milleluci,Negozio di forniture elettriche,https://www.millelucisrl.it/,0964 51152,"Via Antonio Candido, 9a",Gioiosa Ionica,,,https,WordPress,No,Aruba S.p.A. Network,,,,Sì,No
Renna,Ferramenta,,0883 621036,"Via XXIV Maggio, 21",San Ferdinando di Puglia,,,,,,,,,,,
Plastic Food | Produzione imballaggi in plastica,Produzione e lavorazione materie plastiche,https://www.plasticfoodsrls.it/,0883 195 7533,"Via Barletta I traversa, n.1",San Ferdinando di Puglia,,info@plasticfoodsrls.it,http,WordPress,Sì,Aruba S.p.A,,,,Sì,No
Coffee House Store,Negozio,,0883 766616,"Piazza Della Costituzione, 33",San Ferdinando di Puglia,,,,,,,,,,,
Antica Valle d'Ofanto,Produttore di alimentari,https://www.avosrl.it/,0883 621345,"Via Trinitapoli, 7",San Ferdinando di Puglia,,,https,React,No,Keliweb S.R.L,,,,Sì,No
Dascanio,Mercato ortofrutticolo,https://dascaniosrl.it/,349 532 9971,Via Cerignola,San Ferdinando di Puglia,,dascanio1971@libero.it,http,React,Sì,Aruba S.p.A.,,,,Sì,No
MS Packaging Scatolificio,Azienda di confezionamento,https://www.mspackaging.it/,081 585 7111,"Via Sette Re, 84",Arzano,,info@mspackaging.it,https,React,No,Google LLC,,,,Sì,No
Materassi - Materassi in lattice - materassi in memory - letti - Sansiviero G.,Negozio di materassi,https://sansivieromaterass.wixsite.com/website-1,081 705 0099,"Viale Guglielmo Marconi, 174",Casavatore,,sansiviero.gennaro@gmail.com,https,Wix,No,Google LLC,,,,Sì,No
Fabriella Group s.r.l.,Acqua minerale e bevande naturali e gassate - produzione,http://www.fabriellagroup.it/,0963 315802,"Località Pantano, sn",Fabrizia,,info@fabriellagroup.it,https,WordPress,No,Hetzner,,,,Sì,No
TAPPEZZERIE E TENDAGGI DI DE PAOLIS PALMIRO ROCCO,Negozio di mobili,,345 668 8494,"Via Tancredi, 22",Parabita,,,,,,,,,,,
Dorelan Catania,Negozio di materassi,https://www.dorelan.it/it/punti-vendita/negozio-dorelan-catania,095 449554,"Viale Vittorio Veneto, 209",Catania,,,https,Shopify,Sì,"Amazon.com, Inc.",,,,Sì,No
La Fabbrica dello Spettacolo,Scuola di danza,,333 343 3086,"Via Masseria Monaci, 16",Ruffano,,,,,,,,,,,
Calzificio Chiara SRL,Produzione e ingrosso abbigliamento,http://www.calzificiochiara.it/,0833 583387,"Piazza Primiceli, 22 - Zona A.E.V.",Racale,,info@calzificiochiara.it,http,Laravel,No,Aruba S.p.A.,,,,Sì,No
Gicos Import-Export Srl,Azienda di import-export,http://www.gicossrl.com/,0966 941817,Via Fortunato Seminara,Cinquefrondi,,,http,ASP.NET,No,Genesys Informatica S.r.l,,,,Sì,No
A & V S.N.C. Di Pietro Antonio Brizzi & C. - Materiale Elettrico,Negozio di forniture elettriche,,0968 78878,"Via Principe, Via Principi Ruffo, 15",Acconia,,,,,,,,,,,
Stelletanone Frazione di Laureana di Borrello,Organizzazione di volontariato,,350 107 3923,Piazza Santa Maria della Minerva,Laureana di Borrello,,,,,,,,,,,
Retailershop,Negozio di prodotti di bellezza,,0966 900670,Via Prolungamento Iannizzi,Bellantone di Laureana di Borrello,,,,,,,,,,,
Disoflex Fabbrica Materassi Di Paolo Diso,Negozio di materassi,http://www.disoflex.com/,06 202 3746,"Via Casilina, 1292",Roma,,,http,React,No,Aruba S.p.A.,,,,Sì,No
Fabbrica di Materassi Fratelli Doneddu,Negozio di materassi,http://www.dormicisu.com/,06 259 3655,"Via dei Gordiani, 389/395",Roma,,,https,React,No,Aruba S.p.A,,,,Sì,No
Jago S.r.l.,Negozio di articoli per l'illuminazione,http://www.jagosrl.com/,080 360 1720,"Viale Orazio Flacco, 17",Ruvo di Puglia,,,https,OpenCart,No,"Cloudflare, Inc.",,,,Sì,No
Bolero Abbigliamento,Negozio di abbigliamento,,0833 169 3609,"Via Stazione, 25",Sannicola,,,,,,,,,,,
Masseria Tenuta Mosè,Hotel Resort,https://www.tenutamose.it/,388 897 2159,"SP53, snc",Sannicola,,,https,React,Sì,Aruba S.p.A. Network,,,,Sì,No
Fabrika Legno e Design,Falegnameria,https://www.fabrikalegno.com/,340 247 3471,"Via Neviano, 24",Seclì,,,https,WordPress,No,Aruba S.p.A.,,,,Sì,No
Escelsior Lamierati S.R.L.,Lavorazione metalli,http://www.escelsior.it/,328 640 6410,"Strada Provinciale Aradeo, Via Neviano, Km 1",Seclì,,info@escelsior.it,https,Angular,No,Serverplan S.r.l.,,,,Sì,No
Tenuta Lucagiovanni Eventi,Spazio per eventi,https://www.maglioeventi.com/,0836 460221,"SP361, km 4.200",Scorrano,,,https,ASP.NET,Sì,Hetzner Online GmbH,,,,Sì,No
Zappia Michele,Negozio di abbigliamento per bambini,,0966 660434,Via Nazionale,Cittanova,,,,,,,,,,,
Siclari Gold Fashion,Gioielleria,http://www.siclarigoldfashion.com/,0966 254176,"Via Dante Alighieri, 2",Cittanova,,,https,React,No,"Cloudflare, Inc.",,,,Sì,No
Pharmatex Materassi Napoli,Negozio di materassi,,347 738 6676,"Via Casa dell'Acqua, 20",Casalnuovo di Napoli,,,,,,,,,,,
Terlizzi srl,Impresa di costruzione strade,,080 914 6504,"Strada S. Giorgio Martire, 13",Bari,,,,,,,,,,,
"Ciblettò srls Vendita Ricambi, Caschi, Accessori Scooter & Moto",Negozio di ricambi per motociclette,,081 849 4058,Via Circonvallazione,Torre del Greco,,,,,,,,,,,
Il Casco sas,Negozio di ricambi per motociclette,,081 556 3256,"Via Ugo Niutta, 5",Napoli,,,,,,,,,,,
Due Ruote Srl Accessori e Abbigliamento,Negozio di ricambi per motociclette,http://www.dueruoteaccessori.it/,081 553 8345,"Corso Novara, 13/a-b",Napoli,,info@dueruoteaccessori.it,https,Shopify,Sì,"Cloudflare, Inc.",,,,Sì,No
Santinon Srl,Fabbrica di tessile,http://www.santinonsrl.it/,049 579 7094,"Via S. Nicolò, 6/A",Borgoricco,,info@santinonsrl.it,,ASP.NET,Sì,Aruba S.p.A.,,,,Sì,No
Stilo Srl,Fornitore di attrezzature,https://www.stilo.it/,035 690040,"Via Domenico Bosatelli Cavaliere del Lavoro, 4",Cenate Sotto,,,,Magento,No,Google LLC,,,,Sì,No
Azienda Agricola Vono Antonio - PRODOTTI CASEARI TIPICI - Punto Vendita,Negozio di alimentari,,339 357 5795,"Via Risorgimento, 1",Stalettì,,,,,,,,,,,
IBIM - Industria Benessere Italiana Materassi Srl,Negozio di materassi,https://www.ibimaterassi.com/sei-alla-ricerca-di-un-materasso/,338 352 8468,"Via Padula, 169",Casoria,,,https,WordPress,No,Aruba S.p.A.,,,,Sì,Sì
Tortora srl,Gioielleria,,081 205378,"Via Fratelli Ruggi, 29",Napoli,,,,,,,,,,,
Bed e Dream,Negozio di materassi,,081 213 1601,"Via Ferrante Imparato, 495",Napoli,,,,,,,,,,,
Bed & Well Store Tempur Napoli Bracco,Negozio di materassi,https://www.bedewell.it/,081 1917 2485,"Via Roberto Bracco, 57/59",Napoli,,vomero@bedewell.it,https,Joomla,Sì,Hetzner Online GmbH,,,,Sì,No
Tortora Spa,Servizio di catering,https://www.tortoraspa.it/,081 751 3336,"Via Ponti Rossi, 230",Napoli,,info@tortoraspa.it,https,WordPress,Sì,Aruba S.p.A. Network,,,,Sì,No
T.C.M. Di Tortora Gaetano & C. S. R. L.,Impresa di trasformazione di prodotti alimentari,http://www.tcmtortora.com/,081 515 3531,"Via Eduardo De Filippo, 69",San Valentino Torio,,info@tcmtortora.com,https,WordPress,No,OVH SAS,,,,Sì,No
"GGM GIORDANO - Industria Manufatti, Murature e Pavimenti",Produttore,http://www.ggmgiordano.it/,0962 32700,Contrada Cappella,Cirò,,,https,ASP.NET,No,Aruba S.p.A. Network,,,,Sì,No
Stiltex Group Srl,Negozio di tessuti,http://www.stiltexgroup.it/,095 645417,"Via Trifilò Soldato, 30",Calatabiano,,info@stiltexgroup.it,https,React,No,Aruba S.p.A.,,,,Sì,No
Julia Arredamenti,Negozio di mobili,,334 742 5237,"Via della Resistenza, 2",Cagnano Varano,,,,,,,,,,,
Laboratorio Artigianale Casa Del Materasso,Negozio di materassi,,06 581 9194,"Viale dei Quattro Venti, 146/b",Roma,,,,,,,,,,,
Quelli Della Notte Di Sansone Felicia,Negozio di materassi,,06 991 2078,"Via dei Garofani, 1",Ladispoli,,,,,,,,,,,
Materassi Roma - Idea Notte di Catarinelli,Negozio di materassi,https://www.ideanotteroma.it/,06 780 0685,"Via Tuscolana, 440",Roma,,info@ideanotteroma.it,https,Magento,No,Server Plan S.r.l.,,,,Sì,No
A Lume di candela,Negozio di candele,http://www.alumedicandela.com/,0341 575277,"Via Cesare Beccaria, 5",Lecco,,alumedicandela@hotmail.com,https,React,Sì,Google LLC,,,,Sì,No
SOGNAFLEX di Menchini Alessia,Negozio di materassi,,06 9724 2531,"Via Settevene Palo, 245",Cerveteri,,,,,,,,,,,
Materassi Reti e Letti Fedelflex Di Amantia Andrea,Negozio di materassi,http://www.fedelflex.it/,06 7690 7805,"Via Papiria, 8a/8b/10",Roma,,info@fedelflex.it,https,React,No,VHosting,,,,Sì,No
Fabbrica Reti E Materassi Perniconi,Negozio di materassi,https://www.retiortopediche.com/,800 864 850,"Via Alessandro Neroni, 62",Roma,,,https,Joomla,No,Aruba S.p.A.,,,,Sì,No
La Fabbrica Delle Candele,Negozio di candele,https://candeleshop.com/,+378 0549 995194,"Contrada del Collegio, 34",Città di San Marino,,,https,React,No,"Cloudflare, Inc.",,,,Sì,No
Resingomm Fabbrica Materassi,Negozio di materassi,https://www.resingomm.it/,06 451 2020,"Via Tiburtina, 852",Roma,,maxambrox@gmail.com,https,WordPress,No,Aruba S.p.A.,,,,Sì,No
Effetto Casa,Negozio di materassi,https://www.offertematerassi.it/,06 508 8379,"Viale degli Eroi di Rodi, 230",Roma,,,https,React,Sì,Google LLC,,,,Sì,No
Ceramiche Pugliesi,Negozio di ceramiche,,338 727 9772,"6, P. Fulvia Miani Perotti, Polignano A Mare, BA 70044",Polignano a Mare,,,,,,,,,,,
Casa del Corredo LA VENEZOLANA,Negozio di biancheria,,0884 226571,"Corso Vittorio Emanuele, 73",Monte Sant'Angelo,,,,,,,,,,,
Arredi Totaro,Negozio di mobili,,0884 562111,"Via Gandhi, 3",Monte Sant'Angelo,,,,,,,,,,,
Il Dormiglion - Fabbrica Materassi Reti Cuscini E Poltrone Montecassiano-Macerata,Negozio di materassi,https://ildormiglion.it/,0733 715840,"Via Giuseppe Mainini, 51",Montecassiano,,info@ildormiglion.it,https,WordPress,No,Serverplan s.r.l.,,,,Sì,No
Libera srl,Magazzino all'ingrosso,,0885 434562,"Via don Enrico tazzoli , Stornara",Stornata,,,,,,,,,,,
DE FINIS RAFFAELE ARREDAMENTI,Mobiliere,,392 392 5311,"Vico D'Annunzio, 13",Stornarella,,,,,,,,,,,
Azienda Unita' Sanitaria Locale Fg-3,Servizi medici locali,,0881 557416,"Via del Progresso, 1",Volturara Appula,,,,,,,,,,,
Edilceram,Negozio di mobili,https://edilceram.com/,080 495 6348,"Via Umberto Saba, nr. 2",Conversano,,,https,WordPress,No,Cloudflare,,,,Sì,No
Mancini Francesco,Impresa di costruzioni,,080 465 6016,"Via Giuseppe Mazzini, 1",Cellamare,,,,,,,,,,,
Form Design S.R.L. Cuborosso,Produttore,https://cuborosso.com/,080 325 5861,"Via Isacco Newton, 1",Gravina in Puglia,,info@cuborosso.com,https,Shopify,Sì,"DigitalOcean, LLC",,,,Sì,No
Comes Creation,Negozio di materassi,,080 937 6327,"Via Giacomo Matteotti, 10",Monopoli,,,,,,,,,,,
Infissi Ingrosso di Ingrosso Oronzo C. S. A. S.,Fornitore di finestre,http://www.infissiingrosso.it/,099 970 7345,"Z.I. Lotto n, 3",Avetrana,,,http,React,No,Aruba S.p.A.,,,,Sì,No
Minò Manufatti,Fornitore di materiali da costruzione,,349 891 1062,"Via Sicilia, 37",Avetrana,,,,,,,,,,,
Bacanegra Coffee & More since 1983,Fornitore di macchine da caffè,,373 803 7478,"Via Leopardi, 18",Terlizzi,,,,,,,,,,,
Edil LUX Tamburrano,Fornitore di materiali da costruzione,,099 821 5169,"S.S. 580 km. 9,6",Ginosa,,,,,,,,,,,
Euro Commerce Di Bitetti Vincenzo,Negozio di materiali da costruzione,,099 829 4041,"Via G. Matteotti, 202",Ginosa,,,,,,,,,,,
DIVINCASA,Mobiliere,,389 248 7819,"Via Taranto-Lecce, 36",Fragagnano,,,,,,,,,,,
Manufacturing Lab,Negozio di abbigliamento uomo,https://manufacturinglab.it/,080 698 6356,"VIA MOTTOLA, 2 ZONA INDUSTRIALE, KM. 2",Martina Franca,,,https,Joomla,Sì,Aruba Hosting,,,,Sì,No
Pelletteria Russo,Pelletteria,,099 592 9497,"Via Lecce, 114",San Giorgio Ionico,,,,,,,,,,,
Xenia Accessori Moda,Negozio di borse,,329 814 0249,"Via Diaz, 28 bis",San Giorgio Ionico,,,,,,,,,,,
BI ESSE legnami di Salvatore Bello & Figli,Falegname,http://www.biesselegnami.it/,099 880 6842,"Via Francesco Arnese, 18",Massafra,,info@biesselegnami.it,https,React,Sì,Passepartout s.a.,,,,Sì,No
Magazzino Donato,Negozio,,099 4641 1380,"Corso Vittorio Emanuele III, 80",Statte,,,,,,,,,,,
Scarciglia Interni,Decoratore d'interni,,349 456 8663,"VIa Principe di Napoli, 306",Erchie,,,,,,,,,,,
3 EFFE EDILIZIA SRL dei Fella - Meteriali edili Colorificio Ferramenta,Negozio di materiali da costruzione,https://www.3effediliziasrl.it/,348 695 6377,"Via Francesco Petrarca, 14",Erchie,,,https,ASP.NET,No,Aruba S.p.A,,,,Sì,No
Di Tutto Supermercato Botrugno,Alimentari,,327 097 0607,Via Marco Biagi,Botrugno,,,,,,,,,,,
Cosider S.A.S. Di Spagnolo Giuseppe & C.,Distributore di acciaio,,0832 601356,Via Copertino,Carmiano,,,,,,,,,,,
Centro Casalinghi Rucco Giovanni,Negozio di articoli da regalo,,0832 603509,"Via Leverano, 84",Carmiano,,,,,,,,,,,
Fomalp Srl,Fornitore di finestre,http://www.fomalp.com/,0832 601914,"Via Firenze, 82",Carmiano,,,https,React,No,Sconosciuto,,,,Sì,No
ITALIANA CUCINE,Negozio di mobili per cucina,,350 183 5710,"Via Roma, 14",Collepasso,,,,,,,,,,,
MERCATINO DELL'USATO CUTROFIANO,Mercatino dell'usato,,329 618 3179,Via Corigliano,Cutrofiano,,,,,,,,,,,
Liabel,Negozio di abbigliamento,,329 787 5658,"Via Capo, 133",Cutrofiano,,,,,,,,,,,
Castello de’ Monti,Castello,http://www.ilcastellovolante.it/,351 913 7972,"Piazza Castello, 1",Corigliano d'Otranto,,info@ilcastellovolante.it,https,WordPress,No,Aruba S.p.A.,,,,Sì,No
SIMAT s.r.l,Fornitore di attrezzature,,0836 329341,"Zona P.I.P. Art.le lotti 31-33 Corigliano D'Otranto lotti 31, 33",Corigliano d'Otranto,,,,,,,,,,,
Giustizieri Ricambi,Fornitore di ricambi per elettrodomestici,https://www.giustizierishop.it/,0836 569745,"Via Fratelli Bandiera, 47",Galatina,,info@giustizierishop.it,https,PrestaShop,Sì,Host SpA,,,,Sì,No
Domus Gifts di Ilaria Perrone & Giuseppe Pezzuto Snc,Negozio di articoli da regalo,http://www.domusgifts.it/,328 031 9784,"Via Provinciale, 195",Guagnano,,,https,Joomla,Sì,Aruba S.p.A.,,,,Sì,No
La Fabbrica del Cornetto,Bar caffè,,389 293 6098,"Via della Provvidenza, 4",Gallipoli,,,,,,,,,,,
PESTADVISOR S.R.L.,Servizio di disinfestazione,,0832 183 4587,"Via Vecchia Lizzanello, Km 3",Lizzanello,,,,,,,,,,,
Gios Wood Design,Negozio di forniture per la lavorazione del legno,,320 606 5514,"Via Neviano, 31",Seclì,,,,,,,,,,,
Cpaf Capece Srl,Casa di riposo,,0836 936754,"Via T. Tasso, 5",Nociglia,,,,,,,,,,,
LinePack,Negozio di materiali da imballaggio,http://www.line-pack.it/,0836 939320,"Via Leonardo Da Vinci, 4, Zona Ind., 73020",Nociglia,,commerciale@line-pack.it,http,React,Sì,Server Plan S.r.l.,,,,Sì,No
Ferramenta E Colori De Giorgi Marcello duplicazioni chiavi auto e sicurezza,Ferramenta,,375 534 9718,"Via Giovanni XXIII, 37",Vernole,,,,,,,,,,,
GIOIELLERIA NL - Bomboniere - Studio Orafo di Nuzzo Luca,Gioielleria,,320 019 6395,"Via Zara, 64/A",Palmariggi,,,,,,,,,,,
Ghiro Materassi e Topper,Negozio di materassi,https://mondomaterassoweb.it/,351 525 2365,"Via Enzo Ferrari, 29/3",Pescara,,mondo.materasso@libero.it,https,React,No,Servereasy Srl,,,,Sì,No
Relaxia Srl - produzione materassi lombardia,Negozio di materassi,http://www.relaxiasrl.com/,0362 157 2548,"Via Albert Einstein, 15",Meda,,info@relaxiasrl.com,https,React,No,Aruba S.p.A. Network,,,,Sì,No
arena S.p.A,Produttore di abbigliamento sportivo,https://about.arenawaterinstinct.com/,0733 956200,Contrada Cisterna 84/85,Tolentino,,,https,React,No,Akamai Technologies,,,,Sì,No
PerDormire Giorno&Notte - Materassi - Aprilia,Negozio di materassi,http://www.giornoenotte.net/,06 928 2337,"Via Pontina, km 46.200",Aprilia,,servizioclienti@giornoenotte.net,https,WordPress,Sì,Aruba S.p.A.,,,,Sì,No
Amanflex Materassi Dorelan e Tempur,Negozio di materassi,https://www.amanflex.it/,06 7981 9112,"Via dei Sette Metri, 56 - 56A -56B -58",Roma,,info@amanflex.it,https,Angular,No,OVH SAS,,,,Sì,No
Arte del Materasso di Ricci Maurizio,Negozio di materassi,http://www.artedelmaterasso.it/,06 3973 4484,"Circonvallazione Trionfale, 51",Roma,,artedelmaterasso@tiscali.it,https,WordPress,Sì,Aruba S.p.A.,,,,Sì,No
Tri co sal san donato,Industria cosmetica,http://www.fondonatura.it/,0832 658013,"Via maestro Giuseppe Carrisi, 2",San Donato di Lecce,,mail@fondonatura.it,https,WordPress,Sì,Serverplan s.r.l.,,,,Sì,No
G&F Gaetani+Farenga - macchine agricole e da giardino professionali - Vendita - Assistenza - Ricambi.,Fornitore di trattori e macchine agricole,http://www.gfveicoli.it/,0836 571501,"Via Nazario Sauro, 16",Martano,,info@gfveicoli.it,https,ASP.NET,No,Sconosciuto,,,,Sì,No
Biancoperla - Biancheria per la Casa,Negozio di biancheria,http://www.biancoperlaitaly.it/,0573 739549,"Via Firenze, 230",Quarrata,,info@biancoperla.eu,https,WordPress,Sì,LeaseWeb Netherlands B.V.,,,,Sì,No
Bisniflex Materassi e Reti,Negozio di materassi,https://www.bisniflex.it/?utm_source=google&utm_medium=organic&utm_campaign=mybusiness,0577 979388,"Via dei Lecci, 2",Poggibonsi,,bisniflex@bisniflex.it,https,ASP.NET,Sì,genesys informatica srl,,,,Sì,No
Treglia Bianco Casa,Negozio di mobili,https://www.tregliabiancocasa.it/,0771 209793,"Via Emanuele Filiberto, 5/7",Formia,,info@tregliabiancocasa.it,https,WordPress,No,velia.net Internetdienste GmbH,,,,Sì,No
Ortopedia Sanitaria Solda,Servizi ortesici e protesici,,0836 909419,"Via Francesco Pispico, 19/25",Poggiardo,,,,,,,,,,,
Casa Bella,Negozio di bricolage,,0836 901419,"Via Vittorio Veneto, n° 138",Poggiardo,,,,,,,,,,,
LPM ARREDA DI MARCO LE PERA,Falegnameria,https://www.lpmarreda.it/,347 712 4218,"Via Immacolata, 13",Aprigliano,,lpm.arreda@virgilio.it,https,Duda,Sì,Aruba S.p.A. Network,,,,Sì,No
Mollica Kaminetti di Marina Mollica e C Snc,Negozio di caminetti,http://www.mollicakaminetti.com/,0586 662029,"Via A. Meucci, 4",Cecina,,info@mollicakaminetti.com,https,Magento,Sì,Server Plan S.r.l.,,,,Sì,No
Il Caminetto Centro Tecnico del Camino,Negozio di caminetti,https://www.ilcaminettostore.it/%20%20www.ilcaminettosrl.it,081 330 1399,"V. San Francesco a Patria, 22",Giugliano in Campania,,,,WordPress,Non trovato,Aruba S.p.A.,,,,No - Pagina Non Trovata (404),No
The Magic World Gioielleria Pugliese,Gioielleria,http://www.themagicworld.eu/,0963 582112,"Via Umberto I, n. 67",Zungri,,themagicworldgp@gmail.com,https,WordPress,No,Hetzner Online GmbH,,,,Sì,No
IACONFLEX di Pietro Iacomini,Negozio di materassi,http://www.iaconflex.it/,06 943 8388,"Via S. Chiara, 61",Colonna,,info@iaconflex.it,https,WordPress,Sì,Aruba S.p.A.,,,,Sì,No
Point Service Autofficina P.R.M. di di Leone Alberto,Meccanico e assistenza automobili,,0981 30114,Via Nazionale122,Morano Calabro,,,,,,,,,,,
Salumificio Furina,Produttore di alimenti,http://www.salumificiocalabria.com/,340 627 4839,"Via Giacomo Matteotti, 31",Bivongi,,info@salumificiocalabria.com,https,WordPress,No,Aruba S.p.A. Network,,,,Sì,No
Enopolis Bivongi S.R.L.,Azienda vinicola,http://www.enopolisbivongi.it/,0964 732775,"Contrada Ellera, 15",Camini,,,http,WordPress,No,Aruba S.p.A.,,,,Sì,No
Cimina Dolciaria,Cioccolateria,http://www.ciminadolciaria.com/,0761 669642,"Via dell'Industria, 7",Capranica,,info@ciminadolciaria.it,https,Angular,Sì,Server Plan S.r.l.,,,,Sì,No
Boutique Lou Lou,Negozio di abbigliamento,,0966 653941,"Via Domenico Cavaliere, n. 30",Cittanova,,,,,,,,,,,
Mobili Fracassa Centro Reti e Materassi,Negozio di materassi,https://www.mobilifracassa.it/materassi/,0766 540516,"Via Fernando Barbaranelli, 16",Civitavecchia,,,https,ASP.NET,No,Aruba S.p.A.,,,,Sì,No
Officine Giustra,Concessionario di camion,http://www.officinegiustra.it/,0965 370892,"Via Zona Industriale, 10",Campo Calabro,,officinegiustra@gmail.com,https,React,No,Google LLC,,,,Sì,No
Pasticceria Il Golosone di Anna & DARIO,Pasticceria,,333 673 5189,"Corso Garibaldi, 43",Girifalco,,,,,,,,,,,
La casa del Telefono di Carmelo Chillà,Negozio di telefoni cellulari,,0968 748917,"Viale Antonio Migliaccio, 109",Girifalco,,,,,,,,,,,
Calabria Acqua Minerale di Salvatore Vittorio Cristofaro C. S. A. S.,Acqua minerale e bevande naturali e gassate - produzione,http://www.acquacalabria.com/,0968 749679,Via Montecovello,Girifalco,,,https,WordPress,No,Aruba S.p.A.,,,,Sì,No
La fattoria delle ginestre s.n.c. di Paolo Dastoli e c.,Fattoria,,347 386 9717,loc. Piccirillo,Jacurso,,,,,,,,,,,
ASP Girifalco - Ambulatori,Servizi medici locali,,0968 741131,"Contrada Serra, Girifalco, CZ 88024",Casa di Cura Ex O.p.p.,,,,,,,,,,,
Azienda Agricola e Agriturismo Vulcano - Mirto Crosia - Calabria,Agriturismo,https://agriturismovulcano.com/,0983 42185,"Via dei Mirtilli, 8",Crosia,,info@agriturismovulcano.com,http,Joomla,No,Server Plan S.r.l.,,,,Sì,No
VITAFLEX LA FABBRICA DEL MATERASSO,Negozio di materassi,http://www.materassivitaflex.it/,392 165 6585,"Via Variante Tiberina, 19",Fiano Romano,,info@materassivitaflex.it,https,Joomla,No,Hetzner Online GmbH,,,,Sì,No
Hi-Tech Innovation,Negozio di elettronica,http://hitechinnovation.catonline.it/,0833 761992,"Via Specchia, 14",Miggiano,,mail@andreavettori.com,https,Angular,No,Telecom Italia S.p.A.,,,,Sì,No
Progetto Notte Saccheri Ciampino - Vendita materassi,Negozio di materassi,https://www.progettonottesaccheri.com/,06 7931 2211,"Via di Morena, 35",Ciampino,,saccheriemiliano@libero.it,https,Angular,Sì,OVH SAS,,,,Sì,No
Gioia Succhi S.r.l.,Produzione e vendita di scorte alimentari,https://gioiasucchi.com/home/,0966 713586,Str. I' Zona Industriale,San Ferdinando,,,https,Joomla,No,Keliweb S.R.L,,,,Sì,No
Cisaf Srl,Fornitore di materiali da costruzione,,0962 192 4128,Strada Statale 106 Ionica,Isola di Capo Rizzuto,,,,,,,,,,,
Chisari Gaetano Srl,Impresa di costruzioni,https://www.chisarigaetanosrl.it/,0962 794203,Località Ventarola,Isola di Capo Rizzuto,,info@chisarigaetanosrl.it,https,WordPress,Sì,Google LLC,,,,Sì,No
Anguillara Materassi,Negozio di materassi,https://anguillaramaterassi.it/,393 629 8566,"Via Anguillarese, 16",Anguillara Sabazia,,anguillaramaterassi@gmail.com,https,WordPress,Sì,OVH SAS,,,,Sì,No
Pizzetti Luca Materassi e Trapunte,Negozio di materassi,,0761 456757,"Strada Castrense, Snc",Latera,,,,,,,,,,,
Materassaio Lippi Snc di Lippi Daniele Tiziano,Negozio di materassi,https://www.materassaiolippi.it/,0761 625744,"Zona Artigianale Lungara,",Ronciglione,,info@materassaiolippi.it,https,Angular,No,Aruba S.p.A. Network,,,,Sì,No
Il Sogno Comodo - Materassi Dorelan e Magniflex - Letti Nefi Italia,Negozio di materassi,http://www.ilsognocomodo.it/,06 5987 5995,"Via Luigi Arbib Pascucci, 18/20, 22, 24",Roma,,info@ilsognocomodo.it,https,WordPress,Sì,Aruba S.p.A.,,,,Sì,No
E.s.a.g. Di Luzzi Ezio E Figli S.n.c.,Fornitore di materiali da costruzione,,06 958 0304,KM. 59.700 VIA SS 155,Cave,,,,,,,,,,,
Mobili e Arredamenti di Romano Armida,Negozio di mobili,,0968 63392,Via Umberto I,Decollatura,,,,,,,,,,,
Rosecut di Rosa Pulerà,Orafo,https://www.rosecut.it/,389 486 3233,"Piazza G. Perri, 1",Decollatura,,,https,WordPress,Sì,Keliweb S.R.L,,,,Sì,No
Mobilificio Colosimo Di De Meo Carmela,Negozio di mobili,,0968 61547,Via Carricella,Decollatura,,,,,,,,,,,
Maida Srl,Ferramenta,,06 8200 4272,"Via Arturo Graf, 55",Roma,,,,,,,,,,,
Difference di Luzzi Fabio,Negozio di abbigliamento,http://www.fabioluzzi.it/,338 805 9340,"Via Monte Cadria, 153",Isola Sacra,,,http,ASP.NET,No,Aruba S.p.A. Network,,,,Sì,No
Marcenaro Umberto Materassi,Negozio di materassi,https://www.marcenaromaterassireti.com/,010 884963,"Corso Sardegna, 318/R",Genova,,marcenaro.genova@libero.it,https,WordPress,Sì,Keliweb S.R.L,,,,Sì,No
Ugoflex,Negozio di materassi,http://www.ugoflexgenovamaterassi.com/,347 124 7205,"Via Natale Gallino, 49/B",Genova,,,http,Angular,Sì,Keliweb S.R.L,,,,Sì,No
Fabbrica Materassi Roma,Negozio di materassi,http://www.fabbricamaterassiroma.com/,06 2074 4257,"Via Casilina, 1833",Roma,,infomaterassiroma@tiscali.it,https,React,No,Google LLC,,,,Sì,No
Bianchi Materassi - Illuminazione e Benessere del Dormire dal 1948.,Negozio di materassi,https://bianchi-casa.it/,010 740 3060,"Via Pasquale Pastorino, 152/R",Genova,,info@bianchi-casa.it,https,Shopify,Sì,Google LLC,,,,Sì,No
Materassi Reti e Accessori Tarquinia,Negozio di materassi,,345 970 0743,"Via Domenico Sensi, 1",Tarquinia,,,,,,,,,,,
Tfm martone logistica srl,Azienda di autotrasporti,http://www.martonelogistica.com/contatti.html,0771 512003,"Via Pantanello, 3 traversa",Fondi,,info@martonelogistica.com,http,React,No,Aruba S.p.A. Network,,,,Sì,No
Marion ITA,Produttore,http://marionlatex.com/,800 952 327,"Via Domenico Martoni, 54",Forlì,,,https,Shopify,Sì,Register.IT S.p.A,,,,Sì,No
BUFFARDI,Negozio di materassi,,081 711 2341,"Via Roma, 517",Melito di Napoli,,,,,,,,,,,
Maretto Marflex - 2M S.p.A.,Fabbrica di tessile,https://marettomarflex.com/,041 512 1111,"Via Bosco, Via di Rivale, 12",Pianiga,,info@marettomarflex.com,https,React,Sì,Google LLC,,,,Sì,No
Notti Magiche,Negozio di materassi,,06 521 1520,"Via di Macchia Saponara, 64",Roma,,,,,,,,,,,
RICCARDO MARZI DI MARZI ANDREA,Produttore di resina plastica,https://shop.marzi.it/,0571 676215,"Via Orme, 309",Martignana,,info@marzi.it,https,React,Sì,GENESYS,,,,Sì,No
Marzi Ennio & Marcello (S.r.l) - Marzi Macero,Servizio di gestione dei rifiuti,http://www.marzimacero.it/,06 6941 2684,"Via Alfonso Torelli, 48",Roma,,info@marzimacero.it,https,Shopify,Sì,Netsons s.r.l.,,,,Sì,No
Marzi Confezioni,Negozio di abiti da lavoro,http://www.marziconfezioni.it/,0761 699454,"Via Str. Nuova, 32",Monterosi,,info@marziconfezioni.it,http,ASP.NET,No,Aruba S.p.A. Network,,,,Sì,No
Martinelli Donato E C.,Manifattura tessile,https://www.donatomartinelli.com/,035 732432,"Via Tonale, 55",Leffe,,,https,React,Sì,Google LLC,,,,Sì,No
Stelitano Mario,Negozio di elettrodomestici,,0965 781601,"Via Nazionale, 78",Melito di Porto Salvo,,,,,,,,,,,
Troisio Manufatti in Cemento,Ditta specializzata in strutture in cemento,http://www.troisiocementi.com/,0833 622926,"Via Casarano, 31",Taurisano,,info@troisiocementi.com,https,WordPress,Sì,Netsons s.r.l.,,,,Sì,No
Scordella,Fornaio,,0833 622169,"Corso Vanini, 54",Taurisano,,,,,,,,,,,
EURORICAMBI DI E.A.L. SRL,Negozio di ricambi per auto,,0832 363790,"Via Lecce, 27",Surbo,,,,,,,,,,,
Materassi Sanitarflex,Negozio di materassi,http://sanitarflex.it/,334 281 4276,"Via della Cellulosa, 23",Roma,,,https,WordPress,No,Google LLC,,,,Sì,No
Lab.Artig.Casa Del Materasso Snc Di Caselli Giuliano&C.,Negozio di materassi,,06 686 5927,"Vicolo delle Grotte, 11",Roma,,,,,,,,,,,
Coop Melissa,Fornitore di trattori e macchine agricole,https://www.apicoltura.com/it/,0776 807280,"Via Pescara, 27",Castelliri,,info@apicoltura.com,https,PrestaShop,No,Irideos S.P.A.,,,,Sì,No
Cieffematerassi,Negozio di materassi,https://www.cieffematerassi.it/,339 740 2888,"Via Bruno Buozzi, 83",Castiglione del Lago,,damianorapini@gmail.com,https,React,No,SEEWEB s.r.l.,,,,Sì,No
Cardinali Arredamenti,Produttore di mobili,http://www.cardinaliarredamenti.it/,075 395440,"Via Orazio Tramontani, 27",Perugia,,cardinaliarredamentiperugia@gmail.com,https,ASP.NET,Sì,Google LLC,,,,Sì,No
"Materassi Casà, notti di qualità! SIMMONS , DORSAL , LETTI , POLTRONE",Negozio di materassi,https://www.materassialbano.it/,06 9944 8484,"Borgo Garibaldi, 24",Albano Laziale,,materassialbano@gmail.com,https,Shopify,Sì,Google LLC,,,,Sì,No
Comune di Oppido Mamertina,Municipio,,0966 879111,"Corso Luigi Razza, 2",Oppido Mamertina,,,,,,,,,,,
Mamertum Viaggi Di Ranieri Antonino,Agenzia viaggi,,0966 871501,"snc v. Carbone Grio, Oppido Mamertina, RC 89014",Oppido Mamertina,,,,,,,,,,,
LG RICAMBI DI LOMBARDO GREGORIO,Negozio di ricambi per auto,,0966 773790,"VIA ENRICO NOBILE, 10",Rosarno,,,,,,,,,,,
Il Profumo della Natura,Bed & Breakfast,,335 629 1570,"Strada Ponte Striglia, 10",Oriolo Romano,,,,,,,,,,,
Materiali Edili Di Iovene Francesco E C.S.A.S,Fornitore di materiali da costruzione,,06 9983 7281,"Via del Pisciarello, 24B",Oriolo Romano,,,,,,,,,,,
Morucci Legnami,Legna da ardere e pellet,,328 184 8477,"Via Braccianese Claudia, Km. 35,100",Oriolo Romano,,,,,,,,,,,
La Casa di Muro,Bed & Breakfast,,333 329 9288,"Via Giacomo Matteotti, 11",Oriolo Romano,,,,,,,,,,,
Rose 'N Roses,Fiorista,https://rosenroses.it/,392 291 4709,"Via Salvatore Pincherle, 66",Roma,,info@rosenroses.it,https,Joomla,Sì,Google LLC,,,,Sì,No
SARCON SRL,Negozio di materassi,http://www.materassi-roma.com/,06 331 3923,Via Venere,Anzio,,,http,WordPress,No,Hetzner Online GmbH,,,,Sì,No
Samor,Negozio di materassi,http://www.samor.it/,06 6156 1695,"Via di Boccea, 728",Roma,,%69n%66o@samor.it,https,React,Sì,Server Plan S.r.l.,,,,Sì,No
Reparto Carabinieri Biodiversità di Mongiana - Centro Visite Villa Vittoria,Parco,http://rgpbio.it/reparto/mongiana/,0963 311022,"Via Roma, 30",Mongiana,,042825.001@carabinieri.it,https,Shopify,Sì,Aruba S.p.A. Network,,,,Sì,No
MATERASSI DI ROBERTO IAMOTTI,Negozio di materassi,,06 5987 4998,"Via Settevene Palo, 48",Cerveteri,,,,,,,,,,,
Materassi&Materassi,Negozio di materassi,http://www.novitex.it/,06 3032 8905,"Via Giovanni Amendola, 4/6",San Cesareo,,materassimaterassi@pec.it,https,ASP.NET,Sì,SEEWEB s.r.l.,,,,Sì,No
Cooperativa Sociale Felici da Matti,Produttore,http://www.felicidamatti.it/,0964 196 5439,"Via Trastevere, 171b",Roccella Ionica,,presidenza.coopfelici@gmail.com,https,WordPress,Sì,Aruba S.p.A. Network,,,,Sì,No
Di Paolo Centro Del Materasso,Negozio di materassi,,06 304 7251,"Via Anguillarese, 105",Osteria Nuova,,,,,,,,,,,
TESSILBED,Negozio di materassi,http://www.tessilbed.it/,324 909 2669,Via G di Vittorio 42 Forche Puianello Quattro Castella,Reggio Emilia,,info@tessilbed.it,https,React,Sì,Serverplan S.r.l.,,,,Sì,No
Uniflex Materassi s.r.l.s.,Negozio di materassi,,06 9818 6685,"Viale Charles Lenormant, 156",Roma,,,,,,,,,,,
FEDARS Fabbrica Materassi e ...,Negozio di materassi,https://www.fedars.it/,049 883 0716,"Via Vittorio Emanuele II, 98 D",Legnaro,,info@fedars.it,https,BigCommerce,No,Aruba S.p.A.,,,,Sì,No
Brevetti Pasqua di Pasqua Massimiliano,Negozio di materassi,http://www.materassipasqua.it/,06 931 1101,"Via Nettunense, 108,KM 4,200 00073 Pavona DI",Castel Gandolfo,,info@materassipasqua.it,http,ASP.NET,No,Aruba S.p.A. Network,,,,Sì,No
Fabbrica Antico Materassificio Italiano,Negozio di materassi,http://www.anticomaterassificioitaliano.it/,366 145 2100,"Via De Spuches, 40",Carini,,arimondi@anticomaterassificioitaliano.com,https,WordPress,Sì,Google LLC,,,,Sì,No
Materassi Gilbey's,Negozio di materassi,http://www.materassigilbeys.it/,0574 25174,"ampio parcheggio riservato ai clienti, Via Giovacchino Pelagatti, 8",Prato,,info@materassigilbeys.it,https,Shopify,Sì,Google LLC,,,,Sì,No
Synergic Italiana,Produttore,http://www.synergicitaliana.com/,051 625 5393,"V. della Tecnica, 23",San Lazzaro di Savena,,,https,React,Sì,Serverplan S.r.l.,,,,Sì,No
Mistri...per La Casa,Negozio di materassi,http://www.mistriperlacasa.it/,051 245384,"Via Emilia Levante, 81s",Bologna,,mistri.snc@libero.it,https,WordPress,No,Aruba S.p.A,,,,Sì,No
Komodi Comodi - Divani Poltrone Produzione Artigianale - Materassi Memory Foam,Negozio di divani,,329 243 9763,"Via Salvador Allende, 31",Roges,,,,,,,,,,,
Royalflex - Fabbrica Materassi,Negozio di materassi,http://www.royalflex.it/,06 263666,"Via dell'Aquila Reale, 52",Roma,,info@royalflex.it,https,React,No,Aruba S.p.A.,,,,Sì,No
Outlet Nifral Rizziconi,Negozio di elettrodomestici,,0966 54669,Contrada Parcheria,Rizziconi,,,,,,,,,,,
Pegaso Flex,Negozio di materassi,http://pegasoflex.it/,06 910 4359,"Via Pontina, Km. 31/500",Pomezia,,,,Shopify,Non trovato,"Cloudflare, Inc.",,,,Sì,No
Comune di Laureana di Borrello,Municipio,,0966 906115,"Piazza Indipendenza, 1",Laureana di Borrello,,,,,,,,,,,
SALUMIFICIO ARTIGIANALE LA SPILINGESE,Ufficio statale,,0963 65167,Via Guglielmo Marconi,Spilinga,,,,,,,,,,,
Falegnameria Verbicarese S.R.L.,Falegname,,0985 60275,Contrada Mosito,Verbicaro,,,,,,,,,,,
Fazzitta Bazaar,Negozio di intimo,,0981 234183,"Via Guglielmo Marconi, 40 - 42",Trebisacce,,,,,,,,,,,
Max Relax - Siderno,Negozio di divani,https://maxrelax.info/,327 388 7912,"S.dhttps://www.google.com/local/place/rap/edit/locationa, c.da Misserianni, Via Nazionale Nord, S.da Statale 106 Jonica",Siderno,,info@maxrelax.info,https,React,Sì,Google LLC,,,,Sì,No
Saint Gobain Italia S.p.A. - Stabilimento di Villapiana,Deposito,https://www.saint-gobain.it/,0831 306123,"Via Nazionale SS92, km 0.900",Villapiana Scalo,,,https,Drupal,No