Nome Attività,Categoria,Sito Web,Telefono,Indirizzo,Comune,Provincia,Email,Protocollo,Tecnologia,Cookie Banner,Hosting Provider,Mobile Performance,Desktop Performance,Punteggio SEO,Disponibilità Sito,Stato Manutenzione
Morskaja di Francesco Dimichele,Galleria d'arte,,328 916 8876,Corso Vittorio Emanuele,Martina Franca,,,,,,,,,,,
Galleria d'Arte Moderna e Contemporanea - Polo Biblio-Museale Regione Puglia,Galleria d'arte,,0881 706468,"Piazza XX Settembre, 33",Foggia,,,,,,,,,,,
Tela su tela,Galleria d'arte,,333 111 1111,"Via Capurso, 74",Valenzano,,,,,,,,,,,
Studio d'Arte di Pietro Stranieri - Manduria (TA),Galleria d'arte,,339 111 1398,"Via Bizzarri, 8",Manduria,,,,,,,,,,,
PR Gallery,Galleria d'arte,,335 659 5257,"Viale XXIV Maggio, 3",Foggia,,,,,,,,,,,
Arte Gelata,Gelateria,,080 809 5273,"Viale Unità D'Italia, 14",Cassano delle Murge,,,,,,,,,,,
Arte & Immagine,Parrucchiere,,393 483 0122,"Via Fontana Nuova, 10",Deliceto,,,,,,,,,,,
Galleria D Arte Cericola,Galleria d'arte,,0881 204520,"Via S. Lorenzo, 13",Foggia,,,,,,,,,,,
CASA D'E - Casa d'Arte per Bambini piccoli e grandi,Galleria d'arte,,345 594 8152,"Piazza Italia, 6",Foggia,,,,,,,,,,,
La Bottega dell'Angelo - Galleria d'Arte - ostuni,Galleria d'arte,,328 891 2202,"Corso Camillo Benso Cavour, 38",Ostuni,,,,,,,,,,,
APS CREO,Galleria d'arte,,328 278 1831,"Via Lustro, 3",Foggia,,,,,,,,,,,
ARTISTA PITTORE,Artista,,328 659 0974,"Via Francesco Paolo Campanella, 32",Acquaviva delle Fonti,,,,,,,,,,,
Arte Orafa,Orafo,,0882 552354,"Corso 20 Settembre, 38",San Paolo di Civitate,,,,,,,,,,,
"ANesTO positoNIO, dipintore",Galleria d'arte,,328 014 3974,"Via Giuseppe Milano, 12",Acquaviva delle Fonti,,,,,,,,,,,
Istituto d'Istruzione Secondaria Superiore Federico II Stupor Mundi,Scuola superiore,,080 872 1764,"Via Teano, 86",Corato,,,,,,,,,,,
Specchio Delle Arti,Associazione culturale,,339 333 1613,"Via Giuseppe Pacelli, 59",Manduria,,,,,,,,,,,
Museo Nuova Era,Galleria d'arte,http://www.museonuovaera.com,333 446 2929,"Strada S. Giorgio Martire, 9",Bari,,,https,WordPress,No,Aruba S.p.A.,75,96,100.00,Sì,No
C.R.G. Di Matteo D'Achille E C.,Galleria d'arte,,0884 585594,"Corso Manfredi, 311",Manfredonia,,,,,,,,,,,
De.Ma. Galleria - Arte e Cultura,Galleria d'arte,,377 092 4972,"Via Cardassi, 10",Bari,,,,,,,,,,,
Ursi Galleria,Galleria d'arte,,080 371 8598,"Piazza Aldo Moro, 27",Bitonto,,,,,,,,,,,
Muratcentoventidue Artecontemporanea,Galleria d'arte,http://www.muratcentoventidue.com,334 871 4094,"Via Gioacchino Murat, 122/b",Bari,,,https,Joomla,No,Netsons s.r.l.,99,97,100.00,Sì,No
SanGiorgioArte,Negozio di quadri,http://www.sangiorgioarte.it,080 546 8864,"Via Sparano da Bari, 79",Bari,,info@sangiorgioarte.it,https,React,No,Netsons s.r.l.,72,87,100.00,Sì,No
BAART Gallery,Galleria d'arte,https://www.baartgallery.com,080 504 6559,"Via Alessandro Maria Calefati, 35",Bari,,baartgallerybari@gmail.com,https,WordPress,Sì,Aruba S.p.A.,81,89,100.00,Sì,No
Galleria d’Arte Antonio Damiani,Galleria d'arte,http://galleriadamiani.com,080 246 0889,"Via Matteo Renato Imbriani, 41",Bari,,,https,WordPress,No,Aruba S.p.A.,87,98,83.00,Sì,Sì
Bottega d'Arte Lacàst,Scuola d'arte,https://lacastart.it,347 885 9928,"Via Sammichele, 87/89",Casamassima,,,https,React,No,Google LLC,74,93,75.00,Sì,No
Spazio Start,Galleria d'arte,,389 191 1159,"Via Cattedrale, 14",Giovinazzo,,,,,,,,,,,
L'Arte In Cornice di Mastrullo M. Grazia,Negozio di cornici,,0881 638663,"Via Girolamo Calvanese, 72",Foggia,,,,,,,,,,,
Museo Civico di Manduria,Museo,https://www.museocivicomanduria.it,339 460 5609,"Vico Ludovico Omodei, 28",Manduria,,info@museocivicomanduria.it,https,WordPress,No,SEEWEB s.r.l.,59,83,100.00,Sì,No
RU Galleria Arte Contemporanea,Galleria d'arte,,320 245 5730,"Corso Giuseppe Garibaldi, 77",Ostuni,,,,,,,,,,,
solo arte gallery,Galleria d'arte,,388 179 7121,Via Rodolfo Acquaviva,Alberobello,,,,,,,,,,,
Mari gallery,Galleria d'arte,,351 033 7651,"Viale Palmiro Togliatti, n 3",Apricena,,,,,,,,,,,
Galleria Passepartout,Galleria d'arte,http://www.galleriapassepartout.com,327 596 6547,"Via Giuseppe Pavoncelli, 121",Bari,,info@galleriapassepartout.com,https,WordPress,No,Aruba S.p.A.,23,49,92.00,Sì,No
Pinacoteca Corrado Giaquinto,Museo d'arte,http://www.pinacotecabari.it,080 541 2420,"Via Spalato, 19",Bari,,,https,Joomla,No,OVH SAS,55,71,92.00,Sì,No
Laboratori Urbani ArteFacendo,Scuola di musica,,366 940 4991,Via Padre Luigi Amigo',San Giovanni Rotondo,,,,,,,,,,,
Misia Arte Sas,Galleria d'arte,http://www.misiaarte.it,328 014 3914,"Via Nicolò Putignani, 153",Bari,,misiaarte@gmail.com,https,Duda,No,Server Plan S.r.l.,34,77,85.00,Sì,No
Home Gallery Aldo Inchingolo,Galleria d'arte,http://www.aldoinchingolo.com,349 650 2777,"Via Arciprete Chirulli, 3",Martina Franca,,aldoinchingolo@gmail.com,https,Wix,No,Google LLC,69,92,92.00,Sì,No
Orizzonti Arte Contemporanea,Galleria d'arte,https://www.orizzontiarte.it,348 803 2506,"Largo Arcid Teodoro Trinchera, 28",Ostuni,,,https,Shopify,No,Aruba S.p.A.,69,79,58.00,Sì,No
Museo Archeologico C.G. Nicastro,Museo,,339 168 6839,Piazza Marino Boffa,Bovino,,,,,,,,,,,
ARCIERI Gallery Gift Wedding,Galleria d'arte,http://www.galleriaarcieri.com,375 518 7409,"Via Giuseppe Fanelli, 215/b",Bari,,info@galleriaarcieri.com,https,WordPress,No,Sconosciuto,53,62,92.00,Sì,No
Studio d'Arte di Gregorio Prudenzano,Negozio di artigianato tipico,http://www.gregorioprudenzano.it,331 636 3601,"Vico della Creta, 20",Manduria,,,https,WordPress,No,Sconosciuto,59,85,100.00,Sì,No
Via Crucis Monumentale,Luogo di culto,https://www.padrepio.it/padre-pio-tv-live,0882 766111,Sentiero della Via Crucis,San Giovanni Rotondo,,info@padrepio.it,https,Angular,Sì,Aruba S.p.A.,61,84,0.00,Sì,No
Quadrifoglio Galleria D’Arte,Galleria d'arte,,366 216 5465,"Corso Benedetto Croce, 243",Bari,,,,,,,,,,,
Galleria ARTE & CORNICI Decori Artistici VALENZANO,Negozio di cornici,,080 247 5497,"Via Samuele Ardillo, 17",Valenzano,,,,,,,,,,,
Porte & Finestre Sigill-Art,Fornitore di finestre,,348 042 8257,"Via Europa, 22",Mottola,,,,,,,,,,,
Herdonia Museo Archeologico - Ordona,Museo,,373 838 4202,"Via Pasculli Soldato, 28",Ordona,,,,,,,,,,,
Galleria d'arte L'Impronta,Museo,,392 779 1237,"Via F.Cavallotti, 57b",Taranto,,,,,,,,,,,
Linea d'arte Aps,Galleria d'arte,,347 760 7401,"Mondadori Point, Via Scipione Crisanzio, 16 c/o",Bari,,,,,,,,,,,
Galleria Vì,Galleria d'arte,http://www.vittoriarutigliano.com,334 686 8494,"Via Monsignore Lamberti, 7",Conversano,,,https,WordPress,No,"Automattic, Inc",66,92,85.00,Sì,No
Vieste Sea Adventure,Noleggio barche,https://viesteseadventure.it,342 092 1002,"Viale XXIV Maggio, 26",Vieste,,info@viesteseadventure.it,https,React,Sì,IONOS SE,0,0,0.00,Sì,No
Dell'Oriente Arte,Galleria d'arte,http://www.darcoarte.it,0825 825517,"Corso Europa, 32",Ariano Irpino,,,https,OpenCart,No,Host SpA,64,50,75.00,Sì,No
Galleria Vincenza Di Monteforte Vincenza,Galleria d'arte,http://www.galleriavincenza.it/index.php,099 562 8463,"Via L. da Vinci, 5",Grottaglie,,,https,Joomla,No,Aruba S.p.A.,96,100,83.00,Sì,No
ClitoRossoDR Art Gallery,Galleria d'arte,,340 742 0567,"Vico I Alessandro Volta, 6/B",Ruvo di Puglia,,,,,,,,,,,
Art Immagine,Galleria d'arte,http://www.artimmaginealtamura.it,345 785 3855,"Corso Umberto I, 59",Altamura,,info@artimmaginealtamura.it,https,WordPress,Sì,MovieMent,59,81,100.00,Sì,No
LA PICCOLA BOTTEGA DELLE ARTI - Camilla Cuparo CineTeatro,Associazione culturale,,377 379 6129,"V. Antonio Annarumma, 8",Manduria,,,,,,,,,,,
L'ARTE CONTADINA - Trattoria - Pizzeria - Ristogrill,Cucina italiana meridionale,,320 180 8320,"Via Konrad Adenauer, 3",Sammichele di Bari,,,,,,,,,,,
Galleria Art and MORE,Galleria d'arte,https://www.art-and-more.it,345 222 2464,"Via Cardassi, 24",Bari,,,https,Shopify,No,SEEWEB s.r.l.,74,76,92.00,Sì,No
Castello D'Aquino,Castello,,0885 654007,Largo D'Aquino,Rocchetta Sant'Antonio,,,,,,,,,,,
L'Arte Del Vetro,Negozio di articoli in vetro e specchi,,335 767 6938,"Via Foggia 9, Via Ariosto, 19",Torremaggiore,,,,,,,,,,,
Artinscena-Societa'Sportiva Delettantistica A R.L.,Scuola di danza,,080 496 2634,"Via Serritella, 10",Castellana Grotte,,,,,,,,,,,
Palazzo Cozzolongo,Associazione culturale,https://culturaearmonia.it,080 236 5622,"Via Maggiore Orlandi, 10-12",Turi,,info@culturaearmonia.it,https,React,No,OVH SAS,80,90,92.00,Sì,No
Galleria D'arte Artema,Galleria d'arte,,328 903 1592,"Via Sant'Antonio, Via Cavour, 5",Barletta,,,,,,,,,,,
School Office di Cava Domenico,Cartoleria,,0831 759775,"Via Oria, 32",Erchie,,,,,,,,,,,
Galleria Civica D'Arte Contemporanea,Galleria d'arte,,080 375 1877,Piazza Aldo Moro,Bitonto,,,,,,,,,,,
Nestola Cornici-Belle Arti -Galleria D'Arte,Negozio di cornici,,368 347 2373,"Via Tancredi Normanno, 12",Mesagne,,,,,,,,,,,
Arte in Fiore da d’Orio,Fiorista,http://www.arteinfioredadorio.it,328 272 7896,Via de Santis,Serracapriola,,info@arteinfioredadorio.it,https,WordPress,Sì,Aruba S.p.A.,57,69,92.00,Sì,No
Dell'Osso ArtGallery,Galleria d'arte,http://www.dellosso.it,339 603 7770,"Via Tagliamento, 13",Ginosa,,dellossodomenico@gmail.com,http,WordPress,Sì,IT.Gate S.p.A.,76,98,100.00,Sì,No
Pietra Montecorvino,Artista,http://pietramontecorvino.com,081 032 3802,"Viale Privato Winspeare, 19",Napoli,,chiaragiuriacortese@gmail.com,https,WordPress,Sì,Aruba Hosting,50,62,92.00,Sì,No
Studio Cromie,Galleria d'arte,http://www.studiocromie.org,366 661 8144,"Via Santa Sofia, 47",Grottaglie,,,https,WordPress,No,Server Plan S.r.l.,64,97,77.00,Sì,No
Questioni di Pelle Ink Art di Ilenia Serra,Studio di tatuaggi,,342 529 5550,"Via Guglielmo Marconi, 20",Palagiano,,,,,,,,,,,
Galleria ArteProgetto - Donato Larotonda - Artista,Artista,http://www.donatolarotonda.com,0972 209465,"Piazza Giustino Fortunato 31, salita Chiesa Madre, 1",Rionero in Vulture,,info@donatolarotonda.it,https,WordPress,No,Sconosciuto,52,63,100.00,Sì,No
Top Artist,Galleria d'arte,http://www.decclesiisart.it,392 770 7284,Via Alcide De Gasperi,Gravina in Puglia,,antonietta.decclesiis@gmail.com,https,Webnode,No,Amazon Technologies Inc.,50,52,100.00,Sì,No
CRAC - Centro Ricerca Arte Contemporanea Puglia,Museo di arte moderna,https://www.cracpuglia.it,099 471 3316,"Corso Vittorio Emanuele II, 17",Taranto,,cracpuglia@gmail.com,https,React,No,Netsons s.r.l.,62,79,85.00,Sì,No
Casa DiQuadro di D'Introno Nunzio SAS,Negozio di materiale da pavimentazione,http://casadiquadro.it,080 872 4360,"Via Quintino Sella, 6",Corato,,casadiquadro@gmail.com,http,React,Sì,Netsons s.r.l.,64,89,92.00,Sì,No
Galleria Cattedrale,Galleria d'arte,http://www.galleriacattedrale.it,380 687 7580,"Largo Cattedrale, 9",Conversano,,info@galleriacattedrale.it,https,WordPress,No,Sconosciuto,69,73,92.00,Sì,No
Galleria per esposizioni,Galleria d'arte,,348 364 1242,"Via F. Crispi, 71",Taranto,,,,,,,,,,,
Centro Artistico Culturale “La Casaccia”,Galleria d'arte,,0831 843487,"Via Paolo Argentina, 22",Francavilla Fontana,,,,,,,,,,,
Museo d'Arte Contemporanea Pino Pascali,Museo,https://www.fondazionepascali.it,080 424 9534,"Via Parco del Lauro, 119",Polignano a Mare,,segreteria@fondazionepascali.it,https,Shopify,Sì,Aruba S.p.A.,44,56,85.00,Sì,No
Lux Arte,Negozio di artigianato tipico,https://sites.google.com/view/luxarte,338 407 3794,"Via Conversano, 19",Castellana Grotte,,,https,Angular,No,Sconosciuto,56,90,83.00,Sì,No
Dettagli AZ,Negozio di articoli da regalo,,320 929 6632,"Via Guglielmo Marconi, 79",Erchie,,,,,,,,,,,
L'Arte del Fiore di Piccinni Valeria,Fiorista,,389 968 4327,"Corso Vitt. Emanuele III, 103",Crispiano,,,,,,,,,,,
MICROBA,Galleria d'arte,http://www.microba.it,080 975 2127,"Via Giambattista Bonazzi, 46",Bari,,,http,ASP.NET,No,Aruba S.p.A. Network,100,100,82.00,Sì,No
Studio d'Arte MADRETERRA Maria Matera,Negozio di ceramiche,,328 288 0640,"Via Cadorna, 104",Laterza,,,,,,,,,,,
Foto Creative Design Guglielmi,Studio fotografico,https://www.fotoguglielmi.it,080 496 3516,"Piazza Garibaldi, 7",Castellana Grotte,,,https,Shopify,Sì,Sconosciuto,54,43,92.00,Sì,No
Galleria Nazionale della Puglia Girolamo e Rosaria Devanna,Museo d'arte,https://museipuglia.cultura.gov.it/musei/galleria-nazionale-della-puglia-girolamo-e-rosaria-devanna,080 099708,"Via Giandonato Rogadeo, già dei Mercanti, 14",Bitonto,,drm-pug@cultura.gov.it,https,Shopify,Sì,Vodafone Italia S.p.A.,55,79,85.00,Sì,No
Museo Faggiano,Museo archeologico,http://www.museofaggiano.it,0832 300528,"Via Ascanio Grandi, 56/58",Lecce,,info@museofaggiano.it,http,WordPress,Sì,Sconosciuto,52,80,85.00,Sì,No
Galleria Graffiti,Negozio di abbigliamento,http://galleriagraffiti.com,080 898 1812,"Via Ruvo, 29",Corato,,,https,React,Sì,"Cloudflare, Inc.",37,60,100.00,Sì,No
Bottega d'arte Renato Abbamonte,Galleria d'arte,https://www.renatoabbamonte.it,338 529 4179,"Via Dante Alighieri, 122",Lavello,,info@renatoabbamonte.it,https,Joomla,No,Aruba S.p.A.,55,61,100.00,Sì,No
L'arte coreutica di Ilaria Nigri,Scuola di danza,,348 210 4672,"Via Oronzo Massa, 26",Palagiano,,,,,,,,,,,
Complesso Monumentale di Fulgenzio - Ninfeo Rinascimentale e Pinacoteca Roberto Caracciolo,Museo d'arte,http://www.pinacotecacaracciolo.it,0832 182 6534,"Via Imperatore Adriano, 79",Lecce,,,https,React,No,Register.it-Hosting,62,95,92.00,Sì,No
Cartolibreria Studio Aperto di Varegliano Clementina,Cartoleria,,099 829 7296,"Via Giannone, 9",Laterza,,,,,,,,,,,
Magazzini Laera Srl,Ferramenta,https://magazzinilaerasrl.it,080 496 5405,"Via Caduti di Russia, 32",Castellana Grotte,,magazzinilaerasrl@libero.it,https,WordPress,No,Sconosciuto,68,93,83.00,Sì,No
Gagliano Arte Bari,Galleria d'arte,,080 596 8226,"Viale della Repubblica, 74",Bari,,,,,,,,,,,
Design Artigiano,Servizio di restauro di mobili antichi,https://www.designartigiano.it,335 120 9967,"Strada Privata S. Giacomo, 19",Castellana Grotte,,,https,React,No,Sconosciuto,67,96,83.00,Sì,No
Faggiano Davide,Progettista grafico,,0832 169 2861,"Via g. Candido, 21",Lecce,,,,,,,,,,,
galleria d'arte Arca,Galleria d'arte,,329 106 1703,"Via Giuseppe Palmieri, 28",Lecce,,,,,,,,,,,
GALLERIA ARTE BARBATO,Galleria d'arte,http://www.galleriaartebarbato.it,328 392 4202,"Corso Nazionale, 327",Scafati,,info@galleriaartebarbato.it,,Angular,No,Equinix (EMEA) Acquisition Enterprises B.V.,0,72,0.00,Sì,No
GATA Galleria Taranto,Galleria d'arte,http://www.gatagalleriataranto.com,346 771 5346,"Postierla, Postierla Immacolata, 15/17",Taranto,,info@gatagalleriataranto.com,https,WordPress,No,Aruba S.p.A. Network,41,81,85.00,Sì,No
Gallery Art & Vintage,Negozio di abbigliamento vintage,,345 271 8317,"Via Matteo Renato Imbriani, 39",Bari,,,,,,,,,,,
Bijoux - L'Arte del regalo,Negozio di articoli da regalo,http://www.artedelregalolaterza.it,099 821 8720,"Via Fontana, 79",Laterza,,montrone@arubapec.it,https,Shopify,Sì,Sconosciuto,59,52,92.00,Sì,No
Laboratorio D'Arte di Laforgia Francesco,Negozio di artigianato tipico,,349 393 3170,"Via Cesare Battisti, 4",Rutigliano,,,,,,,,,,,
Fondazione Biscozzi | Rimbaud ETS - Museo d'arte contemporanea,Museo d'arte,https://www.fondazionebiscozzirimbaud.it,0832 199 4743,"Piazzetta Giorgio Baglivi, 4",Lecce,,info@fondazionebiscozzirimbaud.it,https,Angular,Sì,Serverplan,66,81,92.00,Sì,No
LES ORGANIZATION di Luca Faggiano,Teatro,http://www.spettacoliles.it,347 355 9929,"Via Provinciale, 137",Guagnano,,,http,ASP.NET,No,Sconosciuto,0,0,90.00,Sì,No
L'Arte Bianca,Fornaio,,0885 091315,"Via Ugo Foscolo, 6",Carapelle,,,,,,,,,,,
Centro d'arte Michelangiolo,Galleria d'arte,https://galleriamichelangiolo.it,0883 582231,"Via Giovanni Bovio, 186",Trani,,,https,Shopify,No,"The Constant Company, LLC",69,95,85.00,Sì,No
"Bottega D'arte, Francesco Licursi",Pittura,,320 033 8005,Sant'Antonio Abate,Serracapriola,,,,,,,,,,,
Castello Imperiale di Sant'Agata di Puglia,Sito storico,,0881 984007,Via del Castello,Sant'Agata di Puglia,,,,,,,,,,,
G&C ART,Negozio di quadri,,338 467 3986,"Via O. Flacco, 12 d",Taranto,,,,,,,,,,,
Terrecotte Samarelli di Antonio Samarelli,Negozio di artigianato tipico,,320 553 8724,"Via Noicattaro, 245",Rutigliano,,,,,,,,,,,
Gallery B&B,Bed & Breakfast,,348 544 2698,"Via Torino, 16",Cavallino di Lecce,,,,,,,,,,,
Natale Arte Cine Fotografica Di Bari Natale,Negozio di articoli per la fotografia,,080 624901,"Via Forges Davanzati, 68",Palo del Colle,,,,,,,,,,,
La Saletta dell'Arte,Galleria d'arte,http://www.lasalettadellarte.it,099 459 0449,"Via Ciro Giovinazzi, 67",Taranto,,info@lasalettadellarte.it,https,Shopify,Sì,Aruba S.p.A. Network,54,77,92.00,Sì,No
InnovArti,Galleria d'arte,http://www.innovarti.co,333 648 8853,"Via Mignogna, 10",Taranto,,,https,Joomla,No,Sconosciuto,56,74,100.00,Sì,No
Museo delle Origini di Accadia (M.O.A),Museo archeologico,,0881 376899,"Via Andrea Maselli, 41",Accadia,,,,,,,,,,,
Art.idea di Valentini Leonardo,Negozio di artigianato tipico,,347 520 8741,"Via le More, 43",Rutigliano,,,,,,,,,,,
Arte Caffe Gelateria Artigianale Fratelli Di Noia Di Di Noia Vito E Di Noia Bartolomeo S.N.C.,Gelateria,,392 451 6308,"Via Roma, 92",Laterza,,,,,,,,,,,
Artisse S.R.L.,Galleria d'arte,,0831 779242,"Via Nazario Sauro, 60",Mesagne,,,,,,,,,,,
Dep Art OUT,Attrazione turistica,,388 855 0083,Contrada Ulmo,Ceglie Messapica,,,,,,,,,,,
Laboratorio Artistico Rosa Grisanzio,Artista,,340 828 8702,"Via Giuseppe Mazzini, 39",Mola di Bari,,,,,,,,,,,
STUDIO D'ARTE CARA BELTÀ,Galleria d'arte,http://studiodartecarabelta.com,348 249 8053,"Via G. Lacaita, 35/A",Taranto,,carabelta@outlook.it,http,Weebly,Sì,"Weebly, Inc.",62,88,91.00,Sì,No
Corallo Sartoria Italiana - Roccaforzata,Stilista,http://www.corallosartoria.com,328 247 9781,"Via Vittorio Emanuele II, 9",Roccaforzata,,,https,WordPress,No,Aruba S.p.A. Network,88,99,100.00,Sì,No
Galleria Le Perle,Negozio di articoli da regalo,,080 343 1198,"Via Garibaldi, 40",Gioia del Colle,,,,,,,,,,,
Opera Arte e Arti di Lorusso Lucia,Galleria d'arte,http://www.operait.com,0835 256473,"Via Domenico Ridola, 4",Matera,,info@operait.com,https,ASP.NET,No,Aruba S.p.A. Network,65,90,75.00,Sì,No
Filippo Maria Cazzolla Bottega D'Arte,Museo d'arte,,347 918 3227,"Via Piottola, 12",Gioia del Colle,,,,,,,,,,,
Pabula Vernatica Salento,Appartamento per vacanza in affitto,,349 640 9531,"Via Brindisi, 147",San Pietro Vernotico,,,,,,,,,,,
Galleria d'arte La Rocchetta,Galleria d'arte,http://www.gallerialarocchetta.com,330 222 065,"Piazza Duca degli Abruzzi, 22",Capo d'Orlando,,,https,React,No,Sconosciuto,16,35,92.00,Sì,No
Nicole Scarpelli arte,Artista,,340 935 7846,"Via S. Chiara, 18",Mola di Bari,,,,,,,,,,,
"Garofano Verde, associazione culturale",Galleria d'arte,,333 648 0688,"Via Giovanni Tarantini, 36",Brindisi,,,,,,,,,,,
Forme d'Arte Malorgio,Taglio pietra,https://www.formedartemalorgio.it,347 947 1448,Via San Marzano Zona Industriale,Sava,,,https,Shopify,Sì,Seeoux,46,95,100.00,Sì,No
Sergio Gatti Bottega d'Arte,Museo d'arte,,333 297 4435,"Via Michele Petrera, 42",Gioia del Colle,,,,,,,,,,,
Sienese Art Gallery | Ruvo di Puglia,Galleria d'arte,,347 541 9988,"Corso Piave, 64",Ruvo di Puglia,,,,,,,,,,,
Studio d'arte - Lidia Stasi,Artista,,333 429 3392,"Via delle Fosse Ardeatine, 31",Gioia del Colle,,,,,,,,,,,
Oriental Art Cassano delle Murge,Gioielleria,https://orientalartsas.com,348 381 4268,"Via Per Acquaviva, 28",Cassano delle Murge,,info@orientalartsas.com,https,PrestaShop,No,Host SpA,82,75,92.00,Sì,No
Mondo Convenienza Cavallino (LECCE),Mobiliere,,06 91515,"SS 16, snc",Cavallino,,,,,,,,,,,
Arte delle Muse,Scuola di musica,https://scuola-artedellemuse.it,080 321 6806,"Corso Garibaldi, 32",Palo del Colle,,ass.artedellemuse@gmail.com,https,Angular,No,SEEWEB s.r.l.,62,87,92.00,Sì,No
Eremo di Vincent - Vincent City - Casa dell'artista Vincent Brunetti,Galleria d'arte,,333 860 6610,Via Case Sparse,Guagnano,,,,,,,,,,,
Vetreria Arte Moderna Di Piccinni Angelo,Negozio di articoli in vetro e specchi,,340 808 2793,Via Costantinopoli,Pulsano,,,,,,,,,,,
Laboratorio orafo ARTE ORO | Tamburrano Stefano,Orafo,,099 849 5236,"Corso Repubblica, 46",Palagianello,,,,,,,,,,,
Belle Arti Caiulo,Negozio di articoli per l'arte,,0832 409634,"Via Ascanio Grandi, 7/9/11/14",Lecce,,,,,,,,,,,
LAD L' Artigiano Digitale - Soluzioni Grafiche E Tipografiche,Tipografia digitale,,348 516 0696,"Via Montebello, 60",Carapelle,,,,,,,,,,,
Aspasia Galleria al Borgo,Galleria d'arte,https://aspasiagalleriaalborgo.com,324 903 0994,"Via Tufi, snc",Zungoli,,,https,WordPress,No,Aruba S.p.A. Network,60,96,92.00,Sì,No
A.S.D. ARTEBALLETTO academy,Scuola di danza,,340 480 0504,"Via dei Tulipani, 8",Palagianello,,,,,,,,,,,
Museo del Territorio,Museo,,339 860 0222,"Via Tateo, 2",Palagianello,,,,,,,,,,,
Museo diffuso carnevale di Putignano,Museo,,327 895 7407,"Via Porta Barsento, 10",Putignano,,,,,,,,,,,
Terrecotte Rudiae,Negozio di artigianato tipico,http://www.terrecotterudiae.it,080 476 9793,"Via Noicattaro, 173",Rutigliano,,amministrazione@terrecotterudiae.it,,WordPress,Sì,Aruba Hosting,56,64,100.00,Sì,No
Galleria d'arte MAD.ART,Galleria d'arte,http://domusmad.art,353 395 0785,"Vico Fornaci Vecchie, 41",Matera,,madmadeddu68@gmail.com,https,React,No,wix com inc,59,80,100.00,Sì,No
Museo del Territorio e della Cultura Lagunare,Museo del patrimonio culturale,,0884 853281,Contrada Bagno di Varano,Cagnano Varano,,,,,,,,,,,
Art Studio by dominga di Settanni,Salone da parrucchiere,,080 455 2500,"Via Epifania Federico, 71",Capurso,,,,,,,,,,,
Up &Up unconventional place,Bar caffè,,320 409 3970,"Via G. Marconi, 18",Cagnano Varano,,,,,,,,,,,
Cornici Corallo Srl,Negozio di cornici,,349 756 9998,"Via Madonna del Pozzo, 23",Capurso,,,,,,,,,,,
ArtEdil di Luca Principale,Impresa edile,,342 167 8794,"Via Piave, 84",Pulsano,,,,,,,,,,,
Bar Caffè Cavù,Caffè,,0884 89109,"Corso Pietro Giannone, 237",Cagnano Varano,,,,,,,,,,,
L'Artigiangrafica Guarnieri,Tipografia digitale,http://www.graficaguarnieri.it,080 476 1228,"Via Monsignore di Donna, 6",Rutigliano,,info@graficaguarnieri.it,http,WordPress,No,Aruba S.p.A. Network,55,70,100.00,Sì,No
DAmicomichelegallery,Galleria d'arte,,349 764 8394,"Contrada Calabrese, 31",Cisternino,,,,,,,,,,,
Arteimmagine Srl,Falegnameria,,348 698 2008,Via Cesare Contegiacomo,Putignano,,,,,,,,,,,
L'Arte Della Pietra Di Alabrese Ambrogio Salvatore,Ditta specializzata in marmi,,099 955 6499,"Via Roma, 224",Lizzano,,,,,,,,,,,
Biblioteca comunale Filippo De Miccolis,Biblioteca pubblica,,080 491 1626,"V. Castello, 26",Putignano,,,,,,,,,,,
DipintiModerni.it e DipintiAstratti.it,Servizio di e-commerce,http://dipintimoderni.it,327 588 5915,"Via Costantinopoli, 137",Pulsano,,info@dipintimoderni.it,https,Shopify,Sì,Server Plan S.r.l.,68,91,100.00,Sì,No
Adriana Musto,Galleria d'arte,,320 268 8826,"Via Bosco, 41",Veglie,,,,,,,,,,,
Museo Civico,Museo,,0881 978433,"Via Regina Margherita, 84",Troia,,,,,,,,,,,
TAPPARINI,Galleria d'arte,,329 686 9850,"Via Angelo Custode, 4",Nardò,,,,,,,,,,,
BOTTEGA D'ARTISTA,Artista,,389 474 1598,"Via Golfo di Taranto, 9/L",Taranto,,,,,,,,,,,
Museo del Tesoro della Cattedrale di Troia,Museo,,0881 970020,"Piazza Episcopio, 6",Troia,,,,,,,,,,,
GALLERIA D'ARTE QUADRI E CORNICI,Negozio di cornici,,338 443 6138,"Via Monte dei Diavoli, 14",Manduria,,,,,,,,,,,
Arte Nova Interni,Designer d'interni,http://artenovainterni.it,099 611856,"Via Foggia, 23",Crispiano,,,https,WordPress,Sì,Aruba S.p.A.,34,47,85.00,Sì,No
ArtSofà srl,Negozio di divani,http://artsofa.it,080 849 4843,"Via Neviera, 66/C",Capurso,,info@artsofa.it,https,WordPress,No,Aruba S.p.A. Network,56,67,92.00,Sì,No
Pareo Art Gallery,Galleria d'arte,https://www.patriziapareo.it,320 214 0056,"Via Santa Lucia, 31",Cisternino,,info@patriziapareo.it,https,WordPress,No,Aruba S.p.A.,67,90,85.00,Sì,No
Art House Auction,Galleria d'arte,https://www.arthouseauction.com,099 946 3142,"Via Venezia, 56",Taranto,,info@arthouseauction.com,https,WordPress,No,Netsons,53,65,77.00,Sì,No
Carpino Folk Festival,Organizzazione non profit,http://www.carpinofolkfestival.com,348 810 2899,"Via Mazzini, 201",Carpino,,,http,WordPress,No,Aruba S.p.A,65,91,100.00,Sì,No
Chiesa Madre di Santa Maria del Borgo,Chiesa cattolica,,0882 475881,1 Largo Chiesa Madre,San Nicandro Garganico,,,,,,,,,,,
L'Arte del Mobile,Negozio di mobili,,0884 8218,"Corso Pietro Giannone, 12",Cagnano Varano,,,,,,,,,,,
Museo Civico Principe Guglielmo Romanazzi Carducci di Santo Mauro,Museo storico locale,https://www.museoromanazzicarducci.it,080 236 7269,"Piazza Plebiscito, 16",Putignano,,musap@comune.putignano.ba.it,https,WordPress,No,NETWORKSISTEMI,0,0,77.00,Sì,No
"dott. Simone De Troia, Guida Turistica - Storico dell'Arte | GuidaLuceraDaunia.it",Agenzia di visite turistiche,http://www.guidaluceradaunia.it,349 218 7443,"Via S. Francesco Antonio Fasani, 65",Lucera,,info@guidaluceradaunia.it,https,WordPress,No,Aruba S.p.A. Network,57,83,100.00,Sì,No
Art Lab Second Light,Galleria d'arte,,371 307 0885,"Via Umberto I, 17",Galatina,,,,,,,,,,,
IMPRONTE D'ARTE,Negozio di artigianato tipico,,338 275 6972,"Via Umberto I, 11",Pulsano,,,,,,,,,,,
MorganArte di Morgana Lazzara,Galleria d'arte,,349 335 1653,"Via Firenze, 4-6/8",Nardò,,,,,,,,,,,
Arte Foto Di Rutigliano Vincenza,Negozio di articoli per la fotografia,,0885 431614,"Via Cavour, 27",Stornara,,,,,,,,,,,
ROSSOQUARANTUNO arte contemporanea,Galleria d'arte,,340 961 3806,"Via delle Crociate, 41",Trani,,,,,,,,,,,
La bottega dell'arte eredi di Vito Pati,Galleria d'arte,http://www.artepati.it,348 790 0636,"Via Remo, 15",Brindisi,,,https,WordPress,No,Serverplan s.r.l.,99,100,75.00,Sì,No
L'Arte Antica= Di De Bellis Alessandro,Negozio di pasta fresca,,0881 592419,"Via Stradale Lucera, 108",Alberona,,,,,,,,,,,
I Cinque Reali Siti,Ristorante,,379 163 8329,"Via chiesa, n °4",Stornara,,,,,,,,,,,
Galleria delle Emozioni,Galleria d'arte,,375 661 2588,Via Mulini Vecchi,Cisternino,,,,,,,,,,,
IDEA FOTO,Studio fotografico,,080 992 4549,"Piazza Umberto I°, 31",Bitetto,,,,,,,,,,,
CAD Creative Art Design,Galleria d'arte,,327 898 3637,"Via Gaetano Granieri, 2",Bari,,,,,,,,,,,
Associazione Putignano Nel Mondo,Centro culturale,https://www.putignanonelmondo.it,080 237 3491,"25 Via Angelini Gian Fedele, Putignano, BA 70017",Putignano,,redazione@putignanonelmondo.it,https,Joomla,No,Aruba S.p.A. Network,28,33,75.00,Sì,No
Antik Design,Negozio di antiquariato,http://www.antikdesign.it,339 774 5318,"V. Giacomo Leopardi, 50",Putignano,,porta.portese2011@libero.it,http,OpenCart,No,Aruba S.p.A. Network,38,70,82.00,Sì,No
Casa della Cultura Rocco Dicillo,Biblioteca pubblica,,080 300 8306,Via Rocco Dicillo,Triggiano,,,,,,,,,,,
Carpino in Folk,Festival,https://www.carpinoinfolk.com,348 253 9022,"Via Giacomo Matteotti, 68",Carpino,,,https,React,No,Google LLC,0,95,100.00,Sì,No
ArtGallery2022 (In allestimento),Galleria d'arte,https://astrattismo-spazio-inconscio.webnode.it,324 053 3905,"Via Francavilla, 37",Latiano,,dostunigiancarlo@libero.it,https,ASP.NET,No,Sconosciuto,78,100,92.00,Sì,No
Romano Galleria D'Arte,Galleria d'arte,,349 141 8931,"Viale Bari, 4",Gallipoli,,,,,,,,,,,
Creazioni lucenti,Galleria d'arte,http://creazionilucenti.altervista.org,320 563 1296,"Via Luigi Settembrini, 36",Masseria Seminario,,biondolucente@hotmail.it,https,WordPress,No,Sconosciuto,71,95,85.00,Sì,No
L'Ulivo che Canta Gallery,Galleria d'arte,,349 504 9823,"Via Bixio Continelli, 9",Ostuni,,,,,,,,,,,
Immagine calzature di Mancino Domenico,Negozio di scarpe,http://www.immaginecalzature.it,099 955 8425,"Via Principe Umberto, 82",Lizzano,,,https,WordPress,Sì,Aruba S.p.A.,62,78,85.00,Sì,No
STRAMURALES,Festival,http://www.stornaralife.it,334 188 1488,"Piazza della Repubblica, sn",Stornara,,stornaralife@gmail.com,https,React,No,Sconosciuto,28,55,100.00,Sì,No
𝙻𝚘𝚘𝚏𝚏𝚒𝚌𝚒𝚗𝚊,Galleria d'arte,,346 218 1085,"Via S. Mercadante, 5",Ostuni,,,,,,,,,,,
Galleria Luce Arte Moderna,Galleria d'arte,http://www.gallerialuce.com,041 522 2949,Campiello Marinoni della Fenice San Marco 1922/A,Venezia,,,https,Webflow,No,Hetzner Online GmbH,78,96,100.00,Sì,No
La Galleria Dell'Arte,Pizzeria a domicilio,,320 777 492,"Via Giuseppe Garibaldi, 76",Taranto,,,,,,,,,,,
INSOLITA COMUNE,Galleria d'arte,,331 265 3646,"Via G. B. de Michele, 9",Nardò,,,,,,,,,,,
Esposizione Sud Est,Galleria d'arte,,392 596 0659,"Corso Umberto I, 18",Conversano,,,,,,,,,,,
L'Arte Della Pizza,Pizzeria,,347 838 1532,"Viale Europa, 27",San Vito dei Normanni,,,,,,,,,,,
GALLERY ARREDAMENTI INTERIOR DESIGN SRL,Negozio di mobili,,0831 983678,"Via Antonio Sardelli, 29",San Vito dei Normanni,,,,,,,,,,,
Anfiteatro Romano di Lucera,Anfiteatro,,0881 547041,"Viale Augusto, 93",Lucera,,,,,,,,,,,
ATELIER Pamela Campagna,Galleria d'arte,http://www.pamelacampagna.com,338 597 4810,"Via Marcello Celentano, 50",Bari,,me@pamelacampagna.com,https,WordPress,No,Aruba S.p.A.,64,93,92.00,Sì,No
Speciale Tarshito,Galleria d'arte,http://www.specialetarshito.eu,080 548 4699,"Str. Vicinale Torre di Mizzo, 27",Bari,,,https,WordPress,No,Aruba S.p.A. Network,69,97,92.00,Sì,No
1m2 Art Exhibit - Cisternino,Galleria d'arte,https://www.1m2.it,345 085 3037,"Via Santa Lucia, 53",Cisternino,,,https,WordPress,No,Aruba S.p.A. Network,65,86,85.00,Sì,No
Quadreria Den Hertog,Galleria d'arte,,080 524 6311,"Via Andrea da Bari, 117/A",Bari,,,,,,,,,,,
L.A.L.D. SPACE,Galleria d'arte,http://www.likealittledisaster.com,333 560 2865,"Via Giuseppe Garibaldi, 7",Torre Santa Susanna,,info@likealittledisaster.com,https,Contiki CMS,No,Sconosciuto,0,0,0.00,Sì,No
Galleria 32 art gallery Carovigno,Galleria d'arte,,379 217 1967,"Via V. Veneto, 32",Carovigno,,,,,,,,,,,
Ferramenta Arte Casa di Novielli Nicola,Negozio,,377 390 6902,"Via Thaon de Revel, 29",Sannicandro di Bari,,,,,,,,,,,
Cinema Teatro Dell'Opera,Cinema,https://www.cineteatrodellopera.it,0881 540955,"Via Giordano Bruno, 5",Lucera,,info@cineteatrodellopera.it,https,Shopify,Sì,Aruba S.p.A. Network,57,77,85.00,Sì,No
Studio9tv,Ufficio aziendale,http://studio9tv.com,0881 548334,"Viale Avv. Vincenzo Scarano, 55",Lucera,,redazione@studio9tv.com,https,React,Sì,Aruba S.p.A,72,75,92.00,Sì,No
Sala dei Templari,Galleria d'arte,,351 986 9433,"P.za Municipio, 32",Molfetta,,,,,,,,,,,
Pinacoteca Comunale Salvatore Cavallo,Museo,,0831 966026,"Via G. Pascoli, 26",San Michele Salentino,,,,,,,,,,,
Colorificio Lagioia S.R.L.,Negozio di articoli per la pittura,http://www.lagioia.it,080 468 1661,"Via delle Mura, 65",Triggiano,,info@lagioia.it,https,WordPress,Sì,Netsons,71,84,85.00,Sì,No
Arci Sannicandro di Bari,Associazione,http://www.arcisannicandro.it,366 546 5145,"Via Guglielmo Marconi, 2",Sannicandro di Bari,,,https,Vue,No,Aruba S.p.A.,55,75,92.00,Sì,No
Compagnia Piccola Ribalta,Teatro,http://www.piccolaribalta.it,346 655 8302,"Via Don Vitangelo Dattoli, 33",Triggiano,,info@piccolaribalta.it,https,WordPress,No,Sconosciuto,47,74,92.00,Sì,No
Boutique Immagine,Boutique,,0831 984815,"Via S. Donato, 23",San Vito dei Normanni,,,,,,,,,,,
Bottega D'arte - Ostuni Sulla Pietra,Negozio di artigianato tipico,,338 269 5731,"Via Cattedrale, 7",Ostuni,,,,,,,,,,,
Sax Art Gallary,Galleria d'arte,,335 807 5669,"Via Fiorentini, 233",Matera,,,,,,,,,,,
Galleria del Quadro,Negozio di articoli da regalo,,099 957 5465,"Piazza Madonna delle Grazie, 15",San Marzano di San Giuseppe,,,,,,,,,,,
TONDADESIGN,Galleria d'arte,http://www.tondadesign.it,329 191 3431,"Via Giuseppe Palmieri, 20",Lecce,,info@tondadesign.it,https,WordPress,No,Sconosciuto,28,60,85.00,Sì,No
Eventi Di Melacca Giovanna,Negozio di articoli da regalo,,349 672 1477,"Via S. Donato, 57",San Vito dei Normanni,,,,,,,,,,,
Appia Road Gallery & Residence,Negozio,,392 320 2710,"Via Madonna di Pompei, 26",Grottaglie,,,,,,,,,,,
Pinacoteca Michele de Napoli,Museo,,080 354 2836,"Corso Dante Alighieri, 9",Terlizzi,,,,,,,,,,,
MAAC - museo archeologico e di arte contemporanea,Museo archeologico,,0831 376123,"Via Enrico de Nicola, 1",Ceglie Messapica,,,,,,,,,,,
206 Galleria,Galleria d'arte,,328 228 0041,"Via dei Mille, 206",Bari,,,,,,,,,,,
GAL Magna Grecia,Ufficio aziendale,http://galmagnagrecia.it,099 566 7149,S.P. 83 per Monteiasi snc,Grottaglie,,galmagnagrecia@pec.it,https,Joomla,Sì,Aruba S.p.A. Network,37,71,100.00,Sì,No
Mad Mall,Scuola di musica,,347 185 5053,Via Torquato Tasso,Mattinata,,,,,,,,,,,
Centro Arte e Tradizioni Popolari - Piccolo Museo Etnografico,Museo,,347 565 9573,"Via L. De Vita, 10",Mattinata,,,,,,,,,,,
Margherita Serra SpazioSculptureArt,Galleria d'arte,http://www.margheritaserra.com,328 817 7393,"Via Madonna delle Virtù, 81",Matera,,,http,Joomla,No,Aruba S.p.A.,,,,Sì,No
Dejanira Ballet,Scuola di danza,http://www.dejaniraballet.it,366 468 6573,"Via Alessandro Manzoni, 61/63",Monteiasi,,info@dejaniraballet.it,https,WordPress,Sì,Aruba S.p.A. Network,,,,Sì,No
PAC Pop Art Café,Locale specializzato in cocktail,https://www.popartcafe.it,0831 198 5432,"Via Giovanni Verga, 1",San Michele Salentino,,,https,Shopify,No,"Cloudflare, Inc.",,,,Sì,No
Frammenti d'Arte,Negozio di artigianato tipico,http://www.frammenti-darte.com/dove-siamo,340 936 4678,Contrada Asciola Pappamucco,Mattinata,,info@frammenti-darte.com,http,WordPress,No,Aruba S.p.A.,,,,Sì,No
Studio 52 Arte E Cornici,Negozio di cornici,,368 760 6751,"Via Santeramo in Colle, 7",Altamura,,,,,,,,,,,
Toda Joia - Sala feste,Organizzatore di feste,http://www.todajoiasalafeste.it,388 152 7360,"Via Aldo Moro, 11",Monteiasi,,,https,Canva Websites,No,Aruba Hosting,56,62,91.00,Sì,No
Pinacoteca Diocesana - Chiesa di Santa Chiara,Museo d'arte,,340 476 7231,"Via Porta Antica della Città, 16",Conversano,,,,,,,,,,,
Castello Carlo V,Castello,,080 414 0208,"Largo Castello, 5",Monopoli,,,,,,,,,,,
Arti e Mestieri,Imbianchino,,338 871 0929,"Via S.S. Medici, 10",Fragagnano,,,,,,,,,,,
La Putéje de lu Fure,Negozio di alimentari,,0881 972347,Via Fontana Nuova,Celle di San Vito,,,,,,,,,,,
Casa delle Arti Davide Gaetano D’accolti,Sala da concerto,http://www.casadellearti.org,080 968 2777,"Via Donato Jaia, 14",Conversano,,casadellearti.info@gmail.com,https,WordPress,No,Persolvo-IRIDEOS,,,,Sì,No
Arte&Decori,Designer d'interni,,333 483 3963,"Via S. Francesco, 45",Fragagnano,,,,,,,,,,,
Gallery Collection,Negozio di scarpe,,080 968 1037,"Via Magenta, 46",Monopoli,,,,,,,,,,,
Albanese Arte Galleria,Galleria d'arte,https://www.alessandroalbanese.it,0835 336775,"Via XX Settembre, 25",Matera,,,https,Squarespace,No,"Squarespace, Inc.",61,89,92.00,Sì,No
Musei Tecum,Museo,http://www.santuariosanmichele.it/musei-tecum,0884 561150,"Via Reale Basilica, 127",Monte Sant'Angelo,,,https,WordPress,Sì,Sconosciuto,,,,Sì,No
Old Era Showroom,Negozio di mobili antichi,https://oldera.it,351 928 8371,"Via Cesare Battisti, 5280",Taranto,,info@oldera.it,https,Joomla,Sì,IONOS SE,50,49,92.00,Sì,No
Galleria 23,Galleria d'arte,https://www.galleria23.it,340 333 8491,"C.so Vittorio Emanuele II, 60",Barletta,,info@galleria23.it,https,Shopify,No,Keliweb S.R.L,55,57,85.00,Sì,No
Galleria d'arte F. Capece,Galleria d'arte,,0836 426851,"LE, Piazza Aldo Moro, 25",Maglie,,,,,,,,,,,
Fili d'Arte,Compravendita di opere d'arte,,333 760 7680,"Largo Cattedrale, 6-2",Conversano,,,,,,,,,,,
LA CORNICE da Mimmo. Quadri e articoli da regalo,Laboratorio fotografico,,334 127 1731,"Piazza Maria Santissima delle Grazie, 15",San Marzano di San Giuseppe,,,,,,,,,,,
Hassan Gallery,Negozio di tappeti orientali,http://www.hassangallery.com,320 495 2725,"P.za della Repubblica, 29",Conversano,,info@hassangallery.com,https,React,Sì,Serverplan,,,,Sì,No
Il Sentiero dell'Angelo - Museo Multimediale e Interattivo,Museo d'arte,http://www.ilsentierodellangelo.it,345 179 5535,"Via Giuseppe Garibaldi, 3",Monte Sant'Angelo,,info@ilsentierodellangelo.it,https,React,Sì,Sconosciuto,,,,Sì,No
Percorsi d'Arte,Galleria d'arte,http://www.galleriapercorsidarte.it,328 367 9819,"Piazza San Giovanni Elemosiniere, 23",Casarano,,cinziaderocco@alice.com,http,Angular,No,Aruba S.p.A. Network,,,,Sì,No
Hotel D'Amato,Hotel,https://www.hoteldamato.it,377 350 9638,"Località, Via Spiaggia",Peschici,,,https,Shopify,Sì,SEMPLIFY-SRL,,,,Sì,No
La bottega dell'arte da indossare,Orafo,,329 806 9541,"Via Baronessa Contarini, 28",Collepasso,,,,,,,,,,,
Studio d'Arte Vergaro di Claudio Vergaro,Galleria d'arte,,333 342 2247,"Via Chiusa, 55",Cutrofiano,,,,,,,,,,,
"Art Creative,ass.cult.",Galleria d'arte,,347 817 6192,"Via Cenobio Basiliano, 10",Otranto,,,,,,,,,,,
Emozioni di Angelo Totaro,Fotografo per matrimoni,https://5cb89c7c50a7a.site123.me,366 360 9493,"Via Giovanni Tancredi, 12",Monte Sant'Angelo,,,https,Site123,No,"Amazon.com, Inc.",,,,Sì,No
Tek Di Miglietta Angela,Cartoleria,,0833 345959,"Via Umberto I, 9",Collepasso,,,,,,,,,,,
Mostra Ex Torchio d'Arte La Stella,Museo d'arte,,327 006 0625,"Via Santa Maria del Paradiso, 10",Lecce,,,,,,,,,,,
ATELIER ORODè DEORO. Laboratorio Di Mosaico e Pittura,Galleria d'arte,http://www.orodedeoro.com,333 958 8907,"Via Monteroni, 238/a",Lecce,,,https,WordPress,No,OVH SAS,,,,Sì,No
Monumento alla ceramica,Galleria d'arte,,800 110 605,"Viale della Ceramica, 2",Cutrofiano,,,,,,,,,,,
Giuseppe Corrado Art Gallery,Galleria d'arte,http://www.giuseppecorrado.com,328 978 7334,"Via della Libertà, 16",Montesano Salentino,,,https,WordPress,No,Aruba S.p.A.,,,,Sì,No
Nassisi ARTE,Galleria d'arte,https://www.nassisiarte.it,328 873 6895,"Via Giuseppe Mazzini, 50A",Melissano,,marinellanassisi@libero.it,https,WordPress,No,Hetzner Online GmbH,,,,Sì,No
Villa Faro,Giardino,,0883 692721,Viale Giuseppe di Vittorio,Minervino Murge,,,,,,,,,,,
Progetto Arte,Studio di registrazione,,347 793 6767,"Via Salvo D'Acquisto, 14",Minervino Murge,,,,,,,,,,,
Gigi Rigliaco Gallery,Galleria d'arte,,329 687 2838,"Via Adige, 32 bis",Galatina,,,,,,,,,,,
SCULTURE ARTE CONTEMPORANEA IN ULIVO,Galleria d'arte,,348 032 2658,"contrada, Str. vicinale di Civo, 79",Taviano,,,,,,,,,,,
Museo del Giunco palustre,Museo del patrimonio culturale,https://prolocoacquarica.wixsite.com/prolocoacquarica/il-museo-del-giunco,351 053 8885,"Via Roma, 1",Presicce-Acquarica,,cd64ba1f47df485bba2b0076c0dd3b25@sentry.wixpress.com,https,WordPress,Sì,Google LLC,,,,Sì,No
E-lite Studio Gallery,Spazio per eventi,,338 167 4879,"Corte San Blasio, 1",Lecce,,,,,,,,,,,
Museo d'Arte Contemporanea Rupestre - Museum of Contemporary Rock Art,Museo all'aperto,https://www.costruttoridibabele.net/marius-branca,327 549 7363,Strada comunale Sant'Angelo Diruto,Specchia,,gabrielemina@hotmail.com,https,ASP.NET,Sì,Aruba S.p.A. Network,,,,Sì,No
PGS Ausilia Avantaggiato,Associazione,http://pgscorigliano.org,0836 329035,"Via Don Bosco, 50",Corigliano D'otranto,,,,Joomla,No,Planetel SPA,,,,Sì,No
La bottega del Mortaio - Arte antica della pietra dal 1978,Negozio di artigianato tipico,,347 833 8356,"Via Giordano Bruno, 237",Minervino Murge,,,,,,,,,,,
Artea Srl,Produttore di arredi per negozi e supermercati,,0833 342070,Zona Ind.le Tronco D,Collepasso,,,,,,,,,,,
Dal Borgo Al Mare - Palazzo Ducale Alessano,Organizzatore di eventi,https://www.castelloalborgo.it,338 631 3201,"Piazza Mercato, 10",Alessano,,,https,WordPress,No,Keliweb S.R.L,,,,Sì,No
Arte & Cucina Restaurant,Ristorante,,328 161 4932,"Via Lecce, 13",Galatone,,,,,,,,,,,
Castello di Peschici,Castello,https://www.beniculturali.it/luogo/castello-di-peschici,0884 964078,"Recinto Baronale, 1",Peschici,,,https,Laravel,Sì,Vodafone Italia S.p.A.,,,,Sì,No
Arte e Cucina SUSHI,Ristorante di sushi,,350 813 9024,"Via Salento, 3",Galatone,,,,,,,,,,,
Casa vacanza Salento Art,Casa per vacanze,,320 173 0236,"Via Lazio, 20",Nardò,,,,,,,,,,,
Kora - Contemporary Arts Center,Centro d'arte,http://www.k-ora.it,366 319 9532,"Via Vittorio Emanuele, 19",Castrignano de' Greci,,residency@ramdom.net,https,React,No,Netsons s.r.l.,,,,Sì,No
Idearte Due Sas di Franza Sara & C.,Agenzia di pubblicità,http://www.idearte2.com,0833 521801,"SS275, 161",Alessano,,info@idearte2.com,https,WordPress,No,"DigitalOcean, LLC",,,,Sì,No
MAIDE,Galleria d'arte,https://www.museoebraicolecce.com/maide,389 436 3823,"Piazzetta Gabriele Riccardi, 3",Lecce,,info@museoebraicolecce.com,https,WordPress,Sì,Aruba S.p.A.,,,,Sì,No
Palazzo Marchesale Belmonte-Pignatelli,Castello,,0833 864911,"Via Convento, 30",Galatone,,,,,,,,,,,
SHIP IN ARTE,Galleria d'arte,https://www.shipinarte.com,335 607 9819,"Via Federico D'Aragona, 1",Lecce,,shipinarte@gmail.com,https,Joomla,No,Aruba S.p.A.,,,,Sì,No
Studio d’Arte Rossana Giannico,Pittura,,333 931 2131,"Via Giuseppe Lillo, 45",Galatina,,,,,,,,,,,
Lu Mbroia Art&Lab - Associazione Culturale,Centro culturale,,338 120 0398,"Parallela via vecchia Corigliano, sn",Corigliano d'Otranto,,,,,,,,,,,
Palazzo del Principe,Castello,,0836 343824,Piazza del Popolo,Muro Leccese,,,,,,,,,,,
Nuovo Cinema Paradiso,Cinema,,0832 834401,"LE, Piazza Risorgimento, 50",Melendugno,,,,,,,,,,,
Roberto Tondi Italian Artist Photographer,Fotografo,http://www.robertotondi.it,329 982 7311,"Via Giovanni Antonio Orsini del Balzo, 42",Lecce,,,https,Joomla,No,Aruba S.p.A. Network,,,,Sì,No
Labirinti Artistici,Galleria d'arte,,334 873 7241,"Via S. Domenico Savio, 38",Lecce,,,,,,,,,,,
Fondazione La Notte della Taranta,Organizzatore di eventi,http://www.lanottedellataranta.it,0836 439008,"Ex Convento dei Padri Agostiniani, Via della Libertà, 66",Melpignano,,,https,Joomla,Sì,Server Plan S.r.l.,,,,Sì,No
"Artstudio Margarito Antonio, sculture in pietra leccese",Museo di scultura,http://www.artstudio-margarito.it/Ita-index.htm,320 326 6792,Via Pitine,Montesano Salentino,,info@artstudio-margarito.it,http,ASP.NET,No,Sconosciuto,,,,Sì,No
MENA FUECO studio | ex frantoio,Negozio di ceramiche,https://www.menafueco.studio,346 089 3147,"Via Crispi, c/o Ex Frantoio, 57",Grottaglie,,,https,Shopify,No,"Cloudflare, Inc.",,,,Sì,No
La DIMorA di Marco - Exclusive Art Rooms Salento,Casa per vacanze,http://www.dimoradimarco.it,320 611 0665,"Via Roca, 81",Melendugno,,ladimoradimarcosalento@gmail.com,https,WordPress,No,Sconosciuto,,,,Sì,No
Fiera di Miggiano,Organizzatore di mostre,,0823 633,Via Giuseppe Verdi,Miggiano,,,,,,,,,,,
Smart Gallery,Artista,,393 103 8603,Via Armando Diaz,Aradeo,,,,,,,,,,,
Residenza dell'Amore,Attrazione turistica,http://www.residenzadellamore.it,333 147 3696,Contrada Cardigliano di Sopra S.N.C,Specchia,,,https,WordPress,No,Aruba S.p.A.,,,,Sì,No
Cesaria arte,Produttore,https://www.cesariarte.it,333 499 2398,"Corso Vittorio Emanuele Ⅲ, 263",Sava,,,https,Shopify,No,Google LLC,,,,Sì,No
Palazzo Muro Leccese,Bed & Breakfast,https://www.palazzomuroleccese.it,329 924 7715,"Via Roma, 1",Muro Leccese,,info@palazzomuroleccese.it,https,Odoo,Sì,Aruba S.p.A.,,,,Sì,No
Galleria Trentuno,Azienda e-commerce,http://www.galleria31.it,350 032 3477,Via Enrico Mattei Lotto 31a,San Cassiano,,info@galleria31.it,https,Shopify,Sì,Aruba S.p.A,,,,Sì,No
SPAZIO ARTE,Studio per ritratti,,371 411 5248,"Piazza Falconieri, 18",Monteroni di Lecce,,,,,,,,,,,
Festival Internazionale delle Arti,Festival,http://www.internationalartsfestival.it,328 242 6875,"Via, Vicinale Cappellone, 1",Copertino,,internationalartscompany@gmail.com,https,React,No,OVH SAS,,,,Sì,No
Gioielleria La Galleria,Gioielleria,,0832 522431,"Largo Giuseppe Mazzini, 51",Copertino,,,,,,,,,,,
Pino Donno,Artista,,328 725 8206,"Piazzetta Regina Maria, 4",Lecce,,,,,,,,,,,
Interstellar Studio,Studio di registrazione,http://www.cantieriartistici.com,351 325 6495,"Via A. De Gasperi, 50",Morciano di Leuca,,cantieriartistici@gmail.com,https,Angular,No,Google LLC,,,,Sì,No
Chiarodiluna,Galleria d'arte,,0832 179 0772,"Via Giuseppe Libertini, 61",Lecce,,,,,,,,,,,
Acconciature Aurora di Riso Raffaella,Salone da parrucchiere,,347 789 6707,"Via Trieste, 21",Corsano,,,,,,,,,,,
Artedanza Lequile Di Annalisa E Sara Caputo,Scuola di danza,,347 484 0197,"Via Rosario Livatino, 31",Lequile,,,,,,,,,,,
Arti Elettroniche Di Gallo Marco,Galleria d'arte,,0836 572977,"Via della Pace, 81",Martano,,,,,,,,,,,
Laboratorio d'arte Antonio Papa,Scultura,http://www.antoniopapa.com,347 502 5406,"Via Ugo Foscolo, 16",Surano,,info@antoniopapa.com,http,ASP.NET,No,Aruba S.p.A. Network,100,100,92.00,Sì,No
Artigrafiche di Palamà Valerio,Tipografia digitale,,0833 553091,"Via Roma, 5",Alliste,,,,,,,,,,,
Sculture Artistiche e Decorazioni,Negozio di ceramiche,,0832 934726,"Via Giorgio la Pira, 26",Copertino,,,,,,,,,,,
Campidoglio - Arteam srl,Negozio di insegne al neon,http://campidoglioinsegnedesign.it,338 270 7156,"Viale dei Lecci, 1",Statte,,info@campidoglioinsegnedesign.it,https,React,Sì,Aruba S.p.A.,55,69,0.00,Sì,No
ArteDonadei,Centro d'arte,,368 788 4045,"Pablo Neruda, 55",Aradeo,,,,,,,,,,,
InternoVivo Fotografia di Interni,Fotografo,https://iasigiova.wixsite.com/interno-vivo,351 990 0753,"Via 23 Marzo, 4",Neviano,,info@mysite.com,https,Wix,No,Google LLC,65,75,100.00,Sì,No
Dolce Arte,Negozio,,349 313 8050,"Litorale Gallipoli Leuca, 44",Marina di Mancaversa,,,,,,,,,,,
Negri Bottega Orafa di Negri Marco,Gioielliere,,0836 551777,"Via G. Giusti, 8",Aradeo,,,,,,,,,,,
Artefatto - L'Idea in Terracotta,Negozio di artigianato tipico,https://www.artefattolab.it,0836 503412,Via Petracca,Ortelle,,info@artefattolab.it,https,WordPress,No,Aruba S.p.A. Network,38,70,100.00,Sì,No
Teatro Illiria,Teatro,,0836 904384,"Via Armando Diaz, 220",Poggiardo,,,,,,,,,,,
Museo Laboratorio Arte Contadina,Museo,,377 399 2325,"Corso Italia 61, 100",Pezze di Greco,,,,,,,,,,,
FaberArte Quadri moderni astratti - lavorazioni LASER wedding,Negozio di quadri,http://www.faberarte.it,328 545 4279,"Via Don L. Sturzo, 17",Aradeo,,info@faberarte.it,https,Shopify,No,Serverplan S.r.l.,57,82,100.00,Sì,No
L'arte della tradizione di Puce Nicole,Fornaio,,347 427 3230,"Via Rodolfo Graziani, 113",Neviano,,,,,,,,,,,
LineaCornici,Negozio di cornici,,0833 765050,"Via Giovanni Romano, 14",Patù,,,,,,,,,,,
Bottega D'Arte,Negozio di articoli da regalo,http://www.bottega-darte.com,0836 484887,"Via Ginnasio, 16, Via S. Giuseppe, 13",Maglie,,shop@bottega-darte.com,https,React,No,Aruba S.p.A.,38,79,77.00,Sì,No
Palazzo Romano,Museo,,0833 183 2591,"Piazza Indipendenza, 32",Patù,,,,,,,,,,,
Art Du Coiffeur Di Romano Tommaso S.N.C.,Parrucchiere,,0832 826699,"Via Napoli, 23",Castri di Lecce,,,,,,,,,,,
Museo della Casa alla fasanese,Museo d'arte,,339 190 7309,"Via Mercato Vecchio, 3",Fasano,,,,,,,,,,,
Photo Art Carlino,Fotografo per matrimoni,,320 371 4613,"Via Giuseppe Mazzini, 114",Aradeo,,,,,,,,,,,
La Corte dei Sapori,Pizzeria,,347 139 9452,"Via Roma, 28",Cellino San Marco,,,,,,,,,,,
Arte Mobili,Falegnameria,http://www.artemobilionline.it,080 439 5648,"Contrada Sant'Angelo, 1",Fasano,,info@artemobilionline.it,https,WordPress,No,Sconosciuto,56,91,100.00,Sì,No
Oltre l'Immagine,Centro benessere e spa,https://www.oltrelimmaginespa.it,345 300 5128,"Via Salvo D'Acquisto, 8",Arnesano,,oltrelimmagine66@gmail.com,https,Joomla,No,Sconosciuto,28,48,75.00,Sì,No
Maci Leonardo Restauro di Opere D'Arte-Mobili,Negozio di articoli per l'arte,http://leonardomaci.it,348 334 6992,"Via Gian Domenico Borelli, 13",Campi Salentina,,info@leonardomaci.it,https,WordPress,No,"DigitalOcean, LLC",65,92,92.00,Sì,No
In Caso di...,Negozio di articoli da regalo,,320 116 4630,"Largo Pozze, 25",Carpignano Salentino,,,,,,,,,,,
Café Dei Napoli,Pasticceria,https://www.cafedeinapoli.com,0833 584418,"Piazza Municipio, 11",Alliste,,,https,WordPress,No,Aruba S.p.A. Network,35,33,77.00,Sì,No
PlazaCarrisi Hotel,Hotel,https://plazacarrisi.it,0831 601947,"Piazza Aldo Moro, 7",Cellino San Marco,,hotel@plazacarrisi.it,https,React,Sì,Signet B.V,59,68,92.00,Sì,No
Sbocchi Cesare,Negozio di articoli per la fotografia,,0836 587180,"Via Francesco Monosi, 24",Castrignano De' Greci,,,,,,,,,,,
Officine Artistike,Negozio di quadri,https://www.officineartistike.it,391 308 9736,"Via Nazario Sauro, 34A",San Cassiano,,info@officineartistike.it,https,Magento,Sì,Serverplan,43,48,83.00,Sì,No
L’arte di Vittorio B&B,Bed & Breakfast,https://lartedivittorio.com,388 159 2185,"Via Lazio, 9",Racale,,info@lartedivittorio.com,https,React,Sì,Host SpA,64,75,100.00,Sì,No
Galleria Medusa,Negozio di artigianato tipico,,338 292 5723,"Piazza G. Villani, 19",Presicce-Acquarica,,,,,,,,,,,
Matite Colorate Di Antonia Petito,Negozio di articoli per la fotografia,,0832 733485,"Via Fontana, 40",Salice Salentino,,,,,,,,,,,
"artseed | Photo & Videography TRE FONTANE Campobello di Mazara, Sicily",Fotografo,,+49 1514 1280160,C/da Bosco Vecchio,Campobello di Mazara,,,,,,,,,,,
Art&stile patrizia,Salone da parrucchiere,,339 574 4778,"Via del Mare, 14",Presicce,,,,,,,,,,,
LA CORNICE,Galleria d'arte,,333 497 6251,"Via Giacomo Matteotti, 62",Maglie,,,,,,,,,,,
Art Poetry,Galleria d'arte,,329 624 9713,"Via g. Candido, 3",Lecce,,,,,,,,,,,
MILORD - Shop online Belle Arti e Cornici,Laboratorio fotografico,https://www.milord.it,377 593 3711,"Via Marco Biagi, 1",Botrugno,,info@milord.it,https,PrestaShop,Sì,Sconosciuto,42,69,83.00,Sì,No
Casa Marchesi,Bed & Breakfast,,373 724 4103,"Via Vittorio Emanuele II°, 88",Salice Salentino,,,,,,,,,,,
Pizzeria Art,Pizzeria,,388 569 3755,"Via Selinunte, 110",Campobello di Mazara,,,,,,,,,,,
Ufficio Anagrafe Comunale,Ufficio dell'amministrazione comunale,,0924 47647,"Via Ospedale, 12",Campobello di Mazara,,,,,,,,,,,
Spazio Idea,Fabbricazione e vendita tende,,328 141 5809,"Via Giuseppe Verdi, 12",Campofelice di Roccella,,,,,,,,,,,
Galleria d'Arte Moderna,Museo di arte moderna,http://www.gampalermo.it,335 545 3277,"Via Sant'Anna, 21",Palermo,,,https,Joomla,Sì,Critical Case s.r.l,56,85,92.00,Sì,No
Studio d’Arte GIORGIO FERSINI,Centro d'arte,http://www.giorgiofersini.it,349 119 0154,"Corso Roma, 13",Tricase,,info@giorgiofersini.it,https,WordPress,Sì,Sconosciuto,49,55,92.00,Sì,No
La Bottega di Mina,Negozio di articoli per l'arte,,340 536 8963,"Via G. Garibaldi, 29",Castrignano del Capo,,,,,,,,,,,
Arte Legno Centro Artistico Artigiano,Negozio,,0832 365261,"Viale V. Perrone Sindaco, 6",Surbo,,,,,,,,,,,
Istituto Tecnico Statale Per Geometri Vincenzo Accardi,Scuola pubblica,,0924 511601,"Via Roma, 10",Campobello di Mazara,,,,,,,,,,,
Andrea colaci bamm tattoo artist,Studio di tatuaggi,,344 245 1704,"Via Pesaro, 76",Castrignano del Capo,,,,,,,,,,,
L’Arte di Bardì,Pizzeria,,0833 193 4235,"Corso Giacomo Matteotti, 12",Presicce-Acquarica,,,,,,,,,,,
Arte B&B,Bed & Breakfast,,339 867 2983,"Via Vincenzo Ampolo, 13",Surbo,,,,,,,,,,,
Ann Gallery di Tuzzo Giuseppe Giovanni,Negozio di antiquariato,,0832 305965,"Via Salvatore Trinchese, 16b",Lecce,,,,,,,,,,,
Click Art,Negozio di articoli per la fotografia,,0836 544899,"Viale Italia, 90",Sogliano Cavour,,,,,,,,,,,
B&B Adua Art,Bed & Breakfast,,338 436 2958,"Via Adua, 2",Castrignano del Capo,,,,,,,,,,,
L' ACQUERELLO CARTOLIBRERIA,Cartoleria,,0832 407069,"Via Dante Alighieri, 209",San Cesario di Lecce,,,,,,,,,,,
L'Arte della Bellezza di Maggio Antonella - Centro Estetico,Centro estetico,,329 855 9677,"Via Diso, 87",Spongano,,,,,,,,,,,
Mjacconciature,Salone da parrucchiere,,351 918 6853,"Via Giuseppe Grassi, n.26",Sannicola,,,,,,,,,,,
Accademia Armonauti,Scuola d'arte drammatica,,347 717 8858,"Via Giuseppe Grassi, 19",Sannicola,,,,,,,,,,,
I Love LEGO - Mostra Lecce,Galleria d'arte,https://www.ticket.it/mostre/evento/i-love-lego-lecce.aspx,320 769 3152,"Viale Michele de Pietro, 10",Lecce,,helpdesk@ticket.it,https,ASP.NET,No,Fastweb Networks,67,83,92.00,Sì,No
Arte e Collezionismo,Negozio,,349 360 2400,"Piazzetta Del Borgo, 1",Ruffano,,,,,,,,,,,
La Galleria Del Gusto,Gelateria,,327 050 5741,"Via Engels, 110",Campobello di Licata,,,,,,,,,,,
Ncf produzioni artistiche artigianali di Sergio Crudo,Negozio di cornici,,333 438 9424,Via Pietro Maroncelli,Ruffano,,,,,,,,,,,
Museo Civico-Archeoclub D'Italia,Museo,,0883 636323,"71049 FG, Via Guglielmo Marconi",Trinitapoli,,,,,,,,,,,
Artefatto Di Rizzello Adele E Rizzello Ilaria S.N.C.,Negozio di mobili,,0833 692549,"Via Regina Elena, 131",Ruffano,,,,,,,,,,,
Tabacart di Paci Angelo,Tabaccheria,,376 007 4818,"Via Regina Elena, 7",Campobello di Licata,,,,,,,,,,,
Gioielleria Piccinni dal 1967 Castrignano del Capo (Lecce),Gioielleria,,0833 530492,"Piazza S. Michele, 8",Castrignano del Capo,,,,,,,,,,,
Arte Dadinka,Mercatino dell'usato,https://artedadinka-gosrl.it,346 824 4493,Via Edificio Scolastico,San Pietro In Lama,,,https,Shopify,Sì,"Cloudflare, Inc.",67,98,100.00,Sì,No
Visual Art Studio Di Claudio Negro,Studio fotografico,,0833 694096,"Via Roma, 39",Ruffano,,,,,,,,,,,
Aviosuperficie Masseria Macrì,Campo volo/piccolo aeroporto,http://www.aviosuperficiemacri.it,339 790 0560,S.S. Cutrofiano Supersano Km. 5,Supersano,,info@aviosuperficiemacri.it,http,WordPress,No,Sconosciuto,50,97,85.00,Sì,No
ARGILLARTE,Artista,,351 908 1812,"Largo Di Gennaro, 18",Trinitapoli,,,,,,,,,,,
GALLERIA Lecce Art - Drinks - Food,Bistrò,,334 311 6573,"Via Umberto I°, 24",Lecce,,,,,,,,,,,
Lava&Risparmia,Lavanderia automatica,,353 207 6066,"Via XXV Aprile, 26",San Ferdinando di Puglia,,,,,,,,,,,
L'Arte dei Sapori,Negozio di alimentari,,328 664 0761,"LE, Largo Gabriele D'Annunzio, 24",Ruffano,,,,,,,,,,,
studio d'arte di Luigi De Giovanni,Artista,,329 237 0646,"piazza del popolo, SUTTA E CAPANNE DU RIPA, Studio d'Arte di Luigi De Giovanni",Specchia,,,,,,,,,,,
Legno Arte Design - Creazioni in ulivo di Antonio Russo,Mobiliere,https://www.legnoarredo.com,329 956 8437,"Via Cavour, 20",Soleto,,,https,Joomla,No,Server Plan S.r.l.,48,75,100.00,Sì,No
B.L.,Galleria d'arte,,0883 542631,"Via Vecchia Spinazzola, 19",Andria,,,,,,,,,,,
Fondazione Lac o Le Mon,Fondazione,http://www.lacolemon.org,347 618 1280,"Via Cavallino, 19",San Cesario di Lecce,,,https,WordPress,No,"Automattic, Inc",81,92,58.00,Sì,No
L'ARTE DELLA CORNICE ️Pergotende ️Tende da Sole ️Vetrate Panoramiche ️Zanzariere ️Tapparelle ️Cornici ️Ferramenta,Negozio di tende avvolgibili,,349 364 5563,"Via Margherita di Savoia, 39, Via Massimo D’Azeglio, 23",Gagliano del Capo,,,,,,,,,,,
Museo della Civiltà Contadina,Museo,http://www.anzianitorrepaduli.it,329 437 8774,"LE, Via Torricella, 27",Ruffano,,anzianitorrepaduli@tiscali.it,http,WordPress,No,Aruba S.p.A. Network,64,74,85.00,Sì,No
Spicchi d’Arte - Gagliano del Capo,Pizzeria,http://bit.ly/spicchidarte,327 242 6441,"Via della Repubblica, 24",Gagliano del Capo,,,,Canva Websites,Non trovato,Google LLC,72,88,69.00,Stato Non Determinato,No
Arte Ottica Calò,Ottico,http://www.aoc-ottica.it,0833 233680,"Via Roma, 68",Sannicola,,,https,React,No,Aruba S.p.A. Network,54,89,77.00,Sì,No
Distilleria De Giorgi,Museo,http://www.distilleriadegiorgi.eu,320 916 8440,"Via Vittorio Emanuele III, 86",San Cesario di Lecce,,,https,React,No,Aruba S.p.A. Network,46,61,92.00,Sì,No
Arte Dolciaria,Negozio di articoli per feste,https://www.artedolciaria.com,350 591 4571,"Via XX Settembre, 31",Trinitapoli,,,https,WordPress,No,SEEWEB s.r.l.,68,96,85.00,Sì,No
Arte Marmo S.R.L.,Ditta specializzata in marmi,,0832 202681,Via Giovanni Paolo II,San Cesario di Lecce,,,,,,,,,,,
"Galleria Scarabelli - Cornici, quadri & grafiche d’autore",Negozio di cornici,,366 953 0690,"Via Vittorio Emanuele II, 100",Acireale,,,,,,,,,,,
Arte in fiore design,Fiorista,,388 923 9395,Via XX Settembre,Trinitapoli,,,,,,,,,,,
Museo Sigismondo Castromediano,Museo archeologico,,0832 373572,"Viale Gallipoli, 31",Lecce,,,,,,,,,,,
GAM Galleria d'Arte Moderna,Museo,,095 742 8017,"Via Castello Ursino, 32",Catania,,,,,,,,,,,
Museo Civico San Cesario di Lecce,Museo,https://cultura.gov.it/luogo/museo-civico-di-san-cesario-di-lecce,0832 205366,"Piazza Garibaldi, 16",San Cesario di Lecce,,sancesario@galattica.it,https,Laravel,Sì,Vodafone Italia S.p.A.,48,67,92.00,Sì,No
Moda&Arte Parrucchieri,Salone da parrucchiere,,095 765 5072,"Via Croce, 106",Aci Catena,,,,,,,,,,,
Buccomino,Bistrò,https://buccominobistrot.it,0883 681862,"Corso Umberto I, 204",Spinazzola,,info@buccominobistrot.it,https,Shopify,Sì,Interoute Telecommunications (UK) Ltd,52,96,100.00,Sì,No
PizzArt di Distefano Giuseppe,Pizzeria,,351 990 4188,"Via Roma, 73/75",Acate,,,,,,,,,,,
Gnam Gnam Pizzeria D'Asporto Con Servizio A Domicilio,Pizzeria,,0932 874094,"Via Emanuele Filiberto, 73",Acate,,,,,,,,,,,
Galleria Bruno Arte-contemporanea,Galleria d'arte,,0984 76859,"Viale degli Alimena, 97",Cosenza,,,,,,,,,,,
L'arte del Taglio,Barbiere,,328 969 3551,"Piazza Prestia Nino, 14 B",Alì Terme,,,,,,,,,,,
Galleria d'arte moderna Messina - Gamm,Galleria d'arte,,090 772 3549,"Viale Boccetta, 373",Messina,,,,,,,,,,,
Studio Art,Agenzia di pubblicità,,345 506 8121,"Via Gaetano Donizetti, 8",San Ferdinando di Puglia,,,,,,,,,,,
galleria d'arte La Piana Arte Contemporanea,Galleria d'arte,,333 733 2351,"Via Isidoro la Lumia, 79",Palermo,,,,,,,,,,,
Arte & Creatività articoli per Belle Arti-Cornici-Galleria d'Arte (GLAM artecontemporanea),Negozio di articoli per l'arte,,392 888 1339,"Via Risorgimento, 57",Ragusa,,,,,,,,,,,
QUAI Teatro Tenda di SpazioDuepunti,Teatro,https://www.spazioduepunti.it,320 550 4636,"Via Aldo Sabato Professore, 19",Taurisano,,,https,WordPress,No,Aruba S.p.A. Network,92,99,83.00,Sì,No
Cosimo Pezzulla Studio,Fotografo per matrimoni,,333 373 2589,"Via Indipendenza, 59",Uggiano la Chiesa,,,,,,,,,,,
Artestetica shimai di Biase,Centro estetico,,345 156 9606,"Via Don Giovanni Minzoni, 25",Trinitapoli,,,,,,,,,,,
Errearte,Atelier,,338 560 8410,"via Marconi, 25",Tuglie,,,,,,,,,,,
Raffaello Centro d'Arte,Galleria d'arte,https://www.raffaellogalleria.com,339 289 6464,"Via Emanuele Notarbartolo, 9/E",Palermo,,,https,Shopify,Sì,Aruba S.p.A.,59,82,92.00,Sì,No
Studio D'Arte di Daniela Fiorello,Centro d'arte,https://studiodartefiorello.com,338 500 5277,"Corso Garibaldi, 66",Racale,,daniela.fiorello@virgilio.it,,WordPress,No,Signet B.V.,32,0,92.00,Sì,No
Miragea - Casa Orto Museo,Museo di arte moderna,,320 359 0034,Via Girolamo Comi,Uggiano la Chiesa,,,,,,,,,,,
Edigest Libri E Prodotti Editoriali Di Carcagni Loredana,Libreria,,0836 812133,"Via Roma, 8",Uggiano La Chiesa,,,,,,,,,,,
Art-Forum,Atelier,,345 828 8955,"Via Armando Diaz, 10",San Cassiano,,,,,,,,,,,
Studio d'Arte Caroli,Artista,http://www.artcaroli.it,329 158 5685,"Corso Umberto I, 25",Taurisano,,,https,WordPress,No,Netsons Network,70,82,92.00,Sì,No
Galleria La Rocca,Galleria d'arte,,347 785 9161,"Via Giuseppe la Farina, 6",Palermo,,,,,,,,,,,
Arionte Arte Contemporanea,Galleria d'arte,,346 385 1506,"Via S. Michele, 32",Catania,,,,,,,,,,,
Arte Sacra di Tonio Zaccaria,Laboratorio,,347 589 5164,"Via John Fitzgerald Kennedy, 19",Trepuzzi,,,,,,,,,,,
La Bottega dell'Arte di Antonio Lanotte.Ritratti dipinti a mano su commissione,Artista,https://labottegadellarte2.it,347 864 8930,"Via Canne, 85/A",Barletta,,info@labottegadellarte2.it,https,WordPress,Sì,OVH SAS,53,59,92.00,Sì,No
Panificio Arte Bianca di La Lisa Salvatore,Alimentari,,333 113 4478,"Corso Indipendenza, 269",Acate,,,,,,,,,,,
Museo della Civiltà Contadina e delle Tradizioni Popolari,Museo,http://www.civiltacontadina.com/index.php,0833 596038,Via Venturi,Tuglie,,info@civiltacontadina.com,https,React,Sì,Aruba S.p.A.,54,79,92.00,Sì,No
SPAZIO TEATRO - Centro per le Arti drammatiche e performative,Scuola d'arte drammatica,,334 228 2211,"Ex distilleria Bianco, Via Campi, 46",Trepuzzi,,,,,,,,,,,
Legno E Arte Di Fattizzo Manolita,Ferramenta,,0833 554253,"Via Corfù, 15",Ugento,,,,,,,,,,,
DAGAR OUTLET di Davide Garzia,Centro commerciale outlet,,345 925 9374,"Via Gaetano Brunetti, 79",Trepuzzi,,,,,,,,,,,
Museo di Arte Sacra,Museo del patrimonio culturale,https://www.beniculturali.it/luogo/museo-d-arte-sacra-di-alcara-li-fusi,0941 793055,"Via Giuseppe Mazzini, 51",Alcara li Fusi,,passalacqua@cheapnet.it,https,ASP.NET,Sì,Vodafone Italia S.p.A.,47,69,92.00,Sì,No
Sicilia's - Residence Hotel - Art & Spa,Hotel,https://www.siciliashotel.it,095 896237,"Via dei Tigli, 3",Aci Catena,,info@siciliashotel.it,https,React,Sì,Signet B.V,88,87,92.00,Sì,No
Galleria d'Arte Moderna e Contemporanea Lucio Barbera,Galleria d'arte,http://turismoecultura.cittametropolitana.me.it,090 776 1217,"Via XXIV Maggio, 48",Messina,,promozioneturismo@cittametropolitana.me.it,https,ASP.NET,Sì,INTERBUSINESS,41,68,91.00,Sì,No
Galleria Caravello,Negozio di cornici,,091 349263,"Via Enrico Parisi, 38",Palermo,,,,,,,,,,,
Galleria d'arte,Negozio,,348 994 6151,"Via Generale Streva, 48",Palermo,,,,,,,,,,,
GALLERIA DEL CENTENARIO,Galleria d'arte,,350 002 0045,"Via Francesco Crispi, 60",Capo d'Orlando,,,,,,,,,,,
Carpe Diem,Galleria d'arte,,349 066 4767,Via Montello,Andria,,,,,,,,,,,
Palazzo Pati,Casa per vacanze,,347 164 3314,"V Sant'Ippazio, 8",Tiggiano,,,,,,,,,,,
QuadrettiMyFamily Emozioni d’arte,Associazione artistica,,392 930 7303,"Via Giacomo Puccini, 23A",Aci Sant'Antonio,,,,,,,,,,,
Museo del Carretto Siciliano,Museo del patrimonio culturale,http://www.museodelcarrettosiciliano.it,338 262 1513,"Via Vittorio Emanuele, 120",Aci Sant'Antonio,,,https,WordPress,No,Seeweb srl,67,98,92.00,Sì,No
Plaza Cafe Pasticceria & Gelateria,Pasticceria,http://plazapasticceria.it,0836 662031,"Via Eugenio Perrone, 7",Sternatia,,info@plazapasticceria.it,https,Joomla,Sì,Servereasy Srl,65,81,92.00,Sì,No
Masseria Gattamora,Hotel,http://www.gattamora.it,0836 817936,"Via Campo Sportivo, 33",Uggiano la Chiesa,,,https,React,Sì,Aruba S.p.A. Network,93,95,92.00,Sì,No
Laboratorio d'arte Artegarrinella,Galleria d'arte,,327 288 6160,"Via Giacomo Boggiano, 126",Barletta,,,,,,,,,,,
Galleria d'Arte Moderna Barletta Inter art Gallery Salvemini,Galleria d'arte,,0883 510064,"Via Alcide de Gasperi, 81",Barletta,,,,,,,,,,,
Arteggiate Lab Massaia Salentina,Artista,,320 849 5795,"LE, Via Guglielmo Marconi, 5",Casamassella,,,,,,,,,,,
Galleria Dell'Arte Arredamenti,Negozio di mobili,,368 578 960,"Via Tertulliano, via, 46",Andria,,,,,,,,,,,
Feltrinelli Capaci,Libreria,,338 223 0135,"c/o MuST23-Museo Stazione 23 Maggio, Via Monsignor Salvatore Siino, SNC",Capaci,,,,,,,,,,,
Palazzo Baronale di Tiggiano,Museo,,0833 531351,"Via Vittorio Veneto, 33",Tiggiano,,,,,,,,,,,
La Reggia Di Giardina Rosa,Negozio di antiquariato,,0922 738611,"Via Massimo D'Azeglio, 29/31/33",Canicattì,,,,,,,,,,,
Art Gallery,Galleria d'arte,,347 094 4709,"Via Giuseppe Garibaldi, 17",Agrigento,,,,,,,,,,,
091 Art Project - Galleria d'Arte Moderna e Contemporanea,Galleria d'arte,https://www.091artproject.it,393 286 0675,"Via Carrettieri, 8",Palermo,,info@091artproject.it,https,Shopify,No,Aruba S.p.A.,54,75,100.00,Sì,No
Casa dell'Arte Veglie,Alloggio turistico,,338 464 4260,"Via del Convento, 96",Veglie,,,,,,,,,,,
Ceramic'Arte di Alemanno G. & C. s.n.c,Laboratorio fotografico,,0832 970523,"Via Caduti sul Lavoro, 1",Veglie,,,,,,,,,,,
Dimensione Arte Di Sonia Marangia,Negozio di souvenir di matrimonio,,095 990111,"Via Guglielmo Marconi, 90",Carlentini,,,,,,,,,,,
Corniceria Brera,Negozio di cornici,https://www.corniceriabrera.it,095 378 9851,"Via Alberto Mario, 14/16,18",Catania,,info@corniceriabrera.it,https,WordPress,Sì,OVH ISP,65,93,92.00,Sì,No
Geotecnica Cartoleria,Cartoleria,,0832 753108,"Via 2 Giugno, 6",Trepuzzi,,,,,,,,,,,
Castello Normanno - Svevo di Aci Castello,Punto di riferimento storico,http://acicastello.turismo.comunelive.it,320 433 9691,Piazza Castello,Aci Castello,,,http,WordPress,No,Aruba S.p.A. Network,85,99,85.00,Sì,No
Galleria Ammendolea,Negozio di antiquariato,https://www.galleria-ammendolea.com,090 293 9951,"Via Risorgimento, 22",Messina,,,https,WordPress,No,Aruba S.p.A.,42,72,85.00,Sì,No
La Quercia B&B Pachino,Bed & Breakfast,,333 309 6761,"Via Indipendenza, 211",Pachino,,,,,,,,,,,
Punto Cornice,Negozio di cornici,,0931 591835,"Corso Nunzio Costa, 84/A",Pachino,,,,,,,,,,,
Galleria D'Arte Calcagno di Davide Calcagno,Galleria d'arte,http://www.galleriedartecalcagno.com,095 538717,"Viale Jonio, 42",Catania,,info@galleriedartecalcagno.com,https,React,Sì,Google LLC,44,71,100.00,Sì,No
Double Art,Galleria d'arte,http://www.doubleartcatania.com,348 802 9110,"Via Palazzotto, 2a/4",Catania,,,https,React,No,Google LLC,60,96,92.00,Sì,No
A.A.C. La Cariatide CORSI DI PITTURA,Scuola d'arte,https://accademialacariatide.wixsite.com/accademiaartisticala,380 365 7574,"Viale Cristoforo Colombo, 13c, Store, 118/primo piano",San Giovanni la Punta,,aaalacariatide@gmail.com,https,Wix,No,Google LLC,61,90,92.00,Sì,No
TufanoResidency,Galleria d'arte,,351 507 0091,"Via Ruchia, 54",Pantelleria,,,,,,,,,,,
Galleria d'arte e arredamenti artistici in legno,Galleria d'arte,,347 774 2560,"Piazza Antonino Longo, 12",Nicolosi,,,,,,,,,,,
Arte Domus di Giannì Corrado,Negozio di materiale da pavimentazione,,0931 591120,Viale Aldo Moro,Pachino,,,,,,,,,,,
STUPOR ART,Galleria d'arte,http://www.stuporart.it,0922 20788,"Via Cicerone, 32",Agrigento,,info@stuporart.com,https,Shopify,Sì,Servereasy Srl,55,86,100.00,Sì,No
INGRALDO ART PHOTOGRAHY,Artista,,338 144 3704,"Via Macello, 38",Palazzolo Acreide,,,,,,,,,,,
Arte in Galleria,Galleria d'arte,,095 604917,"Piazza Porta Gusmana, 10",Acireale,,,,,,,,,,,
Art Studio Centre Ballet scuola di danza,Scuola di danza,,346 674 3046,"Via G. Boccaccio, 77",Paternò,,,,,,,,,,,
Arte In Ottica di Alessandro D'Anna,Ottico,,091 878 2781,"Via Antonio Canaletto, 1",Partinico,,,,,,,,,,,
the Office,Galleria d'arte,http://www.theofficegallery.com,+357 99 848495,Kleanthi Christofidi 32,Nicosia,,,https,Shopify,No,Sconosciuto,74,99,100.00,Sì,No
AD Arte Domus di Chiovo,Flower designer,,091 878 3313,"Via Finazzo, n.1",Partinico,,,,,,,,,,,
Dettagli D'Arte Wedding Planner,Servizio per matrimoni,,392 157 9754,"Via Foggia, 16",Palagonia,,,,,,,,,,,
IDEA Museo Della Scienza E Della Tecnologia,Museo,,0941 797815,"Via Cavallotti, 154",San Marco d'Alunzio,,,,,,,,,,,
Artefredda,Gelateria,http://www.deliziedelparnaso.it,324 803 7598,"Viale della Vittoria, 42",Canicattì,,info@deliziedelparnaso.it,https,Shopify,No,Netsons Network,79,96,92.00,Sì,No
Borgo Mulino a Vento - Resort,Hotel,http://www.mulinoavento.it,0836 812942,"Presso Borgo Mulino a Vento, Via Palombaro",Uggiano la Chiesa,,info@mulinoavento.it,http,WordPress,Sì,Host SpA,33,34,85.00,Sì,No
DAVIDE BRAMANTE,Artista,http://davidebramante.com,339 692 2437,"Via S. Sebastiano, 30",Palazzolo Acreide,,davbramante@gmail.com,https,WordPress,No,Aruba Hosting,80,98,85.00,Sì,No
ARTE E BELLEZZA DI SIPALA GIOVANNA,Parrucchiere,,095 704 7315,"V. Garibaldi, 9",Palagonia,,,,,,,,,,,
Dreams Events Wedding Planner,Servizio per matrimoni,,388 881 8685,"Corso Giovanni Battista Odierna, 491",Palma di Montechiaro,,,,,,,,,,,
Stadio Comunale di Pedara,Campo di calcio,,095 999 2111,Via Etnea,Pedara,,,,,,,,,,,
Dogs-portrait,Studio per ritratti,,334 387 4873,Via Carlo Alberto Dalla Chiesa,Niscemi,,,,,,,,,,,
Idea Cornici,Negozio di cornici,https://ideacornici.com,388 753 2157,"Via Rosario Livatino, 8",Canicattì,,info@ideacornici.com,https,WordPress,No,Netsons,65,83,100.00,Sì,No
Arte Antica Snc Dei Fratelli Ventura G E M,Fornitore di finestre,,080 395 5244,"Via Lama di Macina, 60",Bisceglie,,,,,,,,,,,
Galleria Nicola Scafidi- Villa Niscemi,Galleria d'arte,,091 740 4815,"Piazza dei Quartieri, 2",Palermo,,,,,,,,,,,
Sito Archeologico di Contrada Stretto,Museo,,0923 806111,"Contrada Stretto, Partanna, 91028",Partanna,,,,,,,,,,,
Art Village Residence,Appartamento vacanze,http://www.artvillageresidence.it,389 798 3336,"Viale la Testa, 5",Bisceglie,,artvillageresidence@gmail.com,http,WordPress,No,Aruba S.p.A.,65,88,85.00,Sì,No
Foto Auteri,Studio fotografico,,348 010 4954,"Corso Vittorio Emanuele, 257",Nissoria,,,,,,,,,,,
Artètika - via Giorgio Castriota 15,Galleria d'arte,,333 574 7244,"Via Giorgio Castriota, 15",Palermo,,,,,,,,,,,
Il Casino delle Muse,Galleria d'arte,https://www.ilcasinodellemuse.com,320 713 3111,"Via XII Gennaio, 11",Palermo,,dd0a55ccb8124b9c9d938e3acf41f8aa@sentry.wixpress.com,https,WordPress,Sì,Google LLC,60,83,100.00,Sì,No
ARTE Cocktail Bar e Cucina,Locale specializzato in cocktail,,080 395 8485,"Via della Repubblica, 56A",Bisceglie,,,,,,,,,,,
Galleria d’arte Triskelion,Galleria d'arte,,328 625 9767,"Via Capizzi, 27",Piazza Armerina,,,,,,,,,,,
Galleria Arte Rotaross Di Crepaldi Luciano,Galleria d'arte,http://www.galleriarotaross.com/press.html,0321 392637,"Via Andrea Costa, 2",Novara,,rotaross@libero.it,https,React,No,Google LLC,73,99,100.00,Sì,No
Laboratorio di Restauro di Opere d'Arte Teri,Servizio di restauro di opere d'arte,,329 179 7075,"Via della Libera, 53",Partanna,,,,,,,,,,,
Artefaccio Design,Negozi di artigianato,http://www.artefaccio.com,328 215 1465,"Strada Comunale Macchione, 10",Bisceglie,,,https,Shopify,Sì,Sconosciuto,55,69,100.00,Sì,No
Museo della Manna,Museo,,0921 425008,Piazza Duomo,Pollina,,,,,,,,,,,
Vinci Gianfranco Pizzeria Gnam Gnam,Pizzeria,,0923 731163,"Via Pietro Nenni, 38",Petrosino,,,,,,,,,,,
pianoAlto Art Gallery,Galleria d'arte,,0931 340085,"Piazza Giuseppe Mazzini, 8",Noto,,,,,,,,,,,
Centro Culturale Zerouno,Centro culturale,http://www.zero-uno.org,0883 521891,"Via Indipendenza, 27",Barletta,,arte@zero-uno.org,https,WordPress,No,Aruba S.p.A.,59,64,92.00,Sì,No
Lupo Art,Galleria d'arte,http://www.lupoart.net,091 341265,"Via Terrasanta, 56",Palermo,,eduardolupos@gmail.com,https,React,No,Amazon Technologies Inc.,62,94,100.00,Sì,No
Galleria delle Vittorie,Punto di riferimento storico,,347 699 9947,"Via Maqueda, 301",Palermo,,,,,,,,,,,
Il Vicolo Dell Arte Di Sambataro Graziella,Negozio di souvenir di matrimonio,,095 798 1018,"Via degli Studi, 11",Paternò,,,,,,,,,,,
Galleria Ferrante,Negozio di articoli da cucina,http://www.galleriaferrante.com,080 392 1505,"SS16, USCITA BISCEGLIE SUD, Via Lama di Macina",Bisceglie,,info@galleriaferrante.com,https,PrestaShop,No,Serverplan S.r.l.,39,53,83.00,Sì,No
L'Arte Del Gusto-Dolceria di Mariele Alba,Pasticceria,,338 141 4899,"Via Alcide de Gasperi, 13",Regalbuto,,,,,,,,,,,
ART GALLERY Marini & Pannuzzo,Galleria d'arte,http://artgallerymarinipannuzzo.com,328 948 9906,"Corso Vittorio Emanuele, n. 159",Noto,,marinipannuzzo@gmail.com,https,Shopify,No,"Cloudflare, Inc.",50,92,100.00,Sì,No
Convitto delle Arti,Museo,http://www.mostreinsicilia.it,331 528 0088,"Corso Vittorio Emanuele, 91",Noto,,,https,Ecwid,No,"Amazon.com, Inc.",68,93,92.00,Sì,No
Battistero di San Giovanni VI sec. d.C.,Punto di riferimento storico,http://www.canusium.it,333 885 6300,"Vico Pietro Metastasio, 28",Canosa di Puglia,,info@canusium.it,http,React,Sì,Aruba S.p.A. Network,56,61,85.00,Sì,No
Fabbriche Chiaramontane,Galleria d'arte,,0922 27729,"Via San Francesco d'Assisi, 1",Agrigento,,,,,,,,,,,
Arte E Cornici di Giovanni Allegra,Negozio di cornici,,347 923 9638,"Via F. Crispi, 93",Trecastagni,,,,,,,,,,,
Artenova Galleria D'Arte e Arredi Sas Di Carlino Antonio & C.,Negozio di cornici,https://corniciquadriartenova.com,0922 858379,"Don Ottavio, Contrada Gulfi",Canicattì,,artenovacorniciecomplementi@gmail.com,https,Joomla,No,Netsons Network,36,49,100.00,Sì,No
clou. circolo d'arte contemporanea,Galleria d'arte,,331 380 1696,"Via Pluchino, 16",Ragusa,,,,,,,,,,,
Art Color s.r.l.,Fornitore di materiali da costruzione,,0922 471688,"2 Villaggio S. Anna, Raffadali, AG 92015",Raffadali,,,,,,,,,,,
Galleria Popolare,Artista,http://www.galleriapopolare.it,327 787 4849,"Via del, Via del Quattro Aprile, 20",Palermo,,mailto.galleriapopolare.luru@gmail.com,https,WordPress,No,Hetzner Online GmbH,57,66,92.00,Sì,No
Pinacoteca Villa Zito,Galleria d'arte,http://www.villazito.it,091 778 2180,"Via della Libertà, 52",Palermo,,info@villazito.it,https,Shopify,Sì,Critical Case s.r.l,54,71,92.00,Sì,No
Museo dei Vescovi Monsignor Francesco Minerva,Museo del patrimonio culturale,http://www.museodeivescovi.it,377 299 9862,"Piazza Vittorio Veneto, 6",Canosa di Puglia,,museodeivescovi@gmail.com,https,Site123,No,Amazon Technologies Inc.,55,89,92.00,Sì,No
Spazio San Sebastiano,Centro culturale,http://www.mediblei.com,0931 162 9053,"Piazza del Popolo, 19",Palazzolo Acreide,,,https,React,No,Aruba S.p.A.,59,65,100.00,Sì,No
Inverdurata di Pachino,Associazione / Organizzazione,http://www.inverdurata.it,327 206 8580,Via Cavour,Pachino,,,https,WordPress,No,Sconosciuto,65,76,92.00,Sì,No
Albergo Suite D'Autore,Hotel,https://www.suitedautore.it,0935 688553,"Piazza Cattedrale, 1",Piazza Armerina,,,https,Joomla,No,Hetzner Online GmbH,67,93,92.00,Sì,No
Mosaici Vetrate Artistiche e Sculture di Vincenzo Greco,Artista,https://vincenzogreco.com,347 704 3345,"Via Antonio Vivaldi, 13",Canicattì,,,https,Joomla,No,Netsons s.r.l.,28,39,83.00,Sì,No
Chiesa Madre di Santa Maria Maggiore,Chiesa,,0934 360105,"Via Tortorici Barone, 86",Pietraperzia,,,,,,,,,,,
Galleria Un punto nel Mediterraneo,Galleria d'arte,,351 425 1296,"Via Guglielmo Marconi, 187",Siculiana,,,,,,,,,,,
Beauty Art Centro Estetico La Marca Francesca,Centro estetico,,328 968 6289,"Corso della Repubblica, 357",Ravanusa,,,,,,,,,,,
M L Arte Regali Di Letizia Aci,Negozio di souvenir di matrimonio,,095 644322,"Via Giuseppe Mazzini, 5",Piedimonte Etneo,,,,,,,,,,,
Galleria regionale di Palazzo Bellomo di Siracusa,Galleria d'arte,https://tidd.ly/46ZuZlP,0931 69511,"Via Capodieci, 14",Siracusa,,,https,React,No,Google LLC,,,,Sì,No
Laboratorio d'Arte Leonardo da Vinci Colomba,Galleria d'arte,http://www.colombashop.it,388 192 6471,"Corso Italia, 19",Trapani,,info@colombashop.it,https,PrestaShop,Sì,Aruba S.p.A.,,,,Sì,No
Immagin'Art'è Di Murella Maria Antonella,Negozio di articoli da regalo,http://giorgiofauzia.wixsite.com/immaginarte,338 768 0082,"Via Chiaranda', 61",Piazza Armerina,,immagin.arte@tiscali.it,https,React,No,Google LLC,51,70,92.00,Sì,No
L'Arte Orafa Gisella Taormina,Gioielleria,,0935 686637,"Viale Generale Muscarà, 35",Piazza Armerina,,,,,,,,,,,
Bosco Angelo,Fotografo per matrimoni,,339 386 0709,"Via della Pentapoli, 56",Priolo Gargallo,,,,,,,,,,,
Associazione Arte Danza,Scuola di danza,https://artedanzapaterno.altervista.org,338 456 9818,"Via Giovanni Verga, 39",Paternò,,,,WordPress,Non trovato,Hetzner Online GmbH,100,100,36.00,,No
ArtStudio - Piero Baiamonte,Artista,https://pierobaiamonte.it,389 344 3428,"Via Garibaldi, 47",Racalmuto,,pieroarteb@virgilio.it,https,WordPress,No,Server Plan S.r.l.,61,90,100.00,Sì,No
Casa delle Arti,Galleria d'arte,,389 681 9530,"Largo S. Michele, 22",Sambuca di Sicilia,,,,,,,,,,,
About Drawings,Artista,https://www.about-drawings.org,350 097 8968,Via Paolo Borsellino,Regalbuto,,assistenza@webador.it,https,React,No,Google LLC,,,,Sì,No
Arte & Stile Nocera,Fotografo per matrimoni,https://artestilenocera.it,0922 471921,"Via Vittorini, 4",Raffadali,,info@artestilenocera.it,https,WordPress,No,Server Plan S.r.l.,,,,Sì,No
Arte Bianca - L'evoluzione della pizza Priolo Gargallo,Pizzeria a domicilio,,379 158 3823,"Via dei Castel Lentini, 162",Priolo Gargallo,,,,,,,,,,,
Casa atelier Mangione,Galleria d'arte,,348 319 9139,Via Giuseppe Garibaldi,Agrigento,,,,,,,,,,,
Ars Magistris Magazine Art,Centro d'arte,https://www.arsmagistris.com,389 615 4200,"Via Rimini, 1",San Giovanni la Punta,,,https,Shopify,Sì,Aruba S.p.A.,,,,Sì,No
Galleria Bivio Art,Galleria d'arte,,329 005 0280,Via Santissima Annunziata,Augusta,,,,,,,,,,,
Fatto ad Arte,Tappezziere,,090 601 8276,"V. Nazionale, 274",Rometta Marea,,,,,,,,,,,
CMdesign Concept Store,Designer architettonico,,329 537 6699,"Via Nuova, 13",San Giovanni Gemini,,,,,,,,,,,
Galleria Soquadro,Galleria d'arte,http://soquadro.it,339 384 9867,"Via Napoleone Colajanni, 9",Ragusa,,,https,WordPress,No,HosterDaddy Private Limited,,,,Sì,No
Look Ottica di Diego Bentivegna- Focus Contemporary Art Gallery,Ottico,,329 492 1497,"Corso Umberto I, 108",Sambuca di Sicilia,,,,,,,,,,,
Scuola L.R. Accademia Di Belle Arti G. De Chirico,Scuola d'arte,,0934 922053,"Via Liguria, 2",Riesi,,,,,,,,,,,
Arke' di Sparacino Filippa,Negozio di articoli da regalo,,388 404 4237,"Via Umberto I, 489",Roccalumera,,,,,,,,,,,
Tumasella Maria Grazia,Pasticceria,,0921 649037,"Via Giuseppe Garibaldi, 14",Polizzi Generosa,,,,,,,,,,,
Galleria Ribaudo,Galleria d'arte,,348 494 6117,Contrada,Piano Ippolito,,,,,,,,,,,
Arthea estetica avanzata di Lina Merulla,Centro estetico,,392 415 5561,"Viale Hamilton, N° 26",Racalmuto,,,,,,,,,,,
Artestetica,Parrucchiere,,328 893 9802,"Via Alessandro Scarlatti, 7",Barrafranca,,,,,,,,,,,
ART CERAMICHE,Negozio di ceramiche,https://www.artceramichebisceglie.it,080 865 9294,"Via Mauro Giuliani, 73",Bisceglie,,info@artceramichebisceglie.it,https,Duda,Sì,Aruba S.p.A. Network,59,88,92.00,Sì,No
KōArt Unconventional Place / Galleria d’arte,Galleria d'arte,,339 717 9005,"Via S. Michele, 28",Catania,,,,,,,,,,,
Nomad Art Collective,Galleria d'arte,https://www.thenomadartcollective.com,350 810 5201,"Via S. Croce, Calle Abene, 8",Sambuca di Sicilia,,,,Squarespace,Non trovato,"Squarespace, Inc.",,,,No - Non Autorizzato (401),No
Museo Archeologico Salvatore Lauricella,Museo archeologico,http://museoarcheologicoravanusa.weebly.com,0922 880933,"Corso della Repubblica, 27",Ravanusa,,,https,Weebly,Sì,"Weebly, Inc.",,,,Sì,Sì
Art Gallery Arte in Quadro,Galleria d'arte,https://www.arteinquadro.it,090 670454,"Via Giordano Bruno, 92",Messina,,arteinquadroartgallery@gmail.com,https,Shopify,No,"Cloudflare, Inc.",,,,Sì,No
Pasticceria Giambrone illy Artisti del Gusto,Pasticceria,,0922 909912,"Via Omero, 21",San Giovanni Gemini,,,,,,,,,,,
Arte Club,Galleria d'arte,,334 144 9025,"Via Caronda, 54",Catania,,,,,,,,,,,
Arte Jato,Negozi di artigianato,,091 857 7877,"Via Enrico Berlinguer, 19",San Cipirello,,,,,,,,,,,
Galleria Carta Bianca,Galleria d'arte,http://www.galleriacartabianca.it,336 806 701,"Via Francesco Riso, 72",Catania,,rovellaf@gmail.com,https,WordPress,Sì,Aruba S.p.A.,,,,Sì,No
Gaspare Patti Artista Ceramiche,Galleria d'arte,http://gasparepatti.com,333 857 9476,"Via delle Sequoie, 2/G",Sciacca,,ceramichepatti@gmail.com,https,Shopify,Sì,Serverplan S.r.l.,,,,Sì,No
Museo Antiquarium Case D’Alia,Museo,,091 857 7943,Unnamed Road 90040,San Cipirello,,,,,,,,,,,
Drago Artecontemporanea,Galleria d'arte,,339 675 2646,"Via Prigione, 5",Bagheria,,,,,,,,,,,
Frame Creazioni Visive,Studio fotografico,,329 219 5425,"C.so Francesco Crispi, 77",San Giovanni Gemini,,,,,,,,,,,
Galleria d'arte Vega,Galleria d'arte,,342 577 5295,"Via XXIV Maggio, 133",Messina,,,,,,,,,,,
Galleria D Arte Firme D Autore,Centro culturale,,095 931547,"Via Alessandro Manzoni, 88",Giarre,,,,,,,,,,,
MACSS museo arte Contemporanea SottoSale,Museo d'arte,http://www.museosottosale.it,366 387 8751,via del salgemma,Petralia Soprana,,associazionesottosale@gmail.com,https,WordPress,No,Sconosciuto,,,,Sì,No
L'Arte Dei Salumi,Negozio di alimentari,http://lartedeisalumi.altervista.org,333 194 3948,"Via Porta Agrigento, 136",Raffadali,,,https,Shopify,No,Hetzner Online GmbH,,,,Sì,No
Aurora lista nozze,Negozio di souvenir di matrimonio,http://www.auroralistanozze.it,0935 660137,"Corso Vittorio Emanuele, 223",Nissoria,,auroralistanozze@gmail.com,https,WordPress,Sì,Hetzner Online GmbH,,,,Sì,No
Rococò - Art Food Cafè,Galleria d'arte,,347 536 0681,"Piazza la Vie Fuille, 7",Riposto,,,,,,,,,,,
Collica & Partners,Galleria d'arte,,095 352 7639,"Via L. Pirandello, 1",San Gregorio di Catania,,,,,,,,,,,
Art Design Studio Grafico,Progettista grafico,,329 323 0867,"Via Crisa, 127",Assoro,,,,,,,,,,,
Galleria D'Arte 'La Vetrinetta' Snc,Galleria d'arte,https://www.lavetrinettascarantino.it,0934 25704,"Corso Umberto I, 73",Caltanissetta,,liborio.scarantino@libero.it,https,WordPress,No,Aruba S.p.A.,,,,Sì,No
Museo Ambientalistico Madonita,Museo,http://www.mam.pa.it,329 225 0048,"Piazza Castello, 7",Polizzi Generosa,,,https,Joomla,No,Host SpA,,,,Sì,No
Galleria Ri.ve.art.,Galleria d'arte,,347 385 1842,Via Convento del Carmine,10Tremestieri,,,,,,,,,,,
L'Arte D'Arredare,Negozio di mobili,,329 714 8015,"Via Piersanti Mattarella, 43",Belmonte Mezzagno,,,,,,,,,,,
Laboratorio ceramica D'Angelo,Produttore di ceramiche,http://www.ceramichedangelo.it,349 578 9574,SS643,Polizzi Generosa,,info@ceramichedangelo.it,https,React,No,Aruba S.p.A. Network,,,,Sì,No
Artesegno Galleria d'Arte e Casa d'Aste,Galleria d'arte,http://www.artesegno.com,346 036 9776,"Via Gervasutta, 29",Udine,,,https,React,No,Aruba S.p.A.,,,,Sì,No
MUSEUM Osservatorio dell'arte contemporanea in Sicilia,Museo,http://www.museum-bagheria.it,338 651 6463,12 Via Luigi Cherubini,Bagheria,,,http,ASP.NET,No,Aruba S.p.A,100,100,82.00,Sì,No
La bottega dei fiori e dell’arte di Napoli Anna (Fioreria e Agenzia Funebre),Fiorista,,335 681 1213,"Via Umberto I, 165",Roccamena,,,,,,,,,,,
Liceo Artistico Regionale Renato Guttuso,Scuola d'arte,,091 816 9803,Via Piersanti Mattarella,Bagheria,,,,,,,,,,,
La Canonica Degli Archi,Location per matrimoni,https://lacanonicadegliarchi.it,342 020 1527,"SP2/I-II, 68",Riposto,,,https,WordPress,No,Aruba S.p.A,92,100,100.00,Sì,No
NEW ARTE di Giosuè Luca Zappalà,Impresa edile,,340 791 4522,"Via dell'Edera, 59",Biancavilla,,,,,,,,,,,
Bottega D'Arte Athena,Posatore di piastrelle,,095 629392,"Via Po, 5",Santa Maria di Licodia,,,,,,,,,,,
Studio di pittura Liperaarte,Artista,,348 694 2017,Str. Cavaliere Bosco,Santa Maria di Licodia,,,,,,,,,,,
PROFESSIONE CASA STORE,Agenzia immobiliare,https://www.professionecasa.it,334 735 5701,"Via Porta Palermo, 99",San Giuseppe Jato,,,https,Shopify,Sì,Fastweb SpA,66,70,82.00,Sì,No
ARTE GRECA E BIZANTINA di Vassilios Dendramis,Negozio di articoli religiosi,https://www.artegrecaebizantina.com,329 096 2421,"Via Giorgio Kastriota, 155",Piana degli Albanesi,,,https,Wix,Sì,Google LLC,,,,Sì,No
"Cocò, dolcezze d'arte",Sala da tè,,346 730 9656,"Via Scutari, 24",Biancavilla,,,,,,,,,,,
La Bottega del Caffè di Lumaca Salvatore,Bar caffè,,090 951885,"Via Roma, 465",Scaletta Zanclea,,,,,,,,,,,
Liceo Artistico Statale Emilio Greco,Scuola d'arte,,095 725 3122,"Piazza Vittorio Veneto, 41",Sant'Agata li Battiati,,,,,,,,,,,
Arte & Regalo di Patrizia Bruno,Negozio,,095 628044,"Via Vittorio Emanuele, 127",Santa Maria di Licodia,,,,,,,,,,,
Mimmo Cirino Pittore,Galleria d'arte,,339 245 6237,Piazza Regina Margherita,Santa Lucia del Mela,,,,,,,,,,,
Geo di la Barbiera Francesca,Ferramenta,,091 872 4861,"Via Baucina, 8",Bolognetta,,,,,,,,,,,
Comune San Michele di Ganzaria,Municipio,,0933 971011,"Via Roma, 82/84",San Michele di Ganzaria,,,,,,,,,,,
Spazioquattro - incontri d'arte,Associazione culturale,,338 305 4128,"Via Ghibellina, 120",Messina,,,,,,,,,,,
La Finestra Gialla - Art Gallery,Galleria d'arte,,351 904 9329,"Via Centonze, 142",Messina,,,,,,,,,,,
ArteManara,Galleria d'arte,http://www.artemanara.it,391 340 4835,"Via Carnazza, 81",Tremestieri Etneo,,,https,React,No,Google LLC,,,,Sì,No
Chiesa Madre di San Nicola,Cattedrale,,0922 982091,P.zza Madre Chiesa snc,Santo Stefano Quisquina,,,,,,,,,,,
Galleria Stazione Bolognetta,Area per passeggiate,,328 306 3278,"Via Salaparuta, 44-70",Roma,,,,,,,,,,,
Fondazione Leonardo Sciascia,Centro culturale,http://www.fondazioneleonardosciascia.it,0922 941993,"Viale della Vittoria, 3",Racalmuto,,,https,React,Sì,Aruba S.p.A.,52,54,92.00,Sì,No
Drink And Play,Pub,,0934 679699,"Piazza Giuseppe Garibaldi, 17",Santa Caterina Villarmosa,,,,,,,,,,,
Art' E Ceramica di Giambalvo M. I.,Produttore di ceramiche,,388 174 8973,"Via San Francesco, 39",Santa Margherita di Belice,,,,,,,,,,,
Benedetto Poma galleria d'arte,Galleria d'arte,https://www.benedettopoma.com,347 630 9764,"Via Vittorio Emanuele II, 139",Catania,,pomaben@gmail.com,https,React,No,Google LLC,84,97,100.00,Sì,No
SPAZIONOTO,Galleria d'arte,,371 390 4880,"Via Rocco Pirri, 32",Noto,,,,,,,,,,,
Palazzo Moncada - Galleria Civica d'Arte,Galleria d'arte,,0934 585890,Largo Barile,Caltanissetta,,,,,,,,,,,
L'arte di Arredare di Francesca Giambalvo,Negozio di bricolage,,331 308 5914,"Via San Francesco, 68",Santa Margherita di Belice,,,,,,,,,,,
Comune Di San Mauro Castelverde Biblioteca,Biblioteca,,0921 675044,"Via Procida, 73",San Mauro Castelverde,,,,,,,,,,,
Sicily Colors,Negozio di tende,https://www.sicilycolors.com,351 858 5433,"Via dell'Edera, 61",Biancavilla,,info@sicilycolors.com,https,ASP.NET,Sì,Aruba S.p.A.,34,56,92.00,Sì,No
SIRAGUSA ART,Galleria d'arte,http://siragusa.art,347 790 7177,"Via Centonze, 61",Messina,,,https,WordPress,No,Server Plan S.r.l.,46,88,100.00,Sì,No
Francesco Pantaleone Arte contemporanea,Galleria d'arte,http://www.fpac.it,091 332482,"Via Vittorio Emanuele, 303",Palermo,,fp@fpac.it,http,React,No,Aruba S.p.A.,60,82,92.00,Sì,No
amaneï salina,Associazione,http://www.amanei.com,090 984 3547,"Via Risorgimento, 71",Santa Marina Salina,,info@amanei.com,https,Squarespace,No,"Squarespace, Inc.",56,88,100.00,Sì,No
Atelier Danilo Ricciardi,Galleria d'arte,,347 667 6617,"Via Pompeo Picherali, 10",Siracusa,,,,,,,,,,,
Arte Infissi,Fornitore di porte,,329 409 3655,"Via Renato Guttuso, 4/a",Scordia,,,,,,,,,,,
Centro d'Arte Magenta,Centro d'arte,,347 600 3683,"Via Serradifalco, 222/224",Palermo,,,,,,,,,,,
Lanzafame Art & Photo,Fotografo,,095 793 4383,"Via XX Settembre, 109",Scordia,,,,,,,,,,,
Pro Loco Sammichelese,Centro informazioni turistiche,https://www.prolocosammichelese.it,0933 978040,"Via dei Greci, 35",San Michele di Ganzaria,,info@prolocosammichelese.it,https,Joomla,Sì,SEEWEB s.r.l.,46,62,85.00,Sì,No
Arte e Tecnica Kamarinense,Fabbro,https://www.arteetecnicakamarinense.it,338 640 3801,Circonvallazione Pezza,Santa Croce Camerina,,arteetecnicakamarinense@gmail.com,https,WordPress,Sì,Hetzner Online GmbH,71,97,82.00,Sì,No
Artium Academy,Associazione,http://www.artiumacademy.it,327 840 9209,"Via Umberto I, 100",Santa Venerina,,amministrazione.artiumaps@gmail.com,https,WordPress,No,Aruba S.p.A. Network,71,81,85.00,Sì,No
Teatro Andromeda,Teatro,https://teatroandromeda.18tickets.it,350 593 9366,Contrada Rocca,Santo Stefano Quisquina,,fattoriadellarte@gmail.com,https,Angular,Sì,Equinix (EMEA) Acquisition Enterprises B.V.,56,88,75.00,Sì,No
Gallerie d'Arte Riunite,Negozio di quadri,,348 472 7149,"Via Marzamemi, 16",Siracusa,,,,,,,,,,,
L'arte della Scacciata,Fornaio,,320 606 6317,"Via Giuseppe Garibaldi, 58",Scordia,,,,,,,,,,,
officina d'arte,Galleria d'arte,,393 941 5266,"Via Firenze, 137/139",Catania,,,,,,,,,,,
Infissi Art Design Di Bruno & Drogo Snc,Fornitore di finestre,,328 112 0920,"ctr. Marcato Bianco, Caltanissetta, CL 93100",Sommatino,,,,,,,,,,,
Quadrifoglio,Galleria d'arte,,0931 64443,"Via dei Santi Coronati, 13",Siracusa,,,,,,,,,,,
Galleria Arredo Di Ficalora Maria Pia,Produttore di mobili,,333 462 9568,"Via dei Cappuccini, 18",Sciacca,,,,,,,,,,,
La Galleria Del Libro,Cartoleria,,091 508 6007,"Via Giorgio La Pira, 33",Termini Imerese,,,,,,,,,,,
Villa Filangeri,Attrazione turistica,,091 906902,"Via Consolare, 136",Santa Flavia,,,,,,,,,,,
Alessandro Florio Atelier Puto Amor,Galleria d'arte,http://www.alessandroflorio.it,320 084 4001,"Via Giovanni di Giovanni, 44",Taormina,,alessandroflorio@email.com,https,WordPress,No,Aruba S.p.A. Network,68,95,92.00,Sì,No
Arte Casa Di Battiato Alfio,Negozio,http://www.artecasastucchi.it,095 982166,"Via della Montagna, 3",Biancavilla,,info@artecasastucchi.it,https,WordPress,No,Hostinger International Limited,48,83,100.00,Sì,No
La Torretta - Galleria d'Arte,Galleria d'arte,,339 179 7452,Via delle Mura,Bassiano,,,,,,,,,,,
Mattonacci,Studio di registrazione,https://www.mattonacci.it,338 481 1700,"Via Giuseppe Garibaldi, 74",Santa Croce Camerina,,info@mattonacci.it,https,WordPress,Sì,Aruba S.p.A.,63,90,100.00,Sì,No
Galleria Civica Montevergini,Museo,https://www.mostraarchimede.it,0931 24902,"Via Santa Lucia alla Badia, 4",Siracusa,,,https,WordPress,Sì,OVH SAS,75,97,100.00,Sì,No
Ceramiche Artistiche Liborio Palmeri,Negozio di ceramiche,,338 719 5748,"Via Giuseppe Licata, 319",Sciacca,,,,,,,,,,,
Cash Only Tattoo di Izzi Vincenzo Torregrotta,Studio di tatuaggi,,339 281 2053,"V. Nazionale, 287",Torregrotta,,,,,,,,,,,
Museo di Siracusa,Museo,,335 732 1331,"Via Vincenzo Mirabella, 23",Siracusa,,,,,,,,,,,
Gal'Arte,Negozi di artigianato,,091 869 5084,"Via Ralli, 23",Terrasini,,,,,,,,,,,
Galleria d'arte L'Urlo di Rosaria,Galleria d'arte,,389 438 4772,"Via Nino Bixio, 9",Trapani,,,,,,,,,,,
Art Gallery Materiarte Ortigia,Galleria d'arte,http://www.andreachisesi.com,349 848 6901,"Via Roma, 44",Siracusa,,,https,Shopify,No,Aruba S.p.A.,56,90,100.00,Sì,No
L' Agora di L. Consoli,Negozio di antiquariato,https://www.lagorataormina.com,0942 23091,"Corso Umberto, 133",Taormina,,info@lagorataormina.com,https,React,No,"Cloudflare, Inc.",59,74,100.00,Sì,No
Grafite officina creativa,Progettista grafico,http://www.grafiteofficinacreativa.it,366 168 2031,"Via Manin, 17",Sortino,,info@grafiteofficinacreativa.it,https,WordPress,No,Netsons s.r.l.,61,73,85.00,Sì,No
Nino Ucchino Steel Art Gallery,Galleria d'arte,,393 979 3886,Provinciale,Savoca,,,,,,,,,,,
Montevergine artecontemporanea,Galleria d'arte,,0931 453505,"Via Serafino Privitera, 6/8",Siracusa,,,,,,,,,,,
Museo Etnofotografico Tortorici Franchina-Letizia,Museo etnografico,https://www.museoetnofotograficotortorici.it,333 228 8842,Via V. Emanuele,Tortorici,,info@museoetnofotograficotortorici.it,https,WordPress,No,SEEWEB s.r.l.,66,96,85.00,Sì,No
Magazzini dell'Arte Contemporanea,Galleria d'arte,,349 737 7279,"Via Custonaci, 5",Trapani,,,,,,,,,,,
The Artist di Andrea Gambera,Barbiere,,327 008 5124,"Via Cavour, 34",Scordia,,,,,,,,,,,
Palazzo d'Aumale Museo Regionale di Terrasini,Museo di storia naturale,https://www.museoartecontemporanea.it/museo_dAumale,091 881 0989,Lungomare Peppino Impastato,Terrasini,,museo.terrasini@regione.sicilia.it,https,WordPress,No,Aruba S.p.A.,51,81,85.00,Sì,No
Fondazione Effetto Arte,Fondazione,http://www.effettoartefondazione.it,091 348890,"Via Ludovico Ariosto, 19",Palermo,,effettoartegallery@gmail.com,http,ASP.NET,No,Aruba S.p.A. Network,56,66,100.00,Sì,No
Direzione Didattica Statale - Troina,Scuola,,0935 653671,"Via Gino Abate, 16",Troina,,,,,,,,,,,
Molino Excelsior,Museo dell'artigianato,,389 883 6269,"Via Simone Catalano, 112",Valderice,,,,,,,,,,,
Galleria D'Arte Sciaccheart Riomaggiore,Galleria d'arte,http://www.sciaccheart.com,0187 760056,"Via San Giacomo, 51",Riomaggiore,,,https,WordPress,No,Aruba S.p.A. Network,65,94,92.00,Sì,Sì
MACS - Museo Arte Contemporanea Sicilia,Museo,http://www.museomacs.it,095 617 2035,"Via S. Francesco D'Assisi, 30",Catania,,info@museomacs.it,http,ASP.NET,No,Aruba S.p.A. Network,67,63,91.00,Sì,No
Arte Africana Antica,Galleria d'arte,,+33 6 68 89 19 46,"Via Nizza, 9",Siracusa,,,,,,,,,,,
Zipline Sicilia,Centro sport di avventura,http://www.ziplinesicilia.it,333 129 3487,"Localita convento, snc",San Mauro Castelverde,,,https,Joomla,No,Aruba S.p.A.,56,43,77.00,Sì,No
Galleria d'Arte Dedalo S.r.l,Galleria d'arte,http://www.dedaloculture.com,371 170 5063,"V. Salvatore Quasimodo, 5",Reggio di Calabria,,info@dedaloculture.com,,WordPress,No,Aruba S.p.A.,75,90,100.00,Sì,No
Dell'Arte Silvestro Dario,Ristorante,,0935 653119,Via Aldo Moro,Troina,,,,,,,,,,,
Galleria Arte Nuvò,Galleria d'arte,http://www.galleriartenuvo.com,339 219 1072,"Via Antonio Gramsci, 18",Gravina di Catania,,info@galleriartenuvo.com,https,WordPress,Sì,Netsons,56,69,92.00,Sì,No
Gioielleria Art Di Castello Francesco,Gioielliere,,327 334 3180,"Via Giulio Cesare, 1/3",Villabate,,,,,,,,,,,
R.b. 2002 Di Barbarino Rosa,Cartoleria,,0935 957702,"Via Mazzini, 2b",Valguarnera Caropepe,,,,,,,,,,,
Un mondo da scoprire,Negozio di giocattoli,,333 111 2446,"Via Garibaldi, 229",Valguarnera Caropepe,,,,,,,,,,,
Parrucchieri Modarte Di Alfio Sapienza,Parrucchiere,,095 751 3891,"Corso Sicilia, 21",Tremestieri Etneo,,,,,,,,,,,
Museo Comunale di Storia Naturale ed Arte Mineraria,Museo,https://sommatinomuseozolfo.wordpress.com,333 273 7210,"Italia, Via Agostino Bertani, 4",Sommatino,,,https,WordPress,No,Sconosciuto,78,78,100.00,Sì,No
La Bella Napoli,Pizzeria,,333 273 3657,"Via Sant'Elena, 50",Valguarnera Caropepe,,,,,,,,,,,
B&b Trabia (PA) - Click Art & Room,Casa per vacanze,http://www.click98.com,351 988 6312,"Via Ettore Maiorana, 74",Trabia,,info@click98.com,https,WordPress,No,Serverplan,53,72,92.00,Sì,No
Gust Art,Ristorante,https://gust-art.it,347 461 6662,"Corso Umberto I, 10",Sciara,,salvatore30011968@gmail.com,https,WordPress,Sì,Aruba Hosting,83,99,100.00,Sì,No
Alessandro Butera Artista Astratto,Atelier,https://alessandrobutera.gallery,392 377 0451,"Via Ventimiglia, 28",Trabia,,,https,React,No,"Cloudflare, Inc.",81,100,85.00,Sì,No
Teatro Comunale Trecastagni,Teatro,http://www.teatrostabilecatania.it,095 780 8752,"Corso Sicilia, 53",Trecastagni,,abbonati@teatrostabilecatania.it,https,WordPress,Sì,Keedra Hosting,47,53,92.00,Sì,No
Aparo Creazioni Glass design - Vetreria,Negozio di articoli in vetro e specchi,http://www.aparocreazioni.com,338 764 8966,"Via Roma, 150",Solarino,,info@aparocreazioni.com,https,Joomla,Sì,SEEWEB s.r.l.,60,70,85.00,Sì,No
P.T. prodotti telematici,Servizi postali,,0935 958886,"Via Mazzini, 1",Valguarnera Caropepe,,,,,,,,,,,
Cella Art&Communication,Galleria d'arte,https://www.cellaartecommunication.it,347 434 2639,"Corso Guglielmo Marconi, 2",Santa Margherita Ligure,,cellabi@icloud.com,https,WordPress,Sì,Aruba S.p.A,53,68,85.00,Sì,No
Leone Antonio,Negozio di cornici,,0921 543217,"Via Generale Cadorna, 34",Valledolmo,,,,,,,,,,,
Stone Art Cafè - Abbasanta,Caffè artistico,,347 097 4859,"Via Oristano, 56",Abbasanta,,,,,,,,,,,
Comune di Valguarnera Caropepe,Municipio,,0935 955140,"Via Sant'Elena, 133",Valguarnera Caropepe,,,,,,,,,,,
Castello Lanza Branciforte di Trabia,Organizzatore di eventi,http://www.castellolanza.it,335 561 1017,S.S. 113 km 227,Trabia,,info@castellolanza.it,https,WordPress,Sì,Aruba S.p.A.,53,66,92.00,Sì,No
STUDIO D'ARTE MICHELE BONO,Galleria d'arte,http://www.michelebono.art,328 211 9420,"Corso Vittorio Emanuele, 95",Sciacca,,info.michelebono@gmail.com,https,React,No,Google LLC,71,96,92.00,Sì,No
ARTgallery SALOTTO DADAISTA - Alla Foce del Sebeto a.p.s.,Galleria d'arte,,0828 184 1764,"Corso Umberto I, 22",Campagna,,,,,,,,,,,
Mud'A' - Museo d'Aglientu Arte Contemporanea,Museo d'arte,,340 266 6284,"Via Molino, 6",Aglientu,,,,,,,,,,,
Artemania - Galleria d'arte e Cornici,Galleria d'arte,http://www.artemaniaragusa.it,328 616 2708,"Viale Fante, 20/b",Ragusa,,,https,Joomla,Sì,Aruba S.p.A.,54,73,83.00,Sì,No
Casa Museo Caripa,Museo del patrimonio culturale,https://casamuseocaripa.wordpress.com,329 778 1138,"Via Filippo Turati, 87",Valguarnera Caropepe,,casacaripa@gmail.com,https,WordPress,No,"Automattic, Inc",72,99,92.00,Sì,No
Galleria d'arte Esdé,Galleria d'arte,,070 464 3644,"Vico I dei Genovesi, 6",Cagliari,,,,,,,,,,,
Giro D'Arte Mostra Itinerante,Galleria d'arte,,346 599 0092,Via Tullio Busachi,Oristano,,,,,,,,,,,
Palazzo Schifani - Art Bistrò,Ristorante,https://palazzoschifani.it,327 739 0229,"Via Giuseppe Garibaldi, 15/17, 19",Troina,,info@palazzoschifani.it,https,Joomla,No,Aruba S.p.A.,55,45,100.00,Sì,No
Galleria San Carlo,Negozio di artigianato tipico,,0923 869705,"Via Gian Filippo Guarnotti, 28",Erice,,,,,,,,,,,
Stone Art Cafè - Ghilarza,Ristopub,,347 999 5735,Via del Mandrolisai,Ghilarza,,,,,,,,,,,
Galleria D'Arte La Bacheca,Galleria d'arte,,070 663396,"V.le Regina Margherita, 30",Cagliari,,,,,,,,,,,
Chicco Mannazzu - L'Oficina de l'Art - Galleria d'arte contemporanea,Galleria d'arte,,347 290 2876,"Via Roma, 33",Alghero,,,,,,,,,,,
Stefania Pennacchio Atelier,Atelier,http://www.stefaniapennacchio.com,366 192 9668,"Via Dione, 48",Siracusa,,info@stefaniapennacchio.com,http,WordPress,Sì,Servereasy Srl,51,70,85.00,Sì,No
Galleria D'Arte La Fenice Srl,Galleria d'arte,http://www.artegold.com,079 235226,"Via Enrico Costa, 62a",Sassari,,,https,ASP.NET,Sì,Aruba S.p.A,70,73,83.00,Sì,No
ORTO&ARTE,Galleria d'arte,,329 748 4630,Via Gandhi,Samassi,,,,,,,,,,,
Centro Degrade Joelle Dany&Roby,Parrucchiere,,0782 37064,"Viale Cimitero, 1-3",Arzana,,,,,,,,,,,
Digital Art Collections - Amorini di Sardegna,Stamperia,,339 565 0131,"Via U. Foscolo, 4",Arzana,,,,,,,,,,,
Foto Idea tre G. di Gaetano Giarrusso,Negozio di articoli per la fotografia,,347 892 0517,"Via Vittorio Emanuele, 81",Vizzini,,,,,,,,,,,
Gole di Tiberio,Attrazione turistica,http://www.goleditiberio.com,371 464 7607,Contrada Tiberio,San Mauro Castelverde,,,https,React,No,Host SpA,42,41,92.00,Sì,No
Bomboniere D'Arte - Domus Artis di Antonino D'Urso,Negozio di articoli da regalo,https://www.bombonieredarte.it,095 780 7303,"Via Milano, 1",Trecastagni,,,https,PrestaShop,No,Aruba S.p.A.,59,60,100.00,Sì,No
"Goa Gallery, Galleria d'arte",Galleria d'arte,https://www.spaziogoa.com,328 036 5932,"Via del Mare, 19",Villasimius,,,https,ASP.NET,No,Aruba S.p.A. Network,87,97,100.00,Sì,No
Sculture in corallo e legno di Francesco Era,Galleria d'arte,,079 676 2065,Loc. Rena Majore,Aglientu,,,,,,,,,,,
Museo Storico Emilio e Joyce Lussu,Museo di storia,,070 958 9011,"Vico Emilio Lussu, 93",Armungia,,,,,,,,,,,
CiMA | Civico Museo di Allai,Museo,https://cimallai.it,0783 097498,"Via Parrocchia, 15A",Allai,,info@2pweb.it,https,React,No,Aruba S.p.A. Network,45,52,69.00,Sì,No
Frammenti Bottega D'arte,Servizio di restauro di opere d'arte,,346 184 3155,"Cortile Marguglio, 6",Castelbuono,,,,,,,,,,,
Artelife Di Scire' Loredana,Negozio di souvenir di matrimonio,,095 657671,"Via Giuseppe Garibaldi, 53",Scordia,,,,,,,,,,,
Comune di Ustica,Sala comunale,,091 844 9237,"Via Petriera, snc",Ustica,,,,,,,,,,,
Museo della bonifica di Arborea,Museo,http://museoarborea.it,0783 802005,"Corso Italia, 11",Arborea,,muba@comunearborea.it,https,WordPress,Sì,Aruba S.p.A.,66,95,92.00,Sì,No
Arte Arborea,Servizio di potatura alberi,http://www.artearborea.it,333 202 6605,"Via Monea Oltrestura, 46",Cuneo,,info@artearborea.it,http,WordPress,No,Aruba S.p.A. Network,59,78,85.00,Sì,No
Pro Loco Buseto Palizzolo,Ufficio aziendale,,0923 855184,"Via Palermo, 28",Buseto Palizzolo,,,,,,,,,,,
Collezione museale archeologica - MUB,Museo,,0783 80331,Corso Italia,Arborea,,,,,,,,,,,
Treno Museo di Villarosa e Case Museo di Villapriolo.,Museo etnografico,http://www.trenomuseovillarosa.com,338 480 9721,piazza Giovanni Palatucci. stazione fs,Villarosa,,trenomuseovillarosa@gmail.com,https,Joomla,No,Aruba S.p.A. Network,52,87,92.00,Sì,No
Galleria Aganahuei,Galleria d'arte,http://www.aganahuei.com,0173 34902,"Corso Fratelli Bandiera, 19",Alba,,aganahuei.arteindustriale@gmail.com,https,Squarespace,No,"Squarespace, Inc.",57,90,92.00,Sì,No
BLUART CAFFETTERIA WINEBAR TRATTORIA PANINOTECA,Caffetteria,,340 828 5410,"Via Tenente Sanna, 29",Arzachena,,,,,,,,,,,
"Le Gru, Gruppo Fotografico - Galleria FIAF",Galleria d'arte,http://www.fotoclublegru.it,392 562 0023,"Corso Vittorio Emanuele III, 214",Valverde,,,https,WordPress,Sì,Aruba S.p.A.,75,71,77.00,Sì,No
Galleria Bonadonna_fotografia di Nicasio Rotolo,Fotografo,,320 852 9293,"Piazza Vespri, 5",Caccamo,,,,,,,,,,,
Galleria Esdé Temporary Store,Galleria d'arte,,349 536 9661,"Piazza Risorgimento, 21",Arzachena,,,,,,,,,,,
Gioielleria Cannistraro Angelo,Gioielleria,,0921 542103,"Corso Garibaldi, 164",Valledolmo,,,,,,,,,,,
Fondazione La Verde La Malfa,Museo d'arte,http://www.fondazionelaverdelamalfa.com,095 717 8155,"via sottotenente Pietro, Via S. Ten. Nicolosi, 29",San Giovanni La Punta,,,https,WordPress,No,Netsons s.r.l.,68,59,85.00,Sì,No
CASTELBUONO ARTE,Negozio di ceramiche,,0921 677111,"Via Collegio Maria, 75",Castelbuono,,,,,,,,,,,
Torre Capitania,Museo,https://enjoytroina.it/prodotto/complesso-museale-torre-capitania,331 467 5445,"Via Conte Ruggero, 57",Troina,,coolturalmentetroina@gmail.com,http,WordPress,Sì,Server Plan S.r.l.,33,60,85.00,Sì,No
Galleria Fidia,Galleria d'arte,https://www.artefidia.com,338 135 9307,"Via Angelo Brunetti, 49",Roma,,info@artefidia.com,https,WordPress,No,Aruba S.p.A. Network,59,81,92.00,Sì,No
Duomo di San Giorgio Martire,Cattedrale cattolica,,091 812 1808,"Piazza Duomo, 2",Caccamo,,,,,,,,,,,
Basilica Santuario Nostra Signora del Regno,Chiesa cattolica,http://www.diocesiozieri.org,392 127 0860,Piazza Nostra Signora del Regno,Ardara,,curiavescovile@diocesiozieri.org,https,WordPress,No,IDS & UNITELM SRL,34,66,92.00,Sì,No
Galleria D'arte Venezia Orler,Galleria d'arte,https://www.galleria-arte.com/galleria-arte-venezia,392 695 6046,"Fondamenta de la Pasina, 1114",Venezia,,,https,Shopify,No,Sconosciuto,70,95,100.00,Sì,No
Museo Civico di Castelbuono,Museo,http://www.museocivico.eu,0921 671211,"Piazza Castello, 3",Castelbuono,,,https,WordPress,No,Servereasy Srl,56,70,77.00,Sì,No
Galleria Roma Art Guesthouse,Bed & Breakfast,http://www.galleriaromaartguesthouse.it,328 543 7864,"Galleria Felice Porcella, 4",Oristano,,info@galleriaromaartguesthouse.com,https,Shopify,Sì,Server Plan S.r.l.,57,99,92.00,Sì,No
Galleria Vittoria,Galleria d'arte,https://www.galleriavittoria.com,06 3600 1878,"Via Margutta, 103",Roma,,,https,WordPress,Sì,Google LLC,90,86,100.00,Sì,No
Museo Civico Castelluzzo Arte Contemporanea,Museo,,335 393 889,"Via Mistretta, 21",Castel di Lucio,,,,,,,,,,,
Teatro di Segesta,Punto di riferimento storico,https://www.parcodisegesta.com/home/vivere/storia/Teatro.html,0924 952356,"Area Archeologica di Segesta, Acropoli Nord",Calatafimi,,parco@parcodisegesta.com,https,React,No,Reevo S.P.A.,92,100,92.00,Sì,No
I.S.Art Di Guido Emanuele,Ditta specializzata in marmi,http://www.isart.le.it,0832 326255,"Via Salvo D'Acquisto, sn",Arnesano,,,http,Joomla,No,Aruba S.p.A.,67,98,92.00,Sì,No
Altra Galleria,Galleria d'arte,https://domusdeluna.it/la-galleria,340 714 8414,"Via Leonardo Alagon, 29",Cagliari,,,https,WordPress,Sì,Aruba S.p.A. Network,65,59,100.00,Sì,No
La Galleria Del Tempo Di Barbara Zella,Negozio di antiquariato,,0783 302110,"Via Pietro Riccio, 15",Oristano,,,,,,,,,,,
Galleria Comunale d'Arte,Museo d'arte,http://sistemamuseale.museicivicicagliari.it,070 677 7598,"Viale S. Vincenzo, 2",Cagliari,,infoeprenotazioni@museicivicicagliari.it,https,Shopify,No,"Amazon.com, Inc.",66,90,92.00,Sì,No
MigrArti Film Fest Caltabellotta,Festival,,339 219 0606,Piazza Ruggero Lauria,Caltabellotta,,,,,,,,,,,
Museo civico di Castroreale,Museo d'arte,,090 974 6534,"Via Guglielmo Siracusa, 31",Castroreale,,,,,,,,,,,
Galleria d'Arte Koinè Scicli,Galleria d'arte,,0932 843812,"Via Francesco Mormino Penna, 40",Scicli,,,,,,,,,,,
Heraclia Art - Galleria d'Arte,Galleria d'arte,,333 669 3636,"Via Marinella, 4",Eraclea Mare,,,,,,,,,,,
Family art,Ristorante,,0921 562099,"Corso Giuseppe Mazzini, 29",Castellana Sicula,,,,,,,,,,,
CartoCrea,Cartoleria,,377 338 2474,"Via Enna, 11",Casteldaccia,,,,,,,,,,,
Ganzeria,Agriturismo,,360 760 231,"Contrada Ganzeria, 17",Chiaramonte Gulfi,,,,,,,,,,,
Caffè Umberto,Bar,,0932 928951,"Corso Umberto I, 41",Chiaramonte Gulfi,,,,,,,,,,,
Sala d'Arte Mabi Sanna,Galleria d'arte,,339 233 8943,"Via Sigismondo Arquer, 41",Cagliari,,,,,,,,,,,
ALT. ART. CORNICERIA GALLERIA | cornici su misura | grafiche d'autore | dipinti | specchiere | soluzioni d'arredo | walldecor,Negozio di cornici,https://www.altart.it,349 409 8135,"Via Goffredo Mameli, 3",Olbia,,,https,WordPress,No,CLOUD,56,60,92.00,Sì,No
Catania Art Gallery,Galleria d'arte,,095 439171,"Via Martino Cilestri, 41/piano 5°, 95129",Catania,,,,,,,,,,,
Galleria Corleone tours,Associazione,,334 277 7740,piazza falcone,Corleone,,,,,,,,,,,
CERAMICHE DON CORLEONE DI ANTONIO FORLIN,Negozio,,0942 24967,"Salita Francesco De Luna n° 4, Salita Guglielmo Melivia, 5",Taormina,,,,,,,,,,,
The AB Gallery - Galleria d'Arte - Design - Concept Store,Galleria d'arte,https://www.theabgallery.com,070 657665,"Via Luigi Einaudi, 14",Cagliari,,,https,WordPress,No,"Cloudflare, Inc.",56,41,100.00,Sì,No
Marisa Notarianni Ceramics,Corso di ceramica,https://www.marisanotarianniceramics.com,348 249 0269,C.da Bosco,Collesano,,,https,Joomla,No,Server Plan S.r.l.,53,77,83.00,Sì,No
Art. In Di Accardo G. S.A.S.,Lavorazione metalli,http://www.artin.it,0924 951891,Zona industriale Cda sasi,Calatafimi,,art.in@libero.it,https,Shopify,Sì,Aruba S.p.A. Network,55,92,100.00,Sì,No
Galleria Nazionale di Cosenza,Galleria d'arte,,0984 795639,Via Gian Vincenzo Gravina,Cosenza,,,,,,,,,,,
Ceramiche di Caltagirone | Collezione d'Arte di Gianluca Spinasanta,Galleria d'arte,http://www.gianlucaspinasanta.it,338 358 5915,"Via G. D'Annunzio, 42",Caltagirone,,,https,WordPress,No,Netsons Network,63,74,100.00,Sì,No
Jò Badamo Pittore Surrealista Contemporaneo,Artista,http://jobadamo.net,333 139 7227,"Via Ravenna, 30",Castellammare del Golfo,,,http,Shopify,Sì,Aruba S.p.A. Network,68,94,100.00,Sì,No
Museo dell'Olio,Museo,https://www.museionline.info/musei/museo-dell-olio-di-palazzo-montesano,0932 711239,"Via Montesano, 1",Chiaramonte Gulfi,,,https,Joomla,No,IONOS SE,88,99,92.00,Sì,No
Civico 40 - Giancarlo Romana,Fotografo per matrimoni,,320 879 3054,"Via Vittorio Emanuele, 40",Caltavuturo,,,,,,,,,,,
O.L.T. Old Land Technology S.N.C. Di Di Nieri Antonino,Negozio di computer,,0921 540936,"Via Vittorio Emanuele, 42",Caltavuturo,,,,,,,,,,,
C.I.D.M.A. - Museo Antimafia,Museo,https://www.cidmacorleone.it,091 8452 4143,"Via G. Valenti, 7",Corleone,,info@cidmacorleone.it,https,Joomla,No,Aruba S.p.A. Network,48,47,92.00,Sì,No
Fabiano Roccuzzo Fotografia,Fotografo,https://www.fabianoroccuzzofotografia.it,379 112 8374,"Corso Umberto I, 28",Chiaramonte Gulfi,,,http,Shopify,No,Google LLC,57,63,92.00,Sì,No
Diorama Store,Servizio di stampa digitale,,091 954479,"Via Lungarini, 56",Casteldaccia,,,,,,,,,,,
Bonelli Arte S.R.L.,Galleria d'arte,http://www.bonelliarte.com,0376 244769,"Via Cavour, 29",Canneto sull'Oglio,,,http,Joomla,No,Aruba S.p.A.,100,100,100.00,Sì,No
Espacio Valverde,Galleria d'arte,http://www.espaciovalverde.com,+34 609 57 22 26,"C. de Valverde, 30",Madrid,,info@espaciovalverde.com,https,React,No,Google LLC,83,99,100.00,Sì,No
Arte e Fantasie di Angela Ando',Negozio di articoli da regalo,,338 337 4488,"Via Palestro, 90",Floridia,,,,,,,,,,,
PUTIA Sicilian Creativity,Galleria d'arte,http://www.putia.eu,351 900 2555,"Piazza Margherita, 14",Castelbuono,,,https,Angular,No,"Cloudflare, Inc.",33,73,92.00,Sì,No
Pro Loco Phiale aurea,Attrazione turistica,http://www.prolococaltavuturo.it,0921 541759,"Via Vittorio Emanuele, 55",Caltavuturo,,,https,Weebly,No,Aruba S.p.A.,0,0,82.00,Sì,No
Santo Ficara,Galleria d'arte,https://www.santoficara.it,055 234 0239,"Via Arnolfo, 6L",Firenze,,,https,WordPress,No,Sconosciuto,70,99,75.00,Sì,No
Art Of Rugs,Azienda e-commerce,,327 853 8926,contrada villa Maria snc coop padre pio palazz. b3,Casteltermini,,,,,,,,,,,
Antica Acropoli Locazione Turistica Centuripe,Bed & Breakfast,http://www.anticacropoli.com,0935 73971,"Piazza Lanuvio, 23",Centuripe,,anticacropoli@gmail.com,,Squarespace,Non trovato,"Squarespace, Inc.",59,70,92.00,Sì,No
Sapori Chiaramontani,Fornaio,https://saporichiaramontani.myadj.it,0932 928384,"Viale Orto Rabito, 7",Chiaramonte Gulfi,,,https,Shopify,No,"Cloudflare, Inc.",73,93,92.00,Sì,No
Tiffany art Gallery,Negozio di quadri,,348 760 2491,Via Natalino Sapegno #7#,Castelvetrano,,,,,,,,,,,
Paola Luisa Amico - Laboratorio Ceramiche D'Arte,Negozio di ceramiche,,0923 869383,"Via Tomm Guarrasi, 18",Erice,,,,,,,,,,,
Giovanni Noto - Arte Orafa,Orafo,https://marmoris-gioielli.webnode.it,329 817 6038,"Piazza Sperone, 1",Custonaci,,gnarteorafa@gmail.com,https,React,No,Sconosciuto,70,97,100.00,Sì,No
Palazzo Miccichè,Centro culturale,http://www.farmculturalpark.com,0922 34534,"Via Francesco Micciche, 17",Favara,,info@farm-culturalpark.com,https,Magento,No,"Squarespace, Inc.",63,77,85.00,Sì,No
Nahid Gallery,Negozio di articoli da regalo,,375 615 7412,"Via Giovanni Gentile, Via V. Titone",Castelvetrano,,,,,,,,,,,
Galleria Emy,Galleria d'arte,,090 240 6564,"Via G. Garibaldi, 111",Messina,,,,,,,,,,,
Museo etnografico Oliva Carta Cannas,Museo etnografico,http://www.museodiaggius.it/meoc-museo-etnografico-oliva-carta-cannas/#!/info,349 494 6232,"Via Monti di Lizu, 6",Aggius,,info@museodiaggius.it,http,WordPress,No,Sconosciuto,,,,Sì,No
Blu Arte,Negozio di ceramiche,http://www.bluarte.com,388 349 2151,"Lungomare Tysandros, 78",Giardini-Naxos,,info@bluarte.com,https,WordPress,Sì,Aruba S.p.A. Network,54,55,100.00,Sì,No
Boutique Art Gallery di Giuliana Barretta,Galleria d'arte,,347 011 2853,"Via Aurelio Bertola, 82",Rimini,,,,,,,,,,,
B/Art,Stamperia,,0941 050040,"Via Casani, 1",Gioiosa Marea,,,,,,,,,,,
Galleria D'Arte Mirò S.r.l.,Galleria d'arte,http://www.galleriamiro.it,0861 247860,"Viale Francesco Crucioli, 140",Teramo,,information@galleriamiro.it,https,Shopify,Sì,Server Plan S.r.l.,49,38,100.00,Sì,No
Museo Etnografico Nunzio Bruno,Museo etnografico,http://museofloridia.it,335 102 7794,"Piazza Umberto I, n.27",Floridia,,museobruno@gmail.com,https,Shopify,No,Aruba S.p.A. Network,60,85,92.00,Sì,No
Articoli da Regalo,Negozio di articoli da regalo,,389 478 7117,"Via Giuseppe Garibaldi, 184",Floridia,,,,,,,,,,,
Arte In Tavola Di Buscema Salvatore,Ristorante,,0932 975099,"Str. Palazzolo, 21",Giarratana,,,,,,,,,,,
Galleria Vannucci Arte Moderna e Contemporanea,Galleria d'arte,http://www.mevannucci.com,0573 20066,"Via Gorizia, 122",Pistoia,,,https,WordPress,No,Sconosciuto,56,85,100.00,Sì,No
Centro Arte MonnaLisa,Centro d'arte,,349 169 2586,"Via Romania, 8",Gela,,,,,,,,,,,
Galleria Massimo Ligreggi,Galleria d'arte,https://www.massimoligreggi.it,320 813 9043,"Via Indaco, 23",Catania,,info@massimoligreggi.it,https,React,Sì,Sconosciuto,52,89,100.00,Sì,No
L'arte Del Pane Panificio Biscottificio,Fornaio,,329 009 6712,"Corso Umberto I, 344",Cinisi,,,,,,,,,,,
Comune di Furci Siculo,Municipio,,0942 794122,"Via Roma, 56",Furci Siculo,,,,,,,,,,,
Ceramiche d'Arte Floridia Salvatore,Negozio di ceramiche,http://www.ceramichefloridiasalvatore.it,0933 060030,"Corso Vittorio Emanuele, 76",Caltagirone,,,https,Basekit,No,Aruba S.p.A.,71,84,100.00,Sì,No
Grotta del Tono - The Cave of Tone,Attrazione turistica,,327 782 3180,"Via Stazione, 22",Gioiosa Marea,,,,,,,,,,,
"L'arte della Ceramica, Ceramica40",Negozio di ceramiche,,329 961 5309,"Via Principi di Savoia, 31",Lecce,,,,,,,,,,,
Taimeless,Galleria d'arte,http://taimeless.com,320 749 9464,"Corso Umberto, 220",Taormina,,info@taimeless.com,https,React,Sì,Sconosciuto,53,60,92.00,Sì,No
PUNTO ARTE INSULLA,Galleria d'arte,http://www.antonioinsulla.it,329 247 1000,"Via Mallia, 8",Gela,,,https,React,No,Google LLC,68,88,92.00,Sì,No
Palazzo Butera,Museo,https://palazzobutera.it/it,091 752 1754,"Via Butera, 8",Palermo,,info@palazzobutera.it,https,WordPress,Sì,Amazon.com,72,95,92.00,Sì,No
Dg Arte Fiori Montalbano,Fiorista,,0922 984247,"Corso Commendatore Cinquemani Arcuri, 78",Cianciana,,,,,,,,,,,
Museo archeologico regionale di Centuripe,Museo archeologico,https://cultura.gov.it/luogo/museo-archeologico-regionale-di-centuripe,0935 73079,"Via SS. Crocifisso, 1",Centuripe,,parco.archeo.catania@regione.sicilia.it,https,React,Sì,Vodafone Italia S.p.A.,49,62,92.00,Sì,No
Arte e Stile di Luigi Fraglica,Parrucchiere,,0933 938337,"Via Appia, 15",Gela,,,,,,,,,,,
Le Terrazze di Cicà,Associazione,http://www.leterrazzedicica.it,335 703 2850,"SP135, 24",Gioiosa Marea,,,http,Basekit,No,Aruba S.p.A. Network,73,77,100.00,Sì,No
Quam,Galleria d'arte,http://www.quamarte.com,0932 931154,"Via Francesco Mormino Penna, 79",Scicli,,info@quamarte.com,https,React,No,Aruba S.p.A. Network,51,46,92.00,Sì,No
Il Duca Ceramiche d'arte di Giuseppe Calò,Negozio di ceramiche,https://ilducaceramiche.it,328 918 0755,"Via U. La Malfa, 37",Casteldaccia,,,https,React,No,Google LLC,77,90,83.00,Sì,No
Presepe Vivente di Giarratana,Organizzazione religiosa,http://www.presepegiarratana.it,331 607 3175,"Via Cairoli, 66",Giarratana,,,https,WordPress,Sì,Netsons Network,95,97,100.00,Sì,No
Comune di Bitti,Municipio,,0784 418020,"Piazza Giorgio Asproni, 47",Bitti,,,,,,,,,,,
Artista B&B,Bed & Breakfast,,340 001 5259,"via Lanusei, 14",Cabras,,,,,,,,,,,
Marceliano Santamaría Museum,Museo d'arte,,+34 947 20 56 87,"Pl. San Juan, s/n",Burgos,,,,,,,,,,,
Trifoglio Arte,Galleria d'arte,http://www.trifoglioarte.it,0871 330344,"Corso Marrucino, 78",Chieti,,,https,WordPress,No,Seeweb s.r.l,54,61,92.00,Sì,No
Museo Etno-Antropologico - Annalisa Buccellato,Museo,https://www.museoannalisabuccellato.com/index.html,331 390 6634,P.za Castello,Castellammare del Golfo,,infoturismo@comune.castellammare.tp.it,https,React,Sì,Sconosciuto,57,84,92.00,Sì,No
Il Feotto Associazione Culturale Danza E-Mozione,Chinesiologo,https://www.margheritabadala.it,334 740 1935,"Lungomare Cottone, 7",Fiumefreddo di Sicilia,,,https,WordPress,No,Aruba S.p.A. Network,44,80,92.00,Sì,No
Lo Magno artecontemporanea,Galleria d'arte,https://www.lomagnoartecontemporanea.it,0932 763165,"Via Risorgimento, 93",Modica,,info@lomagnoartecontemporanea.it,https,Shopify,Sì,Aruba S.p.A. Network,55,67,92.00,Sì,No
ArteCircuito,Galleria d'arte,,339 697 8897,"Via Enrico Costa, 5",Sassari,,,,,,,,,,,
Gallery-art Corniceria Blob Cornici,Galleria d'arte,,347 366 3201,Via Giuseppe Garibaldi S.N.C franchino.lu@gmail.com franchino.lu@gmail.com,Palau,,,,,,,,,,,
Comune Di Budoni,Municipio,,0784 844007,"V. Nazionale, 1",Budoni,,,,,,,,,,,
Arte Aretusa,Galleria d'arte,http://artearetusa.it,0942 558035,"Viale Jannuzzo, 37",Giardini Naxos,,artearetusa@live.it,http,Basekit,Sì,Aruba S.p.A. Network,38,40,85.00,Sì,No
Galleria D'Arte Mariz,Galleria d'arte,https://www.marizarte.it,347 325 1206,"Via Nazionale Adriatica Nord, 88B",Francavilla al Mare,,info@marizarte.com,https,WordPress,No,Aruba S.p.A.,73,93,92.00,Sì,No
Erice in Miniatura,Centro culturale,,320 928 5141,"Via Dott. Vultaggio, 12",Erice,,,,,,,,,,,
Comune di Geraci Siculo,Municipio,,0921 643080,"Piazza Municipio, 14",Geraci Siculo,,,,,,,,,,,
Arte legno di Triarico Anna Giuliana,Falegnameria,,379 125 2113,Viale Risorgimento,Castri di Lecce,,,,,,,,,,,
Demuro Giacomina Antonia,Salone da parrucchiere,,079 639 0050,"Via Amsicora, 24",Calangianus,,,,,,,,,,,
Museo d'Arte Contemporanea Ludovico Corrao,Museo di arte moderna,http://www.macgibellina.it,0924 524882,Viale Segesta,Gibellina,,info@macgibellina.it,https,Joomla,No,Netsons Network,56,0,92.00,Sì,No
Galleria D'Arte Cinquantasei,Galleria d'arte,http://www.56artgallery.com,051 250885,"Via Mascarella, 59/b",Bologna,,,https,Shopify,No,"Cloudflare, Inc.",73,97,100.00,Sì,No
La Bottega Dell'Arte Di Libera Nicoletta Meloni,Negozio di cornici,,333 252 6760,"Via IV Novembre, 8",Valledoria,,,,,,,,,,,
Arte Sughero di Sandra Cossu,Negozio di artigianato tipico,,079 660505,"Via Tempio, 19",Calangianus,,,,,,,,,,,
Galleria Bonomo - Associazione Culturale,Galleria d'arte,,080 521 0145,"Via Niccolò dall'Arca, 19",Bari,,,,,,,,,,,
Battoni e Mariotti S.r.l.,Gioielleria,,079 660363,"Via Vittorio Emanuele, 6",Calangianus,,,,,,,,,,,
Soc. Cooperativa Istelai,Associazione,http://www.romanzesu.sardegna.it,0784 414314,"Via Goffredo Mameli, 52",Bitti,,it.iscali@tielast.ipcoo,https,React,No,Aruba S.p.A.,61,79,0.00,Sì,No
Contemporaneo,Ristorante,https://www.ristorantecontemporaneo.com,091 273 4192,"Via Nazionale, 153",Cinisi,,info@ristorantecontemporaneo.com,https,React,Sì,Google LLC,71,93,100.00,Sì,No
Galleria d'Arte de' Foscherari,Galleria d'arte,http://www.defoscherari.com,051 221308,"Via Castiglione, 2",Bologna,,galleria@defoscherari.com,http,Squarespace,No,"Squarespace, Inc.",54,75,92.00,Sì,No
Studio d'arte di Paolo Laconi - Pittore del Sinis,Artista,https://paololaconi.com,351 737 3098,"Via Rimedio, 35/A",Oristano,,,https,WordPress,No,SEEWEB s.r.l.,60,81,100.00,Sì,No
Museo del Sughero Calangianus,Museo del patrimonio culturale,,346 369 3859,"Via S. Francesco, 3",Calangianus,,,,,,,,,,,
Ditta Serafino Angelo Deriu,Negozio di articoli per la fotografia,,348 085 1406,"Via Parrocchia, 4",Borore,,,,,,,,,,,
Boeddu & Carta,Fornitore di materiali da costruzione,,0785 43702,"Via Zona Industriale, Bolotana, NU 08011",Bolotana,,,,,,,,,,,
Galleria Chelo,Galleria d'arte,,347 735 8397,"Corso Vittorio Emanuele II, 71",Bosa,,,,,,,,,,,
Galleria D’Arte 27,Deposito bagagli,https://www.nannybag.com/it,320 787 5205,"Via Ginnasio, 27",Bosa,,contact@nannybag.com,https,Nuxt.js,No,"Cloudflare, Inc.",50,55,92.00,Sì,No
Fili D'Arte Di De Leito Adele Rosa Anna Cecilia,Negozio di articoli da regalo,https://filidarte.it,0933 930591,"Via Polizelo, 40",Gela,,info@filidarte.it,https,WordPress,Sì,Aruba S.p.A.,63,81,100.00,Sì,No
STUDIO TATTOO _n1kmark_ di Nicolai Marco,Tatuatore,,345 241 3733,Via Nicolò Ferracciu,Calangianus,,,,,,,,,,,
Galleria Domus Arte,Galleria d'arte,,351 928 5970,"Viale Dante Alighieri, 40",Sassari,,,,,,,,,,,
Stone Art di Careddu D. e Puddu G. Snc,Designer d'interni,http://www.stone-art.it,0785 52159,"Località Mura e Forru, s.n S.S. 131 D.C.N. km 2, uscita per Abbasanta",Ghilarza,,,https,Shopify,No,"Cloudflare, Inc.",88,98,100.00,Sì,No
Galleria D'Arte Il Portico,Galleria d'arte,,0784 183 1419,"Piazza del Popolo, 1",Nuoro,,,,,,,,,,,
MOG - Museo sulle Origini Genovesi,Museo di storia locale,,079 601 4769,Via Regina Margherita,Castelsardo,,,,,,,,,,,
Museo del territorio,Museo di storia locale,,070 994 7200,Località Praidis,Castiadas,,,,,,,,,,,
Fondantico di Tiziana Sassoli,Galleria d'arte,https://www.fondantico.it,051 265980,"Via de' Pepoli, 6/E",Bologna,,info@fondantico.it,https,WordPress,Sì,Aruba S.p.A.,65,85,100.00,Sì,No
Domo de Arte - spazio polivalente,Galleria d'arte,,327 014 3629,"Via Capo D'Oro, 6/8",Sassari,,,,,,,,,,,
Direzione dell'ex Colonia Penale,Punto di riferimento storico,,340 161 6080,Località Praidis,Castiadas,,,,,,,,,,,
Artefice di Bellezza,Centro estetico,,351 911 6913,"Corso Iglesias, 175",Carbonia,,,,,,,,,,,
Falesia di Su Tingiosu,Riserva naturale,http://www.areamarinasinis.it/it/sinis-rev-1/ambiente/la-fascia-costiera/la-costa-alta/su-tingiosu/index.aspx,0783 391097,Cabras,Cabras,,info.ampsinis@comune.cabras.or.it,https,Shopify,No,Server Plan S.r.l.,56,92,67.00,Sì,No
Otto Gallery,Galleria d'arte,http://www.otto-gallery.it,051 644 9845,"Via d'Azeglio, 55",Bologna,,info@otto-gallery.it,https,WordPress,Sì,Aruba S.p.A.,57,75,92.00,Sì,No
Beranu in Buddusò - Artes in Carrera,Organizzatore di eventi,,348 315 4344,Piazza Fumu,Buddusò,,,,,,,,,,,
Museo dello Stazzo e della Civiltà Contadina,Museo del patrimonio culturale,http://www.prolocobudoni.it/ita/museostazzo.asp,340 319 8129,P.za Einaudi,Budoni,,museobudoni@libero.it,http,Jimdo,No,OVH SAS,88,91,83.00,Sì,No
Museo Multimediale della Torre San Vittorio,Museo di storia locale,,0781 858 9260,"Viale Osservatorio Astronomico, 51",Carloforte,,,,,,,,,,,
Bittirex,Parco divertimenti a tema,http://bittirex.it,392 621 0280,"località Sae Leone, 08021",Bitti,,info@bittirex.it,https,Shopify,Sì,Aruba S.p.A.,48,72,85.00,Sì,No
Ass. Cult. D'Arte e Comunicazione Il Flauto MaJico,Scuola di musica,,333 259 2732,"Via S. Sperate, 16",Decimomannu,,,,,,,,,,,
Colanzi Domenico Galleri D'arte Milano,Galleria d'arte,http://www.domenicocolanzi.it,02 8715 7605,"Via dell'Orso, 1",Milano,,info@domenicocolanzi.it,https,WordPress,No,Aruba S.p.A.,95,99,83.00,Sì,No
La Bottega dell'Intreccio,Negozio di artigianato tipico,,328 338 2133,"Via Europa, 53",Bonarcado,,,,,,,,,,,
Deodato Arte,Galleria d'arte,https://www.deodato.com,02 8088 6294,"Via Santa Marta, 6",Milano,,info@deodato-arte.it,https,Magento,No,"Cloudflare, Inc.",,,,Sì,No
Affittacamere Gallurà,Hotel,http://gallura7.webnode.it,328 802 8172,"Vico Nicolò Ferracciu, 2a",Calangianus,,contatto@esempio.it,https,Webnode,No,Amazon Technologies Inc.,65,95,100.00,Sì,No
Comune di Decimomannu,Municipio,,070 966701,"Piazza Municipio, 1",Decimomannu,,,,,,,,,,,
Museo del Minatore,Museo,http://www.minieredisardegna.it/Schede.php,0781 54303,Via Marina,Buggerru,,,https,React,No,Aruba S.p.A. Network,97,100,100.00,Sì,No
Galleria Luigi Proietti Porto Cervo,Galleria d'arte,https://www.galleria-artitalia.it,335 654 4465,Piazzetta degli Ulivi,Porto Cervo,,,https,Joomla,Sì,Aruba S.p.A. Network,,,,Sì,No
Biblioteca del Centro Culturale di Buddusò,Biblioteca,http://www.bibliotecabudduso.it,079 715308,"Corso Vittorio Emanuele, 55",Buddusò,,biblioteca@comune.budduso.ss.it,https,WordPress,No,Aruba S.p.A.,,,,Sì,No
Sulcigraf,Laboratorio di serigrafia,,0781 670043,"Via Giuseppe Mazzini, 6",Carbonia,,,,,,,,,,,
Arteseos Slow Jewels,Negozi di artigianato,http://www.arteseos.com,393 954 4137,"Via Umberto I, 106",Villasimius,,,https,Shopify,No,"Cloudflare, Inc.",74,92,100.00,Sì,No
Temporary Storing Contemporary Art,Galleria d'arte,http://www.fondazionebartolifelter.it,335 8381 9532,"Via XXIX Novembre 1847, 5",Cagliari,,,http,ASP.NET,No,Aruba S.p.A. Network,,,,Sì,No
Galleria Studio D'arte Barbara Simonetti,Studio di pittura,,389 446 3133,Via Domenico Millelire,Dorgali,,,,,,,,,,,
Cabai Artigianato,Negozio di artigianato tipico,,333 430 8175,"Via Cagliari, 132",Capoterra,,,,,,,,,,,
La Galleria dell'Eleganza,Negozio di abiti da sposa,,348 978 5145,"Via La Marmora, 60",Dorgali,,,,,,,,,,,
Donna 2000 - Musu Parrucchieri di Musu Maria Giovanna,Salone da parrucchiere,,079 660998,"Via Nino Bixio, 6",Calangianus,,,,,,,,,,,
A.F. Cornici Di Farris Angela,Fiorista,,0781 856092,"Via delle Mosciare, 2",Carloforte,,,,,,,,,,,
Arte Gallery Giovannini,Galleria d'arte,https://www.giovanninidavid.it,340 313 0630,"Via Giuseppe Romita, 41",Tolentino,,,https,ASP.NET,No,Aruba S.p.A. Network,,,,Sì,No
Chiesa Parrocchiale di S. Giorgio Martire,Chiesa cattolica,http://www.diocesidinuoro.it,0784 415146,Piazza San Giorgio Bitti,Bitti,,diocesi@nuoro.chiesacattolica.it,https,Shopify,No,Sconosciuto,41,46,85.00,Sì,No
Galleria Di Nenno Spazio Arte,Galleria d'arte,http://danilodinenno.wix.com/danilodinennocuori,329 961 2796,"Via degli Abruzzi, 35",Lanciano,,,,Angular,Non trovato,Google LLC,,,,No - Pagina Non Trovata (404),No
Katart,Scuola d'arte,,346 983 0256,"Via Vittorio Emanuele, 18",Capoterra,,,,,,,,,,,
Agriturismo Muggiana,Agriturismo,http://www.agriturismomuggiana.it,0784 57579,Strada Provinciale Le Fonni Desulo,Fonni,,,https,Drupal,No,Aruba S.p.A.,,,,Sì,No
A Regola D'Arte,Pizzeria a domicilio,,345 803 0502,"Via Emilio Lussu, 6",Dolianova,,,,,,,,,,,
Donnortei,Alloggi al coperto,http://www.agriturismodonnortei.com,330 253 842,Località Donnortei,Fonni,,info@agriturismodonnortei.com,https,ASP.NET,Sì,Aruba S.p.A. Network,,,,Sì,No
Museo Civico Salvatore Fancello,Museo,,0784 927250,"Via Umberto, 37",Dorgali,,,,,,,,,,,
Galleria d'arte BRUGIATI,Galleria d'arte,,366 107 9170,"Piazza dei Caduti sul Lavoro, 11",Monterotondo Scalo,,,,,,,,,,,
Bed and Breakfast Casa Masini Fonni,Bed & Breakfast,http://www.casamasini.it,346 956 5511,"Via Alfonso Lamarmora, 4",Fonni,,info@casamasini.it,https,Joomla,Sì,Aruba S.p.A.,,,,Sì,No
Antonia Jannone Disegni di Architettura,Galleria d'arte,http://www.antoniajannone.it,02 2900 2930,"Corso Garibaldi, 125",Milano,,email@domain.com,https,React,No,Aruba S.p.A.,,,,Sì,No
Zemanart,Cartoleria,,0781 72392,"Via Musei, 40",Domusnovas,,,,,,,,,,,
PROLOCO BUDONI,Ufficio comunale del turismo,http://www.prolocobudoni.it,0784 844050,"V. Nazionale, 202",Budoni,,info@prolocobudoni.it,http,ASP.NET,No,OVH SAS,78,95,83.00,Sì,No
Emme Comunicazione,Agenzia di marketing,https://www.emme-comunicazione.it,334 131 7055,"Via Giuseppe Mazzini, 24",Capoterra,,,http,WordPress,No,Contabo GmbH,,,,Sì,No
Esposizione dell'arte di Giuseppe Floris Serra.,Museo di arte moderna,,349 005 9236,"Via S. Gavino Monreale, 17",San Gavino Monreale,,,,,,,,,,,
Soc. Cooperativa Forum Traiani a r.l.,Attrazione turistica,http://www.forumtraiani.it,0783 60157,"Via Umberto I, 4",Fordongianus,,,http,Shopify,Sì,Aruba S.p.A.,,,,Sì,No
Museo Etnografico Sa Domo ‘e sos Marras,Museo etnografico,,377 375 7355,"Via Giuseppe Garibaldi, 14",Galtellì,,,,,,,,,,,
Sardegna Grand Hotel Terme,Hotel,https://www.termesardegna.it,0783 605016,"SP23, 1",Fordongianus,,booking@termesardegna.it,https,Shopify,No,Hetzner Online GmbH,,,,Sì,No
Galleria d’Arte Moderna e Contemporanea Raffaele De Grada,Museo d'arte,http://www.sangimignanomusei.it/eng/galleria.htm,0577 286300,"Via Folgore da S. Giminiano, 11",San Gimignano,,sangimignanomusei@operalaboratori.com,https,React,No,Aruba S.p.A.,,,,Sì,No
Farris Massimo,Scuola,,0783 92207,"Via Roma, 63",Gonnoscodina,,,,,,,,,,,
Galleria Henry,Associazione culturale,https://www.visitbuggerru.it/prenotazioni-galleria-henry,334 114 2910,Via Pranu Sartu,Buggerru,,galleriahenry@comunebuggerru.it,https,React,Sì,Google LLC,,,,Sì,No
Comune Di Ghilarza,Municipio,,0785 5610,"Via G. Matteotti, 64",Ghilarza,,,,,,,,,,,
Nuraghe Seruci,Attrazione turistica,,377 396 8844,SP108,Gonnesa,,,,,,,,,,,
Museo del Carbone - Grande Miniera di Serbariu,Miniera,http://www.museodelcarbone.it,0781 62727,"Grande, Miniera di Serbariu",Carbonia,,info@museodelcarbone.it,https,WordPress,Sì,Hetzner Online GmbH,49,56,100.00,Sì,No
Geosito Cava di Duidduru,Museo,http://www.parcgenoni.it/geosito-cava-fossilifera-duidduru,339 167 6863,Località Duidduru,Genoni,,info@parcgenoni.it,https,Shopify,No,Host SpA,,,,Sì,No
L'Atelier in via XX Settembre,Negozio di articoli da regalo,https://atelierdiorianabassani.jimdofree.com,335 573 8167,"Via XX Settembre, 47A",Carloforte,,orianabassani@gmail.com,https,Angular,Sì,"Cloudflare, Inc.",,,,Sì,No
Museo Galleria d'Arte Moderna (Villa Saluzzo Serra),Museo d'arte,http://www.museidigenova.it/it/content/gam,010 557 6976,"Via Capolungo, 3",Genova,,,,Drupal,Non trovato,Aruba S.p.A. Network,,,,No - Pagina Non Trovata (404),No
Nuraghe Dronnoro,Sito archeologico,,0784 59131,SP2ter,Fonni,,,,,,,,,,,
Stazione dell'Arte,Museo d'arte,http://www.stazionedellarte.com,0782 787055,SP11,Ulassai,,,https,React,Sì,LeaseWeb Netherlands B.V.,,,,Sì,No
Sea Wreck Escursioni Sardegna,Agenzia per escursioni,https://www.seawreckescursioni.it,347 384 6907,Mare Morto,Cabras,,,https,React,No,Aruba S.p.A. Network,,,,Sì,No
Casa Museo Antonio Gramsci,Museo,http://www.casamuseogramsci.it,0785 388600,"Corso Umberto, 57",Ghilarza,,info@casamuseogramsci.it,https,WordPress,No,Aruba S.p.A.,,,,Sì,No
Guasila in tour,Ufficio comunale del turismo,,366 194 4444,"Via Sailis, 6",Guasila,,,,,,,,,,,
Corrias,Negozio di strumenti musicali,,070 970006,"Via Dante Alighieri, 12",Guspini,,,,,,,,,,,
"ANTES - Servizi di Archeologia, Turismo e Marketing",Agenzia di visite turistiche,,340 922 4917,"Via Chiesa, 5",Gesico,,,,,,,,,,,
ZIU TATTOO ART di Mariano Caredda,Studio di tatuaggi,,349 596 1835,"Via Cagliari, 113",Domusnovas,,,,,,,,,,,
Museo d'arte moderna Liliana Cano,Museo d'arte,,079 44563,"Via Marini, 54",Ittiri,,,,,,,,,,,
Museo d'Arte Sacra Scrinia Sacra,Museo d'arte,,070 983 7927,"Via Sailis, 6",Guasila,,,,,,,,,,,
Murale Sardegna Di Congiu Nicoletta Francesca,Attrazione turistica,,0784 978278,"Via Guglielmo Marconi, 7",Irgoli,,,,,,,,,,,
"Museo DART / Casa Falconieri. Giovanni Battista Piranesi, un visionario moderno.",Museo d'arte,,347 186 6055,Via G. Carducci,Dolianova,,,,,,,,,,,
Sa Butega de Faustu Caria,Mercato,,327 717 8309,"Via Dante Alighieri, 49",Guasila,,,,,,,,,,,
Sardinia Photo Event Di Loi Ettore S.A.S.,Laboratorio fotografico,http://www.sardiniaphotoevent.it,0782 33703,"Via Nazionale, 12",Ilbono,,,https,WordPress,Sì,Sconosciuto,,,,Sì,No
Artgallery L'Artista,Galleria d'arte,http://www.artgallerycolle.com,338 681 6158,"Via Lanzillotti, 240",Ferrandina,,info@artgallerycolle.com,http,React,No,Eonix Corporation,,,,Sì,No
Arti e Mestieri d'Oro di Iuri e Fernanda Marrocu,Gioielliere,,333 226 3500,"Via Porru Bonelli, 5",Gonnosfanadiga,,,,,,,,,,,
Modigliani Art Caffè,Bar caffè,,339 475 2687,"Piazza Municipio, 7",Iglesias,,,,,,,,,,,
Galleria d'arte e museo personale,Museo,,339 203 7207,"Str. Vicinale Mandra di l'Ainu, 83",Sassari,,,,,,,,,,,
Centro Culturale Comunale di via Cattaneo,Centro culturale,,0781 22570,"Via Roberto Cattaneo, 82",Iglesias,,,,,,,,,,,
B&B e Home Restaurant S'Ispera -monolocale ad uso esclusivo-,Bed & Breakfast,https://www.sisperafonni.com,349 286 9343,"Via Monte Spada, 6",Fonni,,info@website.com,https,WordPress,No,Sconosciuto,,,,Sì,No
Museum Natività della Beata Vergine Maria,Museo,,338 279 9473,Via Giosuè Carducci,Luogosanto,,,,,,,,,,,
ARTES SOUVENIRS artigianato sardo,Negozio di artigianato tipico,,388 250 8827,"Viale Plammas, 11",Santa Maria Navarrese,,,,,,,,,,,
La bottega di Pablo,Barbiere,,380 245 3969,"Via Roma, 132",Lanusei,,,,,,,,,,,
Pro Loco Luogosanto,Organizzatore di eventi,,388 841 4224,"Via Giuseppe Garibaldi, 70",Luogosanto,,,,,,,,,,,
Scuola Civica Arte Contemporanea,Scuola di educazione generale,http://scuolacivicaartecontemporanea.blogspot.com,347 369 6005,Piazza San Francesco,Iglesias,,,https,React,No,Google LLC,77,98,92.00,Sì,No
Ghiggini 1822 - Proposte d'arte,Galleria d'arte,http://www.ghiggini.com,351 832 2126,"Via Albuzzi, 17",Varese,,,https,WordPress,Sì,Amazon Technologies Inc,64,93,100.00,Sì,No
Comune di Loiri Porto San Paolo,Municipio,,0789 48111,"Viale Dante Alighieri, 28",Loiri Porto San Paolo,,,,,,,,,,,
Ceramic Art Di Zucca Marco,Negozio di articoli per la fotografia,,0785 605206,"Via S. Gavino, 5",Macomer,,,,,,,,,,,
Cenzi Galleria d'Arte Scultorea di Madeo Antonio Filippo,Galleria d'arte,https://cenzigalleriadarte.com,389 539 8456,"Contrada Amica, 58",Amica,,,https,Wix,Sì,Wix,,,,Sì,No
Pizzeria La Rotonda Degli Artisti,Pizzeria,,338 253 9896,"Via Enrico Satta, 32",Isili,,,,,,,,,,,
Centro Servizi La Gallura,Impresa edile,,393 063 1505,"Via del Castagno, 12",Loiri Porto San Paolo,,,,,,,,,,,
Gioielleria Creazioni di Boi Salvatore | Gioielli orologi bomboniere e molto altro a Guspini,Gioielleria,,070 978 4014,"Via G. Carducci, 81",Guspini,,,,,,,,,,,
A.S.D. Danza Omodeo,Scuola di danza,https://danzaomodeo.wordpress.com,333 454 5353,Via Ocier Reale,Ghilarza,,mallupiras@gmail.com,https,WordPress,No,"Automattic, Inc",,,,Sì,No
Ristorante L’angolino 148,Ristorante,http://www.ristorantelangolino148.com,388 049 2613,"Via Giacomo Matteotti, 148",Guspini,,angolino148@gmail.com,https,React,Sì,OVH SAS,56,70,100.00,Sì,No
Museo e Associazione Remo Branca (arte xilografica),Museo d'arte,http://remobranca.org,345 569 6130,"Via Roma, 68",Iglesias,,,https,Joomla,Sì,"Cloudflare, Inc.",69,97,83.00,Sì,No
Il Cespo,Negozio di accessori di moda,,338 444 2181,Via degli Aironi,Golfo Aranci,,,,,,,,,,,
Dessolis Pierpaola,Tabaccheria,,0784 56758,"Via Nuoro, 1",Mamoiada,,,,,,,,,,,
De Lacon Associazione,Agenzia per escursioni,http://www.delacon.it,340 399 5145,"V. Flumini, 15",Laconi,,info@delacon.it,https,WordPress,Sì,Aruba S.p.A.,63,87,85.00,Sì,No
Museo Archeologico ed Etnografico,Museo archeologico,http://www.museoittireddu.it/it/museo/index.html,079 767623,"Via S. Giacomo, 3",Ittireddu,,info@museoittireddu.it,http,React,No,Aruba S.p.A. Network,0,100,100.00,Sì,No
Laboratorio Artigiano delle Maschere di Franco Sale,Artista,https://www.mamuthonescarrigados.it,340 540 1849,"Via Marsala, 25",Mamoiada,,,https,ASP.NET,No,Aruba S.p.A.,79,99,100.00,Sì,No
Ceramiche Marcusei,Fornitore di materiali da costruzione,,0782 42454,"Via Guglielmo Marconi, 187",Lanusei,,,,,,,,,,,
Museo Etnografico Le Arti Antiche,Museo etnografico,https://www.esedraescursioni.it,0785 743044,"Corso Umberto I, 225",Macomer,,info@yoursite.com,https,Shopify,Sì,Krystal Hosting Ltd,59,87,100.00,Sì,No
Albachiara,Pizzeria,,0784 648008,SS 128 Centrale Sarda,Meana Sardo,,,,,,,,,,,
Museo dell'Arte Mineraria e Museo Mineralogico,Museo del patrimonio culturale,http://www.iglesiasturismo.it,0781 274507,"Via Roma, 47",Iglesias,,,https,WordPress,Sì,Fastweb SpA,0,0,0.00,Sì,No
S'Art - il filo dell'arte,Negozi di artigianato,,348 734 3976,"Via Cagliari, 36",Iglesias,,,,,,,,,,,
L'arte Del Capello Enza & Giusy,Salone da parrucchiere,,340 249 1684,"Viale Pietro Nenni, 9",Porto San Paolo,,,,,,,,,,,
Galleria e Butto di Via Eleonora D'Arborea,Punto di riferimento storico,https://monumentiaperti.com/it/monumenti/rifugio-antiaereo-5,346 520 8003,Via Eleonora,Iglesias,,info@monumentiaperti.com,https,Shopify,No,Server Plan S.r.l.,78,94,92.00,Sì,No
Corniceria Salvador Dalì Arte & Cornici di Bruna Onida,Negozio di cornici,,392 919 1994,"Corso Umberto I, 208",Macomer,,,,,,,,,,,
Parco Aymerich,Parco,https://www.sardegnaforeste.it/ugb/parco-aymerich,0782 867064,Via su Acili,Laconi,,,https,Drupal,No,Tiscali,73,94,62.00,Sì,No
Arte Sarda - Golfo Aranci - Negozio di Artigianato Sardo,Negozi di artigianato,https://www.estateinsardegna.it/negozi/golfo-aranci/arte-sarda-di-padiglia-antonio,349 680 2102,"Piazza del Porto, 1",Golfo Aranci,,info@estateinsardegna.it,https,WordPress,Sì,OVH SAS,68,71,92.00,Sì,No
Nulvi Galleria d'Arte,Associazione artistica,,345 577 6426,"Via San Filippo, 2",Nulvi,,,,,,,,,,,
Studio U di Sandrino Ulleri,Atelier,,348 165 2090,Via Roma,Maracalagonis,,,,,,,,,,,
Antiquarium Comunale - Irgoli,Museo archeologico,https://www.janirgoli.it/antiquarium,380 639 0589,"Via S. Michele, 14",Irgoli,,info@museoirgoli.it,https,WordPress,No,Seeweb srl,,,,Sì,No
Mater Museo dell'Archeologia e del Territorio,Museo archeologico,http://museomaschere.it,0784 189 8135,"Piazza Europa, 15",Mamoiada,,info@museomaschere.it,https,Shopify,Sì,Aruba S.p.A.,57,77,85.00,Sì,No
Idee e Decori di Cristina Mura,Negozio di articoli per feste,http://shop.ideedecori.com,0785 606003,"Viale Sant'Antonio, 17",Macomer,,,https,PrestaShop,Sì,Aruba-Hosting,63,84,83.00,Sì,No
GALLERIA D'ARTE MICHELE CARA,Artista,http://www.michelecara.it,338 304 0391,"Via Porto Scalas, 59",Cagliari,,,https,WordPress,Sì,Unlimited Web Hosting UK LTD,74,98,92.00,Sì,No
Faustini Arte,Galleria d'arte,https://www.faustiniarte.com,055 218021,"Borgo Ognissanti, 21 Rosso",Firenze,,info@faustiniarte.com,https,Squarespace,No,"Squarespace, Inc.",51,93,100.00,Sì,No
Biblioteca Comunale di Baratili San Pietro,Biblioteca pubblica,http://www.sardegnabiblioteche.it/index.php,0783 412080,Via Sardegna,Baratili San Pietro,,,https,React,No,Sardegna IT S.r.l,0,88,0.00,Sì,No
Essere a Monteleone Rocca Doria,Organizzazione non profit,,079 925243,"Via Doria, 59",Monteleone Rocca Doria,,,,,,,,,,,
Su Trobasciu tessitura tradizionale tappeti e arazzi sardi a Mogoro,Negozio di artigianato tipico,http://www.sutrobasciu.com,0783 990581,"Via Antonio Gramsci, 1",Mogoro,,sutrobasciu@tiscali.it,https,WordPress,No,Aruba S.p.A. Network,57,82,92.00,Sì,No
Galleria arte Martinelli,Galleria d'arte,http://www.galleriaartemartinelli.com,0371 841319,"Via Giuseppe Saragat, 4D",Lodi,,info@galleriaartemartinelli.com,https,WordPress,Sì,Aruba S.p.A.,59,0,92.00,Sì,No
MAB Centro Arte,Museo,,328 165 9901,"Vico III Trento, 13",Bari Sardo,,,,,,,,,,,
Comune di Monteleone Rocca Doria,Municipio,,079 925117,"Via S. Antonio, 1",Monteleone Rocca Doria,,,,,,,,,,,
Arte Fiorita,Fiorista,,340 166 8284,"Corso Vittorio Emanuele, 8",Silanus,,,,,,,,,,,
Tocchi d'Arte Ceramiche Di Caltagirone,Negozio,,338 191 1798,"Via Termini, 42",Lentini,,,,,,,,,,,
Risto&Bar Gal Hassin,Bistrò,,327 441 0845,via della Fontana Mitri,Isnello,,,,,,,,,,,
Ceramique Art,Casalinghi,,333 621 4229,"Via Vittorio Emanuele III, 27",Lentini,,,,,,,,,,,
Museo Etnografico Is lollas de is Aiaius,Museo etnografico,https://www.etnograficomandas.com,338 459 2082,"Via S. Antonio, 7",Mandas,,info@museimandas.com,https,Shopify,No,Keliweb S.R.L,61,62,100.00,Sì,No
Parco Avventura Il Boschetto,Parco divertimenti,,331 151 6828,"Via Papa Giovanni XXIII, 13",Joppolo Giancaxio,,,,,,,,,,,
Via Ferrata della Regina,Palestra per arrampicata,http://www.ferrataregina.it,347 290 3101,Str. panoramica Subramonte,Monteleone Rocca Doria,,,http,WordPress,No,Aruba S.p.A.,88,97,92.00,Sì,No
Saraceno Galleria D'Arte,Galleria d'arte,http://saracenoartgallery.com,06 3991 9502,"Via di Monserrato, 40",Roma,,info@saracenoartgallery.com,https,WordPress,No,Aruba S.p.A.,64,91,85.00,Sì,No
Magazzini Grafici,Progettista grafico,,348 922 3183,"Via Roma, 41",Maracalagonis,,,,,,,,,,,
ASSOCIAZIONE JULIA SPAZIO D’ARTE,Associazione / Organizzazione,http://maclula.com,348 247 8477,Via Rosa Luxemburg,Lula,,juliaspaziodarte@gmail.com,https,WordPress,No,Aruba S.p.A.,56,68,100.00,Sì,No
Galleria Digitale Pasolini,Galleria d'arte,,339 605 5935,"Via Atenea, 123",Agrigento,,,,,,,,,,,
Fondazione Logudoro Meilogu FLM,Museo d'arte,http://www.fondazionelogudoro.com,079 826199,"Via Marongiu, 30",Banari,,,https,ASP.NET,No,Sconosciuto,75,95,92.00,Sì,No
L' Arte Del Decoro Di Campione Fabrizio,Decoratore d'interni,,320 474 9016,"Via Tamburella, 53",Leonforte,,,,,,,,,,,
Centro di Cultura per l'Educazione Permanente,Centro culturale,,0932 952255,"Piazza Statella, 6",Ispica,,,,,,,,,,,
MAN Museo d'arte della Provincia di Nuoro,Museo d'arte,http://www.museoman.it,0784 252110,"Via Sebastiano Satta, 27",Nuoro,,info@museoman.it,https,WordPress,No,Aruba S.p.A.,36,61,100.00,Sì,No
Carta Creations & Design. Artspace dedicated to Giuseppe Carta master of chilies peppers and great fruits of Earth,Centro d'arte,https://www.cartacreationsdesign.com,349 622 5528,"V. Sassari, 3",Banari,,,https,Joomla,Sì,Aruba S.p.A. Network,61,76,92.00,Sì,No
Cornici Idea Arte di Atzeni Donatella,Negozio di cornici,,347 796 0458,"Via Antonio Gramsci, 216",Mogoro,,,,,,,,,,,
Visit Joppolo Giancaxio,Centro informazioni turistiche,,349 071 4889,"Via John Fitzgerald Kennedy, 5",Joppolo Giancaxio,,,,,,,,,,,
Museo d’Arte Grafica del Mediterraneo Marchionni,Museo,http://www.museomagmma.it,340 347 3320,"Via Vittorio Emanuele II, 15",Villacidro,,,,Shopify,Non trovato,Sconosciuto,61,95,92.00,Stato Non Determinato,No
Galleria d' arte Vulcani Dipinti,Galleria d'arte,,333 927 7036,S. Salvatore,Lipari,,,,,,,,,,,
Comune di Maletto,Municipio,,095 772 0600,"Via Umberto, 1A",Maletto,,,,,,,,,,,
Centro Polivalente “Vasa”,Centro comunale polivalente,https://www.comunebadesi.ot.it/badesi/hh/index.php,079 684025,"Via Giovanni Pascoli, 20",Badesi,,protocollo.badesi@legalmail.it,https,WordPress,No,Fastweb SpA,38,64,92.00,Sì,No
"Artisti del Legno di Sandro, Alberto e Delio Mandis",Falegnameria,http://www.arredamentimandismogoro.com,0783 990254,"Via L. Fois, 89",Mogoro,,,https,Angular,Sì,Connesi s.p.a.,33,48,85.00,Sì,No
Galleria Fabbrica11,Galleria d'arte,,329 574 0419,"Via Vittorio Emanuele, 34",Malfa,,,,,,,,,,,
MAMA Museo d'Arte Moderna e Contemporanea ANTONIO ORTIZ ECHAGÜE,Museo d'arte,http://www.museoatzara.com,347 798 3242,Piazza Antonio Ortiz Echague 1,Atzara,,info@museoatzara.com,https,WordPress,No,Aruba S.p.A.,39,47,83.00,Sì,No
Liscart,Negozio,,333 575 9881,"Via Giuseppe Garibaldi, 2",Lipari,,,,,,,,,,,
COLLEZIONI D'ARTE,Falegname,,091 863 0140,"Via delle Industrie, 29",Isola delle Femmine,,,,,,,,,,,
L'arte del tuo stile,Salone da parrucchiere,,0925 72672,"Via Michelangelo, 100",Menfi,,,,,,,,,,,
Futura Art Gallery,Galleria d'arte,https://www.galleriafutura.com,338 336 2101,"Via G. Garibaldi, 27",Pietrasanta,,info@galleriafutura.com,https,Shopify,No,Aruba S.p.A. Network,62,95,100.00,Sì,No
S'Anninnia,Locanda,https://www.sanninnia.it,0781 45132,"Via Iglesias, 107",Gonnesa,,,http,Angular,Sì,IT.Gate S.p.A.,37,41,92.00,Sì,No
Non Solo Fotocopie Di Raciti Eleonora,Copisteria,,095 770 1349,"Via Siculo Orientale, 220",Mascali,,,,,,,,,,,
Parco Naturale Regionale di Monte Arci,Riserva naturale,,0783 928014,Via Roma,Morgongiori,,,,,,,,,,,
Comune di Lercara Friddi,Municipio,,091 824 7111,"Piazza Abate Romano, 19",Lercara Friddi,,,,,,,,,,,
art STUDIO - Giuseppe Guagliardo Fotografo,Fotografo,http://www.artstudioguagliardo.it,329 313 3933,"Via Dalmazia, 71",Leonforte,,info@artstudioguagliardo.it,https,WordPress,Sì,Aruba S.p.A.,36,78,92.00,Sì,No
Loft Gallery Arte Contemporanea Di Angela Trimboli,Galleria d'arte,,0983 83703,"Via Margherita, 47",Corigliano,,,,,,,,,,,
Gioielleria Galleria D'Arte di Giovanni Germano S.N.C.,Galleria d'arte,,0923 949030,"Largo delle Sirene, 2",Mazara del Vallo,,,,,,,,,,,
Espace - spazio espositivo,Galleria d'arte,https://espacemazara.wixsite.com/artgallery,351 863 1819,"Via Bengasi, 9",Mazara del Vallo,,espace.mazara@gmail.com,https,React,No,Google LLC,71,99,92.00,Sì,No
Affittacamere Imakara,Hotel,http://www.affittacamereimakara.com,338 595 1310,"Largo Santa Lucia, 5",Mirabella Imbaccari,,,http,React,No,Aruba S.p.A. Network,64,81,91.00,Sì,No
Palazzo Bruno di Belmonte,Municipio,,0932 701111,"Corso Umberto I, 45",Ispica,,,,,,,,,,,
Galleria Intermidiart di Andrea Maggio,Galleria d'arte,https://intermidiart.com,329 425 8566,Contrada Gurgo,Marsala,,intermidiart@gmail.com,https,Joomla,No,HOSTINGER DE,56,60,92.00,Sì,No
Grace Pizzeria Gourmet,Pizzeria,,389 463 2556,"Viale Alcide De Gasperi, 15/B",Lascari,,,,,,,,,,,
MUST (Museo Storico Città di Lecce),Museo,http://www.mustlecce.it,0832 241067,"Via Degli Ammirati, 11",Lecce,,ufficiomostre@mustlecce.it,https,React,Sì,Serverplan s.r.l.,56,69,92.00,Sì,No
Il Quadrifoglio,Profumeria,,091 872 1361,"Corso IV Aprile, 211",Misilmeri,,,,,,,,,,,
Manganello Arte,Produttore di ceramiche,,348 034 0608,"Via Vincenzo Florio, 62",Collesano,,,,,,,,,,,
Palazzetto della cultura Giusto Sucato,Biblioteca,,091 871 1339,"Corso Vittorio Emanuele, 398",Misilmeri,,,,,,,,,,,
XIII Mostra di Arte Presepiale,Galleria d'arte,http://www.presepimessina.it,349 561 2109,"Via I Settembre, 117",Messina,,info@presepimessina.it,https,ASP.NET,No,INCUBATEC GmbH - Srl,73,89,82.00,Sì,No
Bolle bolle,Negozio di casalinghi orientali,http://bollebolle.it,091 821 1734,"Via Messina, 2b",Lercara Friddi,,peppechinnici@tiscali.it,https,WordPress,No,Aruba S.p.A.,60,95,92.00,Sì,No
Caruso Gallery,Galleria d'arte,,090 922 4929,"17 Vico, Zirilli",Milazzo,,,,,,,,,,,
Gabriele,Artista,,351 521 0232,Via Paolo Migliore,Montelepre,,,,,,,,,,,
Arte in Ferro Lascari S.r.l.,Azienda di costruzioni metalliche,http://www.arteinferrolascari.it,0921 443451,Via Romana,Lascari,,arteinferrolascarisrl@gmail.com,https,WordPress,Sì,Hetzner Online GmbH,28,31,92.00,Sì,No
Bar Ottagono,Pasticceria,http://www.pasticceriaottagono.it,095 727 3466,"Corso S. Vito, 71",Mascalucia,,,https,Shopify,No,"Cloudflare, Inc.",42,82,92.00,Sì,No
Museo Malacologico (Molluschi),Museo,http://www.museionline.info/musei/museo-malacologico-di-menfi,0925 70500,"Piazza Vittorio Emanuele, 7",Menfi,,,https,Joomla,No,IONOS SE,79,97,92.00,Sì,No
Arte Floreale Gaglio,Fiorista,,091 878 4950,"Via Napoli, 4",Montelepre,,,,,,,,,,,
Bregoli Arte - Quadri & Cornici BOMBONIERE,Galleria d'arte,,333 299 5062,"Via Resistenza Partigiana, 44/O",Modica,,,,,,,,,,,
Giro delle Botti e dei Catoj,Gastronomia,,333 813 029,"Via V. Emanuele III°, 53",Monforte San Giorgio,,,,,,,,,,,
Ing. Linda Schipani S.r.l.,Galleria d'arte,http://www.lischi2000.it,328 206 6948,"Via Croce Rossa, 8",Messina,,lischi2000@yahoo.it,https,React,No,Sconosciuto,70,99,92.00,Sì,No
Gioielleria AM Gioielli di Antonino Materia,Negozio di orologi,,0941 678009,"C.so Principe Umberto, 43",Montalbano Elicona,,,,,,,,,,,
Cartoleria Puggioni Monica,Cartoleria,,0782 42241,"Via Repubblica, 25",Lanusei,,,,,,,,,,,
Experience Il Paesino - bed and breakfast -dove dormire licodia eubea- tour -Paesino tipico sicilia,Bed & Breakfast,https://www.ilpaesino.it,349 722 3126,"Piazza Giuseppe Garibaldi, 8",Licodia Eubea,,info@ilpaesino.it,https,WordPress,No,Netsons Network,51,50,85.00,Sì,No
Vito Finocchiaro,Fotografo,https://www.vitofinocchiaro.com,347 637 6865,"Via Imperatore Carlo V, 2",Mascali,,vitofinocchiaro.vf65@gmail.com,https,React,No,Sconosciuto,18,47,92.00,Sì,No
Ferrara Art Gallery,Galleria d'arte,https://www.galleriaferrara.it,338 411 0008,"Via Rocco Scotellaro, 8",Matera,,info@galleriaferrara.it,https,WordPress,Sì,Serverplan s.r.l.,62,89,92.00,Sì,No
therichwitch NFT,Galleria d'arte,,347 369 2975,"Contrada S. Leonardo, 127",Marsala,,,,,,,,,,,
La Cornice di Carlo Caccamo,Negozio di cornici,https://lacornicegalleria.it,0932 905418,"Via Resistenza Partigiana, 180",Modica,,,https,Joomla,Sì,Servereasy Srl,56,76,92.00,Sì,No
Ceramica D'Arte Colletti,Artista,,320 649 0641,Corso Cristoforo Colombo,Montevago,,,,,,,,,,,
Cuttitta Antonino - Restauro,Servizio di restauro di opere d'arte,https://cuttitta-antonino-restauro.jimdosite.com,320 055 0004,"Via Andrea Reres, 59",Mezzojuso,,,,Jimdo,Non trovato,"Cloudflare, Inc.",96,98,92.00,Stato Non Determinato,No
Arte e a Capo,Centro d'arte,http://arteeacapo.wixsite.com/arteeacapo,349 614 9041,"Via dei Mille, 40",Milazzo,,,https,React,No,Google LLC,71,95,100.00,Sì,No
Idea Regalo Di Trogu Maria Vincenza,Negozio di articoli da regalo,,340 249 0572,"Via C.Battisti, 13",Orroli,,,,,,,,,,,
Nova Karel,Galleria d'arte,,320 384 0072,"Viale Trieste, 59b",Cagliari,,,,,,,,,,,
Tu sei qui Orgosolo,Attrazione turistica,,333 837 0484,"Corso Repubblica, 244",Orgosolo,,,,,,,,,,,
Agricola Niuge,Azienda vinicola,,340 382 7077,"Via Strada Provinciale, 14",Nughedu Santa Vittoria,,,,,,,,,,,
Comune di Siapiccia,Municipio,,0783 449017,"Via Gramsci, 2",Siapiccia,,,,,,,,,,,
Comune di Oliena,Municipio,,0784 280200,"Via V. Emanuele, 4",Oliena,,,,,,,,,,,
Aragon Case Vacanze Montalbano Elicona,Casa per vacanze,https://montalbanoelicona.com,392 004 6533,"Via Cavalier Cernuto, 20",Montalbano Elicona,,,https,WordPress,No,Hetzner Online GmbH,67,97,100.00,Sì,No
laboratorio Atiartisticu di Loewe Leander Lukas,Artista,http://www.atiartisticu.com/index.html,348 477 6610,"Località Su Conchili, 09070",Narbolia,,,https,WordPress,No,Server Plan S.r.l.,82,98,75.00,Sì,No
Monreale arte ed artigianato,Servizio di traghetti,,333 143 9866,"Via Venero, 171",Monreale,,,,,,,,,,,
Duomo di Monreale,Cattedrale,https://www.duomomonreale.com,091 640 4413,"Piazza Guglielmo II, 1",Monreale,,amministrazione@eorc.eu,https,ASP.NET,Sì,Aruba S.p.A.,87,98,92.00,Sì,No
Galleria d'arte San Martino di Orler Michele & C. Sas,Galleria d'arte,,345 630 3220,"Via Passo Rolle, 75",San Martino di Castrozza,,,,,,,,,,,
Ceramiche Artistiche Nicolò Giuliano,Produttore di ceramiche,http://www.nicologiuliano.it,091 640 4393,"Via Circonvallazione, 55",Monreale,,info@nicologiuliano.it,https,Shopify,No,Aruba S.p.A.,33,79,83.00,Sì,No
Arte Antica di Meli Stefania,Negozio di artigianato tipico,,345 954 6260,Vicolo II Garibaldi,Siliqua,,,,,,,,,,,
Piramide 38° Parallelo - Fiumara d'Arte,Scultura,http://www.ateliersulmare.com,0921 334295,"Contrada, Via Belvedere",Motta D'affermo,,,https,WordPress,No,Aruba S.p.A.,57,84,77.00,Sì,No
Galleria Arte Toma,Galleria d'arte,https://www.galleriaartetoma.com,0965 24883,"Via Giudecca, 23",Reggio Calabria,,,https,React,No,Google LLC,66,92,100.00,Sì,No
Museo delle Tradizioni Agroalimentari della Sardegna,Museo,https://www.museocasasteri.it,349 630 4621,"Via Roma, 2",Siddi,,,https,Shopify,Sì,Aruba S.p.A.,56,60,92.00,Sì,No
Galleria Nazionale d'Arte Moderna e Contemporanea,Museo,https://tripgoguide.com/products/national-gallery-of-modern-and-contemporary-art,06 322981,"Viale delle Belle Arti, 131",Roma,,,https,Shopify,No,Google-Cloud,75,100,100.00,Sì,No
VisitaOrgosolo,Agenzia per escursioni,http://www.visitaorgosolo.it,348 561 1704,Piazza Caduti in Guerra,Orgosolo,,,https,Drupal,No,Netsons Network,80,99,92.00,Sì,No
Osini Ecciu Home,Bed & Breakfast,,345 439 2603,SP11,Osini,,,,,,,,,,,
ALBERGO DIFFUSO MONTALBANO BORGO ANTICO,Bed & Breakfast,https://www.handmademontalbano.com/eventi/ospitalita,346 765 4897,"Via Livatera, 3",Montalbano Elicona,,borgoanticomontalbano@gmail.com,https,WordPress,No,OVH ISP,61,81,85.00,Sì,No
Manos Arte Contemporanea Di Mura Gesuino,Galleria d'arte,,0789 196 1782,Via Genova,Olbia,,,,,,,,,,,
Galleria d'arte Orler Orbetello Monte Argentario,Galleria d'arte,http://www.galleriaorler.com,366 159 0217,"Corso Italia, 35",Orbetello,,galleriaorler@gmail.com,https,Shopify,No,Serverplan s.r.l.,56,72,83.00,Sì,No
Contemporary Art - Ivan Pili,Galleria d'arte,http://www.ivanpili.com,380 264 0841,"Via Trentino, 8",Assemini,,,https,Wix,Sì,Google LLC,67,91,100.00,Sì,No
Arte Marmi s.r.l.,Ditta specializzata in marmi,https://www.artemarmiorosei.it,0784 991005,"Localita' Canale Longu, Orosei, NU 08028",Orosei,,artemarmi@libero.it,https,WordPress,No,Netsons s.r.l.,82,98,92.00,Sì,No
Arte Serigrafica Roccia di Edoardo Roccia,Laboratorio di serigrafia,,327 436 3629,"Via Roma, 157",Siniscola,,,,,,,,,,,
Centro d'Arte Mario Adolfi,Pittura,https://www.appsheet.com/start/cf2897ff-40c5-4d07-8dc5-92eba13e95e2#view=Google%20view&row=2,389 179 5916,"Via Aurelio Saffi, 10",Nuoro,,,https,Google Sites,No,Google LLC,,,,Sì,No
Museo Ornitologico della Sardegna,Museo di zoologia,http://www.museoparcosiddi.it,070 939888,"Piazzale Leonardo da Vinci, 7/8",Siddi,,,https,Shopify,No,Aruba S.p.A. Network,54,69,83.00,Sì,No
Liceo Artistico “Mario D’Aleo”,Scuola pubblica,,091 640 4450,"Via Biagio Giordano, 14",Monreale,,,,,,,,,,,
ARCHEO TACCU soc. coop. a.r.l.,Agenzia per escursioni,,329 764 3343,"Via Eleonora d'Arborea, 15",Osini,,,,,,,,,,,
Teti Artigianato d'Autore,Negozio di artigianato tipico,,0832 245568,"Via Salvatore Trinchese, 15/17",Lecce,,,,,,,,,,,
Hair Artist,Parrucchiere,https://hairartistdirita.it,0784 285420,"Via Giuseppe Mazzini, 9",Oliena,,,https,Shopify,Sì,HOSTINGER DE,69,86,100.00,Sì,No
Murale di Terralba,Centro d'arte,,342 763 3525,Via Duca degli Abruzzi,Terralba,,,,,,,,,,,
Museo Pinacoteca Eliseo,Museo del patrimonio culturale,,0783 84519,piazza Pauli Episcopus,Terralba,,,,,,,,,,,
Floral Design E. di Frau Andreina,Fiorista,,339 477 7173,"Via Roma, 15",Tertenia,,,,,,,,,,,
ART & BAKE,Pasticceria,,351 989 7987,"Via Curatoria, 37",Siurgus Donigala,,,,,,,,,,,
VISIT OLIENA,Ufficio aziendale,https://www.visitoliena.it,0784 286078,"Via Grazia Deledda, 32 |",Oliena,,,https,WordPress,No,OVH SAS,56,63,77.00,Sì,No
Comune Di Siamanna,Municipio,,0783 449000,"Via S. Satta, 1",Siamanna,,,,,,,,,,,
Ceramiche Artistiche di Mimma Pabillonis,Artista,,340 055 6759,"Vico I Milano, 3",Pabillonis,,,,,,,,,,,
Managheri Bed&Breakfast Wine Bar,Bed & Breakfast,http://managheriwinebar.it,345 585 3938,"Via Galiani, 41",Oliena,,,https,Joomla,No,Netsons,63,86,83.00,Sì,No
Immagini Puggioni Fotografi Di Matteo E Simonluca Snc,Negozio di articoli per la fotografia,,079 886218,"Via Umberto, 65",Thiesi,,,,,,,,,,,
Demetra Pinseria,Pizzeria,,327 441 2013,"Via Solferino, 4",Tratalias,,,,,,,,,,,
Il Bassorilievo Snc,Ditta specializzata in marmi,http://www.ilbassorilievo.com,0783 83148,"Zona Artigianale Pip, Terralba, Or 09098",Terralba,,info@ilbassorilievo.com,https,ASP.NET,No,Aruba S.p.A. Network,89,96,92.00,Sì,No
Agriturismo Palai di Michele Bussu,Agriturismo,http://agriturismopalaidibussu.it,350 197 5763,Via Palai,Ollolai,,agriturismopalai@gmail.com,https,WordPress,Sì,Aruba Hosting,53,74,92.00,Sì,No
Centro Commerciale Tola Srl,Cartoleria,,079 886200,"Via Roma, 48",Thiesi,,,,,,,,,,,
Galleria Il Milione,Galleria d'arte,http://www.galleriailmilione.it,02 2906 3272,"Via Pietro Maroncelli, 7",Milano,,info@galleriailmilione.com,http,WordPress,Sì,Armada WAN,56,67,85.00,Sì,No
Oggianu Sandra,Fornitore di attrezzature per l'edilizia,,0785 41730,"Vico Caprera, 1",Sindia,,,,,,,,,,,
Officine Giovanni da Monreale,Scultura,http://www.giovannidamonreale.com,349 644 4631,"V. Sarzanese, 111/t",Pietrasanta,,,https,Joomla,No,Sconosciuto,38,75,77.00,Sì,No
MURATS Museo unico regionale dell'arte tessile sarda,Museo dell'artigianato,http://www.murats.it,0783 631052,Via Bologna,Samugheo,,,https,Shopify,No,Aruba S.p.A.,67,97,100.00,Sì,No
Quai Antonio,Fornaio,,0782 93971,"Via Case Sparse, Tertenia, OG 08047",Tertenia,,,,,,,,,,,
MuseOs - Museo Archeologico ed Etnografico,Museo archeologico,,079 733214,Piazza Medaglia d'Oro Nuccio Floris,Oschiri,,,,,,,,,,,
Galleria Rettori Tribbio 2,Galleria d'arte,http://www.rettoritribbio.com,349 542 7579,"Piazza Vecchia, 6",Trieste,,,https,WordPress,Sì,Netsons s.r.l.,91,99,100.00,Sì,No
Gola della Scala di San Giorgio,Punto di riferimento storico,http://www.sardegnaturismo.it/it/punto-di-interesse/scala-di-san-giorgio,0782 79031,Su Taccu,Osini,,,https,Drupal,No,"Amazon.com, Inc.",57,84,92.00,Sì,No
MuA - Museo Civico di Sinnai,Museo d'arte,http://www.muasinnai.com,371 469 2018,"Via Colletta, 20",Sinnai,,info@muasinnai.com,https,WordPress,No,Seeweb srl,61,69,85.00,Sì,No
Casa-Museo Carmelo Floris,Museo del patrimonio culturale,https://www.sardegnacultura.it/index.php/articolo/olzai-casa-museo-carmelo-floris,366 462 5022,"Via S. Anastasio, 30",Olzai,,museocarmelofloris@gmail.com,https,React,No,Amazon Technologies Inc.,86,86,100.00,Sì,No
MANCASPAZIO,Galleria d'arte,http://www.mancaspazio.com,351 866 8410,"Via della Pietà, 11",Nuoro,,,https,WordPress,No,Sconosciuto,55,45,92.00,Sì,No
Coltelleria di Deroma Antonio,Negozio di artigianato tipico,,340 959 1009,"Piazza Vittorio Veneto, 8",Pattada,,,,,,,,,,,
CINETEMPIO - Cinema Teatro Giordo,Cinema,https://cinetempio.18tickets.it,079 639 1508,"Via Asilo, 2",Tempio Pausania,,noreply@notifications.18tickets.it,https,Angular,Sì,Equinix (EMEA) Acquisition Enterprises B.V.,56,77,75.00,Sì,No
Dorian Gray LIBRERIA CAFFETTERIA,Bar,,349 652 3920,"Via Piave, 11",Terralba,,,,,,,,,,,
Comune di Pattada,Municipio,,079 755114,"Via Roma, 14",Pattada,,,,,,,,,,,
Liceo Artistico e Musicale Fabrizio De Andrè,Scuola pubblica,,079 671428,"Via Claudio Demartis, 23",Tempio Pausania,,,,,,,,,,,
CEDAP,Museo d'arte,http://www.tramedarte.org,339 590 6900,https://goo.gl/maps/C594VEqmZfQWx61u6,Tempio Pausania,,,https,WordPress,No,Aruba S.p.A.,52,79,92.00,Sì,No
Bruschi Carta Vera,Galleria d'arte,,079 630998,"Via Mannu, 30",Tempio Pausania,,,,,,,,,,,
Museo Etnografico della Donna,Museo etnografico,,070 936 7458,"Via Mannu, 3",Pauli Arbarei,,,,,,,,,,,
Bellarte,Negozio di articoli per l'arte,,344 138 4042,"Via Sassari, 39",Porto Torres,,,,,,,,,,,
Video Grafica & Design di Marco Serra,Progettista grafico,http://videograficadesign.it,0783 84075,"Via Roma, 47",Terralba,,,http,ASP.NET,Sì,Aruba S.p.A. Network,70,93,100.00,Sì,No
Museo di Sorgono,Museo,https://www.museodisorgono.it,347 944 6052,"Corso Vittorio Emanuele, 72/A",Sorgono,,,https,WordPress,No,Aruba S.p.A.,43,56,100.00,Sì,No
Spazio (In)Visibile,Galleria d'arte,,328 985 0521,"Via Barcellona, 75",Cagliari,,,,,,,,,,,
Residenza Locci - Aparthotel & Rooms,Residence,https://www.residenzalocci.it,349 285 6283,"Vico II Brigata Sassari, n°15",Teulada,,,https,Duda,No,Register.IT S.p.A,12,41,91.00,Sì,No
Ufficio Turistico Teulada,Centro informazioni turistiche,https://www.visitteulada.it,350 025 7063,Piazza Parrocchia,Teulada,,,https,WordPress,Sì,Sconosciuto,56,60,92.00,Sì,No
Studio Fotografico Graffi fotografi,Laboratorio fotografico,,392 679 7838,"Via Roma, 108",Tempio Pausania,,,,,,,,,,,
Pinacoteca Nazionale di Sassari,Museo d'arte,,079 231560,"Piazza Santa Caterina, 4",Sassari,,,,,,,,,,,
Art Cafè,Bar,,079 448754,"Piazza San Pietro, 7",Ploaghe,,,,,,,,,,,
Piscinas De Arte,Ufficio aziendale,,+34 685 85 50 22,"C. Vía Apia, 28",Montequinto,,,,,,,,,,,
Galleria D'Arte Nino Sindoni Di Sindoni Antonio,Galleria d'arte,https://www.gallerianinosindoni.com/artisti,335 277 323,"Viale Giacomo Matteotti, 44",Asiago,,arte@ninosindoni.com,https,WordPress,Sì,Aruba S.p.A.,67,97,85.00,Sì,No
Spazio Faber,Centro informazioni turistiche,,079 639 0080,"Piazza Fabrizio De André, 3",Tempio Pausania,,,,,,,,,,,
Galleria Il Sole,Galleria d'arte,http://www.galleriailsole.it,06 4425 1315,"Via Nomentana, 125",Roma,,info@galleriailsole.it,https,Shopify,No,Aruba S.p.A.,61,95,92.00,Sì,No
Per Capita Arte Contemporanea,Galleria d'arte,,380 520 1248,Viale Belvedere,Domus de Maria,,,,,,,,,,,
Del Arte,Ristorante,,+33 5 59 80 14 42,1 Av. Louis Sallenave,Pau,,,,,,,,,,,
Museo Etnografico Andalas de Memoria,Museo etnografico,,340 331 4650,Via Risorgimento,Urzulei,,,,,,,,,,,
Tonnara Su Pranu,Sito storico,https://www.sardegnaturismo.it/it/esplora/portoscuso,0781 51111,Via Cavour,Portoscuso,,,https,Drupal,No,"Amazon.com, Inc.",62,95,92.00,Sì,No
OrtArte Gallery,Galleria d'arte,http://www.ortarte.com,0322 911703,"Via Olina, 9/11",Orta San Giulio,,,,Shopify,Sì,"Cloudflare, Inc.",0,89,0.00,Sì,No
Casa del Pane,Museo etnografico,https://www.fromentu.it,348 165 4403,"Via Regina Elena, 19",Pompu,,prolocopompu@gmail.com,https,WordPress,No,Aruba S.p.A.,55,84,92.00,Sì,No
Comune di Palmas Arborea,Municipio,,0783 28028,"Via Rinascita, 19",Palmas Arborea,,,,,,,,,,,
Galleria Tonelli Porto Cervo,Galleria d'arte,http://www.galleriatonelli.it,334 376 3552,"Promenade du Port, 07021 Via Aga Khan 1",Porto Cervo,,info@galleriatonelli.it,https,WordPress,Sì,Aruba S.p.A,57,77,85.00,Sì,No
MAG - Museo Naturalistico Arci Grighine,Museo,https://www.museoarcigrighine.it,347 313 7381,Via S. Reparata,Usellus,,,https,Joomla,No,Aruba S.p.A.,56,74,83.00,Sì,No
Makina Gallery,Galleria d'arte,,+385 92 306 7619,Kapitolinski trg 1,Pula,,,,,,,,,,,
Lavorazione artistica su pietra,Atelier,,393 163 7995,"Via tiro al piattello, n2a",Viddalba,,,,,,,,,,,
B&B il Giardino del Barone,Bed & Breakfast,,347 784 4344,"via e, Via Carboni, 12",Pozzomaggiore,,,,,,,,,,,
Hotel Maison Tresnuraghes,Hotel,http://www.maisontresnuraghes.com,0785 35566,"Via Cagliari, 5",Tresnuraghes,,booking@maisontresnuraghes.com,https,ASP.NET,Sì,Amazon Technologies Inc.,48,62,83.00,Sì,No
Sacri Cuori,Galleria d'arte,http://www.ami-pula.hr/dislocirane-zbirke/sveta-srca,+385 52 351 300,De Villeov uspon 8,Pula,,arheoloski-muzej-istre@pu.t-com.hr,https,Typo3,No,Plus Hosting Grupa d.o.o.,65,97,91.00,Sì,No
Laboratorio D'Arte di Angela Spano,Artista,,347 601 3000,"Via Roma, 8/B",Valledoria,,,,,,,,,,,
Parco Archeologico di Turris Libisonis,Sito archeologico,https://www.sardegnaturismo.it/it/esplora/turris-libisonis,079 514433,Via Ponte Romano,Porto Torres,,,https,Drupal,No,"Amazon.com, Inc.",61,94,92.00,Sì,No
Lhoste Eric,Galleria d'arte,,+33 5 59 27 75 50,32 Rue Emile Garet,Pau,,,,,,,,,,,
Galerie Muscari Adrien Terret,Negozio di antiquariato,https://www.galeriemuscari.com,+33 6 78 60 88 83,2 Pl. de la Libération,Pau,,,https,WordPress,Non trovato,o2switch Internet,46,63,92.00,Sì,No
Aula N6 Space,Galleria d'arte,,347 233 8440,"Via Guglielmo Marconi, 319",Quartu Sant'Elena,,,,,,,,,,,
MAP di Perfugas,Museo archeologico,,079 564241,"Via Nazario Sauro, snc",Perfugas,,,,,,,,,,,
Black House Gastronomic Pub,Ristopub,,328 360 8571,"Via Adua, 32",Villamar,,,,,,,,,,,
L'Artigiana di Deidda Marcella,Negozio di artigianato tipico,,0781 74069,"Via Girilli, 69",Villamassargia,,,,,,,,,,,
MOVIMENT'ARTI scuola di danza e teatro,Scuola di danza,https://movimentarti.altervista.org,328 416 6641,"Via S. Martino, 10",Tempio Pausania,,daniela.movimentarti@gmail.com,https,WordPress,No,Hetzner Online GmbH,72,90,100.00,Sì,No
"Le Parvis - Expositions de photographie, rencontres littéraires",Galleria d'arte,http://www.leparvispau.com,+33 5 59 80 80 89,Av. Louis Sallenave,Pau,,8eb368c655b84e029ed79ad7a5c1718e@sentry.wixpress.com,https,React,No,Google LLC,88,98,100.00,Sì,No
Giaminera Rooms & Art Studio,Artista,,344 468 8785,"Via S. Pietro, 12",Baunei,,,,,,,,,,,
Pischina Urtaddala,Attrazione turistica,http://visiturzulei.it,0782 649380,"Urzulei, SS 125 Orientale Sarda",Urzulei,,,https,WordPress,No,Aruba S.p.A.,36,65,83.00,Sì,No
Artigianato Di Sanna Piermariano E Lai C.,Negozio di artigianato tipico,https://www.piermarianosanna.it,0781 759033,"Piazza A.Gramsci, 8",Villamassargia,,,https,WordPress,No,Aruba S.p.A.,55,93,100.00,Sì,No
Gorropu,Riserva naturale,http://gorropu.info,328 897 6563,Località Gorropu,Urzulei,,info@gorropu.info,https,WordPress,No,OVH ISP,,,,Sì,No
Hrvatsko društvo likovnih umjetnika Istre,Galleria d'arte,https://www.hdluistre.hr,+385 52 214 408,Zagrebačka ul. 4,Pula,,istrehdlui2020@gmail.com,https,WordPress,No,Hetzner Online GmbH,78,100,92.00,Sì,No
Unione dei Comuni dei Fenici,Ufficio dell'amministrazione comunale,https://www.unionecomunifenici.or.it,0783 255214,Strada Comunale Gutturu Olias,Palmas Arborea,,protocollo@unionecomunifenici.or.it,https,ASP.NET,Sì,Aruba S.p.A.,,,,Sì,No
BUBA MARA d.o.o. Galerija Milotić,Galleria d'arte,http://www.gallerymilotic.com.hr,+385 52 501 649,Ul. 43. istarske divizije 10,Pula,,art@gallerymilotic.com.hr,https,Shopify,No,DHH d.o.o,64,93,100.00,Sì,No
Old Town Gallery / Ulysses,Galleria d'arte,http://uliks.hr,+385 91 581 9770,Kandlerova ul. 14,Pula,,,https,WordPress,No,Plus Hosting Grupa d.o.o.,63,80,92.00,Sì,No
Rudiae,Parco,https://www.parcoarcheologicorudiae.it,349 590 7685,Via S. Pietro in Lama,Lecce,,info@parcoarcheologicorudiae.it,https,WordPress,No,Aruba S.p.A.,,,,Sì,No
Villa Asquer,Attrazione turistica,https://www.villaasquer.com/villa-asquer-tuili,346 680 3955,Piazza S. Pietro,Tuili,,info.conviviaeventi@gmail.com,https,Wix,No,Google LLC,85,90,100.00,Sì,No
Sentiero per Cala Goloritzè,Area per passeggiate,,349 546 2583,sentiero per Cala Goloritzè,Baunei,,,,,,,,,,,
Bar dell'arte,Bar,,346 684 7157,"Via Roma, 245/int g",Villamar,,,,,,,,,,,
Sa Rundine - didattica e servizi culturali,Museo,https://www.sarundine.com,349 777 7103,Via Nazario Sauro,Perfugas,,info@sarundine.com,https,WordPress,No,Netsons s.r.l.,51,69,92.00,Sì,No
Il Miglio d'Arte,Opera esposta,,349 562 1583,Via Carlo Arturo Jemolo,Roma,,,,,,,,,,,
Castello di Quirra,Castello,,070 997013,SS 125 Orientale Sarda,Villaputzu,,,,,,,,,,,
Chiesa Romanica di S. Giovanni Battista,Chiesa cattolica,,070 930 9051,Piazza Carlo de Corte,Villamar,,,,,,,,,,,
Rama Art Gallery,Galleria d'arte,,338 955 0891,"Via Carlo Alberto, 40",Santa Teresa Gallura,,,,,,,,,,,
Centro Servizi Jara,Agenzia per escursioni,http://www.parcodellagiara.it,070 936 4277,"Via G. B. Tuveri, 16",Tuili,,info@parcodellagiara.it,https,WordPress,Sì,Seflow S.N.C. Di Marco Brame' & C.,53,89,100.00,Sì,No
Pittura En Plein Air,Galleria d'arte,,347 381 3724,Via Michele Coppino,Sassari,,,,,,,,,,,
Agriturismo Campidarte,Agriturismo,http://www.campidarte.org,392 403 6094,"SS 128 Centrale Sarda, km 3/00",Ussana,,info@campidarte.com,https,React,Sì,Google LLC,,,,Sì,No
Voragine di Golgo (Su Sterru),Attrazione turistica,http://www.turismobaunei.eu/my-product/su-sterru-la-voragine-di-golgo,0782 610823,Altopiano del Golgo,Baunei,,infopoint@turismobaunei.eu,https,WordPress,No,Aruba S.p.A. Network,,,,Sì,No
PitturArt di Daniele Pillitu,Pittura,http://www.pitturart.net,328 534 4998,"Via Roma, 154",Villasor,,info@pitturart.net,https,React,Sì,Aruba S.p.A.,,,,Sì,No
ArteLicheri,Fabbro,,348 524 1923,"Via Molinu Entu, 10",Santu Lussurgiu,,,,,,,,,,,
Librart Villaspeciosa,Libreria,https://librartsrl.wordpress.com,070 963 9505,"Via Antonio Gramsci, 03",Villaspeciosa,,emporio.librart@gmail.com,https,WordPress,No,"Automattic, Inc",,,,Sì,No
Tessart Cogoni - Artigianato Tessile Sardo,Negozio di artigianato tipico,http://www.tessartcogoni.it,0781 74416,"Via Giuseppe Mazzini, 12",Villamassargia,,,http,WordPress,No,Aruba S.p.A.,,,,Sì,No
Civico Teatro Si 'e Boi di Selargius,Teatro,,070 859 2501,"Piazza Si 'e Boi, Via Vittorio Veneto",Selargius,,,,,,,,,,,
De Crescenzo Viesti,Galleria d'arte,http://www.decrescenzoeviesti.com,06 9522 6414,"Via Ferdinando di Savoia, 2",Roma,,info@decrescenzoeviesti.com,https,WordPress,No,Aruba S.p.A.,,,,Sì,No
Accademia Santu Jacu,Artista,http://www.accademiasantujacu.com,389 241 6642,"Via Vittorio Emanuele, 35/37, Via Vittorio Emanuele II, 37",Ussana,,9a65e97ebe8141fca0c4fd686f70996b@sentry.wixpress.com,https,React,Sì,Google LLC,,,,Sì,No
Galleria Verdesi,Galleria d'arte,,0736 253301,"Via delle Canterine, 45/47",Ascoli Piceno,,,,,,,,,,,
Foto D'Arte D'Erchia Donato,Negozio di articoli per la fotografia,,339 438 9165,"Viale Trieste, 6",Selargius,,,,,,,,,,,
Museo Archeologico Viddalba,Museo archeologico,https://www.mav-viddalba.it,327 383 4604,Piazza Municipio,Viddalba,,,,WordPress,Non trovato,Aruba S.p.A.,,,,,No
"Arte in Movimento, associazione sportiva dilettantistica",Scuola di danza,https://www.arteinmovimentoasd.it,06 8893 0545,"Via del Casale di S. Basilio, 19/C",Roma,,info@arteinmovimentoasd.it,https,WordPress,No,Aruba S.p.A.,,,,Sì,No
Arte Sarda Di Tatti Francesco,Negozio di artigianato tipico,http://www.artesardailtessile.it,0783 64843,"Via Kennedy, 96",Samugheo,,,http,WordPress,No,Aruba S.p.A. Network,,,,Sì,No
Comune di Villanovaforru,Municipio,,070 934511,"Piazza Costituzione, 1",Villanovaforru,,,,,,,,,,,
Galleria D'Arte Il Coscile Di D. Sancineto,Galleria d'arte,,0981 22632,"Via Andrea Alfano, 2",Castrovillari,,,,,,,,,,,
m’Art - Spazio eclettico,Galleria d'arte,,340 230 8436,"Larghetto Timpone dei Casali, 18",Morano Calabro,,,,,,,,,,,
Laboratorio Tessile Artigiano Isabella Frongia,Negozio di artigianato tipico,https://www.sardegnaartigianato.com/it/artigiano/isabella-frongia,0783 64050,"Via A. Gramsci, 8",Samugheo,,,https,Drupal,No,"Amazon.com, Inc.",,,,Sì,No
ART GALLERY TERRENOTRIE,Galleria d'arte,,329 815 0225,Via Amerigo Vespucci,Praia a Mare,,,,,,,,,,,
Galleria Serart,Galleria d'arte,,0965 897447,"Via Pasquale Andiloro, 6/G",Reggio Calabria,,,,,,,,,,,
Galleria Borghese,Museo d'arte,https://galleriaborghese.beniculturali.it,06 841 3979,"Piazzale Scipione Borghese, 5",Roma,,ga-bor@cultura.gov.it,https,WordPress,Sì,Vodafone Italia S.p.A.,,,,Sì,No
Galleria Pinacoteca Fa Daniana,Museo d'arte,,0966 371796,Piazza del Popolo,Bagnara Calabra,,,,,,,,,,,
Il Triangolo,Galleria d'arte,http://www.galleriailtriangolo.com,338 289 2515,"Viale degli Alimena, 31",Cosenza,,,https,ASP.NET,No,Aruba S.p.A. Network,100,100,82.00,Sì,No
Arte dei Sapori,Gastronomia,,351 770 1997,"Viale Trieste, 87",Selargius,,,,,,,,,,,
Tessile M&Dusa,Negozio di tappeti,http://www.tessilemedusa.it/%20%20%20%20www.cuscinisardi.com,348 371 3085,"Via A. Gramsci, 151",Samugheo,,,,WordPress,Non trovato,Sconosciuto,74,97,83.00,No - Pagina Non Trovata (404),No
ELISA DORE #ARTE CONTEMPORANEA,Galleria d'arte,,371 170 6657,"Via Walter Frau, 28",Sassari,,,,,,,,,,,
Gallery NOVO,Galleria d'arte,https://novogallery.net,+385 99 878 9284,Laginjina ul. 7,Pula,,,https,WordPress,No,Sconosciuto,85,98,92.00,Sì,No
Sug'art Cake Design e Tradizione,Pasticceria,,347 406 9144,"Via Is Lois, 25",San Giovanni Suergiu,,,,,,,,,,,
Galerie Nadine Granier,Galleria d'arte,,+33 6 82 10 61 13,13 Rue Puech Berenguier,Albi,,,,,,,,,,,
Galerie d’art l’Annexe,Galleria d'arte,,+33 7 82 79 90 09,Rue du Puits de la Grâce,Albi,,,,,,,,,,,
"Galerie Jérôme Morcillo, Albi, Tarn, Occitanie",Galleria d'arte,,+33 6 20 58 69 12,26 Rue de l'Hôtel de Ville,Albi,,,,,,,,,,,
Artigianato Sardo,Negozio di articoli da regalo,,327 359 2902,"Via J.F. Kennedy, 133",Samugheo,,,,,,,,,,,
Plague Gallery,Galleria d'arte,http://www.plaguelabs.com,392 909 4863,"Via Arabia, 50H",Cosenza,,,https,React,No,Sconosciuto,0,0,0.00,Sì,No
Sangallo Fine Art,Galleria d'arte,https://www.sangallofineart.it,338 567 7066,"viale Gabriele D'Annuzio, 46/B",Vasto,,info@sangallofineart.it,https,Joomla,Sì,Servereasy Srl,90,100,100.00,Sì,No
Gallerie Nazionali di Arte Antica - Palazzo Barberini,Museo d'arte,https://www.barberinicorsini.org,06 482 4184,"Via delle Quattro Fontane, 13",Roma,,,https,WordPress,No,"Cloudflare, Inc.",,,,Sì,No
Il Giardino Fantastico di Fiorenzo Pilia,Attrazione turistica,,339 667 7867,SS130dir,San Sperate,,,,,,,,,,,
Museo Archeologico Comunale di Santadi,Museo archeologico,http://www.museoarcheologicodisantadi.it,0781 954203,"Via Umberto I, 17",Santadi,,museoarcheologicosantadi@gmail.com,https,WordPress,Sì,Tiscali Italia SpA,70,91,100.00,Sì,No
VIA MONTEGRANATICO DI SCALAS CARLA,Negozio di scarpe,,347 505 9296,"Via Montegranatico, 2",Serramanna,,,,,,,,,,,
Sarda Tessitura,Negozio di tessuti,https://www.sardatessitura.it,348 813 4189,"Via Giuseppe Mazzini, 1",Samugheo,,info@sardatessitura.it,https,WordPress,Sì,Aruba S.p.A. Network,52,91,92.00,Sì,No
Galerie Mémoires,Galleria d'arte,,+33 5 63 38 77 93,19 Rue Henri de Toulouse Lautrec,Albi,,,,,,,,,,,
Arte Tessile di Sanna Anna Maria & C snc,Manifattura tessile,http://artetessilesamugheo.it,0783 64475,"zona industriale, Località Turruia",Samugheo,,info@artetessilesamugheo.it,https,React,No,Server Plan S.r.l.,72,92,100.00,Sì,No
ArtDesia di Porcino Anna Maria,Produttore di articoli in ceramica,,348 564 6086,"Via Risorgimento, 73",Campo Calabro,,,,,,,,,,,
Il Faro Centro D'Arte (S.A.S.),Galleria d'arte,,0985 82443,"Piazza Giovanni Grossi, 49",Belvedere Marittimo,,,,,,,,,,,
Mar Rossi Di Moreddu & C. Sas,Negozio di abbigliamento,,070 980 8842,"Via C. Sanna, 129",Senorbi',,,,,,,,,,,
Dora Marano,Galleria d'arte,,0984 452895,Via Quattromani Sertorio,Cosenza,,,,,,,,,,,
Fulvio Longo,Artista,,0985 88180,"Via Mandraglie, N° 7",Maiera',,,,,,,,,,,
Tessuti e Tappeti Sardi di Mariantonia Urru,Negozio di artigianato tipico,http://www.mariantoniaurru.com,0783 64287,"Via Kennedy, 77",Samugheo,,info@mariantoniaurru.com,https,React,No,Netsons,85,86,85.00,Sì,No
Talisman,Galleria d'arte,,+385 98 824 111,Castropola ul. 40,Pula,,,,,,,,,,,
Maison Calì - Art Studio,Galleria d'arte,,320 014 2318,"Via Rimoli, 1",Scalea,,,,,,,,,,,
Studio d'Arte Gianni Argiolas,Artista,http://www.gianniargiolas.it,392 689 5738,"Via Giulio Cesare, 14",Monserrato,,info@gianniargiolas.it,http,WordPress,No,Contabo GmbH,74,88,100.00,Sì,No
GERMINAZIONI IVª.0,Galleria d'arte,,0832 315225,"Via del Mare, 18 C",Lecce,,,,,,,,,,,
Ceramiche di Domenico Cubeddu,Negozio di ceramiche,https://www.sardegnaartigianato.com/it/artigiano/domenico-cubeddu,338 566 6938,"Via S. Maria, 13",Seneghe,,cubico56@gmail.com,https,Drupal,No,"Amazon.com, Inc.",46,76,69.00,Sì,No
Comune di Sennori,Municipio,,079 304 9200,"Via Brigata Sassari, 13",Sennori,,,,,,,,,,,
CreArte Laboratorio Artistico,Negozi di artigianato,,328 223 7230,"Via Rio Concias, 67",San Sperate,,,,,,,,,,,
Art action room,Bed & Breakfast,http://artactionroom.com,348 184 6714,"Via Isonzo, 30",Villanovafranca,,nicolaperra85@outlook.it,https,WordPress,Sì,Aruba-Hosting-(Technorail),63,77,100.00,Sì,No
Museo della Tecnologia Contadina Maestro Francesco Salis,Museo etnografico,https://museotecnologiacontadina.com,349 835 1720,"Via Deodato Meloni, 1",Santu Lussurgiu,,centrosantulussurgiu@gmail.com,https,WordPress,No,Aruba S.p.A.,62,86,85.00,Sì,No
ARTIGIANATO SARDO MARCELLA FLORE,Manifattura tessile,https://www.marcellaflore.com,340 285 9146,"Via della Pace, 38",Samugheo,,,https,WordPress,Sì,OVH SAS,70,83,100.00,Sì,No
Sant'Arte,Festival,http://santarte.it,324 587 5094,"Via E. Marongiu, 21",San Sperate,,sergio.nuvoli@gmail.com,https,WordPress,Sì,Aruba S.p.A. Network,57,69,92.00,Sì,No
Museo del Presente,Museo,,0984 828 4233,"298, Via Caduti di Nassirya, 252",Rende,,,,,,,,,,,
Antas Teatro,Teatro,http://www.antasteatro.it,329 292 8707,"Via Arbarei, 10",San Sperate,,teatrantas@gmail.com,https,React,Sì,Google LLC,52,71,100.00,Sì,No
Castello Eleonora D'Arborea,Castello,http://www.castellosanluri.it/%20%20%20%20%20%20%20%20%20%20%20%20%20%20%20%20%20%20%20%20%20%20%20%20%20%20%20%20%20%20%20%20%20%20%20%20%20%20%20%20FACEBOOK:castello%20medievale%20di%20sanluri-polo%20museale%20sanlurese%20%20%20%20%20%20%20%20%20%20%20%20%20%20%20%20%20%20%20%20%20%20%20%20%20%20%20%20%20%20%20%20%20%20%20%20%20%20%20%20%20%20%20%20%20%20%20%20%20%20%20%20%20%20%20%20%20%20%20%20%20%20%20%20%20%20%20%20%20%20%20%20%20INSTAGRAM:%20castellomedievaledisanluri,070 930 7184,"Via Nino Villa Santa, 1",Sanluri,,,,React,Non trovato,Netsons Network,64,94,50.00,No - Pagina Non Trovata (404),No
L'icona,Galleria d'arte,,320 484 6031,"Via Riccardo Misasi, 76",Cosenza,,,,,,,,,,,
Su Triaxu E Sa Terrallia,Galleria d'arte,,349 326 2045,"Corso Vittorio Emanuele, 126",Sant'Antioco,,,,,,,,,,,
Musée Toulouse-Lautrec,Museo d'arte,https://musee-toulouse-lautrec.com,+33 5 63 49 48 70,"Palais de la Berbie, Pl. Sainte-Cécile",Albi,,,https,React,No,OVH SAS,69,96,92.00,Sì,No
Christian Cavaliere Artist,Galleria d'arte,,351 831 7272,Via Danise,Bucita,,,,,,,,,,,
Art Cafè - Lounge Bar & Bistrot,Bar,,0984 145 4618,"Via M .Preti, 21",Andreotta,,,,,,,,,,,
Murales Serigrafia | Stampe Digitali | Tipografia | San Sperate - Cagliari,Tipografia digitale,http://www.murales-serigrafia.com,070 960 0413,"Via dei Giunchi, 3",San Sperate,,murales.snc@outlook.com,http,ASP.NET,No,Aruba S.p.A. Network,98,99,91.00,Sì,No
Galleria Mediterranea Srl,Galleria d'arte,,0965 892045,"Via Archia Poeta, 3",Reggio di Calabria,,,,,,,,,,,
Ellebi Galleria e Dimora D'arte,Galleria d'arte,https://www.dimora.galleriaellebi.com,349 575 6593,"Piazza Tommaso Ortale, 20",Cosenza,,info@galleriaellebi.com,https,Shopify,Sì,Keliweb S.R.L,60,78,85.00,Sì,No
Kokos Arte dal Mondo,Galleria d'arte,,389 101 2620,"via Antonio Ricucci CS IT, Via Indipendenza",Cetraro Marina,,,,,,,,,,,
Sartoria Istimentos,Sarto,http://www.istimentos.it,0783 64524,"Zona Industriale, Località Turruia, snc",Samugheo,,info@istimentos.it,https,React,No,OVH SAS,39,50,82.00,Sì,No
Parco d'Arte Alt Art,Bed & Breakfast,,392 673 9680,"Via Longeni, 25 bis",Rende,,,,,,,,,,,
Gallery Arredo Bagno,Arredo bagno,,338 471 0379,Via P. Nenni,Cariati,,,,,,,,,,,
Ottica E W.a.m. Art Gallery Di Grosso Eugenio Snc,Ottico,,0982 970458,"Via Stazione, 19/21",Cetraro,,,,,,,,,,,
Febo Fine Art,Galleria d'arte,,035 3623 0794,"Via Fiume, 45",Catanzaro,,,,,,,,,,,
Fatto a Mano - La Casa d'Arte,Galleria d'arte,,327 152 0998,Piazza Campo,Santa Severina,,,,,,,,,,,
Galleria del Cardinale Colonna,Punto di riferimento storico,http://galleriadelcardinalecolonna.it,06 679 4362,"Via della Pilotta, 17/A",Roma,,,https,WordPress,No,Aruba S.p.A.,62,83,100.00,Sì,No
MACA - Museo Arte Contemporanea Acri,Museo d'arte,http://www.museomaca.it,0984 953309,"Via Giovanni Falcone, 1",Acri,,info@museomaca.it,https,Joomla,No,Aruba S.p.A.,51,79,83.00,Sì,No
Galleria Moderna,Negozio di articoli da regalo,,0984 467563,"Viale della Resistenza, 112",Quattromiglia,,,,,,,,,,,
Galleria D'Arte CC,Galleria d'arte,,0965 626271,viale Calabria ang.via Loreto,Reggio Calabria,,,,,,,,,,,
Galleria Technè Contemporary Art,Galleria d'arte,http://www.technecontemporaryart.it,0965 312359,"Via Correttori, 6",Reggio Calabria,,info@technecontemporaryart.it,https,Shopify,Sì,Aruba S.p.A. Network,56,72,100.00,Sì,No
Atelier d'arte Sara Trimpoli,Centro d'arte,http://www.atelierdartesaratrimpoli.it,328 427 8508,"Via Fiume Lao, 88",Scalea,,,https,WordPress,Sì,SEEWEB s.r.l.,53,77,100.00,Sì,No
Graziella Ciliberto,Galleria d'arte,http://www.pitturadeco13.it,329 446 4491,"Piazza San Giovanni, 5",Lamezia Terme,,,https,ASP.NET,No,Aruba S.p.A. Network,94,100,91.00,Sì,No
Club Arte,Galleria d'arte,https://clubartestore.wordpress.com,333 476 0610,"Via della Libertà, 36",Santa Severina,,clubarte.store@gmail.com,https,WordPress,No,"Automattic, Inc",56,96,92.00,Sì,No
Galleria Tiziana Di Caro,Galleria d'arte,https://www.tizianadicaro.it,081 552 5526,"Piazzetta Nilo, 7",Napoli,,info@tizianadicaro.it,https,Shopify,No,Google LLC,76,93,100.00,Sì,No
Crimasso Art Gallery,Galleria d'arte,https://crimasso.com,392 248 0584,"Via Amerigo Vespucci, 17",Catanzaro,,crimasso@gmail.com,https,WordPress,Sì,Google LLC,68,93,85.00,Sì,No
a.s.d. Danzarte,Sala fitness,,340 092 2778,"Via Croce Santa, 8",San Sperate,,,,,,,,,,,
1000 Bolle Arte Contemporanea,Galleria d'arte,,328 549 8899,"Via Margherita, 99",Amantea,,,,,,,,,,,
Galleria Arte Oggi,Galleria d'arte,,0965 28583,"Via Aschenez, 92",Reggio Calabria,,,,,,,,,,,
MiJo’s Art Gallery,Galleria d'arte,,328 458 5763,Casetta Postale 1,Maida,,,,,,,,,,,
Kb Art,Galleria d'arte,http://www.kbart.it,328 661 3548,"P.za Bonaventura Zumbini, 45",Cosenza,,linorusso@kbart.it,https,ASP.NET,No,Aruba S.p.A. Network,98,99,85.00,Sì,No
Rosso Porpora - case vacanza,Casa per vacanze,http://www.borgorossoporpora.com,347 949 7274,Località Is Loccis Santus,San Giovanni Suergiu,,rossoporporaweb@gmail.com,https,Squarespace,No,"Squarespace, Inc.",55,73,92.00,Sì,No
IGV Club Santagiusta,Hotel,http://www.hotelsantagiusta.it,070 99099,Località Punta San Giusta,Castiadas,,uff.passeggeri@igrandiviaggi.it,https,ASP.NET,No,"Cloudflare, Inc.",61,69,100.00,Sì,No
Andrea Nuovo Home Gallery,Galleria d'arte,http://www.andreanuovo.com,081 1863 8995,"Via Monte di Dio, 61",Napoli,,,https,WordPress,No,Keliweb S.R.L,62,90,92.00,Sì,No
Galleria Lia Rumma,Galleria d'arte,http://www.liarumma.it,081 1981 2354,"Via Vannella Gaetani, 12 1° piano / 1st floor",Napoli,,info@liarumma.it,https,WordPress,No,Sconosciuto,64,80,100.00,Sì,No
Comune Di San Vero Milis,Municipio,,0783 460110,"Via Eleonora D'Arborea, 5",San Vero Milis,,,,,,,,,,,
Rosella Corda - Estetica e Cosmesi Naturale Ortodermica,Centro estetico,http://www.rosellacorda.it,393 902 8714,"Via Pietro Nenni, 1",Serrenti,,info@rosellacorda.it,https,WordPress,Sì,Servereasy Srl,56,74,77.00,Sì,No
Segrete del Castello di Catanzaro - Gallerie Del San Giovanni,Museo archeologico,,0961 794388,"Corso Giuseppe Mazzini, 6",Catanzaro,,,,,,,,,,,
La Galleria,Negozio di abbigliamento,https://www.cortedelsolesestu.it/LA-GALLERIA/55,070 22073,SS 131ex,Sestu,,lagalleria@live.com,https,Shopify,No,Retelit Digital Services S.p.A.,38,70,92.00,Sì,No
Marca - Museo delle arti di Catanzaro,Museo,https://cultura.gov.it/luogo/marca-museo-delle-arti-catanzaro,0961 746797,"Via Alessandro Turco, 63",Catanzaro,,info@museomarca.com,https,React,Sì,Vodafone Italia S.p.A.,46,64,83.00,Sì,No
Verduci Arte,Negozio di cornici,http://www.tuttobellearti.it,0961 721347,"Via Arcivescovado, 18",Catanzaro,,info@tuttobellearti.it,https,PrestaShop,No,Hostinger,94,84,83.00,Sì,No
Grotte di Sant'Angelo,Punto d'interesse culturale,https://www.enzodeimedici.it/2025/03/le-grotte-di-santangelo-a-cassano-allo-ionio,328 808 4284,Via IV Novembre,Cassano all'Ionio,,grottedisantangelo@gmail.com,https,WordPress,No,Aruba S.p.A.,76,96,77.00,Sì,No
Mobili d'Arte di Misiano Salvatore,Negozio di mobili,,0962 939561,"Via Ginevra, 65",Cutro,,,,,,,,,,,
Galleria Marano,Galleria d'arte,,0984 71030,"Via Metaponto, 80",Corigliano Scalo,,,,,,,,,,,
Gallery Cafè,Bar caffè,,0983 884334,Via S. Francesco D'Assisi,Corigliano-Rossano,,,,,,,,,,,
Galleria d'arte Arone & Arone -Arte Moderna Contemporanea,Galleria d'arte,,349 806 2084,"Via Guglielmo Marconi, 25",Locri,,,,,,,,,,,
Caruso Tessiture Artistiche e Scuola Tappeti,Negozi di artigianato,,328 457 7671,"Via A.Gramsci, 195",San Giovanni in Fiore,,,,,,,,,,,
UP-Artestudio,Galleria d'arte,,349 584 3846,"Corso Messina, 16",Crotone,,,,,,,,,,,
Pinacoteca Provinciale Salerno,Galleria d'arte,http://www.livesalerno.com/it/pinacoteca-provinciale-di-salerno,089 258 3073,"Via Mercanti, 63",Salerno,,info@livesalerno.com,https,Shopify,No,OVH SAS,57,89,92.00,Sì,No
Giovanni Catalano Atelier d'arte,Artista,,0983 81237,"Via Roma, 72",Corigliano,,,,,,,,,,,
L'arte fotografica Associazione Culturale,Associazione artistica,https://robertoposella.wixsite.com/robertoposella,348 007 5314,"Via C. Colombo, 14",Caraffa di Catanzaro,,lartefotografica@gmail.com,https,React,No,Google LLC,74,97,92.00,Sì,No
Istituto Campana per L'Istruzione Permanente,Istituto d'istruzione,https://www.istitutocampana.it,071 714436,"P.za Dante, 4",Osimo,,,https,WordPress,Sì,Server Plan S.r.l.,59,76,92.00,Sì,No
FACTORY2,Negozio di articoli per stampa serigrafica,,0983 526698,"Via Nazionale, 241/A",Crosia,,,,,,,,,,,
Porta del Parco di Bagaladi,Ristorante italiano,,349 293 5379,Via Torrente Zervo,Bagaladi,,,,,,,,,,,
Chiesa di Santa Maria della Consolazione,Chiesa cattolica,,0981 948041,Piazza Tommaso Campanella,Altomonte,,,,,,,,,,,
Cersosimo Arte,Galleria d'arte,http://www.cersosimo-arte.com,320 268 9574,"Via Alvaro Corrado, 20",Torretta,,,https,WordPress,Sì,Sconosciuto,75,97,92.00,Sì,No
Duçi Contemporanea,Galleria d'arte,https://www.ducicontemporanea.it,379 282 1090,"Via Dante Alighieri 28, Via Musuraca, 16",Camini,,info@ducicontemporanea.it,https,WordPress,Sì,Keliweb S.R.L,0,87,85.00,Sì,No
Arte e Artigianato Marasco,Negozio di articoli da regalo,,327 665 5613,"Corso G. d'Annunzio, 53",Decollatura,,,,,,,,,,,
federica di dario fd restauro,Servizio di restauro di opere d'arte,,347 103 2723,"Tessano, loc 6, Via Cozzo di Maroli",Dipignano,,,,,,,,,,,
Art Arredo & Design Srls,Negozio di mobili,,0961 962198,"Via Nazionale, Cropani, CZ 88051",Cropani Marina,,,,,,,,,,,
Comune Di Belmonte Calabro - Centro Culturale,Municipio,,0982 400207,Via Michele Bianchi,Belmonte Calabro,,,,,,,,,,,
RITRATTI RESTAURO E DORATURA OPERE D'ARTE,Laboratorio,,328 428 7773,"Via Antonio Gramsci, 16",Delianuova,,,,,,,,,,,
Foto e Video PERRI di Francesco Perri,Fotografo,,368 716 0882,"Contrada Arena, SNC",Bisignano,,,,,,,,,,,
Comune Di Bonifati,Municipio,,0982 93338,"Piazza Domenico Ferrante, 33",Bonifati,,,,,,,,,,,
Österreichische Galerie Belvedere,Museo,https://www.belvedere.at,+43 1 795570,Prinz-Eugen-Straße 27,Vienna,,,https,Drupal,Sì,interneX GmbH,54,86,85.00,Sì,No
La Casa della Filanda,Hotel,http://lacasadellafilanda.altervista.org,0982 979277,"Via Cavour, 13",Belmonte Calabro,,,http,React,No,Sconosciuto,72,82,92.00,Sì,No
Bianco Contemporaneo,Galleria d'arte,http://www.biancocontemporaneo.it,334 290 6204,"Via Reno, 18a",Roma,,info@biancocontemporaneo.it,https,Angular,No,Aruba S.p.A.,81,95,92.00,Sì,No
Ristor'Art,Ristorante di pesce,,366 992 2684,"Via Enrico Berlinguer, 41",Botricello,,,,,,,,,,,
Favole D'Oggi Di Viscomi Pina Teresa,Negozio di articoli da regalo,,0961 552769,"Vico Nazionale, 171",Botricello,,,,,,,,,,,
BoCS Art Museum,Museo di arte moderna,https://cultura.gov.it/luogo/bocs-museum-complesso-monumentale-di-san-domenico,0984 813013,"Piazza Tommaso Campanella, 22",Cosenza,,settore.cultura@comune.cosenza.it,https,ASP.NET,Sì,Vodafone Italia S.p.A.,45,71,83.00,Sì,No
Albo pretorio Amendolara,Ufficio aziendale,,0981 911050,"Via Roma, 1",Amendolara,,,,,,,,,,,
Tag Art Shop Gallery di Zuccarello Cimino Filippo,Galleria d'arte,,0965 896947,"Via Correttori, 4",Reggio Calabria,,,,,,,,,,,
Vetro' Marianna,Tabaccheria,,0963 350815,"41 Via Michele Bianchi, Gerocarne, VV 89831",Gerocarne,,,,,,,,,,,
Segni D'arte,Laboratorio di serigrafia,,345 452 7291,Viale degli Ulivi,Bova Marina,,,,,,,,,,,
"Bistrot des Artistes, cucina tipica",Ristorante italiano,,320 434 1027,"Piazza Tribuna, 13",Gerace,,,,,,,,,,,
Tersite Francesco,Rivenditore di biglietti della lotteria,,0964 356777,"Via Nazionale, 12",Gerace,,,,,,,,,,,
Centro arte e movimento di Francesco Sancineto,Scuola,,340 127 6385,"Via Dorsa, 15",Frascineto,,,,,,,,,,,
CosMidiargilla,Negozi di artigianato,,320 033 4311,"via cavour, 18",San Lucido,,,,,,,,,,,
"Cariati Pierina cartongesso, colori,cornici in gesso,ferramenta Frascineto",Ufficio aziendale,,328 258 4354,"Via Dorsa, 17",Frascineto,,,,,,,,,,,
Galleria del Corredo,Negozio di articoli da regalo,https://www.galleriadelcorredo.it,0961 963128,"Vico Nazionale, 320",Botricello,,ecom-swiper@11.css,https,Vue,No,"Cloudflare, Inc.",62,89,92.00,Sì,No
Casa d'arte Miglio,Galleria d'arte,,0961 038013,"Corso Giuseppe Mazzini, 200",Catanzaro,,,,,,,,,,,
Associazione Arte e Fede,Associazione,https://associazionearteefede.it,347 155 7784,"c/o Cittadella Vescovile, Piazza Tribuna, snc",Gerace,,,https,WordPress,No,Serverplan s.r.l.,56,69,92.00,Sì,No
Parco Archeologico Archeoderi,Museo archeologico,https://www.beniculturali.it/luogo/museo-e-parco-archeologico-archeoderi,334 656 1714,"Viadotto S. Pasquale, SNC",Bova Marina,,drm-cal.archeoderi@cultura.gov.it,https,Laravel,Sì,Vodafone Italia S.p.A.,44,48,83.00,Sì,No
BIANCHIZARDIN,Galleria d'arte,http://www.bianchizardin.com,02 8002 0862,"Via Pietro Maroncelli, 14",Milano,,info@bianchizardin.com,https,Shopify,Sì,"Cloudflare, Inc.",44,88,100.00,Sì,No
Villa Romana del Naniglio Visite Assistite,Punto di riferimento storico,,377 393 7931,"Viale delle Rimembranze, 96A",Gioiosa Ionica,,,,,,,,,,,
Palazzo Amaduri,Sito storico,,0964 51376,"Via Amaduri, 0",Gioiosa Ionica,,,,,,,,,,,
Alfonso Mangone,Artista,,0828 982461,Via San Francesco,Altavilla Silentina,,,,,,,,,,,
Galleria D'Orlane,Galleria d'arte,https://www.gianlucabocchi.com,0375 43318,"Piazza Turati, 11",Casalmaggiore,,info@gianlucabocchi.com,https,WordPress,No,Serverplan s.r.l.,0,66,92.00,Sì,No
Vanity Nail Art,Centro estetico,,327 994 4363,"Via Cav. Vittorio Veneto, 71",Maierato,,,,,,,,,,,
Locanda della Quercia,Ristorante,,338 628 3088,Contrada Bifurto,Cerchiara di Calabria,,,,,,,,,,,
Abisso del Bifurto,Attrazione turistica,,339 783 0801,V975+77,Cerchiara di Calabria,,,,,,,,,,,
L’arte della Terracotta - Papillo,Casalinghi,,338 996 8200,"Via Vasai, 14",Gerocarne,,,,,,,,,,,
Parco archeologico urbano di Brancaleone Vetus,Sito storico,http://www.prolocobrancaleone.it,347 084 4564,Brancaleone,Brancaleone,,prolocobrancaleone@pec.it,https,React,Sì,Aruba S.p.A.,60,74,92.00,Sì,No
PARCO MUSEO MUSABA,Museo all'aperto,http://musaba.org,333 243 3496,Viale Parco Museo Santa Barbara,Mammola,,info@musaba.org,https,WordPress,No,Netsons s.r.l.,59,86,85.00,Sì,No
Panificio F.lli D'Agostino,Fornaio,https://www.panificiolartedelpane.it,0966 190 6131,"Via Nazionale 18, 302",Gioia Tauro,,,https,React,No,Google LLC,64,91,92.00,Sì,No
Museo Limen,Museo d'arte,https://www.museolimen.it,0961 888241,Piazza San Leoluca Valentianum,Vibo Valentia,,,https,WordPress,Sì,Server Plan S.r.l.,66,93,66.00,Sì,No
Galleria D'Arte Rosanna D'Adamo Pescara,Galleria d'arte,http://www.galleriadadamo.it,085 212 1172,"Via Ravenna, 80",Pescara,,info@galleriadadamo.it,https,WordPress,No,Sconosciuto,48,66,82.00,Sì,No
LioGi l'arte della pietra,Ditta specializzata in marmi,,0984 641312,"Via kennedy, 67",Marano Marchesato,,,,,,,,,,,
Luigi di mari art,Artista,,334 861 7072,"Via Sandro Pertini, 6",Briatico,,,,,,,,,,,
Angeloni Giancarlo,Galleria d'arte,https://www.artandcraft-positano.it/artisti-in-galleria/angeloni-giancarlo,089 875797,"Via del Saracino, 3",Positano,,,https,Shopify,No,Hetzner Online GmbH,65,95,100.00,Sì,No
Comune di Laureana di Borrello,Municipio,,0966 906115,"Piazza Indipendenza, 1",Laureana di Borrello,,,,,,,,,,,
Art Gallery EcoArt,Artista,,320 571 5073,"Via Pasquale Enrico Murmura, 10",Vibo Valentia,,,,,,,,,,,
Casa Ionadi - Records,Scuola di musica,,327 750 5598,"Via Cristoforo Colombo, 14",Vibo Valentia,,,,,,,,,,,
Museo dell’Artigianato silano e della Difesa del suolo,Museo dell'artigianato,,338 862 0126,"Via Roma, 58",Longobucco,,,,,,,,,,,
Bruzzano Vecchio,Sito storico,,0964 902051,"Bruzzano Zeffirio, Strada Comunale Bruzzano Vecchio",Bruzzano Zeffirio,,,,,,,,,,,
Laboratorio Grafico Madrigrano,Servizio di stampa digitale,http://www.arteinvendita.it,0984 152 0292,"Corso Carmine, 22",Cerisano,,info@arteinvendita.it,https,React,No,"Cloudflare, Inc.",,,,Sì,No
PabloDesign,Agenzia di pubblicità,http://www.pablodesign.it,328 411 6577,"Via Battisti, 145",Fagnano Castello,,info@pablodesgn.it,http,ASP.NET,No,Aruba S.p.A. Network,57,87,91.00,Sì,No
Gioielleria Battaglia,Gioielleria,,0964 61108,"Corso Umberto I, 168",Bovalino,,,,,,,,,,,
Doctor Glass,Servizio di riparazione parabrezza,https://www.doctorglass.com/centri-specializzati/gioia-tauro/gioia-tauro-724,0966 253542,"Via Strada Statale 111, 183",Gioia Tauro,,gioiatauro@doctorglass.com,https,Joomla,Sì,Amazon Technologies Inc.,54,73,92.00,Sì,No
Ditta De Franco Nicola,Negozio di artigianato tipico,,340 832 0598,"Via Fausto Gullo, 5",Celico,,,,,,,,,,,
Lido Re Artù,Stabilimento balneare,,331 548 3408,Via macchia della bucanella Contrada arso,Mandatoriccio,,,,,,,,,,,
Trony,Negozio di elettronica,,0964 60800,"106, 45M6+9H Bovalino, Città metropolitana di Reggio Calabria Statale, km, 84",Bovalino,,,,,,,,,,,
Pasticceria Artigianale Mydream Torronificio Bar,Pasticceria,,350 034 4809,"Viale Sandro Pertini, 63",Cinquefrondi,,,,,,,,,,,
L'Arte Sartoriale Atelier & Sartoria,Negozio di abiti da sposa,,389 540 7580,Via Le Castella,Isola di Capo Rizzuto,,,,,,,,,,,
Istituto Statale D'Arte,Scuola pubblica,,0984 543605,"Via Deposito, Luzzi, CS 87040",Luzzi,,,,,,,,,,,
Il Museo dei Selfie di Tina Marzo - L'Arte Interattiva 3D,Museo d'arte,,388 922 5706,Piazza Aldo Moro,Maglie,,,,,,,,,,,
ArTenda Cetraro,Costruttore di tettoie e pergole,,334 598 3153,Via Lungo Aron,Cetraro Marina,,,,,,,,,,,
Artelatte,Vendita di yogurt gelato,,389 200 5541,Via Tommaso Campanella,Isola di Capo Rizzuto,,,,,,,,,,,
Milena Manili Centro Culturale Humanities - Officina di Scienze Umane ed Articultura,Associazione culturale,,350 040 8292,"Traversa Monsignor Giovanni Apa, 29",Catanzaro,,,,,,,,,,,
Creare Con Arte di Parisi Maria,Fiorista,https://creareconarte.myadj.it,0964 183 9940,"Corso Umberto I, 188",Bovalino,,,,React,No,"Cloudflare, Inc.",,,,Sì,No
ISTITUTO DI ISTRUZIONE SUPERIORE V. GERACE,Scuola secondaria superiore,,0966 439113,Piazza S. Rocco,Cittanova,,,,,,,,,,,
EDDart - Palazzo Taverna,Galleria d'arte,http://www.eddart.net,06 4890 3612,"Via di Monte Giordano, 36",Roma,,,http,WordPress,No,OVH SAS,83,97,100.00,Sì,No
Gioielleria Golden Gallery,Gioielliere,,0982 91525,"Piazza del Popolo, 22",Cetraro,,,,,,,,,,,
ARCHETIPO Domus Art Gallery B&B,Bed & Breakfast,,392 168 1828,"Via Ascanio Grandi, 18",Lecce,,,,,,,,,,,
ARTE POVERA di Francesco Caloiero,Negozi di artigianato,,389 179 2606,"Via Cognale, 167",San Giovanni in Fiore,,,,,,,,,,,
Torre Galea,Fortezza,,393 000 7640,"Str. Galea, 41",Marina di Gioiosa Ionica,,,,,,,,,,,
La boutique d'Arte,Boutique,,0964 190 1688,E90,Siderno,,,,,,,,,,,
Nuove Gioie Aquino,Gioielleria,http://www.nuovegioieaquino.it,0964 415987,"Via Carlo Maria, 69",Marina di Gioiosa Ionica,,info@nuovegioieaquino.it,https,React,No,OVH SAS,55,86,85.00,Sì,No
Creative Point Peguy,Tipografia digitale,https://www.peguy.it/creative-point,342 082 5780,Contrada Pizzicato,Cinquefrondi,,direzionepeguy@gmail.com,https,ASP.NET,No,Sconosciuto,62,97,85.00,Sì,No
The Gallery Store,Negozio di abbigliamento,,0968 750121,"green shopping center, Contrada Garrube",Feroleto Antico,,,,,,,,,,,
Gipsoteca Giuseppe Maria Pisani,Museo d'arte,https://www.gipsotecapisani.it,392 113 6266,"Via Guido Fontana, 3",Serra San Bruno,,,https,WordPress,No,Aruba S.p.A.,96,97,100.00,Sì,No
"CIT, Centro Informazione Turistica, Sede Pro Loco Sersale",Ufficio comunale del turismo,http://www.prolocosersale.it,327 414 8559,"Via Sila, 25",Sersale,,prolocosersale@gmail.com,https,Shopify,Sì,Server Plan S.r.l.,31,33,85.00,Sì,No
Area espositiva della flora del Parco delle Serre e dell'arte del legno,Attrazione turistica,,0963 772825,Località Santa Maria del Bosco,Serra San Bruno,,,,,,,,,,,
Tesori D'arte,Casalinghi,,320 701 7097,"Via Palmiro Togliatti, 32",Cirò Marina,,,,,,,,,,,
Arte&Oro,Gioielleria,,389 109 6966,"Via Vittorio Emanuele, 116",Cirò Marina,,,,,,,,,,,
Comune di Motta San Giovanni,Municipio,,0965 718101,"Piazza Pasquale Alecce, 1",Motta San Giovanni,,,,,,,,,,,
Pro loco Motta San Giovanni,Associazione / Organizzazione,https://www.prolococomunemottasg.it,0965 187 5693,"Via Maurizio Gucci, 8",Lazzaro,,,https,WordPress,No,Sconosciuto,90,100,92.00,Sì,Sì
Artè srl,Ufficio aziendale,http://arteidee.com,0966 661353,"contrada petrara strada vicinale vacale, Contrada Petrara, 56",Cittanova,,info@arteidee.com,https,Shopify,Sì,Google LLC,56,79,100.00,Sì,No
Museo Civico Di Taverna,Museo d'arte,https://www.museocivicotaverna.it,327 926 9883,"Piazza del Popolo, 14",Taverna,,museotaverna@libero.it,https,Joomla,No,Aruba S.p.A.,52,76,77.00,Sì,No
"Artè Di Francesco Caroleo,vetreria artistica",Negozio di articoli in vetro e specchi,http://www.artecaroleo.it/artecaroleo/contatti.html,0961 771184,"Via Galeazzo di Tarsia, 7",Catanzaro,,,http,ASP.NET,No,Aruba S.p.A. Network,92,100,91.00,Sì,No
Art Hair Di Federica Iriti - Parrucchieri per donna,Parrucchiere,https://www.arthairfedericairiti.it,327 010 8601,"Viale Garibaldi, 63",Melito di Porto Salvo,,,https,WordPress,No,Sconosciuto,66,79,90.00,Sì,No
Interni Italiani,Negozio di mobili,,0963 366458,"Via A. Gramsci, 104",Rombiolo,,,,,,,,,,,
Vicolo Annunciata,Museo all'aperto,,379 108 7912,"Discesa Clausi, Vicolo Annunciata, 8",Rogliano,,,,,,,,,,,
Polo Museale Soriano Calabro,Museo,https://polomusealedisorianocalabro.it,349 100 4185,Via Roma,Soriano Calabro,,,https,WordPress,No,SEEWEB s.r.l.,59,64,85.00,Sì,No
Associazione Fiumara d'Arte,Galleria d'arte,http://www.librino.org,095 715 1743,"P.zza Stesicoro, 15",Catania,,,https,WordPress,No,"Cloudflare, Inc.",70,87,91.00,Sì,No
Martina Bosco Designer,Progettista grafico,,320 406 1569,Contrada Salice,Torano Castello,,,,,,,,,,,
Art Design 2 Di Fava Luigi Franco,Negozio di bricolage,,0984 524110,"6 Contrada Macchia Della Tavola, Torano Castello, CS 87010",Torano Castello,,,,,,,,,,,
Cornici Multiart Di Guzzo Antonio,Negozio di cornici,,0961 992334,"Viale G. Mazzini, 83",Tiriolo,,,,,,,,,,,
Regalo D'arte,Negozio di articoli da regalo,,334 570 8335,"Viale G. Mazzini, 162",Tiriolo,,,,,,,,,,,
Arte73,Galleria d'arte,,347 751 6782,"Via S. Rocco, 1",Paola,,,,,,,,,,,
Palazzo della Cultura P.Crupi,Museo d'arte,https://turismo.reggiocal.it/cultura/musei-e-installazioni/palazzo-della-cultura-pasquino-crupi,0965 890623,"Via E. Cuzzocrea, 48",Reggio di Calabria,,turismo@reggiocal.it,https,Drupal,No,Fastweb Networks,60,74,0.00,Sì,No
Comune di Terranova Sappo Minulio,Municipio,,0966 619121,"Piazza XXIV Maggio, 1",Terranova Sappo Minulio,,,,,,,,,,,
I Sogni di Minù,Negozio di ceramiche,,348 993 1004,"Via Peschiera, 12",Trebisacce,,,,,,,,,,,
Santuario Madonna Delle Grazie,Luogo di culto,,0967 93635,"Via delle Grazie, 66",Torre di Ruggiero,,,,,,,,,,,
Panificio Mileto - Pizzeria Bar Aperitivi Tavola Calda Biscottificio Panetteria,Fornaio,,0966 937002,"Via Antonio Gramsci, 95",Melicucco,,,,,,,,,,,
MUSEO Ludovico Noia - Arte olearia e Cultura contadina- Ass. ONLUS,Museo,http://www.trebisacce.net,339 141 4417,Via dei Massari ex Via dei frantoi,Trebisacce,,,https,ASP.NET,No,Sconosciuto,63,97,83.00,Sì,No
mondoromulo arte contemporanea,Galleria d'arte,https://lagalleria.mondoromulo.it,339 826 4803,"Strada Nazionale Sannitica, 169",Castelvenere,,,https,Shopify,No,Google LLC,61,90,100.00,Sì,No
Galleria Paola Verrengia & C. S.N.C.,Galleria d'arte,http://www.galleriaverrengia.it,089 241925,"Via Fiera Vecchia, 34",Salerno,,galleriaverrengia@gmail.com,https,WordPress,No,Aruba S.p.A.,81,95,92.00,Sì,No
Amalfi Art Di Laudano Antonio,Negozio di ceramiche,,089 873373,"Via Lorenzo D'Amalfi, 19",Amalfi,,,,,,,,,,,
Museo all'Aperto PROGETTO PATERNO,Museo,,333 227 2007,Contrada Orticelle,Paterno Calabro,,,,,,,,,,,
Arteoro Di Romeo Maddalena,Gioielliere,,0963 880480,"Piazza Roma, 3",Nicotera,,,,,,,,,,,
Tessilart,Negozio di abbigliamento,,338 921 1234,"P.za Italia, 9",Tiriolo,,,,,,,,,,,
Giancarlo De Luca Art Gallery,Galleria d'arte,http://www.giancarlodeluca.it,335 639 2821,"Via Roma, 18",Ravello,,seashell.s.r.l.s@gmail.com,https,WordPress,No,Aruba S.p.A,62,67,83.00,Sì,No
Arti grafiche,Negozio,,347 822 4211,"Corso Camillo Benso Conte di Cavour, 34",Nicotera,,,,,,,,,,,
Galleria Tramontano,Museo,,081 517 1631,"Via Gustavo Origlia, 51",Nocera Inferiore,,,,,,,,,,,
Kundry Bottega d'arte,Negozi di artigianato,https://www.kundryravello.it,333 733 5646,"Via dei Rufolo, 11",Ravello,,,https,WordPress,Sì,Aruba S.p.A. Network,62,97,92.00,Sì,No
InnerSpacebyAnna,Galleria d'arte,,333 342 5650,"Via Roma 3, Via della Marra, 14",Ravello,,,,,,,,,,,
Studio d'arte Ciro D'Alessio,Galleria d'arte,http://cirodalessioarte.blogspot.com,338 114 9308,"Via Guglielmo Marconi, 3a",Pozzuoli,,stratociro@libero.it,https,Nuxt.js,No,Google LLC,94,43,85.00,Sì,No
Italian Fine Art Gallery,Galleria d'arte,http://www.italianfineartgallery.com,089 875113,"P.za dei Mulini, 8",Positano,,info@italianfineartgallery.com,https,WordPress,No,Aruba S.p.A.,80,69,100.00,Sì,No
Comune di Nicotera,Municipio,,0963 81420,"Corso Umberto I, 64",Nicotera,,,,,,,,,,,
La Caravella Art Gallery,Galleria d'arte,http://www.lacaravellartgallery.it,089 871029,"Vicolo Masaniello, 14",Amalfi,,info@ristorantelacaravella.it,https,Shopify,Sì,Aruba S.p.A.,62,87,85.00,Sì,No
Rafting Calabria Fiume Lao,Ditta specializzata in escursioni di rafting,http://www.raftingfiumelao.com,320 441 6639,"Corso Oliva, snc",Papasidero,,info@raftingfiumelao.com,https,WordPress,Sì,Amazon Technologies Inc.,57,75,100.00,Sì,No
Arte Regalo,Negozio di articoli da regalo,,0963 772316,"Via Aldo Moro, 9",Serra San Bruno,,,,,,,,,,,
Emilio Ventura - Mister Doll - Artista Moderno e Pittore Contemporaneo,Galleria d'arte,https://www.emilioventura.com,347 621 5400,"Via Dante Alighieri, V. Dante Alighieri, 79",Fortino,,ventura.emilio79@gmail.com,https,WordPress,No,HOSTINGER DE,80,75,91.00,Sì,No
Giovanni Guerrisi - Event Photographer,Fotografo,https://www.gianniguerrisi.it,340 059 7740,"Via Pier Luigi Nervi, 3",Cittanova,,,https,WordPress,Sì,Aruba S.p.A.,38,52,83.00,Sì,No
Cartolibreria Fantasy Di Mercuri Maria,Cartoleria,,0966 937933,"Via Antonio Gramsci, 247",Melicucco,,,,,,,,,,,
Liquid art system Ravello,Galleria d'arte,http://www.liquidartsystem.com,089 858392,"Piazza Duomo, 10",Ravello,,capri@liquidartsystem.com,https,WordPress,Sì,Google LLC,71,55,100.00,Sì,No
CostieraArte Gallery,Galleria d'arte,,328 363 6413,"Corso Reginna, 28",Maiori,,,,,,,,,,,
Arte Stile Beauty Salon,Parrucchiere,https://artestilebeauty.it,340 378 4889,"Via Barriera, 28",Nicotera,,santyfassari84@gmail.com,https,WordPress,Sì,SiteGround,84,99,100.00,Sì,No
ASD Centro Danza Giselle,Scuola di danza,,333 965 2966,Via Pio La Torre,Spezzano Albanese,,,,,,,,,,,
Deco' Art Di Gallo Concetta,Negozio di ceramiche,,0961 912021,"Corso Guglielmo Pepe, 50",Squillace,,,,,,,,,,,
Galleria Accessori,Negozio di articoli da regalo,,334 767 9962,"Corso Umberto, 21",Rogliano,,,,,,,,,,,
Bottega D'Arte Il Tornio,Negozio di ceramiche,,0961 912440,"Via Fuori Le Porte, 46/48",Squillace,,,,,,,,,,,
Castello di Squillace,Castello,,338 116 5242,Piazza Castello,Squillace,,,,,,,,,,,
Nduja e Salumi di Bellantone Gabriella,Negozio di alimentari,,0963 370823,Contrada Saramalloni,Spilinga,,,,,,,,,,,
Un'opera d'arte per Valarioti,Centro culturale,,347 971 9196,SP36,Nicotera Marina,,,,,,,,,,,
Accademia Di Belle Arti Fidia,Università,,0963 197 6395,Contrada Pajeradi,Stefanaconi,,,,,,,,,,,
Accademia Dei Caccuriani,Associazione culturale,https://www.premiocaccuri.it/portal/accademia-dei-caccuriani,334 142 0831,"Salita Castello, 38",Caccuri,,,https,WordPress,No,OVH SAS,64,95,92.00,Sì,No
Antica Arte,Pizzeria,,348 606 2149,"Viale della Concordia, 186 A",Mendicino,,,,,,,,,,,
Museo della Seta,Museo,,349 727 3574,"SP81, 33/9",Mendicino,,,,,,,,,,,
Torre di Satriano,Museo archeologico,,328 266 4026,SS95,Tito,,,,,,,,,,,
Museo a cielo aperto dei Murales di Satriano,Museo all'aperto,,327 174 1380,"Via de Gregorio, 7",Satriano di Lucania,,,,,,,,,,,
L'arte Del Pane Di Leandro Francesca,Fornaio,,345 983 2468,"Via Arena, 51",Sant'Eufemia d'Aspromonte,,,,,,,,,,,
IDENTITY BY DOMENICA COREA,Centro commerciale,,338 479 6276,"E90, 88050, S.da Statale 106 Jonica, SN",Sellia Marina,,,,,,,,,,,
Porte Narranti | Comune di San Benedetto Ullano,Punto d'interesse culturale,,0984 935366,"Via Milano, 2/A",San Benedetto Ullano,,,,,,,,,,,
Palazzo Marchiano',Centro comunale polivalente,,329 730 3359,"Via Dante Alighieri, 32",San Demetrio Corone,,,,,,,,,,,
Roghudi Vecchio,Città fantasma,https://catalogo.beniculturali.it/detail/ArchitecturalOrLandscapeHeritage/1800177809,0965 771119,Strada di Roghudi Vecchio,Roghudi Vecchio,,,https,Shopify,No,CSI Piemonte,92,99,100.00,Sì,No
DOC - Collegio Sant'Adriano -,Ristorante,,333 699 2504,"Via Dante Alighieri, 191",San Demetrio Corone,,,,,,,,,,,
Ceramiche Artistiche e Tradizionali di Squillace,Negozio di ceramiche,https://agaziomellace61.wixsite.com/ceramicheartistiche,327 531 1719,"Via F. Pepe, 28",Squillace,,agaziomellace61@gmail.com,https,Wix,No,Google LLC,41,93,92.00,Sì,No
Il Mulino delle Arti,Scuola di danza classica,,328 155 1302,"Via dei Vespri, 56",Soveria Mannelli,,,,,,,,,,,
Avventure in borgo,Parco divertimenti,,339 457 5517,Località Torno,Sellia,,,,,,,,,,,
Il Passetto del Re - Vicolo più stretto d'Italia,Punto di riferimento storico,,327 835 9530,"Via Castello, 105",San Giorgio Morgeto,,,,,,,,,,,
ARaso Art,Artista,,388 351 8530,"Contrada Pantani, 3",San Giorgio Morgeto,,,,,,,,,,,
Accademia Di Musica Fernando Sor,Scuola di musica,,320 360 5653,"Via Risorgimento, 21",Petilia Policastro,,,,,,,,,,,
Acquarello Di Prochilo Salvatore,Negozio di articoli da regalo,https://www.acquarello.net,0966 610838,"Via Circonvallazione Nord, 134",Taurianova,,acquarello.oggettistica@virgilio.it,https,ASP.NET,No,Aruba S.p.A. Network,59,85,100.00,Sì,No
Comune di Santo Stefano in Aspromonte,Municipio,,0965 740581,"Via D. Morabito, 25",Santo Stefano In Aspromonte,,,,,,,,,,,
Amore per arte,Museo di arte moderna,,340 054 0252,"Viale S. Martino, 172",Taurianova,,,,,,,,,,,
L'arte Del Cucito,Negozio di abbigliamento,,328 914 2133,"Via Nazionale, 209",Scandale,,,,,,,,,,,
Nel Borgo Affittacamere,Bed & Breakfast,,349 214 1621,Piazza Roberto Il Guiscardo,Roseto Capo Spulico,,,,,,,,,,,
Orafart Di Avignone Mariella,Gioielleria,,0966 610500,"Via Roma, 29",Taurianova,,,,,,,,,,,
Legnarte Mobili | Produzione Artigianale - Mobili di ogni stile,Produttore di mobili,https://www.legnartemobili.com,335 486 478,"Contrada Ragonese, 8",Taurianova,,newlegnartesrl@libero.it,https,WordPress,Sì,OVH SAS,56,96,92.00,Sì,No
Arteinolivo,Produttore,http://www.arteinolivo.com,0966 946510,Contrada Cavaliere,San Giorgio Morgeto,,info@arteinolivo.com,http,WordPress,No,Aruba S.p.A.,43,53,100.00,Sì,No
Atelier Cáriste di Romeo Carmela,Sartoria su misura,https://www.ateliercariste.it,389 440 4174,"Via Giacomo Matteotti, 52",Taurianova,,carmiromeo@libero.it,https,WordPress,No,Aruba S.p.A.,62,83,92.00,Sì,No
Comune di San Donato Ninea,Municipio,,0981 63011,"Contrada Cutura, 87010",San Donato di Ninea,,,,,,,,,,,
Istituto di Istruzione Superiore Emilio Sereni,Scuola pubblica,,081 835 3955,"Via Donadio, 116",Cardito,,,,,,,,,,,
S&G Artists,Artista,,340 733 8122,Via Giuseppe Fiorillo,Belvedere Marittimo,,,,,,,,,,,
Paul Smith Tattooist,Negozio per tatuaggi e piercing,,389 251 5610,"Via Vincenzo Vitale, 27",Atripalda,,,,,,,,,,,
Zona archeologica Abellinum Libera,Museo archeologico,,0825 756412,"V. Manfredi, 112A",Atripalda,,,,,,,,,,,
Savelli Arte e Tradizione,Negozio di articoli religiosi,https://savellireligious.com,06 6830 7017,"Via Paolo VI, 27/29",Roma,,,https,Angular,Sì,"Cloudflare, Inc.",44,62,92.00,Sì,No
Galleria dello Scudo,Galleria d'arte,http://www.galleriadelloscudo.com,045 590144,"Vicolo Scudo di Francia, 2",Verona,,info@galleriadelloscudo.com,https,WordPress,No,Hetzner Online GmbH,60,72,100.00,Sì,No
Centro Polifunzionale di Protezione Civile Mongiana,Protezione civile,,0963 311087,Piazza Regina Elena,Mongiana,,,,,,,,,,,
di Mario Montalto,Artista,,0984 851868,"Via Monte Cocuzzo, 1",Castrolibero,,,,,,,,,,,
Fotografia Rodofili G.Luigi,Studio fotografico,,328 403 0377,"Via Santa Marina, 26",Polistena,,,,,,,,,,,
La Porta dell'Arte,Galleria d'arte,,389 504 0698,"Via dei Vascellari, 35",Roma,,,,,,,,,,,
Al Tarlo Dell'Arch.Silvia Arena,Negozio di articoli da regalo,http://www.altarlo.it,0965 751480,"Viale Italia, 62",Villa San Giovanni,,,http,ASP.NET,No,Aruba S.p.A. Network,,,,Sì,No
L' Exsclusif Bomboniere - Art. Da Regalo,Negozio di articoli da regalo,,339 168 0929,"Via Giosuè Carducci, 43",Chiusano di San Domenico,,,,,,,,,,,
Bottega D'Arte Di Angelone Vincenzo,Negozio di cornici,,330 347 012,"Via Briatico, 12/14",Villa San Giovanni,,,,,,,,,,,
ISIS Vincenzo Corrado - Castelvolturno Sede di Pinetamare,Scuola superiore,,081 509 4650,"Viale delle Acacie, 132",Castel Volturno,,,,,,,,,,,
Pro Loco Cetara - Costa d'Amalfi,Centro informazioni turistiche,http://www.prolococetara.it,089 262951,Via Galea,Cetara,,,https,WordPress,Sì,Aruba S.p.A. Network,,,,Sì,No
Comune Di Riace,Municipio,,0964 733002,Contrada Pipedo,Riace,,,,,,,,,,,
Reparto Carabinieri Biodiversità di Mongiana - Centro Visite Villa Vittoria,Parco,http://rgpbio.it/reparto/mongiana,0963 311022,"Via Roma, 30",Mongiana,,042825.001@carabinieri.it,https,WordPress,Sì,Aruba S.p.A. Network,,,,Sì,No
L'arte in miniatura,Editore,https://www.larteinminiatura.com,351 459 6606,"Via dello Stadio, snc",Roccabernarda,,info@larteinminiatura.com,https,Shopify,Sì,Sconosciuto,,,,Sì,No
IrrationalFugue Art Design,Galleria d'arte,,328 748 6039,Via Rossetto,Caulonia,,,,,,,,,,,
Galleria Carosone,Galleria d'arte,https://www.galleriacarosone.com,328 131 6758,"Via del Saracino, 22",Positano,,info@galleriacarosone.com,https,React,Sì,IT.Gate S.p.A.,,,,Sì,No
Torre di Cetara,Punto di riferimento storico,http://www.torredicetara.it,089 262911,"Via Lannio, 2",Cetara,,info.cetara@asmepec.it,https,WordPress,Sì,Aruba S.p.A. Network,,,,Sì,No
Maurizio Cianfano CARTAPESTA - STUDIO D'ARTE,Artista,,333 799 3906,"Via Tufo, 7",Lecce,,,,,,,,,,,
Studio d'Arte Tripodi,Galleria d'arte,http://www.pietro-tripodi.com,346 510 2495,"Via Giuseppe de Nava, 7",Reggio Calabria,,,http,React,No,Google LLC,,,,Sì,No
Scaramuzza Arte Contemporanea,Galleria d'arte,http://scaramuzzartecontemporanea.weebly.com,329 732 5036,"Via Giuseppe Libertini, 70",Lecce,,,https,Weebly,Sì,"Weebly, Inc.",,,,Sì,No
MONART Galleria d'arte,Galleria d'arte,,393 411 1003,"Via del Popolo, 54",Potenza,,,,,,,,,,,
ANGOTTI ORAFO - GIOIELLERIA SAN GIOVANNI IN FIORE (COSENZA),Orafo,https://www.angottiorafo.it,0984 975513,"Via Roma, 211",San Giovanni in Fiore,,,https,PrestaShop,No,Serverplan S.r.l.,56,74,92.00,Sì,No
EOS Studio d'arte ceramica,Artista,,345 357 8111,"Via Marcello Salomone, 26",Pizzo,,,,,,,,,,,
Arti Grafiche MARAGRAF Di Marazzita Francesco,Stamperia,,0962 56863,"Via dello Stadio, s.n.c, MARAGRAF",Roccabernarda,,,,,,,,,,,
Manfredi - fatti d'arte,Galleria d'arte,,347 127 3527,"Piazza della Libertà, 66",Avellino,,,,,,,,,,,
Antichita' Oggetti D'Arte Di Polimeni Marco Antoni,Negozio di antiquariato,,0966 54554,"Via S. Nicola, 190",Rizziconi,,,,,,,,,,,
Francesco Cuomo Showroom,Artista,http://www.francescocuomo.it,0828 366768,"via Michele LA TORRE, 24",Eboli,,info@francescocuomo.it,https,Shopify,No,Telecom Italia S.p.A.,,,,Sì,No
Museo MIA di Avella,Museo,http://www.avellarte.it,380 430 9703,Piazza Municipio,Avella,,,https,WordPress,Sì,Aruba S.p.A. Network,,,,Sì,No
Ufficio Relazioni con il Pubblico,Università,http://web.unisa.it/urp,089 966356,Via del Diritto,Fisciano,,corsisostegno@unisa.it,https,React,No,GARR,82,99,92.00,Sì,No
Scigarda Art Gallery,Galleria d'arte,,378 081 1466,"Corso Umberto I, 115",Avellino,,,,,,,,,,,
Arterrima Gallery,Galleria d'arte,http://arterrima.it,388 377 5582,"Corso Trieste, 167",Caserta,,,https,React,No,Aruba S.p.A.,,,,Sì,No
L' Arte Del Fiorista Di Cuce' Giuseppe,Fiorista,,327 121 9279,via soccorso v traversa,San Mauro Marchesato,,,,,,,,,,,
Trattoria Pino Loricato,Ristorante italiano,,0981 993151,Piazza pio X,San Lorenzo Bellizzi,,,,,,,,,,,
L'arte della carne,Macelleria,,334 365 5621,"Via Pablo Picasso, 16",Villapiana Lido,,,,,,,,,,,
Torre Angioina,Punto di riferimento storico,,0828 897500,"Via I Silone, 82",Castelcivita,,,,,,,,,,,
Belvedere di Paipo,Terrazza panoramica,,366 192 9884,"Via Paipo, 10",Agerola,,,,,,,,,,,
Comune di S. Mauro Marchesato,Municipio,,0962 53764,Via S. Rocco,San Mauro Marchesato,,,,,,,,,,,
MENAICA ART GALLERY,Galleria d'arte,http://menaica.com,366 389 7588,"Via Campanina, SNC",Agropoli,,info@donatoguarnieri.it,https,React,Sì,Aruba S.p.A. Network,,,,Sì,No
studio arxart - Forestieri Gianfranco,Progettista grafico,,0985 3483,"Corso Umberto I, 6",San Nicola Arcella,,,,,,,,,,,
L arte di Ba,Laboratorio,,328 716 9361,Via Barletta,San Nicola Arcella,,,,,,,,,,,
Galleria San Lorenzo al Ducale,Galleria d'arte,https://www.galleriasanlorenzo.com,010 587980,"Piazza Giacomo Matteotti, 60/r",Genova,,info@galleriasanlorenzo.com,https,React,Sì,Seeweb srl,,,,Sì,No
Comune di San Nicola da Crissa - Palazzo Mannacio,Ufficio dell'amministrazione comunale,,0963 73013,"Via Fiorentino, 22",San Nicola Da Crissa,,,,,,,,,,,
GAM - Galleria d'Arte Moderna,Galleria d'arte,,089 948 1346,"Corso Giuseppe Garibaldi, 28",Salerno,,,,,,,,,,,
Iconic Art Galleries,Galleria d'arte,https://iconicartsystem.com,334 760 7077,"Via Giuseppe Mazzini, 78",Caserta,,hello@iconicartsystem.com,https,Shopify,No,"Cloudflare, Inc.",,,,Sì,No
BCOLORA Grafica e Stampa PICCOLO e GRANDE FORMATO,Tipografia digitale,http://www.bcolora.it,328 668 3730,"Via delle Azalee, 14",Villapiana,,,https,WordPress,No,Aruba S.p.A.,,,,Sì,No
Museo di Arte Diocesana di Zumpano,Chiesa,,0984 788333,Via Bartolomeo Vivarini,Zumpano,,,,,,,,,,,
La Bottega D'Arte Iaquinta di di Biasi Anna,Stamperia,,339 114 4747,"Via Umberto I, Snc",Cicerale,,,,,,,,,,,
Art in Bot,Negozio di souvenir,,347 750 6019,Via Vittorio Emanuele,San Lucido,,,,,,,,,,,
PALAZZO CAMPAGNA,Bed & Breakfast,,+49 160 91448418,"Viale Roma, 1",Santa Domenica Talao,,,,,,,,,,,
La Galleria Di Di Scola Assunta,Negozio,,331 844 9453,"Corso Matarazzo, 56",Santa Maria di Castellabate,,,,,,,,,,,
Francom,Artista,http://francom.net,0984 848336,"Via F. Giuliani, 39/a",San Lucido,,,http,ASP.NET,No,Aruba S.p.A. Network,100,100,91.00,Sì,No
Arte Grafica Giangreco - Graphics and Printing dal 1963,Stamperia commerciale,,350 111 0164,"Via Michele Saponaro, 11",Lecce,,,,,,,,,,,
Portrete în creion desene grafice,Tatuatore,,+40 744 556 565,Via Ficarelle,Monasterace Marina,,,,,,,,,,,
La bottega dell' arte vivente,Museo dell'artigianato,,329 193 3951,"Via Ciardelle, 15",Montano Antilia,,,,,,,,,,,
Galleria San Pietro,Negozio di souvenir,https://www.galleriasanpietro.com,06 686 5450,"Largo del Colonnato, 5",Roma,,info@galleriasanpietro.com,https,WordPress,Sì,Serverplan s.r.l.,55,56,100.00,Sì,No
Antiquarium,Museo archeologico,,0964 735154,"Località Runci, 1, 89040",Monasterace,,,,,,,,,,,
Studio di Estetica Rosanna Mollace,Centro estetico,,0964 735188,"Via Francesco Cilea, 21",Monasterace Marina,,,,,,,,,,,
Scavi di Kaulon,Sito archeologico,,0964 732557,Strada Statale 106 Ionica,Monasterace,,,,,,,,,,,
Langastro Salon 1932 di Giacomo Langastro,Salone da parrucchiere,,348 476 0052,"Via San Rocco, 29",Cesinali,,,,,,,,,,,
Mirror's Eye Tattoo,Studio di tatuaggi,,329 596 0526,"Largo Montefusco, 4",Cesinali,,,,,,,,,,,
Museo d'Arte Contemporanea della Città di Caserta,Museo,,0823 273843,"Via Giuseppe Mazzini, 16",Caserta,,,,,,,,,,,
Da Sax Graniteria Monasterace,Gelateria,,334 740 1801,"Via Lungomare, 18",Monasterace Marina,,,,,,,,,,,
Grilli per la testa di De Venezia Gerardo,Salone da parrucchiere,,0825 666916,"Via Raffaele Cocchia, 18",Cesinali,,,,,,,,,,,
Comune di Castello del Matese,Municipio,,0823 784684,"Piazza Municipio, 2",Castello del Matese,,,,,,,,,,,
Comune di Roccaforte del Greco,Municipio,,0965 722912,"Piazza Sgrò, 1",Roccaforte del Greco,,,,,,,,,,,
GRAPHIC ARTS di Catanzaro Tiziano,Stamperia,,0968 728162,"Via Armando Diaz, 129",San Pietro a Maida,,,,,,,,,,,
Fer Art S.r.l.,Servizio di installazione di finestre,,0827 71967,"Via Vecchia Nazionale, 7",Castelvetere sul Calore,,,,,,,,,,,
Gianluca Cavallo - Natalia Ponton Studio 22,Pittura,http://www.gianlucacavallo.com,349 638 2500,"Contrada Fiego, 5",Atena Lucana,,,https,Angular,No,"Automattic, Inc",67,94,92.00,Sì,No
Presepe - LeonPresepi,Galleria d'arte,,380 363 3653,"Via Annunziatella, 57",Castellammare di Stabia,,,,,,,,,,,
Solimene Art showroom,Negozio di ceramiche,http://www.solimeneart.it,329 209 2022,"Solimene Art showroom, Via Giuseppe Pellegrino, 18",Cava de' Tirreni,,info@solimeneart.it,https,WordPress,Sì,Google LLC,55,67,100.00,Sì,No
Arte del Presepe,Centro culturale,http://www.artedelpresepe.com,338 269 2258,"Corso Umberto I, 153",Cava de' Tirreni,,genesi82@gmail.com,https,WordPress,No,WIIT AG,65,87,92.00,Sì,No
Parco Degli Dei - Museo All'Aperto Mariella Costa,Museo,,320 219 0196,"Contrada Canne, 7",Roccella Ionica,,,,,,,,,,,
Galleria d'Arte Contemporanea Vero Stoppioni,Galleria d'arte,,0543 975428,"Viale Roma, 5",Santa Sofia,,,,,,,,,,,
La Sala Grande,Negozio di fumetti,,327 869 7444,"Via Nicola Russo, 22",Cicciano,,,,,,,,,,,
Creative Style,Studio fotografico,https://www.creativestyle.it,377 108 0720,"Contrada Lesa, 1",Monasterace,,info@creativestyle.it,http,React,Sì,Aruba S.p.A.,72,81,83.00,Sì,No
Eclat Scuola di Danza,Scuola di danza,,328 199 7300,"Via Roccarainola, 78",Cicciano,,,,,,,,,,,
Centometriquadri Arte Contemporanea,Galleria d'arte,,339 438 7214,"Via Carlo Santagata, n.14",Santa Maria Capua Vetere,,,,,,,,,,,
Museo diocesano,Museo,https://www.diocesisorrentocmare.it/enti-ed-istituzioni/mudiss-museo-diocesano-sorrentino-stabiese,340 464 6233,"Via Vincenzo Maria Sarnelli, 19",Castellammare di Stabia,,diocesisorrentocastellammare@pec.it,https,WordPress,No,IDS & UNITELM SRL,60,69,92.00,Sì,No
Signum Di Zupi Gerardo,Negozio di oggetti da collezione,http://www.signumavellino.com,0825 33376,"Via Francesco Guarini, 2/4",Avellino,,signumavellino1989@gmail.com,https,React,No,"Cloudflare, Inc.",67,79,92.00,Sì,No
Istituti Superiori - Liceo Scientifico Medi,Scuola pubblica,,081 826 1455,"3 Via Provinciale Comiziano, Cicciano, NA 80033",Cicciano,,,,,,,,,,,
Castello di Ceppaloni,Castello,,0824 66581,"Via Castello, 18",Ceppaloni,,,,,,,,,,,
Casina Vanvitelliana,Museo d'arte,https://www.casinavanvitelliana.net,338 226 9442,"Piazza Gioacchino Rossini, 1",Bacoli,,info@casinavanvitelliana.net,https,Shopify,Sì,Aruba S.p.A.,56,73,92.00,Sì,No
Cled Art Music Avellino,Negozio di strumenti musicali,,0825 23566,"Via Circumvallazione, 134",Avellino,,,,,,,,,,,
Carinolarte,Ufficio aziendale,http://carinolarte.it,327 690 6643,"Piazza Vescovado, 2",Carinola,,,http,WordPress,No,Aruba S.p.A,63,81,85.00,Sì,No
Grotte di Castelcivita,Attrazione turistica,http://www.grottedicastelcivita.com,0828 772397,Piazzale Zonzi,Castelcivita,,info@grottedicastelcivita.com,https,WordPress,Sì,Google LLC,52,42,92.00,Sì,No
Gallerie Riunite,Galleria d'arte,https://www.gallerieriunite.it,081 1870 3970,"Via Cavallerizza a Chiaia, 57",Napoli,,info@gallerieriunite.it,https,WordPress,No,Aruba S.p.A.,64,76,92.00,Sì,No
Arte Immagine Serena,Salone da parrucchiere,,320 814 6409,"Via Roma, 146",Oriolo,,,,,,,,,,,
Complesso Basilicale Paleocristiano,Basilica,,081 1914 3141 ext. 135,"Via Madonnelle, 5",Cimitile,,,,,,,,,,,
Calliope Ceramiche d'Arte,Negozio di ceramiche,http://www.calliopeceramiche.it,347 134 3534,"Via Francesco Russo, 28/a",Afragola,,,,Wix,Non trovato,Google LLC,79,97,36.00,No - Pagina Non Trovata (404),No
Galleria d'arte Mauro Paparella Artist,Negozio,http://www.mauropaparella.it,380 631 5049,"Via Umberto I, 23",Sapri,,mauropaparellaartist@gmail.com,https,Joomla,Sì,Aruba S.p.A. Network,70,0,92.00,Sì,No
Galleria Raffaello,Galleria d'arte,http://www.galleriaraffaelloischia.it,335 702 8582,"Via Roma, 67",Ischia,,info@galleriaraffaelloischia.it,http,OpenCart,No,Aruba S.p.A. Network,78,93,92.00,Sì,No
Centro D'arte Mediterranea,Centro culturale,https://www.centrodartemediterranea.it,081 881 5921,"Via Guglielmo Marconi, 9",Torre del Greco,,,https,Shopify,No,SEEWEB s.r.l.,62,93,92.00,Sì,No
Centro Di Aggegazione Adriano Tatavitto,Centro congressi,,0824 937201,"Largo Noce, 1",Circello,,,,,,,,,,,
Artevibrante Tattoo Studio & Art Gallery,Studio di tatuaggi,,081 1836 4152,"Via Casciaro, 8",Ischia,,,,,,,,,,,
Galleria D'Arte Anna Maria Zoppi,Galleria d'arte,,338 992 5305,"Via Aldo Moro, 05",Casal di Principe,,,,,,,,,,,
Arte' Di Goglia Concetta,Negozio di mobili,,081 816 7678,"Corso Umberto I, 664",Casal di Principe,,,,,,,,,,,
Arte Immagine Parrucchiera,Salone da parrucchiere,,320 389 1558,"Via Antonio Gramsci, 17",Bagnoli Irpino,,,,,,,,,,,
ArtePizza,Pizzeria,http://www.artepizzabacoli.it,081 379 4919,"Piazza Gioacchino Rossini, 9",Bacoli,,,https,React,No,Hostinger International Limited,53,51,92.00,Sì,No
Comune di Cicciano,Municipio,,081 826 5383,"Corso Giuseppe Garibaldi, 1",Cicciano,,,,,,,,,,,
Collezione Bongiani Art Museum,Museo d'arte,,393 738 0225,"Via Salvatore Calenda, 105",Salerno,,,,,,,,,,,
Studio d'arte Mario Borrelli,Centro d'arte,,334 789 2369,"Via Roma, 110",Casalnuovo di Napoli,,,,,,,,,,,
Angelo Lifestyle,Appartamenti,https://www.angelolifestyle.com,329 885 7795,"Piazza Leonardo Di Capua, 35",Bagnoli Irpino,,,https,WordPress,No,Sconosciuto,56,57,100.00,Sì,No
Galleria Commerciale Santa Lucia,Centro commerciale,,081 842 2850,"Corso Umberto I, 517",Casalnuovo di Napoli,,,,,,,,,,,
Scuola Di Danza Classica moderna Tersicore,Scuola di danza,,081 522 7367,"Via Napoli, 41",Casalnuovo di Napoli,,,,,,,,,,,
Baccaro Art Gallery Di Toscano Maria,Galleria d'arte,http://www.baccaroartgallery.it,392 693 1259,"Via Carmine, 66",Pagani,,info@baccaroartgallery.it,https,WordPress,No,Aruba S.p.A.,64,79,92.00,Sì,No
Galleria Mario Mazzella Di Mazzella Luca,Galleria d'arte,http://www.galleriamariomazzella.it,081 993244,"Via Luigi Mazzella, 94",Ischia,,luca@galleriamariomazzella.it,http,ASP.NET,No,Aruba S.p.A. Network,73,91,75.00,Sì,No
Locanda Le Tre Sorelle,Alloggi al coperto,http://www.locandaletresorelle.it,334 103 3881,"Via Roma, 50",Casal Velino,,,https,React,No,Hetzner Online GmbH,59,76,91.00,Sì,No
"RiQuadro Galleria d'Arte | Palma Campania, Napoli",Galleria d'arte,https://www.riquadrogalleriadarte.it,333 322 9744,"Via Roma, 332",Palma Campania,,,https,Shopify,Sì,"Cloudflare, Inc.",52,61,92.00,Sì,No
Figliolia Giuseppe,Galleria d'arte,,089 232216,"Piazza Renato Casalbore, 31",Salerno,,,,,,,,,,,
Caravaggio Galleria d'Arte,Negozio di cornici,,089 756169,"Via Posidonia, 233",Salerno,,,,,,,,,,,
Nicola Pedana Arte Contemporanea,Galleria d'arte,http://www.nicolapedana.com,0823 322638,"P.za G. Matteotti, 60",Caserta,,gallerianicolapedana@gmail.com,https,WordPress,No,Aruba S.p.A. Network,62,83,92.00,Sì,No
Artestampa di Gerardo Natale,Impresa di web hosting,,0823 493064,"Via Armando Diaz, 62",Casapulla,,,,,,,,,,,
La Chiaja art&relais,Hotel,http://www.lachiaja.it,081 218 8644,"Vicolo Torquato Tasso, 1",Castellammare di Stabia,,info@lachiaja.it,https,WordPress,No,Serverplan s.r.l.,46,78,92.00,Sì,No
Paolo Feroce,Galleria d'arte,http://www.exclusiveart.org,340 585 4860,"Via Porta Roma, 15",Teano,,contattiexclusive@gmail.com,https,WordPress,Sì,Aruba S.p.A. Network,40,66,77.00,Sì,No
Agostino Ferraiuolo Tattoo Store,Studio di tatuaggi,,392 395 8797,"Via Antonio Locatelli, 23/25",Casavatore,,,,,,,,,,,
Galleria Studio Pietre Vive - Carmine Carlo Maffei,Artista,,338 802 9308,"Via Costarella, 10",Guardia Sanframondi,,,,,,,,,,,
Studio fotografico FotografArt,Fotografo per matrimoni,,328 588 9717,"P.za S. Giovanni, 15",Foiano di Val Fortore,,,,,,,,,,,
Multisala Magic Vision,Cinema,http://www.magicvision.it,081 803 0270,"Viale dei Tigli, 19",Casalnuovo di Napoli,,,https,Shopify,No,Aruba S.p.A.,40,70,92.00,Sì,No
Creazioni Mammone,Gioielleria,,0966 86399,"Piazza Umberto I, 22",Oppido Mamertina,,,,,,,,,,,
Pro Loco Cimitile Città delle Basiliche Paleocristiane,Centro informazioni turistiche,https://www.prolococimitile.it,081 922 9261,Via Velotti,Cimitile,,info@prolococimitile.it,https,Basekit,No,Aruba S.p.A.,46,66,92.00,Sì,No
Museo dei Castelli,Museo,https://www.museodeicastelli.it,389 250 7652,Piazza Castello,Casalbore,,info@museodeicastelli.it,https,Shopify,No,Server Plan S.r.l.,52,64,92.00,Sì,No
Palazzo Santacroce - Altieri,Museo,http://www.polomusealelazio.beniculturali.it,06 9983 7145,"Piazza Giorgio Santacroce ( ex, Piazza Umberto I, 20",Oriolo Romano,,drm-laz@cultura.gov.it,http,Shopify,Sì,Vodafone Italia S.p.A.,56,66,92.00,Sì,No
galleria d'arte contemporanea spazio vitale.,Galleria d'arte,,335 700 3916,"Piazza G.Marconi, 7",Aversa,,,,,,,,,,,
Artespressa,Pasticceria,http://www.artespressa.it,081 1918 1823,"Via Cagliari, 13",Casapesenna,,,,WordPress,Non trovato,Sconosciuto,62,93,83.00,No - Pagina Non Trovata (404),No
Domus Artis S.r.l. Casapulla,Musica dal vivo,,0823 253189,"Via Nazionale Appia, 350",Casapulla,,,,,,,,,,,
Giuseppe Varuzza | Artista,Artista,,347 722 8728,"Piazza S. Cono, 1",Teggiano,,,,,,,,,,,
Momenti d'arte a.p.s.,Galleria d'arte,http://www.momentidarte.org,338 405 1796,"Via Genova, 14",Catanzaro,,,https,Wix,Sì,Google LLC,51,91,100.00,Sì,No
Nowhere Gallery Caserta,Organizzatore di feste,,335 107 6893,"SS7, 12, Km 218",Caserta,,,,,,,,,,,
Itali Arte Home Arredamenti,Negozio di mobili,,081 341 2774,"Viale G. Moscati, 16-2",Cercola,,,,,,,,,,,
Artù Bottega d'Arte,Galleria d'arte,https://www.artuarte.it,0577 924687,"Via Roma, 36/38",Colle di Val d'Elsa,,info@artuarte.it,https,React,Sì,Server Plan S.r.l.,67,90,85.00,Sì,No
Associazione Turistica Pro-Loco Ugo Pedicini,Centro informazioni turistiche,,0824 878693,"Via Umberto I, 79",Foglianise,,,,,,,,,,,
Caccavale Giuseppe Mobilificio,Produttore di mobili,https://www.mobilicaccavale.it,081 731 1928,"Via Rocco Galdieri, 16",Casavatore,,mobilicaccavale@gmail.com,https,WordPress,No,Aruba S.p.A.,56,72,85.00,Sì,No
Le Fornaci,Negozio di ceramiche,,0824 861663,"Corso Umberto I, 63",Cerreto Sannita,,,,,,,,,,,
PiZZandART,Pizzeria,,328 683 5792,"Via Duca D'Aosta, 45",Grumo Nevano,,,,,,,,,,,
Art Design Gallery,Produttore di mobili,,081 1991 4359,"Viale della Rimembranza, 50",Grumo Nevano,,,,,,,,,,,
Koine arte e comunicazione,Galleria d'arte,https://studiokoine.com,081 247 9995,"Via Michelangelo Schipa, 118",Napoli,,,https,WordPress,No,IONOS SE,72,97,61.00,Sì,No
"Zabihian Art Gallery | Tappeti Persiani, Orientali e Moderni",Negozio di tappeti orientali,http://zabihian.com,0823 326307,"Piazza Madonna di Pompei, 7",Caserta,,example@mail.com,https,WordPress,Sì,Hetzner Online GmbH,75,89,46.00,Sì,No
L'Oasi b&b di Silvia Scarpa,Bed & Breakfast,https://www.hotelscheck-in.com/loasibnbdisilviascarpa/it,339 134 3583,"Via Monticelli, 18",Casal Velino,,customer.service@booking.com,https,Odoo,Sì,"Cloudflare, Inc.",50,55,61.00,Sì,No
Comune di Caselle in Pittari,Municipio,,0974 988009,"Viale Roma, 3",Caselle in Pittari,,,,,,,,,,,
Provincia Di Benevento - Istituto D'Arte,Scuola pubblica,,0824 861102,"Contrada Cesine Di Sopra, Cerreto Sannita, BN 82032",Cerreto Sannita,,,,,,,,,,,
SWING Design Gallery,Galleria d'arte,http://www.swingdesigngallery.it,348 397 1935,"Palazzo Tibaldi, Corso Garibaldi 95 | Palazzo Collenea, Corso Garibaldi, 82",Benevento,,,https,WordPress,Sì,Seeweb s.r.l,54,44,100.00,Sì,No
Galleria Del Monte Arte Contemporanea (S.A.S.),Galleria d'arte,,328 721 7935,"Strada Statale Forio - Lacco, 94",Forio,,,,,,,,,,,
Abitarte di Pasquale Caccavale & C. s.a.s,Negozio di mobili,http://www.abitarte.com,081 731 2453,"Viale Guglielmo Marconi, 5D",Casavatore,,info@abitarte.com,,WordPress,No,Aruba S.p.A.,57,64,92.00,Sì,No
Aia di Lazzaro | Agriturismo a Casalbore in Irpinia,Agriturismo,http://www.aiadilazzaro.it,0825 849288,"Sant'Elia, 16",Casalbore,,,https,WordPress,Sì,"Cloudflare, Inc.",69,95,100.00,Sì,No
Museo civico e della Ceramica cerretese,Museo,http://www.museoceramicacerreto.it,0824 861425,"Corso Marzio Carafa, 47",Cerreto Sannita,,,https,WordPress,No,Google LLC,62,83,92.00,Sì,No
Fatti d'Arte,Negozio di cornici,https://www.fattidartegalleria.it,389 828 2613,Piazza Gian Lorenzo Bernini,Aversa,,,https,Shopify,No,"Cloudflare, Inc.",66,67,100.00,Sì,No
La Quadreria,Centro d'arte,,334 731 2076,"Via Municipio, 16",Gesualdo,,,,,,,,,,,
Museo d'Arte Contemporanea Donnaregina - Museo Madre,Museo d'arte,http://www.madrenapoli.it,081 1952 8498,"Via Luigi Settembrini, 79",Napoli,,info@madrenapoli.it,https,WordPress,No,Sconosciuto,67,69,83.00,Sì,No
Studio D'Elia,Commercialista abilitato all'esercizio della professione,,0827 73417,"Via F. de Sanctis, 77",Luogosano,,,,,,,,,,,
Teatro Carlo Gesualdo,Teatro,,333 896 8219,P.za Castello,Avellino,,,,,,,,,,,
Ponte tibetano Pro Loco Laviano,Attrazione turistica,,351 846 5203,"Piazza Padre Pio, 1",Laviano,,,,,,,,,,,
mateLab,Galleria d'arte,http://www.artemate.com,081 823 3291,"Via Anfiteatro Laterizio, 268",Nola,,,https,React,No,SystemDNS,63,92,92.00,Sì,No
Museo e Real Bosco di Capodimonte,Museo d'arte,https://capodimonte.cultura.gov.it,081 749 9130,"Via Miano, 2",Napoli,,mu-cap@cultura.gov.it,https,WordPress,No,Vodafone Italia S.p.A.,50,68,100.00,Sì,No
Sale e Peppe,Ristorante,,0824 174 3658,"P.za S. Giovanni, 4",Foiano di Val Fortore,,,,,,,,,,,
Arteteke / Grafica / Web / Fotografia / Pubblicità,Agenzia di pubblicità,http://arteteke.com,0825 444640,"Via S. Giovanni, 4",Frigento,,info@arteteke.com,https,WordPress,No,ServerEasy,77,97,92.00,Sì,No
Umberto Di Marino,Galleria d'arte,http://www.galleriaumbertodimarino.com,081 1975 8060,"Via Monte di Dio, 9",Napoli,,,https,WordPress,No,Aruba S.p.A.,72,96,92.00,Sì,No
Pro-Loco Cervinara,Centro culturale,http://www.prolococervinara.it,0824 842011,"Via Macello, 6",Cervinara,,,http,WordPress,No,Aruba S.p.A.,56,68,92.00,Sì,No
Expo Strumenti Musicali Caserta,Negozio di strumenti musicali,,335 678 9074,"Via Appia Antica, 29",Casapulla,,,,,,,,,,,
aA29 Project Room,Galleria d'arte,https://aa29.it,0522 454018,"Via Filippo Turati, 34",Caserta,,,https,WordPress,Sì,Hetzner Online GmbH,52,65,92.00,Sì,No
Museo Citta' Creativa Di Ogliara,Museo,,089 662911,"Via di Ogliara, 127",Salerno,,,,,,,,,,,
Tipografia Tipoarte 2 S.A.S. Di Foniciello Pasquale E C.,Stamperia,http://tipoarte.wixsite.com/website,0823 256358,"Via Nazionale Appia, 57",Casapulla,,tipoarte@libero.it,https,Wix,No,Google LLC,54,85,92.00,Sì,No
Museopossibile ArteContemporanea,Museo,https://www.museopossibile.it,351 524 7484,"Via della Repubblica, 36",Nola,,info@museopossibile.it,https,WordPress,No,Aruba S.p.A,72,94,100.00,Sì,No
Regali Barra Galleria D'Arte,Negozio di articoli da regalo,https://porcellaneartistichenapoli.com,349 059 0468,"Galleria Umberto I, 9/11",Napoli,,,https,WordPress,Sì,Google LLC,39,47,100.00,Sì,No
Root Keyword Art Pictures Studio,Consulente di marketing,https://ads.michelepelosi.art,351 866 4805,"Via Speranzella, 42",Frigento,,,https,WordPress,Sì,HOSTINGER DE,51,46,92.00,Sì,No
La B. Beautè,Centro benessere,,377 186 7207,"V. Aldo Moro, 21",Laviano,,,,,,,,,,,
Sante Muro ArtWork,Artista,http://www.santemuro.it,380 306 6817,"Via Torino, n° 30",Potenza,,info@santemuro.it,https,WordPress,No,Aruba S.p.A.,60,65,85.00,Sì,No
Borgo Medievale di Terravecchia,Punto di riferimento storico,,089 866174,"Piazza S. Leone, 3",Giffoni Valle Piana,,,,,,,,,,,
Associazione Terra Arte,Associazione / Organizzazione,http://www.terrarte.org/index.php,0825 440390,"Via Pagliara, 48",Frigento,,,https,ASP.NET,No,Aruba S.p.A. Network,87,91,92.00,Sì,No
Fiori e Colori di Carmela Colangelo,Fiorista,,0824 880670,"Via Silvio Pedicini, 7",Foglianise,,,,,,,,,,,
Pro Loco Giffoni Valle Piana,Centro culturale,http://www.prolocogiffonivallepiana.it,320 027 9610,"Complesso Monumentale San Francesco, Via S. Francesco, 50",Giffoni Valle Piana,,concorsofotografico.prolocogvp@gmail.com,https,WordPress,Sì,OVH ISP,70,89,92.00,Sì,No
BELLE ARTI CASERTANO srl - Mobili Arredamenti Oggettistica Dipinti Cornici,Negozio di mobili,http://www.bellearticasertano.it,081 773 2223,"Via Giuseppe Verdi, 3",Cercola,,,https,React,No,Server Plan S.r.l.,100,100,73.00,Sì,No
Panificio Le Panetier,Fornaio,,0832 392470,"Viale Aldo Moro, 17",Lecce,,,,,,,,,,,
Arte Mia Di Galasi Carmela,Negozio di cornici,,333 644 4934,"Via Cafasso, 192",Capaccio Paestum,,,,,,,,,,,
Museo di Santa Restituta - MUDIS,Museo archeologico,http://www.mudis.it,347 725 6638,"Piazza S. Restituta, 10 Via Seminario, 20 - Ischia",Lacco Ameno,,,https,WordPress,Sì,Aruba S.p.A.,55,79,100.00,Sì,No
Giovanni Mancini,Artista,http://giovannimancini.info,327 690 7535,"Via Piccirilli Marzio, 1",Guardia Sanframondi,,info@giovannimancini.info,http,WordPress,No,Aruba S.p.A. Network,65,85,85.00,Sì,No
Art Light and Others,Galleria d'arte,,329 319 0009,"Via dei Sei Martiri, 12",Villaricca,,,,,,,,,,,
Sala Truffaut,Cinema,http://www.giffonifilmfestival.it,089 802 3246,"Via Aldo Moro, 4",Giffoni Valle Piana,,info@giffoni.it,https,React,Sì,Aruba S.p.A. Network,56,65,92.00,Sì,No
Il Pantografatore,Falegname,http://www.ilpantografatore.it,0823 753877,"Via Rella, 50",Forchia,,info@ilpantografatore.com,https,WordPress,No,Aruba S.p.A. Network,39,73,92.00,Sì,No
Gió Marconi,Galleria d'arte,http://www.giomarconi.com,02 2940 4373,"Via Alessandro Tadino, 15",Milano,,,https,ASP.NET,No,"DigitalOcean, LLC",72,89,91.00,Sì,No
Opificio Puca,Galleria d'arte,,380 656 2677,"Corso Atellano, 51",Sant'Arpino,,,,,,,,,,,
Righi E Quadri Di Vetrella Agnese,Cartoleria,,0823 849990,"Via Elena, 70",Macerata Campania,,,,,,,,,,,
Gioia L’arte della natura.,Azienda avicola,,327 478 2606,Via,Centimolo,,,,,,,,,,,
Galletta Colori Dal 1954 Di Galletta Guido,Negozio di articoli per la pittura,,0966 23793,"Via Francesco Crispi, 14",Palmi,,,,,,,,,,,
MUSEO SANT'ALBERICO CRESCITELLI,Museo,http://sanpellegrinom.it,0825 991043,"Corso Garibaldi, 10",Altavilla Irpina,,,https,ASP.NET,No,Aruba S.p.A,89,100,91.00,Sì,No
Klu,Locale specializzato in cocktail,,0823 340865,"Via Domenico Santoro, 39",Marcianise,,,,,,,,,,,
Castello di Limatola,Castello,https://castellodilimatola.it,0823 484143,"Via Castello, 1",Limatola,,,https,WordPress,No,IT.Gate S.p.A.,60,90,92.00,Sì,No
Galleria d'arte Arigoni,Galleria d'arte,,0733 236478,"Via Giosuè Carducci, 18/22",Macerata,,,,,,,,,,,
Idee in libertà,Creatore di opere con palloncini,,0823 147 4446,"Via Crescenzo Grillo, 52",Marcianise,,,,,,,,,,,
L’ Arte del Taglio,Salone da parrucchiere,,335 677 7704,"Via Concordato, 90",Palmi,,,,,,,,,,,
MaVart,Centro d'arte,https://mavart2020artisti.wixsite.com/website,338 412 2573,"Via Don Giovanni Minzoni, 220",Cercola,,mavart.2020artisti@gmail.com,https,Wix,No,Google LLC,69,94,92.00,Sì,No
Marco Saccone ArtFoto & Galleria Saccone,Fotografo per matrimoni,https://www.marcosacconeartfoto.com,380 103 9085,"Via Antonio Tari, 12/14",Santa Maria Capua Vetere,,,,Angular,Non trovato,Google LLC,83,98,36.00,No - Pagina Non Trovata (404),No
MOJO Tattoo & ArtGallery,Studio di tatuaggi,http://www.mojotattoo.net,0825 675758,"Via B. Duardo, 1",Manocalzati,,,https,React,Sì,Aruba S.p.A.,39,67,92.00,Sì,No
Arte e Riflessi,Galleria d'arte,,380 386 4563,"Via Roma, 21",Battipaglia,,,,,,,,,,,
Galleria Del Laocoonte,Galleria d'arte,https://www.laocoontegalleria.it,06 6830 8994,"Via Monterone 13, V. Monterone, 13A",Roma,,,https,WordPress,No,Aruba S.p.A. Network,38,76,92.00,Sì,No
Museo Archeologico di Pithecusae,Museo archeologico,https://www.pithecusae.it,081 996103,"Corso Angelo Rizzoli, Via Circonvallazione, 210",Lacco Ameno,,museo@comunelaccoameno.it,https,React,No,Fastweb SpA,51,30,85.00,Sì,No
Antonio Marullo,Galleria d'arte,,081 879 4385,"Via Nuova S. Leone, 99",Gragnano,,,,,,,,,,,
Palazzo Ducale,Ufficio dell'amministrazione comunale,,0536 29964,"Via Giardini, 3",Pavullo Nel Frignano,,,,,,,,,,,
Gold Art,Gioielleria,,338 910 8338,Via Orefice,Altavilla Irpina,,,,,,,,,,,
MAVI - Museo Antropologico Visivo Irpino,Museo,https://www.museomavi.it,0827 84482,"Via Tribuni, 61",Lacedonia,,info@museomavi.it,https,ASP.NET,Sì,IT.Gate S.p.A.,56,65,85.00,Sì,No
Galleria D'arte Faber Artis,Galleria d'arte,,320 278 4153,"Via del Centenario, 20",Battipaglia,,,,,,,,,,,
Museo Calabrese di Etnografia e Folklore Raffaele Corso,Museo,https://www.casadellaculturapalmi.it/museo-etnografico,0966 262250,"Via F. Battaglia, 1",Palmi,,,https,Shopify,Sì,Aruba S.p.A. Network,74,92,92.00,Sì,No
Comune di Altavilla Silentina,Ufficio dell'amministrazione comunale,,0828 983801,"Piazza Umberto I, 53",Altavilla Silentina,,,,,,,,,,,
Regoladarte,Negozio di quadri,http://www.regoladarte.biz,081 1950 4088,Via Santa Maria a Cubito,Giugliano in Campania,,,https,WordPress,No,Aruba S.p.A,91,98,92.00,Sì,Sì
Galleria 88,Negozio di strumenti musicali,,345 607 5617,"Corso Umberto I, 249",Marigliano,,,,,,,,,,,
Muzé - Spazio espositivo Arberia,Museo,http://www.instarugacalabria.com,379 268 1776,"Corso V. Emanuele, 189",Pallagorio,,instarugacalabria@gmail.com,https,Wix,Sì,Google LLC,67,88,100.00,Sì,No
Gallery Arte,Fotografo,,393 081 6848,"Via Piave, 19",Battipaglia,,,,,,,,,,,
Salvatore Federico Atelier,Galleria d'arte,,081 837 3061,"Via Capodimonte, 58",Anacapri,,,,,,,,,,,
Business Arte+,Pittura,,349 568 6344,Pinnacoteca Comunale,San Bartolomeo in Galdo,,,,,,,,,,,
Museo Civico della gente senza storia,Museo,,0825 991020,"Piazza IV Novembre, 15",Altavilla Irpina,,,,,,,,,,,
Bed and Breakfast Visioni mediterranee,Bed & Breakfast,,333 407 4108,"Via Torino, 34",Montepaone,,,,,,,,,,,
Asd centro studi arte danza,Scuola di danza,,334 789 4998,"Via Roma, 442",Bellizzi,,,,,,,,,,,
Polo delle Arti di Valeria Alfano,Gruppo di arti dello spettacolo,https://polodelleartidivaleriaalfano.it,349 380 2338,"Via Paolo Grisignano, 4",Salerno,,,https,WordPress,No,Netsons s.r.l.,98,100,91.00,Sì,No
Arte in Legno C&M,Falegnameria,,339 316 9113,"Via Corree di Sopra, 32",Marano di Napoli,,,,,,,,,,,
Palazzo delle Arti - Campania Contemporanea,Centro culturale,http://campaniacontemporanea.it,324 558 3137,"Via Francesco Giannini, 30",Capodrise,,,https,Joomla,No,Aruba S.p.A. Network,84,96,92.00,Sì,No
Museo Archeologico dell'Antica Allifae,Museo archeologico,https://cultura.gov.it/luogo/museo-archeologico-dell-antica-allifae,0823 787005,"Via Pietro d'Ascoli, 1",Alife,,drm-cam.alife@cultura.gov.it,https,Laravel,Sì,Vodafone Italia S.p.A.,44,61,83.00,Sì,No
PALAZZO LEMBO MERAVIGLIA ITALIANA,Museo,,0824 968066,Via Porta da Capo,Baselice,,,,,,,,,,,
Genea Antichità,Negozio di antiquariato,https://www.geneantichita.it,345 667 8239,"Via Generoso Andria, 9/11",Giffoni Valle Piana,,,https,WordPress,Sì,Google LLC,56,68,85.00,Sì,No
Artecreo Belle Arti Prodotti per artisti,Negozio di articoli per l'arte,http://www.artecreo.it,081 048 2745,"Via del Mare, 100/A",Marano di Napoli,,,https,React,Sì,Hetzner Online GmbH,45,80,92.00,Sì,No
Hostaria alla Corte dei Signori,Ristorante,,333 253 5994,"Contrada Triterno, 99",Cusano Mutri,,,,,,,,,,,
Arte Ottica,Ottico,,329 424 8018,"V. Campo La Scala, 46",Polla,,,,,,,,,,,
Museo F.R.A.C.,Organizzazione non profit,,089 828274,Via Convento,Baronissi,,,,,,,,,,,
Dalmolin,Galleria d'arte,https://www.dalmolinicone.it,+91 97657 65463,Via Vicenza,Altavilla Vicentina,,info@iconografiatavolelegno.it,http,React,No,Axera SpA,39,56,92.00,Sì,No
YellowKorner Napoli,Galleria d'arte,https://www.yellowkorner.com/it/galleries/napoli-IT1.html,081 1776 3076,"Largo Vasto a Chiaia, 81",Napoli,,napoli@yellowkorner.art,https,React,No,"Fastly, Inc.",47,68,92.00,Sì,No
L'Arte Del Gioiello Di Sara Mucci,Gioielleria,,327 249 9730,"Corso Giacomo Matteotti, 89",Calitri,,,,,,,,,,,
Colorscarzy,Galleria d'arte,http://www.declea.com,0825 667352,"Via Provinciale N°8, Via Aiello Cesinali",Aiello del Sabato,,,https,Shopify,No,"Cloudflare, Inc.",72,75,82.00,Sì,No
JP Market Amalfi - the art gallery,Galleria d'arte,https://jp-amalfi.com,329 371 8648,via Supportico Rua 22,Amalfi,,,https,Shopify,No,"Cloudflare, Inc.",57,96,100.00,Sì,No
Ceramica Arte,Negozio di ceramiche,https://www.ceramica-arte.it,393 137 8891,"Via S. Francesco, 13",Marigliano,,,http,WordPress,No,Aruba S.p.A. Network,66,94,92.00,Sì,No
Fabbrica D'Arte Monterosso,Negozio di ceramiche,https://www.fabbricadarte.com,338 366 6681,"Via Vittorio Emanuele, 27, Via Roma, 9",Monterosso al Mare,,,https,Shopify,No,Sconosciuto,48,39,92.00,Sì,No
Galleria Gagliardi,Galleria d'arte,http://www.galleriagagliardi.com,393 164 3615,"Via S. Giovanni, 57",San Gimignano,,,https,Shopify,Sì,genesys informatica srl,60,76,83.00,Sì,No
Antiquarium di Boscoreale,Sito archeologico,http://pompeiisites.org/boscoreale/antiquarium-boscoreale,081 536 8796,"Viale Villa Regina, 1",Boscoreale,,pompei.info@cultura.gov.it,https,Shopify,No,Olivetti,69,88,85.00,Sì,No
Castello Ducale di Bisaccia,Castello,http://www.museobisaccia.it/bisaccia.aspx,0827 89196,Via P. Colletta,Bisaccia,,,https,ASP.NET,No,Sconosciuto,69,99,82.00,Sì,No
Nous Art Gallery,Galleria d'arte,https://www.nousartgallery.it,345 158 1209,"Via Cellolese, 3/D",San Gimignano,,info@nousartgallery.it,https,Joomla,Sì,Aruba S.p.A. Network,39,41,92.00,Sì,No
Accademia dello Spettacolo e del Musical di Baronissi,Scuola d'arte drammatica,http://www.salalemuse.it,327 369 0298,"Via Sant'Andrea, 67",Baronissi,,info@salalemuse.it,https,WordPress,No,HOSTINGER DE,76,88,75.00,Sì,No
Hair Music Art,Salone da parrucchiere,,0827 181 0685,"Via Pittoli, 10",Calitri,,,,,,,,,,,
la nuova Cornice,Negozio di cornici,https://la-nuova-cornice-1.jimdosite.com,388 656 5331,"Via Aniello Palumbo, 150",Giugliano in Campania,,,,Jimdo,Non trovato,"Cloudflare, Inc.",74,95,92.00,Stato Non Determinato,No
Arte del Presepe - F.lli Sorrentino,Negozio di oggetti da collezione,https://www.artedelpresepe.it,081 859 3398,"Via Marra, 23",Boscoreale,,,https,WordPress,Sì,Contabo GmbH,68,83,100.00,Sì,No
La mia foto di Natale a Polla (Sa),Artista,https://www.giuseppecarrano.com/natale,347 674 9704,Piazza Gerardo Ritorto,Polla,,,https,Wix,No,Google LLC,56,61,100.00,Sì,No
"Izzo Piscine - Piscine laghetto, piscine biodesign, piscine fuori terra e interrate",Ditta specializzata in piscine,https://izzopiscine.it,081 859 4734,"Via Passanti Flocco, 305",Boscoreale,,,https,WordPress,Sì,IT.Gate S.p.A.,52,66,92.00,Sì,No
Agriturismo Casale Vitelli,Agriturismo,,329 147 4642,"Via Caiazzano, 244",Cusano Mutri,,,,,,,,,,,
Museo Emblema,Museo,http://www.museoemblema.com,081 827 4081,Via Vecchia Campitelli,Terzigno,,,https,WordPress,No,Aruba S.p.A.,73,77,92.00,Sì,No
Proloco Conca della Campania,Associazione / Organizzazione,http://www.prolococoncadellacampania.it,392 210 6542,"SNC, Via S. Nicola",Conca della Campania,,,https,Shopify,Sì,Netsons s.r.l.,56,57,92.00,Sì,No
Arte E Ferramenta Di Volpe Gerardino,Ferramenta,,0828 951474,"Contrada Rizzi, Snc",Buccino,,,,,,,,,,,
Mostra Permanente ISA,Museo d'arte,,0827 30007,Via A.M. Maffucci,Calitri,,,,,,,,,,,
Art Project Away Studio-Gallery,Galleria d'arte,,0824 177 5713,"Via Stanislao da Bologna, 7",Benevento,,,,,,,,,,,
Bel'Arti Galerie d'art,Galleria d'arte,https://www.bel-arti.com,+33 6 16 17 50 08,"Immeuble des remparts, Bd Wilson",Calvi,,,https,Duda,No,OVH SAS,,,,Sì,No
Museo MEdA - Museo Etnografico di Aquilonia Beniamino Tartaglia,Museo etnografico,https://www.museomeda.it,0827 83826,"Via Carbonara, 8",Aquilonia,,,https,ASP.NET,Sì,VHosting,65,76,92.00,Sì,No
Cam - Casoria Contemporary Art Museum,Museo d'arte,https://www.casoriacontemporaryartmuseum.com,333 297 2239,"Via Calore, 17",Casoria,,,https,WordPress,No,Server Plan S.r.l.,,,,Sì,No
Ciaravola Strumenti Musicali,Negozio di strumenti musicali,http://www.ciaravola.it,081 858 7851,"Vico Cirillo, 22",Boscoreale,,,https,PrestaShop,No,"Cloudflare, Inc.",40,41,92.00,Sì,No
Valestra Sonia,Negozio di ceramiche,,349 274 2324,"Corso Sant'Agata, 61l",Massa Lubrense,,,,,,,,,,,
Iacobetti Arckstone - Esposizione Boscotrecase,Negozio di piastrelle ceramiche,http://www.arckstone.it,081 858 5600,"Via Nazionale, 59",Boscotrecase,,,https,WordPress,Sì,Google LLC,60,76,100.00,Sì,No
Colori Camardelli,Negozio di articoli per la pittura,https://www.coloricamardelli.it,089 953236,"Via Ferreria, 61",Baronissi,,,https,React,No,Google LLC,67,89,83.00,Sì,No
Under the arch Art Gallery,Galleria d'arte,,338 464 9639,"Via Termine, 8/d",Sant'Agata sui Due Golfi,,,,,,,,,,,
Maneba Industries,Pub,,081 827 7505,"Via Sarno Rivolta, 206",Striano,,,,,,,,,,,
Galleria Civica d'Arte Contemporanea Franco Libertucci,Museo,,0874 841237,"Via de Gennaro Emilio, 83",Casacalenda,,,,,,,,,,,
Aerial Arts Studio,Centro di sport aerei,,366 501 7953,"Via Massimo Troisi, 38",Brusciano,,,,,,,,,,,
MAACK - Museo all'aperto d'arte contemporanea Kalenarte,Museo all'aperto,,371 465 2562,"De Gennaro, Via de Gennaro Emilio",Casacalenda,,,,,,,,,,,
Torre di Summonte,Castello,,0825 691126,Via Castello,Summonte,,,,,,,,,,,
Arte Orafa Sas Di Stanco F. & C.,Gioielleria,,0825 437230,"Piazza Municipio, 14",Sturno,,,,,,,,,,,
Parco Archeologico di Velia,Punto di riferimento storico,https://museopaestum.cultura.gov.it,0974 271016,Piazzale Amedeo Mauiri,Ascea,,,https,WordPress,No,Vodafone Italia S.p.A.,,,,Sì,No
Arte in Foto Telese,Fotografo per matrimoni,http://www.arteinfoto.eu,345 923 8310,"SS87, 169",Telese,,,https,WordPress,No,Aruba S.p.A.,,,,Sì,No
Sagra Della Castagna Di Summonte,Associazione / Organizzazione,,334 914 0644,"Via Borgonuovo, 93",Summonte,,,,,,,,,,,
Cinema Modernissimo,Cinema,http://www.cinemamodernissimotelese.it,0824 976106,"Via Giuseppe Garibaldi, 38",Telese,,,http,Weebly,Sì,"Weebly, Inc.",,,,Sì,No
Castello Marchionale,Castello,,331 789 4519,"Largo Duomo, 1",Taurasi,,,,,,,,,,,
#APIS+,Scuola d'arte,http://www.apispiu.com,0824 278076,"Via Torre della Catena, 64",Benevento,,apispiusrl@pec.it,https,Shopify,Sì,Seeweb srl,,,,Sì,No
Pro Loco Capracotta,Centro informazioni turistiche,,0865 194 5775,"Piazza Stanislao Falconi, 8",Capracotta,,,,,,,,,,,
Centro Estetico Beauty Art,Centro estetico,,0974 972910,"Viale del Sole, 13",Marina di Ascea,,,,,,,,,,,
Cantieri Musicali,Bar con musica dal vivo,,340 896 6965,"Via Circonvallazione di Sinistra, 56",Aquilonia,,,,,,,,,,,
Casa d'Aste Vincent,Galleria d'arte,http://www.vincentgalleria.it,081 372 3315,"Via Tito Angelini, 29",Napoli,,informazioni@vincentgalleria.it,https,ASP.NET,No,Aruba S.p.A.,,,,Sì,No
ArteKaté,Artista,,081 884 6059,"Via Principe di Piemonte, 170",Pomigliano d'Arco,,,,,,,,,,,
Galleria D'arte Benedetta Farneti,Galleria d'arte,,0543 30337,"Via degli Orgogliosi, 43350",Forlì,,,,,,,,,,,
Nolo Sci Carnevale Capracotta,Noleggio sci,http://www.noloscicapracotta.it,338 704 0720,Loc. Prato Gentile,Capracotta,,info@noloscicapracotta.it,http,WordPress,No,Aruba S.p.A. Network,,,,Sì,No
Romano Carlo,Negozio di cornici,,0823 825624,"V.le Europa, 24",Capodrise,,,,,,,,,,,
Spot home gallery,Galleria d'arte,http://www.spothomegallery.com,081 922 8816,"Via Toledo, 66",Napoli,,info@spothomegallery.com,https,WordPress,No,Netsons Network,,,,Sì,No
Palazzo Miozzi,Museo d'arte,,0874 732712,"Via Monte di Dio, 74",Bonefro,,,,,,,,,,,
MARCIANO ARTE Galleria,Galleria d'arte,https://www.marcianoarte.com,081 485756,"Corso Giuseppe Garibaldi, 95",Portici,,,https,WordPress,Sì,Aruba S.p.A.,,,,Sì,No
Piazza San Giovanni XXIII,Attrazione turistica,,0975 61142,Strada Provinciale 54 di Cafarlocchia,Viggiano,,,,,,,,,,,
Artemania Ceramiche artistiche,Negozio di artigianato tipico,,347 264 0513,"Via Margherita di Savoia, 44",Viggiano,,,,,,,,,,,
Teatro-Cinema Italo Argentino,Teatro,,0865 779030,"Corso Vittorio Emanuele, 69",Agnone,,,,,,,,,,,
Galleria G. Marotta - Aratro Università del Molise,Museo di arte moderna,,333 153 0974,"via De Sanctis, snc",Campobasso,,,,,,,,,,,
Romano Luca,Negozio di cornici,,393 149 5327,"Via Ercole Cantone, 102",Pomigliano d'Arco,,,,,,,,,,,
Teatro Cinema Gloria,Cinema,,338 352 0436,"Via Carlo Poerio, 3",Pomigliano d'Arco,,,,,,,,,,,
Generoso De Biase - Fotografo Freelance Avellino,Fotografo per matrimoni,http://www.generosodebiase.it,320 726 3342,SP5,Santa Lucia di Serino,,,https,WordPress,No,Aruba S.p.A.,75,97,92.00,Sì,No
OBJETS ART GALLERY,Negozio di mobili antichi,,349 735 7251,"Via Lepanto, 97",Pompei,,,,,,,,,,,
The ART Studio,Scuola di danza,,389 945 1917,"Via Lequile, 6",Lecce,,,,,,,,,,,
F.A.IDEAL ART srl,Falegnameria,,0975 61123,"Via Aldo Moro, 39",Viggiano,,,,,,,,,,,
Atelier Verrilli,Galleria d'arte,,333 921 1909,"Via Montecarlo, 7",Termoli,,,,,,,,,,,
La Torre,Cartoleria,,081 835 4672,Piazza Trieste e Trento,Crispano,,,,,,,,,,,
Museo della memoria contadina molisana,Museo,https://www.storienogastronomiche.it/lunicita-del-museo-della-memoria-contadina-casalciprano-molise,331 539 6595,"Via Roma, 34",Casalciprano,,,https,WordPress,No,"Cloudflare, Inc.",,,,Sì,No
La Graffetta,Cartoleria,,0874 191 8153,"Piazza Municipio, 25",Bonefro,,,,,,,,,,,
Officina d'arte,Casalinghi,,081 850 8436,"Via Lepanto, 23",Pompei,,,,,,,,,,,
Ori e orazioni. Galleria civica di Armento,Museo d'arte,,0971 751271,"Piazza Umberto 1', 18",Armento,,,,,,,,,,,
Parco Archeologico di Paestum,Museo archeologico,https://museopaestum.cultura.gov.it,0828 811023,"Via Magna Graecia, 919",Capaccio Paestum,,,https,WordPress,No,Vodafone Italia S.p.A.,48,54,77.00,Sì,No
Giardino della Flora Appenninica,Attrazione turistica,http://www.giardinocapracotta.unimol.it,333 240 5386,"Capracotta, SP84 dir",Capracotta,,giardinocapracotta@unimol.it,https,WordPress,No,Oracle Corporation,,,,Sì,No
ART.IN.PASS. S.R.L.,Negozio di zanzariere,http://www.artinpass.it,081 824 8312,"Via Trivice D'Ossa, 23",Camposano,,,http,Shopify,No,Aruba S.p.A. Network,57,60,100.00,Sì,No
Arte Ceramica Paestum,Centro d'arte,,339 182 9853,"Via Procuzzi, 44",Capaccio,,,,,,,,,,,
"Il Papiro cornici, falegnameria, restauro ligneo.",Negozio di arredamento rustico,http://bottegailpapiro.it,333 210 0023,"Corso Vittorio Emanuele, 16",Agnone,,,https,Shopify,Sì,"Cloudflare, Inc.",77,95,92.00,Sì,No
Mostra D'Arte Temporanea aperta fino al 6 settembre 2023,Artista,,349 619 7226,"Via Liguria, 12",Campora San Giovanni,,,,,,,,,,,
Cultura Immersiva,Museo,http://www.culturaimmersiva.it,329 289 0532,"Via Armando Diaz, 19",Pompei,,,https,WordPress,No,Aruba S.p.A. Network,64,85,85.00,Sì,No
MARC Musei Arte Cerreto,Museo d'arte,,347 854 8468,"Via Medaglie D'oro, 82032",Cerreto Sannita,,,,,,,,,,,
Pontificia Fonderia di Campane Marinelli,Fonderia,https://campanemarinelli.com,0865 78235,"Via Felice D'Onofrio, 14",Agnone,,,https,Shopify,No,Made Network Srl,56,91,100.00,Sì,No
Museo Civico Giuseppe Barone,Museo,https://www.museodibaranello.it,0874 460406,"Via Santa Maria, 13",Baranello,,,https,WordPress,Sì,Aruba S.p.A.,59,72,100.00,Sì,No
Walter De Lucia Fotografo,Fotografo,,0823 801246,"Via Polvica, 21",San Felice a Cancello,,,,,,,,,,,
"Studio Foto, Grafica e Stampa GieR",Fotografo,,0823 801398,"Via XXI Giugno, 49",San Felice a Cancello,,,,,,,,,,,
Castello Ruspoli e Dimore Candriano,Ristorante,http://www.castelloruspoli.it,0827 44307,"Via Camillo Ruspoli, 6",Torella dei Lombardi,,,https,WordPress,No,HOSTINGER DE,23,50,85.00,Sì,No
La Cornice Di Angellotto Antonio,Negozio di cornici,,081 850 2553,"Via Provinciale Ripuaria, 33",Pompei,,,,,,,,,,,
Michelangelo Orza Arte Gallery,Galleria d'arte,https://www.bottegamichelangelo.it,392 305 2991,"Via Giacomo Matteotti, 62",Sarno,,,https,WordPress,Sì,Aruba S.p.A.,44,86,100.00,Sì,No
Idee d'Arte Positano,Galleria d'arte,https://ideedartepositano.com,089 875461,"Viale Pasitea, 76",Positano,,,https,React,No,Google-Cloud,68,65,100.00,Sì,No
Museo ArCoS - Museo di Arte Contemporanea del Sannio,Museo d'arte,https://retemuseale.provincia.benevento.it,0824 312465,Corso Garibaldi,Benevento,,,https,WordPress,Sì,Fastweb SpA,44,52,92.00,Sì,No
Castello Pandone di Prata Sannita,Castello,http://www.castellopratasannita.com,0823 941080,"Via Castello, 6",Prata Sannita,,info@castellopratasannita.com,https,WordPress,No,Aruba S.p.A.,43,63,85.00,Sì,No
Andrea Serra scultore designer,Scultura,http://www.andreaserrasculptor.com,347 287 5256,"Via Capo, 71",Cutrofiano,,,https,WordPress,No,Netsons Network,64,91,92.00,Sì,No
Incanti d'arte di Marilena Palomba,Galleria d'arte,,340 367 4161,"Via Nolana, 118",Pompei,,,,,,,,,,,
Casa del Bicentenario,Museo,,081 857 5347,Via dei Papiri Ercolanesi,Ercolano,,,,,,,,,,,
Galleria Sarno Casa D'aste srl,Casa d'aste,http://www.galleriasarno.it,091 581848,"Via E. Amari, 148",Palermo,,info.galleriasarno1906@gmail.com,https,ASP.NET,No,Aruba S.p.A.,55,80,75.00,Sì,No
Galleria Vintage di Emanuele Formisano ( dettaglio e ingrosso ),Negozio di abbigliamento vintage,,342 313 8711,"Via Pugliano, 144",Ercolano,,,,,,,,,,,
Studio D'Arte Fotografico Di Mario Iennaco,Fotografo,,347 477 7431,"Corso Vittorio Emanuele, 119",Pratola Serra,,,,,,,,,,,
Museo Archeologico Nazionale di Pontecagnano,Museo archeologico,https://cultura.gov.it/luogo/museo-archeologico-nazionale-di-pontecagnano-e-parco-archeologico-di-pontecagnano,089 848181,"Via Lucania, 55/29 km",Pontecagnano Faiano,,drm-cam.pontecagnano@cultura.gov.it,https,ASP.NET,Sì,Vodafone Italia S.p.A.,46,55,83.00,Sì,No
Giardino ARCI Somma Vesuviana,Giardino pubblico,http://www.arci.it,339 261 7675,Via Campane,Somma Vesuviana,,,https,ASP.NET,Sì,"DigitalOcean, LLC",65,33,100.00,Sì,No
Teresa Capasso,Artista,http://teresaxcapasso.com,347 011 5363,"Via Botteghe, 15",Somma Vesuviana,,,https,WordPress,No,Aruba S.p.A.,74,91,92.00,Sì,No
D'Elia Franco,Tabaccheria,,0874 791207,"Via Roma, 103",Cercemaggiore,,,,,,,,,,,
Palazzo Cardarelli,Sito storico,,0865 830112,Via Vittorio Emanuele,Civitanova del Sannio,,,,,,,,,,,
Gioielleria Maria Antonietta Testa,Gioielleria,,0874 799846,"Via Roma, 169",Cercemaggiore,,,,,,,,,,,
Wood Art di Francesca Di Falco,Negozi di artigianato,,0874 196 0014,"Strada Orefici, 15",Campobasso,,,,,,,,,,,
LC Contemporary Art,Galleria d'arte,,335 800 3552,"Str. per Castel Negrino e Commenda, 7",Commenda-castel Negrino,,,,,,,,,,,
MACTE - Museo di Arte Contemporanea di Termoli,Museo di arte moderna,http://www.fondazionemacte.com,0875 808025,Via Giappone,Termoli,,,https,Shopify,No,"Akamai Technologies, Inc.",64,85,73.00,Sì,No
Maison Valery,Location per matrimoni,,333 314 7188,Strada Provinciale 107 II,Pontelatone,,,,,,,,,,,
Fondazione Teatro Città di Mercato San Severino,Teatro,,089 202 7144,"Via Trieste, 48",Mercato San Severino,,,,,,,,,,,
Castello di Faicchio,Location per matrimoni,http://www.castellodifaicchio.it,388 587 7900,"Via Roma, 10",Faicchio,,,https,Shopify,No,IONOS SE,0,94,83.00,Sì,No
Marea Art Project,Centro d'arte,https://mareartproject.com,350 047 0811,"Via Capo Vettica, n° 20",Praiano,,,https,React,No,Aruba S.p.A.,60,79,92.00,Sì,No
Arte Legno Snc Dei Fratelli Giovanni E Mario Cembrola,Falegnameria,,0824 814221,"Via Iacovelli Massa, Faicchio, BN 82030",Faicchio,,,,,,,,,,,
Museo Contadino Michele Russo,Museo,http://www.museocontadino.com,081 531 8496,"Via Santa Maria del Pozzo, 1",Somma Vesuviana,,segreteria@museocontadino.com,http,Joomla,No,Aruba S.p.A. Network,56,74,92.00,Sì,No
Art Gallery Resine Pavimenti e Piscine,Studio di architettura di interni,,334 343 7105,"Via Flotard de Lauzieres, 28",San Giorgio a Cremano,,,,,,,,,,,
Galleria d'arte moderna Enrico De Cillia,Museo d'arte,https://www.carniamusei.org/it/scopri-i-musei-9495/area-artistica-9500/galleria-darte-moderna-enrico-de-cillia-treppo-ligosullo-9525,0433 777023,"Via Giacomo Matteotti, 13",Treppo Ligosullo,,,https,Angular,No,"Amazon.com, Inc.",60,88,80.00,Sì,No
Fonte del Benessere Resort,Albergo benessere,https://castelpetroso.fontedelbenessereresort.it/it,0865 936258,"Via Santuario, 21",Castelpetroso,,,https,PrestaShop,Sì,Serverplan s.r.l.,72,99,92.00,Sì,No
Basilica Santuario di Maria Santissima Addolorata,Basilica,http://www.santuarioaddolorata.it,0865 936110,"Via Santuario, 24",Castelpetroso,,,https,Shopify,Sì,Aruba S.p.A.,66,87,92.00,Sì,No
Visite Guidate Pompei,Agenzia viaggi,https://www.visiteguidatepompei.com,335 785 1710,Piazza Esedra,Pompei,,visiteguidatepompei@gmail.com,https,React,No,Aruba S.p.A.,59,86,100.00,Sì,No
Arte e Farina,Pizzeria,https://www.arteefarinasparanise.it,389 669 3030,"Via Abate Roffredo, 20",Sparanise,,info@arteefarinasparanise.it,,Joomla,No,Aruba S.p.A. Network,64,82,92.00,Sì,No
Galleria d'arte FABER,Galleria d'arte,https://galleriadartefaber.com,06 6880 8624,"Via dei Banchi Vecchi, 31",Roma,,info@galleriadartefaber.com,https,WordPress,No,Xserver Inc.,50,76,100.00,Sì,No
Blue Art Academy,Scuola d'arte,http://www.blueartacademy.it,351 820 2420,"Via Palmiro Togliatti, 19",San Giorgio a Cremano,,blueartacademy.info@gmail.com,https,WordPress,Sì,Google LLC,77,95,100.00,Sì,No
Arte Studio,Negozio di quadri,,0874 481223,"Via Giuseppe Zurlo, 22",Campobasso,,,,,,,,,,,
i Bordi dell'Arte,Negozio di cornici,,345 700 1358,"Via Raffaele Capriglione, 20",Campobasso,,,,,,,,,,,
Le Fonticelle,Riserva naturale,,389 161 8893,"Via Filangieri, 28",Frosolone,,,,,,,,,,,
Pontelandolfo 1861 - Infopoint,Museo del patrimonio culturale,http://pontelandolfo1861.it,0824 851844,"Via Dr. Giovanni Fusco, 16",Pontelandolfo,,,https,WordPress,No,Serverplan S.r.l.,70,95,77.00,Sì,No
IS CARAVAGGIO,Scuola secondaria,,081 528 6787,Via Poggiomarino,San Gennaro Vesuviano,,,,,,,,,,,
STUDIO TRISORIO,Galleria d'arte,http://www.studiotrisorio.com,081 414306,"Riviera di Chiaia, 215",Napoli,,info@studiotrisorio.com,https,Squarespace,No,"Squarespace, Inc.",43,64,92.00,Sì,No
La Terrazza,Ristorante,,0825 24243,"Via Partenio, 48",Mercogliano,,,,,,,,,,,
Artisti Associati Agora' Dei Maestri C. Formisano E M. Antonucci,Scuola di musica,,0974 75210,"Via Stefano Passero, 2",Vallo della Lucania,,,,,,,,,,,
Comune di Colletorto,Municipio,,0874 73121,"Largo G. Verdi, 8",Colletorto,,,,,,,,,,,
Artemanu Eventi,Impresa di organizzazione di eventi,http://www.artemanueventi.it,081 899 2630,"Via Roma, 7",Somma Vesuviana,,,http,WordPress,No,Aruba S.p.A.,61,68,85.00,Sì,No
Antonio Della Porta - Cotto ricostituito - Artista del TRATTURO,Artista,https://artedelcottorsite.wordpress.com,339 273 3338,"TRATTURO CORTILE/MATESE, Via Giuseppe Barbato, 6",Campobasso,,,https,WordPress,No,"Automattic, Inc",73,93,100.00,Sì,No
La Bottega dell'Arte,Negozio di articoli per l'arte,,0823 201022,"Via Forche Caudine, 42",Maddaloni,,,,,,,,,,,
Di Giacomo Fortunata Il Telaio,Negozio,,0974 75538,"P.za Vittorio Emanuele II, 56",Vallo della Lucania,,,,,,,,,,,
STUDIO MEDICO PEDANA,Studio medico,,347 563 5230,"Via Vittorio Emanuele III', 212",Villa Literno,,,,,,,,,,,
Associazione Pro Loco Felitto,Centro informazioni turistiche,http://www.prolocofelitto.it,0828 945649,Via Roma,Felitto,,info@prolocofelitto.it,https,WordPress,No,Hetzner Online GmbH,55,65,92.00,Sì,No
Museo dei Ferri Taglienti,Museo dell'artigianato,,338 738 3617,Via Giuseppe Mazzini,Frosolone,,,,,,,,,,,
La Galleria dell'Olfatto,Profumeria,https://lagalleriadellolfatto.com,081 057 3600,"Via Ferrovia, 46",San Gennaro Vesuviano,,,https,Shopify,No,"Cloudflare, Inc.",74,89,92.00,Sì,No
Arte Atratti,Designer d'interni,,348 811 4166,"Via Armando Diaz, 109",San Giuseppe,,,,,,,,,,,
Fiera del Bagagliaio,Mercato,http://www.fieradelbagagliaio.com,342 033 1668,Piazza Tiglio,Melizzano,,fieradelbagagliaio@gmail.com,https,Squarespace,Non trovato,"Squarespace, Inc.",46,63,100.00,Sì,No
Art FOTO,Studio fotografico,,328 954 3490,"Via V.Veneto, 43",Villa Literno,,,,,,,,,,,
Antichi Sapori,Ristorante,,366 426 9536,"Via Bell'Alba, 30",Vico Equense,,,,,,,,,,,
Museo MIRA - Museo Irpino Radici Aumentate M.I.R.A.,Museo,,393 716 1478,"Via Antonio de Curtis, 40",Mercogliano,,,,,,,,,,,
Santuario di Montevergine,Santuario,https://www.santuariodimontevergine.it,0825 72924,Via Santuario,Mercogliano,,info@santuariodimontevergine.com,https,WordPress,No,IONOS SE,60,85,92.00,Sì,No
Lo scultore dei gatti,Artista,,328 342 0775,"Galleria d’arte Maide, Piazzetta Gabriele Riccardi",Lecce,,,,,,,,,,,
Nabis Capri Galleria D'Arte,Negozio di antiquariato,https://www.nabiscapri.com,393 820 7446,"Via Sella Orta, 10A",Capri,,info@nabiscapri.com,https,React,Sì,Aruba S.p.A. Network,68,89,92.00,Sì,No
Amira aps,Associazione artistica,,338 821 7328,"Via S. Felice, 16",Nola,,,,,,,,,,,
Raffaele Celentano - Photo & Gallery,Compravendita di opere d'arte,http://www.raffaelecelentano.com,344 083 8503,"Via S. Nicola, 21",Sorrento,,,https,React,No,"Cloudflare, Inc.",72,93,100.00,Sì,No
Arte Ceramica Sagnella - Show Room,Negozio di ceramiche,,328 866 5495,"Via Serre, 12",San Donato,,,,,,,,,,,
Sergio Buonocore,Artista,http://sergiobuonocore.it,339 685 1418,Via S. Salvatore,Vico Equense,,info@sergiobuonocore.it,https,WordPress,No,Aruba S.p.A.,53,69,100.00,Sì,No
Old Wild West - Mercogliano Movieplex,Steakhouse,http://www.oldwildwest.it/Home,0825 787548,"Multiplex Movieplex, Via Nicola Santangelo",Mercogliano,,,https,Angular,No,Microsoft Corporation,37,56,92.00,Sì,No
Venturini Gian Marco creazioni artistiche,Artista,,339 839 7655,"Via Nicola Giustiniani, 22",San Lorenzello,,,,,,,,,,,
Art & Breakfast B&B,Bed & Breakfast,http://www.artandbreakfast.it,377 954 6955,"Corso Vittorio Emanuele, 50",Ripabottoni,,karin@artandbreakfast.it,https,WordPress,No,One.com A/S,61,71,92.00,Sì,No
Coltelleria Artigianale - Rocco Petrunti,Produttore di coltelli,https://www.roccopetrunti.it,0874 890660,"Via Giovanni Antonio Colozza, 13",Frosolone,,info@roccopetrunti.it,https,React,Sì,Server Plan S.r.l.,57,88,100.00,Sì,No
Master Art,Ufficio aziendale,,0974 66218,"Via Santa Maria di Loreto, 49/51",Vallo della Lucania,,,,,,,,,,,
L'Arte della Cornice di Pinchera Elia,Negozio di cornici,https://galleriadarte.net,338 338 0243,"Corso Tommaso Vitale, 11",Nola,,info@galleriadarte.net,https,Joomla,No,Server Plan S.r.l.,61,87,85.00,Sì,No
Antiquario Silvia Franchini - Antiquariato Vintage del 900,Negozio di antiquariato,http://www.silviafranchini.it,347 072 0974,"Via Vittorio Emanuele II, 24",Lecce,,68silviafranchini@gmail.com,http,Joomla,Sì,Aruba S.p.A.,51,65,92.00,Sì,No
Museo delle Acque,Museo,http://www.visitcaposele.it,0827 188 6240,Piazza Sanità,Caposele,,,http,WordPress,No,HOSTINGER DE,47,47,92.00,Sì,No
San Lorenzo Arte,Galleria d'arte,https://www.galleriasanlorenzoarte.it,328 112 6628,"Piazza Jacopo Bordoni, 4",Poppi,,,https,Webflow,No,Aruba S.p.A. Network,46,88,100.00,Sì,No
Palazzo Vecchio,Punto d'interesse culturale,,347 600 3594,"Corso Umberto I, 81",Vibonati,,,,,,,,,,,
Antares Cornici e Belle Arti,Negozio di cornici,,0832 523448,"Via G. Oberdan, 101",Lecce,,,,,,,,,,,
L'Arte Dei Fiori Di Ilde Salvatore Larino,Fiorista,,348 530 1482,"Viale Giulio Cesare, 49",Larino,,,,,,,,,,,
Istituto Comprensivo Statale Raimondi Guarini,Scuola pubblica,http://www.icmirabellaeclano.it,0825 447061,"Piazza Scuola, 14",Mirabella Eclano,,avic87000c@istruzione.it,https,React,Sì,Amazon Technologies Inc.,77,99,92.00,Sì,No
Museo Arti Feminili,Museo d'arte,http://museoartifemminili.com,0974 82240,"Via Giuseppe Scarpa de Masellis, 6",Vallo della Lucania,,,http,WordPress,No,Register.IT S.p.A,95,100,83.00,Sì,No
Teatro Cinema Risorgimento,Teatro,,327 956 6623,Largo Garibaldi,Larino,,,,,,,,,,,
AEQUA #cineteatrospazioarte,Cinema,http://www.aequa.it,081 1932 7097,"Corso Filangieri, 101",Vico Equense,,,https,Joomla,Sì,SEEWEB s.r.l.,82,97,92.00,Sì,No
OPERA Laboratorio Arte Danza,Scuola di danza classica,,345 491 5299,"Via Agostino Stellato, 112",San Prisco,,,,,,,,,,,
Chiesa madre di Santa Maria Maggiore,Chiesa cattolica,http://www.diocesiavellino.it/parrocchia-s-maria-maggiore,0825 447078,"Via Eclano, 49",Mirabella Eclano,,andrea.gisi@hotmail.com,https,Joomla,No,IDS & UNITELM SRL,67,88,85.00,Sì,No
Il Carro - Centro Commerciale,Centro commerciale,https://www.ilcarro.net,0825 449671,Via San Michele,Mirabella Eclano,,info@ilcarro.net,https,Joomla,Sì,Host SpA,56,56,92.00,Sì,No
Bottega N.Giustiniani,Negozio di ceramiche,http://www.bottegagiustiniani.it,0824 861700,"Via San Donato, 20",San Lorenzello,,info@bottegagiustiniani.it,https,WordPress,No,Aruba S.p.A. Network,46,73,85.00,Sì,No
Mirkò Home Gallery,Artista,http://www.mirkoart.it,339 466 4585,"Corso Umberto Iᵒ, 41",Vietri sul Mare,,,https,WordPress,No,Aruba S.p.A. Network,67,85,92.00,Sì,No
Museo Civico - Mosaici di Larinum,Museo,,0874 828202,"Piazza Duomo, 44",Larino,,,,,,,,,,,
Fashion & Art,Parrucchiere,,0974 272310,"Via Generale de Stefano, 8",Ogliastro Cilento,,,,,,,,,,,
Lucio Ronca Art Gallery,Galleria d'arte,,089 995 4719,"Corso Umberto Iᵒ, 89",Vietri sul Mare,,,,,,,,,,,
daelan cartoleria,Produttore di articoli di cartoleria,,333 363 2505,"Trav. II Via S. Marco, 12",Olevano sul Tusciano,,,,,,,,,,,
Ceramica Artistica Falcone,Negozio di ceramiche,,089 212415,"Corso Umberto Iᵒ, 140",Vietri sul Mare,,,,,,,,,,,
Villa Zappone,Museo archeologico,,0874 4271,Via Giuseppe Mazzini,Larino,,,,,,,,,,,
Via Roma - Unisex Hairstyle di Elena Cornea,Salone da parrucchiere,,320 292 9901,"Via Roma, 11",Guglionesi,,,,,,,,,,,
Big Cornici S.R.L.,Negozio di cornici,https://www.bigcornici.com,0874 820006,SS 87 km. 207 +500 (Contrada Piana Di,Larino,,info@bigcornici.com,https,Joomla,No,Aruba S.p.A.,43,67,92.00,Sì,No
Arte e Fiori di Silvana Bosco,Fiorista,,349 780 8759,"Via Claudio Ogier, 11",Nusco,,,,,,,,,,,
Museo archeologico di Calatia,Museo archeologico,https://reggiadicaserta.cultura.gov.it/scopri-il-complesso/museo-archeologico-di-calatia,0823 200065,"Via Caudina, 353",Maddaloni,,re-ce@cultura.gov.it,https,Angular,Sì,OVH ISP,41,68,92.00,Sì,No
Sagra della Castagna e del Fungo Porcino di Roccamonfina,Festival,https://www.roccamonfina.net/tag/sagra-della-castagna,0823 677202,Piazza Nicola Amore,Roccamonfina,,,https,WordPress,No,SEEWEB s.r.l.,69,68,92.00,Sì,No
Sol'Art Ceramiche,Negozio di ceramiche,https://www.solartceramiche.com,089 209 6274,"Corso Umberto Iᵒ, 74",Vietri sul Mare,,info@solartceramiche.com,https,ASP.NET,No,Aruba S.p.A. Network,33,26,100.00,Sì,No
Teatro Cinema Fulvio,Teatro,,0875 680068,"Via Pastrengo, 9",Guglionesi,,,,,,,,,,,
Galleria Scoglio di Quarto,Galleria d'arte,http://www.galleriascogliodiquarto.com,02 5831 7556,"Via Scoglio di Quarto, 4",Milano,,dpo@wordpress.org,https,React,Sì,GENESYS,76,89,91.00,Sì,No
Ars Idea Studio,Negozio di computer,http://www.arsideastudio.com,0875 681040,"Corso Conte di Torino, 15",Guglionesi,,,https,ASP.NET,No,Aruba S.p.A. Network,76,100,82.00,Sì,No
Ceramica vietri art,Negozio di ceramiche,https://www.ceramicavietriart.it,348 919 3681,"Corso Umberto Iᵒ, 146",Vietri sul Mare,,,https,WordPress,No,Aruba S.p.A.,20,53,85.00,Sì,No
Comune di Guglionesi,Ufficio dell'amministrazione comunale,,0875 689010,"Via Giandomenico de Sanctis, 55",Guglionesi,,,,,,,,,,,
GEI Colors,Negozio di articoli per la pittura,http://www.geicolors.com,0823 843420,"Via Agostino Stellato, 232",San Prisco,,info@geicolors.com,https,WordPress,No,Server Plan S.r.l.,61,87,92.00,Sì,No
Adeleceramica,Negozio di ceramiche,http://www.adeleceramica.it,328 876 7466,"Via S. Marco, 16",Olevano sul tusciano,,adeleceramica@gmail.com,http,WordPress,No,SEEWEB s.r.l.,61,75,92.00,Sì,No
Carnevale di Larino,Museo all'aperto,https://www.carnevaledilarino.com,347 090 4545,Via F. Jovine,Larino,,associazionelarinella@gmail.com,https,WordPress,Sì,Aruba S.p.A.,59,86,85.00,Sì,No
Museo Degli Orologi Da Torre,Museo,,0824 984009,"3,, Via Rovagnera, 1",San Marco dei Cavoti,,,,,,,,,,,
Museo di Comunità della Festa del Grano - MUFEG,Museo,http://www.mufeg.it,328 952 3834,C/da Convento,Jelsi,,direttore@mufeg.it,https,WordPress,No,Server Plan S.r.l.,52,48,85.00,Sì,No
Chiesa Madre Di Santa Croce,Chiesa cattolica,,347 555 9712,"Via Valitutto Vincenzo, 19",Palomonte,,,,,,,,,,,
Gioielleria D'urbano,Gioielleria,https://www.gioielleriadurbano.it,0875 631077,"Vle Margherita, 109/111",Guglionesi,,info@gioielleriadurbano.it,https,Laravel,Sì,OVH SAS,59,79,92.00,Sì,No
Galleria D'Arte La Nuova Forma di Patrizia Testa,Galleria d'arte,https://www.lanuovaforma.it,329 291 5145,"Via Floraspe Renzetti, Via O. Bocache, 6",Lanciano,,info@lanuovaforma.it,https,Shopify,Sì,Aruba S.p.A.,55,81,85.00,Sì,No
Galleria Comunale d'Arte Contemporanea,Museo,,0575 448006,Via Martiri di Civitella,Civitella In Val di Chiana,,,,,,,,,,,
L'Archè,Negozio di antiquariato,http://www.anticoarche.it,320 285 9875,"Via Nazionale, 160",Passo di Mirabella-pianopantano,,lpali@libero.it,https,WordPress,Sì,Keliweb S.R.L,55,61,92.00,Sì,No
Agriturismo La Campetella,Agriturismo,,0974 271202,"Via Campetelle, 12",Moio della Civitella,,,,,,,,,,,
Arteparole,Galleria d'arte,,349 327 4222,"Via Albizzi, 11",Cesena,,,,,,,,,,,
Comune di Palomonte,Municipio,http://www.comunepalomonte.sa.it,0828 994089,"Via A. Massa, 1",Palomonte,,,https,Joomla,No,Aruba S.p.A.,50,94,83.00,Sì,No
Marina Mongillo Creative Designer,Web designer,http://www.marinamongillo.com,329 384 3283,"Contrada Cese S. Manno, I, 32",Puglianello,,,https,React,Sì,Server Plan S.r.l.,56,73,92.00,Sì,No
Galleria Losano Associazione Arte e Cultura,Galleria d'arte,http://www.gallerialosano.it,0121 74059,"Via Savoia, 33",Pinerolo,,gallerialosano@libero.it,https,WordPress,No,GENESYS,0,0,0.00,Sì,No
Studio di Architettura & Interior Design - Architetto Eliseo Casciano,Progettista edile,"http://www.stilecountryclassico.it/,%20http://www.deforma.it",338 690 2364,"Via Roma, 2",Palomonte,,,,WordPress,Non trovato,Aruba S.p.A. Network,63,84,50.00,No - Pagina Non Trovata (404),No
Comune di Pago del Vallo di Lauro,Municipio,,081 825 0372,"Via Roma, 29",Pago del Vallo di Lauro,,,,,,,,,,,
Museo dei Parati Sacri,Museo,,0827 63064,"Piazza Mercato, 1",Montemarano,,,,,,,,,,,
Comune di San Mango sul Calore,Municipio,,0827 75358,"Via Cesare Battisti, 2",San Mango Sul Calore,,,,,,,,,,,
Studio Fotografico Landolfi,Negozio di articoli per la fotografia,https://www.fotolandolfi.it,0824 928174,Via I Carpine,Paduli,,,https,Shopify,Sì,IT.Gate S.p.A.,74,97,100.00,Sì,No
Istituzione Fondazione Bevilacqua la Masa - Galleria di Piazza San Marco,Galleria d'arte,http://www.bevilacqualamasa.it,041 274 7555,"P.za San Marco, 71/C",Venezia,,,http,Angular,Sì,Sconosciuto,44,41,75.00,Sì,No
Sist'Art Gallery,Galleria d'arte,https://sistart.org,041 564 6625,"P.za San Marco, 135",Venezia,,gallery@sistart.org,https,Shopify,Sì,Hetzner Online GmbH,63,80,83.00,Sì,No
Galleria d'arte Enrico Paoli,Galleria d'arte,http://www.galleriapaoli.com,388 166 3323,"V.le della Repubblica, 35",Prato,,info@galleriapaoli.com,https,WordPress,Sì,Netsons s.r.l.,64,75,100.00,Sì,No
La Graffetta Cartolibreria,Cartoleria,,377 350 4841,"Via Biagio Guarnaccio, 1",Rapolla,,,,,,,,,,,
Cornici Perrotta - L'artigiano,Negozio di articoli da regalo,,347 407 0272,"Via Trento, 56",Salerno,,,,,,,,,,,
Dorömèa,Galleria d'arte,,0823 911970,"Viale dei Pioppi, 78",Piedimonte Matese,,,,,,,,,,,
Pizzeria Villano,Pizzeria,,081 931269,Via Roma,Roccapiemonte,,,,,,,,,,,
Ufficio Postale Poste Italiane,Ufficio postale,,081 931314,"Via Immacolata, 24",Roccapiemonte,,,,,,,,,,,
Alto Fragile art & store design,Galleria d'arte,,089 318 0681,"Via Giacomo Matteotti, 7",Coperchia,,,,,,,,,,,
360° Arts Studio Fotografico Campi,Fotografo per matrimoni,http://www.360arts.it,0823 987167,"Via S. Leonardo, 50",Pietramelara,,,http,ASP.NET,No,Aruba S.p.A. Network,98,99,80.00,Sì,No
Pro Loco Rocchetta e Croce,Associazione,,329 704 7637,Via Giuseppe Mazzini,Rocchetta E Croce,,,,,,,,,,,
Pinacoteca Massimo Rao,Museo,http://massimorao.it,0824 948820,"Via Sant'Angelo, 20",San Salvatore Telesino,,info@massimorao.it,https,WordPress,Sì,Netsons s.r.l.,61,90,92.00,Sì,No
Alessandro Iermano Fotografo,Fotografo per matrimoni,http://alessandroiermano.com,320 163 2642,"Via Campitiello, 9",Pannarano,,iermanophotographer@gmail.com,https,WordPress,Sì,Servereasy Srl,86,37,100.00,Sì,No
La Galleria Del Regalo Conte,Casalinghi,http://www.lagalleriadelregaloconte.it,347 048 4739,"via A. Conte,56 84020",Perrazze,,info@lagalleriadelregaloconte.it,https,Shopify,Sì,Serverplan,56,66,100.00,Sì,No
Art's creations cartolibreria,Cartoleria,,344 694 5638,"Via Galileo Galilei, 9",San Martino in Pensilis,,,,,,,,,,,
Calzolaio Anthony Canale,Calzolaio,,388 361 9338,"Via G. Matteotti, 31",San Martino in Pensilis,,,,,,,,,,,
Galleria Del Colore Srl,Negozio di articoli per la pittura,,0824 275188,"Via Amorosi, 1",San Salvatore Telesino,,,,,,,,,,,
L'Arte della Posa di Cesare Carriero,Servizio di posa di pavimento in legno,,333 130 0211,"Via Giosuè Carducci, 126",Rapolla,,,,,,,,,,,
Eugenio Matteis,Fotografo,http://eugeniomatteisfotografo.it,0827 63745,"Via S. Francesco, 118",Montemarano,,,http,ASP.NET,No,Aruba S.p.A. Network,81,90,91.00,Sì,No
Museo Civico Etnomusicale Celestino Coscia e Antonio Bocchino,Museo,http://www.hyrpusdoctus.blogspot.it,329 850 8577,"Via S. Francesco, 179",Montemarano,,,http,ASP.NET,Sì,Google LLC,95,59,92.00,Sì,No
Imprevist Art Cafè,Bar,,342 770 2691,"Viale Padre Pio, 25",San Martino in Pensilis,,,,,,,,,,,
L'Arte Dello Scrigno Di Capone Daniele e Mauro s.n.c.,Azienda di confezionamento,http://www.artedelloscrigno.it,0825 962794,"Via dell'Industria, 5",Pietradefusi,,info@artedelloscrigno.it,https,React,Sì,Aruba S.p.A.,51,53,91.00,Sì,No
Moles Francesco,Tabaccheria,,0835 671201,"Via IV Novembre, 5",Garaguso,,,,,,,,,,,
BG Arte,Centro visite,https://www.bgarte.com,338 923 9371,"Piazza del Sedile, 39",Matera,,bg.arte@libero.it,https,Joomla,No,Aruba S.p.A.,56,83,92.00,Sì,No
Mago Mr. Mike - Mago Napoli,Mago,,347 325 1354,"Via Aldo Moro, 25",Mugnano del Cardinale,,,,,,,,,,,
Ristorante Pizzeria Dell'Ulivo,Ristorante,,081 825 7650,"Via dell'Uguaglianza, 9",Mugnano del Cardinale,,,,,,,,,,,
Della Sala Maria,Negozio di hobbistica,,081 511 1760,"Via Vittorio Emanuele, 2",Mugnano del Cardinale,,,,,,,,,,,
Studio Fotografico il diaframma,Fotografo,,0971 700619,"Corso Emanuele Gianturco, 9",Avigliano,,,,,,,,,,,
Palazzo Cestari Hotel,Hotel,http://www.palazzocestarihotel.it,0975 861786,"Via Dottor Nicola Cestari, 60",Montesano sulla Marcellana,,,https,WordPress,No,Aruba S.p.A. Network,76,89,92.00,Sì,No
Art Copy Di Ermanno Angelo,Copisteria,,0972 724575,"Via Roma, 25",Rionero In Vulture,,,,,,,,,,,
Arte Mosaico di Pulimeno M. Vincenza,Artista,,333 876 1123,"Via Atene, 1",Corigliano D'otranto,,,,,,,,,,,
Tabacheria: Non Solo Scuola Di De Leonardis Luciano,Tabaccheria,,0971 286852,"Piazza Gianturco, 39",Avigliano,,,,,,,,,,,
Bottega Artistica di Sabrina De Ieso,Produttore di articoli in ceramica,http://www.bottegaartistica.it,349 064 1997,"Via Vignale di Iorio,30, Largo Chiesa Madre, snc",Pesco Sannita,,,https,WordPress,No,SEEWEB s.r.l.,56,69,85.00,Sì,No
Palazzo Moles,Location per matrimoni,http://www.palazzomoles.com,349 312 4746,Via Roma,Garaguso,,info@palazzomoles.com,https,ASP.NET,No,Aruba S.p.A. Network,46,70,92.00,Sì,No
Centro della Fotografia Domenico D'Adderio San Martino in Pensilis,Museo di storia,,348 061 9424,"Via Croce, 34",San Martino in Pensilis,,,,,,,,,,,
PIMAC - Pinacoteca d'Arte Contemporanea,Museo,,389 162 9853,Via Maggiore Vincenzo Citro,Montoro,,,,,,,,,,,
Frame Art di Angelo Cardillo,Fotografo per matrimoni,http://www.marianocardillo.com,329 211 6794,"Corso Papa Giovanni XXIII, 81",Atella,,marianocardillofotografo@gmail.com,https,WordPress,Sì,Servereasy Srl,,,,Sì,No
Museo dell'Alto Molise,Museo,http://www.museoaltomolise.it,0865 940266,"Via Fontana Grande, 37",San Pietro Avellana,,info@museoaltomolise.it,https,Shopify,No,Made Network Srl,56,78,100.00,Sì,No
Bar Gelateria Pasticceria Galleria,Bar caffè,,0835 629050,"Corso Canio Musacchio, 118",Irsina,,,,,,,,,,,
Galleria Matera - Mangiare a Matera: Ristorante nel cuore dei Sassi,Ristorante,https://www.galleriamatera.it,327 730 7943,"Via San Biagio, 15",Matera,,,,WordPress,No,Netsons Network,47,60,92.00,Sì,No
Spazio artistico ComicArt,Teatro,,320 702 0605,"Corso Alcide de Gasperi, 25",Orta di Atella,,,,,,,,,,,
Santuario di Santa Filomena,Santuario,https://www.santuariosantafilomena.it,081 825 7204,"Piazza Umberto I, 4",Mugnano del Cardinale,,segreteria@santuariosantafilomena.it,https,Basekit,No,Aruba S.p.A.,50,66,100.00,Sì,No
"Arenacea Societa' Cooperativa - Ente di formazione, Museo irsina",Arte,,0835 518330,"Piazza S. Francesco, 8",Irsina,,,,,,,,,,,
Mai Tardi Lounge Bar,Bar,,334 816 9141,"Strada Provinciale Giovanni Amendola, 5",San Valentino Torio,,,,,,,,,,,
Mua - Musei Aliano,Museo,http://museialiano.it,0835 568529,"Vico Garibaldi, 16",Aliano,,,https,React,Sì,IT.Gate S.p.A.,65,84,100.00,Sì,No
Sacrocam Contemporary Art Museum,Museo,,338 853 0817,"Via Colonna, 5",Santa Croce di Magliano,,,,,,,,,,,
167 B/Street,Museo all'aperto,https://167bstreet.com,327 298 2813,"Via Siracusa, 100",Lecce,,,https,WordPress,No,"Automattic, Inc",,,,Sì,No
Museo Civico Archeologico Antonella Fiammenghi,Museo,,0974 981113,"Via Borgo S. Antonio, 1",Roccagloriosa,,,,,,,,,,,
ArtePollino APS,Organizzazione non profit,http://www.artepollino.it,0973 859455,"Via Giovanni Falcone, 3",Latronico,,segreteria@artepollino.it,https,Joomla,Sì,Server Plan S.r.l.,,,,Sì,No
L'antico palazzo,Bed & Breakfast,https://salross.wixsite.com/anticopalazzo,347 808 8630,"Via Carlo Pisacane, 13",Laurenzana,,,https,React,No,Google LLC,82,97,92.00,Sì,No
Casa Morra- Archivio d'Arte Contemporanea,Museo d'arte,http://www.fondazionemorra.org,333 923 3791,"Salita S. Raffaele, 20C",Napoli,,info@fondazionemorra.org,https,Shopify,No,Unified Layer,,,,Sì,No
ENGEMA ARTE Galleria d'arte Contemporanea,Galleria d'arte,,081 910757,"Via Nicola Bruni Grimaldi, 95",Nocera Inferiore,,,,,,,,,,,
Expo' Lagonegro,Associazione artistica,,0973 296149,Via Giuseppe Guida,Lagonegro,,,,,,,,,,,
Istituto Statale di Istruzione Superiore Giovanni Paolo II,Istituto d'istruzione,,0973 877465,"Via S. Francesco, 16",Maratea,,,,,,,,,,,
Comune di Sant'Angelo a Fasanella,Municipio,,0828 961006,"P.za Guglielmo Marconi, 3",Sant'Angelo A Fasanella,,,,,,,,,,,
Accademia di Belle Arti,Scuola d'arte,http://www.accademiabelleartilecce.com,0832 258611,"Via Giuseppe Libertini, 3",Lecce,,,https,WordPress,No,"Cloudflare, Inc.",87,94,83.00,Sì,No
Carlo Marrazzo - fotografo,Fotografo,http://www.carlomarrazzo.it,334 912 7717,"Contrada Collepiano, 20",Torrecuso,,,https,Shopify,No,Seeweb srl,60,81,100.00,Sì,No
Bradanum di De Rosa Nicola,Fornitore di materiali da costruzione,,0971 156 5529,"Via Aldo Moro, 9/11",Oppido Lucano,,,,,,,,,,,
Durante Arte,Negozio di quadri,,329 887 8405,"Via Nazionale, 170",Matera,,,,,,,,,,,
BiblioGallery - Studio d'Arte e Biblioteca,Laboratorio,,351 933 1266,"Via di Monte Verde, 2L",Roma,,,,,,,,,,,
Arte Sacra,Negozio,,081 814 5695,Via Vittime del Lavoro,Trentola Ducenta,,,,,,,,,,,
Galleria Pavart,Galleria d'arte,http://www.pavart.it,06 5830 3356,"Via Giuseppe Dezza, 6b",Roma,,info@pavart.it,https,Wix,Sì,Google LLC,59,94,92.00,Sì,No
Museo Nazionale di Matera - Sede Lanfranchi,Museo d'arte,https://www.museonazionaledimatera.it,0835 310058,"Piazzetta Pascoli, 1",Matera,,mn-mt@cultura.gov.it,https,React,No,Aruba S.p.A.,48,60,77.00,Sì,No
CENTRO STAMPA KREOLAB di Donato Cimadomo › Grafica & Stampa a Oppido Lucano - Pz,Tipografia digitale,,327 061 9715,"Via Pagano M., 16",Oppido Lucano,,,,,,,,,,,
Vittorio Vertone Artist - La casa dell’artista B&B,Bed & Breakfast,,338 910 8699,"Traversa I di, Via Giardino, 17",Pietragalla,,,,,,,,,,,
Dv Art,Tipografia digitale,,328 208 5828,"Corso Manfredi, 113",Palazzo San Gervasio,,,,,,,,,,,
arte trenta sette di donato rizzi,Negozio,,329 159 2887,"Via S. Giovanni Vecchio, 37",Matera,,,,,,,,,,,
La Portella - Albergo Diffuso,Hotel,http://www.laportella.it,0971 945457,Via F. Gullo,Oppido Lucano,,,https,WordPress,No,Server Plan S.r.l.,56,78,85.00,Sì,No
Fiori D'Arte,Fiorista,,328 627 8332,SP252,Terranova Da Sibari,,,,,,,,,,,
Frammenti d'arte Monteverde Vecchio,Galleria d'arte,,347 074 4067,"Via Arturo Colautti, 6/8",Roma,,,,,,,,,,,
Galleria Barattolo,Galleria d'arte,https://shop.galleriabarattolo.it,391 326 2500,"Via Ferdinando Palasciano, 46",Roma,,,https,Angular,No,"Cloudflare, Inc.",74,94,100.00,Sì,No
Fashion Gallery - Lauria,Negozio di abbigliamento,https://www.italianfashiongallery.it/it,338 362 6140,"Contrada Mosella, 14/a",Lauria,,,,Shopify,Non trovato,"Cloudflare, Inc.",85,85,85.00,No - Pagina Non Trovata (404),No
Arky Photographer di Stigliano Arcangelo,Studio fotografico,https://www.arkyphotographer.it/notizie,328 242 9743,"Viale Siris, 9",Nova Siri,,arky.photographer@gmail.com,https,WordPress,No,Aruba S.p.A.,61,89,100.00,Sì,No
Galleria D'Arte Edarcom Europa,Galleria d'arte,http://edarcom.it,06 780 2620,"Via Macedonia, 12",Roma,,,https,WordPress,Sì,Aruba S.p.A. Network,36,30,92.00,Sì,No
Porta Coeli Foundation,Museo d'arte,https://www.portacoeli.it,0972 36434,Viale XXIV Maggio,Genzano di Lucania,,,https,Joomla,Sì,Server Plan S.r.l.,62,43,83.00,Sì,No
Calandra Art Gallery,Galleria d'arte,http://www.calandraarte.it,0187 920871,"Via Antonio Discovolo, 295",Manarola,,info@graficadautore.com,http,React,No,Aruba S.p.A. Network,54,44,82.00,Sì,No
L'arte della Tappezzeria Di Daraio Pancrazio,Negozio di divani,,329 605 2625,"Via Appia, 21",Tricarico,,,,,,,,,,,
BioAgriturismo La Garavina di Tufaro Luca,Alloggi al coperto,http://www.lagaravina.it,388 471 9436,Contrada Casa del Conte,Terranova di Pollino,,info@lagaravina.it,https,Shopify,Sì,Sconosciuto,55,40,100.00,Sì,No
Bottega D'Arte E Cornici Di Ferrara Vincenzo Luigi,Negozio di cornici,,0973 612178,"Viale Europa, 27",San Brancato,,,,,,,,,,,
Museo archeologico nazionale del Melfese Massimo Pallottino,Museo archeologico,https://melfivenosa.cultura.gov.it,0972 238726,"Via Normanni - Castello Federiciano, Via Normanni",Melfi,,mupa-mel-ven@cultura.gov.it,https,WordPress,No,Vodafone Italia S.p.A.,88,92,100.00,Sì,No
Mont'Antico Di Garofalo Carina,Negozio di vini,,0825 973467,"Viale Padre Accurso, 44",Montefalcione,,,,,,,,,,,
Castello di Rocca d'Evandro,Castello,http://www.castelloroccadevandro.it,0823 906387,Via Santa Margherita,Rocca d'Evandro,,,https,WordPress,No,Server Plan S.r.l.,60,87,61.00,Sì,No
Arte In Fiore Srl,Fiorista,,328 363 4446,"Via Fratelli Rosselli, 151",Montecorvino Rovella,,,,,,,,,,,
roccartgallery,Galleria d'arte,http://roccartgallery.com,055 889 2876,"Via S. Gallo, 89r",Firenze,,info@roccartgallery.com,https,React,Sì,wix com inc,65,77,92.00,Sì,No
Centro di documentazione Rocco Scotellaro,Centro culturale,,0835 526104,"Vico I S. Francesco, 5",Tricarico,,,,,,,,,,,
Hotel Picchio Nero,Hotel,http://www.hotelpicchionero.com,0973 93170,"Via Mulino, 1",Terranova di Pollino,,picchionero@picchionero.com,https,React,No,Hostinger,55,76,85.00,Sì,No
Galleria E Corniceria Artestudio 79 Di Dell'Acqua Giovanni,Galleria d'arte,,0835 388365,"Via Nazionale, 46",Matera,,,,,,,,,,,
Amendolara Egidio,Salone da parrucchiere,,0973 584813,"Via Rocco Scotellaro, 9",Senise,,,,,,,,,,,
Arte Del Tufo Srl,Fornitore di pietra naturale,https://www.artedeltufo.it,393 093 7755,Contrada Torello,Melizzano,,damoreartedeltufo@virgilio.it,https,ASP.NET,No,Aruba S.p.A. Network,98,99,91.00,Sì,No
"Arte è, bomboniere e articoli da regalo",Negozio di articoli da regalo,,347 742 7441,"Corso Vittorio Emanuele II, 16",Monteforte Irpino,,,,,,,,,,,
Galleria Del Mobilio,Negozio di mobili,,0835 674018,Via Alcide De Gasperi,San Mauro Forte,,,,,,,,,,,
La Scaleia Arredamenti,Negozio di mobili per cucina,http://www.arredolascaleia.com,0975 353130,"Via Giuseppe Mazzini, 49",Tramutola,,info@your-domain.com,https,Laravel,No,Aruba S.p.A.,40,75,85.00,Sì,No
La Bottega del Pollino,Negozio di artigianato tipico,https://labottegadelpollino.it,347 374 0743,"Via Ferrante, 10",Morano Calabro,,nicolacino94@pec.it,https,Shopify,Sì,"Cloudflare, Inc.",59,66,100.00,Sì,No
Pasticceria Arte Dolciaria di Nicola Viceconti,Pasticceria,,0973 826653,Via S. Marco,Trecchina,,,,,,,,,,,
Foto Video di Greco Maria Rosanna,Studio fotografico,,0973 826290,Via Ercole Schettini n°27-29,Trecchina,,,,,,,,,,,
GIOIELLERIA EGIDIO,Gioielleria,,0973 584146,"A, Via Alcide De Gasperi, 20",Senise,,,,,,,,,,,
Marino Di Appella Gina,Tabaccheria,,0973 585775,"Largo della Libertà, 7",Senise,,,,,,,,,,,
Chiesa Madre Maria Santissima degli Angeli,Chiesa,,333 860 8293,"Piazza Marconi, SNC",San Severino Lucano,,,,,,,,,,,
Bottega d'arte di Argenziano Vincenzo,Negozio di articoli da regalo,,0825 193 2349,"Via S. Nicola Fontana, 1",Monteforte Irpino,,,,,,,,,,,
Setaro Prospero,Agriturismo,,0973 91029,"Piazza Plebiscito, 10",San Costantino Albanese,,,,,,,,,,,
Artitude,Salone da parrucchiere,,328 332 4963,"Via Alvanella, 185",Monteforte Irpino,,,,,,,,,,,
Artisti,Centro d'arte,,345 420 6947,Via Aldo Moro,San Fele,,,,,,,,,,,
Soprintendenza Archeologica Della Basilicata,Museo d'arte,https://soprintendenzabasilicata.cultura.gov.it,0835 726268,"Via Vittorio Veneto, 1",Tricarico,,sabap-bas@cultura.gov.it,https,WordPress,Sì,Vodafone Italia S.p.A.,56,66,92.00,Sì,No
San Fele Experience,Attrazione turistica,,377 344 0288,Corso Umberto I,San Fele,,,,,,,,,,,
Cut & Colour Di Battista Angela,Salone da parrucchiere,,0825 973726,"Via Roma, 1",Montefalcione,,,,,,,,,,,
Museo della Cultura Arbëreshe,Museo di storia locale,http://www.museoarbereshe.it,0973 94367,"Via Regina Margherita, 10",San Paolo Albanese,,,https,Joomla,Sì,Aruba S.p.A.,56,90,92.00,Sì,No
Digiart di Castronuovo Domenico,Negozio di insegne in vinile,,349 364 9465,47HX+GV,Senise,,,,,,,,,,,
DNA Maratea Contemporanea Arti Visive,Centro d'arte,,330 685 875,"Via A. Mandarini, 29",Maratea,,,,,,,,,,,
Museo della poesia pierriana,Museo,http://www.albinopierro.it,333 640 1629,"Piazza Plebiscito, 8",Tursi,,info@albinopierro.it,https,WordPress,No,Aruba S.p.A. Network,0,40,0.00,Sì,No
Nappa Luigi Galleria D'arte,Galleria d'arte,http://www.luiginappa.com,081 896 0561,"Via Roma, 50",Procida,,luiginappa@hotmail.com,,Squarespace,Non trovato,"Squarespace, Inc.",31,83,92.00,Sì,No
Deep South Art TATTOO studio di Giuseppe Petrocelli,Studio di tatuaggi,http://deepsouthart.it,334 363 6127,"Via Boreale, 16",Bernalda,,,https,Joomla,No,Aruba S.p.A.,39,46,92.00,Sì,No
Beauty of Image,Centro estetico,https://beautyofimage.com,0973 686734,"Corso Garibaldi, 7",Senise,,,https,WordPress,No,Aruba S.p.A.,44,97,100.00,Sì,No
IL MONTE,Editore,http://rivistailmonte.it,347 521 1013,"Via S. Leonardo, 19",Montella,,,http,ASP.NET,No,Aruba S.p.A. Network,0,0,100.00,Sì,No
Gioielleria Arte Orafa Di Dalessandri Francesco,Gioielliere,,0975 67394,"via Roma, 41",Moliterno,,,,,,,,,,,
Centro Commerciale Mugnano,Centro commerciale,http://www.centromugnano.it,081 571 3146,"Via Pietro Nenni, 54",Mugnano di Napoli,,,https,WordPress,No,Aruba S.p.A.,67,82,85.00,Sì,No
Laser Design Di Gentile Tortorelli Silvio,Servizi professionali,http://www.arredamentipersonalizzati.it,0835 723099,Via Lucana,Tricarico,,info@arredamentipersonalizzati.it,https,React,No,Google LLC,49,67,92.00,Sì,No
Museo del Profumo,Museo,https://www.ilmuseodelprofumo.it,338 662 0595,Via del Profumo,Sant'Elena Sannita,,,https,WordPress,No,Aruba S.p.A. Network,56,82,83.00,Sì,No
Studio Arta,Designer d'interni,https://www.studioarta.it,0973 826607,"Contrada Luscia, Km. 9",Trecchina,,johndoe@domain.com,https,ASP.NET,No,Aruba S.p.A.,40,78,91.00,Sì,No
Il Cubano Tattoo specialista Maori_Polynesian_Cover up,Galleria d'arte,,339 763 2120,"Via G. Cesare, 41",Melito di Napoli,,,,,,,,,,,
Arti Dinamiche,Scuola di danza,http://www.artidinamiche.com,376 124 0160,"Via Sfilatore, 15",Ruviano,,,https,React,Sì,Google LLC,43,69,100.00,Sì,No
Etnomuseo Della Cultura Arbereshe,Museo,,0973 91126,"Via Demostene, 3",San Costantino Albanese,,,,,,,,,,,
Al Blu di Prussia,Galleria d'arte,http://www.albludiprussia.com,081 409446,"Via Gaetano Filangieri, 42",Napoli,,info@albludiprussia.com,https,ASP.NET,Sì,Aruba S.p.A. Network,0,0,0.00,Sì,No
Art Gallery Import Export,Designer d'interni,,338 812 2222,"Corso Europa, 22",Villaricca,,,,,,,,,,,
Galleria d'arte Capasso,Galleria d'arte,,379 1621 8000,"Via Giacomo Piscicelli, 21",Napoli,,,,,,,,,,,
MAM Museo del Paesaggio,Museo,https://aiellomusei.com,339 572 5077,"via Arcivescovo de Maria, 28",Moliterno,,,https,WordPress,No,"Automattic, Inc",69,95,100.00,Sì,No
Pro Loco Corletana,Associazione / Organizzazione,https://www.prolococorletana.it,0971 194 8164,"Piazza Plebiscito, 7",Corleto Perticara,,prolococorletana@yahoo.com,https,React,No,Netsons Network,11,30,85.00,Sì,No
Spazio 57,Galleria d'arte,http://spazio57.it,334 225 1363,"Via Chiatamone, 57",Napoli,,spazio.s57@gmail.com,https,WordPress,Sì,Aruba S.p.A. Network,55,66,77.00,Sì,No
Art Arredo,Negozio di mobili,,0975 383287,"Contrada Passariello, 20/A (Zona Più",Satriano di Lucania,,,,,,,,,,,
Mafalda Pegollo,Pittura,,348 968 2054,"Via Luigi Staffetti, 18",Massa,,,,,,,,,,,
Teatro Romano di Saepinum,Sito storico,https://cultura.gov.it/luogo/parco-archeologico-di-sepino-area-archeologica-di-altilia-saepinum,0874 790207,"Area Archeologica di Sepino, SP82",Altilia I,,drm-mol@cultura.gov.it,https,ASP.NET,Sì,Vodafone Italia S.p.A.,45,66,83.00,Sì,No
Raffaella De Chirico Arte Contemporanea,Galleria d'arte,https://www.dechiricogalleriadarte.com,392 897 2581,"Via Monte di Pietà, 1A",Milano,,,https,Shopify,Sì,Serverplan s.r.l.,93,99,83.00,Sì,No
Craco Vecchia,Città fantasma,https://www.oltrelartecraco.it,346 514 0926,"Strada Comunale Craco-Montalbano Jonico, 6",Craco,,craco@oltrelartematera.it,https,WordPress,Sì,Aruba S.p.A. Network,52,40,85.00,Sì,No
Comune di Montenero di Bisaccia,Municipio,,0875 959201,"Piazza della Libertà, 4",Montenero di Bisaccia,,,,,,,,,,,
INFOSHOP TURISTICO,Biglietteria,https://visitcastelsaraceno.info,345 308 0743,"Piazza Piano della Corte, 10",Castelsaraceno,,,https,WordPress,No,Sconosciuto,59,66,100.00,Sì,No
Le Dimore degli Artisti,Alloggi al coperto,http://www.ledimoredegliartisti.com,338 824 6386,"Via Vittorio Emanuele II, 104",Venosa,,info@ledimoredegliartisti.com,https,WordPress,No,Serverplan s.r.l.,49,75,85.00,Sì,No
Fista - L'Arte della Bellezza,Centro salute e bellezza,,334 358 0683,"Via Napoli, 8",Montescaglioso,,,,,,,,,,,
Comune di Montorio Nei Frentani,Municipio,,0874 826132,"Via Annunziata, 3",Montorio nei Frentani,,,,,,,,,,,
GALERIE MIRANDA,Galleria d'arte,http://www.galeriemiranda.com,+33 1 40 38 36 53,21 Rue du Château d'Eau,Paris,,,https,WordPress,No,MCPECloud SAS,74,95,100.00,Sì,No
Rupp Diun,Ristorante,https://ruppdiun.colobraro.com,377 387 8859,"Via Omero, 20",Colobraro,,,https,Joomla,No,Aruba S.p.A. Network,77,98,100.00,Sì,No
Centro Copie Vairano,Cartoleria,,0823 988905,"Via Abruzzi, 49",Vairano Patenora,,,,,,,,,,,
Vivaio Piante Scioli Angelo,Vivaio,https://www.vivaioscioli.it,0865 491322,"C.da Guado Largo snc, Via Valle Pratese",Monteroduni,,,,Wix,Non trovato,Sconosciuto,83,99,36.00,No - Pagina Non Trovata (404),No
Arte Sacra. Creazione Lapidi. Di Lospinuso Vito,Negozio,,339 378 6660,"via 75024, Via Gaetano Donizetti, 28",Montescaglioso,,,,,,,,,,,
Ceramiche Taddei,Negozio di ceramiche,http://www.ceramichetaddei.it,0835 182 1525,"Via Adda, 11",Scanzano Jonico,,info@ceramichetaddei.it,https,WordPress,Sì,Hostinger International Limited,61,71,92.00,Sì,No
New Art di Adele Oppio,Salone da parrucchiere,,349 620 3017,"Via Sant' Eusanio, 3",Monteroduni,,,,,,,,,,,
Savoia Sport Adventure,Agenzia per escursioni,,375 881 4249,Piazza Plebiscito,Savoia di Lucania,,,,,,,,,,,
SAVOIA TERRA MIA,Associazione / Organizzazione,http://savoiaterramia.it,333 470 6171,"Via Vittorio Emanuele, 71/A",Savoia di Lucania,,info@savoiaterramia.it,https,WordPress,No,Keliweb S.R.L,56,78,100.00,Sì,No
Foresteria dell'Abbazia,Bed & Breakfast,https://www.foresteriabbazia.com,331 238 8929,Piazza Cavalieri di Vittorio Veneto,Montescaglioso,,,,Shopify,No,Sconosciuto,68,94,100.00,Sì,No
Castello Pignatelli,Castello,,0865 491586,"Via Principe Pignatelli, 1",Monteroduni,,,,,,,,,,,
Federico Ferrari 🎸,Artista,,335 675 0475,"Largo Santa Caterina, 4",Nemoli,,,,,,,,,,,
WOOD'S ART,Negozio di oggetti da collezione,,340 622 5789,"Via Napoli, 104",Vairano Patenora,,,,,,,,,,,
Il Triangolo di Daniela Marino,Negozio di giocattoli,,0973 663314,"Via Roma, 167",Castelluccio Inferiore,,,,,,,,,,,
Artemiranda,Negozio di articoli per l'arte,https://www.artemiranda.com,+34 923 24 43 97,"C. Conde Orgaz, 1",Salamanca,,,https,PrestaShop,No,Hetzner Online GmbH,41,45,85.00,Sì,No
Opera Simposio D’Arte Salerno,Centro di formazione,,327 219 2271,"Via Pietro Laveglia, 16",Salerno,,,,,,,,,,,
Palazzo Rinaldi Artists' Residency,Scuola d'arte,,333 549 1206,"Via Rinaldi A., 5",Noepoli,,,,,,,,,,,
Les Arts,Negozio di quadri,https://www.lesartstudio.it,328 921 0448,"Via la Martella, 68",Matera,,lesartsdipintidarredo@gmail.com,https,Shopify,No,Tiscali Italia SpA,57,85,75.00,Sì,No
Studio d'arte Cesare Corbara,Galleria d'arte,,392 507 6793,"Via Trento, 82/a",Salerno,,,,,,,,,,,
Abbazia Benedettina di San Michele Arcangelo,Abbazia,https://www.oltrelartemontescaglioso.it,349 091 2011,"Piazza del Popolo, 14",Montescaglioso,,abbaziamontescaglioso@oltrelartematera.it,https,WordPress,Sì,Aruba S.p.A. Network,62,84,85.00,Sì,No
Emozioni d'Arredo di Larivera Angelo,Negozio di mobili,,0874 873358,"C.da Macchierio, 96",Trivento,,,,,,,,,,,
Museo della Pastorizia,Museo etnografico,https://visitcastelsaraceno.info/museo-della-pastorizia,349 988 5980,Via dei mille,Castelsaraceno,,museodellapastorizia@gmail.com,https,Angular,No,Sconosciuto,57,71,100.00,Sì,No
Arteidea Di Federica Miserere,Negozio di articoli da regalo,,320 853 3582,"Via Iconicella, 73",Trivento,,,,,,,,,,,
D'Alessandro Mario,Fattoria,,0874 332257,"3, Contrada Macchiefredde, Torella Del Sannio, CB 86028",Torella del Sannio,,,,,,,,,,,
Museo Diocesano Acerenza,Museo d'arte,https://www.diocesiacerenza.it/museo-diocesano,0971 741299,"Largo Seminario, N° 3",Acerenza,,biblioarci.acerenza@libero.it,https,WordPress,No,Sconosciuto,59,94,77.00,Sì,No
Villa de Ruggiero,Museo d'arte,,081 933936,"Via Nazionale, 164",Nocera Superiore,,,,,,,,,,,
ICPHOTO di Imma Calabrese,Fotografo,,349 271 5213,"Largo Plebiscito, 30",Calvello,,,,,,,,,,,
Marmi Lella Lavorazione Artistica Arte Funeraria,Ditta specializzata in marmi,http://www.marmilella.it,0874 67478,"Via Piero Pietrunti, 24",Campobasso,,,http,React,No,Sconosciuto,55,79,100.00,Sì,No
Arredamenti Tifernina,Negozio di mobili,,339 114 2191,"Corso V. Emanuele III, 192",Petrella Tifernina,,,,,,,,,,,
Spazio Sfuso,Spazio di coworking,https://justmo.org,0874 360772,"P.za Gabriele Pepe, 42",Campobasso,,,https,Basekit,No,Aruba-Hosting-(Technorail),63,67,92.00,Sì,No
L'Antico Casaro,Caseificio,,340 799 4040,"Via Fontana Terra, 7",Accettura,,,,,,,,,,,
