Nome Attività,Categoria,Sito Web,Telefono,Indirizzo,Comune,Provincia,Email,Protocollo,Tecnologia,Cookie Banner,Hosting Provider,Mobile Performance,Desktop Performance,Punteggio SEO,Disponibilità Sito,Stato Manutenzione
Noleggio Maurizio,Servizio di noleggio biciclette,,335 371 072,"Via Publio Ovidio Nasone, 58B",Bellaria-Igea Marina,,,,,,,,,,,
Noleggio Bertozzi,Servizio di noleggio biciclette,,339 186 6891,"Via Alfredo Panzini, 68",Bellaria-Igea Marina,,,,,,,,,,,
Moto Europa srl,Concessionario moto,https://www.motoeuropasrl.it/,0545 45112,"Via Gregorio Ricci Curbastro, 46",Sant'Agata sul Santerno,,info@motoeuropasrl.it,https,Shopify,Sì,WEBSITEWELCOME.COM,44,65,83.00,Sì,No
Blue Bike Reggio Emilia,Concessionario moto,http://www.bluebike-re.it/,0522 383400,"/26, Via Hiroshima, 24",Reggio Emilia,,info@bluebike-re.it,https,React,Sì,Aruba S.p.A.,0,36,92.00,Sì,No
Noleggio Cicli e Motocicli Pirani,Servizio di noleggio biciclette,,328 418 2388,"Via Alfredo Panzini, 117",Bellaria-Igea Marina,,,,,,,,,,,
Travelhoo,Agenzia viaggi,http://www.travelhoo.it/,051 656 9651,"Via Caduti di Cefalonia, 4",Bologna,,,https,Shopify,Sì,Aruba S.p.A.,40,69,75.00,Sì,No
"Dai Gas Nolo - Noleggio Auto, Furgoni, Pulmini 9 Posti, Moto e Scooter.",Agenzia di noleggio auto,https://www.daigas-noleggiobologna.com/,388 866 9964,"Via dei Lapidari, 8e",Bologna,,info@daigasnolo.it,https,WordPress,Sì,Hetzner Online GmbH,60,69,100.00,Sì,No
MotoRiciclo,Negozio,http://www.motoriciclo.it/,051 345031,"Via Giuseppe Massarenti, 99",Bologna,,info@motoriciclo.it,http,Shopify,No,Hetzner Online GmbH,84,100,85.00,Sì,No
MONTIBIKE | Vendita e noleggio e-bike,Negozio di biciclette,,338 207 5753,"SP138, 124",Bagno di Romagna,,,,,,,,,,,
Motonoleggio Sereno,Agenzia di noleggio moto,https://www.motonoleggiosereno.it/,331 104 9129,"Via Reale, 27/A",Ravenna,,info@motonoleggiosereno.it,https,React,Sì,WEBSITEWELCOME.COM,42,65,83.00,Sì,No
PassioneLease s.r.l.s,Agenzia di noleggio auto,https://passionelease.it/,389 680 7827,"Via Ercolani, 19/d",Imola,,passionelease@gmail.com,https,Canva Websites,No,"Cloudflare London, LLC",55,63,82.00,Sì,No
C.B. Motor Cycles,Negozio di biciclette,https://www.cbmotor.com/,059 315015,"Via Jugoslavia, 40/42",Modena,,info@cbmotor.com,https,React,Sì,Aruba S.p.A.,69,90,83.00,Sì,No
Noleggi Rimini La Playa Scooter;Bici;Macchine elettriche; Risciò anche a pedalata assistita.,Servizio di noleggio scooter,,388 172 1389,Parco Murri,Rimini,,,,,,,,,,,
Dongiovanni Noleggio Bici e Scooter,Servizio di noleggio scooter,,329 988 2401,"Via Vittorio Veneto, 168",Poggiardo,,,,,,,,,,,
Sic'Rent di Casadei Claudio - Noleggio Scooter Biciclette (Rent Moto Biciclette Auto)Risciò normali e pedalata assistita,Agenzia di noleggio moto,,335 639 9461,"Via Amarcord (1973), 62",Rimini,,,,,,,,,,,
Pista moto Galliano Park,Pista,http://www.gallianopark.com/,339 621 7820,"V.le Roma, 402",Forlì,,,http,Weebly,Sì,"Weebly, Inc.",35,53,83.00,Sì,No
Noleggio Auto Lungo Termine Galdieri Rent Reggio Emilia,Agenzia di noleggio auto,https://galdierirent.it/point/noleggio-lungo-termine-reggio-emilia-mediopadana/,0522 080467,"Via Gorizia, 28/B",Reggio nell'Emilia,,reggioemiliamediopadana@galdierirent.it,https,Magento,No,OVH SAS,46,78,85.00,Sì,No
Moto Evoluzioni,Concessionario moto,https://www.motoevoluzioni.com/,0541 332404,"Moto Evoluzioni, Via Fabio Filzi, 12 c/d",Bellaria-Igea Marina,,info@motoevoluzioni.com,https,WordPress,No,Aruba S.p.A.,78,90,92.00,Sì,No
Funny Rent Noleggio Scooter,Agenzia di noleggio moto,http://www.noleggioscootercattolica.com/,347 442 7988,"Via Carducci, 85",Cattolica,,,https,Laravel,No,IONOS SE,44,37,85.00,Sì,No
House of Bikers - Vendita Moto in Conto Vendita - Abbigliamento Moto,Concessionario moto,http://www.houseofbikers.it/,328 868 7364,"Via Canaletto, 20",Bastiglia,,info@houseofbikers.it,https,WordPress,No,Aruba S.p.A. Network,62,84,92.00,Sì,No
Bianco Moto Concessionaria,Negozio di motociclette,,349 468 5949,strada per bardi vecchi,Tuturano,,,,,,,,,,,
Road Runner Scooter Rent,Servizio di noleggio scooter,http://www.rrscooterrent.com/,327 851 1342,"Via Luigi Miccoli, 57",Ostuni,,rrscooterrent@gmail.com,https,WordPress,Sì,Aruba S.p.A. Network,56,94,100.00,Sì,No
Galdieri Rent Modena,Agenzia di noleggio auto,https://galdierirent.it/point/noleggio-lungo-termine-modena/,059 250396,"Via Nonantolana, 980",Modena,,modena@galdierirent.it,https,ASP.NET,No,OVH SAS,51,84,85.00,Sì,No
Noleggio Scooter Amati,Agenzia di noleggio moto,https://www.noleggiomisano.it/,330 907 352,Via Litoranea Nord,Misano Adriatico,,amatinoleggi@libero.it,https,WordPress,No,IONOS SE,37,32,54.00,Sì,No
Asap Modena,Servizio di noleggio scooter,http://www.asapmodena.com/,346 691 2710,"Corso Vittorio Emanuele II, 20",Modena,,info@asapmodena.com,https,Wix,Sì,Google LLC,68,80,100.00,Sì,No
CITYCAR Autosalone - Noleggio a breve e lungo termine,Rivenditore di auto,http://www.citycarauto.com/,0836 992478,S.S. 275 Maglie - Leuca,Botrugno,,,https,Joomla,Sì,Aruba S.p.A. Network,54,81,92.00,Sì,No
Chiriatti Moto di Chiriatti Davide,Agenzia di noleggio moto,http://www.chiriattimoto.it/,328 706 9223,"Via S. Giovanni, 13",Otranto,,,https,ASP.NET,No,Aruba S.p.A.,74,93,91.00,Sì,No
Hertz Autonoleggio - Bologna Casalecchio Di Reno Leroy Merlin - Via A De Curtis,Agenzia di noleggio auto,,051 864063,"Via Provinciale, Via Galliera, 4",Funo,,,,,,,,,,,
Best Moto,Concessionario moto,,0523 617482,"Via Niccolò Macchiavelli, 15",Piacenza,,,,,,,,,,,
Acquapartita Bike - Noleggio E-Bike,Negozio di biciclette,,371 489 6397,Via Acquapartita,Bagno di Romagna,,,,,,,,,,,
M.D.M. Service Srl - Noleggio - Argenta (FE),Noleggio carrelli elevatori,http://www.mdmservicesrl.it/,0532 092721,"Via Giovanni Amendola, 117",Argenta,,info@mdmservicesrl.it,https,WordPress,No,Serverplan s.r.l.,35,56,92.00,Sì,No
M.C. SPORT E BIKE - TO SHINE,Negozio,https://mcsportbike.it/,0532 852233,"Via del Fitto, 5/B",Argenta,,,https,Joomla,Sì,Server Plan S.r.l.,0,60,85.00,Sì,No
Lago Pineta - Noleggio Jet Ski / Moto d’Acqua,Noleggio barche,,335 619 2299,"Via della Sacca, 3",Ravenna,,,,,,,,,,,
Scooter S.r.l.,Negozio di abbigliamento,http://www.scooterabbigliamento.it/,0544 212505,"Via Camillo Benso Cavour, 55",Ravenna,,info@scooterabbigliamento.it,https,Shopify,No,"Cloudflare, Inc.",45,66,85.00,Sì,No
Noleggio Fabbri,Servizio di noleggio biciclette,,0544 992059,"Viale Dante Alighieri, 48",Milano Marittima,,,,,,,,,,,
Noleggiare,Agenzia di noleggio auto,https://www.noleggiare.it/it/noleggio-auto/sedi/noleggio-auto-a-ravenna/,0544 873034,"Via Adria, 8",Ravenna,,info@noleggiare.it,https,Angular,No,"Cloudflare, Inc.",41,56,85.00,Sì,No
Galdieri Rent Ravenna,Agenzia di noleggio auto,https://galdierirent.it/point/noleggio-lungo-termine-ravenna/,349 421 6644,"Via le Corbusier, 14",Ravenna,,,https,React,No,OVH SAS,56,91,77.00,Sì,No
Due Ruote Moto - Abbigliamento - Accessori,Concessionario moto,https://www.dueruote.biz/,0523 617076,"Via Giuseppe Beati, 25",Piacenza,,dueruote@gmail.com,https,WordPress,No,Host SpA,53,75,92.00,Sì,No
Noleggio E Vai,Agenzia di noleggio auto,https://www.noleggioevai.it/,0536 580790,"V. Radici in Piano, 470/E",Sassuolo,,commerciale@noleggioevai.it,https,WordPress,No,SEEWEB s.r.l.,95,98,75.00,Sì,No
Vespazio,Officina per la riparazione di moto,http://www.vespazio.com/,348 004 6695,"Via Sassogattone, 5/d",Baiso,,,https,Joomla,Sì,Aruba S.p.A.,43,50,92.00,Sì,No
Don Camillo Ebike Rent Nolleggio,Servizio di noleggio biciclette,http://www.doncamilloebikerent.it/,349 460 8545,"Piazza Giacomo Matteotti, 3",Brescello,,,https,React,Sì,"Cloudflare, Inc.",61,86,85.00,Sì,No
Maraldi MOTO- Concessionario moto & scooter e officina,Negozio di motociclette,https://maraldimoto.wixsite.com/maraldimoto,339 691 2485,"Via Emilia per Cesena, 1605",Forlimpopoli,,,https,Wix,No,Google LLC,72,99,100.00,Sì,No
Belletti Moto,Negozio di motociclette,http://www.bellettimoto.com/,0547 330663,"Via Savio, 1619",Cesena,,info@bellettimoto.com,http,React,Sì,Aruba S.p.A. Network,68,96,100.00,Sì,No
Maury moto,Concessionario moto,,059 711 1624,"Via Canale Carpi, 1",Campogalliano,,,,,,,,,,,
Movers,Agenzia di noleggio auto,https://www.moversrent.it/,051 801072,"Via Martiri Antifascisti, 24",Budrio,,info@moversrent.com,https,Shopify,No,"Cloudflare, Inc.",41,60,85.00,Sì,No
Superbike S.r.l.,Concessionario moto,http://www.superbikemo.it/,059 370776,"Via Emilia Est, 776",Modena,,info@superbikemo.it,https,WordPress,Sì,SoftLayer,46,68,75.00,Sì,No
Galdieri Rent Cesena,Agenzia di noleggio auto,https://galdierirent.it/point/noleggio-lungo-termine-cesena/,0547 25391,"Viale Giovanni Bovio, 29/A",Cesena,,cesena@galdierirent.it,https,React,No,OVH SAS,54,91,77.00,Sì,No
Bierreti racing,Agenzia di noleggio moto,https://www.bierretiracing.com/,351 833 5039,"Via Don F. Conti, 2",San Pancrazio,,info@bierretiracing.com,https,React,Sì,Google LLC,69,91,100.00,Sì,No
SAPORETTI AUTONOLEGGIO,Agenzia di noleggio auto,http://saporettiautonoleggio.it/,337 623 578,"Via Passetto, 51",Alfonsine,,info@saporettiautonoleggio.it,http,WordPress,No,Aruba S.p.A. Network,72,96,83.00,Sì,No
GP Meccatronica S.R.L.,Officina autoriparazioni,http://www.gpmeccatronica.it/,059 978 5105,"Via XXV Luglio, 29",Campogalliano,,info@gpmeccatronica.it,https,Shopify,Sì,Aruba S.p.A.,62,90,91.00,Sì,No
Concessionaria Yamaha Modena - D&G Motorsport,Concessionario moto,http://www.degmotorsport.it/,059 580 7091,"Via Emilia Est, 1385",Modena,,info@degmotorsport.it,http,Shopify,Sì,Register S.P.A.,61,89,100.00,Sì,No
Zanetti Cicli E Moto Sas Di Zanetti Gianni E C.Vendita e noleggio e- bike,Negozio di biciclette,http://zanetticicli.it/,0543 33521,"Viale Italia, 93",Forlì,,info@zanetticicli.it,https,WordPress,No,Ehinet Srl,76,79,83.00,Sì,No
Centro Moto Di Marina Mauro,Concessionario moto,http://www.centro-moto.com/,0546 620787,"Via Romolo Ossani, 26",Faenza,,info@centro-moto.com,https,ASP.NET,Sì,Aruba S.p.A. Network,40,79,82.00,Sì,No
Motor Extreme,Negozio di motociclette,http://www.motorextreme.net/,327 830 6520,"Via Filippo Turati, 21",Imola,,,https,Angular,No,Aruba S.p.A. Network,30,38,85.00,Sì,No
Terremoto Motocicli e Scooter,Negozio di motociclette,,0372 27729,"Viale Trento e Trieste, 69",Cremona,,,,,,,,,,,
Idea Moto Di Molina Livio E C. Snc,Officina per la riparazione di moto,,0523 501122,"Via Emilia, 240",Roveleto,,,,,,,,,,,
Kappa Racing srl,Agenzia di noleggio moto,,0523 778774,"Via Emilia Piacentina, 64",Castel San Giovanni,,,,,,,,,,,
Planet Bike di Araldi Andrea,Negozio di motociclette,,346 642 3395,"Via Antonio Assalini, 74",Reggio Emilia,,,,,,,,,,,
DRIVALIA Mobility Store AV Mediopadana,Agenzia di noleggio auto,,393 476 0702,"Via Gramsci, 104/C",Reggio nell'Emilia,,,,,,,,,,,
Chianti Rental - Scooter e Auto,Servizio di noleggio scooter,https://www.chiantirental.it/,0577 148 1001,"Via IV Novembre, 35",Castellina in Chianti,,info@chiantirental.it,https,React,Sì,Aruba S.p.A.,39,89,85.00,Sì,No
Tgr Motor,Concessionario moto,http://www.tgrmotor.it/,0544 462353,"Via Louis Braille, 12",Fornace Zarattini,,info@tgrmotor.it,http,React,Sì,Register S.P.A.,69,88,92.00,Sì,No
Autonoleggi Cornacchini Srl,Agenzia di noleggio auto,https://www.cornacchini.it/,0532 883275,"Via Farini, 30",Bondeno,,info@cornacchini.it,https,WordPress,No,Server Plan S.r.l.,35,39,100.00,Sì,No
Chianti Moto & Bike s.n.c.,Officina per la riparazione di moto,http://www.chiantimotobike.it/,055 807 8287,"Via Cristoforo Colombo, snc",Barberino Tavarnelle,,info@chiantimotobike.it,https,WordPress,No,Serverplan s.r.l.,64,89,92.00,Sì,No
Rivenditore Askoll,Servizio di noleggio scooter,https://www.ecomobilityplus.it/it/,329 032 1626,"Via del Lavoro, 1",Vigarano Pieve,,info@ecomobilityplus.it,https,Shopify,Sì,Seeweb s.r.l.,60,72,92.00,Sì,No
Estrefi Noleggio,Agenzia di noleggio auto,,0522 087344,"Via Beniamino Disraeli, 2/5",Reggio Emilia,,,,,,,,,,,
Eros Motor Concessionario Yamaha,Concessionario moto,http://www.erosmotor.com/,0522 575859,"Via C. Teggi, 84a",Reggio nell'Emilia,,info@erosmotor.com,http,React,Sì,Register S.P.A.,70,96,100.00,Sì,No
GARAGE 86 CORREGGIO,Concessionario moto,http://www.garage86.it/,391 492 7837,"Viale Repubblica, 2/A",Correggio,,info@garage86snc.it,https,Shopify,Sì,Aruba S.p.A. Network,43,85,92.00,Sì,No
Motostore Snc Di Siveri Roberto E C.,Concessionario moto,http://www.motostore.re.it/,0522 889210,"Via Salvador Allende, 18",Quattro Castella,,,https,ASP.NET,No,OVH SAS,73,89,92.00,Sì,No
Locauto,Agenzia di noleggio auto,,051 243995,"V.le Pietro Pietramellara, 35l",Bologna,,,,,,,,,,,
Centenari Renato - Accessori Auto Olii - Biciclette e Motocicli,Negozio di accessori per auto,,0523 936912,"Contrada di Porta Nova, 25",Bobbio,,,,,,,,,,,
BobbioRide,Servizio di noleggio biciclette,,379 253 0689,"Viale Giuseppe Garibaldi, 34",Bobbio,,,,,,,,,,,
Fifty Rent - Auto Noleggio Piacenza,Agenzia di noleggio auto,https://www.fiftyrent.it/,327 783 9703,"Via Pianello, 65",Borgonovo Val Tidone,,,https,Basekit,No,Aruba S.p.A.,47,28,100.00,Sì,No
SCOOTERIA DUE EFFE MOTO RENTING,Servizio di noleggio scooter,,0832 098110,Via leuca148,Lecce,,,,,,,,,,,
Maxentsport srl,Negozio di articoli sportivi,http://www.maxent.it/,0522 348535,"Via V. Emanuele II, 43",Albinea,,info@maxent.it,https,React,No,Hetzner Online GmbH,77,99,100.00,Sì,No
Incerti Moto,Concessionario moto,https://dealer.moto.it/incertimoto,0522 515373,"Via Leopoldo Mugnone, 1",Reggio nell'Emilia,,,https,Shopify,No,"Cloudflare, Inc.",72,91,92.00,Sì,No
Mec Moto Noleggio,Agenzia di noleggio moto,,351 977 6262,"Via degli Artigiani, 1",Taviano,,,,,,,,,,,
Bici Rent noleggio bici - scooter,Servizio di noleggio biciclette,,328 583 6376,"Via Libertini, 10",Gallipoli,,,,,,,,,,,
Salento Rent,Agenzia di noleggio auto,https://www.salentorent.it/,0832 307152,"Via Vittorio Emanuele II, 14",Lecce,,info@salentorent.it,https,Shopify,Sì,Keliweb S.R.L,51,56,92.00,Sì,No
DAS MOTO,Negozio di motociclette,,0833 186 3798,"Via XX Settembre, 142",Nardò,,,,,,,,,,,
MotoGarage Lecce,Agenzia di noleggio moto,http://www.motogaragelecce.it/,340 060 7106,"Viale Ugo Foscolo, 36",Lecce,,info@motogaragelecce.it,http,WordPress,Sì,Aruba S.p.A. Network,53,71,100.00,Sì,No
SP Motors,Agenzia di noleggio moto,http://www.spmotorsgallipoli.it/,347 955 2144,"Via Ludovico Ariosto, 17",Gallipoli,,info@spmotorsgallipoli.it,https,WordPress,Sì,Hetzner Online GmbH,60,87,92.00,Sì,No
E-Bike Alta Val Taro,Servizio di noleggio biciclette,https://www.noleggioebikealtavaltaro.com/,366 536 8364,"Str. della Rovina, 88",Albareto,,,https,Shopify,No,"Cloudflare, Inc.",59,85,100.00,Sì,No
Sp Motors Vendita e Noleggio Auto Moto e Scooter,Agenzia di noleggio auto,https://www.speedmotorscasarano.it/,0833 505113,"Corso XX Settembre, 231",Casarano,,sp.speedmotors99@gmail.com,https,ASP.NET,No,Aruba S.p.A,57,67,91.00,Sì,No
Salento Rent Hub,Servizio di noleggio scooter,http://salentorenthub.com/,327 053 9632,"Via Tevere, 26",San Foca,,info@salentorenthub.com,https,React,No,wix com inc,60,89,92.00,Sì,No
Autonoleggio Rental,Agenzia di noleggio auto,http://www.rentalauto.it/,393 358 1343,"Località Gotra, 10, B",Albareto,,info@rentalauto.it,https,React,Sì,SEEWEB s.r.l.,59,83,92.00,Sì,No
TuttoScooter noleggio auto e scooter,Agenzia di noleggio auto,,340 527 2068,"LARGO FIORILLO GAS STATION ESSO, Via Michele Rossi, 67",La Spezia,,,,,,,,,,,
RIVER PASSION,Agenzia di escursioni in barca,http://www.riverpassion.it/,0522 140 2398,"Via Argine, 15",Boretto,,info@riverpassion.it,https,Shopify,Sì,Aruba S.p.A. Network,55,56,100.00,Sì,No
Top Motor di Marchesi Enrico - Concessionario Moto Modena,Concessionario moto,https://www.topmotor.it/,059 906599,"Via Dante Alighieri, 8/A",San Prospero,,info@topmotor.it,https,Shopify,No,Hetzner Online GmbH,81,100,100.00,Sì,No
Galdieri Rent Imola,Agenzia di noleggio auto,https://galdierirent.it/point/noleggio-lungo-termine-imola/,0542 642448,"Via Giovanni Gronchi, 3",Imola,,valentina.castellari@galdierirent.it,https,ASP.NET,No,OVH SAS,44,86,85.00,Sì,No
PR Motor,Officina per la riparazione di moto,https://prmotor.it/,340 068 5686,"Via Sambarchi, 23 VR 37011",Calmasino,,prmotor@icloud.com,https,Shopify,Sì,One.com A/S,31,42,92.00,Sì,No
EL Rent Auto,Agenzia di noleggio auto,https://elrentauto.webnode.it/,081 801 8881,"Via Pola Interna, 8",Carpi,,elrentauto@gmail.com,https,Webnode,No,Amazon Technologies Inc.,68,96,100.00,Sì,No
Motoragazzi Vespa scooter rent Peschiera del Garda,Servizio di noleggio scooter,http://www.motoragazzi.com/,351 522 6873,"Via Bell'Italia, 35/C",Peschiera del Garda,,,https,React,No,"Amazon.com, Inc.",52,64,100.00,Sì,No
Motoragazzi Vespa scooter rent Bardolino,Servizio di noleggio scooter,http://www.motoragazzi.com/,351 691 1285,"Via Santa Cristina, 23",Bardolino,,,https,Shopify,No,Amazon Technologies Inc.,52,64,100.00,Sì,No
Garda Lake Rent Desenzano,Agenzia di noleggio auto,http://www.gardalakerent.com/,030 914 1314,"Via G. Rambotti, 15",Desenzano del Garda,,info@gardalakerent.com,https,Joomla,No,One.com A/S,71,98,92.00,Sì,No
Teknomoto,Concessionario moto,https://www.teknomoto.it/,059 454552,"Via dei Fonditori, 21/A",Modena,,info@teknomoto.it,https,React,Sì,Aruba S.p.A.,60,86,100.00,Sì,No
"Nexttoskin Italia Srl | Ebike e biciclette | Bici elettriche, monopattini, moto e scooter elettrici",Magazzino all'ingrosso,http://www.nexttoskinitaliashop.it/,059 250964,"Via Gandhi, 34",Modena,,info@next-net.it,https,Shopify,Sì,Servereasy Srl,22,39,85.00,Sì,No
Motoragazzi Vespa scooter rent Desenzano,Servizio di noleggio scooter,http://www.motoragazzi.com/,351 307 5106,"Via A. Gramsci, 6",Desenzano del Garda,,,https,React,No,Amazon Technologies Inc.,52,67,100.00,Sì,No
Rentgarda Lazise OPEN,Servizio di noleggio scooter,http://www.rentgarda.com/,380 346 8000,"New 2025, Via Gardesana, 57",Lazise,,info@rentgarda.com,https,React,No,Netsons Network,56,72,85.00,Sì,No
Nolo center,Servizio di noleggio biciclette,,345 122 6910,Viale Cristoforo Colombo,Cervia,,,,,,,,,,,
Noleggio Biciclette e Risció Gipsy Pinarella di Cervia,Servizio di noleggio biciclette,,328 885 7353,"Viale Tritone, 3",Cervia,,,,,,,,,,,
"Moreno Renting - Noleggio auto, furgoni e veicoli commerciali",Agenzia per il noleggio di furgoni,https://www.morenorenting.it/,0547 322080,"1855, Via Vicinale Pisignano",Cesena,,cesena@morenorenting.it,https,WordPress,Sì,Hetzner Online GmbH,63,92,92.00,Sì,No
Motorix \ Motospecial snc,Concessionario moto,,0547 632039,"Via Enzo Ferrari, 110",Cesena,,,,,,,,,,,
Autovia Cento,Agenzia di noleggio auto,https://www.autovia.it/it/?utm_source=Google+&utm_medium=gmb&utm_id=google-my-business-cento,051 683 2639,"Via Bologna, 31/A",Cento,,cashback@autovia.it,https,WordPress,Sì,Server Plan S.r.l.,69,84,85.00,Sì,No
Desmo Corse Cesena,Officina per la riparazione di moto,http://www.desmocorsecesena.it/,0547 076472,"Via Romagna, 157",Cesena,,info@desmocorsecesena.it,https,WordPress,Sì,Armada WAN,54,64,100.00,Sì,No
Link Motors - Cesena,Rivenditore di auto usate,https://www.linkmotors.it/,0547 405671,"Via Emilia Ponente, 1720",Cesena,,linkmotorspavia@gmail.com,https,Shopify,Sì,Google LLC,54,55,92.00,Sì,No
Cattolica Rent,Servizio di noleggio scooter,https://www.noleggioscootercattolicarent.com/,329 082 3796,"Piazza delle Nazioni, 5",Cattolica,,,https,Shopify,Sì,Google LLC,56,94,90.00,Sì,No
Noleggio auto e scooter di Piero Longo Campofelice di Roccella,Agenzia di noleggio auto,http://www.noleggioautodipierolongo.it/,338 874 0767,"n°12, Via Madonnina di Gibilmanna, Via Madonnina Di Gibilmanna, 12",Campofelice di Roccella,,longopiero63@libero.it,https,Joomla,No,Server Plan S.r.l.,66,96,92.00,Sì,No
Noleggio Lungo Termine V & P Rent,Agenzia di noleggio auto,http://www.veprent.it/,059 863 5265,"Via Guido Fassi, 13",Carpi,,,http,WordPress,No,"DigitalOcean, LLC",97,100,91.00,Sì,No
Galli Gabriele,Agenzia di noleggio moto,,0541 960225,"Via Francesco Petrarca, 3",Cattolica,,,,,,,,,,,
FMC Moto Srl - Honda Carpi,Concessionario Honda,http://www.fmcmotohonda.it/,059 687887,"Via Guastalla, 2d",Carpi,,info@fmcmotohonda.it,https,WordPress,No,OVH SAS,69,97,92.00,Sì,No
Ducati Modena - Uno Moto,Concessionario moto,https://www.bullbikes.it/ducatimodena/,059 644364,"Via Cattani Sud, 63/65",Carpi,,unomoto.ducati@gmail.com,https,Shopify,Sì,Aruba S.p.A. Network,57,53,85.00,Sì,No
Icaro Store - Noleggio Auto - Carpi,Agenzia di noleggio auto,http://www.icaromobility.it/,375 734 4407,"Via Lenin, 8",Carpi,,info@icaromobility.com,https,Joomla,Sì,Keliweb S.R.L,52,46,92.00,Sì,No
Motorfelsinea Bmw Motorrad Bologna,Concessionario moto,,051 373551,"Via della Liberazione, 1",Bologna,,,,,,,,,,,
Noleggio Macchine Operatrici Di Arcieri Sergio,Ristorante,,0523 614388,"Via Filippo Cassoli, 4",Piacenza,,,,,,,,,,,
Free Rent - Autonoleggio,Agenzia di noleggio auto,,0542 363063,"Via Tommaso Campanella, 29",Imola,,,,,,,,,,,
oZ-o Monopattini Elettrici | Vendita Noleggio Assistenza Riparazione Monopattini Elettrici,Concessionaria di scooter elettrici,https://www.oz-o.it/,393 070 3333,"fuori Porta Lame, Via Amedeo Parmeggiani, 2/3 a",Bologna,,,https,React,Sì,Amazon.com,59,72,100.00,Sì,No
VAN4YOU - Noleggio Furgoni CARPI,Agenzia per il noleggio di furgoni,https://www.van4you.it/noleggio-furgoni/provincia-modena/carpi/?utm_source=gmb&utm_medium=scheda-local&utm_campaign=PromozioneLocal,059 396 9600,"Via Carlo Marx, 94",Carpi,,carpi@van4you.it,https,React,Sì,Genesys Informatica S.r.l.,55,84,85.00,Sì,No
Rent&Ride,Agenzia di noleggio moto,https://www.rentride-pesaro.com/,349 519 0910,"Via Giovanni Giolitti, 44",Pesaro,,,https,WordPress,No,Aruba S.p.A.,63,69,92.00,Sì,No
Officina - DPA Autofficina - Autonoleggio,Officina autoriparazioni,https://www.dpa-autofficinaenoleggio.it/,334 192 9893,"Via Emilia Levante, 400/B",Castel Bolognese,,assistenza@webador.it,https,React,No,Google LLC,79,99,85.00,Sì,No
Casini Sauro,Concessionario moto,http://www.casinimotorcycles.com/,055 790292,"Via Ilio Barontini, 61",Scandicci,,info@casinimotorcycles.com,https,React,Sì,Google LLC,59,87,100.00,Sì,No
Cilindrica srl,Concessionario moto,,0573 565590,"Via Provinciale Lucchese, 47",Stazione Masotti,,,,,,,,,,,
Becuzzi Rent,Servizio di noleggio scooter,http://www.becuzzirent.it/,0588 80588,"Viale Cesare Battisti, 14/16",Volterra,,becuzzirent@gmail.com,https,React,Sì,WeservIT,66,88,100.00,Sì,No
Moto-Scooter,Officina per la riparazione di moto,,051 302430,"Via Angelo Venturoli, 38",Bologna,,,,,,,,,,,
Fastmotor rent - noleggio scooter cecina,Servizio di noleggio scooter,https://www.scooterrent.it/,334 384 4040,"Via A. Meucci, 15",Cecina,,info@scooterrent.it,https,Joomla,No,Aruba S.p.A.,62,92,77.00,Sì,No
Autobus S.r.l.,Concessionario scooter,https://www.autobussrl.com/,051 371216,"Via Ferrarese, 153 abcd",Bologna,,info@autobussrl.com,https,React,No,OVH SAS,69,82,73.00,Sì,No
G.B. Moto di Branchini Jacopo,Officina per la riparazione di moto,,328 471 2898,"Via D. Alighieri, 1",Castelfranco Emilia,,,,,,,,,,,
Vespa Hangar,Servizio di noleggio scooter,http://www.vespahangar.com/,351 549 4122,"Via degli Avelli, 2",Firenze,,booking@vespahangar.com,https,WordPress,Sì,Aruba S.p.A.,59,54,100.00,Sì,No
Il Negozio del Noleggio - Mobilità senza confini Bologna,Agenzia di noleggio auto,,800 944 550,"Via P. Fabbri, 6",Castel Maggiore,,,,,,,,,,,
E-Dway,Servizio di noleggio scooter,https://www.e-dway.com/,055 802 6527,"Borgo Ognissanti, 65R",Firenze,,info@e-dway.com,https,WordPress,No,"Fastly, Inc.",35,53,100.00,Sì,No
Sefa Mobility - Noleggio Auto e Furgoni a breve e lungo termine,Agenzia di noleggio auto,https://sefamobility.it/,351 590 0333,"Via P. Fabbri, 6",Castel Maggiore,,sefabologna@gmail.com,,WordPress,Non trovato,Combell NV,72,88,100.00,Sì,No
Yestogo Chianti,Servizio di noleggio scooter,https://yestogo.it/,055 760 9915,"Viale Vittorio Veneto, 55D",Greve in Chianti,,contact@mysite.com,https,WordPress,No,Sharktech,56,62,92.00,Sì,No
MOTEZZA Rent A Classic,Agenzia di noleggio moto,https://motezza.com/en,353 451 6525,"Viale Vittorio Veneto, 57/interno 14",Greve in Chianti,,info@motezza.com,https,WordPress,No,"Automattic, Inc",66,87,100.00,Sì,No
Noleggio Rent Cicli e Moto - Alfio Survivor,Servizio di noleggio biciclette,http://www.alfiosurvivor.it/,320 159 1858,"Rivazzurra, di, Viale Mantova, 60",Rimini,,,https,WordPress,Sì,Serverplan s.r.l.,63,70,92.00,Sì,No
Cooltra Partner Castellammare di Stabia - Noleggio scooter,Agenzia di noleggio moto,http://www.cooltra.com/,081 1838 5707,"Corso Alcide de Gasperi, 146",Castellammare di Stabia,,info@cooltra.com,https,Angular,No,"Amazon.com, Inc.",56,86,100.00,Sì,No
Sicily Rent Service,Agenzia di noleggio auto,http://www.sicilyrentservice.it/,351 881 6106,"Via Gaetano Donizetti, 2",Castellammare del Golfo,,,http,React,Sì,Aruba S.p.A. Network,41,69,100.00,Sì,No
Moto Bosi,Meccanico,,345 347 6111,"Str. Della Crocetta, 2",Castell'Arquato,,,,,,,,,,,
"Noleggio Auto, Moto e Scooter Linate Fourwheels Renting",Agenzia di noleggio auto,https://fourwheelsrenting.it/filiali-fourwheels-renting/filiale-di-linate/,389 022 2480,"Viale Enrico Forlanini, 123",Milano,,filialelinate01@fourwheelsrenting.it,https,ASP.NET,Sì,Hetzner Online GmbH,30,56,85.00,Sì,No
"Noleggio Auto, Moto e Scooter Fourwheels Renting Malpensa",Agenzia di noleggio auto,https://fourwheelsrenting.it/filiali-fourwheels-renting/fourwheels-renting-malpensa-novotel/,375 630 2450,"Via Al Campo, 99",Cardano al Campo,,filialemalpensa01@fourwheelsrenting.it,https,Joomla,Sì,Hetzner Online GmbH,42,61,85.00,Sì,No
Scooter Castellammare,Agenzia di noleggio moto,http://www.scootercastellammare.com/,0924 31227,"Via Guglielmo Marconi, 163",Castellammare del Golfo,,info@scootercastellammare.com,https,ASP.NET,Sì,Aruba S.p.A. Network,63,86,92.00,Sì,No
"Noleggio Auto, Moto e Scooter Sesto San Giovanni, Fourwheels Renting",Agenzia di noleggio auto,https://fourwheelsrenting.it/filiali-fourwheels-renting/filiale-di-sesto-san-giovanni/,349 086 4713,"Piazza don Mapelli, 4",Sesto San Giovanni,,filialesesto01@fourwheelsrenting.it,https,React,Sì,Hetzner Online GmbH,31,63,85.00,Sì,No
"Noleggio Auto, Moto e Scooter Monza, Fourwheels Renting",Agenzia di noleggio auto,https://fourwheelsrenting.it/filiali-fourwheels-renting/filiale-di-monza/,348 587 6949,"Via Monte Grappa, 25",Monza,,filialemonza01@fourwheelsrenting.it,https,React,Sì,Hetzner Online GmbH,44,83,85.00,Sì,No
EuroRent Scooter & E-bike,Agenzia di noleggio moto,http://www.noleggioeurorentscooter.it/,334 274 9800,"Via Segesta, 126",Castellammare del Golfo,,,https,React,Sì,Aruba S.p.A. Network,52,59,91.00,Sì,No
"Noleggio Auto, Moto e Scooter Pescara Fourwheels Renting",Agenzia di noleggio auto,https://fourwheelsrenting.it/filiali-fourwheels-renting/filiale-di-pescara/,327 802 1321,"Viale Europa, 132",Spoltore,,info@fourwheelsrenting.it,https,ASP.NET,Sì,Hetzner Online GmbH,28,56,85.00,Sì,No
Mocelli Motorbike,Officina per la riparazione di moto,,059 230543,"Viale Guido Mazzoni, 23",Modena,,,,,,,,,,,
Ok Moto,Officina per la riparazione di moto,https://www.ok-moto.it/,051 940801,"Via T. A. Edison, 5",Castel San Pietro Terme,,info@ok-moto.it,,WordPress,Non trovato,Serverplan s.r.l.,0,0,0.00,Sì,No
Bocelli William,Concessionario moto,,0524 84594,"Via Agostino Berenini, 150",Fidenza,,,,,,,,,,,
Casa Della Moto,Negozio di ricambi per motociclette,,0535 91260,"Via Largo Cavallotti, 4/1",Finale Emilia,,,,,,,,,,,
Renato Moto,Negozio di ricambi per motociclette,,0524 527574,"Via E. Porro, 6",Fidenza,,,,,,,,,,,
Galdieri Rent Fidenza,Agenzia di noleggio auto,https://galdierirent.it/point/noleggio-lungo-termine-fidenza/,0521 272584,"Via Agostino Berenini, 122/a",Fidenza,,michele.sarcone@galdierirent.it,https,ASP.NET,No,OVH SAS,50,92,85.00,Sì,No
EasyBike Motonoleggio,Agenzia di noleggio moto,,348 271 8427,"Via Carra, 11",Parma,,,,,,,,,,,
"Stray Dogs - Noleggio E-Bike, Tour Guidati, Trekking - Pievepelago Cimone Appennino",Servizio di noleggio biciclette,http://www.straydogsschool.com/,351 531 5915,"Via C. Costa, 30",Pievepelago,,straydogsschool@gmail.com,https,Shopify,No,Aruba S.p.A.,0,68,92.00,Sì,No
"GM RENT RAPALLO - NOLEGGIO Honda, Sym Kymco, Yamaha, Qjmotor Askoll - Noleggio SCOOTER moto AUTO a breve e lungo termine",Servizio di noleggio scooter,https://www.gmrent.it/,329 406 6274,"Via Sant'Anna, 7",Rapallo,,info@gmrent.it,https,Angular,No,Aruba S.p.A.,28,27,91.00,Sì,No
Trenti Moto,Concessionario moto,,059 765887,"Via Tavoni, 145",Savignano sul Panaro,,,,,,,,,,,
Noleggio biciclette e risció Orioli,Servizio di noleggio biciclette,,347 821 1040,"Viale Camillo Benso Cavour, 3",Cesenatico,,,,,,,,,,,
Motorad1,Negozio di ricambi per motociclette,http://www.motorad1.it/,059 744162,"Via del Commercio, 283",Marano Sul Panaro,,,https,React,Sì,Aruba S.p.A. Network,67,91,83.00,Sì,No
Il Salone Del Tandem - Noleggio Riparazione Biciclette - Cesenatico,Servizio di noleggio biciclette,,329 291 1190,"Viale Venezia, 18/A",Cesenatico,,,,,,,,,,,
Simonazzi Trasporti,Agenzia di noleggio auto,http://www.simonazzitrasporti.it/,335 658 8215,"Via Ruffilli, 7",Guastalla,,info@simonazzitrasporti.it,https,React,No,Serverplan S.r.l.,26,48,85.00,Sì,No
Galassi Rent,Agenzia di noleggio auto,https://www.galassirent.com/,373 832 2006,"Via Gioacchino Zambrini, 10",Imola,,galassigabriele@legalmail.it,https,React,Sì,Aruba S.p.A.,60,82,100.00,Sì,No
Gommista Sala Silvano Snc,Negozio di biciclette elettriche,http://www.gommistasala.it/,0536 44038,"Via P. Giardini, 148",Lama Mocogno,,,http,ASP.NET,No,Aruba S.p.A. Network,75,94,82.00,Sì,No
Rent e-bike Noleggio Sci,Servizio di noleggio biciclette,,338 899 0260,"Piazza Dante Alighieri, 14",Piane di Mocogno,,,,,,,,,,,
BETAKON autorenting,Agenzia di noleggio auto,,0535 666319,"Via Malaguti Iames, 24",Guastalla,,,,,,,,,,,
Monica Emilio,Concessionario moto,http://www.monicamoto.it/,0521 852303,"Via Tomasicchio, 9",Langhirano,,monica.moto@dealer.piaggiogroup.net,https,WordPress,No,Serverplan s.r.l.,31,53,85.00,Sì,No
Iseorent & automobili Guerrieri srl,Rivenditore di auto,http://www.iseorent-automobiliguerrieri.com/,030 984 0050,"Via per Rovato, 21",Iseo,,iseorent@libero.it,https,WordPress,Sì,Aruba S.p.A.,47,56,83.00,Sì,No
Guareschi Moto - Concessionario ufficiale Moto Guzzi e Aprilia - Vendita accessori e ricambi,Concessionario moto,http://www.guareschimoto.it/,0521 774149,"Via Mario Fantelli, 15/A",Parma,,,https,React,Sì,"Cloudflare, Inc.",46,48,100.00,Sì,No
Trioschi Moto,Concessionario moto,http://www.trioschi.it/,0545 23780,"Via Mentana, 33",Lugo,,info@trioschi.it,https,WordPress,Sì,Aruba S.p.A.,56,69,85.00,Sì,No
CITYCAR Autonoleggio - Noleggio Bici e Scooter,Agenzia di noleggio auto,http://www.citycarauto.com/,348 370 2916,"Via Diso, 216",Spongano,,,https,Angular,Sì,Aruba S.p.A. Network,65,87,92.00,Sì,No
Colaci Moto Di Adolfo Colaci,Concessionario moto,http://www.colacimoto.it/,0833 555895,"Via Rovigo, 5",Ugento,,info@colacimoto.it,https,Angular,No,OVH ISP,70,94,100.00,Sì,No
TRIUMPH RAVENNA,Concessionario moto,http://www.triumphravenna.it/,0545 181 6434,"Via Mentana, 33",Lugo,,,https,ASP.NET,Sì,Brennercom SPA,51,53,100.00,Sì,No
VerniaBike di Vernia Fabio,Negozio di riparazione biciclette,,351 621 3733,"Via Zenzano, 23",Marano Sul Panaro,,,,,,,,,,,
"Mastroleo Noleggio Auto - Scooter - Bici- TORRE VADO, Gallipoli, Salento",Agenzia di noleggio auto,https://noleggio.mastroleo.com/,371 490 4735,"Corso Venezia, 7",Torre Vado,,info@mastroleonoleggio.com,https,Joomla,No,Aruba S.p.A. Network,55,22,92.00,Sì,No
"EMotion Padova - noleggio bici elettriche, vendita moto e scooter elettrici",Servizio di noleggio biciclette,https://emotionpadova.com/,351 591 9504,"Via Martiri d'Ungheria, 40",Abano Terme,,nemotionpadovasnc@gmail.com,https,WordPress,No,"Cloudflare London, LLC",55,69,91.00,Sì,No
Mud And Snow,Negozio di abbigliamento sportivo,https://mudandsnow.com/,059 867 6987,"Via Fondovalle, 2876",Marano sul Panaro,,ecom-swiper@11.css,https,React,No,"Cloudflare, Inc.",47,32,77.00,Sì,No
Sport Car Test Drive in Maranello,Agenzia di noleggio auto,http://www.testdriveemmaranello.com/,059 553268,"Via Alfredo Dino Ferrari, 12",Maranello,,leonardo@impera.com.br,https,React,No,"Cloudflare, Inc.",59,75,92.00,Sì,No
Noleggio Scooter Moto Design,Agenzia di noleggio auto,,338 883 4514,"Via Bordigona, 8/A",Massa,,,,,,,,,,,
Motorsport Maranello,Agenzia di noleggio auto,https://www.motorsportitalia.it/,0536 941779,"Via Alfredo Dino Ferrari, 61",Maranello,,info@motorsportitalia.it,https,React,No,Hetzner Online GmbH,31,73,92.00,Sì,No
Sg Racing Maranello,Motocross,http://www.sgracingmaranello.com/,328 533 3318,"Via Goffredo Mameli, 1",Maranello,,,https,Wix,Sì,Google LLC,51,40,100.00,Sì,No
BMW Motorrad Onorio Moto,Concessionario BMW,http://www.onoriomoto.bmw-motorrad.it/it/onoriomoto/it/index.html,0522 692723,"Via Giacomo Matteotti, 5",Correggio,,info@onorio.conc-bmw.com,http,React,No,Akamai Technologies,19,38,92.00,Sì,No
Harley-Davidson Onorio Moto,Concessionario moto,http://www.harleydavidsononorio.it/,0522 692166,"Via Giacomo Matteotti, 4",Correggio,,,https,WordPress,Sì,"DigitalOcean, LLC",56,70,75.00,Sì,No
Cicli e Motocicli Santamaria - Correggio,Negozio di riparazione biciclette,,0522 083593,"Via XX Settembre, 4a",Correggio,,,,,,,,,,,
Max 2 Ruote Di Carubbi Massimo,Negozio di biciclette,,0522 643196,"Via Pio la Torre, 1",Correggio,,,,,,,,,,,
Noleggio a Gallipoli. Bici Scooter Auto e servizio navetta.Corso Roma Gallipoli,Agenzia di noleggio auto,http://www.easyrentgallipoli.it/,340 081 0867,"Via A. Castriota, 13",Gallipoli,,info@easyrentgallipoli.it,http,Joomla,No,Aruba S.p.A.,37,68,92.00,Sì,No
BLURENT NOLEGGIO SCOOTER AUTO BICI E-BIKE,Agenzia di noleggio auto,http://www.blurentgallipoli.it/,351 795 3290,"VIA Lungomare G. Galilei 67, Corso Roma, 181",Gallipoli,,,http,WordPress,No,Aruba S.p.A.,54,54,92.00,Sì,No
"Sg Rent, Navetta da 9 posti a 55 noleggio auto,scooter,bici più servizio NCC",Azienda di trasporti in autobus,,346 619 6830,"Via Gian Battista Vico, 61",Gallipoli,,,,,,,,,,,
Noleggio Biciclette Atala,Servizio di noleggio biciclette,,0533 311529,"Via Ludovico Muratori, 2",Comacchio,,,,,,,,,,,
Myblucar srls,Servizio taxi,http://www.myblucar.com/,335 835 4390,"Via Ferdinando Galli Bibbiena, 1",Colorno,,info@myblucar.com,https,Joomla,No,Hetzner Online GmbH,70,91,100.00,Sì,No
Noleggio bici Comacchio - Logonovo e-bike,Servizio di noleggio biciclette,https://www.fenicotterodeltatour.com/,351 488 3235,"Via Conca, 1",Comacchio,,info@mysite.com,https,WordPress,No,Google LLC,73,95,100.00,Sì,No
Moto Shop snc,Concessionario moto,http://www.motoshopyamaha.com/,0521 292954,"Via Giorgio Sonnino Sidney, 39/A",Parma,,info@motoshopyamaha.com,https,React,Sì,Aruba S.p.A.,65,69,92.00,Sì,No
Noleggio Scacchi aperto dal Maggio a fine del Settembre dal anno 1985-,Servizio di noleggio biciclette,,348 483 0338,"V.le degli Scacchi, 59",Lido degli Scacchi,,,,,,,,,,,
Tuttonoleggio,Servizio di noleggio biciclette,http://tuttonoleggio.eu/,393 543 6247,"Viale Dei Pini, 20",Lido degli Estensi,,,https,WordPress,No,Aruba S.p.A.,80,87,100.00,Sì,No
Giringiro Autoservizi,Agenzia di noleggio auto,https://giringiroravennancc.it/,0544 187 8007,"Via Marina, 33",Comacchio,,giringiro@giringiro.it,https,WordPress,Sì,Signet B.V.,68,86,92.00,Sì,No
Bike Garage - Noleggio E-bike - Percorso naturalistico Argine degli Angeli,Servizio di noleggio biciclette,,391 753 0464,"Via Andrea Mantegna, 129",Lido di Spina,,,,,,,,,,,
Comacchio Experience - Noleggio Bici Comacchio – Escursioni - Rent Bike - E-bike - Osteria – Argine degli Angeli,Zona ristorazione,https://www.comacchioexperience.com/,334 351 3680,"consegna bici - bike point, Viale Dolomiti, Via dello Squero, 16",Lido di Pomposa,,,https,React,No,Host SpA,50,62,92.00,Sì,No
Easy Rent Autonoleggio di Easy S. R. L.,Agenzia di noleggio auto,,0533 718175,"Via Don Cesare Simoni, 9",Porto Garibaldi,,,,,,,,,,,
NOLEGGIO BICI COMACCHIO - RENT BIKE - E-BIKE - BICI ELETTRICHE - ANELLO VALLI DI COMACCHIO - ARGINE DEGLI ANGELI,Servizio di noleggio biciclette,http://www.comacchionoleggiobici.it/,339 673 4283,"Via Monsignor G.S. Menegazzi, 8",Comacchio,,,https,WordPress,No,Aruba S.p.A.,62,0,92.00,Sì,No
Noleggio Acacia,Servizio di noleggio biciclette,,338 697 7147,"Viale Giosuè Carducci, 49",Lido degli Estensi,,,,,,,,,,,
NOLEGGIO BICI LIDO NAZIONI-COMACCHIO-BICI-E-BIKE-RISCIO'-ARGINE DEGLI ANGELI-VALLI DI COMACCHIO-RENT BIKE-,Servizio di noleggio biciclette,http://www.comacchionoleggiobici.it/,338 346 8834,"Viale Jugoslavia, 4",Lido delle Nazioni,,,https,Angular,No,Aruba S.p.A.,62,0,92.00,Sì,No
Vespa Rent Sirmione,Agenzia di noleggio moto,,351 831 1667,"Viale Guglielmo Marconi, 31",Sirmione,,,,,,,,,,,
"Deltaciclando - Esplorare in Bicicletta - Informazioni: Ciclo-itinerari, Noleggi Bici, E-Bike, Anello Valli di Comacchio",Guida escursionistica,http://www.deltaciclando.it/,351 552 4286,"Via Elettra Marconi, 12",Comacchio,,,https,Basekit,No,Aruba S.p.A.,16,28,92.00,Sì,No
Cavicchioli Moto Parma / Service Milioli Racing,Concessionario moto,http://www.cavicchiolimoto.it/,346 225 2179,"Via Baganza, 22",Parma,,,http,ASP.NET,No,Aruba S.p.A. Network,99,100,80.00,Sì,No
Moves Parma (assistenza biciclette/e-bike/monopattini- noleggio,Negozio di riparazione biciclette,http://www.move-s.it/,0521 181 1612,"Strada Abbeveratoia, 87 b",Parma,,,http,ASP.NET,No,OVH SAS,63,94,73.00,Sì,No
Noleggio e Riparazioni Biciclette Zannini,Negozio,https://sites.google.com/view/riparazioni-zannini-ita/home,342 122 1943,"Via Caravaggio, 43",Lido di Spina,,riparazioni.zannini@gmail.com,https,Shopify,Sì,Google LLC,53,72,83.00,Sì,No
Motormarket Rivara Parma,Concessionario moto,http://www.motomarketrivara.com/,0521 494341,"Via Emilio Lepido, 41/A",Parma,,,http,WordPress,No,OVH SAS,60,77,77.00,Sì,No
Garda Motorradverleih,Agenzia di noleggio moto,http://www.gardaroller.com/,030 912 7731,"Via G. Rambotti, 15",Desenzano del Garda,,,https,Joomla,No,One.com A/S,65,61,75.00,Sì,No
Daniele Chieregatto Autonoleggio Con Conducente NCC,Servizi di trasporto,,351 810 9772,"Via Aldo Moro, 65",Conselice,,,,,,,,,,,
Vezzali Viaggi,Agenzia viaggi,https://www.autoservizivezzali.it/,339 170 1696,"Via Giuseppe Mazzini, 103",Copparo,,info@autoservizivezzali.it,https,Shopify,No,Seeweb s.r.l.,76,93,83.00,Sì,No
Motopiù (Ferrara) - Concessionaria ufficiale Ducati e Kymco,Concessionario moto,http://www.motopiu.it/,0532 903058,"Vle Po, 49",Ferrara,,,https,OpenCart,No,Aruba S.p.A,68,76,91.00,Sì,No
Rovigo Noleggio,Servizio di noleggio scooter,,348 035 8078,"Via Masetti, 191 e",Badia Polesine,,,,,,,,,,,
Noleggio con Conducente Marchioni Gianluca,Servizio taxi,https://nccmarchioni.it/,340 877 0061,Via Alessandro Volta,Copparo,,ncc.marchioni.g@gmail.com,https,WordPress,Sì,Netsons s.r.l.,87,98,100.00,Sì,No
Noleggio E-Bike Marsaglia,Servizio di noleggio biciclette,https://appenninoemilia.it/servizi/noleggio-e-bike-marsaglia/,345 694 8746,"V. Trebbia, 2",Marsaglia,,xylmvzw@fg.drl,https,WordPress,No,Keliweb S.R.L,40,87,100.00,Sì,No
Ratclif Bikers,Concessionario moto,http://www.motocustomitalia.com/,346 350 4516,"Via Nazionale Emilia, 102 43015",Sanguinaro,,motocustomitalia@yahoo.it,http,React,No,Register.IT S.p.A,61,91,83.00,Sì,No
Misano noleggi,Servizio di noleggio scooter,https://misanonoleggi.it/,339 583 0104,"Via Piemonte, 6",Misano Adriatico,,arigabellini@libero.it,https,Laravel,No,IONOS SE,66,56,85.00,Sì,No
Sport Bike,Negozio di biciclette,,0521 620033,"Viale Papa Giovanni XXIII, 14",Noceto,,,,,,,,,,,
Noleggio Bici Riccione - Noleggio Magnani,Servizio di noleggio biciclette,https://www.noleggioriccione.com/,329 071 6334,"Viale Gabriele D'Annunzio, 66",Riccione,,noleggiomagnani@gmail.com,https,WordPress,Sì,Aruba S.p.A.,56,80,92.00,Sì,No
BRM Noleggi srl,Agenzia per il noleggio di furgoni,https://brmnoleggi.it/,329 135 5295,"Via Nazionale Emilia, 55/A",Noceto,,info@brmnoleggi.it,https,WordPress,No,Netsons s.r.l.,66,79,100.00,Sì,No
Scooter Center Snc,Meccanico e assistenza automobili,,051 982892,"Via di Mezzo Levante, 123",Crevalcore,,,,,,,,,,,
eGOeBIKE Negozio/Officina Centro riparazione eBike e Monopattini,Negozio di riparazione biciclette,http://www.egoebike.com/,059 872 3054,"Via Guglielmo Marconi, 28",Nonantola,,fabio.zara@egoebike.com,https,ASP.NET,Sì,Aruba S.p.A.,48,75,100.00,Sì,No
Mazzini Moto,Officina per la riparazione di moto,,0541 920605,"Strada Provinciale Marecchia, 71",Novafeltria,,,,,,,,,,,
For Ride - Valmarecchia ebike experience,Servizio di noleggio biciclette,https://www.for-ride.it/,350 011 6311,"Via Marecchia, 46",Novafeltria,,esperienze@for-ride.it,https,ASP.NET,No,Aruba S.p.A.,46,60,85.00,Sì,No
Baraldi Moto di Christopher Baraldi,Officina per la riparazione di moto,,0522 661936,"Str. dei Boschi, 2\G",Novellara,,,,,,,,,,,
Motorservice,Fornitore di trattori e macchine agricole,https://www.motorservicenovellara.it/,0522 654936,"Via Nova, 41/43",Novellara,,motorservicedirazzini@virgilio.it,https,WordPress,No,HOSTINGER DE,64,94,100.00,Sì,No
Visani Moto,Officina per la riparazione di moto,,333 832 8332,"Via Rambelli, 2",Faenza,,,,,,,,,,,
Tozzi Moto di Tozzi Flavio,Concessionario moto,https://www.motovilla.eu/italia/portfolio-articoli/tozzi-moto-e-concessionario-villa-moto-per-faenza/,0546 621639,"Via Luigi Galvani, 46",Faenza,,service@motovilla.eu,https,WordPress,No,Aruba S.p.A.,64,93,92.00,Sì,No
Noleggio Auto e Furgoni Maggiore AmicoBlu - Faenza,Agenzia di noleggio auto,,0546 687119,"Via dé Crescenzi, 1",Faenza,,,,,,,,,,,
Multirent Faenza,Agenzia di noleggio auto,https://www.multirentfaenza.com/,371 429 1380,"Via Emilia Ponente, 1/A",Faenza,,multirentfaenza@gmail.com,https,React,Sì,Google LLC,77,84,100.00,Sì,No
Moto Club Winter Bikers,Parcheggio per motociclette,http://www.winterbikers.com/,335 726 8374,"Via Luigi Galvani, 31",Faenza,,winterbikersfaenza@gmail.com,http,WordPress,No,Aruba S.p.A. Network,55,61,85.00,Sì,No
Nonsolomoto Di Franceschi Luca,Concessionario moto,,0532 814142,"Via Edmondo De Amicis, 14",Portomaggiore,,,,,,,,,,,
Nolo Garden,Agenzia per il noleggio di attrezzature,https://www.nologarden.it/noleggio/,335 541 9125,"Provinciale per, Via Provinciale Modena, 47",Novi di Modena,,info@nologarden.it,https,WordPress,Sì,Aruba S.p.A.,65,93,100.00,Sì,No
"Rent a Scooter Modena, Dubrovnik",Servizio di noleggio scooter,https://modenascooters.com/,+385 95 395 0826,Ul. bana Josipa Jelačića 17,Dubrovnik,,marijolapacina@yahoo.com,https,Shopify,No,Hetzner Online GmbH,54,55,100.00,Sì,No
Vesparun Cinqueterre - Vespa- Scooter - Moto rent,Servizio di noleggio scooter,http://vesparun.it/,347 135 4068,"Via della Pianta, 30a",La Spezia,,,https,React,No,OVH ISP,89,99,92.00,Sì,No
OnBike Service Viareggio,Officina per la riparazione di moto,,347 852 0516,"Via dei Coltivatori, 12",Viareggio,,,,,,,,,,,
Scooter Point La Spezia,Concessionario moto,http://www.scooterpointlaspezia.com/,348 734 7749,"Viale Giovanni Amendola, 102",La Spezia,,,http,ASP.NET,No,Aruba S.p.A. Network,62,85,42.00,Sì,No
Cintoirent,Agenzia di noleggio moto,http://www.cintoirent.it/,0187 770194,"Via XX Settembre, 219",La Spezia,,info@cintoi.it,http,Joomla,Sì,Ampersand network,52,65,92.00,Sì,No
Vespa Rent Lucca,Servizio di noleggio scooter,https://vesparentlucca.it/,333 111 3095,"Via Teresa Bandettini, 932",Lucca,,info@vesparentlucca.it,https,WordPress,No,"Cloudflare, Inc.",79,95,100.00,Sì,No
Knowleggi S.R.L,Agenzia di noleggio auto,https://www.knowleggi.it/,055 051 7062,"Borgo Ognissanti, 133r",Firenze,,info@knowleggi.it,https,WordPress,Sì,IT.Gate S.p.A.,43,77,61.00,Sì,No
Motor Bike,Rivenditore di veicoli a motore,http://trialmotoitalia.it/,0521 684756,"Via Aimi Carlo, 26",Fontanellato,,,http,ASP.NET,No,Aruba S.p.A. Network,67,89,85.00,Sì,No
Riders,Concessionario moto,,0543 722011,"Via Virginio Giovanni Schiaparelli, 15",Forlì,,,,,,,,,,,
Buscherini Moto Racing srls,Negozio di motociclette,https://it.yamaha-motor.eu/concessionari/buscherini-moto,0543 703761,"Viale Bologna, 88/C",Forlì,,motobusca@gmail.com,https,React,Sì,Register S.P.A.,77,94,92.00,Sì,No
Autoclub Imola | Concessionaria BMW Motorrad Imola - Gruppo Autoclub,Concessionario moto,https://www.gruppoautoclub.it/,0542 362136,"Via Provinciale Selice, 23",Imola,,usatoweb@autoclub.it,https,WordPress,Sì,SoftLayer,18,34,85.00,Sì,No
Gruppo Mollo Noleggio - Forlì (Forli - Cesena),Noleggio carrelli elevatori,https://www.mollofratelli.com/category/prodotti/noleggio/,0543 720080,"Via Correcchio, 23",Forlì,,info@mollonoleggio.com,https,React,Sì,Server Plan S.r.l.,50,32,85.00,Sì,No
CMTmotor FORLI',Concessionario moto,http://www.cmtmotor.com/,0543 814230,"Vle Antonio Gramsci, 91",Forlì,,,https,React,Sì,Tinext Cloud SA,49,49,82.00,Sì,No
Mariani Team Di Mariani Renzo,Concessionario moto,http://www.moto-accessori.it/237420_mariani_team_di_mariani_renzo.htm,0543 782000,"Via Antonio Vivaldi, 17",Forlì,,info@moto-accessori.it,http,React,No,Aruba S.p.A.,98,98,92.00,Sì,No
SICA RENT NOLEGGIO LUNGO TERMINE - AUTOSICA,Agenzia di noleggio auto,http://www.sicarent.it/,0543 722464,"Sede Legale, Via Bertini 160, Via Correcchio, 2/B",Forlì,,vendite@autosica.it,https,Shopify,Sì,EMIND1,56,68,92.00,Sì,No
Italnolo Forli Cesena,Agenzia per il noleggio di attrezzature,https://italnolo.it/index.php?controller=store&id_store=6,0543 751203,"Via Luigi Galvani, 30",Forlì,,,https,React,No,Hetzner Online GmbH,64,82,92.00,Sì,No
Vf moto,Officina per la riparazione di moto,http://www.vfmoto.it/,342 593 6377,"Via Diaz 64/D Ingresso dal civico, 66",Forlimpopoli,,,https,Joomla,No,Aruba S.p.A.,86,99,92.00,Sì,No
M G M Di Martini Enrico,Negozio di motociclette,,0532 752465,"Via Luigi Borsari, 69",Ferrara,,,,,,,,,,,
NOLEGGIO AUTO E SCOOTER CARROZZI,Agenzia di noleggio auto,,0832 851276,Via Lecce,Vernole,,,,,,,,,,,
Moto +,Officina per la riparazione di moto,https://www.officinamotopiu.it/index.php,059 961 3874,"Via E. Ghiselli, 10/12",Formigine,,,https,ASP.NET,No,Aruba S.p.A. Network,75,92,83.00,Sì,No
Velo Club Felino,Servizio di noleggio biciclette,,0521 336242,"Piazza Miodini, 9",Felino,,,,,,,,,,,
Todisco Bike Ferrara,Servizio di noleggio biciclette,http://todisco.bike/,346 139 4287,"Via del Podestà, 4",Ferrara,,info@todisco.bike,https,WordPress,No,UK-NC,59,80,77.00,Sì,No
Ferrara Motori - Società di ErreEffe Group - Concessionaria BMW e partner MINI,Rivenditore di auto,http://www.erreeffegroup.it/,0532 771308,"Via Guglielmo Marconi, 248/252",Ferrara,,,https,Joomla,Sì,Aruba S.p.A.,60,72,100.00,Sì,No
Emporio dell'Auto,Negozio di ricambi per auto,http://edamoto.it/,0532 210482,"Corso Isonzo, 101/103/105",Ferrara,,info@edamoto.it,http,React,No,"DigitalOcean, LLC",32,28,91.00,Sì,No
"Moto Cedrini ( Ferrara ) - Concessionario Kawasaki, Voge e Rivenditori CF Moto - Officina Autorizzata",Concessionario moto,https://www.motocedrini.com/,0532 54338,"Via della Canapa, 31",Ferrara,,baf30a2b91654c5a840931f0137bed30@sentry.wixpress.com,https,Wix,Sì,Google LLC,63,63,100.00,Sì,No
Esse Elle Piaggio Exclusive scooter e moto,Concessionario moto,,019 528 5479,"Corso Vittorio Veneto, 210r",Savona,,,,,,,,,,,
Chiavi auto Okeyservice,Servizio di duplicazione di chiavi,http://chiaviautomoto.it/,393 559 4566,"Via Modena, 108/B",Ferrara,,ricambichiaviauto2@gmail.com,https,Shopify,No,One.com A/S,55,72,100.00,Sì,No
"Noleggio Biciclette ,scooter , Riccione",Servizio di noleggio biciclette,,389 797 3673,"Viale Gabriele D'Annunzio, 114",Riccione,,,,,,,,,,,
Square 42 Rimini - Concessionaria ufficiale DR Automobiles | EVO | XEV | Mahindra | Zero Motorcycles,Concessionario moto,http://www.square42.eu/,0541 759855,"Via Ausa, 42",Coriano,,info@square42.eu,https,Joomla,No,Contabo GmbH,51,54,85.00,Sì,No
"Everent - Noleggio lungo termine auto, moto, furgoni",Agenzia di noleggio auto,https://everent.it/,345 994 5038,"Corso Vittorio Veneto, 4r",Savona,,info@everent.it,https,WordPress,Sì,Netsons s.r.l.,52,76,100.00,Sì,No
Genovespa,Agenzia di noleggio moto,https://genovesparent.it/,388 481 3656,"Via Nino Bixio, 8/R",Genova,,info@genovesparent.it,https,WordPress,Sì,Armada WAN,60,95,92.00,Sì,No
Italyrent71 Noleggio scooter E- Bike Facebook IR71,Agenzia di noleggio moto,http://www.italyrent71.com/,333 840 1397,"SS 1, 323",Ceriale,,info@italyrent71.com,https,WordPress,Sì,Aruba S.p.A.,77,96,92.00,Sì,No
E&G Auto e Moto,Rivenditore di auto,http://www.egalbisola.it/,019 483800,"Corso Giuseppe Mazzini, 48 ufficio Corso Giuseppe Mazzini, 95 esposizione",Albisola Superiore,,info@egalbisola.it,https,WordPress,Sì,SoftLayer,50,81,75.00,Sì,No
Da Gio Moto di piovani michele,Meccanico,,349 428 8494,"Via E. Carbognani, 2/a",Traversetolo,,,,,,,,,,,
RUOTE LIBERE SNC,Concessionario moto,https://www.ruotelibere10-8.com/,333 172 1068,"Via Colonnello Aprosio, 399",Imperia,,,,Angular,Non trovato,Google LLC,83,99,36.00,No - Pagina Non Trovata (404),No
Finale Services - noleggio moto/bici,Autolavaggio,https://www.finaleservices.com/,340 461 0957,"presso benzinaio IP Finalborgo, Via Generale Arnaldi, 4",Finale Ligure,,info@finaleservices.com,https,React,No,Aruba S.p.A. Network,66,96,36.00,Sì,No
GreeNet noleggio barche e scooter,Servizio di noleggio scooter,https://www.greenet.city/,389 524 5826,Via Scarincio,Imperia,,info@greenet.city,https,Joomla,Sì,Aruba S.p.A.,52,52,92.00,Sì,No
garagebike Traversetolo,Negozio di biciclette elettriche,http://www.garagebikeparma.com/,0521 841519,"Via Curie Madame, 3",Traversetolo,,,https,Angular,No,Google LLC,64,85,73.00,Sì,No
Rent Garda Lake - noleggio Vespa scooter - Peschiera del Garda,Servizio di noleggio scooter,http://www.rentgardalake.com/,329 962 0957,"Via Bell'Italia, 45",Peschiera del Garda,,info@rentgardalake.com,https,Squarespace,No,Server Plan S.r.l.,46,65,92.00,Sì,No
Bruzzo Moto,Concessionario moto,http://www.bruzzomoto.it/,010 717 2141,"Via Fiorenzo Semini, 46",Genova,,,http,ASP.NET,No,Aruba S.p.A. Network,68,99,82.00,Sì,No
"Motofoce Racing | Centro Autorizzato Kymco | Vendita, Restauro Scooter e Motocicli.",Concessionario scooter,https://www.motofoceracing.it/,010 455 0786,"Via Camillo Finocchiaro Aprile, 96r/102r",Genova,,,https,WordPress,Sì,Aruba S.p.A.,43,71,100.00,Sì,No
Eros Moto,Concessionario moto,http://www.erosmotogenova.it/,010 540357,"36/38 rosso, Via Giuseppe Casaregis, 36/38 Rosso",Genova,,erosmoto@libero.it,https,WordPress,Sì,Netsons s.r.l.,56,80,92.00,Sì,No
"Noleggio Quattro | Camper, Auto, Scooter, Bici elettriche",Agenzia di noleggio auto,http://noleggioquattro.it/,389 168 4222,"Via C. Festa, 23",Arenzano,,,https,Webflow,No,Amazon Technologies Inc.,81,92,100.00,Sì,No
Moteggiami,Concessionario moto,http://www.moteggiami.eu/,389 635 7279,"Via Maddaloni, 15",Genova,,info@moteggiami.eu,https,ASP.NET,No,Aruba S.p.A. Network,64,69,85.00,Sì,No
"Imperia Moto, Ducati - Kawasaki Sanremo - Aprilia - Moto Guzzi - Piaggio - Vespa - Benelli - CF Moto - Keeway",Concessionario moto,http://www.imperiamoto.it/,0183 295999,"Via Argine Sinistro Goffredo Alterisio, 198",Imperia,,info@desnoemoto.it,https,WordPress,Sì,Aruba S.p.A,31,33,85.00,Sì,No
Kymco Moto Racer - Felo Moto Elettriche,Concessionario scooter,https://motoracergenova.it/,010 455 2624,"Corso Sardegna, 82r",Genova,,motoracergenova@gmail.com,https,Shopify,No,Netsons Network,82,95,92.00,Sì,No
Noleggio Scooter | Ansaldo Andrea,Servizio di noleggio scooter,https://www.giglionoleggio.it/,348 859 3041,Via Provinciale Porto,Isola del Giglio,,,https,Joomla,No,HOST-VDC,61,93,100.00,Sì,No
Losi&Losi,Concessionario scooter,https://www.losielosi.it/,010 570 2587,"Via Giuseppe Macaggi, 19/21 R",Genova,,assistenzalosielosi@gmail.com,https,Shopify,Sì,Server Plan S.r.l.,59,82,100.00,Sì,No
Orlandini Giovanni & Fratelli,Negozio di biciclette,,0536 21073,"Via Giardini, 185",Pavullo nel Frignano,,,,,,,,,,,
Cascobene,Negozio di ricambi per motociclette,http://www.cascobene.com/,010 595 8813,"Viale Brigata Bisagno, 48",Genova,,fiere@cascobene.com,https,React,No,Aruba S.p.A.,56,83,100.00,Sì,No
Il Rosso Vespa Tour,Servizio di noleggio scooter,https://www.ilrossomototour.com/,328 556 9738,"Str. Privata Peiranze, 27",Sanremo,,info@ilrossomototour.com,https,WordPress,No,OVH SAS,73,56,75.00,Sì,No
Spidy For Moto Ventimiglia,Concessionario moto,,0184 295233,"Corso Genova, 104",Ventimiglia,,,,,,,,,,,
mamarent,Agenzia di noleggio moto,https://mamarentriviera.com/,348 230 7835,"Corso Guglielmo Marconi, 142",Sanremo,,,https,Shopify,Sì,Hostinger International Limited,65,71,85.00,Sì,No
noleggio scooter,Servizio di noleggio scooter,,340 842 6920,"Corso Genova, 82",Ventimiglia,,,,,,,,,,,
Paddock Rent Scooter,Agenzia di noleggio moto,,388 578 2610,"Via della Rimembranza, 12",Levanto,,,,,,,,,,,
myscootertigullio,Agenzia di noleggio moto,http://www.myscootertigullio.it/,348 366 0422,Via Giovanni Amendola,Rapallo,,,,ASP.NET,No,Aruba S.p.A. Network,56,81,83.00,Sì,No
Scooter Point Vendita Ricambi e Accessori,Concessionario moto,,327 658 1486,"Viale Giovanni Amendola, 102",La Spezia,,,,,,,,,,,
Shelby SRL Noleggio,Agenzia di noleggio auto,,391 734 6394,"Piazza Cesare Battisti, 8",La Spezia,,,,,,,,,,,
GM Motor a Rapallo - VENDITA scooter e MOTO con OFFICINA - RIVENDITORE autorizzato HONDA e YAMAHA,Concessionario moto,https://www.gmmotor.it/,0185 261591,"Via Sant'Anna, 5",Rapallo,,info@gmmotor.it,https,Angular,No,Aruba S.p.A.,55,62,82.00,Sì,No
Rent Me Scooter,Agenzia di noleggio moto,http://www.rentmescooter.it/,0185 472103,"Via Monsignor Salvatore Vattuone, 89a",Sestri Levante,,,https,WordPress,No,Aruba S.p.A.,56,80,92.00,Sì,No
Motor Up Service s.a.s,Area di parcheggio,http://www.motorupservice.com/,0182 644813,"Corso Guglielmo Marconi, 83",Alassio,,,https,Joomla,No,Virtual Solution,71,97,100.00,Sì,No
Laigueglia Bike & Wellness,Servizio di noleggio biciclette,http://www.laiguegliabike.it/,0182 636163,"Piazza Guglielmo Marconi, 4",Laigueglia,,info@website.com,https,WordPress,No,Host SpA,52,70,85.00,Sì,No
S.P. Moto - RIPARAZIONE NOLEGGIO MOTO E SCOOTER,Officina per la riparazione di moto,http://www.noleggioscootergenova.it/,010 377 0517,"Via Tolemaide, 52r",Genova,,,http,ASP.NET,No,Aruba S.p.A. Network,99,100,92.00,Sì,No
Bravini Moto,Concessionario moto,http://www.bravinimoto.com/,0524 575271,"Via Fosse Ardeatine, 1A",Salsomaggiore Terme,,info@bravinimoto.com,https,WordPress,Sì,Aruba S.p.A.,75,93,92.00,Sì,No
Savona Rent,Agenzia di noleggio auto,https://savonarent.com/,019 204 4495,"Via dei Partigiani, 19",Savona,,info@savonarent.com,https,React,No,Servereasy Srl,59,82,100.00,Sì,No
Noleggio Auto Recco - Multiservice Sas,Agenzia di noleggio auto,https://www.noleggioautorecco.it/,393 972 2028,"Salita Liceto, 1",Recco,,info@noleggioautorecco.it,https,React,No,OVH SAS,76,100,100.00,Sì,No
Wrappando,Carrozzeria,http://www.wrappando.it/,334 905 0088,"Via della Libertà, 66 R",Genova,,info@setmar.it,https,WordPress,Sì,Aruba S.p.A. Network,64,69,85.00,Sì,No
Arbasetti Moto E Scooter Di Arbasetti Giovanni,Concessionario moto,,0185 41283,"Viale Roma, 50",Sestri Levante,,,,,,,,,,,
Noleggio Moto Como,Servizio di noleggio scooter,https://www.noleggiomotocomo.com/,327 308 0818,"Via Gerolamo Borsieri, 25/C",Como,,noleggiomotocomo@gmail.com,https,Joomla,Sì,Server Plan S.r.l.,28,49,100.00,Sì,No
Cinque Terre Transfer - Noleggio con Conducente,Servizio taxi,https://www.5terretransfer.com/,340 356 5268,"Via De Gasperi, 99",Riomaggiore,,5terretransfer@libero.it,https,WordPress,Sì,Server Plan S.r.l.,41,52,77.00,Sì,No
NOLEGGIO A LUNGO E BREVE TERMINE LA SPEZIA,Agenzia di noleggio auto,,345 314 3624,"Controviale di Viale Italia, 116",La Spezia,,,,,,,,,,,
Officina Baraldi Massimo S.R.L.,Servizio di riparazione di trattori e macchine agricole,https://www.officinabaraldimassimo.it/,0535 22028,"Via 2 Giugno, 107",Mirandola,,info@officinabaraldimassimo.it,https,Shopify,Sì,Serverplan s.r.l.,65,69,92.00,Sì,No
Cinque Terre dal Mare Boat Tours and Rentals,Agenzia di escursioni in barca,https://www.cinqueterredalmare.com/en,334 791 4639,Via San Giacomo,Riomaggiore,,info@cinqueterredalmare.com,https,Duda,Sì,Aruba S.p.A.,34,84,85.00,Sì,No
e-Mobility & Renting,Agenzia di noleggio auto,,0425 166 6454,"SS 16, 193",Rovigo,,,,,,,,,,,
Modena Rent Soccorso stradale e noleggio auto e furgoni,Agenzia di noleggio auto,,059 828851,"Via Antonio Labriola, 24/a",Modena,,,,,,,,,,,
Nolo Experience - Mantova,Agenzia di noleggio auto,https://www.noloexperience.it/sedi/autonoleggio-mantova/,0376 188 8380,"Via Giorgio Susani, 5",Mantova,,mantova@noloexperience.it,https,React,Sì,SEEWEB s.r.l.,27,41,92.00,Sì,No
Minelli Massimo Cicli E Moto,Negozio di riparazione biciclette,,051 878086,"Via Roma, 14",Minerbio,,,,,,,,,,,
The Vespa Rent - Toscana In Tour Florence,Servizio di noleggio scooter,http://www.thevesparent.com/,351 358 6234,"Via del Ponte alle Mosse, 154",Firenze,,info@thevesparent.com,https,Shopify,Sì,Aruba S.p.A,56,77,100.00,Sì,No
Noleggio Biciclette Lido,Servizio di noleggio biciclette,http://www.noleggioscooterlido.it/,388 888 8842,"Via Perasto, 6/b",Lido,,,https,Shopify,Sì,"Weebly, Inc.",62,79,83.00,Sì,No
AutoAffari Carloforte - Noleggio auto e scooter,Agenzia di noleggio auto,http://www.autoaffarirent.it/,392 730 8642,Loc Segni,Carloforte,,autoaffari.carloforte@yahoo.it,https,React,No,Keliweb S.R.L,56,74,100.00,Sì,No
MaG. IE,Negozio di biciclette,http://mag-ie.it/,335 589 5251,"Piazza della Repubblica, 9C",Monte San Pietro,,,https,WordPress,Sì,TransIP BV,42,92,92.00,Sì,No
Ducati Parma,Concessionario moto,http://www.bullbikes.it/ducatiparma,0521 641620,"Str. Montechiarugolo, 5",Parma,,info@ducatiparma.it,https,WordPress,Sì,Aruba S.p.A. Network,41,56,85.00,Sì,No
Galdieri Rent Montecchio Emilia,Agenzia di noleggio auto,https://galdierirent.it/point/noleggio-lungo-termine-montecchio-emilia/,0522 171 7512,"Str. per Barco, 1/C",Montecchio Emilia,,montecchioemilia@galdierirent.it,https,WordPress,No,OVH SAS,57,75,85.00,Sì,No
Motor Style Di Borzini Marco,Concessionario scooter,https://www.motor-style.it/,0185 309884,"Corso De Michiel, 56",Chiavari,,,https,WordPress,No,Aruba S.p.A.,59,79,85.00,Sì,No
Rent24Go,Agenzia per il noleggio di furgoni,,327 729 7057,"Largo Marcantone, 12 via Lungomare 45, Le Grazie, Portovenere",La Spezia,,,,,,,,,,,
Motomanù,Concessionario moto,https://www.motomanu.it/,041 574 6345,"Via Roma, 161",Salzano,,info@motomanu.it,https,Shopify,No,Netsons Network,52,41,92.00,Sì,No
Motoservice,Concessionario moto,http://www.motoservice.net/,049 896 0088,"Via Battaglia, 41",Sant'Agostino,,,,WordPress,Non trovato,Serverplan s.r.l.,41,37,85.00,Stato Non Determinato,No
CicloPoint (Lerici),Servizio di noleggio biciclette,http://www.cinqueterrebiketour.it/,0187 21758,"Via Roma, 12",Lerici,,info@cinqueterrebiketour.it,https,WordPress,Sì,Aruba S.p.A. Network,60,88,92.00,Sì,No
Bertoli Giacomo S.N.C.Di Bertoli Andrea E Giovanni,Concessionario moto,,0187 966682,"Via Provinciale, 530/544",Arcola,,,,,,,,,,,
Levante Motor,Negozio di motociclette,https://www.levantemotor.it/,327 103 9039,"Via S. Rufino, 22 D",Chiavari,,levantemotor21@gmail.com,https,React,Sì,Google LLC,61,69,100.00,Sì,No
Lerici Boat Rent,Noleggio barche,https://www.lericiboatrent.com/,345 483 9106,Calata Mazzini Molo,Lerici,,dd0a55ccb8124b9c9d938e3acf41f8aa@sentry.wixpress.com,https,Wix,Sì,Google LLC,59,79,100.00,Sì,No
Biemmemoto Lavagna Raymotors,Concessionario moto,,0185 187 1095,"Via Edoardo Riboli, 51",Lavagna,,,,,,,,,,,
Moto Costa Scooter,Negozio di abbigliamento sportivo,,0185 395431,"Via Goito, 8",Lavagna,,,,,,,,,,,
Water Sports Liguria | Noleggio Moto d'acqua e Flyboard in Liguria,Associazione,http://www.watersportsliguria.com/,389 513 4631,Via Dante Alighieri,Rapallo,,,https,Shopify,No,Serverplan S.r.l.,35,34,100.00,Sì,No
GmA,Concessionario moto,https://www.gmalavagna.com/,0185 177 1666,"Via Moggia, 9/11",Lavagna,,gmalavagna@gmail.com,https,Wix,No,Google LLC,72,99,100.00,Sì,No
Noleggio Auto e Furgoni Maggiore AmicoBlu - Lavagna,Agenzia di noleggio auto,,0185 393543,"Via Aurelia, 1",Lavagna,,,,,,,,,,,
Good Boys Lerici Boat Rent - Noleggio Gommoni Lerici,Noleggio barche,https://www.goodboys-lericiboatrent.com/,379 145 4308,"Via S. Biaggini, 33",Lerici,,info@goodboys-lericiboatrent.com,https,WordPress,Sì,Hetzner Online GmbH,56,69,100.00,Sì,No
Falcone Sergio,Officina autoriparazioni,,0185 397020,"Via Aurelia, 6",Lavagna,,,,,,,,,,,
Costa Gustavo E C. S.n.c.,Negozio di biciclette,,0185 393580,"Via Gaetano Previati, 17",Lavagna,,,,,,,,,,,
Nole-j,Agenzia di noleggio moto,,388 586 8959,"Via Leonardo Prato, 46",Lecce,,,,,,,,,,,
Enrico Mora Noleggi,Fornitore di scale portatili,https://www.moranoleggi.com/,0525 2234,"Via Achille Grandi, 3",Fornovo di Taro,,noleggi@enricomora.it,https,Shopify,Sì,Server Plan S.r.l.,59,77,100.00,Sì,No
myrentals.it Noleggio Auto Barche Scooter Furgoni 9 Posti,Rivenditore di auto,https://www.myrentals.it/,019 219 0448,"Lungomare Nazario Sauro, 12/23",Loano,,booking@myrentals.it,https,WordPress,Sì,"DigitalOcean, LLC",64,95,92.00,Sì,No
Nauti-ca Services srls,Rivenditore di moto d'acqua,http://www.nauti-ca.com/,388 603 6157,"Via delle Trexende, snc",Loano,,servicesrls@nauti-ca.com,https,Shopify,Sì,Server Plan S.r.l.,37,51,92.00,Sì,No
Varano Kart,Pista di go-kart,http://www.varanokart.it/,337 112 2717,Località Autodromo,Varano de' Melegari,,,https,WordPress,Sì,Aruba S.p.A. Network,71,87,92.00,Sì,No
Motorando,Concessionario moto,http://www.motorando.com/,0584 944558,"SS 1, 41",Lido di Camaiore,,,https,React,Sì,Host SpA,65,91,100.00,Sì,No
Pennabilli eBike Trail,Servizio di noleggio biciclette,http://pennabilliebiketrail.com/,334 948 3401,"Via Parco Begni, 2",Pennabilli,,,https,WordPress,No,"Automattic, Inc",68,70,92.00,Sì,No
Max Moto,Concessionario moto,http://dealer.moto.it/maxmotopc,0523 754618,"Via Primo Maggio, 85",Piacenza,,,https,Shopify,No,"Cloudflare, Inc.",67,91,92.00,Sì,No
Max Moto Due,Concessionario moto,,0523 609664,"Via Pier Francesco Passerini, 30",Piacenza,,,,,,,,,,,
Osellini Moto,Negozio di motociclette,http://www.osellinimoto.com/,0523 497261,"Via Dante Coperchini, 4",Piacenza,,info@osellinimoto.com,http,Angular,Sì,Hetzner Online GmbH,67,86,92.00,Sì,No
Tosi Moto,Concessionario moto,https://dealer.moto.it/tosimotopc,0523 593550,"Via Lorenzo Beretti Landi, 3/5",Piacenza,,,https,Shopify,No,"Cloudflare, Inc.",69,89,92.00,Sì,No
Automoto Torino S.R.L.,Concessionario moto,http://www.zambianchimoto.it/,0523 481995,"Via Primo Maggio, 11",Piacenza,,zambianchiautomoto@gmail.com,https,WordPress,Sì,Armada WAN,59,79,92.00,Sì,No
NEROCAR vendita e noleggio auto,Concessionario auto,,389 764 9717,"Via Flaminia, 940",Riccione,,,,,,,,,,,
Esse.Gi. Bike,Servizio di noleggio biciclette,,334 174 3936,"Via Antonio Gramsci, 33",Gatteo a Mare,,,,,,,,,,,
Officina Creativa,Negozio di biciclette,https://www.officinacreativa.fc.it/,0547 58456,"Via Luciano Lama, 289",Gambettola,,ilciclo@ilciclo.it,https,Shopify,No,Serverplan s.r.l.,61,90,85.00,Sì,No
MT TRANSPORT Noleggio con conducente,Servizio di trasporto con accompagnatore,https://www.mttransportncc.com/,392 489 5176,"Via Grazia Deledda, 12",Gambettola,,toponoleggio@gmail.com,https,React,Sì,Google LLC,47,81,92.00,Sì,No
AUTONOLEGGIO ALBERGHINI,Agenzia di noleggio auto,http://noleggioalberghini.it/,051 975464,"Via Cremona, 97",Pieve di Cento,,info@noleggioalberghini.it,,WordPress,No,TransIP BV,70,83,92.00,Sì,No
Punto Scooter Di Conti Andrea,Officina per la riparazione di scooter,,0185 290191,"Via Dogali, 52",Santa Margherita Ligure,,,,,,,,,,,
Seifuori - rent e-bike & mtb - Tour,Servizio di noleggio biciclette,http://www.seifuori.it/,351 552 5365,"P.za Antonio Sciolla, 1",Stazione FS,,info@seifuori.it,https,WordPress,No,Aruba S.p.A.,48,75,92.00,Sì,No
TONDOMOTOLECCE CONCESSIONARIO MOTO E SCOOTER VOGE ZONTES FANTIC MOTOR CABALLERO,Concessionario moto,,330 823 506,"Via Taranto, 56 A/C",Lecce,,,,,,,,,,,
EuropMoto Rent - Noleggio Auto Moto e Scooter - Via Mariano Stabile,Agenzia di noleggio moto,https://www.europmotorent.com/,334 945 8306,"Via Mariano Stabile, 52",Palermo,,europmotorent@libero.it,https,WordPress,Sì,Server Plan S.r.l.,59,63,85.00,Sì,No
"Piaggio Center Archetta Noleggio Scooter-Auto-9 Posti-Ape Calessino,Brindisi-Porto Cesareo,Vendita-Assistenza Piaggio,Vespa",Servizio di noleggio scooter,http://www.salentorentarchetta.it/,349 384 5672,"Via Caduti di Via Fani, 13",Torre Santa Susanna,,,https,ASP.NET,No,Aruba S.p.A,56,74,100.00,Sì,No
"Rent me - Noleggio Moto, Scooter, Auto, E-Scooter ed altri Servizi Turistici",Agenzia di noleggio moto,https://www.rentme-noleggio.it/,375 742 1133,"Via Mariano Stabile, 15/17/23",Palermo,,info@rentme-noleggio.it,https,WordPress,Sì,Aruba S.p.A.,59,88,77.00,Sì,No
Tecnomoto Genova,Concessionario moto,https://www.ilportaledigenova.com/attivitagenova2/tecnomoto-snc,010 839 4156,"Corso Alessandro de Stefanis, 189/201",Genova,,tecno_moto@hotmail.it,https,WordPress,Sì,Google LLC,62,85,100.00,Sì,No
Diano Auto e Moto Shop,Concessionario auto,,347 295 6473,"Via Aurelia, 128",San Bartolomeo al Mare,,,,,,,,,,,
Motobia Enduro Italien Touren & Kurse,Centro sport di avventura,http://motobia.it/,328 049 7951,"Via Terre Bianche, 54",San Lorenzo al Mare,,tobialiguria@gmail.com,https,WordPress,No,hosttech GmbH,54,63,85.00,Sì,No
Drive & Rent Diano Marina,Agenzia di noleggio auto,http://www.driver-professional.it/,380 199 9415,"Via Diano Calderina, 51",Diano Marina,,ncc.liguria@gmail.com,https,Shopify,Sì,Aruba S.p.A. Network,36,56,83.00,Sì,No
SnapCar - Noleggio Auto Imperia,Agenzia di noleggio auto,http://snapcar.it/,327 436 7918,"Via Felice Cascione, 77",Imperia,,,https,Shopify,Sì,Server Plan S.r.l.,42,66,92.00,Sì,No
Passione Moto,Concessionario moto,,320 017 2701,"Via Aurelia, 74",San Bartolomeo al Mare,,,,,,,,,,,
Rc Bike,Officina per la riparazione di scooter,,019 204 0591,"Via Domenico Brunenghi, 65",Finale Ligure,,,,,,,,,,,
FL E-Bike rent Finale,Servizio di noleggio biciclette,,353 428 5292,"Via G. F. Drione, 23 b",Finale Ligure,,,,,,,,,,,
Sud Est Rental Raid,Agenzia di noleggio moto,http://www.sudestraid.com/,338 244 7465,"Frazione Costa, 6",Casanova Lerrone,,info@sudestraid.com,https,WordPress,No,Aruba S.p.A.,55,60,92.00,Sì,No
Casa della Moto di Binello Alessandro,Concessionario moto,http://www.casadellamotosanremo.it/,0183 240722,"Lungomare Amerigo Vespucci, 52-54",Imperia,,info@casadellamotosanremo.it,https,Joomla,No,Aruba S.p.A.,39,79,92.00,Sì,No
Bike Shuttle Finale Ligure,Postazione di bike sharing,,348 265 6486,"Via Aquila, 2",Orco Feglino,,,,,,,,,,,
Officina Luison,Officina per la riparazione di scooter,https://officinaluison.it/,019 616051,"Via Valle, 61",Borgio,,,https,React,No,Netsons Network,47,65,100.00,Sì,No
e-bike Lago di Osiglia rent e tour,Servizio di noleggio biciclette,,335 845 1778,"Località Barberis, 23",Osiglia,,,,,,,,,,,
NOLEGGIO LUNGO TERMINE,Agenzia di noleggio auto,,338 881 6821,"Via Patrioti, 137",Albenga,,,,,,,,,,,
Electric Mind Albenga,Rivenditore di auto usate,http://www.electricmind.it/,324 668 8244,"Via Patrioti, 143",Albenga,,,https,Joomla,No,Seeweb srl,51,56,92.00,Sì,No
Riviera Luxury Rent,Noleggio barche,http://www.rivieraluxuryrent.it/,392 660 1452,"Lungomare Nazario Sauro, 12/1",Loano,,,https,Joomla,No,SEEWEB s.r.l.,55,74,92.00,Sì,No
ELLI NOLEGGI S.R.L.,Agenzia di noleggio auto,https://www.ellinoleggi.it/,347 471 8247,"Via Valletta S. Cristoforo, 26 R/B",Savona,,ellinoleggi@gmail.com,https,WordPress,Sì,Netsons Network,44,76,85.00,Sì,No
Punto Moto,Concessionario moto,https://www.puntomotopallare.it/,019 590146,"Piazza S. Marco, 18B",Pallare,,info@puntomotopallare.it,https,Mobirise,No,Aruba S.p.A. Network,60,90,100.00,Sì,No
QuaDteca,Concessionario moto,http://www.quadteca.it/,0183 293423,"Via Garessio, 89",Imperia,,info@quadteca.it,https,WordPress,No,Aruba S.p.A.,50,70,77.00,Sì,No
DGR Garage moto officina,Officina per la riparazione di moto,http://www.dgrgaragemoto.it/officina-autorizzata1/officina-autorizzata,0184 191 0034,"Via XX Settembre, 104",Ospedaletti,,info@dgrgaragemoto.it,http,Basekit,No,Aruba S.p.A.,37,68,100.00,Sì,No
Dgr Garage Moto,Concessionario moto,http://www.dgrgaragemoto.it/,320 386 2346,"Corso Regina Margherita, 7",Ospedaletti,,dgr.garage@gmail.com,http,Basekit,No,Aruba S.p.A.,35,46,92.00,Sì,No
Bike rental bordigherra,Agenzia di noleggio moto,,351 428 8151,"Via Vittorio Emanuele II, 195",Bordighera,,,,,,,,,,,
Pit Stop,Negozio di motociclette,http://www.pitstopsavona.it/,338 789 2422,"Via Francesco Crispi, 95/105r",Savona,,,http,ASP.NET,No,Aruba S.p.A. Network,81,98,100.00,Sì,No
Piemonte Rent - Noleggio e Tour Langhe & Roero,Agenzia per il noleggio di furgoni,https://piemonterent.com/,333 260 0404,"Strada Statale 231, Str. Borgo S. Martino, 22",Pocapaglia,,info@piemonterent.com,http,React,Sì,Server Plan S.r.l.,62,99,100.00,Sì,No
Energy Rent Novi Ligure,Agenzia di noleggio auto,http://www.energyrent.it/,0143 71584,"Via U. Terracini, 1",Novi Ligure,,,https,Shopify,No,OVH SAS,51,71,92.00,Sì,No
Scooter Rental Concessionaria Scooter Elettrici Genova - Veleco I2V CJR Motoreco Askoll Hurba Horwin - Easyscooter Noleggio,Concessionaria di scooter elettrici,http://www.easyscootergenova.it/,348 290 5502,"Via Giuseppe Pessale, 18/R",Genova,,info@easyscootergenova.it,https,React,Sì,Google LLC,60,75,92.00,Sì,No
PG Corse - OMP Karting Track,Pista di go-kart,https://www.pistaronco.it/,348 677 1690,"Via E. Bazzano, 5A",Ronco Scrivia,,info@pistaronco.it,https,React,Sì,Combell NV,70,97,92.00,Sì,No
LoRent,Servizio di noleggio scooter,,351 307 5840,"Via Generale Ardoino, 218",Diano Marina,,,,,,,,,,,
Battery Point Genova Ricarica Scooter Elettrici,Gestore di stazione di ricarica per veicoli elettrici,https://www.batterypoint.store/,379 258 2776,"Via di Francia, 57",Genova,,,https,React,No,Google LLC,72,96,92.00,Sì,No
MikeMoto RICAMBI MOTO E SPECIAL PARTS,Negozio di ricambi per motociclette,https://www.mikemoto.it/index.php,010 369 1993,"Via Giuseppe Casaregis, 57/R",Genova,,info@mikemoto.com,https,React,Sì,Akamai Technologies,69,89,92.00,Sì,No
Millennium Rent,Agenzia di noleggio auto,http://www.millennium-rent.it/,010 471 1747,"Via della Libertà, 56 R",Genova,,rent@millennium-group.it,https,React,Sì,Aruba S.p.A. Network,75,91,85.00,Sì,No
BikeMania,Servizio di noleggio biciclette,https://bikemaniaspotorno.it/,333 922 7284,"Via Lussemburgo, 1",Spotorno,,pasqualieianierisrls@yahoo.com,https,Angular,No,Google LLC,64,71,92.00,Sì,No
De Bona Moto Imperia,Concessionario moto,http://www.motodebona.it/,0183 61274,"Piazza Goffredo Mameli, 18/20",Imperia,,motodebona@gmail.com,https,Mobirise,No,Aruba S.p.A.,63,75,100.00,Sì,No
Pro moto Diano Marina,Officina per la riparazione di moto,,347 539 2998,"Via Diano Calderina, 53",Diano Marina,,,,,,,,,,,
Su Di Giri Sas,Concessionario moto,,0183 495500,"Corso Giuseppe Garibaldi, 9",Diano Marina,,,,,,,,,,,
Autosomma Rent - Noleggio Auto Moto Rent Scooter,Agenzia di noleggio auto,https://www.autosomma.it/it/noleggio-breve-termine,081 1965 4690,"Via Virgilio, 65/67",Castellammare di Stabia,,,https,React,No,Aruba S.p.A.,57,69,100.00,Sì,No
Vico Rent Scooter,Agenzia di noleggio moto,https://www.vicorent.com/,333 639 5043,"Corso Filangieri, 23",Vico Equense,,info@vicorent.com,https,React,Sì,Aruba S.p.A. Network,55,85,92.00,Sì,No
Al 10 Nolo Bici,Servizio di noleggio biciclette,http://www.al10nolobici.it/,375 587 5974,"Piazza Giuseppe Garibaldi, 10",San Lorenzo al Mare,,,http,Nicepage,Sì,Register S.P.A.,56,73,91.00,Sì,No
NoloBici San Lorenzo al Mare,Servizio di noleggio biciclette,http://www.nolobici.it/,349 491 6209,"Piazza della stazione, 1",San Lorenzo al Mare,,info@nolobici.it,https,React,No,Google LLC,49,62,100.00,Sì,No
SanRemo Bike Rental,Servizio di noleggio biciclette,,0184 195 8136,"Via Aurelia Levante, 2",Santo Stefano al Mare,,,,,,,,,,,
Pedala... Pedala,Servizio di noleggio biciclette,,334 217 8466,"Via Roma, 7",Santo Stefano al Mare,,,,,,,,,,,
Royal Servce noleggio barche a motore e vela con e senza skipper. Dealer Cantiere Italyure Concessionaria NX Boats,Noleggio barche,http://royalsservice.it/,331 300 2072,"Royals Service, Royal Service, Via Gianni Cozzi, 1",Santo Stefano al Mare,,royalservicearegai@gmail.com,https,WordPress,No,HOSTINGER DE,66,83,92.00,Sì,No
Bike Park Santo Stefano D' Aveto,Località sciistica,http://www.impiantivaldaveto.it/,366 422 7837,Itinerario:Rocca D'Aveto - Monte Maggiorasca,Rocca d'Aveto,,skiareasantostefanodaveto@gmail.com,https,Basekit,No,Aruba S.p.A.,48,53,100.00,Sì,No
The Ultimate Nava Rent,Servizio di noleggio biciclette,http://www.theultimatebikeshop.it/,334 233 6670,"via nazionale, 28/35",Pornassio,,,https,React,No,Aruba S.p.A.,40,63,100.00,Sì,No
2 Ruote Mania,Negozio di ricambi per motociclette,,0187 631011,"Via Cisa Sud, 569",Santo Stefano di Magra,,,,,,,,,,,
Portovenere Noleggio,Noleggio barche,https://www.portovenerenoleggio.it/,347 177 5020,"Via Calata Doria, 8",Porto Venere,,contatto@esempio.it,https,React,No,Amazon Technologies Inc.,65,88,69.00,Sì,No
BENSI VENDITA & ASSISTENZA SCOOTER,Concessionario moto,,010 376 1582,"Via dell'Ombra, 42/44R",Genova,,,,,,,,,,,
Motomeccanica Ratto,Concessionario moto,http://www.motomeccanicaratto.it/,010 745 3496,"Via Bartolomeo Parodi, 1R",Genova,,motomeccanicaratto@libero.it,https,WordPress,Sì,Netsons s.r.l.,57,86,100.00,Sì,No
Beigua Bikes,Servizio di noleggio biciclette,,347 359 0128,"Via Gerolamo Badano, 30",Sassello,,,,,,,,,,,
Permoto Race srl,Concessionario moto,http://www.permotorace.it/,010 716183,"Via S. Quirico, 115",Genova,,info@permotorace.it,https,Wix,No,Google LLC,34,77,100.00,Sì,No
Autonoleggio Giorgi,Agenzia di noleggio auto,http://www.giorgi.srl/,0187 418582,"Via Aurelia, 45",Sarzana,,giorginoleggi@pec.it,https,WordPress,No,Aruba S.p.A.,56,85,92.00,Sì,No
Italnolo Sarzana,Agenzia per il noleggio di attrezzature,https://italnolo.it/index.php?controller=store&id_store=13,0187 627205,"Via Pecorina, 111",Sarzana,,,https,PrestaShop,No,Hetzner Online GmbH,75,83,92.00,Sì,No
Agenzia Viaggi Mollo Tutto,Agenzia viaggi,http://www.mollotuttoviaggi.it/,348 227 0349,"Via Giacomo Matteotti, 33",Poggio Renatico,,info@pec.mollotuttoviaggi.it,https,Shopify,Sì,Google LLC,59,75,100.00,Sì,No
Carrozzeria Auto Moto Futura Di Ansaloni Daniele,Carrozzeria,http://www.automotofutura.it/,0532 821129,"Via dell'Artigianato, 21",Poggio Renatico,,carrozzeriafutura@pec.buffetti.it,https,WordPress,Sì,Google LLC,31,47,92.00,Sì,No
Astronolo,Agenzia di noleggio moto,https://www.astronolo.com/,051 308828,"Via Oreste Regnoli, 2",Bologna,,lebbo.76@gmail.com,https,WordPress,No,Google LLC,62,0,92.00,Sì,No
Apex Moto Di Ferrari Vittorio,Motocross,http://www.apexmoto.it/,351 653 0662,"Via Casa Naldi, 216",Serramazzoni,,,http,Joomla,No,Aruba S.p.A.,72,93,75.00,Sì,No
Reca Bike,Negozio di biciclette,http://reca-bike.webnode.it/,0523 877532,"Via Circonvallazione, 67",Ponte dell'Olio,,recabike@hotmail.com,https,React,No,Amazon Technologies Inc.,67,94,100.00,Sì,No
AMR Noleggio Scooter Auto Furgoni e Pulmini 9 posti,Agenzia per il noleggio di furgoni,https://www.amrautonoleggio.com/,338 678 8002,"Via Cesare e Luciano Gabrielli, 19/A",San Benedetto del Tronto,,amr.autonoleggio@gmail.com,https,ASP.NET,Sì,Aruba S.p.A. Network,69,95,100.00,Sì,No
Simonelli Moto,Concessionario moto,http://www.simonellimoto.it/,0735 86967,"Via Silvio Pellico, 198",San Benedetto del Tronto,,info@simonellimoto.it,https,Shopify,No,Keliweb S.R.L,44,63,83.00,Sì,No
Tutto Camper Sas,Vendita camper e roulotte,https://www.tutto-camper.it/,330 749 536,"Via Piana, 3/1",Poviglio,,info@tutto-camper.it,https,ASP.NET,Sì,Genesys Informatica S.r.l.,64,100,92.00,Sì,No
Mezzini Bike Center,Negozio di biciclette,https://mezzinibike.com/,371 353 4467,"Via della Costituzione, 330",Vergato,,mezzinibike@gmail.com,https,Joomla,No,Netsons Network,50,55,92.00,Sì,No
Elba Enjoy Rent Noleggio scooter moto,Agenzia di noleggio moto,https://www.elbaenjoy.it/noleggio-scooter/,0565 95000,"Banchina 23 Novembre, 57036",Porto Azzurro,,info@elbaenjoy.it,https,ASP.NET,Sì,Hetzner Online GmbH,56,74,85.00,Sì,No
A.L.I. di Licciardello Agata - Noleggio moto e auto a doppi comandi per patente di guida,Agenzia di noleggio moto,https://aliverona.eu/,346 614 4854,"Viale Spolverini, 19",Verona,,,https,WordPress,No,Google LLC,59,87,92.00,Sì,No
Nature Experience Rimini,Motocross,http://www.naturexperiencerimini.it/,339 533 9558,"Via Ausa, 40",Cerasolo,,info@naturexperiencerimini.it,https,React,Sì,Google LLC,55,82,92.00,Sì,No
Motor & Bike,Officina per la riparazione di moto,,349 535 0017,"Via Giuseppe Garibaldi, 21",Villa Verucchio,,,,,,,,,,,
Ncc Piacenza - autonoleggio con conducente,Servizio taxi,https://www.ncc-piacenza.com/,333 112 1844,"Via don Giulio Bianchi, 36/a",Gossolengo,,info@piacenzancc.it,https,Basekit,No,Aruba S.p.A.,53,62,100.00,Sì,No
Old Style Rent,Agenzia di noleggio moto,,328 762 8465,"Piazza Tarchioni, 22",Moneglia,,,,,,,,,,,
Rivierabike,Agenzia viaggi,,+44 7887 486024,"Via Giulio Cesare, 14-16",Molini di Triora,,,,,,,,,,,
Melaverde Monesi Noleggio ebike,Servizio di noleggio biciclette,,347 915 1816,Strada Provinciale Per,Monesi di Triora,,,,,,,,,,,
"Molini MTB - Mountain biking holidays, tours & accommodation",Centro sport di avventura,https://www.molinimtb.com/,328 935 4138,"SP65, 25",Molini di Triora,,info@molinimtb.com,https,Shopify,No,"Squarespace, Inc.",27,63,100.00,Sì,No
Scooter Elettrico Askoll hurba Niu horwin e bike Genova,Concessionario scooter,https://www.scooterelettricigenova.it/,010 236 3726,"Via di Francia, 57R",Genova,,,https,React,Sì,Google LLC,55,71,85.00,Sì,No
Rent e-bike Corte di Vitriola,Servizio di noleggio biciclette,,347 433 9136,"SP486R, 32",Vitriola,,,,,,,,,,,
Ride Appennino,Servizio di noleggio biciclette,http://rideappennino.it/,328 109 3459,"Via Provinciale Lama, 84",Montefiorino,,rideappennino@gmail.com,https,WordPress,No,Aruba S.p.A.,81,92,100.00,Sì,No
Real Car,Concessionario auto,http://www.real-car.it/,0535 51339,"Via Viazzolo Tosatti, 1/a",Medolla,,vendite@real-car.it,https,Joomla,Sì,OVH SAS,68,95,92.00,Sì,No
Rental Vespa Lazise,Agenzia di noleggio moto,,380 778 3908,"Via Gardesana, 42",Lazise,,,,,,,,,,,
Meta Filiale Medolla,Noleggio di impianti e macchinari,https://www.metapavia.com/,0535 181 6955,"Via della Locanda, 9",Medolla,,metapavia@metapavia.com,https,Shopify,Sì,OVH SAS,55,41,85.00,Sì,No
Rent Salò noleggio Vespa & E-Bike,Servizio di noleggio scooter,http://www.rentsalo.it/,0365 178 0519,"Via Giovanni da Ulma, 3",Salò,,,https,React,Sì,"Cloudflare, Inc.",38,61,100.00,Sì,No
Moto Prony,Negozio di motociclette,,0541 831561,"Via Romagna, 1",Gabicce Mare,,,,,,,,,,,
MB MOTORS srl - Concessionaria PIAGGIO - Vendita - Assistenza Autorizzata: PIAGGIO - KYMCO - BENELLI - KEEWAY - Ricambi.,Negozio di motociclette,,081 831 5633,"Via Pietro Donadio, 67",Cardito,,,,,,,,,,,
Argilli Moto Honda,Concessionario moto,http://www.argilli.it/,0541 783752,"Via delle Fosse, 16",Rimini,,,https,Shopify,No,Aruba S.p.A.,68,88,92.00,Sì,No
Motorevolution Di Fiori Lorenzo,Concessionario scooter,,0541 621906,"Viale Giuseppe Mazzini, 72",Sant'Arcangelo di Romagna,,,,,,,,,,,
Cardellini Moto Srl,Concessionario moto,http://www.cardellinimoto.com/,0721 283620,"Via Divisione Acqui, 45",Pesaro,,info@cardellinimoto.com,https,WordPress,Sì,Combell NV,41,51,92.00,Sì,No
Moto E Company Di Rigolon,Officina per la riparazione di scooter,,059 361393,"Via M. Bonacini, 192",Modena,,,,,,,,,,,
Galdieri Rent Modena Centro,Agenzia di noleggio auto,https://galdierirent.it/point/noleggio-lungo-termine-modena-centro/,059 787 9508,"Via Pietro Giardini, 452/A",Modena,,modenacentro@galdierirent.it,http,WordPress,No,OVH SAS,48,78,85.00,Sì,No
Nolo Experience - Modena,Agenzia di noleggio auto,https://www.noloexperience.it/sedi/autonoleggio-modena/,059 803 0777,"Via Pietro Giardini, 782",Modena,,modena@noloexperience.it,https,WordPress,Sì,SEEWEB s.r.l.,32,36,58.00,Sì,No
Tabya ebike,Servizio di noleggio biciclette,,393 953 6284,"Piazza Carlo Luigi Farini, 6a",Taggia,,,,,,,,,,,
56 Corse,Agenzia di noleggio moto,,348 760 8118,"Via Carreggiata, 106",Molinella,,,,,,,,,,,
MISTER BIKE,Servizio di noleggio biciclette,,340 295 7864,"Via Nazario Sauro, n 4",Arma di Taggia,,,,,,,,,,,
NoloBici Arma di Taggia,Servizio di noleggio biciclette,http://www.nolobici.it/,351 795 2291,"incrocio Pista ciclabile, Via Candido Queirolo",Arma di Taggia,,,https,React,No,Google LLC,46,66,100.00,Sì,No
Biemme Moto,Concessionario moto,http://www.biemmemoto.it/,010 570 2231,"C.so Europa, 224/G/H",Genova,,,https,Joomla,Sì,Aruba S.p.A.,79,95,100.00,Sì,No
Motor Gooo,Rivenditore di auto,https://motorgooo.it/,010 619 6516,"Via Pra', 199/R",Genova,,info@motorgooo.it,https,ASP.NET,No,Aruba S.p.A. Network,38,56,82.00,Sì,No
Autoscrivia S.N.C.,Agenzia di noleggio auto,,010 936525,"Via Marconi, 102",Savignone,,,,,,,,,,,
Betatech - Noleggio Pulmini Smart Car Biciclette Elettriche,Agenzia di noleggio auto,http://www.savonanoleggio.it/,340 859 2088,"Via Sant'Ermete, 1",Vado Ligure,,savonanoleggio@gmail.com,https,Basekit,No,Aruba S.p.A.,48,72,100.00,Sì,No
Fuorigiri Moto,Negozio di ricambi per motociclette,,010 750490,"Via Fratelli Canepa, 76/D",Pedemonte,,,,,,,,,,,
Motorama,Concessionario moto,,0182 544440,"Regione Cavallo, 9 Bis",Albenga,,,,,,,,,,,
Hello Moto Di Cappiello & C. Sas,Concessionario moto,,0182 21390,"Via Torino, 3",Albenga,,,,,,,,,,,
Mototime Srl Service Ufficiale Bmw Motorrad e Honda,Concessionario moto,http://www.mototime.net/,0182 571014,"Regione Bottino, 5",Albenga,,,https,WordPress,No,Aruba S.p.A. Network,61,91,91.00,Sì,No
Icardi Giorgio Concessionaria Piaggio,Concessionario scooter,http://www.icardigiorgio.it/,0182 543025,"Regione Stanchere, 36",Albenga,,,https,ASP.NET,No,Planetel SPA,70,72,92.00,Sì,No
MotoMeccanica,Officina per la riparazione di moto,https://www.motomeccanicaracing.it/,349 792 0076,"Via dei Siri, 14",Albisola Superiore,,,https,WordPress,Sì,Aruba S.p.A.,61,86,92.00,Sì,No
Noleggio Scooter Moto Buggy Pit Stop,Servizio di noleggio scooter,http://www.noleggiopitstopcattolica.it/,333 915 0100,"Via Facchini, 15",Cattolica,,pitstop@live.it,https,ASP.NET,No,Google LLC,56,77,92.00,Sì,No
"Unicar Rent - Noleggio Scooter, Auto, E-Bike",Servizio di noleggio scooter,https://www.unicar-rent.it/,0173 262568,"Via Guerrieri di Mirafiori, 8",Alba,,info@unicar-rent.it,https,WordPress,Sì,Google LLC,52,74,85.00,Sì,No
NOLEGGIO & SERVIZI,Agenzia di noleggio auto,,339 607 7060,"Corso Giovanni Giolitti, 29/C",Cuneo,,,,,,,,,,,
Langarent Vespa,Servizio di noleggio scooter,http://langarentvespa.it/,0173 231893,"Via Piana Gallo, 12",Gallo,,info@langarentvespa.it,https,Angular,Sì,Hetzner Online GmbH,53,84,92.00,Sì,No
Scooter Officina Varazze di Anthony Bruzzone,Officina per la riparazione di moto,,370 332 3862,"Via Scavino, 3B",Varazze,,,,,,,,,,,
Ghezzi Moto,Concessionario moto,http://www.ghezzimoto.com/,0332 333878,"Via Merano, 28",Varese,,info@ducativarese.it,https,WordPress,Sì,Netsons s.r.l.,56,86,85.00,Sì,No
SBS Rent Noleggio Auto e Furgoni,Agenzia di noleggio auto,https://www.sbsrent.it/,0332 330726,"Via Peschiera, 20",Varese,,varese@sbsrent.it,https,React,Sì,OVH SAS,59,79,75.00,Sì,No
Gm Moto,Concessionario moto,http://www.gmmoto.ms.it/,0187 833452,"Via Roma, 68/70",Pontremoli,,info@gmmoto.ms.it,https,Squarespace,Sì,Hostinger International Limited,56,74,100.00,Sì,No
Eurorent S.r.l.s.,Agenzia di noleggio auto,,338 393 9186,"Via Emilia, 1255/1259",Santarcangelo di Romagna,,,,,,,,,,,
GB Noleggio,Agenzia per il noleggio di furgoni,https://www.gbnoleggio.it/,338 544 6176,"Ruga Alfio Maggiani, 153/B",Carrara,,info@gbnoleggio.it,https,WordPress,Sì,Aruba S.p.A. Network,71,95,92.00,Sì,No
Nolomar,Noleggio barche,http://www.nolomar.net/,329 731 7543,"Via Poggio Scafa, 16B",Ameglia,,nolo@nolomar.net,https,Angular,No,Aruba S.p.A.,71,93,82.00,Sì,No
BENEDETTINI AUTO Suzuki Evo Dr Mahindra Xev Keeway MBP Benda Voge Fantic Kymco,Concessionario auto,,0541 626334,"Via Santarcangelo Bellaria, 60",Santarcangelo di Romagna,,,,,,,,,,,
Motoadrenalina Srl,Officina autoriparazioni,,0541 624815,"Via Andrea Costa, 111",Santarcangelo di Romagna,,,,,,,,,,,
LANDS Rent,Noleggio barche,https://www.landsrent.com/,324 789 0515,via aurelia 41 Porto Di Andora,Marina di Andora,,info@landsrent.com,https,WordPress,No,Google LLC,47,84,92.00,Sì,No
Idea Ruote Bicycle,Negozio di biciclette,https://www.idearuote.it/,0541 623050,"Via Andrea Costa, 111/e",Santarcangelo di Romagna,,info@idearuote.it,https,Magento,No,OVH SAS,56,42,83.00,Sì,No
SORRENTAL Sant'Agata sui due Golfi,Servizio di noleggio scooter,http://www.sorrental.com/,081 878 0949,"Via dei Campi, 5",Sant'Agata sui Due Golfi,,info@sorrental.com,https,Shopify,Sì,Aruba S.p.A.,70,98,100.00,Sì,No
Noleggio Auto e Moto Adl Mylae Rent,Agenzia di noleggio auto,,351 603 4815,"Via Cavour, 30",Milazzo,,,,,,,,,,,
Automobili Catalano Noleggio,Agenzia di noleggio auto,http://www.automobilicatalano.it/,379 235 5828,"Via Filippo Turati, 15",Sant'Agata Bolognese,,info@styleixthemes.com,https,ASP.NET,No,HOSTINGER DE,42,75,85.00,Sì,No
X Rider Arcola,Negozio di ricambi per motociclette,,0187 917069,"Via Provinciale, 101",Arcola,,,,,,,,,,,
Team Arca Riparazioni Moto di Arca Arnaldo,Negozio di ricambi per motociclette,,0187 954464,"Via Eugenio Curiel, 45",Arcola,,,,,,,,,,,
Caviglia Nazario,Concessionario moto,,010 911 1125,"Via Pian Masino, 44",Arenzano,,,,,,,,,,,
Discover Riviera,Servizio di noleggio biciclette,https://discoveriviera.com/,393 247 7637,Via Roma,Dolceacqua,,,https,WordPress,Sì,Keliweb S.R.L,57,82,85.00,Sì,No
Rent a Bike Riviera Ligure - Arenzano,Servizio di noleggio biciclette,https://www.rentabikerivieraligure.it/,366 143 4787,Via Fabrizio de Andrè,Arenzano,,noleggiobiciarenzano@gmail.com,http,WordPress,No,SEEWEB s.r.l.,94,94,75.00,Sì,No
NCC • Autonoleggio Calcagno,Agenzia di noleggio auto,https://www.autonoleggiocalcagno.com/,010 913 5300,"Via Grecia, 19",Arenzano,,,https,Angular,No,Aruba S.p.A. Network,36,50,92.00,Sì,No
GG.Service sas di Marras Giovanni & C.,Agenzia di noleggio auto,https://www.excursiontransfer.com/,010 828 2340,"Via Cantarena, 77",Arenzano,,booking@excursiontransfer.com,https,WordPress,Sì,Aruba S.p.A.,61,88,92.00,Sì,No
Furlotti Moto,Negozio di motociclette,https://dealer.moto.it/furlottimoto,0524 581163,"Via Salvo D`acquisto, 45",Salsomaggiore Terme,,,https,React,No,"Cloudflare, Inc.",69,91,85.00,Sì,No
Passoli Ettore,Agenzia di noleggio auto,,0524 571373,"Via Patrioti, 41",Salsomaggiore Terme,,,,,,,,,,,
Raschiani Moto showroom,Concessionario moto,http://raschianimoto.it/,0523 762314,"Via Emilia Pavese, 37",San Nicolò,,venditamoto@raschiani.it,https,React,No,Google LLC,60,92,77.00,Sì,No
Cooperativa Trasporti di Riolo Terme,Azienda di trasporti in autobus,http://www.cooptrasportiriolo.it/,0546 71028,"Via G. Miglioli, 1",Riolo Terme,,,https,React,Sì,"Cloudflare, Inc.",56,54,85.00,Sì,No
Noleggio Bici Max Move,Servizio di noleggio biciclette,,339 120 8127,"Viale Antonio Gramsci, 59",Riccione,,,,,,,,,,,
Noleggio Valentina Riccione,Servizio di noleggio biciclette,,347 271 0657,P.le del porto,Riccione,,,,,,,,,,,
Masini Nerio snc,Negozio di biciclette,https://www.masininerio.it/,0541 602165,"Viale Lazio, 33",Riccione,,,https,ASP.NET,Sì,Aruba S.p.A. Network,56,72,83.00,Sì,No
Techno Bike Snc,Officina per la riparazione di moto,,0185 52096,"Via Costaguta, 15",Rapallo,,,,,,,,,,,
Centro Moto Sas,Concessionario moto,,0185 271607,"Via Bolzano, 15",Rapallo,,,,,,,,,,,
Puntomoto,Officina per la riparazione di moto,https://dealer.moto.it/puntomotore,0522 080205,"Via Fratelli Bruschi, 23/C",Reggio nell'Emilia,,,https,React,No,"Cloudflare, Inc.",70,93,85.00,Sì,No
Noleggio Rent Verleih LPG sas,Agenzia di noleggio moto,http://www.sembenini.it/,335 618 3001,"Viale Dante Alighieri, 3",Riva del Garda,,,http,ASP.NET,No,Aruba S.p.A. Network,86,80,92.00,Sì,No
ANCARANI ANDREA Autonoleggio con Conducente NCC,Agenzia di noleggio auto,,348 233 1965,"Località Roveleto Landi, 90/A",Rivergaro,,,,,,,,,,,
Motoragazzi Riva,Servizio di noleggio scooter,http://www.motoragazzi.com/,351 335 8224,"Viale Rovereto, 3/E",Riva del Garda,,,https,React,No,"Amazon.com, Inc.",54,70,100.00,Sì,No
Rent Vespa Scooter Torbole linfano,Servizio di noleggio scooter,https://word297227348.wordpress.com/,333 195 9568,"Via Linfano, 91",Linfano,,,https,WordPress,No,"Automattic, Inc",71,77,92.00,Sì,No
La Lambretta Service S.r.l (Riva Del Garda),Agenzia di noleggio moto,http://www.lalambretta.it/,388 729 9694,"Via Concordia, 20",Riva del Garda,,,https,Shopify,Sì,"Cloudflare, Inc.",53,56,100.00,Sì,No
Rockandrivers Outdoor & E-Bike Rent Point,Servizio di noleggio biciclette,http://www.rockandrivers.com/,351 707 9870,"Via Carlo Alberto dalla Chiesa, 21",Travo,,info.rockandrivers@gmail.com,https,Squarespace,No,"Squarespace, Inc.",54,65,100.00,Sì,No
Gagabike Caffè,Negozio di biciclette,,0523 797608,"Via Roma, 17",Rivergaro,,,,,,,,,,,
Trebbike,Servizio di noleggio biciclette,,0523 179 4663,"Località Ceresola, 124",Rivergaro,,,,,,,,,,,
Tuscany Motorcycle Rentals,Agenzia di noleggio moto,http://tuscanymotorcyclerentals.com/,329 577 9855,"Via del Ronco Corto, 90/5",Firenze,,,https,React,Sì,"Cloudflare London, LLC",47,79,85.00,Sì,No
Ri.Lo Rent SRLS,Agenzia di noleggio auto,https://www.rilorent.com/,059 580 3877,"Via Emilia Ovest, 703/A",Modena,,rilorentsrls@gmail.com,https,WordPress,No,Aruba S.p.A.,70,94,92.00,Sì,No
Torbole Vespa Rent & Vespa shop,Servizio di noleggio scooter,http://torbolevesparent.it/,337 241 408,"Via Giacomo Matteotti, 54",Nago-Torbole,,info@torbolevesparent.it,,ASP.NET,Non trovato,Genesys Informatica S.r.l.,37,49,100.00,,No
Davolio Danilo,Artista,,0522 699875,"Via Fossatelli, 27",Rio Saliceto,,,,,,,,,,,
MAGGIANI s.a.s.,Concessionario moto,,0187 676390,"SS 1, 119",Castelnuovo Magra,,,,,,,,,,,
TWN Rent noleggio Auto e Scooter Portoferraio,Agenzia di noleggio auto,http://www.twn-rent.it/,0565 914666,"Viale Elba, 32",Portoferraio,,info@twn-rent.it,https,WordPress,Sì,Aruba S.p.A.,52,82,100.00,Sì,No
Moto Giovane - Vendita e riparazione moto e motocicli,Concessionario moto,,0585 832513,"Via Celia, 60",Massa,,,,,,,,,,,
Moto Moto,Concessionario moto,http://www.motomotoshop.it/,0187 420042,"V. Guido Rossa, 21",Pallerone,,info@motomotoshop.it,https,Shopify,Sì,Contabo GmbH,40,45,92.00,Sì,No
Noleggio barche e gommoni Motormarine,Noleggio barche,https://www.motormarinenoleggiosavona.it/,346 616 2912,Via Aurelia di Ponente,Celle Ligure,,info@motormarinenoleggiosavona.it,https,React,No,Aruba S.p.A.,64,95,92.00,Sì,No
Only Sardinia Autonoleggio,Agenzia di noleggio auto,https://www.only-sardinia.com/autonoleggio-porto-cervo/,0789 178 1131,Via Porto Vecchio,Porto Cervo,,,https,WordPress,No,"Cloudflare, Inc.",74,74,92.00,Sì,No
Top Service Rent • Autonoleggio,Agenzia di noleggio auto,https://www.portocervorent.it/,0789 970006,"Via Porto Cervo, sn",Abbiadori,,info@portocervorent.it,https,Shopify,Sì,Aruba S.p.A. Network,54,86,77.00,Sì,No
Sea Mar - noleggio imbarcazioni - Cala di Volpe,Noleggio barche,http://www.seamarcharter.com/,328 898 4149,Località Cala di Volpe,Porto Cervo,,info@seamarcharter.com,http,React,Sì,Aruba S.p.A. Network,56,63,100.00,Sì,No
Noleggio Porto Cervo Di Rent.Sm Srl,Agenzia di noleggio auto,,0789 91122,"Strada Provinciale Arzachena, 104",Arzachena,,,,,,,,,,,
MyScoot,Servizio di noleggio scooter,,334 165 7846,Piazza del Principe,Porto Cervo,,,,,,,,,,,
Acquableau Rental Service,Agenzia di noleggio auto,,0789 906049,Via Clipper,Porto Cervo,,,,,,,,,,,
Treforsail servizi turistici e noleggio gommonii - Costa Smeralda,Noleggio barche,http://www.treforsail.it/,377 092 3643,Abbiadori.21 Cala di Volpe,Porto Cervo,,info@treforsail.it,https,WordPress,Sì,OVH SAS,53,52,92.00,Sì,No
CervoRent Noleggio Scooter Napoli,Servizio di noleggio scooter,https://www.cervorent.it/,338 385 2551,"Centro Direzionale Isola G1, Scala B, Interno 40",Napoli,,,https,Wix,Sì,Google LLC,39,66,100.00,Sì,No
LUPOBIKE noleggio Auto Scooter anche senza carta di credito,Servizio di noleggio scooter,https://www.lupobike.it/,338 130 2067,"Via Giuseppe Garibaldi, 56h",Olbia,,,https,Angular,No,OVH ISP,64,94,100.00,Sì,No
Jo Moto,Concessionario moto,https://jomoto.it/,0182 595365,"Via Roma, 18",Cisano sul Neva,,,https,Joomla,Sì,Aruba S.p.A,66,86,92.00,Sì,No
Fabio Giovanello | Noleggio a lungo termine,Agenzia di noleggio auto,https://fabiogiovanello.it/,347 488 4683,"Via Natalino Otto, 36/1",Cogoleto,,info@fabiogiovanello.it,https,ASP.NET,Sì,Aruba S.p.A.,45,53,92.00,Sì,No
Scooter Vespa Rental Service & Auto Noleggio Desenzano,Servizio di noleggio scooter,,340 988 3409,"Via Villa del Sole, 1",Desenzano del Garda,,,,,,,,,,,
Soccorso Stradale Viani Motors SRL,Officina autoriparazioni,http://vianimotors.it/,338 853 5391,"Via Scarlatti, 17/3",Soliera,,vianim00@vianimotors.191.it,https,WordPress,Sì,Signet B.V.,53,68,85.00,Sì,No
Area Moto Modena,Concessionario moto,https://www.areamotomodena.com/,335 606 9002,"Via del Murazzo, 28",Modena,,,https,React,No,Aruba S.p.A. Network,52,71,100.00,Sì,No
Serra Luciano,Negozio di biciclette,,0541 945129,"Via Matteotti, 53",Savignano sul Rubicone,,,,,,,,,,,
Vitali Moto di Vitali Gianfranco,Negozio di ricambi per motociclette,,0541 946687,"Via Madonna Rossa, 10/12",Savignano sul Rubicone,,,,,,,,,,,
Enjoy & Work - Vendita e noleggio auto,Agenzia di noleggio auto,http://www.enjoy-work.it/,331 682 4798,"Via Emilia Est, 44",Savignano sul Rubicone,,,https,WordPress,No,Server Plan S.r.l.,63,84,83.00,Sì,No
Ironborne Motorcycles,Officina per la riparazione di moto,https://www.ironborne.com/,059 371598,"Via Ottorino Respighi, 108",Modena,,info@ironborne.com,https,React,No,"Cloudflare, Inc.",46,82,100.00,Sì,No
Bike Motor Center Di Gianni Montanari,Concessionario moto,http://www.facebok.com/bikemotorrussi,0544 583096,"Via G.Garibaldi, 58",Russi,,,http,Nuxt.js,No,"Facebook, Inc.",71,69,100.00,Sì,No
Nolo Sci Cimone Sport,Noleggio sci,https://noloscicimonesport.my.canva.site/,339 588 2484,"Via Passo del Lupo, 8/10",Sestola,,noloscicimonesport@gmail.com,https,Canva Websites,No,"Cloudflare London, LLC",55,82,45.00,Sì,No
Noleggio DownHill,Servizio di noleggio biciclette,https://www.sestolabike.it/downhill-sestola-noleggio-gilly/,339 170 9659,"Via Pian del Falco, 32",Sestola,,info@sestolabike.it,https,WordPress,No,Aruba S.p.A.,59,82,92.00,Sì,No
Benevelli Moto Di Benevelli Massimo,Negozio di ricambi per motociclette,,0522 982054,"Via F.lli Rosselli, 20",Scandiano,,,,,,,,,,,
bicimone,Servizio di noleggio biciclette,http://www.bicimone.it/,331 471 1161,"Via Palazzuola, 36",Sestola,,info@bicimone.it,https,PrestaShop,No,WiMore S.r.l.,48,56,92.00,Sì,No
Protti Sport Sestola,Negozio di articoli sportivi,https://www.prottisport.com/,347 719 8798,"Corso Libertà, 70",Sestola,,,https,React,No,Google LLC,71,62,100.00,Sì,No
BIKE CENTER CIMONE,Negozio di biciclette,https://www.bikecentercimone.it/,0536 253643,"Via Statale Ovest, 19",Sestola,,info@bikecentercimone.it,https,WordPress,No,Server Plan S.r.l.,73,98,83.00,Sì,No
GAM Trasporti| Noleggio mezzi con o senza conducente| Reggio Emilia| Scandiano,Agenzia di noleggio auto,https://www.gamviaggi.it/,0522 806560,"Via F.lli Rosselli, 18/A",Scandiano,,info@gamtrasporti.it,https,WordPress,No,Host SpA,38,62,92.00,Sì,No
Pro Drive NCC noleggio con conducente,Servizio taxi,https://www.pro-drive.it/,347 256 2544,"Via Montanara, 868",Spilamberto,,info@pro-drive.it,https,React,Sì,Netsons s.r.l.,64,80,92.00,Sì,No
Vespa&Scooter rent by Garda Detailing,Servizio di noleggio scooter,,327 065 2684,"Via Panoramica, 69",Solarolo,,,,,,,,,,,
Toccio Racing,Officina per la riparazione di moto,https://www.toccioracing.com/,351 937 4676,"Via San Bartolo, 2",Solarolo,,info@toccioracing.com,https,WordPress,Sì,Aruba S.p.A.,90,95,85.00,Sì,No
Super Bike,Negozio di biciclette,http://www.superbikespotorno.it/,019 745817,"Piazza Aonzo, 11",Spotorno,,info@superbikespotorno.it,https,React,No,OVH ISP,65,85,92.00,Sì,No
Cielo Stellato Rent- Noleggio Moto,Agenzia di noleggio moto,,388 628 9134,"artmoda, Via Pompeo Sarnelli, 97",Polignano a Mare,,,,,,,,,,,
Moto Funelli Yamaha - Concessionaria Ufficiale,Concessionario moto,http://www.motofunelli.it/,0184 253524,"Via Pasteur, 43",Bordighera,,motofunelli@uno.it,http,Shopify,Sì,Register S.P.A.,69,95,100.00,Sì,No
Taxi Autonoleggio Vismara,Agenzia di noleggio auto,,019 859719,"Località Faro, 1",Bergeggi,,,,,,,,,,,
O.C.W. Di Germano Christian & C. S.a.s.,Officina per la riparazione di moto,,339 291 5312,Via Emanuele Zoppi,Levanto,,,,,,,,,,,
Noleggio rent Auto CARINGELLA Stazione di Servizio,Benzinaio,https://www.fratellicaringella.com/,0184 253634,"SS 1, 6",Camporosso,,,https,ASP.NET,No,Google LLC,61,93,85.00,Sì,No
CICLISTA | Noleggio | Vendita |Riparazione biciclette,Negozio di riparazione biciclette,https://ciclista.sv.it/,339 590 0400,"Piazza della Libertà, 11r",Borghetto Santo Spirito,,info@ciclista.sv.it,https,React,No,Netsons Network,55,90,92.00,Sì,No
Motosystem SRL,Concessionario moto,,019 502333,"Corso Brigate Partigiane, 19",Cairo Montenotte,,,,,,,,,,,
QUATTRONE MOTORI,Concessionario moto,http://www.quattronemotori.com/,0184 355824,"Via Sottoconvento, 37",Ventimiglia,,quattronemotori@libero.it,https,React,Sì,OVH SAS,63,68,92.00,Sì,No
Cairo Rent,Agenzia di noleggio auto,http://www.cairorent.it/,019 507 9870,"Corso Brigate Partigiane, 3",Cairo Montenotte,,,https,React,No,Aruba S.p.A,33,38,92.00,Sì,No
BRINZO VESPA CENTER,Concessionario scooter,http://www.brinzopiaggio.it/,0185 772786,"SS 1, 319",Camogli,,genova@brinzopiaggio.it,http,Shopify,No,Aruba S.p.A.,63,59,92.00,Sì,No
Motorbike,Concessionario moto,,051 682 1111,"Via A. Gramsci, 86",Sala Bolognese,,,,,,,,,,,
Traxino,Concessionario moto,,353 405 7461,"Corso Montevideo, 17 A",Chiavari,,,,,,,,,,,
Motoracing,Negozio,http://www.motoracingcarasco.it/,0185 187 1629,"Via Ponte Vecchio, 36",Carasco,,motoracingcarasco@libero.it,https,Angular,No,Server Plan S.r.l.,61,77,75.00,Sì,No
MOTORNAUTICAR S.r.l. Noleggio Breve - Medio - L. Termine - Vendita Auto Nuove e Usate - SU PRENOTAZIONE APPUNTAMENTO,Agenzia di noleggio auto,http://motornauticar.com/,371 380 4309,"Viale Giuseppe Grassi, 134",Lecce,,,https,Shopify,No,Google LLC,56,80,85.00,Sì,No
autonoleggio rentasmile,Agenzia di noleggio auto,,346 435 5237,"Viale Cicerone, 1",Cavallino,,,,,,,,,,,
Ocean Noleggio,Agenzia di noleggio auto,,351 840 1665,"Via dell'Aquilone, 125",Surbo,,,,,,,,,,,
A.Meto Autonoleggio Lecce,Agenzia di noleggio auto,,328 335 2783,"Via G. D'Annunzio, N° 83",Lecce,,,,,,,,,,,
Autonoleggio Lecce Rent,Agenzia di noleggio auto,,0832 245118,"Piazzale Stazione, 1",Lecce,,,,,,,,,,,
Rollo Autonoleggio Lecce - Auto - Minibus - Furgoni,Agenzia di noleggio auto,http://www.autonoleggiorollo.it/,0832 392703,"Via Manno Fernando, 10/12",Lecce,,info@autonoleggiorollo.it,https,WordPress,No,Hetzner Online GmbH,63,80,85.00,Sì,No
Pegasus Auto Vendita & Noleggio,Rivenditore di auto,https://www.pegasusauto.it/,0832 199 2127,"Via Lequile, 154",Lecce,,info@pegasusautolecce.it,https,Joomla,No,Aruba S.p.A. Network,39,65,85.00,Sì,No
chiriatti moto - Noleggio e vendita,Concessionario moto,https://www.chiriattimoto.it/,320 569 7372,"Viale Japigia, 13",Lecce,,,https,ASP.NET,No,Aruba S.p.A.,72,92,91.00,Sì,No
Assistenza Motonautica,Noleggio barche,,0185 43854,"VIa Pilade Queirolo, Snc",Sestri Levante,,,,,,,,,,,
Scooter a Gallipoli associazione Gallipoli in Scooter,Servizio di noleggio scooter,http://www.blurentgallipoli.it/,349 476 6415,"Via Rosmini, 15",Gallipoli,,,http,WordPress,No,Aruba S.p.A.,51,65,92.00,Sì,No
Noleggio Bici Pesciocan,Servizio di noleggio biciclette,,334 731 0828,Località Porticciolo,Framura,,,,,,,,,,,
Janua Service Srl,Negozio di motociclette,http://www.januaservice.com/,010 312588,"Via Maddaloni, 9",Genova,,info@januaservice.com,https,React,Sì,Aruba S.p.A. Network,33,67,92.00,Sì,No
Freeride by Cicli Ricciardi E. & F. snc,Servizio di noleggio biciclette,http://www.freeridealassio.it/,351 413 2056,"Corso Dante Alighieri, 142",Alassio,,,https,Wix,Sì,Google LLC,76,97,92.00,Sì,No
Moto Star Snc - Officina moto,Concessionario moto,http://www.motostaronline.com/,0536 802231,"Viale Po, 35",Sassuolo,,info@motostaronline.com,https,Shopify,No,Hetzner Online GmbH,77,97,92.00,Sì,No
DRIVALIA Mobility Store,Agenzia di noleggio auto,,340 772 1352,"V. Radici in Piano, 470",Sassuolo,,,,,,,,,,,
Salone Delle Due Ruote Snc Di Callegari,Concessionario moto,http://www.salonedelledueruote.com/,0536 801071,"Viale S. Francesco, 39",Sassuolo,,,https,PrestaShop,No,Hetzner Online GmbH,62,67,92.00,Sì,No
Centro Nautico Alfio Survivor - Water Sports,Club nautico,http://www.alfiosurvivor.it/,347 294 7545,"presso bagno 118-119, Viale Regina Margherita",Rimini,,,https,WordPress,Sì,Serverplan s.r.l.,65,75,92.00,Sì,No
Yamaha - Msc Motori Lecce,Concessionario moto,,0832 092854,"Viale Giuseppe Grassi, 17",Lecce,,,,,,,,,,,
Sixt Noleggio Auto e Noleggio Furgoni Bologna Stazione Centrale,Agenzia di noleggio auto,,051 014 9253,"Piazza delle Medaglie d'Oro, 4",Bologna,,,,,,,,,,,
New Tuscany Scooter Rental Snc,Servizio di noleggio scooter,http://www.vesparental.eu/,055 538 5045,"Via Il Prato, 50Rosso",Firenze,,info@newtuscanyscooterrental.com,https,Joomla,No,Google LLC,68,93,85.00,Sì,No
Siena By Vespa,Agenzia di noleggio moto,http://www.sienabyvespa.com/scooter-rental-in-tuscany/index.php/it/,339 675 8319,"Via Guccio di Mannaia, 1/3",Siena,,info@sienabyvespa.com,https,Joomla,Sì,Armada WAN,73,93,91.00,Sì,No
Lexel Motorbike,Negozio di abbigliamento sportivo,https://www.lexelmotorbike.com/,059 685378,"Cavalcavia di Budrione, 5A",Carpi,,info@lexelmotorbike.com,https,PrestaShop,No,Aruba S.p.A.,57,49,91.00,Sì,No
Sam Auto,Rivenditore di auto,http://www.samautosrl.it/,0832 183 1393,"SP119, n1",Arnesano,,,https,React,No,"Cloudflare, Inc.",60,83,83.00,Sì,No
Harley-Davidson Parma,Concessionario moto,http://www.harleyparma.com/,0521 191 2515,"Str. Nazionale Est, 45/d",Stradella,,info@harleyparma.com,https,WordPress,No,Google LLC,42,84,85.00,Sì,No
Flybus Srl,Agenzia di noleggio auto,,320 740 7310,"Viale P. Togliatti, 12",Concordia Sulla Secchia,,,,,,,,,,,
Desil Motors Rent,Servizio di noleggio scooter,http://www.desilmotorsrent.it/,351 705 8708,"Via Guglielmo Marconi, 13",Desenzano del Garda,,desilmotorsrent@gmail.com,https,ASP.NET,Sì,Server Plan S.r.l.,60,85,100.00,Sì,No
Autovia Ferrara,Agenzia di noleggio auto,https://www.autovia.it/territorio/noleggio-auto-ferrara/,0532 93585,"Via Bologna, 272/E",Ferrara,,info@autovia.it,https,WordPress,Sì,Server Plan S.r.l.,39,56,92.00,Sì,No
TAXI A COMACCHIO -TAXI MIRKO,Servizio taxi,https://driverditomasimirko.it/,366 169 9366,"Via Spina, 186",Lagosanto,,mirkotomasi67@gmail.com,https,WordPress,Sì,Netsons s.r.l.,65,79,100.00,Sì,No
Italy On Motorbike,Tour operator,https://italymotorbiketours.com/,0541 942636,"Via Roma, 47",Savignano sul Rubicone,,office@italyonmotorbike.com,https,WordPress,Sì,Google LLC,56,78,100.00,Sì,No
Fani Motors,Concessionario moto,http://www.fanimotors.it/,055 715661,"Via Empoli, 31/c",Firenze,,,https,WordPress,No,Akamai Technologies,50,77,92.00,Sì,No
PONTIN ALESSANDRO SCOOTERSHOP,Concessionario scooter,,041 493162,"Str. Madonna Marina, 211",Chioggia,,,,,,,,,,,
Autoblu,Rivenditore di auto,https://autoblusnc.it/,0522 864474,"Via Alessandro Volta, 7",Montecchio Emilia,,autoblusnc@gmail.com,https,React,Sì,Google LLC,56,79,85.00,Sì,No
Verona Travel,Agenzia di visite turistiche,http://www.veronamototravel.com/,045 247 6282,"Via Nicola Mazza, 7",Verona,,moto@verona-travel.com,https,WordPress,Sì,Netsons Network,55,73,92.00,Sì,No
Adventure.rent,Agenzia di noleggio moto,http://adventure.rent/,348 927 8331,"Via Gallarate, 122",Milano,,,https,WordPress,No,Aruba S.p.A,64,79,100.00,Sì,No
Ready To Ride,Meccanico,http://www.readytoride.it/,0522 651018,"Via Cristoforo Colombo, 11",Novellara,,rtoride@yahoo.it,https,React,No,Google LLC,32,67,85.00,Sì,No
Liberty Rentals,Agenzia di noleggio auto,http://www.libertyrentals.it/,0584 389531,"Via Michele Coppino, 331/A",Viareggio,,pisa@libertyrentals.it,http,WordPress,No,Aruba S.p.A.,42,52,85.00,Sì,No
Fiumalbo e-bike,Negozio di biciclette,http://www.fiumalboebike.it/,347 597 0865,"Via del Parco, 4",Fiumalbo,,,https,React,No,Google LLC,60,63,85.00,Sì,No
Essegi S.R.L. - Camper Piacenza,Vendita camper e roulotte,http://www.camperpiacenza.com/,0523 957652,"di, SS45, 108",Niviano,,info@essegicaravan.it,https,React,Sì,Aruba S.p.A. Network,56,61,92.00,Sì,No
Sereno Auto,Rivenditore di auto usate,http://www.serenoauto.it/,349 329 2055,Località Mulino Renzini,Sassofeltrio,,,https,WordPress,Sì,HOSTINGER DE,64,44,77.00,Sì,No
Montefeltro Bike,Servizio di noleggio biciclette,http://www.montefeltrobike.it/,339 886 1072,"Via Salvadori, 15",Carpegna,,info@montefeltrobike.it,https,Angular,No,OVH SAS,59,71,83.00,Sì,No
Gilioli Noleggi,Agenzia di noleggio auto,http://giliolinoleggi.it/,391 311 2855,"Via F.lli Rosselli, 18",Scandiano,,giliolinoleggi@gmail.com,https,WordPress,Sì,Netsons Network,59,72,85.00,Sì,No
Noleggio Ambra,Noleggio,,338 295 1200,Piazzale John Fitzgerald Kennedy,Rimini,,,,,,,,,,,
Centerquad SRL,Concessionario moto,https://www.centerquad.it/,0522 817582,"Via G. Baisi, 20B",Ventasso,,info@centerquad.it,https,Joomla,Sì,Hetzner Online GmbH,46,70,100.00,Sì,No
Centrauto Mondo Minicar,Concessionario auto,http://www.centrautocairo.com/,019 504795,"Corso Guglielmo Marconi, 12",Cairo Montenotte,,,http,ASP.NET,No,Aruba S.p.A. Network,67,70,73.00,Sì,No
Punto Sport di Simone Masi,Negozio di biciclette,http://www.ciclipuntosport.it/,0185 215345,"Via V. Annuti, 120",Casarza Ligure,,info@ciclipuntosport.it,https,WordPress,Sì,IONOS SE,65,63,100.00,Sì,No
CHEZ LOLO,Noleggio barche,,351 678 6969,Mollo di,Laigueglia,,,,,,,,,,,
Autonoleggio Daisy Tour srl,Agenzia di noleggio auto,https://www.autonoleggiodaisytour.it/,340 473 3160,"Via Pontetto, 6",Santa Margherita Ligure,,autonoleggiodaisytour@yahoo.it,https,ASP.NET,No,OVH SAS,65,93,92.00,Sì,No
Parmoto Rent,Agenzia di noleggio auto,https://parmotorent.com/,081 883 6221,"Via Santa Maria la Bruna, 1",Torre del Greco,,parmotorentgc@gmail.com,https,WordPress,Sì,Signet B.V.,49,90,92.00,Sì,No
Ponente Moto Genova,Concessionario moto,https://www.ponentemoto.it/,010 650 9140,"Via Giacomo Puccini, 14R",Genova,,erika@ponentemoto.com,https,WordPress,Sì,Keliweb S.R.L,56,72,92.00,Sì,No
Noleggio Biciclette La Mola - Tabacchi,Servizio di noleggio biciclette,http://www.noleggiobicilamola.it/,019 932370,"Via Guglielmo Marconi, 14",Varazze,,info@noleggiobicilamola.it,https,Mobirise,Sì,Aruba S.p.A.,59,88,100.00,Sì,No
Varazzers - Noleggio Barche Varazze,Noleggio barche,https://www.varazzers.com/,351 691 1256,Via S. Rocco,Varazze,,,https,Shopify,Sì,Aruba S.p.A.,68,94,92.00,Sì,No
Fata Morgana Rent - Autonoleggio senza carta di credito,Agenzia di noleggio auto,https://fatamorganarent.it/,0965 181 7163,"Via Argine Destro Annunziata, 79",Reggio di Calabria,,fatamorganarent@virgilio.it,https,WordPress,Sì,TransIP BV,85,77,92.00,Sì,No
TARAS TOUR di Cotugno Gaetano,Agenzia di noleggio auto,,340 663 6616,"Via Mascagni Pietro, 74",Lizzano,,,,,,,,,,,
E-bike Taro,Servizio di noleggio biciclette,https://www.e-biketaro.it/,393 885 3116,"Via Partigiani D'Italia, 12",Ponte Taro,,sergio@parmalook.com,https,WordPress,No,Keliweb S.R.L,30,25,100.00,Sì,No
MotoriMania,Agenzia di noleggio moto,http://www.motorimaniario.it/,393 035 5568,"Via Principe Amedeo, 47",Rio Marina,,info@motorimaniario.it,https,WordPress,No,Google LLC,42,77,92.00,Sì,No
Pro - Bike (S.N.C.),Negozio di biciclette,,0522 652020,"Strada Provinciale Nord, 20",Novellara,,,,,,,,,,,
Autonoleggio - EmmeRent ALD Automotive Mobility Store - Delivery Point Marina di Massa,Agenzia di noleggio auto,https://www.gruppoemmerent.it/,0585 605611,"Via S. Leonardo, 503",Marina di Massa,,info@emmerent.it,https,React,No,Aruba S.p.A,72,98,92.00,Sì,No
DOCTORBIKE,Negozio di biciclette,,051 882641,"Via Provinciale Superiore, 9/A",Molinella,,,,,,,,,,,
Auto Sarzana - La Città dell'Auto,Concessionario auto,http://www.autosarzana.com/,0187 620199,"Viale 25 Aprile, 18",Sarzana,,autosarzana@gmail.com,https,Shopify,No,Aruba S.p.A. Network,50,37,83.00,Sì,No
Espressionemoto,Concessionario Honda,http://www.espressionemoto.com/,0187 765122,"Via Aurelia, 161",Sarzana,,,https,Shopify,No,Aruba S.p.A.,56,55,92.00,Sì,No
Motoabbigliamento,Negozio di abbigliamento sportivo,https://www.motoabbigliamento.it/motoabbigliamento-store-laspezia?utm_source=googlemybusiness&utm_campaign=localmarketing&utm_medium=schedalocal,0187 178 8061,"Via Pecorina, 77",Sarzana,,,,Magento,Non trovato,Infrastructure Italia Colo S.P.A,55,95,92.00,No - Pagina Non Trovata (404),No
Rojec Robertino,Officina per la riparazione di moto,,019 991487,"Via Sanda, 116",Celle Ligure,,,,,,,,,,,
Le Vele Matte,Noleggio barche,http://www.levelematte.it/,345 703 1014,Via dei Tornitori,Varazze,,info@levelematte.it,https,WordPress,No,Hetzner Online GmbH,55,56,54.00,Sì,No
MotoRentSardinia - Motorcycles Rental & Tour Olbia,Agenzia di noleggio moto,http://www.motorentsardinia.com/,320 344 1226,"Via degli Orafi, 28",Olbia,,info@motorentsardinia.com,https,React,Sì,"Cloudflare, Inc.",48,70,92.00,Sì,No
LUXAUTO VENDITA AUTO E NOLEGGIO,Agenzia di noleggio auto,http://www.luxautoportocesareo.it/,338 297 7498,Via Circonvallazione,Porto Cesareo,,,https,Basekit,No,Aruba S.p.A.,53,56,92.00,Sì,No
Comitato Circuito Ospedaletti,Organizzatore di eventi,https://www.circuitospedaletti.org/,393 944 6956,"116, Via G. Matteotti, Snc",Ospedaletti,,comitatocircuitospedaletti@gmail.com,https,WordPress,Sì,Netsons Network,68,95,100.00,Sì,No
Movim - Noleggio auto lungo termine - Sanremo,Agenzia di noleggio auto,http://www.movim.it/,0184 635539,"Corso Felice Cavallotti, 28",Sanremo,,info@realsecurityal.it,https,ASP.NET,No,Hetzner Online GmbH,19,27,100.00,Sì,No
Ozzano Motor Valley kart & Moto,Pista di go-kart,,327 484 8100,"Via Guglielmo Marconi, 31",Ozzano dell'Emilia,,,,,,,,,,,
Motor Park - Bologna,Pista di go-kart,,338 996 9898,"Via Guglielmo Marconi, 31",Ozzano dell'Emilia,,,,,,,,,,,
Concessionaria Yamaha Carpi - D&G Motorsport,Concessionario moto,https://it.yamaha-motor.eu/concessionari/dg-motorsport,059 699548,"Via Rudolf Diesel, 8",Carpi,,,https,Shopify,Sì,Register S.P.A.,,,,Sì,No
Concessionaria Yamaha Rimini - D&G Motorsport,Concessionario moto,https://it.yamaha-motor.eu/concessionari/dg-motorsport,0541 190 0123,"Viale Losanna, 73",Rimini,,,https,Shopify,Sì,Register S.P.A.,,,,Sì,No
Sestola Bike,Servizio di noleggio biciclette,http://www.sestolabike.it/,0536 794930,"Piazza Passerini, 34",Sestola,,,https,WordPress,No,Aruba S.p.A.,,,,Sì,No
Imperia Moto s.r.l. Sanremo Kawasaki Piaggio Vespa Moto Guzzi Aprilia Ducati Kymco Benelli,Concessionario moto,http://www.imperiamoto.it/,0184 543362,"Via Peirogallo, 6",Sanremo,,,https,Shopify,Sì,Aruba S.p.A,,,,Sì,No
Noleggio Scooter Genova Terminal Crociere anche per Anziani,Servizio di noleggio scooter,https://easyscootergenova.it/,375 880 1377,"Via Balbi, 18",Genova,,,https,WordPress,Sì,Google LLC,,,,Sì,No
Dogghy Garage - Appassionati Moto Guzzi,Negozio di ricambi per motociclette,http://dogghygarage.it/,010 645 7393,"Via Bobbio, 214/r",Genova,,,https,ASP.NET,No,Server Plan S.r.l.,,,,Sì,No
Gruppo Mollo - Noleggio Cairo Montenotte (Savona),Noleggio carrelli elevatori,https://www.mollofratelli.com/,019 509 0533,"Corso Brigate Partigiane, 25",Cairo Montenotte,,,https,React,Sì,Server Plan S.r.l.,,,,Sì,No
Ecomobilityplus - rivenditore ufficiale Askoll,Servizio di noleggio scooter,https://www.ecomobilityplus.it/it/,0532 094533,"Via Arturo Toscanini, 11a",Ferrara,,,https,React,Sì,Seeweb s.r.l.,,,,Sì,No
Concessionaria Yamaha Pesaro - D&G Motorsport,Concessionario moto,https://it.yamaha-motor.eu/concessionari/dg-motorsport,0721 394983,"Via Sandro Pertini, 2416",Pesaro,,,https,Shopify,Sì,Register S.P.A.,,,,Sì,No
Rent a Bike Riviera Ligure - Cogoleto,Servizio di noleggio biciclette,http://www.rentabikerivieraligure.it/,351 928 2780,"Piazza Salvador Allende, snc",Cogoleto,,,https,WordPress,No,SEEWEB s.r.l.,,,,Sì,No
Soccorso Moto Bologna,Servizi di trasporto,http://www.astronolo.com/,340 789 0111,"Via Oreste Regnoli, 2",Bologna,,,https,WordPress,No,Google LLC,,,,Sì,No
Myrentals.it,Agenzia di noleggio auto,https://www.myrentals.it/,338 727 3190,"Via dei Mille, 133",Albenga,,,https,WordPress,Sì,"DigitalOcean, LLC",,,,Sì,No
Link Motors - Rottofreno,Rivenditore di auto usate,https://www.linkmotors.it/,0523 174 8614,"Piazza Guglielmo Marconi, 1/C",Rottofreno,,,https,React,Sì,Google LLC,,,,Sì,No
Gm motor snc,Concessionario moto,http://www.gmmotor.it/,0185 75721,"Via Gian Enrico Massone, 7",Recco,,,https,Angular,No,Aruba S.p.A.,,,,Sì,No
Sixt Autonoleggio e furgoni Genova Brignole Stazione,Agenzia di noleggio auto,,010 651 2111,"Piazza Giuseppe Verdi, 2",Genova,,,,,,,,,,,
Enduro Super Tour,Agenzia di noleggio moto,,393 954 8114,"Via Pievaiola, 166c",Perugia,,,,,,,,,,,
Numero Uno Di Delchiappo Mirko E C. Sas,Officina per la riparazione di scooter,https://www.numerounoparma.com/,0521 709036,"Via Venezia, 64/b",Parma,,ciapomoto@yahoo.it,https,WordPress,Sì,Aruba S.p.A.,,,,Sì,No
Autonoleggio Silvestrini Di Andrea Silvestrini,Servizio taxi minibus,http://www.autonoleggiosilvestrini.com/,348 448 3264,Via Vicolo G.Farina,Castelvetro Piacentino,,,https,WordPress,Sì,Serverplan S.r.l.,,,,Sì,No
Euromoto di Babbo R. & Olivo R. Snc,Concessionario moto,,0421 93118,"Via Aquileia, 55",Jesolo,,,,,,,,,,,
Il Covo del Motociclista,Agenzia di noleggio moto,https://ilcovodelmotociclista.com/,049 825 8105,"Via Pietro Maroncelli, 97/B",Padova,,ilcovodelmotociclista@gmail.com,https,React,Sì,Google LLC,,,,Sì,No
Noleggio Sci e Snowboard Cimone Montecreto,Negozio,,339 632 2435,Via del Parco,Montecreto,,,,,,,,,,,
Associazione Pro Loco Mercato Saraceno,Centro informazioni turistiche,,320 688 5053,"Via Giuseppe Garibaldi, 11",Mercato Saraceno,,,,,,,,,,,
BUGS,Servizio di noleggio scooter,https://www.bugsconero.com/,334 847 5942,Via Milano,Marcelli,,info@bugsconero.com,https,React,Sì,"IHNetworks, LLC",,,,Sì,No
MOTO 2000 srl,Negozio di motociclette,http://www.yamahamoto2000.it/,0545 45810,"Via S. Martino, 1",Sant'Agata sul Santerno,,moto2000@libero.it,http,React,Sì,Register S.P.A.,,,,Sì,No
Baschi