Nome Attività,Categoria,Sito Web,Telefono,Indirizzo,Comune,Provincia,Email,Protocollo,Tecnologia,Cookie Banner,Hosting Provider,Mobile Performance,Desktop Performance,Punteggio SEO,Disponibilità Sito,Stato Manutenzione
Bluebay Group srl,Noleggio barche,,0182 591463,"Via Aurelia, 41",Andora,,,,,,,,,,,
Affitta Barche ad Andora,Noleggio barche,https://affittabarche.it,353 469 0411,"Via Aurelia, 41",Andora,,,https,React,No,Keliweb S.R.L,66,84,100.00,Sì,No
LANDS Rent,Noleggio barche,https://www.landsrent.com,324 789 0515,via aurelia 41 Porto Di Andora,Marina di Andora,,info@landsrent.com,https,WordPress,No,Google LLC,74,87,92.00,Sì,No
CHEZ LOLO,Noleggio barche,,351 678 6969,Mollo di,Laigueglia,,,,,,,,,,,
Riviera Luxury Boats,Noleggio barche,https://www.rivieraluxuryboats.it,350 597 2220,"Via A. Fontana, 21",Marina di Andora,,info@rivieraluxury.it,https,Wix,No,Google LLC,71,96,92.00,Sì,No
Altea Boat,Noleggio barche,,370 300 5912,Lungomare Nazario Sauro,Loano,,,,,,,,,,,
noleggio barche senza patente affitto Gommoni,Noleggio barche,,335 661 1106,"Lungomare Madonna del Loreto, 2/4",Loano,,,,,,,,,,,
Affitta Barche - Alassio,Noleggio barche,https://www.affittabarche.it,353 469 0407,"Porto Ferrari Luca, 4",Alassio,,,https,Shopify,No,Keliweb S.R.L,67,80,100.00,Sì,No
Noleggio Barche GreeNet,Noleggio barche,http://www.greenet.city,389 524 5826,"lato mare, Via Scarincio, 54",Imperia,,info@greenet.city,https,WordPress,Sì,Aruba S.p.A.,49,55,92.00,Sì,No
Affitta Barche Celle Ligure,Noleggio barche,http://www.affittabarche.it,353 469 0398,"Via Aurelia di Ponente, 1",Celle Ligure,,,https,Shopify,No,Keliweb S.R.L,66,84,100.00,Sì,No
NOLEGGIOGOMMONI,Noleggio barche,http://www.noleggiogommoni.net,331 211 8760,SS 1,Savona,,noleggiogommonicelle@gmail.com,https,Basekit,No,Aruba S.p.A.,55,72,100.00,Sì,No
Aurora Rent Boat,Noleggio barche,https://www.noleggiobarcheaurora.it,327 603 4490,Via del Leudo,Varazze,,,https,WordPress,Sì,Google LLC,60,89,100.00,Sì,No
Le Vele Matte,Noleggio barche,http://www.levelematte.it,345 703 1014,Via dei Tornitori,Varazze,,info@levelematte.it,https,WordPress,No,Hetzner Online GmbH,55,56,54.00,Sì,No
Gente di Mare S.r.l.,Noleggio barche,https://www.gdmyachting.com/it/gente-di-mare,329 904 5879,"Via del Castillo, 17",Sanremo,,,https,React,No,OVH SAS,56,83,75.00,Sì,No
Gli Amici del Mare a.s.d.,Noleggio barche,,335 701 1682,Via del Castillo,Sanremo,,,,,,,,,,,
odysea - Noleggio yacht a Sanremo - Yacht charter sanremo,Noleggio barche,https://odysea.it,339 631 2131,"Corso Nazario Sauro, 30",Sanremo,,info@odysea.it,https,React,Sì,Aruba S.p.A.,50,89,92.00,Sì,No
Nautica Noleggio Barche La Vela Online Imperia,Noleggio barche,http://www.lavelaonline.com,368 328 3253,"Via Gianni Cozzi, 1",Santo Stefano al Mare,,agenzia@lavelaonline.it,https,React,Sì,Google LLC,66,95,100.00,Sì,No
Affitta Barche - Ventimiglia,Noleggio barche,http://www.affittabarche.it,371 541 6419,Calaforte,Ventimiglia,,,https,Shopify,No,Keliweb S.R.L,66,76,100.00,Sì,No
Your Sailing Way,Noleggio barche,https://www.yoursailingway.com,349 618 9626,"Via Poggio Scafa, 14",Ameglia,,carolina@yoursailingway.com,https,Drupal,No,Aruba S.p.A.,56,88,85.00,Sì,No
Affitta Barche ad Arenzano,Noleggio barche,https://affittabarche.it,351 715 5486,"Lungomare Stati Uniti, 38",Arenzano,,,https,WordPress,No,Keliweb S.R.L,65,85,100.00,Sì,No
Riviera Luxury Rent,Noleggio barche,http://www.rivieraluxuryrent.it,392 660 1452,"Lungomare Nazario Sauro, 12/1",Loano,,,https,ASP.NET,No,SEEWEB s.r.l.,55,71,92.00,Sì,No
VENTI BOAT CHARTER - PORTOFINO,Noleggio barche,https://www.venticharter.com,351 737 7205,"Gazebo Clubbing Portofino, Molo Duca degli Abruzzi",Rapallo,,hello@venticharter.com,https,WordPress,Sì,HOSTINGER FR,82,98,100.00,Sì,No
Orange Wave - Boat Tour & Rental Rapallo,Noleggio barche,http://www.orangewavesea.com,347 879 7912,Via Antonio Gramsci,Rapallo,,orangewave23@gmail.com,http,Joomla,No,"Fastly, Inc.",37,49,100.00,Sì,No
Noleggio barche a vela Laser Il Timone Charter,Noleggio barche,https://www.iltimonecharterportofino.com/laser-1,340 172 3288,Via Langano,Rapallo,,iltimonecharter@gmail.com,https,Wix,No,Google LLC,69,94,100.00,Sì,No
Medboat Sharing Loano,Noleggio barche,https://www.medboatsharing.com,328 095 8960,Molo Francheville,Loano,,info@medboatsharing.com,https,React,No,Serverplan s.r.l.,55,71,100.00,Sì,No
Noleggio Gommoni Genova,Noleggio barche,https://www.noleggiogommonigenova.it,347 236 4207,Waterfront Marina,Genova,,info@divachartergenova.it,https,Mobirise,Sì,Server Plan S.r.l.,50,82,83.00,Sì,No
ITALYBOAT,Noleggio barche,,331 681 9146,Via Porto Turistico Porto di Lavagna - Molo O - posto 55,Lavagna,,,,,,,,,,,
Maimiti Sailing Noleggio barca vela con skipper,Noleggio barche,https://www.hopp.bio/maimiti,349 007 8848,"P.le John Fitzgerald Kennedy, 1",Genova,,lutz1982@gmail.com,https,React,No,Google LLC,71,85,83.00,Sì,No
Jolly Rogers Genoa Boat Charter,Noleggio barche,https://jollyrogersgenoaboatcharter.com,347 564 4490,"P.le John Fitzgerald Kennedy, 1",Genova,,info@jollyrogersgenoaboatcharter.com,https,WordPress,Sì,Server Plan S.r.l.,56,93,100.00,Sì,No
Arundel Yachting,Noleggio barche,https://www.arundelyachting.com,335 676 5359,"Molo Ponte Calvi, 5",Genova,,info@arundelyachting.com,https,ASP.NET,Sì,Telecity Milan,45,62,77.00,Sì,No
Letyourboat,Noleggio barche,https://letyourboat.com,328 147 6807,"Via Lomellini, 2/3",Genova,,,https,ASP.NET,No,Contabo GmbH,41,52,85.00,Sì,No
DIVA CHARTER GENOVA,Noleggio barche,https://www.divachartergenova.it,353 333 9225,Waterfront Marina,Genova,,,https,Mobirise,Sì,Server Plan S.r.l.,46,78,83.00,Sì,No
AB Charter,Noleggio barche,https://www.abcharter.it,345 649 5909,Lungomare Marinai d'Italia,Imperia,,,https,Wix,No,Google LLC,53,86,100.00,Sì,No
Affitta Barche - Diano Marina,Noleggio barche,https://affittabarche.it,377 323 0592,"Corso Giuseppe Garibaldi, 2",Diano Marina,,,https,React,No,Keliweb S.R.L,66,81,100.00,Sì,No
NAUTICA GALIMBERTI RENT,Noleggio barche,https://www.nauticagalimbertirent.it,379 148 5998,"c/o Porto Mirabello, Viale Italia, Viale Giovanni Amendola",La Spezia,,,https,React,No,Google LLC,60,69,100.00,Sì,No
Ge.S.Te.C.,Noleggio barche,http://www.gestec.eu,019 628494,"Via Ranzi, 15",Pietra Ligure,,a@a.aaaaa,http,ASP.NET,No,Aruba S.p.A. Network,88,100,100.00,Sì,No
Sognivela,Noleggio barche,http://sognivela.it,346 222 3012,"Molo, Pontile Q 14, Via S. Lazzaro",Imperia,,,https,WordPress,Sì,Aruba S.p.A.,78,92,100.00,Sì,No
Macaia Charter,Noleggio barche,http://www.macaiacharter.com,349 341 7750,"Via Porto Turistico, 102",Lavagna,,,https,Wix,No,Google LLC,49,99,100.00,Sì,No
Codezero srl,Noleggio barche,http://www.code-zero.it,010 665292,"Via Pionieri e Aviatori d'Italia, 105",Genova,,,http,ASP.NET,No,Aruba S.p.A. Network,47,89,91.00,Sì,No
Il Golfo dei Poeti - gite in barca a vela a Portovenere e nel Golfo dei Poeti,Noleggio barche,https://ilgolfodeipoeticharter.wordpress.com,345 627 2713,"Via Claudio Monteverdi, 6",La Spezia,,,https,WordPress,No,"Automattic, Inc",54,84,100.00,Sì,No
Lady Laura Yachting,Noleggio barche,https://www.ladylaurayachting.com,338 611 4485,Porto Mirabello,La Spezia,,mauripamela69@gmail.com,https,Nuxt.js,Sì,Server Plan S.r.l.,56,79,100.00,Sì,No
Love Boat - Noleggio & Vendita,Noleggio barche,,371 571 4320,"Corso Giuseppe Garibaldi, 2",Diano Marina,,,,,,,,,,,
Assistenza Motonautica,Noleggio barche,,0185 43854,"VIa Pilade Queirolo, Snc",Sestri Levante,,,,,,,,,,,
L'Ormeggio,Noleggio barche,http://www.lormeggio.com,347 305 1901,VIa Pilade Queirolo,Sestri Levante,,,https,Shopify,No,Amazon Technologies Inc.,62,89,85.00,Sì,No
Agenzia Motonautica Ligure,Noleggio barche,http://www.motonauticaligure.it,0185 231017,Via Dante Alighieri,Rapallo,,info@motonauticaligure.it,http,Webflow,No,Aruba S.p.A. Network,75,91,91.00,Sì,No
Boat Experience and Charter,Noleggio barche,,338 972 5373,"Via del Castillo, 17 Portosole, Via del Castillo, 17",Sanremo,,,,,,,,,,,
Stella di Mare Vela,Noleggio barche,https://www.stelladimarevela.it,348 263 7505,Via Langano,Rapallo,,info@stelladimarevela.it,https,WordPress,No,Aruba S.p.A. Network,50,85,92.00,Sì,No
Medimar - Elan Impression 444 - Charter barche a Vela Genova,Noleggio barche,,348 880 0390,Via Pionieri e Aviatori d'Italia,Genova,,,,,,,,,,,
La Camoglina charter boat,Noleggio barche,https://www.lacamoglina.com,347 715 4616,"Via S. Fortunato, 7",Camogli,,info@lacomoglina.com,https,WordPress,Sì,Aruba S.p.A.,62,75,100.00,Sì,No
IL Timone Charter,Noleggio barche,https://iltimonecharter.wixsite.com/iltimone-charter,340 155 5208,"Via Duchessa Canevaro, 1",Zoagli,,,https,Wix,No,Google LLC,65,90,92.00,Sì,No
LGV noleggio imbarcazione&servizi per la nautica,Noleggio barche,,328 477 3641,Box 63 porto turistico di lavagna - Genova,Lavagna,,,,,,,,,,,
"In barca con birba, boat rental",Noleggio barche,,328 264 0243,Porto turistico,Diano Marina,,,,,,,,,,,
Eliteservicecharter,Noleggio barche,,335 564 0936,"Costa smeralda, Via Clipper, 14",Porto Cervo,,,,,,,,,,,
Yacht Service Sardinia,Noleggio barche,,329 389 1541,"Via dei Velieri, 18",Porto Cervo,,,,,,,,,,,
Yacht Charter Porto Cervo,Noleggio barche,,379 161 9888,"Via della Marina, di",Porto Cervo,,,,,,,,,,,
Noleggio Gommoni Maxi Tender RIBMARINE,Noleggio barche,,349 819 5232,Cala del Faro,Porto Cervo,,,,,,,,,,,
Black Ribs Porto Cervo,Noleggio barche,,327 994 7576,Porto Cervo Marina,Porto Cervo,,,,,,,,,,,
ADcharter - Porto Cervo,Noleggio barche,http://www.adcharter.it,347 474 9656,"Via della Marineria, 2/interno 206",Porto Cervo,,,https,Basekit,No,Aruba S.p.A.,47,46,100.00,Sì,No
Noleggio gommoni Porto Cervo Cala di Volpe N J S,Noleggio barche,,389 248 1957,"Via Cala di Volpe, 1",Arzachena,,,,,,,,,,,
Offshore Charters,Noleggio barche,https://www.offshorecharters.it,339 819 1896,Via della Marina,Porto Cervo,,info@offshorecharters.it,https,ASP.NET,No,Aruba S.p.A. Network,59,88,85.00,Sì,No
Yacht Charter Porto Cervo Sardinia,Noleggio barche,https://www.yachtcharterportocervo.com,351 180 5990,"Viale Giovanni Maria Orecchioni, 124",Liscia di Vacca,,info@yachtcharterportocervo.com,https,React,Sì,Hetzner Online GmbH,50,26,92.00,Sì,No
Georib srl,Noleggio barche,http://www.georib.it,347 079 5547,Via della Marina,Porto Cervo,,info@georib.it,https,Angular,No,Server Plan S.r.l.,49,65,92.00,Sì,No
Treforsail servizi turistici e noleggio gommonii - Costa Smeralda,Noleggio barche,http://www.treforsail.it,377 092 3643,Abbiadori.21 Cala di Volpe,Porto Cervo,,info@treforsail.it,https,React,Sì,OVH SAS,46,74,92.00,Sì,No
Blueplanet Porto Cervo Sardinia,Noleggio barche,http://www.yachtandservicesardinia.com,389 576 8400,Viale Giovanni Maria Orecchioni,Arzachena,,,https,React,Sì,Google LLC,57,88,100.00,Sì,No
Porto Cervo Charter,Noleggio barche,https://www.portocervocharter.com,346 364 7752,"Charter - Charter Novamarine, Porto Cervo, Via dei Gerani, 6 - Loc",Poltu Quatu,,booking@portocervocharter.com,https,React,No,Aruba S.p.A.,83,95,100.00,Sì,No
Seven Yacht,Noleggio barche,http://www.sevenyacht.it,342 850 1340,Via della Marina,Porto Cervo,,info@sevenyacht.it,https,WordPress,Sì,Aruba S.p.A.,79,99,92.00,Sì,No
Spectra Yacht Porto Cervo,Noleggio barche,https://www.spectrayacht.com,334 946 0804,Via Case del Porto,Porto Cervo,,,https,React,Sì,Google LLC,63,87,100.00,Sì,No
Locazione barche a vela di proprietà,Noleggio barche,,335 572 9693,Corso Cristoforo Colombo,Chiavari,,,,,,,,,,,
BOAT RENT Yacht Charter - Noleggio Barche Motor Marine - Santa Margherita Ligure,Noleggio barche,http://www.motormarine.com,0185 288408,"Via Garibaldi, 17",Santa Margherita Ligure,,info@motormarine.com,https,ASP.NET,No,Aruba S.p.A. Network,59,76,100.00,Sì,No
M.Olivari di Ida Olivari e C. s.a.s.,Noleggio barche,http://olivarinoleggio.it,339 339 9539,Via Tommaso Bottaro,Santa Margherita Ligure,,molivarisas@libero.it,https,React,Sì,Aruba S.p.A.,56,75,92.00,Sì,No
NOLEGGIO BARCHE PUGLIA,Noleggio barche,http://www.noleggiobarchesantamariadileuca.com,338 300 3529,"Via Doppia Croce, 56",Marina di Leuca,,noleggiobarcheleuca@gmail.com,https,WordPress,No,Netsons s.r.l.,57,80,77.00,Sì,No
Rent yacht and boat - Welcome Charter,Noleggio barche,https://www.welcomecharter.it,348 715 0626,"1, Via Fieschi, 20",Genova,,info@welcomecharter.it,https,WordPress,No,Uno Communications SpA,68,88,92.00,Sì,No
Nautica Gatti noleggio gomoni,Noleggio barche,,340 569 3730,Viale Italia,La Spezia,,,,,,,,,,,
La Bussola rental boat,Noleggio barche,https://labussolalaspezia.wixsite.com/la-bussola,347 044 7543,"Presso Porto Mirabello, Via Aldo Moro",La Spezia,,labussolalaspezia@gmail.com,https,Wix,Sì,Google LLC,68,94,100.00,Sì,No
Pevea Fishing Charter - Cinqueterre Boat Tour. and levanto trip,Noleggio barche,http://www.pevea.it,338 598 5803,"Lungomare Amerigo Vespucci, 24",Levanto,,info@digiside.it,https,Shopify,No,Ampersand network,84,98,83.00,Sì,No
amare boat rent,Noleggio barche,,342 190 9043,piazza brusacà,Lerici,,,,,,,,,,,
Sole nel Golfo,Noleggio barche,https://www.ilsolenelgolfo.it,345 010 5042,"Via Giuseppe Mazzini, 23",Lerici,,ilsolenelgolfo20@gmail.com,https,WordPress,No,Aruba S.p.A.,38,55,92.00,Sì,No
Set Sail Tours,Noleggio barche,https://www.setsailtours.com,331 565 0056,Porto di Lavagna,Lavagna,,,https,React,No,Google LLC,91,93,92.00,Sì,No
Charter c-bab,Noleggio barche,,334 288 9927,Via Porto Turistico,Lavagna,,,,,,,,,,,
Tigullio Marina Rent,Noleggio barche,http://tigullioboatrental.com,392 042 1906,"Faro Rapallo, Calata Andrea Doria",Rapallo,,,https,Webflow,No,Aruba S.p.A. Network,59,90,100.00,Sì,No
The Green Boat,Noleggio barche,http://www.greenboat.it,334 399 1930,"Calata Marconi, 14",Portofino,,,https,Duda,No,"Cloudflare London, LLC",28,68,77.00,Sì,No
Nettuno Portofino Charter,Noleggio barche,https://www.nettunoportofinocharter.it,339 841 4266,Corso Guglielmo Marconi,Santa Margherita Ligure,,,https,Joomla,No,Keliweb S.R.L,67,94,92.00,Sì,No
Cesare Charter Portofino,Noleggio barche,http://www.cesarecharterportofino.it,342 141 5161,Molo Umberto I,Portofino,,info@cesarecharterportofino.it,https,Laravel,Sì,Keliweb S.R.L,38,68,100.00,Sì,No
Da Vince - Boat Charter & Private Tours,Noleggio barche,https://davince.it,333 267 8767,Molo Umberto I,Portofino,,info@davince.it,https,WordPress,No,Aruba S.p.A.,59,80,85.00,Sì,No
abc portofino,Noleggio barche,http://www.abcportofino.com,338 316 8058,Molo Umberto I,Portofino,,,https,Webflow,Sì,Aruba S.p.A. Network,61,93,82.00,Sì,No
Swimming Cetacea Portofino - Charter Boat Tour,Noleggio barche,https://www.swimmingcetacea.com,340 230 3934,Molo Isolotto,Portofino,,info@swimmingcetacea.com,https,Django,No,Aruba S.p.A.,56,78,92.00,Sì,No
Boat Rent Italy - Portofino (Boarding point ONLY),Noleggio barche,https://www.boatrentitaly.com,329 658 6347,"Calata Marconi, 21",Portofino,,baf30a2b91654c5a840931f0137bed30@sentry.wixpress.com,https,Wix,Sì,Google LLC,55,44,92.00,Sì,No
Excellence yacht,Noleggio barche,,342 322 4027,"Via dei Cantieri, snc",Porto Venere,,,,,,,,,,,
"Isotta Crew, gite in barca a vela la Spezia",Noleggio barche,http://www.isottacrew.com,335 835 0284,Via Lungomare,Le Grazie,,dave26it@gmail.com,https,WordPress,No,"Automattic, Inc",57,76,100.00,Sì,No
Franco giro in barca,Noleggio barche,,338 395 2994,"Passeggiata Aldo Moro, 1",Porto Venere,,,,,,,,,,,
Bellavita,Noleggio barche,http://www.bellavitaportovenere.it,366 998 2900,Via Calata Doria,Porto Venere,,,https,WordPress,Sì,Host SpA,39,72,92.00,Sì,No
Nautica Star,Noleggio barche,http://www.nauticastar.it,0185 773673,"Via al Porto, 45",Camogli,,,http,ASP.NET,No,Aruba S.p.A. Network,0,0,100.00,Sì,No
mcntigullio di paolo rolleri,Noleggio barche,https://www.mcntigullio.it,328 725 1921,"Via Garibaldi, 9",Santa Margherita Ligure,,paolo.rolleri@yahoo.it,https,Webflow,No,Aruba S.p.A. Network,57,70,91.00,Sì,No
Sanremo Charter,Noleggio barche,https://www.sanremocharter.com,329 460 8118,Portosole pontile G,Sanremo,,,https,React,No,Google LLC,68,81,92.00,Sì,No
Solevela,Noleggio barche,https://www.solevela.it,335 643 2967,"Via Gianni Cozzi, 1",Santo Stefano al Mare,,info@solevela.it,https,React,No,WeservIT,62,100,92.00,Sì,No
Good Shot Yacht Charter,Noleggio barche,https://good-shot.it,389 561 8706,"Via Gianni Cozzi, 1",Santo Stefano al Mare,,paolo@good-shot.it,https,WordPress,No,Combell NV,65,91,85.00,Sì,No
Boatrental,Noleggio barche,,334 736 3445,Via Falaschi,Sarzana,,,,,,,,,,,
Marco Carani Nautica Yachting Service,Noleggio barche,https://www.marcocaraninautica.it,0831 364096,"Via Petrolla, 54",Villanova,,info@marcocaraninautica.it,https,WordPress,Sì,Aruba S.p.A.,56,82,85.00,Sì,No
Vacanze a Vela,Noleggio barche,http://www.vacanzeavela.com,334 152 6799,Via del porto,Punta Ala,,riccardo_salim@yahoo.it,https,WordPress,No,Netsons s.r.l.,41,33,100.00,Sì,No
Rigel Vela Charter di Grossi Nadia,Noleggio barche,http://www.rigelvela.it,333 731 4083,Piazza Fratelli Serini,San Vincenzo,,,https,WordPress,No,Aruba S.p.A. Network,46,37,100.00,Sì,No
Tri Star Yachts - Service Division S.R.L.,Noleggio barche,http://www.tristaryachts.com,0584 425557,"Via del Porto, 8",Viareggio,,info@tristaryachts.com,https,WordPress,No,Aruba S.p.A. Network,53,82,85.00,Sì,No
trasimenomea srls,Noleggio barche,,346 803 3061,Viale 1° Maggio,Castiglione del Lago,,,,,,,,,,,
Toscanacharter,Noleggio barche,http://www.toscanacharter.it,348 866 0057,"Via del Porticciolo, 1",Cecina,,,https,React,Sì,Hetzner Online GmbH,62,82,92.00,Sì,No
SetteMari Boat Rental - Noleggio Barche,Noleggio barche,http://settemari.info,349 623 5238,Via Orsa Maggiore,Castiglione della Pescaia,,,https,Wix,Sì,wix com inc,68,93,100.00,Sì,No
Noleggio Barche Punta Ala Veryboat,Noleggio barche,http://veryboat.it,335 483 097,"Il porto di Punta Ala Pontile, nr 5",Castiglione della Pescaia,,,https,WordPress,Sì,Signet B.V.,66,83,100.00,Sì,No
Noleggio Di là dal ponte,Noleggio barche,https://diladalponte.com,366 908 9023,"Fiume Bruna sponda di ponente, Via di Ponente",Castiglione della Pescaia,,,https,React,No,OVH ISP,80,98,92.00,Sì,No
SailorTex Noleggio Imbarcazioni a vela,Noleggio barche,http://www.sailortex.it,347 558 8343,"Via Agostino Straulino, 1",Rosignano Marittimo,,,https,Shopify,No,Aruba S.p.A,63,93,85.00,Sì,No
Noleggio Barca a vela in Toscana - One off yachts,Noleggio barche,https://www.casuarinacrow.it,345 695 7540,"Marina Cala De' Medici, Via Agostino Straulino, 1",Rosignano Solvay,,,https,WordPress,Sì,Aruba S.p.A. Network,75,99,100.00,Sì,No
"Molo77 - Noleggio Gommoni, Kayak e Sup",Noleggio barche,https://www.molo77.it,366 485 6668,Piazzetta del Porticciolo,Piombino,,,https,React,Sì,GENESYS,36,71,92.00,Sì,No
Sole & Mare - Yacht Charter Broker,Noleggio barche,http://www.soleemarecharter.com,347 574 3018,"Viale Montegrappa, 65",Prato,,,https,React,No,Aruba S.p.A. Network,54,53,85.00,Sì,No
Sea Rent Experience,Noleggio barche,http://www.searent.it,392 333 1208,"Via Poggio Scafa, 16",Ameglia,,,https,WordPress,Sì,Aruba S.p.A. Network,55,69,69.00,Sì,No
Riviera di Levante boat rental,Noleggio barche,https://www.rivieradilevanteboatrental.com,375 713 7995,Viale S. Bartolomeo,La Spezia,,,https,Wix,No,Google LLC,72,95,100.00,Sì,No
Green Rent di Alunni Paola,Noleggio barche,https://greenrental.it/it,340 767 6978,"Via della Libertà, 26",San Savino,,,https,Shopify,Sì,Aruba S.p.A.,40,76,92.00,Sì,No
Good Boys Lerici Boat Rent - Noleggio Gommoni Lerici,Noleggio barche,https://www.goodboys-lericiboatrent.com,379 145 4308,"Via S. Biaggini, 33",Lerici,,,https,WordPress,Sì,Hetzner Online GmbH,56,96,100.00,Sì,No
Spartivento Charter Cala de' Medici - Noleggio Barche a Vela e Catamarani,Noleggio barche,http://www.spartivento.it,06 4006 0490,"Via Agostino Straulino, 1",Rosignano Marittimo,,,https,WordPress,No,"Cloudflare, Inc.",53,69,100.00,Sì,No
Trasimeno Boats,Noleggio barche,http://www.trasimenoboats.com,335 173 9492,Via Navaccia,Tuoro sul Trasimeno,,,https,Angular,Sì,Aruba S.p.A. Network,45,53,67.00,Sì,No
Seven Charter srl,Noleggio barche,http://www.sevencharter.it,353 421 6049,"Via Vittorio Veneto, 12/a",Terranuova Bracciolini,,,https,Joomla,No,Serverplan S.r.l.,31,43,85.00,Sì,No
Vuoi Fare Vela?,Noleggio barche,http://www.vuoifarevela.com,340 712 4438,Porto Turistico,Marina di Grosseto,,,https,React,No,Freethought Internet Limited,60,81,92.00,Sì,No
PlainSailing.com Yacht Charter,Noleggio barche,https://plainsailing.com/destinations/italy/tuscany,+44 800 612 8210,"Marina di, Lungomare Giuseppe Garibaldi",Puntone,,info@plainsailing.com,https,React,No,Amazon Technologies Inc.,64,76,100.00,Sì,No
Zeurino Barche,Noleggio barche,http://www.zeurinobarche.com,0564 818728,"Piazzale Candi, 9",Porto Santo Stefano,,,https,WordPress,Sì,Aruba S.p.A.,67,87,100.00,Sì,No
Centro Nautico Alle Barche,Noleggio barche,http://noleggioallebarche.it,388 824 3129,"Via Lungo Lago, 1",Calceranica al Lago,,,https,Shopify,No,Aruba S.p.A. Network,65,94,91.00,Sì,No
GIRAGIGLIO • Noleggio Barche e Scooter 🌍 Isola del Giglio,Noleggio barche,http://www.giragiglio.it,393 202 0993,"Via Thaon de Revel, 1",Isola del Giglio,,,https,Shopify,Sì,Aruba S.p.A.,55,76,100.00,Sì,No
Margidore Yacht Club,Noleggio barche,http://www.margidoreyachtclub.com,327 900 3272,"Via del Capo, Marinaio",Lacona,,,https,WordPress,No,Armada WAN,70,83,92.00,Sì,No
NOLEGGIO BARCHE BALLERANO,Noleggio barche,http://www.noleggiogommoniballerano.it,328 152 2492,Piazzale dei Rioni,Porto Santo Stefano,,,https,WordPress,Sì,Aruba S.p.A.,59,88,100.00,Sì,No
Ocean Freedom s.r.l.-Luxury yachts & charter,Noleggio barche,https://www.oceanfreedom.eu,333 265 6033,"Via Agostino Straulino, 1",Rosignano Marittimo,,,https,React,Sì,Aruba S.p.A.,57,0,100.00,Sì,No
Puntocospicuo Sales & Charter,Noleggio barche,http://www.puntocospicuo.it,06 8007 9982,"Marina di Nettuno Box Jeanneau/Prestige, Via Amerigo Vespucci",Nettuno,,,https,WordPress,No,Host SpA,50,73,92.00,Sì,No
Spazio Mare,Noleggio barche,http://www.spaziomare.it,0565 95112,"Via V.Veneto, Spiaggia La Rossa",Porto Azzurro,,,https,Joomla,No,OVH SAS,57,82,77.00,Sì,No
Sole&Mare Catamarans,Noleggio barche,http://www.catamaransforcharter.com,348 903 2371,"Viale Montegrappa, 65",Prato,,,https,WordPress,Sì,genesys informatica srl,56,37,100.00,Sì,No
Sea Side Charter - Noleggio barche Rimini / Riccione / Vallugola,Noleggio barche,https://www.seasidecharter.it,371 572 9326,"Viale Ortigara, 80",Rimini,,460ff4620fa44cba8df530afde949785@sentry.wixpress.com,https,React,No,Google LLC,72,95,100.00,Sì,No
Crapolla charter,Noleggio barche,,334 339 0249,Via Cristoforo Colombo,Massa Lubrense,,,,,,,,,,,
Strawberry Boat,Noleggio barche,,344 489 4991,Via Fontanella,Massa Lubrense,,,,,,,,,,,
Masticiello,Noleggio barche,http://www.masticiello.com,334 860 0595,P.za Marina del Cantone,Massa Lubrense,,,https,React,No,"Amazon.com, Inc.",53,91,100.00,Sì,No
Due Golfi Charter,Noleggio barche,http://duegolficharter.com,331 915 0807,"Corso Sant'Agata, 63",Massa Lubrense,,,https,WordPress,No,Aruba S.p.A. Network,55,65,92.00,Sì,No
Fiumaretta Noleggio Gommoni e Barcone per Puntacorvo,Noleggio barche,http://www.servizipuntacorvo.it,380 866 3934,"Via del Pilota, 33",Fiumaretta di Ameglia,,,https,React,No,Wildcard Service Srl,72,92,92.00,Sì,No
Noleggio gommoni La Grotta del Turco,Noleggio barche,http://www.lagrottadelturco.it,338 414 7556,"Piazza Vittorio Emanuele, II",Porto Santo Stefano,,,https,Joomla,No,Aruba S.p.A.,56,71,92.00,Sì,No
Le Schegge del Mare,Noleggio barche,http://www.noleggiolescheggedelmare.it,334 240 4840,"Piazza Vittorio Emanuele, II",Porto Santo Stefano,,,https,WordPress,Sì,Aruba S.p.A. Network,69,85,100.00,Sì,No
AS Noleggio Porto Ercole,Noleggio barche,http://www.noleggiobarcheportoercole.it,333 332 2045,Lungomare Andrea Doria,Porto Ercole,,,https,React,Sì,Aruba S.p.A.,37,49,92.00,Sì,No
BlackWave Monaco,Noleggio barche,https://www.blackwavemonaco.com,+33 6 07 93 02 64,"Port de Fontvieille, Quai des Sanbarbani",Monaco,,blackwavemonaco@gmail.com,https,Shopify,Sì,Aruba S.p.A. Network,0,45,92.00,Sì,No
Noleggio Tolù,Noleggio barche,http://www.noleggiotoluargentario.it,380 187 3371,"Via Scalo Colombo, 24",Porto Santo Stefano,,,https,React,No,Aruba S.p.A.,62,52,91.00,Sì,No
Pianeta Mare Charter,Noleggio barche,http://www.pianetamarecharter.com,379 299 6765,Porto Turistico località Marina di Salivoli 2B,Piombino,,,https,Shopify,Sì,Aruba S.p.A. Network,41,73,100.00,Sì,No
Noleggio barca a vela Toscana,Noleggio barche,https://www.veladreamcharter.com/toscana-barca-a-vela,348 472 7220,"Via de Larderel, 8",Livorno,,,https,WordPress,Sì,Hetzner Online GmbH,63,80,92.00,Sì,No
Sailor.Tex Sailing Charter Company,Noleggio barche,http://www.sailortex.it,0586 769231,"Via Agostino Straulino, 1",Rosignano Solvay,,,https,Shopify,No,Aruba S.p.A,64,0,85.00,Sì,No
RIO BLUE RENT,Noleggio barche,http://www.cavorent.it,380 775 9760,Via Roma,Rio Marina,,info@cavorent.it,https,WordPress,No,Host SpA,62,79,85.00,Sì,No
WindyWaves,Noleggio barche,http://www.windywaves.com,339 527 9209,"Via dei Cantieri, 1",Fezzano,,,https,WordPress,Sì,Combell NV,63,83,100.00,Sì,No
Avelecazzate Noleggio Barche Scuola di Vela,Noleggio barche,http://avelecazzate.com,335 466 444,"Via Pighini, 22",Imola,,,https,WordPress,No,Aruba S.p.A.,51,62,73.00,Sì,No
La Bottega del Mare,Noleggio barche,https://www.labottegadelmare.com,339 158 3976,"Via Vittorio Emanuele II, 162",San Vincenzo,,,https,Shopify,Sì,genesys informatica srl,62,67,83.00,Sì,No
DB Management - Boat rental,Noleggio barche,https://www.clickandboat.com/it/noleggio-barche/la-spezia/barca-a-motore/bma-x222-868r1jv,334 956 3060,Viale Giovanni Amendola,La Spezia,,,https,Angular,No,Amazon Technologies Inc.,53,63,92.00,Sì,No
Rio Marina Service,Noleggio barche,http://www.riomarinaservice.it,333 805 4410,"Calata dei Voltoni, 22",Rio Marina,,,https,React,No,Serverplan S.r.l.,77,97,100.00,Sì,No
Taxiboatelba,Noleggio barche,http://www.taxiboatelba.it,350 986 8422,"Lungomare Generale Fabio Mibelli, 51-29",Marina di Campo,,,https,Shopify,Sì,Hetzner Online GmbH,50,47,83.00,Sì,No
Noleggio CATAMARANI - Sailing Geo,Noleggio barche,http://www.sailing-geo.com,388 772 8772,"Calata Mazzini, 37",Portoferraio,,,https,WordPress,Sì,Host SpA,67,56,100.00,Sì,No
Dufi Sail Charter,Noleggio barche,https://www.dufisailcharter.com,0565 179 1544,"Via Vittorio Emanuele II, 151",San Vincenzo,,,https,Joomla,Sì,Server Plan S.r.l.,47,48,46.00,Sì,No
Noleggio Gommoni Santa Maria Navarrese NAUTICA s.a.s.,Noleggio barche,https://www.nauticaseaservice.it,0782 615522,Porto Turistico di,Santa Maria Navarrese,,,https,Joomla,Sì,Aruba S.p.A.,60,79,92.00,Sì,No
Punta Ala Water Sport,Noleggio barche,http://www.puntaala-watersport.it,333 549 1854,Strada Provinciale 61 Punta Ala,Castiglione della Pescaia,,,https,React,No,OVH ISP,57,71,85.00,Sì,No
Secret Argentario,Noleggio barche,http://www.secretargentario.it,329 139 9334,Nuovo Molo Garbaldi Secret,Porto Santo Stefano,,,http,Squarespace,No,Aruba S.p.A. Network,55,53,92.00,Sì,No
Molly Mack Catamaran Charter,Noleggio barche,,339 845 6395,"Mulino Marghen,Noce,Zeri",Zeri,,,,,,,,,,,
Passione Blue| Noleggio barche| Castellammare del golfo,Noleggio barche,http://www.passioneblue.com,388 450 7491,"Via Don Leonardo Zangara, 1",Castellammare del Golfo,,,https,React,No,Aruba S.p.A.,47,65,85.00,Sì,No
Gentlemen Pirates,Noleggio barche,http://gentlemenpirates.org,351 975 6663,"Via Pontina, Km.47/015",Aprilia,,ac.partners.srls@pec.it,https,WordPress,No,Aruba S.p.A.,92,100,92.00,Sì,No
Crociera in Barca,Noleggio barche,https://crocierainbarca.it,392 432 4464,Piazzale Amerigo Vespucci,Formia,,info@crociarainbarca.it,https,Shopify,Non trovato,OVH SAS,0,0,0.00,Sì,No
Noleggio Barche Ponza - GMM,Noleggio barche,http://www.noleggiobarcheponza.it,345 841 1359,Via Spiaggia Santa Maria,Ponza,,info@noleggiobarcheponza.it,https,WordPress,No,Netsons Network,62,82,85.00,Sì,No
AM Charter srl,Noleggio barche,http://www.am-charter.com,06 6641 0349,"Via Giovanni Pacchioni, 9",Roma,,info@am-charter.com,https,React,No,Contabo GmbH,66,100,100.00,Sì,No
cooperativa la fontana noleggio barche,Noleggio barche,,393 608 6925,via cavatella,Ponza,,,,,,,,,,,
Noleggio Carlina Yacht Capri Sorrento Amalfi Coast,Noleggio barche,,320 153 6114,"Unnamed Road, 80053",Castellammare di Stabia,,,,,,,,,,,
CALA BRANDINCHI S.N.C. DI BACCIU SALVATORE & C,Noleggio barche,,339 133 1653,"Via Monte Acuto, 9",Padru,,,,,,,,,,,
Sunny Charter,Noleggio barche,https://www.sunnycharter.it,345 829 6937,"Via Prota, 69",Torre Annunziata,,info@sunnycharter.it,https,Joomla,Sì,Aruba S.p.A. Network,44,80,92.00,Sì,No
Noleggio Barche Praia Nauticovi,Noleggio barche,,348 436 4498,"SP1, 26",Praia a Mare,,,,,,,,,,,
Fly Charter Nettuno,Noleggio barche,,347 345 2486,Via Amerigo Vespucci,Nettuno,,,,,,,,,,,
Eolie island tour | escursioni in barca alle Eolie,Noleggio barche,https://www.eolieislandtour.it,338 491 3270,Porto Pignataro,Lipari,,info@eolieislandtour.it,https,WordPress,No,Aruba S.p.A.,70,64,100.00,Sì,No
Marina Boat Service di Gorga Sergio & c. s.a.s.,Noleggio barche,http://marinaboatservice.it,339 118 4468,"Via Provinciale, Loc",Ogliastro Marina,,info@marinaboatservice.it,https,Shopify,No,Aruba S.p.A. Network,97,100,82.00,Sì,No
Ischia Sea Dream Noleggio barche e gommoni,Noleggio barche,http://www.ischiaseadream.it,335 742 5328,"Via Porto, 17/39",Ischia,,,https,WordPress,Sì,"Cloudflare, Inc.",64,84,85.00,Sì,No
Blue Marine - Massimo e Patrizia Ranieri - Noleggio Ufficiale Imbarcazioni - Noleggio Barche e Gommoni - Tour con Skipper,Noleggio barche,https://cantierenauticobluemarine.it,333 718 3942,località turrati mare,Soverato,,info@bluemarineboats.it,https,WordPress,No,Aruba S.p.A.,46,50,85.00,Sì,No
West Coast Ischia,Noleggio barche,http://www.westcoastischia.it,339 613 7491,Via Porto,Ischia,,info@westcoastischia.it,https,WordPress,Sì,Hetzner,54,68,85.00,Sì,No
Noleggio Barche La Pagliola,Noleggio barche,https://www.lapagliolasportenautica.it,351 688 6607,Via Porto Caposele,Formia,,,https,React,No,Netsons s.r.l.,54,88,92.00,Sì,No
Angel Boat Rental,Noleggio barche,https://www.angelboatrental.it,389 345 8027,Via Molo Manfredi,Salerno,,info@angelboatrental.it,http,Joomla,Sì,Aruba S.p.A.,57,68,92.00,Sì,No
Porto Cesareo - Vip Charter Yacht,Noleggio barche,https://www.portocesareovipcharter.com,339 716 0531,Piazza Nazario Sauro,Porto Cesareo,,,https,WordPress,No,Contabo GmbH,69,90,100.00,Sì,No
Noleggio Barche Porto Cesareo,Noleggio barche,https://noleggiobarcaportocesareo.it,379 283 9152,Via Bissolati,Porto Cesareo,,kingboatportocesareo@gmail.com,https,React,No,Aruba S.p.A,51,89,92.00,Sì,No
L&L charter,Noleggio barche,https://llcharter.it,392 608 1178,Via Marrella,Boscoreale,,,https,WordPress,No,Hostinger International Limited,64,70,92.00,Sì,No
NOLEGGIO BARCHE CINESI RENT BOAT,Noleggio barche,,377 092 2355,"Molo Manfredi Salerno, Via Luigi guercio, 152",Salerno,,,,,,,,,,,
Happy Sailing - Yacht Sale & Charter,Noleggio barche,http://www.happysailing.it,344 264 2246,"Box 8E - Happy Sailing, Via Amerigo Vespucci",Nettuno,,,https,WordPress,No,HOSTINGER DE,56,89,100.00,Sì,No
Assosi noleggio gommoni,Noleggio barche,https://noleggiogommoneasso.it/noleggio-gommoni,338 222 0975,"Via Pontina, 21",Terracina,,rosinadisauro@gmail.com,https,WordPress,Sì,TransIP BV,50,87,92.00,Sì,No
Barche a Motori / Gommoni / Charter / Barche a remi noleggio Paciaccone ,Noleggio barche,,334 950 9899,Via Nazario Sauro,Napoli,,,,,,,,,,,
Noleggio Azzurro Snc Ponza,Noleggio barche,http://noleggioazzurroponza.com,333 412 8326,Via Banchina Mamozio,Ponza,,noleggioazzurro.ponza@gmail.com,http,WordPress,Sì,Signet B.V.,66,93,100.00,Sì,No
Diva Luna,Noleggio barche,http://www.divaluna.com,393 207 7762,Spiaggia di S. Antonio,Ponza,,divaluna@divaluna.com,https,WordPress,Sì,Aruba S.p.A.,60,67,85.00,Sì,No
Noleggio barche napoli,Noleggio barche,,081 774 4936,"Via Giuseppe Garibaldi, 26",Volla,,,,,,,,,,,
BLUNESIS S.R.L.S.,Noleggio barche,http://www.blunesis.com,081 1818 7836,"Corso Italia, 431 F",Quarto,,,https,WordPress,No,Google LLC,59,64,92.00,Sì,No
The Shark Rental Boat,Noleggio barche,,331 463 7084,Via Marina di Praia,Furore,,,,,,,,,,,
FP CHARTER,Noleggio barche,,371 554 4021,"Via Verdi, 32",Volla,,,,,,,,,,,
SEA & SUN,Noleggio barche,https://seaandsun.it,331 535 6620,Via Cella,Praiano,,,https,WordPress,Sì,OVH ISP,75,90,92.00,Sì,No
Fjord Charter Amalfi Coast,Noleggio barche,https://www.fjordcharter.com,340 823 0730,"Salita Sant'Elia, 2",Furore,,,https,WordPress,No,"Cloudflare, Inc.",37,47,85.00,Sì,No
Parrosto Charter Amalfi Boat,Noleggio barche,https://parrostocharter.it,333 883 4957,Via Lungomare dei Cavalieri,Amalfi,,parrostocharter@hotmail.com,https,Shopify,Sì,Netsons s.r.l.,62,91,85.00,Sì,No
AP Boat Noleggio Barche,Noleggio barche,,351 764 6967,"Discesa Coroglio, 34",Napoli,,,,,,,,,,,
Master Boat nautica Sez.Charter,Noleggio barche,https://www.masterboat.it,351 503 6249,"Via Nisida, 1",Napoli,,info@masterboat.it,http,React,Sì,Aruba S.p.A,59,78,100.00,Sì,No
Nautica Di Luccio,Noleggio barche,http://www.nauticadiluccio.it,338 252 5636,Via Riviera Franco Antonicelli,Agropoli,,latuaemail@kardup.it,https,React,No,OVH SAS,60,87,100.00,Sì,No
Vela Dream,Noleggio barche,http://www.veladream.com,329 771 1447,Via Riviera Franco Antonicelli,Agropoli,,info@veladream.com,https,Magento,Sì,Google LLC,52,81,100.00,Sì,No
Seagio,Noleggio barche,http://www.seagio.it,351 728 6995,"Via Porto, 31",Salerno,,seagio@icloud.com,https,Shopify,Sì,Serverplan S.r.l.,66,84,100.00,Sì,No
"Kyme Sailing - Sailboat Experience, Boat & Breakfast and more",Noleggio barche,,347 215 0276,"Corso Alcide de Gasperi Sede Legale Via Caduti Sul Lavoro 71, Caserta CE 81100",Castellammare di Stabia,,,,,,,,,,,
Blu Dream,Noleggio barche,https://bludream.it,327 483 6726,"Via Enrico Bottiglieri, 17",Salerno,,,https,React,Sì,OVH ISP,64,80,100.00,Sì,No
Amalfi Yachts,Noleggio barche,http://www.amalfiyachts.it,338 646 6314,"Via Sopramare, 45",Amalfi,,,https,WordPress,No,Aruba S.p.A.,52,81,100.00,Sì,No
Diamond Cruises Amalfi,Noleggio barche,https://www.diamondcruisesamalfi.com,366 311 1824,Via Lungomare dei Cavalieri,Amalfi,,diamondcruisesamalfi@gmail.com,https,Shopify,Sì,Aruba S.p.A.,57,79,91.00,Sì,No
Atrani B Service - Atrani Rental Boats,Noleggio barche,http://www.boatsamalficoast.com,335 156 9873,"Largo Orlando Buonocore, SNC",Atrani,,,https,WordPress,No,"Cloudflare, Inc.",59,96,77.00,Sì,No
Amalfi Boats s.r.l,Noleggio barche,http://www.amalfiboats.it,333 362 5773,Molo Darsena,Amalfi,,info@amalfiboats.it,https,Nuxt.js,Sì,Aruba S.p.A.,56,92,82.00,Sì,No
Premium Boat Charter,Noleggio barche,http://www.premiumboatcharter.com,329 460 3771,Largo Scario,Amalfi,,info@premiumboatcharter.com,https,React,Sì,Aruba S.p.A.,54,76,85.00,Sì,No
Amalfi Sea Service,Noleggio barche,https://www.amalfiseaservice.com,333 701 1148,Via Lungomare dei Cavalieri,Amalfi,,,https,Shopify,Sì,Google LLC,32,67,100.00,Sì,No
Gioacchino Esposito - Noleggio Barche,Noleggio barche,http://www.boatsamalfi.it,328 649 4192,Via Lungomare dei Cavalieri,Amalfi,,info@boatsamalfi.it,https,React,Sì,"Cloudflare, Inc.",56,67,100.00,Sì,No
Powerboat Noleggio Gommoni Ischia,Noleggio barche,,331 306 5247,Via Cristoforo Colombo,Forio,,,,,,,,,,,
Ischia Charter The Big One,Noleggio barche,,331 272 3295,"Via molo, 2",Ischia,,,,,,,,,,,
Uniko Charter,Noleggio barche,https://www.unikocharter.com,366 869 0619,Via Salvador Allende,Salerno,,booking@unikocharter.com,https,WordPress,No,Moviement srl,59,76,83.00,Sì,No
Dolce Vita Ischia Sea Boat,Noleggio barche,https://www.dolcevitaischiaseaboat.it,339 839 4329,"Via Cristoforo Colombo, n5",Forio,,info@dolcevitaischiaseaboat.it,https,WordPress,Sì,Aruba S.p.A.,73,96,85.00,Sì,No
Ischia Charter (Mg Charter Boat),Noleggio barche,https://mgcharterboat.com,339 368 3834,Via Cilento,Ischia,,,https,WordPress,No,Keliweb S.R.L,48,56,85.00,Sì,No
Chrysaora Charter Experience,Noleggio barche,http://chrysaora.it,350 590 2002,Via Porto,Castellabate,,chrysaoracharter.ex@gmail.com,https,Shopify,No,Aruba S.p.A.,59,68,92.00,Sì,No
Blue Lizard Capri Boat Tour,Noleggio barche,,333 583 2275,"Via Cristoforo Colombo, 7",Capri,,,,,,,,,,,
Caprirentaloveboat,Noleggio barche,,339 665 0836,"Via Cristoforo Colombo, 30",Capri,,,,,,,,,,,
Charter Capri - Yacht and Boat Rental,Noleggio barche,https://www.yachtclubsorrento.com,331 161 6020,Via Follicara,Anacapri,,info@yachtclubsorrento.com,https,WordPress,Sì,Seflow S.N.C. Di Marco Brame' & C.,39,41,100.00,Sì,No
CAPRI BOAT SUNRISE,Noleggio barche,https://capriboatsunrise.it,338 105 9113,"Via La Fabbrica, 68",Anacapri,,emiliano.cascone@hotmail.com,https,WordPress,Sì,Signet B.V.,57,86,85.00,Sì,No
Capriblueline,Noleggio barche,http://www.capriblueline.com,333 832 8899,"Piazza Angelo Ferraro, 12",Capri,,capriblueline@outlook.it,https,React,Sì,Google LLC,40,64,100.00,Sì,No
Giu&Giu Club,Noleggio barche,https://www.giuegiuclub.com,393 865 4280,"Scala Fenicia, 3",Capri,,john@doe.com,https,Shopify,Sì,Server Plan S.r.l.,49,84,100.00,Sì,No
Capri Relax Boats,Noleggio barche,https://www.caprirelaxboats.com,331 608 4109,"Via Cristoforo Colombo, 34",Capri,,,https,Shopify,Sì,"Amazon.com, Inc.",69,90,92.00,Sì,No
Blue Prime - Yacht Experience,Noleggio barche,https://www.blueprime.club,388 470 8596,"Via Cristoforo Colombo, 72",Capri,,contact@blueprime.club,https,React,Sì,Aruba S.p.A.,59,96,82.00,Sì,No
U Sea Capri,Noleggio barche,https://useacapri.com,338 344 3263,Via Marina Grande,Capri,,,https,WordPress,No,Google LLC,67,87,100.00,Sì,No
Capri Boat Tours,Noleggio barche,https://www.capriboattours.com,334 825 9392,"Piazza Angelo Ferraro, 3",Capri,,,https,React,No,Google LLC,75,90,100.00,Sì,No
Capri Mia Boat Tours,Noleggio barche,https://www.caprimiaboattours.com,389 113 0738,"Piazza Angelo Ferraro, 5",Capri,,info@caprimiaboattours.com,https,ASP.NET,No,OVH ISP,67,98,100.00,Sì,No
Waves of Capri,Noleggio barche,https://www.wavesofcapri.com,347 585 8458,Piazza Angelo Ferraro,Capri,,,https,React,Sì,Google LLC,46,90,100.00,Sì,No
Capri Plan B,Noleggio barche,http://www.capriplanb.com,331 713 1766,Via Cristoforo Colombo,Capri,,capriplanb@gmail.com,https,Shopify,No,PENTECH BILISIM TEKNOLOJILERI SANAYI VE TICARET LIMITED SIRKETi,62,87,82.00,Sì,No
Capri Boat Experience,Noleggio barche,http://www.capriboatexperience.com,366 235 5694,Via Caracciolo 11 - Molo Palermo,Napoli,,info@capriboatexperience.com,https,WordPress,Sì,Google LLC,34,43,92.00,Sì,No
Nautica 2000 - Noleggio Barche Palinuro di Belonoskin Giacomo,Noleggio barche,https://noleggionautica2000.it,349 358 4862,Via Porto,Palinuro,,,https,Shopify,No,Google LLC,59,78,61.00,Sì,No
Catamarano Events,Noleggio barche,http://www.catamaranoevents.com,328 966 1553,"Via Camillo Benso Conte di Cavour, 26",Terracina,,info@catamaranoevents.com,https,WordPress,Sì,Aruba S.p.A. Network,46,59,85.00,Sì,No
Chantiers Navals de Calvi,Noleggio barche,http://www.cncalvi.com,+33 4 95 60 70 98,port de Calvi,Calvi,,info@cncalvi.com,https,React,No,OVH SAS,38,49,83.00,Sì,No
Corsica BBQ Boat Calvi,Noleggio barche,,+33 6 07 63 57 82,PORT DE COMMERCE,Calvi,,,,,,,,,,,
Agriate Nautic,Noleggio barche,https://www.agriatesnautic.com,+33 6 22 94 16 08,Lieu dit shinu,Saint-Florent,,support@webador.fr,https,React,No,Google LLC,81,99,92.00,Sì,No
SALES AND RENTAL SERVICE SAS,Noleggio barche,http://www.arundelyachting.com,380 638 4682,Molo Ponte Calvi,Genova,,info@arundelyachting.com,https,ASP.NET,Sì,Telecity Milan,54,62,85.00,Sì,No
Corse Croisières catamaran,Noleggio barche,,+33 6 23 44 22 37,ham,Sisco,,,,,,,,,,,
Perseo Yacht,Noleggio barche,,334 305 7443,Via Molo di Baia,Baia,,,,,,,,,,,
Bacoli Charter,Noleggio barche,,351 257 6953,Via Sacello di Miseno,Bacoli,,,,,,,,,,,
OHANA BOAT RENT,Noleggio barche,,331 594 2611,Via Miseno,Bacoli,,,,,,,,,,,
Marilahventiquattro,Noleggio barche,,335 129 1193,"Via Terme Romane, 140",Bacoli,,,,,,,,,,,
Blumar Charter Ischia,Noleggio barche,https://www.blumarcharter.it,379 139 6363,"Via Porto, 23",Ischia,,bluemarcharter3@gmail.com,https,React,Sì,Aruba S.p.A.,55,76,83.00,Sì,No
Sea You Aboard,Noleggio barche,https://www.seayouaboard.com,388 904 7960,"Corso Alcide de Gasperi, 313",Castellammare di Stabia,,,https,WordPress,No,Google LLC,57,75,92.00,Sì,No
Idg Charter,Noleggio barche,,347 607 8926,Via Matteo Sabino,Pisciotta,,,,,,,,,,,
Noleggio Barca Vela Mistral,Noleggio barche,https://www.sanamente.it/noleggio-barca-a-vela,333 876 6101,Via Caio Duilio,Castellammare di Stabia,,diasan@inwind.it,https,Shopify,No,Aruba S.p.A. Network,51,87,92.00,Sì,No
Capri & Positano Life Charter,Noleggio barche,https://cpcharter.com,081 1937 1646,"Corso Alcide de Gasperi, 313",Castellammare di Stabia,,info@website.com,https,WordPress,Sì,Aruba S.p.A.,37,27,85.00,Sì,No
Automotonautica Elvit Motor Service S.r.l,Noleggio barche,,089 951211,"Via Pozzillo, 15",Baronissi,,,,,,,,,,,
Capri Trip,Noleggio barche,http://www.capritrip.com,328 592 7977,"Piazza Angelo Ferraro, 5",Capri,,,https,Wix,No,Google LLC,63,72,100.00,Sì,No
Il Porto Marina di Cassano,Noleggio barche,https://www.portomarinadicassano.com,339 803 8346,"Via Marina di Cassano, 22/92",Piano di Sorrento,,info@lacarenasrl.it,https,WordPress,No,Aruba S.p.A.,56,66,92.00,Sì,No
Marina di cassano Ormeggio,Noleggio barche,http://www.sorrentoboatservices.it,339 459 6067,"Via Marina di Cassano, 15",Piano di Sorrento,,info@sorrentoboatservices.it,https,Shopify,No,Netsons Network,39,48,92.00,Sì,No
Nautica Calimero,Noleggio barche,https://www.nauticacalimero.it,081 681506,"Lungomare, V. Francesco Caracciolo, 2",Napoli,,,https,WordPress,No,Aruba S.p.A. Network,68,93,92.00,Sì,Sì
ProgettOceano - Noleggio e Vacanze in barche a vela. Sail charter.,Noleggio barche,http://www.progettoceano.com,081 896 0169,"Via Marcello Scotti, 44",Procida,,inf@progettoceano.com,https,Angular,No,Aruba S.p.A. - Cloud Services,55,68,92.00,Sì,No
Grecia in barca,Noleggio barche,http://www.greciabarcavela.com,340 957 8106,kontokali 0,Corfu,,,https,Shopify,Sì,Google LLC,55,80,82.00,Sì,No
Magic Sails Charter - Noleggio Barche A Vela Grecia,Noleggio barche,http://www.crocierevelagrecia.it,+30 694 227 3694,Dimitroy Golemi,Lefkada,,info@magicsails.it,https,WordPress,No,Aruba S.p.A.,43,75,77.00,Sì,No
Morgana Sailing,Noleggio barche,https://www.morganasailingcharter.com,379 152 3270,"Via Doppia Croce, 53",Santa Maria di Leuca,,,https,React,Sì,Google LLC,64,84,100.00,Sì,No
Societa' Cooperativa Ischia Barche,Noleggio barche,http://www.ischiabarche.com,081 984821,"Via S. Giovan Giuseppe della Croce, 77",Ischia,,,https,ASP.NET,No,"Cloudflare, Inc.",53,93,92.00,Sì,No
NapolidamareCharterSrl,Noleggio barche,https://www.napolidamare.it,329 684 5919,Via Sedivola,Torre del Greco,,napolidamarecharter@gmail.com,https,WordPress,No,Aruba S.p.A. Network,66,87,100.00,Sì,No
BLU CHARTER MARE,Noleggio barche,http://www.bluchartermare.com,081 771 3156,"Viale Michelangelo, 24",San Sebastiano Al Vesuvio,,info@bluchartermare.com,https,WordPress,No,Aruba S.p.A.,56,60,92.00,Sì,No
Vela Charter Cazzalaranda Yachting S.A.S.,Noleggio barche,,081 040 2512,Via Ammiraglio Ferdinando Acton,Napoli,,,,,,,,,,,
Alcione Boat,Noleggio barche,https://www.alcioneboat.com,366 324 3189,forio,Ischia,,,https,WordPress,Sì,Google LLC,43,83,100.00,Sì,No
Noleggio gommoni Poseidone,Noleggio barche,https://gratis-5134116.webadorsite.com,375 666 9417,"Contrada, Largo Agnuli",Mattinata,,assistenza@webador.it,https,React,No,Google LLC,80,99,92.00,Sì,No
Sea Power Charter,Noleggio barche,https://www.seapower.it/charter,349 373 3820,"Via Arcora, 110",Casalnuovo di Napoli,,,https,WordPress,No,Netsons s.r.l.,69,97,100.00,Sì,No
Nic Boat Club rent a boat Lago Maggiore,Noleggio barche,,340 551 7020,Via Lago Maggiore,Arolo,,,,,,,,,,,
Newave,Noleggio barche,http://www.newavelugano.ch,+41 78 609 75 16,"Lugano Lake Bissone, Capolago",Lugano,,,https,Wix,No,Google LLC,73,95,0.00,Sì,No
Lake Lugano Boat Rent crazywave_lugano,Noleggio barche,http://www.smartrent.ch,+41 91 993 13 13,Via Giulio Vicari 14,Lugano,,,https,React,No,Iomart Cloud Services Limited,55,68,100.00,Sì,No
Smanboats s.a.s. di S.Mostes,Noleggio barche,https://www.mostesboatrental.it,031 914621,"Via calvasino, 27",Lezzeno,,info@mostesboatrental.it,https,WordPress,Sì,Aruba S.p.A,61,87,100.00,Sì,No
Cantiere Mostes Umberto & C. Snc Di Mostes Maurizio,Noleggio barche,https://mostes-faggeto.com,346 310 4529,"Via alle Rive, 19",Faggeto Lario,,info@mostesclassicboats.com,https,React,Sì,Aruba S.p.A.,55,67,85.00,Sì,No
Boathirebellagio,Noleggio barche,http://www.boathirebellagio.com,331 384 7620,Piazza S. Giovanni Battista,Bellagio,,info@boathirebellagio.com,https,WordPress,Sì,Aruba S.p.A,55,53,85.00,Sì,No
RIVABIANCA SA,Noleggio barche,https://www.rivabianca.ch,+41 79 671 62 88,Viale Castagnola 28,Lugano,,,https,WordPress,Sì,"GoDaddy.com, LLC",56,71,100.00,Sì,No
Seasunamalficoast di India Figliola,Noleggio barche,https://www.seasuncetara.it,327 563 8550,"Via Cantone, 10",Cetara,,info@seasuncetara.it,https,WordPress,No,Aruba S.p.A.,56,84,100.00,Sì,No
gattonero_positano boat tours,Noleggio barche,https://positanobyboat.it,331 847 9071,Spiaggia di Positano,Positano,,gattoneropositano@gmail.com,https,Shopify,Sì,Google LLC,56,41,100.00,Sì,No
JammJa charter,Noleggio barche,https://www.jamm-ja.it,331 365 1961,"Via Molinelle, 65",Pompei,,info@jamm-ja.it,http,WordPress,Sì,Aruba S.p.A. Network,60,79,92.00,Sì,No
Itaca Nautical,Noleggio barche,http://itacanautical.it,331 428 7595,Via molo di ponente,Torre Annunziata,,itacanautical@gmail.com,https,WordPress,No,Aruba S.p.A.,63,76,100.00,Sì,No
Damar s.r.l.s.,Noleggio barche,https://kingboatportocesareo.it,393 133 8768,"Via Novoli, 56",Carmiano,,,https,WordPress,No,Aruba S.p.A,71,93,100.00,Sì,No
Blue Dream Charter & Service,Noleggio barche,http://www.bluedreamcharter.com,081 896 0579,"Via Roma, 2",Procida,,,https,WordPress,No,OVH SAS,40,86,92.00,Sì,No
Acquachiara Rental Boat,Noleggio barche,,350 022 3382,"Via Caio Duilio, 17",Castellammare di Stabia,,,,,,,,,,,
Ti Porto Io,Noleggio barche,,333 155 2877,"Porto di, Via Giuseppe Bonito, 37-1",Castellammare di Stabia,,,,,,,,,,,
Bella’mbriana charter,Noleggio barche,,348 921 7792,Via Giuseppe Bonito,Castellammare di Stabia,,,,,,,,,,,
Explora Charter,Noleggio barche,https://www.exploracharter.com,334 121 2820,"Via Giuseppe Bonito, 48",Castellammare di Stabia,,info@exploracharter.com,https,Shopify,Sì,Google LLC,64,96,85.00,Sì,No
Sailing Around,Noleggio barche,http://sailingaround.org,351 976 0658,Via Salvador Allende,Salerno,,info@sailingaround.com,https,Squarespace,No,"Squarespace, Inc.",35,53,100.00,Sì,No
Rental Point ( presso cantieri Soriente ),Noleggio barche,https://www.rentalpoint.it,371 530 8706,"Via Porto, 31",Salerno,,,https,WordPress,Sì,Aruba S.p.A. Network,56,56,77.00,Sì,No
Sottovento Boat Rentals,Noleggio barche,http://www.sottoventoboatrentals.it,351 848 8582,"Via Porto, 31",Salerno,,,https,Joomla,Sì,Aruba S.p.A. Network,56,74,92.00,Sì,No
Boat Service Srl - Rent Boat & Tour in Amalfi Coast,Noleggio barche,https://www.boatservice.org,339 792 7824,Lungomare California,Minori,,,https,WordPress,Sì,Server Plan S.r.l.,55,69,85.00,Sì,No
Noleggio Gommoni Surf Again Bacoli,Noleggio barche,https://noleggiogommonisurfagain.it,347 520 7024,Via Sacello di Miseno,Bacoli,,,https,WordPress,No,Netsons Network,66,89,92.00,Sì,No
Wolf Rent Boat,Noleggio barche,https://wolfrentboat.it,351 777 4968,"Via Miseno, 125",Bacoli,,,https,Duda,Sì,Server Plan S.r.l.,63,99,92.00,Sì,No
Zaccheo Boat Rental,Noleggio barche,http://www.zaccheoboatrental.com,328 763 6523,"Via Marina di Cassano, 88",Piano di Sorrento,,,https,React,Sì,IT.Gate S.p.A.,64,84,92.00,Sì,No
Nolo Barche Saturno,Noleggio barche,http://www.nolobarchesaturno.it,338 451 4896,"Via Porto, Snc",Camerota,,,https,React,No,Aruba S.p.A. Network,55,45,83.00,Sì,No
Luma Charter,Noleggio barche,http://www.lumacharter.com,339 381 6356,Via Asciola,Praiano,,,https,WordPress,No,Host Europe GmbH,63,55,85.00,Sì,No
Positano Dreams on Board - Boat Tours,Noleggio barche,http://positanodreamsonboard.com,329 035 4268,SA IT,Marina Grande,,info@positanodreamsonboard.com,https,Shopify,Sì,Aruba S.p.A.,69,92,91.00,Sì,No
VentoVela Catamaran Charter,Noleggio barche,http://www.ventovela.it,338 338 7800,"Port Village, Via Salvador Allende Marina d",Salerno,,,https,WordPress,No,Aruba S.p.A.,76,96,92.00,Sì,No
Lucky Charter - Noleggio Barche,Noleggio barche,https://www.luckychartersorrento.it,327 206 4848,"Via Pasquale Fusco, 8",Torre Annunziata,,,https,ASP.NET,No,Aruba S.p.A. Network,56,43,82.00,Sì,No
Noleggio Gommoni Nautica Cafarelli Napoli,Noleggio barche,https://nauticacafarelli.com,339 866 1295,"Via Ferdinando Russo, 15",Napoli,,,https,WordPress,Sì,Signet B.V.,60,96,92.00,Sì,No
Powerboat Charter,Noleggio barche,http://www.powerboatcharter.it,333 868 8041,"Borgo Marinari, Via Eldorado",Napoli,,,https,WordPress,Sì,Google LLC,37,89,92.00,Sì,No
Noleggio Barche Salerno AR Nautica,Noleggio barche,http://www.arnauticasalerno.it,380 432 4469,"Via Porto, 78",Salerno,,,http,React,Sì,Aruba S.p.A. Network,56,73,100.00,Sì,No
Pisciotta Charter Noleggio Gommoni,Noleggio barche,http://www.pisciottacharter.com,349 751 2298,Porto di Pisciotta,Pisciotta,,,http,WordPress,No,Aruba S.p.A. Network,76,95,83.00,Sì,No
Nautica Morgera noleggio assistenza nautica barche gommoni ischia,Noleggio barche,https://www.nauticamorgera.it,347 503 6638,"Via degli Agrumi, 25",Forio,,,https,React,No,Aruba S.p.A.,65,90,82.00,Sì,No
"Rent a Boat Novi Vinodolski, Crikvenica & Selce - OPTIMUM RENT A BOAT & Boot mieten",Noleggio barche,https://www.rentaboat-optimum.com,+385 91 100 8048,Obala kneza Domagoja bb,Novi Vinodolski,,rentaboatnovi@gmail.com,https,WordPress,No,Avalon d.o.o.,59,100,100.00,Sì,No
RIMA' CHARTER Noleggio imbarcazioni Srls,Noleggio barche,http://rimacharter.com,333 149 1319,"Corso Alcide de Gasperi, 313",Castellammare di Stabia,,,,Joomla,No,Telemanapoli S.R.L.,51,67,85.00,Sì,No
AM Charter Srl Noleggio Yacht,Noleggio barche,http://www.am-charter.com,349 767 4292,"C.so Umberto I, 154",Napoli,,,https,React,No,Contabo GmbH,66,97,100.00,Sì,No
Naples Sea Concierge,Noleggio barche,,366 115 0948,"Via Mergellina, 226",Napoli,,,,,,,,,,,
Charter Barche Napoli,Noleggio barche,https://www.charterbarchenapoli.it,351 022 9654,"Via Mergellina, 35 b",Napoli,,,https,WordPress,No,Aruba S.p.A. Network,57,89,92.00,Sì,No
Mediterraneo Service Boats,Noleggio barche,http://www.mediterraneosb.it,345 913 9083,"Via Guglielmo Marconi, 70",Monte di Procida,,,http,WordPress,No,Netsons s.r.l.,78,99,100.00,Sì,No
Sestante Noleggi,Noleggio barche,https://sestantenoleggi.it,388 754 9179,Via Bissolati,Porto Cesareo,,,https,Weebly,No,Serverplan S.r.l.,59,90,100.00,Sì,No
onboard srl,Noleggio barche,http://www.onboardsalento.com,393 673 6401,40°15'44N 17°53'15 Piazzale Berlinguer,Porto Cesareo,,,https,WordPress,No,Aruba S.p.A. Network,0,41,0.00,Sì,No
Noleggio Barche da Matteo,Noleggio barche,https://www.noleggiobarchedamatteo.it,340 874 5674,Via Venezia,Vieste,,,https,WordPress,No,Aruba S.p.A. Network,59,93,85.00,Sì,No
Ananoè Noleggio Barche,Noleggio barche,https://noleggiogommoniebarchegallipoli.it,349 282 3902,"P.za Moro Aldo, 5",Gallipoli,,,https,WordPress,Sì,TransIP BV,74,94,100.00,Sì,No
Cilento Waves Noleggio Locazione Barche e Gommoni,Noleggio barche,https://www.cilentowaves.it,344 280 6404,"Via Angelo Lista, 30",Marina di Casal Velino,,,https,React,Sì,Aruba S.p.A.,50,56,100.00,Sì,No
Boatly Boat Rent,Noleggio barche,https://www.boatly.it,392 194 1222,Molo Manfredi porto di Salerno,Salerno,,,https,Joomla,No,Aruba S.p.A. Network,53,70,85.00,Sì,No
Color Charter S.r.l.,Noleggio barche,http://www.colorcharter.com,347 226 5070,"Via Giuseppe Ferrari, 2",Roma,,,https,Squarespace,No,"Squarespace, Inc.",49,63,92.00,Sì,No
AF YACHT CHARTER,Noleggio barche,http://afyachtcharter.com,081 1948 5089,"Viale Antonio Gramsci, 21",Napoli,,,https,WordPress,Sì,PlanetHoster,66,100,100.00,Sì,No
Noleggio Barche Vervece Charter - Capri Tour,Noleggio barche,https://www.exclusiveboattours.com,081 808 9453,"Via Santa Teresa, 7",Massa Lubrense,,,https,Squarespace,No,"Squarespace, Inc.",42,62,92.00,Sì,No
Noleggio Barche Il Porticciolo - Procida,Noleggio barche,https://www.ilporticcioloprocida.it,331 875 1724,"Via Marina di Corricella, 74",Procida,,,https,WordPress,Sì,Host SpA,65,85,92.00,Sì,No
Due Mari Noleggio,Noleggio barche,http://www.duemarinoleggio.it,320 745 5816,via Scalo D'Alaggio zona porto Miggiano,Santa Cesarea Terme,,,https,Shopify,No,Netsons s.r.l.,56,54,100.00,Sì,No
WAWABOAT Rent a boat,Noleggio barche,https://wawaboat.com,+385 91 575 9488,Obala Petra Krešimira IV,Novalja,,,https,React,No,Plus Hosting Grupa d.o.o.,56,66,92.00,Sì,No
Rent a boat Novalja,Noleggio barche,http://novaljarentaboat.com,+385 99 781 2023,ulica kneza Domagoja,Novalja,,,https,React,Sì,Internap Holding LLC,56,73,92.00,Sì,No
La Darsena Charter Noleggio Imbarcazioni Napoli con Skipper,Noleggio barche,https://www.ladarsenacharter.com,333 457 4582,"V. Francesco Caracciolo, 11",Napoli,,,https,Shopify,No,Aruba S.p.A.,60,81,100.00,Sì,No
nautica santodoro,Noleggio barche,,081 861 3819,"Via Piombiera, 11",Torre Annunziata,,,,,,,,,,,
Tower rent boat,Noleggio barche,,328 196 1474,"Via Vittorio Veneto, 218",Torre Annunziata,,,,,,,,,,,
Bluestar Positano,Noleggio barche,https://www.bluestarpositano.it,089 811888,"Via del Brigantino, 1",Positano,,,https,React,Sì,Aruba S.p.A.,56,49,92.00,Sì,No
Positano Boats,Noleggio barche,https://www.positanoboats.info,338 153 9207,Spiaggia Grande,Positano,,,https,React,No,Aruba S.p.A.,37,56,92.00,Sì,No
Positano Rental Boats - Dreams on Board,Noleggio barche,http://www.positanorentalboats.com,366 412 0427,Spiaggia Grande,Positano,,,https,React,No,Aruba S.p.A.,80,89,91.00,Sì,No
Positanese Tour - Positano,Noleggio barche,http://www.positanesetour.com,339 815 5900,Positano Spiaggia Grande,Positano,,,https,Wix,No,Google LLC,56,91,92.00,Sì,No
Luxury Boats Positano,Noleggio barche,https://luxuryboatspositano.com,339 119 8897,Via del Brigantino,Positano,,info@luxuryboatspositano.com,https,ASP.NET,No,LeaseWeb Netherlands B.V.,24,33,92.00,Sì,No
Nemo Charter,Noleggio barche,https://nemocharter.com,348 242 7123,"Sail and Yacht - Charter and Broker, Via Ammiraglio Ferdinando Acton",Napoli,,,https,Shopify,Sì,Hetzner Online GmbH,56,41,92.00,Sì,No
AMMARE RENT A BOAT,Noleggio barche,https://www.ammarerentaboat.com,388 658 7755,via molo di ponente,Torre Annunziata,,,https,Duda,Sì,Aruba S.p.A. Network,60,89,92.00,Sì,No
Ardo Rent,Noleggio barche,,342 743 8366,"Via Vittorio Veneto, 274",Torre Annunziata,,,,,,,,,,,
Giante Procida Adventure,Noleggio barche,,388 127 0026,"Via Roma, 1",Procida,,,,,,,,,,,
Il giro dell' isola con Procida Sea View,Noleggio barche,,331 597 4480,Via Marina di Corricella,Procida,,,,,,,,,,,
EraOra Procida Boat,Noleggio barche,,334 182 4187,Via Marina Chiaiolella,Procida,,,,,,,,,,,
Angelo Lifestyle Yacht Rental,Noleggio barche,https://www.angelolifestyle.com,329 885 7795,Porto Marina di Procida Pontile 4,Procida,,,https,WordPress,No,Aruba S.p.A.,56,63,100.00,Sì,No
STRAMBANDO.IT,Noleggio barche,http://www.strambando.it,335 207 089,"Yachting Club, Via Marina Chiaiolella",Procida,,,https,React,No,Aruba S.p.A,71,90,100.00,Sì,No
Costa D'Amalfi Charter,Noleggio barche,https://www.costadamalficharter.com,393 286 5195,Via Salvador Allende,Salerno,,,https,React,No,Google LLC,40,83,100.00,Sì,No
Noleggio gommoni e barche Francesco porticciolo di mattinata,Noleggio barche,http://gratis-5172004.webadorsite.com,339 187 8043,Contrada Agnuli,Mattinata,,,https,React,No,Google LLC,76,98,92.00,Sì,No
Icaro Sailing Charter,Noleggio barche,https://icarosailing.com,342 768 6302,"Via Giuseppe Piani, 29",Sarno,,,https,WordPress,No,Aruba S.p.A. Network,83,70,85.00,Sì,No
Perfect Charter Sorrento,Noleggio barche,http://www.perfectchartersorrento.com,338 702 5155,"Corso Italia, 210",Sorrento,,,https,React,Sì,Server Plan S.r.l.,61,94,92.00,Sì,No
"Jet ski Sorrento, boat and yacht",Noleggio barche,http://www.jetskisorrento.it,338 282 1913,Via Marina di Cassano,Piano di Sorrento,,,https,React,Sì,Aruba S.p.A.,62,81,92.00,Sì,No
Settedecimi - Gite in barca e Noleggio barche,Noleggio barche,https://www.settedecimi.com,376 167 6970,Località Arcomagno,San Nicola Arcella,,,https,Shopify,Sì,Aruba S.p.A.,67,93,85.00,Sì,No
GM Nautica - noleggio gommoni e barche Ischia,Noleggio barche,http://www.gmnautica.it,338 600 3094,Porto,Casamicciola Terme,,,https,WordPress,Sì,Server Plan S.r.l.,42,62,85.00,Sì,No
"Eurocharter - Noleggio gommoni, barche, ormeggio e custodia invernale a Casamicciola",Noleggio barche,https://www.eurocharterischia.it,333 725 7053,"Corso Luigi Manzi, 115",Casamicciola Terme,,,https,WordPress,No,Aruba S.p.A. Network,67,94,92.00,Sì,No
Enjoy Rent Boat,Noleggio barche,https://www.enjoyrentboat.it,351 946 9599,Via Galea,Cetara,,,https,WordPress,Sì,Aruba S.p.A.,55,73,92.00,Sì,No
Corallo Charter,Noleggio barche,http://www.corallochartersorrento.com,389 048 4140,"V. Fuoro, 60/A",Sorrento,,,https,WordPress,No,Server Plan S.r.l.,95,99,91.00,Sì,No
Gaeta Barche - Noleggio Escursioni,Noleggio barche,https://www.barchegaeta.it,379 213 4118,"Lungomare Giovanni Caboto, 93",Gaeta,,,https,WordPress,No,Aruba S.p.A.,67,91,100.00,Sì,No
SLOA,Noleggio barche,http://www.sloa.it,375 553 3844,"Via Sarinola, 6",Formia,,,https,WordPress,No,Aruba S.p.A. Network,78,80,85.00,Sì,No
Sorrento Charter Boats,Noleggio barche,https://www.sorrentocharterboats.it,339 142 0520,"Via Cesarano, 22",Sorrento,,,https,WordPress,Sì,Hostinger International Limited,64,54,85.00,Sì,No
Sorrento Luxury Charter,Noleggio barche,https://www.sorrentoluxurycharter.it,393 002 5002,"Viale Enrico Caruso, 14",Sorrento,,,https,React,Sì,LeaseWeb Netherlands B.V.,64,93,85.00,Sì,No
Porto Antico Gaeta Santamaria Srl,Noleggio barche,http://www.portoanticogaeta.it,333 222 5430,"Via Docibile, 34",Gaeta,,,https,WordPress,No,Aruba S.p.A. Network,60,69,92.00,Sì,No
gianfrysboat,Noleggio barche,,335 843 0431,S.da Statale 145,Pompei,,,,,,,,,,,
Passion Marine Napoli - Barche | Gommoni | Scooter,Noleggio barche,http://www.passionmarinenapoli.com,342 348 8673,"Via Posillipo, 414",Napoli,,,https,Shopify,No,"Cloudflare, Inc.",57,85,92.00,Sì,No
In Gommone con Simone,Noleggio barche,http://www.ingommoneconsimone.com,329 492 7525,"Via, Largo Marina, 2",San Nicola,,simone.bra@libero.it,https,Wix,Sì,Google LLC,37,95,100.00,Sì,No
Seven Sailing,Noleggio barche,https://www.samboat.it/noleggio-barca/milazzo/barca-a-vela/133378,379 110 9579,"Via Risorgimento, 147",Milazzo,,veleggiandoeolie@gmail.com,https,Laravel,No,"Amazon.com, Inc.",41,47,92.00,Sì,No
San Nicola tour,Noleggio barche,,346 806 0531,Molo S. Nicola,Bari,,,,,,,,,,,
MAREVAL,Noleggio barche,http://www.mareval.it,348 121 3925,Porto di Bari,Bari,,,https,WordPress,Sì,Google LLC,63,90,100.00,Sì,No
"VenusNoleggi, noleggio gommoni",Noleggio barche,,389 542 2965,"Lungomare Andrea Doria, 174",Marina di Ragusa,,,,,,,,,,,
Motonautica San Giulio il Bassotto,Noleggio barche,https://www.msg-bassotto.it,0322 969197,"Via M. Buonarroti, 14",Pella,,info@msg-bassotto.it,https,WordPress,No,Server Plan S.r.l.,65,88,85.00,Sì,No
Invictus Sicily for Sail Charter noleggio barche Siracusa,Noleggio barche,http://www.invictus-sicily.com,333 378 5958,Molo Zanagora,Siracusa,,sail.charter@invictus-sicily.com,https,Shopify,No,Aruba S.p.A.,44,87,92.00,Sì,No
Go Puglia Sailing - Boat and Yacht Charter,Noleggio barche,http://www.gopugliasailing.com,329 767 3003,"Via Dogali, 7",Torre A Mare,,,https,Wix,Sì,Google LLC,28,62,100.00,Sì,No
Noleggio Barca Polignano,Noleggio barche,https://www.noleggiobarcapolignano.com,351 213 2995,Via S. Vito,Polignano a Mare,,info@almarano.com,http,WordPress,Sì,Armada WAN,71,93,100.00,Sì,No
Due Golfi Charter,Noleggio barche,http://duegolficharter.com,331 915 0807,"Corso Sant'Agata, 63",Massa Lubrense,,2golficharter@gmail.com,https,WordPress,No,Aruba S.p.A. Network,52,67,100.00,Sì,No
My Yacht Charter | Noleggio Imbarcazioni,Noleggio barche,https://www.mycrent.com,320 469 8926,"Via Benedetto Ronchi, 8",Trani,,,https,React,Sì,Google LLC,52,88,100.00,Sì,No
Machi Charter - Escursioni in barca Monopoli,Noleggio barche,http://www.machicharter.com,351 576 2228,Molo Margherita,Monopoli,,prenotazioni@machicharter.com,https,Ecwid,No,"Amazon.com, Inc.",56,64,92.00,Sì,No
ApulianCharter,Noleggio barche,https://apuliancharter.it,329 928 6585,"Via Belvedere, 3",Monopoli,,,http,React,Sì,Servereasy Srl,70,88,92.00,Sì,No
Charter Eolie,Noleggio barche,http://www.chartereolie.it,340 640 5678,Via Marina Garibaldi,Milazzo,,info@chartereolie.it,https,WordPress,Sì,Serverplan S.r.l.,56,76,92.00,Sì,No
Sunsicily S.r.l. - sede legale,Noleggio barche,https://www.sunsicily.com,090 292 7680,"Via Ghibellina, 48",Messina,,,https,React,Sì,Google LLC,66,91,92.00,Sì,No
Splash Boat,Noleggio barche,,348 833 7867,Via S. Vito,Polignano a Mare,,,,,,,,,,,
HOPESEA: Noleggio barche Taranto,Noleggio barche,,379 172 0294,Viale del Sabbione,Taranto,,,,,,,,,,,
DaddarioYacht,Noleggio barche,http://www.daddarioyacht.it,099 475 2892,"Via per Massafra, 82/84",Taranto,,info@daddarioyacht.it,https,React,No,"Squarespace, Inc.",32,66,100.00,Sì,No
Porto Cesareo Service,Noleggio barche,https://www.portocesareoservizi.it,389 528 4241,"scalo d’alaggio, Via Bissolati, Via Giuseppe Garibaldi",Porto Cesareo,,,https,WordPress,No,Google LLC,85,99,61.00,Sì,Sì
Jolly Rent Noleggio Barche - Boat Rental,Noleggio barche,,391 754 1129,Corso Roma,Gallipoli,,,,,,,,,,,
Salento Charter - Goletta La Nuvola,Noleggio barche,,348 095 1880,"Via Lecce, 145",Gallipoli,,,,,,,,,,,
Victoria Boat Tour-Escursioni in barca,Noleggio barche,http://www.victoriaboat.it,327 557 2485,"Via Fiume, 33",Gallipoli,,victoriaboat74@gmail.com,https,Canva Websites,No,Aruba S.p.A.,56,60,82.00,Sì,No
Longo Andrea,Noleggio barche,,041 530 2295,"Via Fausta, 88",Ca' Savio,,,,,,,,,,,
Porto Turistico by Campello Marine Rent,Noleggio barche,https://rent.campellomarine.it/cavallino-jesolo,329 039 4356,"Piazza Rosa Dei Venti, 1",Jesolo,,cavallino@campellomarine.it,https,React,Sì,OVH ISP,46,67,85.00,Sì,No
Salento a Bordo,Noleggio barche,http://www.salentoabordo.it,335 213 607,"Via Francesco d'Elia, 2",Lecce,,,https,Shopify,Sì,Netsons Network,51,65,100.00,Sì,No
Tender Boating,Noleggio barche,https://tenderboating.com,349 382 2771,"Via della Regione, 9",Pace del Mela,,tenderboating@gmail.com,https,React,No,"Amazon.com, Inc.",56,76,92.00,Sì,No
MARATEA MARE - servizio di noleggio barche senza patente,Noleggio barche,,347 691 1316,Via Porto Arenile,Maratea,,,,,,,,,,,
al timone,Noleggio barche,,347 996 3087,via marina garibaldi porticciolo santa maria maggiore,Milazzo,,,,,,,,,,,
Charter FLASH Servizi Nautici,Noleggio barche,http://www.charterflash.it,338 336 0264,Via Provinciale,Vulcano Porto,,info@charterflash.it,https,React,No,Aruba S.p.A.,59,73,91.00,Sì,No
Anemos Yachts - Luxury Yacht Charter,Noleggio barche,https://www.anemosyachts.it,375 839 5186,Via Duca del Mare,Riposto,,,,Joomla,No,Server Plan S.r.l.,54,56,92.00,Sì,No
Taormina Boat,Noleggio barche,http://www.taorminaboat.com,320 236 3853,"Via Nazionale, 185",Taormina,,,https,React,No,Google LLC,57,87,92.00,Sì,No
Sea Sports,Noleggio barche,http://www.seasports.it,328 286 6652,Porto Turistico di Tropea Pontile 1,Tropea,,seasports@live.it,https,Weebly,No,Aruba S.p.A. Network,55,65,92.00,Sì,No
Spartivento Charter Salerno - Noleggio Barche a Vela e Catamarani,Noleggio barche,https://spartivento.it,06 4006 0490,Via Salvador Allende,Salerno,,info@spartivento.it,https,WordPress,No,"Cloudflare, Inc.",50,55,100.00,Sì,No
Jet ski luxury,Noleggio barche,https://www.giornaleonlinepiemonte.com/LUXURYBOATTAORMINA.HTM,329 714 5455,Sicilia,Taormina,,mendez.os@libero.it,https,WordPress,No,GENESYS,56,99,91.00,Sì,No
Porto baia delle sirene,Noleggio barche,https://fedrico-escursioni.webnode.it,327 166 2302,"Via Nazionale, 163",Taormina,,contatto@esempio.it,https,Webnode,No,Amazon Technologies Inc.,62,92,92.00,Sì,No
Noleggio Barche - Tropea Yacht Agency,Noleggio barche,http://www.tropeayachtagency.it,371 472 0197,Viale Raf Vallone,Tropea,,booking@tropeayachtagency.it,https,WordPress,Sì,Aruba S.p.A. Network,72,88,100.00,Sì,No
Chart ME,Noleggio barche,http://www.chartme.it,348 851 0133,Via Case Basse,Messina,,,https,Shopify,No,"Squarespace, Inc.",50,49,100.00,Sì,No
Holiday on boat - Noleggio barche e gommoni,Noleggio barche,https://www.holidayonboat.it,331 561 9231,Contrada Cerri,Castellammare del Golfo,,info@holidayonboat.it,https,Joomla,Sì,Server Plan S.r.l.,45,55,92.00,Sì,No
Noleggio barche senza patente a Milazzo,Noleggio barche,https://www.noleggiobarchesenzapatentemilazzo.it,351 607 4228,Via Marina Garibaldi,Milazzo,,,https,React,Sì,Google LLC,76,97,100.00,Sì,No
Magic Sailing Charter S.R.L.,Noleggio barche,http://www.magicsailingcharter.it,388 090 5374,Contrada Bagnoli,San Gregorio-bagnoli,,,https,React,Sì,Google LLC,71,92,100.00,Sì,No
noleggio barche tra mare & vulcano rent boat,Noleggio barche,,347 949 2222,Via Duca del Mare,Riposto,,,,,,,,,,,
Veleasegno Charter,Noleggio barche,http://www.veleasegnocharter.com,334 877 6292,Contrada Bagnoli,Capo d'Orlando,,info@veleasegnocharter.com,https,WordPress,No,Aruba S.p.A.,71,95,92.00,Sì,No
"Eolonoleggi barche, gommoni, escursioni e scooter",Noleggio barche,http://www.eolonoleggi.it,338 240 2168,"Via Professore, Via Emanuele Carnevale",Lipari,,info@eolonoleggi.it,https,ASP.NET,Sì,Aruba S.p.A,49,86,92.00,Sì,No
Dayatseapalmi ️,Noleggio barche,http://dayatseapalmi.it,334 385 0764,"lungomare tonnara, Lungomare Costa Viola",Palmi,,,https,Joomla,No,Servereasy Srl,63,89,100.00,Sì,No
Noleggio nautico devon vibo,Noleggio barche,,327 598 9610,Via Emilia,Vibo Marina,,,,,,,,,,,
Noleggio Barche - Tropea Yacht Agency,Noleggio barche,,329 191 6487,"Via Emilia, snc",Vibo Marina,,,,,,,,,,,
Le Boat France,Noleggio barche,https://www.leboat.com/fr,+33 4 68 94 52 72,Quai du Canelot,Castelnaudary,,,https,WordPress,No,"Fastly, Inc.",69,68,100.00,Sì,No
Le Boat Homps - Location de bateau Canal du Midi,Noleggio barche,https://www.leboat.com/fr/croisiere-fluviale/france/canal-du-midi,+33 4 68 91 24 00,Avenue Claude Bourrel,Homps,,,https,WordPress,No,"Fastly, Inc.",39,57,100.00,Sì,No
Daymar - Noleggio Gommoni Cala Gonone,Noleggio barche,https://daymar.it/booking,377 302 2930,"Piazza del Porto, 18",Cala Gonone,,info@daymar.it,http,WordPress,No,OVH SAS,62,81,100.00,Sì,No
Noleggio Gommoni Santa Maria Navarrese Boat Rental AEQUOR SRLS,Noleggio barche,,389 521 6395,Porto turistico,Santa Maria Navarrese,,,,,,,,,,,
Noleggio gommoni a Cannigione - Agostino Touches,Noleggio barche,https://www.gommonicannigione.it,339 405 0581,SP13,Cannigione,,info@website.com,https,Joomla,No,Aruba S.p.A.,48,62,85.00,Sì,No
Sea Friends,Noleggio barche,http://seafriends.info,376 046 9732,"Via Lungo Tavollo, 42",Cattolica,,460ff4620fa44cba8df530afde949785@sentry.wixpress.com,https,React,No,wix com inc,64,88,100.00,Sì,No
Ciro Capri Boats,Noleggio barche,http://www.cirocapriboats.com,339 884 4677,"Via Truglio, 19",Capri,,,https,React,Sì,"Amazon.com, Inc.",48,79,83.00,Sì,No
Centro Sub Le Castella,Noleggio barche,http://www.divinglecastella.it,0962 795268,"Via Fosso, 1/3",Isola di Capo Rizzuto,,,https,WordPress,No,IONOS SE,65,89,92.00,Sì,No
Kayak,Noleggio barche,http://www.noleggio-capo-coda-cavallo.it,333 790 1137,"Villaggio Le Farfalle, snc",Capo Coda Cavallo,,,https,Joomla,No,Aruba S.p.A.,60,79,92.00,Sì,No
Catalan Boat,Noleggio barche,,379 122 7307,"Lungomare Barcellona &, Banchina Domenico Millelire",Alghero,,,,,,,,,,,
Take me! - noleggio barche e gommoni,Noleggio barche,,348 841 7228,Banchina Domenico Millelire,Alghero,,,,,,,,,,,
Pontile La Scogliera,Noleggio barche,,331 225 2178,Via Marina di Torre,Torre Archirafi,,,,,,,,,,,
Fabrytour noleggio gommoni,Noleggio barche,http://www.fabrytour.com,348 517 9615,Presso Ponte di Caprera,La Maddalena,,,https,Wix,Sì,Google LLC,59,82,100.00,Sì,No
Spartivento Charter Portorosa - Noleggio Barche a Vela e Catamarani,Noleggio barche,http://www.spartivento.it,06 4006 0490,"Via Prestipaolo, snc",Tonnarella,,info@spartivento.it,https,WordPress,No,"Cloudflare, Inc.",52,53,100.00,Sì,No
Rent a Boat Affitto barche Excursions Boat escursioni in Barca,Noleggio barche,http://www.marinadischiso.it,351 406 6879,"Via Naxos, 34",Giardini-Naxos,,,https,Joomla,No,Server Plan S.r.l.,55,67,85.00,Sì,No
La Canaria Rental Boat Noleggio Gommoni,Noleggio barche,,338 591 0828,Via per campeggio,Palau,,,,,,,,,,,
Gi Nautica Noleggio Barche,Noleggio barche,,324 803 8646,"Baia di, Località Baia di Ponente",Isola di Vulcano,,,,,,,,,,,
Marina Giardini Naxos - Taormina - Escursioni in Barca - Boat Excursions - Rent a Boat,Noleggio barche,http://www.marinadischiso.it,0942 436493,Via Schisò,Giardini Naxos,,,https,WordPress,No,Server Plan S.r.l.,55,68,85.00,Sì,No
"Sicily Boats - Escursioni, Noleggio barche, Gommoni, Pesca, Luxury Tour, Rental, Eventi, Party in MARZAMEMI",Noleggio barche,http://www.sicilyboats.it,327 020 7488,"Via Marzamemi, 33",Marzamemi,,sicilyboats@gmail.com,https,WordPress,No,Aruba S.p.A. Network,56,76,92.00,Sì,No
Nolomar,Noleggio barche,http://www.nolomar.com,368 318 5548,"Lungomare Arenzano, 22",Calasetta,,nolomar.sardegna@yahoo.it,http,Joomla,No,Aruba S.p.A. Network,73,91,100.00,Sì,No
Dolce Vita Yachting,Noleggio barche,https://www.dolcevitayachting.it,376 202 6232,"c.da vaccarella, Via Marina Garibaldi",Milazzo,,info@dolcevitayachting.it,http,Joomla,Sì,Serverplan S.r.l.,54,56,92.00,Sì,No
Sogni di Mare Rental Boat,Noleggio barche,https://www.sognidimaresardegna.it,346 715 7174,Porto di Punta Marana,Marinella,,info@sognidimaresardegna.it,,React,Sì,Server Plan S.r.l.,73,93,100.00,Sì,No
Noleggio Gommoni Isola Rossa- GITE LUNGO COSTA ROSSA Pileri,Noleggio barche,http://www.pileriservice.com,349 522 0499,Vial lungomare S. Cottoni,Isola Rossa,,e.pileri@libero.it,https,Angular,No,Aruba S.p.A. Network,56,56,77.00,Sì,No
Partenope Sail Charter Srl,Noleggio barche,,347 931 7961,"Via Ammiraglio Ferdinando Acton, 2",Napoli,,,,,,,,,,,
Blu Palinuro Escursioni in barca Da Alessandro,Noleggio barche,http://www.costieradelcilento.it,338 949 5288,"Via Porto, 10/16",Centola,,,https,Duda,Sì,GENESYS,50,68,85.00,Sì,No
Pontile Nautica La rosa dei venti,Noleggio barche,,328 443 5093,"Via Scalo Marittimo, 5",San Nicola l'Arena,,,,,,,,,,,
Escursione Perla dello Jonio,Noleggio barche,,329 714 5455,"Via Schisò, 36",Giardini Naxos,,,,,,,,,,,
FELICUR - Noleggio barche con skipper - Isole Eolie,Noleggio barche,http://felicur.com,347 993 3310,"Portorosa, Marina di",Furnari,,,https,React,No,Google LLC,60,88,83.00,Sì,No
"NOLEGGIO GOMMONI PORTO ISTANA, MARE AZZURRO SNC",Noleggio barche,http://www.mare-azzurro.net/spiaggia-porto-istana,348 343 6997,"Spiaggia di Porto Istana, Viale Porto Istana",Murta Maria,,mareazzurrosnc@virgilio.it,https,WordPress,Sì,Aruba S.p.A.,77,60,85.00,Sì,No
"Donnalucata Marine Rentals - noleggio barche, gommoni e moto d’acqua - Boat Rental",Noleggio barche,,331 509 0722,Porto di Donnalucata,Donnalucata,,,,,,,,,,,
Bea Rental Boat - Noleggio barche Siracusa,Noleggio barche,https://www.bearentalboat.com,346 331 3274,"Via Elorina, Sud",Siracusa,,,https,Shopify,No,Netsons s.r.l.,70,94,100.00,Sì,No
Cesare noleggio gommone e barche Casa Vacanze Regina Lucia Siracusa,Noleggio barche,,334 596 0207,Via Elorina,Siracusa,,,,,,,,,,,
Invictus Sicily,Noleggio barche,http://www.invictus-sicily.com,333 378 5958,Largo Vespri Siciliani,Pozzallo,,sail.charter@invictus-sicily.com,https,WordPress,No,Aruba S.p.A.,40,81,92.00,Sì,No
EVA IMBARCAZIONI,Noleggio barche,,338 486 2558,Via Livorno,Marina di Ragusa,,,,,,,,,,,
3PSUB Noleggio barche ed Escursioni,Noleggio barche,http://3psub.com,347 773 1714,Porto di,Pozzallo,,info3psub@gmail.com,https,WordPress,Sì,Signet B.V.,46,74,100.00,Sì,No
noleggio Gommoni veraboat,Noleggio barche,https://www.veraboat.com,331 382 3221,"Via dei Villini, 30",Isola delle Femmine,,info@veraboat.com,https,WordPress,Sì,Aruba S.p.A.,56,96,92.00,Sì,No
Pontile Marina di Torre,Noleggio barche,,340 524 2160,"Via Marina di Torre, 15",Torre Archirafi,,,,,,,,,,,
Enea’s Boat Noleggio barche,Noleggio barche,,347 435 7762,"Circolo Nautico La Traina, Via Faro",San Vito Lo Capo,,,,,,,,,,,
Why Not Sicily Experience,Noleggio barche,,379 146 0165,Contrada Bagnoli,San Gregorio-bagnoli,,,,,,,,,,,
Helm Yachting Srl,Noleggio barche,http://www.helm-yachting.com,0941 334861,Contrada Bagnoli,San Gregorio-bagnoli,,,https,Shopify,Sì,"Cloudflare, Inc.",46,49,92.00,Sì,No
Cinque Nodi,Noleggio barche,,392 898 6258,"Via Giovanni Falcone, 3",Gela,,,,,,,,,,,
Azmarine - Noleggio gommoni e barche a Siracusa. Rent a boat in Syracuse,Noleggio barche,https://www.azmarine.it,393 940 2444,Molo Zanagora,Siracusa,,info@azmarine.it,https,Shopify,No,Aruba S.p.A.,98,99,100.00,Sì,No
Noleggio barche – A.S.D. La rosa dei venti Licata,Noleggio barche,,349 453 0521,"Pontile presso la Darsena di, Via Marianello",Licata,,,,,,,,,,,
Siculiana On Tour - Noleggio Gommoni,Noleggio barche,https://www.siculianaontour.it,334 112 9495,"Via Ugo la Malfa, 43",Siculiana,,,https,Shopify,No,SEEWEB s.r.l.,70,79,83.00,Sì,No
migalooyachtcharter,Noleggio barche,http://www.migalooyachtcharter.com,348 223 7242,"Strada Provinciale 147, Fraz, S. Gregorio",San Gregorio-bagnoli,,,https,Wix,Sì,Google LLC,73,98,83.00,Sì,No
JB Noleggio Barche,Noleggio barche,,338 707 6938,Lingua di Sabbia,Seccagrande,,,,,,,,,,,
Nautica sport service,Noleggio barche,,351 747 3842,"Viale Emporium, 55",Agrigento,,,,,,,,,,,
Escursioni e Noleggio Licata - Coast to Coast,Noleggio barche,,393 379 6170,"Porto Peschereccio | Darsena, Via Ripellino",Licata,,,,,,,,,,,
Marina di Porto Empedocle S.r.l,Noleggio barche,,389 487 6828,Via Molo,Porto Empedocle,,,,,,,,,,,
Noleggio Barche di Lusso CATANIA MOVE RENT,Noleggio barche,,389 177 6726,"Via Dalmazia, 15",Catania,,,,,,,,,,,
Elika noleggio barche,Noleggio barche,,351 867 5900,Via Delle Capitanerie,Balestrate,,,,,,,,,,,
Scala dei Turchi Experience - Escursioni in gommone con skipper,Noleggio barche,http://www.scaladeiturchi-experience.it,389 183 7248,"Via Nereo, 14",Punta Grande,,,https,Angular,No,Aruba S.p.A. Network,52,17,92.00,Sì,No
SAILING SICILY TRAVELLING - Boat Charter & Experiences,Noleggio barche,http://www.sailingsicilytravelling.com,0924 040024,"Corso VI Aprile, 264",Alcamo,,sales@sicilytravelling.com,https,WordPress,Sì,Aruba S.p.A.,67,63,85.00,Sì,No
L.A.S. Service - Noleggio Barche e Gommoni,Noleggio barche,https://www.castellammaredelgolfovacanze.com,328 953 2312,Via Don Leonardo Zangara,Castellammare del Golfo,,lasservice91@gmail.com,https,Shopify,Sì,Google LLC,54,91,92.00,Sì,No
ALIA Charter • Amalfi Coast & Cilento • Boat Tour and Water Taxi,Noleggio barche,https://www.salernoincoming.it/alia-charter-tour-premium-water-taxi-salerno,347 211 9768,"Ormeggi Autuori, Via Molo Manfredi",Salerno,,,https,Shopify,No,Aruba S.p.A.,75,95,100.00,Sì,No
TERRAMARE SERVICE noleggio gommoni,Noleggio barche,,342 573 2363,Str. Isolotto,Salinagrande,,,,,,,,,,,
Seaboat Rent - Noleggio Barche ed Escursioni Castellammare del Golfo (TP),Noleggio barche,,378 404 8569,"Via Don Leonardo Zangara, 89",Castellammare del Golfo,,,,,,,,,,,
Boat Service Mondello,Noleggio barche,http://www.boatservicemondello.it,327 561 8175,Via Piano di Gallo,Palermo,,info@boatservicemondello.com,https,WordPress,No,Server Plan S.r.l.,57,79,85.00,Sì,No
Oltremare M&S di Maria Rita Sardina Noleggio gommoni Palermo Noleggio barche Palermo,Noleggio barche,http://www.oltremarepalermo.it,327 082 4594,"Lungomare Cristoforo Colombo, 4521",Palermo,,oltremare-palermo@libero.it,https,WordPress,No,Servereasy Srl,38,73,85.00,Sì,No
Sicily by Boat - Boat Tours - Boat Rent- Diving,Noleggio barche,,328 678 8316,"Presso Cantiere Sferlazzo, Lungomare Cristoforo Colombo",Santa Flavia,,,,,,,,,,,
Seagold Boat Rental,Noleggio barche,https://www.seagold.it,345 993 5768,"VIA FILIPPO PATTI, MOLO TRAPEZOIDALE, SNC",Palermo,,,https,React,No,Google LLC,66,97,92.00,Sì,No
Sicilia Gommoni,Noleggio barche,https://www.siciliagommoni.it,334 259 2083,"Via Torre di Mondello, 4",Palermo,,siciliagommoni@gmail.com,https,Joomla,No,Combell NV,47,76,92.00,Sì,No
PALERMO ADVENTURE,Noleggio barche,https://www.palermoadventure.it,348 550 2967,Via dei Villini,Isola delle Femmine,,info@palermoadventure.it,https,WordPress,Sì,Aruba S.p.A.,56,77,61.00,Sì,No
RZ Boat Noleggio Gommoni e Barche,Noleggio barche,,324 566 3481,"presso Di Giovanni S.N, Piazza Tonnara",Palermo,,,,,,,,,,,
TRINACRIA FISHING,Noleggio barche,,091 783 1160,"Corso Umberto I, 80",San Nicola L'arena - Trabia-,,,,,,,,,,,
Yacht Charter Sicily - Noleggio Barche Sicilia - Luxury Yachts,Noleggio barche,http://www.yachtchartersicily.it,338 572 3420,"Via Guido Jung, 14",Palermo,,info@crewcharter.it,https,React,No,OVH SAS,48,64,100.00,Sì,No
Una vita vista mare,Noleggio barche,http://www.unavitavistamare.com,388 183 9774,Via Schisò,Giardini-Naxos,,,https,React,No,"Amazon.com, Inc.",61,80,100.00,Sì,No
Milazzo Coast to Coast - Tour Eolie - Noleggio Gommoni - Tour in Barca,Noleggio barche,http://www.milazzocoasttocoast.it,349 504 6851,Via Marina Garibaldi,Milazzo,,info@milazzocoasttocoast.it,https,React,Sì,Serverplan S.r.l.,36,40,92.00,Sì,No
Isola Gommoni,Noleggio barche,http://www.isolagommoni.it,393 124 3917,Via dei Villini,Isola delle Femmine,,info@isolagommoni.it,http,Shopify,Sì,Seflow S.N.C. Di Marco Brame' & C.,60,81,85.00,Sì,No
SeaTourSicily,Noleggio barche,https://www.seatoursicily.it,338 843 4873,"Scalo dell'Arenella, 66",Palermo,,,https,React,Sì,Netsons Network,16,47,100.00,Sì,No
TakeTheBoat Noleggio Gommoni,Noleggio barche,,327 753 1762,"Di Giovanni, Piazza Tonnara",Palermo,,,,,,,,,,,
Noleggio Barche a Vela Sicilia | Hydra Sailing,Noleggio barche,http://hydrasailing.it,389 640 3233,Via Filippo Patti,Palermo,,info@hydrasailing.it,https,React,No,"Cloudflare, Inc.",70,72,100.00,Sì,No
Dream Boat,Noleggio barche,,320 825 1019,Porto Di,Balestrate,,,,,,,,,,,
Al Nair Charter,Noleggio barche,https://www.alnaircharter.it,328 955 0643,"Sede: Via Canova, 8, Partenze: Via Prestileo Marina di Portorosa, 98054 Furnari",Messina,,info@alnaircharter.it,https,WordPress,Sì,IONOS SE,56,68,100.00,Sì,No
Levante Tour,Noleggio barche,http://www.levantetour.it,366 145 4549,Marina di,Balestrate,,info@levantetour.it,https,WordPress,Sì,Aruba S.p.A.,65,86,92.00,Sì,No
Chelonia - Noleggio barche,Noleggio barche,https://chelonia.it,333 618 8906,Via delle Ginestre,Butera,,info@chelonia.it,https,Nicepage,No,OVH SAS,55,64,73.00,Sì,No
Marina Yachting Cefalù,Noleggio barche,https://marina-service.net,338 837 4728,"Porto di, Via Presidiana",Cefalù,,,https,React,No,Hetzner Online GmbH,62,76,82.00,Sì,No
GVBOATS,Noleggio barche,https://www.gvboats.it,380 174 7483,Via Presidiana,Cefalù,,gvboats.charter@gmail.com,https,WordPress,No,Netsons s.r.l.,63,73,92.00,Sì,No
Tre Nodi Servizi Canale VHF 77,Noleggio barche,http://3nodiservizi.com,334 804 5361,Via Presidiana,Cefalù,,trenodiservizi@icloud.com,https,Nicepage,No,Hetzner Online GmbH,0,98,91.00,Sì,No
Palermo Boat di Palermo Rental,Noleggio barche,http://palermorental.it,331 393 6585,"Marina Arenella, Discesa Tonnara, 9",Palermo,,,https,React,Sì,Keliweb S.R.L,49,42,85.00,Sì,No
Baia di Ognina Rent & Boat,Noleggio barche,,333 106 3795,"Presso Baia di Ognina, Via Messina, 608",Catania,,,,,,,,,,,
Shes' Mine Yacht,Noleggio barche,https://www.shesmineyacht.it,350 193 6251,"Via Monsignor Ventimiglia, Via Cardinale Dusmet, 145",Catania,,,https,Wix,Sì,Google LLC,67,70,100.00,Sì,No
S.E. Service Rent Boat,Noleggio barche,https://www.eternorentboat.it,338 400 5135,"Contrada Cerri, snc",Castellammare del Golfo,,info@eternorentboat.it,https,Shopify,No,Aruba S.p.A. Network,56,45,100.00,Sì,No
Nautica Ginevra Mare | Escursioni in barca a Siracusa,Noleggio barche,http://nauticaginevramare.it,347 951 1090,"Via Elorina, 95D",Siracusa,,info@nauticaginevramare.it,https,Shopify,Sì,Hostinger International Limited,98,100,100.00,Sì,No
Luxury Boat Taormina,Noleggio barche,https://www.luxuryboattaormina.com,349 183 7130,Via Schisò,Giardini-Naxos,,info@luxuryboattaormina.com,https,React,No,Aruba S.p.A. Network,57,81,100.00,Sì,No
Barca Itaca scala dei Turchi,Noleggio barche,,393 986 7220,Via Abramo Lincoln,Porto Empedocle,,,,,,,,,,,
Krymar - Noleggio Gommoni Escursioni in Barca,Noleggio barche,http://www.krymar.it,393 925 1306,Scalo dell'Arenella,Palermo,,krymar2021@gmail.com,https,React,No,Hetzner Online GmbH,56,72,85.00,Sì,No
Sicily Boat Rental - Sea Travel Agency,Noleggio barche,,393 881 5982,"Via Vulcano, 9",Giardini-Naxos,,,,,,,,,,,
Taormina Charter,Noleggio barche,http://www.taorminacharter.com,339 686 8047,"Corso Italia, 5",Riposto,,info@taorminacharter.com,https,WordPress,Sì,Aruba S.p.A. Network,56,70,85.00,Sì,No
Sea Folk - Headquarters,Noleggio barche,https://www.seafolk.it,091 251 5002,"Via Gualtiero da Caltagirone, 27",Palermo,,info@seafolk.it,https,WordPress,No,Netsons s.r.l.,35,51,100.00,Sì,No
Egadi Islands | Noleggio Imbarcazioni,Noleggio barche,https://egadislands.it,333 108 7773,"Via Ranuncoli, 2",Trapani,,info@egadislands.it,https,Shopify,Sì,Hostinger International Limited,30,50,92.00,Sì,No
Noleggio barche M & M BOAT di Vespa Michele,Noleggio barche,http://www.memboat.it,334 196 4628,"Via Lungomare, 51",Tonnara di Bonagia,,info@memboat.it,https,Shopify,No,OVH SAS,65,96,100.00,Sì,No
Sicily Dreaming | Noleggio Gommoni,Noleggio barche,https://www.sicilydreaming.it,366 427 0017,Baia di Cornino,Custonaci,,info@sicilydreaming.it,https,React,Sì,OVH SAS,53,82,92.00,Sì,No
Noleggio barche Jana e Deda di Sabrina,Noleggio barche,,338 203 6673,"Via Marina Garibaldi, 5",Canneto,,,,,,,,,,,
Noleggio Gommoni Trapani,Noleggio barche,https://www.noleggiogommonitrapani.com,320 013 2421,Viale Regina Elena,Trapani,,,http,WordPress,Sì,OVH SAS,56,55,83.00,Sì,No
CAYOTARDO CHARTER,Noleggio barche,http://www.catamarando.it,338 428 1633,Porto Acquasanta Marina,Palermo,,dd0a55ccb8124b9c9d938e3acf41f8aa@sentry.wixpress.com,http,React,No,Aruba S.p.A. Network,49,80,58.00,Sì,No
Rent Boat Cefalù Tours,Noleggio barche,https://rentboatcefalutours.it,329 361 3158,Via Presidiana,Cefalù,,giovanni_incaprera@hotmail.it,https,WordPress,Sì,Combell NV,60,74,92.00,Sì,No
Licata Yacht Service,Noleggio barche,http://www.magmanetwork.it,0922 898147,Banchina Marinai d'Italia Porto,Licata,,info@magmanetwork.com,http,Joomla,No,Aruba S.p.A.,56,64,92.00,Sì,No
Cefaluinvacanza - Noleggio Barche e gommoni a Cefalù,Noleggio barche,https://cefaluinvacanza.it/noleggio-barche-e-gommoni-a-cefalu-informazioni-e-prezzi,392 233 9879,Via Presidiana,Cefalù,,legal@mclmedia.it,https,Shopify,No,Hetzner Online GmbH,89,70,100.00,Sì,No
Rivage - Cefalù Charter Boat,Noleggio barche,,345 485 9599,Contrada Presidiana,Cefalù,,,,,,,,,,,
Popeye Excursions Cefalù,Noleggio barche,http://popeye-excursions.it,329 778 9843,Via Presidiana,Cefalù,,francescofertitta@hotmail.it,https,Joomla,Sì,Hetzner Online GmbH,47,52,92.00,Sì,No
Noleggio barche senza patente a Milazzo,Noleggio barche,https://www.noleggiobarchesenzapatentemilazzo.it,351 607 4228,Via Marina Garibaldi,Milazzo,,info@noleggiobarchemilazzo.it,https,Wix,Sì,Google LLC,87,97,100.00,Sì,No
DaCiccio Gite in barca Lipari Salina Vulcano,Noleggio barche,https://capitanociccio.it,338 283 5312,"Via Cesare Battisti, 190",Lipari,,francescoagrip70@gmail.com,https,WordPress,Sì,Beyond.pl sp. z o.o.,61,86,77.00,Sì,No
Victory Noleggi Marzamemi,Noleggio barche,https://www.victorymarzamemi.it,347 974 3235,Largo Balata,Marzamemi,,victorynoleggi@gmail.com,https,WordPress,No,Server Plan S.r.l.,78,93,100.00,Sì,No
Mini Crociere in Barca - Escursioni in barca Palermo - charter fishing - Yachts charter - bed & boat,Noleggio barche,https://www.minicrociereinbarca.com,335 698 9505,"Banchina Lupo, Via Cala",Palermo,,,https,Weebly,No,Netsons Network,28,30,0.00,Sì,No
Marecryo Marzamemi Escursioni e Noleggi Barche,Noleggio barche,https://www.marecryo.it,324 561 3727,Via Marzamemi,Marzamemi,,info@marecryo.it,,Joomla,Sì,Aruba S.p.A. Network,0,71,92.00,Sì,No
Jet Ski Rent Taormina Letojanni,Noleggio barche,https://jetskitaorminaletojanni.it,346 681 8054,"Via Michelangelo Garufi, 34",Letojanni,,gabrielepetralia91@gmail.com,https,React,No,WHG Hosting Services Ltd,56,71,92.00,Sì,No
Summer Rental Boat Siracusa,Noleggio barche,https://rentalboatsiracusa.it,366 531 6280,"Via Elorina, Sud",Siracusa,,,https,WordPress,Sì,Netsons s.r.l.,92,100,92.00,Sì,No
Siracusa Sailing Tours | Boat Rentals - Sicily,Noleggio barche,https://www.vegacharter.com,392 004 1663,"Viale Montedoro, 12",Siracusa,,,https,Wix,Sì,Google LLC,63,87,100.00,Sì,No
Elicriso rent a boat,Noleggio barche,,347 916 6572,"Via Firenze, 75",Catania,,,,,,,,,,,
Santangelo yacht & service srl - Sailing trip Eolie,Noleggio barche,,333 865 1346,"Porto turistico, S. Gregorio",Capo d'Orlando,,,,,,,,,,,
Alamar Eolie - Living a unique experience,Noleggio barche,http://www.alamar-eolie.com,351 905 6143,"Contrada Bagnoli, snc",Capo d'Orlando,,,https,WordPress,Sì,Aruba S.p.A.,59,84,100.00,Sì,No
EA CHARTER,Noleggio barche,,328 062 8934,Via del Porto,Capo d'Orlando,,,,,,,,,,,
Parallelo 38 Charter,Noleggio barche,https://www.parallelo38charter.it,376 057 6777,"Contrada Bagnoli, snc",Capo d'Orlando,,booking@parallelo38charter.it,https,Angular,Sì,Keliweb S.R.L,55,62,100.00,Sì,No
BOATBOOKING,Noleggio barche,https://boatbooking.one,339 405 9400,Contrada Bagnoli,Capo d'Orlando,,boat@boatbooking.one,https,React,Sì,Aruba S.p.A.,61,94,83.00,Sì,No
Capri Blue Boats,Noleggio barche,http://www.capriblueboats.com,339 619 2151,"Via Mulo, 72",Capri,,,https,React,Sì,"Amazon.com, Inc.",45,90,92.00,Sì,No
Jonio Yachting,Noleggio barche,http://www.jonioyachting.com,335 762 6583,"Via Vespri Siciliani, 10",Furnari,,info@jonioyachting.com,https,React,No,Seflow S.N.C. Di Marco Brame' & C.,65,81,92.00,Sì,No
Sailing Sicily Portorosa,Noleggio barche,https://sailingsicily.com/portorosa,091 580679,"Via Prestipaolo, 151",Tonnarella,,,https,WordPress,Sì,Planetel SPA,36,44,92.00,Sì,No
Nologommoni,Noleggio barche,,328 388 2252,"Via Romeo, 101",Isola delle Femmine,,,,,,,,,,,
"TURISTICA IL GABBIANO -Yacht charter, Crociere in barca In Sicilia",Noleggio barche,https://www.turisticailgabbiano.com,342 187 6391,"portorosa, Complesso Portorosa",Furnari,,info@turisticailgabbiano.com,https,WordPress,No,IDS & UNITELM SRL,64,78,100.00,Sì,No
Rbs-Rental Boat Sicily,Noleggio barche,,391 911 4293,"Riva Porto Lachio, Via dell'Arsenale, 44",Siracusa,,,,,,,,,,,
Tripping Sicily,Noleggio barche,http://www.trippingsicily.com,347 476 5326,Via Duca del Mare,Riposto,,,https,WordPress,Sì,Server Plan S.r.l.,56,56,85.00,Sì,No
Caicco Rex Siciliae,Noleggio barche,https://www.rexsiciliae.com,340 772 2668,"via Napoli, 3",Pineto,,info@rexsiciliae.com,https,React,No,Aruba S.p.A.,61,96,83.00,Sì,No
TAORMINA RENT BOAT,Noleggio barche,http://www.taorminarentboat.com,349 841 0143,Via Schisò,Giardini-Naxos,,,,Nuxt.js,Non trovato,"Cloudflare, Inc.",80,82,92.00,Stato Non Determinato,No
Ala Charter,Noleggio barche,https://www.alacharter.com,347 574 3086,"Viale Libertà, 136",Giarre,,charterala@gmail.com,https,React,No,Google LLC,60,95,100.00,Sì,No
GM yacht,Noleggio barche,https://www.gmyacht.it,095 873 0199,Porto dell'Etna,Riposto,,tuo.indirizzo@email.com,https,WordPress,No,Aruba S.p.A.,56,64,92.00,Sì,No
Approdomistral di Vincenzo D'Elia,Noleggio barche,,328 831 5908,Via Trapani,Trappeto,,,,,,,,,,,
Jamepress,Noleggio barche,,351 930 3429,"Via Aniello Falcone, 96",Napoli,,,,,,,,,,,
Le tre isole di serimm,Noleggio barche,http://www.noleggiogommonitrapani.it,349 303 7380,Via Ranuncoli,Trapani,,serimm.noleggio@libero.it,https,ASP.NET,No,Aruba S.p.A. Network,69,91,82.00,Sì,No
InMari Escursioni a Favignana in barca,Noleggio barche,https://www.inmari.it,0923 198 7563,"Via Enea, 37",Pizzolungo,,info@inmari.it,https,Shopify,No,OVH SAS,64,98,100.00,Sì,No
EmotionSicily,Noleggio barche,http://www.emotionsicily.it,380 210 8913,"Via dei Gladioli, SNC",Trapani,,info@emotionsicily.it,https,Shopify,No,OVH SAS,78,99,100.00,Sì,No
"GiuGioMa Charter, Locazione imbarcazioni",Noleggio barche,https://www.giugiomacharter.it,339 833 8976,Marina Galizzi ( Molo Traperoidale porto di Palermo Palermo Marina yachting,Palermo,,mgiordan2687@gmail.com,https,WordPress,Sì,Signet B.V.,33,54,92.00,Sì,No
Wilmar Sailing Charter,Noleggio barche,http://www.wilmar.it,393 721 5000,"Via Gabriele D'Annunzio, 8",Sant'Agata li Battiati,,,https,React,No,Google LLC,59,67,83.00,Sì,No
Noleggio Marin - Noleggio Gommoni,Noleggio barche,https://noleggiomarin.it,351 589 1804,Lungomare Mediterraneo,Marsala,,info@noleggiomarin.it,https,React,No,HOSTINGER DE,67,73,100.00,Sì,No
Sail Egadi Vacanze in Barca a Vela,Noleggio barche,http://www.sailegadi.com,328 285 7745,Porto Turistico,Marsala,,info@sailegadi.com,https,WordPress,No,Server Plan S.r.l.,57,82,100.00,Sì,No
Navigatio vacanze in barca a vela,Noleggio barche,https://www.navigatio.it,349 652 8816,"Porto turistico Via lungomare Mediterraneo, marina polaris",Marsala,,,https,React,No,Aruba S.p.A.,56,65,92.00,Sì,No
CapriccioMare SRL Noleggio Gommoni e Imbarcazioni,Noleggio barche,http://www.capricciomare.it,328 985 0870,"Lungomare Mediterraneo, 23",Marsala,,capricciomaresrl@gmail.com,https,React,Sì,Google LLC,71,96,100.00,Sì,No
Egadi.spritz,Noleggio barche,http://mgcarservice.net,388 755 2532,"Via Vita, 49",Marsala,,info@mgcarservice.net,https,Drupal,No,Serverplan S.r.l.,45,59,92.00,Sì,No
Catamarano Blue Moon (noleggio occasione),Noleggio barche,http://www.catamaranobluemoon.com,335 757 5906,Lungomare Mediterraneo,Marsala,,info@catamaranobluemoon.com,https,Angular,Sì,Host Europe GmbH,68,92,92.00,Sì,No
Ventotralevele,Noleggio barche,,340 793 3029,porticciolo turistico,Marsala,,,,,,,,,,,
Sicily Charter,Noleggio barche,https://www.sicilycharter.com,351 038 7736,Lungomare Mediterraneo,Marsala,,,https,Shopify,Sì,"DigitalOcean, LLC",55,91,92.00,Sì,No
Sail Travel Egadi - Vacanze in Barca a Vela e Catamarano,Noleggio barche,https://www.sailtravel.it,339 226 9952,"Vicolo Coccio, 4",Marsala,,sailtravel.francesco@gmail.com,https,Joomla,No,Seeweb srl,42,69,92.00,Sì,No
Sela Charter,Noleggio barche,https://sela-charter.com,331 419 8505,"Molo Florio Banchina Polaris, Lungomare Mediterraneo, 57/59",Marsala,,,http,React,No,Strato AG,55,63,100.00,Sì,No
Mikasa luxury management,Noleggio barche,http://www.mikasaluxury.com,095 779 2861,"C/o Porto dell'Etna, Via Duca del Mare",Riposto,,,http,ASP.NET,No,Aruba S.p.A. Network,0,0,90.00,Sì,No
Marina Del Nettuno Broker S.R.L.,Noleggio barche,https://www.marinadelnettuno.it,090 344139,"Via G. Garibaldi, 150",Messina,,ristorante@marinadelnettuno.it,https,WordPress,No,Aruba S.p.A.,63,70,92.00,Sì,No
5 Network Sail Di Serena Passalacqua E C. Snc,Noleggio barche,,090 293 7744,"Via degli Orti, 96",Messina,,,,,,,,,,,
Networksail Srl,Noleggio barche,https://networksail.net,090 716094,"Via Giuseppe Natoli, 61",Messina,,booking@networksail.net,https,WordPress,No,IT.Gate S.p.A.,68,98,100.00,Sì,No
Eolian Gulet Boats,Noleggio barche,https://www.eolianguletboats.it,392 945 8661,"Via XXVII Luglio, 195",Messina,,,https,React,No,Google LLC,69,93,75.00,Sì,No
Noleggio barche Castellammare del Golfo,Noleggio barche,http://www.rosadeiventiseaexperience.it,389 021 1913,Via Don Leonardo Zangara,Castellammare del Golfo,,benny_lauria@libero.it,http,Mobirise,Sì,Register S.P.A.,59,84,92.00,Sì,No
Oltre il Blu Charter,Noleggio barche,http://www.barcando.it,0965 616528,Molo Marullo,Milazzo,,info@barcando.it,https,Django,Sì,Hetzner Online GmbH,42,62,100.00,Sì,No
Eolo noleggio,Noleggio barche,,347 460 3837,"Via Marina Garibaldi, c.da,1",Milazzo,,,,,,,,,,,
Lampedusa Gita In Barca sissy brignone yachting,Noleggio barche,,342 922 1958,Via Alessandro Volta,Lampedusa,,,,,,,,,,,
Gioia Lampedusa,Noleggio barche,,348 552 5840,Lungomare Luigi Rizzo,Lampedusa,,,,,,,,,,,
Onda Marina sas di Davì Angelo,Noleggio barche,http://www.ondamarinalampedusa.it,340 915 8431,Lungomare Porto Nuovo,Lampedusa e Linosa,,prenotazioni@ondamarinalampedusa.it,https,Shopify,Sì,WIIT AG,55,79,100.00,Sì,No
Rent Motor Boats,Noleggio barche,,333 972 9936,"Lungomare Porto Nuovo, 36",Lampedusa,,,,,,,,,,,
Noleggio Barche DAG Escursioni a Linosa,Noleggio barche,https://lampedusabarchedag.it,331 271 2535,Lungomare Luigi Rizzo,Lampedusa,,,https,Angular,No,Aruba S.p.A. Network,56,37,92.00,Sì,No
⛵️🚤 Noleggio Barche e Auto Piombino Lampedusa,Noleggio barche,https://www.piombinorental-lampedusa.com,366 433 9400,Lungomare Luigi Rizzo,Lampedusa,,,https,Wix,No,Google LLC,59,48,100.00,Sì,No
Noleggio Gommoni Brezza Marina,Noleggio barche,http://www.brezzamarinafavignana.com,347 300 4522,"Largo Marina, 1",Favignana,,info@brezzamarinafavignana.com,https,ASP.NET,Sì,Aruba S.p.A. Network,68,76,92.00,Sì,No
Noleggio Barche e Gommoni Favignana​,Noleggio barche,https://www.noleggiobarchefavignana.com,347 129 7016,"Largo Marina, 1",Favignana,,,https,WordPress,Sì,OVH ISP,37,81,77.00,Sì,No
Wave Servizi Nautici e Noleggio gommoni,Noleggio barche,https://www.wavenoleggiogommoni.com,351 923 6693,Molo Turistico,Favignana,,,https,Angular,No,Google LLC,55,73,73.00,Sì,No
FAVIGNANA TRAVEL,Noleggio barche,,345 318 2388,porto di favignana,Favignana,,,,,,,,,,,
Noleggio Barche Sea Taxi Favignana,Noleggio barche,http://seataxi.it,338 530 1645,"Str. Costiera di Mezzogiorno, 16",Favignana,,info@seataxi.it,https,WordPress,Sì,TransIP BV,61,88,85.00,Sì,No
Favignana Boating,Noleggio barche,https://www.favignanaboating.it,388 898 0436,Porto di favignana c/o La Darsena,Favignana,,info@favignanaboating.it,https,Shopify,Sì,OVH SAS,67,89,92.00,Sì,No
Alta Marea,Noleggio barche,http://www.noleggiobarchefavignana.it,389 871 1159,Largo Marina,Favignana,,info@noleggiobarchefavignana.it,https,React,Sì,Aruba S.p.A. Network,45,37,91.00,Sì,No
Aegates Rent Boat - escursioni barca Marettimo e Traoani,Noleggio barche,https://escursioneinbarcamarettimo.it,340 716 4724,"Via S. Giuseppe, 9",Marettimo,,aegatesrentboat@gmail.com,,Joomla,No,OVH SAS,54,61,85.00,Sì,No
AuraCharter,Noleggio barche,,347 844 4839,"Portorosa, 98054",Tonnarella,,,,,,,,,,,
Mamaboats Noleggio Barche Siracusa - Noleggio Jet Ski Siracusa - Escursioni in barca Siracusa,Noleggio barche,https://www.mamaboats.it,334 950 6483,"Via Elorina, 95",Siracusa,,,https,Joomla,No,Server Plan S.r.l.,45,64,92.00,Sì,No
Gozzo Sole - Escursioni in barca e noleggi,Noleggio barche,,368 779 2779,Piazza di Marina Corta,Lipari,,,,,,,,,,,
Charter Eolie e Grecia Atlandidea partenza da Milazzo,Noleggio barche,,331 730 8563,"Via Vittorio Emanuele, 24",Lipari,,,,,,,,,,,
Lipari Eolian Boat,Noleggio barche,http://www.noleggiobarchelipari.com,366 237 6495,Via Francesco Crispi,Lipari,,liparieolianboat@gmail.com,https,Webnode,No,Amazon Technologies Inc.,56,94,100.00,Sì,No
"Sankalpa Eolie - Barca Zaíra, noleggi esclusivi personalizzati",Noleggio barche,https://www.clickandboat.com/it/noleggio-barche/lipari/barca-a-motore/ascari-prestige-one-dpkq9r6,339 870 6933,Piazza di Marina Corta,Lipari,,166df738338a4bcfc7181e61b5832c25@o417216.ingest.sentry.io,https,Angular,No,Amazon Technologies Inc.,44,69,92.00,Sì,No
Dalmoroboatexperience,Noleggio barche,https://dalmoroboatexperience.it,331 731 7806,"Via roma, Piazza di Marina Corta, 1",Lipari,,,https,React,No,Aruba S.p.A.,59,87,100.00,Sì,No
Idea Catamaran Charter,Noleggio barche,https://www.idea-catamarancharter.com,06 4522 17115,Contrada Bagnoli,San Gregorio-bagnoli,,cat@idea-srl.eu,https,Shopify,Sì,Netsons s.r.l.,56,74,85.00,Sì,No
Noleggio da Luigi,Noleggio barche,https://www.noleggiolipari.it/noleggio-da-luigi,338 301 4344,via Mariano Amendola,Lipari,,prenotazioni@noleggiolipari.it,https,WordPress,Sì,IT.Gate S.p.A.,68,90,92.00,Sì,No
Lido Caicco,Noleggio barche,http://www.caiccoservizinautici.it,339 722 2347,"Via Marina Garibaldi, 43",Canneto,,giuseppe.zaia@virgilio.it,https,WordPress,No,Aruba S.p.A.,52,61,100.00,Sì,No
Rosa dei Venti Escursioni,Noleggio barche,,0922 175 7671,"Via Cavaleri Magazzeni, 111",Villaggio Mosè,,,,,,,,,,,
Playa Rental Boat Siracusa,Noleggio barche,,348 872 2473,"Via Elorina, 95",Siracusa,,,,,,,,,,,
Charter Sicilia,Noleggio barche,https://www.minicrocieresicilia.com/rent-boats-charters-sicilia,338 232 2936,"Via Giovan Battista Vaccarini, 1",Palermo,,info@dreamingsicily.it,https,WordPress,No,Aruba S.p.A.,70,94,92.00,Sì,No
Nautica Service D'Aleo,Noleggio barche,http://www.nauticaservicepalermo.com,344 111 7808,"Via Ruggero Marturano, 28",Palermo,,,https,React,No,Google LLC,82,91,100.00,Sì,No
Vento Mediterraneo,Noleggio barche,https://ventomediterraneo.it,388 970 4922,Pontile Antica Marina,Marzamemi,,,https,WordPress,No,Server Plan S.r.l.,62,79,85.00,Sì,No
Nautica Cordaro,Noleggio barche,http://nauticacordaro.com,338 630 2094,"Via Giuseppe Garibaldi, 4",Nubia,,info@nauticacordaro.com,http,WordPress,No,OVH SAS,56,68,92.00,Sì,No
Noleggio Gommoni Eoliegram Isole Eolie Panarea | Lipari,Noleggio barche,http://www.eoliegram.com,339 584 0018,"via com. mare, 70",Panarea,,contact@eoliegram.com,https,Joomla,No,Aruba S.p.A.,35,50,92.00,Sì,No
Sicily by Catamaran,Noleggio barche,https://www.sicilybycatamaran.com,338 493 9249,"c/o Si.Ti Mar, Marina yachting, Via Filippo Patti",Palermo,,,https,WordPress,No,Netsons s.r.l.,75,95,92.00,Sì,No
LAGUNA YACHTING,Noleggio barche,https://www.lagunayachting.it/en/home,373 538 0650,Marina Villa Igiea,Palermo,,info@lagunayachting.it,https,React,No,Google LLC,63,76,83.00,Sì,No
Il Faraglione - Noleggio Barche e Gommoni a Pantelleria,Noleggio barche,,320 315 6395,Lungomare Paolo Borsellino,Pantelleria,,,,,,,,,,,
Pantelleria barche,Noleggio barche,https://www.pantelleriabarche.it,334 194 4243,"via messina, N° 31/interno 2",Pantelleria,,noreply@noleggiopantelleria.com,https,ASP.NET,No,Aruba S.p.A. Network,65,89,82.00,Sì,No
AVARK | Noleggio Barche Pantelleria,Noleggio barche,,331 925 1898,Via Don Alonzo Errera,Pantelleria,,,,,,,,,,,
Afrodite pnl,Noleggio barche,,328 381 9609,Via Scauri Basso,Pantelleria,,,,,,,,,,,
Noleggio Barche e Gommoni Butterfly Pantelleria,Noleggio barche,http://www.noleggiobutterfly.com,320 275 2465,Molo Wojtyla,Pantelleria,,info@noleggiobutterfly.com,http,Shopify,Sì,Aruba S.p.A. Network,84,98,83.00,Sì,No
Noleggio barche Pantelleria Nemo,Noleggio barche,,380 650 8502,Via Borgo Italia,Pantelleria,,,,,,,,,,,
Nautilus,Noleggio barche,http://www.nautilusboat.it,338 485 8918,Lungomare Paolo Borsellino,Pantelleria,,info@nautilusboat.it,https,WordPress,No,Genesys Informatica S.r.l.,59,51,100.00,Sì,No
NAYE CHARTER,Noleggio barche,http://www.nayecharter.com,328 895 2341,Via Cristoforo Colombo,Patti,,,https,WordPress,No,"Cloudflare, Inc.",55,82,92.00,Sì,No
Il Corallo Noleggio Gommoni e Motoscafi,Noleggio barche,http://www.marettimoilcorallo.it,340 530 0030,Via scalo nuovo,Marettimo,,marettimom@hotmail.it,https,Wix,No,Google LLC,63,81,100.00,Sì,No
LeoMar Trapani,Noleggio barche,,328 916 5882,"Via Marausa, 2",Misiliscemi,,,,,,,,,,,
C.S. Nautica,Noleggio barche,http://csvacanze.it,345 168 5712,"Via Don Leonardo Zangara, 57",Castellammare del Golfo,,simone.coraci94@virgilio.it,https,WordPress,No,Aruba S.p.A. Network,52,77,92.00,Sì,No
EasyRental - noleggio gommoni - Puntaldia - San Teodoro - Coda Cavallo,Noleggio barche,http://www.easyrentalcar.eu,338 600 2244,via di L'aldia,Lu Impostu,,info@easyrentalcar.eu,https,Joomla,No,Aruba S.p.A. Network,56,60,92.00,Sì,No
Noleggio gommoni Testa di Moro - San Teodoro,Noleggio barche,,351 921 8196,"V. Nazionale, 23",Suaredda-traversa,,,,,,,,,,,
Noleggio Gommoni Thaiti,Noleggio barche,https://www.noleggiothaiti.it/noleggio-gommoni,380 242 9853,Località Cala Brandinchi,San Teodoro,,mariapaolabacciu@yahoo.it,https,WordPress,No,Aruba S.p.A.,60,94,92.00,Sì,No
Noleggio Gommoni | Cala Suaraccia,Noleggio barche,https://calasuaraccia.com,349 412 5854,"Spiaggia le Farfalle, via le farfalle",Cala Suaraccia,,info@calasuaraccia.com,https,Joomla,Sì,Aruba S.p.A.,57,66,92.00,Sì,No
H2O RENT A BOAT,Noleggio barche,http://www.h2orentaboat.com,345 758 2776,Spiaggia di Cala Brandinchi,San Teodoro,,h2orentaboat@gmail.com,https,WordPress,No,Aruba S.p.A.,41,50,100.00,Sì,No
Mediomare | Stabilimento Balneare | Noleggio con conducente in Maxi Gommone | Locazione Gommoni | Watersports,Noleggio barche,https://www.mediomare.com,393 332 0913,Spiaggia la Cinta,San Teodoro,,,https,Shopify,Sì,Aruba S.p.A.,52,64,100.00,Sì,No
GOLDEN NOLEGGIO IVAN,Noleggio barche,http://golden-noleggio.com,392 876 6243,"pontile, Porto Coda Cavallo",Salina Bamba,,,https,Angular,No,Server Plan S.r.l.,56,67,100.00,Sì,No
Noleggio Gommoni Salina Bamba,Noleggio barche,https://www.noleggiosalinabamba.it,324 996 3221,Spiaggia,Salina Bamba,,noleggio_gommoni@icloud.com,https,React,No,Server Plan S.r.l.,59,70,100.00,Sì,No
Caterina tour boat,Noleggio barche,http://www.escursioniasanvitolocapo.it,347 863 6388,Via Duca degli Abruzzi,San Vito Lo Capo,,info@escursioniasanvitolocapo.it,https,ASP.NET,No,Aruba S.p.A. Network,64,60,91.00,Sì,No
Noleggio San Vito Da Aldo,Noleggio barche,,329 972 1516,"Via Regina Margherita, 56",San Vito Lo Capo,,,,,,,,,,,
L’aurora charter,Noleggio barche,,342 356 3906,Milazzo Santa Maria maggiore,Milazzo,,,,,,,,,,,
Capitan Luigi Escursioni Salina- noleggio barca con skipper,Noleggio barche,http://www.capitanluigiescursioni.com,333 254 6739,"Via Lungomare, 1",Santa Marina Salina,,,https,WordPress,No,Google LLC,46,63,100.00,Sì,No
Aeolian Luxury - The Yacht Escape,Noleggio barche,http://www.aeolianluxury.com,338 410 3990,"Via Guglielmo Oberdan, 5",Santa Marina Salina,,info@aeolianluxury.com,http,React,No,Hostopia Australia Web Pty Ltd,59,84,92.00,Sì,No
Baia di Ulisse - Noleggio Gommoni Porto Pozzo e Santa Teresa di Gallura,Noleggio barche,https://baiadiulissegommoni.it,339 632 0330,Piazzale Porto Turistico,Porto Pozzo,,daniele.baiadiulisse@gmail.com,https,Shopify,No,Server Plan S.r.l.,74,93,100.00,Sì,No
Noleggio Gommoni Mediterraneo a Porto Pozzo,Noleggio barche,http://www.mediterraneoportopozzo.com,388 328 4825,Str. Porto Pozzo Curichena,Porto Pozzo,,info@mediterraneoportopozzo.com,https,WordPress,Sì,Aruba S.p.A,57,69,92.00,Sì,No
Taormina By Boat,Noleggio barche,,327 166 2302,"Vico Zecca, 16",Taormina,,,,,,,,,,,
Ortigia Boat Rental - La Gassa D'Amante,Noleggio barche,,389 209 7566,"Corso Umberto I, 16",Siracusa,,,,,,,,,,,
Siracusa Boat Club,Noleggio barche,https://www.siracusaboatclub.com,351 400 1702,"Viale Tica, 227",Siracusa,,,https,WordPress,Sì,Server Plan S.r.l.,52,72,85.00,Sì,No
SeaSun Egadi Charter,Noleggio barche,https://www.seasunegadicharter.it,334 585 2775,"Via Avvocato Giuseppe Palmeri, 10",Trapani,,info@seasunegadicharter.it,https,Joomla,Sì,Aruba S.p.A. Network,55,88,92.00,Sì,No
Mr Trapani Transfer,Noleggio barche,https://www.mrtrapanitransfer.it,339 334 6735,"Corso Italia, 74",Trapani,,mrtrapanitransfer@gmail.com,,React,No,OVH SAS,28,32,92.00,Sì,No
AzMarine,Noleggio barche,https://www.azmarine.it,0931 184 0680,"Viale Africa, 17",Catania,,,https,Shopify,No,Aruba S.p.A.,94,100,100.00,Sì,No
Noleggio barche gommoni e bici elettriche ustica,Noleggio barche,http://noleggiousticarentmare.it,331 502 4757,Lungo mare Filippo vassallo ustica,Ustica,,lucabadagliacco@icloud.com,https,WordPress,Sì,Signet B.V.,56,63,92.00,Sì,No
Box N°4 - Rent a Boat - Noleggio Gommoni Cala Gonone senza conducente - di Satgia Antonio e C.SAS,Noleggio barche,,333 369 7150,"Piazza del Porto, 3",Cala Gonone,,,,,,,,,,,
Tharroservices di Gian Marco Salis,Noleggio barche,http://www.tharroservices.com,334 791 9896,Porticciolo turistico,Torre Grande,,info@tharroservices.it,https,WordPress,No,Aruba S.p.A.,34,56,92.00,Sì,No
Sporting Yacht Club,Noleggio barche,https://sportingyachtclubcostarei.com/chi-siamo,320 330 4683,Località Villa Rei,Castiadas,,,https,WordPress,Sì,Seflow S.N.C. Di Marco Brame' & C.,75,94,100.00,Sì,No
THARROS CHARTER,Noleggio barche,http://tharroscharter.com,328 061 1082,Via Domenico Millelire,Torre Grande,,tharroscharter@gmail.com,https,WordPress,Sì,Aruba S.p.A. Network,63,87,92.00,Sì,No
JOVIS SOS OROS DE SU LAGU,Noleggio barche,http://www.sosorosdesulagu.it,0783 69132,"Vico Gennargentu, 8",Bidonì,,,http,ASP.NET,No,Aruba S.p.A. Network,100,100,0.00,Sì,No
Sole & Mare - Tour in Barca e Noleggio Gommoni Oristano,Noleggio barche,https://solemareescursioni.it,393 548 9060,"Porticciolo Turistico, Via Domenico Millelire",Torre Grande,,solepuxmare@gmail.com,https,WordPress,Sì,HOSTINGER FR,55,62,85.00,Sì,No
Noleggio gommoni moto d'acqua Nord-Est,Noleggio barche,http://noleggiogommoniarbatax.it,328 305 9457,Porticciolo turistico Arbatax,Tortolì,,,https,Ecwid,Sì,"Amazon.com, Inc.",61,84,85.00,Sì,No
Experienseas - Boat Rental Alghero,Noleggio barche,,347 955 0990,"Passeggiata, Lungomare Barcellona",Alghero,,,,,,,,,,,
SIRB ONE NOLEGGIO GOMMONI,Noleggio barche,http://sirb.one,333 353 8972,"Presso bar skipper, Via Porto Turistico",Castelsardo,,,https,React,No,Netsons s.r.l.,56,77,83.00,Sì,No
Club della Vela - Noleggio gommoni,Noleggio barche,,338 148 9583,Str. Vicinale Mugoni,Alghero,,,,,,,,,,,
Noleggio Gommoni e Barche SeaLand,Noleggio barche,https://sites.google.com/view/wwwcalasassariit/home,327 087 6335,"Spiaggia, Cala Sassari, 24",Punta Pedrosa,,calasassarigommoni@gmail.com,https,Angular,No,Google LLC,57,63,75.00,Sì,No
Blue Island noleggio gommoni Orosei,Noleggio barche,,351 693 9603,Via del Mare,Orosei,,,,,,,,,,,
Noleggio Gommoni Alghero | Sant'Elmo,Noleggio barche,http://www.marinadisantelmo.it,333 221 4342,Banchina Sanità,Alghero,,info@marinadisantelmo.it,https,ASP.NET,No,TransIP BV,64,91,92.00,Sì,No
Mare forza7 noleggio gommoni,Noleggio barche,http://www.mareforza7.it,348 104 6820,Località Punta Pedrosa,Punta Pedrosa,,,http,ASP.NET,No,Aruba S.p.A. Network,92,100,100.00,Sì,No
Fabrytour noleggio gommoni,Noleggio barche,http://www.fabrytour.com,348 517 9615,Presso Ponte di Caprera,La Maddalena,,fabrytour@yahoo.com,https,React,Sì,Google LLC,56,89,0.00,Sì,No
Sun & Sea noleggio Gommoni,Noleggio barche,http://www.sunesea.com,366 465 5120,"Banchina General Rafael, Banchina Rafael Catardi",Alghero,,info@sunesea.com,https,WordPress,Sì,Netsons s.r.l.,67,94,92.00,Sì,No
THOUSAND SUNNY Noleggio Barche e Gommoni,Noleggio barche,,349 641 9687,Lungomare Barcellona,Alghero,,,,,,,,,,,
Noleggio gommoni e Escursioni Mormora Tours,Noleggio barche,,338 917 6708,Via Roma,Buggerru,,,,,,,,,,,
Overboard Alghero,Noleggio barche,http://www.overboardalghero.com,346 752 1613,Lungomare Barcellona,Alghero,,info@overboardalghero.com,https,WordPress,Sì,OVH SAS,44,73,92.00,Sì,No
Sardinia Blue Services | Boat Rental - Noleggio Barche,Noleggio barche,https://sardiniablueservices.com,331 752 9615,"Via Amerigo Vespucci, 42",Cannigione,,,https,Wix,No,wix com inc,68,77,100.00,Sì,No
Maby Mare - Noleggio gommoni | Escursioni in barca,Noleggio barche,http://www.mabymare.com,351 621 8160,"Via Degli Oleandri, 10",Villasimius,,booking.mabymare@gmail.com,https,Shopify,No,Aruba S.p.A.,56,91,100.00,Sì,No
L'isola del Gabbiano 2 Noleggio Gommoni,Noleggio barche,http://www.noleggiogommonivillasimius.it,345 242 6147,"Via Degli Oleandri, 10",Villasimius,,,https,ASP.NET,No,Aruba S.p.A. Network,100,100,82.00,Sì,No
Boats in the sea,Noleggio barche,http://www.boatsinthesea.com,346 229 8225,"Via Serchio, 139",Quartu Sant'Elena,,info@boatsinthesea.com,https,WordPress,No,Aruba S.p.A.,34,56,61.00,Sì,No
Veliero Milmar escursioni in barca,Noleggio barche,http://www.milmarcharter.it,338 482 7190,Su Portu Nou,Teulada,,,https,WordPress,Sì,Aruba S.p.A.,48,65,77.00,Sì,No
FAMAR VACANZE - Noleggio Gommoni Rental boat,Noleggio barche,,392 466 6284,MARINA DI,Perd'e Sali,,,,,,,,,,,
"Best Vacation Ever - Escursioni in barca - boat excursion, escursioni in gommone - da Villasimius con skipper.",Noleggio barche,https://www.bestvacationever.it/escursioni-in-gommone-da-villasimius-arbatax-o-cagliari,327 739 9331,Via Degli Oleandri,Villasimius,,,https,React,No,HOSTINGER DE,55,83,100.00,Sì,No
SAIL AWAY SARDINIA POINT Marina di Villasimius,Noleggio barche,http://www.sailawaysardinia.com,388 109 8018,"Via Degli Oleandri, 10",Villasimius,,info@sailawaysardinia.it,https,ASP.NET,No,Aruba S.p.A.,56,77,85.00,Sì,No
Sea Rent Sardinia Noleggio Gommoni,Noleggio barche,https://gommonesardegna.com,353 366 9401,"Via Sassari, 7",Galtellì,,,https,Shopify,No,"Cloudflare London, LLC",100,80,58.00,Sì,No
Carlos Boats,Noleggio barche,,333 807 4215,Via Lungomare,Arbatax,,,,,,,,,,,
Noleggio Gommoni - LeCernie,Noleggio barche,https://www.campinglecernie.it/sardegna/noleggio-gommoni-golfo-di-orosei,327 691 0063,Via Pollu,Lotzorai,,,https,WordPress,Sì,"Cloudflare, Inc.",69,93,92.00,Sì,No
Le Sorgenti Boat Excursions - Noleggio Gommoni,Noleggio barche,,351 913 2722,"Piazza Principessa di Navarra, 25",Santa Maria Navarrese,,,,,,,,,,,
Geomare Escursioni con Skipper lungo la Costa di Baunei,Noleggio barche,,348 929 2843,Porto turistico di,Santa Maria Navarrese,,,,,,,,,,,
DESNER NOLEGGIO GOMMONI,Noleggio barche,http://www.arbataxgommoni.it,327 952 7152,Via Levante,Arbatax,,,https,Angular,No,Google LLC,61,73,100.00,Sì,No
Aldemar - Escursioni in Gommone di Massimo Cantone,Noleggio barche,http://www.aldemar-escursioni-in-mare.it,380 180 7638,Via Marina Piccola,Cagliari,,aldemar.escursioni@libero.it,https,React,No,Amazon Technologies Inc.,65,92,100.00,Sì,No
Noleggio Gommoni Santa Maria Navarrese NON SOLO MARE boat rental Sardinia,Noleggio barche,https://www.escursioninonsolomare.it,351 369 1641,Via Monte Oro,Santa Maria Navarrese,,,https,Wix,Sì,Google LLC,0,91,100.00,Sì,No
Sandy Sailing Company noleggio barca a vela con Skipper,Noleggio barche,https://sandysailing.it,339 301 9490,Porticciolo di Marina Piccola,Cagliari,,serdessc@gmail.com,https,React,Sì,Servereasy Srl,61,84,100.00,Sì,No
Pigramare Sailing Charter Rental Boat,Noleggio barche,http://www.pigramare.com,339 722 8116,Porto Pontile della Dogana,Cagliari,,info@pigramare.com,https,WordPress,Sì,MYLOC,48,37,92.00,Sì,No
NOLEGGIO GOMMONI OGLIASTRA,Noleggio barche,http://www.noleggiogommoniogliastra.it,345 034 5300,Marina di,Foxi Manna,,,https,React,No,Google LLC,61,95,92.00,Sì,No
Sunrib Rent - Noleggio Gommoni Cagliari,Noleggio barche,https://www.sunribrents.com,351 309 7288,"Molo Dogana, 1",Cagliari,,,https,WordPress,Sì,SEEWEB s.r.l.,57,91,100.00,Sì,No
Maremoto Alghero,Noleggio barche,,340 372 1851,Via Giuseppe Garibaldi,Alghero,,,,,,,,,,,
Meeting Point Alghero Rent Boat - Noleggio Barche e Gommoni,Noleggio barche,http://algherorentboat.it,351 207 8062,Banchina Giuseppe Pezzi,Alghero,,algherorentboat@gmail.com,https,WordPress,No,IT.Gate S.p.A.,52,60,85.00,Sì,No
TRITON BOAT ALGHERO,Noleggio barche,,327 852 4182,Banchina Giuseppe Pezzi,Alghero,,,,,,,,,,,
Sud Nautica Di Caredda Angelo,Noleggio barche,https://www.sudnautica.it,360 824 267,"MOLO C - Porto, di",Villasimius,,info@sudnautica.it,,Shopify,Sì,Aruba S.p.A.,47,28,92.00,Sì,No
Speed boat rental,Noleggio barche,https://speedboat.dotlabs.it,348 451 1460,Passeggiata Bousquet,Alghero,,,https,Shopify,No,Hostinger International Limited,62,91,61.00,Sì,No
Nautica Maremoto Alghero,Noleggio barche,,328 613 7913,"Via Asfodelo, 38/40",Alghero,,,,,,,,,,,
Una Vita in Vacanza Chia Noleggio gommoni Escursioni,Noleggio barche,http://www.unavitainvacanzachia.it,347 351 3974,VRX2+QW Spiaggia di tuerredda,Teulada,,,https,Shopify,Sì,Aruba S.p.A.,61,75,100.00,Sì,No
"Sail Experience - Escursioni e Noleggio barca a vela Cagliari, Sardegna",Noleggio barche,http://sailexperience.it,393 840 6657,"Molo Dogana, 1",Cagliari,,,https,WordPress,No,Aruba S.p.A. Network,54,64,92.00,Sì,No
E-boats Sardinia,Noleggio barche,https://www.e-boatsardinia.com,375 511 0623,Via Marina Piccola,Cagliari,,info@e-boatsardinia.com,https,WordPress,No,Aruba S.p.A.,57,89,85.00,Sì,No
CS Charter Cagliari - noleggio barche a vela Sud e Nord Sardegna,Noleggio barche,http://www.cs-charter.it,342 143 3106,"Su Siccu, Pennello di Bonaria",Cagliari,,info@cscharter.it,https,React,Sì,Aruba S.p.A. Network,47,73,100.00,Sì,No
Kairos Sail Away,Noleggio barche,https://www.kairoscruise.com,344 113 7431,Molo Sant'Elmo,Cagliari,,armatricelana@gmail.com,https,Wix,Sì,Google LLC,63,92,100.00,Sì,No
Seascape Sardinia,Noleggio barche,http://seascapesardinia.it,340 389 4634,Via Marina Piccola,Cagliari,,,https,Shopify,No,Keliweb S.R.L,37,72,100.00,Sì,No
Noleggio Gommoni Teulada Charter,Noleggio barche,http://www.teuladacharter.it/noleggio.php,338 639 3053,Spiaggia Portu Tramatzu,Teulada,,info@teuladacharter.it,http,React,No,Aruba S.p.A. Network,71,98,82.00,Sì,No
Noleggio Blue Wave,Noleggio barche,http://www.bluewavesardegna.it,340 050 7375,Lungomare Caduti Nassiriya,Sant'Antioco,,,https,WordPress,No,SEEWEB s.r.l.,66,92,92.00,Sì,No
Noleggio e escursioni gommoni a Buggerru BBS Nautica,Noleggio barche,http://www.buggerrusurfschool.com/services/noleggio-gommoni,380 183 9440,Via dei Lidi,Buggerru,,buggerrusurfschool@hotmail.com,https,WordPress,Sì,Aruba S.p.A.,56,71,92.00,Sì,No
Ichnusa Charter - Noleggio Vela,Noleggio barche,https://www.ichnusacharter.it,348 654 3763,Pennello di Bonaria,Cagliari,,info@ichnusacharter.it,https,WordPress,No,Serverplan S.r.l.,52,73,92.00,Sì,No
Green Charter,Noleggio barche,https://www.villasimiusnautica.it,349 521 5591,"Via degli Oleandri, Piazzetta Centrale Porto Turistico",Villasimius,,villasimiusnautica@gmail.com,https,React,Sì,HOSTINGER FR,87,99,92.00,Sì,No
BassaMarea noleggio gommoni Porto Pino,Noleggio barche,,346 089 5216,Via del Porticciolo,Porto Pino,,,,,,,,,,,
NOSTER,Noleggio barche,https://www.nosteritalia.com,388 494 1390,Via Marina Piccola,Cagliari,,,http,WordPress,No,Aruba S.p.A,27,34,100.00,Sì,No
Blu Zafferano escursioni in gommone,Noleggio barche,http://www.bluzafferanoteulada.it,347 581 8470,"Strada Provinciale 71 Km2,175",Teulada,,bluzafferano@gmail.com,https,React,Sì,Aruba S.p.A. Network,27,27,92.00,Sì,No
WaveProject - Noleggio Gommoni - Chia - Boat Rental,Noleggio barche,http://www.waveprojectca.com,333 445 4969,"Viale Spartivento, 54",Domus de Maria,,info@waveprojectca.com,https,Shopify,Sì,"Namecheap, Inc.",56,72,92.00,Sì,No
GS Escursioni in barca e Noleggio gommoni,Noleggio barche,http://gsescursionisardegna.com,389 515 0489,Unnamed Road,Porto Pozzo,,gsescursioni@virgilio.it,http,Shopify,No,"GitHub, Inc.",55,87,82.00,Sì,No
"ENAVIGOSARDINIA | Gite alle Isole, Escursioni all'Arcipelago di La Maddalena",Noleggio barche,https://enavigosardinia.com,348 341 2876,"Via Lungomare A. Doria, 7B",Cannigione,,,https,WordPress,Sì,wix com inc,66,88,100.00,Sì,No
Panaghia- Noleggio Gommoni ed Escursioni nel Golfo di Orosei,Noleggio barche,,342 134 1065,"Località Osalla, snc",Orosei,,,,,,,,,,,
BlueSea Charter Noleggio Gommoni con Skipper Olbia e Escursioni a Tavolara,Noleggio barche,https://visittavolara.com/ITA,347 710 9948,"via Piovene, 12",Olbia,,,https,WordPress,Sì,Aruba S.p.A.,65,69,92.00,Sì,No
Mari e Monti Rental boat,Noleggio barche,https://mariemontirentalboat.com,327 927 3709,"Pescheria di Osalla, Via del Mare, 150",Orosei,,noleggiogommonimariemonti@gmail.com,https,WordPress,Sì,Netsons s.r.l.,69,92,100.00,Sì,No
Noleggio gommoni Palau - Ad marine boat rental,Noleggio barche,,346 220 4379,Porto turistico,Palau,,,,,,,,,,,
Noleggio Gommoni Nautical Service Portisco,Noleggio barche,http://www.nauticalserviceolbia.it/noleggio-gommoni-portisco,347 296 8363,"Molo 3, Marina di Portisco",Portisco,,,https,WordPress,Sì,HOSTINGER FR,82,95,92.00,Sì,No
Noleggio Gommoni a Palau - Rent Boat Palau,Noleggio barche,http://www.timiboat.com,375 538 7455,"Via Fonte Vecchia, 80",Palau,,,https,WordPress,Sì,OVH SAS,55,0,85.00,Sì,No
All'arrembaggio noleggio gommoni,Noleggio barche,,371 483 9712,Via Isola le Bisce,Cannigione,,,,,,,,,,,
GetTogether Noleggio Gommoni Gite in Barca,Noleggio barche,https://www.gettogethergommoni.it,379 124 9629,"Viale Aldo Moro, snc",Porto Pozzo,,,https,WordPress,Sì,Aruba S.p.A.,61,95,100.00,Sì,No
Experience Boat Charter | Noleggio Barca Cannigione,Noleggio barche,http://www.experienceboatcharter.com,346 352 1501,"Via Lungomare A. Doria, 19",Cannigione,,experienceboatcharter@gmail.com,https,Shopify,Sì,Aruba S.p.A.,56,65,92.00,Sì,No
Sea Time Boat,Noleggio barche,http://www.seatimeboat.it,329 041 6789,Via Lungomare A. Doria,Cannigione,,emanuelbella@gmail.com,https,WordPress,Sì,Aruba S.p.A. Network,61,84,77.00,Sì,No
Nausicaa Sailing Charter,Noleggio barche,https://nausicaasailingcharter.it,347 036 5048,"Via Lungomare A. Doria, 7B, molo Golfo, di",Cannigione,,,https,WordPress,No,Amazon Technologies Inc.,59,74,85.00,Sì,No
Sardegna Luxury Boat Rental & Concierge | Cannigione Sardinia,Noleggio barche,https://www.sardegnaluxury.com,327 776 3712,"Via Lungomare A. Doria, 7/20",Cannigione,,,https,React,Sì,Google LLC,50,91,92.00,Sì,No
Servizi Nautici Sardegna,Noleggio barche,https://www.servizinauticisardegna.com,333 297 9416,"Via Nazionale, 89",Arzachena,,info@servizinauticisardegna.com,https,WordPress,Sì,Google LLC,35,74,100.00,Sì,No
Rimessaggio Pileri Service,Noleggio barche,,380 721 1550,"07038 e, SP74, 125",Trinità d'Agultu e Vignola,,,,,,,,,,,
Mamia Mauro,Noleggio barche,https://www.isolarossamarine.com,079 681269,Vial lungomare S. Cottoni,Isola Rossa,,info@isolarossamarine.com,https,React,No,Aruba S.p.A. Network,54,75,100.00,Sì,No
skipper zodiac Shlaubooat a noleggio,Noleggio barche,http://www.skippercalagonone.com,334 232 8707,Piazza del Porto,Cala Gonone,,flaviocarta37@gmail.com,https,WordPress,Sì,Unlimited Web Hosting UK LTD,62,88,92.00,Sì,No
Lampu - Noleggio Gommoni - Cala Gonone,Noleggio barche,https://lampunoleggiogommoni.com,0784 178 6569,"Viale Colombo, 32",Cala Gonone,,lampugommoni@gmail.com,https,React,Sì,Signet B.V.,53,91,92.00,Sì,No
Noleggio gommoni-Bista boat-Capo coda cavallo,Noleggio barche,,331 315 7527,Via capo coda cavallo,Capo Coda Cavallo,,,,,,,,,,,
SN BOAT by summer service,Noleggio barche,,347 498 9263,Via della Spiaggia,Pittulongu,,,,,,,,,,,
Nautica Servizi Giulia Srl,Noleggio barche,,329 164 2728,"Viale Sardegna, 69",Villa San Pietro,,,,,,,,,,,
North West Noleggio Gommoni - Porto Pozzo,Noleggio barche,http://www.northwestportopozzo.com,335 601 4352,Piazzale Porto Turistico,Porto Pozzo,,,https,Wix,Sì,Google LLC,75,95,100.00,Sì,No
Charty,Noleggio barche,https://www.charty.it,345 627 7756,"Via dei fabbri, 6",Oristano,,info@charty.it,https,WordPress,No,Netsons Network,70,86,85.00,Sì,No
Sardinia Boat Tour,Noleggio barche,,320 078 2021,Porto di,Torre Grande,,,,,,,,,,,
New Day - Noleggio Gommoni Porto Rotondo,Noleggio barche,http://www.noleggiogommoniportorotondo.it,349 647 9212,Località Cugnana Verde,Cugnana Verde,,newdaysnc@gmail.com,https,React,Sì,OVH SAS,51,74,85.00,Sì,No
Red Reef. Noleggio con conducente nel Golfo di Orosei,Noleggio barche,,388 471 5824,"Via Lungomare, 61",Arbatax,,,,,,,,,,,
Flamar Vacanze,Noleggio barche,http://www.flamarvacanze.com,329 790 9471,Via Lungomare,Arbatax,,info@flamarvacanze.com,https,WordPress,Sì,Netsons s.r.l.,52,75,85.00,Sì,No
CB Charter,Noleggio barche,http://www.calabittacharter.it,391 396 5153,"Baja Sardinia, Porto Cala Bitta",Baja Sardinia,,,https,WordPress,Sì,Aruba S.p.A.,61,75,46.00,Sì,No
Blue Driving noleggio gommoni,Noleggio barche,https://www.oroseibluedriving.it,348 516 1467,Spiaggia Marina di Orosei,Orosei,,oroseibluedriving@gmail.com,https,React,Sì,Aruba S.p.A.,53,40,100.00,Sì,No
Noleggio gommoni Rental Boat Cala Mangiavolpe,Noleggio barche,https://www.rentalboatcalamangiavolpe.it,339 758 3300,banchina Punta Chiara,La Maddalena,,,https,Angular,Sì,SEEWEB s.r.l.,38,62,75.00,Sì,No
Yacht Boutique Gulet charter Expert,Noleggio barche,http://www.yachtboutique.eu,+31 6 52022865,"Via Azuni, 23",Bosa,,,https,React,No,Aruba S.p.A. Network,56,95,92.00,Sì,No
Sulcis Sail Charter - Noleggio Barche a Vela Sud Sardegna,Noleggio barche,https://sulcisailcharter.com,347 185 7888,"V. Palladio, 10",Carbonia,,sulcisailcharter@gmail.com,https,React,Sì,Hetzner Online GmbH,56,59,92.00,Sì,No
"SailPro Capitana - Escursioni e Tour Barca a Vela, Cagliari - Sardegna",Noleggio barche,https://www.sailprocapitana.it,351 816 2791,"Via Serchio, 139",Quartu Sant'Elena,,,https,Angular,No,Aruba S.p.A. Network,23,39,85.00,Sì,No
Andalas Baunei,Noleggio barche,http://www.andalasbaunei.it,379 273 1253,"Lungomare Monte Santo, 1",Santa Maria Navarrese,,info@andalasbaunei.it,https,React,No,Aruba S.p.A.,57,56,77.00,Sì,No
Luuxya Charter,Noleggio barche,https://www.luuxyacharter.com/en,379 145 1240,Porto Turistico,Santa Maria Navarrese,,info@luuxyacharter.com,https,Shopify,Sì,Aruba S.p.A. Network,52,62,77.00,Sì,No
Noleggio Gommoni Maseli,Noleggio barche,https://www.postibarcasardegna.it,334 386 6793,Spiaggia Angolo Azzurro,Porto Pollo,,maseli@aruba.it,https,WordPress,No,Aruba S.p.A. Network,57,65,100.00,Sì,No
Noleggio Gommoni Villasimius,Noleggio barche,,338 325 6773,Via Degli Oleandri,Villasimius,,,,,,,,,,,
Marine Service Rent noleggio gommoni e moto d'acqua,Noleggio barche,,366 322 4202,Porticciolo di Marina Piccola,Cagliari,,,,,,,,,,,
Seaside Beyond Experience,Noleggio barche,,346 326 0877,Via Marina Piccola,Cagliari,,,,,,,,,,,
Imbarcazione Daphne Boschetto Holiday,Noleggio barche,,02 3031 29732,Marina di Villaputzu,Villaputzu,,,,,,,,,,,
Luxury Yacht DAYTONA Sardinia South Charter,Noleggio barche,https://luxurysardiniasouthcharter.it/it,393 332 2329,località Cala Verde,Santa Margherita di Pula,,help@partoo.fr,https,ASP.NET,Sì,"Amazon.com, Inc.",32,49,92.00,Sì,No
Noleggio Gommoni | Clanto Boat Rental,Noleggio barche,,371 121 2435,banchina del porto di Portoscuso,Portoscuso,,,,,,,,,,,
Albachiara Noleggio Gommone,Noleggio barche,,333 866 5490,Via del Porto,Golfo Aranci,,,,,,,,,,,
Servizi Nautici Soc. Coop.,Noleggio barche,,331 148 1326,Via delle Agavi,Costa Rei,,,,,,,,,,,
Paperboat Cagliari,Noleggio barche,,391 420 6269,Via Marina Piccola,Cagliari,,,,,,,,,,,
Seaside - Noleggio Gommoni,Noleggio barche,,346 248 4641,Spiaggia di Palmasera,Cala Gonone,,,,,,,,,,,
Cala Gonone Charter Company,Noleggio barche,https://www.gononecharter.it,377 081 6206,Via Amerigo Vespucci,Cala Gonone,,calagononecharter@gmail.com,https,Joomla,No,Aruba S.p.A.,55,79,77.00,Sì,No
Fafare III - Escursioni Giornaliere in Barca - Noleggio gommoni,Noleggio barche,https://www.fafarevillasimius.it,333 325 2068,"PORTO TURISTICO VILLASIMIUS VIA DEGLI OLENDRI, MOLO M",Villasimius,,info@fafarevillasimius.it,https,React,Sì,Aruba S.p.A.,27,47,92.00,Sì,No
AUDACE Noleggio gommoni con Skipper Porto San Paolo,Noleggio barche,,347 576 4534,Via Del Faro,Porto San Paolo,,,,,,,,,,,
Noleggio Gommoni Skipper,Noleggio barche,https://noleggiogommoniskipper.com,342 155 8571,Via Tavolara,Porto San Paolo,,,https,WordPress,Sì,Aruba S.p.A.,61,82,100.00,Sì,No
OASI BEACH Tours,Noleggio barche,,0781 189 6483,"Spiaggia di Cala Domestica (lato destro), 09010",Buggerru,,,,,,,,,,,
Mangioinbarca,Noleggio barche,,335 743 2244,Piazzetta dei Pescatori,Golfo Aranci,,,,,,,,,,,
Marina di Golfo Aranci,Noleggio barche,http://www.marinadigolfoaranci.com,348 793 9401,Via dei Marinai,Golfo Aranci,,marinadigolfoaranci@gmail.com,https,Shopify,Sì,Keliweb S.R.L,47,76,100.00,Sì,No
Escursioni in barca - Charter - Dolphin whatching,Noleggio barche,,388 423 9597,"Via Alessandro Volta, n.14",Golfo Aranci,,,,,,,,,,,
Marefun Boat Rent | Yacht Charter & Vanquish Yachts Partner,Noleggio barche,https://www.marefun.com,320 052 2100,"Via dei Marinai, 1",Golfo Aranci,,info@marefun.com,https,Shopify,No,Google LLC,67,91,83.00,Sì,No
NORD EST NOLEGGIO GOMMONI GOLFO ARANCI,Noleggio barche,http://www.nordestnoleggio.com,324 045 9349,Via dei Marinai,Golfo Aranci,,info@nordestnoleggio.com,https,WordPress,No,Server Plan S.r.l.,57,82,92.00,Sì,No
Go Marine Rent Boat Noleggio Gommoni Golfo Aranci,Noleggio barche,,334 906 4590,Via dei Trattati di Roma,Golfo Aranci,,,,,,,,,,,
Blu Diamond Rent Noleggio Gommoni Golfo Aranci,Noleggio barche,https://bludiamondrent.com,342 135 5874,"Via dei Marinai, snc",Golfo Aranci,,blu.diamond.rent@gmail.com,,WordPress,No,Aruba S.p.A.,62,68,100.00,Sì,No
Sea Dream di Marco Capparucci,Noleggio barche,,338 762 6722,"Via Sant'Antioco, 7",Masainas,,,,,,,,,,,
Noleggio gommoni Porto Pino,Noleggio barche,,350 947 0135,Via del Mare,Porto Pino,,,,,,,,,,,
Suncharter,Noleggio barche,https://www.suncharter.de/en/destinations/italy/sardinia,349 793 4654,"Via D‘Isuledda, 13",Golfo Aranci,,,https,Laravel,No,Host Europe GmbH,53,74,85.00,Sì,No
"RA Luxury Rent | Boat Rental, Luxury Tender",Noleggio barche,https://raluxuryrent.com,351 433 1163,"Viale Concas Caddinas, 65",Golfo Aranci,,info@raluxuryrent.com,https,Angular,No,Keliweb S.R.L,62,79,100.00,Sì,No
Sea Marine,Noleggio barche,,351 340 4477,"Via S’Isuledda, 13",Porto Rotondo,,,,,,,,,,,
@SeaBe - Noleggio Occasionale,Noleggio barche,,366 266 0794,"Porto Turistico, Lungomare Cristoforo Colombo, 2",Portoscuso,,,,,,,,,,,
Captain Nemo Charter | Charter Barche e Gommoni da Portoscuso,Noleggio barche,,327 313 9423,Lungomare Cristoforo Colombo,Portoscuso,,,,,,,,,,,
Island Marine La Maddalena - noleggio gommone con skipper,Noleggio barche,,331 865 6317,"Via Eleonora D'Arborea, 3",La Maddalena,,,,,,,,,,,
NOLEGGIO GOMMONI LA MADDALENA - PALAU,Noleggio barche,http://www.noleggiogommonilamaddalena.com,347 758 0477,"Via Amendola, 30",La Maddalena,,,http,ASP.NET,No,Aruba S.p.A. Network,100,100,91.00,Sì,No
Freemind Experience - Escursioni e noleggio gommoni La Maddalena,Noleggio barche,,338 906 6558,Via Padule,La Maddalena,,,,,,,,,,,
Noleggio Gommoni e Affitto Posti Barca La Maddalena - Ecomar,Noleggio barche,http://www.ecomar.it,338 637 8256,banchina Punta Chiara,La Maddalena,,doriano@ecomar.it,https,WordPress,No,Aruba S.p.A,63,85,83.00,Sì,No
Gipsy Motor Boat - La Maddalena Excursions,Noleggio barche,http://www.lamaddalenaboatexcursions.it,338 457 4756,Via Padule,La Maddalena,,info@lamaddalenaboatexcursions.it,https,React,No,SEEWEB s.r.l.,54,81,100.00,Sì,No
La maddalena on board,Noleggio barche,https://www.lamaddalenaonboard.it,340 896 0738,Via Padule,La Maddalena,,,https,WordPress,Sì,HOSTINGER FR,67,98,61.00,Sì,No
La Reole Veliero d'Epoca,Noleggio barche,http://www.lareolecharter.com,379 133 2852,Via Padule,La Maddalena,,lareolecharter@gmail.com,https,WordPress,No,Aruba S.p.A.,93,77,100.00,Sì,No
Escursioni e gite in barca La Maddalena - Noleggio - Grace boat,Noleggio barche,http://www.graceboat.it,335 809 4115,Via Padule,La Maddalena,,info@graceboat.it,http,WordPress,No,Aruba S.p.A.,43,85,100.00,Sì,No
Charter Vela Sardegna,Noleggio barche,,335 210 731,"Via Giacomo Puccini, 45",Maracalagonis,,,,,,,,,,,
Dimensione Mare Yacht Charter,Noleggio barche,http://www.dimensionemarecharter.com,340 812 2941,2GHV+4P,Porto Rotondo,,info@dimensionemarecharter.com,https,Squarespace,Sì,Server Plan S.r.l.,43,70,92.00,Sì,No
Ciemme Boat Service,Noleggio barche,,342 920 9241,Via Tavolara,Loiri Porto San Paolo,,,,,,,,,,,
Tavolara navigazione noleggio gommoni,Noleggio barche,http://www.tavolaranavigazione.it,349 009 7934,Via Molara Porto S. Paolo,Loiri Porto San Paolo,,,http,ASP.NET,No,Aruba S.p.A. Network,69,80,91.00,Sì,No
Noleggio Gommoni di Rocco Matteo Bertolenoi,Noleggio barche,,346 645 6526,"Via Molara, 11",Porto San Paolo,,,,,,,,,,,
Noleggio Gommoni - Porto San Paolo Boat Rental,Noleggio barche,https://portosanpaoloboatrental.com,328 749 5522,Via Tavolara,Porto San Paolo,,,https,WordPress,No,Aruba S.p.A.,64,82,100.00,Sì,No
Yachtcharter GbR Isoletta Sail,Noleggio barche,http://www.isoletta-sail.com,327 130 6660,Lungomare Monte Santo,Santa Maria Navarrese,,,https,Joomla,No,dogado GmbH,92,100,66.00,Sì,No
NOLEGGIOBARCHEPALAU,Noleggio barche,https://www.noleggiobarchepalau.it,338 962 1717,PORTO TURISTICO PONTILE A,Palau,,,https,WordPress,No,Aruba S.p.A.,59,83,92.00,Sì,No
Mi.Da Charter,Noleggio barche,http://midacharter.it,340 053 6939,"Viale Monastir, 138",Cagliari,,info@midacharter.it,,WordPress,Sì,Aruba S.p.A,45,71,92.00,Sì,No
Boomerang Yacht Charter Sardinia,Noleggio barche,https://boomerangcharter.com,0789 24293,Marina di Portisco molo n 7,Olbia,,,https,Shopify,Sì,Netsons s.r.l.,51,53,92.00,Sì,No
Noleggio Barche Baja Sardinia OT,Noleggio barche,,079 097 7115,Lungomare di Tramontana,Baja Sardinia,,,,,,,,,,,
Rent me - Charter & more,Noleggio barche,https://www.polignanoescursioni.it,345 745 5253,Cala Ponte Porto turistico,Polignano a Mare,,rentmonopoli@email.com,,WordPress,No,Netsons s.r.l.,43,85,100.00,Sì,No
NAVEGANTES Escursioni in Gommone a Cala Gonone,Noleggio barche,https://www.noleggiocalagonone.it,379 202 7572,Piazza del Porto,Cala Gonone,,,https,Angular,No,Aruba S.p.A. Network,55,50,92.00,Sì,No
•Follow The Sun• Noleggio gommone con Skipper Palau,Noleggio barche,,371 395 6755,Porto turistico,Palau,,,,,,,,,,,
Morama Cruising,Noleggio barche,https://www.moramacruising.com,388 155 8613,"Porto Turistico, banchina principale fianco Pontile A, 07020",Palau,,moramacruising@gmail.com,https,ASP.NET,Sì,Aruba S.p.A.,55,63,100.00,Sì,No
"“AIGO” Palau, Gite in gommone, escursioni con skipper, Boat rental, boat tour with captain, Gita, fishing, pescare",Noleggio barche,https://andiamoingommone.com,349 452 2115,"Porto turistica, Molo M, Piazza del Molo",Palau,,andiamoingommone@gmail.com,https,Basekit,Sì,Aruba S.p.A.,54,53,100.00,Sì,No
LULULEO CHARTER EXCURSION,Noleggio barche,http://www.lululeocharterexcursion.com,333 170 4367,"PORTO TURISTICO DI PALAU, VIA DEI LESTRIGONI",Palau,,lululeocharter@gmail.com,https,React,No,Google LLC,73,92,73.00,Sì,No
Panzani Noleggio Gommoni,Noleggio barche,https://www.nauticapanzani.it,327 447 5583,"Via Fonte Vecchia, 52",Palau,,giuseppe.simonetti.snai@gmail.com,https,React,No,Google LLC,65,84,54.00,Sì,No
Athena Sail,Noleggio barche,https://www.athenasail.com,340 105 1393,"Porto turistico Palau, Pontile G-F",Palau,,info@athenasail.com,https,React,No,Aruba S.p.A.,42,56,100.00,Sì,No
Jet Ski Tours Barcelona - Excursiones en moto de agua,Noleggio barche,https://www.jetskitoursbarcelona.com,+34 649 10 13 99,"Carrer de la Pau, S/N",Barcelona,,info@jetscoot.com,https,WordPress,No,"Cloudflare, Inc.",54,62,85.00,Sì,No
Ocean Charter Mallorca,Noleggio barche,http://www.oceanchartermallorca.com,+34 687 35 30 58,"Carrer Verge del Carme, 30",Cala Figuera,,info@oceanchartermallorca.com,https,WordPress,No,HOSTINGER DE,60,16,85.00,Sì,No
Gozzo Charter Boat,Noleggio barche,,339 705 0108,Viale Porto Istana,Murta Maria,,,,,,,,,,,
Asinara Tours,Noleggio barche,http://www.asinaratours.com,348 473 5434,"Via Col di Lana, 9 stintino, Viale la Pelosa, 12",Sassari,,info@asinaratours.com,https,React,No,SEEWEB s.r.l.,48,82,100.00,Sì,No
Bluesardinia Boat Rental,Noleggio barche,https://www.bluesardinia.net,338 921 0541,Località Punta Marana,Marinella,,bluesardinianoleggiogommoni@gmail.com,https,WordPress,No,IONOS SE,69,98,85.00,Sì,No
Renting sea ed Astra,Noleggio barche,,348 195 8369,"Via Aldo Moro, 1",Selargius,,,,,,,,,,,
Westcoast Boat Renting,Noleggio barche,,388 651 1456,Piazzale S. Marco,Fertilia,,,,,,,,,,,
Albimar di Alberto Pinna,Noleggio barche,,338 702 9008,Lungomare Silvio Olla,Sant'Antioco,,,,,,,,,,,
Noleggio Gommoni Olbia | Boat Charter,Noleggio barche,,079 097 6766,"via Piovene, 26",Olbia,,,,,,,,,,,
Federico Primo escursioni noleggio,Noleggio barche,http://www.federicoprimo.com,389 644 7989,Molo Brin,Olbia,,assistenza@webador.it,https,React,No,Google LLC,73,98,100.00,Sì,No
Mari Sea Charters | Noleggio Gommoni ed Escursioni con conducente,Noleggio barche,http://www.mariseacharters.it,351 762 7515,"Viale Isola Bianca, 7",Olbia,,mariseacharters@gmail.com,https,React,Sì,OVH SAS,49,75,85.00,Sì,No
Sardinia Boat Charter,Noleggio barche,https://www.sardiniaboatcharter.com,338 217 1339,"Via dell'Eucaliptus, 10",Olbia,,info@sardiniaboatcharter.com,https,React,No,Google LLC,89,99,100.00,Sì,No
Yacht Charter Sardinia di Franco Sartori,Noleggio barche,http://www.yachtchartersardinia.it,0789 622326,"piano primo, Viale Aldo Moro, 408",Olbia,,infochartercostasmeralda@gmail.com,https,WordPress,Sì,Hetzner Online GmbH,38,39,85.00,Sì,No
Asfodeli Rent Boat,Noleggio barche,https://www.marinadiasfodeli.com/servizi/noleggio-barche-sardegna-costasmeralda,392 962 3071,"Via Sos Teuleddas, 3",Olbia,,info@marinadiasfodeli.com,https,React,Sì,Aruba S.p.A.,53,91,77.00,Sì,No
Noleggio Gommone NolGom Cugnana,Noleggio barche,https://nolgom.it,347 269 8816,Marina di Cugnana,Olbia,,nolgom2025@gmail.com,https,WordPress,Sì,Aruba S.p.A.,57,86,92.00,Sì,No
Aguaplano sailing,Noleggio barche,,333 933 7293,"Via Lu Pultali, n.3",Santa Teresa Gallura,,,,,,,,,,,
Capo Testa Yachting S.R.L.,Noleggio barche,http://www.capotestayachting.com,348 408 7443,"Piazza del Tempo, 7",Santa Teresa Gallura,,info@capotestayachting.com,https,React,No,Netsons s.r.l.,57,91,83.00,Sì,No
Sea Breeze - Noleggio Gommoni,Noleggio barche,,338 979 1280,Piazzale Porto Turistico,Porto Pozzo,,,,,,,,,,,
SiAdventure noleggio gommoni porto pozzo,Noleggio barche,http://www.siadventuresardegna.com,377 343 7018,Str. Porto Pozzo Curichena,Porto Pozzo,,siadventureinmare@gmail.com,https,React,No,Google LLC,73,90,100.00,Sì,No
Noleggio Gommoni Hotel le Dune,Noleggio barche,http://www.palauporto.it,0789 704013,Via Tramontana Porto Pollo,Porto Pollo,,info@palauporto.it,https,WordPress,No,Amazon Technologies Inc.,59,88,100.00,Sì,No
ToGo Sardinian Sail Charter,Noleggio barche,,393 436 2112,"V. Lungomare Balai, 72",Porto Torres,,,,,,,,,,,
Asinara Gite,Noleggio barche,http://www.giteasinara.it,340 053 6931,"Via del Lentischio, 11",Porto Torres,,info@giteasinara.it,https,WordPress,Sì,IT.Gate S.p.A.,66,87,100.00,Sì,No
MF Nautica Noleggio Gommoni Villasimius,Noleggio barche,https://mfnautica.com,328 417 8383,Via Degli Oleandri,Villasimius,,,https,WordPress,Sì,Aruba S.p.A.,64,73,92.00,Sì,No
Noleggio Gommoni Porto Pino Sea And Sand,Noleggio barche,http://seaandsand2014.wix.com/noleggiogommoni,351 693 2407,Porticciolo di,Porto Pino,,,,Wix,Non trovato,Google LLC,,,,No - Pagina Non Trovata (404),No
rent for quartello,Noleggio barche,,338 982 4977,Via Danimarca,Quartu Sant'Elena,,,,,,,,,,,
Buena Vista Rent,Noleggio barche,https://buenavistarent.eu,375 908 5739,"Via Degli Oleandri, 10",Notteri,,buenavista2023@libero.it,https,WordPress,Sì,Seflow S.N.C. Di Marco Brame' & C.,,,,Sì,No
Fun River Pedalò,Noleggio barche,,351 897 4604,Imbarcadero,Valledoria,,,,,,,,,,,
Cooperativa Golfo dell'Asinara,Noleggio barche,,336 411 550,Via Asinara,Stintino,,,,,,,,,,,
Nautika Centar Nava,Noleggio barche,,+385 91 407 7066,"Sv. Katarina, Ul. Vallelunga bb",Pula,,,,,,,,,,,
RENT A BOAT PULA Undina Adriatica,Noleggio barche,https://undinaadriatica.com,+385 95 827 0247,Marina Polesana,Pula,,support@undinaadriatica.com,https,React,Sì,SETCOR d.o.o.,,,,Sì,No
Boat rent Pula,Noleggio barche,https://www.boatrent.com.hr,+385 91 676 7325,Ul. Prekomorskih brigada 12,Pula,,danijel.flegar2309@gmail.com,https,Angular,Sì,Avalon d.o.o.,,,,Sì,No
Adriatic Yacht Charter- Rent a boat Pula,Noleggio barche,,+385 99 229 4540,Ul. Prekomorskih brigada,Pula,,,,,,,,,,,
Higanas boats charter,Noleggio barche,http://www.higanasboats.com,+385 91 799 1316,"Marina Veruda, Ul. Prekomorskih brigada 12",Pula,,info@higanas.com,https,Shopify,No,DHH d.o.o,,,,Sì,No
Luxury Life Sardinia - Yacht Rent at Santa Margherita di Pula,Noleggio barche,https://luxurylifesardinya.com,348 383 5566,località Cala Verde,Santa Margherita di Pula,,info@luxurylifesardinya.com,https,Shopify,Sì,Keliweb S.R.L,,,,Sì,No
Gurges Rent a Boat,Noleggio barche,http://gurges.hr,+385 99 775 2555,Bunarina,Pula,,info@gurges.hr,https,WordPress,No,Plus Hosting Grupa d.o.o.,,,,Sì,No
Ultra Sailing Croatia - Yacht rental Pomer,Noleggio barche,https://www.ultra-sailing.hr,+385 21 398 578,Pomer 26a,Pula,,booking@ultra-sailing.hr,https,React,Sì,Plus Hosting Grupa d.o.o.,,,,Sì,No
Sardinian Waves,Noleggio barche,,379 251 6124,"Barcellona, Via Giuseppe Garibaldi",Alghero,,,,,,,,,,,
Arbatax Charter,Noleggio barche,http://www.arbataxcharter.it,333 408 1815,Porto di Arbatax,Tortolì,,arbataxcharter@gmail.com,https,WordPress,No,Aruba S.p.A.,,,,Sì,No
Arbatax Crociere,Noleggio barche,,340 105 5735,Via Lungomare,Arbatax,,,,,,,,,,,
Emerald Escursioni,Noleggio barche,,329 188 0646,"Piazzale Porto Turistico, Via Dante, 1",Santa Teresa Gallura,,,,,,,,,,,
Star Charter S.r.l.,Noleggio barche,http://www.starcharter.it,340 119 3254,"loc.L'isolotto, C/o Direzione portuale Marina di Stintino, Via Cala Sant'Andrea",Stintino,,,https,WordPress,No,Hetzner Online GmbH,,,,Sì,No
Easea Boat - Noleggio gommoni,Noleggio barche,http://www.easea-boat.com,333 369 5141,Località Cugnana Verde,Cugnana Verde,,easeaboat@gmail.com,https,React,No,Amazon Technologies Inc.,,,,Sì,No
Sol rent boat,Noleggio barche,,351 740 6077,Località Cugnana Verde,Cugnana Verde,,,,,,,,,,,
Marina di Nodu Pianu,Noleggio barche,https://www.marinadinodupianu.com,328 267 7287,"Via Decandia, G. M., 4",Telti,,info@marinadinodupianu.it,https,WordPress,Sì,Aruba S.p.A.,,,,Sì,No
Noleggio moto d'acqua Stintino - Wave Rent,Noleggio barche,http://www.waverentstintino.com,351 717 2514,"Via Cala di Vacca, 1",Stintino,,,https,React,No,"Amazon.com, Inc.",,,,Sì,No
