Nome Attività,Categoria,Sito Web,Telefono,Indirizzo,Comune,Provincia,Email,Protocollo,Tecnologia,Cookie Banner,Hosting Provider,Mobile Performance,Desktop Performance,Punteggio SEO,Disponibilità Sito,Stato Manutenzione
Noleggio Barche e Gommoni Cecina MARINAS FULL SERVICES,Noleggio barche,,346 288 9910,Via Volterra • Porto di Cecina,Cecina,,,,,,,,,,,
Noleggio Barca a vela in Toscana - One off yachts,Noleggio barche,https://www.casuarinacrow.it,345 695 7540,"Marina Cala De' Medici, Via Agostino Straulino, 1",Rosignano Solvay,,casuarinacrow@gmail.com,https,WordPress,Sì,Aruba S.p.A. Network,75,98,100.00,Sì,No
Noleggio Di là dal ponte,Noleggio barche,https://diladalponte.com,366 908 9023,"Fiume Bruna sponda di ponente, Via di Ponente",Castiglione della Pescaia,,noleggio@diladalponte.com,https,WordPress,No,OVH ISP,76,97,92.00,Sì,No
SailorTex Noleggio Imbarcazioni a vela,Noleggio barche,http://www.sailortex.it,347 558 8343,"Via Agostino Straulino, 1",Rosignano Marittimo,,info@sailortex.it,https,WordPress,No,Aruba S.p.A,64,90,85.00,Sì,No
Centro Nautico Italiano,Noleggio barche,,055 553 0126,"Via Fra' Bartolomeo, 39",Firenze,,,,,,,,,,,
Outcage Sailing Yacht,Noleggio barche,http://www.outcageviaggi.com,06 5654 9685,"Piazza Vittorio Veneto, 4",Firenze,,info@outcageviaggi.com,https,WordPress,Sì,Google LLC,61,86,92.00,Sì,No
Toscanavela di DeMartino Vincenzo,Noleggio barche,,334 744 7669,"San Cristoforo mandri, 35",Reggello,,,,,,,,,,,
Sole & Mare - Yacht Charter Broker,Noleggio barche,http://www.soleemarecharter.com,347 574 3018,"Viale Montegrappa, 65",Prato,,info@soleemare.eu,https,React,No,Aruba S.p.A. Network,61,50,85.00,Sì,No
"Noleggio gommoni Baratti, Rent Boat Baratti",Noleggio barche,http://www.ilportodibaratti.it,329 131 7610,Località Baratti,Piombino,,ormeggiobaratti@gmail.com,https,WordPress,Sì,Google LLC,60,84,100.00,Sì,No
Rigel Vela Charter di Grossi Nadia,Noleggio barche,http://www.rigelvela.it,335 750 5406,"Via M. Moschi, 15",Lastra a Signa,,info@rigelvela.it,https,Angular,No,Aruba S.p.A. Network,43,42,100.00,Sì,No
Royal Rent Boat Versilia,Noleggio barche,https://www.royalrentboatversilia.com,328 066 9784,"Viale IV Novembre, 24",Montignoso,,,https,WordPress,No,Aruba S.p.A.,62,77,85.00,Sì,No
"Sulle Vie Degli Etruschi - Rent Boat, Noleggio Barche e Gommoni a Baratti",Noleggio barche,https://sulleviedeglietruschi.it,335 708 7858,"Località Baratti, 41",Piombino,,info@sulleviedeglietruschi.it,https,WordPress,Sì,Google LLC,56,71,92.00,Sì,No
SetteMari Boat Rental - Noleggio Barche,Noleggio barche,http://settemari.info,349 623 5238,Via Orsa Maggiore,Castiglione della Pescaia,,settemariboating@gmail.com,https,React,Sì,wix com inc,67,92,100.00,Sì,No
Noleggio Barche Tarolli a Molina,Noleggio barche,,348 565 3593,"Via al Lago, 8 vicino al Museo delle Palafitte 38067",Molina di Ledro,,,,,,,,,,,
Charter Mediterraneo Yacht,Noleggio barche,,371 424 5101,"Via Castruccio Buonamici, 225",Lucca,,,,,,,,,,,
Tour del golfo Rio 1300 Yacht,Noleggio barche,,335 681 5358,"Via Falaschi, 7/a",Ameglia,,,,,,,,,,,
T & T Group - Noleggio Barche a Milazzo,Noleggio barche,http://www.noleggiobarchemilazzo.it,351 607 4228,"LUNGOMARE GARIBALDI, C.DA VACCARELLA, 1",Milazzo,,info@noleggiobarchemilazzo.it,https,React,Sì,Google LLC,69,89,100.00,Sì,No
B.s.travel Italia Di Innocenti Giovanni - Noleggio con equipaggio Caraibi e Mediterraneo,Noleggio barche,http://www.bsyachting.it,335 424 610,"Via Brunetto Latini, 6971",Firenze,,,http,ASP.NET,No,Aruba S.p.A. Network,100,100,73.00,Sì,No
Barche e gommoni Talamone Boats Service - TBS,Noleggio barche,https://www.bluenavy.it/noleggio,376 123 7923,"Via della Marina, 23",Orbetello,,,https,React,No,Genesys Informatica S.r.l,36,41,85.00,Sì,No
See The Sea - Boat Rental,Noleggio barche,,339 392 9348,"Via C. A. Fabbricotti, 24",Bocca di Magra,,,,,,,,,,,
Noleggio Barche Livorno,Noleggio barche,,333 353 0459,"Scali Finocchietti, 5",Livorno,,,,,,,,,,,
Boat Rental & Watersports - Noleggio barche e gommoni Isola d'Elba MAREVENTI,Noleggio barche,http://www.biodolaboatrental.com,347 563 7833,spiaggia della Biodola,Portoferraio,,,http,Basekit,No,Aruba S.p.A.,51,67,100.00,Sì,No
Noloalmolo Noleggio Barche&Gommoni,Noleggio barche,https://www.noloalmolo.com,392 779 1465,"Presso Officina Nautica Pani, Scali Manzoni, 10",Livorno,,,https,React,No,Google LLC,65,96,100.00,Sì,No
Azzurro Boat Rent Bocca Di Magra - Forte dei Marmi Boat Rent - Rubber Boat Rent & Charter,Noleggio barche,,344 778 3698,"Via C. A. Fabbricotti, 72",Bocca di Magra-la Ferrara,,,,,,,,,,,
David's Boat San Foca,Noleggio barche,https://davidsboat.it,333 442 2229,Via Lungomare Matteotti,San Foca,,info@davidsboat.it,https,WordPress,No,Servereasy Srl,56,64,85.00,Sì,No
Tri Star Yachts - Service Division S.R.L.,Noleggio barche,http://www.tristaryachts.com,0584 425557,"Via del Porto, 8",Viareggio,,,http,WordPress,No,Aruba S.p.A. Network,55,74,85.00,Sì,No
Nauticar Srl - Versilia Rent,Noleggio barche,https://versiliarent.it,392 616 4718,"Viale Cristoforo Colombo, 2",Carrara,,,https,React,No,Hetzner Online GmbH,35,0,100.00,Sì,No
NOLEGGIO GOMMONI CECINA,Noleggio barche,https://www.noleggiogommonicecina.it,347 639 8190,LOC PORTO DI,Cecina,,,https,WordPress,No,HOSTINGER DE,56,72,77.00,Sì,No
Verdeblu Boat Rental,Noleggio barche,https://www.verdebluboatrental.it,340 159 3842,"Via Gardesana, 205",Malcesine,,info@verdebluboatrental.it,https,Shopify,Sì,Genesys Informatica S.r.l.,41,0,83.00,Sì,No
Passignano Rent Boat,Noleggio barche,http://www.passignanorentboat.com,338 402 5250,Pontile Vecchio,Passignano sul Trasimeno,,,https,WordPress,No,Aruba S.p.A.,63,78,85.00,Sì,No
Noleggio Barche e Gommoni Vallugola By Blu Nautica Service,Noleggio barche,https://www.blunauticaservice.it,376 121 0033,"Str. della Vallugola, 1",Pesaro,,,https,WordPress,No,"Cloudflare, Inc.",56,75,92.00,Sì,No
Seven Charter srl,Noleggio barche,http://www.sevencharter.it,353 421 6049,"Via Vittorio Veneto, 12/a",Terranuova Bracciolini,,info@sevencharter.it,https,WordPress,No,Serverplan S.r.l.,31,65,85.00,Sì,No
Relaxing Boat ~ Noleggio barche Isola del Giglio ️ ️,Noleggio barche,https://www.relaxingboat.it,340 392 5109,Via Thaon de Revel,Giglio Porto,,,https,Joomla,No,HOST-VDC,61,81,100.00,Sì,No
Pershing Shamu,Noleggio barche,https://www.pershingshamu.com,347 346 6205,"Via Guido D'Arezzo, 1/a",Olbia,,info@pershingshamu.com,https,React,No,Aruba S.p.A. Network,67,88,100.00,Sì,No
Porto del Sole,Noleggio barche,http://www.portodelsole.it,333 413 6820,Darsena Porto Del Dole,Tuoro sul Trasimeno,,,https,WordPress,No,Aruba S.p.A.,57,67,77.00,Sì,No
Martini Nautica - Noleggio gommoni,Noleggio barche,,393 859 0740,Strada Provinciale della Giannella,Giannella,,,,,,,,,,,
Noleggio gommoni La Grotta del Turco,Noleggio barche,http://www.lagrottadelturco.it,338 414 7556,"Piazza Vittorio Emanuele, II",Porto Santo Stefano,,gabriellibadia.92@gmail.com,https,Joomla,No,Aruba S.p.A.,48,54,92.00,Sì,No
SeaLife | Noleggio Gommoni e Barche Follonica Punta Ala Castiglione Della Pescaia,Noleggio barche,http://www.sealifenoleggio.it,392 305 3149,Loc. Casetta Civinini,Punta Ala,,,https,React,Sì,Aruba S.p.A. Network,54,70,100.00,Sì,No
CWS NOLEGGIO BARCHE E GOMMONI,Noleggio barche,http://www.castiglionewatersports.it,351 525 4300,Via Orsa Maggiore,Castiglione della Pescaia,,,http,React,No,Servereasy Srl,60,86,100.00,Sì,No
L'Approdo Boat Services,Noleggio barche,https://www.approdoportoercole.it,339 217 7021,"Molo sanità, Lungomare Andrea Doria",Porto Ercole,,,https,WordPress,Sì,Aruba S.p.A.,63,72,100.00,Sì,No
Noleggio Gommoni Sabatini Roberto,Noleggio barche,http://www.portoercole.org/webs/accoglienza/Nautica.htm,366 102 5360,"Lungomare Andrea Doria, 95",Porto Ercole,,,https,React,No,Aruba S.p.A. Network,84,100,73.00,Sì,No
Idroboat Porto Ercole - Noleggio gommoni,Noleggio barche,https://www.idroboat.com,334 219 0218,"Molo distributore IP, Lungomare Andrea Doria",Porto Ercole,,,https,React,No,Aruba S.p.A.,57,55,100.00,Sì,No
Mare e Vento,Noleggio barche,http://www.mareevento.com,333 580 1356,Porto Turistico n° 12,Marina di Grosseto,,,https,WordPress,Sì,Aruba S.p.A. Network,44,85,92.00,Sì,No
MITAU NOLEGGIO GOMMONI,Noleggio barche,,331 677 9553,"Piazzale dei Rioni, 20",Porto Santo Stefano,,,,,,,,,,,
Le Schegge del Mare,Noleggio barche,http://www.noleggiolescheggedelmare.it,334 240 4840,"Piazza Vittorio Emanuele, II",Porto Santo Stefano,,info@noleggiolescheggedelmare.it,https,Shopify,Sì,Aruba S.p.A. Network,55,84,100.00,Sì,No
MY Broker&Charter I Luxury Yacht Charter and Sale,Noleggio barche,https://www.my-bec.com,335 540 8943,"Cala Galera, 36",Porto Ercole,,info@my-bec.com,https,React,Sì,IT.Gate S.p.A.,65,78,100.00,Sì,No
Pak Noleggio Barche e Gommoni Isola del Giglio,Noleggio barche,https://www.pakboats.it,338 374 3771,"Via Umberto I, 21",Porto,,,https,WordPress,Sì,"Cloudflare London, LLC",53,61,100.00,Sì,No
Darsena Garbini | Noleggio e Rimessaggio,Noleggio barche,http://www.darsenagarbini.it,393 890 5641,"Via Alta, 21",Ameglia,,info@darsenagarbini.it,https,Shopify,Sì,Google LLC,61,81,100.00,Sì,No
Noleggio Barche La Spezia,Noleggio barche,,348 287 5174,"Via Alta, 5",Ameglia,,,,,,,,,,,
Sea Rent Experience,Noleggio barche,http://www.searent.it,392 333 1208,"Via Poggio Scafa, 16",Ameglia,,info@searent.it,https,WordPress,Sì,Aruba S.p.A. Network,56,71,69.00,Sì,No
Angimar Noleggio Gommoni,Noleggio barche,,376 216 3109,Contrada Birgi,Marsala,,,,,,,,,,,
GE.MI. Nautica S.r.l. - Gemi Rent,Noleggio barche,https://www.gemirent.it,345 010 5042,"Via C. A. Fabbricotti, 29",Bocca di Magra,,info@gemirent.it,https,Angular,No,Aruba S.p.A.,45,59,100.00,Sì,No
Nolomar,Noleggio barche,http://www.nolomar.net,329 731 7543,"Via Poggio Scafa, 16B",Ameglia,,nolo@nolomar.net,https,Angular,No,Aruba S.p.A.,61,93,82.00,Sì,No
Sea Pearl Rental,Noleggio barche,,327 151 5396,"Via Litoranea, 14",Fiumaretta di Ameglia,,,,,,,,,,,
Fiumaretta Noleggio Gommoni e Barcone per Puntacorvo,Noleggio barche,http://www.servizipuntacorvo.it,380 866 3934,"Via del Pilota, 33",Fiumaretta di Ameglia,,brochetellie@gmail.com,https,React,No,Wildcard Service Srl,71,92,92.00,Sì,No
DB Management - Boat rental,Noleggio barche,https://www.clickandboat.com/it/noleggio-barche/la-spezia/barca-a-motore/bma-x222-868r1jv,334 956 3060,Viale Giovanni Amendola,La Spezia,,166df738338a4bcfc7181e61b5832c25@o417216.ingest.sentry.io,https,Angular,No,"Amazon.com, Inc.",45,63,92.00,Sì,No
Marina 77,Noleggio barche,http://www.marina77.com,333 325 3871,"Località, Via Falaschi",Ameglia,,,https,React,Sì,Aruba S.p.A. Network,63,85,92.00,Sì,No
Capitan Gianca,Noleggio barche,,377 689 5263,"Via Alta, n.9",Ameglia,,,,,,,,,,,
Sole&Mare Catamarans,Noleggio barche,http://www.catamaransforcharter.com,348 903 2371,"Viale Montegrappa, 65",Prato,,info@catamaransforcharter.com,https,WordPress,Sì,genesys informatica srl,54,71,100.00,Sì,No
Paradise Boats Lerici Boat Rent - Noleggio Barche e Gommoni - Charter Nautico,Noleggio barche,https://www.paradiseboats.it,338 343 8677,Piazza Brusacá,Lerici,,,https,WordPress,No,Aruba S.p.A.,84,92,92.00,Sì,No
Spartivento Charter Cala de' Medici - Noleggio Barche a Vela e Catamarani,Noleggio barche,http://www.spartivento.it,06 4006 0490,"Via Agostino Straulino, 1",Rosignano Marittimo,,info@spartivento.it,https,WordPress,No,"Cloudflare, Inc.",55,61,100.00,Sì,No
Rent Boat Elba,Noleggio barche,http://www.rentboatelba.it,327 446 2267,Lungomare S. Giovanni,San Giovanni,,info@rentboatelba.it,https,Joomla,No,Google LLC,51,75,92.00,Sì,No
Margidore Yacht Club,Noleggio barche,http://www.margidoreyachtclub.com,327 900 3272,"Via del Capo, Marinaio",Lacona,,margidoreyachtclub@gmail.com,https,WordPress,No,Armada WAN,70,95,92.00,Sì,No
Bolsena Rent Boats La Bussola noleggio barche spiaggia attrezzata,Noleggio barche,http://bolsenarentboats.com,328 905 5907,"Viale Regina Margherita, 56",Capodimonte,,,https,WordPress,No,"Akamai Technologies, Inc.",54,51,83.00,Sì,No
Rent a Boat - by Susy,Noleggio barche,http://www.rentaboatbysusy.it,380 154 5876,Lungomare Regina Margherita,Giardini Naxos,,macnaxos@aol.com,https,WordPress,Sì,Server Plan S.r.l.,75,87,92.00,Sì,No
Now Charter,Noleggio barche,http://www.nowcharter.com,0565 45784,"Via Salivoli, 29E",Piombino,,info@nowcharter.com,https,WordPress,No,Aruba S.p.A.,47,72,92.00,Sì,No
Rent Navigare,Noleggio barche,,389 118 7518,Loc La Foce,Marina di Campo,,,,,,,,,,,
"Molo77 - Noleggio Gommoni, Kayak e Sup",Noleggio barche,https://www.molo77.it,366 485 6668,Piazzetta del Porticciolo,Piombino,,info@molo77.it,https,WordPress,Sì,GENESYS,43,72,92.00,Sì,No
C.C.GROUP SRL | Noleggio Barche Gommoni,Noleggio barche,,335 562 3537,Pizza Fratelli Serini 16,San Vincenzo,,,,,,,,,,,
Pianeta Mare Charter,Noleggio barche,http://www.pianetamarecharter.com,379 299 6765,Porto Turistico località Marina di Salivoli 2B,Piombino,,info@pianetamarecharter.com,https,Shopify,Sì,Aruba S.p.A. Network,40,72,100.00,Sì,No
Nautica Azzurra noleggio barche,Noleggio barche,,347 590 4419,Via della Torre,Isola del Giglio,,,,,,,,,,,
Noleggio Barche Cavaiano Rent,Noleggio barche,,327 264 4361,Strada Capodimonte Gradoli 11,Capodimonte,,,,,,,,,,,
NOLEGGIO BARCHE BALLERANO,Noleggio barche,http://www.noleggiogommoniballerano.it,328 152 2492,Piazzale dei Rioni,Porto Santo Stefano,,lauramadioni@gmail.com,https,WordPress,Sì,Aruba S.p.A.,59,90,100.00,Sì,No
Noleggio e Vendita barche Lago di Bolsena,Noleggio barche,http://bolsenabarche.wordpress.com,329 459 0598,"Via Piansano, 7",Capodimonte,,,https,WordPress,No,"Automattic, Inc",81,86,100.00,Sì,No
Ancora Giglio-noleggio barche- scooter - taxi barca -tour (isola del giglio),Noleggio barche,http://www.ancoragiglio.it,333 984 6129,"Via Umberto I, 40",Giglio Porto,,,https,React,Sì,SEEWEB s.r.l.,52,69,92.00,Sì,No
Riviera di Levante boat rental,Noleggio barche,https://www.rivieradilevanteboatrental.com,375 713 7995,"Porto Mirabello, SNC",La Spezia,,rivieradilevante.boatrental@gmail.com,https,React,No,Google LLC,71,92,100.00,Sì,No
Sagi Charter - Noleggio barca a vela La Spezia,Noleggio barche,http://www.sagicharter.it,351 921 8913,Passeggiata Costantino Morin,La Spezia,,,https,WordPress,Sì,Aruba S.p.A.,65,91,100.00,Sì,No
Velamica - Noleggio Barche a Vela e a Motore La Spezia Liguria,Noleggio barche,https://www.velamica.eu,348 581 9582,Viale Giovanni Amendola,Porto Mirabello,,info@velamica.eu,https,Drupal,No,Aruba S.p.A.,63,73,92.00,Sì,No
Versilia Boat Services,Noleggio barche,,328 057 9847,"Via Virgilio, 170",Viareggio,,,,,,,,,,,
Toscanacharter,Noleggio barche,http://www.toscanacharter.it,348 866 0057,"Via del Porticciolo, 1",Cecina,,info@toscanacharter.it,https,Shopify,Sì,Hetzner Online GmbH,54,87,92.00,Sì,No
Royal Extreme Fun Rental,Noleggio barche,,338 266 6074,"Viale IV Novembre, 24",Cinquale,,,,,,,,,,,
Marina di Principe Yacht Rental,Noleggio barche,,334 705 7590,"Viale Ammiraglio Morin, 67",Forte dei Marmi,,,,,,,,,,,
Versilia Rent,Noleggio barche,https://www.versiliarent.it,393 997 1531,"Viale IV Novembre, 4, Viale Cristoforo Colombo, 2",Capanne-Prato-Cinquale,,,https,Joomla,No,Hetzner Online GmbH,41,26,100.00,Sì,No
B.r.s. Nautica,Noleggio barche,http://www.brsnautica.it,348 807 9731,"S.S Cassia, km 111.950",Bolsena,,,https,Joomla,No,Aruba S.p.A.,59,89,92.00,Sì,No
Blu Nautica Service Srl,Noleggio barche,https://www.blunauticaservice.it,348 293 1903,"Via Emilia Romagna, 269/AB",Cattolica,,,https,Joomla,No,"Cloudflare, Inc.",64,91,92.00,Sì,No
Bagno 49 - Riccione Gommoni,Noleggio barche,http://www.riccionegommoni.it,339 395 7099,Piazzale Marinai d'Italia,Riccione,,riccionegommoni@gmail.com,https,WordPress,Sì,Aruba S.p.A.,48,53,92.00,Sì,No
Nautica Boat Service by Campello Marine Rent,Noleggio barche,https://rent.campellomarine.it/cattolica,331 732 2019,Piazza del Tramonto,Cattolica,,cmrent.cattolica@gmail.com,https,React,Sì,OVH ISP,49,84,85.00,Sì,No
Sea Side Charter - Noleggio barche Rimini / Riccione / Vallugola,Noleggio barche,https://www.seasidecharter.it,371 572 9326,"Viale Ortigara, 80",Rimini,,,https,React,No,Google LLC,75,95,100.00,Sì,No
Noleggio barca a vela Toscana,Noleggio barche,https://www.veladreamcharter.com/toscana-barca-a-vela,348 472 7220,"Via de Larderel, 8",Livorno,,info@veladreamcharter.com,https,React,Sì,Hetzner Online GmbH,62,79,92.00,Sì,No
Sea Friends,Noleggio barche,http://seafriends.info,376 046 9732,"Via Lungo Tavollo, 42",Cattolica,,,https,WordPress,No,wix com inc,59,93,100.00,Sì,No
Lupo di Mare Noleggio ed Escursioni in Barca Castro Marina Salento,Noleggio barche,http://www.lupodimarenoleggio.it,388 791 7909,"Porto Vecchio, Castro",Castro Marina,,,https,Joomla,Sì,Serverplan S.r.l.,48,59,100.00,Sì,No
Onda Blu Srl,Noleggio barche,https://www.ondablusrl.net,0836 943516,Via Scalo delle Barche,Castro,,ondablusrl@arubapec.it,https,WordPress,No,Aruba S.p.A. Network,71,76,85.00,Sì,No
Centro Nautico Lario di Turati & C. S.a.s,Noleggio barche,http://www.rentaboatturati.com,031 821268,"Via Spluga, 42",Argegno,,info.centronauticolario@gmail.com,https,ASP.NET,Sì,Aruba S.p.A.,21,41,92.00,Sì,No
Nautica Bertelli,Noleggio barche,https://www.nauticabertelli.it,035 911302,"Via Mazzini, 3b",Paratico,,info@nauticabertelli.it,https,React,No,Aruba S.p.A,67,99,100.00,Sì,No
Noleggio gommoni La Maddalena Antares Rentals,Noleggio barche,https://www.antaresrentals.com,347 153 0849,"Via Benvenuto Cellini, Località Marina del Ponte",La Maddalena,,info@antaresrentals.com,https,React,No,SEEWEB s.r.l.,56,84,100.00,Sì,No
Anmar Noleggio,Noleggio barche,http://www.anmar.it,377 302 2139,Via Pomaro,Rapallo,,,https,Joomla,No,"Cloudflare, Inc.",64,96,92.00,Sì,No
Global Nautic,Noleggio barche,https://globalnautic.it,035 938112,"Via Sarnico, 9",Predore,,info.globalnautic@gmail.com,https,WordPress,Sì,Server Plan S.r.l.,71,93,85.00,Sì,No
Motonautica San Giulio il Bassotto,Noleggio barche,https://www.msg-bassotto.it,0322 969197,"Via M. Buonarroti, 14",Pella,,info@msg-bassotto.it,https,WordPress,No,Server Plan S.r.l.,65,88,85.00,Sì,No
Iseo Boat Rent,Noleggio barche,https://iseoboatrent.com,327 248 9089,"Via per Rovato, 28",Iseo,,iseorentboat@gmail.com,https,WordPress,No,"Automattic, Inc",56,50,75.00,Sì,No
Noleggio Gommoni Santa Maria Navarrese NAUTICA s.a.s.,Noleggio barche,https://www.nauticaseaservice.it,0782 615522,Porto Turistico di,Santa Maria Navarrese,,holiday@nauticaseaservice.it,https,React,Sì,Aruba S.p.A.,60,83,92.00,Sì,No
VAGA SRL,Noleggio barche,,392 711 9437,"Via de Barberi, 108",Grosseto,,,,,,,,,,,
Cala Elte Srl,Noleggio barche,http://www.calaelte.it,377 093 6139,"Lungomare Dante Alighieri, 1BIS",Moneglia,,info@calaelte.it,https,WordPress,No,Aruba S.p.A.,19,32,92.00,Sì,No
Vuoi Fare Vela?,Noleggio barche,http://www.vuoifarevela.com,340 712 4438,Porto Turistico,Marina di Grosseto,,info@vuoifarevela.com,https,Shopify,No,Freethought Internet Limited,61,68,92.00,Sì,No
Piccola Nautica,Noleggio barche,https://www.piccolanautica.it,338 300 3529,"Via Doppia Croce, 54",Marina di Leuca,,,https,Shopify,No,"Cloudflare, Inc.",37,55,92.00,Sì,No
Cantieri Sant'Orsola di Angiolini Giovanna sas,Noleggio barche,http://www.cantierisantorsola.it,0185 55613,"Via degli Aranci, 1",Rapallo,,,https,React,No,"Cloudflare, Inc.",67,93,100.00,Sì,No
Boat Rental Santa Maria Navarrese Nolo Goloritzè,Noleggio barche,https://www.nologoloritze.com,331 806 5019,Porto di,Santa Maria Navarrese,,,https,Wix,No,Google LLC,72,85,92.00,Sì,No
Noleggio Barche Punta Ala Veryboat,Noleggio barche,http://veryboat.it,335 483 097,"Il porto di Punta Ala Pontile, nr 5",Castiglione della Pescaia,,veryboat@libero.it,https,WordPress,Sì,Signet B.V.,55,79,100.00,Sì,No
Paradise Boats Club • Lerici Boat Rent • Noleggio Barche a Lerici,Noleggio barche,,349 101 8578,Piazza Brusacá,Lerici,,,,,,,,,,,
Spazio Mare,Noleggio barche,http://www.spaziomare.it,0565 95112,"Via V.Veneto, Spiaggia La Rossa",Porto Azzurro,,info@spaziomare.it,https,React,No,OVH SAS,57,82,77.00,Sì,No
F&F Charter Lerici boat rent - noleggio barche lerici,Noleggio barche,https://www.ffgommonilaspezia.it,342 190 9043,Via Giuseppe Mazzini,Lerici,,info@ffgommonilaspezia.it,https,WordPress,No,SEEWEB s.r.l.,56,82,85.00,Sì,No
Good Boys Lerici Boat Rent - Noleggio Gommoni Lerici,Noleggio barche,https://www.goodboys-lericiboatrent.com,379 145 4308,"Via S. Biaggini, 33",Lerici,,info@goodboys-lericiboatrent.com,https,Shopify,Sì,Hetzner Online GmbH,56,96,100.00,Sì,No
Antonini Charter,Noleggio barche,https://www.antoninicharter.it,346 624 6996,Località Pertusola - Frazione Muggiano,Lerici,,,https,React,No,Google LLC,63,92,92.00,Sì,No
La Bottega del Mare,Noleggio barche,https://www.labottegadelmare.com,339 158 3976,"Via Vittorio Emanuele II, 162",San Vincenzo,,info@labottegadelmare.com,https,Shopify,Sì,genesys informatica srl,57,94,83.00,Sì,No
Time Charter Srl,Noleggio barche,,0565 45764,"Via Salivoli, 35A",Piombino,,,,,,,,,,,
Dufi Sail Charter,Noleggio barche,https://www.dufisailcharter.com,0565 179 1544,"Via Vittorio Emanuele II, 151",San Vincenzo,,info@dufisailcharter.com,http,React,Sì,Server Plan S.r.l.,45,48,46.00,Sì,No
Sud Ovest Srl,Noleggio barche,http://www.sudovest.com,335 526 6310,Via Vittorio Emanuele II,San Vincenzo,,,https,Joomla,Sì,"Cloudflare, Inc.",76,96,100.00,Sì,No
SparaPesca,Noleggio barche,https://sparapesca.com,393 114 3367,"Via Vittorio Emanuele II, 77",San Vincenzo,,matteo.sparapani@gmail.com,https,WordPress,Sì,OVH ISP,70,79,100.00,Sì,No
Noleggio Tolù,Noleggio barche,http://www.noleggiotoluargentario.it,380 187 3371,"Via Scalo Colombo, 24",Porto Santo Stefano,,info@noleggiotoluargentario.it,https,Shopify,No,Aruba S.p.A.,33,65,91.00,Sì,No
Sestante Charter,Noleggio barche,https://sestantecharter.it,320 703 6490,Molo F.lli Magnani,San Vincenzo,,,https,React,No,IT.Gate S.p.A.,52,60,100.00,Sì,No
Noleggio Imbarcazioni Franco Scotto,Noleggio barche,http://www.noleggiofrancoscotto.it,339 330 1739,"Ip, molo, Lungomare Andrea Doria",Monte Argentario,,noleggio.scotto@tiscali.it,https,WordPress,Sì,Netsons s.r.l.,60,93,85.00,Sì,No
Medboat Sharing Argentario,Noleggio barche,https://www.medboatsharing.com,371 477 7974,Località Poggio Pertuso,Poggio Pertuso,,info@medboatsharing.com,https,React,No,Serverplan s.r.l.,61,72,100.00,Sì,No
Blue Vibes,Noleggio barche,https://www.blue-vibes.it,331 125 5045,Porto di Cala Galera (posto M1,Porto Ercole,,info@blue-vibes.it,https,WordPress,No,Aruba S.p.A.,70,88,100.00,Sì,No
Elettromotoristica Santa Liberata,Noleggio barche,http://www.elettromotoristicasantaliberata.com,0564 813166,SP161,Orbetello,,,,WordPress,No,"Cloudflare, Inc.",56,68,92.00,Sì,No
boa rent elba srls,Noleggio barche,https://www.boarentelba.it,338 675 4689,porto di,Marina di Campo,,,https,WordPress,No,Google LLC,42,57,92.00,Sì,No
Marea Rent Di Calisi Giuseppe,Noleggio barche,,329 674 4796,Loc la Foce,Campo nell'Elba,,,,,,,,,,,
Sailing My Way,Noleggio barche,,333 657 0461,Golfo di procchio,Marciana,,,,,,,,,,,
Taxiboatelba,Noleggio barche,http://www.taxiboatelba.it,350 986 8422,"Lungomare Generale Fabio Mibelli, 51-29",Marina di Campo,,taxiboatelba@gmail.com,https,Shopify,Sì,Hetzner Online GmbH,59,51,83.00,Sì,No
Rent Malua,Noleggio barche,http://www.rentmalua.it,371 375 0504,Spiaggia Centrale isola d' Elba,Procchio,,,https,WordPress,Sì,Server Plan S.r.l.,67,80,100.00,Sì,No
Buechi Yachting,Noleggio barche,http://www.buechi-yachting.com,0565 914198,"Via della Ferriera, 29-31",Portoferraio,,buechi@elbapec.com,https,WordPress,Sì,Combell NV,68,80,92.00,Sì,No
Il Pentagono Boat Rent - Noleggio Barche - Peschiera del Garda,Noleggio barche,http://www.pentagonorent.com,340 905 8331,"Riviera Carducci, 1",Porto Centrale,,,https,WordPress,No,Google LLC,63,95,77.00,Sì,No
Punto Nautica Srls,Noleggio barche,https://www.seaelba.com,331 564 5990,Via Pian di Mezzo,Marina di Campo,,,,Shopify,No,WHG Hosting Services Ltd,74,84,100.00,Sì,No
Dolphin Boat,Noleggio barche,http://www.noleggiobarchedesenzano.com,347 054 3154,"Via Porto Vecchio, 4",Desenzano del Garda,,info@noleggiobarchedesenzano.com,https,WordPress,No,Google LLC,63,71,92.00,Sì,No
noleggia un gommone,Noleggio barche,,339 330 1346,"Lungomare Cristoforo Colombo, 1",Rosignano Solvay-Castiglioncello,,,,,,,,,,,
CVMC RENT - Circolo Velico Massa Carrara A.S.D.,Noleggio barche,,392 040 5060,"Viale Cristoforo Colombo, 2",Marina di Carrara,,,,,,,,,,,
Max charter Srls,Noleggio barche,,393 279 5166,"Via XX Settembre, 177/F2",Carrara,,,,,,,,,,,
Blitz Rent Srl,Noleggio barche,http://www.blitzrent.it,331 396 3932,Via C. A. Fabbricotti,Bocca di Magra,,,https,WordPress,No,Google LLC,66,82,100.00,Sì,No
Avelecazzate Noleggio Barche Scuola di Vela,Noleggio barche,http://avelecazzate.com,335 466 444,"Via Pighini, 22",Imola,,info@avelecazzate.com,https,Shopify,No,Aruba S.p.A.,54,62,73.00,Sì,No
noleggio imbarcazioni Trillocco,Noleggio barche,https://www.noleggiotrillocco.it,339 730 3588,"Lungomare Andrea Doria, snc",Porto Ercole,,info@noleggiotrillocco.it,https,React,Sì,Google LLC,70,92,100.00,Sì,No
InBarca Livorno,Noleggio barche,,342 037 8774,Scali Finocchietti,Livorno,,,,,,,,,,,
Ergicharter,Noleggio barche,,333 462 3530,"Via Mogadiscio, 5",Rosignano Marittimo,,,,,,,,,,,
Isla Negra barca - Porto Ercole,Noleggio barche,http://www.islanegra.it,330 268 400,Lungomare Andrea Doria,Porto Ercole,,islanegra@islanegra.it,https,React,Sì,Aruba S.p.A. Network,37,65,92.00,Sì,No
Kaimar Marine Srl,Noleggio barche,https://www.kaimar.it,333 547 1803,Via S. Liberata,Porto Santo Stefano,,cantiere@kaimar.it,https,WordPress,No,Servereasy Srl,70,92,100.00,Sì,No
Noleggio Barche - In Boat Formia,Noleggio barche,,327 743 7633,"Molo Vespucci, Via Amerigo Vespucci",Formia,,,,,,,,,,,
AirOne,Noleggio barche,http://www.aironeboatrental.com,339 803 8346,"Via Marina di Cassano 22, Via Sacello di Miseno, 19",Bacoli,,info@aironeboatrental.com,https,WordPress,No,IT.Gate S.p.A.,71,82,100.00,Sì,No
Nautica Sport di Capogreco Paolo,Noleggio barche,http://www.nauticasport.it,348 818 4905,"Str. Privata Località Pamadonna, Snc",Bovalino,,info@nauticasport.it,https,React,Sì,Aruba S.p.A.,57,78,77.00,Sì,No
Settedecimi - Gite in barca e Noleggio barche,Noleggio barche,https://www.settedecimi.com,376 167 6970,Località Arcomagno,San Nicola Arcella,,settedecimisrl@gmail.com,https,WordPress,Sì,Aruba S.p.A.,63,95,77.00,Sì,No
Noleggio Barche - Nautical Rent,Noleggio barche,,375 848 6661,Contrada S. Litterata,Belvedere Marittimo,,,,,,,,,,,
H2O Bebop - Cirea Andrea,Noleggio barche,,331 442 1777,Molo del Porto,Capraia Isola,,,,,,,,,,,
Noleggio Barche La Pagliola,Noleggio barche,https://www.lapagliolasportenautica.it,351 688 6607,Via Porto Caposele,Formia,,lapagliola@libero.it,https,Shopify,No,Netsons s.r.l.,66,84,92.00,Sì,No
Capone Servizi Marittimi,Noleggio barche,https://www.caponeservizimarittimi.it,089 853895,Lungomare Amendola,Maiori,,,https,WordPress,No,Aruba S.p.A. Network,34,45,77.00,Sì,No
Due Mari Noleggio,Noleggio barche,http://www.duemarinoleggio.it,320 745 5816,via Scalo D'Alaggio zona porto Miggiano,Santa Cesarea Terme,,paianoantonio92@virgilio.it,https,Shopify,No,Netsons s.r.l.,54,66,100.00,Sì,No
Blue Moon Escursioni,Noleggio barche,https://www.bluemoonescursioni.it,392 263 0994,"Via Pompeo Sarnelli, 103",Polignano a Mare,,davide.abbatepaolo@icloud.com,https,React,Sì,Aruba S.p.A.,51,56,100.00,Sì,No
Il Platano,Noleggio barche,http://www.ilplatano.eu,339 278 3550,"Viale Regina Margherita, km 1.7",Capodimonte,,info@ilplatano.eu,https,WordPress,Sì,Aruba S.p.A.,59,86,100.00,Sì,No
Le Boat Casale - Noleggio barche a Venezia e in Friuli,Noleggio barche,https://www.leboat.com/it/vacanze-in-barca/italia/venezia,0422 670677,SP67,Casale sul Sile,,,https,WordPress,No,"Fastly, Inc.",52,48,100.00,Sì,No
Gozzo & Wine,Noleggio barche,,334 596 4540,località valpiana via casello ferrovia 7,Massa Marittima,,,,,,,,,,,
Ala Charter,Noleggio barche,http://www.alacharter.it,0564 921121,S.da Provinciale Punta Ala,Castiglione della Pescaia,,info@alacharter.it,https,WordPress,No,Aruba S.p.A.,56,72,92.00,Sì,No
Ocean Freedom s.r.l.-Luxury yachts & charter,Noleggio barche,https://www.oceanfreedom.eu,333 265 6033,"Via Agostino Straulino, 1",Rosignano Marittimo,,info@oceanfreedom.eu,https,Angular,Sì,Aruba S.p.A.,59,75,100.00,Sì,No
PlainSailing,Noleggio barche,https://plainsailing.com/destinations/italy/tuscany,+44 800 612 8210,"Marina Cala de' Medici, Via Agostino Straulino, 1",Rosignano Marittimo,,info@plainsailing.com,https,React,No,Amazon Technologies Inc.,66,76,100.00,Sì,No
OrzawaySail,Noleggio barche,http://www.orzawaysail.it,329 222 5792,Via Agostino Straulino,Rosignano Solvay-Castiglioncello,,,https,React,Sì,Google LLC,44,88,100.00,Sì,No
TLM Nautica Noleggio Barche,Noleggio barche,http://www.tlmnautica.it,338 543 6118,Calata del Porto,Santa Margherita Ligure,,info@tlmnautica.it,https,Joomla,Sì,Aruba S.p.A.,49,52,92.00,Sì,No
S&T Sea Excursions Division,Noleggio barche,,335 4488 5566,Via C. Colombo,Castiglione della Pescaia,,,,,,,,,,,
Punta Ala Water Sport,Noleggio barche,http://www.puntaala-watersport.it,333 549 1854,Strada Provinciale 61 Punta Ala,Castiglione della Pescaia,,puntaalawatersport@gmail.com,https,React,No,OVH ISP,57,72,85.00,Sì,No
MAScharter Marine&Services,Noleggio barche,https://www.mascharter.com,345 764 0579,"Via Porto Turistico, 46",Chiavari,,info.mascharter@gmail.com,https,WordPress,No,Aruba S.p.A. Network,84,100,100.00,Sì,No
Trasimeno Boats,Noleggio barche,http://www.trasimenoboats.com,335 173 9492,Via Navaccia,Tuoro sul Trasimeno,,info@trasimenoboats.com,https,React,Sì,Aruba S.p.A. Network,50,51,67.00,Sì,No
Mare Blu noleggio barche,Noleggio barche,,345 237 0029,Via della Torre,Giglio Campese,,,,,,,,,,,
"Nautica Lunghi Vezio - Noleggio Gommoni, Rimessaggio, Tubolari",Noleggio barche,https://www.nauticalunghivezio.it/noleggio-gommoni.htm,0564 813685,"Via degli Atleti, 21",Porto Santo Stefano,,veziol@virgilio.it,https,React,Sì,Aruba S.p.A.,60,96,92.00,Sì,No
SailToGo s.r.l. Locazione Barche a Vela,Noleggio barche,http://www.sailtogo.it,0771 24835,Molo Azzurra,Formia,,info@sailtogo.it,https,WordPress,Sì,Google LLC,39,52,100.00,Sì,No
Nautica Sea Blue Noleggio Imbarcazioni,Noleggio barche,,379 270 1520,Porto Torre San Giovanni,Torre San Giovanni,,,,,,,,,,,
Alta Marea noleggio barche senza patente e escursioni,Noleggio barche,,333 571 9400,Porto turistico,San Foca,,,,,,,,,,,
U'Salentu Noleggio Imbarcazioni,Noleggio barche,,339 285 9623,Porto Turistico,Torre San Giovanni,,,,,,,,,,,
BELLAVEGLIA MAURIZIO,Noleggio barche,,335 561 9409,"Via Guglielmi, 52",Isola Maggiore,,,,,,,,,,,
Secret Argentario,Noleggio barche,http://www.secretargentario.it,329 139 9334,Nuovo Molo Garbaldi Secret,Porto Santo Stefano,,info@noleggiosecretargentario.it,http,Squarespace,No,Aruba S.p.A. Network,51,56,92.00,Sì,No
GCD Charter | Noleggio a vela,Noleggio barche,http://www.gcdcharter.it,335 168 4815,Lungomare Giuseppe Garibaldi,Portiglioni,,info@gcdcharter.it,https,ASP.NET,No,HOST-VDC,91,99,75.00,Sì,No
Green Rent di Alunni Paola,Noleggio barche,https://greenrental.it/it,340 767 6978,"Via della Libertà, 26",San Savino,,info@greenrental.it,https,Shopify,Sì,Aruba S.p.A.,51,75,92.00,Sì,No
Cilento Ruben Boats,Noleggio barche,https://cilentorubenboats.it,331 278 3934,Via Porto,Palinuro,,,https,Shopify,Sì,IONOS SE,72,97,75.00,Sì,No
Lupo di mare - Noleggio Barche e Gommoni,Noleggio barche,http://www.barcheponza.com,338 584 9115,"Via Banchina di Fazio, 23",Ponza,,,http,React,No,Aruba S.p.A. Network,56,67,92.00,Sì,No
Centro Nautico Alle Barche,Noleggio barche,http://noleggioallebarche.it,388 824 3129,"Via Lungo Lago, 1",Calceranica al Lago,,,https,Shopify,No,Aruba S.p.A. Network,61,89,91.00,Sì,No
Darsena Riviera di Ponente,Noleggio barche,http://www.darsenaportocesareo.it,368 565 656,Piazzale A. Moro,Porto Cesareo,,darsenarp@gmail.com,http,Joomla,No,Aruba S.p.A.,46,78,92.00,Sì,No
Elba Yacht Assistance,Noleggio barche,,328 115 0541,"Viale Margherita, 4",Marciana Marina,,,,,,,,,,,
Noleggio Da Riccardo,Noleggio barche,,338 420 8467,Lungomare Generale Fabio Mibelli,Marina di Campo,,,,,,,,,,,
Argentario Lovers,Noleggio barche,https://argentariolovers.com,339 832 3013,"Box 23 - Marina di Cala Galera, Via della Marina",Porto Ercole,,,https,WordPress,Sì,Google LLC,61,87,100.00,Sì,No
GIRAGIGLIO • Noleggio Barche e Scooter 🌍 Isola del Giglio,Noleggio barche,http://www.giragiglio.it,393 202 0993,"Via Thaon de Revel, 1",Isola del Giglio,,info@giragiglio.it,https,Shopify,Sì,Aruba S.p.A.,55,73,100.00,Sì,No
Amarmar noleggio barche,Noleggio barche,,349 845 7876,Porto di scario,Scario,,,,,,,,,,,
Noleggio Barche Vervece Charter - Capri Tour,Noleggio barche,https://www.exclusiveboattours.com,081 808 9453,"Via Santa Teresa, 7",Massa Lubrense,,vervececharter@gmail.com,https,Squarespace,No,"Squarespace, Inc.",49,55,92.00,Sì,No
Masticiello,Noleggio barche,http://www.masticiello.com,334 860 0595,P.za Marina del Cantone,Massa Lubrense,,info@masticiello.com,https,React,No,"Amazon.com, Inc.",56,88,100.00,Sì,No
Rent boat bocca di magra,Noleggio barche,http://www.rentboatboccadimagra.it,331 803 9939,"Via C. A. Fabbricotti, 114",Bocca di Magra,,,https,Joomla,No,Keliweb S.R.L,68,75,92.00,Sì,No
Perilmar yacht charter,Noleggio barche,https://perilmaryachtcharter.it,329 231 5640,"SP161, 11",Porto Santo Stefano,,info@perilmaryachtcharter.it,https,ASP.NET,No,Aruba S.p.A.,60,94,100.00,Sì,No
Venice Superior Boat Noleggio Barca - Yacht,Noleggio barche,,333 886 4532,"Vicolo San Rocco, 12",Mira,,,,,,,,,,,
Absolut Yacht,Noleggio barche,https://www.absolutyacht.it,334 589 7171,"Via S. Felice, 2",Chioggia,,help@booterei.de,https,WordPress,No,"Cloudflare, Inc.",65,97,92.00,Sì,No
"noleggio pedalò, canoe e sup da luca",Noleggio barche,,339 194 8700,bagni clodia,Chioggia,,,,,,,,,,,
Noleggio Barche Chioggia di Darsena Santa Maria,Noleggio barche,http://darsenasantamaria.it,389 955 4687,"Via Don Eugenio Bellemo, 130",Chioggia,,,https,Wix,Sì,wix com inc,46,73,100.00,Sì,No
First class boat rental,Noleggio barche,https://firstclassboatrental.com,345 405 5051,"Riviera Bosco Piccolo, 119",Mira,,info@firstclassboatrental.com,https,WordPress,No,Keliweb S.R.L,55,68,100.00,Sì,No
Noleggio Barche Venezia Brussa Is Boat,Noleggio barche,https://www.brussaisboat.it,041 715787,"Sestiere Cannaregio, 331",Venezia,,info@brussaisboat.it,http,React,Sì,BRAIN TECHNOLOGY 2nd,38,53,0.00,Sì,No
Noleggio barche a Chioggia - Motonautica Nordio,Noleggio barche,http://noleggiobarchechioggia.com,338 451 9725,"Via Isola Saloni, 10",Chioggia,,info@motonauticanordio.it,https,Angular,No,Aruba S.p.A. Network,67,88,92.00,Sì,No
Motonautica Nordio,Noleggio barche,http://www.motonauticanordio.it,041 401450,"Via Isola Saloni, 33C",Chioggia,,info@motonaiuticanordio.it,https,React,No,Aruba S.p.A. Network,65,94,92.00,Sì,No
aliceBoat yacht charter location de bateau Monaco avec skipper,Noleggio barche,,+33 6 74 31 92 53,"Fontvieille Harbour, Quai Jean-Charles Rey",Monaco,,,,,,,,,,,
Monaco Boats,Noleggio barche,https://monaco-boats.com,+33 6 32 99 19 49,11 Bd Albert 1er,Monaco,,,https,Shopify,No,"Cloudflare London, LLC",72,96,100.00,Sì,No
Location bateau Monaco - Yacht charter Monaco,Noleggio barche,https://www.flyawaymonaco.com/location-bateau-journee-monaco,+377 97 98 63 79,21 Av. des Papalins,Monaco,,,https,Shopify,Non trovato,o2switch Internet,56,92,100.00,Sì,No
Boat Charter Group Monaco,Noleggio barche,http://www.boatchartergroup.com,+382 67 568 668,20 Quai l'Hirondelle,Monaco,,,https,WordPress,No,"Cloudflare, Inc.",61,75,85.00,Sì,No
Riviera Sailing Events,Noleggio barche,https://www.riviera-sailing-events.com,+33 6 62 81 45 45,12 Quai Antoine 1er,Monaco,,jp@riviera-sailing-events.com,https,React,No,MCPECloud SAS,61,76,92.00,Sì,No
Argentario Rental Boats noleggio barca argentario,Noleggio barche,http://www.argentariorentalboats.it,339 792 4308,"Porto Turistico Domiziano, Lungomare Navigatori, 47",Porto Santo Stefano,,info@argentariorentalboats.it,https,Shopify,Sì,Aruba S.p.A. Network,67,89,100.00,Sì,No
Location yacht,Noleggio barche,http://www.locationyachts.com,+33 9 53 98 26 99,"1er, Quai Antoine 1er",Monaco-Ville,,,https,React,No,Google LLC,75,96,100.00,Sì,No
PB Yachting Monaco,Noleggio barche,http://pb-yachting.com,+377 93 50 16 95,9 Av. des Papalins,Monaco-Ville,,contact@pb-yachting.com,https,WordPress,No,OVH SAS,73,95,100.00,Sì,No
Zeurino Barche,Noleggio barche,http://www.zeurinobarche.com,0564 818728,"Piazzale Candi, 9",Porto Santo Stefano,,info@zeurinobarche.com,https,React,Sì,Aruba S.p.A.,64,86,100.00,Sì,No
Argentarola Srl,Noleggio barche,http://www.argentarola.com,338 702 6689,"Lungomare Navigatori, 60",Porto Santo Stefano,,,https,React,No,"Cloudflare, Inc.",57,93,82.00,Sì,No
AS Noleggio Porto Ercole,Noleggio barche,http://www.noleggiobarcheportoercole.it,333 332 2045,Lungomare Andrea Doria,Porto Ercole,,andreasifb@gmail.com,https,ASP.NET,Sì,Aruba S.p.A.,39,54,92.00,Sì,No
MasterBoat Nautica,Noleggio barche,http://masterboat.it,081 1808 6099,"Via S. Rocco, 238",Marano di Napoli,,info@masterboat.it,https,WordPress,Sì,Aruba S.p.A,61,86,100.00,Sì,No
Easy Boats,Noleggio barche,http://www.easyboats.it,345 771 0215,Lungomare Granatello,Augusta,,,https,ASP.NET,Sì,Server Plan S.r.l.,84,83,85.00,Sì,No
Archetti Ercole,Noleggio barche,https://www.cantierearchettiercole.it,320 347 9447,"Via Peschiera Maraglio, 4",Monte Isola,,info@cantierearchettiercole.it,https,WordPress,No,Aruba S.p.A.,78,98,85.00,Sì,No
Campello Marine Rent | Noleggio Barche e Gommoni,Noleggio barche,https://rent.campellomarine.it,041 538 2523,"Via Colombara, 125/B",Malcontenta,,info@campellomarine.it,https,WordPress,Sì,OVH ISP,51,56,92.00,Sì,No
Yachting Club Cinquale,Noleggio barche,,0585 042235,"Via A. Gramsci, 63",Cinquale,,,,,,,,,,,
Jolly Rent Noleggio Barche,Noleggio barche,,391 754 1129,Via Sardegna,Nardò,,,,,,,,,,,
Bluebird Yachting,Noleggio barche,https://www.bluebirdyachting.com,349 789 4348,"Corso Italia, 224",Orbetello,,,https,WordPress,Sì,Aruba S.p.A.,83,98,85.00,Sì,No
"🏍💦 7 Lidi Rentals , noleggio moto d' acqua , settelidirentals NOLEGGIO JET SKY , ANCHE SENZA PATENTE, GIRI TURISTICI",Noleggio barche,https://www.7lidirentals.it,328 839 8688,"Via Fortuna Maris, 2",Lido degli Estensi,,info@7lidirentals.it,https,Shopify,Sì,Amazon Technologies Inc.,62,95,100.00,Sì,No
WindyWaves,Noleggio barche,http://www.windywaves.com,339 527 9209,"Via dei Cantieri, 1",Fezzano,,info@windywaves.com,https,React,Sì,Combell NV,63,82,100.00,Sì,No
1Portofino Boat Charter & Tours - Forte dei Marmi,Noleggio barche,https://1portofino.com,333 805 8290,"Via Giuseppe Spinetti, 8",Forte dei Marmi,,info@1portofino.com,https,WordPress,Sì,Google LLC,89,95,100.00,Sì,No
Noleggio barche Porto Policastro Bussentino Lione,Noleggio barche,,347 625 9416,Porto,Policastro Bussentino,,,,,,,,,,,
Argentario Charter,Noleggio barche,https://argentariocharter.it,333 627 7376,Piazzale Candi,Porto Santo Stefano,,info@argentariocharter.it,https,React,Sì,Aruba S.p.A.,59,73,92.00,Sì,No
Aloisea Boat - Noleggio Gommoni,Noleggio barche,https://www.noleggiogommoniargentario.com,333 231 6327,Piazzale dei Rioni,Porto Santo Stefano,,info@aloisea.com,https,Shopify,No,Aruba S.p.A. Network,61,82,100.00,Sì,No
West Coast Noleggio Gommoni Ischia,Noleggio barche,http://www.westcoastischia.it,339 613 7491,Via Cristoforo Colombo,Forio,,info@westcoastischia.it,https,WordPress,Sì,Hetzner,55,63,85.00,Sì,No
MEDSAILING Charter and more...,Noleggio barche,,0565 179 1662,Porto Turistico Marina di Salivoli,Piombino,,,,,,,,,,,
Allargentario | Noleggio barche Porto Santo Stefano,Noleggio barche,https://www.allargentario.it,348 247 5355,Piazzale dei Rioni,Porto Santo Stefano,,,https,Shopify,No,HOST-VDC,71,92,92.00,Sì,No
Mg. Broker,Noleggio barche,,0565 40820,"Via Salivoli, 11",Piombino,,,,,,,,,,,
Salivoli Vela,Noleggio barche,http://www.salivolivela.it,347 350 7792,"Via Salivoli, 23",Piombino,,posta@salivolivela.it,https,WordPress,Sì,Serverplan s.r.l.,55,78,85.00,Sì,No
Blu Palinuro Escursioni in barca Da Alessandro,Noleggio barche,http://www.costieradelcilento.it,338 949 5288,"Via Porto, 10/16",Centola,,info@costieradelcilento.it,https,WordPress,Sì,GENESYS,0,70,85.00,Sì,No
Portido,Noleggio barche,http://www.portido.it,347 418 2724,Via Lungomare sentiero Codevalle,"Le Grazie, Portovenere",,,https,Contiki CMS,No,Aruba S.p.A.,63,79,100.00,Sì,No
Madyson Sailing,Noleggio barche,http://madysonsailing.com,393 923 5386,Porto Mirabello - Viale Italia Molo D 16,La Spezia,,,https,Shopify,No,IONOS SE,42,45,92.00,Sì,No
BNT Boat Rental,Noleggio barche,,339 685 5088,Viale S. Bartolomeo,La Spezia,,,,,,,,,,,
MadMax Franchising Nautico Srl,Noleggio barche,http://www.madmaxcharter.it,371 323 4443,"Via Aurelio Lampredi, 3",Livorno,,,https,WordPress,No,Aruba S.p.A,60,56,92.00,Sì,No
DelRent,Noleggio barche,http://www.elbarentgommoni.it,375 606 6226,Via della Ferriera,Portoferraio,,,https,Wix,No,Google LLC,62,92,100.00,Sì,No
Bravo Charlie s.a.s. - Noleggio Barche a Vela,Noleggio barche,http://www.bravocharlie.it,335 710 6125,Passeggiata Costantino Morin (Passeggiata Costantino Morin (pontile,La Spezia,,info@bravocharlie.it,https,React,Sì,Seeweb s.r.l,60,76,92.00,Sì,No
Elba Water Life,Noleggio barche,,333 416 9416,Calata Italia,Portoferraio,,,,,,,,,,,
Aviosail Charter,Noleggio barche,https://www.aviosail.eu,347 244 5609,"Via della Ferriera, 29",Portoferraio,,stefanochiappi.elba@gmail.com,https,React,No,OVH SAS,60,76,92.00,Sì,No
Rio Marina Service,Noleggio barche,http://www.riomarinaservice.it,333 805 4410,"Calata dei Voltoni, 22",Rio Marina,,info@riomarinaservice.it,https,React,No,Serverplan S.r.l.,60,96,100.00,Sì,No
Sun Charter Elba,Noleggio barche,https://www.suncharter.de/en/destinations/italy/elba,0565 944186,"Via della Ferriera, 29",Portoferraio,,,https,Magento,No,Host Europe GmbH,48,80,85.00,Sì,No
Noleggio CATAMARANI - Sailing Geo,Noleggio barche,http://www.sailing-geo.com,388 772 8772,"Calata Mazzini, 37",Portoferraio,,info@sailing-geo.com,https,Shopify,Sì,Host SpA,44,53,100.00,Sì,No
Noleggio Greta,Noleggio barche,https://www.noleggiogreta.com,338 882 6133,Via Alfonso Pinzon,Bellaria-Igea Marina,,,https,WordPress,No,Google LLC,71,97,100.00,Sì,No
Air Fly Club - Noleggio barche - Boat rental,Noleggio barche,,348 858 0898,Str. delle Marche,Pesaro,,,,,,,,,,,
La Perla Nera,Noleggio barche,,327 443 3986,Via della Torre,Giglio Campese,,,,,,,,,,,
Poseidonia,Noleggio barche,,393 331 3186,Piazza della Cisterna,Isola del Giglio,,,,,,,,,,,
Boatmen,Noleggio barche,,349 350 8493,Via Umberto I,Isola del Giglio,,,,,,,,,,,
Alma Boat Rental,Noleggio barche,https://almaboatrental.com,388 991 0397,Piazzale S. Marco,Fertilia,,boat@almaboatrental.com,https,React,No,OVH ISP,63,90,92.00,Sì,No
"International Boat- Noleggio Gommoni - moto d'acqua Arbatax , Tortolì",Noleggio barche,http://www.internationalboat.it,375 668 0938,Marina di Arbatax,Tortolì,,info@internationalboat.it,https,React,No,Aruba S.p.A.,50,90,100.00,Sì,No
Noleggio Gommone e auto Salento,Noleggio barche,,392 620 9573,Via Lungomare Matteotti,San Foca,,,,,,,,,,,
Noleggio barche Loano MyRentals Sea Fun,Noleggio barche,https://www.myrentals.it,351 976 0956,Lungomare Nazario Sauro,Loano,,,https,WordPress,Sì,"DigitalOcean, LLC",57,94,92.00,Sì,No
Blu Team,Noleggio barche,http://www.bluteam.it,335 838 3182,"Via Scarlinese, 3",Puntone,,,http,Joomla,Sì,Reevo S.P.A.,83,99,100.00,Sì,No
Maregiglio Yacht- Noleggio imbarcazioni con skipper,Noleggio barche,https://www.maregiglioyacht.com,348 626 4314,"Piazzale del Valle, 6",Porto Santo Stefano,,,https,Shopify,Sì,"Cloudflare, Inc.",54,80,92.00,Sì,No
Neomarine Rent Boat,Noleggio barche,https://neomarine.it/noleggio,0341 188 3202,"Via Santa Cecilia, 6",Dervio,,info@neomarine.it,https,React,Sì,OVH SAS,51,60,100.00,Sì,No
Tuscany & 5 Terre Boat experience,Noleggio barche,https://www.tuscany5terre.com,331 882 8511,"Porto Mirabello, Via Aldo Moro",La Spezia,,,https,WordPress,Sì,Google LLC,69,89,92.00,Sì,No
India Sails A.S.D.,Noleggio barche,http://www.indiasailslivorno.com,340 669 1633,"Via del Molo Mediceo, 41",Livorno,,,https,Wix,No,Google LLC,71,91,100.00,Sì,No
Circolo Nautico Bonassola,Noleggio barche,,366 119 4235,"Via Fratelli Rezzano, 3",Bonassola,,,,,,,,,,,
Nautic Planet,Noleggio barche,http://www.nauticplanet.com,327 133 8417,Statale Regina Km 28,Tremezzina,,nauticplanet@gmail.com,https,WordPress,Sì,Contabo GmbH,60,83,100.00,Sì,No
ITALMARE Noleggio Barche e Gommoni,Noleggio barche,,348 276 7297,Lungomare Marconi,Gallipoli,,,,,,,,,,,
"Noleggio gommoni, escursioni, compleanni",Noleggio barche,,391 356 2351,porto turistico,San Foca,,,,,,,,,,,
Nautica Red Coral,Noleggio barche,http://www.nauticaredcoral.it,340 830 1172,Porto Vecchio,Castro,,,https,React,No,Aruba S.p.A.,84,99,100.00,Sì,No
Noleggio Yacht Barche Gommoni Escursioni Maroby Day Charter Gallipoli,Noleggio barche,,335 335 066,"Viale Giovanni Bovio, 6",Gallipoli,,,,,,,,,,,
East Coast Centro Nautico,Noleggio barche,,349 145 2123,"Viale Ortigara, 78",Rimini,,,,,,,,,,,
Noleggio Barche Boats for Rent Gallipoli ZaBoat Rigging Service,Noleggio barche,,327 683 8764,Lungomare Marconi Assonautica,Gallipoli,,,,,,,,,,,
Noleggio Barca Porto Cesareo - SeaPlanet,Noleggio barche,https://barcaportocesareo.it,389 209 9487,Piazzale Berlinguer,Porto Cesareo,,,https,WordPress,No,Contabo GmbH,68,91,92.00,Sì,No
Charter Calypso,Noleggio barche,,347 305 4600,Lungomare Giuseppe Garibaldi,Scarlino,,,,,,,,,,,
Sailing Sicily Scarlino,Noleggio barche,https://sailingsicily.com,340 749 6894,"Piazza Dani, 2",Puntone,,,https,React,Sì,Planetel SPA,16,55,92.00,Sì,No
Popeye Boat Experience,Noleggio barche,,338 542 9335,"Lungomare Giuseppe Garibaldi, Loc",Puntone,,,,,,,,,,,
Toscana Yacht,Noleggio barche,https://www.toscanayacht.com,0566 866117,"Lungomare Giuseppe Garibaldi, 2",Scarlino,,concierge@marinadiscarlino.com,https,React,No,Combell NV,42,50,100.00,Sì,No
Poseidone noleggio barche ed escursioni Andrano,Noleggio barche,https://www.poseidonenoleggiobarche.it,388 657 0931,"Viale Europa, 17",Marina di Andrano,,newpaolo@icloud.com,https,React,No,Aruba S.p.A.,63,89,75.00,Sì,No
Base Mare,Noleggio barche,http://www.basemare.it,338 767 3842,Via Flaminia,Falconara Marittima,,,https,WordPress,No,Aruba S.p.A.,60,91,85.00,Sì,No
Nautica Il Gabbiano,Noleggio barche,http://www.nauticailgabbiano.it,335 121 5485,"Loc. Vigna di Valle RM IT, Via Lungolago delle Muse, snc",Anguillara Sabazia,,circolovelicoilgabbiano@gmail.com,https,WordPress,No,Server Plan S.r.l.,64,96,100.00,Sì,No
Centro Nautico Tirreno,Noleggio barche,https://www.centronauticotirreno.it,338 184 2947,"Via dell'Industria, 1",Tolfa,,cntirreno@libero.it,https,Shopify,Sì,OVH SAS,61,96,92.00,Sì,No
Campello Marine - Noleggio e Vendita Barche a Cervia,Noleggio barche,https://sede.campellomarine.it/cervia,335 586 5781,"Via Romea Sud, 181",Cervia,,roberto.parrini50@gmail.com,https,React,Sì,OVH ISP,61,56,100.00,Sì,No
Lago Pineta - Noleggio Jet Ski / Moto d’Acqua,Noleggio barche,http://lagopineta.it,335 619 2299,"Via della Sacca, 3",Ravenna,,,https,Odoo,No,"Cloudflare, Inc.",73,96,100.00,Sì,No
Adriaticosailcharter Di Marzio Melandri,Noleggio barche,,338 602 2734,Porto Turistico 'Marinara',Ravenna,,,,,,,,,,,
Lertora Andrea Sailing,Noleggio barche,http://www.lertoraandreasailing.com,339 279 6142,Via Berardo Gallotti,Fezzano,,,https,React,No,Google LLC,0,0,0.00,Sì,No
Motobarca Elisa Primo,Noleggio barche,,336 528 968,"Via Molo Dalmazia, 71",Ravenna,,,,,,,,,,,
Erro Beach,Noleggio barche,,338 794 9244,"Lungomare MiMa, 268",Milano Marittima,,,,,,,,,,,
Blue Dream,Noleggio barche,http://www.bluedreamcavallino.com,388 807 2330,"Via Pordelio, 286",Ca' Ballarin,,bluedreamexcursion@gmail.com,https,React,No,SEEWEB s.r.l.,61,91,100.00,Sì,No
Noleggio barche Salvatore,Noleggio barche,,333 305 8150,Via Langano,Rapallo,,,,,,,,,,,
Discoveryboat (boat rental),Noleggio barche,http://www.discoveryboatlaspezia.it,340 002 6930,Via Aldo Moro,La Spezia,,info.discoveryboatlaspezia@gmail.com,https,WordPress,Sì,Aruba S.p.A. Network,50,83,92.00,Sì,No
Noleggio Barche Genova | Maritime Rent,Noleggio barche,https://www.noleggiobarchegenova.it,346 850 5038,"Via Luigi Cibrario, 47",Genova,,info@noleggiobarchegenova.it,https,WordPress,Sì,Combell NV,61,88,100.00,Sì,No
Varazzers - Noleggio Barche Varazze,Noleggio barche,https://www.varazzers.com,351 691 1256,Via S. Rocco,Varazze,,,https,Joomla,Sì,Aruba S.p.A.,69,90,92.00,Sì,No
Lanfredi Boat Service Gargnano Boat Rental,Noleggio barche,http://www.gargnanoboatrental.it,348 059 9015,Piazza Feltrinelli,Gargnano,,info@gargnanoboatrental.it,https,Shopify,Sì,Hetzner Online GmbH,59,72,92.00,Sì,No
Garda Boat noleggio Barche,Noleggio barche,https://www.gardaboat.com,348 976 2652,"Via Repubblica, 108/110",Manerba del Garda,,gardaboatinfo@gmail.com,https,Sanity.io,No,"Amazon.com, Inc.",86,99,100.00,Sì,No
"Navarra Excursions Noleggio Barche, Escursioni Castellammare del Golfo, Scopello, Riserva dello zingaro",Noleggio barche,,339 314 4968,"Via Don Leonardo Zangara, 76",Castellammare del Golfo,,,,,,,,,,,
Nacria Boat Experience | Noleggio barche senza patente nautica a Castellammare del Golfo,Noleggio barche,https://nacriaboats.it,351 665 2160,Via Don Leonardo Zangara,Castellammare del Golfo,,,https,WordPress,Sì,Google LLC,57,98,100.00,Sì,No
Sea Land Yacht Charter Snc,Noleggio barche,http://www.sealand.it,0521 508275,"Str. Luigi Carlo Farini, 18",Parma,,info@sealand.it,https,Shopify,Sì,Aruba S.p.A,27,23,100.00,Sì,No
Rappydrive Noleggio Barche Rent Boat Lago Di Garda,Noleggio barche,https://www.rappydrive.it,0365 503057,"Via del Porto, 12",Moniga del Garda,,info@rappydrive.it,https,WordPress,No,Google LLC,45,45,100.00,Sì,No
Noleggio Yacht Gruppo Ecs,Noleggio barche,https://www.eaconsea.it,366 989 7883,"Via Benigno Crespi, 19",Milano,,,https,Shopify,No,Google LLC,59,85,100.00,Sì,No
Ecomar Noleggio Gommoni e Barche,Noleggio barche,https://ecomarrentboat.it,338 976 8201,"Via Don Leonardo Zangara, 50",Castellammare del Golfo,,,https,WordPress,No,Netsons s.r.l.,71,93,92.00,Sì,No
Noleggio Gommoni ed Escursioni Brezza Marina,Noleggio barche,http://www.noleggiogommonifavignana.com,328 697 1608,"Via Molo S. Leonardo, 31",Favignana,,//brezzamarinafavignana@gmail.com,https,Shopify,Sì,Aruba S.p.A. Network,56,57,91.00,Sì,No
Passione Blue| Noleggio barche| Castellammare del golfo,Noleggio barche,http://www.passioneblue.com,388 450 7491,"Via Don Leonardo Zangara, 1",Castellammare del Golfo,,passioneblue@libero.it,https,WordPress,No,Aruba S.p.A.,47,60,85.00,Sì,No
Màkari Rent Boat,Noleggio barche,,334 305 5559,Via Don Leonardo Zangara,Castellammare del Golfo,,,,,,,,,,,
Giri in barca a favignana con leonardo ventrone,Noleggio barche,,346 106 9126,Pontile circolo nautico,Favignana,,,,,,,,,,,
T.A.Service Noleggio barche e gommoni Castellammare del golfo,Noleggio barche,https://www.ta-service.it,338 838 1570,"Via Don Leonardo Zangara, 79",Castellammare del Golfo,,tempestaanto97@gmail.com,https,WordPress,No,Aruba S.p.A.,60,84,85.00,Sì,No
Altamarea Noleggio Barche e Gommoni - Castellammare del Golfo,Noleggio barche,https://altamareadelgolfo.com,320 251 0946,Via Don Leonardo Zangara,Castellammare del Golfo,,,https,Joomla,No,Aruba S.p.A.,71,79,92.00,Sì,No
L.A.S. Service - Noleggio Barche e Gommoni,Noleggio barche,https://www.castellammaredelgolfovacanze.com,328 953 2312,Via Don Leonardo Zangara,Castellammare del Golfo,,,https,Shopify,Sì,Google LLC,63,88,92.00,Sì,No
Associazione Imbarcadero Idrometro,Noleggio barche,,338 196 5297,"Via Tornello, 11",Mezzanino,,,,,,,,,,,
Rosa Dei Venti Rental Boat,Noleggio barche,,345 164 1459,"VIALE ITALIA, C/O PORTO MIRABELLO, Viale Giovanni Amendola",La Spezia,,,,,,,,,,,
Nautica Montecristo,Noleggio barche,,340 531 2205,"Lungomare Stati Uniti, 38",Arenzano,,,,,,,,,,,
FORTE rent boats - noleggio barche,Noleggio barche,https://www.forterentboats.com,334 720 3084,Via Don Leonardo Zangara,Castellammare del Golfo,,,https,React,No,Servereasy Srl,53,100,100.00,Sì,No
LG RENTAL SERVICE NOLEGGIO BARCHE ED ESCURSIONI CASTELLAMMARE DEL GOLFO,Noleggio barche,https://lgrentalservice.it,328 662 3791,"Via Don Leonardo Zangara, 28",Castellammare del Golfo,,,https,Shopify,Sì,Aruba S.p.A.,47,67,100.00,Sì,No
Guado di San Colombano e di Sigerico - Taxi fluviale sul Po per i pellegrini,Noleggio barche,,0523 771607,Calendasco,Soprarivo,,,,,,,,,,,
Portovenere Noleggio,Noleggio barche,https://www.portovenerenoleggio.it,347 177 5020,"Via Calata Doria, 8",Porto Venere,,contatto@esempio.it,https,React,No,Amazon Technologies Inc.,64,91,69.00,Sì,No
Island Style Tour Operator Noleggio Imbarcazioni in Tutto il Mondo,Noleggio barche,https://islandstyleturismonautico.myadj.it,051 271887,"Via Galliera, 15/a",Bologna,,,https,Shopify,No,"Cloudflare, Inc.",79,97,92.00,Sì,No
Alisei Yacht Charter,Noleggio barche,https://aliseiyachtcharter.com/about-us,051 649 4555,"Via Galliera, 17",Bologna,,info@alisei.com,https,Joomla,No,IONOS SE,60,85,85.00,Sì,No
boatling planet,Noleggio barche,http://www.boatlingplanet.com,375 776 8672,"Via Gramsci, 46",Pavia,,,http,Angular,No,OVH SAS,33,74,77.00,Sì,No
Seastar,Noleggio barche,,051 056 0362,"Via Nicolò Dall'Arca, 8",Bologna,,,,,,,,,,,
Navigare Fiume Po /Gite in barca,Noleggio barche,http://www.navigarefiumepo.it,338 890 6161,"Loc.San Pietro (sul fiume) , 27040",Portalbera,,,https,WordPress,No,Google LLC,56,82,61.00,Sì,No
"Boatable - Noleggio gommoni, efoil e electric surf,furgoni,auto e moto",Noleggio barche,http://www.boatable.it,333 151 7161,"Via Lungomare, 45",Porto Venere,,,https,WordPress,Sì,Google LLC,40,45,100.00,Sì,No
OCY.it - Ocean Yachting Srl.,Noleggio barche,http://www.ocy.it,051 644 0196,"Via Saragozza, 24",Bologna,,info@ocy.it,https,React,No,Hetzner Online GmbH,61,76,75.00,Sì,No
Noleggio barche gioiosa,Noleggio barche,https://www.noleggiobarchegioiosa.it,339 849 5915,Via Umberto I°,Gioiosa Marea,,,https,Angular,No,Aruba S.p.A. Network,25,41,77.00,Sì,No
Excalibur Rimini,Noleggio barche,,388 757 3048,"Viale Ortigara, 78",Rimini,,,,,,,,,,,
la palafitta,Noleggio barche,http://la-palafitta.com,335 615 3031,St.Veit,Braies,,info@la-palafitta.com,https,Shopify,No,Hetzner Online GmbH,84,98,92.00,Sì,No
Shore Service,Noleggio barche,http://www.shoreservice.it,329 618 0214,Piazzale Marinai D'Italia,Sestri Levante,,info@shoreservice.it,https,Joomla,No,Aruba S.p.A.,49,46,85.00,Sì,No
Boboboat,Noleggio barche,http://www.boboboat.it,389 186 6684,"Corso Cristoforo Colombo, 66",Rapallo,,info@easycharterliguria.it,https,React,Sì,Google LLC,46,50,92.00,Sì,No
Il Pontiletto,Noleggio barche,https://ilpontiletto.it,345 988 8701,"VIa Pilade Queirolo, 1",Sestri Levante,,info@ilpontiletto.it,https,WordPress,Sì,Aruba S.p.A.,44,52,92.00,Sì,No
Nautigest Charter Srl,Noleggio barche,http://www.nautigest.it,0564 867131,Marina di Cala Galera Box 44,Porto Ercole,,info@nautigest.it,https,Joomla,No,Contabo GmbH,68,76,85.00,Sì,No
Marenauta,Noleggio barche,http://www.marenauta.com,+386 1 828 20 80,Ulica Osvobodilne fronte 1,Koper,,info@marenauta.com,https,WordPress,Sì,Hetzner Online GmbH,86,97,92.00,Sì,No
Apicella Rent Boat noleggio barche| Castellammare del Golfo,Noleggio barche,https://apicellarentboat.com,350 924 3218,Piazza Barone Giacomo Alliata,Castellammare del Golfo,,contact@mysite.com,https,WordPress,No,Server Plan S.r.l.,60,96,100.00,Sì,No
BoatRent - Tre di Cuori,Noleggio barche,https://www.boatrent-tredicuori.it,347 281 5328,Via Imbarcadero,Castelletto,,,https,WordPress,No,"Cloudflare, Inc.",60,81,100.00,Sì,No
Sea Wave noleggio gommoni Marsala,Noleggio barche,http://www.seawavecharter.it,329 184 8135,Lungomare Mediterraneo,Marsala,,info@seawavecharter.it,https,React,Sì,Aruba S.p.A. Network,46,55,85.00,Sì,No
HIRING A BOAT? at the Comacina island! - ACCADUEO S.r.l,Noleggio barche,http://www.hiringaboat.com,329 214 2280,"Via Statale, 80",Ossuccio,,hdueonda@libero.it,https,WordPress,Sì,Irideos S.P.A.,75,92,77.00,Sì,No
Ambra Charter di Cestra Andrea,Noleggio barche,https://ambracharter.it,392 144 9714,Via Mar Morto,Borgo Grappa,,ambracharter@gmail.com,https,WordPress,No,Google LLC,59,99,92.00,Sì,No
Eboats and Go Bracciano,Noleggio barche,,389 606 3172,"Via della Sposetta Vecchia, snc",Bracciano,,,,,,,,,,,
SILEWAY noleggio barche elettriche da base galleggiante,Noleggio barche,http://www.sileway.com,329 138 3410,Piazza S. Pio X,Casier,,,https,Shopify,Sì,Aruba S.p.A.,47,70,92.00,Sì,No
Go Sail Boat Rent,Noleggio barche,http://www.go-sail.it,045 743 0854,"Via Imbarcadero, 21",Brenzone sul Garda,,info@go-sail.it,https,WordPress,No,"Automattic, Inc",56,90,100.00,Sì,No
Noleggio Barche Maratea,Noleggio barche,,348 539 4390,Via Porto Arenile,Maratea,,,,,,,,,,,
CapriccioMare SRL Noleggio Gommoni e Imbarcazioni,Noleggio barche,http://www.capricciomare.it,328 985 0870,"Lungomare Mediterraneo, 23",Marsala,,,https,React,Sì,Google LLC,72,97,100.00,Sì,No
Easy Boat Rent Torre Canne,Noleggio barche,https://www.easyboatrent.it,351 632 2558,"RFJ6+HJ Fasano, Provincia di Brindisi presso centro nautico l'Ancora 72015",Torre Canne,,,https,React,Sì,Netsons s.r.l.,30,35,100.00,Sì,No
Albaria noleggio gommoni Marsala,Noleggio barche,https://www.albarianoleggio.it,389 646 3115,"Lungomare Mediterraneo, Snc",Marsala,,,https,Shopify,Sì,Aruba S.p.A.,36,65,92.00,Sì,No
Ananoè Noleggio Barche,Noleggio barche,https://noleggiogommoniebarchegallipoli.it,349 282 3902,"P.za Moro Aldo, 5",Gallipoli,,noleggio.barche@libero.it,https,WordPress,Sì,TransIP BV,69,90,100.00,Sì,No
Noleggio barche a vela Laser Il Timone Charter,Noleggio barche,https://www.iltimonecharterportofino.com/laser-1,340 172 3288,Via Langano,Rapallo,,,https,React,No,Google LLC,72,96,100.00,Sì,No
Noleggio barche e gommoni Motormarine,Noleggio barche,https://www.motormarinenoleggiosavona.it,346 616 2912,Via Aurelia di Ponente,Celle Ligure,,info@motormarinenoleggiosavona.it,https,React,No,Aruba S.p.A.,65,94,92.00,Sì,No
Livingtheriver,Noleggio barche,http://www.livingtheriver.it,328 423 2588,"Pontile associazione nautica, Via Argine, 15",Isola Pescaroli,,info@livingtheriver.it,http,React,No,Register S.P.A.,62,72,91.00,Sì,No
Waller- Welt by Dr. Clonk S.R.L.,Noleggio barche,http://wallerwelt.com,+49 171 3212425,"Via al Ponte, 1",Borgoforte,,office@wallerwelt.com,https,Vue,No,GHOSTnet GmbH,43,66,82.00,Sì,No
Marina Garda Rent,Noleggio barche,https://marinagardarent.com,030 991 2577,Via Vo',Desenzano del Garda,,,https,React,No,Netsons Network,57,92,92.00,Sì,No
Nolo Belvedere,Noleggio barche,http://www.nolobelvedere.it,339 314 4089,Porto Galeazzi,Sirmione,,nolobelvedere@libero.it,https,Joomla,Sì,Hetzner Online GmbH,56,68,92.00,Sì,No
Zonavela,Noleggio barche,,339 346 8760,"Via Giuditta Sidoli, 16",Parma,,,,,,,,,,,
MY Rapallo - Boat Charter,Noleggio barche,https://www.myrapallo.it,375 830 5331,"Calata Andrea Doria, 14",Rapallo,,info@myrapallo.it,https,React,Sì,Google LLC,55,77,100.00,Sì,No
LAGUNALTERZO,Noleggio barche,,347 643 2885,"Mazzorbo (sede operativa San Marco, 3574/a (sede legale",Venezia,,,,,,,,,,,
Noleggio Barca Venezia,Noleggio barche,http://noleggiobarcavenezia.it,340 579 5617,Via Giuseppe Paganello 43 Mestre c/o Marina Scafoclub,Venezia,,,https,Shopify,No,SEEWEB s.r.l.,44,71,100.00,Sì,No
fiumepo.eu,Noleggio barche,http://www.fiumepo.eu,338 595 1432,"Via Vittorio Catelli, 3a",Polesine Parmense,,stefano.barborini@fiumepo.eu,https,ASP.NET,No,Aruba S.p.A. Network,72,97,100.00,Sì,No
Nautica Garuti,Noleggio barche,,327 978 1361,"Via del Porto, 10",Padenghe Sul Garda,,,,,,,,,,,
Pollini Srl Nautica & Boat Rent,Noleggio barche,http://www.pollininautica.it,0365 671007,"Via Pergola, 29D",Moniga del Garda,,info@pollininautica.it,https,Shopify,Sì,IONOS SE,61,86,83.00,Sì,No
Rent Boats Sirmione,Noleggio barche,,331 834 4860,Largo Goethe,Sirmione,,,,,,,,,,,
onboard srl,Noleggio barche,http://www.onboardsalento.com,393 673 6401,40°15'44N 17°53'15 Piazzale Berlinguer,Porto Cesareo,,info@onboardsalento.com,https,WordPress,No,Aruba S.p.A. Network,28,40,92.00,Sì,No
Boat Rental Al Porto - noleggio barche,Noleggio barche,https://boatrental-alporto.it,347 583 4727,Lungolago Giuseppe Garibaldi,Peschiera del Garda,,info@portopioppi.it,https,React,No,Google LLC,55,87,92.00,Sì,No
Boat Garda,Noleggio barche,http://www.boatgarda.com,346 006 2631,Lungolago F. Cipriani,Bardolino,,info@boatgarda.com,https,Shopify,Sì,Server Plan S.r.l.,54,49,85.00,Sì,No
Mare360 Boat Rent,Noleggio barche,https://rent.campellomarine.it/cavallino-jesolo,347 290 4846,"Via Capo Horn, 4",Cavallino-Treporti,,cavallino@campellomarine.it,https,Ghost,Sì,OVH ISP,32,56,85.00,Sì,No
Rent boat Porto Bergamini,Noleggio barche,,351 973 0797,Str. Bergamini,Peschiera del Garda,,,,,,,,,,,
Noleggio Randagio | Scuola Sup,Noleggio barche,http://www.giorgiamigani.it,339 156 4981,Via Spalato,Bellaria-Igea Marina,,mail@deborasilvestri.it,https,React,No,Google LLC,60,83,92.00,Sì,No
Hop on,Noleggio barche,,351 592 4466,"Via Darsena, 6",Cesenatico,,,,,,,,,,,
Albatros Boat Tour,Noleggio barche,https://albatrosboat.it,338 732 8357,Via Tommaso Bottaro,Santa Margherita Ligure,,info@albatrosboat.it,https,Nuxt.js,No,Amazon Technologies Inc.,80,95,100.00,Sì,No
Seahorse International srl,Noleggio barche,,335 826 3146,"Via Tortona, 345",Cesena,,,,,,,,,,,
Zoagli Boat Rental,Noleggio barche,https://www.zoagliboatrental.com,366 198 7183,"P.za XXVII Dicembre, 13",Zoagli,,info@bagnisilavano.it,https,WordPress,No,Server Plan S.r.l.,24,42,92.00,Sì,No
Oasis Noleggio Barche - Caslano,Noleggio barche,https://www.noleggiobarche-oasis.com,+41 76 481 64 44,Via Meriggi 32,Caslano,,,https,React,Sì,Google LLC,55,84,100.00,Sì,No
Cantiere Cadenazzi / Boat Rental,Noleggio barche,https://www.lakecomorentboat.com,339 161 3256,"SS340, 73",Tremezzo,,info@lakecomorentboat.com,https,React,Sì,Aruba S.p.A,45,56,85.00,Sì,No
Cisano Rent Boat,Noleggio barche,https://cisanorentboat.com,393 299 9218,Piazza Lago,Bardolino,,info@cisanorentboat.com,https,WordPress,No,Servereasy Srl,47,54,85.00,Sì,No
"gaia yacht , noleggio barche escursioni eventi",Noleggio barche,,392 057 8871,"Corso Vittorio Emanuele II, 1",Taranto,,,,,,,,,,,
SdnMarine Charter Boat - Noleggio Gommoni - Escursioni,Noleggio barche,http://www.sdnmarine.it,329 720 4218,"Corso Luigi Manzi, 49",Casamicciola Terme,,info@sdnmarine.it,https,Shopify,No,Serverplan S.r.l.,63,94,100.00,Sì,No
fuori rotta-noleggio barche,Noleggio barche,http://www.fuorirotta.info,380 127 4901,Corso Vittorio Emanuele ll 1,Taranto,,noleggiofuorirotta@gmail.com,https,WordPress,No,Aruba S.p.A.,56,65,92.00,Sì,No
Noleggio Barche Boat Sharing Puglia,Noleggio barche,http://www.boatsharingpuglia.com,393 874 0465,"Corso Vittorio Emanuele II, Molo Sant'Eligio, 1",Taranto,,,https,WordPress,No,Google LLC,88,99,0.00,Sì,No
NOLEGGIO BARCHE DURANTE - TARANTO,Noleggio barche,http://www.noleggiobarchedurante.it,349 287 6359,"Corso Vittorio Emanuele II, Molo Sant'Eligio, 1",Taranto,,,https,Shopify,No,Server Plan S.r.l.,61,84,92.00,Sì,No
Bassa Marea Boat Charter,Noleggio barche,https://www.bassamareaboatcharter.com,081 633 3700,"Corso Sant'Agata, 68",Massa Lubrense,,,https,React,Sì,Server Plan S.r.l.,56,75,100.00,Sì,No
Cene in Barca ed Eventi Yachts & Private Tour,Noleggio barche,,320 153 6114,"Corso Alcide de Gasperi, 313",Castellammare di Stabia,,,,,,,,,,,
RIMA' CHARTER Noleggio imbarcazioni Srls,Noleggio barche,http://rimacharter.com,333 149 1319,"Corso Alcide de Gasperi, 313",Castellammare di Stabia,,info.rimacharter@gmail.com,,WordPress,No,Telemanapoli S.R.L.,55,66,85.00,Sì,No
Adventure Sea,Noleggio barche,http://adventuresea.net,02 8715 7228,Via Lungomare Stefano Pugliese,Catanzaro,,,https,WordPress,No,Server Plan S.r.l.,64,83,92.00,Sì,No
Taranto Boat Charter,Noleggio barche,http://www.tarantoboat.it,339 401 4188,"Corso Vittorio Emanuele II, 1",Taranto,,info@tarantoboat.it,https,React,No,Netsons s.r.l.,35,44,100.00,Sì,No
Taranto in barca -Il Tuo Yacht-,Noleggio barche,https://www.tarantoinbarca.it,334 668 3679,Corso Vittorio Emanuele II,Taranto,,,https,WordPress,No,Aruba S.p.A.,56,70,85.00,Sì,No
Capitan Laos,Noleggio barche,http://www.capitanlaos.com,331 254 5111,"Corso Mediterraneo, 151",Scalea,,info@capitanlaos.com,https,WordPress,Sì,Google LLC,43,42,92.00,Sì,No
"Boat Experiences Eventi in barca , Yacht, Catamarani, Velieri",Noleggio barche,https://www.boatexperiences.it,389 040 3906,"Corso Alcide de Gasperi, 315",Castellammare di Stabia,,,https,React,No,"Fastly, Inc.",49,59,73.00,Sì,No
Blue Marine - Massimo e Patrizia Ranieri - Noleggio Ufficiale Imbarcazioni - Noleggio Barche e Gommoni - Tour con Skipper,Noleggio barche,https://cantierenauticobluemarine.it,333 718 3942,località turrati mare,Soverato,,,https,WordPress,Sì,Aruba S.p.A.,31,61,77.00,Sì,No
Explora Beach & Renting,Noleggio barche,https://www.explorabeach.com,351 549 7975,"Via Novara, 152",Omegna,,info@explorabeach.com,https,React,Sì,Aruba S.p.A.,56,74,92.00,Sì,No
Lepanto Marine Boat Rent Peschiera DG,Noleggio barche,https://www.rentbooking.it,328 532 7475,Lungolago Porto Esterno,Peschiera del Garda,,,https,Angular,No,Amazon Technologies Inc.,32,46,92.00,Sì,No
Noleggio Navigando,Noleggio barche,,333 485 0461,"Via Guglielmo Marconi, 100",Monte di Procida,,,,,,,,,,,
Noleggio Barche Il Porticciolo - Procida,Noleggio barche,https://www.ilporticcioloprocida.it,331 875 1724,"Via Marina di Corricella, 74",Procida,,info@ilporticcioloprocida.it,https,React,Sì,Host SpA,65,86,92.00,Sì,No
Renautica Noleggio Barche e Gommoni,Noleggio barche,,334 398 2620,Via Guglielmo Marconi,Monte di Procida,,,,,,,,,,,
Ermoz Noleggio Barche Numana,Noleggio barche,https://ermoznoleggiobarche.it,389 918 7886,Piazzale Silvio Massacesi,Numana,,,https,React,Sì,"Cloudflare, Inc.",64,71,92.00,Sì,No
Noleggio Locaboat Baiano,Noleggio barche,,338 420 7770,Via Guglielmo Marconi,Monte di Procida,,,,,,,,,,,
Paradise boat Camogli,Noleggio barche,http://www.paradiseboat.it,344 143 0072,"Via Scalo, 3",Camogli,,info@paradiseboat.it,https,Shopify,No,Aruba S.p.A.,51,78,100.00,Sì,No
Vai Sicuro Noleggio Imbarcazione Con Conducente Gite In Barca,Noleggio barche,,348 319 4595,"Vicolo Collodi, 26",Saccolongo,,,,,,,,,,,
Nausika Boat Rental,Noleggio barche,http://nausika.it/noleggio,366 902 8356,"Via Montecchio Nord, 21",Colico,,boat.rental@nausika.it,https,React,Sì,Aruba S.p.A.,65,89,92.00,Sì,No
Me Piace Joy's Boat,Noleggio barche,https://www.conerogiteinbarca.it,351 551 0555,Via della Pescheria,Numana,,,https,Shopify,Sì,Contabo GmbH,57,78,100.00,Sì,No
Rent Onno,Noleggio barche,,345 293 7935,"Via G. Garibaldi, 10",Onno,,,,,,,,,,,
Noleggio barche Chioggia di Comparato,Noleggio barche,http://www.noleggiobarchechioggia.it,338 338 6379,"Via Don Eugenio Bellemo, 134",Chioggia,,,https,React,No,Google LLC,59,94,92.00,Sì,No
Velarelax s.n.c.,Noleggio barche,,339 591 2164,"Via Nicolò Biondo, 32",Modena,,,,,,,,,,,
I love Barricata - Noleggio barche,Noleggio barche,https://portobarricata.it/noleggio-barche,392 585 8258,"Via Strada del Mare, 77",Porto Tolle,,info@portobarricata.it,https,React,Sì,The Constant Company,54,76,100.00,Sì,No
Salento a Bordo,Noleggio barche,http://www.salentoabordo.it,335 213 607,"Via Francesco d'Elia, 2",Lecce,,info@salentoabordo.it,,Shopify,Sì,Netsons Network,45,60,100.00,Sì,No
Puntocospicuo Sales & Charter,Noleggio barche,http://www.puntocospicuo.it,06 8007 9982,"Marina di Nettuno Box Jeanneau/Prestige, Via Amerigo Vespucci",Nettuno,,info@sailinginitaly.it,https,React,No,Host SpA,37,68,92.00,Sì,No
Escursioni In Barca e Noleggio Yacht a Porto Cesareo,Noleggio barche,,320 932 9961,"Via Giosuè Carducci, 17",Carmiano,,,,,,,,,,,
Almarano - Noleggio Imbarcazioni,Noleggio barche,http://www.almarano.com,351 213 2995,Via S. Vito,Polignano a Mare,,,https,Joomla,No,Armada WAN,39,56,92.00,Sì,No
Noleggio Barche E Gommoni Aliberti,Noleggio barche,,338 761 5413,"Via Giuseppe Garibaldi, 19",Lipari,,,,,,,,,,,
Z.Mar,Noleggio barche,https://zmargallipoli.it,370 135 8336,"Lungomare Marconi, 9",Gallipoli,,,https,WordPress,Sì,Hetzner Online GmbH,61,71,92.00,Sì,No
Free Time Rent Boat Margidore,Noleggio barche,,328 952 0743,spiaggia Margidore,Lacona,,,,,,,,,,,
Noleggio Brezza di Mare - barca a vela con skipper,Noleggio barche,,334 181 7806,Lungomare Stati Uniti,Arenzano,,,,,,,,,,,
"Velagiovane, charter & scuola nautica",Noleggio barche,http://www.velagiovane.it,330 726 798,"Via Libertà, 207",Le Grazie,,info@velagiovane.it,https,Drupal,No,"Cloudflare, Inc.",68,85,85.00,Sì,No
ARIELE CHARTER,Noleggio barche,http://arielecharter.com,371 547 2938,"Calata Andrea Doria, 2",Rapallo,,,https,React,Sì,Aruba S.p.A. Network,56,81,85.00,Sì,No
Welcome Charter srl,Noleggio barche,http://www.welcomecharter.it,348 715 0626,Corso Cristoforo Colombo,Chiavari,,info@welcomecharter.it,https,WordPress,No,Uno Communications SpA,62,83,92.00,Sì,No
Nautica 2000,Noleggio barche,http://www.nautica2000snc.it,0544 974122,"Via Ruggero Leoncavallo, 2",Cervia,,info@nautica2000snc.it,https,Angular,Sì,Unified Layer,72,80,83.00,Sì,No
Sea Sports Noleggio - Escursioni - Boat trip - Barche e gommoni,Noleggio barche,http://www.seasports.it,328 286 6652,Resort Thalasso & SPA 89866,San Nicolò,,seasports@live.it,https,WordPress,No,Aruba S.p.A. Network,53,68,92.00,Sì,No
"SEAPASSION NOLEGGIO GOMMONI,BARCHE , ESCURSIONI COST TO COST,FLYBOARD CALABRIA",Noleggio barche,https://www.seapassion.eu,349 465 4011,Contrada Formicoli,Ricadi,,info@seapassion.eu,https,React,No,Google LLC,63,83,92.00,Sì,No
Noloteck Boat Rental,Noleggio barche,,349 575 6234,"Via Porto S. Felice, 42",San Felice del Benaco,,,,,,,,,,,
Noleggio barche San Foca - Nautica Petrachi,Noleggio barche,,329 008 9189,S. Foca zona ricci,San Foca,,,,,,,,,,,
Piermare di Ferrara Piercarlo,Noleggio barche,,329 221 5418,"Via XXV Aprile, 13",Divignano,,,,,,,,,,,
San Foca by Boat,Noleggio barche,,327 561 3559,"Via Lungomare Matteotti, 6",San Foca,,,,,,,,,,,
Mazzone Centro Marine,Noleggio barche,http://www.mazzonemarine.it,338 584 6117,"Mattinata Contrada Agnuli, Darsena di",Mattinata,,info@mazzonemarine.it,https,WordPress,No,Hostpoint AG,75,71,83.00,Sì,No
Noleggio gommoni e barche Francesco porticciolo di mattinata,Noleggio barche,http://gratis-5172004.webadorsite.com,339 187 8043,Contrada Agnuli,Mattinata,,assistenza@webador.it,https,React,No,Google LLC,78,98,92.00,Sì,No
DaddarioYacht - Charter,Noleggio barche,https://www.daddarioyacht.it,391 116 8159,"Via Napoli, 535",Taranto,,info@daddarioyacht.it,https,React,No,"Squarespace, Inc.",33,45,100.00,Sì,No
Affitta Barche,Noleggio barche,http://www.affittabarche.it,389 127 8628,Lungomare Marinai d'Italia,Imperia,,,https,React,No,Keliweb S.R.L,65,75,0.00,Sì,No
Porto Cesareo Charterboat,Noleggio barche,http://www.portocesareocharterboat.it,379 283 9152,Via Bissolati,Porto Cesareo,,,https,WordPress,No,Aruba S.p.A.,55,68,85.00,Sì,No
ALEBOATS Noleggio Barche,Noleggio barche,https://www.aleboats.com,345 938 4713,Piazzale porto,Scario,,,https,WordPress,No,Google LLC,67,94,92.00,Sì,No
Noleggio Barche da Matteo,Noleggio barche,https://www.noleggiobarchedamatteo.it,340 874 5674,Via Venezia,Vieste,,info@noleggiobarchedamatteo.it,https,WordPress,No,Aruba S.p.A. Network,59,99,92.00,Sì,No
Centro Nautico SeaLife,Noleggio barche,,338 297 3565,"Viale Regina Margherita, 64/a",Rimini,,,,,,,,,,,
Noleggio imbarcazioni,Noleggio barche,http://www.noloservicesimperia.com,393 284 9162,Via Scarincio,Imperia,,,https,WordPress,No,Aruba S.p.A. Network,79,95,92.00,Sì,No
Centro Nautico Rimini,Noleggio barche,https://www.librarimini.it/centro-nautico-libra.php,339 283 7028,"Lungomare Giuseppe di Vittorio, 8 B",Rimini,,info@librarimini.it,https,Shopify,No,Aruba S.p.A. Network,56,61,83.00,Sì,No
Centronauticobellariva Flyboard Rimini,Noleggio barche,,335 374 641,"Lungomare Giuseppe Di Vittorio ,spiaggia # 93",Bellariva,,,,,,,,,,,
Levante rent boat di Ongaretto Leonardo,Noleggio barche,,349 476 3634,Viale dei Tropici,Caorle,,,,,,,,,,,
"EL MEISTER,fishing&cruise charter boat",Noleggio barche,,339 674 1148,Piazza del Granatiere,Jesolo,,,,,,,,,,,
Charterboat - Rendez vous Fantasia Houseboat: Base Marano Lagunare,Noleggio barche,http://www.charterboat.it,041 551 0400,"Riva Canal de S. Piero, 1",Marano Lagunare,,info@charterboat.it,http,Joomla,Sì,Aruba S.p.A.,51,45,92.00,Sì,No
Noleggio Barche e Gommoni - Tour Snorkeling - Escursioni Shark Bay,Noleggio barche,http://www.tropeanautica.com,329 424 6671,Contrada La Grazia,Parghelia,,info@tropeanautica.com,https,React,No,Genesys Informatica S.r.l,82,100,91.00,Sì,No
Tricoli Charter,Noleggio barche,https://www.tricolicharter.com,393 487 8704,Testata molo Duca degli Abruzzi,Rapallo,,,https,WordPress,Sì,Aruba S.p.A,74,74,100.00,Sì,No
Gnowee | Noleggio Barche con patente e senza a Trieste,Noleggio barche,http://www.gnoweenoleggiobarche.com,377 457 4168,"Località Villaggio del pescatore, 70",Trieste,,marco.gnowee@gmail.com,https,Drupal,Sì,Servereasy Srl,70,95,100.00,Sì,No
NAUTICA GM RENT,Noleggio barche,https://rent.campellomarine.it/cortellazzo,339 201 7304,"Via Massaua, 59",Jesolo,,,https,WordPress,Sì,OVH ISP,56,74,92.00,Sì,No
Noleggio Barche Malusà,Noleggio barche,http://www.noleggiobarchegrado.com,0431 80143,"12 Via Antonio Pigafetta, Grado, Go 34073",Grado,,,https,Wix,No,Google LLC,82,95,92.00,Sì,No
Cantiere Nautico Portegrandi by Campello Marine Rent,Noleggio barche,https://rent.campellomarine.it/portegrandi,0422 789395,"Via Marzi, 18/C",Portegrandi,,servizio@portegrandi.com,https,WordPress,Sì,OVH ISP,45,81,85.00,Sì,No
"TECNOMARINE NOLEGGIO barche a motore, barche a vela, gommoni.",Noleggio barche,https://www.tecnomarineonline.it,388 618 5412,Porto di Castelsardo,Castelsardo,,info@tecnomarineonline.it,https,WordPress,No,Aruba S.p.A.,59,73,85.00,Sì,No
PeterNautica - noleggio barche / boat rent,Noleggio barche,https://www.peternautica.com/servizi/locazione-barche,389 168 0569,"Lungara Porto, estermità, ex Molo di Levante",Mola di Bari,,,https,WordPress,No,Amazon Technologies Inc.,85,93,92.00,Sì,No
Bianchi Forniture Nautiche,Noleggio barche,http://bianchinautica.myadj.it,335 533 1997,Marina di Capo,Finale Ligure,,,https,Shopify,No,"Cloudflare, Inc.",79,100,92.00,Sì,No
Noleggio Barche Andora,Noleggio barche,https://www.noleggiobarcheandora.com,392 660 1452,"Via Aurelia, 41",Andora,,,https,WordPress,No,Google LLC,65,94,92.00,Sì,No
Noleggio gommni e barche Porticello - Lo Coco,Noleggio barche,,091 958876,Largo Santa Nicolicchia,Santa Flavia,,,,,,,,,,,
NOLEGGIO BARCHE,Noleggio barche,,351 979 2640,C.da Porto Fossa,Marzamemi,,,,,,,,,,,
FC NAUTICA NOLEGGIO RIMESSAGGIO,Noleggio barche,http://www.fcnautica.com,328 973 2517,Via Torre Fortunato,Case Nuove Russo,,info@fcnauticaweb.com,https,WordPress,Sì,One.com A/S,56,77,85.00,Sì,No
Noleggio Gommoni Surf Again Bacoli,Noleggio barche,https://noleggiogommonisurfagain.it,347 520 7024,Via Sacello di Miseno,Bacoli,,info@noleggiogommonisurfagain.it,https,WordPress,No,Netsons Network,65,89,92.00,Sì,No
Kolesterolo Boat rental,Noleggio barche,,376 132 4093,Località Bottona,Lazise,,,,,,,,,,,
Bardolino Rent Boats - Noleggio Barche Lago di Garda,Noleggio barche,http://www.bardolinorentboats.com,346 288 6677,"Punta Cornicello, Lungolago Francesco Lenotti",Bardolino,,,https,WordPress,Sì,"Cloudflare, Inc.",55,56,92.00,Sì,No
Leandro's Boat,Noleggio barche,https://leandrosboats.it,366 386 5854,"Via Don Leonardo Zangara, snc",Castellammare del Golfo,,info@leandrosboats.it,https,WordPress,Sì,Server Plan S.r.l.,90,99,100.00,Sì,No
Peschiera Boat Rent,Noleggio barche,https://www.peschieraboatrent.com,349 380 8078,"Porto Centrale, Piazza Maestro Giulio Battistoni",Peschiera del Garda,,,https,Shopify,Sì,Aruba S.p.A.,78,98,100.00,Sì,No
Noleggio Gommone Circeo,Noleggio barche,http://www.noleggiogommonecirceo.it,339 763 1092,Porto del Circeo - Piazza Enrico Fabrizi - San Felice Circeo,Terracina,,,,WordPress,Sì,Aruba S.p.A. Network,19,35,100.00,Sì,No
Noleggio Barche - Escursioni in Barca - Noleggio Barche a Diamante - Lido a Diamante,Noleggio barche,http://www.ipanemabeachdiamante.it,366 264 7449,Viale Glauco,Diamante,,,https,React,No,Google LLC,63,86,83.00,Sì,No
Nettuno di Aquilini Nicolò - Rent a boat Lake Como,Noleggio barche,http://www.nettunonoleggiobarche.it,347 305 2335,Via Vincenzo Bellini,Moltrasio,,nettunobarche@gmail.com,https,WordPress,No,SEEWEB s.r.l.,56,78,92.00,Sì,No
Garda Rent Boat,Noleggio barche,https://www.gardarentboat.com,366 160 8076,"Via Salvo D'Acquisto, 15",Sirmione,,,https,WordPress,Sì,Aruba S.p.A.,41,60,100.00,Sì,No
Noleggio Barche,Noleggio barche,http://www.campingmolveno.it,0461 141 1805,"Via Lungolago, 19",Molveno,,info@campingmolveno.it,https,Typo3,Sì,Hetzner Online GmbH,70,91,92.00,Sì,No
Marina Blu snc,Noleggio barche,,329 399 0137,Via Manzoni,Ameglia,,,,,,,,,,,
Marettimo Rentals di Torrente Roberto,Noleggio barche,https://www.marettimorentals.com,329 068 0897,"Via Gaetano Maiorana, 29",Marettimo,,info@marettimorentals.com,http,React,No,OVH SAS,56,68,92.00,Sì,No
Gardarent,Noleggio barche,https://www.gardarent.it,347 983 2209,"C/O Nautica Benaco, Via Case Sparse Serraglie, 90",Manerba del Garda,,info@gardarent.it,https,React,No,IONOS SE,42,56,92.00,Sì,No
Rent Boat & Charter Gargnano - Garda Boat Service,Noleggio barche,http://www.gardaboatservice.com,338 452 8474,"Porto di Bogliaco, Piazza Nazario Sauro",Gargnano,,info@gardaboatservice.com,https,Wix,No,Google LLC,46,65,100.00,Sì,No
Marine Dreamer srls,Noleggio barche,,328 703 9804,Villaggio Turati,Porto Tolle,,,,,,,,,,,
Adriatico Yacht,Noleggio barche,https://www.marinanuova.it,392 230 6291,Via Cristoforo Colombo 36/B C/O Marina Nuova di Porto Levante,Porto Viro,,marco_rosso@googler.com,https,React,Sì,Infomaniak Network Management,60,75,92.00,Sì,No
Noleggio Gommoni Napoli - Partenopeo,Noleggio barche,,338 148 4550,"Porto Di Nisida, 7",Napoli,,,,,,,,,,,
Noleggio Gommoni Nautica Cafarelli Napoli,Noleggio barche,https://nauticacafarelli.com,339 866 1295,"Via Ferdinando Russo, 15",Napoli,,nauticacafarelliprenotazioni@gmail.com,https,WordPress,Sì,Signet B.V.,56,96,92.00,Sì,No
Movie Yacht,Noleggio barche,https://www.movieyacht.it,327 083 1347,Via Lungomare,Marina di San Vito,,,https,React,No,Aruba S.p.A.,79,98,100.00,Sì,No
NOLEGGIO BARCHE GOMMONI,Noleggio barche,http://gommoniebarcheortona.blogspot.com,377 955 5676,Corso Garibaldi,Ortona,,,https,React,No,Google LLC,89,92,92.00,Sì,No
The Blue Corsair - Nautic Manager & Charter Nautico,Noleggio barche,https://projects-va.wixsite.com/thebluecorsair/charter,347 839 3700,"Porto Turistico Marina di, Corso Cristoforo Colombo, 1",Chiavari,,,https,React,Sì,Google LLC,28,46,100.00,Sì,No
Reggio Charter srl,Noleggio barche,http://www.reggiocharter.it,0965 25262,"Via Giuseppe de Nava, 74/g",Reggio Calabria,,,https,Shopify,Sì,"Cloudflare, Inc.",54,71,92.00,Sì,No
Noleggio imbarcazioni Gianluca,Noleggio barche,http://www.eolianboat.com,347 814 3899,ponente accanto paghiari tenda nera,Vulcano Porto,,deluca.gianluca@inwind.it,https,WordPress,No,Amazon Technologies Inc.,64,88,92.00,Sì,No
"Escursione e Noleggio Yacht, Porto Cesareo - Vip Charter",Noleggio barche,https://www.portocesareovipcharter.com,339 716 0531,"Via A. Vespucci, 62",Porto Cesareo,,,https,Joomla,No,Contabo GmbH,57,89,100.00,Sì,No
Sailing Charter S.r.l.s.,Noleggio barche,https://www.sailing-charter.it,376 057 6959,"Viale Roma, 2",Reggio di Calabria,,sailingcharter17@gmail.com,https,Magento,No,Aruba S.p.A.,35,33,82.00,Sì,No
Sea Charter,Noleggio barche,https://www.seacharter.rc.it,328 304 9368,Banchina Porto,Reggio di Calabria,,,https,Shopify,Sì,Aruba S.p.A. Network,99,100,91.00,Sì,No
Orza Charter Vela&Viaggi,Noleggio barche,https://www.orzacharter.it,039 328301,"Via Enrico Arosio, 6",Monza,,info@orzacharter.it,https,ASP.NET,No,Aruba S.p.A. Network,60,57,92.00,Sì,No
Centro Nautico Alla Deriva,Noleggio barche,https://www.alladeriva.it,345 357 3545,"Bagno 33, Lungomare Augusto Murri, 4c",Rimini,,info@alladeriva.it,https,Angular,No,Combell NV,55,72,85.00,Sì,No
Floating Resort,Noleggio barche,http://www.floatingresortrimini.it,347 930 9635,"Viale Ortigara, 80 ,47921",Rimini,,info@floating-resort.it,https,WordPress,Sì,Aruba S.p.A.,56,68,85.00,Sì,No
Relake,Noleggio barche,http://www.relake.it,345 248 0598,"Via Alla Punta, 61",Lisanza,,info@relake.it,https,WordPress,Sì,Netsons Network,49,63,92.00,Sì,No
"NAUTICA SANTA MARINA - Noleggio barche, gommoni e ormeggio boa a Salina Isole Eolie",Noleggio barche,https://www.nauticasantamarina.com,393 020 2609,Via Massimo Troisi,Santa Marina Salina,,,https,WordPress,Sì,Google LLC,32,73,92.00,Sì,No
Lele Boat Experience,Noleggio barche,https://www.leleboat.com,346 739 8343,"Via Lungomare S. Felice, 15",Punta Sabbioni,,info@leleboat.com,https,WordPress,Sì,Server Plan S.r.l.,44,77,92.00,Sì,No
bluedream - fishing & rent - noleggio gommoni e barche da pesca a San Vito Lo Capo,Noleggio barche,http://www.bluedreamrent.it,329 244 7267,"Via Faro, 10",San Vito Lo Capo,,info@bluedreamrent.it,https,Shopify,No,OVH SAS,75,99,100.00,Sì,No
Nautica Platy noleggio gommoni e barche a San Vito Lo Capo,Noleggio barche,https://www.noleggiobarchesanvitolocapo.it,320 071 8609,Via Faro,San Vito Lo Capo,,,https,WordPress,Sì,Aruba S.p.A.,41,85,85.00,Sì,No
Salento Exclusive Charter,Noleggio barche,http://salentoexclusivecharter.it,349 951 7266,Via Lungomare,Campomarino,,,https,Joomla,No,One.com A/S,61,92,100.00,Sì,No
Noleggio Gommoni Albatros Service,Noleggio barche,http://www.albatrosservice.com,347 927 8864,Porto Turistico di Palau - pontile G,Palau,,,http,ASP.NET,No,Aruba S.p.A. Network,78,98,82.00,Sì,No
MD Service Nautica NOLEGGIO GOMMONI,Noleggio barche,https://www.gommonipalau.it,347 781 2034,Porto turistico,Palau,,,https,Shopify,Sì,Servereasy Srl,62,92,100.00,Sì,No
Marina di Pallanza,Noleggio barche,http://www.marinadipallanza.com,0323 506086,"Vle Vittorio Tonolli, 17",Verbania,,info@marinadipallanza.com,https,React,Sì,ZOHO-CLOUD,59,94,92.00,Sì,No
Noleggio Gommoni - Nautica Sagiel,Noleggio barche,https://www.nauticasagiel.it,333 698 1485,Porto Turistico,Palau,,nautica.sagiel@gmail.com,https,WordPress,No,Aruba S.p.A. Network,56,86,100.00,Sì,No
Noleggio Gommoni e Imbarcazioni Palau - La Maddalena Unsalted Society,Noleggio barche,https://escursionicostasmeralda.com,335 321 369,Porto Turistico di,Palau,,,https,React,No,Aruba S.p.A. Network,50,59,92.00,Sì,No
Noleggio Barca Circeo con Skipper,Noleggio barche,https://www.saliabordo.it,338 765 7624,"Via Terracina, 266",Terracina,,info@saliabordo.it,https,React,No,Aruba S.p.A. Network,55,69,77.00,Sì,No
NOLEGGIOBARCHEPALAU,Noleggio barche,http://www.noleggiobarchepalau.it/maxiribexcursions,338 962 1717,PORTO TURISTICO PONTILE A,Palau,,info@noleggiobarchepalau.it,https,WordPress,Sì,Aruba S.p.A.,27,37,85.00,Sì,No
Escursioni - Gite in Barca Polignano a Mare - Escursioni Sofia,Noleggio barche,https://sofiaescursioni.it,331 785 6458,Via S. Vito,Polignano a Mare,,info@sofiaescursioni.it,https,Angular,Sì,Netsons s.r.l.,60,82,100.00,Sì,No
Enjoy Salento,Noleggio barche,https://www.enjoysalento.com,379 124 1433,Scalo Alaggio,Porto Cesareo,,,https,WordPress,No,Google LLC,77,96,100.00,Sì,No
Nebrodi Eolian Charter - Noleggio Barche e Gommoni Capo d'Orlando - Isole Eolie,Noleggio barche,https://www.nebrodieoliancharter.it/it,0941 195 0073,"Via Campidoglio, 30/S",Sant'Agata di Militello,,info@nebrodieoliancharter.it,https,React,Sì,Serverplan s.r.l.,35,66,83.00,Sì,No
Nautica Lierna,Noleggio barche,http://www.nauticalierna.com,366 984 0093,"Via Roma, 170",Lierna,,,http,WordPress,No,OVH SAS,98,100,91.00,Sì,No
Taxi Boat Lierna,Noleggio barche,https://taxiboatlierna.it,331 836 0266,"Via Roma, 170",Lierna,,info@taxiboatlierna.com,https,React,Sì,OVH SAS,44,46,92.00,Sì,No
Vela Play,Noleggio barche,https://velaplay.it,335 269 797,"Via S. Felice, 2",Chioggia,,,https,WordPress,No,Google LLC,73,76,77.00,Sì,No
Star Charter Noleggio Imbarcazioni,Noleggio barche,,335 133 5036,"SS7, 41 loc",San Clemente,,,,,,,,,,,
Centro Nautico Porticcioli Di Manovali Davide E C.(S.A.S.),Noleggio barche,,0365 41476,"Via Porticcioli, 7",San Felice del Benaco,,,,,,,,,,,
Cilento Waves Noleggio Locazione Barche e Gommoni,Noleggio barche,https://www.cilentowaves.it,344 280 6404,"Via Angelo Lista, 30",Marina di Casal Velino,,info@cilentowaves.it,https,React,Sì,Aruba S.p.A.,54,63,100.00,Sì,No
Giorgio Gnecco Nautica,Noleggio barche,http://www.giorgiognecco.com,338 917 7673,"Molo Duca degli Abruzzi, Via Langano",Rapallo,,info@giorgiognecco.cim,https,Nicepage,No,Aruba S.p.A. Network,59,96,82.00,Sì,No
Lerici Boat Rent,Noleggio barche,https://www.lericiboatrent.com,345 483 9106,Calata Mazzini Molo,Lerici,,,https,Wix,Sì,Google LLC,72,94,100.00,Sì,No
Terra e Acqua di Paolo dei Rossi,Noleggio barche,https://www.terraeacqua.com,340 664 9480,"Dorsoduro, 3485/a",Venezia,,,https,React,No,Aruba S.p.A.,59,78,92.00,Sì,No
Escursioni in Barca Riviera del Conero - Ancona,Noleggio barche,https://www.noleggiobarcheancona.it,071 888240,Via Flaminia s.n (Torrette,Ancona,,lavecchiapesca@gmail.com,https,React,Sì,Netsons s.r.l.,51,44,100.00,Sì,No
BlueTour,Noleggio barche,,351 777 5835,"Riviera Armando Diaz, 131",Gallipoli,,,,,,,,,,,
FATABOAT noleggio barche Arona,Noleggio barche,https://noleggiobarchearona.it,349 626 2983,"Via del Porto, 5",Arona,,,https,WordPress,No,Combell NV,73,80,100.00,Sì,No
Marco Carani Nautica Yachting Service,Noleggio barche,https://www.marcocaraninautica.it,0831 364096,"Via Petrolla, 54",Villanova,,info@marcocaraninautica.it,http,WordPress,Sì,Aruba S.p.A.,56,84,85.00,Sì,No
Noleggio barche marzamemi club nautico,Noleggio barche,,388 127 4141,"Viale Paolo Calleri, 89/101",Marzamemi,,,,,,,,,,,
Nautica Rent,Noleggio barche,http://www.nauticarent.it,342 503 5122,Lungomare,Marina di Montenero,,,https,WordPress,Sì,Google LLC,40,84,100.00,Sì,No
Noleggio barche e gommoni Panarea. DaCafio. Gite in barca Panarea Stromboli,Noleggio barche,http://www.dacafio.it,334 912 5951,Via Comunale Mare,Panarea,,cafio@live.it,https,WordPress,Sì,Beyond.pl sp. z o.o.,0,84,77.00,Sì,No
Noleggio Gommoni Pileri Service,Noleggio barche,http://www.pileriservice.com,380 721 1550,07038 costa Paradiso,Trinità d'Agultu e Vignola,,e.pileri@libero.it,https,React,No,Aruba S.p.A. Network,54,60,77.00,Sì,No
Noleggio barche Bordighera,Noleggio barche,http://www.affittabarche.it,353 469 0407,Via Arziglia,Bordighera,,,https,Shopify,No,Keliweb S.R.L,0,78,100.00,Sì,No
Miseno Sea noleggio gommoni,Noleggio barche,,331 325 2135,"Via della Shoah, 35",Bacoli,,,,,,,,,,,
"Sicily Boats - Escursioni, Noleggio barche, Gommoni, Pesca, Luxury Tour, Rental, Eventi, Party in AVOLA",Noleggio barche,https://www.sicilyboats.it,327 020 7488,"Via Elsa Morante, 3",Avola,,,https,WordPress,No,Aruba S.p.A. Network,48,62,92.00,Sì,No
Wolf Rent Boat,Noleggio barche,https://wolfrentboat.it,351 777 4968,"Via Miseno, 125",Bacoli,,info@wolfrentboat.it,https,WordPress,Sì,Server Plan S.r.l.,59,75,92.00,Sì,No
Enjoygargano,Noleggio barche,https://enjoygargano.com,346 147 0791,Porto di Vieste,Vieste,,enjoygargano@gmail.com,https,Shopify,No,Serverplan s.r.l.,66,61,92.00,Sì,No
Blue Marine - Noleggio Barche - Gommoni,Noleggio barche,,338 845 5231,Porto di Marina SA IT,Marina di Casal Velino,,,,,,,,,,,
Ares Turismo Boat Rent Alghero,Noleggio barche,http://www.aresturismo.it,333 727 2487,Lungomare Barcellona,Alghero,,info@aresturismo.it,https,React,No,Aruba S.p.A. Network,57,72,85.00,Sì,No
Attilio & Rita noleggio barche,Noleggio barche,http://www.noleggiobarcheponza.it,338 265 2532,cala dell’acqua,Ponza,,info@noleggiobarcheponza.it,,WordPress,No,Netsons Network,62,81,85.00,Sì,No
Nautica Rent,Noleggio barche,http://www.nauticarent.it,342 503 5122,Lungomare,Marina di Montenero,,hornoisebastian@yahoo.it,https,WordPress,Sì,Google LLC,40,83,100.00,Sì,No
Noleggio Gommoni Lo Squalo Bianco,Noleggio barche,http://www.losqualobianco.com,338 650 6631,"Via Ulisse, 1",Conca Verde,,info@losqualobianco.com,https,WordPress,Sì,Google LLC,63,84,100.00,Sì,No
Adriatico Sail Charter,Noleggio barche,,338 602 2734,"Via Valle Agosta, 39",Porto Corsini,,,,,,,,,,,
Noleggio Barche Salerno AR Nautica,Noleggio barche,http://www.arnauticasalerno.it,380 432 4469,"Via Porto, 78",Salerno,,info@arnautica.it,https,WordPress,Sì,Aruba S.p.A. Network,56,72,100.00,Sì,No
Noleggio Barche Cala dell'Acqua,Noleggio barche,https://noleggio-barche-la-fontana.webnode.it,393 608 6925,Cala dell'Acqua Le Forna Civita,Le Forna,,francescoinfante968@gmail.com,https,React,No,Amazon Technologies Inc.,66,97,69.00,Sì,No
Flycharter,Noleggio barche,,347 345 2486,Via Napoli,Genzano di Roma,,,,,,,,,,,
Sea Boat Noleggi,Noleggio barche,http://www.seaboatnoleggi.it,329 756 0049,"Via Livorno, Snc",Marina di Ragusa,,info@seaboatnoleggi.it,https,WordPress,Sì,Aruba S.p.A. Network,14,31,100.00,Sì,No
Asterix Noleggio gommoni,Noleggio barche,https://asterixponza-it.webnode.it,377 413 7698,"10, Via Dante Alighieri, 11",Ponza,,luserto@hotmail.com,https,Webnode,No,Amazon Technologies Inc.,76,100,92.00,Sì,No
Emerald Cruises Freedom - Noleggio gommoni con skipper tour privati La Maddalena,Noleggio barche,https://www.emeraldcruises.it,351 750 5141,"Via Cala Chiesa, 52",La Maddalena,,info@emeraldcruises.it,https,Shopify,Sì,Netsons Network,57,83,100.00,Sì,No
Argonauti Yachting: Tour Operator delle Vacanze in Barca in tutto il mondo,Noleggio barche,http://www.argonautiyachting.it,349 450 8902,"Via S. Francesco D'Assisi, 47",Ciampino,,info@argonautiyacthng.it,https,Angular,No,Google LLC,12,15,50.00,Sì,No
All Sailing srls,Noleggio barche,https://www.all-sailing.it,393 073 0056,"Via Amerigo Vespucci, 9 Porto di Nettuno",Nettuno,,info@all-sailing.it,https,WordPress,Sì,Netsons s.r.l.,47,68,85.00,Sì,No
Sperlonga Escursioni,Noleggio barche,http://www.sperlongaescursioni.it,366 810 5200,"Via del Porto, 3",Sperlonga,,sperlongaescursioni@gmail.com,https,WordPress,No,Server Plan S.r.l.,76,62,100.00,Sì,No
Noleggio Gommoni - Coco Boat,Noleggio barche,,346 737 1917,"Via della Shoah, 33",Bacoli,,,,,,,,,,,
Happy Sailing - Yacht Sale & Charter,Noleggio barche,http://www.happysailing.it,344 264 2246,"Box 8E - Happy Sailing, Via Amerigo Vespucci",Nettuno,,info@happysailing.it,https,React,No,HOSTINGER DE,61,79,100.00,Sì,No
Barcheria Laghetto dell’Eur,Noleggio barche,http://www.labarcheria.it,348 576 2759,"Viale Oceania, Passeggiata del Giappone",Roma,,labarcheria@gmail.com,https,React,Sì,Aruba S.p.A.,47,47,100.00,Sì,No
Nolo Elena barche elettriche pedalò canoe,Noleggio barche,https://sites.google.com/view/noloelena/home-page,349 377 3254,"Viale del Lago, 202",Scanno,,,https,Angular,No,Google LLC,56,84,75.00,Sì,No
Gaeta Barche - Noleggio Escursioni,Noleggio barche,https://www.barchegaeta.it,379 213 4118,"Lungomare Giovanni Caboto, 93",Gaeta,,info@gaetabarche.com,https,WordPress,No,Aruba S.p.A.,64,92,100.00,Sì,No
Yachting Experience - Noleggio Barche a Vela,Noleggio barche,http://www.yachting-experience.com,339 857 1906,"Via Amerigo Vespucci, 5",Nettuno,,,https,React,Sì,Google LLC,53,71,100.00,Sì,No
NOLO PEPPE,Noleggio barche,,331 446 1720,Viale del Lago,Scanno,,,,,,,,,,,
Mina Vagante Sail - Vacanze in barca a vela isole Pontine,Noleggio barche,https://www.minavagantesail.com,329 915 4075,Marina di,Nettuno,,info@minavagantesail.com,https,Shopify,Sì,Aruba S.p.A.,55,74,92.00,Sì,No
"Mare & Vento Vacanze in Barca a Vela alle Isole Pontine, weekend Ponza e Palmarola",Noleggio barche,https://www.mareevento.com/vacanze-e-weekend-in-barca-a-vela-isole-pontine-ponza-palmarola-e-ventotene,333 580 1356,"Via Giovannipoli, 20",Roma,,,https,WordPress,Sì,Aruba S.p.A. Network,48,57,92.00,Sì,No
GecoSail,Noleggio barche,http://gecosail.it,351 808 4476,"Via Veio, 51",Roma,,book@gecosail.it,http,Joomla,No,Aruba S.p.A. Network,63,84,100.00,Sì,No
Nautica Sant'Anastasia,Noleggio barche,,333 980 6679,"Via Sant'Anastasia, 5912",Rio Claro,,,,,,,,,,,
Mareventi Charter Nettuno,Noleggio barche,https://www.mareventicharternettuno.it,335 549 5516,"Via Amerigo Vespucci, 1",Nettuno,,info@mareventicharternettuno.it,https,React,Sì,Serverplan s.r.l.,35,73,100.00,Sì,No
Sea Boat - Noleggio Gommoni,Noleggio barche,,348 870 7868,"Via S. Sosio, 19",Bacoli,,,,,,,,,,,
Traiano Yachting Services,Noleggio barche,http://www.traianoys.com,0766 21012,"S.S. Aurelia Km 67,580",Civitavecchia,,,http,ASP.NET,No,Aruba S.p.A. Network,91,100,91.00,Sì,No
Noleggio Barche - Noleggio a Vela Civitavecchia A.S.D. Vito Dumas,Noleggio barche,http://vitodumascharter.it,333 873 2312,"Via Maurice Ravel, 4",Civitavecchia,,info@vitodumascharter.it,http,Joomla,No,Aruba S.p.A. Network,74,86,100.00,Sì,No
Cocò Noleggio Barche,Noleggio barche,http://www.coconoleggio.it,338 894 1314,via banchina tenente di fazio,Ponza,,info@coconoleggio.it,https,WordPress,Sì,Aruba S.p.A. Network,36,43,100.00,Sì,No
F.C.N. YACHT - CHARTER,Noleggio barche,,366 324 4510,"VIA AURELIA SUD KM67, 580",Civitavecchia,,,,,,,,,,,
AM Charter srl Noleggio Yacht,Noleggio barche,http://www.am-charter.com,0766 501217,"Via Aurelia Nord, km 67,45",Civitavecchia,,info@am-charter.com,https,Shopify,No,Contabo GmbH,79,97,100.00,Sì,No
Noleggio barche Tritone,Noleggio barche,,338 475 5945,"Via Mamozio, snc",Ponza,,,,,,,,,,,
Noleggio Barche,Noleggio barche,,320 153 6114,Via Marco Polo,Colle D'alba,,,,,,,,,,,
Ecosailing82,Noleggio barche,,339 166 030,Porto di,Giulianova,,,,,,,,,,,
Affitto Barca,Noleggio barche,http://www.affittobarca.it,328 904 7974,"Via delle Volte, 9",Porto Badino,,info@affittobarca.it,https,Shopify,No,Server Plan S.r.l.,49,55,100.00,Sì,No
Amazingchater - noleggio imbarcazioni e yacht con skipper,Noleggio barche,,0734 674670,Lungomare Antonio Gramsci,Porto San Giorgio,,,,,,,,,,,
Noleggio Gommone Terracina - Asso,Noleggio barche,http://noleggiogommoneasso.it,338 222 0975,Via Mortacino,Terracina,,rosinadisauro@gmail.com,https,WordPress,Sì,TransIP BV,56,93,85.00,Sì,No
Nautica Massetti,Noleggio barche,https://nauticamassetti.com,351 671 5945,"Lungomare Sirena, 1",Tortoreto,,info@nauticamassetti.com,https,Joomla,Sì,Server Plan S.r.l.,57,80,92.00,Sì,No
Noleggio Barche 24,Noleggio barche,,329 587 8698,Contrada Torrenova,Potenza Picena,,,,,,,,,,,
Noleggio Gommoni - Ponza Experience,Noleggio barche,https://www.ponza-experience.com,375 581 9488,Via Passarelle,Terracina,,info@ponza-experience.com,https,Vue,Sì,Netsons s.r.l.,37,61,85.00,Sì,No
SAILWAY,Noleggio barche,http://www.kosmoseu.com,366 433 5881,"Via Beinasco, 2",Roma,,info@kosmoseu.com,https,Shopify,No,"Cloudflare, Inc.",65,81,100.00,Sì,No
Spina Rent Boats,Noleggio barche,,329 428 8246,Lago di Vico,Ronciglione,,,,,,,,,,,
Color Charter S.r.l.,Noleggio barche,http://www.colorcharter.com,347 226 5070,"Via Giuseppe Ferrari, 2",Roma,,info@colorcharter.com,https,Squarespace,No,"Squarespace, Inc.",40,65,85.00,Sì,No
Dama Yachting,Noleggio barche,,391 716 3079,"Via Prenestina, 1232",Roma,,,,,,,,,,,
Mare Blu Srl,Noleggio barche,,06 8066 4570,"Via Antonio Bertoloni, 33",Roma,,,,,,,,,,,
Outcage Sailing Yacht Roma,Noleggio barche,http://www.outcageviaggi.com,06 5654 9685,"P.za Barberini, 45",Roma,,info@outcageviaggi.com,https,WordPress,Sì,Google LLC,55,74,92.00,Sì,No
noleggio gommone belvedere anzio,Noleggio barche,https://www.clickandboat.com/it/noleggio-barche/anzio/gommone/gommonautica-g43-2jg2v7k,331 888 2844,"Via Porto Neroniano, 37",Anzio,,166df738338a4bcfc7181e61b5832c25@o417216.ingest.sentry.io,https,React,No,"Amazon.com, Inc.",49,67,61.00,Sì,No
MACA vacanze in barca a vela,Noleggio barche,,345 323 8691,"Via Porto Innocenziano, 12",Anzio,,,,,,,,,,,
BackOnBoat,Noleggio barche,https://backonboat.it,389 151 7257,"Via Mortacino, 58",Terracina,,,https,Shopify,Sì,"Cloudflare, Inc.",61,94,92.00,Sì,No
Anzio Boat,Noleggio barche,,348 478 5620,Via Molo Innocenziano,Anzio,,,,,,,,,,,
Noleggio barche e gommoni,Noleggio barche,http://centronauticolaziale.it,327 690 4734,"Via Pontina, 5",Terracina,,aquariuscharter@gmail.com,https,WordPress,Sì,Google LLC,65,69,100.00,Sì,No
deep_D_Ark - Noleggio Barche Napoli,Noleggio barche,http://www.d-ark.it,340 218 7731,molo luise,Napoli,,,https,WordPress,Sì,Google LLC,70,92,100.00,Sì,No
Noleggio Gommoni La Tua Isola,Noleggio barche,https://latuaisola.it,339 245 8279,"Via Lucullo, 75",Bacoli,,latuaisolabacoli@libero.it,https,WordPress,Sì,Google LLC,70,97,100.00,Sì,No
YachtMaster,Noleggio barche,,392 432 4464,"Molo Vespucci, snc",Formia,,,,,,,,,,,
Circolo Nautico Casevecchie | Noleggio Gommoni,Noleggio barche,http://www.circolonauticocasevecchie.it/it,338 649 1625,"Via Miseno, 167",Bacoli,,,,WordPress,Non trovato,Keliweb S.R.L,76,97,83.00,No - Pagina Non Trovata (404),No
Bullet Marine,Noleggio barche,,342 800 8743,"Via Vitruvio, 144",Formia,,,,,,,,,,,
Noleggio barche vela - Charter Napoli,Noleggio barche,https://www.mediterraneachartersud.com,335 825 5155,Via Giardini Molosiglio,Napoli,,,https,WordPress,No,Seflow S.N.C. Di Marco Brame' & C.,61,85,100.00,Sì,No
Gioacchino Esposito - Noleggio Barche,Noleggio barche,http://www.boatsamalfi.it,328 649 4192,Via Lungomare dei Cavalieri,Amalfi,,,https,React,Sì,"Cloudflare, Inc.",55,57,100.00,Sì,No
NS3000Rent Srl Noleggio Barche a Salerno,Noleggio barche,http://salernobarche.it,388 114 0189,"Molo Masuccio, Piazza della Concordia",Salerno,,,https,Shopify,No,Netsons s.r.l.,75,77,82.00,Sì,No
Oltremare Charter Srl,Noleggio barche,,320 414 9638,"Lungomare Caboto fronte, Piazza Bonelli",Gaeta,,,,,,,,,,,
Nautica Morgera noleggio assistenza nautica barche gommoni ischia,Noleggio barche,https://www.nauticamorgera.it,347 503 6638,"Via degli Agrumi, 25",Forio,,nauticamorgera@gmail.com,https,React,No,Aruba S.p.A.,63,91,82.00,Sì,No
Noleggio Barche Ananda Sail Roma,Noleggio barche,,335 632 1704,"Lungomare Duca degli Abruzzi, 84",Lido di Ostia,,,,,,,,,,,
HouseboatFrancia - Noleggio Houseboat in Francia,Noleggio barche,https://www.houseboatfrancia.it,371 415 1138,"Via Monte Giberto, 47",Roma,,,https,Shopify,No,Servereasy Srl,80,98,100.00,Sì,No
"Love Boat Suite Rome, Boat&Breakfast",Noleggio barche,https://www.lafinestrasultevere.com,335 828 2812,"Via Costalunga, 31",Fiumicino,,,https,React,Sì,Server Plan S.r.l.,47,61,92.00,Sì,No
Dimensione Blu,Noleggio barche,https://dimensioneblu.it,350 163 4052,"Via S. Cesareo, 71",Rocca Priora,,info@dimensioneblu.it,https,Magento,Sì,Google LLC,54,66,100.00,Sì,No
Kolpos - Noleggio e servizi nautici Formia,Noleggio barche,,380 264 8324,Via Porto Caposele,Formia,,,,,,,,,,,
Guaza Yachts & Charter | Gaeta,Noleggio barche,https://www.guazacharter.com,338 718 0856,"Lungomare Giovanni Caboto, 528",Gaeta,,info@guazacharter.com,https,React,Sì,Aruba S.p.A.,55,83,100.00,Sì,No
My Way Charter,Noleggio barche,,351 507 6888,Lungomare Giovanni Caboto,Gaeta,,,,,,,,,,,
Porto Antico Gaeta Santamaria Srl,Noleggio barche,http://www.portoanticogaeta.it,333 222 5430,"Via Docibile, 34",Gaeta,,info@portoanticogaeta.it,https,WordPress,No,Aruba S.p.A. Network,56,71,92.00,Sì,No
SC Luxury Charter,Noleggio barche,https://scluxurycharter.com,339 578 6421,"Presso Porto Antico Santamaria, Via Docibile",Gaeta,,,https,Joomla,No,OVH SAS,51,63,100.00,Sì,No
TAXI BOAT SALO',Noleggio barche,http://www.taxiboatsalo.it,351 341 6949,Piazza Decorati al Valor Civile,Salò,,,https,Joomla,Sì,OVH ISP,70,97,92.00,Sì,No
Play Rent Noleggio gommoni,Noleggio barche,,338 818 1665,"C.so della Repubblica, 319",Cisterna di Latina,,,,,,,,,,,
Noleggio Barca a Vela con Skipper Sea e Air,Noleggio barche,https://www.ipicchi.it/barca.html,347 777 8149,"Marina Sveva, molo E19",Montenero di Bisaccia,,,https,Nuxt.js,No,Aruba S.p.A. Network,83,99,100.00,Sì,No
King Boat Porto Cesareo,Noleggio barche,http://www.kingboatportocesareo.it,379 283 9152,Via Bissolati,Porto Cesareo,,,,ASP.NET,No,Aruba S.p.A,63,89,100.00,Sì,No
Uniko Charter srl,Noleggio barche,http://www.unikocharter.com,335 605 2856,"Via Tuscania, snc",Orte,,booking@unikocharter.com,https,WordPress,No,Moviement srl,57,75,83.00,Sì,No
Circeo Mare,Noleggio barche,http://www.circeomare.it,0773 542638,"Viale Europa, 47",San Felice Circeo,,info@circeomare.it,https,ASP.NET,No,Aruba S.p.A. Network,97,87,83.00,Sì,No
Virgo Maris (La Fenice s.r.l.s.),Noleggio barche,,377 098 2226,"C.so della Repubblica, 581",Cisterna di Latina,,,,,,,,,,,
Conero Holiday,Noleggio barche,,379 271 9782,Via Mascino,Ancona,,,,,,,,,,,
Noleggio Gommoni La Torre Di Massimo Boriani,Noleggio barche,,333 204 9944,"Via Mascino, 5L",Ancona,,,,,,,,,,,
Supernautica Boat Service,Noleggio barche,http://supernauticabs.it,337 636 156,"Via Scossicci, 12/a",Porto Recanati,,,https,WordPress,No,Aruba S.p.A.,65,96,85.00,Sì,No
Nautica Cala Feola,Noleggio barche,,348 811 0202,Via Provinciale Le Forna,Le Forna,,,,,,,,,,,
Noleggio Ponza Palmarola Sacs S 780,Noleggio barche,,392 171 0425,"Via Mortacino, 82c",Terracina,,,,,,,,,,,
Nautica Vega,Noleggio barche,http://www.prolocodiponza.it/it/informazioni-utili/operatori-nautici/noleggio-imbarcazioni/78-nautica-vega.html,333 255 7708,Via Dante Alighieri,Ponza,,info@prolocodiponza.it,http,React,No,Aruba S.p.A.,57,67,92.00,Sì,No
NOLEGGIO BARCHE B.A RENT BOAT,Noleggio barche,,333 682 6143,Molo Manfredi porto di Salerno,Salerno,,,,,,,,,,,
Sunrise Charter srl - Noleggio Barche,Noleggio barche,http://www.sunrise-charter.com,335 538 8436,"Via Monte Cadria, 9",Fiumicino,,,http,React,No,Aruba S.p.A. Network,57,64,92.00,Sì,No
Venti ed Eventi,Noleggio barche,https://www.ventiedeventi.com,329 954 2400,"Str. Vozza, 29",Latina,,,https,Joomla,No,Aruba S.p.A.,48,94,92.00,Sì,No
Barche Charter,Noleggio barche,http://www.barchecharter.net,334 127 9479,"Via Eusebio Chini, 58",Roma,,barchecharter@gmail.com,https,WordPress,No,Aruba S.p.A. Network,74,99,92.00,Sì,No
Boat Experiences noleggio barche,Noleggio barche,http://www.boatexperiences.it,389 040 3906,"Viale Roma, 132",San Marzano Sul Sarno,,,https,React,No,"Fastly, Inc.",0,63,73.00,Sì,No
Emotion Sail - Noleggio Barche a Vela,Noleggio barche,https://www.emotion-charter.it,340 667 7964,Via Roma,Procida,,,https,WordPress,No,Aruba S.p.A. Network,44,49,92.00,Sì,No
SLOA,Noleggio barche,http://www.sloa.it,375 553 3844,"Via Sarinola, 6",Formia,,gaeta@sloa.it,https,WordPress,No,Aruba S.p.A. Network,78,74,85.00,Sì,No
Stradivaria - Rome Luxury Boat Rental,Noleggio barche,http://www.stradivaria.it,342 758 0022,Lungotevere Arnaldo da Brescia,Roma,,info@stradivaria.it,https,WordPress,Sì,Google LLC,55,67,85.00,Sì,No
Sea & Sea S.r.l.,Noleggio barche,http://sea-seacharters.com,06 6452 5818,"P.le Clodio, 22",Roma,,info@sea-seacharters.com,https,Shopify,No,Google LLC,38,39,100.00,Sì,No
The Boat Week,Noleggio barche,,351 736 3022,Via Rasella,Roma,,,,,,,,,,,
BARCHE IN AFFITTO,Noleggio barche,http://barcheinaffitto.com,329 661 7376,"Via Guido Vincon, 7",Lido di Ostia,,info@barcheinaffitto.com,https,WordPress,No,Google LLC,79,85,100.00,Sì,No
Sea Rent And Rescue,Noleggio barche,http://www.maredelcilento.com,339 698 9993,Via Porto,Castellabate,,,http,ASP.NET,No,Aruba S.p.A. Network,66,95,100.00,Sì,No
Monica Charter,Noleggio barche,https://www.monicacharter.it,392 237 5696,"Lungomare Duca degli Abruzzi, 84",Lido di Ostia,,info@monicacharter.it,https,WordPress,Sì,Aruba S.p.A.,64,94,92.00,Sì,No
Polisportiva nausicaa,Noleggio barche,,349 338 2466,Via dell'Idroscalo,Lido di Ostia,,,,,,,,,,,
Scoglietto boat Fiumicino,Noleggio barche,https://sites.google.com/view/scoglietto-boat-fiumicino/home,340 562 7112,Via Costalunga,Fiumicino,,elisabetta.amori@yahoo.it,https,React,No,Google LLC,53,90,75.00,Sì,No
Alto Mare Charter,Noleggio barche,http://altomarecharter.com,346 333 3685,"V. Aurelia, 641",Roma,,info@altomarecharter.com,https,React,No,Aruba S.p.A.,47,64,100.00,Sì,No
NOLEGGIO BARCHE SALERNO,Noleggio barche,https://www.noleggiobarchesalerno.it,338 777 5373,Via Molo Manfredi,Salerno,,,,WordPress,Sì,Iomart Hosting,38,52,77.00,Sì,No
Marticana Boat,Noleggio barche,,379 252 4342,Via S. Nicola a Mare,Ponte San Nicola,,,,,,,,,,,
Yacht and Tours,Noleggio barche,https://yachtandtours.com,333 600 0950,"Via Salvatore di Giacomo, 15",Castellammare di Stabia,,,https,Shopify,No,"Amazon.com, Inc.",45,65,100.00,Sì,No
Salentomnia,Noleggio barche,,333 304 6970,"SP286, 29",Porto Cesareo,,,,,,,,,,,
Geppe Primo Charter,Noleggio barche,https://www.geppeprimocharter.it,338 728 8616,"Via Lecce, 147",Gallipoli,,gepperimocharter@gmail.com,https,WordPress,No,Aruba S.p.A. Network,88,98,92.00,Sì,No
Sestante Noleggi,Noleggio barche,https://sestantenoleggi.it,388 754 9179,Via Bissolati,Porto Cesareo,,info@sestantenoleggi.it,https,React,No,Serverplan S.r.l.,59,89,100.00,Sì,No
Pontile 1 Noleggio Imbarcazioni nautica Mancuso,Noleggio barche,,328 443 5093,"Via Scalo Marittimo, 4",Trabia,,,,,,,,,,,
Noleggio Gommoni -Scilla Boat Experience,Noleggio barche,https://scillaboatexperience.it,347 759 5595,Via Grotte,Scilla,,,https,WordPress,No,Google LLC,60,97,100.00,Sì,No
Cantiere Mostes Umberto & C. Snc Di Mostes Maurizio,Noleggio barche,https://mostes-faggeto.com,346 310 4529,"Via alle Rive, 19",Faggeto Lario,,,https,Basekit,No,Aruba S.p.A.,54,51,100.00,Sì,No
"TECNOMARINE Di Bellenfant Valerie F. Manutenzioni nautiche, Rigging, Veleria, Noleggio Barche, Rimessaggio",Noleggio barche,http://www.tecnomarineonline.it,079 412 4386,"Lu Ponti, 20",Castelsardo,,info@tecnomarineonline.it,https,WordPress,No,Aruba S.p.A.,57,73,85.00,Sì,No
Circeo Mare Srl,Noleggio barche,,0773 549335,"Via Giacomo Leopardi, 35",San Felice Circeo,,,,,,,,,,,
MB Alyssa Noleggio barche con skipper,Noleggio barche,https://www.noleggioponza.it,379 247 4824,Via Banchina di Fazio,Ponza,,,,WordPress,No,Netsons s.r.l.,66,91,100.00,Sì,No
Zio Jack Ponza Noleggio Barche,Noleggio barche,http://ziojackponza.it,349 556 0424,Discesa Le Piscine naturali,Le Forna,,ziojackponza@gmail.com,https,WordPress,No,IONOS SE,53,55,92.00,Sì,No
Gentlemen Pirates,Noleggio barche,http://gentlemenpirates.org,351 975 6663,"Via Pontina, Km.47/015",Aprilia,,,https,WordPress,No,Aruba S.p.A.,94,99,92.00,Sì,No
Lario Como Boat,Noleggio barche,https://lariocomoboat.it,375 563 9387,Viale Geno,Como,,info@lariocomoboat.it,https,WordPress,Sì,Aruba S.p.A.,54,84,100.00,Sì,No
Ac Boat,Noleggio barche,https://www.acboatrentals.com,345 901 0694,"Lungolago, Viale Benedetto Castelli",Menaggio,,acboat@hotmail.it,https,WordPress,Sì,Netsons Network,62,69,100.00,Sì,No
Como Boat Life - Rent a boat in Como,Noleggio barche,https://www.comoboatlife.com,376 239 9060,Via Per Cernobbio,Como,,,https,WordPress,Sì,Aruba S.p.A. Network,53,61,85.00,Sì,No
Newton Rent a Boat,Noleggio barche,http://www.rentland.it,380 843 5253,"Via Statale, 176",Dongo,,,https,React,Sì,Google LLC,16,52,100.00,Sì,No
Yaky Boats srl,Noleggio barche,,393 610 1945,"Viale XVIII Dicembre, 43",Latina,,,,,,,,,,,
SAILUXE - Luxury Catamaran Holidays,Noleggio barche,https://www.sailuxe.it,06 4006 0490,"Via Calabria, 11",Roma,,,https,React,Sì,Hetzner Online GmbH,40,82,92.00,Sì,No
Noleggio barche e gommoni Luna rossa,Noleggio barche,http://www.noleggiolunarossa.it,346 751 0145,Mattinata FG Contrada Agnuli,Mattinata,,,https,React,No,Google LLC,63,95,100.00,Sì,No
Poseidon - noleggio barche e gommoni,Noleggio barche,https://www.poseidonfishing.net,393 910 2615,Via Cala Capra,Palau,,,https,React,Sì,Aruba S.p.A.,48,82,100.00,Sì,No
Barcando - Office,Noleggio barche,https://www.barcando.it,06 9450 7580,"Lungomare Duca degli Abruzzi, 84",Roma,,info@barcando.it,https,Django,Sì,Hetzner Online GmbH,69,75,100.00,Sì,No
Sfizio di mare,Noleggio barche,,349 743 7857,cala del acqua,Ponza,,,,,,,,,,,
Nautica Ciccio Nero,Noleggio barche,https://www.isolaponza.it,0771 80697,Via Banchina Nuova,Ponza,,,https,React,Sì,Google LLC,78,91,100.00,Sì,No
Noleggio barche Paradise,Noleggio barche,,348 952 1546,Via Banchina Nuova,Ponza,,,,,,,,,,,
"Motobarca Carla, noleggio barca con skipper",Noleggio barche,https://www.motobarcacarla.com,347 822 6014,Via Banchina di Fazio,Ponza,,apopeiciprian48@gmail.com,https,WordPress,Sì,Aruba S.p.A.,56,85,85.00,Sì,No
SDY luxury charter,Noleggio barche,,324 614 7670,"C.so della Repubblica, 270",Cisterna di Latina,,,,,,,,,,,
Nautica Bertelli,Noleggio barche,https://www.nauticabertelli.it,035 911302,"Via Mazzini, 3b",Paratico,,,https,React,No,Aruba S.p.A,88,99,100.00,Sì,No
Donna Marcella Charter noleggio gommoni Pisciotta/Palinuro,Noleggio barche,http://www.donnamarcellacharter.it,331 757 4952,Via Matteo Sabino,Pisciotta,,,http,WordPress,Sì,Aruba S.p.A,63,88,100.00,Sì,No
Pisciotta Charter Noleggio Gommoni,Noleggio barche,http://www.pisciottacharter.com,349 751 2298,Porto di Pisciotta,Pisciotta,,salvatorepecoraro55@libero.it,https,WordPress,No,Aruba S.p.A. Network,73,95,83.00,Sì,No
Rent boat blue sea,Noleggio barche,http://www.rentboatbluesea.com,347 058 4523,"Lungomare Cristoforo Colombo, 91",Vieste,,,https,React,No,Google LLC,52,51,73.00,Sì,No
PARALLELO 41 CHARTER,Noleggio barche,,348 7073 0671,Via Scalo Marittimo Sud 18 c/o Centro Ormeggi,Vieste,,,,,,,,,,,
Mazzone Centro Marine,Noleggio barche,http://www.mazzonemarine.it,338 584 6117,"Mattinata Contrada Agnuli, Darsena di",Mattinata,,,https,WordPress,No,Hostpoint AG,76,76,83.00,Sì,No
Noleggio gommoni Poseidone,Noleggio barche,https://gratis-5134116.webadorsite.com,375 666 9417,"Contrada, Largo Agnuli",Mattinata,,,https,React,No,Google LLC,73,86,92.00,Sì,No
Felicità Canados 24,Noleggio barche,https://www.felicitacanados24.com,328 979 2431,Via Scalo Marittimo,Rodi Garganico,,,https,Wix,No,Google LLC,73,95,85.00,Sì,No
Vipa Rent Boat,Noleggio barche,https://viparentboat.it,351 574 3848,Via Venezia,Vieste,,info@viparentboat.it,https,WordPress,No,Server Plan S.r.l.,56,83,100.00,Sì,No
Noleggio Catamarano,Noleggio barche,http://www.mediterraneayachting.com,333 345 7782,"Lungomare del Sole, 1",Manfredonia,,info@mediterraneayachting.com,https,WordPress,Sì,Netsons s.r.l.,64,89,100.00,Sì,No
Noleggio barche Il Capitano,Noleggio barche,https://www.noleggiobarcheilcapitano.it,379 234 1713,"Porto Turistico, Via Venezia",Vieste,,,https,React,No,Aruba S.p.A. Network,57,88,100.00,Sì,No
Noleggio barche senza patente - I.M. BOAT di Ismaele Merola,Noleggio barche,https://www.portodiotranto.it/noleggio-locazione-affitto-di-imbarcazioni-nel-porto-di-otranto-con-e-senza-patente-nautica,350 002 3435,Via del Porto,Otranto,,,,WordPress,Non trovato,Seeweb srl,65,93,50.00,No - Pagina Non Trovata (404),No
Antalia Sailing,Noleggio barche,,347 361 4909,"Via Amerigo Vespucci, 1",Nettuno,,,,,,,,,,,
BaiaYachting,Noleggio barche,http://www.baiayachting.com,351 645 5069,"V.le Giacomo Matteotti, snc",Nettuno,,,https,Shopify,Sì,Irideos S.P.A.,56,65,100.00,Sì,No
Gnowee | Noleggio Barche con patente e senza a Trieste,Noleggio barche,http://www.gnoweenoleggiobarche.com,377 457 4168,"Località Villaggio del pescatore, 70",Trieste,,,https,React,Sì,Servereasy Srl,88,95,100.00,Sì,No
MAXIUM YACHTS,Noleggio barche,https://maxiumyachts.com,335 842 8693,"Porto Turistico Marina di, box1/D, 2/D",Nettuno,,contact@mysite.com,https,React,Sì,Google LLC,59,95,100.00,Sì,No
Gnowee Boat Rent Grado,Noleggio barche,https://gnoweenoleggiobarche.com/noleggio-barche-grado,393 652 5525,Riva Brioni,Grado,,,https,React,Sì,Servereasy Srl,73,96,100.00,Sì,No
Le Meraviglie Della Nautica Fondana Noleggio Gommoni,Noleggio barche,,393 683 0707,Via del Canale di Sant'Anastasia,Fondi,,,,,,,,,,,
Noleggio Barche Ponza - GMM,Noleggio barche,http://www.noleggiobarcheponza.it,345 841 1359,Via Spiaggia Santa Maria,Ponza,,,https,Shopify,No,Netsons Network,63,82,85.00,Sì,No
GK Boat Rent Gaeta,Noleggio barche,,342 835 5768,Via Docibile,Gaeta,,,,,,,,,,,
Consorzio Caboto,Noleggio barche,http://consorziocaboto.it,334 978 9959,Lungomare Giovanni Caboto,Gaeta,,gerardodec@me.com,https,WordPress,No,OVH SAS,54,70,85.00,Sì,No
Vita Nauta,Noleggio barche,,345 745 6873,"Lungomare Giovanni Caboto, 93",Gaeta,,,,,,,,,,,
BarcArmonia,Noleggio barche,http://barcarmonia.wordpress.com,328 701 6733,Lungomare duca degli Abbruzzi- MoloP,ROMA,,emanuell@tiscali.it,https,WordPress,No,"Automattic, Inc",78,92,100.00,Sì,No
GM Nautica - noleggio gommoni e barche Ischia,Noleggio barche,http://www.gmnautica.it,338 600 3094,Porto,Casamicciola Terme,,posta@gmnautica.it,https,WordPress,Sì,Server Plan S.r.l.,48,62,85.00,Sì,No
Noleggio Barche Praia Nauticovi,Noleggio barche,,348 436 4498,"SP1, 26",Praia a Mare,,,,,,,,,,,
NOLEGGIO GOMMONI E IMBARCAZIONI PASSION MARINE,Noleggio barche,,347 251 5634,"Via Posillipo, 415",Napoli,,,,,,,,,,,
Nolo Barche Saturno,Noleggio barche,http://www.nolobarchesaturno.it,338 451 4896,"Via Porto, Snc",Camerota,,info@nolobarchesaturno.it,https,Joomla,No,Aruba S.p.A. Network,37,45,83.00,Sì,No
Marina Boat Service di Gorga Sergio & c. s.a.s.,Noleggio barche,http://marinaboatservice.it,339 118 4468,"Via Provinciale, Loc",Ogliastro Marina,,,https,Shopify,No,Aruba S.p.A. Network,92,99,82.00,Sì,No
Noleggio Gommoni San Felice Circeo NewHorizonBoat,Noleggio barche,,329 984 5113,"Via Ammiraglio Bergamini, 124",San Felice Circeo,,,,,,,,,,,
MALUMA CHARTER di Mario Mastrogiovanni,Noleggio barche,http://www.malumacharter.com,338 444 4047,Via Spiaggia del Porto,Torre del Greco,,,https,WordPress,Sì,Aruba S.p.A.,48,65,92.00,Sì,No
Ischia SeaDream,Noleggio barche,https://www.ischiaseadream.it,335 742 5328,Via Cristoforo Colombo,Forio,,,https,WordPress,Sì,"Cloudflare, Inc.",61,90,92.00,Sì,No
"Rocca Corsa Motor Yacht con Skipper. Forio, Ischia",Noleggio barche,http://www.blulifeischia.it,346 894 1833,"Presso il parcheggio, Via Cristoforo Colombo",Forio,,info@blulifeischia.it,http,Joomla,No,Fastweb SpA,56,78,100.00,Sì,No
Noleggio M.Morgera,Noleggio barche,,327 382 4030,"Via Nuova Marina, SNC",Forio,,,,,,,,,,,
H2o Boat Rental - Noleggio Gommoni,Noleggio barche,http://www.h2oboatrental.it,328 472 7387,Molo Marina grande,Bacoli,,zxqfqt3gnqnxs7v@aruba.it,https,Basekit,No,Aruba S.p.A.,52,37,92.00,Sì,No
e-Sea Dreams - Boat Rent - Noleggio Gommoni,Noleggio barche,https://e-seadreams.com,339 694 9402,"Via Marina di Cassano, 26",Piano di Sorrento,,,https,React,Sì,IT.Gate S.p.A.,64,78,100.00,Sì,No
SdnMarine Charter Boat - Noleggio Gommoni - Escursioni,Noleggio barche,http://www.sdnmarine.it,329 720 4218,"Corso Luigi Manzi, 49",Casamicciola Terme,,,https,WordPress,No,Serverplan S.r.l.,60,94,100.00,Sì,No
Ayahuaska Sail Boat,Noleggio barche,http://www.inbarcaavela.it,339 248 4666,Porto Turistico di Roma,Lido di Ostia,,ayahuaskaboat@gmail.com,https,Shopify,No,Aruba S.p.A.,71,88,92.00,Sì,No
Angel Boat Rental,Noleggio barche,https://www.angelboatrental.it,389 345 8027,Via Molo Manfredi,Salerno,,,https,Shopify,Sì,Aruba S.p.A.,59,66,92.00,Sì,No
De Santis Servizi Nautici - Noleggio Barche Salerno e Costiera Amalfitana,Noleggio barche,https://desantisservizinautici.it,377 044 7174,"Ormeggio autuori, Via Molo Manfredi",Salerno,,,https,WordPress,No,Netsons Network,57,82,85.00,Sì,No
Ruggiero Rent Noleggio Barche,Noleggio barche,,327 246 7810,"Via Porto, 39",Salerno,,,,,,,,,,,
Noleggio barche - ViaVai Boat Service,Noleggio barche,,375 506 0405,"Lungomare Trieste, 26",Salerno,,,,,,,,,,,
Nautica Salerno 3000,Noleggio barche,,328 111 9484,Via Molo Manfredi,Salerno,,,,,,,,,,,
Noleggio gommoni e barche con e senza patente nautica,Noleggio barche,,328 006 7944,Molo Manfredi porto di Salerno,Salerno,,,,,,,,,,,
Blue Dream Rental Boats,Noleggio barche,http://bluedreamrentalboats.it,389 876 0997,"Via Molo Manfredi , pontili Gatto (sottostante, P.za della Libertà",Salerno,,,https,WordPress,No,Aruba S.p.A.,13,17,92.00,Sì,No
Sottovento Boat Rentals,Noleggio barche,http://www.sottoventoboatrentals.it,351 848 8582,"Via Porto, 31",Salerno,,info@sottoventoboatrentals.it,https,React,Sì,Aruba S.p.A. Network,56,72,85.00,Sì,No
Sea Life Salerno,Noleggio barche,http://www.sealifesalerno.it,333 847 4843,"Lungomare Trieste, 166",Salerno,,info@sealifesalerno.it,https,React,No,Google LLC,55,41,92.00,Sì,No
Nautilus Noleggio Barche,Noleggio barche,,351 978 1820,"Via Toledo, 329",Napoli,,,,,,,,,,,
Barche a Motori / Gommoni / Charter / Barche a remi noleggio Paciaccone ,Noleggio barche,,334 950 9899,Via Nazario Sauro,Napoli,,,,,,,,,,,
Noleggio Gommoni e Barche PESCHICI TOURISM SERVICE,Noleggio barche,https://www.peschicitourismservice.com/noleggio,377 090 3097,"Contrada Pozzillo, 12",Peschici,,info@peschicitourismservice.com,https,React,Sì,Netsons Network,70,98,100.00,Sì,No
PRISCUSMARE Charter & Refitting Boats,Noleggio barche,http://www.priscusmare.com,328 851 8627,"Lungomare Giacomo Matteotti, 8",Savona,,,https,React,Sì,Google LLC,62,92,100.00,Sì,No
Noleggio barche Achille e Lucia,Noleggio barche,http://www.ponzabarchenoleggio.it,368 362 1195,Cala dell’Acqua,Ponza,,botto2014@gmail.com,http,ASP.NET,No,Aruba S.p.A. Network,52,44,100.00,Sì,No
Nautic Center,Noleggio barche,https://www.nauticcenter.it,090 981 1656,Via Marina Garibaldi,Canneto,,info@nauticcenter.it,https,WordPress,Sì,Aruba S.p.A.,60,85,100.00,Sì,No
Eolie island tour | escursioni in barca alle Eolie,Noleggio barche,https://www.eolieislandtour.it,338 491 3270,Porto Pignataro,Lipari,,,https,React,No,Aruba S.p.A.,73,80,100.00,Sì,No
Lipari Service,Noleggio barche,http://www.lipariservice.it,090 988 6156,Via Francesco Crispi,Lipari,,info@lipariservice.it,https,React,Sì,Aruba S.p.A,51,43,85.00,Sì,No
Lipari Boat Experience,Noleggio barche,http://www.lipariboatexperience.com,339 389 7896,Via Francesco Crispi,Lipari,,lipariboatexperience@gmail.com,https,React,No,Aruba S.p.A.,42,75,100.00,Sì,No
Noleggio barche e gommoni - Enjoy Panarea,Noleggio barche,http://www.enjoypanarea.com,349 139 3853,via san pietro,Panarea,,info@enjoypanarea.com,https,Joomla,Sì,Aruba S.p.A.,62,73,100.00,Sì,No
"Vietri Vacanze Noleggio barche, Salerno - Costiera Amalfitana",Noleggio barche,,347 899 3375,"Via Cristoforo Colombo, Snc",Vietri sul Mare,,,,,,,,,,,
Noleggio Gommoni e Barche Sorrento - Timi Boat,Noleggio barche,https://www.timiboat.com,375 538 7455,Via Marina Piccola,Sorrento,,,https,Joomla,Sì,OVH SAS,52,0,85.00,Sì,No
San Giorgio River Boats ( Sede),Noleggio barche,,393 982 6941,"Via Marittima, 69",San Giorgio di Nogaro,,,,,,,,,,,
"Eurocharter - Noleggio gommoni, barche, ormeggio e custodia invernale a Casamicciola",Noleggio barche,https://www.eurocharterischia.it,333 725 7053,"Corso Luigi Manzi, 115",Casamicciola Terme,,eurocharter_67@yahoo.com,https,WordPress,No,Aruba S.p.A. Network,68,94,92.00,Sì,No
Sail 2 Sail,Noleggio barche,,349 230 0062,"Via Ammiraglio Bergamini, 104",San Felice Circeo,,,,,,,,,,,
Rovigliano Charter,Noleggio barche,http://www.roviglianocharter.com,392 756 0400,"Via Solferino, 5 Interno al Polo Nautico - Area ASI",Torre Annunziata,,,https,Shopify,Sì,Aruba S.p.A.,60,81,92.00,Sì,No
Blue Destination,Noleggio barche,https://bluedestination.it,327 709 1169,"presso Nautiland Marina Resort, Via Passarelle, SNC",Terracina,,info@bluedestination.it,https,React,Sì,Host SpA,70,84,85.00,Sì,No
Ambra Charter di Cestra Andrea,Noleggio barche,https://ambracharter.it,392 144 9714,Via Mar Morto,Borgo Grappa,,,https,WordPress,No,Google LLC,72,96,92.00,Sì,No
Boatlife Capri,Noleggio barche,https://www.boatlifecapri.com,331 398 4569,"Ristorante Lo Zodiaco, Piazza Angelo Ferraro",Capri,,info@boatlifecapri.com,https,WordPress,Sì,Netsons s.r.l.,56,71,85.00,Sì,No
Blue Dream,Noleggio barche,http://www.bluedreamcavallino.com,388 807 2330,"Via Pordelio, 286",Ca' Ballarin,,,https,React,No,SEEWEB s.r.l.,64,94,100.00,Sì,No
Zannone 1954 - Boat Ponza,Noleggio barche,https://www.zannone1954.it,333 864 7008,Via Spiaggia Santa Maria,Ponza,,,https,Shopify,Sì,Aruba S.p.A. Network,60,94,100.00,Sì,No
Maresia Ponza,Noleggio barche,https://www.maresiaponza.it,328 323 7043,Via Banchina Nuova,Ponza,,,https,React,No,Aruba S.p.A. Network,66,82,92.00,Sì,No
Noleggio Azzurro Snc Ponza,Noleggio barche,,333 412 8326,Via Banchina Mamozio,Ponza,,,,,,,,,,,
Naviga Rental boat,Noleggio barche,,393 335 2889,"Via Lungomare, 187",Fossacesia,,,,,,,,,,,
Diva Luna,Noleggio barche,http://www.divaluna.com,393 207 7762,Spiaggia di S. Antonio,Ponza,,,https,WordPress,Sì,Aruba S.p.A.,57,67,85.00,Sì,No
Noleggio barche & gommoni Maranzano M.,Noleggio barche,,320 701 7693,Via Faro,San Vito Lo Capo,,,,,,,,,,,
Acquarò Gommoni,Noleggio barche,https://www.noleggiogommonisanvito.com,324 841 0807,Molo Piccolo Costa Gaia,San Vito Lo Capo,,info@noleggiogommonisanvito.it,https,Shopify,No,OVH SAS,74,99,100.00,Sì,No
"Trinacria Escursioni, Noleggio Gommoni, Escursioni in Barca da San Vito Lo Capo",Noleggio barche,http://www.trinacriaescursioni.com,327 423 0541,Via Faro,San Vito Lo Capo,,nicola.candela@hotmail.it,https,Shopify,Sì,Aruba S.p.A. Network,56,88,92.00,Sì,No
Nauticar,Noleggio barche,,0771 548802,"Via Flacca, km 13.300/km 13.300",Sperlonga,,,,,,,,,,,
SULLA ROTTA DI ULISSE,Noleggio barche,,338 619 4771,Via San Martino,Minturno,,,,,,,,,,,
Nautica Di Luccio,Noleggio barche,http://www.nauticadiluccio.it,338 252 5636,Via Riviera Franco Antonicelli,Agropoli,,,https,Shopify,No,OVH SAS,60,85,100.00,Sì,No
Royal Servce noleggio barche a motore e vela con e senza skipper. Dealer Cantiere Italyure Concessionaria NX Boats,Noleggio barche,http://royalsservice.it,331 300 2072,"Royals Service, Royal Service, Via Gianni Cozzi, 1",Santo Stefano al Mare,,royalservicearegai@gmail.com,https,WordPress,No,HOSTINGER DE,67,61,92.00,Sì,No
Noleggio Barca a Vela - Beneteau Oceanis 40,Noleggio barche,,348 710 5019,"banchina di tramontana, snc",Manfredonia,,,,,,,,,,,
La Darsena - Marina Vieste Noleggio Gommoni- ormeggio barche in transito,Noleggio barche,http://www.marinavieste.it,347 133 9215,Porto,Vieste,,michele@marinavieste.it,https,WordPress,No,Aruba S.p.A. Network,63,87,100.00,Sì,No
Ecolmare Gargano,Noleggio barche,http://www.noleggiopontone.com,0884 585175,Molo di Ponente,Manfredonia,,,https,Weebly,Sì,"Weebly, Inc.",65,90,83.00,Sì,No
chartering catamarano,Noleggio barche,https://www.catamaransailing.it,345 831 6424,Via del Porto,Manfredonia,,info@catamaransailing.it,http,WordPress,No,OVH SAS,63,93,92.00,Sì,No
Noleggio barche Isole Tremiti,Noleggio barche,https://noleggiogommonidatullio.it,347 466 7200,Cala delle Arene San Domino,Isole Tremiti,,,https,WordPress,No,Keliweb S.R.L,68,90,100.00,Sì,No
Sorrento Relax Charter,Noleggio barche,https://www.crystalwavecharter.com,339 615 7864,"Via Arcoleo, 24",Marina d'Equa,,info@crystalwavecharter.com,https,WordPress,Sì,Google LLC,44,64,92.00,Sì,No
North West Noleggio Gommoni - Porto Pozzo,Noleggio barche,http://www.northwestportopozzo.com,335 601 4352,Piazzale Porto Turistico,Porto Pozzo,,marioranedda@tiscali.it,https,React,Sì,Google LLC,75,97,100.00,Sì,No
Argentario Rental Boats noleggio barca argentario,Noleggio barche,http://www.argentariorentalboats.it,339 792 4308,"Porto Turistico Domiziano, Lungomare Navigatori, 47",Porto Santo Stefano,,,https,Shopify,Sì,Aruba S.p.A. Network,57,88,100.00,Sì,No
MAScharter Marine&Services,Noleggio barche,https://www.mascharter.com,345 764 0579,"Via Porto Turistico, 46",Chiavari,,,https,React,No,Aruba S.p.A. Network,87,100,100.00,Sì,No
Nautica Boat Service by Campello Marine Rent,Noleggio barche,https://rent.campellomarine.it/cattolica,331 732 2019,Piazza del Tramonto,Cattolica,,,https,Ghost,Sì,OVH ISP,43,81,85.00,Sì,No
Aquarius Charter,Noleggio barche,,379 265 3319,"Via Pontina, km 107/700",Terracina,,,,,,,,,,,
The Sea With Eatò,Noleggio barche,,348 873 0464,"Via Mortacino, 56",Terracina,,,,,,,,,,,
Catamarano Events,Noleggio barche,http://www.catamaranoevents.com,328 966 1553,"Via Camillo Benso Conte di Cavour, 26",Terracina,,,https,Shopify,Sì,Aruba S.p.A. Network,43,53,85.00,Sì,No
Noleggio Le Isole Cannigione,Noleggio barche,http://www.noleggiogommonicannigione.com,377 351 6140,Via Isola le Bisce,Arzachena,,info@noleggioleisole.com,https,Joomla,Sì,Google LLC,62,89,92.00,Sì,No
Noleggio Gommoni Azzurra P. Pozzo,Noleggio barche,,338 636 6217,"Pontile L'Ancora, Piazzale Porto Turistico",Porto Pozzo,,,,,,,,,,,
A Vela con daniele,Noleggio barche,http://www.avelacondaniele.it,389 974 8678,"Via Monte delle Capre, 29",Roma,,,https,Duda,No,Aruba S.p.A.,53,60,100.00,Sì,No
Noleggio Barche De Caro,Noleggio barche,http://www.elettro-nautica.it,339 875 1943,Via Riviera Franco Antonicelli,Agropoli,,,http,WordPress,No,OVH ISP,44,70,77.00,Sì,No
Servizio Motoscafi Di Luigi Consolini,Noleggio barche,http://www.consoliniboats.com,328 874 6799,"4 vc. Al Lago, Gardone Riviera, BS 25083",Gardone Riviera,,info@consoliniboats.com,http,Shopify,No,Linode,65,88,92.00,Sì,No
Sailor.Tex Sailing Charter Company,Noleggio barche,http://www.sailortex.it,0586 769231,"Via Agostino Straulino, 1",Rosignano Solvay,,info@sailortex.it,https,WordPress,No,Aruba S.p.A,61,91,85.00,Sì,No
L'APPRODO - Noleggio Barche,Noleggio barche,,393 840 4975,Arenile di,Castrocucco,,,,,,,,,,,
Nautica Vieste,Noleggio barche,https://www.nauticavieste.it,348 427 4477,Scalo Marittimo Sud,Vieste,,,https,WordPress,No,Server Plan S.r.l.,52,48,92.00,Sì,No
Vieste Sea Adventure,Noleggio barche,https://viesteseadventure.it,342 092 1002,"Viale XXIV Maggio, 26",Vieste,,info@viesteseadventure.it,https,React,Sì,IONOS SE,51,60,85.00,Sì,No
Marine Yacht Charter,Noleggio barche,,06 9727 7597,"Via di Propaganda, 16",Roma,,,,,,,,,,,
Alghero Rent Boat - Noleggio Gommoni e Barche Alghero,Noleggio barche,http://algherorentboat.it,351 207 8062,"Via Garibaldi, Lungomare Barcellona",Alghero,,algherorentboat@gmail.com,https,WordPress,Sì,IT.Gate S.p.A.,57,71,85.00,Sì,No
Nautica Alghero - Noleggio gommoni e barche,Noleggio barche,https://www.nauticaalghero.it,371 490 9438,Lungomare Barcellona Porto di Alghero - Pontili Mar de Plata,Alghero,,info@nauticaalghero.it,https,WordPress,No,Server Plan S.r.l.,60,85,85.00,Sì,No
Sardinia Boats,Noleggio barche,,339 168 0345,Spiaggia Sos Aranzos,Golfo Aranci,,,,,,,,,,,
Società Cooperativa Ischia Barche,Noleggio barche,http://www.ischiabarche.com,081 984854,"Via Pontano, 3",Ischia,,,https,ASP.NET,No,"Cloudflare, Inc.",55,89,92.00,Sì,No
Comolakeboats,Noleggio barche,http://www.comolakeboats.it,333 401 4995,"Via Antica Regina, 36",Vercana,,info@comolakeboats.it,https,Shopify,Sì,Host SpA,36,57,92.00,Sì,No
Blue Easy Rent,Noleggio barche,http://www.blueeasyrent.it,392 177 8434,Porto Comunale,Pianello del Lario,,info@blueeasyrent.it,https,WordPress,No,Server Plan S.r.l.,62,78,92.00,Sì,No
POMAR Noleggio Gommoni Trapani,Noleggio barche,,346 003 5833,"snc, Viale Mothia",Marausa Lido,,,,,,,,,,,
Rocce Rosse Noleggio Gommoni,Noleggio barche,http://www.roccerossenoleggio.it,379 245 1093,SS125 Dir,Arbatax,,info@roccerossenoleggio.it,https,WordPress,No,Aruba S.p.A.,56,79,100.00,Sì,No
Marea Sea Services - Noleggio Gommoni - Ogliastra,Noleggio barche,https://mareaseaservices.altervista.org,327 935 7641,Via Lungomare,Arbatax,,,https,React,No,"Cloudflare, Inc.",54,76,85.00,Sì,No
Flegrea Charter - Noleggio Barche Napoli,Noleggio barche,http://www.flegreacharter.it,320 380 5520,"Via Solferino I Traversa, 13",Monte di Procida,,,https,React,Sì,Google LLC,56,88,77.00,Sì,No
Luxury Cruiser Yacht,Noleggio barche,,349 454 1981,"Presso Porto Turistico Marina di Nettuno, Via Amerigo Vespucci",Nettuno,,,,,,,,,,,
Selvaggia Noleggio Gommoni,Noleggio barche,http://www.selvaggianoleggiogommoni.it,388 624 9297,Strada Del Porto,Isole Tremiti,,,https,WordPress,No,Hetzner Online GmbH,71,95,77.00,Sì,No
Gargiulo Boat Agency Sorrento,Noleggio barche,https://www.gargiuloboatsorrento.com,371 316 5979,"Nei pressi del Tabaccaio, Via Marina Grande, 146",Sorrento,,,https,React,Sì,Google LLC,50,89,92.00,Sì,No
Motobarca Fauno,Noleggio barche,http://www.ponzacasadelfauno.com,339 379 8704,Via Molo Musco,Ponza,,,http,ASP.NET,No,Aruba S.p.A. Network,66,94,91.00,Sì,No
Noleggio barche Albatros,Noleggio barche,,360 475 330,"Via Spiaggia Santa Maria, SNC",Ponza,,,,,,,,,,,
noleggio gommoni ponza,Noleggio barche,https://www.isolaponza.it/services/noleggio-gommoni,347 869 9789,Via Banchina Nuova,Ponza,,,,WordPress,Sì,Google LLC,0,0,0.00,Sì,No
Lake Como Boat Tour,Noleggio barche,,340 481 0093,"Via Montello, 4",Oliveto Lario,,,,,,,,,,,
Noleggio Gommoni Isola delle Femmine Sunset boats Rent,Noleggio barche,,329 188 6287,Via dei Villini,Isola delle Femmine,,,,,,,,,,,
Charter a vela Grecia,Noleggio barche,https://www.ascoltailvento.it,339 276 8589,"Via Val di Lanzo, 85",Roma,,,,WordPress,Non trovato,Google LLC,100,100,45.00,,No
Rent Boat Nocera Tour,Noleggio barche,,328 306 8315,"Via Marina, 1",Forio,,,,,,,,,,,
Noleggio Gommoni Palau Nautica Mascot,Noleggio barche,https://noleggiogommonipalau.net,339 453 6465,PORTO TURISTICO,Palau,,info@nauticamascot.com,https,WordPress,Sì,Aruba S.p.A.,63,85,100.00,Sì,No
Centro Nautico Isola D'Ercole,Noleggio barche,http://www.isoladercole.it,079 436 0265,"Viale la Pelosa, 12",Stintino,,centronautico@isoladercole.it,https,React,Sì,Server Plan S.r.l.,67,88,92.00,Sì,No
NAUTICA GGC di Giuliano Gobbi,Noleggio barche,,334 754 7156,"16/b Localita' Cini', CO 22018",Cima,,,,,,,,,,,
ABEL NAUTICA - Noleggio Barche e Gommoni a Crotone,Noleggio barche,,0962 191 6059,Via Molo Foraneo Porto Vecchio,Crotone,,,,,,,,,,,
Scirocco rent a boat,Noleggio barche,http://www.h2orentaboat.com,345 758 2776,cala brandinchi,San Teodoro,,h2orentaboat@gmail.com,https,Shopify,No,Aruba S.p.A.,43,57,100.00,Sì,No
Blu Nautica,Noleggio barche,http://www.blunautica.com,0924 31227,"via Don Luigi Zangara snc, Via Guglielmo Marconi, 165",Castellammare del Golfo,,info@blunautica.com,https,WordPress,Sì,Aruba S.p.A.,56,85,92.00,Sì,No
Gite a Ponza e Palmarola con Grilletto,Noleggio barche,,328 328 7763,Via Banchina di Fazio,Le Forna,,,,,,,,,,,
The Floating Shop - F.&B. Nautica,Noleggio barche,http://www.febnautica.it,340 887 5095,"Via Roma, SNC",Porto Ceresio,,informazioni@febnautica.it,https,Canva Websites,No,"Cloudflare London, LLC",27,42,91.00,Sì,No
"Noleggio Barche & Gommoni con e senza patente Milazzo , Tour ed Escursioni con skipper, Transfer Isole Eolie - Viamar",Noleggio barche,https://viamarmilazzo.it,353 424 4507,Via Marina Garibaldi,Milazzo,,noleggiobarchemilazzo@gmail.com,https,Shopify,Sì,Google LLC,62,83,92.00,Sì,No
RentRib,Noleggio barche,https://www.rentrib.it,333 693 2255,Marina Grande,Bacoli,,,https,Shopify,No,Aruba S.p.A.,84,100,82.00,Sì,Sì
Noleggio barche Vibo Marina,Noleggio barche,,329 012 3923,Via Emilia,Vibo Valentia,,,,,,,,,,,
Sunsicily - Noleggio barche Isole Eolie - Sicily Yacht Charter,Noleggio barche,http://www.sunsicily.com,090 292 7680,"Via Prestipaolo, Portorosa",Furnari,,,https,Wix,Sì,Google LLC,62,90,92.00,Sì,No
Zonza Boat Rental - noleggio gommoni Cannigione,Noleggio barche,http://www.zonzaboatrental.com,345 354 2729,"Via Lungomare A. Doria, 7",Cannigione,,,https,WordPress,Sì,Google LLC,66,89,100.00,Sì,No
La Boa charter & diving,Noleggio barche,https://www.laboa.com,333 870 8537,Via Marina di Praia,Praiano,,,https,React,Sì,SingleHop LLC,84,99,100.00,Sì,No
Gommoni procida GoProcida,Noleggio barche,http://www.goprocida.com,366 450 9797,"Via Roma, 1",Procida,,goprocida2022@gmail.com,https,WordPress,No,Aruba S.p.A.,77,93,77.00,Sì,No
SKYSEACharter Noleggio Barche & Gommoni - Transfer h24 Isole Eolie - Tour,Noleggio barche,https://skyseacharter.it,350 161 3963,Via Marina Garibaldi,Milazzo,,rent@skyseacharter.it,https,React,No,"Cloudflare, Inc.",73,98,100.00,Sì,No
Motonautica Zanca di Zanca Marino e figli s.n.c.,Noleggio barche,http://www.motonauticazanca.it,0365 43476,"Via Pietro da Salò, 113",Salò,,,https,React,No,Aruba S.p.A. Network,56,93,92.00,Sì,No
I Marinai di Plinio - Stabia Boat Rental,Noleggio barche,,347 042 6159,"Via Giuseppe Bonito, 12",Castellammare di Stabia,,,,,,,,,,,
Charterboat.it - Rendez vous Fantasia Houseboat,Noleggio barche,https://www.charterboat.it/it,041 551 0400,"Via Roma, 1445",Chioggia,,info@charterboat.it,https,Joomla,Sì,Aruba S.p.A.,,,,Sì,No
Gita in barca con Gabriele,Noleggio barche,,339 158 5254,Cala dell’acqua-ponza Cala dell’acqua,Le Forna,,,,,,,,,,,
"Pick & Boat - Noleggio gommoni /Rent Boat , catamarano, Boat Excursion @Villasimius",Noleggio barche,http://www.pickandboat.com,351 993 1853,"Via Degli Oleandri, 10",Villasimius,,info@libreriacocco.it,https,Joomla,Sì,Aruba S.p.A.,,,,Sì,No
MonopoliBoat,Noleggio barche,http://www.monopoliboat.com,331 604 2884,Cala Fontanelle c/o Cantiere Alba Luciano Loconsole,Monopoli,,,https,WordPress,No,Aruba S.p.A.,,,,Sì,No
Follia Charter - Noleggio imbarcazioni,Noleggio barche,,320 303 6930,Via Lungomare Cenide,Villa San Giovanni,,,,,,,,,,,
T & T Group - Noleggio Barche a Milazzo,Noleggio barche,http://www.noleggiobarchemilazzo.it,351 607 4228,"LUNGOMARE GARIBALDI, C.DA VACCARELLA, 1",Milazzo,,,https,React,Sì,Google LLC,,,,Sì,No
Charter in Puglia,Noleggio barche,https://www.charterinpuglia.it,329 768 9650,"Corso Vittorio Emanuele II, 1",Taranto,,info@charterinpuglia.it,http,React,Sì,OVH SAS,,,,Sì,No
Nautica Noleggio Barche La Vela Online Imperia,Noleggio barche,http://www.lavelaonline.com,368 328 3253,"Via Gianni Cozzi, 1",Santo Stefano al Mare,,,https,Wix,Sì,Google LLC,,,,Sì,No
Blu Salento,Noleggio barche,http://www.eosescursionileuca.com,328 552 5474,Lungomare C. Colombo,Santa Maria di Leuca,,info@eosescursionileuca.com,https,Joomla,No,Netsons s.r.l.,,,,Sì,No
Noleggio gommoni Prodigio’ S Wave,Noleggio barche,https://www.prodigioswave.com,366 982 5272,Giù garibaldi,Bacoli,,,https,Shopify,No,"Cloudflare, Inc.",,,,Sì,No
Noleggio Gommoni Nico's,Noleggio barche,,339 545 0554,Spiaggia,Lido Rossello,,,,,,,,,,,
Cantiere Nautico Brovelli,Noleggio barche,http://www.cantierebrovelli.it,0331 976623,"Via Lungo Lago, 3",Ranco,,,https,WordPress,No,Hostinger International Limited,62,80,92.00,Sì,No
Coco Bongo Boat,Noleggio barche,http://www.cocobongoboat.com,349 686 8447,Porto di policastro,Policastro Bussentino,,info@cocobongoboat.com,https,WordPress,Sì,Google LLC,56,76,100.00,Sì,No
MF Nautica Noleggio Gommoni Villasimius,Noleggio barche,https://mfnautica.com,328 417 8383,Via Degli Oleandri,Villasimius,,info@mfnautica.com,https,WordPress,Sì,Aruba S.p.A.,65,0,92.00,Sì,No
Nautica Piga,Noleggio barche,https://www.noleggiogommonifertilia.it,349 539 5370,"SS127bis, 9",Fertilia,,nautica.piga@libero.it,https,Shopify,Sì,OVH SAS,55,78,85.00,Sì,No
Limone Rent Boat,Noleggio barche,http://www.limonerentboat.com,333 761 6432,Via Lungolago Guglielmo Marconi,Limone sul Garda,,info@limonerentboat.com,https,ASP.NET,No,Genesys Informatica S.r.l.,74,74,91.00,Sì,No
Agenzia di noleggio barche - Royal Boat Charter Scopello,Noleggio barche,http://www.royalboatcharterscopello.com,338 901 2997,Via Don Leonardo Zangara,Castellammare del Golfo,,royalboatcharter1@gmail.com,https,Shopify,Sì,Aruba S.p.A.,54,71,100.00,Sì,No
Noleggio Gommoni Nettuno,Noleggio barche,https://www.nettunobeachclub.it,347 715 4186,Corso Baldovino Bigliati,Albissola Marina,,nettuno.albissola@gmail.com,https,WordPress,Sì,Aruba S.p.A.,61,73,100.00,Sì,No
Passeggiate in laguna - noleggio pedalò,Noleggio barche,,330 436 652,Via Banchina Vollaro,Lesina,,,,,,,,,,,
Gilmour nautica,Noleggio barche,,329 789 4388,Via Banchina Vollaro,Lesina,,,,,,,,,,,
Tremiti Go,Noleggio barche,,338 399 2502,Via Banchina Vollaro,Lesina,,,,,,,,,,,
Noleggio Barca Vela Mistral,Noleggio barche,,333 876 6101,Via Caio Duilio,Castellammare di Stabia,,,,,,,,,,,
Noleggio Barche Porto Cesareo,Noleggio barche,https://noleggiobarcaportocesareo.it,393 133 8768,Via Bissolati,Porto Cesareo,,kingboatportocesareo@gmail.com,http,React,No,Aruba S.p.A,47,91,92.00,Sì,No
Noleggio barche Il Capitano,Noleggio barche,https://www.noleggiobarcheilcapitano.it,379 234 1713,"Porto Turistico, Via Venezia",Vieste,,info@noleggiobarcheilcapitano.it,https,WordPress,No,Aruba S.p.A. Network,60,90,100.00,Sì,No
NAPOLIDAMARE NOLEGGIO BARCA A VELA,Noleggio barche,,329 684 5919,Via Spiaggia del Porto,Torre del Greco,,,,,,,,,,,
Catboat Noleggio Barche,Noleggio barche,,393 652 5689,Via Giuseppe Bonito,Castellammare di Stabia,,,,,,,,,,,
AM Charter Srl Noleggio Yacht,Noleggio barche,http://www.am-charter.com,349 767 4292,"C.so Umberto I, 154",Napoli,,info@am-charter.com,https,React,No,Contabo GmbH,84,88,100.00,Sì,No
Zaccheo Boat Rental,Noleggio barche,http://www.zaccheoboatrental.com,328 763 6523,"Via Marina di Cassano, 88",Piano di Sorrento,,info@zaccheoboatrental.com,https,Angular,Sì,IT.Gate S.p.A.,63,82,92.00,Sì,No
e-Sea Dreams - Boat Rent - Noleggio Gommoni,Noleggio barche,https://e-seadreams.com,339 694 9402,"Via Marina di Cassano, 26",Piano di Sorrento,,info@e-seadreams.com,https,Shopify,Sì,IT.Gate S.p.A.,51,70,100.00,Sì,No
Rental Point ( presso cantieri Soriente ),Noleggio barche,https://www.rentalpoint.it,371 530 8706,"Via Porto, 31",Salerno,,rentalpointsalerno@gmail.com,,WordPress,Sì,Aruba S.p.A. Network,56,44,77.00,Sì,No
Felicità Canados 24,Noleggio barche,https://www.felicitacanados24.com,328 979 2431,Via Scalo Marittimo,Rodi Garganico,,email@esempio.com,https,React,No,Google LLC,67,96,85.00,Sì,No
Blue Dream Rental Boats,Noleggio barche,http://bluedreamrentalboats.it,389 876 0997,"Via Molo Manfredi , pontili Gatto (sottostante, P.za della Libertà",Salerno,,bluedreamrentalboats@hotmail.com,https,Duda,No,Aruba S.p.A.,10,14,92.00,Sì,No
Angelica La Riccia delle Tremiti,Noleggio barche,https://www.laricciadelletremiti.it,348 917 1971,San Domino Biglietteria 13 Porto San Domino,Isole Tremiti,,info@laricciadelletremiti.it,https,React,Sì,Netsons s.r.l.,63,91,92.00,Sì,No
Il falco noleggio gommoni,Noleggio barche,,340 826 4756,"Via Aldo Moro, 8",Isole Tremiti,,,,,,,,,,,
Noleggio Imbarcazioni Épée Flotta Di Mare,Noleggio barche,,380 141 4483,"Via Faro, 20",San Vito Lo Capo,,,,,,,,,,,
Giordano charter Amalfi coast,Noleggio barche,http://www.noleggiobarchecetara.it,351 868 4099,"Corso Garibaldi, 37",Cetara,,,https,Shopify,No,Aruba S.p.A.,60,90,92.00,Sì,No
NOLEGGIO BARCHE CINESI RENT BOAT,Noleggio barche,,393 072 2355,"Molo Manfredi Salerno, Via Luigi guercio, 152",Salerno,,,,,,,,,,,
Almarano - Noleggio Imbarcazioni,Noleggio barche,http://www.almarano.com,351 213 2995,Via S. Vito,Polignano a Mare,,info@almarano.com,https,WordPress,No,Armada WAN,31,55,92.00,Sì,No
Punto Nautico Monopoli,Noleggio barche,http://www.puntonauticomonopoli.it,377 345 7723,Via Marina del Mondo,Monopoli,,,https,WordPress,No,Armada WAN,56,56,100.00,Sì,No
West Coast Noleggio Gommoni Ischia,Noleggio barche,http://www.westcoastischia.it,339 613 7491,Via Cristoforo Colombo,Forio,,westcoastischia@libero.it,https,WordPress,No,Hetzner,63,82,92.00,Sì,Sì
Poseidon Isole Tremiti - Noleggio gommoni e barche,Noleggio barche,,327 005 2044,"Porto San Domino, Isole tremiti- biglietteria n. 15",Isole Tremiti,,,,,,,,,,,
I Saraceni srls Noleggio Gommoni Isole Tremiti,Noleggio barche,https://noleggiogommonisaraceni.it,334 932 0730,"San Domino e San Nicola, Strada Del Porto",Isole Tremiti,,dpo@wordpress.org,https,WordPress,Sì,SEEWEB s.r.l.,72,87,91.00,Sì,No
In Gommone con Simone,Noleggio barche,http://www.ingommoneconsimone.com,329 492 7525,"Via, Largo Marina, 2",San Nicola,,,https,Wix,Sì,Google LLC,65,93,92.00,Sì,No
Io & Te Gommoni,Noleggio barche,https://www.ioetegommoni.it,333 574 8424,Porticciolo di San Nicola,San Nicola,,domi.tozzi@gmail.com,https,Wix,Sì,Google LLC,56,83,100.00,Sì,No
Sunshine Charter,Noleggio barche,http://www.sunshineischia.com,331 114 7121,Via Nazario Sauro,Sant'Angelo,,info@sunshineischia.com,https,WordPress,Sì,Google LLC,28,74,100.00,Sì,No
Mediterraneo Service Boats,Noleggio barche,http://www.mediterraneosb.it,345 913 9083,"Via Guglielmo Marconi, 70",Monte di Procida,,mediterraneosb@gmail.com,https,WordPress,No,Netsons s.r.l.,87,98,100.00,Sì,No
Explora Beach,Noleggio barche,https://www.explorabeach.com,351 549 7975,"Via Novara, 152",Omegna,,info@explorabeach.com,https,Shopify,Sì,Aruba S.p.A.,56,72,92.00,Sì,No
My Yacht Charter | Noleggio Imbarcazioni,Noleggio barche,https://www.mycrent.com,320 469 8926,"Via Benedetto Ronchi, 8",Trani,,info@mycrent.it,https,Wix,Sì,Google LLC,63,76,100.00,Sì,No
ALEBOATS Noleggio Barche,Noleggio barche,https://www.aleboats.com,345 938 4713,Piazzale porto,Scario,,aleboats@libero.it,https,WordPress,No,Google LLC,61,88,92.00,Sì,No
GOLDEN WAVES,Noleggio barche,,392 413 6988,Via Caio Duilio,Castellammare di Stabia,,,,,,,,,,,
Esperanza Boat Trips,Noleggio barche,,380 370 3083,"Via Trieste, 16",Rodi Garganico,,,,,,,,,,,
Apulia Yacht Services,Noleggio barche,,366 341 5413,Porto di,Trani,,,,,,,,,,,
Segi Noleggio Barche Napoli,Noleggio barche,http://www.noleggiobarchenapoli.it,392 963 7854,"V. Aldo Moro, 214",Somma Vesuviana,,,https,WordPress,No,SEEWEB s.r.l.,45,75,100.00,Sì,No
Angel Boat Rental,Noleggio barche,https://www.angelboatrental.it,389 345 8027,"Ormeggio autuori, Via Molo Manfredi",Salerno,,info@angelboatrantal.it,https,Joomla,No,Aruba S.p.A.,33,61,91.00,Sì,No
BCharter Noleggio Barche,Noleggio barche,https://www.bcharter.it,800 628 891,"Pontili Nautica Salerno Mare, Via Molo Manfredi",Salerno,,info@bcharter.it,https,Shopify,Sì,OVH SAS,56,75,92.00,Sì,No
Centro Nautico F.lli Saponaro,Noleggio barche,,377 394 7671,"Via Marina del Mondo, 62",Area Produttiva,,,,,,,,,,,
Gargano in Barca,Noleggio barche,,340 884 0905,"Via Dalmazia, 59",Trani,,,,,,,,,,,
Sun,Noleggio barche,,331 320 2881,Via Giovanni Amendola,Maiori,,,,,,,,,,,
Poseidon Marine,Noleggio barche,http://www.poseidonmarine.it,0832 781382,"Largo Stazione, 33",Squinzano,,,http,ASP.NET,No,Aruba S.p.A. Network,75,99,82.00,Sì,No
Per Mare,Noleggio barche,,334 720 3127,porto turistico savelletri di,Fasano,,,,,,,,,,,
Centro ormeggi e sub,Noleggio barche,,330 940 581,Scalo Marittimo Sud 18/19,Vieste,,,,,,,,,,,
Ormeggi Vieste,Noleggio barche,https://viesteormeggi.it,328 182 7537,Porto di Vieste - Scalo Marittimo Sud 21,Vieste,,,https,WordPress,No,Server Plan S.r.l.,46,40,92.00,Sì,No
Posidonia Yacht Charter,Noleggio barche,,327 688 7232,"SS 16, 71",Polignano a Mare,,,,,,,,,,,
MAREVAL,Noleggio barche,http://www.mareval.it,348 121 3925,Porto di Bari,Bari,,marevalcharter@gmail.com,https,Wix,Sì,Google LLC,60,82,100.00,Sì,No
Noleggio barche Saponara,Noleggio barche,,327 385 7099,"Via Cala Fontanella, 16",Monopoli,,,,,,,,,,,
Discoverboat,Noleggio barche,https://discoverboat.it,333 950 8633,porto di Bari,Bari,,,https,Angular,No,"Cloudflare London, LLC",42,83,92.00,Sì,No
Noleggio Barche a Polignano a Mare,Noleggio barche,https://www.cataurora.it,346 303 2368,Via S. Vito,Polignano a Mare,,spmgrou@gmail.com,https,WordPress,No,Netsons s.r.l.,62,87,100.00,Sì,No
Machi Charter - Escursioni in barca Polignano a Mare,Noleggio barche,http://www.machicharter.com,351 576 2228,Cala Ponte Marina,Polignano a Mare,,prenotazioni@machicharter.com,https,Ecwid,No,"Amazon.com, Inc.",56,64,92.00,Sì,No
Tour in Barca Monopoli e Polignano a Mare - Sabu Boat,Noleggio barche,https://sabuboat.it,373 527 0248,"VIA PUNTA DEL TRAVE, 2",Monopoli,,,https,WordPress,No,Tiscali Italia SpA,79,98,83.00,Sì,No
ToBoat,Noleggio barche,http://www.toboat.it,351 413 0717,Via Cala Fontanella,Monopoli,,info@email.com,https,WordPress,Sì,Netsons s.r.l.,43,32,85.00,Sì,No
SilviumSea,Noleggio barche,,348 905 1576,"Via Palermo, 102",Gravina in Puglia,,,,,,,,,,,
Apulian Boat - Experience,Noleggio barche,http://www.apulianboat.it,393 509 7721,"Via Napoli, 535",Taranto,,info@apulianboat.it,https,WordPress,No,Serverplan s.r.l.,52,74,85.00,Sì,No
LE BARCHETTE,Noleggio barche,http://www.lebarchette.it,348 784 9010,"Via Napoli, 535",Taranto,,info@lebarchette.it,https,WordPress,No,Aruba S.p.A.,56,66,100.00,Sì,No
Laneve Rent Noleggio Barche,Noleggio barche,https://laneverentnolleggiobarche.it,371 419 4864,Largo Fontanelle,Monopoli,,,https,WordPress,No,Signet B.V.,92,96,100.00,Sì,No
Tommy Navigation | Escursioni in barca e noleggio natanti senza patente,Noleggio barche,http://www.tommynavigation.it,331 461 6947,Via Bissolati,Porto Cesareo,,paladinipaola@gmail.com,https,React,Sì,OVH SAS,61,88,100.00,Sì,No
Nautica Cri.Silver,Noleggio barche,,339 571 0403,RFM5+7XR,Torre Canne,,,,,,,,,,,
La Baia - Noleggio Barche,Noleggio barche,,339 128 3703,Via eroi del mare s.n Porto di,Torre Canne,,,,,,,,,,,
Noleggio Yacht Gallipoli - Porto,Noleggio barche,https://www.vipcharteryacht.it/boat-affitto/noleggio-yacht-gallipoli,376 074 2222,Lungomare Marconi,Gallipoli,,,https,React,No,Contabo GmbH,34,49,92.00,Sì,No
MISTRAL - sailing charter,Noleggio barche,,328 768 9815,"Via la Spiaggia, SN",Bisceglie,,,,,,,,,,,
South ‘n’ Sail,Noleggio barche,,391 424 0183,"Via Orazio Comes, 38",Monopoli,,,,,,,,,,,
Apulian Saltiness,Noleggio barche,https://www.apuliansaltiness.com,389 519 4113,Via Porto,Monopoli,,boat.tour23@gmail.com,https,React,No,"Cloudflare, Inc.",92,92,100.00,Sì,No
Naval Service,Noleggio barche,https://navalservice.eu,338 250 9465,"Porto Vecchio, Via Porto",Monopoli,,navalservicedibello@yahoo.it,https,WordPress,Sì,Netsons s.r.l.,64,80,100.00,Sì,No
Puglia Yacht Charter PRIVATE YACHT DAILY CRUISES (rent boat),Noleggio barche,,320 498 0903,Contrada Cala Ponte,San Vito,,,,,,,,,,,
Tirelli Yacht & Tourism,Noleggio barche,https://www.tirelliyacht.com,392 034 8125,"Lungomare Marconi, 20",Gallipoli,,,https,Basekit,No,Aruba S.p.A.,48,49,100.00,Sì,No
"Brunetti Holiday | Noleggio Barca, Moto e Auto - Casa Vacanza Salento",Noleggio barche,https://www.brunettiholiday.it,099 973 8934,"Via Giambattista De Falco, 6",Manduria,,,https,WordPress,Sì,Aruba S.p.A.,57,86,100.00,Sì,No
Salento Sunshine - Yacht Experience,Noleggio barche,http://www.salentosunshine.it,340 139 6698,"presso PORTO GAIO YACHTING CLUB, Via Lecce",Gallipoli,,info@salentosunshine.it,https,WordPress,Sì,Aruba S.p.A.,36,59,92.00,Sì,No
Gallipoli Charter,Noleggio barche,,347 235 6864,Via Kennedy,Gallipoli,,,,,,,,,,,
Baia d' Argento,Noleggio barche,https://www.labaiadargento.it,099 771 8278,Via Litoranea Salentina Sud,Leporano,,baiadiargento@gmail.com,https,ASP.NET,Sì,OVH SAS,54,82,92.00,Sì,No
Enjoy Rent Boat,Noleggio barche,https://www.enjoyrentboat.it,351 946 9599,Via Galea,Cetara,,info@enjoyrentboat.it,https,Shopify,Sì,Aruba S.p.A.,56,80,92.00,Sì,No
Geppe Primo Charter,Noleggio barche,https://www.geppeprimocharter.it,338 728 8616,"Via Lecce, 147",Gallipoli,,,https,WordPress,No,Aruba S.p.A. Network,72,96,92.00,Sì,No
Morgana Sailing,Noleggio barche,https://www.morganasailingcharter.com,379 152 3270,"Via Doppia Croce, 53",Santa Maria di Leuca,,morganasailing@gmail.com,https,WordPress,Sì,Google LLC,57,80,100.00,Sì,No
Sailor Fly,Noleggio barche,http://www.sailorflysalento.it,0833 263860,Lungomare Marconi Piazzale Marinai D'Italia C/O Assonautica Lecce-Gallipoli secondo pontile ultima barca a destra,Gallipoli,,,https,Shopify,No,"Cloudflare, Inc.",54,83,92.00,Sì,No
Buster S.r.l.,Noleggio barche,,324 091 7507,"Via Lecce, 153",Gallipoli,,,,,,,,,,,
Salento Charter - Goletta La Nuvola,Noleggio barche,,348 095 1880,"Via Lecce, 145",Gallipoli,,,,,,,,,,,
Catamarano Gallipoli - Kalepolis - Exclusive Experience,Noleggio barche,http://www.kalepolis.com,328 304 9187,"Via Lecce, 153 c/o Porto Gaio",Gallipoli,,,https,WordPress,Sì,Google LLC,40,57,100.00,Sì,No
Sea Luxury Yachts,Noleggio barche,http://www.sealuxuryyachts.com,388 107 6511,"Via Rosmini, 8",Gallipoli,,luxyachts2022@gmail.com,https,Angular,No,Server Plan S.r.l.,50,64,85.00,Sì,No
Nautica Salento,Noleggio barche,,320 570 7818,"Piazza Papa Giovanni XXIII, 0",Castrignano del Capo,,,,,,,,,,,
Sol Mar Nautica,Noleggio barche,http://www.solmarnautica.it,389 476 4656,Via Doppia Croce,Santa Maria di Leuca,,info@solmarnautica.it,https,Shopify,No,Netsons s.r.l.,54,62,92.00,Sì,No
Campello Marine Rent,Noleggio barche,https://www.campellomarine.it/noleggio-barche,329 039 4356,"Via Capo Horn, 4",Cavallino-Treporti,,,https,React,Sì,OVH ISP,37,61,100.00,Sì,No
Marina Fiorita by Campello Marine Rent,Noleggio barche,https://rent.campellomarine.it,041 530 1478,"Via della Ricevitoria, 32",Cavallino-Treporti,,info@campellomarine.it,https,Ghost,Sì,OVH ISP,37,38,92.00,Sì,No
Porto Cesareo Service,Noleggio barche,https://www.portocesareoservizi.it,389 528 4241,"scalo d’alaggio, Via Bissolati, Via Giuseppe Garibaldi",Porto Cesareo,,info@portocesareoservizi.it,http,WordPress,No,Aruba S.p.A.,46,76,77.00,Sì,No
Adriatic Shipping srl - Agenzia raccomandataria marittima,Noleggio barche,http://www.adriaticshipping.com,0836 801205,"Via Guglielmotto D'Otranto, 32",Otranto,,info@adriaticshipping.com,https,Angular,Sì,Aruba S.p.A. Network,69,90,92.00,Sì,No
Stella Marina Explorer S.R.L,Noleggio barche,https://www.stellamarinaexplorer.it,346 665 2307,Adriatic Sea,Otranto,,info@website.com,https,Joomla,Sì,Aruba S.p.A. Network,56,51,77.00,Sì,No
L'angolo delle Barche,Noleggio barche,,351 979 6276,"Str. Isolotto, 51",Salinagrande,,,,,,,,,,,
Easy Rental Boat Tropea,Noleggio barche,https://easyrentalboat.it,392 126 7037,Viale Raf Vallone,Tropea,,,https,Joomla,No,Google LLC,56,73,92.00,Sì,No
Calabriacharter,Noleggio barche,https://www.calabriacharter.it,327 424 0455,Via Lungomare Stefano Pugliese,Catanzaro,,calabriacharter@gmail.com,https,WordPress,No,SEEWEB s.r.l.,60,86,92.00,Sì,No
Il Veliero,Noleggio barche,,0985 198 6279,Lungomare Colonnello Francesco Sirimarco,Praia a Mare,,,,,,,,,,,
Boat Service Srl - Rent Boat & Tour in Amalfi Coast,Noleggio barche,https://www.boatservice.org,339 792 7824,Lungomare California,Minori,,info@boatservice.org,https,Joomla,Sì,Server Plan S.r.l.,60,83,85.00,Sì,No
Nautica Trombino,Noleggio barche,,345 815 1773,Contrada Fiuzzi,Praia a Mare,,,,,,,,,,,
New Noleggio nautico devon,Noleggio barche,,327 598 9610,Porto di Casciolino,Catanzaro,,,,,,,,,,,
Base Nautica Simone,Noleggio barche,,338 445 4756,"Lungomare Guglielmo Marconi, 48",Scario,,,,,,,,,,,
Donna Marcella Charter noleggio gommoni Pisciotta/Palinuro,Noleggio barche,http://www.donnamarcellacharter.it,331 757 4952,Via Matteo Sabino,Pisciotta,,donnamarcellacharter@gmail.com,https,WordPress,Sì,Aruba S.p.A,66,86,100.00,Sì,No
Rimessaggio Lo Jonio di Magro Gianluca,Noleggio barche,,327 989 0595,"Loc, Località Finocchiaro",Sellia Marina,,,,,,,,,,,
"Boat Experiences noleggio barche, yacht, catamarani",Noleggio barche,https://www.boatexperiences.it,389 040 3906,"Corso Alcide de Gasperi, 315",Castellammare di Stabia,,,https,React,No,"Fastly, Inc.",39,53,73.00,Sì,No
Boat4U Noleggio Imbarcazioni Barche Gommoni Reggio Calabria Scilla Bagnara Calajanculla Gallico,Noleggio barche,,324 563 6768,Via Marina Arenile,Reggio di Calabria,,,,,,,,,,,
Palermo Group Srl,Noleggio barche,http://www.palermogroup.it,081 247 0013,"V. Francesco Caracciolo, 11",Napoli,,info@palermogroup.it,https,Shopify,Sì,Google LLC,60,93,92.00,Sì,No
Suriano Imbarcazioni,Noleggio barche,,389 513 1136,"Via del Pescatore, 1",Bivona,,,,,,,,,,,
Albatros Noleggio Gommoni Tropea,Noleggio barche,,371 532 8451,Viale Raf Vallone,Tropea,,,,,,,,,,,
NOLEGGIO BARCHE SALERNO,Noleggio barche,https://www.noleggiobarchesalerno.it,338 777 5373,Via Molo Manfredi,Salerno,,info@noleggiobarchesalerno.it,,WordPress,Sì,Iomart Hosting,38,54,85.00,Sì,No
Davideo Beach Noleggio Nautico,Noleggio barche,https://noleggiodavideobeach.it,340 142 0526,Baia di Riaci 89866,Santa Domenica,,davideobeach@gmail.com,https,Shopify,No,HOSTINGER DE,0,64,85.00,Sì,No
Location bateau & Paddle / Mas de Lagrave,Noleggio barche,https://www.lemasdelagrave.com/location-bateaux,+33 6 62 17 31 71,18 Rte de Troclar,Lagrave,,contact@lemasdelagrave.com,https,React,No,OVH SAS,56,85,100.00,Sì,No
Add Wind,Noleggio barche,https://vacanzebarcaavela.eu,335 133 5749,porto di,Tropea,,info@vacanzebarcaavela.eu,https,WordPress,Sì,Google LLC,46,74,100.00,Sì,No
Marina Nuova by Campello Marine Rent,Noleggio barche,https://rent.campellomarine.it,392 996 9571,"Via Cristoforo Colombo, 36/b",Porto Levante,,info@campellomarine.it,https,React,Sì,OVH ISP,36,64,92.00,Sì,No
Nautica calalunga,Noleggio barche,,333 684 7880,"Contrada Calalunga, 11",Montauro,,,,,,,,,,,
NOLEGGIO BARCHE E GOMMONI DA TONINO di Antonino Maiuri,Noleggio barche,http://www.noleggiodatonino.it,335 585 9790,"Vulcano - Isole Eolie, Via Porto Ponente, Località Baia di Ponente",Lipari,,info@noleggiodatonino.it,https,ASP.NET,No,Aruba S.p.A,56,70,92.00,Sì,No
"SEALIFESARDINIA Noleggio gommoni Palau, escursioni con skipper Arcipelago La Maddalena, Corsica e Costa Smeralda, Boat Rental",Noleggio barche,http://www.sealifesardinia.it,345 329 6184,Porto turistico Porto turistico,Palau,,,https,WordPress,No,Aruba S.p.A. Network,59,86,92.00,Sì,No
Scirocco Sailing,Noleggio barche,https://www.sciroccosailing.com/contact.html,328 907 4417,"Banchina Porto, 2",Reggio di Calabria,,,,WordPress,Non trovato,OVH ISP,61,81,50.00,No - Pagina Non Trovata (404),No
"Noleggio Barche Guarino AVOLA , Escursioni in Barca Sicilia Sud Orientale",Noleggio barche,https://www.rentalboatinsicily.it,347 897 8424,"Noleggio barche Guarino, Via Elsa Morante, n°178",Avola,,info@rentaboatinsicily.it,https,React,No,Keliweb S.R.L,60,89,92.00,Sì,No
SailToGo s.r.l. Noleggio Barche a Vela,Noleggio barche,http://www.sailtogo.it,0771 24835,Molo Azzurra,Formia,,info@sailtogo.it,https,React,Sì,Google LLC,46,51,100.00,Sì,No
Seasunamalficoast di India Figliola,Noleggio barche,https://www.seasuncetara.it,339 520 4405,"Via Cantone, 10",Cetara,,info@seasuncetara.it,https,WordPress,No,Aruba S.p.A.,62,78,100.00,Sì,No
Motonautica Bimare,Noleggio barche,https://motonauticabimare.com,335 538 6340,"VIa Pilade Queirolo, Snc",Baia delle Favole,,info@motonauticabimare.com,https,Shopify,Sì,Server Plan S.r.l.,64,85,100.00,Sì,No
Monica Charter,Noleggio barche,https://www.monicacharter.it,334 793 5232,"Lungomare Duca degli Abruzzi, 84",Lido di Ostia,,info@monicacharter.it,https,WordPress,Sì,Aruba S.p.A.,64,93,92.00,Sì,No
VentoVela Catamaran Charter,Noleggio barche,http://www.ventovela.it,338 338 7800,"Port Village, Via Salvador Allende Marina d",Salerno,,g.bernardis@gmail.com,https,React,No,Aruba S.p.A.,74,94,92.00,Sì,No
Bianco Mario,Noleggio barche,,335 639 4741,"Via S. Giuseppe, 12",Caorle,,,,,,,,,,,
"ENAVIGOSARDINIA | Gite alle Isole, Escursioni all'Arcipelago di La Maddalena",Noleggio barche,https://enavigosardinia.com,348 341 2876,"Via Lungomare A. Doria, 7B",Cannigione,,enavigosardinia@gmail.com,https,Wix,Sì,wix com inc,66,88,100.00,Sì,No
Lisca Bianca Yachts Charter,Noleggio barche,https://liscabiancayachtscharter.it,392 504 9510,"Via Bettolo Giovanni Ammiraglio, 13",Palermo,,info@liscabiancayachtscharter.it,https,WordPress,No,Servereasy Srl,43,61,100.00,Sì,No
Nautica Ciccio Nero,Noleggio barche,https://www.isolaponza.it,0771 80697,Via Banchina Nuova,Ponza,,info@ciccionero.it,https,React,No,Google LLC,47,61,92.00,Sì,No
Sailing In Italy Charter S.r.l. - vacanze in barca a vela,Noleggio barche,http://www.sailinginitaly.it,06 8007 9982,"Porto Turistico Marina di Nettuno, Via Amerigo Vespucci, snc",Nettuno,,info@sailinginitaly.it,https,WordPress,No,Aruba S.p.A.,55,75,58.00,Sì,No
Blu Deep,Noleggio barche,,347 776 6723,Via Libertà,Tropea,,,,,,,,,,,
Costa Viola Yacht Club,Noleggio barche,http://www.costaviolayachtclub.it,0966 479202,Lungomare Costa Viola,Palmi,,costaviolayachtclub@gmail.com,https,Shopify,No,Google LLC,60,95,92.00,Sì,No
Keep Travelling,Noleggio barche,http://www.keeptravelling.it,328 623 4072,Via Grotte,Scilla,,info@keeptravelling.it,https,Angular,No,Google LLC,56,66,85.00,Sì,No
MSCC Charter e noleggio,Noleggio barche,https://www.msccharter.com,335 251 173,"Banchina Porto, 2",Reggio di Calabria,,msccsrl@gmail.com,https,Wix,Sì,Google LLC,56,60,100.00,Sì,No
Nautica Calanna,Noleggio barche,http://nauticacalanna.com,388 741 2884,Molo San Francesco di Paola,Marzamemi,,,https,WordPress,No,"Cloudflare, Inc.",75,81,92.00,Sì,No
Charter Liliano,Noleggio barche,http://www.charterliliano.com,081 240 4210,"Via Mergellina, 32",Napoli,,info@charterliliano.com,https,Magento,No,Aruba S.p.A.,56,67,85.00,Sì,No
RadaHotel Porto di Baia,Noleggio barche,http://www.radahotel.it,340 394 0175,"Baia, Via Molo di Baia",Bacoli,,booking@radahotel.it,https,Shopify,Sì,Netsons Network,55,50,92.00,Sì,No
Colombo 40 Charter,Noleggio barche,http://www.colombo40.it,376 168 2970,"Via Cristoforo Colombo, 40",Lamezia Terme,,,https,WordPress,Sì,Netsons Network,54,92,100.00,Sì,No
Watersports-italy,Noleggio barche,,351 566 4680,S.da Statale 106 Jonica,La Petrizia,,,,,,,,,,,
ASD Fishing Team Il Gabbiano,Noleggio barche,,320 183 7917,Via Lungomare Stefano Pugliese,Cirò Marina,,,,,,,,,,,
Capri boat Ciro Aliperta,Noleggio barche,https://www.cirosboat.com,339 196 7820,"via cristoforo colombo 75 Via Cristoforo Colombo, 35, 80073 Capri NA Via Cristoforo Colombo, 7, 80076",Capri,,info@cirosboat.com,https,ASP.NET,No,Aruba S.p.A. Network,54,85,92.00,Sì,No
GLV&Co,Noleggio barche,,377 312 4342,Via Molo Porto Vecchio,Crotone,,,,,,,,,,,
Rent boat tropea,Noleggio barche,https://www.rentboattrooea.com,351 921 9029,Viale Raf Vallone,Tropea,,rentboattropea@gmail.com,https,Basekit,No,Aruba S.p.A.,57,67,92.00,Sì,No
Seven Yacht,Noleggio barche,http://www.sevenyacht.it,349 633 1019,Via della Marina,Porto Cervo,,info@sevenyacht.it,https,WordPress,Sì,Aruba S.p.A.,83,99,92.00,Sì,No
Sea Mar - noleggio imbarcazioni - Cala di Volpe,Noleggio barche,http://www.seamarcharter.com,328 898 4149,Località Cala di Volpe,Porto Cervo,,info@seamarcharter.com,http,React,Sì,Aruba S.p.A. Network,67,56,100.00,Sì,No
BW Charter Porto Cervo,Noleggio barche,https://www.bwcharterportocervo.com,334 362 4818,"Via della Marina, 14",Porto Cervo,,,https,Duda,No,Aruba S.p.A.,57,56,92.00,Sì,No
"Nautica Brancaleone -Noleggio Barche, Noleggio Gommoni, Escursioni E Gite Guidate E Pesca Sportiva",Noleggio barche,,348 814 7861,Via Pantano Piccolo,Brancaleone Marina,,,,,,,,,,,
Marimari S.r.l.,Noleggio barche,http://www.marimari.it,328 065 9996,"Porto di, Viale Raf Vallone",Tropea,,info@marimari.it,https,WordPress,No,Aruba S.p.A.,54,35,77.00,Sì,No
Charter Nautico Terrasini,Noleggio barche,https://www.charternauticoterrasini.it,328 398 9506,"Via Francesco Paolo Perez, Via Delle Capitanerie di Porto, 51",Terrasini,,charternauticoterrasini@gmail.com,https,React,No,Aruba S.p.A.,62,81,92.00,Sì,No
Coral Bay,Noleggio barche,,349 118 5115,"Passeggiata Bousquet, Via Giuseppe Garibaldi",Alghero,,,,,,,,,,,
DIANO MARE - Boat Rental,Noleggio barche,https://www.dianomare.it,388 988 8198,Porto Turistico di Diano Marina Box n° 18,Diano Marina,,info@dianomare.it,https,Joomla,No,Aruba S.p.A.,42,92,100.00,Sì,No
Azzurro Charter,Noleggio barche,http://www.azzurrocharter.com,339 861 7295,Via Marina Vescovado n° 89 - Porto di,Tropea,,info@azzurrocharter.com,https,ASP.NET,No,Aruba S.p.A,70,86,92.00,Sì,No
Nautica Sic Sic - Boat and Yacht Rental Sorrento,Noleggio barche,http://www.nauticasicsic.com,081 807 2283,"Via Marina Piccola, 43",Sorrento,,info@nauticasicsic.com,https,Shopify,No,Aruba S.p.A.,69,95,100.00,Sì,No
Blu Spirit,Noleggio barche,,339 752 6466,Via Riviera Franco Antonicelli,Agropoli,,,,,,,,,,,
Noleggio Carlina Yacht Capri Sorrento Amalfi Coast,Noleggio barche,,320 153 6114,"Unnamed Road, 80053",Castellammare di Stabia,,,,,,,,,,,
Lacinia Yacht Service Srl,Noleggio barche,,0966 52709,Lungomare Costa Viola,Palmi,,,,,,,,,,,
ISLANDS- Noleggio Barche e Escursioni Isole Eolie,Noleggio barche,,353 371 1462,Spiaggia,Zappardino,,,,,,,,,,,
Corinne Sea,Noleggio barche,http://www.corinnesea.it,392 152 5149,Via Lungomare Ulisse,Squillace,,,,Joomla,No,"Cloudflare, Inc.",55,62,85.00,Sì,No
Lavori Subacquei Maratea Noleggio Imbarcazioni,Noleggio barche,http://www.lavorisubacqueimaratea.com/index.php,339 691 9549,"Vai, Via Porto Arenile",Maratea,,manuelchiappetta4@gmail.com,https,Joomla,No,Aruba S.p.A. Network,54,65,50.00,Sì,No
Travel Boat,Noleggio barche,https://www.travelboatrent.com,347 877 7717,"Villaggio, Via Palumbalza",Olbia,,travelboat@tiscali.it,http,React,Sì,Netsons Network,65,89,100.00,Sì,No
Divina DaMare Charter & Boat Rental,Noleggio barche,,338 279 1297,Molo Manfredi porto di Salerno,Salerno,,,,,,,,,,,
"Sicily Boats - Escursioni, Noleggio barche, Gommoni, Pesca, Luxury Tour, Rental, Eventi, Party in AVOLA",Noleggio barche,https://www.sicilyboats.it,327 020 7488,"Via Elsa Morante, 3",Avola,,sicilyboats@gmail.com,https,WordPress,No,Aruba S.p.A. Network,47,52,92.00,Sì,No
Dream Boat Palermo - Noleggio Gommoni e Barche,Noleggio barche,,320 825 1019,Discesa Tonnara,Palermo,,,,,,,,,,,
Tender Boating - Noleggio barche e tour privati Isole Eolie,Noleggio barche,https://tenderboating.it,351 543 4039,"Poseidon Marina, lungomare Garibaldi c.da Vaccarella 1",Milazzo,,tenderboating@gmail.com,https,React,No,Server Plan S.r.l.,50,81,92.00,Sì,No
"Marelira, Charter e Vendita Barche, Verniciatura Imbarcazioni, Lucidatura Ecologica, Rivenditore IMRON MARINE",Noleggio barche,https://www.marelira.com,391 433 0690,"Via Giovanni Porzio, 4",Napoli,,info@marelira.com,https,React,Sì,Aruba S.p.A,57,65,77.00,Sì,No
ENJOY ME - Boat Rental,Noleggio barche,http://www.gruppotoc.com,375 504 2200,"Via Marina Garibaldi, 353",Milazzo,,info@gruppotoc.com,https,Shopify,Sì,SEEWEB s.r.l.,62,70,92.00,Sì,No
Blue Mar - Noleggio Barche Milazzo by Gabbatha Motor,Noleggio barche,,333 264 6380,Via Marina Garibaldi,Milazzo,,,,,,,,,,,
MRENT SERVICE di Manuel Lucamante | Escursioni e Noleggio Pedalò - Rent boat,Noleggio barche,,351 536 1405,"Piazza Angonia, 1",Milazzo,,,,,,,,,,,
Gem Boat,Noleggio barche,https://www.gemboat.it,349 374 7012,Via Santa Maria Maggiore,Milazzo,,gemboatsicily@gmail.com,https,Joomla,No,Keliweb S.R.L,31,37,92.00,Sì,No
Aprilia Boat Rent by Emoz Rent,Noleggio barche,http://www.emoz.eu,351 700 9652,"Piazzetta dell'Imbarcadero, 28",Bevazzana,,,https,Joomla,Sì,OVH SAS,64,82,92.00,Sì,No
SelectedBoat | Authentic Yacht Experiences in Amalfi Coast & Capri,Noleggio barche,https://selectedboat.com,371 431 6799,"Via Angelo Cosenza, 11/SCALA A",Meta,,booking@selectedboat.com,https,WordPress,No,"Cloudflare, Inc.",59,99,100.00,Sì,No
Noleggio Gommoni Isola Rossa- GITE LUNGO COSTA ROSSA Pileri,Noleggio barche,http://www.pileriservice.com,349 522 0499,Vial lungomare S. Cottoni,Isola Rossa,,,https,WordPress,No,Aruba S.p.A. Network,87,99,92.00,Sì,No
PORTOROSA IN BARCA,Noleggio barche,http://www.portorosainbarca.com,392 624 3589,"Complesso turistico Portorosa, Via Prestipaolo, 27",Furnari,,portorosainbarca@gmail.com,http,Shopify,Sì,Combell NV,57,83,100.00,Sì,No
Noleggio Gommoni Isola Rossa Marine,Noleggio barche,https://www.isolarossamarine.com,333 577 1774,"Porto Turistico Molo A, Vial lungomare S. Cottoni",Isola Rossa,,info@isolarossamarine.com,https,WordPress,No,Aruba S.p.A. Network,48,71,100.00,Sì,No
Stella Maris noleggio barche porto di Sapri,Noleggio barche,,350 064 5519,Porto Turistico,Sapri,,,,,,,,,,,
Stella Maris di Antonino Lucido,Noleggio barche,http://www.sanvito.biz,338 771 8856,"via faro 75, scaletta porto",San Vito Lo Capo,,,https,ASP.NET,Sì,OVH SAS,56,89,85.00,Sì,No
Noleggio barche tour pizzo capo vaticano tropea,Noleggio barche,,348 561 0337,Via Cesare Capria,Pizzo,,,,,,,,,,,
Portum srl,Noleggio barche,http://www.portum.it,376 057 1070,Via Schisò,Giardini Naxos,,info@portum.it,https,WordPress,Sì,Netsons s.r.l.,62,91,92.00,Sì,No
MA.GIA. RENT,Noleggio barche,,329 600 4500,Via Scauri Basso,Pantelleria,,,,,,,,,,,
Nautica Service - Noleggio Barche a Catania,Noleggio barche,,350 907 0830,Via S. Giovanni Li Cuti,Catania,,,,,,,,,,,
Profilo Race & Fun,Noleggio barche,http://www.profiloracefun.com,329 623 3082,"Via Villini Svizzeri Dir. Gullì, 5",Reggio Calabria,,,http,ASP.NET,No,Aruba S.p.A. Network,100,100,82.00,Sì,No
PEGASO NOLEGGIO GOMMONI AREA MARINA PROTETTA DI TAVOLARA,Noleggio barche,https://www.pegasonoleggiogommoni.it,338 297 0537,Via Cala Finanza,Loiri Porto San Paolo,,info@pegasonoleggiogommoni.it,https,WordPress,Sì,Aruba S.p.A.,42,64,92.00,Sì,No
MARE E SERVIZI - Noleggio Gommoni,Noleggio barche,https://www.noleggiogommoniportosanpaolo.it,340 581 2493,Via Tavolara,Porto San Paolo,,pspmare@gmail.com,https,Angular,No,OVH SAS,46,83,85.00,Sì,No
"Mykonos Beach - Giardini Naxos, Noleggio Moto d'Acqua e Gonfiabili",Noleggio barche,https://www.mykonosbeach.it,328 123 0018,Via Naxos,Giardini-Naxos,,info@mykonosbeach.it,https,Shopify,No,Serverplan s.r.l.,67,83,92.00,Sì,No
Barcando - Agenzia,Noleggio barche,http://www.barcando.it,06 9450 7580,"Via Giudecca, 38",Reggio di Calabria,,info@barcando.it,,Django,Sì,Hetzner Online GmbH,0,73,0.00,Sì,No
NOLEGGIO BARCHE LIGNANO- OFFSHORE U.,Noleggio barche,http://www.offshoreunimar.com/it,0431 428524,"Corso dei Continenti, 165",Lignano Sabbiadoro,,info@offshoreunimar.com,https,React,No,OVH SAS,42,89,91.00,Sì,No
Janas Rent - Noleggio | Escursioni in Gommone,Noleggio barche,https://www.capocominogommoni.it,338 536 2743,"Piazza del Porto, 8",La Caletta,,,https,WordPress,No,Aruba S.p.A.,73,92,100.00,Sì,No
Riviera Yacht,Noleggio barche,http://rivierayacht.it,327 422 0109,Molo Sud,Sanremo,,dd0a55ccb8124b9c9d938e3acf41f8aa@sentry.wixpress.com,https,React,Sì,Google LLC,65,70,100.00,Sì,No
New Age di Nautica Morgera,Noleggio barche,http://www.nauticamorgera.it,347 503 6638,Via Cristoforo Colombo,Forio,,nauticamorgera@gmail.com,https,Shopify,No,Aruba S.p.A.,61,98,82.00,Sì,No
Cazzalaranda,Noleggio barche,,081 1881 3693,"Via Ammiraglio Ferdinando Acton, 5",Napoli,,,,,,,,,,,
Jordan & Jordan Sailing Team,Noleggio barche,,081 240 5228,"Via Chiatamone, 63",Napoli,,,,,,,,,,,
Vivi Italia S.r.l.,Noleggio barche,,392 649 2842,"Piazza dei Martiri, 30",Napoli,,,,,,,,,,,
Azimuth Charter,Noleggio barche,http://www.azimuthvela.it,349 433 5335,"Via Ammiraglio Ferdinando Acton, 2",Napoli,,,http,ASP.NET,No,Aruba S.p.A. Network,71,78,91.00,Sì,No
Byeitalia,Noleggio barche,,333 501 7835,Via Nazario Sauro,Napoli,,,,,,,,,,,
Nemo Charter,Noleggio barche,https://nemocharter.com,348 242 7123,"Sail and Yacht - Charter and Broker, Via Ammiraglio Ferdinando Acton",Napoli,,nemoyachtingcharter@libero.it,https,WordPress,Sì,Hetzner Online GmbH,45,28,92.00,Sì,No
sailyachtnapolicharter,Noleggio barche,http://www.progettoceano.com,081 896 0169,Via Ammiraglio Ferdinando Acton,Napoli,,inf@progettoceano.com,https,Joomla,No,Aruba S.p.A. - Cloud Services,56,73,92.00,Sì,No
Rossodiserasailboat,Noleggio barche,http://www.rossodiserasailboat.com,333 787 3369,Via Wagner Riccardo,Napoli,,info@rossodiserasailboat.com,https,WordPress,No,Aruba S.p.A.,34,46,100.00,Sì,No
NAUTICA GM RENT,Noleggio barche,https://rent.campellomarine.it/cortellazzo,339 201 7304,"Via Massaua, 59",Jesolo,,info@nauticagm.it,https,React,Sì,OVH ISP,36,62,85.00,Sì,No
MCM Nautica Group,Noleggio barche,http://www.mcmnautica.it,0875 724393,"Via Corsica, 119",Termoli,,info@mcmnautica.it,https,Joomla,Sì,Host SpA,86,89,92.00,Sì,No
Cijara Go Fishing,Noleggio barche,http://www.cijaragofishing.com,+34 626 38 39 88,"C. de los Chalets, 7",Puerto Rey,,cijaragofishing@gmail.com,https,WordPress,No,"Automattic, Inc",64,80,100.00,Sì,No
1Sail Srl - Barche a Vela Roma,Noleggio barche,,06 8535 6131,"Via Giovanni Paisiello, 12",Roma,,,,,,,,,,,
Noleggio Barca Roma,Noleggio barche,http://noleggiobarcaroma.it,347 443 0208,"Via Giovanni Ponti, 11",Roma,,prenotazioni@noleggiobarcaroma.it,https,WordPress,No,Aruba S.p.A. Network,80,96,66.00,Sì,No
Forte Mare - Escursioni Scala Dei Turchi & Noleggio barche,Noleggio barche,https://www.fortemare.it,320 862 3541,"Porticciolo turistico San Leone, Molo di Ponente",Agrigento,,info@fortemare.it,https,WordPress,Sì,Google LLC,65,85,100.00,Sì,No
Vistamare Noleggio Gommoni Cannigione,Noleggio barche,http://vistamarerentboat.com,335 548 2763,"Via Lungomare A. Doria, 7/B",Cannigione,,vistamarerentboat@gmail.com,https,Wix,No,wix com inc,64,90,100.00,Sì,No
Marway bar e noleggio gommoni,Noleggio barche,https://www.lidomarway.it,338 590 8042,Largo Tonnara,Valderice,,,https,React,Sì,Aruba S.p.A.,57,81,100.00,Sì,No
Sea la vie,Noleggio barche,,328 367 5301,"Via XXIV Maggio, 7",Reggio Calabria,,,,,,,,,,,
Il Naviglio snc,Noleggio barche,,380 176 2899,"Contrada Case Vecchie, 29",Monforte Marina,,,,,,,,,,,
Vita Marinae - Noleggio Barche - Escursioni Isole Eolie,Noleggio barche,http://www.vitamarinae.com,377 087 8663,"S. Gregorio, 158",Capo d'Orlando,,info@vitamarinae.com,https,WordPress,Sì,SEEWEB s.r.l.,56,77,92.00,Sì,No
Centro Nautico Tirreno,Noleggio barche,https://www.centronauticotirreno.it,0766 571718,"Via dell'Industria, 1",Tolfa,,cntirreno@libero.it,https,WordPress,Sì,OVH SAS,61,96,92.00,Sì,No
Marine Sifredi,Noleggio barche,http://www.marinesifredi.it,0781 857008,Corso C. Cavour,Carloforte,,info@marinesifredi.it,https,ASP.NET,No,Aruba S.p.A.,0,71,83.00,Sì,No
Carloforte Sail Charter - Noleggio barche Carloforte Sud Sardegna,Noleggio barche,https://www.csailcharter.it,347 273 3268,"Via XX Settembre, 114",Carloforte,,info@carlofortesailcharter.it,https,React,Sì,OVH SAS,59,68,85.00,Sì,No
SparaPesca,Noleggio barche,,393 114 3367,"Via Vittorio Emanuele II, 77",San Vincenzo,,,,,,,,,,,
Rigel Vela Charter di Grossi Nadia,Noleggio barche,http://www.rigelvela.it,333 731 4083,Piazza Fratelli Serini,San Vincenzo,,info@rigelvela.it,https,React,No,Aruba S.p.A. Network,35,35,100.00,Sì,No
Dolmen Boat Rental Noleggio gommoni Cala Gonone,Noleggio barche,https://www.sardegnadascoprire.it,340 535 7627,"Piazza del Porto, 3",Cala Gonone,,info@sardegnadascoprire.it,https,WordPress,No,Aruba S.p.A. Network,64,91,100.00,Sì,No
da Alessandro • noleggio barche e gommoni a Panarea,Noleggio barche,https://www.daalessandro.it,338 330 7562,Via Comunale Mare,Panarea,,info@daalessandro.it,https,Angular,No,Aruba S.p.A.,56,72,92.00,Sì,No
Noleggio barche e gommoni - Da Cafio Eolie Mare Panarea,Noleggio barche,http://www.dacafio.it,334 912 5951,Via Comunale Mare,Panarea,,,https,WordPress,Sì,Google LLC,65,94,92.00,Sì,No
Sorrento Exclusive Boats,Noleggio barche,http://www.yachtmasteritalia.com,333 835 2744,"Via Santa Lucia, 12",Sorrento,,info@yachtmasteritalia.com,https,React,Sì,OVH SAS,60,77,85.00,Sì,No
I Saraceni Srls,Noleggio barche,https://isaracenisrls.it,340 264 5722,"VIA DELLA TORRETTA, 15",San Nicola di Tremiti,,jope-4@hotmail.com,https,WordPress,Sì,TransIP BV,61,77,85.00,Sì,No
"SCIA NOLEGGIO | Gommoni, Barche, Escursioni - Rent Boat @ Castellammare del Golfo",Noleggio barche,http://www.scianoleggio.com,327 873 4049,"Via Don Leonardo Zangara, 1",Castellammare del Golfo,,,http,WordPress,No,Unified Layer,37,47,92.00,Sì,No
Nautica Serra Noleggio,Noleggio barche,,376 081 6408,Porto di Pozzallo,Zona Portuale,,,,,,,,,,,
Noleggio gommoni SEASTAR charter nautico,Noleggio barche,https://www.seastarcharternautico.it,388 736 5837,Lungomare Mediterraneo,Marsala,,info@seastarcharternautico.it,https,Angular,No,Aruba S.p.A.,49,74,100.00,Sì,No
Croatia Yachting Charter,Noleggio barche,https://www.croatia-yachting-charter.com,+385 21 332 332,Dražanac ul. 2a,Split,,booking@croatia-yachting.hr,https,Typo3,No,Host Europe GmbH,49,73,85.00,Sì,No
Tommaso Massari Noleggio barche,Noleggio barche,http://www.crociereavela.it,+30 697 878 3444,Lefkas Marina,Lefkada Municipality,,info@crociereavela.it,https,ASP.NET,Sì,Aruba S.p.A.,60,92,92.00,Sì,No
Boataround,Noleggio barche,https://www.boataround.com,+421 2/222 006 22,Radlinského 47,Bratislava,,,,React,Non trovato,Amazon Technologies Inc.,100,100,80.00,Stato Non Determinato,No
Trapani Boating,Noleggio barche,http://trapaniboating.it,340 900 3794,"Presso TRAPANI TAXI, Via Ammiraglio Staiti, 43",Trapani,,,https,WordPress,No,SEEWEB s.r.l.,82,94,92.00,Sì,Sì
Velainsieme,Noleggio barche,https://velainsieme.org,338 143 7410,"Via Cipriani, 4",Silvi,,,https,React,No,Host SpA,65,91,85.00,Sì,No
Passion Marine Napoli - Barche | Gommoni | Scooter,Noleggio barche,http://www.passionmarinenapoli.com,342 348 8673,"Via Posillipo, 414",Napoli,,passionmarinenapoli@gmail.com,https,Shopify,No,"Cloudflare, Inc.",39,84,92.00,Sì,No
Medboat Sharing Scarlino,Noleggio barche,http://www.medboatsharing.com,328 095 8960,"Marina di, Lungomare Giuseppe Garibaldi",Portiglioni,,info@medboatsharing.com,https,React,No,Serverplan s.r.l.,61,67,100.00,Sì,No
Scirocco di Gianluca Schipilliti,Noleggio barche,,327 269 7580,Lungomare Costa Viola,Palmi,,,,,,,,,,,
"NOLEGGIO GOMMONI PORTO TAVERNA,LETTINI OMBRELLONI PORTO TAVERNA,MARE AZZURRO",Noleggio barche,http://www.mare-azzurro.net,392 162 8284,Via della Salicconia,Loiri Porto San Paolo,,mareazzurrosnc@virgilio.it,https,WordPress,Sì,Aruba S.p.A.,81,82,85.00,Sì,No
La Spigolatrice Rent Boats,Noleggio barche,,329 271 3340,"Molo San Giorgio, SS 18 Tirrena Inferiore",Sapri,,,,,,,,,,,
Marco Polo boat rental,Noleggio barche,,+30 697 253 1334,Port,Plataria,,,,,,,,,,,
Noleggio Barche e Gommoni - Volare Sull' Acqua,Noleggio barche,http://www.noleggiogommonipantelleria.com,392 217 9764,"C/da Kazze n, 4",Pantelleria,,mare2000@libero.it,http,WordPress,No,Aruba S.p.A.,64,72,85.00,Sì,No
Noleggio Barche La Rosa dei Venti Pantelleria,Noleggio barche,https://larosadeiventipantelleria.it,338 458 0897,Via Don Alonzo Errera,Pantelleria,,contatti@larosadeiventipantelleria.it,https,Joomla,Sì,Netsons s.r.l.,79,100,100.00,Sì,No
Theodoridis Rent a Boat - Syvota - Plataria,Noleggio barche,https://theodoridisboats.gr,+30 693 716 9852,Θέση Τόσκο Πλαταριά,Plataria,,,https,WordPress,Sì,SingleHop LLC,39,63,92.00,Sì,No
WAWABOAT Rent a boat,Noleggio barche,https://wawaboat.com,+385 91 575 9488,Obala Petra Krešimira IV,Novalja,,wawaboatcroatia@gmail.com,https,Shopify,No,Plus Hosting Grupa d.o.o.,55,69,92.00,Sì,No
Calipsoboatrental,Noleggio barche,,339 795 1935,Via Porto,San Marco,,,,,,,,,,,
Sapri Boat - Sunny Boats,Noleggio barche,,349 327 7756,Porto turistico di,Sapri,,,,,,,,,,,
deep_D_Ark - Noleggio Barche Napoli,Noleggio barche,http://www.d-ark.it,340 218 7731,molo luise,Napoli,,info@d-ark.it,https,WordPress,Sì,Google LLC,70,93,100.00,Sì,No
Noleggio Barche Napoli - Noleggio Gommoni Napoli,Noleggio barche,,329 873 2032,"C.so Vittorio Emanuele, 455",Napoli,,,,,,,,,,,
La Darsena Charter Noleggio Imbarcazioni Napoli con Skipper,Noleggio barche,https://www.ladarsenacharter.com,333 457 4582,"V. Francesco Caracciolo, 11",Napoli,,info@ladarsenacharter.com,https,WordPress,No,Aruba S.p.A.,51,78,100.00,Sì,No
AF YACHT CHARTER,Noleggio barche,http://afyachtcharter.com,081 1948 5089,"Viale Antonio Gramsci, 21",Napoli,,info@afyachtcharter.com,https,WordPress,Sì,PlanetHoster,68,65,100.00,Sì,No
Nautica Branchizio Mergellina S.a.s.,Noleggio barche,http://www.nauticabranchizio.it,081 667913,"Via Mergellina, 205",Napoli,,info@nauticabranchizio.it,http,React,No,Aruba S.p.A.,79,97,91.00,Sì,No
Viaggiomediterraneo Srls,Noleggio barche,https://www.viaggiomediterraneo.com,334 828 3083,"Via Boncompagni, 21",Roma,,prenotazione@viaggiomediterraneo.com,https,React,Sì,Aruba S.p.A.,55,66,92.00,Sì,No
Fairy Boat,Noleggio barche,,328 565 6516,Contrada Torrenova,Potenza Picena,,,,,,,,,,,
Gnowee | Noleggio Barche con patente e senza a Trieste,Noleggio barche,http://www.gnoweenoleggiobarche.com,377 457 4168,"Località Villaggio del pescatore, 70",Trieste,,info@gnoweenoleggiobarche.com,https,React,Sì,Servereasy Srl,66,94,100.00,Sì,No
Noleggio gommoni Ciclope Boat Rent,Noleggio barche,,345 581 1664,"Lungomare Cristoforo Colombo, Snc",Aci Castello,,,,,,,,,,,
Charter Eolie e Grecia Atlantia partenza da Milazzo noleggi barca a vela,Noleggio barche,,373 799 9740,"Via L. Da Vinci, 12",Tremestieri Etneo,,,,,,,,,,,
Sicily Gates,Noleggio barche,,338 671 7934,"Via Carlo Alberto, 100",San Gregorio di Catania,,,,,,,,,,,
Sealife noleggio gommoni,Noleggio barche,,335 817 6993,Via Duca del Mare,Riposto,,,,,,,,,,,
Nautica Patanè S.r.l.,Noleggio barche,,393 836 6282,"VIa S. Anna, 24",Sant'Anna,,,,,,,,,,,
AzMarine,Noleggio barche,https://www.azmarine.it,0931 184 0680,"Viale Africa, 17",Catania,,info@azmarine.it,https,Shopify,No,Aruba S.p.A.,98,100,100.00,Sì,No
Altamarea,Noleggio barche,http://altamareanoleggio.it,349 874 6317,"Viale della Fiera Franca, n. 25/27",Capo Mulini,,,https,Joomla,Sì,Netsons s.r.l,77,91,83.00,Sì,No
EtnaBoating,Noleggio barche,http://www.instragram.com/etnaboating,347 939 1683,"S N, Via Duca del Mare",Riposto,,,http,React,No,"Facebook, Inc.",55,54,100.00,Sì,No
Shes' Mine Yacht,Noleggio barche,https://www.shesmineyacht.it,350 193 6251,"Via Monsignor Ventimiglia, Via Cardinale Dusmet, 145",Catania,,amministrazione@shesmineyacht.it,https,WordPress,Sì,Google LLC,64,87,100.00,Sì,No
AirOne,Noleggio barche,http://www.aironeboatrental.com,339 803 8346,"Via Marina di Cassano 22, Via Sacello di Miseno, 19",Bacoli,,,https,Angular,No,"Cloudflare, Inc.",85,95,100.00,Sì,No
MVV CHARTER SRL,Noleggio barche,https://www.mvvcharter.it,379 234 8421,"VIA MOLO DI PONENTE, 2",Torre Annunziata,,,https,Basekit,No,Aruba S.p.A.,54,76,85.00,Sì,No
Nautica Pomar,Noleggio barche,https://nauticapomar.com,389 874 3249,"Via Giuseppe la Francesca, 2",Trapani,,pomar.gp@gmail.com,https,WordPress,Sì,OVH SAS,63,80,92.00,Sì,No
Lucky Charter - Noleggio Barche,Noleggio barche,https://www.luckychartersorrento.it,327 206 4848,"Via Pasquale Fusco, 8",Torre Annunziata,,info@luckychartersorrento.it,https,ASP.NET,No,Aruba S.p.A. Network,55,46,82.00,Sì,No
NAUTIC SERVICES SRL,Noleggio barche,http://www.noleggiogommonianzionettunoroma.it,338 440 1142,Via Porto Innocenziano,Anzio,,noleggio@nauticservices.it,https,WordPress,Sì,Aruba S.p.A.,55,64,85.00,Sì,No
Altamarea Charter Nautico - Noleggio Gommoni,Noleggio barche,http://www.altamareacharter.com,360 870 745,"porticciolo turistico, Lungomare Mediterraneo",Marsala,,,,WordPress,No,Aruba S.p.A,61,80,92.00,Sì,No
Gommoniegadi Noleggio Gommoni,Noleggio barche,http://www.gommoniegadi.it,327 957 7596,"Lungomare Mediterraneo, 25",Marsala,,info@gommoniegadi.it,,WordPress,No,Aruba S.p.A.,44,52,77.00,Sì,No
Leomar • noleggio gommoni e motoscafi,Noleggio barche,,339 486 8593,Spiaggia Marina Grande,Capri,,,,,,,,,,,
Boatly Boat Rent,Noleggio barche,https://www.boatly.it,392 194 1222,Molo Manfredi porto di Salerno,Salerno,,info@boatly.it,http,React,Sì,Aruba S.p.A. Network,46,43,92.00,Sì,No
Invictus Sicily noleggio e locazione barche a vela,Noleggio barche,http://www.invictus-sicily.com/theme,333 378 5958,"Via Livorno, Presso Porto Turistico Marina di Ragusa",Ragusa,,sail.charter@invictus-sicily.com,https,WordPress,No,Aruba S.p.A.,41,81,92.00,Sì,No
"Sicilia Élite rent a boat, noleggio e locazione gommoni e barche. Gite in barca con skipper",Noleggio barche,http://www.siciliaelite.it,338 135 0611,porto turistico,Marina di Ragusa,,siciliaelite@gmail.com,https,WordPress,Sì,"Amazon.com, Inc.",77,94,100.00,Sì,No
InMari Escursioni Riserva dello Zingaro,Noleggio barche,https://www.inmari.it,0923 198 7563,"Via Duca degli Abruzzi, 57",San Vito Lo Capo,,info@inmari.it,https,Shopify,No,OVH SAS,64,94,100.00,Sì,No
Marina di Ognina,Noleggio barche,https://www.marinadiognina.it,351 835 1860,"Traversa Capo Ognina, n° 2",Siracusa,,info@marinadiognina.it,http,React,No,Aruba S.p.A. Network,64,84,92.00,Sì,No
Gargiulo Boat Agency Sorrento,Noleggio barche,https://www.gargiuloboatsorrento.com,371 316 5979,"Nei pressi del Tabaccaio, Via Marina Grande, 146",Sorrento,,info@gargiuloboatsorrento.com,https,Wix,Sì,Google LLC,45,65,92.00,Sì,No
"Ioniam Rent Boat - Noleggio barche, gommoni e visite guidate in ZATTERA",Noleggio barche,https://www.ioniam-noleggiobarche.com,331 897 9799,"Associazione Due mari, Contrada Zuccara",Avola,,ioniam@outlook.it,https,WordPress,No,Iomart Cloud Services Limited,54,23,92.00,Sì,No
noleggio gommoni Cannigionexperience,Noleggio barche,,388 049 6719,"Pontile Albatros, Via Lungomare A. Doria",Cannigione,,,,,,,,,,,
Zonza Boat Rental - noleggio gommoni Cannigione,Noleggio barche,http://www.zonzaboatrental.com,345 354 2729,"Via Lungomare A. Doria, 7",Cannigione,,zonzaboatrental@gmail.com,https,React,Sì,Google LLC,61,84,100.00,Sì,No
Nautilus,Noleggio barche,https://www.nautilussardegna.it,336 814 182,"Via Lungomare A. Doria, 19",Cannigione,,info@nautilussardegna.it,https,ASP.NET,No,2000net srl,43,56,92.00,Sì,No
Sinis Navigare | Noleggio Gommoni escursioni in Barca,Noleggio barche,https://sinisnavigare.com,327 381 6130,Porticciolo di Marina di Torregrande loc,Torre Grande,,,https,React,No,OVH ISP,60,90,92.00,Sì,No
Sicily Boat Rent Noleggio Gommoni,Noleggio barche,http://www.sicilyboatrent.it,347 578 1372,"Discesa Tonnara, 4",Palermo,,sicilyboatrent@gmail.com,https,WordPress,No,Netsons s.r.l.,72,70,85.00,Sì,No
Blu e Blu Noleggio Gommoni,Noleggio barche,http://www.blueblunoleggio.it,320 777 3633,Via Degli Oleandri,Villasimius,,info@blueblunoleggio.it,http,React,No,OVH SAS,44,47,92.00,Sì,No
Palermobyboat - Noleggio Barche e Gommoni,Noleggio barche,http://palermobyboat.com,388 800 3433,"Scalo dell'Arenella, 66",Palermo,,gaspareadamoo@gmail.com,https,WordPress,Sì,TransIP BV,41,76,85.00,Sì,No
Sabbiamare Tender & Boat Rental,Noleggio barche,https://sabbiamare.net,345 324 1463,"Porto Cervo Marina Sestante A/B, Molo Q",Porto Cervo,,,https,Joomla,No,"Cloudflare, Inc.",56,46,77.00,Sì,No
Free style boat,Noleggio barche,,333 948 0328,Via Marina di Praia,Praiano,,,,,,,,,,,
La Sibilla Srl,Noleggio barche,http://www.lasibilla.org,089 874365,"Via Marina di Praia, 13",Furore,,info@lasibilla.org,http,ASP.NET,No,Aruba S.p.A. Network,52,53,82.00,Sì,No
Sotto Sopra Noleggio Gommoni,Noleggio barche,http://www.portorotondoyachting.com,0789 34258,"Via della Marina, 14",Porto Rotondo,,,https,Joomla,Sì,Aruba S.p.A.,59,83,83.00,Sì,No
Tender One,Noleggio barche,http://www.tenderone.it,0789 34523,Via del Molo,Porto Rotondo,,booking@tenderone.it,https,Joomla,No,OVH ISP,34,62,100.00,Sì,No
Summer Service Boat Rental,Noleggio barche,http://www.noleggiogommoniportorotondo.com,344 163 0659,Via Sa Jaga Brujada,Porto Rotondo,,,https,WordPress,Sì,Google LLC,59,74,100.00,Sì,No
Marina di Asfodeli,Noleggio barche,https://www.marinadiasfodeli.com,392 962 3071,"Via Sos Teuleddas, Loc. Punta Asfodeli, 3",Porto Rotondo,,info@marinadiasfodeli.com,https,React,Sì,Aruba S.p.A.,41,40,77.00,Sì,No
Tirreno yacht S.r.l.,Noleggio barche,,320 676 7645,"Via Cristoforo Colombo, 130",Pontecagnano Faiano,,,,,,,,,,,
Oceans-Evasion Yacht Charters,Noleggio barche,http://www.oceans-evasion.com,+33 2 97 55 84 46,1 Rue d'Estienne d'Orves 1er étage,Lorient,,166df738338a4bcfc7181e61b5832c25@o417216.ingest.sentry.io,https,React,Sì,Amazon Technologies Inc.,47,73,100.00,Sì,No
Amalfi Marine,Noleggio barche,http://www.amalfiboatrental.com,338 307 6125,Via Lungomare dei Cavalieri,Amalfi,,info@amalfimarine.com,https,React,No,Aruba S.p.A.,60,48,92.00,Sì,No
Cristiano Brussa Trasporti Srl,Noleggio barche,https://www.cristianobrussa.com,041 275 0196,"Fondamenta Cannaregio, 1081",Venezia,,info@cristianobrussa.com,https,Shopify,No,Aruba S.p.A.,39,88,92.00,Sì,No
Yachting Experience - Noleggio Barche a Vela,Noleggio barche,http://www.yachting-experience.com,339 857 1906,"Via Amerigo Vespucci, 5",Nettuno,,info@yachting-experience.com,https,React,Sì,Google LLC,55,64,100.00,Sì,No
Idealinnolo SCARL,Noleggio barche,http://www.idealnolo.it,0873 342631,"Viale Stati Uniti, 6",San Salvo,,info@idealnolo.it,https,React,No,Netsons Network,66,82,83.00,Sì,No
Guidotti Ships Srl,Noleggio barche,http://www.guidottiships.it,0875 82862,Porto di Termoli Molo Nord-Est,Termoli,,info@guidottiships.it,https,WordPress,Sì,Aruba S.p.A. Network,42,64,92.00,Sì,No
Black Pearl Noleggio Gommoni,Noleggio barche,https://www.skippergommonisanteodoro.it,340 280 3407,Via Salina Bamba,San Teodoro,,,https,Joomla,Sì,Aruba S.p.A.,62,94,92.00,Sì,No
Noleggio Gommoni Budoni - Stella Marina - Massimo Lillu,Noleggio barche,http://escursionibudoni.it,389 152 0073,Via dei Lidi,Budoni,,info@stellamarinatour.com,https,WordPress,No,Server Plan S.r.l.,56,80,92.00,Sì,No
Sesto Nautica,Noleggio barche,,0331 924946,"IP, Via Manzoni, 38 all'interno del benzianio",Sesto Calende,,,,,,,,,,,
Noleggio Gommoni - Ponza Experience,Noleggio barche,https://www.ponza-experience.com,375 581 9488,Via Passarelle,Terracina,,,,WordPress,Non trovato,Netsons s.r.l.,100,100,45.00,,No
Capri Sea Tour Noleggio Barche Napoli,Noleggio barche,,338 574 0082,"Via Piana, 7",Piano di Sorrento,,,,,,,,,,,
Luxury Boats Stabia - Noleggio Barche,Noleggio barche,http://www.luxuryboats.it,351 084 9532,"Corso Alcide de Gasperi, 313",Sorrento,,info@luxuryboats.it,https,WordPress,No,Aruba S.p.A.,0,0,92.00,Sì,No
Vela Victory Charter Giulianova,Noleggio barche,,339 132 8420,"Porto di Giulianova Molo B, Snc",Giulianova,,,,,,,,,,,
Jolly Roger Boats,Noleggio barche,http://www.jollyrogerboats.it,081 009 7122,"Via Mergellina, 2",Napoli,,,https,Joomla,Sì,IONOS SE,70,91,92.00,Sì,No
"Explore Ortigia - RENT BOAT noleggio gommoni SIRACUSA, escursioni in barca",Noleggio barche,,349 064 0908,"c/o approdo Santa Lucia, Largo Porto Piccolo",Siracusa,,,,,,,,,,,
Atlantis Noleggio Gommoni Bacoli,Noleggio barche,,379 261 1565,Via della Shoah,Bacoli,,,,,,,,,,,
STRAMBANDO.IT,Noleggio barche,http://www.strambando.it,335 207 089,"Yachting Club, Via Marina Chiaiolella",Procida,,info@strambando.it,https,Shopify,No,Aruba S.p.A,73,83,100.00,Sì,No
Guaza Charter Gaeta,Noleggio barche,https://www.guazacharter.com,338 718 0856,"Lungomare Giovanni Caboto, 528",Gaeta,,info@guazacharter.com,https,React,Sì,Aruba S.p.A.,64,84,100.00,Sì,No
