Nome Attività,Categoria,Sito Web,Telefono,Indirizzo,Comune,Provincia,Email,Protocollo,Tecnologia,Cookie Banner,Hosting Provider,Mobile Performance,Desktop Performance,Punteggio SEO,Disponibilità Sito,Stato Manutenzione
Ufficio Postale Poste Italiane,Ufficio postale,,0832 871211,"Via Atene, 35/37",Calimera,,,,,,,,,,,
Negozio Partner Comune Di Calimera,Azienda fornitrice di energia elettrica,,800 900 800,"Piazza del Sole, 11",Calimera,,,,,,,,,,,
Poste Italiane,Ufficio postale,,0833 553670,Piazza dell'Orologio,Alliste,,,,,,,,,,,
Asl Centro Salute Mentale - Calimera,Dipartimento della sanità pubblica,,0832 873086,Via Colaci,Calimera,,,,,,,,,,,
AM ROSSETTI SRLS,Ufficio aziendale,,348 071 3701,"Via Vincenzo Ciardo, 5",Calimera,,,,,,,,,,,
FMSHOP,Ufficio aziendale,,328 733 2785,"Via Trieste, 4",Alliste,,,,,,,,,,,
L'Immobiliare srl,Ufficio aziendale,http://www.immobiliarecalimera.it/,0832 872175,"Via Mayro, 12",Calimera,,info@immobiliarecalimera.it,http,React,No,Aruba S.p.A. Network,68,97,91.00,Sì,No
Posta Centrale,Ufficio postale,https://www.postacentrale.com/,333 262 6191,"Via Roma, 177",Calimera,,,https,React,No,Google LLC,76,93,92.00,Sì,No
Chiara Energy S.r.l.s.,Ufficio postale,,375 655 5485,"Via Racale, 1",Alliste,,,,,,,,,,,
Municipio Comune di Carosino,Municipio,,099 591 9162,"Via Roma, 73",Carosino,,,,,,,,,,,
IQOS PREMIUM PARTNER CALIMERA - Tabaccheria Cubano,Tabaccheria,,0832 873805,"Piazza del Sole, 5",Calimera,,,,,,,,,,,
RSA per disabili Casa di Alberto,Organizzazione di servizi e supporto per i disabili,http://www.albertotuma.it/,0833 985269,Viale Salento,Alliste,,,https,WordPress,No,Aruba S.p.A.,61,85,92.00,Sì,No
Studio Di Consulenza Automobilistica Antonucci,Ufficio patenti,,099 592 3471,"Via Cavour, 37",Carosino,,,,,,,,,,,
Comune Di Carosino Polizia Locale,Municipio,,099 592 1032,"Via Tenente Occhinegro, 1",Carosino,,,,,,,,,,,
Comune di Alliste,Municipio,https://www.comunedialliste.le.it/,0833 902711,"Piazza Municipio, 5",Alliste,,protocollo.comune.alliste@pec.rupar.puglia.it,https,Joomla,Sì,Aruba S.p.A.,55,74,83.00,Sì,No
Polizia Municipale Di Alliste,Vigile urbano,http://www.poliziamunicipale.it/alliste.le,0833 584337,"Via XXIV Maggio, 4",Alliste,,,https,Angular,No,Microsoft Corporation,75,97,83.00,Sì,No
Poste Italiane - Ufficio Postale Di S. Maria Al Bagno,Ufficio postale,,0833 573457,Via Giuseppe Mazzini,Avetrana,,,,,,,,,,,
Municipio,Municipio,,099 970 3274,"Via Vittorio Emanuele, 5",Avetrana,,,,,,,,,,,
Comune di Avetrana,Associazione / Organizzazione,,099 970 7766,"Via Vittorio Emanuele, 19",Avetrana,,,,,,,,,,,
Agenzia Tre Colli Avetrana,Ufficio patenti,,099 221 2507,"Via Giuseppe Mazzini, 36",Avetrana,,,,,,,,,,,
Comando Polizia Locale,Ufficio aziendale,,0832 870210,"Via Salvo D'Acquisto, 5",Calimera,,,,,,,,,,,
Guardia Medica Avetrana - Servizio di continuità assistenziale,Centro medico pubblico,,099 970 4062,"Via Piave, 101",Avetrana,,,,,,,,,,,
Nigro Daniele,Cartoleria,,099 970 4819,"Via A. De Gasperi, 61",Avetrana,,,,,,,,,,,
UNIONE DI COMUNI DELLA GRECìA SALENTINA,Municipio,https://www.unionegreciasalentina.le.it/,0832 870 2016,"Piazza del Sole, 11",Calimera,,,https,Joomla,Sì,CLIO,50,55,77.00,Sì,No
Passion Fruit Lab,Ufficio aziendale,,0836 551403,"Via Scalfo, 73",Aradeo,,,,,,,,,,,
Delegazione ACI - Aradeo Di Longo Nicola,Ufficio patenti,,0836 552222,"Via Palmiro Togliatti, n. 26",Aradeo,,,,,,,,,,,
Comune di Aradeo,Municipio,,0836 552583,"Via Aldo Moro, 2",Aradeo,,,,,,,,,,,
Scuola&Ufficio,Cartoleria,,339 405 7006,"Via Palmiro Togliatti, 27",Aradeo,,,,,,,,,,,
Tutelasì,Ufficio aziendale,,371 197 2035,"Via Mahatma Gandhi, 7",Aradeo,,,,,,,,,,,
agenzia GM 1310 Sportello Telematico,Ufficio patenti,,328 317 3019,"Via Martiri della Libertà, 35/39",Aradeo,,,,,,,,,,,
Apollonio Fernando Tutto Per L'Ufficio,Negozio di mobili per ufficio,,0836 551008,"Viale Nicola Frigino, 78",Aradeo,,,,,,,,,,,
WERO srl,Ufficio aziendale,,0836 210977,"Via A. Einstein, 20",Aradeo,,,,,,,,,,,
Pool & Garden di Nicola D'Alessandro,Ufficio aziendale,,380 347 2345,"Via Karl Marx, 7",Aradeo,,,,,,,,,,,
Technoacque S.R.L.,Azienda per la fornitura di acqua,,0836 550063,"Via Pozzi Dolci, 73",Aradeo,,,,,,,,,,,
Comune di Campi Salentina,Municipio,,0832 720611,"Piazza Libertà, 27",Campi Salentina,,,,,,,,,,,
Poliambulatorio CAMPI SALENTINA,Servizi medici locali,,0832 790111,Via Sandonaci,Campi Salentina,,,,,,,,,,,
DETTAGLI PER UFFICIO,Cartoleria,,328 233 5090,"Via Taranto, 81",Campi Salentina,,,,,,,,,,,
Comune Di Campi Salentina,Municipio,,0832 794475,"via Giovanni XXIII, 13",Campi Salentina,,,,,,,,,,,
AGENZIA SOLUZIONI PRATICHE,Ufficio patenti,,0832 872040,"Via Giuseppe Verdi, 9",Calimera,,,,,,,,,,,
INPS Campi Salentina,Ufficio della previdenza sociale,,803 164,"Via Pacinotti, snc",Campi Salentina,,,,,,,,,,,
Associazione La Meta Facile,Ufficio aziendale,http://lametafacile.it/,329 843 0790,"Via S. Francesco, n°3",Avetrana,,,http,Joomla,No,Aruba S.p.A.,56,61,83.00,Sì,No
Genpro,Ufficio aziendale,,391 467 5661,"Via Pola, 13",Avetrana,,,,,,,,,,,
Trevisi Michele,Ufficio patenti,,0832 796957,"7 Piazza Mercato, Campi Salentina, Le 73012",Campi Salentina,,,,,,,,,,,
Istituto Comprensivo Campi Salentina,Scuola di educazione generale,,0832 791133,"via Giovanni XXIII, 13",Campi Salentina,,,,,,,,,,,
Municipio - Protezione Civile,Municipio,,0832 822311,"Largo San Marco, 3",Caprarica di Lecce,,,,,,,,,,,
Vito De Santis Srl - Canon,Cartoleria,http://www.canonlecce.it/,0832 872323,"Via Amerigo Vespucci, 13",Calimera,,info@vitodesantis.it,,WordPress,No,Aruba S.p.A. Network,56,79,61.00,Sì,No
CIA Agricoltori Italiani | Avetrana,Associazione agricola,http://www.cia-puglia.it/,099 970 4323,"Via Roma, 136",Avetrana,,puglia@cia.it,https,Shopify,No,Aruba S.p.A,47,47,85.00,Sì,No
Melle Daniela,Ufficio patenti,,099 970 7635,"Via Piave, 1",Avetrana,,,,,,,,,,,
Spazio Enel Partner Campi Salentina,Azienda fornitrice di energia elettrica,,0832 181 4328,"Via Kennedy, 2",Campi Salentina,,,,,,,,,,,
PARCO AVVENTURA SALENTO ADVENTURES,Parco divertimenti per bambini,,349 740 2364,Via Cisterna Vecchia,Caprarica di Lecce,,,,,,,,,,,
Europoltrone,Negozio di mobili per ufficio,https://www.europoltrone.it/,0833 551449,"Via Dante Alighieri, 9",Alliste,,europoltrone@gmail.com,,Magento,Sì,Aruba S.p.A.,45,78,92.00,Sì,No
Un Villaggio per Crescere a Caprarica di Lecce,Centro servizi per le famiglie,,351 581 7631,"Via Risorgimento, 2",Caprarica di Lecce,,,,,,,,,,,
Comune Di Alessano,Municipio,,0833 524110,"Via Tagliamento, 1",Alessano,,,,,,,,,,,
Comune di Alessano,Ufficio dell'amministrazione comunale,,0833 524437,"Via Francesco Storella, 15",Alessano,,,,,,,,,,,
UFFICIO 2000 SAS di Coppola Roberto & C,Negozio di forniture per la scuola,,0833 781085,"Via Scipione Sangiovanni, 28",Alessano,,,,,,,,,,,
Campi Salentina,Ufficio aziendale,,333 257 531,"Via Nino Bixio, 34",Campi Salentina,,,,,,,,,,,
Centro per l'Impiego di Campi Salentina - ARPAL Puglia,Centro per l'impiego,https://arpal.regione.puglia.it/,0832 156 6073,"Via Piemonte, 46",Campi Salentina,,protocollo@arpal.regione.puglia.it,https,React,No,InnovaPuglia SpA,35,40,92.00,Sì,No
Ufficio pratiche Luce e Gas,Ufficio aziendale,,348 406 0560,"Via XX Settembre, 6",Alessano,,,,,,,,,,,
Comune di Carpignano Salentino,Ufficio dell'amministrazione comunale,,0836 586017,"Via S. Rocco, 1",Carpignano Salentino,,,,,,,,,,,
Poste Italiane Poste Italiane S.P.A.,Ufficio postale,,0836 586033,"Via Salomi, Snc, Carpignano Salentino, Le 73020, Via Salomi, 22",Carpignano Salentino,,,,,,,,,,,
AGENZIA ZACHEO RICCARDO,Ufficio patenti,,380 346 0226,"Piazza Ognissanti, 23",Carpignano Salentino,,,,,,,,,,,
Comune Di Cannole Centro Informa Giovani Ufficio Uma,Municipio,,0836 411713,"Piazza S. Vincenzo, 25",Cannole,,,,,,,,,,,
Comune di Cannole,Municipio,,0836 318007,Via Aldo Moro,Cannole,,,,,,,,,,,
Municipio Comune di Bagnolo,Municipio,,0836 318005,"Via Rosario Mancini, 4",Bagnolo del Salento,,,,,,,,,,,
Unione Dei Comuni Di Cursi - Bagnolo Del Salento - Cannole - Palmariggi,Municipio,,0836 318711,"Via Rosario Mancini, 4",Bagnolo del Salento,,,,,,,,,,,
Ristorante DonPippiRestaurant,Ristorante,,376 055 8657,"V. Vincenzo Papaleo, 52",Bagnolo del Salento,,,,,,,,,,,
Polizia Locale - Campi Salentina,Vigile urbano,,0832 720614,"Via S. Giuseppe, 53",Campi Salentina,,,,,,,,,,,
Provincia Di Lecce,Ufficio statale locale,https://www.provincia.le.it/,0832 791127,"Via Piemonte, 46",Campi Salentina,,protocollo@cert.provincia.le.it,https,WordPress,Sì,PAth.Net S.p.A.,55,37,85.00,Sì,No
Municipio Di Alessano,Municipio,,800 689 498,"Piazza Assunzione,s.n, c",Alessano,,,,,,,,,,,
Ufficio Galattica Alessano - Torre dell'Orologio,Associazione,http://www.liber-azione.it/,320 764 2972,Piazza Don Tonino Bello,Alessano,,,https,WordPress,No,Aruba S.p.A. Network,76,94,92.00,Sì,No
Carabinieri • Comando Stazione Bagnolo Del Salento,Arma dei Carabinieri,,0836 318010,"Via G. Pajetta, 5",Bagnolo del Salento,,,,,,,,,,,
Cancelli Remolo,Negozio di mobili,,327 094 7143,"Via Roma, 115",Bagnolo del Salento,,,,,,,,,,,
Scuola Media Statale,Scuola pubblica,,0836 318166,"Via Roma, 119",Bagnolo del Salento,,,,,,,,,,,
Comune di Arnesano,Municipio,,0832 323813,"Via de Amicis, 20",Arnesano,,,,,,,,,,,
Master Mind Cartoleria,Cartoleria,,0832 327429,"Via Libertà, 16",Arnesano,,,,,,,,,,,
Monteco S.p.A. Sede Operativa - Campi Salentina,Servizio di raccolta rifiuti,https://campisalentina.montecospa.it/it/form/contattaci?source_entity_type=node&source_entity_id=479,0832 720411,Via Squinzano km. 2,Campi Salentina,,privacygroup-dpo@pec.it,https,Drupal,No,Contabo GmbH,59,51,100.00,Sì,No
Comune di Andrano,Municipio,,0836 929222,"Via Michelangelo, 25",Andrano,,,,,,,,,,,
Masseria Chiusura di Sotto. AZIENDA AGRARIA GRECO,Fattoria,http://www.aziendaagrariagreco.it/,380 209 9782,Via S. Cesario,Caprarica di Lecce,,info@aziendaagrariagreco.it,https,Shopify,No,Aruba S.p.A.,47,65,85.00,Sì,No
Unione Dei Comuni Cavallino - Lizzanello - Caprarica Di Lecce - Castri Di Lecce,Municipio,,0832 613112,"Via de Dominicis, 5",Cavallino,,,,,,,,,,,
Pratiche Auto & Fiscali di Graziana Accogli,Ufficio patenti,,320 315 9667,"Via Provinciale per Tricase, 72",Andrano,,,,,,,,,,,
Menhir Salento S.p.A.,Ufficio aziendale,http://www.menhirsalento.it/,0836 818199,Via Salvatore Negro,Bagnolo del Salento,,commerciale@menhirsalento.com,https,Shopify,Sì,Keliweb S.R.L,66,79,92.00,Sì,No
Ceramiche Magurano,Negozio di ceramiche,,0836 318128,"Via A. Gramsci, 2",Bagnolo del Salento,,,,,,,,,,,
Comune di Alezio,Municipio,,0833 281020,"Via S. Pancrazio, 34",Alezio,,,,,,,,,,,
Forno Pellegrino. Prodotti da forno Leccesi,Negozio di artigianato tipico,https://www.fornopellegrino.it/,0836 318132,"Via Roma, 86",Bagnolo del Salento,,info@fornopellegrino.com,https,Shopify,No,Aruba S.p.A. Network,53,87,92.00,Sì,No
Continuità Assistenziale (Guardia Medica),Punto di pronto soccorso,,0836 318062,Via Rosario Mancini,Bagnolo del Salento,,,,,,,,,,,
Tenuta Pigliano Hotel,Hotel,http://www.tenutapigliano.it/,320 619 5190,"Via Castriota, c.s. n. 45",Bagnolo del Salento,,info@tenutapigliano.it,https,WordPress,No,Aruba S.p.A. Network,57,73,92.00,Sì,No
Menhir di Bagnolo,Punto di riferimento storico,,335 422 514,SP38,Bagnolo del Salento,,,,,,,,,,,
Comune di Carmiano,Municipio,,0832 600200,"Piazza Assunta, 1",Carmiano,,,,,,,,,,,
Agenzia Primiceri Massimo Pratiche Automobilistiche,Ufficio patenti,,360 907 820,"Via Enrico Toti, 44",Alezio,,,,,,,,,,,
Polizia Locale - Carmiano,Ufficio statale,,340 713 8980,"Via Roma, 187",Carmiano,,,,,,,,,,,
C. M. Carservice di Tondo Caterina,Ufficio aziendale,,340 067 7637,"Via Monsignor Paladini, 70",Carmiano,,,,,,,,,,,
CENTRO UFFICIO Veglie,Cartoleria,,0832 968944,"Via Carmiano, 15",Veglie,,,,,,,,,,,
MRS SRL,Ufficio aziendale,,+1 328-235-1175,"Via IV Novembre, 86",Carmiano,,,,,,,,,,,
Autonoleggio Quarta Srl,Ufficio aziendale,,338 984 4858,"Via Millesimo, 2/A",Carmiano,,,,,,,,,,,
Fantasy Cartolibreria,Cartoleria,,328 635 0543,"Via A. de Gasperi, 41/B",Carmiano,,,,,,,,,,,
C.P.M. S.R.L.,Azienda metallurgica,,0832 601883,Strada 45,Carmiano,,,,,,,,,,,
PRINT & SERVICE,Azienda informatica,,0832 606458,"Via Leverano, 75",Carmiano,,,,,,,,,,,
D'Andrea Arredamenti,Negozio di mobili,https://www.dandreamobili.it/,0836 318190,"Via Aldo Moro, 8",Bagnolo del Salento,,,https,Joomla,No,Google LLC,0,0,0.00,Sì,No
il Castello,Ristorante,https://ilcastellobagnolo.it/,0836 213472,"Via Sirena, 11",Bagnolo del Salento,,,https,Shopify,Sì,Google LLC,67,73,100.00,Sì,No
Agenzia delle Entrate,Ufficio dell'Agenzia delle entrate,,0832 281301,Via Principe Antonio de Curtis,Casarano,,,,,,,,,,,
Comune Di Andrano,Municipio,,0836 926317,"Piazza Municipio, 1",Diso,,,,,,,,,,,
Unione Comuni Andrano Diso Spongano,Municipio,https://www.unionecomuniandranodisospongano.it/portale/,0836 920746,"Via Filippo Bottazzi, 6",Diso,,unioneandranosponganodiso@sicurezzapostale.it,https,ASP.NET,Sì,Aruba S.p.A.,31,78,92.00,Sì,No
Delegazione Aci Fracasso,Agenzia pratiche auto e barche,,0833 502581,"Via S. Domenico, 3/D",Casarano,,,,,,,,,,,
Istituto Forma Mentis,Ufficio aziendale,https://istitutoformamenti.wixsite.com/formamentis,350 028 5155,"Via Regina Margherita, 3/a",Carmiano,,istitutoformamentissrls@gmail.com,https,Wix,No,Google LLC,55,98,100.00,Sì,No
Sede Meet Up Casarano 5 Stelle,Partito politico,,327 737 7709,"Via Firenze, 2",Casarano,,,,,,,,,,,
A.S.L. Lecce - Distretto Socio Sanitario Di Casarano,Dipartimento della sanità pubblica,,0833 5081,"Via Spagna, 51bis",Casarano,,,,,,,,,,,
Comune Di Casarano,Municipio,,0833 514111,"Piazza S. Domenico, 1",Casarano,,,,,,,,,,,
Polizia Municipale - Alezio,Vigile urbano,,0833 281121,"Via Giacomo Matteotti, 48",Alezio,,,,,,,,,,,
Centro per l'Impiego di Casarano - ARPAL Puglia,Centro per l'impiego,https://arpal.regione.puglia.it/hh/index.php,0833 169 9001,"Via S. Giuseppe, 14",Casarano,,supporto.servizidigitali@arpal.regione.puglia.it,https,React,No,InnovaPuglia SpA,54,35,54.00,Sì,No
Ufficio Commerciale Bimby,Ufficio aziendale,,0833 162 1481,"Via Dora Baltea, 9",Casarano,,,,,,,,,,,
Solving Solutions - soluzioni digitali,Ufficio aziendale,https://www.solvingsolutions.it/,0836 190 2147,"Via della Repubblica, 9",Andrano,,info@solvingsolutions.it,https,Shopify,No,Netsons s.r.l.,40,87,85.00,Sì,No
FIADDA Lecce,Ufficio aziendale,,334 342 8332,"Via IV Novembre, 92",Casarano,,,,,,,,,,,
Concessionaria Olivetti Soluzioni Ufficio s.a.s.,Negozio di computer,,0833 513077,"Spalle mercato coperto, Via Vecchia Matino, 24",Casarano,,,,,,,,,,,
ACI - Delegazione di Carmiano,Agenzia di assicurazioni auto,,0832 091673,"Via Copertino, 59",Carmiano,,,,,,,,,,,
Comune di Castri di Lecce,Municipio,,0832 826451,"Via Roma, 45",Castri di Lecce,,,,,,,,,,,
Masseria Rifisa Agriresort,Albergo benessere,http://www.masseriarifisa.it/,350 121 6842,Via Martiri D'Otranto,Caprarica di Lecce,,info@masseriarifisa.it,https,Joomla,No,Aruba S.p.A. Network,27,22,85.00,Sì,No
Tech'n'Coffee - Centro Grafica e Stampa,Tipografia digitale,http://tncstampa.it/,377 966 8897,"Via Ada Negri, 33",Carmiano,,,https,WordPress,Sì,Aruba S.p.A. Network,54,59,92.00,Sì,No
Socialfarma,Ufficio aziendale,https://www.socialfarma.it/,0832 093720,"Via S. Francesco, 19",Carmiano,,formazione@socialfarma.it,https,Shopify,Sì,Aruba S.p.A. Network,17,64,92.00,Sì,No
Scuola Media “Galileo Galilei”,Scuola pubblica,,0832 611036,Via Giacomo Brodolini,Castri di Lecce,,,,,,,,,,,
Calogiuri Luca,Ufficio postale,,0832 825063,"Via Sandro Pertini, 1/B",Castri di Lecce,,,,,,,,,,,
Spazio Enel Partner Casarano,Fornitore di energia,http://www.gruppovincenti.it/?utm_source=google&utm_medium=GMBSitelink&utm_campaign=GMBSitelink_Casarano_2WH,0833 502182,"Via Alto Adige, 9",Casarano,,,https,React,No,Aruba S.p.A.,97,100,85.00,Sì,No
Anagrafe,Anagrafe,,099 843 5212,Piazza Principe di Napoli,Castellaneta,,,,,,,,,,,
Ufficio,Servizi di trasporto,,393 950 5733,"Via Felice Maritano, 1",Castellaneta,,,,,,,,,,,
Tecno Ufficio,Cartoleria,,099 844 1146,"Via Mancini, 13",Castellaneta,,,,,,,,,,,
Agenzia Drago,Ufficio patenti,,333 935 5235,Via Taranto z. Industriale,Castellaneta,,,,,,,,,,,
Poste Italiane - Ufficio Postale Marina Di Castellaneta,Ufficio postale,,099 843 0512,"Piazza Kennedy, Castellaneta, TA 74011",Castellaneta Marina,,,,,,,,,,,
Serphin S.R.L.,Ufficio dell'amministrazione comunale,http://www.serphin.it/,099 450 2204,"Via Cheren, 60",Castellaneta,,,http,ASP.NET,No,Aruba S.p.A. Network,0,0,100.00,Sì,No
Comune di Castrignano del Capo,Municipio,,0833 751068,Via Municipio,Castrignano del Capo,,,,,,,,,,,
Studio Medico - Medicina di Base,Studio medico,,0833 751920,"SP 191, Via Cesare Battisti, 52",Castrignano del Capo,,,,,,,,,,,
Ufficio Postale,Ufficio postale,,0833 751063,"Via Grassi, 4",Castrignano del Capo,,,,,,,,,,,
CM color srl,Ufficio aziendale,,0832 603144,Via Enrico Berlinguer,Carmiano,,,,,,,,,,,
Comune di Castrignano dei Greci,Municipio,,0836 583006,"Via Costantinopoli, 47",Castrignano de' Greci,,,,,,,,,,,
Spazio Enel Partner Carmiano,Azienda fornitrice di energia elettrica,http://www.ideasrlenergia.it/?utm_source=google&utm_medium=GMBSitelink&utm_campaign=GMBSitelink_Carmiano_7BZ,0832 091437,"Via Copertino, 34",Carmiano,,,https,WordPress,Sì,Aruba S.p.A.,47,6,92.00,Sì,No
Unieuro City,Negozio di elettronica,,0833 751232,"Via Balvano, 1",Castrignano del Capo,,,,,,,,,,,
Elettrostore di De Nuccio Roberto,Negozio di elettrodomestici,,347 674 5132,"Via Piave, 13",Castrignano del Capo,,,,,,,,,,,
Agriservizi,Ufficio aziendale,https://www.ucicasarano.it/,0833 219253,"Via Sinni, 26",Casarano,,ucicasarano@gmail.com,https,WordPress,No,Aruba S.p.A.,64,85,85.00,Sì,No
Elettrodomestici Diego Morciano,Negozio di elettrodomestici,,0833 751217,"Piazza S. Michele, 11",Castrignano del Capo,,,,,,,,,,,
"IQOS PARTNER - Tabaccheria Del Borgo Di Calabrese Valerio, Castrignano del Capo",Tabaccheria,,0833 758902,"Via Adua, 27",Castrignano del Capo,,,,,,,,,,,
Agenzia Astore,Ufficio patenti,,0833 502033,"Via delle Industrie, 28",Casarano,,,,,,,,,,,
Castrignano DeiGreci Le,Ufficio aziendale,,0836 589432,"Via Giordano 1angolopiazzaAmoro lecce, Isituto",Santa Chiara,,,,,,,,,,,
Agenzia Pratiche Automobilistiche e assicurazioni,Ufficio patenti,,0836 589086,"Piazza Sant'Antonio, 16",Castrignano De' Greci,,,,,,,,,,,
Centro per l'Impiego di Brindisi - ARPAL Puglia,Centro per l'impiego,,0831 544700,"Via Tor Pisana, 114",Brindisi,,,,,,,,,,,
Ecocentro di Castrignano del Capo,Punto per la raccolta differenziata,http://www.biancoigiene.it/arolecce8,800 363 623,"Unnamed Road,73040",Castrignano del Capo,,arolecce8@biancoigiene.it,https,Mobirise,No,Aruba S.p.A.,71,92,82.00,Sì,No
Gioielleria Piccinni dal 1967 Castrignano del Capo (Lecce),Gioielleria,,0833 530492,"Piazza S. Michele, 8",Castrignano del Capo,,,,,,,,,,,
Comune Di Castellaneta,Municipio,,099 849 7111,Piazza Principe di Napoli,Castellaneta,,,,,,,,,,,
Municipio Comune di Brindisi,Municipio,,0831 229111,"Piazza Giacomo Matteotti, 1",Brindisi,,,,,,,,,,,
BRINDISI COUPON,Ufficio aziendale,,340 451 9035,"Via Porta Lecce, 32a",Brindisi,,,,,,,,,,,
Scuola Ufficio,Cartoleria,,351 510 5517,"Viale Commenda, 66",Brindisi,,,,,,,,,,,
Comune Di Brindisi - Circoscrizione Centro,Municipio,,0831 527599,"Via Filomeno Consiglio, 4",Brindisi,,,,,,,,,,,
POSTA PRIVATA NAZIONALE CASTELLANETA,Servizi postali,http://www.postaprivatacastellaneta.it/,099 946 0684,"Via S. Martino, 6",Castellaneta,,ppncastellaneta@gmail.com,http,WordPress,Sì,IONOS SE,66,71,85.00,Sì,No
Puglia Promozione Sede Di Brindisi,Ufficio dell'amministrazione regionale,,0831 562126,"Viale Regina Margherita, 44",Brindisi,,,,,,,,,,,
CENTRO UFFICIO SRL,Negozio,http://www.centroufficiosrl.com/new/index.php?option=com_content&view=article&id=53&Itemid=60,0831 563729,"Via Numa Pompilio, 99",Brindisi,,,http,Joomla,No,Aruba S.p.A,100,100,80.00,Sì,No
Comune Di Botrugno,Municipio,,0836 992213,"Piazza Indipendenza, 4",Botrugno,,,,,,,,,,,
Di Tutto Supermercato Botrugno,Alimentari,,327 097 0607,Via Marco Biagi,Botrugno,,,,,,,,,,,
"Subagenzia Assimoco, Assicurazioni Antonio Colella, Botrugno (Le)",Ufficio aziendale,,333 654 0025,"Via Madonna della Serra, 14",Botrugno,,,,,,,,,,,
Punto Enel Negozio Partner,Municipio,,800 900 860,"Piazza Indipendenza, 4",Botrugno,,,,,,,,,,,
Chat,Bar,http://www.chatbar.it/,0833 193 4297,Piazza S. Michele,Castrignano del Capo,,,http,WordPress,No,Aruba S.p.A.,63,82,92.00,Sì,No
Spazio Enel Partner Castrignano del Capo,Azienda fornitrice di energia elettrica,https://hydeale.it/spazi-vendita/spazio-enel-partner-castrignano-del-capo/?utm_source=google&utm_medium=GMBSitelink&utm_campaign=GMBSitelink_Castrignano_del_Capo_0APP,0833 186 4837,"Via Cesare Battisti, 17",Castrignano del Capo,,,,React,Non trovato,Server Plan S.r.l.,61,85,50.00,No - Pagina Non Trovata (404),No
Pro Loco Cisternino in Valle d'Itria,Centro informazioni turistiche,,391 438 7131,"Via Castello, 22",Cisternino,,,,,,,,,,,
SAIL Dott. Fulvio Fornaro,Ufficio aziendale,,080 444 8603,"Corso Umberto I, 127",Cisternino,,,,,,,,,,,
MONDOUFFICIO di Vasco Vincenzo,Azienda informatica,,392 415 4077,"Via IV Novembre, 37",Cisternino,,,,,,,,,,,
Pepe Stefano,Ufficio patenti,,080 444 6295,"Via Domenico Cirillo, 180",Cisternino,,,,,,,,,,,
Agenzia Pratiche Automobilistiche,Ufficio patenti,,0836 992615,"Via Camillo Benso Conte di Cavour, 56",Botrugno,,,,,,,,,,,
Partito Democratico PD di Cisternino,Partito politico,,329 812 8322,"Via Roma, 52",Cisternino,,,,,,,,,,,
Studio Odontoiatrico MRB,Studio medico,,391 749 0598,"Via Francesco Clarizia, 17/1",Cisternino,,,,,,,,,,,
Comune di Cavallino,Ufficio dell'amministrazione comunale,,0832 617111,"Via Pietro Ciccarese, 5",Cavallino,,,,,,,,,,,
Comune Di Cavallino,Municipio,,0832 612019,"Via G. Spadolini, 47",Cavallino,,,,,,,,,,,
Comune di Cisternino,Municipio,,080 444 5211,"Via Principe Amedeo, 72",Cisternino,,,,,,,,,,,
ZERODISTANZE CISTERNINO,Ufficio postale,http://www.zerodistanze.it/,080 444 9997,"Via IV Novembre, 6",Cisternino,,info@zerodistanze.it,https,ASP.NET,No,OVH SAS,63,64,82.00,Sì,No
SECURITY VIGILANZA s.a.s. di Cofano S.&C.,Servizio di vigilanza,http://www.securityvigilanza.it/,080 444 1005,"Via Dante Alighieri, 51",Cisternino,,info@securityvigilanza.it,https,WordPress,No,Seeweb srl,69,96,77.00,Sì,No
Provincia di Brindisi,Ufficio statale locale,http://www.provincia.brindisi.it/,0831 565111,"Via Annibale de Leo, 3",Brindisi,,fernanda.prete@provincia.brindisi.it,https,Joomla,Sì,INTERBUSINESS,60,87,92.00,Sì,No
Commissione tributaria provinciale di Brindisi,Ufficio statale,,06 9383 8410,"Via Sant'Angelo, 75",Brindisi,,,,,,,,,,,
Linea Ufficio Team,Azienda informatica,,329 002 7380,"Via del Loto, 9",Cavallino,,,,,,,,,,,
SUCCARTA di Daniela Marangi,Copisteria,http://www.succarta.it/,080 444 6425,"Via Nazario Sauro, 18",Cisternino,,,http,ASP.NET,No,Aruba S.p.A. Network,99,100,100.00,Sì,No
Confraternite di Cisternino,Ufficio aziendale,http://confraternitecisternino.it/,080 444 7252,"Via Castello, 13",Cisternino,,,http,React,No,Aruba S.p.A. Network,66,83,92.00,Sì,No
Centro Commerciale di Cavallino,Centro commerciale,,0832 614669,SS16 Km,Cavallino,,,,,,,,,,,
D & T Service,Agenzia pratiche auto e barche,,0832 613082,"Via Lizzanello, 59",Cavallino,,,,,,,,,,,
Prefettura di Brindisi,Ufficio statale locale,https://prefettura.interno.gov.it/it/prefetture/brindisi,0831 576111,"Piazza Santa Teresa, 1",Brindisi,,prefettura.brindisi@interno.it,https,Drupal,No,Akamai International B.V.,74,91,100.00,Sì,No
Tecnomat,Negozio di materiali da costruzione,,02 8390 5463,Via Vecchia S. Donato,Cavallino,,,,,,,,,,,
Comune di Ceglie Messapica,Municipio,,0831 387111,"Via Enrico de Nicola, 2",Ceglie Messapica,,,,,,,,,,,
Autopratiche Rescigno,Ufficio patenti,http://www.agenziarescigno.it/,0832 614563,"Via Antonio Rosario Miglietta, 46/A",Cavallino,,agenziarescigno@gmail.com,https,WordPress,No,Aruba S.p.A.,60,82,83.00,Sì,No
Acquedotto Pugliese S.P.A.,Azienda per la fornitura di acqua,http://www.aqp.it/,800 085 853,"Via Leonardo Da Vinci, 12/Bis",Brindisi,,,https,Drupal,Sì,Fastweb SpA,50,67,92.00,Sì,No
Posta Centrale Cavallino,Ufficio postale,https://www.postacentrale.com/,0832 524993,"Via di Leuca, 106",Cavallino,,,https,React,No,Google LLC,74,93,92.00,Sì,No
Poste Italiane - Ufficio Postale di Ceglie Messapica Centro,Ufficio postale,,0831 380349,"1, Piazza S. Antonio, Ceglie Messapica, BR 72013",Ceglie Messapica,,,,,,,,,,,
Poste Italiane Spa-Uff.Postale Di Ceglie Messapica Succ.1,Ufficio postale,,0831 385280,Viale Guanella,Ceglie Messapica,,,,,,,,,,,
Azienda Sanitaria Locale Brindisi,Clinica medica,,0831 389111,Viale Guanella,Ceglie Messapica,,,,,,,,,,,
Poste Italiane - Ufficio Postale Di Ceglie Messapica Succ.1,Ufficio postale,,0831 379359,Viale Guanella,Ceglie Messapica,,,,,,,,,,,
Euroffice Distribution S.r.l.,Negozio di forniture per ufficio,https://www.eurofficelecce.it/,0832 611371,"Via Antonio Rosario Miglietta, 86",Cavallino,,info@eurofficelecce.it,https,Shopify,No,Microsoft Corporation,55,93,83.00,Sì,No
Mondo Convenienza Cavallino (LECCE),Mobiliere,,06 91515,"SS 16, snc",Cavallino,,,,,,,,,,,
Comune di Cellino San Marco,Municipio,,0831 615111,"Via Napoli, 2",Cellino San Marco,,,,,,,,,,,
Calisi Nicola,Fornitore di attrezzature per l'ufficio,,0831 618618,"Via A. Manzoni, 45",Cellino San Marco,,,,,,,,,,,
"Prink | Cartucce, toner, stampanti, cartoleria e materiale per ufficio – Cavallino",Negozio di cartucce per stampanti,https://play.google.com/store/apps/details?id=com.twinlogix.fidelity.angelomonteduro,0832 408351,"Via Antonio Rosario Miglietta, 67",Cavallino,,info@cassanova.it,https,Angular,No,Google LLC,50,82,92.00,Sì,No
Comando di Polizia Locale,Municipio,,0832 612252,"Via Roma, 34",Cavallino,,,,,,,,,,,
My Office,Corriere,,0831 382353,"Viale Aldo Moro, 57",Ceglie Messapica,,,,,,,,,,,
Marra Marco,Sindacato,,0831 617051,"Via S. Marco, 74",Cellino San Marco,,,,,,,,,,,
studio odontoiatrico esperti,Studio medico,,388 172 5087,"Via E. Berlinguer, 41",Cellino San Marco,,,,,,,,,,,
Comune di Copertino,Municipio,,0832 938311,"Via Malta, 10",Copertino,,,,,,,,,,,
Comune Di Copertino,Municipio,,0832 933456,"Via Mogadiscio, 41",Copertino,,,,,,,,,,,
Bonfrate Lucio,Ufficio patenti,,0831 617516,"Via Amalfi, 6",Cellino San Marco,,,,,,,,,,,
AUSL LE 1 distretto n. 3,Servizi medici locali,,0832 931812,"Via Vittorio Emanuele III, 153",Copertino,,,,,,,,,,,
Agenzia Multiservice Delegazione Aci,Ufficio statale locale,,0832 934127,"Via Mariano Cosimo, 2",Copertino,,,,,,,,,,,
Studio Biondi Pratiche Automobilistiche Di Franco Maria Pia,Ufficio patenti,http://www.studiobiondi-ceglie.it/,0831 162 4993,"Via Puglia, 6",Ceglie Messapica,,,https,Joomla,No,Aruba S.p.A. Network,56,80,92.00,Sì,No
Spazio Enel Partner Ceglie Messapica,Fornitore di energia pulita,,0831 367923,"Via Cristoforo Colombo, 33",Ceglie Messapica,,,,,,,,,,,
Agenzia Nuvolari Di Cucco Luca Carmine,Ufficio patenti,,0833 341448,"Via C. Alberti, 37",Collepasso,,,,,,,,,,,
Igiene Point S.r.l. - Ufficio e Deposito Aziendale,Casalinghi,,0832 409354,"Via Galatina, 1",Copertino,,,,,,,,,,,
Comune di Corigliano d'Otranto,Municipio,,0836 320705,"Via Ferrovia, 19",Corigliano d'Otranto,,,,,,,,,,,
Centro Diagnostico Radiologico San Marco,Centro di diagnostica per immagini,https://www.diagnosticasanmarco.it/,0831 617156,"Largo Regina Margherita, 5",Cellino San Marco,,segreteria@diagnosticasanmarco.it,https,Shopify,Sì,Hetzner Online GmbH,55,81,100.00,Sì,No
Valter Conte Impianti&Costruzioni,Ufficio aziendale,,0832 933226,"Via Lecce Esterna, sn 73043",Copertino,,,,,,,,,,,
Comune di Collepasso,Municipio,https://www.comunedicollepasso.le.it/,0833 341568,"Piazza Dante Alighieri, 25",Collepasso,,comunecollepasso@pec.rupar.puglia.it,https,Joomla,Sì,Aruba S.p.A.,48,72,83.00,Sì,No
La Nuova Posta,Servizi postali,https://www.nuovaposta.com/chi-siamo/rete-uffici-postali/,0832 523799,"Via Re Galantuomo, 33",Copertino,,info@lanuovaposta.it,https,WordPress,No,Netsons Network,83,97,92.00,Sì,No
Cpd Copertino,Servizi postali,,0832 934028,"Largo Giuseppe Mazzini, 47",Copertino,,,,,,,,,,,
M&m bevande. Ingrosso e dettaglio,Ufficio aziendale,,327 245 9937,"Via Galatina, 92",Corigliano D'otranto,,,,,,,,,,,
Dimecart | Cartolibreria,Cartoleria,,0836 471221,"Via Roma, 31",Corigliano D'otranto,,,,,,,,,,,
Comune di Martina Franca,Municipio,,080 483 6111,"Palazzo Ducale di, Via Giuseppe Aprile, 21",Martina Franca,,,,,,,,,,,
Do' Cafè,Caffè,https://docafe.it/,0831 094031,Via Napoli,Cellino San Marco,,,http,WordPress,No,Aruba S.p.A,59,96,85.00,Sì,No
Associazione Turistica Pro Loco Cellino San Marco,Centro informazioni turistiche,https://www.prolococellino.it/,0831 617065,"Via E. Berlinguer, 6",Cellino San Marco,,,https,WordPress,No,Server Plan S.r.l.,78,99,83.00,Sì,No
Ufficio Postale Poste Italiane - Martina Franca,Ufficio postale,,080 480 2849,"Via Valle D'Itria, 6",Martina Franca,,,,,,,,,,,
ACUE MARTINA FRANCA,Ufficio aziendale,,393 434 4740,"Via Francesco Paolotti, 6",Martina Franca,,,,,,,,,,,
Agri Fito Service Srl,Rivenditore di macchinari per il giardinaggio,,0836 309845,"Via Pozzo, 70",Corigliano d'Otranto,,,,,,,,,,,
CASTELLO VOLANTE DI CORIGLIANO D’OTRANTO,Associazione culturale,https://ilcastellovolante.it/,351 913 7972,"Piazza Castello, 1",Corigliano d'Otranto,,info@ilcastellovolante.it,https,Joomla,No,Aruba S.p.A.,55,60,100.00,Sì,No
Cartolibreria Gino Giannachi,Libreria,,0836 329366,"Via Umberto I, 11",Corigliano D'otranto,,,,,,,,,,,
Proloco Corigliano d'Otranto,Associazione / Organizzazione,https://www.prolococoriglianodotranto.com/,379 280 2903,Via Moncenisio,Corigliano d'Otranto,,info@prolococoriglianodotranto.com,http,React,Sì,Aruba S.p.A.,60,69,92.00,Sì,No
Palazzo Comi,Punto di riferimento storico,,340 900 2014,"Piazza S. Nicola, 13",Corigliano D'otranto,,,,,,,,,,,
Tutto Ufficio di Davide Nucci,Cartoleria,https://www.tuttoufficionucci.it/,080 483 9784,"Via Alcide de Gasperi, 90",Martina Franca,,ordini@tuttoufficionucci.it,https,Shopify,No,Microsoft Corporation,15,54,83.00,Sì,No
Comune di Mottola,Municipio,,099 886 1210,"Piazza XX Settembre, numero 23",Mottola,,,,,,,,,,,
Linea Ufficio,Negozio di mobili per ufficio,,099 886 4526,"Via Giosuè Carducci, 7",Mottola,,,,,,,,,,,
Polizia Di Stato Commissariato Martina Franca,Polizia di stato,http://questure.poliziadistato.it/,080 480 2111,"Via Pietro del Tocco, 72",Martina Franca,,,https,Shopify,No,Akamai Technologies,77,97,92.00,Sì,No
Casa del Commiato  LA NINFEA - IL TULIPANO  Mottola,Ufficio aziendale,,099 886 1358,"Via Santo Stefano, 9",Mottola,,,,,,,,,,,
Garofoli S.p.A. - Ufficio Tecnico Commerciale,Ufficio aziendale,https://www.garofolispa.eu/,0833 501138,"Via Goethe Wolfgang, 6",Casarano,,vendite@garofolispa.eu,https,WordPress,Sì,Server Plan S.r.l.,55,50,100.00,Sì,No
POSTA PRIVATA NAZIONALE DI FILIPPO MARRA,Servizi postali,,099 222 1978,"Via Risorgimento, 176",Mottola,,,,,,,,,,,
Centro Servizi Peritali Srl,Ufficio aziendale,,099 886 4788,"Via Europa, 35",Mottola,,,,,,,,,,,
Studio FAD,Ufficio aziendale,,328 613 6534,"Via Vanvitelli, 13",Mottola,,,,,,,,,,,
Corpo Forestale Dello Stato,Servizio forestale,,099 886 7973,Piazza XX Settembre,Mottola,,,,,,,,,,,
Comune di Minervino di Lecce,Municipio,,0836 891063,Via Duca Abruzzi,Minervino di Lecce,,,,,,,,,,,
Freedom Computer Di Pezzulla Luca,Servizio di riparazione telefoni,,0836 818201,"Via Borgo Murtole, 30",Minervino di Lecce,,,,,,,,,,,
Sinòdia,Ristorante,https://sinodiarestaurant.com/,0836 315036,"Via Capiterra, 5",Corigliano D'otranto,,sinodia.restaurant@gmail.com,https,React,Sì,Server Plan S.r.l.,66,95,92.00,Sì,No
Istituto Santa Chiara - Castrignano de' Greci,Centro di diagnostica per immagini,https://www.istitutosantachiara.it/,327 003 0653,Via Umberto Giordano,Castrignano De' Greci,,,https,Joomla,No,Keliweb S.R.L,0,57,100.00,Sì,No
Comune di Minervino Lecce - Direzione Didattica,Scuola pubblica,,0836 891046,"Via Nazario Sauro, 2",Minervino di Lecce,,,,,,,,,,,
CONAD,Alimentari,,0836 889181,"Via Borgo Murtole, 91",Minervino di Lecce,,,,,,,,,,,
NUVOLE Castello Volante,Ristorante,http://nuvole.ilcastellovolante.it/,334 342 9268,"Piazza Castello, 1",Corigliano d'Otranto,,,https,Joomla,No,Aruba S.p.A.,57,89,92.00,Sì,No
Piccoli Passi Grandi Sogni - APS,Organizzazione di volontariato,http://www.piccolipassigrandisogni.it/,0836 320383,"Via Don Bosco, 38",Corigliano D'otranto,,comunicazione@piccolipassigrandisogni.it,http,WordPress,No,Aruba S.p.A.,46,66,92.00,Sì,No
Ucca d'Ape - Laboratorio di apicoltura sociale,Ufficio aziendale,,347 737 6525,SP62,Minervino di Lecce,,,,,,,,,,,
Centro Operativo Comunale di Protezione Civile del Comune di Minervino di Lecce,Protezione civile,,0836 191 1148,"SP60, Via Borgo Murtole, 157",Minervino di Lecce,,,,,,,,,,,
Comune di Minervino Murge,Municipio,,0883 692721,"Piazza Aldo Moro, 6",Minervino Murge,,,,,,,,,,,
Comune di Miggiano,Municipio,,0833 761143,"Via Provinciale, 1",Miggiano,,,,,,,,,,,
Puteca De Mieru,Ristorante,,328 243 8644,"Via Vittorio Emanuele II, 47",Minervino di Lecce,,,,,,,,,,,
Comune Di Montemesola,Municipio,,099 566 4018,"Via Roma, 21",Montemesola,,,,,,,,,,,
Comune di Monteiasi,Municipio,,099 590 8930,"Via F. Crispi, 1",Monteiasi,,,,,,,,,,,
FM Story,Ufficio aziendale,,329 626 6984,"Via Giovanni Boccaccio, 16",Miggiano,,,,,,,,,,,
Costruzioni Giannella,Ufficio aziendale,,342 854 8886,"Via Camillo Benso Conte di Cavour, 103",Miggiano,,,,,,,,,,,
Scuola Secondaria Miggiano,Scuola pubblica,,0833 764220,"Via Gaetano Donizetti, 53",Miggiano,,,,,,,,,,,
Comando POLIZIA MUNICIPALE,Ufficio aziendale,,099 590 1114,"Via Roma, 3",Monteiasi,,,,,,,,,,,
Turismo Mottola,Agenzia di visite turistiche,http://www.mottolaturismo.it/,347 992 5429,"Via Risorgimento, 291",Mottola,,info@mottolaturismo.it,https,Joomla,No,HOSTINGER DE,67,94,100.00,Sì,No
Agenzia Quarto di Quarto Giovanni,Ufficio patenti,,099 223 3246,"Via Risorgimento, 18",Mottola,,,,,,,,,,,
Municipio - Polizia Municipale Monteparano,Municipio,,099 599 3038,"Via Trento, 34",Monteparano,,,,,,,,,,,
Posta Centrale Monteiasi di Faiano Roberta,Ufficio postale,,328 338 8089,"Via G. Marconi, 42",Monteiasi,,,,,,,,,,,
Bpp Sviluppo Ufficio Autorizzato di Mottola,Consulente finanziario,http://www.bpp.it/,346 952 9812,"Via Niccolò Paganini, 1",Mottola,,,https,Angular,No,Microsoft Corporation,56,63,92.00,Sì,No
Comune di Monteroni di Lecce,Municipio,,0832 326674,"Piazza Falconieri, 40",Monteroni di Lecce,,,,,,,,,,,
Istituto Comprensivo 1° Polo S. Colonna,Scuola pubblica,,0832 327084,"Via Antonio Gramsci, 4",Monteroni di Lecce,,,,,,,,,,,
Poste Italiane - Ufficio Postale Monteroni Di Lecce,Ufficio postale,,0832 329511,"Via Santa Caterina da Siena, 1",Monteroni di Lecce,,,,,,,,,,,
ACI Delegazione di Monteroni di Lecce,Agenzia pratiche auto e barche,,0832 324035,"Via Sabato V., 30",Monteroni di Lecce,,,,,,,,,,,
Federaziende Monteroni,Ufficio aziendale,,0832 169 3141,"Via Alcide de Gasperi, 38",Monteroni di Lecce,,,,,,,,,,,
Agenzia Carretti - consulenza pratiche auto,Ufficio aziendale,,0832 327872,"Via Dalmazia, 110",Monteroni di Lecce,,,,,,,,,,,
cart service / city poste point,Ufficio postale,,0832 169 0919,"Via Tiziano, 22",Monteroni di Lecce,,,,,,,,,,,
Polizia Municipale - Monteroni,Vigile urbano,,0832 327014,Loc. Mercato,Monteroni di Lecce,,,,,,,,,,,
CAF SINDACATO PATRONATO,Servizio di assistenza fiscale,,0832 324522,"Via XXI Aprile, 74",Monteroni di Lecce,,,,,,,,,,,
CAF CENTRO ASSISTENZA FISCALE MONTERONI DI LECCE,Consulente fiscale,,351 257 0811,"Via Palestro, 16",Monteroni di Lecce,,,,,,,,,,,
Studio di Consulenza Automobilistica Pati,Agenzia pratiche auto e barche,,328 046 0671,"Piazzetta Politi, Via Spacciante, N 1",Monteroni di Lecce,,,,,,,,,,,
Comune di Zollino,Municipio,,0836 600003,"Viale della Repubblica, 10",Zollino,,,,,,,,,,,
Comune Di Zollino,Municipio,,0836 600006,"Viale Regina Elena, 27",Zollino,,,,,,,,,,,
JEMMA,Ufficio aziendale,,320 065 9106,"Viale della Repubblica, 22",Zollino,,,,,,,,,,,
TUNDO S.p.A. • Sede Centrale,Servizi di trasporto,,0836 567165,"Via Madonna di Loreto, 7",Zollino,,,,,,,,,,,
Comune di Montesano Salentino,Municipio,,0833 763611,"Via Monticelli, 49",Montesano Salentino,,,,,,,,,,,
Agenzia Onoranze Funebri di Roberto Rizzello,Agenzia funebre,,347 653 5698,"Via della Libertà, 17",Montesano Salentino,,,,,,,,,,,
275 Cafè,Tabaccheria,,0833 763239,"Via della Libertà, 105",Montesano Salentino,,,,,,,,,,,
Azienda Agricola Multifunzionale CAROPPO,Agriturismo,http://www.panificiocaroppo.it/,0836 818519,"Via Sant Anna, 48",Specchia Gallone frazione di Minervino di Lecce,,info@panificiocaroppo.it,https,WordPress,Sì,Server Plan S.r.l.,42,73,85.00,Sì,No
Associazione Pro-Loco Montemesola,Centro informazioni turistiche,,099 566 4999,"Via G. Galliani, 4",Montemesola,,,,,,,,,,,
Comune di Neviano,Municipio,,0836 610711,"Via Dante Alighieri, 4",Neviano,,,,,,,,,,,
Europoste Neviano,Ufficio postale,,0836 618178,"Via Umberto I, 26",Neviano,,,,,,,,,,,
Studio Consulenza Automobilistica di Romano Cosimo Maurizio,Ufficio aziendale,,320 315 5771,"Via Angelo Di Martina, 25",Neviano,,,,,,,,,,,
Convento Suore D'Ivrea,Municipio,,0836 554052,"Via Roma, 27",Neviano,,,,,,,,,,,
Carabinieri • Comando Stazione Neviano,Arma dei Carabinieri,,0836 619244,"Via Roma, 106",Neviano,,,,,,,,,,,
"CDL ITALIA, NEVIANO, Costituente Democratica Liberale,",Partito politico,,347 242 4205,"Via Nazario Sauro, 33",Neviano,,,,,,,,,,,
Palazzo Raho- Progetto Cantieri Zoì,Ufficio dell'amministrazione comunale,,378 067 7478,"Via Vittorio Emanuele II, 1",Zollino,,,,,,,,,,,
IMAGO Cooperativa Sociale,Ufficio aziendale,https://www.imagocoop.it/,0836 600282,"Palazzo Mandurino, Piazza S. Pietro, 5",Zollino,,segreteria@imagocoop.it,https,Drupal,No,Hetzner Online GmbH,56,86,85.00,Sì,No
Comune di Morciano di Leuca,Municipio,,0833 743100,"Piazza Papa Giovanni Paolo II, 1",Morciano di Leuca,,,,,,,,,,,
MAXIFOTO Montesano Sal.,Negozio di articoli per la fotografia,https://www.maxifotovideo.it/,0833 762073,"Via Roma, 18",Montesano Salentino,,info@maxifotovideo.it,https,Duda,No,OVH ISP,61,88,100.00,Sì,No
Comune Di Morciano Di Leuca,Municipio,,0833 712318,"Via Cristoforo Colombo, 1",Torre Vado,,,,,,,,,,,
Comune di Nardò - Area Funzionale 1.a,Dipartimento dei lavori pubblici,,0833 838218,Via Giovanni Falcone,Nardò,,,,,,,,,,,
Comune Di Nardo' - Servizi Demografici,Municipio,,0833 838810,"Via Avv. Pantaleo Ingusci, 1",Nardò,,,,,,,,,,,
Ufficio Servizi Sociali,Centro servizi sociali,,0833 838434,"Via Giovanni Falcone, 1",Nardò,,,,,,,,,,,
Centro per l'Impiego di Nardò - ARPAL Puglia,Centro per l'impiego,,0833 169 9045,"Via S. Pietroburgo, 14",Nardò,,,,,,,,,,,
Sud Ufficio Srl,Negozio di computer,,0833 570888,"Corso Giuseppe Galliano, 52",Nardò,,,,,,,,,,,
Spazio Enel Partner Monteroni,Azienda fornitrice di energia elettrica,,0832 090331,"Via Alcide de Gasperi, 53",Monteroni di Lecce,,,,,,,,,,,
C.A.B Centro Assistenza Bollette - Monteroni di Lecce,Centro di consulenza per i consumatori,http://www.cabtutela.it/,328 875 1373,"Via Santa Caterina da Siena, 19",Monteroni di Lecce,,info@cabtutela.it,https,WordPress,Sì,OVH SAS,13,31,77.00,Sì,No
Collettiva Nardò,Partito politico,,327 811 7381,"Via Raho, 7",Nardò,,,,,,,,,,,
"Comune di Nardò - Uffici Scuola, Cultura, Sport",Ufficio dell'amministrazione comunale,,0833 838400,Corso Vittorio Emanuele II,Nardò,,,,,,,,,,,
"Dipartimento di Prevenzione, Servizio Igiene e Sanità Pubblica",Servizi medici locali,,0833 568111,"Via della Resistenza, 22",Nardò,,,,,,,,,,,
Comune di Novoli,Municipio,,0832 711371,"Piazza Aldo Moro, 10",Novoli,,,,,,,,,,,
GRAVILI SERVIZI AUTOMOBILISTICI SRLS,Agenzia pratiche auto e barche,,0832 713860,"Via Papa Giovanni XXIII, 15",Novoli,,,,,,,,,,,
Poste Italiane - Ufficio Postale Di Novoli,Ufficio postale,,0832 714649,"Via Don Francesco De Tommasi, 1",Novoli,,,,,,,,,,,
Istituto Comprensivo Novoli,Scuola pubblica,,0832 712132,"Via dei Caduti, 33",Novoli,,,,,,,,,,,
Comune di Nardò,Municipio,,0833 838111,Piazza Cesare Battisti,Nardò,,,,,,,,,,,
TEKNOSERVICEMANGELI Di Mangeli Francesco,Ufficio aziendale,,340 962 7884,"Via Torino, 1",Novoli,,,,,,,,,,,
Polizia di Stato • Commissariato Nardò,Dipartimento di polizia,https://questure.poliziadistato.it/servizio/commissariati/5730dc9d1b0ab949510759,0833 870211,"Via Duca degli Abruzzi, 27",Nardò,,dipps140.5100@pecps.poliziadistato.it,https,Shopify,No,Akamai Technologies,84,98,92.00,Sì,No
Se.P.A.T.,Ufficio aziendale,,366 639 7430,"Via Lecce, 23",Novoli,,,,,,,,,,,
Notaio Gigino rollo,Ufficio statale,,0832 713060,"Via Lucania, 8",Novoli,,,,,,,,,,,
Comune Di Lecce,Municipio,,0832 328376,"Via Lecce, Lecce, Le 73100",Novoli,,,,,,,,,,,
Amministrazione Comunale Oria,Ufficio dell'amministrazione comunale,,0831 816167,"Via Anton Gualberto de Marzo, 68",Oria,,,,,,,,,,,
Ufficio Sanitario di Oria,Servizi medici locali,,0831 845170,"Via Frascata, SN",Oria,,,,,,,,,,,
Poste Italiane - Ufficio Postale di Oria,Ufficio postale,,0831 840511,"Via Frascata, 1",Oria,,,,,,,,,,,
Municipio di Oria,Municipio,,0831 845107,"Via Epitaffio, 1",Oria,,,,,,,,,,,
Gruppo Storico I Federiciani Oria,Ufficio aziendale,,391 732 3752,"Via Morgagni, 4",Oria,,,,,,,,,,,
Punto Ufficio Di Peluso Oronzo,Cartoleria,,0831 849397,"Via Manduria, 62",Oria,,,,,,,,,,,
Agenzia di Ferruccio Calò e Marco Calò,Ufficio aziendale,,0831 847132,"Corso Umberto I, 40",Oria,,,,,,,,,,,
Centro Cad,Ufficio aziendale,,0833 571917,"Via Cavalieri di Vittorio Veneto, 5",Nardò,,,,,,,,,,,
Fano Giampiero,Ufficio patenti,,0831 848919,"Via Trento, 30A",Oria,,,,,,,,,,,
Polizia Municipale - Oria,Vigile urbano,,389 581 6218,Via Epitaffio,Oria,,,,,,,,,,,
NUOVA DELEGAZIONE ACI NARDO',Ufficio patenti,https://agenziapersone.webnode.it/,0833 193 6728,"Via T. Tasso, 26",Nardò,,contatto@esempio.it,https,Webnode,No,Amazon Technologies Inc.,64,93,100.00,Sì,No
NEXIVE ORIA,Ufficio postale,,348 696 7938,"Via Torre Santa Susanna, 11",Oria,,,,,,,,,,,
Spazio Enel Partner Oria,Azienda fornitrice di energia elettrica,,0831 197 0231,"Via Mario Pagano, 2",Oria,,,,,,,,,,,
Birtolo Giuseppe,Ufficio patenti,,0831 847177,P.za Lorch,Oria,,,,,,,,,,,
Comune di Ortelle,Municipio,,0836 958014,"Via Dante, 12",Ortelle,,,,,,,,,,,
Comune Palagianello,Municipio,,099 843 4211,Via M. D'Azeglio,Palagianello,,,,,,,,,,,
Ufficio Postale Poste Italiane di Ortelle,Ufficio postale,,0836 060343,"Via Vitt. Veneto, 48",Ortelle,,,,,,,,,,,
POLIZIA LOCALE PALAGIANELLO,Ufficio statale,,099 849 4164,Via Papa Giovanni Paolo Ⅱ,Laterza,,,,,,,,,,,
D'Alena Giuseppe,Ufficio patenti,,099 849 5353,"Via Giuseppe Mazzini, 10",Palagianello,,,,,,,,,,,
Contrada Difesella,Ufficio aziendale,,099 342 0273,"Contrada Difesella,",Palagianello,,,,,,,,,,,
Centro Servizi Postali Spedizione Pacchi Italia & Europa,Servizi postali,,099 450 7615,"Viale Stazione, 84",Palagiano,,,,,,,,,,,
ufficio rifugiati arci,Centro di accoglienza per immigrati,,099 671 1858,Via S. Nicola,Palagiano,,,,,,,,,,,
Azienda Agricola Marra Leonardo,Ufficio aziendale,,339 838 7856,SP31,Palagiano,,,,,,,,,,,
VENDITA INFISSI IN PVC,Ufficio aziendale,,371 131 5162,"Via Gian Battista Vico, 35",Palagiano,,,,,,,,,,,
Agrusti Pasquale,Ufficio patenti,,099 888 5919,"Viale Stazione, 56",Palagiano,,,,,,,,,,,
Palazzo Ducale Venturi - Luxury Relais & Wellness L,Hotel,http://www.palazzoducaleventuri.com/,0836 818717,"Via Podgora, 60",Minervino di Lecce,,info@palazzoducaleventuri.com,https,WordPress,Sì,Netsons s.r.l.,56,64,100.00,Sì,No
Studio di Consulenza Albanesi Valentina,Ufficio aziendale,,099 652 5799,"via San Marco, 47",Palagiano,,,,,,,,,,,
Comune di Palagiano,Municipio,,099 888 6611,"Corso Vittorio Emanuele, 4",Palagiano,,,,,,,,,,,
Asl,Servizio sanitario aziendale,http://www.medicipalagianello.it/,099 844 4391,"Via Madre Teresa di Calcutta, 74018",Palagianello,,,https,WordPress,No,Aruba S.p.A. Network,95,100,91.00,Sì,No
Polizia Locale,Vigile urbano,,099 888 4836,"Via S.G.Bosco, 16",Palagiano,,,,,,,,,,,
EDILPRECOMPRESSI SRL,Ufficio aziendale,https://edilprecompressi.com/,0836 618071,"Via Neviano, 25",Seclì,,info@edilprecompressi.com,https,Joomla,Sì,IT.Gate S.p.A.,56,79,92.00,Sì,No
Vetroarredo,Ufficio aziendale,http://vetroarredoweb.it/,349 742 8058,"Via Meucci, 9",Palagiano,,,https,Shopify,No,"Cloudflare, Inc.",88,97,100.00,Sì,No
I.A.T. Otranto - Informazione e Accoglienza Turistica,Centro informazioni turistiche,,0836 212747,"All'interno del Castello Aragonese, Piazza Castello",Otranto,,,,,,,,,,,
SAGEA Centro di Saggio s.r.l.,Ufficio aziendale,http://www.sagea.com/,345 538 7735,"S.S. Appia km 626 Via Extramurale, C.da Lupini",Palagiano,,info@sagea.com,https,WordPress,Sì,Google LLC,53,73,92.00,Sì,No
Polizia di Stato • Commissariato e Presidio Polizia di Frontiera Scalo Marittimo Otranto,Polizia di stato,,0836 805511,"Via Pioppi, 23",Otranto,,,,,,,,,,,
Polizia di Stato • Questura di Lecce,Polizia di stato,http://questure.poliziadistato.it/,0832 691111,"Viale Otranto, 1",Lecce,,,https,Shopify,No,Akamai Technologies,75,98,92.00,Sì,No
Info Point Palagianello,Centro informazioni turistiche,https://www.iportulani.it/,327 866 4281,Via Roma,Palagianello,,,https,WordPress,Sì,Aruba S.p.A.,61,90,85.00,Sì,No
Promotur Gargano,Ufficio aziendale,,0836 424454,"Via S. Francesco di Paola, 74",Otranto,,,,,,,,,,,
Coop.Domus,Centro informazioni turistiche,,0836 804004,"Via S. Giovanni, 5",Otranto,,,,,,,,,,,
BUS CONCERTO,Ufficio aziendale,,324 614 8236,"SP366, 1f",Otranto,,,,,,,,,,,
Comune Di Otranto,Municipio,,0836 801965,"Via Francesco Sforza, 32",Otranto,,,,,,,,,,,
Marsella Carlo,Ufficio patenti,,0836 801836,"Via delle Torri, 13",Otranto,,,,,,,,,,,
Pro Loco Otranto APS,Ufficio informazioni per i cittadini,https://www.prolocotranto.it/,375 517 6350,"Via Lopez 2, Via Lopez, 2/A",Otranto,,info@prolocotranto.it,https,React,No,Aruba S.p.A. Network,49,74,85.00,Sì,No
Branca Srl - Termoidraulica e Irrigazione,Negozio di forniture idrauliche,https://brancatermoidraulica.it/,0833 762024,"Via Giuseppe Pisanelli, 16",Montesano Salentino,,brancasrl2021@gmail.com,https,WordPress,Sì,SEEWEB s.r.l.,53,68,85.00,Sì,No
Comune di Ostuni,Municipio,,0831 307000,"Piazza della Libertà, 67",Ostuni,,,,,,,,,,,
CAAF CGIL Puglia,Consulente,https://www.caafcgilpuglia.it/,080 564853,"Via Giuseppe Pisanelli, 1",Montesano Salentino,,info@caafcgilpuglia.it,https,WordPress,No,Netsons Network,42,74,77.00,Sì,No
Ufficio circondariale marittimo di Otranto,Stazione della guardia costiera,http://www.guardiacostiera.gov.it/,0836 801073,Via della Guardia Costiera,Otranto,,cgcp@pec.mit.gov.it,https,ASP.NET,No,Akamai International B.V.,49,45,92.00,Sì,No
Polizia Municipale - Otranto,Vigile urbano,,0836 801735,"Via Ottocento Martiri, 12",Otranto,,,,,,,,,,,
Municipio Di Ostuni,Scuola pubblica,,0831 302696,"Via Giosuè Pinto, 26",Ostuni,,,,,,,,,,,
Casa Vacanze Pietra d'Ostuni,Casa per vacanze,https://dimorefrontino.it/,389 449 2420,"Vicolo Tanucci, 10",Ostuni,,pietradostuni@gmail.com,https,React,No,Server Plan S.r.l.,0,87,100.00,Sì,No
Affiliato Tecnocasa Laveneziana Antonio Ivano,Agenzia immobiliare,,0831 339195,"Via Luigi Miccoli, 78",Ostuni,,,,,,,,,,,
Il Club Degli Alfisti Ostuni - R.I.A.R.,Ufficio aziendale,,347 612 4626,"Viale Aldo Moro, 19/D",Ostuni,,,,,,,,,,,
Commissariato Polizia di stato Ostuni,Polizia di stato,https://questure.poliziadistato.it/servizio/commissariati/5730dc9d6853f893634167,0831 337411,"Corso Vittorio Emanuele II, 93",Ostuni,,dipps115.00f0@pecps.poliziadistato.it,https,Shopify,No,Akamai Technologies,70,99,92.00,Sì,No
Agenzia delle entrate ufficio di Ostuni,Ufficio statale,,0831 347411,"Corso Vittorio Emanuele II, 203",Ostuni,,,,,,,,,,,
Ostuni è,Ufficio aziendale,https://associazioneostunie.blogspot.com/,388 825 2490,"C.da Grisiglio, 13",Ostuni,,,https,React,No,Google LLC,66,93,92.00,Sì,No
CAF ITALIA CATALDI,Ufficio aziendale,,0833 509416,"Via S. Pasquale, 34",Parabita,,,,,,,,,,,
ACI DELEGAZIONE PARABITA,Ufficio patenti,,0833 395947,"Via Provinciale Matino, 49",Parabita,,,,,,,,,,,
Poste Italiane - Ufficio Postale Di Parabita,Ufficio postale,,0833 392549,"Via Dr. Luigi Ferrari, 2",Parabita,,,,,,,,,,,
Spazio Enel Partner – Palagiano,Consulente,https://www.ideasrlenergia.it/spazi-vendita/spazio-palagiano/,099 450 7126,"Via L da Vinci, 39",Palagiano,,,https,React,Sì,Aruba S.p.A.,45,8,92.00,Sì,No
Comune di Parabita,Municipio,,0833 392311,"Via Dr. Luigi Ferrari, 1",Parabita,,,,,,,,,,,
Polizia municipale,Municipio,,0833 593109,"Via Dr. Luigi Ferrari, 1",Parabita,,,,,,,,,,,
PT | Poste Italiane,Ufficio postale,,0836 800249,"Via Papa Giovanni Paolo II, 42",Otranto,,,,,,,,,,,
A.M.A.R. Group,Ufficio aziendale,,320 793 0144,"Via Giuseppe Pisanelli, 53 - 7.3052",Parabita,,,,,,,,,,,
Claudio Legittimo,Ufficio aziendale,,338 363 1885,"Via Paro, Contrada Masseria Nuova, Contrada n, 26",Parabita,,,,,,,,,,,
Il Calessino Otranto,Ufficio aziendale,http://ilcalessinotranto.it/,338 418 3238,"Via Giuseppe Negro, 13",Otranto,,info@ilcalessinotranto.it,https,WordPress,Sì,Netsons s.r.l.,30,0,100.00,Sì,No
Tre Esse Italia Srl Ostuni,Ufficio aziendale,https://www.treesseitalia.it/comuni/comune-di-ostuni/,0831 307306,"Piazza della Libertà, 64",Ostuni,,protocollo@treesseitalia.it,https,WordPress,Sì,Hetzner Online GmbH,64,64,85.00,Sì,No
Geoedil Solar Service construction Lecce,Ufficio aziendale,,0833 509670,"Via Corsica, 20",Parabita,,,,,,,,,,,
Centro vaccinale,Centro diurno per adulti,,0836 908526,"Via Santa Caterina da Siena, 2",Poggiardo,,,,,,,,,,,
"Revenue Agency, Ostuni",Ufficio aziendale,,0831 470111,"Corso Vittorio Emanuele II, 203",Ostuni,,,,,,,,,,,
Comune di Porto Cesareo,Ufficio dell'amministrazione comunale,,0833 858100,"Via Vincenzo Petraroli, 9",Porto Cesareo,,,,,,,,,,,
Sev S.p.A. Gruppo Iren - Ostuni,Ufficio aziendale,https://www.seviren.it/,0831 185 3671,"Via Papa Giovanni XXIII, 24",Ostuni,,amministrazione@sev-spa.it,https,WordPress,Sì,Aruba S.p.A. Network,49,55,100.00,Sì,No
Servizio Turistico & Informazioni Turistiche Porto Cesareo,Agenzia per escursioni,,327 751 3787,Via Silvio Pellico,Porto Cesareo,,,,,,,,,,,
Epifani Jenni & C. S.A.S,Ufficio aziendale,,0833 569119,"Via Ludovico Muratori, 70",Porto Cesareo,,,,,,,,,,,
Comune di Acquarica del Capo,Municipio,,0833 730068,"Via Giuseppe Giannuzzi, 11",Presicce-Acquarica,,,,,,,,,,,
Comune di Presicce-Acquarica,Municipio,,0833 199 0532,"Via Roma, 161",Presicce,,,,,,,,,,,
Alfredo Palese,Ufficio aziendale,,347 725 2261,"Via Roma, 296",Presicce-Acquarica,,,,,,,,,,,
Sportello Imprese Presicce-Acquarica,Ufficio informazioni per i cittadini,,0833 726405,"Via Roma, 161",Presicce,,,,,,,,,,,
Info-Point Presicce - informazione e accoglienza turistica - Presicce,Centro informazioni turistiche,,340 650 6421,Piazza Giuseppe Villani,Presicce-Acquarica,,,,,,,,,,,
Centrotaglio,Ufficio aziendale,,339 400 5305,Via degli Artigiani,Presicce-Acquarica,,,,,,,,,,,
Biomedica srl - Analisi Cliniche,Studio medico,http://www.biomedicalab.it/,375 614 1036,"via De Gasperi, 14",Parabita,,info@biomedicalab.it,https,WordPress,No,Google LLC,74,94,92.00,Sì,No
Ama Agenzia Pratiche Auto,Ufficio patenti,,320 032 1230,VIa Provinciale Gallipoli,Parabita,,,,,,,,,,,
I.S.P.A,Ufficio aziendale,http://ispaformazione.it/,0836 901858,"Via Borgo, 14",Poggiardo,,didattica@ispaformazione.it,https,Squarespace,No,"Squarespace, Inc.",55,52,92.00,Sì,No
Istituto di Istruzione Secondaria Superiore di Otranto e Poggiardo,Scuola superiore,,389 619 2409,"Via Principe di Piemonte, 1",Poggiardo,,,,,,,,,,,
Palazzo Ducale,Museo,,+220 366 6647,"Piazza del Popolo, 44",Presicce-Acquarica,,,,,,,,,,,
Area Marina Protetta Porto Cesareo,Ufficio del pubblico ministero,http://www.ampportocesareo.it/,0833 560144,"Via Alessandro Manzoni, 30",Porto Cesareo,,,http,Joomla,No,CLIO,53,72,77.00,Sì,No
Polizia Municipale - Porto Cesareo,Vigile urbano,,0833 858110,"LE, Via Vincenzo Petraroli, 9",Porto Cesareo,,,,,,,,,,,
Banca Popolare Pugliese,Banca,http://www.bpp.it/,0833 392611,"Piazzetta degli Uffici, 6",Parabita,,,https,Angular,No,Microsoft Corporation,40,63,92.00,Sì,No
Municipio Comune di Pulsano,Municipio,,099 531 2206,"Via degli Orti, numero 1",Pulsano,,,,,,,,,,,
Soluzioni Pratiche di Antonucci Valentina,Ufficio patenti,,099 533 9453,"Via Luigi di Savoia, 101",Pulsano,,,,,,,,,,,
Spazio Enel Partner Pulsano,Azienda fornitrice di energia elettrica,,099 945 3268,"Via Vittorio Veneto, 55",Pulsano,,,,,,,,,,,
Masseria Calapricello,Ufficio aziendale,,339 655 6701,SP112,Pulsano,,,,,,,,,,,
I.P.S.S.E.O.A. MEDITERRANEO PULSANO - Sede di Pulsano,Scuola pubblica,,099 533 7510,"Via Chiesa, 49",Pulsano,,,,,,,,,,,
Polizia Municipale - Pulsano,Vigile urbano,,099 531 2235,"Via degli Orti, 37",Pulsano,,,,,,,,,,,
Municipio di Poggiardo,Municipio,http://www.poggiardo.net/,0836 909811,"Via Aldo Moro, 1",Poggiardo,,protocollo.comune.poggiardo@pec.rupar.puglia.it,https,ASP.NET,Sì,Aruba S.p.A. Network,66,90,85.00,Sì,No
Scuole Pubbliche,Scuola pubblica,,099 533 0401,"Via Lupara, 46",Pulsano,,,,,,,,,,,
Spazio Enel Partner Poggiardo,Fornitore di energia,http://www.gruppovincenti.it/?utm_source=google&utm_medium=GMBSitelink&utm_campaign=GMBSitelink_Poggiardo_7F7,0836 509414,"Viale Giovanni Capreoli, 140",Poggiardo,,,https,WordPress,No,Aruba S.p.A.,46,100,85.00,Sì,No
Castello De Falconibus,Castello,,099 533 9036,"Via Costantinopoli, 10",Pulsano,,,,,,,,,,,
Centro Med | Antonio Manni Studio Dentistico,Dentista,,0833 552424,"Via Giacobina, 6",Racale,,,,,,,,,,,
Comune di Racale,Municipio,,0833 902311,"Via Fiumi Marina, 6",Racale,,,,,,,,,,,
Cartolandia 2.0,Cartoleria,,334 702 5605,"Via D'Annunzio angolo, Via Luigi Pirandello",Pulsano,,,,,,,,,,,
Università Popolare PERCORSI APS,Ufficio aziendale,http://unipercorsi.com/,347 564 0639,"Via Adige, 43",Parabita,,,https,Shopify,Sì,Aruba S.p.A.,65,72,92.00,Sì,No
Telcom Informatica,Negozio di computer,,0833 901122,"Via Gallipoli, 208",Racale,,,,,,,,,,,
Comune Racale,Municipio,,0833 589026,"Via Marco Polo, 10",Torre Suda,,,,,,,,,,,
UniPoste Racale,Servizi postali,,0833 185 7465,"Piazza S. Sebastiano, 12",Racale,,,,,,,,,,,
poliambulatorio,Ospedale,,099 860038,Via Benedetto Calati,Pulsano,,,,,,,,,,,
AmbientiPiù Racale,Negozio di mobili,https://www.ambientipiu.it/,0833 556300,Via Edison,Racale,,,https,Wix,No,Server Plan S.r.l.,100,100,73.00,Sì,No
Centro Informazioni Turistiche - Località Acquarica del Capo (Presicce-Acquarica),Centro informazioni turistiche,https://prolocoacquarica.wixsite.com/prolocoacquarica,351 053 8885,"Castello Medioevale, Piazza S. Carlo, 73040 Acquarica del Capo",Acquarica,,cd64ba1f47df485bba2b0076c0dd3b25@sentry.wixpress.com,https,Wix,Sì,Google LLC,56,77,100.00,Sì,No
Pro Loco Pulsano,Centro informazioni turistiche,http://www.prolocopulsano.com/,345 010 787,"Via Costantinopoli, 10",Pulsano,,info@prolocopulsano.com,https,Basekit,No,Aruba S.p.A.,55,56,92.00,Sì,No
INFOVIDEO di Piscopiello Stefano,Negozio di telefoni cellulari,http://www.infovideosrl.it/,0833 584432,"Via Alliste, 56",Racale,,infovideosrl@gmail.com,https,ASP.NET,No,Aruba S.p.A,64,98,91.00,Sì,No
Tabaccheria di De Vita Antonio,Edicola,,0833 553070,"Piazza Beltrano, 28",Racale,,,,,,,,,,,
Punto Stampa Service,Servizio di stampa digitale,http://www.puntostampaservice.com/,347 181 5723,via P.pe di Napoli 52,Racale,,,http,WordPress,No,Aruba S.p.A. Network,78,99,85.00,Sì,No
OP Acli Racale Società Agricola Cooperativa,Ufficio aziendale,,0833 583484,Via Provinciale,Racale,,,,,,,,,,,
FEDERAZIENDE - Ufficio Urbano,Servizio di assistenza fiscale,,351 806 5203,"Via Alcide De Gasperi, 32",Salice Salentino,,,,,,,,,,,
Comune di Salice Salentino,Municipio,,0832 723311,"Via Vittorio Emanuele II°, 2",Salice Salentino,,,,,,,,,,,
AGENZIA DE PASCALIS,Ufficio patenti,,0832 733738,"Via Fontana, 32",Salice Salentino,,,,,,,,,,,
Fratelli Corigliano s.n.c.,Ufficio aziendale,,0832 733269,"Via Fontana, 44",Salice Salentino,,,,,,,,,,,
Spazio Enel Partner Racale,Azienda fornitrice di energia elettrica,,0833 182 1167,"Via Francesco Quarta, 68J",Racale,,,,,,,,,,,
Sparascio Claudio,Ufficio patenti,,0833 692764,"Via Pisanelli, 5",Ruffano,,,,,,,,,,,
Ufficio Postale di Ruffano,Ufficio postale,,0833 695444,"Piazza IV Novembre, 24",Ruffano,,,,,,,,,,,
Rodastore Poltrone Made in Italy ufficio,Negozio,,380 752 3767,"Via Capri, 2",Racale,,,,,,,,,,,
De Vitis Carlo,Ufficio patenti,,0833 690622,"Via Vittorio Emanuele, 81",Ruffano,,,,,,,,,,,
LEDER DESIGN,Ufficio aziendale,,349 376 4836,"Via, Contrada S. Nicola, 39",Ruffano,,,,,,,,,,,
GMX Group Energie s.r.l.,Ufficio aziendale,,0833 183 3083,"Viale dei Pini, 3",Ruffano,,,,,,,,,,,
Studio di progettazione - OFFICINA 150,Studio di architettura di interni,,347 335 0203,"Via Santa Maria di Leuca, 150",Ruffano,,,,,,,,,,,
Comune di Salve,Servizi pubblici,,0833 741224,Via Roma,Salve,,,,,,,,,,,
Unieuro Racale,Negozio di elettronica,,328 478 6994,"Via Gallipoli, 169",Racale,,,,,,,,,,,
Kreo Studio | Marketing & Printing,Agenzia di marketing,https://kreostudio.it/,0833 822512,"Via F. Quarta, 65",Racale,,info@kreostudio.it,https,Shopify,Sì,Host SpA,56,89,100.00,Sì,No
ZampaLibera Onlus,Ufficio aziendale,,320 961 7233,Via Carlo del Prete,Salve,,,,,,,,,,,
Comune di Ruffano,Municipio,,0833 695511,"Corso Margherita di Savoia, 1",Ruffano,,,,,,,,,,,
"Rizzello S.r.l. - Arredo Ufficio, Informatica, Assistenza Tecnica",Azienda informatica,http://www.rizzellosas.it/,0833 691771,"Via Firenze, 24",Ruffano,,,https,Drupal,Sì,Server Plan S.r.l.,70,74,92.00,Sì,No
Comune di San Cesario di Lecce,Municipio,,0832 205366,Piazza Garibaldi,San Cesario di Lecce,,,,,,,,,,,
Spazio Enel Partner - Salice Salentino,Azienda fornitrice di energia elettrica,,0832 169 9530,"Via Fontana, Via Benedetto Cairoli, 118/B",Salice Salentino,,,,,,,,,,,
Cianfrusocoop,Ufficio aziendale,http://cianfrusoteca.org/,333 113 7368,Largo Sandro Pertini,Salice Salentino,,,https,WordPress,No,Choopa,79,91,100.00,Sì,No
L' ACQUERELLO CARTOLIBRERIA SAN CESARIO DI LECCE,Cartoleria,,0832 407069,"Via Dante Alighieri, 209",San Cesario di Lecce,,,,,,,,,,,
Polizia Municipale - Roccaforzata,Vigile urbano,https://www.poliziamunicipale.it/comune/164/roccaforzata,099 591 6940,"Via Papa Giovanni XXIII, 8",Roccaforzata,,,https,Angular,No,Microsoft Corporation,52,75,83.00,Sì,No
Promot Srl,Ufficio aziendale,http://promot.it/,366 102 3363,"Via Massimo D'Azeglio, 100",Ruffano,,info@promot.it,https,WordPress,Sì,Aruba S.p.A.,56,71,85.00,Sì,No
Comune S. Donato Di Lecce,Municipio,,0832 655059,"50 Via Lecce Snc, San Donato Di Lecce, Le 73010",San Donato di Lecce,,,,,,,,,,,
Istituto Comprensivo Di San Donato Di Lecce,Scuola pubblica,,0832 658051,"Via Roma, 19",San Donato di Lecce,,,,,,,,,,,
Binario2 Coworking,Spazio di coworking,https://www.racalecam.it/,350 005 1004,Corso Garibaldi,Racale,,info@racalecam.it,http,ASP.NET,Sì,Aruba S.p.A.,49,64,85.00,Sì,No
A.T.C. Provincia Di Lecce,Ufficio statale locale,https://www.atclecce.it/,0833 693294,"Viale dei Pini, 5",Ruffano,,,http,Joomla,Sì,Aruba S.p.A. Network,48,62,83.00,Sì,No
Info-Point Torrepaduli - Ruffano,Centro informazioni turistiche,,328 223 3833,"Largo San Rocco, 12",Ruffano,,,,,,,,,,,
COOP SUPERMERCATO SAN DONATO DI LECCE,Negozio di alimentari,,0832 092133,"Via Giacomo Matteotti, 1",San Donato di Lecce,,,,,,,,,,,
Agriservice snc,Negozio di prodotti agricoli,,329 422 6641,"Via Isonzo, 15",San Donato di Lecce,,,,,,,,,,,
ASL Le,Servizi medici locali,,0832 658175,"Piazza Municipio, 15",San Donato di Lecce,,,,,,,,,,,
Chiesa della Resurrezione di Nostro Signore,Chiesa cattolica,,0832 657426,"Lg. Chiesa, 14",San Donato di Lecce,,,,,,,,,,,
Vaglio Filippo,Edicola,,0832 657321,Via Milano,San Donato di Lecce,,,,,,,,,,,
Scuola Secondaria di primo grado,Scuola pubblica,,0832 205333,"Via Cerundolo, 64",San Cesario di Lecce,,,,,,,,,,,
Comune di Maruggio,Municipio,,099 970 1220,"Via Vittorio Emanuele III, 41",Maruggio,,,,,,,,,,,
Polizia Municipale,Vigile urbano,,099 675254,"Via Vittorio Emanuele III, 41",Maruggio,,,,,,,,,,,
ITAL UIL MARUGGIO,Ufficio aziendale,,328 439 6939,"Via Fiume, 1",Maruggio,,,,,,,,,,,
Auem.it - Arredo Ufficio & Medical S.r.l.,Negozio di mobili per ufficio,https://www.auem.it/,0832 354223,"Via Lecce, 57",San Cesario di Lecce,,commerciale@auem.it,https,Shopify,Sì,Passepartout s.a.,51,49,83.00,Sì,No
So.G.E.T. S.P.A. Societa' Gestione Entrate E Tributi,Ufficio dell'Agenzia delle entrate,,099 957 0944,"Chiesa di Santa Maria delle Grazie, Via Vittorio Emanuele III, 41",Maruggio,,,,,,,,,,,
Officine DEGHI,Arredo bagno,https://officine.deghi.it/,0832 156 0529,"Via Lecce, Km 3",San Cesario di Lecce,,,https,WordPress,No,Microsoft Corporation,57,81,100.00,Sì,No
studio tecnico guarini,Ufficio aziendale,,328 674 4050,"Via Giuseppe Mazzini, 7",Maruggio,,,,,,,,,,,
zafferano di Campomarino,Ufficio aziendale,,340 603 6773,"Via Malta, 41",Maruggio,,,,,,,,,,,
Macripo’ Assicurazioni,Agenzia di assicurazioni,,348 882 1720,"Via Cavour, 25",Maruggio,,,,,,,,,,,
Home Design S.C.,Ufficio aziendale,,348 882 9855,"Via S. Nicolò, 66",Maruggio,,,,,,,,,,,
Comune Di S. Marzano Di S. Giuseppe,Ufficio dell'amministrazione comunale,,099 957 4265,Piazza ANGELO CASALINI,San Marzano di San Giuseppe,,,,,,,,,,,
Palazzo della Cultura,Biblioteca pubblica,,099 957 7711,"Piazza Milite Ignoto, 13",San Marzano di San Giuseppe,,,,,,,,,,,
Ufficio Per L'Impiegocomune Di S.Marzano Di S.Giuseppe - Ufficio Impiego,Municipio,,099 957 4881,"Corso Umberto I, 47",San Marzano di San Giuseppe,,,,,,,,,,,
STUDIO TECNICO CIACCIA (Dott.Ing.Ciaccia Fabiano & Geom.Ciaccia Salvatore),Ufficio aziendale,,328 705 0725,"Via Lucio Grande, 10",Maruggio,,,,,,,,,,,
ASL TA1 DISTRETTO 6 Poliambulatorio,Servizi medici locali,,099 957 4015,Via Fᶜᵒ. Pᶫᵒ. Fanelli,San Marzano di San Giuseppe,,,,,,,,,,,
U.N.I.T.A.L.S.I. SAN DONACI,Ufficio aziendale,,0831 635978,Piazza Salvo d'Acquisto,San Donaci,,,,,,,,,,,
ECOGRAFIA SAN DONACI “STUDIO MEDICO ECOGRAFICO”,Studio medico,,377 094 0120,"Via Cellino, 99",San Donaci,,,,,,,,,,,
"IQOS PARTNER - Tabaccheria Carfora, S.Donaci",Tabaccheria,,348 596 1173,"Via Giuseppe Grassi, n° 21/23",San Donaci,,,,,,,,,,,
Stiffi Carmela,Tabaccheria,,0831 634857,Piazza Municipio 10/8,San Donaci,,,,,,,,,,,
Delegazione ACI San Donaci Gm Consulting di Sisto Gianni,Agenzia di assicurazioni,,334 177 9291,Largo Costantini,San Donaci,,,,,,,,,,,
Polizia Municipale - San Marzano di San Giuseppe,Vigile urbano,https://www.poliziamunicipale.it/,099 957 7021,"Via Camillo Benso Conte di Cavour, 1",San Marzano di San Giuseppe,,,https,Angular,No,Microsoft Corporation,56,75,82.00,Sì,No
Polizia Municipale - San Giorgio Jonico,Vigile urbano,https://www.poliziamunicipale.it/,099 591 5222,"Via Val D'Aosta, 8",San Giorgio Ionico,,,https,Angular,No,Microsoft Corporation,56,75,82.00,Sì,No
Fondonatura,Industria cosmetica,https://www.fondonatura.it/,0832 658013,"Via Maestro Giuseppe, Via Maestro G. Carrisi, 2",San Donato di Lecce,,mail@fondonatura.it,https,Shopify,Sì,Serverplan s.r.l.,53,57,69.00,Sì,No
Spazio Enel Partner San Giorgio Ionico,Azienda fornitrice di energia elettrica,,099 661 6110,"Via P. Piemonte, 128",San Giorgio Ionico,,,,,,,,,,,
Agenzia Vitale,Ufficio patenti,,099 591 8649,"Via Lecce, 25",San Giorgio Ionico,,,,,,,,,,,
Ufficiomania Di Cavallo Raffaella & C. S.A.S.,Cartoleria,,099 592 5259,"Corso Italia, 43",San Giorgio Ionico,,,,,,,,,,,
Cantina San Donaci Soc. Coop. Agricola,Azienda vinicola,http://www.cantinasandonaci.eu/,0831 681085,"Via Mesagne, 62",San Donaci,,,https,WordPress,No,Hetzner Online GmbH,59,87,92.00,Sì,No
Agenzia Easy Service,Motorizzazione civile e ufficio patenti,,099 953 1957,"Via Roccaforzata, 200",San Giorgio Ionico,,,,,,,,,,,
San Donaci (Brindisi),Ufficio aziendale,,349 588 6401,"Via Dalmazia, 48",San Donaci,,,,,,,,,,,
"Luca Laudisa Foto, fotocopie ed altro",Negozio di articoli per la fotografia,,0832 200482,"Via Angelo Russo, 29",San Cesario di Lecce,,,,,,,,,,,
Gd Service Societa' Cooperativa A R.L.,Ufficio postale,,099 592 3880,"Via P. Piemonte, 79",San Giorgio Ionico,,,,,,,,,,,
Guardia Medica San Giorgio Jonico,Centro medico pubblico,,099 592 6773,"Via Lecce, 75",San Giorgio Ionico,,,,,,,,,,,
Publia,Copisteria,,379 255 7952,"Via Cellino, 61",San Donaci,,,,,,,,,,,
Silos Cash & Carry,Negozio di cosmetici,http://www.siloscash.it/,0831 634873,Via S. Pancrazio,San Donaci,,,https,React,No,Aruba S.p.A.,78,90,61.00,Sì,No
3.0 Identità Digitali,Ufficio aziendale,http://identitadigitali.com/,331 303 9031,14 Piazza Municipio,San Donaci,,direzione@ildigitale.it,https,WordPress,Sì,Hetzner Online GmbH,69,92,100.00,Sì,No
Comune Di San Pietro In Lama,Municipio,,0832 631114,"Via Torino, 24",San Pietro in Lama,,,,,,,,,,,
Comune di Matino,Municipio,,0833 303111,"Via Roma, 1",Matino,,,,,,,,,,,
Polizia Municipale - Matino,Vigile urbano,,0833 506557,"LE, Via Roma, 3",Matino,,,,,,,,,,,
PATRONATO INPAS,Ufficio della previdenza sociale,https://www.ilpatronato.it/patronato-inpas/patronato-inpas-a-san-cesareo-le/,0832 667975,"Via Unità D'Italia, 20",San Cesario di Lecce,,inpas@ilpatronato.it,,WordPress,Sì,Simply Transit Ltd,46,43,0.00,Sì,No
Arredufficio di Molle Marco - Registratori di Cassa,Negozio di mobili per ufficio,,338 539 8074,"Via Catania, 25",Matino,,,,,,,,,,,
Europoste Di Lorenzo Guida,Ufficio postale,,0833 507934,"Via Roma, 284",Matino,,,,,,,,,,,
Agenzia Marsano Di Ferruccio Marsano,Ufficio patenti,,0833 506200,"Via Roma, 129",Matino,,,,,,,,,,,
C.& C. S.r.l.,Ufficio postale,,0833 510071,"Via Roma, 149",Matino,,,,,,,,,,,
Melica s.rl.,Ufficio aziendale,,0833 506354,Lotto A,Matino,,,,,,,,,,,
Cenacolo del Rosato,Ufficio aziendale,,335 608 9237,"Via Po, 70",Matino,,,,,,,,,,,
A.S.D. VOLLEY MATINO,Ufficio aziendale,,0833 506934,"Via Luciano Manara, 35",Matino,,,,,,,,,,,
MASSIMO VILLA,Ufficio aziendale,,0833 502585,"Viale del Timo, 1/A",Matino,,,,,,,,,,,
Comune di Melendugno,Ufficio dell'amministrazione comunale,,0832 832111,"Piazza Risorgimento, 24",Melendugno,,,,,,,,,,,
Lab Srl - Produzione di Scarpe,Ufficio aziendale,,0833 507766,"Viale del Timo, 1",Matino,,,,,,,,,,,
Spazio Enel Partner Melendugno,Agente di commercio,,0832 834558,"Via IV Novembre, 36",Melendugno,,,,,,,,,,,
Poste Italiane - Ufficio Postale Di Melendugno,Ufficio postale,,0832 835649,"Via G. D' Amely, 33",Melendugno,,,,,,,,,,,
IAT - Informazioni Accoglienza Turistica,Ufficio informazioni per i cittadini,,329 365 8519,Guardia Costiera Delegazione di Spiaggia San Foca di,San Foca,,,,,,,,,,,
Centro Comunale di raccolta,Punto per la raccolta differenziata,,800 909 652,Viale Giovanni Agnelli,Melendugno,,,,,,,,,,,
Casarredo Caiazzo - Marco Caiazzo,Negozio di mobili,http://www.casarredocaiazzo.com/,099 400 7866,"Via Roma, 84",San Giorgio Ionico,,,https,Shopify,No,ITNET,70,94,92.00,Sì,No
Gruppo Comunale di Protezione Civile,Ufficio statale,,099 592 3703,"Via Malta, 1",San Giorgio Ionico,,,,,,,,,,,
Style & Arredo Di La Volpe Carmelo & C. Srl,Negozio di mobili per ufficio,http://www.stylearredo.it/,099 592 7664,Contrada Baronia,San Giorgio Ionico,,,https,ASP.NET,Sì,Hetzner Online GmbH,54,78,92.00,Sì,No
SIAE San Giorgio Ionico,Ufficio aziendale,,099 591 9361,"Via A. Righi, 24",San Giorgio Ionico,,,,,,,,,,,
Ar.r.com. Sas,Ufficio di registrazione,,0832 638569,"Piazza della Repubblica, 8",San Pietro In Lama,,,,,,,,,,,
Pro Loco San Pietro in Lama,Associazione / Organizzazione,http://www.prolocosanpietroinlama.org/,366 951 0274,"Via Regina Margherita, 36",San Pietro in Lama,,,http,WordPress,No,SEEWEB s.r.l.,94,98,83.00,Sì,No
Polizia Municipale - Melendugno,Vigile urbano,https://www.poliziamunicipale.it/comune/1264/melendugno,0832 832251,"Piazza Risorgimento, 24",Melendugno,,,https,Angular,No,Microsoft Corporation,57,74,83.00,Sì,No
Spai Project,Ufficio aziendale,,346 040 7382,"SS7, 28",Massafra,,,,,,,,,,,
Agenzia Di Consulenza Automobilista Cascioli Convenzionato Aci Taranto,Ufficio patenti,,099 885 6112,"Via Giuseppe Pisanelli, 48",Massafra,,,,,,,,,,,
All Office Srl,Negozio di mobili per ufficio,http://www.allofficesrl.com/,099 591 9262,"Via Roma, 7",San Giorgio Ionico,,,http,Angular,No,Aruba S.p.A. Network,32,48,61.00,Sì,No
"CDL Italia Srl - Arredo Uffici, Negozi, B&B, Scuole",Negozio di mobili per ufficio,https://www.cdlitalialecce.it/,320 472 6615,SP334,Matino,,info@cdlitalia.it,https,Joomla,Sì,Aruba S.p.A.,46,34,77.00,Sì,No
Posta&Service,Ufficio postale,,350 169 9657,"Via Pier Paolo Pasolini, 32",Massafra,,,,,,,,,,,
Comune di Melissano,Municipio,,0833 586211,"Via Casarano, 71",Melissano,,,,,,,,,,,
Associazione UniROCA,Ufficio aziendale,https://uniroca.eu/,327 561 3762,"Via Bovio, 11",Melendugno,,,https,Joomla,Sì,myLoc managed IT AG,64,94,92.00,Sì,No
Studio Massafra,Ufficio affari legali,,099 880 4949,"Via Giuseppe Pisanelli, 46",Massafra,,,,,,,,,,,
De Micheli Giuseppe,Ufficio patenti,,0833 971440,"Via Racale, 23",Melissano,,,,,,,,,,,
Aci Melendugno,Ufficio patenti,http://www.aci.it/,0832 834930,"Via G. D' Amely, 31",Melendugno,,,https,Typo3,Sì,Network ACIINFORMATICA,56,74,100.00,Sì,No
Info Point Massafra,Ufficio aziendale,http://www.massafraturismo.it/info-e-prenotazioni/,099 880 4695,Piazza Giuseppe Garibaldi,Massafra,,info@massafraturismo.it,https,Shopify,Sì,Servereasy Italy,54,66,92.00,Sì,No
Comune di Massafra,Municipio,https://www.comunedimassafra.it/,099 885 8111,"Via Rosario Livatino, 18",Massafra,,protocollo@pec.comunedimassafra.it,https,Nuxt.js,Sì,Aruba S.p.A. Network,53,56,91.00,Sì,No
Municpio,Ufficio dell'amministrazione comunale,,0831 664765,"1 Via Moro Aldo, San Pancrazio Salentino, BR 72026",San Pancrazio Salentino,,,,,,,,,,,
Guardia Medica San Pancrazio Salentino,Centro medico pubblico,,0831 667306,"Via Vittorio Emanuele III, 268",San Pancrazio Salentino,,,,,,,,,,,
CUP San Pietro Vernotico,Ufficio aziendale,,800 888 388,"Via Lecce, 246",San Pietro Vernotico,,,,,,,,,,,
Municipio Ufficio Attivita' Produttive,Municipio,,0831 659539,"Piazza Regina Margherita, 10",San Pietro Vernotico,,,,,,,,,,,
Agenzia Rizzato pratiche auto,Ufficio patenti,,0831 659612,"Via Cellino, 149",San Pietro Vernotico,,,,,,,,,,,
Aci Delegazione Di Bianchi Emiliano,Ufficio patenti,,0831 655322,"Via Brindisi, 343",San Pietro Vernotico,,,,,,,,,,,
Istituto Compresivo San Pietro Vernotico,Scuola pubblica,,0831 671897,"Viale degli Studi, 6",San Pietro Vernotico,,,,,,,,,,,
Fiscalita' Locale - Societa' A Responsabilita' Limitata,Ufficio dell'Agenzia delle entrate,,0831 655978,"Via Stazione, 66",San Pietro Vernotico,,,,,,,,,,,
SMALTIMENTO PANNELLI SOLARI,Ufficio aziendale,http://smaltimentopannellisolari.it/,0833 581949,"Via Monte Cervino, 9",Melissano,,info@riciclaggiocavielettrici.it,http,Shopify,No,SEEWEB s.r.l.,70,84,91.00,Sì,No
Agenzia G&M Service - Poste Private,Ufficio postale,,0831 198 2731,"Via Mesagne, 11",San Pietro Vernotico,,,,,,,,,,,
Mobili Placì Esposizione,Negozio di mobili,http://www.mobiliplaci.it/,0833 588136,"Viale Stazione, 71",Melissano,,info@mobiliplaci.it,https,WordPress,No,Aruba S.p.A. Network,55,95,92.00,Sì,No
Linea Ufficio Di Luccarelli Francesco,Negozio di articoli da regalo,,099 880 3564,"Viale Guglielmo Marconi, 171",Massafra,,,,,,,,,,,
Comune di San Vito dei Normanni,Ufficio dell'amministrazione comunale,,0831 955111,Corso Leonardo Leo,San Vito dei Normanni,,,,,,,,,,,
Uff. Post. San Vito Dei Normanni,Ufficio postale,,0831 953411,"Largo Sant'Antonio, 10",San Vito dei Normanni,,,,,,,,,,,
Vitale Scuola Ufficio,Cartoleria,,0831 981153,"Via Arrigo Boito, 1",San Vito dei Normanni,,,,,,,,,,,
Agenzia Pratiche Automobilistiche di Andrea Guarini,Ufficio patenti,,0831 951602,"Via Mesagne, 10",San Vito dei Normanni,,,,,,,,,,,
Uffici Giudiziari,Palazzo di giustizia,,0831 534111,"Via Palmiro Togliatti, 1",San Vito dei Normanni,,,,,,,,,,,
Agenzia Pratiche Di Iaia Annarita,Ufficio patenti,,0831 956021,"Via Carovigno, 15",San Vito dei Normanni,,,,,,,,,,,
Comune di San Pancrazio Salentino,Municipio,,0831 6601,"Piazza Umberto I°, 5",San Pancrazio Salentino,,,,,,,,,,,
Mail Service,Ufficio postale,,0831 676443,"Via Brindisi, 158",San Pietro Vernotico,,,,,,,,,,,
Sistema Ufficio S.r.l.,Fornitore di attrezzature per l'ufficio,,0831 951560,"Via Annunziata, 41",San Vito dei Normanni,,,,,,,,,,,
Cantine San Pancrazio,Azienda vinicola,http://www.cantinesanpancrazio.it/,0831 666064,SP109,San Pancrazio Salentino,,,https,Joomla,Sì,Host SpA,51,75,100.00,Sì,No
Poste Italiane - Ufficio Postale Di S. Michele Salentino,Ufficio postale,,0831 966002,"Via Caduti di Via Fani, 33",San Michele Salentino,,,,,,,,,,,
Primigi Store - Igi&Co Store,Negozio di scarpe,,0831 951620,"Via Brindisi, 101",San Vito dei Normanni,,,,,,,,,,,
Agenzia Matarrese,Ufficio patenti,,0831 966345,"Via Duca D'Aosta, 109",San Michele Salentino,,,,,,,,,,,
De Donno Pompeo,Ufficio patenti,,0831 964016,"Via Risorgimento, 10",San Michele Salentino,,,,,,,,,,,
Palmisano Paola,Ufficio patenti,,0831 966660,"Via Enrico de Nicola, 8",San Michele Salentino,,,,,,,,,,,
Molinari Vincenzo,Ufficio patenti,,0831 664991,"Piazza Umberto I°, 21",San Pancrazio Salentino,,,,,,,,,,,
Comune di San Pietro Vernotico,Municipio,http://www.spv.br.it/,0831 654741,Piazza Giovanni Falcone,San Pietro Vernotico,,protocollo@pec.spv.br.it,https,Angular,No,COLT Internet IT,56,72,92.00,Sì,No
In Piazza,Pizzeria,https://leggimenu.it/menu/inpiazza,392 656 4359,"Piazza del Popolo, 22",San Pietro Vernotico,,,https,Shopify,No,"Cloudflare, Inc.",61,84,92.00,Sì,No
Ospedale N. Melli Pronto Soccorso,Reparto di pronto soccorso,,0831 670111,"Via Lecce, 246",San Pietro Vernotico,,,,,,,,,,,
Chetta Srl,Ufficio aziendale,http://www.chetta.it/,0833 581298,"Via Monte Rosa, 34/36",Melissano,,info@chetta.it,https,WordPress,No,Server Plan S.r.l.,76,96,92.00,Sì,No
Unione Provinciale Agricoltori,Sindacato,,0831 964143,"Via Trento, 35",San Michele Salentino,,,,,,,,,,,
"Cosimo Valente - vendita, noleggio e assistenza: registratori di cassa fiscali, casse automatiche, stampanti e fotocopiatrici",Fornitore di attrezzature per l'ufficio,http://www.dittavalente.it/,0831 951818,"Via Dottor Vincenzo Azzariti, 150",San Vito dei Normanni,,ditta.valente@alice.it,https,ASP.NET,Sì,Aruba S.p.A. Network,76,97,73.00,Sì,No
Comune di Sanarica(Municipio),Municipio,,0836 343218,"Via Roma, 22",Sanarica,,,,,,,,,,,
Ecografia Sanarica Studio Medico Ecografico Dott. Michele Corrado,Studio medico,,324 782 3605,"Via Don Umberto Ragusa, 4",Sanarica,,,,,,,,,,,
Poliambulatorio,Ufficio statale,,0833 231299,Via Collina,Sannicola,,,,,,,,,,,
Comune Di Sannicola,Municipio,,0833 231430,"P.za della Repubblica, 1",Sannicola,,,,,,,,,,,
Agenzia delle Entrate - Ufficio Territoriale di Lecce,Agenzia Entrate,,0832 281611,"Viale S. Nicola, 2",Lecce,,,,,,,,,,,
Gd Service Sociieta' Cooperativa Arlpa,Ufficio postale,,0831 956047,"Contrada Medico, San Vito Dei Normanni, BR 72019",San Vito dei Normanni,,,,,,,,,,,
Ausl Lecce 2,Centro medico pubblico,,0833 231641,"P.za della Repubblica, 6",Sannicola,,,,,,,,,,,
Apruzzi Auto Srl,Rivenditore di auto,http://www.apruzziauto.it/,0831 966182,"Via Ettore Tagliaferro, 145/A",San Michele Salentino,,info@apruzziauto.it,https,Shopify,Sì,Server Plan S.r.l.,56,80,92.00,Sì,No
Comune di Sava,Municipio,,099 972 1812,"Piazza S. Giovanni, 1",Sava,,,,,,,,,,,
Emsjad,Ufficio aziendale,,349 189 9127,"Via Roma, 146",Sava,,,,,,,,,,,
Auto2C Concessionaria - Vendita Auto Usate San Michele Salentino - Brindisi - Puglia,Rivenditore di auto,https://www.auto2c.it/,329 939 9487,"Via Ettore Tagliaferro, 135",San Michele Salentino,,info@auto2c.it,https,ASP.NET,No,Aruba S.p.A. Network,57,74,82.00,Sì,No
Unita' Sanitaria Locale,Reparto ospedaliero,,099 800442,Piazza Risorgimento,Sava,,,,,,,,,,,
Cartolibreria Centrufficio,Cartoleria,,099 972 7869,"Via Roma, 43",Sava,,,,,,,,,,,
Ufficio Servizi Sociali - Comune di Sava,Ufficio dell'amministrazione comunale,,099 972 2287,"Via Cinieri Cugini, 6",Sava,,,,,,,,,,,
Agenzia Melle Di Melle Daniela,Ufficio patenti,,099 974 8006,"Via del Prete Maggiore, 6",Sava,,,,,,,,,,,
ACI Agenzia Italo Gallone,Ufficio aziendale,,0831 095700,"Corso Vittorio Veneto, 93",San Michele Salentino,,,,,,,,,,,
Polizia Municipale - Sava,Vigile urbano,,099 972 6014,"Via B.Croce, 1",Sava,,,,,,,,,,,
Posta Services,Servizio di spedizione merci,,099 641 3215,"Corso Francia, 18",Sava,,,,,,,,,,,
Frantoio Cooperativa Borgo Ajeni - Giardino di Comunità,Cooperativa dei produttori di olio di oliva,https://www.cooperativaborgoajeni.it/,0831 961028,Contrada Ajeni,San Michele Salentino,,info@cooperativaborgoajeni.it,https,WordPress,Sì,Aruba S.p.A.,62,73,92.00,Sì,No
S.Auto S.r.l.,Concessionario auto,http://www.sautosrl.it/,389 033 4056,"Via della Repubblica, 16-18",San Michele Salentino,,sautosrl@gmail.com,https,WordPress,Sì,SoftLayer,61,86,75.00,Sì,No
Arte Regalo San Michele Salentino,Negozio di ceramiche,,380 775 5627,"Via Duca D'Aosta, 152",San Michele Salentino,,,,,,,,,,,
Spazio Enel Partner San Michele Salentino,Azienda fornitrice di energia elettrica,,0831 095666,"Corso Vittorio Veneto, 5",San Michele Salentino,,,,,,,,,,,
Toner&Office,Cartoleria,,392 976 4611,"Via Vittorio Emanuele III, 54",Sava,,,,,,,,,,,
Torre di Santa Cesarea,Punto di riferimento storico,,0836 949811,Via Roma,Santa Cesarea Terme,,,,,,,,,,,
Mercato,Mercato,,099 972 7920,Area mercatale,Sava,,,,,,,,,,,
Tecnopoint,Negozio,https://tecnopoint.shop/,0831 162 3196,"Via XXIV Maggio, 14 C",San Michele Salentino,,info@tecnopoint.shop,https,Shopify,No,"Cloudflare, Inc.",30,43,92.00,Sì,No
Comune di Santa Cesarea Terme - Ufficio IAT,Centro informazioni turistiche,,0836 944043,"Via Roma, 159",Santa Cesarea Terme,,,,,,,,,,,
Spazio Enel Partner Sannicola,Azienda fornitrice di energia elettrica,,0833 606075,"Via Giuseppe Grassi, 13/A",Sannicola,,,,,,,,,,,
Sosud,Ufficio aziendale,http://sosud.it/,0836 522012,"Strada Prov.le, 362",Sannicola,,info@sosud.it,https,Shopify,No,"Cloudflare, Inc.",68,82,85.00,Sì,No
Polizia Municipale Scorrano,Vigile urbano,,0836 196 8033,"Piazza Vittorio Emanuele, 12",Scorrano,,,,,,,,,,,
Sportello del Cittadino -Comune di Scorrano,Municipio,,0836 460237,"Piazza Vittorio Emanuele, 17",Scorrano,,,,,,,,,,,
Spazio Enel Partner Scorrano,Azienda fornitrice di energia elettrica,,0836 192 4690,"Via Lecce Leuca, 120B",Scorrano,,,,,,,,,,,
CopyKat Cartoleria,Cartoleria,,0836 460819,"Via Marco Emilio Scauro, 145",Scorrano,,,,,,,,,,,
Studio Format s.t.p.,Ufficio aziendale,http://studioformat.it/,099 972 7858,"Corso Umberto Ⅰ, 103",Sava,,info@studioformat.it,https,WordPress,No,Aruba S.p.A. Network,56,78,92.00,Sì,No
Ufficio Postale Poste Italiane Sava lettera elle,Ufficio postale,,099 974 5549,"Via Farnese, 28",Sava,,,,,,,,,,,
Ospedale Veris Delli Ponti,Ospedale pubblico,,0836 420111,Via Giuseppina Delli Ponti,Scorrano,,,,,,,,,,,
Comune di Spongano,Municipio,,0836 945078,"Via Pio XII, 57",Spongano,,,,,,,,,,,
Gestione Perizie Salento,Ufficio aziendale,,0836 195 5144,"Via Ignazio Veris, 4",Scorrano,,,,,,,,,,,
19 Summer Club,Stabilimento balneare,http://www.19summerclub.it/,393 811 9690,Via Umberto I,Santa Cesarea Terme,,info@19summerclub.it,https,Joomla,Sì,Aruba S.p.A. Network,81,98,92.00,Sì,No
Comune,Municipio,,0836 945680,"Via Stazione, 57",Spongano,,,,,,,,,,,
SmartID,Ufficio aziendale,,0833 233421,"Via Operai Caduti sul Lavoro, 1",Sannicola,,,,,,,,,,,
Comune di Soleto - Uffici Settore AA.GG. - Protocollo - Sindaco,Ufficio aziendale,,0836 667014,"Via Umberto I, 4",Soleto,,,,,,,,,,,
Copying Office Multiservice,Copisteria,,0836 661026,"Viale Raimondello Orsini, 148",Soleto,,,,,,,,,,,
Malè Costa del Sud,Discoteca,http://www.malediscoteca.it/,349 700 2030,"Via Pola, 40",Santa Cesarea Terme,,,https,WordPress,Sì,Hostinger International Limited,71,92,100.00,Sì,No
agenzia di viaggi sava mister holiday,Agenzia viaggi,http://www.misterholiday.it/,099 972 6259,"VIA TRENTO ANG, Via Malta",Sava,,info@misterholiday.it,https,WordPress,Sì,"DigitalOcean, LLC",32,41,92.00,Sì,No
ITC Industria Trasformazione Carta,Cartiera,http://www.itcsalento.it/,0833 233581,Zona Industriale PIP,Sannicola,,,https,WordPress,Sì,Aruba S.p.A.,20,36,92.00,Sì,No
Comune di Seclì,Municipio,,0836 554213,"Via Giacomo Puccini, 20",Seclì,,,,,,,,,,,
S.G Impresa Soc.Coop. Cardinale Paolo Cosimo attivazioni LINKEM assistenza DITEC ENTREMATIC,Ufficio aziendale,,360 374 789,"Via Dante, 10",Seclì,,,,,,,,,,,
Protezione Civile N.E.R. Soleto - Centro Operativo Comunale,Ufficio aziendale,,0836 663764,Via Madonna del Carmine,Soleto,,,,,,,,,,,
Saetta,Ufficio aziendale,,327 119 0835,SP 50,Seclì,,,,,,,,,,,
Comune di Specchia,Municipio,,0833 536 2931,"Via S. Giovanni Bosco, 6",Specchia,,,,,,,,,,,
Ufficio Polizia Locale,Ufficio statale,,342 544 7096,"Via S. Giovanni Bosco, 24",Specchia,,,,,,,,,,,
Parapharm S.R.L.,Grossista di prodotti farmaceutici,,0833 536083,"S.P. Specchia - Miggiano, 83",Specchia,,,,,,,,,,,
Comune Di Statte,Municipio,,099 474 2811,"Via S. Francesco, 5",Statte,,,,,,,,,,,
Patronato Epas,Ufficio aziendale,,099 474 2091,"Via Bainsizza, 60",Statte,,,,,,,,,,,
Tecprind Tecnologie E Prodotti Industriali S.r.l.,Ufficio aziendale,,099 471 3270,SS7,Statte,,,,,,,,,,,
Studio Delta di Lombardi Francesco,Ufficio patenti,,340 144 9831,"Via Principe di Piemonte, 27",Statte,,,,,,,,,,,
Comune di Squinzano,Municipio,,0832 177 8900,"Via Giacomo Matteotti, 10",Squinzano,,,,,,,,,,,
Ratano Luigi,Ufficio patenti,,0833 721692,"Via Dante Alighieri, 50",Specchia,,,,,,,,,,,
Nuovo Stringhificio Salentino,Ufficio aziendale,http://www.stringhificio.com/,0833 536100,Via Miggiano Specchia,Specchia,,info@stringhificio.com,https,Contentful,No,Seeweb srl,68,98,91.00,Sì,No
Spazio Enel Partner Squinzano,Azienda fornitrice di energia elettrica,,0832 181 4560,"Piazza Vittorio, 63",Squinzano,,,,,,,,,,,
Office 4.0,Cartoleria,,0833 825469,"Via Roma, 73",Specchia,,,,,,,,,,,
Pro Loco Specchia,Centro informazioni turistiche,http://www.prolocospecchia.it/,0833 536245,"Piazza del Popolo, 6",Specchia,,,https,Shopify,No,Aruba S.p.A.,56,86,85.00,Sì,No
IMMOBILIARE BRANCA,Ufficio aziendale,http://immobiliarebranca.com/,0833 539301,"Via G. Caviglia, 32",Specchia,,info@immobiliarebranca.com,http,ASP.NET,No,Aruba S.p.A. Network,66,75,91.00,Sì,No
Polizia Municipale - Statte,Vigile urbano,https://www.poliziamunicipale.it/comune/2836/statte,099 474 1117,"74010, Via Vittorio Veneto, 1",Statte,,,https,Angular,No,Microsoft Corporation,57,77,91.00,Sì,No
Pro Loco Squinzano,Centro informazioni turistiche,,377 536 3303,"Via Vittorio Emanuele, 2",Squinzano,,,,,,,,,,,
Cazzorla Nicola,Ufficio aziendale,,0832 782393,"Via Pietro Nenni, 27",Squinzano,,,,,,,,,,,
SANTAMARIA,Ufficio aziendale,,392 951 2095,"Via Roma, 34",Squinzano,,,,,,,,,,,
Agenzia Sprint Srl,Ufficio patenti,,0832 784788,"SS 16, 75",Squinzano,,,,,,,,,,,
Terme di Santa Cesarea SpA,Terme,http://www.termesantacesarea.it/,0836 944314,"Via Roma, 40",Santa Cesarea Terme,,info@termesantacesarea.it,https,Angular,Sì,OVH SAS,56,72,85.00,Sì,No
C.m.p. Group S.r.l,Ufficio aziendale,,334 707 4291,"Via Vittorio Veneto, 90",Squinzano,,,,,,,,,,,
Squinzano Giovani,Spazio per eventi,,0832 179 6059,"Via Cellino, 77",Squinzano,,,,,,,,,,,
Agenzia Automobilistica Sabella,Ufficio patenti,,0836 545069,"Via Tamborino, 2",Sogliano Cavour,,,,,,,,,,,
Studio Medico Dr. Mazzotta Squinzano,Studio medico,https://www.mauriziodottormazzotta.it/,0832 785146,"Via Regina Margherita, 65",Squinzano,,,https,WordPress,No,Aruba S.p.A.,73,97,92.00,Sì,No
Futuro e Lavoro,Ufficio aziendale,,379 194 8309,"Via delle cave, 7",Sogliano Cavour,,,,,,,,,,,
La Locanda di Buck,Pizzeria,,333 988 8626,"Corso Umberto I, 96",Sogliano Cavour,,,,,,,,,,,
Chiesa di San Lorenzo Martire,Chiesa cattolica,,0836 544077,Vico Chiesa,Sogliano Cavour,,,,,,,,,,,
Scuola “Mons. Giuseppe Palamà”,Scuola di educazione generale,,0836 544180,Via Vittorio Veneto,Sogliano Cavour,,,,,,,,,,,
Comune di Sternatia,Municipio,,0836 666001,"Via Brigida Ancora, 42",Sternatia,,,,,,,,,,,
Tua Assicurazioni,Agenzia di assicurazioni,,0836 543511,"Piazza Armando Diaz, 11",Sogliano Cavour,,,,,,,,,,,
Mani Center Logistica & Distribuzione,Centro uffici,,800 429 614,Via dei Falegnami,Squinzano,,,,,,,,,,,
Comune di Sogliano Cavour,Municipio,https://www.comunedisoglianocavour.le.it/,0836 543084,"Piazza Armando Diaz, 13",Sogliano Cavour,,protocollo.comune.soglianocavour@pec.it,https,Joomla,Sì,Aruba S.p.A.,48,74,83.00,Sì,No
Comune di Surbo,Municipio,,0832 360800,"Via Giuseppe Codacci Pisanelli, 23",Surbo,,,,,,,,,,,
Direzione didattica di Surbo - Ingresso uffici,Istituto d'istruzione,,0832 361100,"Via Giuseppe Codacci Pisanelli, 37",Surbo,,,,,,,,,,,
Polizia Municipale Soleto,Vigile urbano,,0836 663133,"Viale Raimondello Orsini, 261",Soleto,,,,,,,,,,,
Pianeta Informatico | Cassetti rendi resto | Tablet e palmari per comande ristorazione,Negozio di forniture per ufficio,https://www.pianetainformatico.it/,0832 784865,"V. Lecce, 36",Squinzano,,info@pianetainformatico.it,https,Angular,Sì,OVH SAS,65,85,85.00,Sì,No
Forme Italia,Negozio di mobili,https://formeitalia.net/it,0836 543719,Via Monte Grappa,Sogliano Cavour,,commerciale@formeitalia.net,https,Drupal,No,Serverplan S.r.l.,56,43,85.00,Sì,No
Ex Municipio,Municipio,,0832 785033,"Piazza Plebiscito, 1",Squinzano,,,,,,,,,,,
Riezzo Ufficio,Negozio di elettronica,,393 117 3229,"Via P. Togliatti, 16",Surbo,,,,,,,,,,,
Arci Sprar Squinzano,Ufficio aziendale,http://www.arci.le.it/,0832 755828,"Via Brindisi, 119",Squinzano,,,https,WordPress,No,Aruba S.p.A.,43,56,85.00,Sì,No
I.C.A. Imposte Comunali Affini S.R.L.,Ufficio dell'Agenzia delle entrate,,0832 362627,"Piazza Unita Europea, 32",Surbo,,,,,,,,,,,
Happy Casa Store Surbo,Casalinghi,,0832 279310,Via Piero Gobetti,Surbo,,,,,,,,,,,
Agenzia Assicurazioni e Pratiche Automobilistiche - Nito Maristella,Ufficio patenti,,0832 361344,"Corso Vittorio Emanuele III, 78",Surbo,,,,,,,,,,,
ANDREANI TRIBUTI SRL,Ufficio aziendale,,0832 183 6033,"Corso Vittorio Emanuele III, 61",Surbo,,,,,,,,,,,
COMUNE DI SURANO,Dipartimento dei lavori pubblici,,0836 939002,"Via Eroi della Resistenza, 20",Surano,,,,,,,,,,,
Comune di Taranto - IV Circoscrizione Tre Carrare - Solito,Ufficio dell'amministrazione comunale,,099 458 1166,"Via Fiume, 62",Taranto,,,,,,,,,,,
Ufficio anagrafe e stato civile,Ufficio statale,,099 458 1427,"Via Romagna, 40",Taranto,,,,,,,,,,,
Unità Volontaria di Protezione Civile Emergenza Surbo,Associazione / Organizzazione,http://emergenzasurbo.it/,0832 364370,"Via Ernesto Maccagnani, 19",Surbo,,info@emergenzasurbo.it,https,WordPress,No,Aruba S.p.A.,74,91,92.00,Sì,No
Comune di Taranto - Ufficio Tributi Locali,Ufficio dell'amministrazione comunale,,800 893 900,"Via Anfiteatro, 72",Taranto,,,,,,,,,,,
Comune di Taranto principale,Municipio,,099 458 1111,"P.za Castello, 1",Taranto,,,,,,,,,,,
Uffici Comunali Del Comune Di Taranto,Municipio,,099 772 0000,"Via Salina Piccola, 2",Taranto,,,,,,,,,,,
Comune di Taranto - Ufficio Toponomastica,Ufficio dell'amministrazione comunale,,099 458 1588,"Via Dante Alighieri, 16",Taranto,,,,,,,,,,,
Tuttoufficio,Negozio di forniture per ufficio,,099 738 6524,"Via Puglia, 162",Taranto,,,,,,,,,,,
Agenzia delle Entrate - Direzione Provinciale,Ufficio dell'Agenzia delle entrate,,099 451 1111,"Via Plateja, 30",Taranto,,,,,,,,,,,
ASL Taranto,Dipartimento della sanità pubblica,,099 778 6111,"Viale Virgilio, 31",Taranto,,,,,,,,,,,
Comune di Taranto - V Circoscrizione Montegranaro - Salinella,Ufficio dell'amministrazione comunale,,099 736 1720,"Via Romagna, 40",Taranto,,,,,,,,,,,
Comune di Taurisano,Municipio,,0833 626411,"Via F. Lopez, 1",Taurisano,,,,,,,,,,,
Poste Italiane - Ufficio Postale di Taurisano,Ufficio postale,,0833 626349,"Corso Vanini, 1",Taurisano,,,,,,,,,,,
Vrisko,Ufficio aziendale,http://vrisko.it/,320 726 2282,"Via Stazione, 4",Sternatia,,,https,WordPress,Sì,OVH SAS,56,70,100.00,Sì,No
Kasawika,Casalinghi,,338 373 5682,Via Giuseppe Leone,Surbo,,,,,,,,,,,
73056 Poste & Servizi,Servizi postali,,389 298 9160,"Corso Umberto I, 336",Taurisano,,,,,,,,,,,
Appservice S.r.l. - Delegazione ACI Taurisano,Ufficio patenti,,0833 624138,"Via Filippo Lopez, Y Royo, 44",Taurisano,,,,,,,,,,,
MP Comunica,Ufficio aziendale,,0833 621995,"Via Cavour, 16",Taurisano,,,,,,,,,,,
SE. ROM. DI ROMANO GIUSEPPE,Ufficio aziendale,,0833 623925,"Via Gian Lorenzo Bernini, 8",Taurisano,,,,,,,,,,,
Febbraro Piero Luigi,Ufficio patenti,,0833 625032,"Via Leonardo da Vinci, 32",Taurisano,,,,,,,,,,,
Conseil Srl STP,Servizi di consulenza fiscale,,0833 624017,"Via SS. Crocefisso, 12",Taurisano,,,,,,,,,,,
Loma Ufficio,Copisteria,,099 735 1522,"Via Marche, 66",Taranto,,,,,,,,,,,
Ufficio Territoriale del Governo - Prefettura di Taranto,Ufficio statale locale,https://prefettura.interno.gov.it/it/prefetture/taranto,099 454 5111,"Via Anfiteatro, 4",Taranto,,prefettura.taranto@interno.it,https,Drupal,No,Akamai Technologies,72,96,100.00,Sì,No
PRA Pubblico Registro Automobilistico Taranto,Ufficio patenti,,099 779 6434,"Viale Magna Grecia, 108",Taranto,,,,,,,,,,,
Coop,Alimentari,,0833 631963,"Via Sadat, 28",Supersano,,,,,,,,,,,
Delegazione Aci Surano,Ufficio patenti,,0836 936815,Strada Statale 275 N 36,Surano,,,,,,,,,,,
Comune di Taranto - Anagrafe - Servizio Elettorale,Ufficio dell'amministrazione comunale,,099 735 4825,"Via Plinio, 75",Taranto,,,,,,,,,,,
Centro per l'Impiego di Taranto - ARPAL Puglia,Centro per l'impiego,https://sintesi.regione.puglia.it/web/sintesi-taranto,099 224 8141,"Via Veneto, 83",Taranto,,quiregione@regione.puglia.it,https,React,Sì,InnovaPuglia SpA,41,56,85.00,Sì,No
USR Puglia Ufficio VII Taranto,Ufficio del distretto scolastico,https://www.usptaranto.it/,099 773 0511,"Via Lago di Como, 9",Taranto,,uspta@postacert.istruzione.it,,WordPress,Sì,Aruba S.p.A.,67,79,85.00,Sì,No
Comune di Tiggiano - Lunedì dalle 15.30 all 19.00 aperto solo Servizi Demografici,Municipio,,0833 531033,"Piazza Castello, 33",Tiggiano,,,,,,,,,,,
Comune di Torchiarolo,Municipio,,0831 622085,"Via Cristoforo Colombo, 10",Torchiarolo,,,,,,,,,,,
Comune Di Torchiarolo,Municipio,,0831 692777,"Via Umberto I, 6",Torchiarolo,,,,,,,,,,,
Polizia Locale - Torchiarolo,Vigile urbano,,0831 622236,"Via Cristoforo Colombo, 10",Torchiarolo,,,,,,,,,,,
CM yachts,Ufficio aziendale,,333 732 1374,"Via Armando Diaz, 2",Torchiarolo,,,,,,,,,,,
Affiliato Tecnocasa Studio Taviano S.A.S.,Agenzia immobiliare,,0833 914107,"Corso Vittorio Emanuele II, 21",Taviano,,,,,,,,,,,
Guardia Medica Torchiarolo,Centro medico pubblico,,0831 620116,"Via Guglielmo Marconi, 1",Torchiarolo,,,,,,,,,,,
Agenzia Manco Di Colella Anna Rita,Ufficio patenti,,0833 625085,"Corso Umberto I, 324",Taurisano,,,,,,,,,,,
DE.CA. LOGISTICS SRL,Ufficio aziendale,https://www.decalogistics.it/,377 362 2699,"Via G. Lopez, 3",Taurisano,,info@mysite.com,https,React,Sì,Google LLC,74,97,100.00,Sì,No
Comune Di Taviano,Ufficio dell'amministrazione comunale,,0833 916241,"Piazza del Popolo, 18",Taviano,,,,,,,,,,,
Polizia Locale - Taviano,Vigile urbano,,0833 916341,"Via Donatori Volontari Sangue, 13",Taviano,,,,,,,,,,,
Centro Posta Taviano,Ufficio postale,,379 128 5108,"Corso Vittorio Emanuele II, 48",Taviano,,,,,,,,,,,
Casa dello Scaffale srl,Negozio di mobili per ufficio,http://www.casadelloscaffale.com/,099 334110,"Via Campania, 8/F",Taranto,,amministrativo@casadelloscaffale.com,https,PrestaShop,Sì,Serverplan s.r.l.,38,62,100.00,Sì,No
Agenzia Gatto,Ufficio patenti,,349 752 4311,"Via Vittorio Emanuele III, 20",Taviano,,,,,,,,,,,
Albe D'Est,Ufficio aziendale,,331 726 9066,"Via Vincenzo Monti, 2",Taviano,,,,,,,,,,,
Gresmar S.r.l.,Laboratorio,,349 181 8112,"Via Nociglia, 34",Supersano,,,,,,,,,,,
Cancelleria e ufficio di Duca Gabriele,Cartoleria,,389 988 0231,"Via Antonio Genovesi, 8",Taviano,,,,,,,,,,,
ASD HUNTERS TAVIANO,Ufficio aziendale,,347 666 4906,"Via Antonio Rosmini, 29-39",Taviano,,,,,,,,,,,
Comune di Supersano,Municipio,https://www.comunedisupersano.le.it/,0833 632514,"Piazza IV Novembre, 5",Supersano,,segreteria.comune.supersano@pec.rupar.puglia.it,https,React,No,Aruba S.p.A.,55,69,91.00,Sì,No
Municipio Centr. Inform.,Municipio,,0833 913878,"Via S Martino, 8",Taviano,,,,,,,,,,,
Spazio Enel Partner Taviano,Azienda fornitrice di energia elettrica,,0833 601307,"Via Vittorio Bachelet, 5",Taviano,,,,,,,,,,,
Post & Co. Di Serio Barbara,Ufficio postale,,0833 911026,"Corso Vittorio Emanuele II, 89",Taviano,,,,,,,,,,,
Carabinieri • Comando Stazione Torre Santa Susanna,Arma dei Carabinieri,,0831 746902,"Via Oria, 1",Torre Santa Susanna,,,,,,,,,,,
Comune di Torre Santa Susanna,Municipio,,0831 741111,"Via Risorgimento, 36",Torre Santa Susanna,,,,,,,,,,,
POSTA PRIVATA NAZIONALE TORRE SANTA SUSANNA,Servizi postali,,0831 747294,"Via Palmiro Togliatti, 1",Torre Santa Susanna,,,,,,,,,,,
AGENZIA PAMPRI DI IURLARO DOMENICO E RUBINO PIERA SNC,Ufficio patenti,,0831 745292,"Via Giuseppe Garibaldi, 70",Torre Santa Susanna,,,,,,,,,,,
Polizia Locale - Torre Santa Susanna,Vigile urbano,,0831 741204,"Via Giotto, 1",Torre Santa Susanna,,,,,,,,,,,
Comune di Torricella,Municipio,,099 957 3432,Via Tenente Minniti,Torricella,,,,,,,,,,,
Via giovanni falcone 3 Torricella in Sabina,Municipio,,0765 735021,"Via Roma, 7",Torricella in Sabina,,,,,,,,,,,
Polizia Municipale - Torricella,Vigile urbano,,099 957 9624,"SP128, 55",Torricella,,,,,,,,,,,
Dr Mezzolla Cosimo Luigi,Studio medico,,099 957 3026,"Via le Grazie, 62",Torricella,,,,,,,,,,,
Scuola Primaria Pietro Maruggi,Scuola pubblica,,099 957 3639,Via Giacomo Leopardi,Torricella,,,,,,,,,,,
Comune di Trepuzzi,Municipio,,0832 754111,"Corso Giuseppe Garibaldi, 10",Trepuzzi,,,,,,,,,,,
Ufficio P.M.,Vigile urbano,,0832 757739,Via Assunta,Trepuzzi,,,,,,,,,,,
Istituto Comprensivo Supersano,Scuola pubblica,,0833 822857,"Via Roma, 7",Supersano,,,,,,,,,,,
Caf Express Srls,Ufficio postale,,0832 753199,"Via Gaetano Brunetti, 96",Trepuzzi,,,,,,,,,,,
Artes Group srl,Ufficio aziendale,http://www.artes.it/,0836 354446,"lotto 29, sp Nociglia",Supersano,,web@artes.it,https,WordPress,Sì,Hetzner Online GmbH,45,43,92.00,Sì,No
CEMAR,Cartoleria,http://www.cemaronline.it/,0831 740502,"Via Angela Sala, 39",Torre Santa Susanna,,info@cemaronline.it,https,WordPress,Sì,Aruba S.p.A.,70,83,100.00,Sì,No
Agenzia NewCar s.a.s,Ufficio patenti,,389 233 4548,"Via John Fitzgerald Kennedy, 62",Trepuzzi,,,,,,,,,,,
Fratelli d'Italia - Circolo di Trepuzzi,Partito politico,,0833 593926,"Corso Umberto I, 89",Trepuzzi,,,,,,,,,,,
Stefano Crety Ufficio,Ufficio aziendale,,371 199 6161,Via Guglielmo Pepe,Trepuzzi,,,,,,,,,,,
Risparmio Famiglia di Xu Meifang,Casalinghi,,391 761 9346,"Via Surbo, 特雷普齐 莱切省邮政",Trepuzzi,,,,,,,,,,,
Comune di Torricella Sicura,Municipio,,0861 554727,Via Giorgio Romani,Torricella Sicura,,,,,,,,,,,
Geotecnica Cartoleria,Cartoleria,,0832 753108,"Via 2 Giugno, 6",Trepuzzi,,,,,,,,,,,
Vinicola Cicella F.lli Schifone,Azienda vinicola,http://www.masseriacicella.it/,099 957 3761,Via Roma,Torricella,,,https,OpenCart,No,Serverplan s.r.l.,61,86,75.00,Sì,No
Sede Torre Santa Susanna,Studio medico,http://www.cooldent.it/,329 495 7669,"Torre usannaSanta S, Via Tagliamento, 13 B",Torre Santa Susanna,,,https,ASP.NET,No,PERSKIMEDIA Szymon Perski,46,94,100.00,Sì,No
Posta Centrale Torre Santa Susanna,Spedizioni e corrispondenza,,328 539 2252,"Via Risorgimento, 43",Torre Santa Susanna,,,,,,,,,,,
Comune Di Torricella Del Pizzo,Municipio,https://www.unioneterraefluminis.cr.it/,0375 992011,"Via Roma, 4",Torricella del Pizzo,,unione.terraefluminis@pec.regione.lombardia.it,https,React,Sì,Aruba S.p.A.,95,97,61.00,Sì,No
Studio Dentistico Lacaita,Dentista,,099 957 3387,"Via le Grazie, 129",Torricella,,,,,,,,,,,
Barone Ufficio Patronato ENAPA,Ufficio aziendale,,0833 596792,"Via Galileo Galilei, 11/A",Tuglie,,,,,,,,,,,
Comitato elettorale Insieme per Tuglie con Massimo Stamerra Sindaco,Ufficio aziendale,,328 860 4317,"Via Trieste, 8",Tuglie,,,,,,,,,,,
MARSS srl - Sede Operativa,Ufficio aziendale,http://www.marss.co/,0833 532020,"Via A. De Gasperi, 150",Tiggiano,,info@marss.co,https,Wix,Sì,Google LLC,48,67,92.00,Sì,No
Teatro Comunale di Tuglie,Teatro,,0833 596521,"Corso Cesare Vergine, 76",Tuglie,,,,,,,,,,,
Polizia Locale di Tuglie,Vigile urbano,,0833 597644,"Via Plebiscito, 1",Tuglie,,,,,,,,,,,
Carluccio Design Srl,Negozio di mobili per ufficio,http://www.carlucciodesign.com/,0833 912880,"Via Antonio Meucci, n°14",Taviano,,,https,WordPress,No,Aruba S.p.A.,49,80,85.00,Sì,No
Adriatica Metalli Di Miglietta F.,Ufficio aziendale,,0832 755854,"Via Surbo, 68",Trepuzzi,,,,,,,,,,,
Cataldi Francesco Antonio,Ufficio postale,,0833 597422,"Via Aldo Moro, 196",Tuglie,,,,,,,,,,,
Agenzia Marangio,Ufficio postale,,0832 756782,"Via Gaetano Brunetti, 101",Trepuzzi,,,,,,,,,,,
RF MOTORICAMBI,Ufficio aziendale,,342 032 4217,"Via Pietro Siciliani, 23",Tuglie,,,,,,,,,,,
Comune Di Uggiano La Chiesa,Municipio,,0836 802921,Strada Statale 611,Otranto,,,,,,,,,,,
Dott.ssa Silvia Congedi,Psicoterapeuta,,329 895 4103,"Via S. Giuseppe, 3",Ugento,,,,,,,,,,,
Comune di Ugento,Ufficio statale,,0833 557001,Piazza Adolfo Colosso,Ugento,,,,,,,,,,,
Giudice di Pace - Ugento,Ufficio statale,,0833 555009,"Via Fratelli Molle, 42",Ugento,,,,,,,,,,,
Associazione Culturale Terracunta,Ufficio aziendale,,328 328 0483,"Via Grappa, 33",Tuglie,,,,,,,,,,,
Info Point Ugento,Ufficio comunale del turismo,,0833 555476,"Piazza Adolfo Colosso, 5",Ugento,,,,,,,,,,,
"MEDIAOFFICE - Computer, Registratori di Cassa, Visite Fiscali, Assistenza",Negozio di computer,https://www.stefanosabato.it/,393 666 2244,"Via Calatafimi, 1",Tuglie,,,https,Angular,No,Aruba S.p.A.,92,100,92.00,Sì,No
O.M.T. di Toma Pasquale - Torneria automatica -,Torneria,http://www.torneriaomt.it/,0833 596689,"Via Giuseppe Palmieri, 14",Tuglie,,,http,ASP.NET,No,Aruba S.p.A. Network,100,100,82.00,Sì,No
Regione Puglia,Municipio,,0833 555015,"Via Capitano Ugo Giannuzzi, 115",Ugento,,,,,,,,,,,
Comune Di Ugento,Municipio,,0833 931060,"Via Giano Bifronte, 12",Torre San Giovanni,,,,,,,,,,,
centro vaccinazioni,Ospedale,,0833 954101,"LE, Via Thomas Edison, 34",Ugento,,,,,,,,,,,
C.M. Srls,Ufficio aziendale,,0831 860279,"Via Dante Alighieri, 8",Villa Castelli,,,,,,,,,,,
Comune di Villa Castelli,Municipio,,0831 866261,"Piazza Municipio, numero 1",Villa Castelli,,,,,,,,,,,
Comune Di Ugento - Centro Operativo Comunale Prot. Civile,Municipio,,0833 556617,"Via L. Monsignor de Razza, 13",Ugento,,,,,,,,,,,
Consorzio Di Bonifica Ugento E Li Foggi,Ufficio statale,https://www.bonificaugento.it/,0833 959111,"Via Casarano, Km 2",Ugento,,,https,WordPress,No,OVH SAS,100,100,85.00,Sì,No
punto scuola ufficio,Cartoleria,,0831 866610,"Via Ceglie, 75",Villa Castelli,,,,,,,,,,,
Cervellera Pamela,Ufficio postale,,0833 596487,"Via Aldo Moro, 79",Tuglie,,,,,,,,,,,
Polizia Municipale di Villa Castelli,Vigile urbano,,0831 866097,"Via P. Mascagni, 1",Villa Castelli,,,,,,,,,,,
Agenzia Pratiche Auto di Alessia D'Urso,Ufficio patenti,,379 281 5904,"Via Ceglie, 31\B",Villa Castelli,,,,,,,,,,,
Sos Utenze & Servizi,Ufficio aziendale,,0831 197 0555,"Via Kennedy, 7C",Villa Castelli,,,,,,,,,,,
Ideapiushop tuglie,Bazar,,0833 216472,"Via Vittorio Veneto, 55",Tuglie,,,,,,,,,,,
MCA Connectors S.r.l.,Ufficio aziendale,http://www.mcaconnectors.com/,0833 518248,"Via Pietro Siciliani, 33",Tuglie,,info@mcaconnectors.com,https,React,Sì,Aruba S.p.A.,62,83,77.00,Sì,No
Comune di Uggiano la Chiesa,Municipio,http://www.comuneuggianolachiesa.it/,0836 812008,"Piazza Umberto I, 10",Uggiano La Chiesa,,ufficioprotocollo.uggianolachiesa.le@pec.rupar.puglia.it,http,React,No,Aruba S.p.A. Network,85,95,92.00,Sì,No
Comune di Vernole,Municipio,http://www.comunedivernole.it/,0832 899111,"Piazza Vittorio Veneto, 54",Vernole,,,http,ASP.NET,No,WicitY srl,77,96,75.00,Sì,No
"Master Multiservice | Genius Point. Cartoleria, Copisteria, Articoli per la scuola e l'ufficio",Cartoleria,,0833 541912,"Via dei Pellai, 42",Tricase,,,,,,,,,,,
S&S Dentale Studio Dentistico,Medico,,328 457 2453,"Via Principe Umberto, 20/22",Villa Castelli,,,,,,,,,,,
Spazio Enel Partner - Trepuzzi,Azienda fornitrice di energia elettrica,http://cappagi.it/,0832 169 7240,"Via Papa Giovanni XXIII, 1",Trepuzzi,,seplecce@gmail.com,https,Shopify,No,OVH SAS,54,70,85.00,Sì,No
InfoPoint Tricase,Centro informazioni turistiche,,328 422 4666,"Palazzo Gallone, Piazza Giuseppe Pisanelli",Tricase,,,,,,,,,,,
Office Store,Cartoleria,,0833 213964,Corso Apulia,Tricase,,,,,,,,,,,
PuntoScuola - Cartolibreria di Mina Abruzzese,Cartoleria,,0833 545160,"Via Umberto I, 114",Tricase,,,,,,,,,,,
A. S. L. Centro Salute Tricase,Dipartimento della sanità pubblica,,0833 545881,Zona Draghi,Tricase,,,,,,,,,,,
Commissione Invalidi Civili,Ufficio della previdenza sociale,,0833 540201,Via Largo Codignola,Tricase,,,,,,,,,,,
Comune di Melpignano,Municipio,,0836 331764,"Piazza Antonio Avantaggiato, 2",Melpignano,,,,,,,,,,,
Infopoint Melpignano - Casa del Turista,Ufficio comunale del turismo,,0836 332161,"Via Roma, 16",Melpignano,,,,,,,,,,,
M23 Digital Coworking,Spazio di coworking,,0836 332084,"Via Castrignano, 23",Melpignano,,,,,,,,,,,
CONAD SUPERSTORE,Alimentari,,0836 331772,"S.P. PER MAGLIE, SNC",Melpignano,,,,,,,,,,,
Brk Di Cardinale Michele,Tabaccheria,,0836 439042,"Via Dante Alighieri, 7",Melpignano,,,,,,,,,,,
"IQOS RESELLER - Tabaccheria Caroppo, Giuggianello",Tabaccheria,,0836 341510,"Via Roma, 34",Giuggianello,,,,,,,,,,,
Ufficio Zona Epaca di Mesagne,Sindacato,,0831 730738,Via Nino Bixio,Mesagne,,,,,,,,,,,
Scuola Ufficio Cartolibreria,Cartoleria,,388 819 7489,"Via Carmine, 78",Mesagne,,,,,,,,,,,
Spazio Enel Partner Tricase,Consulente per impianti di produzione di energia,http://www.gruppovincenti.it/?utm_source=google&utm_medium=GMBSitelink&utm_campaign=GMBSitelink_Tricase_49T,0833 771962,"Via Luigi Pirandello, Snc",Tricase,,,https,React,No,Aruba S.p.A.,66,100,85.00,Sì,No
Comune di Tricase,Municipio,,0833 777111,"Piazza Giuseppe Pisanelli, 1",Tricase,,,,,,,,,,,
Comune di Mesagne,Municipio,,0831 732111,"Via Roma, 2",Mesagne,,,,,,,,,,,
Gruppo di Azione Locale Capo di Leuca Scarl,Centro informazioni turistiche,http://www.galcapodileuca.it/,0833 542342,Piazza Giuseppe Pisanelli,Tricase,,,https,Joomla,Sì,CLIO,57,46,85.00,Sì,No
Melicart S.r.l. - Tricase,Cartoleria,https://www.melicart.it/,0833 546729,Via Aldo Moro,Tricase,,,https,Magento,Sì,Hetzner Online GmbH,57,78,85.00,Sì,No
Comune Di Giuggianello,Municipio,,0836 444920,"Piazza degli Eroi, 13",Giuggianello,,,,,,,,,,,
Inas Istituto Nazionale Assistenza Sociale Ufficio Tricase,Associazione,,0833 546114,"Via Giuseppe Verdi, 9",Tricase,,,,,,,,,,,
UFFICIO E GRAFICA CLIK,Negozio di forniture per ufficio,,328 739 4296,"Piazza Della Libertà, 23",Crispiano,,,,,,,,,,,
Comune di Crispiano - Municipio,Municipio,,099 811 7111,"Piazza Madonna della Neve, 3",Crispiano,,,,,,,,,,,
Uggiano Città Sociale,Organizzazione non governativa,http://www.gus-italia.org/,371 157 4365,"Comune di Uggiano la Chiesa, 9b",Uggiano la Chiesa,,,https,Angular,Sì,Aruba S.p.A. Network,37,37,100.00,Sì,No
PAGLIARASTORE,Negozio di mobili per ufficio,http://www.pagliarastore.it/,0831 777475,"Via Nino Bixio, 2/A",Mesagne,,info@pagliarastore.it,https,Shopify,No,Aruba S.p.A. Network,64,71,100.00,Sì,No
Ufficio Postale Poste Italiane - Mesagne,Ufficio postale,,0831 713349,"Via Gualtiero D'Ocra, 7",Mesagne,,,,,,,,,,,
Comune di Mesagne - Uff. Cultura,Ufficio dell'amministrazione comunale,,0831 775981,"Vico dei Cantelmo, 1",Mesagne,,,,,,,,,,,
Servizi Postali Maggio Di Maggio Francesca,Ufficio postale,,099 221 6390,"Corso Vitt. Emanuele III, 50",Crispiano,,,,,,,,,,,
Servizi sociali e servizi alla persona,Centro servizi sociali,,099 811 7205,"Piazza Madonna della Neve, 3",Crispiano,,,,,,,,,,,
O.M.L. Italia,Ufficio aziendale,,380 725 1025,"5, SP48",Crispiano,,,,,,,,,,,
RUGGIERI TRASPORTI & TOUR,Ufficio aziendale,,346 574 1767,"Corso Umberto I, 119",Crispiano,,,,,,,,,,,
Centro di Cultura Sociale e di Ricerche,Organizzazione non profit,https://www.centrodiculturagiuggianello.com/chi-siamo,0836 444266,"Via Roma, 22",Giuggianello,,,https,WordPress,Sì,Google LLC,78,98,100.00,Sì,No
Comune di Cutrofiano,Municipio,,0836 542230,"Largo Resistenza, 1",Cutrofiano,,,,,,,,,,,
GIAMPIERO COLI' SOLUZIONI PUBBLICITARIE,Ufficio aziendale,,0836 315732,VIA PAOLO VI num 24,Cutrofiano,,,,,,,,,,,
Sabetta Loredana,Ufficio patenti,,0836 541844,"Via Guglielmo Pepe, 6",Cutrofiano,,,,,,,,,,,
Escosud SRL,Ufficio aziendale,,0836 515284,"Via Montegrappa, 1",Cutrofiano,,,,,,,,,,,
AGENZIA PRATICHE AUTO 'AUTOTECNICA',Ufficio patenti,http://www.praticheautotecnica.it/,348 092 4039,"Via Reali di Bulgaria, 93",Mesagne,,tizianofalanga@libero.it,https,WordPress,No,SEEWEB s.r.l.,65,90,85.00,Sì,No
On Top Srl,Grossista di articoli per l'igiene personale,,339 476 0230,"Via Pentima Rossa, 56",Crispiano,,,,,,,,,,,
Comune di Gagliano del Capo,Municipio,,0833 548575,"Piazzetta Del Gesu', Gagliano Del Capo, Le 73034",Gagliano del Capo,,,,,,,,,,,
"Digiworld - Assistenza e Vendita PC, Notebook, Stampanti, Cartucce, Toner, Articoli Ufficio Taranto",Negozio di computer,http://www.digiworldonline.it/,099 612980,"Via Scaletta, 22",Crispiano,,info@digiworldonline.it,https,WordPress,No,Google LLC,63,82,92.00,Sì,No
BCC di San Marzano di San Giuseppe - Ufficio di Rappresentanza Crispiano,Banca,http://www.bccsanmarzano.it/,099 885 4266,"Corso Vitt. Emanuele III, 22",Crispiano,,banca@bccsanmarzano.it,https,ASP.NET,No,Microsoft Corporation,40,76,92.00,Sì,No
Cartidea,Cartoleria,,0836 332551,"Via Vittorio Emanuele, 11",Cursi,,,,,,,,,,,
Palazzo Maramonte,Municipio,,0836 331079,Piazza Pio XII,Cursi,,,,,,,,,,,
Poste Italiane - Ufficio Postale Di Castrignano De' Greci,Ufficio postale,,0836 589401,"Via Alogne, 22",Cursi,,,,,,,,,,,
Scuola Media Statale E. De Amicis,Scuola pubblica,,0836 439031,"Via E. de Amicis, 49",Cursi,,,,,,,,,,,
Responsabilitaerisarcimento,Ufficio aziendale,,0541 412859,"Via Orsini del Balzo, 53",Galatone,,,,,,,,,,,
Polizia Municipale Galatone,Vigile urbano,,0833 865028,"Via Quinto Ennio, 2",Galatone,,,,,,,,,,,
Delegazione ACI Galatone,Ufficio patenti,,0833 865485,"Via Savoia, 14",Galatone,,,,,,,,,,,
Posta Centrale Galatone,Ufficio postale,,351 407 4351,"Viale Aldo Moro, 56",Galatone,,,,,,,,,,,
Municipio Utc Urbanistica E Ambiente,Municipio,,0833 861628,"Via Beato Egidio, 4",Galatone,,,,,,,,,,,
Liberoagrigarden,Ufficio aziendale,,338 870 1577,"Via Goffredo Mameli, 39",Galatone,,,,,,,,,,,
Tecnufficio di Luca Lerario,Cartoleria,,389 436 7969,"Viale XXIV Maggio, 16",Galatone,,,,,,,,,,,
Manni Energy sede Mesagne,Ufficio aziendale,http://www.mannienergy.com/,045 808 8911,"Via Antonio Montagna, 2",Mesagne,,,https,React,Sì,"Amazon.com, Inc.",37,50,92.00,Sì,No
ITER Centro,Clinica di fisioterapia,http://itercenter.com/,0836 439457,"Via Piave, 3",Cursi,,,http,ASP.NET,No,Aruba S.p.A. Network,84,100,100.00,Sì,No
Cowosud,Spazio di coworking,https://www.topconsultingsrl.it/cowosud/,368 318 7773,"Via Adige, 7",Cursi,,segreteria@topconsultingsrl.it,https,Joomla,No,Aruba S.p.A.,62,84,100.00,Sì,No
Scuola Elementare,Scuola elementare,,0836 332017,"Via Alogne, 10",Cursi,,,,,,,,,,,
Agenzia Di Consulenza Automobilistica Balestra,Ufficio patenti,,099 612029,"Via Roma, 16",Crispiano,,,,,,,,,,,
Infopoint Crispiano,Centro informazioni turistiche,http://crispianoturismo.it/,099 612251,"Via Roma, 9",Crispiano,,contact@crispianoturismo.it,https,React,Sì,Netsons s.r.l.,56,74,100.00,Sì,No
Azienda Agricola Nicola Santoro,Ufficio aziendale,,0836 439528,"Via E. de Amicis, 44",Cursi,,,,,,,,,,,
Centrufficio Di Colazzo Francesco,Negozio di computer,,0836 569950,"Corso Armando Diaz, 130",Galatina,,,,,,,,,,,
PROVINCIA DI LECCE,Ufficio statale,,0836 566904,"Via Vito Vallone, 25",Galatina,,,,,,,,,,,
Sindacato Patronato Caf UNSIC-ENASC,Ufficio aziendale,http://www.unsiclecce.it/,0836 433020,"Via Piave, 9",Cursi,,info@unsiclecce.it,http,WordPress,No,Aruba S.p.A.,83,95,92.00,Sì,No
Ufficio Anagrafe Galatina,Anagrafe,,0836 527407,"Via Monte Bianco, 20",Galatina,,,,,,,,,,,
Comune di Galatina - Uffici,Municipio,,0836 527311,"Via Monte Bianco, 49",Galatina,,,,,,,,,,,
Agenzia Nacci di Nacci Giuseppe,Ufficio patenti,,0831 860106,"Piazza Municipio, numero 19",Villa Castelli,,,,,,,,,,,
Infopoint Galatina,Centro informazioni turistiche,,0836 569984,"Via Vittorio Emanuele II, 35",Galatina,,,,,,,,,,,
Marra,Ufficio patenti,,0836 565294,"Corso Re D'Italia, 82",Galatina,,,,,,,,,,,
Bufano Brico Casa,Negozio di bricolage,https://bufanobricocasa.it/,0831 867398,"Via Provinciale per Martina Franca, 24",Villa Castelli,,amministrazione@bufanobricocasa.it,https,Joomla,Sì,Serverplan s.r.l.,46,0,100.00,Sì,No
Giaracuni Nicola,Ufficio patenti,,0836 566005,"Via Giulia, 16",Galatina,,,,,,,,,,,
Alessio Nisi,Ufficio dell'amministrazione comunale,,0833 864911,"Via Archimede Costadura, 1",Galatone,,,,,,,,,,,
ITCert,Ufficio aziendale,http://itcert.it/,0833 186 0261,"Via Benvenuto Cellini, 80",Galatone,,,https,WordPress,No,Aruba S.p.A.,63,86,85.00,Sì,No
Ospedale Santa Caterina Novella,Ospedale pubblico,,0836 529111,Via Roma,Galatina,,,,,,,,,,,
Prodotti Finanziari Poste Italiane S.P.A.,Ufficio postale,,0836 561355,"Via Como, 79",Galatina,,,,,,,,,,,
Comune di Ginosa,Municipio,,099 829 0111,"Piazza Marconi, 1",Ginosa,,,,,,,,,,,
DELEGAZIONE COMUNALE,Ufficio aziendale,,099 827 7110,P.za Martiri Indipendenza,Marina di Ginosa,,,,,,,,,,,
Poste Italiane - Ufficio Postale Marina Di Ginosa,Ufficio postale,,099 827 7885,"Piazza Stazione, 6",Marina di Ginosa,,,,,,,,,,,
Polizia di Stato • Commissariato Galatina,Dipartimento di polizia,,0836 638211,Via Salacino,Galatina,,,,,,,,,,,
Agenzia F.lli Sangiorgio,Ufficio patenti,,099 829 1489,"Via della Pace, 1",Ginosa,,,,,,,,,,,
Spazio Enel Partner - Galatina - Via Roma - Gruppo Vincenti,Fornitore di energia,http://www.gruppovincenti.it/,0836 527701,"Via Roma, 40",Galatina,,,https,React,No,Aruba S.p.A.,67,100,85.00,Sì,No
Comune Di Galatina,Ufficio dell'amministrazione comunale,,0836 569602,"Via Spoleto, 1",Galatina,,,,,,,,,,,
Servizio Igiene e Sanità Pubblica di GINOSA,Ambulatorio di zona,,099 849 6905,"Via Palatrasio, 30",Ginosa,,,,,,,,,,,
Polizia Locale Ginosa e Ginosa Marina,Dipartimento di polizia,,099 829 0247,"Piazza Marconi, 1",Ginosa,,,,,,,,,,,
Punto Servizi,Ufficio aziendale,,388 473 3903,"Via Federico di Svevia, 4",Ginosa,,,,,,,,,,,
Cartufficio di Marrocco Gabriele,Cartoleria,https://www.cartufficiogalatone.it/it/,0833 861450,"Viale XXIV Maggio, 79",Galatone,,cartufficio.galatone@hotmail.it,https,PrestaShop,No,Server Plan S.r.l.,56,45,100.00,Sì,No
Fe.N.A.I.LP. Sede Zonale Ginosa,Centro per l'impiego,,099 824 5070,"Largo Maiorano, 11",Ginosa,,,,,,,,,,,
Uf.Anagrafe E Stato Civile Di Diso,Municipio,,0836 920723,"Piazza Municipio, 16",Diso,,,,,,,,,,,
Comune di Diso,Municipio,,0836 920724,"Piazza Municipio, 16",Diso,,,,,,,,,,,
Municipio Disio,Ufficio dell'amministrazione comunale,,0836 922189,"Piazza Municipio, 16",Diso,,,,,,,,,,,
Club UNESCO Ginosa,Centro uffici,http://pintoassociati.com/,099 829 1868,"P 8, Via Padre D. Tuseo, 13",Ginosa,,,https,WordPress,No,Aruba S.p.A.,67,77,92.00,Sì,No
Tecnoufficio s.n.c.,Cartoleria,,339 335 0343,"P.za Giovanni XXIII, 10",Gallipoli,,,,,,,,,,,
Comune di Gallipoli,Municipio,,0833 260111,"Via Antonietta de Pace, 78",Gallipoli,,,,,,,,,,,
ASL Galatina,Dipartimento della sanità pubblica,,0836 529270,"Via Pietro Siciliani, 14",Galatina,,,,,,,,,,,
ASL LE - DSS GALLIPOLI,Servizi medici locali,,0833 270270,"Lungomare Marconi, 1",Gallipoli,,,,,,,,,,,
Pantografi AMMA - Macchine CNC,Ufficio aziendale,http://www.pantografiamma.it/,0833 826287,"Via Achille palma, 11",Galatone,,,http,React,Sì,METANET AG,52,64,92.00,Sì,No
Municipio Servizi Sociali,Municipio,,0833 861956,"Via Beato Egidio, 4",Galatone,,,,,,,,,,,
Agenzia Pupino Pratiche Automobilistiche,Ufficio patenti,,099 829 4560,"Viale Martiri d'Ungheria, 153",Ginosa,,,,,,,,,,,
DELEGAZIONE ACI GALLIPOLI,Ufficio patenti,,0833 276312,"Viale Europa, 5",Gallipoli,,,,,,,,,,,
Siae Dr. Paolo Ardito Mandatario Gallipoli,Ufficio affari legali,,0833 261645,"Via Urso, 17",Gallipoli,,,,,,,,,,,
Rotary Club,Ufficio aziendale,http://rotaryclubginosalaterza.com/,337 597 053,"Via Isonzo, 48",Ginosa,,info@rotaryclubginosalaterza.com,https,WordPress,No,Server Plan S.r.l.,54,78,92.00,Sì,No
Spazio Enel Partner Ginosa,Consulente,https://www.ideasrlenergia.it/spazi-vendita/spazio-ginosa/?utm_source=google&utm_medium=GMBSitelink&utm_campaign=GMBSitelink_Ginosa_5YY,099 450 2043,"Via Isola Caprera, 41",Ginosa,,,https,React,Sì,Aruba S.p.A.,32,11,92.00,Sì,No
Polizia Municipale - Faggiano,Vigile urbano,,099 591 2292,"Via Scanderbeg, 10",Faggiano,,,,,,,,,,,
Club per l'Unesco Galatina,Ufficio aziendale,http://clubunescogalatina.it/,348 341 5616,"Via Napoli, 21",Galatina,,,https,WordPress,Sì,Aruba S.p.A.,41,59,83.00,Sì,No
TKD Auto,Ufficio aziendale,,331 854 2179,SP110,Faggiano,,,,,,,,,,,
Studio Faggiano,Consulente del lavoro,,0832 331360,"Via Taranto, 92",Lecce,,,,,,,,,,,
Posta Express,Ufficio postale,http://www.postaexpress.it/,099 829 4729,"Via G. Matteotti, 251",Ginosa,,info@postaexpress.it,https,Shopify,Sì,Aruba S.p.A. Network,64,70,100.00,Sì,No
Poste Italiane - Ufficio Postale di Gallipoli Centro,Ufficio postale,,0833 267549,"Via Quartini, SNC",Gallipoli,,,,,,,,,,,
Spazio Enel Partner Francavilla Fontana,Azienda fornitrice di energia elettrica,,0831 819801,"Viale Francesco Lilla, 51",Francavilla Fontana,,,,,,,,,,,
Comune di Francavilla Fontana,Municipio,,0831 820111,"Via Municipio, 4",Francavilla Fontana,,,,,,,,,,,
ASL Brindisi,Dipartimento della sanità pubblica,,0831 851271,Piazza Dimitri,Francavilla Fontana,,,,,,,,,,,
Agenzia delle Entrate - Ufficio provinciale-Territorio,Ufficio dell'Agenzia delle entrate,http://wwwt.agenziaentrate.gov.it/servizi/UfficiProvinciali/ufficio.htm?iduff=LE1&r=Puglia&pr=Lecce,0832 251111,"Viale Gallipoli, 37",Lecce,,,https,React,No,Sogei Societa' Generale d' Informatica S.p.A,54,86,100.00,Sì,No
INPS Francavilla Fontana,Ufficio della previdenza sociale,,0831 854811,"Via Fratelli Bandiera, 72",Francavilla Fontana,,,,,,,,,,,
Cartolibreria Manes PRIME,Cartoleria,,0831 852017,"Via Barbaro Forleo, 37",Francavilla Fontana,,,,,,,,,,,
Comune di Fasano,Municipio,,080 439 4111,"P.za Ciaia, 1",Fasano,,,,,,,,,,,
Associazione Turistico Culturale Pro Loco Gallipoli,Associazione,http://www.prolocogallipoli.it/,0833 264283,"V. Kennedy, 20",Gallipoli,,info@prolocogallipoli.it,https,WordPress,No,Aruba S.p.A.,57,85,92.00,Sì,No
Office Point - Buffetti,Negozio di forniture per ufficio,,080 442 1060,"Via Roma, 3",Fasano,,,,,,,,,,,
Polizia Locale - Gallipoli,Vigile urbano,https://www.poliziamunicipale.it/comune/1068/gallipoli,0833 275545,"Via Pavia, 1",Gallipoli,,,https,Angular,No,Microsoft Corporation,55,75,83.00,Sì,No
Gruppo Europa Fasano,Servizio di immigrazione e naturalizzazione,,080 442 7357,"Via Morchiaturo, 10/a",Fasano,,,,,,,,,,,
Info-Point turistico,Centro informazioni turistiche,,080 439 4182,"P.za Ciaia, 10",Fasano,,,,,,,,,,,
Polizia Locale - Fasano,Vigile urbano,,080 441 4254,Viale G. Romita,Fasano,,,,,,,,,,,
Servizi demografici - Ufficio elettorale,Ufficio dell'amministrazione comunale,,099 641 8786,Via C. Battisti,Fragagnano,,,,,,,,,,,
Poste Italiane S.P.A.,Ufficio postale,,099 956 1004,"Via Madonna del Favore, 4",Fragagnano,,,,,,,,,,,
Studio Russo di Russo Giovanna,Ufficio patenti,,099 956 1980,"P.za Regina Elena, 7",Fragagnano,,,,,,,,,,,
Miglietta Carlo Antonio,Ufficio patenti,,0831 813455,"Corso Umberto I, 45",Francavilla Fontana,,,,,,,,,,,
New Tekno srl,Ufficio aziendale,,099 956 0719,"Corso Vittorio Emanuele, 41",Fragagnano,,,,,,,,,,,
GRAFICHEDIMAGGIO,Ufficio aziendale,,331 257 0256,Via Enrico Fermi,Fragagnano,,,,,,,,,,,
Consorzio Imprese Riunite,Ufficio aziendale,http://consorziocirff.it/,320 015 0677,"Contrada Capitolo, Zona PIP",Francavilla Fontana,,info@consorziocirff.it,http,WordPress,No,Aruba S.p.A. Network,56,68,85.00,Sì,No
LG dental srl,Dentista,,388 253 6196,"Via Cristoforo Colombo, 8A",Fragagnano,,,,,,,,,,,
Comune di Laterza,Municipio,,099 829 7911,"Piazza Plebiscito, 2",Laterza,,,,,,,,,,,
COMUNE DI LATERZA - UFFICIO TRIBUTI,Ufficio dell'amministrazione comunale,,099 829 7985,"Via Aldo Moro, 2",Laterza,,,,,,,,,,,
Comune Di Laterza,Municipio,,099 829 6327,"Via Cesare Battisti, 1",Laterza,,,,,,,,,,,
Comando Polizia Municipale,Ufficio statale,,099 821 6014,"Piazza Vittorio Emanuele, 2",Laterza,,,,,,,,,,,
Agenzia Renna Pratiche Automobilistiche,Ufficio patenti,,099 829 7507,"Via Roma, 78",Laterza,,,,,,,,,,,
Cartolibreria Studio Aperto di Varegliano Clementina,Cartoleria,,099 829 7296,"Via Giannone, 9",Laterza,,,,,,,,,,,
Cave di tufo Vittorio Papapietro,Ufficio aziendale,,099 821 6162,"Via Alcide De Gasperi, 51",Laterza,,,,,,,,,,,
Comune di Erchie,Municipio,,0831 768300,Piazza delle Rimembranze,Erchie,,,,,,,,,,,
Agenzia LECCESE,Ufficio patenti,,393 183 5771,"Via Guglielmo Marconi, 18",Erchie,,,,,,,,,,,
School Office di Cava Domenico,Cartoleria,,0831 759775,"Via Oria, 32",Erchie,,,,,,,,,,,
Infopoint_FrancavillaFontana,Ufficio comunale del turismo,,0831 820435,"Via Municipio, 4",Francavilla Fontana,,,,,,,,,,,
Continuità Assistenziale di Erchie,Dipartimento della sanità pubblica,,0831 767852,"Via Guglielmo Marconi, 132",Erchie,,,,,,,,,,,
4TM Project,Ufficio aziendale,,392 747 9351,"Viale Europa, 33/B",Laterza,,,,,,,,,,,
A.S.D. Free Rider Erchie,Ufficio aziendale,,340 805 3339,"Via Roma, 33",Erchie,,,,,,,,,,,
Ciccarese Franco Antonio,Ufficio patenti,,0831 763113,"Via Santa Croce, 14",Erchie,,,,,,,,,,,
Poliambulatorio Erchie,Ambulatorio medico,,0831 759383,"Via Giotto, 1",Erchie,,,,,,,,,,,
POLIZIA LOCALE ERCHIE,Polizia di stato,,0831 767789,"Via Santa Croce, 4",Erchie,,,,,,,,,,,
Obf S.r.l.,Macelleria,,0831 759131,"Via Roma, 46A",Erchie,,,,,,,,,,,
Info Point Pro Loco Erchie.,Centro informazioni turistiche,,351 691 1875,"Via Roma, 4",Erchie,,,,,,,,,,,
STUDIO LEGALE MANCINI,Avvocato,,0831 759176,"Via Fiume, 4",Erchie,,,,,,,,,,,
Comune di Guagnano,Municipio,,0832 704021,"Piazza Maria SS. del Rosario, 13",Guagnano,,,,,,,,,,,
ORIZZONTI NUOVI “Evandro Lupidi” – O.N.L.U.S.,Ufficio aziendale,,099 987 0654,"Via Duca D'Aosta, 46",Laterza,,,,,,,,,,,
Ufficio Tributi e Fiscalità -- Lecce,Ufficio riscossione imposte locali,,0832 682919,"Viale Marche, 2",Lecce,,,,,,,,,,,
Comune Di Lecce Uffici,Municipio,,0832 682111,"Via Vittorio Emanuele II, 16",Lecce,,,,,,,,,,,
TeatroLab Restiamo Umani,Ufficio aziendale,,392 743 8853,"Via della Conciliazione, 41/a",Laterza,,,,,,,,,,,
Municipio Comune di Lecce,Municipio,,0832 246025,Piazza Sant'Oronzo,Lecce,,,,,,,,,,,
Info Point Laterza,Centro informazioni turistiche,http://www.visitlaterza.com/,099 829 6793,"Palazzo marchesale di Laterza, Piazza Plebiscito",Laterza,,,http,Weebly,Sì,"Weebly, Inc.",65,55,92.00,Sì,No
Q8easy,Benzinaio,https://www.q8.it/servizi-prodotti/q8easy?utm_source=googlemybusiness&utm_medium=q8easy&utm_campaign=listing,800 010 808,Via Roma,Laterza,,,https,React,Sì,"Fastly, Inc.",51,56,69.00,Sì,No
Uffici del Cimitero - Comune di Lecce,Cimitero,,0832 279887,Viale S. Nicola,Lecce,,,,,,,,,,,
Spazio Enel Partner Lecce Piazzale Rudiae,Ufficio aziendale,,0832 091661,"Piazzale Rudiae, 15/17",Lecce,,,,,,,,,,,
Azienda Sanitaria Lecce 1,Ufficio aziendale,,0832 215339,"Viale Don Giovanni Minzoni, 8",Lecce,,,,,,,,,,,
Prefettura di Lecce,Ufficio statale locale,https://prefettura.interno.gov.it/it/prefetture/lecce,0832 693111,"Via Umberto I, 1",Lecce,,protocollo.prefle@pec.interno.it,https,Drupal,No,Akamai Technologies,68,95,100.00,Sì,No
Comune di Lecce Ufficio Ambiente,Ufficio dell'amministrazione comunale,,0832 682583,"Viale Aldo Moro, 30/3",Lecce,,,,,,,,,,,
Ufficio Scolastico Provinciale di Lecce,Ufficio del distretto scolastico,https://www.ustlecce.it/,0832 235211,"Via Cicolella, 11",Lecce,,usp.le@istruzione.it,https,Joomla,No,Aruba S.p.A.,85,99,100.00,Sì,No
Federaziende Commercio Italia Sede di Lecce 3,Ufficio aziendale,,0832 240955,"Piazza L. Ariosto, 10",Lecce,,,,,,,,,,,
Spazio Enel Partner Fasano Via dell'Industria,Azienda fornitrice di energia elettrica,http://www.enelenergia.it/?utm_source=google&utm_medium=GMBSitelink&utm_campaign=GMBSitelink_Fasano_316,080 442 2582,"Via dell'Industria, 82",Fasano,,,https,React,Sì,Incapsula Inc,0,0,0.00,Sì,No
Dogre S.R.L.,Ufficio aziendale,https://www.dogresrl.it/sede-di-lecce/,0832 399562,"Via Francesco Petrarca, 42",Lecce,,amministrazione@dogresrl.it,https,Angular,No,IT.Gate S.p.A.,70,90,92.00,Sì,No
Caf Unsic Patronato Enasc LEPORANO,Servizio di assistenza fiscale,,329 461 2233,"Via Estramurale, 530",Leporano,,,,,,,,,,,
Ufficio Anagrafe,Ufficio aziendale,,0836 489312,"Via Nicola Ferramosca, 2/4",Maglie,,,,,,,,,,,
Buffetti - Oltre la Carta Srl,Negozio di forniture per ufficio,http://www.oltrelacartalecce.it/,0832 246681,"Piazza Mazzini Giuseppe, 57",Lecce,,info@oltrelacartalecce.it,https,WordPress,Sì,Google LLC,63,98,85.00,Sì,No
Immigrazione Lecce,Ufficio aziendale,https://questure.poliziadistato.it/servizio/orari/5730dc9d1b0ab949510759,0832 6911,"Viale Oronzo Quarta, 24",Lecce,,dipps140.00l0@pecps.poliziadistato.it,https,ASP.NET,No,Akamai Technologies,72,97,83.00,Sì,No
Municipio di Lecce,Municipio,,0832 303293,"Via Francesco Rubichi, 1",Lecce,,,,,,,,,,,
DE SANTIS uffici.,Negozio di mobili per ufficio,http://www.desantisuffici.it/,0832 159 5117,"Viale Gioacchino Rossini, 96",Lecce,,,https,Shopify,Sì,Aruba S.p.A.,31,44,100.00,Sì,No
Posta Privata Guagnano,Servizi postali,,334 932 3434,"Via Provinciale, 172",Guagnano,,,,,,,,,,,
Agenzia D'Affari Lucifora,Ufficio patenti,,0831 725062,"Piazza Umberto I, 41",Latiano,,,,,,,,,,,
Agenzia Miglietta,Ufficio patenti,,0831 725913,"Via Roma, 1",Latiano,,,,,,,,,,,
Agenzia Librale Pratiche Automobilistiche,Ufficio patenti,,0831 728975,"Piazza Umberto I, 43",Latiano,,,,,,,,,,,
SNAM HUB SOCIALE,Spazio di coworking,https://www.snamhub.it/,329 972 4027,"Via de gasperi, 5",Guagnano,,staff@snamhub.it,https,WordPress,No,Google LLC,48,68,85.00,Sì,No
Senza Confini Poste Private,Servizi postali,,0831 726160,"Via della Libertà, 72",Latiano,,,,,,,,,,,
Centro Comunale Raccolta Rifiuti di Leporano,Servizio di raccolta rifiuti,https://www.impregico.it/leporano/,800 195 314,"Via Piantata Margherita, 5",Leporano,,,https,Shopify,Sì,Combell NV,56,83,92.00,Sì,No
A.C.S.I.,Ufficio aziendale,,347 985 6823,"Via Tarquinio Fuortes, 29",Latiano,,,,,,,,,,,
Centro per l'Impiego di Grottaglie - ARPAL Puglia,Centro per l'impiego,,099 224 8025,"Via Martiri D'Ungheria, 4",Grottaglie,,,,,,,,,,,
Ufficio Igiene e Sanità Pubblica,Servizio certificati medici,,099 860471,Via 1º Maggio,Grottaglie,,,,,,,,,,,
Comune di Grottaglie,Municipio,,099 56201,"Via Martiri D'Ungheria, 1",Grottaglie,,,,,,,,,,,
Dimensione Ufficio,Cartoleria,,099 561 1516,"Via Giuseppe Parini, 17",Grottaglie,,,,,,,,,,,
Maglie Ufficio Srl,Negozio di forniture per ufficio,,0836 428398,"Via Ernesto Sticchi, 38",Maglie,,,,,,,,,,,
Ufficio Postale di Grottaglie,Ufficio postale,,099 562 2349,"Via XXIV Maggio, 1",Grottaglie,,,,,,,,,,,
Info-Point Grottaglie,Centro informazioni turistiche,,099 562 0427,"Castello Episcopio, Largo Maria Immacolata",Grottaglie,,,,,,,,,,,
SAT UFFICIO SNC di Pascarito Rocco & C.,Negozio di computer,http://www.satufficiosnc.it/,0836 426579,"Via Piave, 69",Maglie,,satufficio@satufficiosnc.it,https,ASP.NET,No,Aruba S.p.A. Network,44,67,73.00,Sì,No
Comune di Latiano,Municipio,,0831 721 7111,"Via Cesare Battisti, 4",Latiano,,,,,,,,,,,
Associazione PRO LOCO LATIANO APS,Ufficio aziendale,http://www.prolocolatiano.it/,0831 727871,"Via Santa Margherita, 48",Latiano,,prolocolatiano@pec.it,https,React,No,Aruba S.p.A.,53,68,67.00,Sì,No
DE SANTIS uffici,Negozio di mobili per ufficio,http://www.desantisuffici.it/,0836 483132,"Via Salvatore Fitto, 46",Maglie,,,https,Shopify,Sì,Aruba S.p.A.,31,46,100.00,Sì,No
Posta Centrale - di Vestita Daniela,Ufficio postale,,099 661 1080,"Via Bari, 39",Grottaglie,,,,,,,,,,,
Comune Grottaglie,Municipio,,099 566 7363,"V.le Gianni Rodari, 30",Grottaglie,,,,,,,,,,,
"Distretto 6, Segreteria",Dipartimento della sanità pubblica,,099 860415,"Via Tiziano, 2A",Grottaglie,,,,,,,,,,,
ACI Delegazione-Agenzia Pratiche Auto G.P.,Ufficio patenti,,099 221 2090,"Via Guglielmo Marconi, 85",Grottaglie,,,,,,,,,,,
Sicuro Alfredo,Ufficio aziendale,,339 613 0367,"Via Dei Mille, 28",Martano,,,,,,,,,,,
Commissariato Grottaglie,Polizia di stato,https://questure.poliziadistato.it/servizio/commissariati/5730dc9d25539297985805,099 563 7411,"Via Palmiro Togliatti, 13",Grottaglie,,dipps181.00f0@pecps.poliziadistato.it,https,Shopify,No,Akamai Technologies,72,99,92.00,Sì,No
Comune di Martano,Municipio,,0836 575272,"Piazzetta Giacomo Matteotti, 12",Martano,,,,,,,,,,,
Poste italiane spa,Ufficio postale,,0836 424420,"Via Zimbalo Francesco, 1",Martano,,,,,,,,,,,
GAL Magna Grecia,Ufficio aziendale,http://galmagnagrecia.it/,099 566 7149,S.P. 83 per Monteiasi snc,Grottaglie,,galmagnagrecia@pec.it,https,Joomla,Sì,Aruba S.p.A. Network,36,85,100.00,Sì,No
MAST AGENZIA DI SERVIZI,Ufficio aziendale,,099 652 6589,"Via Martiri D'Ungheria, 19",Grottaglie,,,,,,,,,,,
CENTER OFFICE di De Marianis Luciano,Negozio di forniture per ufficio,https://www.centeroffice.net/,0836 572838,"Via Soleto, 164",Martano,,,https,WordPress,No,Aruba S.p.A. Network,61,99,92.00,Sì,No
Club ACI Storico Brindisi,Ufficio aziendale,http://clubastoracistoricobr.it/,335 754 3981,"Via Santa Margherita, 6/8",Latiano,,clubastor@libero.it,http,WordPress,Sì,SEEWEB s.r.l.,60,84,92.00,Sì,No
Polizia Municipale - Latiano,Vigile urbano,https://www.poliziamunicipale.it/comune/3320/latiano,0831 725014,"Via Alcide de Gasperi, snc",Latiano,,,https,Angular,No,Microsoft Corporation,57,75,83.00,Sì,No
DE.VI.SERVICE,Ufficio postale,,0836 301414,"Via Cesare Battisti, N°26",Martano,,,,,,,,,,,
Office Service spedizioni pacchi Martano,Spedizioni e corrispondenza,,351 015 7028,"Via Nizza, 14",Martano,,,,,,,,,,,
Comune Di Giurdignano,Municipio,,0836 813003,Via XXV Aprile,Giurdignano,,,,,,,,,,,
GMN Agenzia Pratiche Auto di Giuseppe D'Alba,Ufficio patenti,,347 525 2059,"Via Palermo, 10",Giurdignano,,,,,,,,,,,
PUGLIA MAIL SERVICES,Servizi postali,,366 591 2801,"Via Francesco de Virgilis, 15",Latiano,,,,,,,,,,,
Società Cooperativa San Francesco,Ufficio aziendale,http://sfrancescocoop.it/,371 133 5989,"Via Guglielmo Marconi, 76",Martano,,info@sfrancescocoop.it,https,React,No,Armada WAN,55,82,82.00,Sì,No
POLISPORTIVA DILETTANTISTICA LIZZANO 1996,Ufficio aziendale,,099 955 1139,"Via Mascagni Pietro, 18",Lizzano,,,,,,,,,,,
Agenzia Autopratiche Di Palombella Lucia,Ufficio patenti,,099 955 8215,"Via Silvio Pellico, 43",Lizzano,,,,,,,,,,,
Latiano Scavi,Impresa di scavi e demolizioni,https://www.latianoscavi.com/,320 968 5651,Via Salento,Latiano,,info@latianoscavi.com,https,WordPress,No,SEEWEB s.r.l.,67,96,85.00,Sì,No
ASL LE - DSS MARTANO,Ospedale pubblico,,0836 577669,Via Fratelli Cervi,Martano,,,,,,,,,,,
Falegnameria F.lli Zacheo,Ufficio aziendale,http://falegnameriazacheo.com/,0836 571186,Via F. Zimbalo,Martano,,info@falegnameriazacheo.com,https,ASP.NET,Sì,Armada WAN,55,53,92.00,Sì,No
Partito Democratico Circolo Di Lizzano,Partito politico,,340 294 7928,"Via Cesare Battisti, 5",Lizzano,,,,,,,,,,,
Scuola Elementare Statale A. Manzoni Sede Direzione,Scuola di educazione generale,,099 955 2079,"Piazza G. Matteotti, 11",Lizzano,,,,,,,,,,,
IsolaSalento,Ufficio aziendale,http://isolasalento.org/,0836 195 6311,"Piazza G. Matteotti, 12",Martano,,galisolasalento@gmail.com,https,WordPress,No,Fastweb Networks,55,66,85.00,Sì,No
Spazio Enel Partner - Lizzano,Azienda fornitrice di energia elettrica,,099 221 0354,"Via Dante Alighieri, 41",Lizzano,,,,,,,,,,,
Comune di Corsano,Municipio,,0833 531170,"Via della Libertà, 2",Corsano,,,,,,,,,,,
Sergi Lucia,Ufficio patenti,,0833 531197,"Via G. Carducci, 32",Corsano,,,,,,,,,,,
Caf Tricase Patronato e assistenza sociale,Associazione,,328 422 2143,"Via Fiume, 53",Corsano,,,,,,,,,,,
Europoste Di De Marco Mariagrazia,Ufficio postale,,0833 531237,"Via P. Mascagni, 8",Corsano,,,,,,,,,,,
UnipolSai Assicurazioni,Ufficio aziendale,,0833 531499,"Via V. Emanuele III, 27",Corsano,,,,,,,,,,,
Biblioteca di Comunità Piazza Coperta - Leverano Centrale,Biblioteca,,0832 726771,Piazza della Costituzione,Leverano,,,,,,,,,,,
Smile Pay - Poste SB,Servizi postali,,333 845 0459,"Via Ugo Foscolo, 38/A",Leverano,,,,,,,,,,,
Comando di Polizia Locale - Leverano,Vigile urbano,,0832 925171,"LE, Via Enrico Fermi, 16",Leverano,,,,,,,,,,,
Polizia Municipale - Lizzano,Vigile urbano,,099 955 8630,"Emanuele ll, 58,, Via Giuseppe di Vittorio",Lizzano,,,,,,,,,,,
Pro Loco Lizzano,Centro informazioni turistiche,https://www.prolocodilizzano.it/,099 593 5736,"Corso Vittorio Emanuele, 33",Lizzano,,prolocodilizzano@libero.it,https,WordPress,No,Aruba S.p.A. Network,61,84,92.00,Sì,No
Kemi Lab s.r.l.,Ufficio aziendale,,0832 923302,"Via Cutura, 36",Leverano,,,,,,,,,,,
Comune di Leverano,Municipio,,0832 923411,"Via C. Menotti, 14",Leverano,,,,,,,,,,,
Poste Italiane Leverano,Ufficio postale,,0832 923549,Via Filippo Turati,Leverano,,,,,,,,,,,
Comune di Lizzano in Belvedere,Municipio,,0534 51024,"Piazza Guglielmo Marconi, 6",Lizzano In Belvedere,,,,,,,,,,,
Delegazione ACI Leverano di Fanuli Antonio,Agenzia pratiche auto e barche,,0832 156 2770,"Via Leuca, 14",Leverano,,,,,,,,,,,
Ias Energy Società Cooperativa,Ufficio aziendale,http://www.iasenergy.it/,099 593 9712,"Via Isonzo, 37",Lizzano,,info@iasenergy.it,https,WordPress,No,Aruba S.p.A. Network,71,93,92.00,Sì,No
Italian Flora,Ufficio aziendale,https://www.italianflora.com/,328 916 9874,"Via Leonidion, 5",Martano,,info@italianflora.com,https,Shopify,No,Aruba S.p.A. Network,30,45,92.00,Sì,No
Comune di Martignano,Municipio,,0832 801254,Via Roma,Martignano,,,,,,,,,,,
DGL FOOD SERVICE srl Matino Cosimo,Ufficio aziendale,,349 417 0460,"Via Chieti, 4/A",Leverano,,,,,,,,,,,
Unione Dei Comuni Terre Del Mare E Del Sole,Ufficio statale,https://www.unioneterremaresole.ta.it/,099 955 1349,"Corso Europa, 37",Lizzano,,,https,React,Sì,Amazon Technologies Inc.,59,97,100.00,Sì,No
Infopoint turistico di Lizzano - ProLoco Lizzano,Centro informazioni turistiche,,099 955 6578,"Torre dell'Orologio, Largo Bino, 1",Lizzano,,,,,,,,,,,
Comune Di Lequile - Ufficio Tributi,Municipio,,0832 639112,"Largo S. Vito, 23",Lequile,,,,,,,,,,,
Comune Di Lequile,Municipio,,0832 633904,Largo S. Vito,Lequile,,,,,,,,,,,
La Nuova Cartoleria,Cartoleria,,375 840 1833,"Via S. Pietro in Lama, 33A",Lequile,,,,,,,,,,,
PatronatoCafLequile,Ufficio aziendale,,0832 639157,"Via S. Pietro in Lama, 67",Lequile,,,,,,,,,,,
Baidek Srl,Ufficio aziendale,https://baidek.it/,0833 578629,Via Veglie,Leverano,,info@baidek.com,https,Shopify,Sì,Google LLC,68,87,100.00,Sì,No
Kòmmi s.a.s.,Ufficio aziendale,,0832 631702,"Via Lecce, 45",Lequile,,,,,,,,,,,
The Best Farma,Ufficio aziendale,,392 940 2324,"Via Trieste, 15",Lequile,,,,,,,,,,,
Spedire Facile,Servizio di spedizione,,0832 633142,"Largo Castello, 5",Lequile,,,,,,,,,,,
SC SISTEMI,Ufficio aziendale,http://sistemimonitoraggio.it/,0833 531888,"Via N. Machiavelli, 24",Corsano,,info@sistemimonitoraggio.it,http,WordPress,Sì,Aruba S.p.A. Network,56,91,75.00,Sì,No
Sindacato Cisl Leverano,Ufficio aziendale,,327 715 5860,"Via Borgo Perrone, 2",Leverano,,,,,,,,,,,
Laboratorio Politico per il Terzo Settore Pugliese,Ufficio aziendale,http://laboratorioterzosettore.it/,392 981 8705,Via Campania,Corsano,,,http,ASP.NET,No,Aruba S.p.A. Network,0,0,90.00,Sì,No
Polizia Municipale - Lequile,Vigile urbano,https://www.poliziamunicipale.it/,0832 632112,"Via Trieste, 2a",Lequile,,,https,Angular,No,Microsoft Corporation,66,75,82.00,Sì,No
Associazione Pro Loco,Ufficio aziendale,http://prolocoleverano.it/,339 229 2449,"Via Giuseppe Perrone, 42",Leverano,,infoeventi@prolocoleverano.it,http,WordPress,No,Aruba S.p.A. Network,59,65,100.00,Sì,No
EASY OFFICE S.R.L.S.,Azienda informatica,http://easyofficesrls.com/,329 435 8982,"Via L. da Vinci, 34",Lequile,,,http,Joomla,No,Aruba S.p.A.,64,92,75.00,Sì,No
Demi Impianti di Esposito Daniele,Ufficio aziendale,,0832 522238,"Via S. Pietro in Lama, 44",Lequile,,,,,,,,,,,
Comune di Manduria,Municipio,,099 970 2201,SS7ter,Manduria,,,,,,,,,,,
Studio Quarta Infortunistica Stradale Recupero Danni,Ufficio aziendale,,338 724 1524,"Via XXIV Maggio, 87",Leverano,,,,,,,,,,,
C.I.A.,Ufficio aziendale,,099 973 8677,"Via Nicola Ricciotti, 44",Manduria,,,,,,,,,,,
Cantina Vecchia Torre - Uffici amministrativo e commerciale,Ufficio aziendale,http://www.cantinavecchiatorre.it/,0832 925053,"Via Marche, 1",Leverano,,info@cantinavecchiatorre.it,https,Joomla,Sì,Host SpA,51,61,85.00,Sì,No
Associazione Turistica Pro Loco Di Manduria,Centro informazioni turistiche,,099 979 6600,"Via Pietro Maggi, 5",Manduria,,,,,,,,,,,
Societ@ Italiana Autori Ed Editori S.I.A.E.,Ufficio postale,,099 971 3581,"Via Bruno Lupo Donato, 31",Manduria,,,,,,,,,,,
Comune Di Manduria 3 Circ. Did. Dirigente Sc. Materna,Ufficio dell'amministrazione comunale,,099 971 3994,"Via I Maggio, 3",Manduria,,,,,,,,,,,
Volley Leverano,Ufficio aziendale,http://volleyleverano.it/,328 649 2528,Via delle Rose,Leverano,,volleyleverano@libero.it,,ASP.NET,No,Aruba S.p.A.,0,66,77.00,Sì,No
Polizia di Stato Commissariato di P.S. Manduria,Polizia di stato,,099 971 3211,"Via Varrone Pirro, 4",Manduria,,,,,,,,,,,
Spazio Enel Partner - Lequile,Azienda fornitrice di energia elettrica,https://www.hydeale.it/dove-siamo/scheda/spazio-enel-partner-lequile/,0832 526297,"Via G. Carducci, 54",Lequile,,,https,WordPress,Sì,Server Plan S.r.l.,55,72,92.00,Sì,No
Comune di Lizzanello,Municipio,,0832 651782,"Piazza S. Lorenzo, 48",Lizzanello,,,,,,,,,,,
Polizia Locale - Manduria,Vigile urbano,https://www.poliziamunicipale.it/comune/2677/manduria,099 971 3983,Corte Schiavoni,Manduria,,,https,Angular,No,Microsoft Corporation,59,76,83.00,Sì,No
Rolesco Srl - San Cesareo di Lecce,Ufficio aziendale,,0832 205914,"Via Vincenzo Zanchi, 4",Lequile,,,,,,,,,,,
Affiliato Tecnocasa Studio Mesagne Centro S.R.L.,Agenzia immobiliare,,099 450 1147,"Corso XX Settembre, 13",Manduria,,,,,,,,,,,
Pastore Alessandro,Ufficio aziendale,,347 879 5807,"Via Caserta, 33",Lizzanello,,,,,,,,,,,
POSTACENTRALE LIZZANELLO,Ufficio postale,,0832 194 5321,"Piazza S. Lorenzo, 41",Lizzanello,,,,,,,,,,,
FioritaGroup Srl,Ufficio aziendale,http://fioritagroup.it/,389 645 8780,Via Preti di Campi,Lequile,,info@fioritagroup.it,https,WordPress,Sì,Aruba S.p.A.,56,75,100.00,Sì,No
Municipio di Manduria (ta),Municipio,,099 970 2111,Piazza Garibaldi,Manduria,,,,,,,,,,,
Carabinieri • Comando Stazione Lizzanello,Arma dei Carabinieri,,0832 651010,"Via Circonvallazione, 40",Lizzanello,,,,,,,,,,,
ASL Distretto Manduria,Dipartimento della sanità pubblica,,099 800266,Via Pio la Torre,Manduria,,,,,,,,,,,
Istituto Comprensivo Di Materna Elementare E Media,Scuola pubblica,,0832 651082,"Via della Libertà, 42",Lizzanello,,,,,,,,,,,
Infotech,Assistenza computer,http://www.infotechcomputers.it/,334 694 1936,"Via Antonio Gramsci, 33",Lizzanello,,,http,ASP.NET,No,Aruba S.p.A. Network,87,100,91.00,Sì,No
Spazio Enel Partner Manduria,Azienda fornitrice di energia elettrica,,099 450 6018,"Via Antonio Bruno, 89A",Manduria,,,,,,,,,,,
Stil Carta S.R.L.,Cartoleria,http://www.stilcarta.com/,0832 651049,"Via Camillo Benso Conte di Cavour, 53",Lizzanello,,stilcarta@gmail.com,https,React,No,Passepartout s.a.,39,74,92.00,Sì,No
SALENTO SECURITY SRL,Ufficio aziendale,,0832 623756,"V.Montenegro, 5",Lizzanello,,,,,,,,,,,
SGS Outsourcing,Ufficio aziendale,http://www.sgsoutsourcing.it/,392 366 0040,"Corso della Repubblica, 12",Lizzanello,,info@sgsoutsourcing.it,https,WordPress,Sì,Hetzner Online GmbH,37,51,92.00,Sì,No
Ideal,Pasticceria,,0832 825545,"Via Castri, 1",Caprarica di Lecce,,,,,,,,,,,
Presidio Polizia Locale - Distaccamento Castellaneta Marina,Vigile urbano,,099 849 7219,"13 Piazza Kennedy, Castellaneta, TA 74011",Castellaneta,,,,,,,,,,,
Curia Vescovile Diocesi di Castellaneta,Chiesa cattolica,,099 844 1421,Piazza Federico de Martino,Castellaneta,,,,,,,,,,,
3DC MULTISERVICE,Ufficio aziendale,,333 774 0760,"Via Ludovico Ariosto, 4",Castrignano del Capo,,,,,,,,,,,
Confeuro Castrignano Caf Patronato Labor,Servizio di assistenza fiscale,http://www.confeurocastrignano.com/,347 669 8599,"Via Vittorio Emanuele II, 34",Castrignano del Capo,,,https,React,No,"Cloudflare, Inc.",75,95,100.00,Sì,No
Agenzia Monaco,Ufficio postale,,0831 383375,"Via Balilla, 48",Ceglie Messapica,,,,,,,,,,,
Agenzia Nacci Di Nacci Giuseppe,Ufficio patenti,https://www.nacciservice.it/,0831 382166,"Via Milano, 38",Ceglie Messapica,,nacciservice@libero.it,https,Shopify,No,Aruba S.p.A. Network,51,87,92.00,Sì,No
400 Il Ristorantino,Ristorante di pesce,,350 085 1089,"Piazza S. Nicola, 19",Corigliano d'Otranto,,,,,,,,,,,
Marta.ink,Ufficio aziendale,,347 152 4155,"Piazza Castello, 1",Corigliano D'otranto,,,,,,,,,,,
Migro Cash&Carry - Corigliano d'Otranto,Cash and carry,http://migro.it/,0836 660516,"S.S. 16 bis (Lecce) Maglie - Lecce, km 975, 300",Corigliano d'Otranto,,molfetta@migro.it,https,React,No,Serverplan s.r.l.,53,46,91.00,Sì,No
Rumors,Ufficio aziendale,http://www.rumorsweb.it/,333 927 0896,"Via Umberto I, 6",Corigliano d'Otranto,,,https,Joomla,No,"Amazon.com, Inc.",66,64,92.00,Sì,No
Olo Kalò,Ristorante,http://www.olokalo.com/,333 846 6367,"Via Umberto I, 5",Corigliano D'otranto,,info@olokalo.com,https,WordPress,No,Aruba S.p.A.,57,73,77.00,Sì,No
S.V.F. s.r.l.,Ufficio aziendale,,099 811 4431,"Via della Valle, 12",Crispiano,,,,,,,,,,,
Istituto comprensivo Madonna Della Camera Shkanderbeg,Scuola pubblica,,099 591 2169,"Via Giuseppe Verdi, 48",Faggiano,,,,,,,,,,,
Scuola secondaria di primo grado Giovanni Pascoli,Scuola pubblica,,0831 767645,"Via Giovanni Boccaccio, 13",Erchie,,,,,,,,,,,
Sev S.p.A. Gruppo Iren - Fasano,Ufficio aziendale,https://www.seviren.it/,080 245 6166,"Via Giardinelli, 55",Fasano,,,https,ASP.NET,Sì,Aruba S.p.A. Network,53,52,100.00,Sì,No
GnosiAmo,Ufficio aziendale,,06 445 7497,Via Borgo Murtole,Minervino di Lecce,,,,,,,,,,,
INFO POINT - Pro Loco Giurdignano,Associazione / Organizzazione,,340 798 8635,Piazza Municipio,Giurdignano,,,,,,,,,,,
Polizia Locale - Grottaglie,Vigile urbano,,099 562 0224,"Via Martiri D'Ungheria, 1",Grottaglie,,,,,,,,,,,
Bagnato Teloni,Ufficio aziendale,http://bagnatoteloni.it/,388 368 8086,"Via Alessandria, 7",Racale,,,http,React,No,Aruba S.p.A.,66,73,85.00,Sì,No
D.VANT S.R.L,Ufficio aziendale,,327 248 0616,"Via Toscana, 35",Leverano,,,,,,,,,,,
STUDIO TARANTINO,Ufficio patenti,,0832 910102,"Via dei Tigli, 44",Leverano,,,,,,,,,,,
Manco s.r.l,Alimentari,,0833 908181,"Via Bengasi, 26",Racale,,,,,,,,,,,
Servico Srl,Municipio,,099 888 5855,"Contrada Lama D'erchia, Palagiano, TA 74019",Palagiano,,,,,,,,,,,
Bracciale Luciano,Ufficio patenti,,0832 782831,"Via Gennaro Abbate, 50",Squinzano,,,,,,,,,,,
Agenzia Pratiche Auto Spalluto Rossana,Ufficio patenti,,0832 786226,"Via A. Diaz, 71",Squinzano,,,,,,,,,,,
Happy Casa Store Tricase,Casalinghi,,0833 771723,"Via Aldo Moro, 3",Tricase,,,,,,,,,,,
Expert Distante Surbo,Negozio di elettrodomestici,,0832 308442,Strada Provinciale Lecce,Surbo,,,,,,,,,,,
OFF ON,Negozio,,324 908 0602,"Via Giuseppe Parini, 14",Villa Castelli,,,,,,,,,,,
Shop e Office Registratori di Cassa Telematici a Brindisi e Provincia,Negozio di mobili,,339 827 5539,"Via Bari, 33/A",Brindisi,,,,,,,,,,,
Ufficio PRA di Brindisi,Servizi pubblici,,0831 435811,"Via Dalmazia, 31",Brindisi,,,,,,,,,,,
Objectway Brindisi,Ufficio,https://www.objectway.com/,02 8980 0709,"Via Danimarca, 4",Brindisi,,,https,React,Sì,VODAFONE,59,77,92.00,Sì,No
Carabinieri • Comando Compagnia Campi Salentina,Arma dei Carabinieri,,0832 721500,Viale de Palma N. Medaglia D'Oro,Campi Salentina,,,,,,,,,,,
Cantine Due Palme Show Room Campi Salentina,Negozio,https://www.cantineduepalme.wine/it/negozi,347 548 7759,"Viale Nino di Palma, 7",Campi Salentina,,info@cantineduepalme.it,https,PrestaShop,Sì,Aruba S.p.A.,49,87,83.00,Sì,No
Officebook di Tagliente Rosa,Edicola,,334 700 8249,"Via Vittorio Veneto, 6",Cisternino,,,,,,,,,,,
TEAM SERVICE,Ufficio aziendale,https://www.team-service.it/negozi/47-,0831 819564,"Via Municipio, 1/A",Francavilla Fontana,,ts90@team-service.it,https,PrestaShop,No,Server Plan S.r.l.,63,81,92.00,Sì,No
d'Amuri Service - Attrezzature e Assistenza per la Ristorazione,Ufficio aziendale,http://www.damuriservice.it/,392 332 7490,"Via Francesco Baracca, 69",Francavilla Fontana,,antoniodamuri@supereva.it,http,ASP.NET,No,Aruba S.p.A. Network,100,100,91.00,Sì,Sì
Ambito Territoriale Sociale n° 3 AUSL BR/1,Associazione / Organizzazione,http://ambitofrancavillafontana.it/,0831 097085,"Via Matteotti, 6",Francavilla Fontana,,,https,ASP.NET,No,Host SpA,66,94,83.00,Sì,No
Proloco Francavilla Fontana,Centro informazioni turistiche,,0831 820436,"Piazza Antonio Dimitri, 4",Francavilla Fontana,,,,,,,,,,,
Italegi 91 Srl,Ufficio aziendale,https://www.italegi91.it/,0831 815505,"Via Palmiro Togliatti, 55",Francavilla Fontana,,info@italegi91.it,https,WordPress,Sì,Aruba S.p.A.,56,68,69.00,Sì,No
Programma Sviluppo Francavilla Fontana,Centro di formazione,http://www.programmasviluppo.it/,0831 841076,"Via Immacolata, 64",Francavilla Fontana,,info@programmasviluppo.it,https,WordPress,No,Netsons Network,54,64,85.00,Sì,No
AZ Office,Azienda informatica,,360 918 910,"Via Giovanni Laterza, 7",Bari,,,,,,,,,,,
Apps Assistance & Services,Azienda informatica,,099 400 2521,"Via Tenente G. Natile, 10",Laterza,,,,,,,,,,,
Half Store Laterza,Negozio di casalinghi orientali,,388 629 7997,"Via Cristoforo Colombo, 152",Laterza,,,,,,,,,,,
Sistemi Ufficio di Santoro Rocco & C. s.n.c.,Fornitore di attrezzature per l'ufficio,,0836 564061,"Corso Armando Diaz, 16",Galatina,,,,,,,,,,,
D.L. Servizi,Servizi di consulenza fiscale,https://www.servizilaterza.it/,099 222 8780,"Via Cesare Battisti, 22",Laterza,,liotino1@hotmail.com,https,WordPress,Sì,IONOS SE,70,96,85.00,Sì,No
Palazzo Bardoscia Sede Ufficio Direzione Territorio Ed Ambiente,Ufficio aziendale,,0836 633111,"Corso M. d'Enghien, 42",Galatina,,,,,,,,,,,
Key Door,Ufficio aziendale,https://www.keydoor.it/,0836 564528,"Via XX Settembre, 13",Galatina,,info@keydoor.it,https,ASP.NET,No,Aruba S.p.A,56,76,91.00,Sì,No
Corner PosteMobile Galatina,Ufficio aziendale,http://www.postemobile.it/,0836 638637,Piazza Cesari Fortunato,Galatina,,mario.rossi@gmail.com,https,ASP.NET,Sì,Microsoft Corporation,60,98,85.00,Sì,No
Level Project,Ufficio aziendale,http://www.levelprojectitalia.com/,0836 543036,"Via Lecce, 86",Galatina,,,https,React,No,Aruba S.p.A.,56,79,100.00,Sì,No
Spazio Enel Partner Laterza,Consulente,https://www.ideasrlenergia.it/spazi-vendita/spazio-laterza/?utm_source=google&utm_medium=GMBSitelink&utm_campaign=GMBSitelink_Laterza_5FS,099 450 2084,"Via Giacomo Puccini, 39",Laterza,,,https,WordPress,Sì,Aruba S.p.A.,37,6,92.00,Sì,No
Tekno Copy,Cartoleria,,099 671 4884,"Viale Martiri d'Ungheria, 10",Ginosa,,,,,,,,,,,
Sage Market di Losavio Gaetano,Servizio di logistica,https://www.fermopoint.it/punto-di-ritiro-e-di-spedizione-pacchi/sage-market-11038,099 641 4530,"Via stromboli, angolo, Via Avola",Ginosa,,,https,Angular,No,Microsoft Corporation,62,86,92.00,Sì,No
Maldarizzi ristrutturazioni,Ufficio aziendale,,348 953 6553,"Via Risorgimento, 90",Mottola,,,,,,,,,,,
CONFRATERNITA DI SANT’ANTONIO DI PADOVA,Ufficio aziendale,http://confraternitasantantoniomottola.it/,099 886 3083,Via R.llo da Urbino 13,Mottola,,,https,WordPress,No,Aruba S.p.A.,61,87,100.00,Sì,No
Confraternita di Sant'Antonio di Padova,Ufficio aziendale,http://confraternitasantantoniomottola.it/,393 412 4001,"Via Giuseppe Mazzini, 10",Mottola,,,https,WordPress,No,Aruba S.p.A.,61,87,100.00,Sì,No
Tabaccheria Latino,Tabaccheria,,0836 618252,"Via Dante Alighieri, 64",Neviano,,,,,,,,,,,
Comune di Neviano degli Arduini,Municipio,,0521 843110,"Piazza IV Novembre, 1",Neviano degli Arduini,,,,,,,,,,,
Le Pizzecate,Pizzeria,,388 806 4254,"VIa Lazio, 16",San Cesario di Lecce,,,,,,,,,,,
In Onda,Negozio di prodotti di bellezza,,0832 202574,"Via Ferrovia, 37",San Cesario di Lecce,,,,,,,,,,,
Bar NUMERO 14,Bar caffè,,327 652 9069,"Via Croce di Lecce, 14",San Cesario di Lecce,,,,,,,,,,,
Albanese Arredamenti,Negozio di mobili,http://www.arredamentialbanese.it/,0832 205471,"Via Umbria, 23/28",San Cesario di Lecce,,creostorelecce@libero.it,https,Joomla,Sì,Keliweb S.R.L,55,42,92.00,Sì,No
Rays-Sud - Studio Radiologico,Centro di diagnostica per immagini,http://www.rays-sud.it/,0831 635882,"Via Cellino, 9",San Donaci,,info@rays-sud.it,https,ASP.NET,Sì,COLT Internet IT,33,34,77.00,Sì,No
CREPERIA DOLCE VITA,Creperia,,327 201 7453,Via Roma,Santa Cesarea Terme,,,,,,,,,,,
En-pló,Bar,,320 062 6744,"Via Roma, 51",Santa Cesarea Terme,,,,,,,,,,,
Santa Cesarea Terme B&B,Bed & Breakfast,http://www.santacesareatermebb.com/,344 233 6251,"Via Sele, 9",Santa Cesarea Terme,,,https,ASP.NET,No,Armada WAN,66,97,100.00,Sì,No
Centro Commerciale Globus Santa Cesarea Terme,Centro commerciale,,0836 958581,Via Estramurale Nord,Vitigliano,,,,,,,,,,,
Albergo Palazzo - Terme e Centro Benessere,Hotel,https://www.albergopalazzo.it/,0836 944316,"Via Roma, 237",Santa Cesarea Terme,,info@albergopalazzo.it,https,Shopify,Sì,OVH SAS,48,62,92.00,Sì,No
IAT ufficio Torre San Giovanni,Ufficio comunale del turismo,,0833 557355,"Via Giano Bifronte, 10",Torre San Giovanni,,,,,,,,,,,
Eurocasa Detersivi e Casalinghi,Casalinghi,https://www.eurocasashop.it/,0831 746091,"Via Don Oronzo Elia, 7",Torre Santa Susanna,,info@eurocasashop.it,https,PrestaShop,No,Server Plan S.r.l.,54,53,92.00,Sì,No
Line srl,Negozio di mobili per ufficio,http://www.linemobili.it/,0833 193 8061,Via Capitano Ugo Giannuzzi,Ugento,,info@linemobili.it,https,Wix,No,Keliweb S.R.L,63,80,92.00,Sì,No
Pro Loco Calimera,Centro informazioni turistiche,,0832 872412,"Via S. Giovanni Bosco, 14",Calimera,,,,,,,,,,,
Calimera (Le),Casa per vacanze,,328 284 5143,"Via P. Lefons, 5",Calimera,,,,,,,,,,,
Dierre Arredamenti - Arredamento Lecce,Negozio di mobili,http://www.dierrearredamenti.it/,0832 875015,"Via Europa, 135",Calimera,,,https,Joomla,No,Aruba S.p.A.,88,76,75.00,Sì,No
Parrucchiere Revolution Team Delle Donne,Salone da parrucchiere,,0832 825035,"Via Lecce, 81",Caprarica di Lecce,,,,,,,,,,,
Bar Marvel,Bar,,338 579 0966,"Corso Europa, 18",Caprarica di Lecce,,,,,,,,,,,
"Masseria Stali, The Originals Relais",Hotel,https://www.masseriastali.it/?utm_campaign=uberall&utm_source=googlelisting&utm_medium=organic,327 206 7806,"Via vicinale, Via Cisterna Vecchia, 8",Caprarica di Lecce,,info@masseriastali.it,https,React,Sì,Google LLC,66,88,92.00,Sì,No
ELETTRONICA CENTER di Greco Francesco,Negozio di telefoni cellulari,,0832 822212,"Via IV Novembre, 69",Caprarica di Lecce,,,,,,,,,,,
Ufficio informazioni e accoglienza turistica,Centro informazioni turistiche,,0836 943340,Via Dante,Castro,,,,,,,,,,,
Poste Italiane - Ufficio Postale Di Castro,Ufficio postale,,0836 943018,"Via di Mezzo, 34",Castro,,,,,,,,,,,
Comune di Castro,Municipio,,0836 947005,"Via di Mezzo, 27",Castro,,,,,,,,,,,
Navetta Gallipoli Gio',Servizio di navetta con l'aeroporto,http://www.navettagallipoligio.it/,349 132 0783,"Corso Italia, 31",Gallipoli,,gionavettagallipoli@gmail.com,https,WordPress,No,Aruba S.p.A.,66,89,100.00,Sì,No
CENTRO MEDICO | My Medical Center,Studio medico,http://mymedcenter.it/,388 751 4975,"Via Galatina, 3",Copertino,,info@mymedcenter.it,https,React,No,IT.Gate S.p.A.,57,80,85.00,Sì,No
Polizia Locale - Comando di Martina Franca,Polizia giudiziaria,https://martinafranca.etrasparenza.it/archivio13_strutture-organizzative_0_14836_0_1.html,080 483 6221,Piazza Filippo d'Angiò,Martina Franca,,polizialocale@comune.martinafranca.ta.it,https,Duda,Sì,Seeweb s.r.l,80,98,100.00,Sì,No
Eurospin - San Giorgio Ionico,Negozio di alimentari,,045 786 2000,Via Roma,San Giorgio Ionico,,,,,,,,,,,
Chiesa Madre dei Santi Pancrazio e Francesco d'Assisi,Chiesa cattolica,,0831 666085,Piazza Umberto I°,San Pancrazio Salentino,,,,,,,,,,,
Pubblica Assistenza San Pancrazio Salentino,Associazione / Organizzazione,,368 743 6467,"Via dei Gerani, 42",San Pancrazio Salentino,,,,,,,,,,,
Tipografia Pellegrino,Servizio di stampa digitale,,360 625 144,"Via Mesagne, 32",San Pancrazio Salentino,,,,,,,,,,,
Cartolibreria 2000 Di Grasso Pancrazio,Cartoleria,,320 249 3220,"Via Sant'Antonio, 58",San Pancrazio Salentino,,,,,,,,,,,
Gruppo Appartamento Paragoghè,Negozio,http://www.gruppoartemide.it/,0831 729246,"Via S. G. Bosco, 12",San Pancrazio Salentino,,,https,WordPress,No,Aruba S.p.A.,57,77,92.00,Sì,No
LUXURY GARAGE SRL,Rivenditore di auto,http://www.luxurygaragesrl.com/,0831 666190,"Via S. Donaci, 1",San Pancrazio Salentino,,luxurygaragesrl@gmail.com,https,ASP.NET,Sì,Simply Transit Ltd,40,68,91.00,Sì,No
Spazio Enel Partner San Pancrazio Salentino,Azienda fornitrice di energia elettrica,https://www.smartpeoplesrl.it/?utm_source=google&utm_medium=GMBSitelink&utm_campaign=GMBSitelink_San_Pancrazio_Salentino_71K,0831 562160,"Corso Umberto I°, 218",San Pancrazio Salentino,,info@smartpeoplesrl.it,https,Shopify,Sì,Hetzner Online GmbH,68,94,92.00,Sì,No
Dr Gatto Patrizio Cardiologo,Studio medico,,333 507 5480,"Via Nunzio Convertino, 7b",Massafra,,,,,,,,,,,
Guida francofona-Guide francophone Matera,Centro informazioni turistiche,https://matera.altervista.org/,328 259 3030,"Vico II, Vico I Santi Medici, 9",Massafra,,angelotraverso.it@gmail.com,https,WordPress,No,Hetzner Online GmbH,84,99,85.00,Sì,No
School and office di Pagliara Andrea,Negozio di cartucce per stampanti,,348 822 4139,"Via Ugo Foscolo, 5",Massafra,,,,,,,,,,,
Basico_working,Spazio di coworking,,320 452 1706,"Via Giuseppe Verdi, 9",Melendugno,,,,,,,,,,,
Associazione Pro Loco Borgagne,Centro informazioni turistiche,,0832 811665,"Via Venezia, 0",Melendugno,,,,,,,,,,,
Edit - centro servizi info-telematici,Copisteria,,0831 734909,"Via Guglielmo Marconi, 86",Mesagne,,,,,,,,,,,
Salento Forniture Di Greco Donato E Troisi Tiberio Snc,Ferramenta,,0833 588825,"Via Casarano, 90",Melissano,,,,,,,,,,,
Dr. GIULIANO SETTEMBRINI OTORINOLARINGOIATRA,Studio medico,,366 184 9995,"Via, Piazza Vecchia, 18",Melissano,,,,,,,,,,,
L'angolo delle Idee,Cartoleria,,340 540 6529,"LE, Via Giuseppe Mazzini, 51",Melissano,,,,,,,,,,,
Eco Store,Negozio di cartucce per stampanti,https://www.ecostore.it/store/eco-store-mesagne/?utm_source=googlemybusiness&utm_campaign=localmarketing&utm_medium=localrecord,0831 778929,"Via Tenente Ugo Granafei, 189",Mesagne,,mesagne@ecostore.eu,https,WordPress,No,Intesys Networking S.r.l,43,56,85.00,Sì,No
Punto carta Mesagne,Discount,https://puntocartamesagne.com/,340 555 4524,"Via S.Donaci, 25",Mesagne,,info@puntocartamesagne.com,https,React,No,Host SpA,78,90,85.00,Sì,No
Brigros Melissano,Negozio di bricolage,http://www.brigros.com/,0833 587493,Strada Prov.le Melissano-Racale Km 1 Melissano,Melissano,,,https,React,Sì,Passepartout s.a.,51,64,92.00,Sì,No
AD SERVICE DI ANNALISA DESTRATIS,Servizi postali,,339 811 5211,"Via Tripoli, 1",Sava,,,,,,,,,,,
Cartoon,Cartoleria,,0833 169 6717,"Via 11 Febbraio, 9",Sannicola,,,,,,,,,,,
Comune di San Nicola Arcella,Municipio,,0985 3218,"Via Nazionale, 5",San Nicola Arcella,,,,,,,,,,,
Dermosistemi - Isopharma Cosmetics Srl,Industria cosmetica,http://www.dermosistemi.com/,0833 233038,"Via Braccianti dell'Arneo, 2",Sannicola,,,https,React,Sì,OVH SAS,65,91,92.00,Sì,No
ISTITUTO COMPRENSIVO TAURISANO,Scuola pubblica,,0833 621517,Via Negrelli,Taurisano,,,,,,,,,,,
AP Infolab | Negozio di informatica di Antonio Ponzetta,Azienda informatica,,347 113 1224,"Via A. de Pace, 33/A",Taurisano,,,,,,,,,,,
Elektrospeed,Fornitore di attrezzature per la stampa,http://www.elektrospeed.com/,0833 625003,"Via Lecce, 14",Taurisano,,,https,WordPress,Sì,Netsons Network,78,74,92.00,Sì,No
gran bazar,Casalinghi,,327 080 7694,"Via Trieste, 46",Specchia,,,,,,,,,,,
IDEA SHOPPING,Casalinghi,,347 832 3971,"Via Pisanelli, 11",Specchia,,,,,,,,,,,
Doctor Pc,Negozio di computer,,0833 535366,"Via Ugo Bassi, 6",Specchia,,,,,,,,,,,
Layout Grafica Stampa,Progettista grafico,http://layoutgrafica.it/,0833 539048,"Via Benedetto Croce, 7",Specchia,,,http,Basekit,No,Aruba S.p.A.,43,70,100.00,Sì,No
Tendilfer Di Sanapo Rocco,Ferramenta,,0833 539660,"Via Trieste, 32",Specchia,,,,,,,,,,,
Associazione Turistica Pro Loco,Associazione / Organizzazione,,0833 569086,"Via Silvio Pellico, 34",Porto Cesareo,,,,,,,,,,,
Merenda Francesco,Cartoleria,,0833 596447,"P.za Garibaldi, 39",Tuglie,,,,,,,,,,,
"IQOS PARTNER - Medilux di Magagnino Luigi, Alezio",Tabaccheria,,0833 281631,"Via Raggi, 28",Alezio,,,,,,,,,,,
Affittacamere ITACA,Appartamento vacanze,,329 337 3888,"Largo Pozze, 13",Carpignano Salentino,,,,,,,,,,,
Sev S.p.A. Gruppo Iren - Martina Franca,Ufficio aziendale,https://www.seviren.it/,080 865 0613,"Via Giosuè Carducci, 5",Martina Franca,,,https,Shopify,Sì,Aruba S.p.A. Network,27,49,100.00,Sì,No
INFO.NET the Future of Gaming,Negozio di computer,https://www.infonetonline.org/,099 566 8667,"Via Leoncavallo, 26",Grottaglie,,info@infonetonline.org,https,React,Sì,IT.Gate S.p.A.,53,80,100.00,Sì,No
StoreAuto s.r.l. Commissionaria Multibrand,Ufficio aziendale,,349 711 2778,Largo Stazione,Matino,,,,,,,,,,,
Digital Print Services Di Riso Antonio & C. Sas,Tipografia digitale,http://www.dpsmatino.it/,0833 305126,"Via Roma, 23",Matino,,info@dpsmatino.it,https,Shopify,No,Servereasy Srl,63,83,92.00,Sì,No
Istituto Comprensivo Miggiano,Istituto d'istruzione,,0833 761180,"Via Giuseppe Mazzini, 46",Miggiano,,,,,,,,,,,
Dgr Italia,Stamperia,http://www.dgritalia.it/,0833 691639,Via Monti del Sala,Miggiano,,info@dgritalia.it,https,ASP.NET,No,Server Plan S.r.l.,65,85,92.00,Sì,No
LUCART SRL,Magazzino all'ingrosso,,0831 671599,"Via Mesagne, 75",San Pietro Vernotico,,,,,,,,,,,
Agenzia Pinto di Angelo Vetroni Consulenza Automobilistica e Sub-Agenzia Assicurativa,Ufficio patenti,,324 980 6467,"Via Giuseppe Mazzini, 49",San Pietro Vernotico,,,,,,,,,,,
La Casa di Carta,Cartoleria,http://kasadikarta.com/,0831 367394,"Via Lecce, 107",San Pietro Vernotico,,info@kasadikarta.com,https,PrestaShop,No,WHG Hosting Services Ltd,60,84,100.00,Sì,No
Colluto Salvatore - Impianti,Ditta specializzata in impianti di riscaldamento,,0836 904606,"Via Pitagora,1 Zona Industriale",Poggiardo,,,,,,,,,,,
Studio Dermatologico Dr. Massimo Gravante,Studio medico,,0836 901840,"Via Monte Li Gatti, 2",Poggiardo,,,,,,,,,,,
Unieuro Poggiardo,Negozio di elettrodomestici,http://www.pucemariavirginia.com/?utm_source=google&utm_medium=GMBSitelink&utm_campaign=GMBSitelink_Poggiardo_EC00000001894,0836 901167,"Via Michelangelo Buonarroti, 6",Poggiardo,,magazzinipuce@inwind.it,https,WordPress,No,Keliweb S.R.L,80,95,83.00,Sì,No
SCARCIA - Centro TIM,Negozio di telefoni cellulari,,0833 727604,"Via Roma, 149 Loc - Presicce",Presicce-Acquarica,,,,,,,,,,,
RAW EXPRESS,Servizio di spedizione merci,https://www.rawexpress.it/,0833 721523,"Via Roma, 15",Presicce-Acquarica,,amministrazione.rawexpress@gmail.com,https,React,Sì,OVH SAS,42,63,91.00,Sì,No
Centro Casalinghi,Casalinghi,,331 969 4986,"SS 16, 75",Squinzano,,,,,,,,,,,
Tempesta Home,Negozio di biancheria,https://www.tempestahome.it/,0833 762015,"Via Papa Pio XII, 22",Montesano Salentino,,nome@dominio.com,https,Shopify,Sì,"Cloudflare, Inc.",46,61,100.00,Sì,No
Agrimaglie,Fornitore di trattori e macchine agricole,http://www.agrimaglie.it/,0833 763087,"Via della Libertà, 103",Montesano Salentino,,info@pec.agrimaglie.it,https,Angular,No,Aruba S.p.A.,63,92,92.00,Sì,No
Gasm srl,Noleggio di uffici virtuali,https://gasmsrls.it/,347 163 3868,"Via Michele Buongiorno, 25",Latiano,,info@gasmsrls.it,https,ASP.NET,No,OVH SAS,68,96,82.00,Sì,No
TEKNO BIT,Assistenza computer,http://www.teknobit.it/,0831 721188,"Via Francavilla, 28",Latiano,,pcsapiens@gmail.com,https,ASP.NET,No,Aruba S.p.A.,67,93,83.00,Sì,No
Cartolibreria Urgese Davide,Cartoleria,,389 520 7226,"Via Colonnello Montanaro, 67",Latiano,,,,,,,,,,,
Computer Point snc di Leuzzi Paolo e De Donno Armando,Negozio di computer,,349 147 8350,"Via Ercole D'Ippolito, 17",Latiano,,,,,,,,,,,
OLISERVICE SNC,Negozio di forniture per fotocopiatrici,https://oliservice629234905.wordpress.com/,0831 721232,"Via Cavour, 12",Latiano,,oliservis@libero.it,https,WordPress,No,"Automattic, Inc",77,96,100.00,Sì,No
La Coccinella - Cartolibreria,Cartoleria,,0833 193 4007,"Via della Libertà, 34",Corsano,,,,,,,,,,,
Carabinieri • Comando Stazione Corsano,Arma dei Carabinieri,,0833 533664,"Via Pietro Micca, 9/A",Corsano,,,,,,,,,,,
Cartoleria D'Otranto,Cartoleria,,0836 802252,"Via S. Giovanni, 59",Otranto,,,,,,,,,,,
MusicEmpire,Ufficio aziendale,,393 926 9969,"SS366, 1/F",Otranto,,,,,,,,,,,
Dolci tentazioni siciliane,Fast food,,342 963 2832,"Via Vittorio Veneto, 2",Castrignano del Capo,,,,,,,,,,,
Zerodistanze - Servizi postali integrati,Ufficio postale,http://www.zerodistanze.it/,080 968 1318,"Via Pasteur, 19",Fasano,,,https,ASP.NET,No,OVH SAS,61,65,82.00,Sì,No
Giemme Motori S.R.L.,Negozio di ricambi per auto,,0831 618578,"Via Sicilia, 2",Cellino San Marco,,,,,,,,,,,
Allegrini Confezioni,Azienda di confezionamento,,392 959 2799,"Via G. Galilei, 85",Cellino San Marco,,,,,,,,,,,
B&B Colori del Salento,Bed & Breakfast,,328 414 8736,"Via Guglielmo Marconi, 14",Cellino San Marco,,,,,,,,,,,
InDue Store,Negozio di intimo,http://www.induestore.it/,373 853 5331,"Via S. Marco, 28",Cellino San Marco,,,http,ASP.NET,No,Aruba S.p.A. Network,100,100,80.00,Sì,No
"Dr. Buccolieri Francesco, Oculista",Studio medico,,099 956 1039,"Via C. Battisti, 156",Fragagnano,,,,,,,,,,,
ISEA S.r.l.,Negozio di segnaletica,http://www.iseasegnaletica.it/,099 956 1651,"S.P. 117 km. 0,100 Zona Industriale",Fragagnano,,,,Joomla,No,Aruba S.p.A,80,99,100.00,Sì,No
a6mani,Ufficio aziendale,http://a6mani.com/,348 555 6193,"Via Taranto-Lecce, 70",Fragagnano,,info@a6mani.com,https,WordPress,No,Serverplan s.r.l.,33,45,54.00,Sì,No
Sistea Società Cooperativa,Centro di formazione,http://www.sistea.it/,099 956 1523,"Via per Torricella, Zona Industriale, Lotto 22",Fragagnano,,info@sistea.it,https,WordPress,Sì,Aruba S.p.A.,56,78,85.00,Sì,No
Cartogi,Cartoleria,https://www.cartogi.net/,099 956 4320,"Via Galileo Galilei, 21",Fragagnano,,,https,WordPress,No,Aruba S.p.A. Network,45,47,85.00,Sì,No
Carabinieri Comando Stazione Montemesola,Arma dei Carabinieri,,099 566 0379,"Via Molinelle, 16",Montemesola,,,,,,,,,,,
World Image S.R.L.,Raffineria di petrolio,http://www.amine-gas-treatment.com/,099 464 1667,"Viale della libertà, 10",Montemesola,,,https,WordPress,Sì,Aruba S.p.A.,64,76,92.00,Sì,No
Capocollo di Martina Franca - Eatria,Ufficio aziendale,http://www.eatria.it/,099 566 0983,"Viale delle Industrie, 1",Montemesola,,,https,WordPress,Sì,Aruba S.p.A. Network,40,52,100.00,Sì,No
Corte Micali,Pizzeria,http://cortemicali.com/,350 081 8588,"Via degli Uffici, 20",Martano,,cortemicali@gmail.com,https,Angular,No,Armada WAN,37,56,91.00,Sì,No
Studio Olistico Mindfulness & Studio Traduzioni Vasco,Ufficio aziendale,,339 758 8314,Via del Castello,Statte,,,,,,,,,,,
Studio Dentistico Dott Potenza Pierluigi,Studio medico,,348 343 7586,"Via Madonna del Rosario, 12",Statte,,,,,,,,,,,
G.C. Assistenza,Idraulico,,099 474 4131,"Via Rossano, 46",Statte,,,,,,,,,,,
"Prink | Cartucce, toner e stampanti – Statte",Negozio di cartucce per stampanti,https://prink.it/statte-1697,099 474 6744,"Via Bainsizza, 26",Statte,,,https,React,No,TransIP BV,62,85,100.00,Sì,No
Poliambulatorio ASL Taranto - Distretto Socio Sanitario n.2 - Statte,Ambulatorio medico,,099 778 6434,"Via T. Albinoni, 1",Statte,,,,,,,,,,,
Il Re di Ciacco & Bacco Bowling Pizzeria Tavola Calda,Bowling,,0831 205965,"Via Giulio Cesare, 116",San Donaci,,,,,,,,,,,
Agenzia Caballino,Agenzia di assicurazioni,,0832 612263,"Via Totaro Fila, 6",Cavallino,,,,,,,,,,,
Allianz Assicurazioni,Agenzia di assicurazioni,,0833 762557,"Via Chiusa, 58",Montesano Salentino,,,,,,,,,,,
Polizia Di Stato Commissariato Taurisano,Dipartimento di polizia,https://questure.poliziadistato.it/servizio/commissariati/5730dc9d1b0ab949510759,0833 626211,"Viale Eroi D'Italia, 190",Taurisano,,,https,Shopify,No,Akamai Technologies,71,99,92.00,Sì,No
Centro per l'Impiego di Tricase - ARPAL Puglia,Centro per l'impiego,https://arpal.regione.puglia.it/,0833 169 9086,Viale Stazione,Tricase,,,https,React,No,InnovaPuglia SpA,26,41,92.00,Sì,No
Il Compasso,Cartoleria,,349 079 4194,"Via Roma, 64",Carmiano,,,,,,,,,,,
Buffetti Casarano,Negozio di computer,,0833 512060,"viale, Viale Francesco Ferrari, 106",Casarano,,,,,,,,,,,
Melicart Srl - Casarano,Cartoleria,https://www.melicart.it/,0833 501497,"Via Duca d'Aosta, 13",Casarano,,,https,Magento,Sì,Hetzner Online GmbH,47,89,85.00,Sì,No
Sisal Matchpoint,Agenzia di scommesse,,0832 261060,"VIA L. CASTELLO, 1",Lequile,,,,,,,,,,,
Cartoffice Buffetti,Cartoleria,,0836 484818,"numero 127, Via Nicola Ferramosca, 127",Maglie,,,,,,,,,,,
Group Textiles | Merceria a Lequile,Merceria,http://www.grouptextiles.it/,335 819 9339,"Via Guglielmo Marconi, 33",Lequile,,ecom-swiper@11.css,https,Shopify,No,"Cloudflare, Inc.",49,48,100.00,Sì,No
Il Triangolo,Cartoleria,,0832 781100,"Via Brindisi, 94",Squinzano,,,,,,,,,,,
Consultorio Familiare Gagliano del Capo,Centro servizi sociali,,0833 540565,"Via S. Vincenzo, 1",Gagliano del Capo,,,,,,,,,,,
Dott. Cosmo Claudio,Studio medico,,329 034 3248,"Via Sebastiano, Via S. Filieri, 19",Galatone,,,,,,,,,,,
GENERALI ITALIA S.p.A. - Uffici di Galatone,Agenzia di assicurazioni,,0833 864170,"Viale XXIV Maggio, 15",Galatone,,,,,,,,,,,
CROMIA CARTUCCE CANCELLERIA,Negozio di cartucce per stampanti,http://www.cromiacartucce.it/,0833 193 6638,"Viale Aldo Moro, 35",Galatone,,,http,ASP.NET,No,Aruba S.p.A. Network,,,,Sì,No
Antiqua Book and Office,Libreria,,338 313 7096,"Via S. Sebastiano, 119",Galatone,,,,,,,,,,,
Ambulatorio Di Fisioterapia 'Costa',Studio medico,,0833 341105,"Via del Bosco, 52",Collepasso,,,,,,,,,,,
Punto AT Informatica,Negozio di computer,http://www.puntoat.it/,328 185 6571,"Piazza Dante Alighieri, 10",Collepasso,,info@puntoat.it,http,WordPress,No,Hetzner Online GmbH,,,,Sì,No
Vineria Osteria Mieró,Ristorante,,380 314 5194,"Piazza Castello, 22",Corigliano d'Otranto,,,,,,,,,,,
Casa Comunale - Uffici Comune di Taranto,Ufficio dell'amministrazione comunale,,099 458 1691,P.za Liborio Tebano,Taranto,,,,,,,,,,,
Uffici Giudiziari - Tribunale di Taranto,Palazzo di giustizia,https://tribunale-taranto.giustizia.it/it/uffici_e_cancellerie.page,099 734 3111,Via Marche,Taranto,,,https,Shopify,No,"Amazon.com, Inc.",,,,Sì,No
Azienda agricola Danieli Stefano,Ufficio aziendale,,328 155 7589,"Unnamed Road, 73020",Cutrofiano,,,,,,,,,,,
DDM Informatica,Negozio di computer,https://www.ddminformatica.it/,0836 541633,Via Colombaio,Cutrofiano,,dario@ddminformatica.it,https,WordPress,Sì,Aruba S.p.A.,,,,Sì,No
The-Future dell'Ing. Antonio Mengoli,Negozio di computer,http://www.the-future.it/,0836 513008,"Via Duca D'Aosta, 20",Cutrofiano,,info@the-future.it,http,Joomla,No,Aruba S.p.A.,,,,Sì,No
Cartolibreria Lo Scarabocchio Di Colturi Guarini Cosima,Cartoleria,,0832 732856,"Via Umberto I, 19",Salice Salentino,,,,,,,,,,,
Salic’è,Casa editrice di giornali,,329 279 2189,"Via Maresciallo Barba, 32",Salice Salentino,,,,,,,,,,,
Giuri’ss Pasticceria Gelateria di Federico Perrone,Pasticceria,https://pasticceriagiuriss.eu/,328 669 4357,"Via G. Quarta, N 54",Salice Salentino,,shop@pasticceriagiuriss.eu,https,WordPress,No,Google LLC,,,,Sì,No
Cooperativa Sociale,Azienda vinicola,http://cantinasalicesalentino.it/,0832 731138,"Via Pietro Nenni, 12",Salice Salentino,,info@cantinasalicesalentino.it,https,Shopify,Sì,Google LLC,,,,Sì,No
Istituto Comprensivo Salice Salentino,Scuola pubblica,,0832 407446,"Via Fontana, 17",Salice Salentino,,,,,,,,,,,
Presepe Artistico Poliscenico di Salice Salentino,Organizzazione religiosa,http://presepesalice.it/,0832 733525,"Via Giovanni Ventitresimo, 23/25",Salice Salentino,,spagnolo55@aliceposta.it,http,ASP.NET,No,Aruba S.p.A. Network,,,,Sì,No
Ripoli Maria Immacolata,Studio medico,,099 590 7270,"Via Maggiore F. P. Lotta, 46",Monteiasi,,,,,,,,,,,
Istituto Nazionale Della Previdenza Sociale,Ufficio della previdenza sociale,,0831 337511,"Via G. Filangieri, 1",Ostuni,,,,,,,,,,,
Linea Ufficio Di D'Aversa Arcangelo,Negozio di forniture per ufficio,,0831 305775,"Viale Aldo Moro, 7/H",Ostuni,,,,,,,,,,,
Spazio Enel Partner Palagianello (Ta),Negozio di forniture elettriche,https://hydeale.it/spazi-vendita/spazio-enel-palagianello-ta/?utm_source=google&utm_medium=GMBSitelink&utm_campaign=GMBSitelink_Palagianello_7H3,099 946 6677,"Corso Gramsci, 92 A",Palagianello,,,,WordPress,Non trovato,Server Plan S.r.l.,,,,No - Pagina Non Trovata (404),No
La Location - Nardò,Associazione / Organizzazione,,366 343 6044,"Via Duca degli Abruzzi, 54/A",Nardò,,,,,,,,,,,
Applied Management Ufficio Nardò,Ufficio aziendale,http://www.appliedmanagement.it/,348 130 2058,"Via Armando Picchi, 1",Nardò,,info@appliedmanagement.it,,Joomla,No,Keliweb S.R.L,,,,Sì,No
1000 • Pizza and Diner,Pizzeria,,0836 320002,"Via Cutrofiano, 6",Corigliano D'otranto,,,,,,,,,,,
LecceLavoro S.r.l.,Ufficio aziendale,,0832 218911,"Via Michelangelo Buonarroti, 14",Lecce,,,,,,,,,,,
Salento4you Tourist Office - Ufficio Info Turistiche - Lecce - Salento - Puglia,Centro informazioni turistiche,,0832 179 2778,Servizio OnLine,Lecce,,,,,,,,,,,
Lecce - Uffici Giudiziari Corte di Appello - Tribunale - Procura della Repubblica,Palazzo di giustizia,https://ca-lecce.giustizia.it/,0832 181 2111,"Viale Michele de Pietro, 2",Lecce,,,https,Shopify,No,"Amazon.com, Inc.",,,,Sì,No
Carabinieri • Comando Stazione Martano,Arma dei Carabinieri,,0836 571010,Via della Libertà,Martano,,,,,,,,,,,
Unieuro Store,Negozio di elettronica,,0836 571054,Via Alcide De Gasperi,Martano,,,,,,,,,,,
PURO AMBIENTE,Impresa di pulizie,http://www.puroambiente.it/,339 628 0013,"Via Assunta, 26",Martano,,info@puroambiente.it,https,WordPress,No,Aruba S.p.A.,,,,Sì,No
Centro Spedizioni - Cartolibreria,Servizio di spedizione,,0832 713649,"Via Sant'Antonio, 120H",Novoli,,,,,,,,,,,
AD Architettura d'interni,Negozio di mobili,http://www.adnovoli.it/,0832 712638,"Via San Paolo, Via Torino",Novoli,,sozzoad@tiscali.it,https,Joomla,Sì,Aruba S.p.A,,,,Sì,No
Carabinieri • Comando Stazione Trepuzzi,Arma dei Carabinieri,,0832 760072,Via Papa Giovanni XXIII,Trepuzzi,,,,,,,,,,,
La nuova fenice arredamenti,Negozio di mobili,http://www.lanuovafeniceshop.it/,0832 755793,"Via John Fitzgerald Kennedy, 55",Trepuzzi,,cavaliere9632@hotmail.it,http,React,No,Aruba S.p.A. Network,,,,Sì,No
Centro di Medicina Integrata San Giuseppe Moscati,Studio medico,https://www.medicinaintegratamoscati.it/,0832 269620,"Via Papa Giovanni XXIII, 129",Trepuzzi,,,https,WordPress,Sì,OVH SAS,,,,Sì,No
Pizzeria Green Garden,Ristorante,,0836 318956,"Via Giuseppe Verdi, 7/9",Bagnolo del Salento,,,,,,,,,,,
Interarreda Arredamenti - Bagnolo del Salento,Negozio di mobili,,0836 318464,"V. Vincenzo Papaleo, 84",Bagnolo del Salento,,,,,,,,,,,
Villa Papaleo B&B,Bed & Breakfast,https://www.villapapaleo.it/,389 831 9547,"V. Vincenzo Papaleo, 52",Bagnolo del Salento,,,https,React,No,Aruba S.p.A. Network,,,,Sì,No
CARTOLERIA STEFY,Cartoleria,,099 771 8664,"via s.pellico, Via Bucci, 11A",Lizzano,,,,,,,,,,,
Studio Tecnico,Geometra,,099 955 2605,"Via Carlo Poerio, 147",Lizzano,,,,,,,,,,,
Centro Medico SCM,Centro medico,,333 923 2743,"Via Cellino, 31",San Donaci,,,,,,,,,,,
Assicurazioni Societa' Cattolica Di Assicurazione,Agenzia di assicurazioni,https://agenzia.cattolica.it/sandonaci,0831 635055,"Via Cesare Braico, 4",San Donaci,,,https,React,Sì,Google LLC,,,,Sì,No
Carabinieri • Comando Stazione Torricella,Arma dei Carabinieri,,099 957 0966,Via Emidio Fanelli,Torricella,,,,,,,,,,,
Municipio di Torricella Peligna,Municipio,,0872 900110,"Viale Raffaele Paolucci, 3",Torricella Peligna,,,,,,,,,,,
Ufficio Circondariale Marittimo Corigliano Calabro,Ufficio postale,,0983 899809,"Contrada Torricella Inferiore I Trav., Corigliano Calabro, CS 87064",Torricella,,,,,,,,,,,
Cartotecnica Di Cascarano Adelina,Cartoleria,,099 957 0972,"Via le Grazie, 107",Torricella,,,,,,,,,,,
Azienda Sanitaria Locale,Centro medico pubblico,,080 439 0111,"Via A. Amaldi, 40",Fasano,,,,,,,,,,,
Sev S.p.A. Gruppo Iren - Francavilla Fontana,Ufficio aziendale,https://www.seviren.it/,376 273 6699,"Via S. Francesco, 179",Francavilla Fontana,,,https,WordPress,Sì,Aruba S.p.A. Network,,,,Sì,No
EASY HOME S.R.L.S. Domotica&Sound.Intellectual & Industrial Property of Italy.,Ufficio aziendale,,099 616096,"Via Vittorio Veneto, 12",Crispiano,,,,,,,,,,,
Focus Medica - Studio Radiologico,Studio medico,,099 611778,"Circumvallazione Conca d'Oro, 32",Crispiano,,,,,,,,,,,
Palumbo Allestimenti,Ufficio aziendale,,349 148 5476,"Via Giuseppe Mazzini, 3",Laterza,,,,,,,,,,,
Isola Ecologica Comune di Maruggio,Servizio di raccolta rifiuti,,389 096 4612,Z.I.,Maruggio,,,,,,,,,,,
Studio Medico Associato Galeno,Medico di famiglia,http://www.misterimprese.it/puglia/taranto/maruggio/medici-generici/1865338.html,099 970 6921,"Via Adua, 14",Maruggio,,,https,Shopify,No,OVH ISP,,,,Sì,No
Cabina 23 beauty clinic,Estetista,,327 445 3527,"Via Cutrofiano, 13",Sogliano Cavour,,,,,,,,,,,
MedEx Advertising,Agenzia di pubblicità,http://medexadvertising.it/,0836 543660,"Via Giosuè Carducci, 12",Sogliano Cavour,,,https,React,No,"Squarespace, Inc.",,,,Sì,No
"Via Umberto Andrea, 9, 73010 Sogliano Cavour LE, Italia",Cash and carry,,333 666 6968,"Via Umberto Andrea, 9",Sogliano Cavour,,,,,,,,,,,
Lanime - Bed in Spa,Casa per vacanze,http://www.lanime.it/,339 808 0087,"Via Principe Umberto, 6",Sogliano Cavour,,,https,React,No,Aruba S.p.A.,,,,Sì,No
Farmacia De Palma Dr.Fabrizio,Farmacia,,0836 329474,"Via Atene, 64",Corigliano D'otranto,,,,,,,,,,,
Distretto Socio Sanitario,Medico,,0836 329137,"LE, Via Ferrovia, 12",Corigliano D'otranto,,,,,,,,,,,
C.M. Forniture Srl - Forniture Termoidrauliche,Negozio di radiatori,,0836 818392,"Via Podgora, 19/21",Minervino di Lecce,,,,,,,,,,,
Dott. Giannamaria D'Ippolito - Specialista in Allergologia,Studio medico,,0831 847676,"Via Senatore Martini, 15",Oria,,,,,,,,,,,
Windtre_Ruffano_Caraudio,Negozio,,329 010 6950,"Via Maggiore Galliano, 104",Ruffano,,,,,,,,,,,
Spazio Enel Partner Ruffano,Consulente per impianti di produzione di energia,http://www.gruppovincenti.it/?utm_source=google&utm_medium=GMBSitelink&utm_campaign=GMBSitelink_Ruffano_7TS,0833 827013,"Via Regina Elena, 22",Ruffano,,,https,WordPress,No,Aruba S.p.A.,,,,Sì,No
Supermercato Famila,Alimentari,,0831 952675,Via Carovigno,San Vito dei Normanni,,,,,,,,,,,
Pescheria Friggitoria Musa,Pescheria,,0831 981137,"Via Mazzini, 24",San Vito dei Normanni,,,,,,,,,,,
EURO CASA S.R.L -UNICO CASA S.R.L,Negozio di alimentari,,0832 169 9674,"Via dell' Artigianato, snc",Surbo,,,,,,,,,,,
CASA39 Headquarters,Servizio di e-commerce,https://www.casa39.it/,0833 185 1201,"Via Matino, 149",Taviano,,info@casa39.it,https,React,Sì,Hetzner Online GmbH,,,,Sì,No
Magazzini Gianfreda,Negozio di forniture per la scuola,http://www.magazzinigianfreda.it/,0833 913185,"Via C. Darwin, 8 - Z.I",Taviano,,ordini@magazzinigianfreda.it,https,Shopify,No,Aruba S.p.A. Network,,,,Sì,No
Elettroline Di Quarta Luigino,Negozio di elettrodomestici,,0832 822310,"Via Giuseppe Grassi, 94",Castri di Lecce,,,,,,,,,,,
AnGiò Bar,Bar,,333 698 7688,"Via Giuseppe Grassi, 36",Castri di Lecce,,,,,,,,,,,
Ferramenta & Colori Bricolage da Triarico Duplicazione chiavi auto e radiocomandi,Ferramenta,,328 263 6558,"Via Indipendenza, 100",Castri di Lecce,,,,,,,,,,,
Ingrosso Lorenzo,Servizio di riparazione di televisioni,,0832 822127,"Via Armando Diaz, 23",Castri di Lecce,,,,,,,,,,,
ri-Fiorire,Fiorista,,329 716 0729,"Piazza dei Caduti, 17",Castri di Lecce,,,,,,,,,,,
Lu Camioncinu,Ristorante,,388 363 1773,Piazza Antonio Paperi,Castri di Lecce,,,,,,,,,,,
Azienda Agricola Le Saittole,Azienda di imbottigliamento dell'olio di oliva,http://www.lesaittole.com/,0832 826606,"Via Giacomo Brodolini, 2",Castri di Lecce,,info@lesaittole.com,https,WordPress,No,GENESYS,,,,Sì,No
BUTTAZZO,Ufficio aziendale,http://buttazzoascensorilecce.it/,347 080 9469,"Via Circonvallazione, 10",Castri di Lecce,,info@buttazzoascensorilecce.it,https,WordPress,Sì,Google LLC,,,,Sì,No
Delizie Nocesi,Paninoteca,,392 796 3089,"Via Roma, 49",Santa Cesarea Terme,,,,,,,,,,,
Azienda Agricola MASSERIA delle CANNE,Ufficio aziendale,,347 295 9927,s.p. Alliste- Torre San Giovanni - c.da Masseria Canne,Felline - Alliste,,,,,,,,,,,
Studio cardiologico De Iaco,Studio medico,,391 767 8165,"Via Nardini, 1",Alliste,,,,,,,,,,,
Affiliato Tecnocasa Studio Francavilla S.R.L.,Agenzia immobiliare,,0831 601216,"V.le Lilla Vincenzo, 77",Francavilla Fontana,,,,,,,,,,,
Morello Srl,Consulente ambientale,https://www.morellosrl.com/,0383 040 0754,"6 Via Sindaco Evangelista Pensa, Caprarica Di Lecce, Le 73010",Caprarica di Lecce,,,https,Shopify,No,Aruba S.p.A.,,,,Sì,No
PAC Pop Art Café,Locale specializzato in cocktail,https://www.popartcafe.it/,0831 198 5432,"Via Giovanni Verga, 1",San Michele Salentino,,,https,Shopify,No,"Cloudflare, Inc.",,,,Sì,No
Carabinieri Comando Stazione Villa Castelli,Arma dei Carabinieri,,0831 866010,"159 Via Ceglie Messapica, SP24",Villa Castelli,,,,,,,,,,,
Esadea S.r.l.,Laboratorio,https://www.esadea.it/,0831 216169,Via Battaglia,Villa Castelli,,info@esadea.com,https,Shopify,Sì,"Cloudflare, Inc.",,,,Sì,No
SOLUZIONI TECNICHE,Progettista edile,https://www.idsoluzionitecniche.com/,333 404 5837,"Via Ceglie, 60",Villa Castelli,,,https,WordPress,No,SEEWEB s.r.l.,,,,Sì,No
Camera Sind. Comunale Ital-Uil,Sindacato,,0831 866662,Via Belvedere,Villa Castelli,,,,,,,,,,,
MOTORSERVICE di Domenico Leggieri,Ufficio aziendale,,099 971 2509,"71, Corso XX Settembre, 71",Manduria,,,,,,,,,,,
Studio Spinzi,Ufficio aziendale,,099 973 7394,"Vicolo Pisanelli, 11",Manduria,,,,,,,,,,,
Sev S.p.A. Gruppo Iren - Manduria,Ufficio aziendale,https://www.seviren.it/,099 450 1322,"Via Maruggio, 46",Manduria,,,https,ASP.NET,Sì,Aruba S.p.A. Network,,,,Sì,No
Shopping Center,Casalinghi,,099 533 7079,"Via Vittorio Emanuele II, 46",Pulsano,,,,,,,,,,,
Homevideo,Negozio di telefoni cellulari,,328 875 1870,"Via Lizzanello, 122",Cavallino,,,,,,,,,,,
"La Caballinese - Cartolibreria,Giocattoli,Articoli Da Regalo,Fotocopie e Stampe",Cartoleria,,320 552 7697,"Via de Dominicis, 21",Cavallino,,,,,,,,,,,
Indennitate Pierluigi,Cartoleria,,0831 635716,"Via Cellino, 70",San Donaci,,,,,,,,,,,
Isola Ecologica - SAVA (TA),Centro di riciclaggio,,800 814 084,Unnamed Road,Sava,,,,,,,,,,,
Corte Janca,Hotel,https://www.cortejanca.it/,328 705 6873,"Piazza IV Novembre, 27",Montesano Salentino,,info@cortejanca.it,https,Joomla,No,Keliweb S.R.L,,,,Sì,No
Infopoint turistico San Vito Dei Normanni,Centro informazioni turistiche,,0831 955232,"Piazza Carducci, 8",San Vito dei Normanni,,,,,,,,,,,
Goccia Blu,Casalinghi,,333 342 8492,"Piazza della Resistenza, 10",Ceglie Messapica,,,,,,,,,,,
Mediaplanet Store Monteroni,Ditta specializzata in telecomunicazioni,,392 321 6016,"Via Unità D'Italia, 34",Monteroni di Lecce,,,,,,,,,,,
Party Planet Monteroni di lecce,Ludoteca,,349 478 6256,"Via Postumia, 73",Monteroni di Lecce,,,,,,,,,,,
IQOS PREMIUM PARTNER MONTERONI DI LECCE,Tabaccheria,,0832 324288,"Via Unità D'Italia, 30",Monteroni di Lecce,,,,,,,,,,,
Burton Pub F.lli Rizzato,Bar,,389 967 5577,"Piazzetta Romano, 2",Monteroni di Lecce,,,,,,,,,,,
Adriatica Metalli & Ferramenta Srl accessori per serramenti,Ferramenta,http://www.adriaticametalli.it/,0832 756696,"Via Papa Giovanni XXIII, 109",Trepuzzi,,info@adriaticametalli.it,https,React,Sì,Passepartout s.a.,,,,Sì,No
Longo Arreda,Negozio di mobili per ufficio,http://www.longoarreda.it/,337 827 475,Strada Provinciale Lecce - Cavallino,Lecce,,info@longarreda.it,http,Joomla,No,Aruba S.p.A. Network,,,,Sì,No
Residenza Don Lombardo,Assistenza agli anziani,,0831 198 5476,"Via Benedetto Croce, 7",San Donaci,,,,,,,,,,,
Cartolibreria Daniela Pagliara Loreta,Cartoleria,,0832 364514,"Via Luigi Gonzaga, 7",Surbo,,,,,,,,,,,
Poste Italiane - CPD Tricase,Servizi postali,,0833 772734,"zona industruale, 223",Tricase,,,,,,,,,,,
Tipografia Castrignanò PRINT SERVICE di Stefano Castrignanò,Tipografia digitale,http://www.printservicecalimera.it/,338 980 8617,"Via T. Fiore, 20",Calimera,,tipografiaprintservice@gmail.com,https,Shopify,No,"Amazon.com, Inc.",,,,Sì,No
Pasticceria Ingrosso,Pasticceria,,340 627 8475,"Via Dott. Vito Lolli, Snc",Castri di Lecce,,,,,,,,,,,
Ferramenta Jonica,Ferramenta,,0833 281427,"Via Parabita, 45",Alezio,,,,,,,,,,,
fast flex di Giuseppe Pisano,Ufficio aziendale,,099 973 8776,"Via Liborio di lorenzo, 9/11",Manduria,,,,,,,,,,,
Agricomas s.r.l. - Accoto,Fornitore di trattori e macchine agricole,,0836 818774,"Via Montello, 57",Minervino di Lecce,,,,,,,,,,,
"IQOS RESELLER - Tabaccheria Manca Celeste Linda, Monteroni di Lecce",Tabaccheria,,0832 321820,"Corso Umberto I, 222",Monteroni di Lecce,,,,,,,,,,,
BAUSTELLE ITALIA SRL,Ufficio aziendale,http://www.ediliziastore.it/,0832 177 8005,"(Località Filippi) LE, SP20",Copertino,,,http,WordPress,Sì,Aruba S.p.A. Network,,,,Sì,No
Ferramenta Leggio,Ferramenta,https://www.ferramentaleggio.it/,392 381 7192,"Via Melpignano, 134",Cursi,,,https,WordPress,Sì,Google LLC,,,,Sì,No
"IQOS PARTNER - Tabaccheria Gemma, S. Donato di Lecce",Tabaccheria,,0832 659057,"Via Corsica, 2",San Donato di Lecce,,,,,,,,,,,
A Chiare Lettere di Mariagrazia Campana,Cartoleria,,0831 198 5780,"Via Tancredi Normanno, 30",Mesagne,,,,,,,,,,,
Kartos Di Del Signore Patrizia,Cartoleria,,0836 192 1296,"Via Guglielmo Marconi, 109",Martano,,,,,,,,,,,
Natile Gianfranco,Cartoleria,,0831 951197,"Via Tevere, 13",San Vito dei Normanni,,,,,,,,,,,
J. Office di Lovicario Marika,Copisteria,,099 779 6106,"Via Galileo Galilei, 24",Taranto,,,,,,,,,,,
Idaltermo srl,Ufficio aziendale,,0833 722749,"Via Michelangelo, 17",Acquarica del capo,,,,,,,,,,,
SharingForce,Ufficio aziendale,,0831 772575,"Via Guglielmo Marconi, 166",Mesagne,,,,,,,,,,,
Commissariato PS Mesagne,Stazione di polizia,,0831 713211,"Via Tito Speri, 1",Mesagne,,,,,,,,,,,
Liberti Color SRL,Negozio di articoli per la pittura,,0833 762178,"Via della Libertà, 127",Montesano Salentino,,,,,,,,,,,
Tipografia Quarta snc,Tipografia digitale,,0832 321250,"Via Antonio Gramsci, 60",Monteroni di Lecce,,,,,,,,,,,
Ufficio Postale Poste Italiane - Taranto 9,Ufficio postale,,099 732 7749,"Via Molise, 2",Taranto,,,,,,,,,,,
Poste Italiane - Ufficio Postale Taranto Centro,Ufficio postale,,099 455 4252,Corso Vittorio Emanuele II,Taranto,,,,,,,,,,,
Nexive Taranto,Ufficio postale,https://www.nialmail.com/,099 453 5661,"Via Lucania, 146",Taranto,,commerciale@spedirexpress.com,https,Shopify,Sì,Aruba S.p.A.,,,,Sì,No
Nadir Cancelleria,Negozio di forniture per ufficio,http://www.nadircancelleria.it/,099 772 9057,"Viale Unità d'Italia, 133",Taranto,,web@nadircancelleria.it,https,Shopify,No,Server Plan S.r.l.,,,,Sì,No
Istituto Comprensivo,Scuola di educazione generale,,0836 329036,Via A. Peschiulli,Corigliano d'Otranto,,,,,,,,,,,
COMUNE DI CORIGLIANO-ROSSANO,Municipio,,0983 5491,"Via Barnaba Abenante, 35",Corigliano,,,,,,,,,,,
"IQOS PARTNER - Tabaccheria Ricevitoria Campitelli, Grottaglie",Tabaccheria,,099 566 8115,"Via Santa Maria in Campitelli, 161",Grottaglie,,,,,,,,,,,
A.Di.S.U. Puglia • Sede di Lecce,Ufficio dell'amministrazione regionale,https://adisupuglia.it/,0832 387333,"Via Adriatica, 8",Lecce,,direzionegenerale@pec.adisupuglia.it,https,Typo3,Sì,Seeweb s.r.l,,,,Sì,No
CARTOLERIA EDICOLA E RICEVITORIA SCIOLTI DANIELE,Edicola,,349 876 7744,"Via Fratelli Bandiera, 35",Lizzanello,,,,,,,,,,,
Premiere Multiservizi,Impresa di pulizie,,0832 269431,"Corso della Repubblica, 12",Lizzanello,,,,,,,,,,,
Stampa Sud Spa,Stamperia,http://www.stampa-sud.it/,099 886 5382,"Via Paolo Borsellino, 7",Mottola,,info@stampa-sud.it,https,Shopify,Sì,Google LLC,,,,Sì,No
la casa della convenienza,Centro commerciale,,377 817 3144,"Via Campi, 85",San Donaci,,,,,,,,,,,
Autosalone Venerito,Rivenditore di auto,http://www.autosalonevenerito.it/,393 931 8001,"Via della Repubblica, 46",San Michele Salentino,,info@autosalonevenerito.it,https,ASP.NET,No,Aruba S.p.A. Network,,,,Sì,No
"IQOS PARTNER - Fortunello Tabaccheria e Centro Servizi, Parabita",Tabaccheria,,0833 204273,"Via Vittorio Emanuele III, 23",Parabita,,,,,,,,,,,
Ufficio Postale Poste Italiane - Taranto 11,Ufficio postale,,099 779 1041,"Via G. Lacaita, 25",Taranto,,,,,,,,,,,
Donnini Group,Ufficio postale,,392 176 5630,"Largo Vittime della Str., 1",Surbo,,,,,,,,,,,
SIDC Soc. Coop.,Servizi per le imprese,https://www.sidc.it/,392 543 8033,"Via Lizzanello, 87/B",Cavallino,,info@sidc.it,https,WordPress,No,Aruba S.p.A.,,,,Sì,No
Iper Sisa di Ceglie Messapica Gallone,Negozio di alimentari,,0831 384106,"Via Don Rocco Gallone - Circonvallazione Nord, 18",Ceglie Messapica,,,,,,,,,,,
GRUPPO LAERA,Spedizioni e corrispondenza,http://www.gruppolaera.com/,080 972 1075,"Via dei Giardini, 65",Cisternino,,info@gruppolaera.com,https,Joomla,Sì,Aruba S.p.A.,,,,Sì,No
Ap Montaggi Srl,Istituto di design,https://www.apmontaggi.it/,0836 556024,"Via Circonvallazione, 24",Aradeo,,ap.montaggi@pec.it,https,Shopify,Sì,Aruba S.p.A.,,,,Sì,No
Agenzia Loconte,Ufficio patenti,,080 442 1550,"Via Roma, 273",Fasano,,,,,,,,,,,
Copisteria Stano s.a.s. | Buffetti,Copisteria,http://www.stanosas.it/,099 971 1333,"Via Giovanni Falcone, pal. A",Manduria,,,http,React,No,"Fastly, Inc.",67,97,91.00,Sì,No
Ag. Horizonte di Marinelli Arnaldo & C. sas,Ufficio patenti,https://agenziahorizonte.wixsite.com/horizonte,099 971 2349,"Via Roma, 53",Manduria,,,https,Wix,No,Google LLC,81,97,92.00,Sì,No
During S.p.A. Filiale di Martina Franca,Agenzia di lavoro interinale,https://www.during.it/filiale/?MartinaFrancaTA#66,080 883 2746,"Via S. G. Emiliani, 16",Martina Franca,,,https,WordPress,No,Aruba S.p.A.,,,,Sì,No
Happy Casa Store Melpignano,Casalinghi,,0836 195 0479,San Cassiano Provincia di Lecce IT Zona Industriale,Melpignano,,,,,,,,,,,
Paramonte Calze S.r.l.,Ufficio aziendale,https://www.paramontecalze.it/,0833 583855,"Via Monte Rosa, 30",Melissano,,,https,WordPress,No,Aruba S.p.A. Network,48,90,100.00,Sì,No
Italy Zoo & Garden,Negozio per animali,https://italyzoogarden.com/,348 866 4982,Zona Industriale Zona P.I.P,Minervino di Lecce,,,https,React,No,Google LLC,67,90,83.00,Sì,No
Agenzia Macripo' Di Macripo' Saveria,Ufficio patenti,,099 957 4243,"Via Roma, 30",San Marzano di San Giuseppe,,,,,,,,,,,
Allianz Subagenzia Presicce - Acquarica,Agenzia di assicurazioni auto,,0833 186 0465,"Piazza Sandro Pertini, 12",Presicce-Acquarica,,,,,,,,,,,
FUTURAMANET,Negozio di elettrodomestici,http://www.futuramanet.it/,0831 747178,"Via Galliano, 7",Torre Santa Susanna,,,https,ASP.NET,No,Aruba S.p.A. Network,100,100,73.00,Sì,No
Microchips Tricase di Maisto Franco Celestino,Copisteria,,380 519 3210,"Corso Ottaviano Augusto, 19",Tricase,,,,,,,,,,,
Poste Italiane - CPD Brindisi,Servizi postali,,0831 564611,"P.za Francesco Crispi, 6",Brindisi,,,,,,,,,,,
Studio Consulenza Zompì,Ufficio patenti,,0833 591907,"Via Lucania, 04",Casarano,,,,,,,,,,,
SAEDO,Ufficio postale,http://www.saedo.it/,0831 219272,Via Sant'Angelo n^123,Brindisi,,,https,WordPress,No,Netsons Network,67,81,100.00,Sì,No
Copisteria Non Solo Copie,Cartoleria,,0832 793991,"Viale Stazione, 5",Campi Salentina,,,,,,,,,,,
Amministrazione comunale Carovigno,Municipio,,0831 990873,"Via Regina Margherita, 56",Carovigno,,,,,,,,,,,
Plot Service Di Mazzotta Roberto,Tipografia digitale,,342 637 0906,"Via Giuseppe Garibaldi, 18",Campi Salentina,,,,,,,,,,,
Bellanova Cataldo,Ufficio patenti,,0831 996060,"Corso Vittorio Emanuele, 125",Carovigno,,,,,,,,,,,
Polizia Municipale - Carovigno,Vigile urbano,,0831 995959,"Via Giuseppe Verdi, 1",Carovigno,,,,,,,,,,,
Dimore Adua,Ufficio statale locale,,345 050 5589,"Via Pescara, 10",Carovigno,,,,,,,,,,,
ORA con Carovigno,Partito politico,http://marcolotti.net/,342 955 4440,"Via Caduti in Guerra, 3",Carovigno,,,https,React,No,Server Plan S.r.l.,61,96,85.00,Sì,No
PMI Consulenza e Formazione srls,Ufficio aziendale,http://pmiconsulenzaformazione.it/,0831 990699,"B, Via Giuseppe Ungaretti, 17",Carovigno,,,http,React,No,Aruba S.p.A. Network,64,87,92.00,Sì,No
IAT Ufficio Informazioni Turistiche,Centro informazioni turistiche,,0831 990958,"Corso Vittorio Emanuele, 25",Carovigno,,,,,,,,,,,
Agenzia pratiche Automobilistiche Assicurazioni Carovigno di Acquarico Madia,Ufficio patenti,,345 442 2375,"Via Santa Sabina, 181",Carovigno,,,,,,,,,,,
Pagopoint di Unika srl,Ufficio aziendale,http://www.pagopoint.it/,392 643 8526,"Via Giuseppe Ungaretti, 17/b",Carovigno,,,https,React,Sì,"Cloudflare London, LLC",60,94,85.00,Sì,No
Comune di Carovigno,Municipio,,0831 997111,"Via Giuseppe Verdi, 1",Carovigno,,,,,,,,,,,
Stilnovo PrimaEdicola,Edicola,,393 046 3848,Via Pietro Nenni,Collepasso,,,,,,,,,,,
Nolwederm srl - Forniture per centri estetici,Ufficio aziendale,,0833 829445,"Via Don Luigi Sturzo, 13",Collepasso,,,,,,,,,,,
Farmacia Del Castello snc,Farmacia,,0836 508740,"Piazza Vittoria, 6",Corigliano D'otranto,,,,,,,,,,,
Spazio Enel Partner Cisternino,Azienda fornitrice di energia elettrica,http://www.carolielettronica.it/?utm_source=google&utm_medium=GMBSitelink&utm_campaign=GMBSitelink_Cisternino_68F,080 995 5350,"Via Domenico Cirillo, 200",Cisternino,,info@carolielettronica.com,https,ASP.NET,Sì,OVH SAS,59,80,100.00,Sì,No
Agenzia A.P.A.M.,Ufficio patenti,,080 441 4293,"Corso Vittorio Emanuele, 53",Fasano,,,,,,,,,,,
Office & Medical,Azienda informatica,http://www.officeandmedical.it/,0832 492243,"Via del Mare, 18/C",Lecce,,info@of-med.it,https,Shopify,No,Aruba S.p.A. Network,81,88,77.00,Sì,No
APULIA SERVICES SRL,Centro commerciale,,0832 359451,"Via S. Nicola Donadeo, 30",Lequile,,,,,,,,,,,
Mediacreative di Eleonora Stomeo,Impresa di web hosting,http://www.stampalecce.it/,0832 651678,"Via Paladini, 13",Lizzanello,,info@stampalecce.it,https,Joomla,No,myLoc managed IT AG,47,40,100.00,Sì,No
Manlio De Giorgi - IRP Apple Autorizzato,Negozio di mobili per ufficio,http://www.manliodegiorgi.it/,0836 427976,"Via Capitano Nicola Macchia, 30",Maglie,,,https,WordPress,Sì,Aruba S.p.A.,61,93,100.00,Sì,No
AGENZIA DRAGO - CENTER SERVICE AZIENDALE SNC,Ufficio patenti,,099 400 2670,"N., Via Barulli, 31",Massafra,,,,,,,,,,,
DELEGAZIONE ACI MESAGNE Agenzia Maggi Simona,Ufficio patenti,,0831 778027,"Via dei Sasso, 171A",Mesagne,,,,,,,,,,,
Spazio Enel Partner Massafra,Consulente,https://www.ideasrlenergia.it/spazi-vendita/spazio-massafra-taranto-e-provincia/?utm_source=google&utm_medium=GMBSitelink&utm_campaign=GMBSitelink_Massafra_3Y8,099 450 7051,"Viale Guglielmo Marconi, 83",Massafra,,,https,WordPress,Sì,Aruba S.p.A.,30,8,92.00,Sì,No
Agenzia Spagnulo di Spagnulo Cataldo,Agenzia pratiche auto e barche,,099 566 4111,"Via Roma, 78 A/B",Montemesola,,,,,,,,,,,
Posta Centrale Mesagne,Servizi postali,,371 754 8171,"Via Romagna, 12",Mesagne,,,,,,,,,,,
Moviestars Euronics Srl,Negozio di elettronica,http://www.moviestarsonline.it/,0833 911595,"Via Regina Margherita, 5",Taviano,,license@prestashop.com,https,PrestaShop,Sì,Host SpA,0,0,0.00,Sì,No
Agenzia Gioia - Pratiche Automobilistiche e Assicurazioni,Agenzia pratiche auto e barche,,340 871 1787,"Via S. Donato, 169",San Vito dei Normanni,,,,,,,,,,,
Agenzia Levante Pratiche Auto e Assicurazioni,Agenzia di assicurazioni,,099 464 1306,"Via Costantinopoli, 140",Pulsano,,,,,,,,,,,
Comune di San Nicola la Strada,Ufficio dell'amministrazione comunale,,0823 427200,"Piazza Municipio, 1",San Nicola La Strada,,,,,,,,,,,
TABACCHERIA MEME,Tabaccheria,,0832 326400,"Via Indennitate, 2",Arnesano,,,,,,,,,,,
Colmac Italia | Produzione e vendita di motocarriole cingolate e mini dumper,Fornitore di attrezzature per l'edilizia,https://www.colmac-italia.com/,347 276 7738,"Via Circonvallazione, 32",Aradeo,,info@colmac-italia.com,https,React,Sì,Serverplan S.r.l.,70,97,92.00,Sì,No
Affiliato Tecnocasa Studio Carovigno Immobiliare S.R.L.,Agenzia immobiliare,,0831 179 3439,"Via Santa Sabina, 218",Carovigno,,,,,,,,,,,
IL GATTO - UFFICIO MULTISERVIZI,Agenzia di assicurazioni auto,,338 148 5099,"Via S. Giacomo, 41",Castrignano del Capo,,,,,,,,,,,
Elettroclima Tech,Ufficio aziendale,http://www.elettroclimatech.it/,0833 186 1341,"Via Ombrone, 18",Casarano,,elettroclimatech@gmail.com,https,ASP.NET,Sì,OVH SAS,53,83,85.00,Sì,No
Patronato INCA CGIL Casarano,Sindacato,https://www.inca.it/,0833 502325,"Via Trebbia, 1",Casarano,,info@inca.it,https,Joomla,No,Host SpA,47,67,100.00,Sì,No
B.A.S. Di Botrugno Alessandro & C. Sas,Negozio di telefoni cellulari,,0836 541897,"Via Vittorio Emanuele III, 3",Cutrofiano,,,,,,,,,,,
MERCATINO DELL'USATO CUTROFIANO,Mercatino dell'usato,,329 618 3179,Via Corigliano,Cutrofiano,,,,,,,,,,,
Gruppo Vincenti Srl,Fornitore di attrezzature per l'energia solare,http://www.gruppovincenti.it/,0836 515596,"Via dei Cavamonti, 10",Cutrofiano,,,https,WordPress,No,Aruba S.p.A.,97,65,85.00,Sì,No
Farmacia Martano,Farmacia,,0836 575005,"Via Don Minzoni, 45",Martano,,,,,,,,,,,
Cantiere Nautico Petrachi,Ufficio aziendale,,0832 835563,SP145,Melendugno,,,,,,,,,,,
Punto Express - Spedizioni e Servizi Postali,Corriere,,0831 816287,"Via Martiri di Belfiore, 1",Oria,,,,,,,,,,,
Studio Associato Carluccio Circhetta,Commercialista,http://www.studiocarlucciocirchetta.com/,0836 901766,"Piazza Regina Margherita, 7",Poggiardo,,postmaster@studiocarlucciocirchetta.it,https,WordPress,No,Aruba S.p.A. Network,41,35,85.00,Sì,No
Poliambulatorio Ippocrate,Studio medico,,099 400 3172,"Corso Umberto Ⅰ, 103/c",Sava,,,,,,,,,,,
Oral Team,Clinica dentale,,347 370 9134,"Via Karl Marx, 4",Aradeo,,,,,,,,,,,
Botrugno professional printing center,Tipografia digitale,,346 848 9250,Piazza Giacomo Matteotti,Brindisi,,,,,,,,,,,
Comune di Castro Bg,Municipio,,035 960666,"Via G. Matteotti, 45",Castro,,,,,,,,,,,
DELEGAZIONE ACI SURBO,Agenzia di assicurazioni,,0832 364126,"Via L. Trabucco, 7",Surbo,,,,,,,,,,,
MONDOLIBRO di Nescis Giulio,Libreria,,0833 541575,"Corso Apulia, 44",Tricase,,,,,,,,,,,
Team Service - Unipol Assicurazioni,Servizi per le imprese,,328 750 8402,"Via dei Giardini, 24",Cisternino,,,,,,,,,,,
Gruppo Europa Brindisi,Servizio di immigrazione e naturalizzazione,,0831 520348,"Piazza Cairoli, 23",Brindisi,,,,,,,,,,,
C.A.B. Centro Assistenza Bollette - Palagiano,Centro di consulenza per i consumatori,https://cabtutela.it/,327 975 2129,"Via Vito Sansonetti, 32",Palagiano,,,https,WordPress,Sì,OVH SAS,31,37,77.00,Sì,
Autopratiche Gallo,Ufficio patenti,,099 671 2666,"Via Ciro Peluso, 15a",Grottaglie,,,,,,,,,,,
Sileno Casa e Lista Nozze,Negozio di articoli da regalo,http://www.casaelistanozzesileno.it/,099 592 5606,"Via Lecce, 116",San Giorgio Ionico,,info@casaelistanozzesileno.it,https,WordPress,No,Host SpA,62,73,85.00,Sì,No
IDEAL SHOPPING,Casalinghi,,388 571 6788,"Via Vecchia San Cesario, 119/123",Lequile,,,,,,,,,,,
Messapia Automotoclub Storico,Ufficio aziendale,https://messapiaclub.org/,0833 555715,"Via San Domenico, 2",Ugento,,info@messapiaclub.org,https,WordPress,No,OVH SAS,59,70,92.00,Sì,No
Grafiche Spagnolo | Grafica professionale e Stampa Digitale,Tipografia digitale,https://grafichespagnolo.it/,0833 544115,"Via Adriano, 22",Tricase,,grafichespagnolo@yahoo.it,https,Shopify,Sì,Google LLC,66,96,100.00,Sì,No
Messapica Service: Agenzia immobiliare - Agenzia Multiservizi,Agenzia immobiliare,https://www.messapicaservice.com/,0831 367324,"Via F. Crispi, 79",Ceglie Messapica,,info@messapicaservice.com,https,ASP.NET,Sì,Aruba S.p.A. Network,45,19,82.00,Sì,No
Zerodistanze Servizi Postali Integrati - CASARANO,Servizi postali,,0833 193 8197,"Via Magenta, 6",Casarano,,,,,,,,,,,
Fondazione Opera Beato Bartolo Longo,Organizzazione non profit,,0831 843632,"Via Alessandro Manzoni, 25",Latiano,,,,,,,,,,,
Editori Laterza,Editore,http://www.laterza.it/,080 528 1211,"Piazza Umberto I, 54",Bari,,,https,Shopify,No,Fastweb SpA,30,48,92.00,Sì,No
UniCredit,Banca,,0832 197 0302,"Via Alcide de Gasperi, 40",Monteroni di Lecce,,,,,,,,,,,
Proto Giuseppe S A S,Ufficio affari legali,,0831 817192,"Via 21 Aprile, 8",Oria,,,,,,,,,,,
Pugliese Girolamo,Negozio di elettrodomestici,,0831 667075,"Via Giovanni Bovio, 25/27",San Pancrazio Salentino,,,,,,,,,,,
Agripiù di Bruno M. Michela,Negozio di articoli per il giardinaggio,,0831 951357,"Via 25 Luglio, 20",San Vito dei Normanni,,,,,,,,,,,
Autoricambi Pastorini,Negozio di ricambi per auto,,329 739 4705,"Via Caduti di Via Fani, 50",Castri di Lecce,,,,,,,,,,,
Generation Bit,Azienda informatica,https://www.generationbit.it/,0832 822308,"Via Giovanni Pascoli, 6 - 8",Castri di Lecce,,info@generationbit.it,https,Joomla,No,Aruba S.p.A.,64,86,92.00,Sì,No
Suite Pasqa’ by Halcyon Collection,Casa per vacanze,http://www.halcyonpugliacollection.com/,328 387 8518,"Via Battisti, 26",Ceglie Messapica,,info@halcyonpugliacollection.com,https,Angular,No,Aruba S.p.A. Network,59,75,92.00,Sì,No
Acqua & Sapone,Negozio di prodotti di bellezza e per il benessere,,080 435 1857,"Via Dalmazia, 69/71/73",Monteroni di Lecce,,,,,,,,,,,
Studio Medico Negro,Studio medico,https://www.liberauniversitaolistica.com/,339 438 6685,"Via Santi Medici, 35",Monteroni di Lecce,,info@liberauniversitaolistica.com,https,Joomla,Sì,Aruba S.p.A.,47,88,100.00,Sì,No
Terra d'Otranto - Agenzia Immobiliare,Agenzia immobiliare,https://www.terradotranto.casa/,0836 194 6566,"Via Giuseppina Scarciglia, 3",Minervino di Lecce,,info@terradotranto.casa,https,WordPress,Sì,Google LLC,28,50,92.00,Sì,No
Nalba Soc. Coop. | Impresa di Servizi,Impresa di pulizie,https://www.impresadiservizinalba.it/,0833 183 0215,"Via Giuseppe Palmieri, 8",Tuglie,,amministrazione@nalba.it,https,Shopify,Sì,OVH SAS,63,64,92.00,Sì,No
Polizia Locale Maglie,Ufficio statale,,0836 483824,Piazza Aldo Moro,Maglie,,,,,,,,,,,
Modulo Zero Sud scarl,Ufficio aziendale,http://modulozero.net/,099 562 2951,"Viale Ionio, 4",Grottaglie,,,http,ASP.NET,No,Aruba S.p.A. Network,,,,Sì,No
OPEN SPACE | ODDITY & MORE,Ufficio aziendale,,099 450 2454,"Via Roma, 41",Castellaneta,,,,,,,,,,,
Tabaccheria Turturo,Tabaccheria,,346 849 7020,"Via Giuseppe Grassi, 88",Castri di Lecce,,,,,,,,,,,
FALCONCIMI di Saracino Antonio,Negozio di prodotti agricoli,,0832 826655,via prov.le Castri-Vernole 140,Castri di Lecce,,,,,,,,,,,
Dott. Vincenti Agostino - Specialista in Andrologia e Ginecologia,Studio medico,,339 272 2710,"Via XX Settembre, 34",Cutrofiano,,,,,,,,,,,
EDIL RISTRUTTURAZIONI DI CALÒ COSIMO,Servizi di ristrutturazione,,338 868 8236,"Via C. Colombo, 36",Torricella,,,,,,,,,,,
Centro per l'Impiego di Gallipoli - ARPAL Puglia,Centro per l'impiego,https://arpal.regione.puglia.it/,0833 266176,"Via de Pace Antonio, 78",Gallipoli,,,https,React,No,InnovaPuglia SpA,,,,Sì,No
enel,Azienda fornitrice di energia elettrica,,0831 197 0506,"Piazza Giacomo Matteotti, 22",Torre Santa Susanna,,,,,,,,,,,
Buffetti - Deal srl,Negozio di articoli da regalo,https://www.dealonline.it/,0831 562668,"Via dè Carpentieri, 16",Brindisi,,info@dealgroup.it,https,Angular,No,Aruba S.p.A.,,,,Sì,No
B.I.S. Srl Brindisi Imbarchi E Sbarchi,Ufficio aziendale,https://www.bis-global.com/,0831 546940,"Via Angelo Titi, 41",Brindisi,,info@bisbrindisi.it,https,Shopify,Sì,Serverplan s.r.l.,,,,Sì,No
Cartolè,Cartoleria,,348 322 8374,"Via Coniugi Daniele-Romasi, 5",Gagliano del Capo,,,,,,,,,,,
Deposito Pharmabio srl,Ufficio aziendale,http://www.pharmabio.bio/,0831 181 5730,"Unnamed Road, 72024",Oria,,info@globalsoftwarepv.it,https,ASP.NET,Sì,Aruba S.p.A. Network,,,,Sì,No
Home Design srl,Negozio di mobili,,329 495 0000,"Ufficio :, Magazzino : Via Manzoni 1, Faggiano, Via lorenzo il Magnifico, snc",San Giorgio Ionico,,,,,,,,,,,
Protezione Civile Taviano,Protezione civile,,0833 911472,"Corso Vittorio Emanuele II, 80",Taviano,,,,,,,,,,,
Asa Multiservizi Grottaglie,Servizi postali,,099 671 8357,"Via Santa Maria in Campitelli, 82A",Grottaglie,,,,,,,,,,,
Agenzia Due Emme,Ufficio patenti,,099 563 9365,"Via Brodolini, 41",Grottaglie,,,,,,,,,,,
Agenzia Basile,Ufficio patenti,,099 563 9353,"Via Madonna di Pompei, 100",Grottaglie,,,,,,,,,,,
C.A.B. Centro Assistenza Bollette - Laterza,Centro di consulenza per i consumatori,,380 372 1843,"Viale Europa, 33C",Laterza,,,,,,,,,,,
Studio Papadia,Ufficio patenti,,0836 563311,"Piazza Alighieri, 15",Galatina,,,,,,,,,,,
Coop - San Pietro Vernotico,Alimentari,,392 037 7330,"Via Brindisi, 363",San Pietro Vernotico,,,,,,,,,,,
PrinterCopy Di Troisio Nunzio,Negozio di computer,http://www.printercopy.it/,0833 621248,"Via Casarano, 23",Taurisano,,info@printercopy.it,http,ASP.NET,No,Aruba S.p.A. Network,,,,Sì,No
Supermercato dok,Alimentari,,0831 961657,"Corso Vittorio Veneto, 114",San Michele Salentino,,,,,,,,,,,
Centro per L'Impiego di Massafra - ARPAL Puglia,Centro per l'impiego,https://arpal.regione.puglia.it/,099 224 8002,"Viale Guglielmo Marconi, 248",Massafra,,,https,React,No,InnovaPuglia SpA,,,,Sì,No
Centro per l'impiego di Ostuni - ARPAL Puglia,Centro per l'impiego,https://arpal.regione.puglia.it/hh/index.php,0831 156 8001,"Via S. Giovanni Bosco, 10",Ostuni,,,https,React,No,InnovaPuglia SpA,,,,Sì,No
Zerodistanze - Servizi postali,Ufficio postale,http://www.zerodistanze.it/,0832 930117,"Via Sant'Angelo, 72",Copertino,,,https,ASP.NET,No,OVH SAS,,,,Sì,No
Polizia di Stato • Commissariato di Gallipoli,Polizia di stato,https://questure.poliziadistato.it/servizio/commissariati/5730dc9d1b0ab949510759,0833 267711,"V. Lecce, 133",Gallipoli,,,https,Shopify,No,Akamai Technologies,,,,Sì,No
Centro per l'Impiego di Manduria - ARPAL Puglia,Centro per l'impiego,https://arpal.regione.puglia.it/,099 224 8080,"Via Meschinella, 22",Manduria,,,https,React,No,InnovaPuglia SpA,,,,Sì,No
Centro per l'Impiego di Maglie - ARPAL Puglia,Centro per l'impiego,https://arpal.regione.puglia.it/,0836 190 9044,Via Gallipoli,Maglie,,,https,React,No,InnovaPuglia SpA,,,,Sì,No
ZERODISTANZE CELLINO SAN MARCO,Servizi postali,http://www.zerodistanze.it/,348 742 3984,"Via Camillo Benso Conte di Cavour, 28",Cellino San Marco,,,https,ASP.NET,No,OVH SAS,,,,Sì,No
